file_id,repeat,fold,y_true,y_pred,p_asthma,p_bronchial,p_copd,p_healthy,p_pneumonia
asthma_v2_Bronchial_P11BronchialSc_52.wav,0,0,1,4,0.3495722813327017,0.038802377598316125,0.07296951763911913,0.06561435304597292,0.47304147038389005
asthma_v2_Bronchial_P11BronchialSc_54.wav,0,0,1,3,0.09944280040930344,0.01722147790362233,0.01484593035154074,0.4192699600437075,0.4492198312918259
asthma_v2_Bronchial_P11BronchialTc_51.wav,0,0,1,1,0.003978050555509108,0.9728495859926617,0.010376862520663756,0.0030432592537728313,0.009752241677392545
asthma_v2_Bronchial_P11BronchialTc_53.wav,0,0,1,3,0.033484255923391715,0.011596253721022203,0.006878650325968446,0.7360994046215152,0.21194143540810265
asthma_v2_Bronchial_P11BronchialTc_55.wav,0,0,1,0,0.9064497007012011,0.05378278694750873,0.005241135181601472,0.0006491970017227165,0.03387718016796598
asthma_v2_Bronchial_P14BronchialSc_66.wav,0,0,1,0,0.4113553099428483,0.5065728277734904,0.06383190399360661,0.00341959521625011,0.014820363073804561
asthma_v2_Bronchial_P14BronchialSc_68.wav,0,0,1,0,0.5620244718126437,0.00681273326392958,0.42127850646457365,0.0005122369154793782,0.009372051543373948
asthma_v2_Bronchial_P14BronchialSc_70.wav,0,0,1,1,1.0242769973976547e-05,0.9968116745776803,0.0007677198278664037,0.001969859875754017,0.00044050294872545237
asthma_v2_Bronchial_P14BronchialTc_67.wav,0,0,1,0,0.797829296720489,0.12383982926901273,0.05393610330834799,0.0058038594485073335,0.018590911253642886
asthma_v2_Bronchial_P14BronchialTc_69.wav,0,0,1,0,0.8165139699297592,0.0817936541539794,0.04411006749031599,0.0037385488395398217,0.05384375958640544
asthma_v2_Bronchial_P16BronchialSc_76.wav,0,0,1,1,0.07213217601124466,0.372257978975881,0.3640394067166653,0.049108037840553086,0.14246240045565564
asthma_v2_Bronchial_P16BronchialSc_78.wav,0,0,1,0,0.22160551311059684,0.16878199641188227,0.5434776525713199,0.02664106648570208,0.03949377142049888
asthma_v2_Bronchial_P16BronchialSc_80.wav,0,0,1,0,0.19326797482217656,0.5883753808920382,0.0290568849642001,0.039931344748971066,0.1493684145726146
asthma_v2_Bronchial_P16BronchialTc_77.wav,0,0,1,1,0.0724503226451772,0.528964415896168,0.1622723618374707,0.08485938050100249,0.15145351912018182
asthma_v2_Bronchial_P16BronchialTc_79.wav,0,0,1,1,0.0179792194724519,0.9335022363288703,0.008788048898098807,0.01602432699960835,0.023706168300970578
asthma_v2_Bronchial_P18BronchialSc_86.wav,0,0,1,1,0.0006998293737773476,0.9925467079650315,0.0011075522992599483,0.00413856593097364,0.0015073444309579732
asthma_v2_Bronchial_P18BronchialSc_88.wav,0,0,1,1,0.0017482891581216602,0.9761417564585143,0.016143208259189912,0.0004819739692608695,0.005484772154913087
asthma_v2_Bronchial_P18BronchialSc_90.wav,0,0,1,1,0.002726876446693995,0.9258006948646663,0.06300264936247915,0.0004920786483741599,0.007977700677786154
asthma_v2_Bronchial_P18BronchialTc_87.wav,0,0,1,1,0.0013404439477221058,0.9878272374953109,0.001985656237150761,0.007168480008020094,0.0016781823117964314
asthma_v2_Bronchial_P18BronchialTc_89.wav,0,0,1,1,0.0010207888700197332,0.990875251024178,0.005612328606600028,0.0004182705105832196,0.0020733609886192735
asthma_v2_Bronchial_P7BronchialSc_32.wav,0,0,1,1,0.0009979665820159659,0.977544463774635,0.004859460511735003,0.012625360210542695,0.00397274892107155
asthma_v2_Bronchial_P7BronchialSc_34.wav,0,0,1,1,0.0005621156455872123,0.9771839897216058,0.0037109983334810354,0.015930045513940453,0.002612850785385783
asthma_v2_Bronchial_P7BronchialTc_31.wav,0,0,1,1,3.7451987797095824e-06,0.9963481265211666,0.0006511001101806147,0.0021190587561104937,0.0008779694137624991
asthma_v2_Bronchial_P7BronchialTc_33.wav,0,0,1,1,0.00031856900741236574,0.9868052589222925,0.0047302867573936255,0.007083657483481879,0.0010622278294193438
asthma_v2_Bronchial_P7BronchialTc_35.wav,0,0,1,1,1.3539503475003483e-05,0.9948392167467163,0.0013939701266385703,0.0009833089677387622,0.0027699646554313604
asthma_v2_Bronchial_P9BronchialSc_42.wav,0,0,1,1,8.821913105241424e-06,0.9941837490970936,0.0025670269837137338,0.001635477138380984,0.0016049248677065238
asthma_v2_Bronchial_P9BronchialSc_44.wav,0,0,1,1,4.753763226690684e-06,0.996305639463484,0.0002180043091396776,0.002862901299939521,0.0006087011642102727
asthma_v2_Bronchial_P9BronchialTc_41.wav,0,0,1,1,1.8457806124998564e-05,0.9924775543771663,0.00014433393768527403,0.006982666325121525,0.00037698755390175526
asthma_v2_Bronchial_P9BronchialTc_43.wav,0,0,1,1,0.0005382123823185986,0.992190377670611,0.001471937603382945,0.0008711844580496904,0.0049282878856378096
asthma_v2_Bronchial_P9BronchialTc_45.wav,0,0,1,1,0.0002518135025739336,0.9729048180337558,0.02589784544851833,0.000425158339775568,0.0005203646753762465
asthma_v2_asthma_P15WheezingIE_73.wav,0,0,0,0,0.9110385862435356,0.021217003250740763,0.0039833943411717474,0.0020882862412514402,0.061672729923300626
asthma_v2_asthma_P15WheezingIU_74.wav,0,0,0,0,0.8499976264738145,0.02323117413271777,0.005072621799347477,0.004049599394539758,0.11764897819958062
asthma_v2_asthma_P15WheezingRL_71.wav,0,0,0,0,0.6967775153578718,0.0366725177212292,0.02177412135392923,0.013785355440688202,0.23099049012628167
asthma_v2_asthma_P15WheezingRL_75.wav,0,0,0,0,0.7399935104261408,0.005282609624005464,0.017503792195684157,0.006837736195837173,0.23038235155833228
asthma_v2_asthma_P15WheezingRS_72.wav,0,0,0,0,0.8567560596758805,0.010029410160279296,0.003889616686401292,0.002413558001397691,0.12691135547604118
asthma_v2_asthma_P21WheezingIE_101.wav,0,0,0,0,0.5747510217063164,0.03397542593085578,0.00436633900287328,0.0983763341562213,0.28853087920373294
asthma_v2_asthma_P21WheezingIE_105.wav,0,0,0,0,0.44061862901931864,0.07166779863563275,0.2262695985095478,0.01264024362067193,0.24880373021482877
asthma_v2_asthma_P21WheezingIU_102.wav,0,0,0,0,0.8368346205516435,0.07978967561574218,0.0011421291951905991,0.04019999032787034,0.04203358430955348
asthma_v2_asthma_P21WheezingRL_103.wav,0,0,0,0,0.6969403526066311,0.037378757199764016,0.004363431912453679,0.07719839838166334,0.18411905989948787
asthma_v2_asthma_P21WheezingRS_104.wav,0,0,0,4,0.2758725375413187,0.09895014160808133,0.33372628826766076,0.005797110999171875,0.28565392158376746
asthma_v2_asthma_P27WheezingIE_133.wav,0,0,0,3,0.3495808492299828,0.040994275181896196,0.0023083110832798803,0.5472455202739887,0.05987104423085252
asthma_v2_asthma_P27WheezingIU_134.wav,0,0,0,0,0.8608512186881295,0.009291295576850133,0.0015147260311980158,0.0006236444543241014,0.12771911524949825
asthma_v2_asthma_P27WheezingRL_131.wav,0,0,0,0,0.8935781457730954,0.008334919768823905,0.03165792029200721,0.0005289407294754601,0.06590007343659818
asthma_v2_asthma_P27WheezingRL_135.wav,0,0,0,0,0.5550913571493292,0.19870031998436583,0.03492514135086193,0.026644323986450513,0.18463885752899223
asthma_v2_asthma_P27WheezingRS_132.wav,0,0,0,0,0.892054579070524,0.006424586149887742,0.011379032088555513,0.0012611431546079577,0.08888065953642521
asthma_v2_asthma_P34WheezingIE_169.wav,0,0,0,0,0.9473317133413471,0.013712105064770946,0.0013753244459551554,0.004366619883456036,0.033214237264470856
asthma_v2_asthma_P34WheezingIU_166.wav,0,0,0,0,0.8024393285108177,0.011302559973601073,0.008803923470889248,0.00031176580671672915,0.17714242223797522
asthma_v2_asthma_P34WheezingIU_170.wav,0,0,0,0,0.8546077908561196,0.08466599110108125,0.0033923325423777465,0.001141982255078362,0.05619190324534283
asthma_v2_asthma_P34WheezingRL_167.wav,0,0,0,0,0.9522438659942687,0.01808023441357119,0.001497507186397514,0.000903660773047644,0.027274731632714832
asthma_v2_asthma_P34WheezingRS_168.wav,0,0,0,0,0.9054570938840233,0.029122340971690697,0.0040701325860858575,0.005987889297346617,0.05536254326085347
asthma_v2_asthma_P35WheezingIE_173.wav,0,0,0,0,0.6272736427963941,0.0019342168097153322,0.2855089217463417,0.0012608103891838178,0.08402240825836486
asthma_v2_asthma_P35WheezingIU_174.wav,0,0,0,0,0.5157095823703897,0.19378612153273556,0.05200767962763923,0.010205087765224063,0.22829152870401134
asthma_v2_asthma_P35WheezingRL_171.wav,0,0,0,0,0.87171460931005,0.026440066867608285,0.003758896035337483,0.001331080068281617,0.09675534771872228
asthma_v2_asthma_P35WheezingRL_175.wav,0,0,0,0,0.8465017203378958,0.02416909580980086,0.03586703284543385,0.0009713527098021042,0.09249079829706733
asthma_v2_asthma_P35WheezingRS_172.wav,0,0,0,0,0.5067055776405527,0.0014721301890414508,0.3697269053161163,0.000739572346038595,0.12135581450825139
asthma_v2_asthma_P37WheezingIE_181.wav,0,0,0,0,0.8729535607932638,0.005071439146808684,0.06475450833451303,0.0004017835302388208,0.05681870819517561
asthma_v2_asthma_P37WheezingIE_185.wav,0,0,0,0,0.922562242808002,0.007239246852880385,0.038571901971690345,0.0014518800392654993,0.030174728328161895
asthma_v2_asthma_P37WheezingIU_182.wav,0,0,0,0,0.9783138338074864,0.0014471011349456513,0.0036179682146375,0.0003417828617895908,0.01627931398114097
asthma_v2_asthma_P37WheezingRL_183.wav,0,0,0,0,0.9510679467103236,0.0044526925216016675,0.023354350420198733,0.0005829276670112745,0.02054208268086467
asthma_v2_asthma_P37WheezingRS_184.wav,0,0,0,0,0.8293094073603317,0.08792535716929335,0.006419118492153456,0.0056026681515267225,0.07074344882669459
asthma_v2_asthma_P39WheezingIE_193.wav,0,0,0,0,0.9035009969112465,0.0035396244512741573,0.020688921793712907,0.0006058550770994788,0.0716646017666673
asthma_v2_asthma_P39WheezingIU_194.wav,0,0,0,0,0.9263832543275718,0.024266276529815195,0.016459034743834353,0.0007919668582218245,0.03209946754055694
asthma_v2_asthma_P39WheezingRL_191.wav,0,0,0,0,0.4750901210036902,0.007163396213793902,0.128207431428284,0.0027944547054360442,0.3867445966487959
asthma_v2_asthma_P39WheezingRL_195.wav,0,0,0,0,0.9583388150299036,0.0051922565023895615,0.011312221287061356,0.0004832361620011535,0.02467347101864433
asthma_v2_asthma_P39WheezingRS_192.wav,0,0,0,0,0.5525043512285351,0.004038768858838176,0.06337140135594274,0.0008828996310398548,0.3792025789256439
asthma_v2_asthma_P49WheezingIE_241.wav,0,0,0,0,0.6987578938148508,0.014732600170278587,0.005927041113336902,0.0017709777522519447,0.27881148714928206
asthma_v2_asthma_P49WheezingIE_245.wav,0,0,0,0,0.9507628291069298,0.0041786749944395084,0.006457041014475674,0.01094062446242294,0.027660830421731664
asthma_v2_asthma_P49WheezingIU_242.wav,0,0,0,0,0.619245450153684,0.03975542096392835,0.03121316028837781,0.0012383670069207008,0.30854760158708927
asthma_v2_asthma_P49WheezingRL_243.wav,0,0,0,0,0.9577021557875731,0.013549597871629335,0.009723513713971501,0.004218725001397343,0.014806007625428526
asthma_v2_asthma_P49WheezingRS_244.wav,0,0,0,0,0.9715129553910601,0.0002344035759720208,0.014257599674449109,0.0006719035421367394,0.01332313781638229
asthma_v2_asthma_P51WheezingIE_253.wav,0,0,0,0,0.895300874990125,0.006084048598893849,0.050304725541230416,0.00278806480718103,0.04552228606256982
asthma_v2_asthma_P51WheezingIU_254.wav,0,0,0,0,0.8935061813255363,0.00932813600895755,0.03370819717155036,0.0009442001435611078,0.06251328535039462
asthma_v2_asthma_P51WheezingRL_251.wav,0,0,0,0,0.8370960787744531,0.0162485493314059,0.07540118323221946,0.0032170524418266774,0.06803713622009476
asthma_v2_asthma_P51WheezingRL_255.wav,0,0,0,0,0.8680746864426767,0.0052270994932428465,0.050754370413729745,0.0014834515650074063,0.07446039208534345
asthma_v2_asthma_P51WheezingRS_252.wav,0,0,0,0,0.8561107385276113,0.004939126720654322,0.10583964311829826,0.0013904721850235384,0.0317200194484128
asthma_v2_copd_P17COPDMc_130.wav,0,0,2,2,0.0005020492500395269,6.957678007760093e-05,0.9986930684850271,0.0004582617575090196,0.00027704372734659613
asthma_v2_copd_P17COPDMc_132.wav,0,0,2,2,5.880421313698024e-07,3.726429667482012e-07,0.9998321088434384,5.151418731231935e-06,0.00016177905273220169
asthma_v2_copd_P17COPDMc_134.wav,0,0,2,2,0.0008004662559112841,6.290828701978263e-05,0.9984392407474242,9.603048789078787e-05,0.0006013542217540665
asthma_v2_copd_P17COPDMc_136.wav,0,0,2,2,0.0010259687642342787,0.00015734221075109543,0.9984938588350017,8.795700531117996e-05,0.00023487318470167282
asthma_v2_copd_P17COPDPr_129.wav,0,0,2,2,7.156240826279065e-07,5.183508366491029e-07,0.9997224351489818,2.366952938500123e-05,0.00025266134671379477
asthma_v2_copd_P17COPDPr_131.wav,0,0,2,2,0.0023406009088185508,0.000334632690101414,0.9940396647556536,0.0023197930081791684,0.0009653086372472523
asthma_v2_copd_P17COPDPr_133.wav,0,0,2,2,0.000612498110699626,4.207403942212792e-05,0.998888616920264,7.807727400196869e-05,0.00037873365561212033
asthma_v2_copd_P17COPDPr_135.wav,0,0,2,2,0.0010050935987540753,0.00013138267573672142,0.9984578665333036,8.282700267300023e-05,0.000322830189532271
asthma_v2_copd_P23COPDMc_178.wav,0,0,2,2,0.023588318456905084,0.003934622939349626,0.957346093592905,0.00718889941841481,0.007942065592425458
asthma_v2_copd_P23COPDMc_180.wav,0,0,2,2,0.0029057981503737102,0.0006323023632680918,0.9874254135446731,0.003700029816501868,0.005336456125183166
asthma_v2_copd_P23COPDMc_182.wav,0,0,2,2,0.0070756880530211865,0.008498695547511882,0.9474849683229478,0.014404066087876852,0.022536581988641884
asthma_v2_copd_P23COPDMc_184.wav,0,0,2,2,0.002186202968613845,0.0027049693111427845,0.9555351705018698,0.02948057116774158,0.010093086050632237
asthma_v2_copd_P23COPDPr_177.wav,0,0,2,2,0.009067489053384309,0.001665272876691732,0.9746938387606849,0.006128357086230274,0.008445042223008566
asthma_v2_copd_P23COPDPr_179.wav,0,0,2,2,0.0005209556527337018,0.00010077241460542225,0.9988392981132677,0.00017877094854728447,0.0003602028708454317
asthma_v2_copd_P23COPDPr_181.wav,0,0,2,2,0.0022626254455092648,0.0005141035861322926,0.9898186553012439,0.002192360378698399,0.005212255288416453
asthma_v2_copd_P23COPDPr_183.wav,0,0,2,2,0.004116854681381171,0.004302273342963198,0.9418113763643596,0.031818233301094345,0.017951262310201735
asthma_v2_copd_P31COPDMc_242.wav,0,0,2,2,0.02020949477196141,0.006026756411965897,0.897072247911093,0.05798233684814826,0.018709164056831287
asthma_v2_copd_P31COPDMc_244.wav,0,0,2,3,0.05676716657874812,0.011419776954400622,0.6000110170670445,0.3011631867443646,0.030638852655442014
asthma_v2_copd_P31COPDMc_246.wav,0,0,2,2,0.028877041008677634,0.0004097829272072759,0.9678540962053568,0.0004083913884842496,0.0024506884702737448
asthma_v2_copd_P31COPDMc_248.wav,0,0,2,0,0.7754451565274757,0.00544994351462108,0.1905310593596516,0.0012163618667093035,0.02735747873154204
asthma_v2_copd_P31COPDPr_241.wav,0,0,2,2,1.1472233056379594e-07,9.173039370869445e-08,0.9998623168322032,9.30651715886286e-05,4.441154348369323e-05
asthma_v2_copd_P31COPDPr_243.wav,0,0,2,3,0.0448460387592633,0.008569443536751736,0.13242515116509487,0.7805513262240663,0.033608040314823735
asthma_v2_copd_P31COPDPr_245.wav,0,0,2,2,0.0787040704152786,0.0020458695928928274,0.9143867576680024,0.001838748643966096,0.0030245536798598712
asthma_v2_copd_P31COPDPr_247.wav,0,0,2,2,0.006024126299730262,0.0006433424549994859,0.9916485886171017,0.0008921999645969056,0.0007917426635713954
asthma_v2_copd_P32COPDMc_250.wav,0,0,2,0,0.49762292474663306,0.032800193402532964,0.4294253708483498,0.006651108894650526,0.03350040210783366
asthma_v2_copd_P32COPDMc_252.wav,0,0,2,0,0.6424625794803674,0.003485312933578373,0.3170027111209226,0.0007325848047645745,0.036316811660366835
asthma_v2_copd_P32COPDMc_254.wav,0,0,2,2,0.15472952367622053,0.0014490222039337435,0.8399051612618603,0.0008091528146039343,0.0031071400433814325
asthma_v2_copd_P32COPDMc_256.wav,0,0,2,2,0.1668015100346239,0.0017893210914681076,0.8257403100955644,0.001026655059771672,0.004642203718571822
asthma_v2_copd_P32COPDPr_249.wav,0,0,2,0,0.6913621329665056,0.009745794730585441,0.20885954379620425,0.008917440784518666,0.08111508772218626
asthma_v2_copd_P32COPDPr_251.wav,0,0,2,0,0.30612676052383514,0.004477518988854105,0.6723097504593922,0.0005896822443510379,0.01649628778356741
asthma_v2_copd_P32COPDPr_253.wav,0,0,2,0,0.43046022514317134,0.004890033977997592,0.5502104922294464,0.0053794194021670756,0.009059829247217661
asthma_v2_copd_P32COPDPr_255.wav,0,0,2,0,0.32943504025604126,0.002691294384151986,0.6639402015919631,0.0005824605823187207,0.003351003185524969
asthma_v2_copd_P36COPDMc_282.wav,0,0,2,2,0.06019358248130582,0.02789428198434857,0.8426224474656029,0.0158570534615103,0.05343263460723262
asthma_v2_copd_P36COPDMc_284.wav,0,0,2,2,0.01952233968083396,0.0036991885581588516,0.7139465125501403,0.031686357848635036,0.23114560136223164
asthma_v2_copd_P36COPDMc_286.wav,0,0,2,2,0.0008887404578279206,0.00018546040825931365,0.9966793965357985,0.0015436847848536558,0.0007027178132601446
asthma_v2_copd_P36COPDMc_288.wav,0,0,2,2,0.0036112788019273955,0.002342639264990064,0.99137416169314,0.001706995698248902,0.0009649245416934641
asthma_v2_copd_P36COPDPr_281.wav,0,0,2,2,1.4972079130476802e-06,1.1748652699088052e-06,0.9990246621761407,0.0007143142421561792,0.00025835150852002766
asthma_v2_copd_P36COPDPr_283.wav,0,0,2,2,0.021211225985159947,0.01928012257882345,0.7056370481520166,0.09766167824918147,0.1562099250348186
asthma_v2_copd_P36COPDPr_285.wav,0,0,2,2,0.0005673498728778673,8.428367628552447e-05,0.9985137547720168,0.0005576582211467532,0.00027695345767350985
asthma_v2_copd_P36COPDPr_287.wav,0,0,2,2,0.0005017620701090054,0.00020828190147516448,0.9971128022848125,0.0015964487100714533,0.0005807050335319185
asthma_v2_copd_P41COPDMc_322.wav,0,0,2,2,2.731358247496805e-07,2.9490728902974674e-07,0.9999238287273177,1.7344411073936587e-05,5.825881849478636e-05
asthma_v2_copd_P41COPDMc_324.wav,0,0,2,2,0.00048660661301298423,9.886305613627296e-05,0.9989864644146079,0.00022042509764801687,0.00020764081859487912
asthma_v2_copd_P41COPDMc_326.wav,0,0,2,2,0.0008843033403645094,0.0003222754296715158,0.9981759373204526,0.0002928353296192657,0.00032464857989218286
asthma_v2_copd_P41COPDMc_328.wav,0,0,2,2,0.0004776622710714457,0.00012974971153950572,0.9990183117928729,0.00016698847516622952,0.0002072877493499077
asthma_v2_copd_P41COPDPr_321.wav,0,0,2,2,0.0008186853110938744,0.00011155989676014079,0.9983355510294739,0.00010834634776219221,0.0006258574149100426
asthma_v2_copd_P41COPDPr_323.wav,0,0,2,2,2.592642549583793e-07,4.130094203140671e-07,0.9996412465665465,5.906799659589509e-05,0.00029901316318234306
asthma_v2_copd_P41COPDPr_325.wav,0,0,2,2,0.0007386587892157364,0.00016948793200148414,0.9984333236855462,0.0003619480186000337,0.0002965815746365908
asthma_v2_copd_P41COPDPr_327.wav,0,0,2,2,2.0832023908708303e-07,2.090871656164337e-07,0.999895700576441,4.820174156205371e-05,5.568027459214419e-05
asthma_v2_copd_P45COPDMc_354.wav,0,0,2,2,0.003270943350191076,0.00027491981612116,0.8524892398857039,0.014821970573575274,0.1291429263744084
asthma_v2_copd_P45COPDMc_356.wav,0,0,2,2,0.00042898845694380175,2.886428115626401e-05,0.9967242745712643,0.0016374956295053666,0.0011803770611304063
asthma_v2_copd_P45COPDMc_358.wav,0,0,2,2,0.04143247277846947,0.00431318904905056,0.8094369754894272,0.10787984187958724,0.03693752080346571
asthma_v2_copd_P45COPDMc_360.wav,0,0,2,3,0.03251945753876805,0.002869373682041431,0.21941388482224383,0.5198204577718096,0.2253768261851372
asthma_v2_copd_P45COPDPr_353.wav,0,0,2,2,0.0011177889844893015,9.43852447264414e-05,0.9578809141446271,0.004431282669612219,0.03647562895654484
asthma_v2_copd_P45COPDPr_355.wav,0,0,2,2,7.36013899195683e-08,5.345795113108669e-08,0.999768139011247,0.00014880248664783923,8.293144276450664e-05
asthma_v2_copd_P45COPDPr_357.wav,0,0,2,2,2.7650617898405486e-07,1.86390957346763e-07,0.9994566963539517,0.00030225267015211667,0.00024058807875996168
asthma_v2_copd_P45COPDPr_359.wav,0,0,2,3,0.031441803002457046,0.003456954761869888,0.24943881300542062,0.5233231477125649,0.1923392815176879
asthma_v2_copd_P50COPDMc_394.wav,0,0,2,2,3.341778566248603e-07,1.888294195069634e-07,0.9998295464593123,0.00013741492522525574,3.251560818626586e-05
asthma_v2_copd_P50COPDMc_396.wav,0,0,2,2,0.0027131250533851798,0.0003162274159207095,0.9960368645559191,0.00044004994128919896,0.0004937330334856564
asthma_v2_copd_P50COPDMc_398.wav,0,0,2,2,0.00032192252324970505,3.4058606225917717e-05,0.9994001761500098,9.004363117736662e-05,0.00015379908933731547
asthma_v2_copd_P50COPDMc_400.wav,0,0,2,2,2.3131702666665227e-07,3.43185343221319e-07,0.9999018402600488,1.8828301998549655e-05,7.875693558297919e-05
asthma_v2_copd_P50COPDPr_393.wav,0,0,2,2,6.541745094769936e-07,6.185802385994325e-07,0.9998091589291349,0.00014563238813866062,4.393592797826257e-05
asthma_v2_copd_P50COPDPr_395.wav,0,0,2,2,0.0008427081600687986,0.00010939076115888076,0.9976184567754562,0.0009606248926818126,0.00046881941063420555
asthma_v2_copd_P50COPDPr_397.wav,0,0,2,2,0.0015106749675556825,0.00010444022227423557,0.9969921197622759,0.0006658199639389151,0.0007269450839555589
asthma_v2_copd_P50COPDPr_399.wav,0,0,2,2,0.0009633955280190346,0.0001043947224811658,0.9982243005718929,0.00026064245533635754,0.0004472667222703381
asthma_v2_copd_P6COPDMc_42.wav,0,0,2,2,0.0009679605037861404,0.00011124662462252432,0.9957816873270652,0.0008547512440303606,0.0022843543004956524
asthma_v2_copd_P6COPDMc_44.wav,0,0,2,2,0.0007175348591808968,6.725552026652061e-05,0.993550283648752,0.0012269667226200837,0.004437959249180463
asthma_v2_copd_P6COPDMc_46.wav,0,0,2,2,0.026760976728017406,0.0019169479463653721,0.8811524439199999,0.023486255959427965,0.06668337544618932
asthma_v2_copd_P6COPDMc_48.wav,0,0,2,4,0.020888400060833538,0.007980578675566353,0.3317792860223062,0.031600750348957214,0.607750984892337
asthma_v2_copd_P6COPDPr_41.wav,0,0,2,2,0.0015931151403633969,0.00017005260955753356,0.9911662286487443,0.0010105475266011586,0.006060056074733582
asthma_v2_copd_P6COPDPr_43.wav,0,0,2,2,0.0010043534275455221,0.00012911299422711252,0.9920652794939214,0.0010393948261395588,0.005761859258166356
asthma_v2_copd_P6COPDPr_45.wav,0,0,2,4,0.0649191995615154,0.0029959759348639472,0.4525268218451076,0.02487698841222167,0.4546810142462913
asthma_v2_copd_P6COPDPr_47.wav,0,0,2,2,0.02771441819728725,0.002900832802716246,0.8480723787417762,0.021269999880825393,0.10004237037739483
asthma_v2_healthy_P10Healthy10S.wav,0,0,3,4,0.15275342993752927,0.037408192121918926,0.02736158385417226,0.0346960304323303,0.7477807636540491
asthma_v2_healthy_P10Healthy14S.wav,0,0,3,4,0.21793247000497823,0.057056620544237484,0.01683873137802268,0.027994943296871813,0.6801772347758899
asthma_v2_healthy_P10Healthy61S.wav,0,0,3,3,0.04711448528643092,0.006923699400019466,0.024490470370271685,0.5511792420369788,0.370292102906299
asthma_v2_healthy_P10Healthy65S.wav,0,0,3,3,0.03128300145911177,0.0034924948733337548,0.011163083416006308,0.6552818682099284,0.2987795520416199
asthma_v2_healthy_P10Healthy93S.wav,0,0,3,4,0.15303574265244077,0.025658979145570297,0.02926854789091296,0.05467243124939908,0.7373642990616769
asthma_v2_healthy_P13Healthy28S.wav,0,0,3,3,0.01869826345771337,0.004750979240799925,0.03167135389345787,0.9065278358436937,0.03835156756433554
asthma_v2_healthy_P13Healthy42S.wav,0,0,3,3,0.0025901901614125505,0.003479505207581731,0.00695247080002865,0.9828341776454107,0.004143656185566261
asthma_v2_healthy_P13Healthy48S.wav,0,0,3,3,0.025950103530936207,0.02494529113952559,0.04141614410017395,0.8826302779858946,0.025058183243469808
asthma_v2_healthy_P13Healthy53S.wav,0,0,3,3,0.05525614622309789,0.10711713259048009,0.10265401690229008,0.6946096800420566,0.040363024242075246
asthma_v2_healthy_P13Healthy69S.wav,0,0,3,3,0.04947727286470156,0.044975018108844154,0.020249523988149956,0.816779757614116,0.0685184274241888
asthma_v2_healthy_P2Healthy30S.wav,0,0,3,3,0.015327034457526808,0.0020904932896305493,0.012272657046399418,0.5835011397583969,0.38680867544804626
asthma_v2_healthy_P2Healthy43S.wav,0,0,3,3,0.08827732229540561,0.16050317480470777,0.033201891465540825,0.5691490805600236,0.14886853087432217
asthma_v2_healthy_P2Healthy54S.wav,0,0,3,1,0.03449922290716659,0.5251288466982423,0.009778887784289692,0.374584161281673,0.05600888132862855
asthma_v2_healthy_P2Healthy72S.wav,0,0,3,4,0.04908300096450582,0.0031521943010561484,0.025381318268886652,0.15786294857561062,0.7645205378899407
asthma_v2_healthy_P2Healthy89S.wav,0,0,3,3,0.02250815655658211,0.0034980762425800174,0.02758201872193545,0.6447192103429585,0.3016925381359435
asthma_v2_healthy_P3Healthy44S.wav,0,0,3,3,0.0023277991325671202,0.003893127356959925,0.006611229267072604,0.9829268824357851,0.004240961807615433
asthma_v2_healthy_P3Healthy49S.wav,0,0,3,3,0.006741251207682177,0.09591993999678439,0.0048056822737572065,0.8838640762735117,0.008669050248264424
asthma_v2_healthy_P3Healthy57S.wav,0,0,3,3,0.02665377304338935,0.07396432717289168,0.0027575152017775594,0.8741221003132342,0.022502284268707422
asthma_v2_healthy_P3Healthy60S.wav,0,0,3,3,0.05429717645959088,0.18543293200281366,0.016611150089554032,0.6454258047002345,0.09823293674780648
asthma_v2_healthy_P3Healthy84S.wav,0,0,3,3,0.0011655976188798334,0.014745942896334949,0.0019672697298328446,0.9766590148714016,0.0054621748835505775
asthma_v2_healthy_P6Healthy21S.wav,0,0,3,0,0.28191272997736117,0.041628928547132175,0.2515623263612011,0.13132401205732055,0.2935720030569854
asthma_v2_healthy_P6Healthy34S.wav,0,0,3,3,0.0657700565979896,0.0017992581201977233,0.00845624578640762,0.4500288163486303,0.4739456231467746
asthma_v2_healthy_P6Healthy51S.wav,0,0,3,3,0.36042404698956754,0.016806743075470042,0.024256216040973794,0.35194061697541484,0.24657237691857387
asthma_v2_healthy_P6Healthy71S.wav,0,0,3,3,0.04406265428138823,0.02331847897345214,0.04343566456472827,0.8456306403323579,0.043552561848073386
asthma_v2_healthy_P6Healthy77S.wav,0,0,3,4,0.09814189994141549,0.004473147505165016,0.029679040555908868,0.21790659731240694,0.6497993146851038
asthma_v2_pneumonia_P13Pneumonia20R.wav,0,0,4,4,0.2021909661228783,0.002846468309956655,0.009337063525689119,0.12456076191072595,0.6610647401307502
asthma_v2_pneumonia_P13Pneumonia26N.wav,0,0,4,4,0.2077541384240925,0.08927473982374089,0.005684073000281357,0.022303438309267152,0.6749836104426177
asthma_v2_pneumonia_P13Pneumonia33Z.wav,0,0,4,4,0.13218399646869972,0.005913741591656544,0.006181458213389026,0.045879029949981755,0.8098417737762728
asthma_v2_pneumonia_P13Pneumonia60R.wav,0,0,4,4,0.13125274690992297,0.00197593840201171,0.005444013017336778,0.18312742976956187,0.6781998719011666
asthma_v2_pneumonia_P13Pneumonia94T.wav,0,0,4,4,0.032809544415839,0.014540531950012113,0.019671886459992714,0.02034023518327184,0.9126378019908844
asthma_v2_pneumonia_P13Pneumonia99T.wav,0,0,4,0,0.4655139444475468,0.06588016822763039,0.007380489046500476,0.0024334921586470874,0.4587919061196751
asthma_v2_pneumonia_P14Pneumonia19W.wav,0,0,4,4,0.31680810773052875,0.01319334234690014,0.01269247729516444,0.00041266121790242135,0.6568934114095045
asthma_v2_pneumonia_P14Pneumonia22X.wav,0,0,4,3,0.008577569465473854,0.000643734470232098,0.0021459025446143266,0.8989644901282228,0.08966830339145684
asthma_v2_pneumonia_P14Pneumonia40M.wav,0,0,4,3,0.03596298646119398,0.015536804529680636,0.0007041632072864924,0.8274978010697515,0.1202982447320872
asthma_v2_pneumonia_P14Pneumonia62B.wav,0,0,4,4,0.3547132174072904,0.014037333978987869,0.004424439457149303,0.0016476317645866114,0.6251773773919859
asthma_v2_pneumonia_P14Pneumonia73T.wav,0,0,4,4,0.1553789824156788,0.002899297315818063,0.0089560839089535,0.0003661388870614468,0.8323994974724884
asthma_v2_pneumonia_P14Pneumonia87C.wav,0,0,4,4,0.09598580203258594,0.0074696239098211445,0.013452933402113608,0.001605584375436677,0.8814860562800424
asthma_v2_pneumonia_P1Pneumonia10T.wav,0,0,4,4,0.017671271201235683,0.0009064260940347291,0.0003920374943633455,0.00021328245527138165,0.980816982755095
asthma_v2_pneumonia_P1Pneumonia39F.wav,0,0,4,4,0.01716600550226786,0.003382475710024197,0.0012230462984824247,0.001306203683380083,0.9769222688058457
asthma_v2_pneumonia_P1Pneumonia41U.wav,0,0,4,4,0.011946509929984299,0.0009120806233505997,0.00024522806423466176,0.001969012507298171,0.9849271688751321
asthma_v2_pneumonia_P1Pneumonia93D.wav,0,0,4,4,0.029796171564107913,0.0005320820439460792,0.00025139967970600824,0.0005017666682758,0.968918580043964
asthma_v2_pneumonia_P1Pneumonia94J.wav,0,0,4,4,0.06295851000206257,0.005065913536287057,0.0033982620404715788,0.023789201753754784,0.9047881126674236
asthma_v2_pneumonia_P1Pneumonia97M.wav,0,0,4,4,0.09143560886664948,0.000981336927946842,0.0009273936065612407,0.0013460418314981495,0.9053096187673444
asthma_v2_pneumonia_P20Pneumonia27V.wav,0,0,4,4,0.2962493300172404,0.0011088637903052829,0.0023120936667975697,0.02642952768263194,0.6739001848430252
asthma_v2_pneumonia_P20Pneumonia31P.wav,0,0,4,3,0.17610335834393248,0.017545000342392796,0.006079001907119921,0.5165784804697637,0.2836941589367912
asthma_v2_pneumonia_P20Pneumonia37V.wav,0,0,4,3,0.16103665626969385,0.03403675262235059,0.014044317043043944,0.3947936194213765,0.3960886546435354
asthma_v2_pneumonia_P20Pneumonia42B.wav,0,0,4,4,0.17643681980962211,0.0018934930282969472,0.003957910144006318,0.06593507713491902,0.751776699883156
asthma_v2_pneumonia_P20Pneumonia58T.wav,0,0,4,4,0.2623323483530948,0.003442262747528112,0.0028344377751322787,0.12054282732952594,0.610848123794719
asthma_v2_pneumonia_P20Pneumonia84L.wav,0,0,4,3,0.16329407400107449,0.01800735687388585,0.008269462046671932,0.4734581232636228,0.3369709838147451
asthma_v2_pneumonia_P27Pneumonia25R.wav,0,0,4,4,0.07421191752752616,0.00419961228818715,0.007429236128840612,0.000642409508969227,0.913516824546477
asthma_v2_pneumonia_P27Pneumonia28K.wav,0,0,4,4,0.06132248514813074,0.015450454295344047,0.012595131549306278,0.009619665859775263,0.9010122631474438
asthma_v2_pneumonia_P27Pneumonia37T.wav,0,0,4,2,0.08783792466940504,0.008088503343877007,0.6707021719278992,0.005592186629292323,0.22777921342952653
asthma_v2_pneumonia_P27Pneumonia48G.wav,0,0,4,2,0.07200359151654834,0.008170444681448914,0.7606953931008018,0.0025496456834212737,0.15658092501777993
asthma_v2_pneumonia_P27Pneumonia62C.wav,0,0,4,4,0.10008719162288096,0.01056363839632447,0.00551577042928074,0.0029650241473758027,0.880868375404138
asthma_v2_pneumonia_P27Pneumonia77J.wav,0,0,4,2,0.05047406051683697,0.004493550884766315,0.8872335983138819,0.0014039847976088646,0.056394805486906056
asthma_v2_pneumonia_P29Pneumonia14M.wav,0,0,4,4,0.040386714456096894,0.0012901605365663784,0.000613222731739865,0.00036009073964555745,0.9573498115359514
asthma_v2_pneumonia_P29Pneumonia17N.wav,0,0,4,4,0.11475872658552229,0.007136789236323174,0.0019596535820324066,0.018747684320357318,0.857397146275765
asthma_v2_pneumonia_P29Pneumonia18M.wav,0,0,4,4,0.014791790124183074,0.005444852938923705,0.0032369799923684306,0.028228304422417524,0.9482980725221075
asthma_v2_pneumonia_P29Pneumonia24X.wav,0,0,4,4,0.030466642752650375,0.002889694896637309,0.0009616608496332806,0.0007681401968709628,0.9649138613042082
asthma_v2_pneumonia_P29Pneumonia51O.wav,0,0,4,4,0.027657086601298772,0.008339940758326211,0.002032746306121156,0.016829570040585936,0.9451406562936678
asthma_v2_pneumonia_P29Pneumonia82U.wav,0,0,4,4,0.07924658314212783,0.005549421889406324,0.0025081980004947007,0.02209077570239232,0.8906050212655785
asthma_v2_pneumonia_P37Pneumonia44I.wav,0,0,4,0,0.8529450511798148,0.007917619938987696,0.01987723986342252,0.047097537572890855,0.0721625514448841
asthma_v2_pneumonia_P37Pneumonia73K.wav,0,0,4,0,0.7230014323638256,0.12256993801125352,0.012806227460292231,0.01590448692450318,0.12571791524012552
asthma_v2_pneumonia_P37Pneumonia73X.wav,0,0,4,0,0.8470140454551323,0.039065174434513725,0.004684091050451551,0.0028313438433322075,0.10640534521656994
asthma_v2_pneumonia_P37Pneumonia83S.wav,0,0,4,0,0.7607251398838657,0.009598360419041451,0.010977052893778769,0.007022887191108343,0.2116765596122054
asthma_v2_pneumonia_P37Pneumonia84E.wav,0,0,4,0,0.5609910302648013,0.014231721947247426,0.02946220986857658,0.14459439140504474,0.2507206465143301
asthma_v2_pneumonia_P37Pneumonia95J.wav,0,0,4,0,0.8613930857272893,0.01645805150229555,0.010103832833780352,0.007619200662607395,0.10442582927402713
asthma_v2_pneumonia_P40Pneumonia18H.wav,0,0,4,0,0.6409705769812828,0.20000138445231125,0.03692118988992392,0.003969149864715964,0.11813769881176595
asthma_v2_pneumonia_P40Pneumonia32Q.wav,0,0,4,4,0.2725838218447072,0.002456135806326365,0.001989067707647209,0.0007791942474304457,0.7221917803938889
asthma_v2_pneumonia_P40Pneumonia69N.wav,0,0,4,4,0.22426524221881325,0.0033212952930684473,0.003395402685107508,0.004751727899055115,0.7642663319039555
asthma_v2_pneumonia_P40Pneumonia90Y.wav,0,0,4,0,0.7904860019152525,0.048283391342312056,0.00706414342542735,0.0032328908617872596,0.1509335724552206
asthma_v2_pneumonia_P40Pneumonia91V.wav,0,0,4,0,0.5945915321579751,0.02114009299411345,0.15181915361748294,0.0025760829057025494,0.2298731383247261
asthma_v2_pneumonia_P40Pneumonia92J.wav,0,0,4,3,0.10334953375008053,0.1086007073617622,0.053053139505243666,0.6594880140727148,0.0755086053101987
asthma_v2_pneumonia_P47Pneumonia14M.wav,0,0,4,4,0.12386530506777502,0.013225669286411692,0.007067466741405789,0.09601131682052808,0.7598302420838796
asthma_v2_pneumonia_P47Pneumonia19A.wav,0,0,4,4,0.22262524238301862,0.03223477393170441,0.029865763168613346,0.131983816283351,0.5832904042333127
asthma_v2_pneumonia_P47Pneumonia24N.wav,0,0,4,4,0.10816170837629804,0.0021032531668188337,0.13583096364837793,0.006925262689648522,0.7469788121188565
asthma_v2_pneumonia_P47Pneumonia69D.wav,0,0,4,4,0.23111787588276264,0.00631496507282418,0.2578687326416564,0.022912873615956432,0.4817855527868004
asthma_v2_pneumonia_P47Pneumonia74Q.wav,0,0,4,4,0.13175511538078646,0.0022177082898650565,0.21724119767835282,0.012309677154972058,0.6364763014960241
asthma_v2_pneumonia_P47Pneumonia98K.wav,0,0,4,4,0.08815490451030314,0.01383981213525431,0.004515743959982099,0.1520056778836662,0.7414838615107943
asthma_v2_pneumonia_P6Pneumonia15U.wav,0,0,4,4,0.16597256942337404,0.004240605837603192,0.07320380407245722,0.0048998372180740594,0.7516831834484915
asthma_v2_pneumonia_P6Pneumonia17Q.wav,0,0,4,4,0.05481903532591021,0.001964617093120338,0.03479668697768148,0.03309636596886884,0.875323294634419
asthma_v2_pneumonia_P6Pneumonia32L.wav,0,0,4,4,0.06860651673371866,0.006706446522410069,0.06257185040496922,0.0022405938692536356,0.8598745924696483
asthma_v2_pneumonia_P6Pneumonia37H.wav,0,0,4,4,0.041527497616465424,0.0325113528786375,0.05961189783916861,0.0659227536767588,0.8004264979889701
asthma_v2_pneumonia_P6Pneumonia39O.wav,0,0,4,4,0.08267239351055143,0.0035105425163351827,0.03151009115050323,0.0014503534758044479,0.8808566193468056
asthma_v2_pneumonia_P6Pneumonia84M.wav,0,0,4,4,0.04392093988767109,0.0039481637034501004,0.02940422050088842,0.01175383871710323,0.9109728371908873
asthma_v2_pneumonia_P7Pneumonia22C.wav,0,0,4,4,0.06772450346299838,0.00930596476678766,0.22464729838285372,0.0024190299847433373,0.6959032034026169
asthma_v2_pneumonia_P7Pneumonia22X.wav,0,0,4,4,0.029240958478689214,0.006796823893293124,0.1038926791624965,0.043570014723956246,0.8164995237415649
asthma_v2_pneumonia_P7Pneumonia34I.wav,0,0,4,4,0.110360389794338,0.001655456630105448,0.026642645549913378,0.007942042000447383,0.8533994660251959
asthma_v2_pneumonia_P7Pneumonia61Q.wav,0,0,4,4,0.05228061502517954,0.0034811210839106894,0.020227585573040913,0.011543690199393183,0.9124669881184757
asthma_v2_pneumonia_P7Pneumonia62G.wav,0,0,4,4,0.035579331700688034,0.0030787077252732286,0.02359772928653248,0.016529909567639677,0.9212143217198667
asthma_v2_pneumonia_P7Pneumonia76F.wav,0,0,4,4,0.030414288463221806,0.006813986728733208,0.13960784658491224,0.00924461974528372,0.8139192584778492
asthma_v2_Bronchial_P19BronchialSc_92.wav,0,1,1,1,0.002495948202293562,0.9921868391007771,0.0027371180426194693,0.0003384826036670291,0.0022416120506426407
asthma_v2_Bronchial_P19BronchialSc_94.wav,0,1,1,1,0.03954877079588288,0.6716182191161655,0.23271598774201485,0.008540531208305866,0.04757649113763114
asthma_v2_Bronchial_P19BronchialTc_91.wav,0,1,1,1,0.051704091212742595,0.5728920542735773,0.33968295088010014,0.005324182469111832,0.030396721164468486
asthma_v2_Bronchial_P19BronchialTc_93.wav,0,1,1,1,0.004963193494405809,0.980207611621036,0.011643161262080755,0.0004995859490569577,0.002686447673420265
asthma_v2_Bronchial_P19BronchialTc_95.wav,0,1,1,1,0.015035969341561185,0.911091092083686,0.0470929741153327,0.008196737430674839,0.01858322702874489
asthma_v2_Bronchial_P1BronchialSc_2.wav,0,1,1,1,0.012312903204854413,0.9548156998389311,0.02037160485276184,0.006005517072423413,0.006494275031029252
asthma_v2_Bronchial_P1BronchialSc_4.wav,0,1,1,1,0.03127244295113996,0.8425366688632617,0.10355690967717898,0.008995553482859013,0.013638425025560563
asthma_v2_Bronchial_P1BronchialTc_1.wav,0,1,1,1,0.01471086961300215,0.9411854139693687,0.034093059921740505,0.003568597182466823,0.006442059313421848
asthma_v2_Bronchial_P1BronchialTc_3.wav,0,1,1,1,0.020172942154927022,0.9123587282366302,0.04772220643047619,0.009851629276980531,0.009894493900986043
asthma_v2_Bronchial_P1BronchialTc_5.wav,0,1,1,1,0.01339965231035539,0.9471601999075765,0.031366461154788396,0.0023422421126205522,0.005731444514658984
asthma_v2_Bronchial_P20BronchialSc_100.wav,0,1,1,1,0.001844174477239462,0.9908208587428251,0.002453479698359475,0.0004078934943635033,0.004473593587212622
asthma_v2_Bronchial_P20BronchialSc_96.wav,0,1,1,1,0.02250052893778769,0.8836367456797775,0.03698746727324874,0.007672023202986558,0.0492032349061999
asthma_v2_Bronchial_P20BronchialSc_98.wav,0,1,1,1,0.05447638304145627,0.41574255537574295,0.49018827401777093,0.015573052657472912,0.024019734907556982
asthma_v2_Bronchial_P20BronchialTc_97.wav,0,1,1,1,0.005524972192348418,0.9680004766561341,0.02338916320734334,0.001062915340434924,0.0020224726037391494
asthma_v2_Bronchial_P20BronchialTc_99.wav,0,1,1,1,0.08827631628716276,0.4037985383991516,0.40286997489550497,0.06871725567868298,0.03633791473949802
asthma_v2_Bronchial_P4BronchialSc_16.wav,0,1,1,3,0.13569383588097378,0.2963523999465857,0.02196529987375479,0.14905995230265998,0.3969285119960255
asthma_v2_Bronchial_P4BronchialSc_18.wav,0,1,1,1,0.06720015398600526,0.6074233422927607,0.029397637934684022,0.1038846525308001,0.19209421325574955
asthma_v2_Bronchial_P4BronchialSc_20.wav,0,1,1,1,0.011684681332997287,0.8977857006217033,0.007984020918671099,0.03698878710970461,0.04555681001692398
asthma_v2_Bronchial_P4BronchialTc_17.wav,0,1,1,1,0.10077477028315313,0.5025738613282223,0.022210741023943496,0.068127986329375,0.3063126410353061
asthma_v2_Bronchial_P4BronchialTc_19.wav,0,1,1,3,0.02879967248386586,0.09899909667606877,0.03365952867065575,0.7677945186509259,0.07074718351848358
asthma_v2_asthma_P13WheezingIE_61.wav,0,1,0,0,0.7646985190001557,0.14387428626888887,0.0065020407298778254,0.006778002737567197,0.07814715126351048
asthma_v2_asthma_P13WheezingIE_65.wav,0,1,0,0,0.8338408083223718,0.10717194328446922,0.011930491387136428,0.0017547569197779792,0.045302000086244514
asthma_v2_asthma_P13WheezingIU_62.wav,0,1,0,0,0.8666562244197228,0.0884270826213184,0.0017269776476650789,0.003842614135122205,0.039347101176171545
asthma_v2_asthma_P13WheezingRL_63.wav,0,1,0,0,0.7255993969748644,0.18981967210612108,0.009273928175834174,0.00628699384928725,0.069020008893893
asthma_v2_asthma_P13WheezingRS_64.wav,0,1,0,0,0.9230550463037219,0.04548032317974864,0.012553485582040268,0.0008699714272123308,0.018041173507276676
asthma_v2_asthma_P17WheezingIE_81.wav,0,1,0,0,0.7697946220272961,0.1241498895045564,0.009571229911797968,0.004783667258093317,0.09170059129825647
asthma_v2_asthma_P17WheezingIE_85.wav,0,1,0,0,0.5199819882081024,0.010490753114406224,0.05297654961058365,0.0023902618930432443,0.41416044717386447
asthma_v2_asthma_P17WheezingIU_82.wav,0,1,0,0,0.7944633668900675,0.12177286341813916,0.007223009624644562,0.003306912276454169,0.07323384779069489
asthma_v2_asthma_P17WheezingRL_83.wav,0,1,0,0,0.9205308078337516,0.06326678155403906,0.001811141590593604,0.0008536509011406051,0.013537618120474907
asthma_v2_asthma_P17WheezingRS_84.wav,0,1,0,0,0.9510823186573374,0.018957976333564927,0.0018873894933385622,0.0017087459722498713,0.026363569543509224
asthma_v2_asthma_P22WheezingIE_109.wav,0,1,0,0,0.6837903869671341,0.22598806998115262,0.0035224428218759672,0.0024511708444948646,0.0842479293853427
asthma_v2_asthma_P22WheezingIU_106.wav,0,1,0,0,0.6030552515424538,0.12949637834248587,0.003234989334680407,0.00048511482662893867,0.2637282659537514
asthma_v2_asthma_P22WheezingIU_110.wav,0,1,0,0,0.8933289863006534,0.08260601652300191,0.0016804677341695593,0.000366783027671603,0.02201774641450381
asthma_v2_asthma_P22WheezingRL_107.wav,0,1,0,0,0.41577326517216145,0.053489569947491634,0.08908202858508868,0.10924464455257157,0.3324104917426864
asthma_v2_asthma_P22WheezingRS_108.wav,0,1,0,0,0.4901621818643404,0.0596778991170413,0.0014334442343522408,0.009860429064147053,0.438866045720119
asthma_v2_asthma_P26WheezingIE_129.wav,0,1,0,0,0.5703959991669166,0.2608363097498555,0.03873986553160803,0.058726710627236695,0.07130111492438311
asthma_v2_asthma_P26WheezingIU_126.wav,0,1,0,3,0.556132719808558,0.07402926035682807,0.010219819081911198,0.3064200053385221,0.05319819541418062
asthma_v2_asthma_P26WheezingIU_130.wav,0,1,0,0,0.9506853291917335,0.006814650185395287,0.006724602282780083,0.00035957746772602304,0.035415840872365316
asthma_v2_asthma_P26WheezingRL_127.wav,0,1,0,0,0.6140683245916269,0.02507613519903035,0.11689492670770835,0.05152616060639673,0.19243445289523736
asthma_v2_asthma_P26WheezingRS_128.wav,0,1,0,0,0.75516225797613,0.005366780335991662,0.007605581490781219,0.0053183234807465405,0.2265470567163504
asthma_v2_asthma_P28WheezingIE_137.wav,0,1,0,0,0.657749302132251,0.06208744638175861,0.0015819400201941057,0.22607383763256772,0.05250747383322855
asthma_v2_asthma_P28WheezingIU_138.wav,0,1,0,0,0.5561455848288153,0.39190889249631966,0.00046786293504129584,0.007932192070606924,0.043545467669216895
asthma_v2_asthma_P28WheezingRL_139.wav,0,1,0,0,0.6432745307811104,0.27122215719938536,0.036361309033239524,0.0013656856312929603,0.04777631735497168
asthma_v2_asthma_P28WheezingRS_136.wav,0,1,0,0,0.4586280575182898,0.15213544153912897,0.012955706054420752,0.01113345186704916,0.3651473430211115
asthma_v2_asthma_P28WheezingRS_140.wav,0,1,0,0,0.7224460463702456,0.22576620674055614,0.0008015044025563308,0.017044419331681073,0.03394182315496066
asthma_v2_asthma_P2AsthmaIE_9.wav,0,1,0,0,0.8870569026333242,0.03820390402818357,0.0014746965484240676,0.004967171900003324,0.06829732489006557
asthma_v2_asthma_P2AsthmaIU_10.wav,0,1,0,0,0.9125048006616773,0.04376290158957731,0.0016375570382042564,0.008295113148284952,0.03379962756225626
asthma_v2_asthma_P2AsthmaIU_6.wav,0,1,0,2,0.1388789650545204,0.045555183183872444,0.6805450780957405,0.07607903410198857,0.05894173956387805
asthma_v2_asthma_P2AsthmaRL_7.wav,0,1,0,0,0.9507625113184681,0.006537067844328763,0.013500147169346603,0.007206286812338315,0.021993986855517924
asthma_v2_asthma_P2AsthmaRS_8.wav,0,1,0,0,0.8934232129736575,0.014733367695404403,0.0008238737013953312,0.011757073308187592,0.07926247232135508
asthma_v2_asthma_P31WheezingIE_153.wav,0,1,0,4,0.07271682200885009,0.04554278161367922,0.00532674144712847,0.011380066999591147,0.8650335879307508
asthma_v2_asthma_P31WheezingIU_154.wav,0,1,0,0,0.8849615973906326,0.02896713640167435,0.002733848053132939,0.007633059281629259,0.07570435887293078
asthma_v2_asthma_P31WheezingRL_151.wav,0,1,0,0,0.63075429123488,0.04518988009648862,0.018062696920934426,0.0019655315018921302,0.3040276002458047
asthma_v2_asthma_P31WheezingRL_155.wav,0,1,0,0,0.8713079730186748,0.0020971905426172936,0.0004950597569813073,0.0003550672188878177,0.1257447094628387
asthma_v2_asthma_P31WheezingRS_152.wav,0,1,0,4,0.19665818724011722,0.0560700556491516,0.006126652595898599,0.03775481880118312,0.7033902857136496
asthma_v2_asthma_P43WheezingIE_213.wav,0,1,0,2,0.26780113587092086,0.019703382612534192,0.668956786975668,0.02951944319881635,0.014019251342060295
asthma_v2_asthma_P43WheezingIU_214.wav,0,1,0,0,0.56028335987091,0.007055235370003386,0.4091705898138204,0.0061101447595957046,0.017380670185670473
asthma_v2_asthma_P43WheezingRL_211.wav,0,1,0,0,0.4398695292513698,0.03897501607359883,0.4770939725287099,0.011735004858021768,0.03232647728829971
asthma_v2_asthma_P43WheezingRL_215.wav,0,1,0,0,0.964886802963254,0.002566984145724577,0.01694316724063526,0.00025057563632282256,0.01535247001406343
asthma_v2_asthma_P43WheezingRS_212.wav,0,1,0,0,0.8014863679068458,0.08393819060693757,0.07109243459196732,0.003814409085599378,0.03966859780864961
asthma_v2_asthma_P44WheezingIE_217.wav,0,1,0,0,0.9671799360255209,0.0015819130032217455,0.0051217721505588875,0.00035242012183651304,0.02576395869886234
asthma_v2_asthma_P44WheezingIU_218.wav,0,1,0,0,0.945256339469938,0.006234581938686991,0.019835468974716285,0.00044732688075403454,0.02822628273590456
asthma_v2_asthma_P44WheezingRL_219.wav,0,1,0,0,0.5325212407466735,0.005124531488277736,0.44546225205553497,0.0010259083190157557,0.015866067390497854
asthma_v2_asthma_P44WheezingRS_216.wav,0,1,0,0,0.936052256026893,0.01838157050448768,0.013748451863512812,0.014178008192379741,0.017639713412726934
asthma_v2_asthma_P44WheezingRS_220.wav,0,1,0,2,0.04875323935936136,0.0006103215016065938,0.9493173837302247,0.00029932110206389343,0.0010197343067434603
asthma_v2_asthma_P52WheezingIE_257.wav,0,1,0,0,0.9050683704458002,0.005378457752677986,0.06081212241372805,0.0005657027403879151,0.02817534664740604
asthma_v2_asthma_P52WheezingIU_258.wav,0,1,0,0,0.931113381006626,0.002081277721968876,0.04339337480690218,0.0006812458473999596,0.022730720617103007
asthma_v2_asthma_P52WheezingRL_259.wav,0,1,0,0,0.9439364869489164,0.03058874838221307,0.009320741335644665,0.0005112136679602158,0.015642809665265697
asthma_v2_asthma_P52WheezingRS_256.wav,0,1,0,0,0.9537959443355942,0.00812641115738502,0.026635385176606817,0.00025860650033003726,0.011183652830084089
asthma_v2_asthma_P52WheezingRS_260.wav,0,1,0,0,0.9440355974047542,0.01989951308442737,0.007478342916497915,0.0012062525664312625,0.027380294027889104
asthma_v2_asthma_P54WheezingIE_269.wav,0,1,0,4,0.08408456043327425,0.09054283927923533,0.038331559464021565,0.054974022094962195,0.732067018728507
asthma_v2_asthma_P54WheezingIU_266.wav,0,1,0,3,0.009651156520070307,0.26429480172170855,0.03657337631546054,0.43383257177907314,0.2556480936636874
asthma_v2_asthma_P54WheezingIU_270.wav,0,1,0,3,0.05382523640519037,0.06195090348966686,0.01424561827325526,0.5841138252394007,0.2858644165924868
asthma_v2_asthma_P54WheezingRL_267.wav,0,1,0,3,0.00913305526084631,0.05015333480306867,0.0071777674939719925,0.46936259415110576,0.4641732482910073
asthma_v2_asthma_P54WheezingRS_268.wav,0,1,0,3,0.019150508041515895,0.1374493640961603,0.009784821596961403,0.3338045634168729,0.4998107428484898
asthma_v2_asthma_P58WheezingIU_286.wav,0,1,0,4,0.05579043752564846,0.003306129775606591,0.0035769333669608207,0.0022759319714717842,0.9350505673603124
asthma_v2_asthma_P58WheezingRL_287.wav,0,1,0,4,0.2341176330814055,0.1193727670109399,0.003571008718025295,0.08530967204347331,0.5576289191461559
asthma_v2_asthma_P58WheezingRS_288.wav,0,1,0,4,0.14040120932259872,0.009907135474172544,0.0027046999195707044,0.0033542666611983984,0.8436326886224597
asthma_v2_asthma_P5AsthmaIE_21.wav,0,1,0,0,0.9266710196246126,0.01821955016486985,0.0007355365686475429,0.010603320358284768,0.04377057328358541
asthma_v2_asthma_P5AsthmaIE_25.wav,0,1,0,0,0.6303026649585813,0.0046824640246726544,0.002015259341220882,0.052458470976916416,0.31054114069860883
asthma_v2_asthma_P5AsthmaIU_22.wav,0,1,0,0,0.6841056439851276,0.007884520292601642,0.0018596810096947146,0.022903392199849614,0.2832467625127264
asthma_v2_asthma_P5AsthmaRL_23.wav,0,1,0,0,0.8540887774908469,0.009362746557188733,0.001407206794249455,0.022026944713298843,0.11311432444441605
asthma_v2_asthma_P5AsthmaRS_24.wav,0,1,0,0,0.7407668938636031,0.0060699933094419175,0.0014917707133898775,0.019516299026663405,0.23215504308690188
asthma_v2_copd_P10COPDMc_74.wav,0,1,2,0,0.28556322677707247,0.69087072127196,0.007137513432636961,0.005501599476102299,0.010926939042228273
asthma_v2_copd_P10COPDMc_76.wav,0,1,2,3,0.26700484468771757,0.38836272743331557,0.0222503619073014,0.2220862223157677,0.10029584365589818
asthma_v2_copd_P10COPDMc_78.wav,0,1,2,0,0.8816893181689788,0.07850713874233067,0.028078181320727657,0.0007254738046648672,0.010999887963298186
asthma_v2_copd_P10COPDMc_80.wav,0,1,2,0,0.9463497123840336,0.00571714911158956,0.01957291445502132,0.0005306986562404034,0.027829525393115177
asthma_v2_copd_P10COPDPr_73.wav,0,1,2,1,0.0872784604734177,0.9046232843762685,0.002677632336847752,0.00102280761709624,0.004397815196369845
asthma_v2_copd_P10COPDPr_75.wav,0,1,2,3,0.23764247150130574,0.04696347514866353,0.005500431715457336,0.6370641740942646,0.07282944754030868
asthma_v2_copd_P10COPDPr_77.wav,0,1,2,3,0.15749764154438695,0.015557440884410327,0.002920697173080538,0.7824236444763868,0.04160057592173525
asthma_v2_copd_P10COPDPr_79.wav,0,1,2,0,0.7809189816901863,0.1431411671107594,0.04498476891018019,0.0007858497990668064,0.030169232489807095
asthma_v2_copd_P12COPDMc_90.wav,0,1,2,2,0.002302548027120176,0.0010141437069802444,0.9959992125306232,0.0004794598398418303,0.00020463589543444027
asthma_v2_copd_P12COPDMc_92.wav,0,1,2,2,0.0028546627748710415,0.0014699148931825324,0.9953529478093468,0.00019151631133996732,0.00013095821125953008
asthma_v2_copd_P12COPDMc_94.wav,0,1,2,2,0.0020020004748688607,0.001229496637796575,0.9964895969458175,0.00021243302255890577,6.647291895813489e-05
asthma_v2_copd_P12COPDMc_96.wav,0,1,2,2,1.4894571489791918e-07,3.786681220508948e-07,0.9998991084940287,8.397482958936291e-05,1.6389062545006458e-05
asthma_v2_copd_P12COPDPr_89.wav,0,1,2,2,8.742306862127083e-07,6.059643498856303e-07,0.9998857359903146,8.630634435491287e-05,2.6477470294364467e-05
asthma_v2_copd_P12COPDPr_91.wav,0,1,2,2,0.056713821869338404,0.020271842192982285,0.9188519024725742,0.00275847847427434,0.0014039549908305042
asthma_v2_copd_P12COPDPr_93.wav,0,1,2,2,0.018127168651564093,0.01206602053264862,0.9684358801639117,0.0008701164983228207,0.0005008141535528334
asthma_v2_copd_P12COPDPr_95.wav,0,1,2,2,0.0005205015877454108,0.002325401735511495,0.9960554765575186,0.0008781365290800026,0.00022048359014476782
asthma_v2_copd_P20COPDMc_154.wav,0,1,2,2,0.001374419849316413,0.002280387508123486,0.9921629408339967,0.0010201264985058355,0.00316212531005715
asthma_v2_copd_P20COPDMc_156.wav,0,1,2,4,0.1949200418544095,0.03449910502518165,0.29346612674306977,0.02459278407962022,0.4525219422977188
asthma_v2_copd_P20COPDMc_158.wav,0,1,2,2,0.0012601623827870575,0.00011344230391512302,0.9980788852438173,0.00011879454673775624,0.0004287155227424409
asthma_v2_copd_P20COPDMc_160.wav,0,1,2,2,0.00361667844401562,0.0002577156259142039,0.9939004256821521,0.0007641289696714988,0.0014610512782464418
asthma_v2_copd_P20COPDPr_153.wav,0,1,2,2,0.007264921779615171,0.0009944330346463302,0.962197725818909,0.0009686816239284785,0.028574237742901038
asthma_v2_copd_P20COPDPr_155.wav,0,1,2,2,0.14357312567001776,0.045170997329752625,0.7522054947173963,0.013334233750600442,0.0457161485322329
asthma_v2_copd_P20COPDPr_157.wav,0,1,2,4,0.13315955760041487,0.2883975573953313,0.3312405034475896,0.05385973143405876,0.19334265012260549
asthma_v2_copd_P20COPDPr_159.wav,0,1,2,2,0.004701705407652219,0.00023170969592792805,0.9928181214956138,0.0002792230336182474,0.0019692403671877495
asthma_v2_copd_P25COPDMc_194.wav,0,1,2,2,9.131257091633345e-05,0.004824210288120886,0.9946876258218498,0.00021946124274484173,0.00017739007636813646
asthma_v2_copd_P25COPDMc_196.wav,0,1,2,2,0.0020430335289366706,0.05942650648935304,0.9270465806937835,0.005543326315370665,0.005940552972555814
asthma_v2_copd_P25COPDMc_198.wav,0,1,2,2,0.0009027942702928524,0.00048216205529303784,0.9983161779780813,0.0001538161536773284,0.00014504954265538822
asthma_v2_copd_P25COPDMc_200.wav,0,1,2,2,2.0622770098227415e-08,2.5457719591036124e-08,0.999902750655813,2.4158738627499345e-05,7.304452506999302e-05
asthma_v2_copd_P25COPDPr_193.wav,0,1,2,2,0.0009682501440151204,0.0015905869139063277,0.995401747927831,0.0010120307860482262,0.001027384228199106
asthma_v2_copd_P25COPDPr_195.wav,0,1,2,2,0.0006698297658438084,0.05929731676489259,0.9320737218434006,0.0035927924302640154,0.004366339195598884
asthma_v2_copd_P25COPDPr_197.wav,0,1,2,2,0.0009781846939708669,0.0006170422105097344,0.9980884201083907,0.00016916436678205332,0.00014718862034671394
asthma_v2_copd_P25COPDPr_199.wav,0,1,2,2,0.000599622883204454,0.0004508788585561391,0.9986336035468455,0.00019517520371293526,0.00012071950768076418
asthma_v2_copd_P27COPDMc_210.wav,0,1,2,2,0.0020638645057872653,0.0003802449210507717,0.9964634814460767,0.0005448601358840413,0.0005475489912014664
asthma_v2_copd_P27COPDMc_212.wav,0,1,2,2,3.867395040423578e-09,4.495270841325293e-09,0.999983259540355,3.811813584039671e-06,1.2920283395080445e-05
asthma_v2_copd_P27COPDMc_214.wav,0,1,2,2,8.201757747923049e-08,9.606111257023912e-08,0.9996842034593351,3.8093810037520116e-05,0.00027752465193724103
asthma_v2_copd_P27COPDMc_216.wav,0,1,2,2,0.00044510636885935275,0.00014741321556527493,0.9970613596728438,0.0017435398155505406,0.0006025809271812617
asthma_v2_copd_P27COPDPr_209.wav,0,1,2,2,5.0433417747563323e-08,7.596752522015994e-08,0.9999846414624189,1.0843724244722108e-05,4.388412393357382e-06
asthma_v2_copd_P27COPDPr_211.wav,0,1,2,2,0.0020996009280085056,0.0003953867624122965,0.9963870080078545,0.0005335494297395312,0.0005844548719853152
asthma_v2_copd_P27COPDPr_213.wav,0,1,2,2,7.392319532653002e-07,8.024224618585276e-07,0.9990325478106551,6.949928101051012e-05,0.0008964112539192483
asthma_v2_copd_P27COPDPr_215.wav,0,1,2,2,4.1981914029416446e-08,7.345495849768516e-08,0.9997562952276483,0.00020828081452002568,3.5308520959038835e-05
asthma_v2_copd_P38COPDMc_298.wav,0,1,2,2,0.16105140681284108,0.007729915477284483,0.7933427832100095,0.0005618714928584546,0.03731402300700652
asthma_v2_copd_P38COPDMc_300.wav,0,1,2,2,0.005284754913670421,0.0008100559489685586,0.9921124182923646,0.00017643062072007106,0.0016163402242763958
asthma_v2_copd_P38COPDMc_302.wav,0,1,2,2,0.028442267203462268,0.002366460370951719,0.9629225565786529,0.0011068253491425997,0.005161890497790513
asthma_v2_copd_P38COPDMc_304.wav,0,1,2,2,0.02738319859239223,0.0006870651541603047,0.8605352470570252,0.01057840650573272,0.10081608269068959
asthma_v2_copd_P38COPDPr_297.wav,0,1,2,2,0.016701180376504143,0.002339674355825652,0.9761070113492003,0.00012250061763310224,0.004729633300836973
asthma_v2_copd_P38COPDPr_299.wav,0,1,2,2,0.08252598401854626,0.005246157569241644,0.8884477955086957,0.0007271473334645195,0.023052915570052093
asthma_v2_copd_P38COPDPr_301.wav,0,1,2,2,0.025473926317152437,0.0025263523942093418,0.963103747049442,0.0004724687849503249,0.008423505454245988
asthma_v2_copd_P38COPDPr_303.wav,0,1,2,2,0.03891325942107982,0.0024996990218905625,0.939613143255244,0.005915974976466101,0.013057923325319217
asthma_v2_copd_P40COPDMc_314.wav,0,1,2,2,0.005495121936507664,0.164780725944094,0.8076105421948099,0.01090540704011353,0.011208202884474872
asthma_v2_copd_P40COPDMc_316.wav,0,1,2,2,1.54436754635918e-08,1.402774321547266e-08,0.9998762420304593,9.534676152260867e-06,0.00011419382196961586
asthma_v2_copd_P40COPDMc_318.wav,0,1,2,2,0.2018110305686106,0.1140999028684888,0.5528224918325831,0.0039350497375614775,0.12733152499275566
asthma_v2_copd_P40COPDMc_320.wav,0,1,2,4,0.15588748357191257,0.10443411235442826,0.028980036762912668,0.0017433092285142095,0.7089550580822321
asthma_v2_copd_P40COPDPr_313.wav,0,1,2,2,0.010936427319722034,0.18970461061461757,0.7581617783271483,0.02707080545873664,0.014126378279775779
asthma_v2_copd_P40COPDPr_315.wav,0,1,2,2,2.6852685687970234e-10,3.5811354143992915e-10,0.999996571438232,4.832317632782607e-07,2.944703364467179e-06
asthma_v2_copd_P40COPDPr_317.wav,0,1,2,2,5.076178406721924e-09,5.292704800706736e-09,0.9999827888616143,1.5811390339033573e-06,1.56196304685126e-05
asthma_v2_copd_P40COPDPr_319.wav,0,1,2,4,0.11067473385090112,0.11820115500607098,0.07187470727027344,0.002616735495803328,0.6966326683769508
asthma_v2_copd_P44COPDMc_346.wav,0,1,2,2,0.0033470012552721667,0.0006496600704604127,0.99175701462421,0.0005156648310633576,0.0037306592189945906
asthma_v2_copd_P44COPDMc_348.wav,0,1,2,4,0.022088287407675697,0.00414752396870225,0.5472484060283664,0.015794356652806325,0.41072142594244954
asthma_v2_copd_P44COPDMc_350.wav,0,1,2,2,0.0022855873166109796,0.2704111172726709,0.7187992616166203,0.0059647585653269854,0.002539275228770474
asthma_v2_copd_P44COPDMc_352.wav,0,1,2,2,7.63675995725762e-08,6.459466777392539e-08,0.9998474695249888,3.625403365579241e-05,0.00011613547908820118
asthma_v2_copd_P44COPDPr_345.wav,0,1,2,2,1.69547309725454e-06,3.571347246686007e-06,0.9983557732059262,0.0002470594259660844,0.0013919005477637247
asthma_v2_copd_P44COPDPr_347.wav,0,1,2,2,0.018272059416391425,0.00350932922264614,0.8805562675779797,0.00618989613317384,0.09147244764980936
asthma_v2_copd_P44COPDPr_349.wav,0,1,2,2,0.0013305039392869644,0.08063911552029801,0.9116377445231264,0.004476609581602061,0.001916026435686659
asthma_v2_copd_P44COPDPr_351.wav,0,1,2,2,0.0013188756912983204,0.09753825817373754,0.8941735741399146,0.004922663819139542,0.00204662817591018
asthma_v2_copd_P46COPDMc_362.wav,0,1,2,2,0.0018207727325925207,0.0016169974875828706,0.9868298631836733,0.003352920023096649,0.006379446573054438
asthma_v2_copd_P46COPDMc_364.wav,0,1,2,4,0.005382387946114934,0.0012346993545391,0.5297716586371378,0.006762063869639647,0.45684919019256814
asthma_v2_copd_P46COPDMc_366.wav,0,1,2,2,0.001345344096676816,0.0006797084583749905,0.968031456908215,0.0033400062466350726,0.026603484290097925
asthma_v2_copd_P46COPDMc_368.wav,0,1,2,2,0.019970841902596268,0.005268921060080797,0.9452205908938446,0.0019059929164635858,0.027633653227014766
asthma_v2_copd_P46COPDPr_361.wav,0,1,2,4,0.006716283881368055,0.08716908024885495,0.4720988162943035,0.03763681641703012,0.3963790031584435
asthma_v2_copd_P46COPDPr_363.wav,0,1,2,2,0.0037612817217599994,0.0013272972290054577,0.9858530856234133,0.0014004447968611988,0.007657890628960199
asthma_v2_copd_P46COPDPr_365.wav,0,1,2,2,0.0031462790511331226,0.0002237683463155477,0.950125840451727,0.006667674753952925,0.03983643739687117
asthma_v2_copd_P46COPDPr_367.wav,0,1,2,2,0.004990838118818822,0.00559496187485715,0.9752957600754811,0.0036937482318703946,0.010424691698972451
asthma_v2_copd_P5COPDMc_34.wav,0,1,2,2,0.06524306071902002,0.0008984471559554668,0.9088563316327913,0.007065136180905983,0.01793702431132689
asthma_v2_copd_P5COPDMc_36.wav,0,1,2,2,0.003955227567824763,0.014089593335892618,0.8869313366403462,0.010283196411759935,0.08474064604417665
asthma_v2_copd_P5COPDMc_38.wav,0,1,2,2,0.0012570738965271978,0.04210128452874799,0.942994774918364,0.00137297507287891,0.012273891583481415
asthma_v2_copd_P5COPDMc_40.wav,0,1,2,2,0.028769164197813592,0.009649120010298,0.9430499571246225,0.011939670197043641,0.006592088470222276
asthma_v2_copd_P5COPDPr_33.wav,0,1,2,2,0.013773098071888763,0.0014147705980482577,0.9819077364050607,0.0011862477075967835,0.0017181472174054575
asthma_v2_copd_P5COPDPr_35.wav,0,1,2,2,0.03934258731494124,0.01709691335725111,0.9305684107238094,0.006816619919129019,0.00617546868486947
asthma_v2_copd_P5COPDPr_37.wav,0,1,2,2,0.002831593901395744,0.09156572796116293,0.8800149942600829,0.006565537189580969,0.01902214668777786
asthma_v2_copd_P5COPDPr_39.wav,0,1,2,2,0.005541051943403346,0.31877796803536856,0.6430456021129125,0.005443963971113602,0.02719141393720205
asthma_v2_healthy_P12Healthy16S.wav,0,1,3,3,0.009211789186458838,0.004218720471670527,0.04910928135725863,0.9277633536784322,0.009696855306180191
asthma_v2_healthy_P12Healthy67S.wav,0,1,3,1,0.12183273059212839,0.4850899782418022,0.2108266192545337,0.05342699669010201,0.12882367522143373
asthma_v2_healthy_P12Healthy93S.wav,0,1,3,2,0.0797395896898495,0.07497640095194337,0.539728937919137,0.13240442138694591,0.173150650052124
asthma_v2_healthy_P12Healthy98S.wav,0,1,3,3,0.009744729909192198,0.007012355546504034,0.028482468300011797,0.9278317993859673,0.026928646858324648
asthma_v2_healthy_P12Healthy99S.wav,0,1,3,3,0.029039375333223035,0.07115618301379971,0.5249697200909084,0.3090180820118044,0.06581663955026444
asthma_v2_healthy_P15Healthy14S.wav,0,1,3,3,0.041030866930293265,0.07018619812801534,0.029250314210503926,0.7734414171229451,0.08609120360824254
asthma_v2_healthy_P15Healthy55S.wav,0,1,3,3,0.0906384700833376,0.14828104523162816,0.24594331286094767,0.43814981441162704,0.07698735741245971
asthma_v2_healthy_P15Healthy61S.wav,0,1,3,4,0.012994360880017874,0.007835679585681758,0.001202650422980433,0.2702574227255026,0.7077098863858174
asthma_v2_healthy_P15Healthy65S.wav,0,1,3,3,0.02281680237935278,0.04099414422981758,0.06411800460386131,0.807549035021678,0.06452201376529038
asthma_v2_healthy_P15Healthy93S.wav,0,1,3,3,0.0427812667795209,0.029816671562121255,0.035353307679005304,0.8572582224171867,0.034790531562165654
asthma_v2_healthy_P16Healthy18S.wav,0,1,3,4,0.012994360880017874,0.007835679585681758,0.001202650422980433,0.2702574227255026,0.7077098863858174
asthma_v2_healthy_P16Healthy19S.wav,0,1,3,3,0.010312746021496401,0.005590731884231831,0.0008867259132878226,0.336736275676141,0.6464735205048429
asthma_v2_healthy_P16Healthy26S.wav,0,1,3,3,0.008722708026263713,0.006737061306121158,0.0005953794140700453,0.3707605781710724,0.6131842730824725
asthma_v2_healthy_P16Healthy38S.wav,0,1,3,3,0.010312746021496401,0.005590731884231831,0.0008867259132878226,0.336736275676141,0.6464735205048429
asthma_v2_healthy_P16Healthy41S.wav,0,1,3,3,0.008722708026263713,0.006737061306121158,0.0005953794140700453,0.3707605781710724,0.6131842730824725
asthma_v2_healthy_P21Healthy15S.wav,0,1,3,3,0.04521319245556386,0.0030326102445397685,0.024728400789982497,0.717303782330913,0.20972201417900066
asthma_v2_healthy_P21Healthy38S.wav,0,1,3,3,0.047498506669567585,0.0037452324797825464,0.021894624144557805,0.6469946242072296,0.2798670124988624
asthma_v2_healthy_P21Healthy53S.wav,0,1,3,3,0.05851198422612355,0.006630969209086851,0.15523925223966176,0.6766377645458274,0.10298002977930047
asthma_v2_healthy_P21Healthy95S.wav,0,1,3,3,0.04628630579937444,0.006685783621297078,0.0007611754709186323,0.9160076740420046,0.030259061066405486
asthma_v2_healthy_P21Healthy98S.wav,0,1,3,3,0.16446391721956685,0.006768798329559827,0.0013020248218345357,0.7859902771885773,0.04147498244046162
asthma_v2_healthy_P4Healthy12S.wav,0,1,3,3,0.1055747969443178,0.17556972578483301,0.0168618933207556,0.13278861750040202,0.5692049664496919
asthma_v2_healthy_P4Healthy22S.wav,0,1,3,1,0.038028080867197875,0.6414877425596497,0.0553676071757598,0.045490846051218226,0.2196257233461744
asthma_v2_healthy_P4Healthy62S.wav,0,1,3,3,0.03379575017733138,0.4232653463032718,0.12564835240475383,0.3785352733455724,0.0387552777690703
asthma_v2_healthy_P4Healthy69S.wav,0,1,3,4,0.030931405622689756,0.12078010589815619,0.19938786730684993,0.04387551333935235,0.6050251078329517
asthma_v2_healthy_P4Healthy77S.wav,0,1,3,1,0.02084557562695117,0.7359029127433618,0.051827390791750944,0.1736403347757295,0.01778378606220675
asthma_v2_healthy_P5Healthy10S.wav,0,1,3,3,0.019901380025929415,0.006509242041767217,0.0023282059997132253,0.8513251797036547,0.11993599222893538
asthma_v2_healthy_P5Healthy57S.wav,0,1,3,3,0.006848521872990186,0.001024106206994538,0.0006503202623418493,0.9595396436250744,0.03193740803259917
asthma_v2_healthy_P5Healthy87S.wav,0,1,3,3,0.009028332464971282,0.0023443993870659458,0.008178705634191817,0.9555898923386006,0.02485867017517058
asthma_v2_healthy_P5Healthy92S.wav,0,1,3,3,0.00528502630249002,0.0008163699863218242,0.004826246004200875,0.9746021776277244,0.014470180079262752
asthma_v2_healthy_P5Healthy96S.wav,0,1,3,3,0.0484323138237902,0.002722347506955091,0.006225833042220313,0.9060712826118497,0.036548223015184865
asthma_v2_pneumonia_P12Pneumonia23P.wav,0,1,4,4,0.022303716505211405,0.01961127364939853,0.023335290141844947,0.003444464667649078,0.931305255035896
asthma_v2_pneumonia_P12Pneumonia44H.wav,0,1,4,4,0.104584094741423,0.04177631203194301,0.0478075906667463,0.010811302059642704,0.7950207005002446
asthma_v2_pneumonia_P12Pneumonia45B.wav,0,1,4,4,0.15494735236630977,0.11758123490915529,0.06629970347799154,0.011061868853983128,0.6501098403925604
asthma_v2_pneumonia_P12Pneumonia46L.wav,0,1,4,4,0.16888215722407807,0.11897025164360074,0.004491260060104007,0.003077953767280638,0.7045783773049369
asthma_v2_pneumonia_P12Pneumonia59Q.wav,0,1,4,4,0.05555990066729566,0.05735780467470307,0.029856489954840092,0.0016021378877334187,0.8556236668154281
asthma_v2_pneumonia_P12Pneumonia97E.wav,0,1,4,4,0.06186959404558387,0.08306425513059598,0.030946904171374065,0.00479284030570058,0.8193264063467457
asthma_v2_pneumonia_P17Pneumonia49T.wav,0,1,4,4,0.03978665859648365,0.006665021053638314,0.00017841367493895305,0.003871559025726682,0.9494983476492124
asthma_v2_pneumonia_P17Pneumonia51I.wav,0,1,4,4,0.017427433501309722,0.02037380841117009,0.4880351768317821,0.0358566659735113,0.43830691528222687
asthma_v2_pneumonia_P17Pneumonia57K.wav,0,1,4,4,0.019197154694520765,0.0019119556257770527,6.731478858192366e-05,0.0004765503343304643,0.9783470245567896
asthma_v2_pneumonia_P17Pneumonia63G.wav,0,1,4,4,0.17224908070068942,0.05065015315854865,0.0023826174027179164,0.03209226053064489,0.7426258882073993
asthma_v2_pneumonia_P17Pneumonia86O.wav,0,1,4,4,0.03576533846011987,0.05537975255645195,0.2845986110177938,0.02530309642049053,0.5989532015451441
asthma_v2_pneumonia_P17Pneumonia91K.wav,0,1,4,2,0.009902660156857252,0.03781726872390886,0.750304079428786,0.02482608720441573,0.17714990448603188
asthma_v2_pneumonia_P23Pneumonia19A.wav,0,1,4,4,0.2061030576876034,0.010684730488258019,0.04268786810198513,0.021606490809809486,0.7189178529123441
asthma_v2_pneumonia_P23Pneumonia40O.wav,0,1,4,4,0.2809446993630324,0.024369855648598036,0.02649039917634921,0.009654894448295528,0.6585401513637248
asthma_v2_pneumonia_P23Pneumonia54P.wav,0,1,4,4,0.3091559278176158,0.01012200512361437,0.037402026446094014,0.017699545088319064,0.6256204955243567
asthma_v2_pneumonia_P23Pneumonia60Y.wav,0,1,4,4,0.1477750424914642,0.007814435818926645,0.02742990715101164,0.018414662563984333,0.7985659519746131
asthma_v2_pneumonia_P23Pneumonia90V.wav,0,1,4,4,0.10576711814752693,0.025015405185786304,0.024026960586321058,0.018831058357797296,0.8263594577225684
asthma_v2_pneumonia_P23Pneumonia97P.wav,0,1,4,4,0.10525285070973332,0.025612765401988955,0.05210748326558533,0.10805340789788394,0.7089734927248084
asthma_v2_pneumonia_P25Pneumonia11Z.wav,0,1,4,3,0.13090875044725978,0.014584045452899085,0.04938190509858527,0.7174316729736409,0.08769362602761514
asthma_v2_pneumonia_P25Pneumonia16B.wav,0,1,4,4,0.028771102768352805,0.005521270154215821,0.007356091796719103,0.01269364039571775,0.9456578948849943
asthma_v2_pneumonia_P25Pneumonia30I.wav,0,1,4,3,0.2265085439720696,0.010258135978524263,0.00942082956654074,0.19603838975197196,0.5577741007308936
asthma_v2_pneumonia_P25Pneumonia42V.wav,0,1,4,3,0.023938611801565365,0.010922702067677526,0.006275811470667364,0.878003306466127,0.08085956819396245
asthma_v2_pneumonia_P25Pneumonia93N.wav,0,1,4,3,0.13672863212413594,0.007332732629643107,0.03152995192720117,0.6131149791980138,0.21129370412100598
asthma_v2_pneumonia_P25Pneumonia97D.wav,0,1,4,4,0.00562466698413492,0.0030461379672900605,0.0024493226319544452,0.03702623016923984,0.9518536422473807
asthma_v2_pneumonia_P34Pneumonia15R.wav,0,1,4,4,0.026173774262349264,0.010452014943998975,0.001226056782407037,0.003981140371008764,0.958167013640236
asthma_v2_pneumonia_P34Pneumonia36H.wav,0,1,4,4,0.053778303649819496,0.011045902792962603,0.0005135357739845998,0.009190649463967271,0.9254716083192661
asthma_v2_pneumonia_P34Pneumonia61E.wav,0,1,4,4,0.04104185497223702,0.00949735303157069,0.0003710110887527807,0.023590794042542405,0.9254989868648968
asthma_v2_pneumonia_P34Pneumonia66M.wav,0,1,4,4,0.035123214730059776,0.011571264847760538,0.000696930700078974,0.008056625401068607,0.9445519643210322
asthma_v2_pneumonia_P34Pneumonia77O.wav,0,1,4,4,0.020395021506030817,0.00851502589627458,0.00046976761750673347,0.005709841792864492,0.9649103431873233
asthma_v2_pneumonia_P34Pneumonia99G.wav,0,1,4,4,0.0617992213622298,0.012890890368977866,0.0005649522869601525,0.0018635065878347368,0.9228814293939974
asthma_v2_pneumonia_P38Pneumonia23A.wav,0,1,4,0,0.8835577766908709,0.07262708893544767,0.012480555004435371,0.0012462021409044713,0.030088377228341463
asthma_v2_pneumonia_P38Pneumonia34H.wav,0,1,4,0,0.7496648152441753,0.034946545885010005,0.003849426073883251,0.032434369662667197,0.17910484313426414
asthma_v2_pneumonia_P38Pneumonia35P.wav,0,1,4,0,0.701884589146173,0.11592722569052413,0.03715880715094071,0.0029612102146829803,0.14206816779767928
asthma_v2_pneumonia_P38Pneumonia41S.wav,0,1,4,0,0.8422110732688511,0.03957211663860343,0.0046887330029598915,0.005143581341469354,0.10838449574811611
asthma_v2_pneumonia_P38Pneumonia61R.wav,0,1,4,0,0.9203483949629143,0.03462525492637414,0.014029429272536469,0.0021294462564022147,0.02886747458177275
asthma_v2_pneumonia_P38Pneumonia64N.wav,0,1,4,0,0.9290553451196211,0.024846441533043828,0.013249087943814264,0.003995916325940192,0.028853209077580804
asthma_v2_pneumonia_P41Pneumonia17O.wav,0,1,4,4,0.3773704615262556,0.004988662881192158,0.045266708318066076,0.00361296996329865,0.5687611973111877
asthma_v2_pneumonia_P41Pneumonia25E.wav,0,1,4,2,0.08573954194901251,0.005700060800702977,0.8806955626346208,0.0012877990133828017,0.026577035602280957
asthma_v2_pneumonia_P41Pneumonia31S.wav,0,1,4,0,0.4082580545687717,0.2877875733380902,0.017078107012098196,0.04488484608183498,0.2419914189992052
asthma_v2_pneumonia_P41Pneumonia41D.wav,0,1,4,0,0.47714409409262487,0.006926258871024908,0.4870959094740678,0.0007020268583940109,0.028131710703888403
asthma_v2_pneumonia_P41Pneumonia71Q.wav,0,1,4,0,0.9149713477450321,0.0015489242091709986,0.0030839590644854203,0.007989677933382715,0.07240609104792868
asthma_v2_pneumonia_P41Pneumonia72U.wav,0,1,4,0,0.9467239316895247,0.013591809685138793,0.0011913264584108702,0.0002816922982424127,0.03821123986868303
asthma_v2_pneumonia_P45Pneumonia10J.wav,0,1,4,4,0.029068854500397347,0.012082070385704564,0.01345065944623168,0.22619807695319008,0.7192003387144764
asthma_v2_pneumonia_P45Pneumonia25T.wav,0,1,4,4,0.14246398047697323,0.004916481452851997,0.031352949854272776,0.021343173400567225,0.7999234148153348
asthma_v2_pneumonia_P45Pneumonia29L.wav,0,1,4,4,0.2857852614104236,0.008412110134775575,0.06015683033671311,0.020429090882377016,0.625216707235711
asthma_v2_pneumonia_P45Pneumonia51F.wav,0,1,4,4,0.041123275812090326,0.017163225118941697,0.028816153774376498,0.205476215172646,0.7074211301219456
asthma_v2_pneumonia_P45Pneumonia59I.wav,0,1,4,4,0.0892665648808498,0.0025635712019533535,0.034288000964856014,0.026680668845234352,0.8472011941071065
asthma_v2_pneumonia_P45Pneumonia72P.wav,0,1,4,3,0.09140345922564128,0.016702742536181432,0.08881423191781923,0.2952637728398164,0.5078157934805414
asthma_v2_Bronchial_P10BronchialSc_46.wav,0,2,1,2,0.0016446705651103437,0.033345346386164335,0.9394347736759514,0.0063726570700328765,0.019202552302740917
asthma_v2_Bronchial_P10BronchialSc_48.wav,0,2,1,2,0.0004227014471945092,0.027713283405261174,0.9635581139431424,0.004340922638699842,0.003964978565702118
asthma_v2_Bronchial_P10BronchialSc_50.wav,0,2,1,1,0.0038915077205359245,0.9432371853012913,0.04960613262654037,0.0016024070477858117,0.0016627673038466378
asthma_v2_Bronchial_P10BronchialTc_47.wav,0,2,1,2,0.0004420932442650334,0.03341525083837742,0.9598884622149997,0.002743964959773981,0.0035102287425837733
asthma_v2_Bronchial_P10BronchialTc_49.wav,0,2,1,1,0.005349005706566773,0.9583300839844786,0.03208431298008703,0.0022128445632233814,0.0020237527656441854
asthma_v2_Bronchial_P12BronchialSc_56.wav,0,2,1,0,0.9601970420928286,0.00932743048132589,0.001703697156822376,0.0013636823239646875,0.027408147945058282
asthma_v2_Bronchial_P12BronchialSc_58.wav,0,2,1,0,0.9498361093892929,0.008122397398637266,0.020268218031516783,0.010862508593041668,0.010910766587511545
asthma_v2_Bronchial_P12BronchialSc_60.wav,0,2,1,3,0.2227966041954964,0.04621846186633941,0.008930818601242736,0.6601280074540997,0.061926107882822136
asthma_v2_Bronchial_P12BronchialTc_57.wav,0,2,1,0,0.9701791656067529,0.009989727239307328,0.0016439287392570772,0.0006067213197108734,0.01758045709497211
asthma_v2_Bronchial_P12BronchialTc_59.wav,0,2,1,0,0.9081995207718947,0.01925131627821797,0.005905360866002532,0.0020041488506433417,0.06463965323324158
asthma_v2_Bronchial_P3BronchialSc_12.wav,0,2,1,1,0.007527826259384243,0.9695388080366553,0.013051062141949916,0.007240352846180203,0.00264195071583062
asthma_v2_Bronchial_P3BronchialSc_14.wav,0,2,1,1,0.007208376339688324,0.2673689080296356,0.5122541487471035,0.1912992855768949,0.021869281306678007
asthma_v2_Bronchial_P3BronchialTc_11.wav,0,2,1,1,0.010141896575496861,0.9577015573514566,0.019831308821730297,0.008608975119955377,0.003716262131361046
asthma_v2_Bronchial_P3BronchialTc_13.wav,0,2,1,1,0.008268364830561226,0.35397319767776647,0.549042690348781,0.07628379025495131,0.012431956887939835
asthma_v2_Bronchial_P3BronchialTc_15.wav,0,2,1,1,0.0075111722862742,0.4422497163607144,0.31557438914113173,0.21666779970318964,0.01799692250868977
asthma_v2_Bronchial_P6BronchialSc_26.wav,0,2,1,1,0.0031245922099890616,0.7494298748798418,0.20254144794762993,0.03317174506409875,0.011732339898440382
asthma_v2_Bronchial_P6BronchialSc_28.wav,0,2,1,1,0.0008505856286135785,0.9904868588825859,0.005137598764736776,0.002552204996911973,0.0009727517271519282
asthma_v2_Bronchial_P6BronchialSc_30.wav,0,2,1,1,0.0014841672897117704,0.9401837304657921,0.04402773040897406,0.006080591831008058,0.00822378000451424
asthma_v2_Bronchial_P6BronchialTc_27.wav,0,2,1,1,0.0026139739004826397,0.9631386396768614,0.016735996383036716,0.014743034116637995,0.0027683559229814067
asthma_v2_Bronchial_P6BronchialTc_29.wav,0,2,1,1,0.004536852261763743,0.9382391927242208,0.02841966458461901,0.011510952654153792,0.017293337775242393
asthma_v2_Bronchial_P8BronchialSc_36.wav,0,2,1,1,0.007485264990295286,0.9555331825276918,0.011723285816004413,0.014430646002946705,0.010827620663061976
asthma_v2_Bronchial_P8BronchialSc_38.wav,0,2,1,1,0.0007128264112902462,0.9794653941967228,0.01402929747220098,0.0024582253275367374,0.003334256592249235
asthma_v2_Bronchial_P8BronchialSc_40.wav,0,2,1,1,0.0009112003641321621,0.9680984003116041,0.0176341886091254,0.011703782741179405,0.0016524279739588935
asthma_v2_Bronchial_P8BronchialTc_37.wav,0,2,1,1,0.0156265152911324,0.9321784260509953,0.013987330235328005,0.013523019089770999,0.024684709332773513
asthma_v2_Bronchial_P8BronchialTc_39.wav,0,2,1,1,0.0018901183492736572,0.9768019692192581,0.0120233046259787,0.00774379536062481,0.0015408124448650228
asthma_v2_asthma_P14WheezingIE_69.wav,0,2,0,0,0.5236616361701342,0.025795999058042772,0.04402325970851368,0.2166760637080814,0.1898430413552281
asthma_v2_asthma_P14WheezingIU_66.wav,0,2,0,0,0.9626401280326812,0.0067128052233610186,0.0038479281746413158,0.0006644269760257933,0.02613471159329089
asthma_v2_asthma_P14WheezingIU_70.wav,0,2,0,4,0.358384003295669,0.002629363402051467,0.002842993584158243,0.01686791038850241,0.6192757293296184
asthma_v2_asthma_P14WheezingRL_67.wav,0,2,0,0,0.8449127823439958,0.002641133442582029,0.011877929852560752,0.013176752938455069,0.12739140142240635
asthma_v2_asthma_P14WheezingRS_68.wav,0,2,0,0,0.7982039719080285,0.0015358653611300423,0.0022077073148383777,0.004423900952309933,0.19362855446369293
asthma_v2_asthma_P19WheezingIE_93.wav,0,2,0,4,0.38306346014773524,0.042955060057867665,0.0036667296899908237,0.017500564663423108,0.5528141854409835
asthma_v2_asthma_P19WheezingIU_94.wav,0,2,0,0,0.7524323646118647,0.08217982519907593,0.042145394032251836,0.002365112349999592,0.12087730380680778
asthma_v2_asthma_P19WheezingRL_91.wav,0,2,0,0,0.9736205750873885,0.006081030484199305,0.0007444747972849425,0.0001355665522384906,0.019418353078888874
asthma_v2_asthma_P19WheezingRL_95.wav,0,2,0,0,0.9743493406672962,0.0036035577620226987,0.00044136345808671885,0.00012832551155742634,0.021477412601037204
asthma_v2_asthma_P19WheezingRS_92.wav,0,2,0,3,0.37123723643801987,0.02147762841666889,0.02102460564411499,0.4052981619191659,0.18096236758203074
asthma_v2_asthma_P24WheezingIE_117.wav,0,2,0,0,0.8175325842939533,0.0014474294330430134,0.026646981939482433,0.00037881172363545484,0.15399419260988562
asthma_v2_asthma_P24WheezingIU_118.wav,0,2,0,0,0.6922294741560606,0.018695042050231626,0.031415983477300076,0.010090381943881083,0.24756911837252651
asthma_v2_asthma_P24WheezingRL_119.wav,0,2,0,0,0.9158928013875036,0.008848431976572821,0.0017071867747357015,0.0001800593683737192,0.07337152049281408
asthma_v2_asthma_P24WheezingRS_116.wav,0,2,0,0,0.8882616126494868,0.005204408736056389,0.006027826427469376,0.0011013315310757,0.09940482065591147
asthma_v2_asthma_P24WheezingRS_120.wav,0,2,0,0,0.5864751162808884,0.01968891875561808,0.09828773844157289,0.010322586507532929,0.2852256400143877
asthma_v2_asthma_P30WheezingIE_149.wav,0,2,0,0,0.9011360702640825,0.009319116981645646,0.00067857679736575,0.0028153943527073847,0.08605084160419886
asthma_v2_asthma_P30WheezingIU_146.wav,0,2,0,0,0.6452221416839068,0.0011454723982665311,0.0008902284713974348,0.0006699939215529445,0.3520721635248762
asthma_v2_asthma_P30WheezingIU_150.wav,0,2,0,0,0.7333896992042704,0.09998649054562465,0.0028788378191267885,0.009164541669880826,0.15458043076109707
asthma_v2_asthma_P30WheezingRL_147.wav,0,2,0,0,0.7926550236601327,0.04149527394166739,0.00694305889199493,0.0009794294223024207,0.15792721408390242
asthma_v2_asthma_P30WheezingRS_148.wav,0,2,0,0,0.844974595491838,0.0178461586368052,0.0020187594151350424,0.0019308891676210122,0.13322959728860065
asthma_v2_asthma_P32WheezingIE_157.wav,0,2,0,0,0.7405324419334022,0.01047307653602362,0.00468313224721966,0.005686925299332667,0.23862442398402167
asthma_v2_asthma_P32WheezingIU_158.wav,0,2,0,0,0.867875855854067,0.01929808802510829,0.005576222333244202,0.0059689636460571755,0.10128087014152333
asthma_v2_asthma_P32WheezingRL_159.wav,0,2,0,0,0.3107063344221244,0.3848966980319887,0.04455034298838482,0.012650410955042855,0.2471962136024594
asthma_v2_asthma_P32WheezingRS_156.wav,0,2,0,0,0.9213913870036579,0.012622682306754486,0.003609225950040929,0.017402410923462647,0.04497429381608401
asthma_v2_asthma_P32WheezingRS_160.wav,0,2,0,0,0.5756731143837471,0.005338253478830949,0.006272330023952629,0.0037285500403326506,0.40898775207313653
asthma_v2_asthma_P36WheezingIE_177.wav,0,2,0,0,0.9734858156342135,0.004473960719617335,0.008203966745693961,0.00036988607006755515,0.01346637083040783
asthma_v2_asthma_P36WheezingIU_178.wav,0,2,0,0,0.9620740202222888,0.00069372304975269,0.005844358482934089,0.00016695205337531783,0.031220946191649362
asthma_v2_asthma_P36WheezingRL_179.wav,0,2,0,0,0.5426458677716413,0.19116497232546012,0.1341206908014323,0.00396572657571384,0.12810274252575252
asthma_v2_asthma_P36WheezingRS_176.wav,0,2,0,0,0.9662716315788744,0.004002442753556647,0.015500263298797477,0.0004174969010355794,0.013808165467735839
asthma_v2_asthma_P36WheezingRS_180.wav,0,2,0,0,0.3880982234222585,0.4997548120821832,0.08193791366068573,0.0016961877924478138,0.028512863042424615
asthma_v2_asthma_P45WheezingIE_221.wav,0,2,0,0,0.8734219954017716,0.018880799815924703,0.030418032404353555,0.022698578672597107,0.05458059370535306
asthma_v2_asthma_P45WheezingIE_225.wav,0,2,0,0,0.912143855493258,0.021412998768118537,0.009487207526244542,0.0009506417821898374,0.056005296430189096
asthma_v2_asthma_P45WheezingIU_222.wav,0,2,0,0,0.9499768297792479,0.008556629153517787,0.015465188933748535,0.001991965042546975,0.024009387090938913
asthma_v2_asthma_P45WheezingRL_223.wav,0,2,0,0,0.867837675305011,0.02489040398985495,0.08468273153724036,0.0029483335268674403,0.019640855641026248
asthma_v2_asthma_P45WheezingRS_224.wav,0,2,0,0,0.8062940459612091,0.002351881582205894,0.06273707601845836,0.002164558846869111,0.1264524375912572
asthma_v2_asthma_P46WheezingIE_229.wav,0,2,0,0,0.8328537040194296,0.04312106120039652,0.07372626583343095,0.003355513232331008,0.04694345571441195
asthma_v2_asthma_P46WheezingIU_226.wav,0,2,0,0,0.7906819041247714,0.09337941541117371,0.07290075161268368,0.005702469552733175,0.037335459298638025
asthma_v2_asthma_P46WheezingIU_230.wav,0,2,0,0,0.7984403433322932,0.010057140264548063,0.060218507185434776,0.003935728895635846,0.12734828032208803
asthma_v2_asthma_P46WheezingRL_227.wav,0,2,0,0,0.683480213734984,0.041938845004673785,0.25142423155337074,0.002805237223722842,0.020351472483248426
asthma_v2_asthma_P46WheezingRS_228.wav,0,2,0,0,0.5995194601715187,0.08815824098021778,0.28677902118716153,0.002433598573221853,0.02310967908788036
asthma_v2_asthma_P48WheezingIE_237.wav,0,2,0,0,0.833613547480533,0.010285455462228105,0.019723027847998346,0.0017001869503370523,0.13467778225890326
asthma_v2_asthma_P48WheezingIU_238.wav,0,2,0,0,0.9104272809812346,0.007419283656627251,0.02698839155776512,0.002942266247977056,0.05222277755639619
asthma_v2_asthma_P48WheezingRL_239.wav,0,2,0,0,0.8415782056749272,0.025205589682341864,0.04686216773199304,0.0034673499861667756,0.08288668692457103
asthma_v2_asthma_P48WheezingRS_236.wav,0,2,0,0,0.7655025510462069,0.022298084386911686,0.04435706879748429,0.002872375588538601,0.16496992018085843
asthma_v2_asthma_P48WheezingRS_240.wav,0,2,0,0,0.8913393059002696,0.002142933645182481,0.023996166831711043,0.0010977036431020592,0.08142388997973486
asthma_v2_asthma_P57WheezingIE_281.wav,0,2,0,3,0.1099681236647114,0.004500137987852278,0.009769997700320963,0.6234333725666986,0.25232836808041675
asthma_v2_asthma_P57WheezingIE_285.wav,0,2,0,4,0.2189985567989839,0.2497085732705571,0.014284891765839839,0.09050322586111689,0.42650475230350243
asthma_v2_asthma_P57WheezingIU_282.wav,0,2,0,4,0.17644512429364848,0.0029457680059111293,0.0035336666408897783,0.22812567170097356,0.5889497693585771
asthma_v2_asthma_P57WheezingRL_283.wav,0,2,0,4,0.08154921313926952,0.0018605578805472678,0.0015157556916397445,0.0007217427105472775,0.914352730577996
asthma_v2_asthma_P57WheezingRS_284.wav,0,2,0,0,0.4435811625593211,0.2662568681699175,0.012766982221557994,0.07341737210706052,0.20397761494214278
asthma_v2_copd_P13COPDMc_100.wav,0,2,2,2,0.002241594696143811,0.012360370192735675,0.9572841225210309,0.017672981923421958,0.010440930666667575
asthma_v2_copd_P13COPDMc_102.wav,0,2,2,2,0.0016280437487631305,0.0011067173650564947,0.9963028303194083,0.00013521284291280654,0.0008271957238591982
asthma_v2_copd_P13COPDMc_104.wav,0,2,2,2,0.0009319501394453932,0.0004716506505980449,0.9975156225370262,9.622688592069365e-05,0.0009845497870095983
asthma_v2_copd_P13COPDMc_98.wav,0,2,2,2,0.0018013162481511432,0.015813945655964966,0.9606806013326677,0.007310938972837068,0.01439319779037905
asthma_v2_copd_P13COPDPr_101.wav,0,2,2,2,0.0037466638489905765,0.0021738989192407626,0.9934398090203002,3.72063762851592e-05,0.0006024218351833379
asthma_v2_copd_P13COPDPr_103.wav,0,2,2,2,0.004989570105627896,0.002392969922057114,0.9909883772820112,0.00029512901350603894,0.0013339536767980025
asthma_v2_copd_P13COPDPr_97.wav,0,2,2,2,0.0003479287620801686,0.0021072832002984984,0.9962299601093482,0.0009527140206778616,0.0003621139075952679
asthma_v2_copd_P13COPDPr_99.wav,0,2,2,2,0.0006702713527799414,0.00483559122051652,0.9705066671710253,0.01703241336255878,0.006955056893119633
asthma_v2_copd_P15COPDMc_114.wav,0,2,2,2,0.0697728292820917,0.008376395714020032,0.9177809188797966,0.002666118779894547,0.0014037373441969977
asthma_v2_copd_P15COPDMc_116.wav,0,2,2,2,0.0072216721157536395,0.0006882816456524433,0.9917244390138417,0.00010343273193845656,0.00026217449281405785
asthma_v2_copd_P15COPDMc_118.wav,0,2,2,0,0.6984529679266711,0.001032503817618219,0.2920049674687622,0.00031462485270073885,0.008194935934248014
asthma_v2_copd_P15COPDMc_120.wav,0,2,2,2,0.07304130675775984,0.01785144201682477,0.8970834655542239,0.002705008949118605,0.009318776722072777
asthma_v2_copd_P15COPDPr_113.wav,0,2,2,2,0.10471314778461693,0.005434222025960664,0.888970064916579,0.00031093489514458635,0.000571630377698772
asthma_v2_copd_P15COPDPr_115.wav,0,2,2,2,0.07150739556365532,0.0032103388007563927,0.9206265098581108,0.0006780625964911064,0.003977693180986473
asthma_v2_copd_P15COPDPr_117.wav,0,2,2,2,0.30882951790991153,0.010562947281476392,0.6687272652227597,0.0006388444629890131,0.011241425122863476
asthma_v2_copd_P15COPDPr_119.wav,0,2,2,2,0.014394236575514294,0.002278871996869464,0.9785133001502945,0.0020353790039411594,0.002778212273380573
asthma_v2_copd_P18COPDMc_138.wav,0,2,2,2,0.0015642329581764254,0.00014057505386002306,0.9975650362240768,9.418121730084355e-05,0.0006359745465862642
asthma_v2_copd_P18COPDMc_140.wav,0,2,2,2,0.0015575913033656589,1.3413265166521116e-05,0.9950360147764771,0.00015456851082177542,0.003238412144168938
asthma_v2_copd_P18COPDMc_142.wav,0,2,2,2,0.0028462867172866424,0.00033902058303499603,0.9954853520839808,8.511936716379832e-05,0.0012442212485336444
asthma_v2_copd_P18COPDMc_144.wav,0,2,2,2,0.00012820017858111024,0.00167076025610162,0.997714006437485,0.00011410062009954799,0.000372932507732595
asthma_v2_copd_P18COPDPr_137.wav,0,2,2,2,0.008256528099600943,4.455453166005196e-05,0.9820142343388505,0.000537434334094559,0.009147248695794223
asthma_v2_copd_P18COPDPr_139.wav,0,2,2,2,0.008747907061188715,0.00010936254411491796,0.9711194329456941,0.00036202411523425764,0.019661273333768027
asthma_v2_copd_P18COPDPr_141.wav,0,2,2,2,5.728495833508017e-07,2.6610192934217483e-07,0.9995940938110756,9.622219842011285e-06,0.0003954450175696502
asthma_v2_copd_P18COPDPr_143.wav,0,2,2,2,9.158686159826258e-07,6.333951983313077e-07,0.9987837661978757,6.477914864581407e-05,0.0011499053896641895
asthma_v2_copd_P28COPDMc_218.wav,0,2,2,2,0.0013408705022064727,0.0007439795542589782,0.9976695628771192,0.00010192984978098959,0.00014365721663482596
asthma_v2_copd_P28COPDMc_220.wav,0,2,2,2,0.0030506314191515132,0.0009681181414190769,0.9956195874261008,0.00012125792189279413,0.00024040509143570836
asthma_v2_copd_P28COPDMc_222.wav,0,2,2,2,0.0008601273115801922,0.000650168871901626,0.9979751852054737,7.61196009799959e-05,0.00043839901006469665
asthma_v2_copd_P28COPDMc_224.wav,0,2,2,2,3.327953215701416e-07,3.09768723970501e-07,0.9998262715652563,9.810812724052177e-06,0.00016327505797400168
asthma_v2_copd_P28COPDPr_217.wav,0,2,2,2,1.8221442964645932e-07,1.43030507088827e-07,0.9996214243789451,0.00028186093686273717,9.638943925535904e-05
asthma_v2_copd_P28COPDPr_219.wav,0,2,2,2,0.0028336170477905546,0.0010721810517021052,0.9957329340018672,0.0001256278776724415,0.00023564002096755808
asthma_v2_copd_P28COPDPr_221.wav,0,2,2,2,0.001062964883419358,0.0005927615482760962,0.9976504094248575,0.00010204783136145267,0.0005918163120854834
asthma_v2_copd_P28COPDPr_223.wav,0,2,2,2,8.482825199457606e-07,1.5015156239745628e-06,0.9995751978318919,5.73380148532935e-05,0.0003651143551109169
asthma_v2_copd_P29COPDMc_226.wav,0,2,2,2,6.428826131202143e-07,4.913526294446121e-07,0.9996974064300658,1.4955773320476657e-05,0.00028650356137129886
asthma_v2_copd_P29COPDMc_228.wav,0,2,2,2,2.4454594424583622e-08,3.033435117992515e-08,0.999938484133541,1.6565214996639234e-05,4.489586251669238e-05
asthma_v2_copd_P29COPDMc_230.wav,0,2,2,2,7.573555781304384e-09,5.8300929561137264e-09,0.9999681774088739,1.3071396011100778e-06,3.050204787635012e-05
asthma_v2_copd_P29COPDMc_232.wav,0,2,2,2,3.3385947566488195e-08,2.2301596906171326e-08,0.9999179151677394,1.1621423589010511e-05,7.04077211270602e-05
asthma_v2_copd_P29COPDPr_225.wav,0,2,2,2,0.0013040301828811803,0.00029080757637994873,0.9971884012761557,0.00010124966635369219,0.0011155112982294893
asthma_v2_copd_P29COPDPr_227.wav,0,2,2,2,6.960450404608287e-09,7.897857200654811e-09,0.9999877035936182,3.063451098463645e-06,9.218096975687724e-06
asthma_v2_copd_P29COPDPr_229.wav,0,2,2,2,1.2964208674959057e-08,1.3031213060880732e-08,0.9999832633999589,9.34250004183622e-06,7.368104577622695e-06
asthma_v2_copd_P29COPDPr_231.wav,0,2,2,2,1.938791663648082e-08,1.259032331597741e-08,0.9999367600953147,4.939216525055388e-06,5.826870992042506e-05
asthma_v2_copd_P30COPDMc_234.wav,0,2,2,2,0.012970925111271335,0.00017407372927905884,0.955554293666959,0.0023929881329845908,0.0289077193595059
asthma_v2_copd_P30COPDMc_236.wav,0,2,2,2,1.03720148203282e-07,7.261182984352823e-08,0.9999659007119098,2.167713198760462e-05,1.2245824124590486e-05
asthma_v2_copd_P30COPDMc_238.wav,0,2,2,2,1.0945242804080001e-07,9.098070384900371e-08,0.9999903480371818,5.661784151674056e-06,3.7897455343824342e-06
asthma_v2_copd_P30COPDMc_240.wav,0,2,2,2,4.0324832337199957e-08,2.609619669322888e-08,0.9999784623060904,8.707731464272153e-06,1.2763541416449249e-05
asthma_v2_copd_P30COPDPr_233.wav,0,2,2,2,4.700267591648746e-07,2.3178071142942602e-07,0.999604107003966,6.763295582765505e-06,0.00038842789298062873
asthma_v2_copd_P30COPDPr_235.wav,0,2,2,2,0.00975119616094164,0.00037012435656964994,0.934648953234875,0.0053608770322243135,0.049868849215389414
asthma_v2_copd_P30COPDPr_237.wav,0,2,2,2,2.2758721784332528e-07,1.646926788869084e-07,0.9999809400833538,1.1413345831258318e-05,7.254290918263326e-06
asthma_v2_copd_P30COPDPr_239.wav,0,2,2,2,4.329353765720271e-09,4.1221834940620734e-09,0.9999967565126783,1.4371487583626337e-06,1.7978870261714652e-06
asthma_v2_copd_P47COPDMc_370.wav,0,2,2,1,0.07942128099390598,0.5083789444972445,0.22474986861065857,0.019480954029004283,0.16796895186918684
asthma_v2_copd_P47COPDMc_372.wav,0,2,2,2,0.007698896656851163,0.0029743419876612663,0.9850923626710307,0.0006267254702872607,0.0036076732141693715
asthma_v2_copd_P47COPDMc_374.wav,0,2,2,2,0.0007947985183592605,0.02460441990274537,0.9142072438715477,0.05739173163794782,0.0030018060693998145
asthma_v2_copd_P47COPDMc_376.wav,0,2,2,3,0.002692226599070971,0.0036985637786723547,0.5924695128250246,0.37739983654490283,0.02373986025232927
asthma_v2_copd_P47COPDPr_369.wav,0,2,2,0,0.49872551441896423,0.022855376365570532,0.3826457604396188,0.005968663335570743,0.08980468544027598
asthma_v2_copd_P47COPDPr_371.wav,0,2,2,1,0.04958031832868213,0.5077613756889909,0.259367485214436,0.005757790399390557,0.17753303036850038
asthma_v2_copd_P47COPDPr_373.wav,0,2,2,2,0.02434423825121688,0.014246635716648541,0.8964320050379582,0.04838074592004261,0.016596375074133956
asthma_v2_copd_P47COPDPr_375.wav,0,2,2,2,0.0007534786683772038,0.0204475606946764,0.9045571658429737,0.06976291518440901,0.004478879609563763
asthma_v2_copd_P49COPDMc_386.wav,0,2,2,2,8.575920323570087e-05,0.003237917676196086,0.9733594618606124,0.018256611027579722,0.005060250232375849
asthma_v2_copd_P49COPDMc_388.wav,0,2,2,2,0.00010414153139779739,0.0029879235424063997,0.9677347291175438,0.02021760973549222,0.008955596073160037
asthma_v2_copd_P49COPDMc_390.wav,0,2,2,2,5.50695457824167e-05,0.005086078699979828,0.9719182240927796,0.021225257943974108,0.001715369717484067
asthma_v2_copd_P49COPDMc_392.wav,0,2,2,2,8.363902282324812e-07,1.0891002087295785e-06,0.9998624874413279,6.329716257169934e-05,7.228990566340033e-05
asthma_v2_copd_P49COPDPr_385.wav,0,2,2,2,0.002342538080397844,0.0013632264497118842,0.9883130830308001,0.0034018734899570243,0.004579278949132885
asthma_v2_copd_P49COPDPr_387.wav,0,2,2,2,5.72197659565824e-05,0.0026818716538581236,0.9862011437015537,0.009435833630054995,0.001623931248576766
asthma_v2_copd_P49COPDPr_389.wav,0,2,2,2,7.568297948204872e-05,0.004844789707370664,0.9775587198089057,0.014694289744802531,0.0028265177594390734
asthma_v2_copd_P49COPDPr_391.wav,0,2,2,2,1.200014282894353e-06,7.631657994210424e-07,0.9998353515900026,7.717807493115405e-05,8.550715498389716e-05
asthma_v2_copd_P4COPDMc_26.wav,0,2,2,2,0.001131721965147458,0.000597627025699954,0.9853012315644589,0.010593404618349981,0.0023760148263437864
asthma_v2_copd_P4COPDMc_28.wav,0,2,2,2,7.552787661562475e-07,5.462672072449592e-07,0.9990028250285667,0.0002076523230867132,0.0007882211023731086
asthma_v2_copd_P4COPDMc_30.wav,0,2,2,2,0.006954965625246286,0.0007142609382015031,0.9888332190856977,0.0005785929643711161,0.0029189613864834736
asthma_v2_copd_P4COPDMc_32.wav,0,2,2,2,0.02918097813069842,0.0008941252404556505,0.9409009333766929,0.007703770616582848,0.021320192635570383
asthma_v2_copd_P4COPDPr_25.wav,0,2,2,2,1.465742253934268e-06,1.2513777632505129e-06,0.9987734439267016,0.000932619491480844,0.0002912194618003324
asthma_v2_copd_P4COPDPr_27.wav,0,2,2,2,2.106147983979047e-06,1.4037541890039679e-06,0.9981597563435153,7.130811736668818e-05,0.0017654256369449635
asthma_v2_copd_P4COPDPr_29.wav,0,2,2,2,0.0005927754962308792,0.00011098389022851125,0.9964842623284366,0.00011357454820945536,0.00269840373689467
asthma_v2_copd_P4COPDPr_31.wav,0,2,2,2,0.004580955225402372,0.0007292142980346919,0.9917765697893168,0.0006996692246343861,0.0022135914626116816
asthma_v2_copd_P51COPDPr_401.wav,0,2,2,2,1.9498925726989393e-07,1.995574444558963e-07,0.9998573266147676,3.8981177292394475e-05,0.00010329766123811585
asthma_v2_copd_P8COPDMc_58.wav,0,2,2,2,0.003813104007401129,0.0006618175609941549,0.9940443029280768,0.0005291845975421229,0.0009515909059859895
asthma_v2_copd_P8COPDMc_60.wav,0,2,2,2,2.4221224670826835e-07,1.2852862376497735e-07,0.9997495636293379,5.643234646659203e-06,0.00024442239514509384
asthma_v2_copd_P8COPDMc_62.wav,0,2,2,2,3.7954234950495914e-07,1.4517364739653796e-07,0.999773231124935,1.799033955585018e-05,0.0002082538195123889
asthma_v2_copd_P8COPDMc_64.wav,0,2,2,2,0.008245091597222786,0.00030326952549674096,0.9792013275842157,0.0017475079988641964,0.01050280329420075
asthma_v2_copd_P8COPDPr_57.wav,0,2,2,2,0.0026271488800998196,4.7677741234365524e-05,0.9919072833678924,0.0009878041854090567,0.004430085825364442
asthma_v2_copd_P8COPDPr_59.wav,0,2,2,2,2.493476876515009e-06,1.5174023399655635e-06,0.9982093193405264,2.94772747237839e-05,0.001757192505533388
asthma_v2_copd_P8COPDPr_61.wav,0,2,2,2,0.0026439915074596685,6.389569026401134e-05,0.9956826477120585,0.0006093476780588698,0.001000117412159033
asthma_v2_copd_P8COPDPr_63.wav,0,2,2,2,1.1740380652938838e-06,6.756735409038164e-07,0.9989532627915005,3.9915267087501355e-06,0.0010408959701844638
asthma_v2_healthy_P17Healthy22S.wav,0,2,3,3,0.010719803393177525,0.006383530352788608,0.021329385482813386,0.9015943027758944,0.059972977995326034
asthma_v2_healthy_P17Healthy35S.wav,0,2,3,3,0.010786447698265075,0.006926894831812448,0.024136886229842117,0.8591932877668776,0.09895648347320286
asthma_v2_healthy_P17Healthy58S.wav,0,2,3,0,0.4409135270970046,0.06000580529204234,0.021653900075681222,0.04671959044762339,0.43070717708764855
asthma_v2_healthy_P17Healthy71S.wav,0,2,3,4,0.23709632074497877,0.011945432354326518,0.01714380051725468,0.01948284738606704,0.7143315989973731
asthma_v2_healthy_P17Healthy83S.wav,0,2,3,4,0.1274366562281995,0.08730675037134845,0.008270927783368036,0.01497058585478788,0.7620150797622963
asthma_v2_healthy_P18Healthy17S.wav,0,2,3,3,0.17759621763064296,0.0034927568195051517,0.04670700900608844,0.6456769341858672,0.12652708235789623
asthma_v2_healthy_P18Healthy46S.wav,0,2,3,1,0.037706843009503825,0.5713621940617528,0.016059190032777587,0.31664305275738946,0.058228720138576294
asthma_v2_healthy_P18Healthy59S.wav,0,2,3,1,0.03507884473346423,0.8289656058295547,0.0068031006195187205,0.10347466007885278,0.025677788738609604
asthma_v2_healthy_P18Healthy79S.wav,0,2,3,3,0.17549354058225536,0.004591687555112487,0.16811233219288355,0.5105762127523552,0.14122622691739384
asthma_v2_healthy_P18Healthy98S.wav,0,2,3,3,0.15819062248245397,0.004551517603820354,0.10433368689806538,0.5937165328843955,0.13920764013126463
asthma_v2_healthy_P22Healthy36S.wav,0,2,3,3,0.011003858064104026,0.0009688806305349198,0.024538665767377003,0.924236620037787,0.03925197550019682
asthma_v2_healthy_P22Healthy45S.wav,0,2,3,3,0.007924985180963807,0.00032578489708489614,0.003434290150698929,0.9476584743019654,0.040656465469287056
asthma_v2_healthy_P22Healthy50S.wav,0,2,3,3,0.11437275518575817,0.007699441896638252,0.008225131487694628,0.7144930674899113,0.15520960393999775
asthma_v2_healthy_P22Healthy88S.wav,0,2,3,3,0.013002051071761203,0.00045668012454979794,0.0028984774047810164,0.875079480484792,0.10856331091411602
asthma_v2_healthy_P22Healthy94S.wav,0,2,3,3,0.17297012082819516,0.18859062428500453,0.016719308635163157,0.34660155232138556,0.2751183939302516
asthma_v2_healthy_P23Healthy14S.wav,0,2,3,3,0.013002051071761203,0.00045668012454979794,0.0028984774047810164,0.875079480484792,0.10856331091411602
asthma_v2_healthy_P23Healthy24S.wav,0,2,3,3,0.02490399230139832,0.00036484451791645686,0.001280966073943447,0.622968684461698,0.35048151264504357
asthma_v2_healthy_P23Healthy72S.wav,0,2,3,3,0.005765809573882784,0.00020556989158615943,0.0026473996877593533,0.9726906536850622,0.01869056716170922
asthma_v2_healthy_P23Healthy97S.wav,0,2,3,3,0.02490399230139832,0.00036484451791645686,0.001280966073943447,0.622968684461698,0.35048151264504357
asthma_v2_healthy_P23Healthy98S.wav,0,2,3,3,0.005765809573882784,0.00020556989158615943,0.0026473996877593533,0.9726906536850622,0.01869056716170922
asthma_v2_healthy_P8Healthy33S.wav,0,2,3,3,0.25567623720625815,0.061698826291252146,0.2295459120966275,0.39926160848983544,0.05381741591602654
asthma_v2_healthy_P8Healthy35S.wav,0,2,3,3,0.15483467808393664,0.039648751604700425,0.16262648242134836,0.5666149111424853,0.07627517674752918
asthma_v2_healthy_P8Healthy48S.wav,0,2,3,3,0.09794488172811953,0.010062143901936257,0.11766135405985897,0.7127165137080699,0.06161510660201543
asthma_v2_healthy_P8Healthy70S.wav,0,2,3,3,0.050556525709070765,0.2756489827249413,0.07707526342572243,0.5214040360314228,0.07531519210884263
asthma_v2_healthy_P8Healthy82S.wav,0,2,3,3,0.03968816425484776,0.08005581731746332,0.02984891884143814,0.8113878456770043,0.03901925390924666
asthma_v2_pneumonia_P11Pneumonia12W.wav,0,2,4,4,0.18379871439921064,0.032345937954630075,0.007058392053249348,0.04046894781063056,0.7363280077822792
asthma_v2_pneumonia_P11Pneumonia18T.wav,0,2,4,4,0.15714717821780133,0.012620217158029802,0.1457513277386357,0.005907295597161068,0.6785739812883719
asthma_v2_pneumonia_P11Pneumonia41N.wav,0,2,4,4,0.12793914143558696,0.0004293292788499031,0.0033049275238231307,0.20848590631620487,0.6598406954455353
asthma_v2_pneumonia_P11Pneumonia58A.wav,0,2,4,4,0.03320723368423162,0.0016603404463810124,0.003255217923075207,0.03430095288826582,0.9275762550580463
asthma_v2_pneumonia_P11Pneumonia65P.wav,0,2,4,4,0.19915603515257077,0.12763802475060218,0.008427401894066667,0.015031338481289529,0.649747199721471
asthma_v2_pneumonia_P11Pneumonia98J.wav,0,2,4,4,0.07037349403502474,0.004410002601623422,0.008053426513726612,0.2068549139968166,0.7103081628528087
asthma_v2_pneumonia_P15Pneumonia12I.wav,0,2,4,4,0.03206723516405081,0.009252440573459945,0.03965465144142447,0.0075633781244112495,0.9114622946966533
asthma_v2_pneumonia_P15Pneumonia16R.wav,0,2,4,4,0.17412543229599478,0.029519649835131556,0.07260424453091088,0.00762075627943688,0.7161299170585259
asthma_v2_pneumonia_P15Pneumonia39Y.wav,0,2,4,3,0.04185271501055576,0.0004868153602955676,0.001181893173970719,0.4551107299819743,0.5013678464732041
asthma_v2_pneumonia_P15Pneumonia56Z.wav,0,2,4,4,0.20492857581906587,0.020454569144365456,0.14753657109239518,0.007813051822992063,0.6192672321211818
asthma_v2_pneumonia_P15Pneumonia58S.wav,0,2,4,4,0.02089070090656708,0.007136466471053545,0.0002952373437860658,0.0023223216295053576,0.969355273649088
asthma_v2_pneumonia_P15Pneumonia81V.wav,0,2,4,4,0.034871362908578334,0.003039654029908824,0.00016092528175826198,0.0005468747480625392,0.9613811830316918
asthma_v2_pneumonia_P19Pneumonia24H.wav,0,2,4,4,0.05222122334787991,0.022078332097181477,0.00024851018580815707,0.007474048140810574,0.9179778862283199
asthma_v2_pneumonia_P19Pneumonia33O.wav,0,2,4,4,0.009973461671444282,0.0013663762563954828,6.051861077849022e-05,0.0005109202974976167,0.9880887231638841
asthma_v2_pneumonia_P19Pneumonia39Z.wav,0,2,4,4,0.021320866194398377,0.01470400223921999,0.000611112581715444,0.01665565507167892,0.9467083639129871
asthma_v2_pneumonia_P19Pneumonia41U.wav,0,2,4,4,0.14393587727806795,0.04299166971432155,0.0004829275509341966,0.0027086921571960933,0.8098808332994802
asthma_v2_pneumonia_P19Pneumonia75B.wav,0,2,4,4,0.11040584381097335,0.051902631575961686,0.0007631028003048551,0.01187390921842733,0.825054512594333
asthma_v2_pneumonia_P19Pneumonia90X.wav,0,2,4,3,0.046272072628203785,0.11674159374286168,0.005306965258838078,0.3876110071254161,0.4440683612446801
asthma_v2_pneumonia_P26Pneumonia12X.wav,0,2,4,4,0.057761999579739834,0.014543363707514034,0.012436699870554764,0.2526512665797742,0.6626066702624174
asthma_v2_pneumonia_P26Pneumonia66S.wav,0,2,4,3,0.023382371964452624,0.005518698473975105,0.03386183392314323,0.6895955306411826,0.2476415649972466
asthma_v2_pneumonia_P26Pneumonia72P.wav,0,2,4,4,0.059808838937042495,0.0075151639913110645,0.0033820950758790312,0.13271293886174323,0.7965809631340244
asthma_v2_pneumonia_P26Pneumonia83Z.wav,0,2,4,4,0.09644335682337642,0.0017820717491862225,0.001090634382575864,0.006564749756764475,0.8941191872880971
asthma_v2_pneumonia_P26Pneumonia84P.wav,0,2,4,4,0.05338924712042989,0.011656813917449911,0.0027901043264756654,0.043002159036243465,0.8891616755994008
asthma_v2_pneumonia_P26Pneumonia89E.wav,0,2,4,3,0.03914304354276749,0.007967947311522151,0.004292717421464832,0.3755263774267893,0.573069914297456
asthma_v2_pneumonia_P31Pneumonia14Q.wav,0,2,4,4,0.02770097048698728,0.008048335536617128,0.003979016654045142,0.002107517001146577,0.9581641603212039
asthma_v2_pneumonia_P31Pneumonia16C.wav,0,2,4,4,0.021596833987499165,0.0059801410638980965,0.004582284180062464,0.0010020170745266282,0.9668387236940136
asthma_v2_pneumonia_P31Pneumonia43V.wav,0,2,4,4,0.13008558214833624,0.011705569550041922,0.004922772898392978,0.0014503834076092339,0.8518356919956197
asthma_v2_pneumonia_P31Pneumonia47D.wav,0,2,4,4,0.03524496623600981,0.011686415785935697,0.0015622426636673526,0.0020586978884760206,0.9494476774259111
asthma_v2_pneumonia_P31Pneumonia47J.wav,0,2,4,4,0.020875422328467,0.006119957355641016,0.0003878315891520561,0.010391761653229074,0.9622250270735111
asthma_v2_pneumonia_P31Pneumonia92I.wav,0,2,4,4,0.053527628603716515,0.010088734158937697,0.0018668308184928057,0.0008167170446674732,0.9337000893741854
asthma_v2_pneumonia_P35Pneumonia16F.wav,0,2,4,4,0.030494348867522798,0.015397331589522965,0.004148972086757529,0.01855508894399499,0.9314042585122017
asthma_v2_pneumonia_P35Pneumonia46U.wav,0,2,4,4,0.04788933353409151,0.002079628759162556,0.0019976560721086897,0.0013524863701358596,0.9466808952645012
asthma_v2_pneumonia_P35Pneumonia56D.wav,0,2,4,4,0.032036047294494184,0.04819673920428212,0.006111876297353703,0.23832548313489327,0.6753298540689769
asthma_v2_pneumonia_P35Pneumonia57I.wav,0,2,4,4,0.018092954122014972,0.003947178826869253,0.00025647739382763865,0.0019871544605104636,0.9757162351967777
asthma_v2_pneumonia_P35Pneumonia75E.wav,0,2,4,4,0.015404674127242534,0.009523446350215748,0.0017945562275513249,0.0011463197690325848,0.9721310035259578
asthma_v2_pneumonia_P35Pneumonia99V.wav,0,2,4,4,0.04488230058587951,0.005831025046028923,0.0012944503052847536,0.013362169922717205,0.9346300541400895
asthma_v2_pneumonia_P3Pneumonia41L.wav,0,2,4,4,0.05674426059345069,0.0010539561943516212,0.0032248482420736088,0.0007010555920533261,0.9382758793780707
asthma_v2_pneumonia_P3Pneumonia54K.wav,0,2,4,4,0.07667041347036518,0.0007214827770932553,0.0039303092940335144,0.0005242382171883678,0.9181535562413199
asthma_v2_pneumonia_P3Pneumonia61R.wav,0,2,4,2,0.040761801338869405,0.006481369043225921,0.2749943635651353,0.17208392089152297,0.5056785451612466
asthma_v2_pneumonia_P3Pneumonia74F.wav,0,2,4,4,0.26698488730522535,0.004997703261132431,0.004214373967489759,0.007694702227553037,0.7161083332385992
asthma_v2_pneumonia_P3Pneumonia75Z.wav,0,2,4,4,0.007653029107202671,0.001362800728331069,0.1374438689143931,0.07834198969094844,0.7751983115591249
asthma_v2_pneumonia_P3Pneumonia96L.wav,0,2,4,4,0.023825342566493397,0.0002032755610592413,0.0010296686621085042,0.00025137666481584527,0.974690336545523
asthma_v2_pneumonia_P46Pneumonia15W.wav,0,2,4,0,0.48847100955975264,0.00837529524181246,0.007609948753622439,0.041756934440740044,0.4537868120040723
asthma_v2_pneumonia_P46Pneumonia22V.wav,0,2,4,3,0.02016572601493926,0.020051765689887556,0.22695021671981405,0.3338712385831832,0.39896105299217616
asthma_v2_pneumonia_P46Pneumonia49D.wav,0,2,4,4,0.37401010037281,0.013110897941950748,0.005113352315108337,0.029244869633638086,0.5785207797364932
asthma_v2_pneumonia_P46Pneumonia80D.wav,0,2,4,3,0.004328175965299153,0.00783680977083743,0.1668287402401154,0.7179953011962835,0.10301097282746427
asthma_v2_pneumonia_P46Pneumonia95A.wav,0,2,4,3,0.018886227003522712,0.04501274424526833,0.2315638785841376,0.634324434291857,0.0702127158752143
asthma_v2_pneumonia_P46Pneumonia99Y.wav,0,2,4,4,0.2808982209893303,0.004531478742797871,0.14900868366912592,0.0780718222496209,0.48748979434912515
asthma_v2_pneumonia_P48Pneumonia31K.wav,0,2,4,3,0.004328175965299153,0.00783680977083743,0.1668287402401154,0.7179953011962835,0.10301097282746427
asthma_v2_pneumonia_P48Pneumonia61T.wav,0,2,4,3,0.02016572601493926,0.020051765689887556,0.22695021671981405,0.3338712385831832,0.39896105299217616
asthma_v2_pneumonia_P48Pneumonia82Z.wav,0,2,4,3,0.018886227003522712,0.04501274424526833,0.2315638785841376,0.634324434291857,0.0702127158752143
asthma_v2_pneumonia_P8Pneumonia11O.wav,0,2,4,0,0.7011020197888472,0.0008119189596047647,0.00421200853987325,0.034628406859842524,0.2592456458518323
asthma_v2_pneumonia_P8Pneumonia14Z.wav,0,2,4,0,0.4658736476940905,0.001638936539187262,0.006431702482834812,0.0752101013603351,0.4508456119235525
asthma_v2_pneumonia_P8Pneumonia16Z.wav,0,2,4,3,0.01783980336290608,0.051795669410577325,0.060305956778895595,0.5514545559532823,0.318604014494339
asthma_v2_pneumonia_P8Pneumonia20O.wav,0,2,4,4,0.04375136378382848,0.001333347885680795,0.01493921686816552,0.0035543119992450744,0.9364217594630803
asthma_v2_pneumonia_P8Pneumonia23N.wav,0,2,4,0,0.698251242265894,0.00033356414133918423,0.010694968324007396,0.09082182230809135,0.19989840296066844
asthma_v2_pneumonia_P8Pneumonia28V.wav,0,2,4,3,0.005398850021185271,0.004041521628564079,0.018507949657619635,0.9090009774486054,0.06305070124402562
asthma_v2_Bronchial_P15BronchialSc_72.wav,0,3,1,1,0.0010984716290988266,0.9947718888624526,0.0018973643835759172,0.0017928443269312282,0.000439430797941251
asthma_v2_Bronchial_P15BronchialSc_74.wav,0,3,1,1,0.004146602605319375,0.7364344055027761,0.25536167045530234,0.0010324819566756935,0.003024839479926175
asthma_v2_Bronchial_P15BronchialTc_71.wav,0,3,1,1,0.0011592635111830048,0.992061090415514,0.002860678984647635,0.0032178716729094055,0.0007010954157461952
asthma_v2_Bronchial_P15BronchialTc_73.wav,0,3,1,1,0.001233141071821876,0.9842457303291091,0.012556577238834646,0.0013882473083862076,0.0005763040518480979
asthma_v2_Bronchial_P15BronchialTc_75.wav,0,3,1,1,0.0037178020394489065,0.849678244447232,0.1424134972059242,0.0008205569212462981,0.0033698993861486742
asthma_v2_Bronchial_P21BronchialSc_102.wav,0,3,1,4,0.1267913832048854,0.006857363658557851,0.053336558295537066,0.15098657915372987,0.66202811568729
asthma_v2_Bronchial_P21BronchialSc_104.wav,0,3,1,3,0.06869954751682929,0.005240786290870204,0.3164040822532743,0.45108953506346555,0.158566048875561
asthma_v2_Bronchial_P21BronchialTc_101.wav,0,3,1,1,0.0032331017227264554,0.9807201169593872,0.011967049050692695,0.00136386488642482,0.002715867380768675
asthma_v2_Bronchial_P21BronchialTc_103.wav,0,3,1,3,0.09548008352996191,0.005039759340392681,0.13566550903813684,0.2974540722414366,0.46636057585007185
asthma_v2_Bronchial_P5BronchialSc_22.wav,0,3,1,1,0.0010835960391701496,0.9047050376172749,0.017802040906659603,0.07132265608914602,0.005086669347749338
asthma_v2_Bronchial_P5BronchialSc_24.wav,0,3,1,1,0.006227531409489792,0.879513124928474,0.07195798555386751,0.032708743227303085,0.00959261488086586
asthma_v2_Bronchial_P5BronchialTc_21.wav,0,3,1,1,0.0007361057312154178,0.9880160881731503,0.0005572533400920883,0.009692354408535315,0.000998198347007157
asthma_v2_Bronchial_P5BronchialTc_23.wav,0,3,1,1,0.0039505158893157625,0.9025637230027225,0.03747154287515975,0.04547907489338741,0.010535143339414627
asthma_v2_Bronchial_P5BronchialTc_25.wav,0,3,1,1,0.03176204982839824,0.6096657124262889,0.28737949385299527,0.03944545202970759,0.031747291862610064
asthma_v2_asthma_P12WheezingIE_57.wav,0,3,0,0,0.8213335646870215,0.017060305063913327,0.046183503548184644,0.004774002302510557,0.11064862439836977
asthma_v2_asthma_P12WheezingIU_58.wav,0,3,0,0,0.8600742581374915,0.019710090457233657,0.01059800594425281,0.005157572324248707,0.10446007313677363
asthma_v2_asthma_P12WheezingRL_59.wav,0,3,0,0,0.8908232221698432,0.028293859836864936,0.017527941359648344,0.004540763286040249,0.05881421334760347
asthma_v2_asthma_P12WheezingRS_56.wav,0,3,0,0,0.7966732955695643,0.018568007231531458,0.05811843169046597,0.004626068543055885,0.12201419696538217
asthma_v2_asthma_P12WheezingRS_60.wav,0,3,0,0,0.8799151122546051,0.07952535997684797,0.006006814642113256,0.001154621879429149,0.03339809124700467
asthma_v2_asthma_P18WheezingIE_89.wav,0,3,0,0,0.9044588225311058,0.04105294744110373,0.006919703270184745,0.0067611648881593656,0.04080736186944666
asthma_v2_asthma_P18WheezingIU_86.wav,0,3,0,0,0.6192954414773573,0.002279843116494512,0.013727355962628114,0.0012278699923747578,0.3634694894511455
asthma_v2_asthma_P18WheezingIU_90.wav,0,3,0,0,0.9509393789050572,0.028725700298397206,0.00296320478643237,0.0004851266303094348,0.01688658937980383
asthma_v2_asthma_P18WheezingRL_87.wav,0,3,0,3,0.07183264990708045,0.03454700382065776,0.03907645421073216,0.7930076711805838,0.06153622088094603
asthma_v2_asthma_P18WheezingRS_88.wav,0,3,0,0,0.5121483345782656,0.058503892527026445,0.011586574262836569,0.014479226900285653,0.403281971731586
asthma_v2_asthma_P1AsthmaIE_1.wav,0,3,0,0,0.8577225915828136,0.008649386486371235,0.0411086736269159,0.00826776973604844,0.08425157856785052
asthma_v2_asthma_P1AsthmaIE_5.wav,0,3,0,0,0.8651189165146566,0.12200615792110409,0.003956601506586623,0.0007538724556091069,0.008164451602043642
asthma_v2_asthma_P1AsthmaIU_2.wav,0,3,0,0,0.9435396446295116,0.012204440271808963,0.00409236037642147,0.00243453873283308,0.0377290159894249
asthma_v2_asthma_P1AsthmaRL_3.wav,0,3,0,4,0.4401093066059626,0.0032256428031750633,0.006306900947925975,0.027903205307568412,0.5224549443353679
asthma_v2_asthma_P1AsthmaRS_4.wav,0,3,0,0,0.8835907429862392,0.08368068044842074,0.00604313639987254,0.0011401361150686915,0.025545304050399186
asthma_v2_asthma_P25WheezingIE_121.wav,0,3,0,0,0.6067567763923477,0.026170378925057344,0.3040168358176858,0.0028828525068693256,0.06017315635803978
asthma_v2_asthma_P25WheezingIE_125.wav,0,3,0,4,0.4383869943961393,0.02979932460641254,0.0032230900607879117,0.04838606026808597,0.4802045306685741
asthma_v2_asthma_P25WheezingIU_122.wav,0,3,0,0,0.6864623377415368,0.007238060081976514,0.0069215688357052805,0.00242563747792308,0.2969523958628584
asthma_v2_asthma_P25WheezingRL_123.wav,0,3,0,0,0.583357575172639,0.008238646946784582,0.01316386918678001,0.0028589977358365617,0.39238091095795946
asthma_v2_asthma_P25WheezingRS_124.wav,0,3,0,0,0.772105056344698,0.011696423952208195,0.010139058985344323,0.02522814880236954,0.1808313119153801
asthma_v2_asthma_P33WheezingIE_161.wav,0,3,0,0,0.7377555134745422,0.005509913034787038,0.007782563077036029,0.016180062633359176,0.2327719477802756
asthma_v2_asthma_P33WheezingIE_165.wav,0,3,0,0,0.38411214189944776,0.38136451150097345,0.045434638795993285,0.01753159548533716,0.17155711231824847
asthma_v2_asthma_P33WheezingIU_162.wav,0,3,0,0,0.7353612335606534,0.028969536745021514,0.055517896976905984,0.003788708481770507,0.17636262423564852
asthma_v2_asthma_P33WheezingRL_163.wav,0,3,0,0,0.8840411689031,0.011481121436175946,0.016892893837241355,0.0012291746567338476,0.08635564116674889
asthma_v2_asthma_P33WheezingRS_164.wav,0,3,0,0,0.9001546147792036,0.00842842991975787,0.016105995516623138,0.001288784079958572,0.07402217570445685
asthma_v2_asthma_P3AsthmaIE_13.wav,0,3,0,0,0.912652266335806,0.02740152549440122,0.011762815675190426,0.004035409218238592,0.04414798327636429
asthma_v2_asthma_P3AsthmaIU_14.wav,0,3,0,0,0.9223503651803898,0.027476862435426557,0.003262535596689939,0.0023392551096325636,0.04457098167786123
asthma_v2_asthma_P3AsthmaRL_11.wav,0,3,0,0,0.7042847501826243,0.01380781579948923,0.056366113533310516,0.007245808889357448,0.21829551159521876
asthma_v2_asthma_P3AsthmaRL_15.wav,0,3,0,0,0.912427811791573,0.02460876501333673,0.01323119646076743,0.0017212310343486601,0.04801099569997425
asthma_v2_asthma_P3AsthmaRS_12.wav,0,3,0,0,0.7600152507202467,0.0220468179778261,0.05596208578978842,0.005575127820105754,0.15640071769203323
asthma_v2_asthma_P40WheezingIE_197.wav,0,3,0,0,0.9075904084139934,0.05007499529166259,0.03442733936536337,0.0008345592231394247,0.00707269770584129
asthma_v2_asthma_P40WheezingIU_198.wav,0,3,0,0,0.8914323021298161,0.05867350746396838,0.04270915118947019,0.0008045375487891826,0.006380501667955959
asthma_v2_asthma_P40WheezingRL_199.wav,0,3,0,0,0.9425211079107753,0.009724405344243328,0.03780900051563203,0.00027422352082448107,0.00967126270852497
asthma_v2_asthma_P40WheezingRS_196.wav,0,3,0,0,0.7932577844370969,0.12315380356359766,0.06820497524354932,0.002819628654895105,0.012563808100860887
asthma_v2_asthma_P40WheezingRS_200.wav,0,3,0,0,0.651505989804204,0.029083179912612053,0.30952871998840836,0.0006083513659141523,0.009273758928861347
asthma_v2_asthma_P42WheezingIE_209.wav,0,3,0,0,0.7285761200463622,0.01047920884558442,0.21501529144963588,0.004037770015030045,0.041891609643387104
asthma_v2_asthma_P42WheezingIU_206.wav,0,3,0,2,0.2529546728393518,0.002476169938736093,0.7354970445685605,0.003432889637754267,0.005639223015597512
asthma_v2_asthma_P42WheezingIU_210.wav,0,3,0,0,0.7382349115931363,0.01208512405863144,0.21286210837717512,0.010590919789747919,0.026226936181309557
asthma_v2_asthma_P42WheezingRL_207.wav,0,3,0,2,0.21268289065197202,0.006622125533932327,0.7697853912618616,0.001112097023760562,0.009797495528473326
asthma_v2_asthma_P42WheezingRS_208.wav,0,3,0,0,0.8968084604970016,0.006483749993130195,0.04222741289058569,0.0033038778854122945,0.05117649873387004
asthma_v2_asthma_P50WheezingIE_249.wav,0,3,0,0,0.9367796085572273,0.002417628509594195,0.005849244076344328,0.0010152730592879293,0.053938245797546434
asthma_v2_asthma_P50WheezingIU_246.wav,0,3,0,0,0.854001153689708,0.0017810256322504565,0.003195731654308508,0.012280101844199243,0.12874198717953372
asthma_v2_asthma_P50WheezingIU_250.wav,0,3,0,0,0.9204568510001827,0.0027748117708511575,0.007202287637862059,0.0031247643182113634,0.0664412852728927
asthma_v2_asthma_P50WheezingRL_247.wav,0,3,0,0,0.9487800554631218,0.010261683522541427,0.003927037843136603,0.003303907362601854,0.03372731580859842
asthma_v2_asthma_P50WheezingRS_248.wav,0,3,0,0,0.8425304311420548,0.09440967463932848,0.011545651198434816,0.001827973414353406,0.04968626960582821
asthma_v2_asthma_P55WheezingIE_273.wav,0,3,0,4,0.03427833732518577,0.003943843727895152,0.08442821245093408,0.15033276459557987,0.7270168419004058
asthma_v2_asthma_P55WheezingIU_274.wav,0,3,0,4,0.01955205194621879,0.0024965839282126124,0.003182602714618859,0.22148518175731652,0.7532835796536335
asthma_v2_asthma_P55WheezingRL_271.wav,0,3,0,3,0.19346126176236395,0.21385798822960717,0.055359862822665695,0.29175310751769595,0.245567779667667
asthma_v2_asthma_P55WheezingRL_275.wav,0,3,0,0,0.5230485986881804,0.08847296596458792,0.011103650414822277,0.021112236422942503,0.356262548509467
asthma_v2_asthma_P55WheezingRS_272.wav,0,3,0,4,0.06668257007384587,0.01579266032587154,0.07849923660501172,0.08163866595660642,0.7573868670386643
asthma_v2_asthma_P56WheezingIE_277.wav,0,3,0,4,0.19840235700253128,0.004747237348552631,0.0019377968298611356,0.0006942104579658069,0.7942183983610891
asthma_v2_asthma_P56WheezingIU_278.wav,0,3,0,4,0.2793689110773087,0.025193997972314672,0.001422716688886037,0.004872866952916396,0.689141507308574
asthma_v2_asthma_P56WheezingRL_279.wav,0,3,0,0,0.39891998207335155,0.2815041344322145,0.20162142820013768,0.02571966118522941,0.092234794109067
asthma_v2_asthma_P56WheezingRS_276.wav,0,3,0,0,0.48810152723898265,0.045490232859904806,0.12869175546548076,0.030468123046473578,0.3072483613891582
asthma_v2_asthma_P56WheezingRS_280.wav,0,3,0,4,0.26401656222058667,0.015183581097507776,0.010853209944396628,0.14202792401664516,0.5679187227208637
asthma_v2_asthma_P8AsthmaIE_37.wav,0,3,0,0,0.8966061694027562,0.057227381783958066,0.008682267352269263,0.0025354578798724926,0.03494872358114361
asthma_v2_asthma_P8AsthmaIU_38.wav,0,3,0,0,0.8738757133742958,0.06394077532978061,0.0125323063288143,0.020051509022312685,0.029599695944796535
asthma_v2_asthma_P8AsthmaRL_39.wav,0,3,0,0,0.8531568928415351,0.03085957461400944,0.029812972218659608,0.010350068968778513,0.07582049135701731
asthma_v2_asthma_P8AsthmaRS_36.wav,0,3,0,0,0.8844422227489412,0.0946167544499606,0.0021197657761065736,0.0011097979305719772,0.017711459094419943
asthma_v2_asthma_P8AsthmaRS_40.wav,0,3,0,0,0.6062957050862783,0.03991393450574151,0.07614708049563164,0.008518599764979514,0.26912468014736907
asthma_v2_asthma_P9AsthmaIE_41.wav,0,3,0,0,0.6189306113626606,0.007504555208674308,0.00527825509663276,0.0030213369724576204,0.36526524135957483
asthma_v2_asthma_P9AsthmaIE_45.wav,0,3,0,0,0.8953402658703683,0.06556059546496307,0.003956011918878398,0.0022362205746777456,0.03290690617111253
asthma_v2_asthma_P9AsthmaIU_42.wav,0,3,0,0,0.7355205137260553,0.012277878832847628,0.0034897129746899497,0.003203349662478048,0.24550854480392928
asthma_v2_asthma_P9AsthmaRL_43.wav,0,3,0,0,0.9489314906564467,0.00977464555017947,0.008830363818620781,0.002909699342648039,0.02955380063210501
asthma_v2_asthma_P9AsthmaRS_44.wav,0,3,0,0,0.8949239262247695,0.07833171791889554,0.0036122555713480075,0.0016721094177199818,0.021459990867267156
asthma_v2_copd_P11COPDMc_82.wav,0,3,2,0,0.7663883834634293,0.01921652243398621,0.03715036349722426,0.003921622150447829,0.17332310845491247
asthma_v2_copd_P11COPDMc_84.wav,0,3,2,2,0.09485912770887703,0.0075244933555287455,0.8887067718572492,0.006004761200460214,0.0029048458778847697
asthma_v2_copd_P11COPDMc_86.wav,0,3,2,2,0.13327910121190437,0.03013943918693951,0.7374640172561087,0.046890871355135574,0.05222657098991202
asthma_v2_copd_P11COPDMc_88.wav,0,3,2,2,0.012593489199163142,0.0010352742777908891,0.9842598924931887,0.0018346008168224457,0.00027674321303508017
asthma_v2_copd_P11COPDPr_81.wav,0,3,2,0,0.8115279170997205,0.06949239306911746,0.02976590947074066,0.001851842775320402,0.08736193758510062
asthma_v2_copd_P11COPDPr_83.wav,0,3,2,2,0.058166619786606776,0.018943481865807802,0.9164883326713786,0.002034742380906668,0.004366823295299901
asthma_v2_copd_P11COPDPr_85.wav,0,3,2,2,0.15598363725470477,0.04248136530547545,0.7806590003267986,0.003180504195717319,0.017695492917303685
asthma_v2_copd_P11COPDPr_87.wav,0,3,2,2,2.236452513010164e-06,2.0606677154138865e-06,0.9994755358333127,0.00047469621143951123,4.547083501934007e-05
asthma_v2_copd_P19COPDMc_146.wav,0,3,2,2,0.038822484115566845,0.09021043270094753,0.8411212216315369,0.004279936580862405,0.025565924971086413
asthma_v2_copd_P19COPDMc_148.wav,0,3,2,2,0.07556084430146219,0.1552097713707141,0.7089176256712789,0.0037511966429175656,0.05656056201362732
asthma_v2_copd_P19COPDMc_150.wav,0,3,2,2,0.06884421305471121,0.029071151832873267,0.6966399189780836,0.0022174702629556447,0.2032272458713761
asthma_v2_copd_P19COPDMc_152.wav,0,3,2,2,0.0018027231159245822,0.0003870309298399902,0.9969759132654246,0.00012282236804117265,0.0007115103207695805
asthma_v2_copd_P19COPDPr_145.wav,0,3,2,2,0.00013768613993952737,0.0011637508074646354,0.9985148856297434,2.9467678966969037e-05,0.00015420974388565613
asthma_v2_copd_P19COPDPr_147.wav,0,3,2,2,0.06304410910312827,0.06264594301121706,0.770342487447008,0.0026913290085413292,0.10127613143010523
asthma_v2_copd_P19COPDPr_149.wav,0,3,2,2,0.03392961697221545,0.0653611201560965,0.8864977622742783,0.0006543308445064242,0.013557169752903388
asthma_v2_copd_P19COPDPr_151.wav,0,3,2,2,0.08807263878946989,0.09501653191836965,0.776879838843272,0.0024585413088417524,0.03757244914004676
asthma_v2_copd_P21COPDMc_162.wav,0,3,2,2,0.002937581341388812,0.0009739151722984012,0.9943954754093711,0.0002460797589770159,0.001446948317964218
asthma_v2_copd_P21COPDMc_164.wav,0,3,2,1,0.07643455243374296,0.3795298150753212,0.5176721518616375,0.002802791342227677,0.023560689287070554
asthma_v2_copd_P21COPDMc_166.wav,0,3,2,1,0.04859995449059682,0.358897962773354,0.5520502566723986,0.001672291012924026,0.038779535050726587
asthma_v2_copd_P21COPDMc_168.wav,0,3,2,2,0.003107385769988264,0.0012800718486894384,0.9838726677218643,0.004409704699036991,0.0073301699604211654
asthma_v2_copd_P21COPDPr_161.wav,0,3,2,2,0.00675895002296233,0.002924712609011533,0.9876215226757434,0.00044065245172948117,0.0022541622405529873
asthma_v2_copd_P21COPDPr_163.wav,0,3,2,2,0.002413579219976986,0.0008444624657731206,0.9956417845399028,0.00022304378432175706,0.0008771299900253857
asthma_v2_copd_P21COPDPr_165.wav,0,3,2,1,0.06547974162649454,0.3167661165685039,0.4796786412402824,0.004335045177004929,0.13374045538771423
asthma_v2_copd_P21COPDPr_167.wav,0,3,2,2,0.00036884179618513975,0.00043200566731113155,0.9987796541011934,0.00019409074092361357,0.00022540769438668414
asthma_v2_copd_P26COPDMc_202.wav,0,3,2,2,1.0877061010328287e-07,9.530963901662208e-08,0.9997678395553533,0.00013170423838438443,0.0001002521260131292
asthma_v2_copd_P26COPDMc_204.wav,0,3,2,2,0.0004548473277170645,3.855067456824791e-05,0.9990236189710983,0.00019493665446763833,0.0002880463721488187
asthma_v2_copd_P26COPDMc_206.wav,0,3,2,2,0.014384726594476762,0.03455904976436966,0.943654682065566,0.0012672885455777023,0.006134253030010018
asthma_v2_copd_P26COPDMc_208.wav,0,3,2,2,0.011106933430514523,0.009563363877062653,0.9735503928506095,0.0009250122676182148,0.00485429757419466
asthma_v2_copd_P26COPDPr_201.wav,0,3,2,2,1.172078113526185e-07,1.095763566398233e-07,0.9997929441214735,0.0001041522596385617,0.00010267683471993948
asthma_v2_copd_P26COPDPr_203.wav,0,3,2,2,7.34546293962571e-08,5.314633519725828e-08,0.9999765483149005,1.366088794459532e-05,9.664196190290975e-06
asthma_v2_copd_P26COPDPr_205.wav,0,3,2,2,6.105643460339345e-07,3.517965570278563e-07,0.9996694147432568,4.137098213052112e-05,0.00028825191370982574
asthma_v2_copd_P26COPDPr_207.wav,0,3,2,2,0.0062465013597279755,0.00586779042581509,0.9826494719435257,0.0003042733293641801,0.004931962941567057
asthma_v2_copd_P2COPDMc_10.wav,0,3,2,2,0.0005601724429642447,7.30369538095981e-05,0.9990408084554554,0.00014448195011052968,0.00018150019766012058
asthma_v2_copd_P2COPDMc_12.wav,0,3,2,0,0.39328167538697373,0.011726816063305449,0.5529687037069414,0.017066835598109585,0.024955969244670008
asthma_v2_copd_P2COPDMc_14.wav,0,3,2,2,0.006986079898556934,0.00026372480465210147,0.991835617266886,0.0006742651141798271,0.0002403129157251673
asthma_v2_copd_P2COPDMc_16.wav,0,3,2,2,0.016194018235833677,0.0004522772757451196,0.9805303858307584,0.0019248388833493452,0.0008984797743137137
asthma_v2_copd_P2COPDPr_11.wav,0,3,2,2,0.010143624915784723,0.0018006638136831734,0.9815271176996839,0.005278610034806636,0.001249983536041238
asthma_v2_copd_P2COPDPr_13.wav,0,3,2,0,0.7279857133780544,0.004742625638186932,0.20509334360883102,0.011793666165657923,0.05038465120926975
asthma_v2_copd_P2COPDPr_15.wav,0,3,2,2,0.017367830285017746,0.0008063386376694892,0.9808510764996684,0.0005132201130179549,0.00046153446462630866
asthma_v2_copd_P2COPDPr_9.wav,0,3,2,2,0.0011343120164314224,7.155049514539355e-05,0.9979993300378565,0.0004067485628832211,0.0003880588876835776
asthma_v2_copd_P34COPDMc_266.wav,0,3,2,2,0.005566478541930248,0.2947922593474416,0.6958797613132729,0.00031952641992016027,0.0034419743774351647
asthma_v2_copd_P34COPDMc_268.wav,0,3,2,1,0.005276740034276467,0.8991687873092811,0.09035290324870188,0.0004898854942940305,0.004711683913446903
asthma_v2_copd_P34COPDMc_270.wav,0,3,2,2,0.00246470595910389,0.16909329181547905,0.8256128470593279,0.00017202316614184853,0.0026571319999470523
asthma_v2_copd_P34COPDMc_272.wav,0,3,2,2,0.0024293972065236955,0.18554852912213474,0.8062106384094776,8.85526859170103e-05,0.005722882575946705
asthma_v2_copd_P34COPDPr_265.wav,0,3,2,1,0.002944295088314493,0.461028186959239,0.5320146947168881,0.00015135960949977468,0.003861463626059005
asthma_v2_copd_P34COPDPr_267.wav,0,3,2,1,0.013091282669035777,0.7542821269436235,0.22275258461731623,0.0010825089454621257,0.008791496824562376
asthma_v2_copd_P34COPDPr_269.wav,0,3,2,1,0.007288080141300853,0.763486956963018,0.2192664714987305,0.0013203044857176029,0.00863818691123278
asthma_v2_copd_P34COPDPr_271.wav,0,3,2,2,0.0036098787840503346,0.2217289152354498,0.7661805183870481,0.0001945800290163899,0.008286107564435229
asthma_v2_copd_P35COPDMc_274.wav,0,3,2,2,0.005189745608409788,0.0003178872644836517,0.9336364500715564,0.006777407414867891,0.05407850964068233
asthma_v2_copd_P35COPDMc_276.wav,0,3,2,2,0.0016052789031832698,0.002321525816603841,0.9949716981959726,0.0004996804985371978,0.0006018165857031011
asthma_v2_copd_P35COPDMc_278.wav,0,3,2,2,0.0007868722706614121,0.0006214823576916145,0.9974309516256961,0.0008654919479509915,0.0002952017980000544
asthma_v2_copd_P35COPDMc_280.wav,0,3,2,2,1.329842600112031e-07,1.2507451228998893e-07,0.9999497238396681,4.064803921668376e-05,9.370062342839211e-06
asthma_v2_copd_P35COPDPr_273.wav,0,3,2,2,0.0032021903506275168,0.00010112243931830354,0.9945869146578017,0.0003411704030120285,0.0017686021492403965
asthma_v2_copd_P35COPDPr_275.wav,0,3,2,2,0.004078703289129565,0.0008424417940412677,0.9738802492171263,0.013345711001910081,0.007852894697792873
asthma_v2_copd_P35COPDPr_277.wav,0,3,2,2,0.0026424710865866783,0.0018218712131482617,0.9926315070702797,0.0017290957436784272,0.0011750548863068886
asthma_v2_copd_P35COPDPr_279.wav,0,3,2,2,6.601163952003769e-07,9.738185507148633e-07,0.9999516004964296,3.535667779934281e-05,1.1408890825191679e-05
asthma_v2_copd_P3COPDMc_18.wav,0,3,2,0,0.9341860147911633,0.020512607750465452,0.027242189317445306,0.006845894518928992,0.011213293621996938
asthma_v2_copd_P3COPDMc_20.wav,0,3,2,2,0.0374481618112396,0.004064984736874013,0.9568864196514729,0.0008613894323474363,0.0007390443680660698
asthma_v2_copd_P3COPDMc_22.wav,0,3,2,2,0.1433221989498548,0.006986176142847294,0.8450710100088245,0.0018513267891841331,0.0027692881092894837
asthma_v2_copd_P3COPDMc_24.wav,0,3,2,2,0.0006551612949375447,0.0002543207230782553,0.9934201736303879,0.004226046269818273,0.0014442980817778906
asthma_v2_copd_P3COPDPr_17.wav,0,3,2,0,0.4967653975795604,0.015827878284954824,0.45775390443012826,0.012735513466732618,0.01691730623862407
asthma_v2_copd_P3COPDPr_19.wav,0,3,2,2,0.004994542340109056,0.00022785772663516646,0.9944477202760253,0.0001937250641989482,0.00013615459303138085
asthma_v2_copd_P3COPDPr_21.wav,0,3,2,2,0.012114435623657988,0.001483771538312767,0.9849615882862648,0.00105536844651613,0.00038483610524829467
asthma_v2_copd_P3COPDPr_23.wav,0,3,2,2,0.05982866430034354,0.004848218101755194,0.9324154235743414,0.0017859616154646328,0.0011217324080950726
asthma_v2_copd_P43COPDMc_338.wav,0,3,2,2,0.00230287403395317,0.0013781917512082128,0.9874176120812622,0.0005299269131060645,0.008371395220470541
asthma_v2_copd_P43COPDMc_340.wav,0,3,2,2,2.9749313312536524e-08,2.8544106340661773e-08,0.9999561293847938,2.367194591538882e-06,4.144512719499609e-05
asthma_v2_copd_P43COPDMc_342.wav,0,3,2,2,4.701277465509204e-07,3.359300509752521e-07,0.9999543739314309,4.563932706477778e-06,4.025607806508054e-05
asthma_v2_copd_P43COPDMc_344.wav,0,3,2,2,0.00048101634522548277,5.5321991931354046e-05,0.9955941010746621,0.00037112576703330485,0.0034984348211475917
asthma_v2_copd_P43COPDPr_337.wav,0,3,2,2,0.0057822858499122646,0.00665057707506427,0.9843265110387145,0.0005316506214454219,0.0027089754148637364
asthma_v2_copd_P43COPDPr_339.wav,0,3,2,2,1.2849669891624705e-08,1.130722219876203e-08,0.9999309837653187,2.589928371554347e-05,4.3092794073806526e-05
asthma_v2_copd_P43COPDPr_341.wav,0,3,2,2,3.078582492178658e-07,2.286036978519803e-07,0.9999585400083072,6.008912319467012e-06,3.491461742614759e-05
asthma_v2_copd_P43COPDPr_343.wav,0,3,2,2,3.8379323195195655e-08,4.543350814626009e-08,0.999993737583974,3.7278747988483753e-06,2.450728395736496e-06
asthma_v2_copd_P48COPDMc_378.wav,0,3,2,2,0.007718508922980371,0.0038959399546826833,0.9847867879582691,0.0017345732797480545,0.001864189884320075
asthma_v2_copd_P48COPDMc_380.wav,0,3,2,2,0.05532542775690929,0.058554374749732865,0.8679255998300393,0.006461034460988718,0.011733563202330008
asthma_v2_copd_P48COPDMc_382.wav,0,3,2,2,0.000529766529461288,0.00020793137339685983,0.9974371849830977,0.0012111307626875621,0.0006139863513566495
asthma_v2_copd_P48COPDMc_384.wav,0,3,2,2,0.00048373980686709594,0.00018781852673372684,0.9983606933398887,0.0006563181440646977,0.00031143018244569106
asthma_v2_copd_P48COPDPr_377.wav,0,3,2,2,0.0008654858877185133,0.0018194401294219995,0.9934732778416873,0.0033158335454069173,0.0005259625957656432
asthma_v2_copd_P48COPDPr_379.wav,0,3,2,2,0.008041488065017484,0.0031492072240816025,0.9866438385200108,0.0007471617133009579,0.001418304477589104
asthma_v2_copd_P48COPDPr_381.wav,0,3,2,2,0.0006684576938966419,0.00023149756940515833,0.9984085887077746,0.0005356757698560761,0.00015578025906749944
asthma_v2_copd_P48COPDPr_383.wav,0,3,2,2,0.0005303266660625605,0.00021510225664411777,0.9980492479140245,0.0006389333026185682,0.0005663898606504578
asthma_v2_copd_P9COPDMc_66.wav,0,3,2,2,0.0013076035147891068,5.744839740362214e-05,0.998273417345072,9.347601199868806e-05,0.0002680547307366179
asthma_v2_copd_P9COPDMc_68.wav,0,3,2,2,0.0004850086665207519,9.62384096532657e-05,0.9991723175704532,6.414182936367592e-05,0.0001822935240092082
asthma_v2_copd_P9COPDMc_70.wav,0,3,2,2,2.0108895985602938e-07,1.402470461120509e-07,0.9999836568605546,6.704722117513144e-06,9.297081322105648e-06
asthma_v2_copd_P9COPDMc_72.wav,0,3,2,2,0.0009215167058417284,8.347045138449532e-05,0.9987304278600189,0.000125206441304832,0.0001393785414501784
asthma_v2_copd_P9COPDPr_65.wav,0,3,2,2,6.738178299713501e-07,4.049407866547886e-07,0.9996313452692062,5.5563660492361475e-06,0.00036201960612806386
asthma_v2_copd_P9COPDPr_67.wav,0,3,2,2,0.005311285498278252,0.0006922784682418776,0.9887988230185858,0.0002745701879687872,0.004923042826925445
asthma_v2_copd_P9COPDPr_69.wav,0,3,2,2,0.0005395248433449835,4.451999930469092e-05,0.9992111140222547,6.81682594995302e-05,0.0001366728755962455
asthma_v2_copd_P9COPDPr_71.wav,0,3,2,2,3.3736663770322786e-07,2.1407376298427777e-07,0.9999779894373277,6.877534919273311e-06,1.4581587352511786e-05
asthma_v2_healthy_P11Healthy18S.wav,0,3,3,3,0.08062824464601066,0.16183140429360024,0.17617230664288175,0.4919486125328518,0.08941943188465544
asthma_v2_healthy_P11Healthy30S.wav,0,3,3,3,0.06320502865068735,0.34487956828962785,0.2382836673692885,0.3170005801233309,0.03663115556706568
asthma_v2_healthy_P11Healthy38S.wav,0,3,3,3,0.03492609114458534,0.07865123996454845,0.0496576225898119,0.812322374377607,0.024442671923447196
asthma_v2_healthy_P11Healthy60S.wav,0,3,3,3,0.028988990850005683,0.0036003658802148523,0.0547185296563783,0.7442189922999989,0.16847312131340264
asthma_v2_healthy_P11Healthy73S.wav,0,3,3,3,0.03551094369576141,0.18153352750698762,0.10657489165399112,0.6487102492172597,0.027670387926000028
asthma_v2_healthy_P19Healthy47S.wav,0,3,3,3,0.16794938692818442,0.2757655636056088,0.06136494671523125,0.28627784917568916,0.20864225357528643
asthma_v2_healthy_P19Healthy50S.wav,0,3,3,3,0.007149204639428903,0.0010006040774715441,0.00047420231181802573,0.9865243978757396,0.004851591095541647
asthma_v2_healthy_P19Healthy55S.wav,0,3,3,3,0.001239836575358219,0.0005139224100328338,0.0003425755468412403,0.9852413235334593,0.012662341934308475
asthma_v2_healthy_P19Healthy62S.wav,0,3,3,3,0.0006138679469961854,0.0003004712594734609,0.00012772728681206052,0.9960007879490306,0.0029571455576876274
asthma_v2_healthy_P19Healthy79S.wav,0,3,3,3,0.0018025648897870786,0.0002509538786255129,0.0005235012993950113,0.9800678734411246,0.01735510649106746
asthma_v2_healthy_P25Healthy20S.wav,0,3,3,3,0.024330343371693534,0.004600514610727857,0.005092605101802608,0.5057601312730472,0.4602164056427285
asthma_v2_healthy_P25Healthy42S.wav,0,3,3,3,0.042096012893447936,0.05268277742930587,0.029242251658366514,0.661509962541024,0.21446899547785575
asthma_v2_healthy_P25Healthy72S.wav,0,3,3,3,0.08122878483650432,0.08190936167542377,0.0846181879350084,0.4922613526827367,0.25998231287032647
asthma_v2_healthy_P25Healthy88S.wav,0,3,3,3,0.007278753524279234,0.006482231757730215,0.005696352827449545,0.8816446926729242,0.0988979692176166
asthma_v2_healthy_P25Healthy97S.wav,0,3,3,3,0.08563037495523222,0.1778416701654627,0.013513846781478584,0.6862339142878487,0.03678019380997785
asthma_v2_healthy_P26Healthy22S.wav,0,3,3,3,0.03016524016126669,0.016661367716281978,0.020796654268053858,0.8243709516891493,0.10800578616524766
asthma_v2_healthy_P26Healthy32S.wav,0,3,3,4,0.058539374268403145,0.01952383830875632,0.07409339975938738,0.07943865132769448,0.7684047363357588
asthma_v2_healthy_P26Healthy46S.wav,0,3,3,4,0.19436373921816574,0.025382999850217892,0.03767480449185202,0.17316354988370952,0.569414906556055
asthma_v2_healthy_P26Healthy48S.wav,0,3,3,3,0.2576532047749429,0.25425276992140905,0.03450762579572864,0.2922058264022574,0.1613805731056618
asthma_v2_healthy_P26Healthy76S.wav,0,3,3,3,0.02973886753943943,0.010808886258584706,0.02261594800085063,0.6799324674877738,0.2569038307133513
asthma_v2_healthy_P27Healthy30S.wav,0,3,3,3,0.0017270326912940993,0.0016849975886136916,0.00048642715321206635,0.9904517065869689,0.0056498359799112205
asthma_v2_healthy_P27Healthy73S.wav,0,3,3,3,0.0017703160906073505,0.001637434013317667,0.00042797292953461826,0.9860954161935063,0.0100688607730343
asthma_v2_healthy_P27Healthy92S.wav,0,3,3,3,0.0014530953594818876,0.0018082704501314205,0.00037704181981063534,0.9849928990172179,0.011368693353358236
asthma_v2_healthy_P9Healthy22S.wav,0,3,3,3,0.0028849801612674986,0.0011986453053615868,0.0029302149180507305,0.9903344662188451,0.002651693396475417
asthma_v2_healthy_P9Healthy29S.wav,0,3,3,4,0.2912983749621379,0.011495948097640785,0.00225611654675806,0.15473394621309658,0.5402156141803668
asthma_v2_healthy_P9Healthy31S.wav,0,3,3,0,0.5906511931173303,0.009447166253358386,0.0008176047787797935,0.09321190614849491,0.3058721297020367
asthma_v2_healthy_P9Healthy61S.wav,0,3,3,0,0.33569699620711096,0.020865641476991225,0.002638329162332512,0.16168233284388978,0.4791167003096753
asthma_v2_healthy_P9Healthy79S.wav,0,3,3,3,0.03748188962090677,0.004246068759356074,0.0022448138802172012,0.7308467083876897,0.2251805193518304
asthma_v2_pneumonia_P21Pneumonia12C.wav,0,3,4,4,0.21854307513769736,0.09750069064936048,0.12056993878921135,0.0608682494971984,0.5025180459265324
asthma_v2_pneumonia_P21Pneumonia24G.wav,0,3,4,0,0.21699964465501811,0.29436917406112506,0.10359374100468083,0.12663795248974613,0.25839948778943006
asthma_v2_pneumonia_P21Pneumonia56M.wav,0,3,4,4,0.01635815201957675,0.0002573154483174068,0.00013404692120321318,0.0032347408464000298,0.9800157447645026
asthma_v2_pneumonia_P21Pneumonia69Q.wav,0,3,4,4,0.02907113430286301,0.0011262336212814479,0.00016692414431285416,0.0018592538444972368,0.9677764540870453
asthma_v2_pneumonia_P21Pneumonia78P.wav,0,3,4,4,0.036475851812780534,0.000632626937056401,0.0001491952447548627,0.00035751603441691484,0.9623848099709914
asthma_v2_pneumonia_P21Pneumonia95A.wav,0,3,4,3,0.15417768073324306,0.15121777431307662,0.13844563071546087,0.2591063207406245,0.297052593497595
asthma_v2_pneumonia_P22Pneumonia27A.wav,0,3,4,0,0.43902137823678866,0.020298818716823035,0.05405587858649612,0.04392950623152231,0.44269441822836997
asthma_v2_pneumonia_P22Pneumonia29K.wav,0,3,4,4,0.12320362469665144,0.0026679023105655327,0.0003343266833080436,0.0007401183514872097,0.8730540279579878
asthma_v2_pneumonia_P22Pneumonia29M.wav,0,3,4,4,0.29992059361301815,0.00999769705909423,0.0489708751079716,0.064366337656741,0.5767444965631748
asthma_v2_pneumonia_P22Pneumonia47V.wav,0,3,4,4,0.02277413752223883,0.00043997082833356236,7.61630275304581e-05,0.0016060552028268234,0.9751036734190703
asthma_v2_pneumonia_P22Pneumonia51X.wav,0,3,4,4,0.07188321083792884,0.00511360462028787,0.02004081424754728,0.008585146661589922,0.8943772236326466
asthma_v2_pneumonia_P22Pneumonia55C.wav,0,3,4,4,0.2682537600299297,0.017637559809893726,0.05184536364288903,0.07782054538921732,0.5844427711280702
asthma_v2_pneumonia_P24Pneumonia21G.wav,0,3,4,3,0.044401719277864474,0.18430691078712513,0.04716588985274105,0.5605071004144281,0.1636183796678411
asthma_v2_pneumonia_P24Pneumonia54A.wav,0,3,4,4,0.074450050224006,0.001500040456762084,0.0014223043470188996,0.0009006804662483955,0.9217269245059646
asthma_v2_pneumonia_P24Pneumonia67G.wav,0,3,4,4,0.04376671221670206,0.0036529873604169384,0.023667596417975657,0.013619395721050129,0.9152933082838551
asthma_v2_pneumonia_P24Pneumonia67Z.wav,0,3,4,4,0.10748853200814004,0.015143948442626579,0.00047810863845430997,0.015049641790124246,0.8618397691206547
asthma_v2_pneumonia_P24Pneumonia91X.wav,0,3,4,4,0.117012875363318,0.029569696676872165,0.048536604736409694,0.039513769705189994,0.7653670535182103
asthma_v2_pneumonia_P24Pneumonia95T.wav,0,3,4,3,0.028741803148179035,0.38101177556593646,0.018654732713466425,0.4959664656909736,0.07562522288144455
asthma_v2_pneumonia_P2Pneumonia11Q.wav,0,3,4,4,0.08010650115985976,0.0013290033275410458,0.0011473226409499564,0.0005062679379786688,0.9169109049336707
asthma_v2_pneumonia_P2Pneumonia28R.wav,0,3,4,4,0.00771005004969805,0.0004618404668628024,0.00016689500240826412,0.0025354807911018014,0.9891257336899292
asthma_v2_pneumonia_P2Pneumonia36Z.wav,0,3,4,4,0.0173890184698259,0.0010583882514554443,0.00046875550200988446,0.0017701065242274063,0.9793137312524814
asthma_v2_pneumonia_P2Pneumonia70H.wav,0,3,4,4,0.027758989723768664,0.0006460689942039614,0.0008231587098599709,0.00305821376792227,0.9677135688042452
asthma_v2_pneumonia_P2Pneumonia82A.wav,0,3,4,4,0.028072655698335263,0.0017304173707109155,0.00013163955020098952,0.005552141481318644,0.9645131458994342
asthma_v2_pneumonia_P2Pneumonia93N.wav,0,3,4,4,0.011867649641325794,0.0005881404302858642,0.00040271115461672447,0.007611032429846972,0.9795304663439247
asthma_v2_pneumonia_P30Pneumonia10C.wav,0,3,4,4,0.035777126583377984,0.0003318524806643034,0.0003437455925210567,0.002768587881848757,0.9607786874615879
asthma_v2_pneumonia_P30Pneumonia15J.wav,0,3,4,4,0.05141874609366648,0.0005218863038603181,0.0005273794743015749,0.00041347805471598516,0.9471185100734556
asthma_v2_pneumonia_P30Pneumonia30W.wav,0,3,4,4,0.0173204888792856,0.0022741441130229283,0.0005756729886495473,0.01580412293416239,0.9640255710848793
asthma_v2_pneumonia_P30Pneumonia52T.wav,0,3,4,4,0.03431813242296412,0.003757845884954486,0.0008352251794704363,0.00955997218970987,0.9515288243229011
asthma_v2_pneumonia_P30Pneumonia70X.wav,0,3,4,4,0.026777159949854596,0.018024703623151936,0.0014698680980349532,0.025548534125301364,0.928179734203657
asthma_v2_pneumonia_P30Pneumonia85D.wav,0,3,4,4,0.04320592333046459,0.0010113370980218365,0.0007708909754950693,0.005889343179617637,0.949122505416401
asthma_v2_pneumonia_P36Pneumonia56V.wav,0,3,4,0,0.9126944779665391,0.033866421704353535,0.003411737795538916,0.003172021860549518,0.04685534067301905
asthma_v2_pneumonia_P36Pneumonia57U.wav,0,3,4,0,0.839969457312013,0.07868562003556673,0.003788982374023137,0.004625285546055565,0.07293065473234181
asthma_v2_pneumonia_P36Pneumonia79Z.wav,0,3,4,4,0.05659712490067339,0.0018591299160338837,0.0012746766680875243,0.0129145134832828,0.9273545550319224
asthma_v2_pneumonia_P36Pneumonia83N.wav,0,3,4,4,0.02150905062907786,0.0004954101828026469,0.0006151155986208245,0.0033658111129002168,0.9740146124765987
asthma_v2_pneumonia_P36Pneumonia85U.wav,0,3,4,4,0.019893360549651153,0.0005266016257451713,0.0019097341133609122,0.0010421394128420946,0.9766281642984006
asthma_v2_pneumonia_P36Pneumonia86S.wav,0,3,4,0,0.871008822905029,0.08204958990974628,0.013292559384305251,0.008784346029874116,0.02486468177104545
asthma_v2_pneumonia_P42Pneumonia27A.wav,0,3,4,0,0.9455126224733783,0.003834165917221789,0.007583973644008036,0.0005172054381198315,0.04255203252727225
asthma_v2_pneumonia_P42Pneumonia46D.wav,0,3,4,0,0.8089044196707511,0.011505683174291898,0.011603824362487459,0.0010345874926902295,0.16695148529977913
asthma_v2_pneumonia_P42Pneumonia47W.wav,0,3,4,0,0.7359783603065534,0.1445164715781597,0.007712523364338481,0.00866314753864099,0.1031294972123077
asthma_v2_pneumonia_P42Pneumonia63L.wav,0,3,4,0,0.8220701900403479,0.0008583034922171207,0.004702820275279328,0.0005853746727127753,0.1717833115194428
asthma_v2_pneumonia_P42Pneumonia67F.wav,0,3,4,0,0.8261550950117551,0.056536804756401285,0.04183033788705404,0.009677644965049073,0.06580011737974027
asthma_v2_pneumonia_P42Pneumonia69S.wav,0,3,4,0,0.8808565206367979,0.0013932542878352697,0.0035339637455201896,0.0019380974516382805,0.11227816387820849
asthma_v2_pneumonia_P4Pneumonia17R.wav,0,3,4,4,0.020994557603075125,0.0018137939681260728,0.16208121779173992,0.028802632808730296,0.7863077978283286
asthma_v2_pneumonia_P4Pneumonia27H.wav,0,3,4,4,0.031437925075811335,0.0028411981047996144,0.017800291447797795,0.019255469556664146,0.9286651158149273
asthma_v2_pneumonia_P4Pneumonia39Q.wav,0,3,4,4,0.026444685037057346,0.006260286416296487,0.07080538052135528,0.015845525139801465,0.8806441228854894
asthma_v2_pneumonia_P4Pneumonia55U.wav,0,3,4,4,0.02088654165062595,0.0031594744837782694,0.013477359783729095,0.0187433002413009,0.9437333238405656
asthma_v2_pneumonia_P4Pneumonia67J.wav,0,3,4,4,0.05712263609801006,0.0048062119644156145,0.02748038472346262,0.01056131942296366,0.900029447791148
asthma_v2_pneumonia_P4Pneumonia78E.wav,0,3,4,4,0.052117997976351124,0.00598752086213222,0.02198982553153343,0.004645791539090157,0.9152588640908929
asthma_v2_Bronchial_P13BronchialSc_62.wav,0,4,1,0,0.6061551659526374,0.20316027887405874,0.009248746063163442,0.07039625269171125,0.11103955641842947
asthma_v2_Bronchial_P13BronchialSc_64.wav,0,4,1,0,0.5201632277307476,0.2520791727792537,0.010927312801083439,0.08675199570961804,0.13007829097929718
asthma_v2_Bronchial_P13BronchialTc_61.wav,0,4,1,0,0.5055759463071711,0.32326347062135524,0.006728505818296079,0.06485934985312546,0.09957272740005206
asthma_v2_Bronchial_P13BronchialTc_63.wav,0,4,1,0,0.5181316518092115,0.20501644088104512,0.06010161408581166,0.006694857301567938,0.21005543592236395
asthma_v2_Bronchial_P13BronchialTc_65.wav,0,4,1,0,0.632006736156474,0.1902489254678875,0.10867250104940684,0.009465367288393027,0.05960647003783868
asthma_v2_Bronchial_P17BronchialSc_82.wav,0,4,1,1,0.006078171550690765,0.9021994545397957,0.08301157517041656,0.00318102852994031,0.00552977020915653
asthma_v2_Bronchial_P17BronchialSc_84.wav,0,4,1,1,0.0021248225299481836,0.9905745939226303,0.003251278744463174,0.002398751288758313,0.0016505535142004332
asthma_v2_Bronchial_P17BronchialTc_81.wav,0,4,1,1,0.008920688727474702,0.9614077683853478,0.006707643999760688,0.0038540081678135013,0.019109890719602993
asthma_v2_Bronchial_P17BronchialTc_83.wav,0,4,1,1,0.008537350611605508,0.9245723482187845,0.05658618056116609,0.003654160183512016,0.006649960424931873
asthma_v2_Bronchial_P17BronchialTc_85.wav,0,4,1,1,0.000642613860856178,0.8342083807658447,0.1589458013849801,0.0051641506860450595,0.0010390533022742651
asthma_v2_Bronchial_P2BronchialSc_10.wav,0,4,1,1,0.008834793892489153,0.9585815089063308,0.01861241072348451,0.009182879480524172,0.0047884069971711645
asthma_v2_Bronchial_P2BronchialSc_6.wav,0,4,1,1,0.011311041670134287,0.952093914003513,0.02778931026935268,0.0031277660839768317,0.0056779679730231715
asthma_v2_Bronchial_P2BronchialSc_8.wav,0,4,1,1,0.002178646072653228,0.9885022496429521,0.0003681468220070658,0.0028560679710320303,0.006094889491355925
asthma_v2_Bronchial_P2BronchialTc_7.wav,0,4,1,1,0.03420789663519997,0.9030630654539429,0.01624347538853165,0.0235722332702927,0.022913329252032943
asthma_v2_Bronchial_P2BronchialTc_9.wav,0,4,1,1,0.00374381041619777,0.9709515618109824,0.0006870523041240884,0.008958891652898041,0.01565868381579765
asthma_v2_asthma_P10AsthmaIE_49.wav,0,4,0,0,0.8098604564746524,0.03720106443959805,0.011640484053233239,0.009159762163541666,0.13213823286897441
asthma_v2_asthma_P10AsthmaIU_46.wav,0,4,0,0,0.8385231464927504,0.13468813353731457,0.0030391636265833964,0.0014848631915634813,0.022264693151788306
asthma_v2_asthma_P10AsthmaIU_50.wav,0,4,0,0,0.8623582988071941,0.08072851160245749,0.012296558208152475,0.002263904788695903,0.042352726593499784
asthma_v2_asthma_P10AsthmaRL_47.wav,0,4,0,0,0.9237057362016983,0.013073831287517153,0.008128936487660868,0.001813331832901657,0.05327816419022218
asthma_v2_asthma_P10AsthmaRS_48.wav,0,4,0,0,0.8898774687345157,0.06123517406292886,0.006542747083652954,0.0006881867847223,0.041656423334180376
asthma_v2_asthma_P11WheezingIE_53.wav,0,4,0,0,0.7000121787431657,0.2220214900691183,0.013305375907540789,0.007050540907729103,0.057610414372446135
asthma_v2_asthma_P11WheezingIU_54.wav,0,4,0,0,0.4735198060059884,0.4564790771100676,0.00320185474511004,0.015522931989265158,0.051276330149568866
asthma_v2_asthma_P11WheezingRL_51.wav,0,4,0,0,0.6532321677523367,0.32607345230120244,0.0033671532352348836,0.001187274520015828,0.016139952191209738
asthma_v2_asthma_P11WheezingRL_55.wav,0,4,0,0,0.49719483796805297,0.4245712644738859,0.026395315843152193,0.029601036423020886,0.022237545291887952
asthma_v2_asthma_P11WheezingRS_52.wav,0,4,0,0,0.46865008480962056,0.484685347881245,0.010513131469401875,0.01963869395194344,0.016512741887789454
asthma_v2_asthma_P16WheezingIE_77.wav,0,4,0,0,0.624561115022478,0.004489635079054088,0.008986161468221211,0.050385225528462405,0.3115778629017846
asthma_v2_asthma_P16WheezingIU_78.wav,0,4,0,0,0.8154001658982805,0.009925948860904303,0.019345952403335476,0.004752487647966617,0.1505754451895128
asthma_v2_asthma_P16WheezingRL_79.wav,0,4,0,0,0.5945365748117841,0.0015371192973793475,0.008227989886067887,0.02991731135320126,0.3657810046515673
asthma_v2_asthma_P16WheezingRS_76.wav,0,4,0,0,0.725539962814541,0.003921151197147237,0.004424493939813195,0.03467901150096615,0.23143538054753257
asthma_v2_asthma_P16WheezingRS_80.wav,0,4,0,0,0.9181873647939136,0.04612114179637282,0.006208410261375096,0.0009943606213116771,0.028488722527026618
asthma_v2_asthma_P20WheezingIE_97.wav,0,4,0,0,0.2942163186459928,0.26414545811022905,0.13925591323124753,0.04071192834057513,0.2616703816719553
asthma_v2_asthma_P20WheezingIU_98.wav,0,4,0,0,0.7022299338212403,0.03535680934146846,0.01000191341169011,0.1812042213017113,0.07120712212388969
asthma_v2_asthma_P20WheezingRL_99.wav,0,4,0,0,0.877267439592245,0.03290859475238276,0.0024919441096911796,0.027880233412776942,0.059451788132903985
asthma_v2_asthma_P20WheezingRS_100.wav,0,4,0,3,0.41688045732214124,0.07252111050085712,0.004632821589574578,0.3820150494865394,0.12395056110088751
asthma_v2_asthma_P20WheezingRS_96.wav,0,4,0,0,0.9248488198735586,0.026933908043583935,0.0012727818305366503,0.0041643963673873,0.04278009388493378
asthma_v2_asthma_P23WheezingIE_113.wav,0,4,0,0,0.9009203426908736,0.007678986897026028,0.003089356251978723,0.00034562917180497337,0.08796568498831689
asthma_v2_asthma_P23WheezingIU_114.wav,0,4,0,0,0.886048774797847,0.01484942177405724,0.019280531309821814,0.000299820325339835,0.07952145179293411
asthma_v2_asthma_P23WheezingRL_111.wav,0,4,0,0,0.9568377891125871,0.01361252439237697,0.001445505035715779,0.0005571928645969423,0.027546988594723057
asthma_v2_asthma_P23WheezingRL_115.wav,0,4,0,0,0.7279691794279997,0.07878288844409878,0.04000518316284499,0.031282651522893355,0.12196009744216324
asthma_v2_asthma_P23WheezingRS_112.wav,0,4,0,0,0.9520888713170614,0.010949391763966292,0.0011690985082458037,0.00032106615197576905,0.03547157225875074
asthma_v2_asthma_P29WheezingIE_141.wav,0,4,0,0,0.7002252002540166,0.00955567673615137,0.0016679655288627348,0.002225139240514776,0.28632601824045484
asthma_v2_asthma_P29WheezingIE_145.wav,0,4,0,0,0.6076623988740897,0.0053985244111738025,0.028458084482275634,0.00021698879401525057,0.3582640034384453
asthma_v2_asthma_P29WheezingIU_142.wav,0,4,0,0,0.2805531207974772,0.4303194555103026,0.08820705941343868,0.03626982237318258,0.16465054190559897
asthma_v2_asthma_P29WheezingRL_143.wav,0,4,0,0,0.5873344536663628,0.014622305615016982,0.08231030168634697,0.0012447528100607934,0.31448818622221236
asthma_v2_asthma_P29WheezingRS_144.wav,0,4,0,4,0.34350373408490825,0.0022217468479770654,0.012138815456730723,0.00013881461650954317,0.6419968889938742
asthma_v2_asthma_P38WheezingIE_189.wav,0,4,0,0,0.8326903699159118,0.025927558105515336,0.124176943678406,0.0025141644337245686,0.014690963866442431
asthma_v2_asthma_P38WheezingIU_186.wav,0,4,0,0,0.8676632410207227,0.015417118430707755,0.0750364174247313,0.006689638029001015,0.0351935850948371
asthma_v2_asthma_P38WheezingIU_190.wav,0,4,0,0,0.7695452702860971,0.033404929780735865,0.14924405219675518,0.01545874665863234,0.032347001077779595
asthma_v2_asthma_P38WheezingRL_187.wav,0,4,0,0,0.7146179126535055,0.07140507535322635,0.04118599227250031,0.029845271671395213,0.14294574804937252
asthma_v2_asthma_P38WheezingRS_188.wav,0,4,0,0,0.5794763539435457,0.03877264492519281,0.33678978428063566,0.011203594140407318,0.03375762271021872
asthma_v2_asthma_P41WheezingIE_201.wav,0,4,0,0,0.8491410735202464,0.06067058583414511,0.03349600662161507,0.012171836792789912,0.04452049723120347
asthma_v2_asthma_P41WheezingIE_205.wav,0,4,0,0,0.9466918034002009,0.00623006706962538,0.010462675606687085,0.000734468839148893,0.03588098508433799
asthma_v2_asthma_P41WheezingIU_202.wav,0,4,0,0,0.9474107846137899,0.002869909427791424,0.01118302525717602,0.0006468814092028412,0.037889399292039876
asthma_v2_asthma_P41WheezingRL_203.wav,0,4,0,2,0.12717186654377985,0.0012661856549064541,0.8691883932480626,0.00011188578349581657,0.0022616687697554127
asthma_v2_asthma_P41WheezingRS_204.wav,0,4,0,0,0.8620567611795967,0.007840070461687509,0.036642065200378736,0.0008579119880369296,0.0926031911703001
asthma_v2_asthma_P47WheezingIE_233.wav,0,4,0,0,0.7683566779909086,0.004843380131792824,0.1276875845218631,0.001810376296999405,0.09730198105843632
asthma_v2_asthma_P47WheezingIU_234.wav,0,4,0,0,0.8664016131338497,0.00939241683467113,0.08828404787915231,0.0008582849803336905,0.0350636371719933
asthma_v2_asthma_P47WheezingRL_231.wav,0,4,0,0,0.3782140695698083,0.0685096012182535,0.4643744255277071,0.006018317124781864,0.0828835865594491
asthma_v2_asthma_P47WheezingRL_235.wav,0,4,0,0,0.866403424220937,0.008979818096407759,0.046943013984014445,0.0031256244672975358,0.07454811923134322
asthma_v2_asthma_P47WheezingRS_232.wav,0,4,0,0,0.9111892209432266,0.0031273033185794676,0.03588957244693948,0.0005382962358786253,0.04925560705537592
asthma_v2_asthma_P4AsthmaIE_17.wav,0,4,0,0,0.8322061347175281,0.12458032926539282,0.004615075686980891,0.0011832497568068322,0.03741521057329146
asthma_v2_asthma_P4AsthmaIU_18.wav,0,4,0,0,0.7912853912665562,0.1888499208133654,0.003418111856547181,0.0007957735618510878,0.015650802501680314
asthma_v2_asthma_P4AsthmaRL_19.wav,0,4,0,0,0.889656408126142,0.08219911191181745,0.0034791780486892097,0.000834807966976903,0.023830493946374633
asthma_v2_asthma_P4AsthmaRS_16.wav,0,4,0,0,0.8275999208199702,0.14290423700424626,0.003054398397950126,0.0005474356955119965,0.025894008082321247
asthma_v2_asthma_P4AsthmaRS_20.wav,0,4,0,0,0.8569731391698204,0.09541802871509943,0.006324226463766746,0.0022634079220656285,0.039021197729247496
asthma_v2_asthma_P53WheezingIE_261.wav,0,4,0,0,0.8293445417206209,0.08715559393870063,0.029281677405034134,0.0022663468944003314,0.05195184004124414
asthma_v2_asthma_P53WheezingIE_265.wav,0,4,0,0,0.26999118351660206,0.26902580658358693,0.34622377030353474,0.04864114133857221,0.06611809825770389
asthma_v2_asthma_P53WheezingIU_262.wav,0,4,0,0,0.888357219261995,0.07708010146817322,0.004707331051853886,0.0010195822319986297,0.028835765985979273
asthma_v2_asthma_P53WheezingRL_263.wav,0,4,0,4,0.0650043999604123,0.11362774978304187,0.16521436617330956,0.059076411477883055,0.5970770726053534
asthma_v2_asthma_P53WheezingRS_264.wav,0,4,0,1,0.17891820668538524,0.47759673722358575,0.26333297023486585,0.04154458733055825,0.03860749852560488
asthma_v2_asthma_P6AsthmaIE_29.wav,0,4,0,0,0.9084164814876986,0.04557142199464949,0.012270147023949464,0.0007851824282549626,0.032956767065447555
asthma_v2_asthma_P6AsthmaIU_26.wav,0,4,0,0,0.7205542873360024,0.14913546257007407,0.02033210105249043,0.01625365238298865,0.09372449665844466
asthma_v2_asthma_P6AsthmaIU_30.wav,0,4,0,0,0.9168713507609962,0.051992274785706775,0.005979228979316297,0.0013503865627855693,0.02380675891119517
asthma_v2_asthma_P6AsthmaRL_27.wav,0,4,0,0,0.7423751973985773,0.007331007510683763,0.012605939224564855,0.014900280363025716,0.22278757550314846
asthma_v2_asthma_P6AsthmaRS_28.wav,0,4,0,0,0.7656894975380818,0.0072041453760046765,0.013557721855484098,0.0034168283096393543,0.21013180692079014
asthma_v2_asthma_P7AsthmaIE_33.wav,0,4,0,0,0.8727663981182538,0.07075392624474323,0.008975141793123432,0.004182439390328857,0.04332209445355052
asthma_v2_asthma_P7AsthmaIU_34.wav,0,4,0,0,0.8426384248459554,0.09065687037682722,0.00794712874239208,0.004832698532937341,0.05392487750188774
asthma_v2_asthma_P7AsthmaRL_31.wav,0,4,0,0,0.7874991160062884,0.007564503562703721,0.010842234325307287,0.011460280308073582,0.18263386579762653
asthma_v2_asthma_P7AsthmaRL_35.wav,0,4,0,0,0.8339020701293673,0.08798124331287491,0.0016825568382495561,0.0026617399884488304,0.0737723897310595
asthma_v2_asthma_P7AsthmaRS_32.wav,0,4,0,4,0.1752226173305826,0.001382511364765809,0.00309477198887705,0.010365352405873413,0.8099347469099012
asthma_v2_copd_P14COPDMc_106.wav,0,4,2,2,0.005280977978519818,0.012369344281030061,0.9291934267174291,0.0038643152131991186,0.049291935809821635
asthma_v2_copd_P14COPDMc_108.wav,0,4,2,2,0.03866630660706982,0.005099676312906094,0.9512612535228725,0.0011544088939163498,0.0038183546632351894
asthma_v2_copd_P14COPDMc_110.wav,0,4,2,2,0.05042867666905223,0.011742119078231078,0.7860245715701524,0.001512753027720949,0.15029187965484314
asthma_v2_copd_P14COPDMc_112.wav,0,4,2,0,0.6095352435169641,0.029008110832438296,0.3463078513327656,0.004008615158426985,0.011140179159404972
asthma_v2_copd_P14COPDPr_105.wav,0,4,2,2,0.0015979100411419752,0.002858077329494474,0.9901059744128327,0.0002756569257633149,0.005162381290767563
asthma_v2_copd_P14COPDPr_107.wav,0,4,2,2,0.13154625807408865,0.00955442349968395,0.825065924770792,0.00041323980511447013,0.03342015385032112
asthma_v2_copd_P14COPDPr_109.wav,0,4,2,2,0.022585388227569586,0.00684365510136387,0.9315473153482061,0.000684777260294445,0.03833886406256597
asthma_v2_copd_P14COPDPr_111.wav,0,4,2,4,0.3073013583153651,0.019854805874659067,0.1703786525704131,0.002371627359976315,0.5000935558795863
asthma_v2_copd_P16COPDMc_122.wav,0,4,2,2,1.8723712739805467e-07,1.4994870710710224e-07,0.9998843544467284,7.70447523410646e-06,0.00010760389220294297
asthma_v2_copd_P16COPDMc_124.wav,0,4,2,2,1.2946493132822684e-07,9.834810378339313e-08,0.9998145116181969,4.673754357877233e-06,0.00018058681441026584
asthma_v2_copd_P16COPDMc_126.wav,0,4,2,2,8.77671672206408e-08,7.314120618455471e-08,0.999868365056354,2.2619380905365537e-06,0.0001292120971819222
asthma_v2_copd_P16COPDMc_128.wav,0,4,2,2,0.0006325771558486284,0.00015946492548766868,0.998776160885003,5.128292303337287e-05,0.0003805141106277808
asthma_v2_copd_P16COPDPr_121.wav,0,4,2,2,3.008393603384287e-07,2.2747524969312028e-07,0.999740516280793,8.662930375067778e-06,0.00025029247422213654
asthma_v2_copd_P16COPDPr_123.wav,0,4,2,2,1.6431263400881628e-07,1.4050965863157766e-07,0.9996463947825731,2.4882117130898725e-06,0.0003508121834210683
asthma_v2_copd_P16COPDPr_125.wav,0,4,2,2,1.046533758435013e-07,7.632964472309009e-08,0.9999421938704776,3.4011006993150294e-06,5.422404580244598e-05
asthma_v2_copd_P16COPDPr_127.wav,0,4,2,2,1.0059153278941103e-07,8.915686140456835e-08,0.9999794306434441,1.5157653071478454e-06,1.8863842854617198e-05
asthma_v2_copd_P1COPDMc_2.wav,0,4,2,0,0.6610169198765148,0.006506856151950401,0.16202232756002838,0.060343251075683106,0.11011064533582335
asthma_v2_copd_P1COPDMc_4.wav,0,4,2,4,0.03369795100009435,0.004365735166124801,0.4904698980276553,0.011941840748300653,0.45952457505782507
asthma_v2_copd_P1COPDMc_6.wav,0,4,2,2,0.008066209987449457,0.0018405984219793865,0.877575064664371,0.0062207873937151865,0.10629733953248499
asthma_v2_copd_P1COPDMc_8.wav,0,4,2,2,3.5131842016266424e-07,3.637069235791683e-07,0.9997866029224688,7.834423800805733e-05,0.00013433781417923358
asthma_v2_copd_P1COPDPr_1.wav,0,4,2,0,0.943340580484931,0.012194202737150113,0.025977352877686048,0.0013120784292892003,0.017175785470943523
asthma_v2_copd_P1COPDPr_3.wav,0,4,2,2,0.01863139835686026,0.0015243830856081968,0.9710652344241859,0.0005244601250040567,0.008254524008341473
asthma_v2_copd_P1COPDPr_5.wav,0,4,2,2,0.0004274852203079486,0.0002505037517273869,0.998298178534113,0.00016268966866917563,0.0008611428251824385
asthma_v2_copd_P1COPDPr_7.wav,0,4,2,2,0.0021835727520407044,0.001691597741500666,0.9781037596280224,0.0022928061934737553,0.01572826368496246
asthma_v2_copd_P22COPDMc_170.wav,0,4,2,2,0.0011310106662632685,0.0002630628817732919,0.9956206444615415,0.0008896920421330337,0.0020955899482885568
asthma_v2_copd_P22COPDMc_172.wav,0,4,2,2,0.001798751227944704,0.0008116228331689279,0.9761307581556826,0.009376862958142676,0.011882004825061082
asthma_v2_copd_P22COPDMc_174.wav,0,4,2,2,0.020310141417608434,0.003851910128076112,0.7736003310416134,0.10270746879778443,0.09953014861491799
asthma_v2_copd_P22COPDMc_176.wav,0,4,2,2,0.006101741295548794,0.0026811256157480666,0.9834303373300943,0.0021996023389159987,0.005587193419693051
asthma_v2_copd_P22COPDPr_169.wav,0,4,2,2,0.001234914322843928,0.0002925851204497916,0.9947725930365952,0.0009636418285124071,0.002736265691598649
asthma_v2_copd_P22COPDPr_171.wav,0,4,2,2,0.001191871753103579,0.0004821132650820979,0.978481585276943,0.011879006500522418,0.007965423204349025
asthma_v2_copd_P22COPDPr_173.wav,0,4,2,2,0.010599090218565862,0.003731406856983708,0.9728073988217709,0.007684627994803962,0.005177476107875713
asthma_v2_copd_P22COPDPr_175.wav,0,4,2,2,0.020761928999690808,0.004266845365033237,0.810425525832269,0.07750961806420822,0.08703608173879865
asthma_v2_copd_P24COPDMc_186.wav,0,4,2,2,0.005249857940709329,0.004287442113977636,0.9584209490818237,0.002508193397264999,0.02953355746622428
asthma_v2_copd_P24COPDMc_188.wav,0,4,2,2,0.005116340621108322,0.002692578392359171,0.9648793970991218,0.020442525462484012,0.006869158424926531
asthma_v2_copd_P24COPDMc_190.wav,0,4,2,3,0.021478065907303587,0.00995306153803243,0.5470140715671519,0.22143175527120657,0.2001230457163056
asthma_v2_copd_P24COPDMc_192.wav,0,4,2,2,0.00114891217654627,0.00033819092560512487,0.9939864717832629,0.0011603095266111679,0.0033661155879743574
asthma_v2_copd_P24COPDPr_185.wav,0,4,2,2,0.001021090800032165,0.0011108728510762986,0.9958880134362933,0.00029700008223729565,0.0016830228303609971
asthma_v2_copd_P24COPDPr_187.wav,0,4,2,2,0.007107337959646849,0.0034306667304785468,0.9139731485105996,0.0032219953753652515,0.07226685142390941
asthma_v2_copd_P24COPDPr_189.wav,0,4,2,4,0.049235759645938786,0.014832891141246217,0.3239978159603697,0.18481604597788237,0.4271174872745629
asthma_v2_copd_P24COPDPr_191.wav,0,4,2,2,4.330024491165962e-08,9.027693368687367e-08,0.9998904658726853,7.951645933341512e-05,2.9884090802658192e-05
asthma_v2_copd_P33COPDMc_258.wav,0,4,2,2,0.06906703668471623,0.009392326128140494,0.3117766689259059,0.189968976031292,0.4197949922299451
asthma_v2_copd_P33COPDMc_260.wav,0,4,2,4,0.035902758698054024,0.18869410722404822,0.14742661149023115,0.08376408682767998,0.5442124357599865
asthma_v2_copd_P33COPDMc_262.wav,0,4,2,2,0.09037177558338108,0.4699227775326267,0.19384838302897595,0.09665345716771448,0.14920360668730145
asthma_v2_copd_P33COPDMc_264.wav,0,4,2,2,0.0013485368518626891,0.007430127740884061,0.9906314492799708,8.979897798259993e-05,0.0005000871492994831
asthma_v2_copd_P33COPDPr_257.wav,0,4,2,2,0.0036892364263470803,0.00020079045902921704,0.9959511178406726,3.3522549497347854e-05,0.00012533272445379388
asthma_v2_copd_P33COPDPr_259.wav,0,4,2,4,0.020954939198334094,0.15001881333177566,0.30673743681840654,0.10247179977891309,0.4198170108725709
asthma_v2_copd_P33COPDPr_261.wav,0,4,2,4,0.1037266560067176,0.32875896521408154,0.21971276543080584,0.12170207924570453,0.22609953410269046
asthma_v2_copd_P33COPDPr_263.wav,0,4,2,1,0.08838574221373632,0.5036587043482758,0.14181513967824164,0.13588007501687785,0.13026033874286824
asthma_v2_copd_P37COPDMc_290.wav,0,4,2,2,0.0016508486644530522,0.03136138749651458,0.9645307489727835,0.0010140823514820298,0.0014429325147670776
asthma_v2_copd_P37COPDMc_292.wav,0,4,2,2,0.0019793769673638784,0.002932954585365058,0.994044770950825,0.0004165047702068767,0.0006263927262387869
asthma_v2_copd_P37COPDMc_294.wav,0,4,2,2,0.0014745406460318434,0.0004851666897668403,0.9971314928708596,0.0004889196036324787,0.00041988018970907747
asthma_v2_copd_P37COPDMc_296.wav,0,4,2,2,0.01046798863259823,0.0013017994295068886,0.9851668391889646,0.0012740903224203169,0.0017892824265102164
asthma_v2_copd_P37COPDPr_289.wav,0,4,2,2,0.0025247943790835223,0.019549756453009735,0.9724895149749929,0.0015733083577605471,0.0038626258351531343
asthma_v2_copd_P37COPDPr_291.wav,0,4,2,2,4.436121969283057e-07,7.468311255937317e-07,0.9998694086030326,9.951241298554521e-05,2.9888540659248683e-05
asthma_v2_copd_P37COPDPr_293.wav,0,4,2,2,0.004806181309288139,0.0012339911719416313,0.9924908795014593,0.00037488877806533957,0.0010940592392455466
asthma_v2_copd_P37COPDPr_295.wav,0,4,2,2,0.021601881419199283,0.0021213204156715383,0.9703755394633647,0.0026702199990652205,0.0032310387026991457
asthma_v2_copd_P39COPDMc_306.wav,0,4,2,2,0.0017472433373318143,0.0032309408550067857,0.9875734747646261,0.00020577432294069186,0.007242566720094734
asthma_v2_copd_P39COPDMc_308.wav,0,4,2,2,0.0016586664462155392,0.009398849531739103,0.9742410168009674,0.0006013959584854558,0.014100071262592558
asthma_v2_copd_P39COPDMc_310.wav,0,4,2,2,0.0032048366896548796,0.02957369945378653,0.926617934954288,0.0017646372943368343,0.03883889160793348
asthma_v2_copd_P39COPDMc_312.wav,0,4,2,2,0.0014699886645334389,0.0014541137015172325,0.9960881211435773,0.0003940320041909786,0.0005937444861810825
asthma_v2_copd_P39COPDPr_305.wav,0,4,2,2,0.03329439890796752,0.0011299874768729507,0.8510863011975603,0.011807626457994191,0.10268168595960514
asthma_v2_copd_P39COPDPr_307.wav,0,4,2,4,0.018312495108388293,0.027620442531248856,0.6025328564967392,0.0022383913222425536,0.34929581454138126
asthma_v2_copd_P39COPDPr_309.wav,0,4,2,2,0.00032073612597973024,0.004037990811705632,0.993968584919144,0.00026062416992001034,0.0014120639732508556
asthma_v2_copd_P39COPDPr_311.wav,0,4,2,2,0.000538564195884861,0.028338700198077865,0.9687689492499736,0.0003603948831835254,0.001993391472880317
asthma_v2_copd_P42COPDMc_330.wav,0,4,2,2,3.151673343399512e-07,4.3962244883761024e-07,0.9998177087594163,8.34657361215676e-05,9.807071467902126e-05
asthma_v2_copd_P42COPDMc_332.wav,0,4,2,2,0.0003744918118771095,0.00015622622748218286,0.9983981333388722,0.00032293771011402463,0.0007482109116542618
asthma_v2_copd_P42COPDMc_334.wav,0,4,2,2,0.000407180000845031,0.0001416801620911545,0.9975086239324447,0.0015116119049496718,0.000430903999669566
asthma_v2_copd_P42COPDMc_336.wav,0,4,2,2,0.002944648907054996,0.0007414745133986241,0.9806944126576848,0.0034415036136355446,0.012177960308226213
asthma_v2_copd_P42COPDPr_329.wav,0,4,2,2,0.000956743520293901,0.0006799535937733148,0.9933935991560454,0.0010271899960089088,0.0039425137338785585
asthma_v2_copd_P42COPDPr_331.wav,0,4,2,2,1.042369736711985e-07,1.5970981174584498e-07,0.9997945276911366,0.0001519748109552207,5.323355112282255e-05
asthma_v2_copd_P42COPDPr_333.wav,0,4,2,2,0.00048317490564652685,0.0002623352429082665,0.9942375310288321,0.0014217354697468078,0.0035952233528665656
asthma_v2_copd_P42COPDPr_335.wav,0,4,2,2,0.003184970651478762,0.001104075794075594,0.9810873727175161,0.0027870827105701476,0.011836498126359233
asthma_v2_copd_P7COPDMc_50.wav,0,4,2,2,0.0030199490765573708,0.0008650069190328821,0.9875840849138267,0.006190960146564696,0.002339998944018416
asthma_v2_copd_P7COPDMc_52.wav,0,4,2,2,0.004216614099698398,0.00929632839115104,0.9803995567390917,0.00456418025443394,0.0015233205156246652
asthma_v2_copd_P7COPDMc_54.wav,0,4,2,2,0.006852024705478392,0.0044638585818438286,0.9599611862841699,0.023727156042312552,0.004995774386195182
asthma_v2_copd_P7COPDMc_56.wav,0,4,2,2,0.005724251941290438,0.003642517958216196,0.9789819573712027,0.009333220763439771,0.0023180519658506514
asthma_v2_copd_P7COPDPr_49.wav,0,4,2,2,0.006724855890099472,0.0032964355938792877,0.9782068583507192,0.0013301199866341251,0.010441730178667846
asthma_v2_copd_P7COPDPr_51.wav,0,4,2,2,0.004970149513106563,0.0012444882443001988,0.9838153407137362,0.006013449198454622,0.003956572330402466
asthma_v2_copd_P7COPDPr_53.wav,0,4,2,2,0.0025934287708310826,0.002928570700047165,0.9792710511567083,0.012839192789176545,0.002367756583237035
asthma_v2_copd_P7COPDPr_55.wav,0,4,2,2,0.009401117492774237,0.19537983299681935,0.6059924112062085,0.17526732595731231,0.01395931234688556
asthma_v2_healthy_P14Healthy28S.wav,0,4,3,3,0.010246876081612462,0.026908002990710587,0.03476611849983486,0.9041264427807908,0.023952559647051352
asthma_v2_healthy_P14Healthy47S.wav,0,4,3,3,0.07932800422484669,0.11380341525490636,0.18813347319201484,0.561391109202985,0.05734399812524705
asthma_v2_healthy_P14Healthy53S.wav,0,4,3,3,0.005732616695303555,0.007214695608900653,0.010754717461425109,0.9633170884336311,0.012980881800739646
asthma_v2_healthy_P14Healthy54S.wav,0,4,3,3,0.0036272943054535536,0.18039699686137436,0.015654607747668935,0.757779662235999,0.042541438849504225
asthma_v2_healthy_P14Healthy89S.wav,0,4,3,3,0.0024546732502542913,0.2873913980120741,0.016624939215133708,0.678602445720076,0.014926543802461828
asthma_v2_healthy_P1Healthy29S.wav,0,4,3,3,0.004763500197841503,0.03667188504798233,0.12190177118493448,0.7951908990913986,0.0414719444778425
asthma_v2_healthy_P1Healthy55S.wav,0,4,3,3,0.0030762750822873864,0.005096376546039764,0.018169714303256923,0.9281115940767772,0.04554603999163858
asthma_v2_healthy_P1Healthy86S.wav,0,4,3,3,0.006377381145751326,0.02450727061415937,0.06332002348812993,0.8655432646904169,0.04025206006154269
asthma_v2_healthy_P1Healthy88S.wav,0,4,3,3,0.005946363775464249,0.010450045801879432,0.06581923911670463,0.8639510369449986,0.05383331436095315
asthma_v2_healthy_P1Healthy99S.wav,0,4,3,3,0.008433608383507735,0.003526669795755841,0.020064536390638203,0.7594761974352705,0.20849898799482805
asthma_v2_healthy_P20Healthy25S.wav,0,4,3,3,0.006454710275092681,0.004734572501774946,0.001205251034492302,0.9041979823477301,0.08340748384091025
asthma_v2_healthy_P20Healthy31S.wav,0,4,3,3,0.0024862312048652088,0.000560776453261186,0.0005214231200965382,0.972973367593528,0.02345820162824897
asthma_v2_healthy_P20Healthy59S.wav,0,4,3,3,0.0030918779860649287,0.011165521724663258,0.002323603673102901,0.8961614941867823,0.08725750242938682
asthma_v2_healthy_P20Healthy70S.wav,0,4,3,3,0.0031215590885979643,0.0029173240362598426,0.0002379008888089451,0.9427351307684746,0.05098808521785861
asthma_v2_healthy_P20Healthy84S.wav,0,4,3,1,0.09845067901433088,0.7134846509022822,0.013566925817575543,0.11168996691147041,0.0628077773543409
asthma_v2_healthy_P24Healthy51S.wav,0,4,3,3,0.005134249387958481,0.00276412906793787,0.0006962021701373383,0.9259350154570228,0.06547040391694336
asthma_v2_healthy_P24Healthy58S.wav,0,4,3,3,0.006429167055608781,0.00733244061348119,0.0009379945210397153,0.9493937967813746,0.03590660102849564
asthma_v2_healthy_P24Healthy62S.wav,0,4,3,3,0.01211890545800443,0.01196090151790095,0.281552119797273,0.604332977277368,0.09003509594945378
asthma_v2_healthy_P24Healthy63S.wav,0,4,3,3,0.011148296521123837,0.014506853300457324,0.06896768260039368,0.808594496589749,0.0967826709882758
asthma_v2_healthy_P24Healthy95S.wav,0,4,3,3,0.012680909600207188,0.021167156176619108,0.262009752347907,0.5312774246188958,0.17286475725637077
asthma_v2_healthy_P7Healthy38S.wav,0,4,3,3,0.005477255450127146,0.00890627726723764,0.012499291553014394,0.9492747454752868,0.023842430254333972
asthma_v2_healthy_P7Healthy39S.wav,0,4,3,3,0.017790180253892493,0.09372555494252618,0.05922171039781804,0.7871005973585693,0.04216195704719438
asthma_v2_healthy_P7Healthy84S.wav,0,4,3,4,0.08599298078480362,0.0027548832266865043,0.07030617728998495,0.2530747648013033,0.5878711938972223
asthma_v2_healthy_P7Healthy85S.wav,0,4,3,4,0.12909467087634907,0.005604585683440241,0.05499713431550522,0.18969462605169787,0.6206089830730074
asthma_v2_healthy_P7Healthy94S.wav,0,4,3,3,0.033873541835497296,0.05018089892235496,0.1013948180366793,0.7560946241845444,0.05845611702092359
asthma_v2_pneumonia_P10Pneumonia52A.wav,0,4,4,4,0.034103438976710754,0.012243622630257646,0.01751767369842847,0.00756560690923973,0.9285696577853635
asthma_v2_pneumonia_P10Pneumonia73G.wav,0,4,4,4,0.04143494259872784,0.0021908926617327587,0.008029535823487106,0.001335837455891256,0.947008791460161
asthma_v2_pneumonia_P10Pneumonia80J.wav,0,4,4,4,0.027374658234696127,0.020745248964167417,0.025714239562299616,0.019686299687064385,0.9064795535517725
asthma_v2_pneumonia_P10Pneumonia88R.wav,0,4,4,4,0.2532945951676201,0.009000977104379582,0.003997657067472252,0.0038686853751580355,0.72983808528537
asthma_v2_pneumonia_P10Pneumonia93W.wav,0,4,4,4,0.03596192989268919,0.0031323206548898295,0.009813265845259062,0.013209705561243333,0.9378827780459186
asthma_v2_pneumonia_P10Pneumonia97B.wav,0,4,4,4,0.24726221378740576,0.011054969292261744,0.018548047658428775,0.0015244749201787852,0.7216102943417252
asthma_v2_pneumonia_P16Pneumonia18Z.wav,0,4,4,3,0.08293437568318128,0.0008064159401792802,0.0008180560418653579,0.49158717429057514,0.4238539780441993
asthma_v2_pneumonia_P16Pneumonia42Q.wav,0,4,4,3,0.10002189697336336,0.0016030840300423827,0.002788476486872694,0.6577710958236589,0.23781544668606283
asthma_v2_pneumonia_P16Pneumonia56J.wav,0,4,4,3,0.0911986790176096,0.0010759312051618346,0.001650579688789995,0.6311718987053666,0.2749029113830722
asthma_v2_pneumonia_P16Pneumonia66X.wav,0,4,4,3,0.14494371745500978,0.0011544551357908393,0.0011547198119147434,0.26166741921670666,0.5910796883805778
asthma_v2_pneumonia_P16Pneumonia78M.wav,0,4,4,3,0.23806407331555832,0.004026502192647296,0.0053606765145082485,0.31352143263032106,0.43902731534696515
asthma_v2_pneumonia_P16Pneumonia80G.wav,0,4,4,3,0.14086019848213704,0.0015269771343410657,0.0014445651618382044,0.41378710314500977,0.4423811560766739
asthma_v2_pneumonia_P18Pneumonia15Q.wav,0,4,4,4,0.017852789729302636,0.0026478056424626166,9.189087275908187e-05,0.0020863563001302285,0.9773211574553454
asthma_v2_pneumonia_P18Pneumonia16E.wav,0,4,4,4,0.04281631949718587,0.007579591463858362,0.0002870282257481124,0.002824573999355349,0.9464924868138523
asthma_v2_pneumonia_P18Pneumonia23E.wav,0,4,4,4,0.01299354641218749,0.0022515478083484576,7.107980521429921e-05,0.003172184022030897,0.9815116419522186
asthma_v2_pneumonia_P18Pneumonia50S.wav,0,4,4,4,0.06655778845343414,0.003574922721183846,0.00021373412957948815,0.0011728414130959145,0.9284807132827068
asthma_v2_pneumonia_P18Pneumonia84N.wav,0,4,4,4,0.03377612877278514,0.002668309124804006,0.00016264943679087783,0.0009215685828709159,0.9624713440827488
asthma_v2_pneumonia_P18Pneumonia88I.wav,0,4,4,4,0.05219858478688265,0.0031773412530326137,0.00012329261919870056,0.001820960855569546,0.9426798204853161
asthma_v2_pneumonia_P28Pneumonia22W.wav,0,4,4,4,0.340970345535645,0.04501918553567597,0.018347689045422316,0.0016391565750507261,0.5940236233082062
asthma_v2_pneumonia_P28Pneumonia43J.wav,0,4,4,3,0.02016910042028559,0.056890142843111835,0.02598452376119343,0.44384932971888713,0.4531069032565219
asthma_v2_pneumonia_P28Pneumonia56Y.wav,0,4,4,4,0.05087210554965433,0.027029288945054155,0.002010168458503939,0.01835705084682587,0.9017313861999616
asthma_v2_pneumonia_P28Pneumonia65J.wav,0,4,4,0,0.5526676626223617,0.11336472600372255,0.017999280833169838,0.005005970621397769,0.3109623599193482
asthma_v2_pneumonia_P28Pneumonia71A.wav,0,4,4,4,0.02636375855727185,0.006259087872239875,0.0006195022062333863,0.0007145515743228599,0.9660430997899321
asthma_v2_pneumonia_P28Pneumonia90E.wav,0,4,4,0,0.2218400776236176,0.3003599742880862,0.24405123114561036,0.005082938567112402,0.22866577837557334
asthma_v2_pneumonia_P32Pneumonia59Q.wav,0,4,4,4,0.01371943939535555,0.03467448905510685,0.00108622492276524,0.16031437127746884,0.7902054753493034
asthma_v2_pneumonia_P32Pneumonia66M.wav,0,4,4,4,0.067372904218604,0.005944227755094979,0.000247933651142751,0.025494199918098207,0.90094073445706
asthma_v2_pneumonia_P32Pneumonia69E.wav,0,4,4,4,0.04564490962780163,0.027150874328910557,0.009013590495446562,0.0040233449784197964,0.9141672805694218
asthma_v2_pneumonia_P32Pneumonia75E.wav,0,4,4,4,0.0442598469577522,0.007451854329506097,0.00023007333191889243,0.004013163004711956,0.9440450623761105
asthma_v2_pneumonia_P32Pneumonia98Y.wav,0,4,4,4,0.04384939353999248,0.027686459579934503,0.005044774557310811,0.00413488323848355,0.9192844890842786
asthma_v2_pneumonia_P32Pneumonia99W.wav,0,4,4,4,0.05551759218320117,0.04120453694301211,0.008516433852085815,0.011748817516911453,0.8830126195047894
asthma_v2_pneumonia_P33Pneumonia50P.wav,0,4,4,4,0.049127102993741185,0.0034559001748513465,0.00020002844937594183,0.006762170242418099,0.9404547981396136
asthma_v2_pneumonia_P33Pneumonia70D.wav,0,4,4,4,0.021848499160501425,0.0006904384326479155,0.00011773678995799003,0.0009023346322438946,0.9764409909846486
asthma_v2_pneumonia_P33Pneumonia74T.wav,0,4,4,4,0.028539078055565444,0.003299189047155499,0.00017241701922929775,0.001055386624208687,0.9669339292538415
asthma_v2_pneumonia_P33Pneumonia88U.wav,0,4,4,4,0.014940783086770139,0.005701871472345679,0.00027959398866815,0.0011800510024669395,0.9778977004497491
asthma_v2_pneumonia_P33Pneumonia94C.wav,0,4,4,4,0.04972540915833205,0.003643468158127525,0.00013795823880391686,0.010280675296080184,0.9362124891486563
asthma_v2_pneumonia_P33Pneumonia94P.wav,0,4,4,4,0.027417397775121383,0.0036459956543232223,0.00025786799808931546,0.0008177476046645137,0.9678609909678016
asthma_v2_pneumonia_P39Pneumonia16K.wav,0,4,4,0,0.7601280971033135,0.1811981803767587,0.012558137959888175,0.006790653410717857,0.03932493114932162
asthma_v2_pneumonia_P39Pneumonia41F.wav,0,4,4,0,0.45477285285061286,0.05330855230102715,0.07968881091069928,0.0027791078592426448,0.4094506760784179
asthma_v2_pneumonia_P39Pneumonia49H.wav,0,4,4,0,0.6415847284731327,0.00397421349876977,0.0015763036175610115,0.011333474354049796,0.341531280056487
asthma_v2_pneumonia_P39Pneumonia78Z.wav,0,4,4,0,0.5735189637074676,0.012113656145446601,0.0038079183672891427,0.08434226774457737,0.32621719403521915
asthma_v2_pneumonia_P39Pneumonia85Q.wav,0,4,4,0,0.476089101370474,0.028942029791182596,0.02250301839497292,0.0022178626129569726,0.47024798783041366
asthma_v2_pneumonia_P39Pneumonia87S.wav,0,4,4,4,0.21288228770972611,0.045861398886389675,0.03974584823767775,0.005418903015869667,0.6960915621503371
asthma_v2_pneumonia_P43Pneumonia24U.wav,0,4,4,3,0.013668282837972006,0.0043854141124700045,0.6371572391379899,0.24770278855321043,0.09708627535835777
asthma_v2_pneumonia_P43Pneumonia53X.wav,0,4,4,4,0.03161993865882559,0.006617707251673352,0.012127127750058031,0.018669458177361153,0.9309657681620819
asthma_v2_pneumonia_P43Pneumonia54I.wav,0,4,4,4,0.13368650799323598,0.0057523601389510995,0.015644957253009222,0.005725793904346396,0.8391903807104576
asthma_v2_pneumonia_P43Pneumonia73N.wav,0,4,4,4,0.09906402769871189,0.004687677455585288,0.0081618855891549,0.005897089523390129,0.8821893197331577
asthma_v2_pneumonia_P43Pneumonia88Y.wav,0,4,4,3,0.017491512035013902,0.005279672176224734,0.4155637206086624,0.35085045438337925,0.21081464079671963
asthma_v2_pneumonia_P43Pneumonia89T.wav,0,4,4,3,0.013463456403452747,0.0042548022072376596,0.5331154638177704,0.25895755208039983,0.19020872549113946
asthma_v2_pneumonia_P44Pneumonia36U.wav,0,4,4,4,0.05116639721649312,0.10313347096643602,0.14329775055507704,0.07777583592769152,0.6246265453343026
asthma_v2_pneumonia_P44Pneumonia47J.wav,0,4,4,4,0.09906402769871189,0.004687677455585288,0.0081618855891549,0.005897089523390129,0.8821893197331577
asthma_v2_pneumonia_P44Pneumonia49B.wav,0,4,4,4,0.13368650799323598,0.0057523601389510995,0.015644957253009222,0.005725793904346396,0.8391903807104576
asthma_v2_pneumonia_P44Pneumonia59U.wav,0,4,4,4,0.026185731387753285,0.08468590678230571,0.008418447757506494,0.11852459684112494,0.7621853172313097
asthma_v2_pneumonia_P44Pneumonia65N.wav,0,4,4,4,0.03057501607849528,0.09777825461513782,0.007993031883377634,0.10186100924408574,0.7617926881789034
asthma_v2_pneumonia_P44Pneumonia71M.wav,0,4,4,4,0.03161993865882559,0.006617707251673352,0.012127127750058031,0.018669458177361153,0.9309657681620819
asthma_v2_pneumonia_P5Pneumonia20K.wav,0,4,4,4,0.049434485347719555,0.006044916397367217,0.0257927006096332,0.038778793493230025,0.8799491041520497
asthma_v2_pneumonia_P5Pneumonia21J.wav,0,4,4,4,0.029847448043208824,0.015284423760570322,0.025560276712887957,0.05802314617529018,0.8712847053080427
asthma_v2_pneumonia_P5Pneumonia38U.wav,0,4,4,4,0.026776713006111105,0.017229728862043218,0.061032088060066145,0.1007644210012774,0.7941970490705017
asthma_v2_pneumonia_P5Pneumonia88J.wav,0,4,4,4,0.07321810135800914,0.010914374311310975,0.025233140567139795,0.006324660998530635,0.8843097227650095
asthma_v2_pneumonia_P5Pneumonia94P.wav,0,4,4,4,0.013290100570433675,0.0015541375848263526,0.008890373430991935,0.15807210043153494,0.818193287982213
asthma_v2_pneumonia_P5Pneumonia95V.wav,0,4,4,4,0.03758084776345235,0.007971698765929538,0.016980372639225586,0.020058271168573734,0.917408809662819
asthma_v2_pneumonia_P9Pneumonia31T.wav,0,4,4,4,0.2219166852495591,0.048393381265043285,0.05131417187425568,0.010014083806315925,0.6683616778048261
asthma_v2_pneumonia_P9Pneumonia63O.wav,0,4,4,4,0.02739224053756525,0.024903062235040862,0.008121058457082895,0.19257468032179373,0.7470089584485172
asthma_v2_pneumonia_P9Pneumonia67I.wav,0,4,4,4,0.047105142967848575,0.0007973805355921955,0.002321877274128677,0.03109755543984627,0.918678043782584
asthma_v2_pneumonia_P9Pneumonia73J.wav,0,4,4,4,0.04548810558795873,0.00031597625418417917,0.0008191683611275525,0.013540255845049738,0.9398364939516798
asthma_v2_pneumonia_P9Pneumonia74S.wav,0,4,4,0,0.6120435277380358,0.012726744623513999,0.00495474030293747,0.001011499688879944,0.36926348764663286
asthma_v2_pneumonia_P9Pneumonia74V.wav,0,4,4,4,0.08564324374122836,0.0004788697922333028,0.0008861559901887111,0.15881925314550543,0.7541724773308441
