file_id,repeat,fold,y_true,y_pred,p_asthma,p_bronchial,p_copd,p_healthy,p_pneumonia
asthma_v2_Bronchial_P11BronchialSc_52.wav,0,0,1,0,0.46476240181300893,0.030276803057074742,0.053950088623839286,0.06109730153602869,0.38991340497004795
asthma_v2_Bronchial_P11BronchialSc_54.wav,0,0,1,4,0.15424721645476475,0.02380275228553632,0.012043772166411362,0.25166629361842463,0.558239965474863
asthma_v2_Bronchial_P11BronchialTc_51.wav,0,0,1,1,0.01520326305551809,0.9291414094087148,0.03587331997476705,0.003709812816437998,0.016072194744561896
asthma_v2_Bronchial_P11BronchialTc_53.wav,0,0,1,3,0.05146257107693105,0.029811790964653053,0.005224394032609685,0.6826792232109951,0.23082202071481112
asthma_v2_Bronchial_P11BronchialTc_55.wav,0,0,1,0,0.9427729009712915,0.018441794347728507,0.004325391269337464,0.00016086363707094254,0.0342990497745713
asthma_v2_Bronchial_P14BronchialSc_66.wav,0,0,1,1,0.27806633968546934,0.6276898813328464,0.062211432405476975,0.0030573953536818512,0.028974951222525355
asthma_v2_Bronchial_P14BronchialSc_68.wav,0,0,1,0,0.38260760331627164,0.012441298196695883,0.5966675739832299,0.00044835124540435525,0.007835173258398574
asthma_v2_Bronchial_P14BronchialSc_70.wav,0,0,1,1,0.001979682036079865,0.9862613465494342,0.006577777374725234,0.003434158653605491,0.00174703538615512
asthma_v2_Bronchial_P14BronchialTc_67.wav,0,0,1,0,0.8187232620099364,0.10658955526885353,0.05107560737912089,0.0028595280352490308,0.020752047306840056
asthma_v2_Bronchial_P14BronchialTc_69.wav,0,0,1,0,0.8396486510555603,0.06390481539234046,0.0286415822178418,0.0015441896826260773,0.06626076165163111
asthma_v2_Bronchial_P16BronchialSc_76.wav,0,0,1,1,0.05586718160821998,0.7792244239039317,0.07310108100652496,0.010367075969425208,0.08144023751189819
asthma_v2_Bronchial_P16BronchialSc_78.wav,0,0,1,1,0.2618283779725748,0.48463323421946686,0.19005170793440543,0.017864014815802392,0.045622665057750034
asthma_v2_Bronchial_P16BronchialSc_80.wav,0,0,1,1,0.04043811899095083,0.8918668119941481,0.02818103785852734,0.01657938287924744,0.02293464827712637
asthma_v2_Bronchial_P16BronchialTc_77.wav,0,0,1,1,0.03617883417304908,0.8444353467310164,0.03294479320874785,0.014962633025855767,0.07147839286133098
asthma_v2_Bronchial_P16BronchialTc_79.wav,0,0,1,1,0.00963491001528733,0.9668015882239295,0.010473017902166204,0.007893791272125144,0.005196692586491962
asthma_v2_Bronchial_P18BronchialSc_86.wav,0,0,1,1,0.0016810634586712275,0.991004487085566,0.0029873199675849497,0.002485403922084051,0.001841725566093789
asthma_v2_Bronchial_P18BronchialSc_88.wav,0,0,1,1,0.0036540900150867036,0.8549170188063456,0.13556081747123835,0.000270696348356636,0.005597377358972683
asthma_v2_Bronchial_P18BronchialSc_90.wav,0,0,1,1,0.004150326697475498,0.8977610638319737,0.09152848968593495,0.00016563340429075695,0.006394486380324866
asthma_v2_Bronchial_P18BronchialTc_87.wav,0,0,1,1,0.0015634468382699016,0.9935677486889276,0.0024339001132845984,0.0014102022522641618,0.0010247021072539416
asthma_v2_Bronchial_P18BronchialTc_89.wav,0,0,1,1,0.0015636932454652767,0.97712355655662,0.019149333274657135,0.00017702362002812758,0.0019863933032295256
asthma_v2_Bronchial_P7BronchialSc_32.wav,0,0,1,1,0.004210475502497916,0.9499226447935838,0.018326876434686355,0.021874168663986213,0.005665834605246021
asthma_v2_Bronchial_P7BronchialSc_34.wav,0,0,1,1,0.0024087815613885533,0.9437323895028531,0.014856787729210228,0.03359793974715933,0.005404101459388603
asthma_v2_Bronchial_P7BronchialTc_31.wav,0,0,1,1,0.0009925348763019624,0.9832598885800731,0.004845702225794923,0.0074435853889208035,0.003458288928908947
asthma_v2_Bronchial_P7BronchialTc_33.wav,0,0,1,1,0.0017270311903510261,0.9603616035461464,0.019479150039471052,0.016297860229656083,0.002134354994375149
asthma_v2_Bronchial_P7BronchialTc_35.wav,0,0,1,1,0.0009916531383169715,0.9792158155643178,0.008297944111627957,0.005091950011361921,0.0064026371743757405
asthma_v2_Bronchial_P9BronchialSc_42.wav,0,0,1,1,0.0008371324645853882,0.9756485316476897,0.01301415827473688,0.006754826244286439,0.0037453513687015936
asthma_v2_Bronchial_P9BronchialSc_44.wav,0,0,1,1,0.0014413547171465571,0.9823960923461303,0.0027882568268363327,0.009499281146620174,0.0038750149632665147
asthma_v2_Bronchial_P9BronchialTc_41.wav,0,0,1,1,0.0008526458648562143,0.9689879892256864,0.002374099388735867,0.026268241248224095,0.0015170242724974969
asthma_v2_Bronchial_P9BronchialTc_43.wav,0,0,1,1,0.0033629492643858635,0.9639092914254201,0.008950293227596797,0.006387049956966328,0.017390416125631282
asthma_v2_Bronchial_P9BronchialTc_45.wav,0,0,1,1,0.000467050436487151,0.9496864418544005,0.047671276561308804,0.0009813593301764485,0.0011938718176271032
asthma_v2_asthma_P15WheezingIE_73.wav,0,0,0,0,0.9360922422103748,0.005114056432373222,0.0025374756006210104,0.0008473452321733979,0.05540888052445773
asthma_v2_asthma_P15WheezingIU_74.wav,0,0,0,0,0.8728744913716144,0.006041670870719785,0.004907206180715892,0.0018514036947013582,0.11432522788224862
asthma_v2_asthma_P15WheezingRL_71.wav,0,0,0,0,0.7804051517039005,0.012771407632777306,0.021590324075940536,0.0060520228867437,0.17918109370063784
asthma_v2_asthma_P15WheezingRL_75.wav,0,0,0,4,0.37734693684582427,0.003898575522570174,0.008848986765093879,0.004864915935690111,0.6050405849308215
asthma_v2_asthma_P15WheezingRS_72.wav,0,0,0,0,0.8623109632258856,0.0031184144380685436,0.00516937056685946,0.0014575548879432112,0.12794369688124277
asthma_v2_asthma_P21WheezingIE_101.wav,0,0,0,0,0.611665760173388,0.019710855516928753,0.0036568591317489613,0.07770488055429346,0.2872616446236405
asthma_v2_asthma_P21WheezingIE_105.wav,0,0,0,0,0.36126579201434633,0.10785106388240301,0.3517674265180501,0.008022437698574584,0.17109327988662604
asthma_v2_asthma_P21WheezingIU_102.wav,0,0,0,0,0.8922178551501768,0.060313807613841676,0.0018496570707154567,0.015275629716335878,0.030343050448930514
asthma_v2_asthma_P21WheezingRL_103.wav,0,0,0,0,0.7061053701549433,0.007331966457014827,0.0019504166680052294,0.05481842574989586,0.2297938209701405
asthma_v2_asthma_P21WheezingRS_104.wav,0,0,0,0,0.2395268120351598,0.11657450377667274,0.4812750549505772,0.005383203641564626,0.1572404255960254
asthma_v2_asthma_P27WheezingIE_133.wav,0,0,0,3,0.3431695439968123,0.020641034918154465,0.002502599755135577,0.5671665270888347,0.06652029424106272
asthma_v2_asthma_P27WheezingIU_134.wav,0,0,0,0,0.8875552812696231,0.0065358552759356755,0.0021882005998971766,0.00037567249663208893,0.1033449903579117
asthma_v2_asthma_P27WheezingRL_131.wav,0,0,0,0,0.8703081472031486,0.00248852265155051,0.04603501825443664,0.0010028183152388072,0.08016549357562576
asthma_v2_asthma_P27WheezingRL_135.wav,0,0,0,0,0.5164770803834109,0.2664748172672408,0.053561074600860605,0.016674928304262614,0.1468120994442252
asthma_v2_asthma_P27WheezingRS_132.wav,0,0,0,0,0.872018061387086,0.0012130561437780577,0.015537896983509806,0.000947413893584944,0.11028357159204116
asthma_v2_asthma_P34WheezingIE_169.wav,0,0,0,0,0.9536467993707395,0.00251887035587277,0.0012643810925208878,0.002689080274373644,0.03988086890649317
asthma_v2_asthma_P34WheezingIU_166.wav,0,0,0,0,0.8585989643192922,0.010534645295227666,0.02699383072988396,0.0001403242211883411,0.10373223543440813
asthma_v2_asthma_P34WheezingIU_170.wav,0,0,0,0,0.930021856986137,0.019022769954946592,0.0025960396725558887,0.0001305061999174128,0.04822882718644303
asthma_v2_asthma_P34WheezingRL_167.wav,0,0,0,0,0.9583159316563288,0.004977172712746785,0.001150517424036086,0.0008003698868862062,0.03475600832000219
asthma_v2_asthma_P34WheezingRS_168.wav,0,0,0,0,0.9018893696869672,0.010288318964030964,0.0034081546722761246,0.003928503139489694,0.08048565353723601
asthma_v2_asthma_P35WheezingIE_173.wav,0,0,0,0,0.5154372207707201,0.002892266058878991,0.4022160981506413,0.002479832715956047,0.07697458230380379
asthma_v2_asthma_P35WheezingIU_174.wav,0,0,0,0,0.4656087531139488,0.28276023188717875,0.024089822879030564,0.0014772989425687773,0.2260638931772733
asthma_v2_asthma_P35WheezingRL_171.wav,0,0,0,0,0.9071863194146348,0.0072001512348443585,0.004243814699045938,0.0002895205567709145,0.0810801940947038
asthma_v2_asthma_P35WheezingRL_175.wav,0,0,0,0,0.86738462788601,0.005108096016802624,0.025517965497466183,0.00011666901401396568,0.10187264158570719
asthma_v2_asthma_P35WheezingRS_172.wav,0,0,0,0,0.379667877265183,0.001999022961606604,0.5332880292816858,0.0018260179358016433,0.08321905255572276
asthma_v2_asthma_P37WheezingIE_181.wav,0,0,0,0,0.8049431362677046,0.002792145807691723,0.1527397593542182,0.0007285112791594183,0.03879644729122613
asthma_v2_asthma_P37WheezingIE_185.wav,0,0,0,0,0.8879593049817396,0.004618968626087349,0.04520306060249049,0.0014107004465072441,0.060807965343175334
asthma_v2_asthma_P37WheezingIU_182.wav,0,0,0,0,0.9714831347494243,0.0008167669264052145,0.006316994340153008,0.0005676438295368357,0.020815460154480596
asthma_v2_asthma_P37WheezingRL_183.wav,0,0,0,0,0.9450470720075272,0.0018792127611432575,0.02671016394413303,0.00040879096724520187,0.025954760319951253
asthma_v2_asthma_P37WheezingRS_184.wav,0,0,0,0,0.8448892972526979,0.028267869136481914,0.007193100329334405,0.006756858787953009,0.11289287449353283
asthma_v2_asthma_P39WheezingIE_193.wav,0,0,0,0,0.8808061901580241,0.0011457158825201536,0.018019936546036352,0.0002096427385056209,0.09981851467491402
asthma_v2_asthma_P39WheezingIU_194.wav,0,0,0,0,0.9493004697016939,0.007118618082908736,0.012870764459703168,0.00042855826102626825,0.030281589494667926
asthma_v2_asthma_P39WheezingRL_191.wav,0,0,0,4,0.35685414491750617,0.004481003396034703,0.09000274341002573,0.0006756267095954711,0.5479864815668378
asthma_v2_asthma_P39WheezingRL_195.wav,0,0,0,0,0.9414737752751071,0.002151513985649289,0.017713352705227385,0.0005263186195782556,0.03813503941443777
asthma_v2_asthma_P39WheezingRS_192.wav,0,0,0,4,0.45754233693718904,0.0034319677072873257,0.04355509561961696,0.00038013665716466627,0.4950904630787423
asthma_v2_asthma_P49WheezingIE_241.wav,0,0,0,0,0.6394615563038091,0.0053861934682542505,0.005202569998060856,0.0013015279063089988,0.3486481523235669
asthma_v2_asthma_P49WheezingIE_245.wav,0,0,0,0,0.9568592514093203,0.0006848539430687993,0.010441986526063316,0.007550671507973805,0.024463236613573847
asthma_v2_asthma_P49WheezingIU_242.wav,0,0,0,0,0.5492972147920162,0.016138459207056678,0.022036924202304534,0.00035453971506068624,0.41217286208356196
asthma_v2_asthma_P49WheezingRL_243.wav,0,0,0,0,0.9653054200214688,0.003709263943746271,0.0110146860556759,0.0038272167920943576,0.016143413187014555
asthma_v2_asthma_P49WheezingRS_244.wav,0,0,0,0,0.9604796032523872,0.0004278930506716262,0.02878556583418489,0.00015949655974775004,0.01014744130300842
asthma_v2_asthma_P51WheezingIE_253.wav,0,0,0,0,0.8712180580042989,0.004238096598709586,0.06920351906018878,0.0033503860157048843,0.05198994032109762
asthma_v2_asthma_P51WheezingIU_254.wav,0,0,0,0,0.84188709594459,0.008412357119545367,0.03949760957741331,0.0007385359109459825,0.10946440144750526
asthma_v2_asthma_P51WheezingRL_251.wav,0,0,0,0,0.8123693547735854,0.011450124749240394,0.11175015764950352,0.0029964041327964707,0.06143395869487399
asthma_v2_asthma_P51WheezingRL_255.wav,0,0,0,0,0.8471515047448496,0.0045997088757589065,0.0823192063811003,0.0014153068047488763,0.06451427319354222
asthma_v2_asthma_P51WheezingRS_252.wav,0,0,0,0,0.84224480037262,0.0029431409871588047,0.13000902253112,0.000611702083264682,0.024191334025836574
asthma_v2_copd_P17COPDMc_130.wav,0,0,2,2,0.0008800393151651162,0.00039679916172883755,0.9982180278858959,0.0001703528536326303,0.0003347807835774119
asthma_v2_copd_P17COPDMc_132.wav,0,0,2,2,8.039351477113196e-08,5.7353303247455254e-08,0.9999983993352569,8.535031469656607e-08,1.3775676101952042e-06
asthma_v2_copd_P17COPDMc_134.wav,0,0,2,2,1.756588211577625e-07,1.3728197941050361e-07,0.9999948028486632,2.0992122644373596e-07,4.6742893097899145e-06
asthma_v2_copd_P17COPDMc_136.wav,0,0,2,2,0.00021264810867178748,0.001473403002319372,0.9981504363634093,7.448397454745621e-05,8.902855105222038e-05
asthma_v2_copd_P17COPDPr_129.wav,0,0,2,2,6.688511136316006e-07,3.924630074802186e-07,0.9998765337134022,3.3354244847780067e-06,0.00011906954799197909
asthma_v2_copd_P17COPDPr_131.wav,0,0,2,2,0.004824375657287483,0.0016921663832217713,0.9911050189111286,0.0009176419407067646,0.001460797107655198
asthma_v2_copd_P17COPDPr_133.wav,0,0,2,2,1.2089896239718875e-07,8.538213808779466e-08,0.9999963564602264,2.1976723688694082e-07,3.2174914361631237e-06
asthma_v2_copd_P17COPDPr_135.wav,0,0,2,2,0.0002141442403088121,0.0010009545391403852,0.998669941397467,5.0791366252943455e-05,6.41684568308833e-05
asthma_v2_copd_P23COPDMc_178.wav,0,0,2,2,0.024023541693299396,0.026641252890861302,0.931591166355091,0.005878908789149691,0.011865130271598228
asthma_v2_copd_P23COPDMc_180.wav,0,0,2,2,0.0008620690395700824,0.00048680067724134467,0.997480187425937,0.0003985116895228719,0.0007724311677286391
asthma_v2_copd_P23COPDMc_182.wav,0,0,2,2,0.01161027765424682,0.014405908993068107,0.8764897789849082,0.02597178018716932,0.07152225418060763
asthma_v2_copd_P23COPDMc_184.wav,0,0,2,2,0.0011695535795668841,0.006163986878906656,0.9741909022088526,0.012338281499044292,0.0061372758336293775
asthma_v2_copd_P23COPDPr_177.wav,0,0,2,2,0.008567632566607697,0.01665372690700725,0.9629646489963049,0.003992663021525109,0.007821328508555287
asthma_v2_copd_P23COPDPr_179.wav,0,0,2,2,0.000424230360933039,0.00026189697161463647,0.9990800618200277,5.3209036953685065e-05,0.00018060181047068944
asthma_v2_copd_P23COPDPr_181.wav,0,0,2,2,0.000550685033080533,0.00038016487206668053,0.9982873198477243,0.0001581979338367338,0.0006236323132915643
asthma_v2_copd_P23COPDPr_183.wav,0,0,2,2,0.0040091142907506564,0.00960093592358143,0.9519834712750277,0.01682762888515644,0.017578849625484023
asthma_v2_copd_P31COPDMc_242.wav,0,0,2,2,0.013282356758512187,0.0014813400832589267,0.9516794422777985,0.01640204391192609,0.017154816968504103
asthma_v2_copd_P31COPDMc_244.wav,0,0,2,2,0.0411706596001588,0.004541980763021474,0.7806269833992485,0.12756467451577871,0.0460957017217925
asthma_v2_copd_P31COPDMc_246.wav,0,0,2,2,0.03652419307147289,0.0005942982474492095,0.9601686423542021,0.00022740450601747833,0.002485461820858413
asthma_v2_copd_P31COPDMc_248.wav,0,0,2,0,0.7071711479615224,0.002300333572095222,0.2686729969238023,0.0007629181325437349,0.021092603410036357
asthma_v2_copd_P31COPDPr_241.wav,0,0,2,2,1.5009131453576142e-08,1.0212291264229156e-08,0.9999536531418961,3.0229591001611234e-05,1.6092045679645987e-05
asthma_v2_copd_P31COPDPr_243.wav,0,0,2,3,0.0547677415680547,0.0075322647607610855,0.2833779191082551,0.5774529521926214,0.07686912237030766
asthma_v2_copd_P31COPDPr_245.wav,0,0,2,2,0.09315276294374994,0.001951479873711737,0.9000048806120343,0.0013574380363998296,0.00353343853410422
asthma_v2_copd_P31COPDPr_247.wav,0,0,2,2,0.009718199324443783,0.0029163299641012195,0.9855028907494747,0.00039904009954499836,0.001463539862435524
asthma_v2_copd_P32COPDMc_250.wav,0,0,2,0,0.30511795030862493,0.03833770282763097,0.6253203978835766,0.0031797520614669215,0.028044196918700637
asthma_v2_copd_P32COPDMc_252.wav,0,0,2,0,0.46145196981500564,0.0014513422237227328,0.5162587160452711,0.00023705457310765012,0.020600917342893207
asthma_v2_copd_P32COPDMc_254.wav,0,0,2,2,0.10561940088357959,0.0009884760866524292,0.8907333296055274,0.0003559731144806389,0.002302820309759868
asthma_v2_copd_P32COPDMc_256.wav,0,0,2,2,0.24613050660264768,0.0026646274794306832,0.7429386916886236,0.001118199370975545,0.007147974858322523
asthma_v2_copd_P32COPDPr_249.wav,0,0,2,0,0.700817968706502,0.008244052136636782,0.20514261460742594,0.0063639149859505495,0.07943144956348484
asthma_v2_copd_P32COPDPr_251.wav,0,0,2,2,0.12402917642742986,0.0018890025131257902,0.8654435303635876,0.00021233439167064823,0.00842595630418626
asthma_v2_copd_P32COPDPr_253.wav,0,0,2,2,0.2748184680883715,0.0028365871992873997,0.716454332021716,0.0008627327008928893,0.0050278799897327
asthma_v2_copd_P32COPDPr_255.wav,0,0,2,2,0.18551220359353707,0.0010836594550961965,0.8109930545121955,0.00011796909911678888,0.0022931133400543938
asthma_v2_copd_P36COPDMc_282.wav,0,0,2,2,0.12251835481345316,0.028500035013075478,0.7067758713976044,0.027993908288963764,0.11421183048690332
asthma_v2_copd_P36COPDMc_284.wav,0,0,2,2,0.013150787121164907,0.0010922384620155946,0.9424879352668688,0.0030977608727820027,0.04017127827716873
asthma_v2_copd_P36COPDMc_286.wav,0,0,2,2,0.0005518514737235695,0.0014343035807733967,0.9941111339076405,0.002217405625386581,0.0016853054124761518
asthma_v2_copd_P36COPDMc_288.wav,0,0,2,2,0.002567700720733039,0.01718255130472677,0.9755141067022318,0.001260095674411409,0.0034755455978972283
asthma_v2_copd_P36COPDPr_281.wav,0,0,2,2,3.1688226633097703e-06,2.3018283488977898e-06,0.9978272894979624,0.0016501444136009088,0.0005170954374244622
asthma_v2_copd_P36COPDPr_283.wav,0,0,2,2,0.018543702547965703,0.0072765841800705566,0.9106515389093802,0.013226539621064067,0.05030163474151954
asthma_v2_copd_P36COPDPr_285.wav,0,0,2,2,0.00035313594211899385,0.00028064850521384595,0.9987974861295409,0.00026387993165945543,0.0003048494914667725
asthma_v2_copd_P36COPDPr_287.wav,0,0,2,2,0.00027338707780081905,0.0020697989651186116,0.9925543650766985,0.0034869107845026987,0.0016155380958791864
asthma_v2_copd_P41COPDMc_322.wav,0,0,2,2,2.7582723401900993e-07,3.430353045115756e-07,0.9999963578429317,6.313440528005134e-07,2.3919504768634527e-06
asthma_v2_copd_P41COPDMc_324.wav,0,0,2,2,0.00027811637442994947,0.0024572588895917275,0.9964293205684415,0.0003062722410347643,0.0005290319265024262
asthma_v2_copd_P41COPDMc_326.wav,0,0,2,2,0.0026598634345964558,0.0022267589027461804,0.9935913046141458,0.0005014520214732059,0.0010206210270386777
asthma_v2_copd_P41COPDMc_328.wav,0,0,2,2,0.0013601990945238424,0.003074634923971214,0.993993228084953,0.0005146755471111659,0.0010572623494408489
asthma_v2_copd_P41COPDPr_321.wav,0,0,2,2,0.00024302209130854286,0.0009978548389256794,0.99837426057201,0.00011927280074731217,0.0002655896970086825
asthma_v2_copd_P41COPDPr_323.wav,0,0,2,2,2.74695228101566e-07,4.3283077621080014e-07,0.9999257742239546,5.00821182446958e-06,6.851003821663951e-05
asthma_v2_copd_P41COPDPr_325.wav,0,0,2,2,0.00047039426126563435,0.0016968710256743242,0.9972123737635081,0.0002620372470213751,0.000358323702530191
asthma_v2_copd_P41COPDPr_327.wav,0,0,2,2,0.0010816158786366569,0.0013440832862360009,0.9968543882827734,0.00018885282412240925,0.0005310597282314913
asthma_v2_copd_P45COPDMc_354.wav,0,0,2,2,0.0022458780002504223,0.00037947990956869435,0.9124727236710574,0.010638649163282771,0.07426326925584045
asthma_v2_copd_P45COPDMc_356.wav,0,0,2,2,1.8957491479975822e-07,1.1651719201649768e-07,0.9995769537545459,0.00023825975376234914,0.00018448039958495673
asthma_v2_copd_P45COPDMc_358.wav,0,0,2,3,0.10394962082394349,0.010504846952238793,0.48185985248993557,0.28086503686997116,0.12282064286391134
asthma_v2_copd_P45COPDMc_360.wav,0,0,2,3,0.04636315553742249,0.003577933236313715,0.35596664605039136,0.23963802957377886,0.35445423560209355
asthma_v2_copd_P45COPDPr_353.wav,0,0,2,2,0.0001349849554460833,9.580702008803647e-05,0.9824384369703731,0.002681946442781207,0.014648824611311588
asthma_v2_copd_P45COPDPr_355.wav,0,0,2,2,3.6591648113942245e-08,2.31210001582011e-08,0.9999188596888761,3.4611284642684055e-05,4.6469313832828064e-05
asthma_v2_copd_P45COPDPr_357.wav,0,0,2,2,2.634729793853686e-08,1.642835984246553e-08,0.9999302871066029,2.4871191817589163e-05,4.47989259215904e-05
asthma_v2_copd_P45COPDPr_359.wav,0,0,2,3,0.04143691586200929,0.004278616878818961,0.4044475738394967,0.2687191550707089,0.28111773834896603
asthma_v2_copd_P50COPDMc_394.wav,0,0,2,2,0.001546558802155781,0.000863647003444544,0.9969368369130069,0.00025353680111075695,0.0003994204802822146
asthma_v2_copd_P50COPDMc_396.wav,0,0,2,2,0.0074090200345360464,0.001337285852841285,0.9899252073943282,0.00023327145053770261,0.0010952152677567572
asthma_v2_copd_P50COPDMc_398.wav,0,0,2,2,0.00012004558834090924,0.0007597393365326145,0.9988507463328218,9.67783004170107e-05,0.00017269044188776553
asthma_v2_copd_P50COPDMc_400.wav,0,0,2,2,0.00012287828713427421,0.0005761628687824429,0.9991173543626893,7.001674519612036e-05,0.00011358773619805081
asthma_v2_copd_P50COPDPr_393.wav,0,0,2,2,0.00210212448673578,0.0016618224419502324,0.9949386776805418,0.0004952487191967801,0.0008021266715754814
asthma_v2_copd_P50COPDPr_395.wav,0,0,2,2,0.002642706204096441,0.0007132339506394335,0.995032511618104,0.0007039099097980045,0.0009076383173623306
asthma_v2_copd_P50COPDPr_397.wav,0,0,2,2,0.0012265498750653524,0.00029046892047653023,0.9981739763556244,0.00012244678613449324,0.0001865580626991296
asthma_v2_copd_P50COPDPr_399.wav,0,0,2,2,0.0005097044959522187,0.001072043498307395,0.9980268315260115,0.0001635324511586834,0.00022788802857043983
asthma_v2_copd_P6COPDMc_42.wav,0,0,2,2,0.0032241558859074,0.0003636246843558901,0.9940272242514399,0.0004331448301614704,0.001951850348135535
asthma_v2_copd_P6COPDMc_44.wav,0,0,2,2,0.0008171555180634371,0.00015280153194755744,0.9976591253640281,0.00019147357615352712,0.001179444009807508
asthma_v2_copd_P6COPDMc_46.wav,0,0,2,2,0.003478707138857236,0.0014773403737141021,0.9896736629762484,0.001301586386573302,0.004068703124607039
asthma_v2_copd_P6COPDMc_48.wav,0,0,2,2,0.004053462667117774,0.0024888580610562747,0.907938526343045,0.003604294865819269,0.08191485806296141
asthma_v2_copd_P6COPDPr_41.wav,0,0,2,2,0.0027715202901711757,0.00022909623996075597,0.9940506496353576,0.00039209571822344623,0.002556638116287002
asthma_v2_copd_P6COPDPr_43.wav,0,0,2,2,0.0009743003135012783,0.0001683562661843864,0.9973293557967343,0.0001411662655945328,0.0013868213579850905
asthma_v2_copd_P6COPDPr_45.wav,0,0,2,2,0.009273364656576496,0.0011161378246621332,0.927434837717441,0.003278913744048353,0.05889674605727219
asthma_v2_copd_P6COPDPr_47.wav,0,0,2,2,0.02836400693885293,0.0014585856544304019,0.9115740671116035,0.005891108645031808,0.052712231650081424
asthma_v2_healthy_P10Healthy10S.wav,0,0,3,4,0.24777479355785365,0.0391801784258369,0.04139106162571452,0.009396983623540878,0.662256982767054
asthma_v2_healthy_P10Healthy14S.wav,0,0,3,4,0.29637893509927415,0.04169487824332742,0.027414656952244383,0.008628546832634752,0.6258829828725193
asthma_v2_healthy_P10Healthy61S.wav,0,0,3,3,0.03319987955211326,0.0038301469908211066,0.007170357877201516,0.6359904084625605,0.31980920711730393
asthma_v2_healthy_P10Healthy65S.wav,0,0,3,3,0.02065514266057205,0.002818782868369204,0.006807022738823824,0.61154375165211,0.35817530008012505
asthma_v2_healthy_P10Healthy93S.wav,0,0,3,4,0.2108772393169537,0.014613986626706906,0.037868391853779076,0.013412831996323423,0.7232275502062367
asthma_v2_healthy_P13Healthy28S.wav,0,0,3,3,0.03253843108289972,0.008308041043378676,0.04524554179458974,0.848530514387903,0.0653774716912285
asthma_v2_healthy_P13Healthy42S.wav,0,0,3,3,0.0039162066105917865,0.004067887092396302,0.007339378095903627,0.9776956594915571,0.006980868709551231
asthma_v2_healthy_P13Healthy48S.wav,0,0,3,3,0.05497542682353552,0.09285835045401596,0.11203680186579949,0.690800392366211,0.04932902849043824
asthma_v2_healthy_P13Healthy53S.wav,0,0,3,3,0.07367510684508626,0.21351410211095018,0.211170578348981,0.4456552301435462,0.055984982551436684
asthma_v2_healthy_P13Healthy69S.wav,0,0,3,3,0.04916577743511031,0.06787396381451875,0.03511820167188243,0.7577118322691564,0.09013022480933192
asthma_v2_healthy_P2Healthy30S.wav,0,0,3,4,0.010578103254226718,0.0006944452173613568,0.0059084430708631125,0.27783594128692474,0.704983067170624
asthma_v2_healthy_P2Healthy43S.wav,0,0,3,3,0.09132983015166256,0.050423600003743005,0.025153104638253567,0.6528842310304118,0.18020923417592866
asthma_v2_healthy_P2Healthy54S.wav,0,0,3,3,0.13125225436853966,0.20216067002830182,0.02474589186835482,0.5345295871812654,0.10731159655353821
asthma_v2_healthy_P2Healthy72S.wav,0,0,3,4,0.02740602736693442,0.0006713780679416472,0.00669294167267956,0.05713680811675041,0.9080928447756941
asthma_v2_healthy_P2Healthy89S.wav,0,0,3,3,0.013444175722879224,0.0009660701690491105,0.01663314020751811,0.4851547016903362,0.4838019122102176
asthma_v2_healthy_P3Healthy44S.wav,0,0,3,3,0.0027516676463744316,0.008977809015927218,0.006561656548907483,0.9768501768207555,0.004858689968035536
asthma_v2_healthy_P3Healthy49S.wav,0,0,3,3,0.01853191427945392,0.03314607778637469,0.007017010345846913,0.9215404431997466,0.019764554388578045
asthma_v2_healthy_P3Healthy57S.wav,0,0,3,3,0.03701019551106614,0.02959631780212335,0.004814513400803914,0.8981550519333991,0.030423921352607734
asthma_v2_healthy_P3Healthy60S.wav,0,0,3,3,0.09117057213836358,0.08074007918177797,0.017147827807783463,0.6864689349932086,0.12447258587886664
asthma_v2_healthy_P3Healthy84S.wav,0,0,3,3,0.004112750883429453,0.014312613210103407,0.0033392301103660565,0.966872905923605,0.011362499872496098
asthma_v2_healthy_P6Healthy21S.wav,0,0,3,0,0.21135629742421144,0.05712482842944702,0.42035824138557026,0.12382215302803087,0.18733847973274076
asthma_v2_healthy_P6Healthy34S.wav,0,0,3,3,0.03934652552072377,0.001182514202885495,0.009738240055322839,0.34249538388672723,0.6072373363343405
asthma_v2_healthy_P6Healthy51S.wav,0,0,3,4,0.28308328018414897,0.021049843080345996,0.025514309552584474,0.16074977570973822,0.509602791473182
asthma_v2_healthy_P6Healthy71S.wav,0,0,3,3,0.04953849663977763,0.07721970222818597,0.05304804678917437,0.760449737544963,0.05974401679789878
asthma_v2_healthy_P6Healthy77S.wav,0,0,3,4,0.08599721277515796,0.006487572737866703,0.04875886614667159,0.15203059200948577,0.7067257563308179
asthma_v2_pneumonia_P13Pneumonia20R.wav,0,0,4,4,0.16326210736431235,0.0017530355928904624,0.009855848423111905,0.03443590372824586,0.7906931048914396
asthma_v2_pneumonia_P13Pneumonia26N.wav,0,0,4,4,0.21528751192531262,0.04751738963508613,0.0066466258875664125,0.016241581298314784,0.7143068912537202
asthma_v2_pneumonia_P13Pneumonia33Z.wav,0,0,4,4,0.14499753655418307,0.003298113605303746,0.008397738124147546,0.01607599401847174,0.827230617697894
asthma_v2_pneumonia_P13Pneumonia60R.wav,0,0,4,4,0.08802497791453893,0.0011816397140821135,0.004498064575426312,0.04198975804916575,0.8643055597467869
asthma_v2_pneumonia_P13Pneumonia94T.wav,0,0,4,4,0.045271538969768044,0.02556608333460076,0.021420106070766092,0.03792458351745245,0.8698176881074124
asthma_v2_pneumonia_P13Pneumonia99T.wav,0,0,4,0,0.5009490743514079,0.0413848101277356,0.007510832490514334,0.0016416248887104066,0.4485136581416321
asthma_v2_pneumonia_P14Pneumonia19W.wav,0,0,4,4,0.39987204177383284,0.002258946122634131,0.011626788957993999,0.00020549160489026654,0.5860367315406486
asthma_v2_pneumonia_P14Pneumonia22X.wav,0,0,4,3,0.009970175165698066,0.0008784456552926556,0.0010010519221825523,0.9013050598907348,0.08684526736609195
asthma_v2_pneumonia_P14Pneumonia40M.wav,0,0,4,3,0.07053461904427683,0.01957892998333959,0.0023722240562607235,0.7422495139845989,0.16526471293152398
asthma_v2_pneumonia_P14Pneumonia62B.wav,0,0,4,4,0.3885534009059062,0.008608092205402429,0.002511277969503315,0.0010816366997865655,0.5992455922194014
asthma_v2_pneumonia_P14Pneumonia73T.wav,0,0,4,4,0.1950956448718424,0.0011401279067746884,0.008750802443940307,0.0002463726850426554,0.7947670520924001
asthma_v2_pneumonia_P14Pneumonia87C.wav,0,0,4,4,0.11189226369239423,0.0052168195571658795,0.012086462202818546,0.0005965491242485804,0.8702079054233728
asthma_v2_pneumonia_P1Pneumonia10T.wav,0,0,4,4,0.011143020493443059,0.00028411095212182015,0.00011121097898839979,6.244041049433308e-05,0.9883992171649523
asthma_v2_pneumonia_P1Pneumonia39F.wav,0,0,4,4,0.013909815385747893,0.0018876317767483586,0.0006376832054567456,0.0005759257810793491,0.9829889438509676
asthma_v2_pneumonia_P1Pneumonia41U.wav,0,0,4,4,0.009256775877884354,0.0007488626195297678,0.00013195285730924048,0.001198387672297474,0.9886640209729793
asthma_v2_pneumonia_P1Pneumonia93D.wav,0,0,4,4,0.029518525028602107,0.00027918125875611753,0.00018086356859111665,0.00025469810126293394,0.9697667320427875
asthma_v2_pneumonia_P1Pneumonia94J.wav,0,0,4,4,0.08670315933277425,0.007051897076237578,0.003844264556615594,0.025325138227183658,0.8770755408071886
asthma_v2_pneumonia_P1Pneumonia97M.wav,0,0,4,4,0.08876887756481439,0.0009189590052688873,0.0009018909603462782,0.0007560384969206647,0.9086542339726498
asthma_v2_pneumonia_P20Pneumonia27V.wav,0,0,4,4,0.12994406911356327,0.0007757467772059656,0.001348849607810452,0.007327448456759074,0.860603886044661
asthma_v2_pneumonia_P20Pneumonia31P.wav,0,0,4,3,0.24596469975669014,0.03689679929227049,0.0163307146071828,0.2555948206155893,0.44521296572826713
asthma_v2_pneumonia_P20Pneumonia37V.wav,0,0,4,4,0.21190691113165688,0.07344770139908968,0.042582271420784745,0.15942514967317206,0.5126379663752969
asthma_v2_pneumonia_P20Pneumonia42B.wav,0,0,4,4,0.1669688735514556,0.0012650207453417052,0.0055146411185593505,0.017178204570005157,0.8090732600146383
asthma_v2_pneumonia_P20Pneumonia58T.wav,0,0,4,4,0.23015291106318264,0.0018444558645487937,0.00328279477726241,0.045062565934889304,0.7196572723601169
asthma_v2_pneumonia_P20Pneumonia84L.wav,0,0,4,3,0.22085780878891426,0.0397834038686352,0.025475963271534736,0.23210093438022159,0.48178188969069413
asthma_v2_pneumonia_P27Pneumonia25R.wav,0,0,4,4,0.05857653217039895,0.002470233541524239,0.0032185543935658945,0.0003902435023920002,0.935344436392119
asthma_v2_pneumonia_P27Pneumonia28K.wav,0,0,4,4,0.05495396372240443,0.013361647831095112,0.007743202125587452,0.009941925821107726,0.9139992604998056
asthma_v2_pneumonia_P27Pneumonia37T.wav,0,0,4,4,0.07076834202023749,0.006336249447057105,0.2937246790830444,0.0038294713481152134,0.6253412581015461
asthma_v2_pneumonia_P27Pneumonia48G.wav,0,0,4,4,0.1046661731524071,0.008882919198205193,0.4540363652039205,0.004185810077887829,0.4282287323675789
asthma_v2_pneumonia_P27Pneumonia62C.wav,0,0,4,4,0.09184287884415465,0.007477981325440407,0.005267926604017972,0.0023581027619549865,0.893053110464432
asthma_v2_pneumonia_P27Pneumonia77J.wav,0,0,4,2,0.09697057162618392,0.008521226875080619,0.6782673130746256,0.004204820844322137,0.21203606757978755
asthma_v2_pneumonia_P29Pneumonia14M.wav,0,0,4,4,0.040725013338383076,0.0003863528585701228,0.00034382773692151,0.00016447356716290285,0.9583803324989623
asthma_v2_pneumonia_P29Pneumonia17N.wav,0,0,4,4,0.0813212793924543,0.006422934612100974,0.0008192637526444747,0.015774623707231532,0.8956618985355688
asthma_v2_pneumonia_P29Pneumonia18M.wav,0,0,4,4,0.009824067005911612,0.0024943455920923728,0.0008384178097269569,0.007359059534714917,0.9794841100575544
asthma_v2_pneumonia_P29Pneumonia24X.wav,0,0,4,4,0.024888874346608462,0.001113967104584792,0.0002920822694137726,0.0003154572268154592,0.9733896190525773
asthma_v2_pneumonia_P29Pneumonia51O.wav,0,0,4,4,0.02705094600274917,0.004197431860617533,0.000908556954130338,0.00894285133361633,0.9589002138488867
asthma_v2_pneumonia_P29Pneumonia82U.wav,0,0,4,4,0.052365314495290985,0.0024343488480926016,0.0006698017105627197,0.014221744247800275,0.9303087906982535
asthma_v2_pneumonia_P37Pneumonia44I.wav,0,0,4,0,0.7024380777773488,0.01980199644794157,0.006652588236703959,0.08689303985180075,0.18421429768620465
asthma_v2_pneumonia_P37Pneumonia73K.wav,0,0,4,0,0.8543966543251309,0.035988972804195336,0.016524700213083394,0.0033753142117541697,0.08971435844583647
asthma_v2_pneumonia_P37Pneumonia73X.wav,0,0,4,0,0.8989713242657857,0.004994810206234591,0.0022528192283697963,0.0005773383841007027,0.09320370791550928
asthma_v2_pneumonia_P37Pneumonia83S.wav,0,0,4,0,0.7067585838896707,0.008662813290891884,0.011255454251021616,0.004196484650350619,0.26912666391806533
asthma_v2_pneumonia_P37Pneumonia84E.wav,0,0,4,4,0.32557868933960893,0.06645668310323154,0.014440091585247259,0.11698359854536926,0.4765409374265429
asthma_v2_pneumonia_P37Pneumonia95J.wav,0,0,4,0,0.8356553786715986,0.007869590324260566,0.007127344496066966,0.006875129509549197,0.1424725569985245
asthma_v2_pneumonia_P40Pneumonia18H.wav,0,0,4,0,0.7014142411497456,0.10281147020204269,0.05336263110895267,0.005129593582038372,0.13728206395722056
asthma_v2_pneumonia_P40Pneumonia32Q.wav,0,0,4,4,0.2470035488822378,0.0007001171615956765,0.0007914805373411519,0.00021939052665575704,0.7512854628921695
asthma_v2_pneumonia_P40Pneumonia69N.wav,0,0,4,4,0.11887192014368136,0.0015804818117394345,0.0006413488355595629,0.001165619587909761,0.8777406296211097
asthma_v2_pneumonia_P40Pneumonia90Y.wav,0,0,4,0,0.8216502802293069,0.027237518742577505,0.011724422532090769,0.0024375824431381917,0.13695019605288652
asthma_v2_pneumonia_P40Pneumonia91V.wav,0,0,4,0,0.4785259380366675,0.026185608443089377,0.24045380747151748,0.0017236981762046256,0.25311094787252103
asthma_v2_pneumonia_P40Pneumonia92J.wav,0,0,4,3,0.05994404882472505,0.022556672755351174,0.06509279150082904,0.7799868358100286,0.07241965110906601
asthma_v2_pneumonia_P47Pneumonia14M.wav,0,0,4,4,0.1173460400917958,0.02242581021772228,0.007542989161202757,0.03667239463981326,0.8160127658894659
asthma_v2_pneumonia_P47Pneumonia19A.wav,0,0,4,4,0.22694884132080792,0.0264864434996968,0.019257371239267084,0.06466641598711975,0.6626409279531085
asthma_v2_pneumonia_P47Pneumonia24N.wav,0,0,4,4,0.09291221305229776,0.00370828489622102,0.1163729365608176,0.006971315752716286,0.7800352497379474
asthma_v2_pneumonia_P47Pneumonia69D.wav,0,0,4,4,0.2843863766190531,0.006129899611850385,0.26765114555009567,0.01326527941938888,0.4285672987996119
asthma_v2_pneumonia_P47Pneumonia74Q.wav,0,0,4,4,0.14736241648324658,0.0014978625768271435,0.1352485814595875,0.00761046106021383,0.7082806784201247
asthma_v2_pneumonia_P47Pneumonia98K.wav,0,0,4,4,0.09385054964053233,0.026824884454922555,0.0056950297854890765,0.054652315650518486,0.8189772204685376
asthma_v2_pneumonia_P6Pneumonia15U.wav,0,0,4,4,0.14867842694334288,0.00465151902377587,0.08714452506668988,0.005041712494974885,0.7544838164712167
asthma_v2_pneumonia_P6Pneumonia17Q.wav,0,0,4,4,0.021511524012469634,0.002835449348710616,0.027299402560121137,0.024089997253579562,0.9242636268251192
asthma_v2_pneumonia_P6Pneumonia32L.wav,0,0,4,4,0.0263122014120779,0.006891638972098035,0.03804537283414408,0.0011498553557116114,0.9276009314259682
asthma_v2_pneumonia_P6Pneumonia37H.wav,0,0,4,4,0.0479434461515758,0.021210577461730398,0.05284734026471289,0.03442714433439023,0.8435714917875907
asthma_v2_pneumonia_P6Pneumonia39O.wav,0,0,4,4,0.050052092691999436,0.0036506105615346078,0.022282695055452915,0.0011882401348114664,0.9228263615562015
asthma_v2_pneumonia_P6Pneumonia84M.wav,0,0,4,4,0.027503418885189646,0.001773410327842001,0.038508058751290514,0.006748114127595207,0.9254669979080828
asthma_v2_pneumonia_P7Pneumonia22C.wav,0,0,4,4,0.05681370538679449,0.02156865032296593,0.3257863107967355,0.002154118457329642,0.5936772150361744
asthma_v2_pneumonia_P7Pneumonia22X.wav,0,0,4,4,0.022857874700582443,0.008515964263043569,0.09099122654347534,0.05107416283468785,0.8265607716582103
asthma_v2_pneumonia_P7Pneumonia34I.wav,0,0,4,4,0.05543650353914976,0.0008332743794204311,0.028931323060586222,0.0028665305531404566,0.9119323684677033
asthma_v2_pneumonia_P7Pneumonia61Q.wav,0,0,4,4,0.031187537442013476,0.001796135408810598,0.02573560387782456,0.0044577646255990885,0.9368229586457522
asthma_v2_pneumonia_P7Pneumonia62G.wav,0,0,4,4,0.03689442324632472,0.0017900154965372612,0.03441515564340176,0.008854838069131635,0.9180455675446048
asthma_v2_pneumonia_P7Pneumonia76F.wav,0,0,4,4,0.03796821405840083,0.010036374896152701,0.3941084387969493,0.009086972757465646,0.5487999994910316
asthma_v2_Bronchial_P19BronchialSc_92.wav,0,1,1,1,0.003461784702091924,0.9815567724035974,0.010192405252462742,0.00024211351835979366,0.004546924123488351
asthma_v2_Bronchial_P19BronchialSc_94.wav,0,1,1,1,0.03844842744296436,0.5936210160663734,0.31883576231813593,0.006230911721203616,0.04286388245132256
asthma_v2_Bronchial_P19BronchialTc_91.wav,0,1,1,1,0.05948872335452094,0.3486534856386466,0.5277233794135975,0.006031167748670775,0.05810324384456406
asthma_v2_Bronchial_P19BronchialTc_93.wav,0,1,1,1,0.004236052232465299,0.970483148689689,0.021138391550550313,0.00028396443898069077,0.0038584430883148325
asthma_v2_Bronchial_P19BronchialTc_95.wav,0,1,1,1,0.03504572884289894,0.7694601074951708,0.13642800593517793,0.022546238957177164,0.03651991876957502
asthma_v2_Bronchial_P1BronchialSc_2.wav,0,1,1,1,0.029467668014504615,0.7406448796854035,0.10060056358174839,0.09598308529057885,0.0333038034277647
asthma_v2_Bronchial_P1BronchialSc_4.wav,0,1,1,1,0.044861486593869945,0.6995273244845382,0.19028475147061935,0.032038521545733646,0.0332879159052389
asthma_v2_Bronchial_P1BronchialTc_1.wav,0,1,1,1,0.03049410971243219,0.7851482040790112,0.09658947068132111,0.06242226498758353,0.0253459505396519
asthma_v2_Bronchial_P1BronchialTc_3.wav,0,1,1,1,0.035316981025082704,0.7119633954572969,0.13993199994297123,0.08125472821177279,0.031532895362876345
asthma_v2_Bronchial_P1BronchialTc_5.wav,0,1,1,1,0.02757521233076165,0.8767796200190384,0.06576122360435183,0.011274769995919124,0.018609174049928495
asthma_v2_Bronchial_P20BronchialSc_100.wav,0,1,1,1,0.0057533207150122015,0.9426105039770093,0.04253070371378875,0.0012622643948526735,0.007843207199337626
asthma_v2_Bronchial_P20BronchialSc_96.wav,0,1,1,1,0.03198987537576793,0.7896691798456931,0.10769386974609249,0.0096030314579559,0.061044043574490434
asthma_v2_Bronchial_P20BronchialSc_98.wav,0,1,1,1,0.0712949139859525,0.3812459744812089,0.49974907935609614,0.013099471773553655,0.0346105604031888
asthma_v2_Bronchial_P20BronchialTc_97.wav,0,1,1,1,0.015774602505949933,0.8892385439187097,0.08460735878043528,0.003649446932117645,0.006730047862787521
asthma_v2_Bronchial_P20BronchialTc_99.wav,0,1,1,1,0.09542765981940902,0.32278204235508784,0.481343896742985,0.05312508827317267,0.04732131280934543
asthma_v2_Bronchial_P4BronchialSc_16.wav,0,1,1,1,0.14874078208081298,0.30945787049639384,0.03372125573853384,0.14935590887092196,0.3587241828133371
asthma_v2_Bronchial_P4BronchialSc_18.wav,0,1,1,1,0.08621992187629472,0.6051432731613439,0.044154164236113964,0.1060671002416157,0.1584155404846318
asthma_v2_Bronchial_P4BronchialSc_20.wav,0,1,1,1,0.021368795761365425,0.8547681048704453,0.016173806407214948,0.0475911725674209,0.06009812039355336
asthma_v2_Bronchial_P4BronchialTc_17.wav,0,1,1,1,0.13091766117029982,0.49971689470056424,0.033936114982992836,0.07591355788729098,0.25951577125885184
asthma_v2_Bronchial_P4BronchialTc_19.wav,0,1,1,3,0.02728712884250994,0.16171258756682538,0.05284268039605896,0.6962364342412886,0.0619211689533168
asthma_v2_asthma_P13WheezingIE_61.wav,0,1,0,0,0.8460006491552977,0.05975696411037918,0.010199197008284948,0.00567850157017497,0.07836468815586327
asthma_v2_asthma_P13WheezingIE_65.wav,0,1,0,0,0.8831358368018918,0.04967792087764655,0.021100372615946557,0.001636605394839839,0.0444492643096755
asthma_v2_asthma_P13WheezingIU_62.wav,0,1,0,0,0.9317817978605482,0.03405265804275429,0.002194472207252982,0.0028908610520547275,0.029080210837389896
asthma_v2_asthma_P13WheezingRL_63.wav,0,1,0,0,0.8584170815808042,0.0733234097565334,0.012468684776402705,0.003941401109423278,0.05184942277683633
asthma_v2_asthma_P13WheezingRS_64.wav,0,1,0,0,0.9258638815414779,0.018327867744613965,0.028522113796988192,0.001113097925089086,0.026173038991830676
asthma_v2_asthma_P17WheezingIE_81.wav,0,1,0,0,0.8947139218647627,0.04029169567787273,0.011957583879840056,0.0015858296451947585,0.051450968932329984
asthma_v2_asthma_P17WheezingIE_85.wav,0,1,0,0,0.5725745361392318,0.002317613198975344,0.05781108981908327,0.0012328486965876677,0.36606391214612166
asthma_v2_asthma_P17WheezingIU_82.wav,0,1,0,0,0.8998885412683628,0.041738740731245845,0.011388452849566806,0.0011926108165774124,0.045791654334247214
asthma_v2_asthma_P17WheezingRL_83.wav,0,1,0,0,0.9696715270731334,0.017448962580769053,0.0029116603123303295,0.0006316613801376626,0.009336188653629864
asthma_v2_asthma_P17WheezingRS_84.wav,0,1,0,0,0.9677114214781819,0.006977971121372587,0.003852015028113198,0.0018883348931979613,0.019570257479134323
asthma_v2_asthma_P22WheezingIE_109.wav,0,1,0,0,0.8521040388811709,0.0861575288063721,0.003538441913414167,0.0013450039731099088,0.0568549864259331
asthma_v2_asthma_P22WheezingIU_106.wav,0,1,0,0,0.5756032205299382,0.06142951220626221,0.008281835503201518,0.0006522182661340187,0.35403321349446404
asthma_v2_asthma_P22WheezingIU_110.wav,0,1,0,0,0.9564650722236976,0.022203198536058198,0.0028969222000845467,0.00020610785366026894,0.018228699186499255
asthma_v2_asthma_P22WheezingRL_107.wav,0,1,0,0,0.37190698604916156,0.04727443574271469,0.2764595446787693,0.040079309919761205,0.26427972360959323
asthma_v2_asthma_P22WheezingRS_108.wav,0,1,0,4,0.27927161314023635,0.03789715024666912,0.0022961041741436793,0.019126984989375775,0.6614081474495748
asthma_v2_asthma_P26WheezingIE_129.wav,0,1,0,0,0.7648061821752359,0.06165688036337154,0.004262922158266552,0.01965343226260334,0.14962058304052275
asthma_v2_asthma_P26WheezingIU_126.wav,0,1,0,3,0.40225070211319214,0.04354082551231226,0.012151439697923715,0.43719853671713593,0.10485849595943615
asthma_v2_asthma_P26WheezingIU_130.wav,0,1,0,0,0.9381236243782352,0.005486132195710798,0.015449722637976098,0.0004447540221074314,0.040495766765970456
asthma_v2_asthma_P26WheezingRL_127.wav,0,1,0,0,0.5047585928138252,0.022688802376519653,0.11854681518513585,0.0862795358627062,0.26772625376181297
asthma_v2_asthma_P26WheezingRS_128.wav,0,1,0,0,0.7217948244805613,0.0037664067875701965,0.015925587957108023,0.007351873774436799,0.2511613070003238
asthma_v2_asthma_P28WheezingIE_137.wav,0,1,0,0,0.6687499054279415,0.1550176661181815,0.0013105232915354194,0.12941171525998624,0.04551018990235531
asthma_v2_asthma_P28WheezingIU_138.wav,0,1,0,0,0.800979904002039,0.1418281017670198,0.0017466843277779596,0.006267945655165877,0.04917736424799752
asthma_v2_asthma_P28WheezingRL_139.wav,0,1,0,0,0.5291232271305972,0.33046770606893167,0.05406869872433311,0.0016457028335299729,0.08469466524260783
asthma_v2_asthma_P28WheezingRS_136.wav,0,1,0,0,0.4606430434589502,0.04664101246040119,0.021914338485982846,0.012686093331465769,0.4581155122631998
asthma_v2_asthma_P28WheezingRS_140.wav,0,1,0,0,0.8405541653169785,0.08105122941981067,0.001930351504897339,0.019219472882356998,0.0572447808759565
asthma_v2_asthma_P2AsthmaIE_9.wav,0,1,0,0,0.930748109080236,0.013356706783171676,0.003349082693523702,0.003572350342587831,0.04897375110048091
asthma_v2_asthma_P2AsthmaIU_10.wav,0,1,0,0,0.9335175112680683,0.027625661103018045,0.0016078432674625346,0.007074655804388502,0.03017432855706232
asthma_v2_asthma_P2AsthmaIU_6.wav,0,1,0,2,0.13182767845995566,0.07733371971379595,0.6738215945357031,0.04567021433352291,0.07134679295702225
asthma_v2_asthma_P2AsthmaRL_7.wav,0,1,0,0,0.9647257213913644,0.002724016372329665,0.010557681864270654,0.003103427955797688,0.018889152416237655
asthma_v2_asthma_P2AsthmaRS_8.wav,0,1,0,0,0.8964934853551519,0.01136283780527855,0.002093704395269372,0.011563989847253316,0.07848598259704712
asthma_v2_asthma_P31WheezingIE_153.wav,0,1,0,4,0.06120146331929857,0.022117400392552552,0.015954291405687413,0.011717141217590087,0.8890097036648714
asthma_v2_asthma_P31WheezingIU_154.wav,0,1,0,0,0.8487568457999188,0.009646689883017163,0.004659255736644743,0.01356925343871096,0.12336795514170835
asthma_v2_asthma_P31WheezingRL_151.wav,0,1,0,0,0.5775679434970736,0.019961540078578636,0.02704188783107249,0.007643352467244274,0.36778527612603107
asthma_v2_asthma_P31WheezingRL_155.wav,0,1,0,0,0.899681240141914,0.001264951987751056,0.0014366521624363782,0.0005284310716122606,0.09708872463628632
asthma_v2_asthma_P31WheezingRS_152.wav,0,1,0,4,0.1577802607569211,0.03314009204375682,0.0166957012896021,0.04403313282035358,0.7483508130893667
asthma_v2_asthma_P43WheezingIE_213.wav,0,1,0,2,0.25664311882898266,0.0353748853416384,0.6494268288019194,0.03788001073027329,0.020675156297186425
asthma_v2_asthma_P43WheezingIU_214.wav,0,1,0,0,0.5216979795950794,0.006829558134220374,0.4434953542827479,0.006937444989523055,0.021039662998429548
asthma_v2_asthma_P43WheezingRL_211.wav,0,1,0,0,0.3249814112369192,0.028560281515562495,0.5887283184829513,0.007598405657555618,0.050131583107011844
asthma_v2_asthma_P43WheezingRL_215.wav,0,1,0,0,0.914718070709376,0.0017618601027462933,0.05860259413052461,0.0005702470792649724,0.024347227978088262
asthma_v2_asthma_P43WheezingRS_212.wav,0,1,0,0,0.7537458937805696,0.051484091471139935,0.11449272862533257,0.0042558716171385205,0.07602141450581934
asthma_v2_asthma_P44WheezingIE_217.wav,0,1,0,0,0.9329153031696382,0.0014021388838285254,0.021626151136789694,0.0007560447565149258,0.043300362053228486
asthma_v2_asthma_P44WheezingIU_218.wav,0,1,0,0,0.8579166971373735,0.007212461737423153,0.05679690577836765,0.0012736013391452731,0.07680033400769
asthma_v2_asthma_P44WheezingRL_219.wav,0,1,0,0,0.5056743913578694,0.004474921028959956,0.46562106306224893,0.001917327769769866,0.022312296781151948
asthma_v2_asthma_P44WheezingRS_216.wav,0,1,0,0,0.9681449130415877,0.0021586372648120682,0.002157046911863796,0.004037482751370953,0.023501920030365202
asthma_v2_asthma_P44WheezingRS_220.wav,0,1,0,2,0.06674540478502788,0.0004043590809857582,0.9304352812261378,0.00028794705387910765,0.0021270078539692024
asthma_v2_asthma_P52WheezingIE_257.wav,0,1,0,0,0.858953113682893,0.0025848829433947453,0.09219733968346884,0.0008209998087035939,0.045443663881539566
asthma_v2_asthma_P52WheezingIU_258.wav,0,1,0,0,0.890163382804946,0.0009810386545472652,0.07666294989508703,0.0006560084485721116,0.031536620196847644
asthma_v2_asthma_P52WheezingRL_259.wav,0,1,0,0,0.9676469722198658,0.008593269571262054,0.011085623295358397,0.0007691264195792237,0.011905008493934624
asthma_v2_asthma_P52WheezingRS_256.wav,0,1,0,0,0.9324387273797874,0.006219991319849663,0.0407856297978046,0.0006504163306156372,0.01990523517194292
asthma_v2_asthma_P52WheezingRS_260.wav,0,1,0,0,0.963719997066546,0.0061676605182574415,0.011186797499782445,0.0009353687987540135,0.01799017611665988
asthma_v2_asthma_P54WheezingIE_269.wav,0,1,0,4,0.1376250913877941,0.14860676195899494,0.02765646009911358,0.027947030112017268,0.65816465644208
asthma_v2_asthma_P54WheezingIU_266.wav,0,1,0,3,0.01245057818692717,0.10664471530173031,0.04578712825197875,0.2536054275117817,0.5815121507475823
asthma_v2_asthma_P54WheezingIU_270.wav,0,1,0,3,0.10471962671104934,0.08147315825549711,0.017600429715601103,0.4931054710372441,0.3031013142806083
asthma_v2_asthma_P54WheezingRL_267.wav,0,1,0,4,0.012667977216068159,0.028443303957946798,0.015378733197891353,0.18490849442987475,0.7586014911982191
asthma_v2_asthma_P54WheezingRS_268.wav,0,1,0,4,0.03620304020699414,0.18465450757094812,0.02364475644035485,0.16633105764388895,0.5891666381378142
asthma_v2_asthma_P58WheezingIU_286.wav,0,1,0,4,0.04175100571625386,0.002039506052835184,0.002755601813294659,0.000585126899096178,0.9528687595185203
asthma_v2_asthma_P58WheezingRL_287.wav,0,1,0,4,0.34154101384412816,0.07008094123611947,0.00667643763347276,0.039277979507232136,0.5424236277790473
asthma_v2_asthma_P58WheezingRS_288.wav,0,1,0,4,0.13576448189826434,0.009135553623587669,0.002761155770916746,0.0026589945475761685,0.8496798141596548
asthma_v2_asthma_P5AsthmaIE_21.wav,0,1,0,0,0.9219785278719445,0.020369846066102777,0.00189086350420089,0.011300753994428994,0.044460008563323175
asthma_v2_asthma_P5AsthmaIE_25.wav,0,1,0,0,0.5292408126534878,0.005304903534646975,0.002371759598772425,0.036101160037852464,0.4269813641752403
asthma_v2_asthma_P5AsthmaIU_22.wav,0,1,0,0,0.6908018046706794,0.011564480219717364,0.004344590201650326,0.015873650738265386,0.27741547416968765
asthma_v2_asthma_P5AsthmaRL_23.wav,0,1,0,0,0.8192229963581799,0.009940839440439667,0.002578276307558681,0.021191493661053638,0.14706639423276777
asthma_v2_asthma_P5AsthmaRS_24.wav,0,1,0,0,0.678188149577029,0.006714121477175205,0.002577614203565773,0.016209882189878854,0.2963102325523513
asthma_v2_copd_P10COPDMc_74.wav,0,1,2,1,0.4453048165563968,0.5050573859405564,0.01601522536788747,0.0061813760225214445,0.02744119611263798
asthma_v2_copd_P10COPDMc_76.wav,0,1,2,1,0.26952269742644713,0.5479387651915304,0.03966403281995432,0.06161665596211619,0.08125784859995164
asthma_v2_copd_P10COPDMc_78.wav,0,1,2,0,0.891790101658921,0.06569314553285208,0.027849690533142894,0.0009128245280681967,0.013754237747015707
asthma_v2_copd_P10COPDMc_80.wav,0,1,2,0,0.93000523403499,0.0025906156464786177,0.02789592086958123,0.000374278675353754,0.039133950773596535
asthma_v2_copd_P10COPDPr_73.wav,0,1,2,1,0.14371295378422236,0.8401894922144503,0.007984353101671905,0.0011362084920783241,0.0069769924075774115
asthma_v2_copd_P10COPDPr_75.wav,0,1,2,3,0.43240364602804243,0.17062695732640734,0.022297751951761792,0.2624872260529989,0.11218441864078982
asthma_v2_copd_P10COPDPr_77.wav,0,1,2,3,0.4601214636957876,0.038929174700048676,0.01073753133776517,0.3881563417539129,0.10205548851248564
asthma_v2_copd_P10COPDPr_79.wav,0,1,2,0,0.8332037083491692,0.07097879317506911,0.03699334638251038,0.00036502749832589533,0.05845912459492558
asthma_v2_copd_P12COPDMc_90.wav,0,1,2,2,0.0026350008117696925,0.0044072041791432,0.9922563467634219,0.0003287287949392463,0.00037271945072614
asthma_v2_copd_P12COPDMc_92.wav,0,1,2,2,0.006934208935325652,0.0204284271825004,0.9714549599043523,0.0004815256015054854,0.0007008783763162512
asthma_v2_copd_P12COPDMc_94.wav,0,1,2,2,0.00411267046851094,0.013334214357100733,0.9818541117926279,0.0004639645417778942,0.0002350388399826304
asthma_v2_copd_P12COPDMc_96.wav,0,1,2,2,5.233379929692026e-05,0.0020677339128292818,0.9974259417778596,0.00030002211022385787,0.00015396839979022064
asthma_v2_copd_P12COPDPr_89.wav,0,1,2,2,0.0015636810872411786,0.0014768591847448326,0.996744068806602,8.772018018019469e-05,0.00012767074123176212
asthma_v2_copd_P12COPDPr_91.wav,0,1,2,2,0.0421197053806632,0.02582783772898664,0.9296366807159248,0.0011416304586989857,0.001274145715726317
asthma_v2_copd_P12COPDPr_93.wav,0,1,2,2,0.020404297345244068,0.08978725980131644,0.8863407710909464,0.0021282745982941684,0.0013393971641987269
asthma_v2_copd_P12COPDPr_95.wav,0,1,2,2,0.00021819897246914312,0.003836801825643003,0.9952901148538306,0.00038887422278671403,0.0002660101252707336
asthma_v2_copd_P20COPDMc_154.wav,0,1,2,2,0.00120319895412962,0.002212119438426161,0.9930830599197941,0.0004683631728223016,0.0030332585148276797
asthma_v2_copd_P20COPDMc_156.wav,0,1,2,4,0.14233651925587054,0.03628022086576299,0.40828872514531334,0.02166103240608048,0.3914335023269725
asthma_v2_copd_P20COPDMc_158.wav,0,1,2,2,0.0009855804956749915,1.652307284138822e-05,0.9986000095150308,7.165662074510435e-05,0.00032623029570793616
asthma_v2_copd_P20COPDMc_160.wav,0,1,2,2,0.0027341378346591267,7.121973785844631e-05,0.9958231745837981,0.00038821677337263686,0.0009832510703115544
asthma_v2_copd_P20COPDPr_153.wav,0,1,2,2,0.00510412333317416,0.0005795172141358754,0.9834745548413308,0.0005650668402934925,0.010276737771066056
asthma_v2_copd_P20COPDPr_155.wav,0,1,2,2,0.16404914714334978,0.04618175344029922,0.5949913089463358,0.03870806617242013,0.15606972429759475
asthma_v2_copd_P20COPDPr_157.wav,0,1,2,1,0.12121980624710962,0.20069745939929212,0.40194089282790363,0.06212031165478019,0.21402152987091425
asthma_v2_copd_P20COPDPr_159.wav,0,1,2,2,0.0022541635201682748,6.918240520347073e-05,0.9966508209584899,0.00013655397629339628,0.0008892791398449471
asthma_v2_copd_P25COPDMc_194.wav,0,1,2,2,0.0013378198604067045,0.06445478492283485,0.9125554777111442,0.012506584428743915,0.009145333076870413
asthma_v2_copd_P25COPDMc_196.wav,0,1,2,2,0.007597837261433888,0.13728267280110282,0.7937747692234188,0.03280812602586589,0.02853659468817862
asthma_v2_copd_P25COPDMc_198.wav,0,1,2,2,0.0009081917905231322,0.001117367464617866,0.9959992080091281,0.0005589867651758352,0.0014162459705552614
asthma_v2_copd_P25COPDMc_200.wav,0,1,2,2,8.772698647435164e-07,1.0760955401871361e-06,0.9990654486157456,2.8234736818237863e-05,0.0009043632820310225
asthma_v2_copd_P25COPDPr_193.wav,0,1,2,2,0.0003459993034797347,0.0034600041785943715,0.9949185341630231,0.0005901028094541311,0.0006853595454485015
asthma_v2_copd_P25COPDPr_195.wav,0,1,2,2,0.003644675472815051,0.12613113543853094,0.8236559834855952,0.02605555783302276,0.020512647770036523
asthma_v2_copd_P25COPDPr_197.wav,0,1,2,2,4.397147653475046e-07,4.0493118339212047e-07,0.9998433032018751,3.193841933541439e-05,0.0001239137328406843
asthma_v2_copd_P25COPDPr_199.wav,0,1,2,2,0.0002454794214221248,0.0007388227868046178,0.9978933601639443,0.0006256945091506353,0.0004966431186783629
asthma_v2_copd_P27COPDMc_210.wav,0,1,2,2,0.0008033617526932478,0.0006498957230092569,0.99773322729354,0.00038658461579702555,0.00042693061496033326
asthma_v2_copd_P27COPDMc_212.wav,0,1,2,2,1.2508256242563985e-08,1.48728437853599e-08,0.9999632455137207,8.492310057192452e-07,3.587787417359689e-05
asthma_v2_copd_P27COPDMc_214.wav,0,1,2,2,4.168222717675849e-07,4.92274799393833e-07,0.9994015420961052,1.307103543584419e-05,0.0005844777713878951
asthma_v2_copd_P27COPDMc_216.wav,0,1,2,2,5.562263731347942e-07,4.197840950437101e-07,0.9994712634014735,0.0002019484549767773,0.0003258121330813844
asthma_v2_copd_P27COPDPr_209.wav,0,1,2,2,2.7699959594728666e-08,2.78994803612618e-08,0.999996172085664,7.84611901187249e-07,2.987702994911763e-06
asthma_v2_copd_P27COPDPr_211.wav,0,1,2,2,0.0011024953933043316,0.00046659245211716846,0.9972883849983826,0.00043553802301251406,0.0007069891331832007
asthma_v2_copd_P27COPDPr_213.wav,0,1,2,2,0.0003825153948946586,0.00036444447773922124,0.9969859908152819,9.261496588483291e-05,0.002174434346199223
asthma_v2_copd_P27COPDPr_215.wav,0,1,2,2,3.5873773843396774e-07,3.740258243000062e-07,0.9998071664109697,6.57994678327551e-05,0.00012630135763480282
asthma_v2_copd_P38COPDMc_298.wav,0,1,2,2,0.14821646424844337,0.004287031981879794,0.8208217361980887,0.00035902937708942606,0.02631573819449851
asthma_v2_copd_P38COPDMc_300.wav,0,1,2,2,0.036081424536127615,0.00030490837920957954,0.9551908841285118,0.00021147876076639752,0.008211304195384309
asthma_v2_copd_P38COPDMc_302.wav,0,1,2,2,0.22437870025785583,0.0009090698191060426,0.7596698799877496,0.0008124073189187709,0.01422994261636976
asthma_v2_copd_P38COPDMc_304.wav,0,1,2,2,0.057489652097868334,0.0015609263881453418,0.8556209012996977,0.0070244861559685965,0.07830403405832027
asthma_v2_copd_P38COPDPr_297.wav,0,1,2,2,0.06852425162971301,0.0027733924105826516,0.8976145794622024,0.0005665473924092217,0.03052122910509269
asthma_v2_copd_P38COPDPr_299.wav,0,1,2,2,0.1033484647121247,0.0021932469012523777,0.8760015071672836,0.00042074631528295507,0.018036034904056426
asthma_v2_copd_P38COPDPr_301.wav,0,1,2,2,0.09059647410009766,0.0012491459968806218,0.8950801285136902,0.0002977275251293051,0.012776523864202317
asthma_v2_copd_P38COPDPr_303.wav,0,1,2,2,0.11120150994725984,0.006023562086000974,0.789143696526262,0.015078047807922206,0.07855318363255491
asthma_v2_copd_P40COPDMc_314.wav,0,1,2,2,0.008531258556963031,0.1636871521374747,0.7827160008479919,0.01133650747690076,0.03372908098066994
asthma_v2_copd_P40COPDMc_316.wav,0,1,2,2,2.7529176162643367e-09,2.2098242115051797e-09,0.9999626306708755,2.282946757280507e-07,3.71360717069701e-05
asthma_v2_copd_P40COPDMc_318.wav,0,1,2,4,0.16754673621034394,0.09844781645989567,0.17387113624329834,0.005559781921157132,0.5545745291653053
asthma_v2_copd_P40COPDMc_320.wav,0,1,2,4,0.09898551518509396,0.07619493321210391,0.030449449534918925,0.001193208456327107,0.7931768936115561
asthma_v2_copd_P40COPDPr_313.wav,0,1,2,2,0.01317171213020969,0.19866178835505424,0.7280883156009709,0.02314679009829189,0.03693139381547381
asthma_v2_copd_P40COPDPr_315.wav,0,1,2,2,6.815651844332534e-10,7.317065910780168e-10,0.9999973806635954,8.411278509613138e-08,2.533810347551934e-06
asthma_v2_copd_P40COPDPr_317.wav,0,1,2,2,1.5827797417453433e-09,1.3510002567195222e-09,0.9999953896196875,5.3775145526417894e-08,4.553671387099132e-06
asthma_v2_copd_P40COPDPr_319.wav,0,1,2,4,0.07269011912177886,0.0906827908714821,0.19340183098132488,0.002419367320787849,0.6408058917046261
asthma_v2_copd_P44COPDMc_346.wav,0,1,2,2,0.004553517741999679,0.0005900441122970821,0.9260535844776999,0.0012866542554474559,0.06751619941255581
asthma_v2_copd_P44COPDMc_348.wav,0,1,2,2,0.007151044772453835,0.0010582534801114108,0.8264914167166056,0.0027496496624485906,0.16254963536838057
asthma_v2_copd_P44COPDMc_350.wav,0,1,2,2,0.003121705687953691,0.16146354201167826,0.7907701102030075,0.035524371798686435,0.009120270298674458
asthma_v2_copd_P44COPDMc_352.wav,0,1,2,2,5.834912120168149e-07,5.393904223177673e-07,0.9990986080624974,4.0124431911782304e-05,0.000860144623956553
asthma_v2_copd_P44COPDPr_345.wav,0,1,2,2,1.2535358899920473e-07,1.596377772994777e-07,0.9997806083703746,5.241332541679262e-07,0.0002185825050051401
asthma_v2_copd_P44COPDPr_347.wav,0,1,2,2,0.008999814708850438,0.0008268608195355247,0.9211137888552601,0.0015625312125477776,0.06749700440380602
asthma_v2_copd_P44COPDPr_349.wav,0,1,2,2,0.0006449666022663565,0.01641707765743944,0.9738964405688559,0.006516368987768116,0.00252514618367037
asthma_v2_copd_P44COPDPr_351.wav,0,1,2,2,0.0015724635444104007,0.06197234430071968,0.9153628602508126,0.013348150171661934,0.007744181732395524
asthma_v2_copd_P46COPDMc_362.wav,0,1,2,2,0.002488741151796521,0.0014394019707340679,0.9863168713080706,0.0013379653586286762,0.008417020210770147
asthma_v2_copd_P46COPDMc_364.wav,0,1,2,2,0.0004577659151215353,0.00034853657567129225,0.9701679430395342,0.0004194914779632475,0.028606262991709677
asthma_v2_copd_P46COPDMc_366.wav,0,1,2,2,0.0003700280129302465,0.00021631721720953003,0.9978245211871403,7.518577726753334e-05,0.0015139478054525496
asthma_v2_copd_P46COPDMc_368.wav,0,1,2,2,0.02549006487906542,0.010664096675460677,0.9391987731501191,0.001894845071385883,0.022752220223969062
asthma_v2_copd_P46COPDPr_361.wav,0,1,2,2,0.003513517438886335,0.030220886840473988,0.8228827269186798,0.008293770799147386,0.13508909800281263
asthma_v2_copd_P46COPDPr_363.wav,0,1,2,2,0.0061039316309351496,0.001704768794295854,0.9828698463712582,0.0011172596686347097,0.008204193534876366
asthma_v2_copd_P46COPDPr_365.wav,0,1,2,2,3.0622464253841598e-06,1.873780743923659e-06,0.9981201759526374,1.8516934401065525e-05,0.0018563710857923362
asthma_v2_copd_P46COPDPr_367.wav,0,1,2,2,0.010184502637501928,0.009507508888692888,0.9638539329515934,0.003253683919865647,0.013200371602345806
asthma_v2_copd_P5COPDMc_34.wav,0,1,2,2,0.07384272777217574,0.0005283843383996298,0.9114984915283317,0.0039084220039539205,0.010221974357139136
asthma_v2_copd_P5COPDMc_36.wav,0,1,2,2,0.004608097278334563,0.026964649601218454,0.914716671537185,0.0073070798470553835,0.04640350173620651
asthma_v2_copd_P5COPDMc_38.wav,0,1,2,2,0.001920752501948826,0.08807558667939892,0.8901239713820829,0.00531644060277506,0.01456324883379414
asthma_v2_copd_P5COPDMc_40.wav,0,1,2,2,0.08874200188749017,0.021308883849643332,0.8553417209114669,0.019804466710716312,0.014802926640683523
asthma_v2_copd_P5COPDPr_33.wav,0,1,2,2,0.032999231442261634,0.0016475663479987297,0.9599406134313043,0.0016339565988986522,0.0037786321795367987
asthma_v2_copd_P5COPDPr_35.wav,0,1,2,2,0.04861818378647209,0.03477036589218367,0.9015125259886528,0.004595059723545995,0.010503864609145392
asthma_v2_copd_P5COPDPr_37.wav,0,1,2,2,0.004898927798295004,0.15938071349622188,0.8109351592278145,0.010194045844743635,0.014591153632925298
asthma_v2_copd_P5COPDPr_39.wav,0,1,2,1,0.007650676925459809,0.507778294077059,0.450407330195957,0.011746363360412652,0.022417335441111408
asthma_v2_healthy_P12Healthy16S.wav,0,1,3,3,0.02244936184073622,0.010890794014962409,0.09304253530311023,0.85121985369513,0.02239745514606136
asthma_v2_healthy_P12Healthy67S.wav,0,1,3,3,0.13156496717031868,0.21865650217298263,0.23853953486933208,0.18763958062176636,0.22359941516560053
asthma_v2_healthy_P12Healthy93S.wav,0,1,3,2,0.03779726887005997,0.02132764140962146,0.857833766432339,0.04087590362758982,0.04216541966039032
asthma_v2_healthy_P12Healthy98S.wav,0,1,3,3,0.022776639207804542,0.01575865183565955,0.041074397739872426,0.8732345589972523,0.047155752219411366
asthma_v2_healthy_P12Healthy99S.wav,0,1,3,3,0.018610786335730562,0.040729236931363086,0.4439475793093012,0.45434326087747284,0.04236913654613203
asthma_v2_healthy_P15Healthy14S.wav,0,1,3,3,0.02666867048641549,0.13645988151975857,0.019356017074139385,0.735371312632672,0.08214411828701484
asthma_v2_healthy_P15Healthy55S.wav,0,1,3,3,0.08166068507194689,0.20166603548182108,0.37587111956592056,0.27593743139593396,0.06486472848437705
asthma_v2_healthy_P15Healthy61S.wav,0,1,3,4,0.02348492253032461,0.00845192423764242,0.0036391638745550754,0.16455311518344726,0.7998708741740307
asthma_v2_healthy_P15Healthy65S.wav,0,1,3,3,0.0369562212379923,0.10054095410534906,0.12255122603588864,0.6635652421573638,0.07638635646340639
asthma_v2_healthy_P15Healthy93S.wav,0,1,3,3,0.057246557953702974,0.0405185617898684,0.047156516397580825,0.8046783586015008,0.05040000525734733
asthma_v2_healthy_P16Healthy18S.wav,0,1,3,4,0.02348492253032461,0.00845192423764242,0.0036391638745550754,0.16455311518344726,0.7998708741740307
asthma_v2_healthy_P16Healthy19S.wav,0,1,3,4,0.008124503791765863,0.003681637817517906,0.0009038702020631446,0.11713934088105389,0.8701506473075986
asthma_v2_healthy_P16Healthy26S.wav,0,1,3,3,0.016542618460722996,0.006031201109258779,0.0017401973472468224,0.2650421779257528,0.7106438051570184
asthma_v2_healthy_P16Healthy38S.wav,0,1,3,4,0.008124503791765863,0.003681637817517906,0.0009038702020631446,0.11713934088105389,0.8701506473075986
asthma_v2_healthy_P16Healthy41S.wav,0,1,3,3,0.016542618460722996,0.006031201109258779,0.0017401973472468224,0.2650421779257528,0.7106438051570184
asthma_v2_healthy_P21Healthy15S.wav,0,1,3,3,0.039305613948019624,0.0038064482136518064,0.01279908303484383,0.7386190542818161,0.20546980052166838
asthma_v2_healthy_P21Healthy38S.wav,0,1,3,3,0.057625675216676685,0.0061124815065260905,0.021964852116871457,0.6197646750039253,0.2945323161560004
asthma_v2_healthy_P21Healthy53S.wav,0,1,3,3,0.1029004939045215,0.013437768300731033,0.0881494886708575,0.68448667291699,0.11102557620690014
asthma_v2_healthy_P21Healthy95S.wav,0,1,3,3,0.15317464870939546,0.021471963615647262,0.003157144237819216,0.7458158791612398,0.07638036427589855
asthma_v2_healthy_P21Healthy98S.wav,0,1,3,3,0.4194460808957133,0.01837121043157974,0.0026913974699651834,0.5046481620339147,0.054843149168827016
asthma_v2_healthy_P4Healthy12S.wav,0,1,3,4,0.08157653930866304,0.08146531642501538,0.05828425332519994,0.11876796205655425,0.6599059288845673
asthma_v2_healthy_P4Healthy22S.wav,0,1,3,1,0.05416838938179148,0.4186425076881442,0.17076037988673762,0.055101526754602434,0.3013271962887241
asthma_v2_healthy_P4Healthy62S.wav,0,1,3,3,0.027761479612954658,0.43347135827661953,0.13279982140220561,0.36387875598155006,0.04208858472667026
asthma_v2_healthy_P4Healthy69S.wav,0,1,3,4,0.019648338494200362,0.061097115514610736,0.52088441525429,0.015750361076540695,0.38261976966035793
asthma_v2_healthy_P4Healthy77S.wav,0,1,3,1,0.016744349791350754,0.7594660389957433,0.05584001529693232,0.15095319923693445,0.016996396679038947
asthma_v2_healthy_P5Healthy10S.wav,0,1,3,3,0.024605919579068117,0.009189618139261484,0.003611742220865613,0.843288378747368,0.119304341313437
asthma_v2_healthy_P5Healthy57S.wav,0,1,3,3,0.013584940956806,0.0018570586597244588,0.002056901783220522,0.9318751313983351,0.0506259672019141
asthma_v2_healthy_P5Healthy87S.wav,0,1,3,3,0.023993916575813564,0.0053799673676517955,0.016403300776100936,0.9162738463787291,0.0379489689017046
asthma_v2_healthy_P5Healthy92S.wav,0,1,3,3,0.017184529661806912,0.0011202956150843098,0.010851304277076772,0.942954097659943,0.027889772786089208
asthma_v2_healthy_P5Healthy96S.wav,0,1,3,3,0.0661363607874105,0.003344831845092753,0.01252255036340165,0.8626534908933708,0.055342766110724514
asthma_v2_pneumonia_P12Pneumonia23P.wav,0,1,4,4,0.023795312847186688,0.013739965245049926,0.019847833795816762,0.004949146037984134,0.9376677420739625
asthma_v2_pneumonia_P12Pneumonia44H.wav,0,1,4,4,0.07103697971680455,0.018162011865554863,0.03193482067044541,0.003998049140847199,0.8748681386063478
asthma_v2_pneumonia_P12Pneumonia45B.wav,0,1,4,4,0.12791493305556878,0.056493233926546926,0.07016226599012343,0.006000441516608742,0.7394291255111524
asthma_v2_pneumonia_P12Pneumonia46L.wav,0,1,4,4,0.13803040321894586,0.07858423002065013,0.004032486257360134,0.0013628511340690725,0.7779900293689747
asthma_v2_pneumonia_P12Pneumonia59Q.wav,0,1,4,4,0.053778936774856435,0.08642435680245802,0.08776947279486573,0.0024070989658670043,0.7696201346619527
asthma_v2_pneumonia_P12Pneumonia97E.wav,0,1,4,4,0.055848813105303985,0.03712134626612407,0.03177383679006788,0.00522319049224285,0.8700328133462609
asthma_v2_pneumonia_P17Pneumonia49T.wav,0,1,4,4,0.04508478860057529,0.0035795169383085676,0.00016574291680164952,0.0037582054181574337,0.9474117461261572
asthma_v2_pneumonia_P17Pneumonia51I.wav,0,1,4,2,0.00532616031831416,0.017906702769220358,0.8853771576042295,0.006091288829646626,0.08529869047858904
asthma_v2_pneumonia_P17Pneumonia57K.wav,0,1,4,4,0.020883530407668757,0.0012071189747568847,6.656755259699236e-05,0.0004352928936480087,0.9774074901713296
asthma_v2_pneumonia_P17Pneumonia63G.wav,0,1,4,4,0.2110791696219791,0.0342338347096128,0.004131509494459465,0.054340767585628745,0.6962147185883198
asthma_v2_pneumonia_P17Pneumonia86O.wav,0,1,4,2,0.0132011995938643,0.08002975828201733,0.7212901457107741,0.012285702873159618,0.17319319354018473
asthma_v2_pneumonia_P17Pneumonia91K.wav,0,1,4,2,0.004007262970193113,0.04630735539464361,0.9151966174257355,0.004816877852368562,0.029671886357059515
asthma_v2_pneumonia_P23Pneumonia19A.wav,0,1,4,4,0.17196544243616727,0.007486088966617359,0.057611945736401646,0.004560351608217839,0.7583761712525958
asthma_v2_pneumonia_P23Pneumonia40O.wav,0,1,4,4,0.25336418694622725,0.00919644394401145,0.02880047098654197,0.0019328157174348447,0.7067060824057843
asthma_v2_pneumonia_P23Pneumonia54P.wav,0,1,4,4,0.27214217396301493,0.006623581841990975,0.04942680362624842,0.00370185912920367,0.6681055814395419
asthma_v2_pneumonia_P23Pneumonia60Y.wav,0,1,4,4,0.1448561064564036,0.005304895275551019,0.04038432420076523,0.0037629223318538874,0.8056917517354263
asthma_v2_pneumonia_P23Pneumonia90V.wav,0,1,4,4,0.12000984417614176,0.007429091216773645,0.022839948611524906,0.004175821733360733,0.8455452942621987
asthma_v2_pneumonia_P23Pneumonia97P.wav,0,1,4,4,0.22795067671562924,0.02419796229523548,0.08319151117800426,0.0404458744798709,0.6242139753312604
asthma_v2_pneumonia_P25Pneumonia11Z.wav,0,1,4,3,0.16437038837265236,0.028833165701606562,0.08355787449982703,0.617648586037625,0.1055899853882888
asthma_v2_pneumonia_P25Pneumonia16B.wav,0,1,4,4,0.021188891079572825,0.0012819342988671044,0.005638651068367855,0.007786292061830395,0.964104231491362
asthma_v2_pneumonia_P25Pneumonia30I.wav,0,1,4,3,0.2107229586827462,0.015611488651214976,0.021904173512587957,0.2548464791208069,0.49691490003264394
asthma_v2_pneumonia_P25Pneumonia42V.wav,0,1,4,3,0.03740529344208311,0.01035440865956435,0.007261175261915592,0.8695422152613392,0.07543690737509764
asthma_v2_pneumonia_P25Pneumonia93N.wav,0,1,4,3,0.12886497579211598,0.010227342189304003,0.043335118226378776,0.625973133974817,0.19159942981738465
asthma_v2_pneumonia_P25Pneumonia97D.wav,0,1,4,4,0.009441697794921405,0.0024331336773176096,0.002021475539936868,0.02215929667082433,0.963944396317
asthma_v2_pneumonia_P34Pneumonia15R.wav,0,1,4,4,0.022428048828606446,0.008398333270813706,0.0008445102717548008,0.007236675812784161,0.9610924318160409
asthma_v2_pneumonia_P34Pneumonia36H.wav,0,1,4,4,0.04590152242506492,0.0068218083377776404,0.00043481701563183805,0.006661519284548301,0.9401803329369773
asthma_v2_pneumonia_P34Pneumonia61E.wav,0,1,4,4,0.04961279897474764,0.005069809747591733,0.000396502846062977,0.012652789754424914,0.9322680986771728
asthma_v2_pneumonia_P34Pneumonia66M.wav,0,1,4,4,0.02334094143202264,0.006426608293748656,0.0003846652778866469,0.006178645667739772,0.9636691393286025
asthma_v2_pneumonia_P34Pneumonia77O.wav,0,1,4,4,0.022160844043064565,0.007430362290860973,0.0002961546073570814,0.007653297851428605,0.9624593412072886
asthma_v2_pneumonia_P34Pneumonia99G.wav,0,1,4,4,0.05463849484689683,0.00860406054025989,0.00040121556873313476,0.0027811713850808472,0.9335750576590294
asthma_v2_pneumonia_P38Pneumonia23A.wav,0,1,4,0,0.8796779094919684,0.04679058734060942,0.02878429358473849,0.0016622436822932873,0.0430849659003906
asthma_v2_pneumonia_P38Pneumonia34H.wav,0,1,4,0,0.7110721794533169,0.019528105277456076,0.011737639173668244,0.03489266747972726,0.2227694086158314
asthma_v2_pneumonia_P38Pneumonia35P.wav,0,1,4,0,0.7967879355886653,0.046430106625626015,0.048593295027907046,0.0017330876312045885,0.10645557512659677
asthma_v2_pneumonia_P38Pneumonia41S.wav,0,1,4,0,0.854134683284782,0.0201436260918714,0.010931930888636582,0.006953877126341649,0.10783588260836834
asthma_v2_pneumonia_P38Pneumonia61R.wav,0,1,4,0,0.9408342736206579,0.010374034218627018,0.019456036876226147,0.001957642771851954,0.027378012512637127
asthma_v2_pneumonia_P38Pneumonia64N.wav,0,1,4,0,0.9419672053725315,0.007495086323076528,0.007506806701529257,0.0016598132067525344,0.04137108839610991
asthma_v2_pneumonia_P41Pneumonia17O.wav,0,1,4,4,0.3060715989991208,0.008234569212197198,0.1463127313711479,0.007811068219431163,0.5315700321981025
asthma_v2_pneumonia_P41Pneumonia25E.wav,0,1,4,2,0.05508231488231932,0.0062459975681574765,0.9201109873780391,0.0003369882564840252,0.01822371191499993
asthma_v2_pneumonia_P41Pneumonia31S.wav,0,1,4,0,0.29434168601835015,0.15918853248441864,0.018962765531780272,0.034805492726214415,0.4927015232392366
asthma_v2_pneumonia_P41Pneumonia41D.wav,0,1,4,2,0.1754141152100115,0.0019250126693919844,0.8120850534638595,0.00015347259934306567,0.010422346057394283
asthma_v2_pneumonia_P41Pneumonia71Q.wav,0,1,4,0,0.92935504957915,0.000687020536845654,0.0025862074403290077,0.0021136174858202555,0.06525810495785493
asthma_v2_pneumonia_P41Pneumonia72U.wav,0,1,4,0,0.9357753140192764,0.01070709412347311,0.005618001086887751,0.0005598648216712543,0.04733972594869138
asthma_v2_pneumonia_P45Pneumonia10J.wav,0,1,4,4,0.04852985984049293,0.01859800924134038,0.0234409332474545,0.17882812884650015,0.7306030688242123
asthma_v2_pneumonia_P45Pneumonia25T.wav,0,1,4,4,0.07485580718677569,0.001125347498325943,0.020716596410813633,0.005578932597811954,0.8977233163062727
asthma_v2_pneumonia_P45Pneumonia29L.wav,0,1,4,4,0.13872136071219107,0.0017754645907298292,0.03321400481341702,0.004475402001089336,0.8218137678825728
asthma_v2_pneumonia_P45Pneumonia51F.wav,0,1,4,4,0.05844147170464307,0.017298023906392485,0.03244418441926447,0.11842665317716608,0.7733896667925338
asthma_v2_pneumonia_P45Pneumonia59I.wav,0,1,4,4,0.05684278558854872,0.0007946516925907406,0.024023605651014444,0.007256443275609097,0.911082513792237
asthma_v2_pneumonia_P45Pneumonia72P.wav,0,1,4,3,0.13346055316864547,0.013078755821109839,0.06905661963456308,0.15971271919345564,0.6246913521822264
asthma_v2_Bronchial_P10BronchialSc_46.wav,0,2,1,2,0.0008921403760540683,0.00735239063715378,0.9825285439978735,0.0022959283641674514,0.006930996624750999
asthma_v2_Bronchial_P10BronchialSc_48.wav,0,2,1,2,0.0007991675608974993,0.013955928112911646,0.9787812934134555,0.003098991306336849,0.0033646196063983175
asthma_v2_Bronchial_P10BronchialSc_50.wav,0,2,1,1,0.017002635728294625,0.8168739075744291,0.14254697613957457,0.011477593893205545,0.012098886664496085
asthma_v2_Bronchial_P10BronchialTc_47.wav,0,2,1,2,0.000886357170687356,0.015190500454660128,0.9776143848926258,0.0026155908441543893,0.003693166637872368
asthma_v2_Bronchial_P10BronchialTc_49.wav,0,2,1,1,0.017624534435862753,0.9059254668170292,0.055844674804820124,0.011077544613615776,0.009527779328672121
asthma_v2_Bronchial_P12BronchialSc_56.wav,0,2,1,0,0.9709751504881254,0.007480017143056335,0.0015614228654512899,0.0011403843785127822,0.018843025124854123
asthma_v2_Bronchial_P12BronchialSc_58.wav,0,2,1,0,0.9422949400222618,0.01325750298129158,0.015510297342846752,0.016444023478228306,0.012493236175371748
asthma_v2_Bronchial_P12BronchialSc_60.wav,0,2,1,3,0.3230753492681515,0.07178960100593645,0.009638039398590035,0.48605644587316527,0.10944056445415673
asthma_v2_Bronchial_P12BronchialTc_57.wav,0,2,1,0,0.9768230187742489,0.00838897751709435,0.0014503367996236234,0.0005251107228325468,0.012812556186200648
asthma_v2_Bronchial_P12BronchialTc_59.wav,0,2,1,0,0.9257678784979987,0.027167244303640023,0.006392313015260289,0.0017055329882027278,0.03896703119489851
asthma_v2_Bronchial_P3BronchialSc_12.wav,0,2,1,1,0.019284098726826557,0.9084773908155058,0.023410227042964395,0.03707224499470762,0.011756038419995628
asthma_v2_Bronchial_P3BronchialSc_14.wav,0,2,1,3,0.011349690609928903,0.26607945483989104,0.438801002624746,0.26312671534886184,0.020643136576572105
asthma_v2_Bronchial_P3BronchialTc_11.wav,0,2,1,1,0.019583093872443096,0.9179639493244808,0.0275902028751685,0.02392125397068594,0.010941499957221561
asthma_v2_Bronchial_P3BronchialTc_13.wav,0,2,1,1,0.020235436910934875,0.3014115236071257,0.5213688309908203,0.137832071005523,0.01915213748559615
asthma_v2_Bronchial_P3BronchialTc_15.wav,0,2,1,3,0.019225512986035722,0.2998810815286417,0.32831929329882314,0.33213279594947714,0.020441316237022687
asthma_v2_Bronchial_P6BronchialSc_26.wav,0,2,1,1,0.012021365086896302,0.602222586308115,0.2985735114683226,0.06697555620503202,0.020206980931633634
asthma_v2_Bronchial_P6BronchialSc_28.wav,0,2,1,1,0.003251836998866115,0.9748962834803874,0.008031844740174848,0.010597525926209673,0.003222508854361815
asthma_v2_Bronchial_P6BronchialSc_30.wav,0,2,1,1,0.008666857323255213,0.8614369631805227,0.07750588630962735,0.02982674410042211,0.022563549086172426
asthma_v2_Bronchial_P6BronchialTc_27.wav,0,2,1,1,0.008233634453063826,0.9197695404188971,0.023785611047792296,0.04181548669228411,0.006395727387962912
asthma_v2_Bronchial_P6BronchialTc_29.wav,0,2,1,1,0.02295214803506871,0.795092254364002,0.05791632721688998,0.06581099451431463,0.05822827586972505
asthma_v2_Bronchial_P8BronchialSc_36.wav,0,2,1,1,0.018648972955615163,0.8585584430454909,0.019970171099475933,0.08014615380224652,0.02267625909717179
asthma_v2_Bronchial_P8BronchialSc_38.wav,0,2,1,1,0.0029165721919013595,0.9650853059406931,0.015491364785315178,0.010094683048952531,0.006412074033137603
asthma_v2_Bronchial_P8BronchialSc_40.wav,0,2,1,1,0.005644403468083487,0.9260697431068807,0.024810300622184138,0.038274425985349074,0.005201126817502537
asthma_v2_Bronchial_P8BronchialTc_37.wav,0,2,1,1,0.028240160040634454,0.8665610462064028,0.017407907485538828,0.04983949815731124,0.037951388110112345
asthma_v2_Bronchial_P8BronchialTc_39.wav,0,2,1,1,0.006623488514114455,0.9524293156471227,0.012844341616970222,0.024126972374787163,0.003975881847005598
asthma_v2_asthma_P14WheezingIE_69.wav,0,2,0,3,0.40613044738204856,0.01185740696041864,0.00834175004385115,0.3926212298078423,0.1810491658058396
asthma_v2_asthma_P14WheezingIU_66.wav,0,2,0,0,0.9572129706813635,0.0063465618773951935,0.00494444467814209,0.00046173462624042084,0.031034288136858632
asthma_v2_asthma_P14WheezingIU_70.wav,0,2,0,4,0.3859361253542327,0.004330957215571133,0.005565532572451755,0.010846952409735464,0.593320432448009
asthma_v2_asthma_P14WheezingRL_67.wav,0,2,0,0,0.7954558314725717,0.0012187741320123762,0.002434872341607741,0.021167214926016625,0.17972330712779144
asthma_v2_asthma_P14WheezingRS_68.wav,0,2,0,0,0.7291431647219647,0.0023473695446792242,0.002968973247961865,0.005442947367864817,0.26009754511752936
asthma_v2_asthma_P19WheezingIE_93.wav,0,2,0,0,0.4793061051982185,0.027712001891512177,0.004132563040919176,0.009945787819875915,0.47890354204947433
asthma_v2_asthma_P19WheezingIU_94.wav,0,2,0,0,0.7468499885572246,0.06738181363497449,0.08532127422578432,0.0032521148487127107,0.0971948087333037
asthma_v2_asthma_P19WheezingRL_91.wav,0,2,0,0,0.9625012617439616,0.004296642225959154,0.0033601054264722446,0.00019749035217932691,0.029644500251427734
asthma_v2_asthma_P19WheezingRL_95.wav,0,2,0,0,0.970957539899129,0.0014740117570488152,0.0010305631723924046,0.00024308691573649284,0.026294798255692982
asthma_v2_asthma_P19WheezingRS_92.wav,0,2,0,3,0.3769573443591564,0.010340406375241619,0.02530337645979521,0.3272853433952339,0.26011352941057286
asthma_v2_asthma_P24WheezingIE_117.wav,0,2,0,0,0.7896724032869991,0.0006504107202557183,0.02582954336706888,0.00046776266481100446,0.18337987996086536
asthma_v2_asthma_P24WheezingIU_118.wav,0,2,0,0,0.6362048506556545,0.006352386857035141,0.06304776430518551,0.01402964535621773,0.2803653528259072
asthma_v2_asthma_P24WheezingRL_119.wav,0,2,0,0,0.8706398185512103,0.0022188209340586362,0.004106536803989409,0.00022102097807081357,0.1228138027326704
asthma_v2_asthma_P24WheezingRS_116.wav,0,2,0,0,0.8770017647554734,0.006938104096171055,0.01812821568330995,0.002018580365027927,0.09591333510001786
asthma_v2_asthma_P24WheezingRS_120.wav,0,2,0,0,0.5577047395128217,0.009989642899281975,0.06590938751471322,0.02085238264047301,0.34554384743271027
asthma_v2_asthma_P30WheezingIE_149.wav,0,2,0,0,0.8569536237200301,0.003980293330199353,0.0013703960067929103,0.0034253882038934344,0.13427029873908403
asthma_v2_asthma_P30WheezingIU_146.wav,0,2,0,0,0.7372384981264009,0.0003314761531490398,0.0022472682600365996,0.0004502546614065863,0.25973250279900706
asthma_v2_asthma_P30WheezingIU_150.wav,0,2,0,0,0.7221585740783906,0.04103568918509434,0.0043000751327250996,0.012178019238764734,0.22032764236502522
asthma_v2_asthma_P30WheezingRL_147.wav,0,2,0,0,0.806087282116506,0.02227429518784028,0.009630935366203503,0.001217996028957718,0.1607894913004925
asthma_v2_asthma_P30WheezingRS_148.wav,0,2,0,0,0.7694941349362368,0.00944734400011248,0.00370493034773543,0.002795069674043136,0.2145585210418722
asthma_v2_asthma_P32WheezingIE_157.wav,0,2,0,0,0.7391733865136005,0.007486244220247909,0.008125016981057198,0.005069974639802329,0.24014537764529217
asthma_v2_asthma_P32WheezingIU_158.wav,0,2,0,0,0.8580276055135369,0.01702966159394345,0.0074741314166702315,0.005178897072540579,0.11228970440330924
asthma_v2_asthma_P32WheezingRL_159.wav,0,2,0,0,0.4888694317395312,0.2365851990494637,0.06447191409600533,0.014168396696077633,0.19590505841892247
asthma_v2_asthma_P32WheezingRS_156.wav,0,2,0,0,0.8035764830858457,0.00744129444606711,0.0013533556944676595,0.05803142813033464,0.1295974386432849
asthma_v2_asthma_P32WheezingRS_160.wav,0,2,0,0,0.5988884250934657,0.007838882871215234,0.0085012908371788,0.002607705290770482,0.38216369590736987
asthma_v2_asthma_P36WheezingIE_177.wav,0,2,0,0,0.9458552346758604,0.005320769331548904,0.017238559993626144,0.00039295852802195336,0.03119247747094268
asthma_v2_asthma_P36WheezingIU_178.wav,0,2,0,0,0.9404949536464995,0.0005530614207445509,0.011208341870207576,0.00019740423335784765,0.04754623882919029
asthma_v2_asthma_P36WheezingRL_179.wav,0,2,0,0,0.7113609315708543,0.13095229626720334,0.06207064306813807,0.0025093301657344884,0.09310679892806979
asthma_v2_asthma_P36WheezingRS_176.wav,0,2,0,0,0.961195541292332,0.001491719256756168,0.024413302021433603,0.00022368004820229163,0.012675757381276055
asthma_v2_asthma_P36WheezingRS_180.wav,0,2,0,1,0.4604092664501553,0.43816321124681906,0.04927178951898591,0.0035329924225552304,0.04862274036148412
asthma_v2_asthma_P45WheezingIE_221.wav,0,2,0,0,0.9011876310418738,0.024320731637904734,0.022505436767098992,0.010905005162780926,0.04108119539034186
asthma_v2_asthma_P45WheezingIE_225.wav,0,2,0,0,0.9163751187745577,0.007984792097380412,0.008558832577908118,0.001009686625755897,0.066071569924398
asthma_v2_asthma_P45WheezingIU_222.wav,0,2,0,0,0.9214053024709767,0.01169417020001329,0.02828904248260294,0.0014388121156604936,0.03717267273074659
asthma_v2_asthma_P45WheezingRL_223.wav,0,2,0,0,0.7092953339512936,0.07978966708298238,0.17811717196760335,0.0027849415286805494,0.030012885469439976
asthma_v2_asthma_P45WheezingRS_224.wav,0,2,0,0,0.7003854407393302,0.008071996186529378,0.11106794493226847,0.001986436684995052,0.17848818145687706
asthma_v2_asthma_P46WheezingIE_229.wav,0,2,0,0,0.8132736663041651,0.040777253837269364,0.0383544528873669,0.0030824249015786584,0.1045122020696202
asthma_v2_asthma_P46WheezingIU_226.wav,0,2,0,0,0.7625062510266734,0.20694425543992542,0.01732691098452674,0.0013289451704313843,0.01189363737844307
asthma_v2_asthma_P46WheezingIU_230.wav,0,2,0,0,0.6476708471652691,0.018952464928585416,0.07672942979611858,0.003806975163373127,0.25284028294665367
asthma_v2_asthma_P46WheezingRL_227.wav,0,2,0,0,0.7166400419433212,0.060742826475842636,0.18781880285391633,0.0019635003255462687,0.032834828401373604
asthma_v2_asthma_P46WheezingRS_228.wav,0,2,0,0,0.7364899807060983,0.08928772046604014,0.11778876229899103,0.004094949246006385,0.05233858728286426
asthma_v2_asthma_P48WheezingIE_237.wav,0,2,0,0,0.6761026259860655,0.010810068822215963,0.016866154096681032,0.0017840661899293894,0.29443708490510795
asthma_v2_asthma_P48WheezingIU_238.wav,0,2,0,0,0.8184816589518207,0.011895722108583445,0.051149771410588574,0.004628492172546297,0.11384435535646109
asthma_v2_asthma_P48WheezingRL_239.wav,0,2,0,0,0.7101653054316552,0.02884639388167415,0.051329901084099835,0.003696536503120931,0.2059618630994503
asthma_v2_asthma_P48WheezingRS_236.wav,0,2,0,0,0.7540143294239275,0.016837598584818605,0.034139189459480586,0.0025965011952666763,0.19241238133650665
asthma_v2_asthma_P48WheezingRS_240.wav,0,2,0,0,0.8665642272715448,0.003465861137052619,0.03316983447583908,0.001592178996682018,0.09520789811888136
asthma_v2_asthma_P57WheezingIE_281.wav,0,2,0,3,0.11576397528309602,0.003847135925123585,0.008348986313268799,0.6633911511911085,0.20864875128740284
asthma_v2_asthma_P57WheezingIE_285.wav,0,2,0,4,0.20301210706139028,0.22629970071038308,0.00302385014861521,0.040562637953506446,0.5271017041261046
asthma_v2_asthma_P57WheezingIU_282.wav,0,2,0,4,0.13892119025566027,0.0013819872447489124,0.000777881604850033,0.09274656865782133,0.7661723722369194
asthma_v2_asthma_P57WheezingRL_283.wav,0,2,0,4,0.08800060571706696,0.0014897754317464678,0.0015061573800020547,0.0005739049437476681,0.9084295565274367
asthma_v2_asthma_P57WheezingRS_284.wav,0,2,0,0,0.48062321591953133,0.31953128844730583,0.009281423356859178,0.07379533525776807,0.1167687370185357
asthma_v2_copd_P13COPDMc_100.wav,0,2,2,2,0.004782962175114697,0.023586743912129254,0.9206001475566029,0.027553647620584657,0.023476498735568768
asthma_v2_copd_P13COPDMc_102.wav,0,2,2,2,0.000744134179531663,0.0002883970725838566,0.9986355284771077,5.078033899224684e-05,0.00028115993178462646
asthma_v2_copd_P13COPDMc_104.wav,0,2,2,2,0.0009039101260725916,0.00040012279801843214,0.9961253583771668,0.00012956237833433245,0.002441046320408011
asthma_v2_copd_P13COPDMc_98.wav,0,2,2,2,0.004896603404534922,0.032330451910610666,0.855322009549648,0.022179982915289456,0.08527095221991685
asthma_v2_copd_P13COPDPr_101.wav,0,2,2,2,0.007147193469445795,0.0013309264832046684,0.9897402068697693,6.396990305575298e-05,0.001717703274524396
asthma_v2_copd_P13COPDPr_103.wav,0,2,2,2,0.0026295580587390897,0.0008341761667098646,0.9954893554634028,0.00023551519628666989,0.0008113951148614405
asthma_v2_copd_P13COPDPr_97.wav,0,2,2,2,0.0006853787906748815,0.0031233523201495707,0.9917822626085755,0.0021450739714736276,0.0022639323091264703
asthma_v2_copd_P13COPDPr_99.wav,0,2,2,2,0.0012619129929715377,0.0074480347443565496,0.9644869168555409,0.015178842803192306,0.011624292603938394
asthma_v2_copd_P15COPDMc_114.wav,0,2,2,2,0.11901792702576312,0.016226016991498206,0.8566506813644095,0.005196110949480355,0.0029092636688486597
asthma_v2_copd_P15COPDMc_116.wav,0,2,2,2,0.01604835402080248,0.0023109650596858026,0.9804130208904984,0.00030955578120898583,0.000918104247804517
asthma_v2_copd_P15COPDMc_118.wav,0,2,2,0,0.6444768715481197,0.0007193277092106921,0.34168891416168695,0.0004735562602839782,0.012641330320698665
asthma_v2_copd_P15COPDMc_120.wav,0,2,2,2,0.08956772986171391,0.02005724891832667,0.8745273387002853,0.00423422588886384,0.01161345663081012
asthma_v2_copd_P15COPDPr_113.wav,0,2,2,2,0.14796817894297787,0.0062476132119051765,0.8436377584192059,0.0004992477635520205,0.001647201662359101
asthma_v2_copd_P15COPDPr_115.wav,0,2,2,2,0.10926820743234011,0.01484875980178645,0.8670051081808765,0.0015842965467457856,0.007293628038251186
asthma_v2_copd_P15COPDPr_117.wav,0,2,2,0,0.2966388330376539,0.042467301781045366,0.6468699397009307,0.0013162237080242417,0.01270770177234581
asthma_v2_copd_P15COPDPr_119.wav,0,2,2,2,0.02777075670473958,0.007026138527879427,0.9556635270185561,0.0037986486341308368,0.005740929114694369
asthma_v2_copd_P18COPDMc_138.wav,0,2,2,2,8.420462788934067e-07,3.813870555738614e-07,0.9999329056646533,3.1791987278452916e-06,6.269170328428744e-05
asthma_v2_copd_P18COPDMc_140.wav,0,2,2,2,0.0008408361549895551,6.023396690799503e-06,0.9987073230412663,5.1453792780359525e-05,0.000394363614272916
asthma_v2_copd_P18COPDMc_142.wav,0,2,2,2,0.008119416691495452,0.0009371280014646225,0.9879843192579024,0.00014855519175965956,0.002810580857377984
asthma_v2_copd_P18COPDMc_144.wav,0,2,2,2,1.07219475071609e-06,1.7675776245770486e-06,0.9989887939585838,9.057983940271422e-05,0.0009177864296380159
asthma_v2_copd_P18COPDPr_137.wav,0,2,2,2,0.004960606099462713,2.1061020834437356e-05,0.9922325004672314,0.0003267740655991202,0.0024590583468721665
asthma_v2_copd_P18COPDPr_139.wav,0,2,2,2,0.0058794391062616455,5.869275623670156e-05,0.9886428870548234,0.00020219642767784843,0.005216784655000326
asthma_v2_copd_P18COPDPr_141.wav,0,2,2,2,6.882505429767813e-07,3.2795929109746904e-07,0.9998334782206834,4.3566481341288255e-06,0.0001611489213485358
asthma_v2_copd_P18COPDPr_143.wav,0,2,2,2,7.2616707807705175e-09,4.967858626976491e-09,0.99992788142323,2.041185295703951e-06,7.006516194496272e-05
asthma_v2_copd_P28COPDMc_218.wav,0,2,2,2,0.009185538008736492,0.0031891821048569123,0.9731859801303472,0.007133832560630514,0.0073054671954288835
asthma_v2_copd_P28COPDMc_220.wav,0,2,2,2,0.03327365565104944,0.0021773717016560275,0.9390638577838151,0.010314608430528565,0.015170506432950698
asthma_v2_copd_P28COPDMc_222.wav,0,2,2,2,7.630869803909464e-07,7.761084157289176e-07,0.9996638744536179,9.805926176077258e-06,0.00032478042480998677
asthma_v2_copd_P28COPDMc_224.wav,0,2,2,2,0.00252281499063835,0.000593517270269091,0.9938941021994926,0.000155704849987376,0.002833860689612481
asthma_v2_copd_P28COPDPr_217.wav,0,2,2,2,1.4116868218769527e-07,8.619486982765741e-08,0.9996529160238595,0.00016438055347267784,0.0001824760591158228
asthma_v2_copd_P28COPDPr_219.wav,0,2,2,2,0.019232852435262637,0.001896600801203308,0.9627956408016609,0.006412389446008137,0.009662516515865019
asthma_v2_copd_P28COPDPr_221.wav,0,2,2,2,0.0009569781274212955,0.000510856613008143,0.9974266922013708,8.510227923199763e-05,0.0010203707789674843
asthma_v2_copd_P28COPDPr_223.wav,0,2,2,2,5.216021287019924e-07,5.21343830017215e-07,0.9996292251444802,3.080972131512445e-05,0.00033892218824601157
asthma_v2_copd_P29COPDMc_226.wav,0,2,2,2,0.0015577432780830489,0.0005161714180468654,0.9957000437947153,0.00019980560699696279,0.002026235902157704
asthma_v2_copd_P29COPDMc_228.wav,0,2,2,2,3.7357902892029155e-08,4.6263860848386094e-08,0.999841208750795,1.0459177558162327e-05,0.0001482484498832757
asthma_v2_copd_P29COPDMc_230.wav,0,2,2,2,1.2612132187920918e-07,8.762314254573096e-08,0.9996837816010542,6.146420345125224e-06,0.0003098582341362402
asthma_v2_copd_P29COPDMc_232.wav,0,2,2,2,5.737519660067219e-08,3.645606148011852e-08,0.9997686665706262,1.4964629535626568e-05,0.00021627496857983173
asthma_v2_copd_P29COPDPr_225.wav,0,2,2,2,0.0034895526653390854,0.000548500328378623,0.9905810498351183,0.0002446903226868877,0.005136206848477164
asthma_v2_copd_P29COPDPr_227.wav,0,2,2,2,1.5751745309537264e-08,1.3096288954747456e-08,0.9998736228362602,1.0395441906234678e-05,0.00011595287379930027
asthma_v2_copd_P29COPDPr_229.wav,0,2,2,2,4.253329563392971e-09,3.281148654960651e-09,0.9999635774125472,1.1630608007272629e-05,2.478444496745322e-05
asthma_v2_copd_P29COPDPr_231.wav,0,2,2,2,2.994082547633793e-08,1.7396060855597723e-08,0.9998438188088895,5.027115782502589e-06,0.00015110673844161623
asthma_v2_copd_P30COPDMc_234.wav,0,2,2,2,0.010186087907321444,3.483492904991071e-05,0.9599371444161591,0.0010334509244078302,0.028808481823061317
asthma_v2_copd_P30COPDMc_236.wav,0,2,2,2,1.2107328417948595e-07,7.895796147554405e-08,0.9996521642653208,0.00015804394438918498,0.0001895917590442843
asthma_v2_copd_P30COPDMc_238.wav,0,2,2,2,1.584431205381405e-08,9.557295239639948e-09,0.9999083995671352,4.696225790110905e-05,4.461277335631399e-05
asthma_v2_copd_P30COPDMc_240.wav,0,2,2,2,1.630601118805264e-08,9.413374215149082e-09,0.9999178745708006,1.994078691992718e-05,6.215892289407027e-05
asthma_v2_copd_P30COPDPr_233.wav,0,2,2,2,0.000897311692125319,1.3793300406202712e-05,0.9965974297467045,0.000227704633055284,0.0022637606277085176
asthma_v2_copd_P30COPDPr_235.wav,0,2,2,2,0.006723673458083145,5.181376850684204e-05,0.9567558359723887,0.0018940595935370392,0.034574617207484296
asthma_v2_copd_P30COPDPr_237.wav,0,2,2,2,3.075599594134325e-08,1.6819924208798326e-08,0.9998978460127914,5.057812250919835e-05,5.1528288779102355e-05
asthma_v2_copd_P30COPDPr_239.wav,0,2,2,2,5.458875498687247e-09,3.2560453326856865e-09,0.9999726289180896,7.2189403754730265e-06,2.014342661416615e-05
asthma_v2_copd_P47COPDMc_370.wav,0,2,2,1,0.13754882608051386,0.33310974418240613,0.3500625908368186,0.02237795406920831,0.15690088483105324
asthma_v2_copd_P47COPDMc_372.wav,0,2,2,2,0.012508933443715526,0.0033519625284144264,0.9786852867708065,0.0006599988890008898,0.004793818368062852
asthma_v2_copd_P47COPDMc_374.wav,0,2,2,2,0.002362633034700503,0.06319484762333628,0.9056646700222657,0.024296185295090787,0.004481664024606393
asthma_v2_copd_P47COPDMc_376.wav,0,2,2,3,0.003095232861082358,0.005117399107211497,0.7267451871009131,0.24771359412404056,0.01732858680675249
asthma_v2_copd_P47COPDPr_369.wav,0,2,2,0,0.4289011078377134,0.008858039417629922,0.49499680597623236,0.004856820112051656,0.06238722665637271
asthma_v2_copd_P47COPDPr_371.wav,0,2,2,2,0.09173895195360375,0.13729637064437444,0.5840111404676056,0.004294896409564852,0.18265864052485137
asthma_v2_copd_P47COPDPr_373.wav,0,2,2,2,0.03321590990041968,0.03061157389151744,0.8700371978404147,0.046831970119345534,0.019303348248302356
asthma_v2_copd_P47COPDPr_375.wav,0,2,2,2,0.0010860458942356826,0.038589989453688016,0.9401096937219106,0.01694237601902343,0.003271894911142748
asthma_v2_copd_P49COPDMc_386.wav,0,2,2,2,3.969882897275325e-05,0.0017392487693401169,0.9941835943047942,0.0027418879331194096,0.0012955701637736435
asthma_v2_copd_P49COPDMc_388.wav,0,2,2,2,4.439497689885545e-05,0.0006060054694536072,0.9959228143495565,0.0016411161397765863,0.001785669064314462
asthma_v2_copd_P49COPDMc_390.wav,0,2,2,2,3.717767489239308e-05,0.0031449629089449252,0.9885276369213386,0.007469713764295397,0.0008205087305288496
asthma_v2_copd_P49COPDMc_392.wav,0,2,2,2,0.00044243647069526954,0.0005965015938993762,0.9983157163237194,0.0002601209894671574,0.00038522462221869344
asthma_v2_copd_P49COPDPr_385.wav,0,2,2,2,0.0028080447852476807,0.0018882067431020494,0.9916025636442852,0.0011079330516956636,0.002593251775669392
asthma_v2_copd_P49COPDPr_387.wav,0,2,2,2,2.9023363723274528e-05,0.0010620770549482042,0.9970680846567799,0.001314474902112492,0.0005263400224364511
asthma_v2_copd_P49COPDPr_389.wav,0,2,2,2,4.107303322101215e-05,0.0013871893369464723,0.9948789920291122,0.0028966524750010853,0.0007960931257193718
asthma_v2_copd_P49COPDPr_391.wav,0,2,2,2,0.0005969380679564343,0.0005449777425604718,0.9982095813664749,0.00025207873570757763,0.00039642408730068874
asthma_v2_copd_P4COPDMc_26.wav,0,2,2,2,0.0006175205688963133,0.0006557387650169019,0.9941913352054563,0.0031901222319310383,0.001345283228699438
asthma_v2_copd_P4COPDMc_28.wav,0,2,2,2,7.400304369706555e-08,5.471062667380107e-08,0.999755921913539,9.226682994018378e-05,0.0001516825428505249
asthma_v2_copd_P4COPDMc_30.wav,0,2,2,2,0.006801748090392286,0.00033664092127667054,0.9893700425246913,0.0004100775140712481,0.003081490949568626
asthma_v2_copd_P4COPDMc_32.wav,0,2,2,2,0.042768599332051176,0.00042316191574872796,0.9300947180490668,0.00701965005652079,0.019693870646612453
asthma_v2_copd_P4COPDPr_25.wav,0,2,2,2,6.071955436376913e-07,5.302987533264288e-07,0.9994664366616169,0.00033408462601647017,0.0001983412180697167
asthma_v2_copd_P4COPDPr_27.wav,0,2,2,2,4.240487758615359e-08,2.7960316713865155e-08,0.9997478751581792,9.818161184447889e-06,0.00024223631544199032
asthma_v2_copd_P4COPDPr_29.wav,0,2,2,2,4.656587368726701e-07,2.5810346575500947e-07,0.9996287602539605,8.04398085709802e-06,0.00036247200297974457
asthma_v2_copd_P4COPDPr_31.wav,0,2,2,2,0.007000903126968586,0.00038669354817532893,0.9883567699224505,0.0008064826177952345,0.0034491507846101813
asthma_v2_copd_P51COPDPr_401.wav,0,2,2,2,2.689001545725582e-07,2.398864537313538e-07,0.9999661155607136,3.3407629429127075e-06,3.0034889735238672e-05
asthma_v2_copd_P8COPDMc_58.wav,0,2,2,2,0.007021463551356348,0.0014372591251227164,0.9885026141772937,0.0008636393865226937,0.0021750237597044464
asthma_v2_copd_P8COPDMc_60.wav,0,2,2,2,1.4629042290825414e-08,8.09195459865508e-09,0.9999731761761925,1.1312844412232881e-06,2.5669818369350372e-05
asthma_v2_copd_P8COPDMc_62.wav,0,2,2,2,4.204685751468144e-07,1.8673031614367244e-07,0.9997732236211104,8.75456885434714e-06,0.00021741461114396912
asthma_v2_copd_P8COPDMc_64.wav,0,2,2,2,0.0037291453223489727,0.0002883661325022318,0.9888155791257639,0.0007446295678612053,0.006422279851523625
asthma_v2_copd_P8COPDPr_57.wav,0,2,2,2,0.0015849275748966093,4.8247816619079616e-05,0.9952317319101123,0.0003761131224752032,0.002758979575896735
asthma_v2_copd_P8COPDPr_59.wav,0,2,2,2,8.682124227500754e-08,5.1626576876641725e-08,0.9997325905053631,4.89257208883818e-06,0.0002623784747287595
asthma_v2_copd_P8COPDPr_61.wav,0,2,2,2,0.0020699289807156363,0.00010602670546550449,0.9961342534164255,0.0004918653391232517,0.0011979255582697437
asthma_v2_copd_P8COPDPr_63.wav,0,2,2,2,3.444537287695262e-08,1.890908592622403e-08,0.9998922817360493,3.5483204599479267e-07,0.00010731007744599187
asthma_v2_healthy_P17Healthy22S.wav,0,2,3,3,0.020166590245611193,0.018443078348552067,0.038471813683513524,0.8093099140230937,0.11360860369922948
asthma_v2_healthy_P17Healthy35S.wav,0,2,3,3,0.022543851381779046,0.02427809135429894,0.040645664670658464,0.8010176968322884,0.11151469576097493
asthma_v2_healthy_P17Healthy58S.wav,0,2,3,0,0.48317406599462387,0.048357390500350164,0.011419811071499652,0.030242410722170047,0.426806321711356
asthma_v2_healthy_P17Healthy71S.wav,0,2,3,4,0.22270790521630573,0.004766706579173877,0.00584652329703916,0.0038106746689660744,0.7628681902385153
asthma_v2_healthy_P17Healthy83S.wav,0,2,3,4,0.14547162724257712,0.0540024221370981,0.0030473216146025537,0.006237405728055395,0.7912412232776668
asthma_v2_healthy_P18Healthy17S.wav,0,2,3,3,0.19779611317668175,0.009767153538293069,0.015630705615718537,0.5936232101011949,0.18318281756811167
asthma_v2_healthy_P18Healthy46S.wav,0,2,3,3,0.05062457050916551,0.4740171255782171,0.02100146442029603,0.3923980530772177,0.0619587864151034
asthma_v2_healthy_P18Healthy59S.wav,0,2,3,1,0.05145199212044631,0.6848984406230707,0.014354645858804771,0.2052126151565774,0.044082306241100724
asthma_v2_healthy_P18Healthy79S.wav,0,2,3,3,0.21556411304372036,0.00962974797411074,0.038417204435962214,0.5323703108988973,0.20401862364730916
asthma_v2_healthy_P18Healthy98S.wav,0,2,3,3,0.17016324438748776,0.00668478389832751,0.024264589372803125,0.6013274697538135,0.19755991258756808
asthma_v2_healthy_P22Healthy36S.wav,0,2,3,3,0.016727052477683493,0.002055925834068049,0.035571477722221155,0.8983523516322853,0.04729319233374242
asthma_v2_healthy_P22Healthy45S.wav,0,2,3,3,0.015077619644923644,0.0009359236798856991,0.006451231623241637,0.9404281958020058,0.03710702924994341
asthma_v2_healthy_P22Healthy50S.wav,0,2,3,3,0.22362528792644615,0.018784220661009803,0.0070740657591667295,0.6695191320706106,0.08099729358276653
asthma_v2_healthy_P22Healthy88S.wav,0,2,3,3,0.022862675168226744,0.001122420879795611,0.004041317797305983,0.747657629797504,0.22431595635716808
asthma_v2_healthy_P22Healthy94S.wav,0,2,3,3,0.320162022133581,0.11145437826845404,0.007370924539540622,0.3426883668448291,0.21832430821359514
asthma_v2_healthy_P23Healthy14S.wav,0,2,3,3,0.022862675168226744,0.001122420879795611,0.004041317797305983,0.747657629797504,0.22431595635716808
asthma_v2_healthy_P23Healthy24S.wav,0,2,3,3,0.03024254140459534,0.0007652298368073786,0.0014594090130332544,0.3652963937509392,0.6022364259946246
asthma_v2_healthy_P23Healthy72S.wav,0,2,3,3,0.007679817914564001,0.000534595922956066,0.0034623427493481055,0.9668080708654371,0.02151517254769454
asthma_v2_healthy_P23Healthy97S.wav,0,2,3,3,0.03024254140459534,0.0007652298368073786,0.0014594090130332544,0.3652963937509392,0.6022364259946246
asthma_v2_healthy_P23Healthy98S.wav,0,2,3,3,0.007679817914564001,0.000534595922956066,0.0034623427493481055,0.9668080708654371,0.02151517254769454
asthma_v2_healthy_P8Healthy33S.wav,0,2,3,0,0.3304873379701228,0.056765115702510596,0.3041613102804626,0.25524043138362684,0.05334580466327723
asthma_v2_healthy_P8Healthy35S.wav,0,2,3,3,0.19065290652228642,0.04544291172921091,0.21339452329782008,0.47768131612505216,0.0728283423256302
asthma_v2_healthy_P8Healthy48S.wav,0,2,3,3,0.16071618358401699,0.015888020221189646,0.12491672460254698,0.6429053592837707,0.05557371230847568
asthma_v2_healthy_P8Healthy70S.wav,0,2,3,3,0.08228574883044032,0.2061492707913349,0.13845976182109113,0.46951212635339584,0.10359309220373807
asthma_v2_healthy_P8Healthy82S.wav,0,2,3,3,0.06890612792211667,0.07033643988959142,0.05028303852776193,0.7458457403934581,0.06462865326707204
asthma_v2_pneumonia_P11Pneumonia12W.wav,0,2,4,4,0.21630821540473932,0.013873034725641577,0.006596855699847659,0.02371395798251589,0.7395079361872559
asthma_v2_pneumonia_P11Pneumonia18T.wav,0,2,4,4,0.12618075664875986,0.007671568970416485,0.20848864951709176,0.007140393097149915,0.6505186317665822
asthma_v2_pneumonia_P11Pneumonia41N.wav,0,2,4,4,0.09684390096366685,0.0006649356985968246,0.002693009422852571,0.052952677575784285,0.8468454763390995
asthma_v2_pneumonia_P11Pneumonia58A.wav,0,2,4,4,0.05282728695737579,0.0015918489140038402,0.008104939181292162,0.012852001151992492,0.9246239237953354
asthma_v2_pneumonia_P11Pneumonia65P.wav,0,2,4,4,0.22000327073628315,0.03117525117761802,0.007566879104911151,0.008368279306798536,0.7328863196743892
asthma_v2_pneumonia_P11Pneumonia98J.wav,0,2,4,4,0.08456507754697447,0.00306638983099611,0.013470753163591434,0.07426768890111086,0.8246300905573273
asthma_v2_pneumonia_P15Pneumonia12I.wav,0,2,4,4,0.042044757671248205,0.007760781851792429,0.07387710238648969,0.008114746792385512,0.8682026112980842
asthma_v2_pneumonia_P15Pneumonia16R.wav,0,2,4,4,0.15614880920888735,0.014439606478025816,0.12058390576900375,0.011767228054748547,0.6970604504893345
asthma_v2_pneumonia_P15Pneumonia39Y.wav,0,2,4,4,0.056095485962594116,0.0013288180809518965,0.0017555324305915476,0.20829039402876304,0.7325297694970991
asthma_v2_pneumonia_P15Pneumonia56Z.wav,0,2,4,4,0.14249414714274655,0.011113505060940772,0.17407564609464302,0.008672277424230303,0.6636444242774392
asthma_v2_pneumonia_P15Pneumonia58S.wav,0,2,4,4,0.022084671303817707,0.007700015285808034,0.0004932757603635093,0.0014386604898842252,0.9682833771601266
asthma_v2_pneumonia_P15Pneumonia81V.wav,0,2,4,4,0.04022819468978826,0.004176193334567149,0.0007451272889062531,0.0007086992302463412,0.954141785456492
asthma_v2_pneumonia_P19Pneumonia24H.wav,0,2,4,4,0.08095627494653808,0.027551444055277152,0.0002786865232107151,0.008830878651222103,0.8823827158237518
asthma_v2_pneumonia_P19Pneumonia33O.wav,0,2,4,4,0.012024204301787229,0.0013850624141124295,0.00017087639218136516,0.00037801123343426723,0.9860418456584844
asthma_v2_pneumonia_P19Pneumonia39Z.wav,0,2,4,4,0.018177015236141642,0.009255224716897964,0.00046144972624656577,0.006601988910338665,0.9655043214103751
asthma_v2_pneumonia_P19Pneumonia41U.wav,0,2,4,4,0.22563130188843597,0.02811154487112551,0.000454865519954892,0.004189428754221686,0.7416128589662621
asthma_v2_pneumonia_P19Pneumonia75B.wav,0,2,4,4,0.1484668334149197,0.03675579807595101,0.00047055695236082704,0.014960103163664409,0.7993467083931037
asthma_v2_pneumonia_P19Pneumonia90X.wav,0,2,4,3,0.05313005305049109,0.07643409650980741,0.0024756236987116104,0.28557700389085855,0.5823832228501317
asthma_v2_pneumonia_P26Pneumonia12X.wav,0,2,4,4,0.07429756813690558,0.006046465890157076,0.011958887407732243,0.11409484115631682,0.7936022374088887
asthma_v2_pneumonia_P26Pneumonia66S.wav,0,2,4,3,0.03347249249016372,0.004378463299264629,0.023123208420922775,0.3961670891363563,0.5428587466532926
asthma_v2_pneumonia_P26Pneumonia72P.wav,0,2,4,4,0.058970532761125564,0.002807155417451995,0.001164937057040676,0.04773225995227138,0.8893251148121101
asthma_v2_pneumonia_P26Pneumonia83Z.wav,0,2,4,4,0.13343830723764125,0.0007676983028786259,0.0007544173634930765,0.0027754329513067382,0.8622641441446803
asthma_v2_pneumonia_P26Pneumonia84P.wav,0,2,4,4,0.07686827096294277,0.004462747020435638,0.0029591969377317584,0.012904621027761022,0.902805164051129
asthma_v2_pneumonia_P26Pneumonia89E.wav,0,2,4,4,0.025031290118461207,0.004543424935911394,0.002166965738079938,0.08250070542676338,0.8857576137807842
asthma_v2_pneumonia_P31Pneumonia14Q.wav,0,2,4,4,0.021700962064899625,0.005703684839894553,0.004013075698455059,0.0009781714799682538,0.9676041059167827
asthma_v2_pneumonia_P31Pneumonia16C.wav,0,2,4,4,0.01994156853940827,0.005296049640871735,0.006217910593286542,0.0007815714184260706,0.9677628998080072
asthma_v2_pneumonia_P31Pneumonia43V.wav,0,2,4,4,0.1827848180363953,0.009825189876341634,0.008666513621585947,0.0019465263991888507,0.7967769520664884
asthma_v2_pneumonia_P31Pneumonia47D.wav,0,2,4,4,0.026376748614687636,0.006708052371786452,0.001491464674971315,0.0007484712893761533,0.9646752630491783
asthma_v2_pneumonia_P31Pneumonia47J.wav,0,2,4,4,0.030366036077443516,0.0075324820840996405,0.0007111607321913293,0.008970125914524554,0.952420195191741
asthma_v2_pneumonia_P31Pneumonia92I.wav,0,2,4,4,0.08303312978282947,0.008759722397446268,0.003433951480906444,0.0008806871676468544,0.9038925091711708
asthma_v2_pneumonia_P35Pneumonia16F.wav,0,2,4,4,0.0173394059136356,0.005960425560073537,0.002052969248887309,0.0034595876511752115,0.9711876116262284
asthma_v2_pneumonia_P35Pneumonia46U.wav,0,2,4,4,0.056954679957733324,0.002531276937219092,0.0026800727365014353,0.0008191347867091302,0.9370148355818368
asthma_v2_pneumonia_P35Pneumonia56D.wav,0,2,4,4,0.0356069412079605,0.034643930952688216,0.004986903564145582,0.1076640412395554,0.8170981830356497
asthma_v2_pneumonia_P35Pneumonia57I.wav,0,2,4,4,0.015275880824862266,0.0025706059755619772,0.00024289658186445708,0.0006107624834872983,0.9812998541342242
asthma_v2_pneumonia_P35Pneumonia75E.wav,0,2,4,4,0.012298847873833518,0.0040321789035308335,0.0014075309289370147,0.0005733362506330607,0.9816881060430654
asthma_v2_pneumonia_P35Pneumonia99V.wav,0,2,4,4,0.05995109473311824,0.008364289413617611,0.0011765809268441132,0.007453988602738468,0.9230540463236816
asthma_v2_pneumonia_P3Pneumonia41L.wav,0,2,4,4,0.08859090920355284,0.002238254739440437,0.005935351747527891,0.0005722801591994094,0.9026632041502795
asthma_v2_pneumonia_P3Pneumonia54K.wav,0,2,4,4,0.08840568120148788,0.001200808457328808,0.004535303224913324,0.00042112656509779394,0.9054370805511723
asthma_v2_pneumonia_P3Pneumonia61R.wav,0,2,4,4,0.020716591247133747,0.0020543857269359855,0.41682223972926774,0.10517817157682555,0.45522861171983714
asthma_v2_pneumonia_P3Pneumonia74F.wav,0,2,4,4,0.3220893527818018,0.004680801747450095,0.0036860807903717737,0.00448490026274659,0.66505886441763
asthma_v2_pneumonia_P3Pneumonia75Z.wav,0,2,4,4,0.007933965792553205,0.0007728384691189172,0.40987004360301,0.018691606664967116,0.5627315454703504
asthma_v2_pneumonia_P3Pneumonia96L.wav,0,2,4,4,0.026888553818264615,0.0003022354803344669,0.0009271681332277562,0.00013690122649432818,0.9717451413416788
asthma_v2_pneumonia_P46Pneumonia15W.wav,0,2,4,0,0.5134530391639425,0.007434545215507868,0.008889436569541104,0.03666819821698287,0.43355478083402565
asthma_v2_pneumonia_P46Pneumonia22V.wav,0,2,4,3,0.024806602799122373,0.013541172774632503,0.4621849749976632,0.2076079324724812,0.2918593169561006
asthma_v2_pneumonia_P46Pneumonia49D.wav,0,2,4,4,0.3874691807039085,0.010298358871219668,0.004563193242026763,0.0221137758656028,0.5755554913172427
asthma_v2_pneumonia_P46Pneumonia80D.wav,0,2,4,3,0.005912052599085759,0.005521965103539695,0.4728669076708655,0.45360916466772494,0.06208990995878418
asthma_v2_pneumonia_P46Pneumonia95A.wav,0,2,4,3,0.01958971388117044,0.03251908768026774,0.14566765899304532,0.7315394659754962,0.0706840734700201
asthma_v2_pneumonia_P46Pneumonia99Y.wav,0,2,4,4,0.31818664511246264,0.0036074688602672623,0.1148781535168274,0.06151059810147766,0.501817134408965
asthma_v2_pneumonia_P48Pneumonia31K.wav,0,2,4,3,0.005912052599085759,0.005521965103539695,0.4728669076708655,0.45360916466772494,0.06208990995878418
asthma_v2_pneumonia_P48Pneumonia61T.wav,0,2,4,3,0.024806602799122373,0.013541172774632503,0.4621849749976632,0.2076079324724812,0.2918593169561006
asthma_v2_pneumonia_P48Pneumonia82Z.wav,0,2,4,3,0.01958971388117044,0.03251908768026774,0.14566765899304532,0.7315394659754962,0.0706840734700201
asthma_v2_pneumonia_P8Pneumonia11O.wav,0,2,4,0,0.5882436859016863,0.00276319868887909,0.005946345689806563,0.024831550571131688,0.37821521914849654
asthma_v2_pneumonia_P8Pneumonia14Z.wav,0,2,4,4,0.4512780950596864,0.0023415931318453344,0.009931310660282513,0.044082997476640774,0.4923660036715454
asthma_v2_pneumonia_P8Pneumonia16Z.wav,0,2,4,3,0.017081332244714777,0.050664881126468095,0.04476384888248937,0.3707036922910187,0.5167862454553093
asthma_v2_pneumonia_P8Pneumonia20O.wav,0,2,4,4,0.03507803908519102,0.0014768993520655979,0.022700879826827742,0.0014812667524241355,0.9392629149834915
asthma_v2_pneumonia_P8Pneumonia23N.wav,0,2,4,0,0.5882771262013837,0.0012300777801142729,0.016842997376767335,0.07598174808146871,0.31766805056026615
asthma_v2_pneumonia_P8Pneumonia28V.wav,0,2,4,3,0.008514645040373988,0.007003737959966607,0.021488788471709215,0.8481208945001107,0.11487193402783955
asthma_v2_Bronchial_P15BronchialSc_72.wav,0,3,1,1,0.0038822130736256046,0.9820787721047481,0.009419113484546182,0.0030746111221392368,0.0015452902149409424
asthma_v2_Bronchial_P15BronchialSc_74.wav,0,3,1,1,0.014977423493387411,0.7526402842194204,0.21504233348875632,0.0031024169463049578,0.014237541852130846
asthma_v2_Bronchial_P15BronchialTc_71.wav,0,3,1,1,0.0034902004483873244,0.977374417089996,0.012378377391943583,0.004772438429271064,0.0019845666404019993
asthma_v2_Bronchial_P15BronchialTc_73.wav,0,3,1,1,0.005328853708118844,0.9610216366100726,0.02623480368090305,0.0032040532332863404,0.004210652767619193
asthma_v2_Bronchial_P15BronchialTc_75.wav,0,3,1,1,0.012421554362130818,0.7982741661502488,0.17585379120723377,0.002003351286995269,0.011447136993391465
asthma_v2_Bronchial_P21BronchialSc_102.wav,0,3,1,4,0.0981342649989409,0.019447052258119647,0.025639677342710013,0.040385211790523415,0.8163937936097059
asthma_v2_Bronchial_P21BronchialSc_104.wav,0,3,1,4,0.08441278832161486,0.02353847626593237,0.26706399782298734,0.24051351263850224,0.384471224950963
asthma_v2_Bronchial_P21BronchialTc_101.wav,0,3,1,1,0.007359741774954997,0.9472738315082806,0.03323239817324416,0.0038540463517078216,0.0082799821918128
asthma_v2_Bronchial_P21BronchialTc_103.wav,0,3,1,4,0.08694475864568851,0.01111438871475173,0.1426526886982565,0.08408626450555254,0.6752018994357506
asthma_v2_Bronchial_P5BronchialSc_22.wav,0,3,1,1,0.002623708506228664,0.8652769617343226,0.052099802076105706,0.0745335683805189,0.005465959302824445
asthma_v2_Bronchial_P5BronchialSc_24.wav,0,3,1,1,0.010384300471828142,0.8418505242362312,0.11630712625878485,0.0209652162846106,0.010492832748545337
asthma_v2_Bronchial_P5BronchialTc_21.wav,0,3,1,1,0.0020199448575047695,0.9682200811872976,0.0037844841572624074,0.02147233828499268,0.004503151512942873
asthma_v2_Bronchial_P5BronchialTc_23.wav,0,3,1,1,0.006430401393938213,0.8065953217702321,0.13827113687986836,0.038292866305404676,0.010410273650556412
asthma_v2_Bronchial_P5BronchialTc_25.wav,0,3,1,1,0.03995538022843448,0.6785294508867422,0.22941672163012997,0.021622245152941515,0.030476202101751997
asthma_v2_asthma_P12WheezingIE_57.wav,0,3,0,0,0.8332181201195952,0.014149605905172195,0.05462203860109285,0.005773210420050918,0.09223702495408884
asthma_v2_asthma_P12WheezingIU_58.wav,0,3,0,0,0.8760587620476632,0.019739106263013634,0.011359294199220245,0.004214253083119509,0.08862858440698358
asthma_v2_asthma_P12WheezingRL_59.wav,0,3,0,0,0.9445133605970457,0.012978285039464084,0.012503108460155938,0.0022956249983855552,0.027709620904948478
asthma_v2_asthma_P12WheezingRS_56.wav,0,3,0,0,0.745092279249547,0.01875172094582313,0.08979976504937393,0.006980878791774658,0.13937535596348133
asthma_v2_asthma_P12WheezingRS_60.wav,0,3,0,0,0.9093207654978667,0.05065530649553307,0.004559804380389545,0.0007213977192811249,0.034742725906929714
asthma_v2_asthma_P18WheezingIE_89.wav,0,3,0,0,0.9397035823586631,0.021625232714972055,0.005688247526211703,0.001691678515164762,0.03129125888498824
asthma_v2_asthma_P18WheezingIU_86.wav,0,3,0,0,0.6454733275822147,0.0006945505538643541,0.03549012328849337,0.0004137593543030727,0.3179282392211247
asthma_v2_asthma_P18WheezingIU_90.wav,0,3,0,0,0.960538787731315,0.019108606718240367,0.0035768213565180755,0.0002624386043232546,0.016513345589603295
asthma_v2_asthma_P18WheezingRL_87.wav,0,3,0,3,0.08740416624408671,0.11401389829079223,0.07199738846921488,0.5703364478593907,0.15624809913651577
asthma_v2_asthma_P18WheezingRS_88.wav,0,3,0,0,0.5806129960591321,0.032934625876668074,0.011410258376933964,0.011951032612148537,0.363091087075117
asthma_v2_asthma_P1AsthmaIE_1.wav,0,3,0,0,0.774970087721257,0.004182926479804537,0.03806882665907996,0.027404985059336265,0.15537317408052248
asthma_v2_asthma_P1AsthmaIE_5.wav,0,3,0,0,0.9004329143735098,0.09006821084804661,0.0031285961786229025,0.0005494124085365309,0.005820866191284076
asthma_v2_asthma_P1AsthmaIU_2.wav,0,3,0,0,0.9386113469455121,0.005494948946426127,0.002831319617916391,0.0018497162266524199,0.05121266826349309
asthma_v2_asthma_P1AsthmaRL_3.wav,0,3,0,0,0.4654518011999924,0.0018692514618130324,0.010311446536432739,0.03245448024074782,0.4899130205610142
asthma_v2_asthma_P1AsthmaRS_4.wav,0,3,0,0,0.898284282919955,0.07199275450734531,0.005799236812086837,0.0005680047091155597,0.02335572105149744
asthma_v2_asthma_P25WheezingIE_121.wav,0,3,0,0,0.45648500714729034,0.019206962036730106,0.41075158015485186,0.0023376490734765753,0.11121880158765109
asthma_v2_asthma_P25WheezingIE_125.wav,0,3,0,4,0.3401176046892739,0.03245022393159075,0.006829484734652634,0.10307451884282302,0.5175281678016602
asthma_v2_asthma_P25WheezingIU_122.wav,0,3,0,0,0.635319359697636,0.00473622977084406,0.0110348417674589,0.001983239099729084,0.3469263296643317
asthma_v2_asthma_P25WheezingRL_123.wav,0,3,0,0,0.5870816087718989,0.006045959957156479,0.022229474980529212,0.0020656931781690693,0.3825772631122462
asthma_v2_asthma_P25WheezingRS_124.wav,0,3,0,0,0.7887509695814848,0.008884286709370658,0.015662894506407947,0.01644674484541449,0.17025510435732205
asthma_v2_asthma_P33WheezingIE_161.wav,0,3,0,0,0.7433723135053946,0.00584386456855496,0.015717232272246022,0.011844017396080255,0.22322257225772446
asthma_v2_asthma_P33WheezingIE_165.wav,0,3,0,0,0.42619507183192756,0.3037389389199049,0.06461278322935514,0.018551141529418346,0.1869020644893944
asthma_v2_asthma_P33WheezingIU_162.wav,0,3,0,0,0.7573571746688714,0.023221807964632375,0.07932993433902757,0.0035482603059223982,0.13654282272154605
asthma_v2_asthma_P33WheezingRL_163.wav,0,3,0,0,0.914780584541449,0.006436498182412757,0.029471924605663932,0.0006712338592139753,0.048639758811260626
asthma_v2_asthma_P33WheezingRS_164.wav,0,3,0,0,0.9145804052563451,0.004538885788920255,0.02678726131772941,0.0013563300701044361,0.05273711756690076
asthma_v2_asthma_P3AsthmaIE_13.wav,0,3,0,0,0.9287737376897841,0.013548715803977915,0.006755869623131049,0.0023397812111015845,0.04858189567200554
asthma_v2_asthma_P3AsthmaIU_14.wav,0,3,0,0,0.9516632360841478,0.01360626737822138,0.002578478511762249,0.0012228323247698005,0.030929185701098812
asthma_v2_asthma_P3AsthmaRL_11.wav,0,3,0,0,0.6784982796773092,0.005446491916226233,0.07752729056685045,0.007866282999563415,0.2306616548400507
asthma_v2_asthma_P3AsthmaRL_15.wav,0,3,0,0,0.911573488666256,0.01132880121700843,0.015045534442628008,0.0014645188714787565,0.06058765680262888
asthma_v2_asthma_P3AsthmaRS_12.wav,0,3,0,0,0.7510719511932401,0.007718166269831836,0.08858681697264657,0.0034004492931997646,0.14922261627108196
asthma_v2_asthma_P40WheezingIE_197.wav,0,3,0,0,0.9028845691205338,0.04808402636303918,0.04134004691634923,0.0005293439758219785,0.007162013624255977
asthma_v2_asthma_P40WheezingIU_198.wav,0,3,0,0,0.9042427046494479,0.03600242507682042,0.05383064129681998,0.00037201728678679476,0.0055522116901249785
asthma_v2_asthma_P40WheezingRL_199.wav,0,3,0,0,0.9096736902058552,0.008694982550466083,0.07266975975377889,0.0001903504301097326,0.008771217059790146
asthma_v2_asthma_P40WheezingRS_196.wav,0,3,0,0,0.8309468835532695,0.08725101328616525,0.0668642640573028,0.0016281731099067284,0.013309665993355549
asthma_v2_asthma_P40WheezingRS_200.wav,0,3,0,0,0.4747104135525894,0.037214279752090434,0.47932276521252115,0.0004999487480592064,0.008252592734739835
asthma_v2_asthma_P42WheezingIE_209.wav,0,3,0,0,0.7235264566542404,0.008536958029214777,0.22667368621520215,0.002602797118825312,0.038660101982517486
asthma_v2_asthma_P42WheezingIU_206.wav,0,3,0,2,0.23258274354584946,0.0016230068352679921,0.7573975930529454,0.0035059930063307764,0.004890663559606294
asthma_v2_asthma_P42WheezingIU_210.wav,0,3,0,0,0.7623865980945843,0.010069565652710152,0.19632250658462064,0.007258928226618976,0.02396240144146541
asthma_v2_asthma_P42WheezingRL_207.wav,0,3,0,2,0.20882736026220147,0.0061824912512360155,0.7662734010453564,0.0010636401643358796,0.017653107276870184
asthma_v2_asthma_P42WheezingRS_208.wav,0,3,0,0,0.8850023259103273,0.004507645164500318,0.048659499484255145,0.0027953226131422447,0.05903520682777502
asthma_v2_asthma_P50WheezingIE_249.wav,0,3,0,0,0.93186963707435,0.001647541089051835,0.021002062130525995,0.00047974206645493966,0.04500101763961703
asthma_v2_asthma_P50WheezingIU_246.wav,0,3,0,0,0.8288309645820319,0.0024247064288811914,0.020244119783789247,0.020789219697066454,0.12771098950823154
asthma_v2_asthma_P50WheezingIU_250.wav,0,3,0,0,0.9076084858836861,0.0016237014296955612,0.030652454740878052,0.0016396345201410052,0.05847572342559932
asthma_v2_asthma_P50WheezingRL_247.wav,0,3,0,0,0.9407469213695131,0.006170043200368394,0.01800414083197513,0.0034769249759565727,0.03160196962218651
asthma_v2_asthma_P50WheezingRS_248.wav,0,3,0,0,0.8866673262034276,0.04171918557543986,0.02897606758899417,0.002614850459770336,0.04002257017236829
asthma_v2_asthma_P55WheezingIE_273.wav,0,3,0,4,0.02819207531537474,0.0031206220503356133,0.058099271246677214,0.07638466148834881,0.8342033698992634
asthma_v2_asthma_P55WheezingIU_274.wav,0,3,0,4,0.017484425967210972,0.0023476965492949925,0.001303483401815812,0.10126294297104481,0.8776014511106334
asthma_v2_asthma_P55WheezingRL_271.wav,0,3,0,3,0.3389633749499755,0.14181948736721997,0.042326966092800414,0.22573015890861559,0.2511600126813888
asthma_v2_asthma_P55WheezingRL_275.wav,0,3,0,0,0.5327983673540758,0.05929915967734039,0.04226983782668908,0.02006292787059149,0.3455697072713031
asthma_v2_asthma_P55WheezingRS_272.wav,0,3,0,4,0.07254238991321138,0.012658304894399905,0.022079321389665795,0.04110651237271411,0.851613471430009
asthma_v2_asthma_P56WheezingIE_277.wav,0,3,0,4,0.2879575185165665,0.005082645721543777,0.004717118505113402,0.0007929137790299046,0.7014498034777465
asthma_v2_asthma_P56WheezingIU_278.wav,0,3,0,4,0.3185348907216038,0.015193899664480613,0.002268219092441652,0.0040797944680319555,0.659923196053442
asthma_v2_asthma_P56WheezingRL_279.wav,0,3,0,0,0.44099809545644686,0.12125772532752542,0.27249105486738373,0.026024996022846497,0.13922812832579745
asthma_v2_asthma_P56WheezingRS_276.wav,0,3,0,0,0.5129171635592837,0.03808221867767512,0.1995976434183792,0.04005144816372562,0.20935152618093658
asthma_v2_asthma_P56WheezingRS_280.wav,0,3,0,4,0.21849610879636225,0.004981575254359894,0.008585649380788157,0.13017036005341834,0.6377663065150716
asthma_v2_asthma_P8AsthmaIE_37.wav,0,3,0,0,0.9171050712572615,0.03513808864308109,0.006974004363851643,0.001161023061068098,0.03962181267473787
asthma_v2_asthma_P8AsthmaIU_38.wav,0,3,0,0,0.863021305385669,0.05709177375935582,0.00677451388665828,0.014788792340942505,0.058323614627374225
asthma_v2_asthma_P8AsthmaRL_39.wav,0,3,0,0,0.7809112635056401,0.029454880580006365,0.04750455339302488,0.011611003626079327,0.13051829889524927
asthma_v2_asthma_P8AsthmaRS_36.wav,0,3,0,0,0.924130210042126,0.06431051468003637,0.001080026884206234,0.0005062905518359716,0.00997295784179535
asthma_v2_asthma_P8AsthmaRS_40.wav,0,3,0,0,0.5366719585481272,0.01301499573579737,0.05423510577901317,0.007531127366351569,0.38854681257071033
asthma_v2_asthma_P9AsthmaIE_41.wav,0,3,0,4,0.45017690758577944,0.0048635192565316026,0.007399086686417815,0.003446999560495946,0.5341134869107753
asthma_v2_asthma_P9AsthmaIE_45.wav,0,3,0,0,0.9491829210561333,0.0332368864889887,0.002942551365092738,0.0011999236912498149,0.013437717398535111
asthma_v2_asthma_P9AsthmaIU_42.wav,0,3,0,0,0.48439735627347763,0.010916762780430847,0.003500488639299319,0.003951891389963561,0.49723350091682894
asthma_v2_asthma_P9AsthmaRL_43.wav,0,3,0,0,0.6943838384783589,0.007742152913407592,0.0037381850085212473,0.0028794233990815828,0.29125640020063026
asthma_v2_asthma_P9AsthmaRS_44.wav,0,3,0,0,0.9316277080979574,0.052378913855750824,0.0018850376140304886,0.0004429174642563098,0.013665422968005358
asthma_v2_copd_P11COPDMc_82.wav,0,3,2,0,0.7504842575471065,0.016270162907883513,0.07438457849822569,0.0020578610355613683,0.15680314001122286
asthma_v2_copd_P11COPDMc_84.wav,0,3,2,2,0.14012904700342527,0.008186151241597309,0.844015801473151,0.0040038148603573406,0.0036651854214687493
asthma_v2_copd_P11COPDMc_86.wav,0,3,2,2,0.1262163836854247,0.03704881930349718,0.7689725467871402,0.033206990194027876,0.03455526002991056
asthma_v2_copd_P11COPDMc_88.wav,0,3,2,2,0.015353711735482724,0.001887701722364033,0.9815333075121708,0.0009056306033476858,0.0003196484266351745
asthma_v2_copd_P11COPDPr_81.wav,0,3,2,0,0.833588432743465,0.03913761199441194,0.04452216360567629,0.0011843489657289755,0.08156744269071771
asthma_v2_copd_P11COPDPr_83.wav,0,3,2,2,0.05767121556301346,0.031682606976896906,0.904580633931527,0.0016170241329861814,0.004448519395576406
asthma_v2_copd_P11COPDPr_85.wav,0,3,2,2,0.12877906037170708,0.04760589433363544,0.8090088805228195,0.0021332375571915295,0.012472927214646509
asthma_v2_copd_P11COPDPr_87.wav,0,3,2,2,0.0007378539944441179,0.0026203030756664822,0.9959000300513032,0.0005692472753975154,0.0001725656031885864
asthma_v2_copd_P19COPDMc_146.wav,0,3,2,2,0.038484948359362475,0.14143686928904048,0.7692000956038139,0.002911449693741888,0.047966637054041396
asthma_v2_copd_P19COPDMc_148.wav,0,3,2,2,0.06790295837342876,0.23945176945149996,0.6250527491072145,0.0025078973027065072,0.06508462576515037
asthma_v2_copd_P19COPDMc_150.wav,0,3,2,2,0.09855216151971609,0.015857157247104566,0.6421908510054612,0.0017925148897359152,0.2416073153379822
asthma_v2_copd_P19COPDMc_152.wav,0,3,2,2,0.0015141340166850157,0.0006614224003559492,0.996158249102464,0.00012786595801042092,0.0015383285224847402
asthma_v2_copd_P19COPDPr_145.wav,0,3,2,2,0.00011273167070448947,0.0013429222521669966,0.9980604752549409,8.317556483030268e-05,0.0004006952573572123
asthma_v2_copd_P19COPDPr_147.wav,0,3,2,2,0.0615128896938804,0.12119288831085145,0.690456170002645,0.0025114171280297,0.1243266348645936
asthma_v2_copd_P19COPDPr_149.wav,0,3,2,2,0.08411547655589216,0.03979596252598349,0.8061955165832558,0.0006033549985111847,0.06928968933635707
asthma_v2_copd_P19COPDPr_151.wav,0,3,2,2,0.08672188324274721,0.05570915784811373,0.8116038895664156,0.0014928877772885144,0.044472181565434935
asthma_v2_copd_P21COPDMc_162.wav,0,3,2,2,0.003839085568452581,0.003629760547402276,0.9869641265336574,0.0006033617977673321,0.004963665552720437
asthma_v2_copd_P21COPDMc_164.wav,0,3,2,2,0.1319600747652516,0.21904457411976253,0.5847897172862228,0.00207590218255423,0.06212973164620912
asthma_v2_copd_P21COPDMc_166.wav,0,3,2,2,0.0975764814355163,0.2262373754145254,0.5745899811680175,0.003421073441379798,0.09817508854056074
asthma_v2_copd_P21COPDMc_168.wav,0,3,2,2,0.0004497976793210634,0.00022595112413184261,0.9980148303330998,0.00030348785997118537,0.0010059330034758972
asthma_v2_copd_P21COPDPr_161.wav,0,3,2,2,0.010571659106334085,0.0035977779714168713,0.976941804950593,0.000609513643214149,0.008279244328441855
asthma_v2_copd_P21COPDPr_163.wav,0,3,2,2,0.00474584063193244,0.0019324724694669737,0.9883875629929281,0.0006115007910844934,0.004322623114588054
asthma_v2_copd_P21COPDPr_165.wav,0,3,2,1,0.12951265782973034,0.16126853038292582,0.508091135715905,0.006250346998303458,0.1948773290731352
asthma_v2_copd_P21COPDPr_167.wav,0,3,2,2,0.00035169300907697716,0.000534173950696148,0.998524917454237,0.00020573076245585035,0.0003834848235341329
asthma_v2_copd_P26COPDMc_202.wav,0,3,2,2,6.30226190997558e-07,5.84200196870594e-07,0.9994224635338871,8.08294769279006e-05,0.000495492562797183
asthma_v2_copd_P26COPDMc_204.wav,0,3,2,2,1.3076021717080664e-07,8.593820861287615e-08,0.9996451638374698,6.857183629175539e-05,0.0002860476278128067
asthma_v2_copd_P26COPDMc_206.wav,0,3,2,2,0.01721570261395848,0.03878284407571398,0.9220370270058877,0.0008066113959003971,0.021157814908539723
asthma_v2_copd_P26COPDMc_208.wav,0,3,2,2,0.01412686849656324,0.02326540343282969,0.9375300621895686,0.00108870539296341,0.023988960488075136
asthma_v2_copd_P26COPDPr_201.wav,0,3,2,2,6.525465486373544e-07,6.049638710011987e-07,0.9994798530766806,4.384156934650127e-05,0.0004750478435533739
asthma_v2_copd_P26COPDPr_203.wav,0,3,2,2,4.694450506921535e-08,3.235649009325615e-08,0.9998714696907794,8.3855806492737e-06,0.0001200654275759457
asthma_v2_copd_P26COPDPr_205.wav,0,3,2,2,3.4170380656787083e-07,2.316080802150702e-07,0.9992577431237004,3.989655806286757e-05,0.0007017870063500142
asthma_v2_copd_P26COPDPr_207.wav,0,3,2,2,0.006893132573091149,0.012574979872247255,0.9667041475363738,0.0003755540053429422,0.013452186012945016
asthma_v2_copd_P2COPDMc_10.wav,0,3,2,2,2.991313208683995e-07,1.7802392259031038e-07,0.9998700990816575,7.805063217839193e-06,0.00012161869988122738
asthma_v2_copd_P2COPDMc_12.wav,0,3,2,0,0.44246790212473086,0.006605993446559283,0.5147561131074224,0.006911918794648965,0.029258072526638586
asthma_v2_copd_P2COPDMc_14.wav,0,3,2,2,0.011869086838454451,0.0004245137898133442,0.9866328352265747,0.0005656133809817319,0.0005079507641758318
asthma_v2_copd_P2COPDMc_16.wav,0,3,2,2,0.021788741703947165,0.0008676871078724189,0.9744097500379668,0.0015027270878279386,0.0014310940623854824
asthma_v2_copd_P2COPDPr_11.wav,0,3,2,2,0.015847063450017976,0.002875724055541347,0.9730582323818429,0.005622173841740758,0.0025968062708570995
asthma_v2_copd_P2COPDPr_13.wav,0,3,2,0,0.7105515703126625,0.0031088172570506735,0.20010758058050254,0.005047479984382006,0.08118455186540201
asthma_v2_copd_P2COPDPr_15.wav,0,3,2,2,0.034906812045058806,0.0022481897368982727,0.9610519668016898,0.0006121354056104632,0.0011808960107428318
asthma_v2_copd_P2COPDPr_9.wav,0,3,2,2,0.0006180501882662846,4.5145191960439164e-05,0.9990343593727514,0.00010186365459735257,0.00020058159242437764
asthma_v2_copd_P34COPDMc_266.wav,0,3,2,1,0.005989548202786437,0.42774081444123635,0.5600319185591697,0.00023800654342913153,0.005999712253378654
asthma_v2_copd_P34COPDMc_268.wav,0,3,2,1,0.014203039680813248,0.5824105391857864,0.38601199965439115,0.0010514200900851765,0.016323001388923893
asthma_v2_copd_P34COPDMc_270.wav,0,3,2,2,0.0031708224138263597,0.2136127330438885,0.7746761262977293,0.00014730534164726343,0.008393012902908687
asthma_v2_copd_P34COPDMc_272.wav,0,3,2,2,0.0038699830266199597,0.2439281074323608,0.7409018242216802,0.0001283512382461749,0.011171734081092904
asthma_v2_copd_P34COPDPr_265.wav,0,3,2,1,0.0033618290337724694,0.5527955417386793,0.4384311077369032,0.00011001048164755193,0.005301511008997
asthma_v2_copd_P34COPDPr_267.wav,0,3,2,1,0.015058298018147979,0.44003154659702576,0.5320651520831209,0.0008515499597083699,0.011993453341997175
asthma_v2_copd_P34COPDPr_269.wav,0,3,2,1,0.013281794189841791,0.4004649747596279,0.5606833196061131,0.00293610637364604,0.02263380507077119
asthma_v2_copd_P34COPDPr_271.wav,0,3,2,2,0.005509937328167258,0.2038479552584432,0.770210353408197,0.00024346232925314182,0.020188291675939593
asthma_v2_copd_P35COPDMc_274.wav,0,3,2,2,0.002596139247297215,0.00024191284790147462,0.9875841739232001,0.0006029469563329674,0.00897482702526818
asthma_v2_copd_P35COPDMc_276.wav,0,3,2,2,0.0014356955318330733,0.0010294721462830976,0.9956980249274977,0.0003740048570529855,0.0014628025373329987
asthma_v2_copd_P35COPDMc_278.wav,0,3,2,2,0.0008585689744764019,0.0008816914710684461,0.9968477626867037,0.0006917535281544177,0.0007202233395968486
asthma_v2_copd_P35COPDMc_280.wav,0,3,2,2,4.3958487216421974e-07,3.8204438576696967e-07,0.9999080712174054,3.7896253487137796e-06,8.731752798799079e-05
asthma_v2_copd_P35COPDPr_273.wav,0,3,2,2,0.0034499964444805217,0.00011590457280510275,0.9912830856856892,0.00033532702428724817,0.004815686272738099
asthma_v2_copd_P35COPDPr_275.wav,0,3,2,2,0.0023603114422295172,0.00026737971371055885,0.9950930449852159,0.0005944145697995018,0.0016848492890443113
asthma_v2_copd_P35COPDPr_277.wav,0,3,2,2,0.0030802887114166413,0.002859555261403489,0.9887174324076912,0.002275696304400972,0.0030670273150875914
asthma_v2_copd_P35COPDPr_279.wav,0,3,2,2,0.00042811582148485146,0.0013659546630525822,0.9973128212789191,0.0001709493552796292,0.0007221588812638155
asthma_v2_copd_P3COPDMc_18.wav,0,3,2,0,0.9658449420500981,0.005497417968180585,0.013602924359483964,0.004474142902322205,0.01058057271991499
asthma_v2_copd_P3COPDMc_20.wav,0,3,2,2,0.058788782982632216,0.006329745163568361,0.9325708282647074,0.0006708328266820482,0.0016398107624099156
asthma_v2_copd_P3COPDMc_22.wav,0,3,2,2,0.2410068882260191,0.00485739868111329,0.747141358329616,0.001100706363670386,0.005893648399581283
asthma_v2_copd_P3COPDMc_24.wav,0,3,2,2,0.0001485992123022578,0.0004137275345567294,0.9984056192635085,0.0006540392115399135,0.00037801477809278983
asthma_v2_copd_P3COPDPr_17.wav,0,3,2,0,0.6186765354957137,0.01998333580526458,0.33106339970176846,0.011714004840596195,0.018562724156656923
asthma_v2_copd_P3COPDPr_19.wav,0,3,2,2,0.006946363477967408,0.000704710162143323,0.9919673412410709,0.00013174039566422188,0.0002498447231536735
asthma_v2_copd_P3COPDPr_21.wav,0,3,2,2,0.015876151159792545,0.002251174657794235,0.9806882097947717,0.000555220407587293,0.0006292439800540809
asthma_v2_copd_P3COPDPr_23.wav,0,3,2,2,0.13028487876571387,0.0059048963025380265,0.8594015208884889,0.0013729113325423963,0.003035792710716955
asthma_v2_copd_P43COPDMc_338.wav,0,3,2,2,0.005294455765642814,0.00787477741312341,0.9733196418704191,0.0009842071409326629,0.01252691780988203
asthma_v2_copd_P43COPDMc_340.wav,0,3,2,2,2.9684403751992805e-09,2.629992670680433e-09,0.9999383391482439,6.404301335101442e-08,6.159121030972279e-05
asthma_v2_copd_P43COPDMc_342.wav,0,3,2,2,2.456755988535662e-08,1.806557561465375e-08,0.9999708507384194,1.398738647142518e-07,2.8966754580471285e-05
asthma_v2_copd_P43COPDMc_344.wav,0,3,2,2,7.920898658251843e-08,5.491553076082771e-08,0.9996780051767574,1.6666880854008951e-06,0.00032019401063975654
asthma_v2_copd_P43COPDPr_337.wav,0,3,2,2,0.009824996330064372,0.019229785995360075,0.964251457905889,0.0006716219600054353,0.006022137808681266
asthma_v2_copd_P43COPDPr_339.wav,0,3,2,2,3.535931872654906e-08,2.7004189100139238e-08,0.9998940143065569,1.1980703928033866e-05,9.394262600717877e-05
asthma_v2_copd_P43COPDPr_341.wav,0,3,2,2,1.937770591945664e-08,1.5568559764294432e-08,0.9999837392789613,1.4291470146240498e-07,1.608286007166316e-05
asthma_v2_copd_P43COPDPr_343.wav,0,3,2,2,5.7415264627931644e-09,4.774482889745743e-09,0.999997957783296,2.491803818724594e-07,1.7825203127869748e-06
asthma_v2_copd_P48COPDMc_378.wav,0,3,2,2,0.005887939339950029,0.006787229458554301,0.9830758942205247,0.001357000362726192,0.0028919366182445227
asthma_v2_copd_P48COPDMc_380.wav,0,3,2,2,0.062436711384677504,0.14367395659574597,0.76382127240595,0.006947898359814238,0.023120161253812624
asthma_v2_copd_P48COPDMc_382.wav,0,3,2,2,0.0005385972902772113,0.0012503256587618145,0.9967867710316973,0.000467151386916607,0.0009571546323470593
asthma_v2_copd_P48COPDMc_384.wav,0,3,2,2,0.0005644799385802657,0.0012031913697190593,0.9969517782957187,0.00042431220488683676,0.0008562381910950156
asthma_v2_copd_P48COPDPr_377.wav,0,3,2,2,0.0004719464737354625,0.005233538425865937,0.9912508480467298,0.0020032381563330746,0.0010404288973356992
asthma_v2_copd_P48COPDPr_379.wav,0,3,2,2,0.007879554368311722,0.00714018557109619,0.9813486831415983,0.0007821281212103287,0.00284944879778353
asthma_v2_copd_P48COPDPr_381.wav,0,3,2,2,0.0006112461173006738,0.0009379567162176629,0.997815909351685,0.000302808984434261,0.0003320788303625196
asthma_v2_copd_P48COPDPr_383.wav,0,3,2,2,0.0012011113093874485,0.004103057840775004,0.9911461855958656,0.0010323907838679564,0.002517254470104068
asthma_v2_copd_P9COPDMc_66.wav,0,3,2,2,7.201946140375504e-07,4.357055577430104e-07,0.9999335839385709,5.888468827954475e-07,6.467131437448177e-05
asthma_v2_copd_P9COPDMc_68.wav,0,3,2,2,2.967583465813936e-07,2.726223599213929e-07,0.9998975130856302,2.734326097218847e-06,9.918320756610866e-05
asthma_v2_copd_P9COPDMc_70.wav,0,3,2,2,3.2773637986741125e-08,2.7666735825098007e-08,0.9999970516737269,1.8130462223484772e-07,2.7065812770390772e-06
asthma_v2_copd_P9COPDMc_72.wav,0,3,2,2,0.0004087477178744677,0.00010504141705469876,0.9993712327431931,4.4680459512341615e-05,7.029766236524987e-05
asthma_v2_copd_P9COPDPr_65.wav,0,3,2,2,6.238795642244129e-09,4.1824490162198156e-09,0.9999858646446298,5.4153808165926675e-08,1.4070780317264821e-05
asthma_v2_copd_P9COPDPr_67.wav,0,3,2,2,0.009637648688511276,0.0019218033946875803,0.9806222744053755,0.00044758866174418306,0.007370684849681351
asthma_v2_copd_P9COPDPr_69.wav,0,3,2,2,1.2113799383354422e-07,9.960978002049237e-08,0.9999672575742893,1.1789535210488477e-06,3.134272441579803e-05
asthma_v2_copd_P9COPDPr_71.wav,0,3,2,2,2.689614747865712e-08,2.140132835748469e-08,0.9999965576332377,2.1449559503782905e-07,3.1795736913435286e-06
asthma_v2_healthy_P11Healthy18S.wav,0,3,3,3,0.07766924949859558,0.15789082350554068,0.09385555649487545,0.5632844527767394,0.10729991772424893
asthma_v2_healthy_P11Healthy30S.wav,0,3,3,3,0.05715229015497127,0.33012547341248794,0.20890480040241824,0.36269154373303536,0.04112589229708714
asthma_v2_healthy_P11Healthy38S.wav,0,3,3,3,0.03577799698589974,0.11895587111344033,0.06253759685007688,0.7455102023989846,0.03721833265159855
asthma_v2_healthy_P11Healthy60S.wav,0,3,3,3,0.015156551949190205,0.002223441743552847,0.02338142619109693,0.7317926469321947,0.2274459331839654
asthma_v2_healthy_P11Healthy73S.wav,0,3,3,3,0.02725051851191894,0.2029728674364297,0.07881276803672906,0.6582790467070891,0.03268479930783288
asthma_v2_healthy_P19Healthy47S.wav,0,3,3,3,0.12129993633022235,0.21017346726998354,0.09713597860858741,0.3760251055775808,0.19536551221362608
asthma_v2_healthy_P19Healthy50S.wav,0,3,3,3,0.010681394122066304,0.00876431261452082,0.0011043338243322276,0.961030612918241,0.018419346520839628
asthma_v2_healthy_P19Healthy55S.wav,0,3,3,3,0.0010588184040817043,0.0016626160478808195,0.00030150327906622727,0.9825584465630974,0.014418615705874068
asthma_v2_healthy_P19Healthy62S.wav,0,3,3,3,0.0006473685666664523,0.0023698578738532076,0.0003362507650703484,0.9902995324937492,0.006346990300660807
asthma_v2_healthy_P19Healthy79S.wav,0,3,3,3,0.001299432052823604,0.00048308715704767824,0.00020232447038165348,0.9781543244841222,0.019860831835624676
asthma_v2_healthy_P25Healthy20S.wav,0,3,3,3,0.02065049884297938,0.0031352737323635227,0.002916967447079551,0.5020798889914645,0.4712173709861129
asthma_v2_healthy_P25Healthy42S.wav,0,3,3,3,0.0567618307039311,0.05788922156660031,0.0288246607305504,0.5015220879368154,0.355002199062103
asthma_v2_healthy_P25Healthy72S.wav,0,3,3,3,0.09198798223942142,0.0502539607537004,0.06772301600241833,0.3570120259368925,0.43302301506756724
asthma_v2_healthy_P25Healthy88S.wav,0,3,3,3,0.010098881804412145,0.016357786812202776,0.013337417659583132,0.7413118044520102,0.21889410927179176
asthma_v2_healthy_P25Healthy97S.wav,0,3,3,3,0.1559493027535444,0.17456610640861633,0.020114153278216453,0.6004806566887823,0.048889780870840706
asthma_v2_healthy_P26Healthy22S.wav,0,3,3,3,0.029720154058974796,0.014603536810135712,0.011301267265983137,0.7621921105189248,0.18218293134598185
asthma_v2_healthy_P26Healthy32S.wav,0,3,3,4,0.06343103502618418,0.010026305362669994,0.12752123522391604,0.03251071948530221,0.7665107049019274
asthma_v2_healthy_P26Healthy46S.wav,0,3,3,4,0.22372863359084513,0.012671752014751297,0.034772561294387994,0.09625303541704067,0.632574017682975
asthma_v2_healthy_P26Healthy48S.wav,0,3,3,3,0.28835479756666005,0.179116693742012,0.03229818895456127,0.2394125519489614,0.26081776778780524
asthma_v2_healthy_P26Healthy76S.wav,0,3,3,3,0.0412164083334447,0.013869560006445196,0.03306586177056286,0.5085417209109672,0.40330644897857976
asthma_v2_healthy_P27Healthy30S.wav,0,3,3,3,0.0039522448633946446,0.03483541742430548,0.005049273690414977,0.9364192279488219,0.01974383607306341
asthma_v2_healthy_P27Healthy73S.wav,0,3,3,3,0.003130671988545742,0.02354731000409087,0.002783402476124884,0.9461057230939943,0.024432892437243912
asthma_v2_healthy_P27Healthy92S.wav,0,3,3,3,0.002753926140014085,0.01729301507523662,0.0009702503990952764,0.9467741189160803,0.03220868946957377
asthma_v2_healthy_P9Healthy22S.wav,0,3,3,3,0.004425516629909597,0.0029540012642970603,0.00233543102772375,0.9846402990532656,0.00564475202480385
asthma_v2_healthy_P9Healthy29S.wav,0,3,3,3,0.1904918629247532,0.023614917748622635,0.0026268723816222565,0.2659393138087836,0.5173270331362182
asthma_v2_healthy_P9Healthy31S.wav,0,3,3,3,0.40261262712580076,0.013361153520050875,0.0008018274424080627,0.21038264505364399,0.37284174685809623
asthma_v2_healthy_P9Healthy61S.wav,0,3,3,3,0.1840339999857477,0.03088768534275208,0.0018433838352903103,0.2879251559509953,0.49530977488521444
asthma_v2_healthy_P9Healthy79S.wav,0,3,3,3,0.03442293323322477,0.004868843725818029,0.003603089228431031,0.680231831374137,0.27687330243838937
asthma_v2_pneumonia_P21Pneumonia12C.wav,0,3,4,2,0.16929164426689478,0.11262267005628208,0.20158369012579724,0.055888613314968576,0.46061338223605713
asthma_v2_pneumonia_P21Pneumonia24G.wav,0,3,4,0,0.17271536894525247,0.19785491206963213,0.14788252113517533,0.19306999885030834,0.28847719899963153
asthma_v2_pneumonia_P21Pneumonia56M.wav,0,3,4,4,0.01211422062490089,0.0003988914609296385,8.886099694189312e-05,0.0017932884130403355,0.9856047385041874
asthma_v2_pneumonia_P21Pneumonia69Q.wav,0,3,4,4,0.03471275166972093,0.0012911641254130053,0.0005168788064471949,0.0024480916123904672,0.9610311137860283
asthma_v2_pneumonia_P21Pneumonia78P.wav,0,3,4,4,0.054039238165121815,0.0007854758845868193,0.0004219794164665234,0.00043908207758475165,0.94431422445624
asthma_v2_pneumonia_P21Pneumonia95A.wav,0,3,4,0,0.18707378367126298,0.15270425808226756,0.15824714146801705,0.22010864522008866,0.28186617155836363
asthma_v2_pneumonia_P22Pneumonia27A.wav,0,3,4,4,0.3754710764834699,0.020090777128204444,0.12371107045053008,0.024639585114958413,0.45608749082283734
asthma_v2_pneumonia_P22Pneumonia29K.wav,0,3,4,4,0.2111670066013002,0.0017929591178568495,0.0009080197907382929,0.0009199783747962878,0.7852120361153083
asthma_v2_pneumonia_P22Pneumonia29M.wav,0,3,4,4,0.2637073611475664,0.008494701682293514,0.10493680433597151,0.038877704394081565,0.5839834284400871
asthma_v2_pneumonia_P22Pneumonia47V.wav,0,3,4,4,0.026005141424097364,0.0006684934302047773,0.00012727329660506607,0.001901774042907972,0.9712973178061848
asthma_v2_pneumonia_P22Pneumonia51X.wav,0,3,4,4,0.07716663714572722,0.0026738470522321887,0.05759391865646194,0.0020593999003319418,0.8605061972452468
asthma_v2_pneumonia_P22Pneumonia55C.wav,0,3,4,4,0.21467286326168505,0.017500696486953203,0.11692484581342465,0.04048732479008417,0.6104142696478532
asthma_v2_pneumonia_P24Pneumonia21G.wav,0,3,4,3,0.05292743834646958,0.17695603754125805,0.08317440939704628,0.4952171674001912,0.1917249473150348
asthma_v2_pneumonia_P24Pneumonia54A.wav,0,3,4,4,0.0676673681859917,0.0017828810621767705,0.003226256212855475,0.0007786889425735958,0.9265448055964023
asthma_v2_pneumonia_P24Pneumonia67G.wav,0,3,4,4,0.04773532743823242,0.003687155832828002,0.04031175835683181,0.0033042539806482675,0.9049615043914594
asthma_v2_pneumonia_P24Pneumonia67Z.wav,0,3,4,4,0.1683450734738682,0.01013143957357383,0.0006911414608317311,0.019855883462591883,0.8009764620291344
asthma_v2_pneumonia_P24Pneumonia91X.wav,0,3,4,4,0.15658440110270327,0.017033401870197206,0.07477242474420509,0.010958076247173666,0.7406516960357212
asthma_v2_pneumonia_P24Pneumonia95T.wav,0,3,4,3,0.04605781852844942,0.33425362321183294,0.04907114599207916,0.46958465226048507,0.10103276000715349
asthma_v2_pneumonia_P2Pneumonia11Q.wav,0,3,4,4,0.1245914494832765,0.0020197572771688947,0.0032049652121916806,0.0005531780927881027,0.869630649934575
asthma_v2_pneumonia_P2Pneumonia28R.wav,0,3,4,4,0.008839746573675896,0.001209947575378794,0.00013298349013801797,0.0024469575342521066,0.9873703648265552
asthma_v2_pneumonia_P2Pneumonia36Z.wav,0,3,4,4,0.014699248513702764,0.002934022632697695,0.0006777374070283606,0.002101827236842951,0.9795871642097285
asthma_v2_pneumonia_P2Pneumonia70H.wav,0,3,4,4,0.021875515799866078,0.0009385999708282903,0.0014170272115959525,0.0017793848777115284,0.9739894721399983
asthma_v2_pneumonia_P2Pneumonia82A.wav,0,3,4,4,0.02313806523626131,0.0027425567738978977,0.00015738156299143573,0.005348124670496613,0.9686138717563529
asthma_v2_pneumonia_P2Pneumonia93N.wav,0,3,4,4,0.011919958032551801,0.0013350234251990369,0.0004881419729275749,0.005446904789131274,0.9808099717801906
asthma_v2_pneumonia_P30Pneumonia10C.wav,0,3,4,4,0.02397819555419082,0.0005932815610268016,0.00025318064459434067,0.001639694767029366,0.9735356474731586
asthma_v2_pneumonia_P30Pneumonia15J.wav,0,3,4,4,0.03669704367876001,0.0006858999089322782,0.0005499325530406287,0.0002801461854852204,0.9617869776737819
asthma_v2_pneumonia_P30Pneumonia30W.wav,0,3,4,4,0.015160341479507946,0.002369798052673831,0.0003423877066730748,0.009247828149660776,0.9728796446114842
asthma_v2_pneumonia_P30Pneumonia52T.wav,0,3,4,4,0.02980236282367053,0.003415037520149079,0.0008323673258477477,0.006944291195386833,0.9590059411349457
asthma_v2_pneumonia_P30Pneumonia70X.wav,0,3,4,4,0.030211907709822627,0.016956152955333786,0.001478621756066367,0.022589636678267074,0.9287636809005103
asthma_v2_pneumonia_P30Pneumonia85D.wav,0,3,4,4,0.0337599733867524,0.0014911608344955367,0.0007047702975456251,0.0038694030321341486,0.9601746924490723
asthma_v2_pneumonia_P36Pneumonia56V.wav,0,3,4,0,0.9395951992393536,0.021992122909963448,0.002492270943383558,0.001637118589714629,0.034283288317584516
asthma_v2_pneumonia_P36Pneumonia57U.wav,0,3,4,0,0.904594192943958,0.04512958333773591,0.002594106467430266,0.002618516108777171,0.04506360114209853
asthma_v2_pneumonia_P36Pneumonia79Z.wav,0,3,4,4,0.039208231949479755,0.0031475378147631525,0.0014993667525038479,0.010677923161225759,0.9454669403220275
asthma_v2_pneumonia_P36Pneumonia83N.wav,0,3,4,4,0.011872227277728563,0.0008757377526958601,0.0004987275216138537,0.0021422049354047467,0.9846111025125571
asthma_v2_pneumonia_P36Pneumonia85U.wav,0,3,4,4,0.011222771356635528,0.0010975855112424083,0.0013240634310073447,0.0005930934498598785,0.9857624862512548
asthma_v2_pneumonia_P36Pneumonia86S.wav,0,3,4,0,0.9155082623932937,0.04428455265075286,0.0021833038085356925,0.005190185438578607,0.032833695708839025
asthma_v2_pneumonia_P42Pneumonia27A.wav,0,3,4,0,0.9131071790345844,0.003931427776064279,0.01430163248136676,0.0013727640894338718,0.06728699661855037
asthma_v2_pneumonia_P42Pneumonia46D.wav,0,3,4,0,0.7404497028534003,0.011719781341834684,0.02367800593286922,0.0036105644796796386,0.2205419453922163
asthma_v2_pneumonia_P42Pneumonia47W.wav,0,3,4,0,0.8491576798823984,0.06735001229038844,0.015961732700047446,0.004232905627943872,0.06329766949922201
asthma_v2_pneumonia_P42Pneumonia63L.wav,0,3,4,0,0.8246967157150519,0.0007302829831581382,0.015890615974061037,0.0005643037269093684,0.15811808160081914
asthma_v2_pneumonia_P42Pneumonia67F.wav,0,3,4,0,0.8303161582200667,0.023937382730103478,0.045303178479625075,0.006526951627855165,0.09391632894234968
asthma_v2_pneumonia_P42Pneumonia69S.wav,0,3,4,0,0.8176314936107706,0.0019498461954290407,0.018305598743829483,0.002790141223128111,0.15932292022684302
asthma_v2_pneumonia_P4Pneumonia17R.wav,0,3,4,4,0.014167985893758391,0.0015393941184285236,0.2753264056968298,0.04392678898561404,0.665039425305369
asthma_v2_pneumonia_P4Pneumonia27H.wav,0,3,4,4,0.03412483426506218,0.0035924866895227945,0.03726970356803429,0.019877817815973694,0.9051351576614072
asthma_v2_pneumonia_P4Pneumonia39Q.wav,0,3,4,4,0.033028658864634235,0.00801035365120465,0.14922579462819896,0.016869581814840842,0.7928656110411214
asthma_v2_pneumonia_P4Pneumonia55U.wav,0,3,4,4,0.02816239651766728,0.004477586370054249,0.033209377630666864,0.026668566501892355,0.9074820729797192
asthma_v2_pneumonia_P4Pneumonia67J.wav,0,3,4,4,0.05151151425327272,0.003814016958056696,0.032121365188935366,0.008961980422343314,0.9035911231773921
asthma_v2_pneumonia_P4Pneumonia78E.wav,0,3,4,4,0.06347717708343086,0.007297293914014006,0.030821325608369893,0.004881023653470508,0.8935231797407147
asthma_v2_Bronchial_P13BronchialSc_62.wav,0,4,1,0,0.9314482330558026,0.014868671210236061,0.00083755327070042,0.01467539549303028,0.038170146970230565
asthma_v2_Bronchial_P13BronchialSc_64.wav,0,4,1,0,0.8891064674340922,0.027107130011951582,0.001779148824943776,0.037011863974715134,0.04499538975429745
asthma_v2_Bronchial_P13BronchialTc_61.wav,0,4,1,0,0.916948628611535,0.034551714596601814,0.0011228427199133245,0.01765692546828526,0.029719888603665166
asthma_v2_Bronchial_P13BronchialTc_63.wav,0,4,1,0,0.5240139237531959,0.13143077813964854,0.09712293238892589,0.017599385346033516,0.22983298037219665
asthma_v2_Bronchial_P13BronchialTc_65.wav,0,4,1,0,0.7362701181297002,0.13450840581807375,0.07866049705539825,0.0026243627789015946,0.04793661621792608
asthma_v2_Bronchial_P17BronchialSc_82.wav,0,4,1,1,0.013536078545056217,0.8597404428069716,0.11894016474985915,0.002797947123108372,0.004985366775004743
asthma_v2_Bronchial_P17BronchialSc_84.wav,0,4,1,1,0.005680794235444275,0.9804024617478766,0.009211825591638419,0.002816775711894166,0.0018881427131463248
asthma_v2_Bronchial_P17BronchialTc_81.wav,0,4,1,1,0.028312643180780094,0.9011466335371325,0.04304275580273826,0.009406345064483212,0.018091622414866473
asthma_v2_Bronchial_P17BronchialTc_83.wav,0,4,1,1,0.017751624392668947,0.8982900172831271,0.07381044811127178,0.0035485360945249262,0.006599374118407164
asthma_v2_Bronchial_P17BronchialTc_85.wav,0,4,1,1,0.0015136222891736488,0.9318390723876931,0.05851747031771596,0.006616521157466532,0.0015133138479505232
asthma_v2_Bronchial_P2BronchialSc_10.wav,0,4,1,1,0.03066792933998848,0.8975789089493191,0.03277029700596589,0.025557871561740938,0.013424993142985422
asthma_v2_Bronchial_P2BronchialSc_6.wav,0,4,1,1,0.029893975155230786,0.9249428102811967,0.032999588800337314,0.004523801206149206,0.007639824557086221
asthma_v2_Bronchial_P2BronchialSc_8.wav,0,4,1,1,0.024724434721005523,0.9219412104606458,0.0035728547823929845,0.030815788653889373,0.018945711382066133
asthma_v2_Bronchial_P2BronchialTc_7.wav,0,4,1,1,0.12167427301543807,0.6825397275496701,0.06154215540182745,0.07740307906362535,0.05684076496943907
asthma_v2_Bronchial_P2BronchialTc_9.wav,0,4,1,1,0.035327480822330504,0.867146650959302,0.00601270457779845,0.05247552478411959,0.039037638856449584
asthma_v2_asthma_P10AsthmaIE_49.wav,0,4,0,0,0.8183128976671449,0.016106045253707867,0.02087857331124443,0.00484442786567834,0.1398580559022247
asthma_v2_asthma_P10AsthmaIU_46.wav,0,4,0,0,0.9239374701597713,0.04195098341750097,0.00443009370406387,0.001323537818626521,0.028357914900037248
asthma_v2_asthma_P10AsthmaIU_50.wav,0,4,0,0,0.8614634590737601,0.1072936620261619,0.00691554648193442,0.00140533336126315,0.02292199905688041
asthma_v2_asthma_P10AsthmaRL_47.wav,0,4,0,0,0.8947285191769747,0.011270399123795837,0.011536599835916162,0.0014052412473571747,0.08105924061595626
asthma_v2_asthma_P10AsthmaRS_48.wav,0,4,0,0,0.8610059351479645,0.05025913637243272,0.012437155430946655,0.001082669008536901,0.07521510404011932
asthma_v2_asthma_P11WheezingIE_53.wav,0,4,0,0,0.7994107555814597,0.1426172679098859,0.008060492948714453,0.004101231411844873,0.04581025214809499
asthma_v2_asthma_P11WheezingIU_54.wav,0,4,0,0,0.7920769516126246,0.10346495244150129,0.004913754249926692,0.019818157887376484,0.07972618380857067
asthma_v2_asthma_P11WheezingRL_51.wav,0,4,0,0,0.8886042433046583,0.09323996594099683,0.00323171410703698,0.0011294463798615431,0.013794630267446295
asthma_v2_asthma_P11WheezingRL_55.wav,0,4,0,0,0.6662326234419244,0.23585202597546523,0.035851234559319586,0.028273654991356645,0.03379046103193446
asthma_v2_asthma_P11WheezingRS_52.wav,0,4,0,0,0.6646080006099331,0.2908848881286157,0.011287425600901447,0.014945603504829938,0.0182740821557196
asthma_v2_asthma_P16WheezingIE_77.wav,0,4,0,4,0.3509042466324179,0.00698998904262046,0.011041421761915273,0.04207709951695467,0.5889872430460917
asthma_v2_asthma_P16WheezingIU_78.wav,0,4,0,0,0.7035450607271293,0.008602166207899201,0.04647362815108908,0.005559530441908423,0.23581961447197394
asthma_v2_asthma_P16WheezingRL_79.wav,0,4,0,0,0.6329025476379206,0.0018970203654667364,0.01590199025487662,0.023776932015574924,0.32552150972616106
asthma_v2_asthma_P16WheezingRS_76.wav,0,4,0,4,0.3876194954420795,0.0027052992727343993,0.0024747509126372856,0.07031783371095832,0.5368826206615905
asthma_v2_asthma_P16WheezingRS_80.wav,0,4,0,0,0.9074775269845267,0.04252342563423672,0.007830977797481896,0.0012358838386352428,0.04093218574511928
asthma_v2_asthma_P20WheezingIE_97.wav,0,4,0,0,0.30608728712570527,0.0858219473671054,0.4289786270994439,0.022385728194686212,0.1567264102130593
asthma_v2_asthma_P20WheezingIU_98.wav,0,4,0,3,0.5308627180233397,0.016235792240483386,0.009106593432063674,0.3268063830010881,0.1169885133030248
asthma_v2_asthma_P20WheezingRL_99.wav,0,4,0,0,0.9068369202177365,0.023638117223736304,0.003686894978925839,0.018963766710122613,0.046874300869478906
asthma_v2_asthma_P20WheezingRS_100.wav,0,4,0,3,0.5092274829681862,0.0496676582182744,0.006077610421380943,0.2964632632744691,0.13856398511768933
asthma_v2_asthma_P20WheezingRS_96.wav,0,4,0,0,0.9580113347419128,0.003587933957041566,0.0017547773926730778,0.0013819736859392714,0.035263980222433156
asthma_v2_asthma_P23WheezingIE_113.wav,0,4,0,0,0.9407495679308965,0.002519716150546968,0.008854122333283442,0.00038488739371522296,0.04749170619155839
asthma_v2_asthma_P23WheezingIU_114.wav,0,4,0,0,0.8836651920787544,0.008167193665948355,0.05730431493632135,0.0003426431969930288,0.050520656121982956
asthma_v2_asthma_P23WheezingRL_111.wav,0,4,0,0,0.9713247727485194,0.0028928803283269342,0.0037343872486045255,0.0004599325625359551,0.021588027112013734
asthma_v2_asthma_P23WheezingRL_115.wav,0,4,0,0,0.8252712165890483,0.009932054820125751,0.017673351703416173,0.02319339181241966,0.12392998507498994
asthma_v2_asthma_P23WheezingRS_112.wav,0,4,0,0,0.9669062021143944,0.002164248170738766,0.002609155343108763,0.00043667875773556854,0.027883715614022645
asthma_v2_asthma_P29WheezingIE_141.wav,0,4,0,0,0.726538764126846,0.005837818668476139,0.0036623792691630073,0.0026660858073639334,0.26129495212815096
asthma_v2_asthma_P29WheezingIE_145.wav,0,4,0,0,0.6401287821101052,0.003021090870510345,0.06326997316750621,0.00040110451626471967,0.2931790493356138
asthma_v2_asthma_P29WheezingIU_142.wav,0,4,0,0,0.26521820199485,0.2441560993289172,0.1889596302129099,0.05478620713519391,0.24687986132812909
asthma_v2_asthma_P29WheezingRL_143.wav,0,4,0,0,0.4621329566286919,0.014842495508996831,0.09961800054652921,0.003215414484638188,0.42019113283114395
asthma_v2_asthma_P29WheezingRS_144.wav,0,4,0,4,0.3465951445236704,0.001734011904064369,0.020425362807315967,0.00025204591114254146,0.6309934348538064
asthma_v2_asthma_P38WheezingIE_189.wav,0,4,0,0,0.7695090182786197,0.010373102858666628,0.2040241479189715,0.0012756900577516018,0.014818040885990683
asthma_v2_asthma_P38WheezingIU_186.wav,0,4,0,0,0.8204109688984619,0.00926531399733599,0.13462809486332264,0.002178509180210151,0.033517113060669235
asthma_v2_asthma_P38WheezingIU_190.wav,0,4,0,0,0.7877568619757949,0.01461864261406319,0.15192759847866022,0.009484549609748153,0.036212347321733715
asthma_v2_asthma_P38WheezingRL_187.wav,0,4,0,0,0.7210022766613132,0.027926738961031098,0.09284594869455985,0.013763918735389511,0.14446111694770597
asthma_v2_asthma_P38WheezingRS_188.wav,0,4,0,0,0.4140536012203811,0.024936248539965473,0.5246246617887163,0.005297817965598412,0.031087670485339093
asthma_v2_asthma_P41WheezingIE_201.wav,0,4,0,0,0.8982225476806668,0.008819917665820846,0.05946656461560011,0.0026877546179868202,0.030803215419925586
asthma_v2_asthma_P41WheezingIE_205.wav,0,4,0,0,0.8881139830221034,0.01814943260166227,0.026485131012007,0.0015939778231350585,0.06565747554109204
asthma_v2_asthma_P41WheezingIU_202.wav,0,4,0,0,0.9448470270273363,0.0011061147982372177,0.0211496553015291,0.0005194273724319789,0.03237777550046571
asthma_v2_asthma_P41WheezingRL_203.wav,0,4,0,2,0.11419123961102513,0.0005628402126299434,0.8830617240423485,9.174915421418121e-05,0.0020924469797822367
asthma_v2_asthma_P41WheezingRS_204.wav,0,4,0,0,0.803083859691969,0.01268642288633591,0.05838349076231217,0.000972161459640616,0.12487406519974226
asthma_v2_asthma_P47WheezingIE_233.wav,0,4,0,0,0.708003555471716,0.003103448003863141,0.23044755337752332,0.0012347725843218954,0.05721067056257549
asthma_v2_asthma_P47WheezingIU_234.wav,0,4,0,0,0.8170391678383934,0.0066163814919997285,0.14117975770328128,0.0010199225742447578,0.03414477039208089
asthma_v2_asthma_P47WheezingRL_231.wav,0,4,0,2,0.16442306951939437,0.07143520435800253,0.6124023437529076,0.004934012210332562,0.14680537015936287
asthma_v2_asthma_P47WheezingRL_235.wav,0,4,0,0,0.8285497129017242,0.006187666371087813,0.09233208961464713,0.00343439949019589,0.06949613162234496
asthma_v2_asthma_P47WheezingRS_232.wav,0,4,0,0,0.9087999778458968,0.0022209734906848562,0.055295640183550265,0.0007130177645825659,0.03297039071528565
asthma_v2_asthma_P4AsthmaIE_17.wav,0,4,0,0,0.8546675240614304,0.0693616210644851,0.006959018489950832,0.0017037471932024168,0.06730808919093116
asthma_v2_asthma_P4AsthmaIU_18.wav,0,4,0,0,0.8945588640840646,0.08300522777467095,0.003663139917924332,0.0006756837700449105,0.018097084453295553
asthma_v2_asthma_P4AsthmaRL_19.wav,0,4,0,0,0.9300566325284603,0.048829880379875026,0.0028235746412168827,0.0006824994568323336,0.017607412993615745
asthma_v2_asthma_P4AsthmaRS_16.wav,0,4,0,0,0.8725833931726131,0.07642571347251251,0.004666006133080518,0.0008999125129492085,0.045424974708844414
asthma_v2_asthma_P4AsthmaRS_20.wav,0,4,0,0,0.8506654930337396,0.06327368642218646,0.009229330018632685,0.003277628518508997,0.07355386200693215
asthma_v2_asthma_P53WheezingIE_261.wav,0,4,0,0,0.7532170168643182,0.12882977336155776,0.03200936226240436,0.004744632036973995,0.0811992154747458
asthma_v2_asthma_P53WheezingIE_265.wav,0,4,0,0,0.33038006301092815,0.23817221267386698,0.3286351851529245,0.02774391341662025,0.07506862574566014
asthma_v2_asthma_P53WheezingIU_262.wav,0,4,0,0,0.929496249769998,0.0364572850403697,0.005855615851281748,0.0007110906500900717,0.027479758688260535
asthma_v2_asthma_P53WheezingRL_263.wav,0,4,0,4,0.09972075094385723,0.06958481707290558,0.24708660654638115,0.047310855380419764,0.536296970056436
asthma_v2_asthma_P53WheezingRS_264.wav,0,4,0,1,0.2479609602143334,0.4488800766843167,0.1993029060669732,0.04275379733263486,0.061102259701741934
asthma_v2_asthma_P6AsthmaIE_29.wav,0,4,0,0,0.8768796222764197,0.05251475366428892,0.017877894903411996,0.0015015866257911041,0.051226142530088586
asthma_v2_asthma_P6AsthmaIU_26.wav,0,4,0,0,0.761629021956759,0.0742143749189282,0.0449883001301228,0.013325344651724084,0.105842958342466
asthma_v2_asthma_P6AsthmaIU_30.wav,0,4,0,0,0.924274029145033,0.034989895283752265,0.007677674248206686,0.0010113020555212117,0.03204709926748712
asthma_v2_asthma_P6AsthmaRL_27.wav,0,4,0,0,0.6258665202528848,0.014672016753308259,0.04702457045039968,0.017189816018760226,0.2952470765246475
asthma_v2_asthma_P6AsthmaRS_28.wav,0,4,0,0,0.507565859611073,0.008474327847644252,0.009827794587946642,0.0038838741364428876,0.47024814381689295
asthma_v2_asthma_P7AsthmaIE_33.wav,0,4,0,0,0.9223455195629783,0.028331102085050536,0.008318964525437938,0.0015470493523424892,0.03945736447419062
asthma_v2_asthma_P7AsthmaIU_34.wav,0,4,0,0,0.9154825729323406,0.029679648875887407,0.005881637363483428,0.0013460492310149485,0.04761009159727383
asthma_v2_asthma_P7AsthmaRL_31.wav,0,4,0,4,0.3883630048223494,0.005770580105246026,0.0031243244753934615,0.02073309411053894,0.582008996486472
asthma_v2_asthma_P7AsthmaRL_35.wav,0,4,0,0,0.9152434608274603,0.01868505753079423,0.0019694338582253467,0.0019455436391380037,0.06215650414438245
asthma_v2_asthma_P7AsthmaRS_32.wav,0,4,0,4,0.1106428160776336,0.0025982697889918686,0.004157237711949066,0.011083820466402362,0.8715178559550231
asthma_v2_copd_P14COPDMc_106.wav,0,4,2,2,0.005160528538644301,0.009803390749734013,0.9106500326419892,0.005276757935328986,0.06910929013430343
asthma_v2_copd_P14COPDMc_108.wav,0,4,2,2,0.05515046194707397,0.008425945196038,0.9291800285172284,0.000905144713285284,0.006338419626374386
asthma_v2_copd_P14COPDMc_110.wav,0,4,2,2,0.05598574914278096,0.026879669138480763,0.7808811924149568,0.0017622230056272528,0.13449116629815458
asthma_v2_copd_P14COPDMc_112.wav,0,4,2,0,0.5583152129300608,0.021158919510265852,0.4039827486881633,0.004311750471150511,0.012231368400359441
asthma_v2_copd_P14COPDPr_105.wav,0,4,2,2,0.0007640115296028321,0.001408930448068515,0.9933134803729615,0.00016285884823200858,0.004350718801134835
asthma_v2_copd_P14COPDPr_107.wav,0,4,2,2,0.04583586384740491,0.005510105750505716,0.9346480753071897,0.00015859420243550265,0.013847360892464378
asthma_v2_copd_P14COPDPr_109.wav,0,4,2,2,0.012406256519023088,0.013923296068505467,0.9484693048171533,0.0005301741301303959,0.024670968465187782
asthma_v2_copd_P14COPDPr_111.wav,0,4,2,4,0.2666413605189166,0.01761045707001773,0.33820140535146315,0.0023412069073333918,0.3752055701522691
asthma_v2_copd_P16COPDMc_122.wav,0,4,2,2,2.1681882165807795e-08,1.722564936635962e-08,0.9999838970057247,1.5608468996103606e-07,1.5908002053683755e-05
asthma_v2_copd_P16COPDMc_124.wav,0,4,2,2,2.236228639226857e-09,1.6499839038104103e-09,0.9999914352329091,4.8614333377902325e-08,8.512266545048446e-06
asthma_v2_copd_P16COPDMc_126.wav,0,4,2,2,3.3492823057503837e-08,2.683190382589018e-08,0.9999398588880128,2.0148184910112108e-07,5.98793054112651e-05
asthma_v2_copd_P16COPDMc_128.wav,0,4,2,2,0.00022570697057768994,0.0004940778227858907,0.9989648539158142,5.90543183981957e-05,0.0002563069724239549
asthma_v2_copd_P16COPDPr_121.wav,0,4,2,2,6.079452756236076e-09,4.656084967285885e-09,0.9999836307197479,1.1351844675722534e-07,1.6245026267601048e-05
asthma_v2_copd_P16COPDPr_123.wav,0,4,2,2,1.7796317758803893e-09,1.4311089540260528e-09,0.9999757889838019,4.7705262192813485e-08,2.416010019521334e-05
asthma_v2_copd_P16COPDPr_125.wav,0,4,2,2,4.589086548589637e-09,3.5651199227802982e-09,0.9999959959610215,4.635673877236348e-08,3.949528033103353e-06
asthma_v2_copd_P16COPDPr_127.wav,0,4,2,2,1.2710961480727912e-08,1.2322291293907743e-08,0.9999971606616858,4.775323832573244e-08,2.7665518229387982e-06
asthma_v2_copd_P1COPDMc_2.wav,0,4,2,0,0.6318755323059141,0.01182294410819803,0.1283305803114036,0.04088914228803032,0.18708180098645405
asthma_v2_copd_P1COPDMc_4.wav,0,4,2,2,0.022623275440431096,0.002067838851832244,0.8155254652576204,0.0028000010193539016,0.15698341943076247
asthma_v2_copd_P1COPDMc_6.wav,0,4,2,2,0.003015209556414925,0.0008581886572558942,0.8806873190859508,0.004615126141010133,0.11082415655936835
asthma_v2_copd_P1COPDMc_8.wav,0,4,2,2,4.5543686637080526e-07,3.30802864083157e-07,0.9998361986384408,9.234438141469549e-06,0.00015378068368730467
asthma_v2_copd_P1COPDPr_1.wav,0,4,2,0,0.9163059439998895,0.012324258594147153,0.04462404545276547,0.002806905536588207,0.02393884641660965
asthma_v2_copd_P1COPDPr_3.wav,0,4,2,2,0.012774550854834563,0.001135870727155702,0.9811555921708652,0.00025914322472627197,0.004674843022418046
asthma_v2_copd_P1COPDPr_5.wav,0,4,2,2,0.0006240823415569371,0.0008227909418990558,0.9921568238829531,0.0007198952039491677,0.005676407629641674
asthma_v2_copd_P1COPDPr_7.wav,0,4,2,2,0.0013199480159409784,0.0018496625336812257,0.9757196901893846,0.0016334165612355508,0.019477282699757674
asthma_v2_copd_P22COPDMc_170.wav,0,4,2,2,0.004202620427806778,0.000717297955295765,0.9800972172771806,0.001115816508839642,0.013867047830877447
asthma_v2_copd_P22COPDMc_172.wav,0,4,2,2,0.0005464640527379865,0.0004566533067962236,0.9932368981353947,0.0010378304852805059,0.004722154019790526
asthma_v2_copd_P22COPDMc_174.wav,0,4,2,2,0.007931971737918828,0.0009009690624929604,0.9449057760575288,0.012554518109769422,0.03370676503228989
asthma_v2_copd_P22COPDMc_176.wav,0,4,2,2,0.008827694712495587,0.007783265987093062,0.9679958523034435,0.0032031860581795074,0.012190000938788394
asthma_v2_copd_P22COPDPr_169.wav,0,4,2,2,1.4869632666591401e-06,9.549467901392207e-07,0.9991184760777557,4.967309714958068e-05,0.0008294089150379738
asthma_v2_copd_P22COPDPr_171.wav,0,4,2,2,0.0003842154609267385,0.0003465963008240439,0.9955915768172567,0.0013283653595368775,0.0023492460614556974
asthma_v2_copd_P22COPDPr_173.wav,0,4,2,2,0.023449972691027613,0.0042731034238597965,0.9374791525998085,0.00979483353614753,0.025002937749157003
asthma_v2_copd_P22COPDPr_175.wav,0,4,2,2,0.007909067094850227,0.0008405888037824059,0.9510018751473236,0.009639428832564455,0.030609040121479355
asthma_v2_copd_P24COPDMc_186.wav,0,4,2,2,0.001778785697993822,0.0020466728139068397,0.9708167112830256,0.0024400314207545376,0.022917798784319137
asthma_v2_copd_P24COPDMc_188.wav,0,4,2,2,0.011232088105006248,0.0028665772817992063,0.9386531119994488,0.02073724664628965,0.02651097596745618
asthma_v2_copd_P24COPDMc_190.wav,0,4,2,2,0.012023451477557394,0.004218929747264532,0.844456763627134,0.04347543500780524,0.09582542014023905
asthma_v2_copd_P24COPDMc_192.wav,0,4,2,2,0.00035918105710068706,0.0002890706574919748,0.9978554074748875,0.000317253356978193,0.001179087453541485
asthma_v2_copd_P24COPDPr_185.wav,0,4,2,2,0.002388281658889661,0.002157183290724138,0.9685074910509587,0.002492561039396557,0.024454482960030808
asthma_v2_copd_P24COPDPr_187.wav,0,4,2,2,0.001779650697422476,0.0015218029094903364,0.962465281742991,0.0022495887174425484,0.031983675932653804
asthma_v2_copd_P24COPDPr_189.wav,0,4,2,2,0.03271730407430351,0.005569678607372688,0.6626931982973286,0.050658011181508936,0.24836180783948622
asthma_v2_copd_P24COPDPr_191.wav,0,4,2,2,2.628583164514087e-07,2.5132413426019864e-07,0.99974716804917,0.00011139949021655173,0.00014091827816264715
asthma_v2_copd_P33COPDMc_258.wav,0,4,2,4,0.044223232501724226,0.0074611656662336755,0.39727817434006374,0.06380149897766303,0.4872359285143156
asthma_v2_copd_P33COPDMc_260.wav,0,4,2,4,0.03895070077248743,0.04499088397653659,0.11419605414041767,0.07037138144573983,0.7314909796648187
asthma_v2_copd_P33COPDMc_262.wav,0,4,2,3,0.12044324201121455,0.14891362545678347,0.2606348170601532,0.16050077527673481,0.3095075401951138
asthma_v2_copd_P33COPDMc_264.wav,0,4,2,2,0.0011191302513747418,0.022131776015973527,0.9763283016977763,2.708489733096541e-05,0.0003937071375444052
asthma_v2_copd_P33COPDPr_257.wav,0,4,2,2,0.0046591566762799125,0.001057429906983885,0.9940379128524907,4.426488567926078e-05,0.00020123567856632582
asthma_v2_copd_P33COPDPr_259.wav,0,4,2,4,0.029439186213003066,0.06915284819411889,0.1929738903531599,0.08933712645522582,0.6190969487844918
asthma_v2_copd_P33COPDPr_261.wav,0,4,2,4,0.14080599755625006,0.14111532874423852,0.1708275357938255,0.1491665211756606,0.39808461673002515
asthma_v2_copd_P33COPDPr_263.wav,0,4,2,3,0.13034505450551653,0.12600287673236518,0.2076018028090838,0.2476909300728739,0.2883593358801608
asthma_v2_copd_P37COPDMc_290.wav,0,4,2,2,0.0007965562635649555,0.007265269686107728,0.990678699349811,0.0002581248333222052,0.0010013498671944806
asthma_v2_copd_P37COPDMc_292.wav,0,4,2,2,0.0064553684850275775,0.004605258775375774,0.985956356570331,0.00032526482022410735,0.0026577513490412394
asthma_v2_copd_P37COPDMc_294.wav,0,4,2,2,0.006907835191639396,0.0003981564839591415,0.9888908433592644,0.0002061865398206147,0.0035969784253162204
asthma_v2_copd_P37COPDMc_296.wav,0,4,2,2,0.04268748274940146,0.0006373911544709031,0.9510908407779042,0.00035161462306685976,0.0052326706951568115
asthma_v2_copd_P37COPDPr_289.wav,0,4,2,2,0.0013765130614203159,0.005855363179141314,0.9887533761363602,0.0005887583857327675,0.003425989237345671
asthma_v2_copd_P37COPDPr_291.wav,0,4,2,2,0.0011440964456163345,0.0008887973275208384,0.9970775835872657,0.00015444171393604815,0.000735080925661042
asthma_v2_copd_P37COPDPr_293.wav,0,4,2,2,0.015193574591876927,0.0007094370933020839,0.9793968787296387,0.0002511977588814523,0.004448911826300891
asthma_v2_copd_P37COPDPr_295.wav,0,4,2,2,0.09971838302824368,0.002873367556285386,0.8818179699860734,0.0013229947547844954,0.014267284674613339
asthma_v2_copd_P39COPDMc_306.wav,0,4,2,2,0.013786687669116846,0.15043165259410368,0.7405836043938041,0.002590931589482383,0.09260712375349275
asthma_v2_copd_P39COPDMc_308.wav,0,4,2,2,0.002927184549428341,0.07407199428500809,0.9003059047369256,0.0011993865715943916,0.02149552985704377
asthma_v2_copd_P39COPDMc_310.wav,0,4,2,2,0.004136455231390258,0.09769464730241934,0.8535749533131048,0.001992933790796026,0.04260101036228962
asthma_v2_copd_P39COPDMc_312.wav,0,4,2,2,0.00720487827533194,0.06244969202117837,0.9227406389708156,0.0021908750210696526,0.005413915711604401
asthma_v2_copd_P39COPDPr_305.wav,0,4,2,2,0.05796108422580826,0.0022653059546062027,0.8084879731107623,0.009827659832515078,0.1214579768763079
asthma_v2_copd_P39COPDPr_307.wav,0,4,2,4,0.03120939683032013,0.11160422398192778,0.5398083198425055,0.005440912897955647,0.31193714644729087
asthma_v2_copd_P39COPDPr_309.wav,0,4,2,2,0.0015086624938293002,0.06812530803216169,0.915215175033488,0.0010804344068580936,0.01407042003366278
asthma_v2_copd_P39COPDPr_311.wav,0,4,2,2,0.0005314413138665015,0.09857301458396954,0.8967373260579906,0.0007246186285853973,0.0034335994155877407
asthma_v2_copd_P42COPDMc_330.wav,0,4,2,2,0.00029659034538019206,0.0005887828532352373,0.9981202520594011,0.0002355837457892006,0.0007587909961945118
asthma_v2_copd_P42COPDMc_332.wav,0,4,2,2,1.8565753407052548e-07,1.5625291631130248e-07,0.9998303710120002,3.35169001457006e-05,0.00013577017740380127
asthma_v2_copd_P42COPDMc_334.wav,0,4,2,2,4.424102174137572e-06,3.3043890656810697e-06,0.9970998580334924,0.0021641723356178102,0.0007282411396497478
asthma_v2_copd_P42COPDMc_336.wav,0,4,2,2,0.0008741001157623897,0.0008968441781627746,0.9846292675173018,0.0037273678371806136,0.009872420351592357
asthma_v2_copd_P42COPDPr_329.wav,0,4,2,2,0.0012250430414012345,0.0035995693053284777,0.9809016980548111,0.0028184659318977005,0.011455223666561145
asthma_v2_copd_P42COPDPr_331.wav,0,4,2,2,7.64540390682797e-08,5.984020590127604e-08,0.9998532752513122,7.643255801931247e-05,7.015589642367824e-05
asthma_v2_copd_P42COPDPr_333.wav,0,4,2,2,6.168114099406576e-08,4.9056163309891366e-08,0.9998308504559148,3.819069352986236e-05,0.00013084811325109126
asthma_v2_copd_P42COPDPr_335.wav,0,4,2,2,0.0007922103405065886,0.0011915674752331438,0.98711975203265,0.002517587692620088,0.008378882458990305
asthma_v2_copd_P7COPDMc_50.wav,0,4,2,2,0.001688818319682914,0.000631727468565581,0.9949963918698752,0.0016549102546537158,0.0010281520872224552
asthma_v2_copd_P7COPDMc_52.wav,0,4,2,2,0.007821904760962041,0.030797854605564595,0.9504147834966592,0.005764450631187375,0.005201006505626824
asthma_v2_copd_P7COPDMc_54.wav,0,4,2,2,0.009363118720546489,0.013000533945773475,0.9569628383064372,0.014688433761751754,0.005985075265490701
asthma_v2_copd_P7COPDMc_56.wav,0,4,2,2,0.0077981594457412606,0.009533604335402898,0.9753644042727045,0.0041082020861419105,0.0031956298600094722
asthma_v2_copd_P7COPDPr_49.wav,0,4,2,2,0.0020919056477623397,0.000334600798057846,0.9917523195462709,0.000581289263590064,0.005239884744318983
asthma_v2_copd_P7COPDPr_51.wav,0,4,2,2,0.0032056689974921844,0.0007566691625085827,0.9907886509453598,0.0024932396847812373,0.002755771209858316
asthma_v2_copd_P7COPDPr_53.wav,0,4,2,2,0.003661054067163024,0.005014647149877245,0.9817257121910683,0.007399635501297965,0.002198951090593176
asthma_v2_copd_P7COPDPr_55.wav,0,4,2,1,0.00789248384253965,0.45249637633531103,0.4274245420132104,0.10110617832478204,0.011080419484156952
asthma_v2_healthy_P14Healthy28S.wav,0,4,3,3,0.01667882014172813,0.037686334440118506,0.06248697535486979,0.8474545856265504,0.035693284436733266
asthma_v2_healthy_P14Healthy47S.wav,0,4,3,3,0.06540716081097374,0.11138400475148513,0.21271891902308657,0.5604337195554774,0.05005619585897762
asthma_v2_healthy_P14Healthy53S.wav,0,4,3,3,0.01283275024903431,0.022296314333670336,0.024191122977715456,0.9177149398431669,0.02296487259641309
asthma_v2_healthy_P14Healthy54S.wav,0,4,3,3,0.015270070491349269,0.39846927165012036,0.02584016330273252,0.5340457896777194,0.02637470487807844
asthma_v2_healthy_P14Healthy89S.wav,0,4,3,3,0.008524662961614402,0.5491924452089942,0.03225221857696276,0.40032988646457424,0.009700786787854755
asthma_v2_healthy_P1Healthy29S.wav,0,4,3,3,0.019451987848269507,0.07397167668476325,0.20311854888464922,0.6381228630407745,0.06533492354154344
asthma_v2_healthy_P1Healthy55S.wav,0,4,3,3,0.007107765790633405,0.005812402614059333,0.026709980227429375,0.930472715845936,0.029897135521941856
asthma_v2_healthy_P1Healthy86S.wav,0,4,3,3,0.0132716152675847,0.025643348721594326,0.07677895153477347,0.8330532858017748,0.051252798674272675
asthma_v2_healthy_P1Healthy88S.wav,0,4,3,3,0.010149862311881731,0.017760189935333452,0.07736733818805763,0.8319729663710704,0.06274964319365701
asthma_v2_healthy_P1Healthy99S.wav,0,4,3,3,0.013704473894430446,0.008490122538075346,0.027620201074177793,0.7904882772612492,0.15969692523206697
asthma_v2_healthy_P20Healthy25S.wav,0,4,3,3,0.0075833733529065625,0.0050071186548044785,0.0007116392992820972,0.9013803458995252,0.08531752279348181
asthma_v2_healthy_P20Healthy31S.wav,0,4,3,3,0.004174991312207907,0.000815040262631132,0.0006370105821400566,0.9612246122815884,0.03314834556143251
asthma_v2_healthy_P20Healthy59S.wav,0,4,3,3,0.005004105003889146,0.01829316709585843,0.00364605546783372,0.8477153032335331,0.12534136919888553
asthma_v2_healthy_P20Healthy70S.wav,0,4,3,3,0.007718805335604542,0.005135258029847815,0.0005370241458008604,0.9116649912225318,0.07494392126621512
asthma_v2_healthy_P20Healthy84S.wav,0,4,3,1,0.16405951951914644,0.6472094147187223,0.010360025781969668,0.0960079943529899,0.08236304562717203
asthma_v2_healthy_P24Healthy51S.wav,0,4,3,3,0.012953624338722925,0.005717586526946594,0.002192983566082509,0.8949738066358124,0.08416199893243592
asthma_v2_healthy_P24Healthy58S.wav,0,4,3,3,0.010428706614497532,0.005686860022156339,0.0022266663507537225,0.9376495813963863,0.04400818561620645
asthma_v2_healthy_P24Healthy62S.wav,0,4,3,3,0.010428739878369604,0.009167023818800057,0.4698337550480592,0.4012537565417569,0.1093167247130141
asthma_v2_healthy_P24Healthy63S.wav,0,4,3,3,0.01224540244604247,0.006114413735970759,0.24490904448088785,0.6252533184645027,0.11147782087259585
asthma_v2_healthy_P24Healthy95S.wav,0,4,3,3,0.011396554841856641,0.017290200883644073,0.47226163238921287,0.31323206507055185,0.18581954681473428
asthma_v2_healthy_P7Healthy38S.wav,0,4,3,3,0.011984155940839139,0.011344121439872937,0.018983485974504687,0.9251767932531952,0.03251144339158831
asthma_v2_healthy_P7Healthy39S.wav,0,4,3,3,0.018244602193146893,0.06971071425726849,0.1321076314856913,0.7425431114342096,0.037393940629683736
asthma_v2_healthy_P7Healthy84S.wav,0,4,3,3,0.08788926782407867,0.003750024565644485,0.13972291920784283,0.35674706032712883,0.41189072807530563
asthma_v2_healthy_P7Healthy85S.wav,0,4,3,4,0.10048454969404545,0.005555387465020287,0.08942769587647954,0.2337736737383511,0.5707586932261032
asthma_v2_healthy_P7Healthy94S.wav,0,4,3,3,0.057211614861464276,0.06211417189456501,0.1956695080628084,0.6074920966725933,0.07751260850856916
asthma_v2_pneumonia_P10Pneumonia52A.wav,0,4,4,4,0.03417256104715331,0.01061545459259117,0.017193932449543044,0.012158374268572414,0.9258596776421398
asthma_v2_pneumonia_P10Pneumonia73G.wav,0,4,4,4,0.07468347379232992,0.0030787815142489824,0.01700949826063224,0.0026208976098275423,0.9026073488229615
asthma_v2_pneumonia_P10Pneumonia80J.wav,0,4,4,4,0.023984160019373958,0.011724722954677021,0.02300130289261906,0.02374701277615435,0.9175428013571757
asthma_v2_pneumonia_P10Pneumonia88R.wav,0,4,4,4,0.26517449525515674,0.0022157480094325004,0.0030574103873400823,0.002495991666162454,0.7270563546819084
asthma_v2_pneumonia_P10Pneumonia93W.wav,0,4,4,4,0.04761439526462386,0.0014940315745360503,0.010481146337272713,0.011857442740980514,0.9285529840825867
asthma_v2_pneumonia_P10Pneumonia97B.wav,0,4,4,4,0.27102489815543734,0.0061534741014263785,0.03141140527325753,0.0016287313783140533,0.6897814910915646
asthma_v2_pneumonia_P16Pneumonia18Z.wav,0,4,4,3,0.12136635811272808,0.005515542536011682,0.005466122314020197,0.3273085096421725,0.5403434673950672
asthma_v2_pneumonia_P16Pneumonia42Q.wav,0,4,4,3,0.1155061146811104,0.006220747241675466,0.010557760238183842,0.5763122656050946,0.2914031122339357
asthma_v2_pneumonia_P16Pneumonia56J.wav,0,4,4,3,0.13393725445140012,0.005806316324721607,0.00929559467354782,0.5051093897905007,0.34585144475982976
asthma_v2_pneumonia_P16Pneumonia66X.wav,0,4,4,4,0.11101267829457334,0.0032171992665155033,0.0020374630360399993,0.13144073264697897,0.7522919267558923
asthma_v2_pneumonia_P16Pneumonia78M.wav,0,4,4,3,0.12977037863673746,0.0039148954678084515,0.003973312780726275,0.24693169577676882,0.6154097173379592
asthma_v2_pneumonia_P16Pneumonia80G.wav,0,4,4,3,0.17499456021075382,0.006071469517142289,0.00628570011941181,0.25981511262045726,0.5528331575322347
asthma_v2_pneumonia_P18Pneumonia15Q.wav,0,4,4,4,0.01642312822397823,0.0014120799884502022,0.00033606135131287096,0.002012345432095087,0.9798163850041637
asthma_v2_pneumonia_P18Pneumonia16E.wav,0,4,4,4,0.04524386793144046,0.004086388465260642,0.001453918414641361,0.004302352586520146,0.9449134726021373
asthma_v2_pneumonia_P18Pneumonia23E.wav,0,4,4,4,0.011921198654363637,0.001527961751976891,0.0001683591760505674,0.002609146804587856,0.9837733336130212
asthma_v2_pneumonia_P18Pneumonia50S.wav,0,4,4,4,0.07590533702901811,0.0026758443365892783,0.0009278884519422393,0.0014686898137046777,0.9190222403687457
asthma_v2_pneumonia_P18Pneumonia84N.wav,0,4,4,4,0.030161537841143882,0.0012795307202253605,0.000581837261157357,0.0009579604482759833,0.9670191337291977
asthma_v2_pneumonia_P18Pneumonia88I.wav,0,4,4,4,0.04310773133627645,0.0020963210810553148,0.0002480151817909136,0.00125555553931351,0.9532923768615639
asthma_v2_pneumonia_P28Pneumonia22W.wav,0,4,4,4,0.3428627128978584,0.05740485373514477,0.060468760014793684,0.005059091610597039,0.5342045817416059
asthma_v2_pneumonia_P28Pneumonia43J.wav,0,4,4,3,0.013395717496370085,0.032726720370647014,0.014985483845655038,0.307213449258169,0.6316786290291592
asthma_v2_pneumonia_P28Pneumonia56Y.wav,0,4,4,4,0.04986283932131264,0.01630170744261992,0.002544588690533318,0.02589876204777896,0.9053921024977557
asthma_v2_pneumonia_P28Pneumonia65J.wav,0,4,4,0,0.6331265277713762,0.08223030577016081,0.06459090012107332,0.00465624759925445,0.21539601873813505
asthma_v2_pneumonia_P28Pneumonia71A.wav,0,4,4,4,0.01855796293319085,0.0024908403216210816,0.000781333257997544,0.0007104681217183609,0.9774593953654721
asthma_v2_pneumonia_P28Pneumonia90E.wav,0,4,4,1,0.18948637792621303,0.5017921365799268,0.20293979711271737,0.004102736877895025,0.10167895150324789
asthma_v2_pneumonia_P32Pneumonia59Q.wav,0,4,4,4,0.012140392459876265,0.010972817346416842,0.0006995935470613713,0.13609939310510993,0.8400878035415357
asthma_v2_pneumonia_P32Pneumonia66M.wav,0,4,4,4,0.0507518918568457,0.002076677112426648,0.00015024525017793804,0.018863539323519356,0.92815764645703
asthma_v2_pneumonia_P32Pneumonia69E.wav,0,4,4,4,0.042453293338238746,0.01540606335601372,0.011583623201396708,0.004691592672685007,0.9258654274316658
asthma_v2_pneumonia_P32Pneumonia75E.wav,0,4,4,4,0.031764777387540015,0.0022995696964840497,0.0003060573199711395,0.004115114864342138,0.9615144807316629
asthma_v2_pneumonia_P32Pneumonia98Y.wav,0,4,4,4,0.025184741794186772,0.0119495592404402,0.003722416128787455,0.0024001820749372967,0.9567431007616484
asthma_v2_pneumonia_P32Pneumonia99W.wav,0,4,4,4,0.03812629764155556,0.01694385749828693,0.00734429790314085,0.008887456430131899,0.9286980905268848
asthma_v2_pneumonia_P33Pneumonia50P.wav,0,4,4,4,0.05020686711426147,0.0022777084485251326,0.0002305592421398719,0.004248236442624449,0.9430366287524492
asthma_v2_pneumonia_P33Pneumonia70D.wav,0,4,4,4,0.01727185723919111,0.0003670550781375451,9.903412087000503e-05,0.0006448124285668799,0.9816172411332346
asthma_v2_pneumonia_P33Pneumonia74T.wav,0,4,4,4,0.026113238236689207,0.0021684745190106327,0.0005038622904710892,0.0008378240768155633,0.9703766008770136
asthma_v2_pneumonia_P33Pneumonia88U.wav,0,4,4,4,0.009978339765626391,0.002474202246823181,0.00047105777740171384,0.0008751596260834893,0.9862012405840653
asthma_v2_pneumonia_P33Pneumonia94C.wav,0,4,4,4,0.047469074173356995,0.001452191305307357,0.0001878764816661392,0.007494490176366975,0.9433963678633024
asthma_v2_pneumonia_P33Pneumonia94P.wav,0,4,4,4,0.02837798425234859,0.003078073610376352,0.0006907300575946948,0.0006080888739335627,0.9672451232057467
asthma_v2_pneumonia_P39Pneumonia16K.wav,0,4,4,0,0.867662632516127,0.07737205101570442,0.013019411478744625,0.005335488849363466,0.036610416140060345
asthma_v2_pneumonia_P39Pneumonia41F.wav,0,4,4,0,0.44613345140389554,0.05838917553663107,0.07803324388092306,0.003470576585915274,0.413973552592635
asthma_v2_pneumonia_P39Pneumonia49H.wav,0,4,4,0,0.6012170953838445,0.003051844421898758,0.0005511402204256171,0.0037289857596989853,0.39145093421413224
asthma_v2_pneumonia_P39Pneumonia78Z.wav,0,4,4,0,0.4981263998884667,0.012644231806435445,0.007113203838035731,0.06438213604728935,0.4177340284197731
asthma_v2_pneumonia_P39Pneumonia85Q.wav,0,4,4,0,0.5101620056546391,0.01948676585047382,0.03529208016137433,0.0023844732916830005,0.43267467504182966
asthma_v2_pneumonia_P39Pneumonia87S.wav,0,4,4,4,0.32979267354974073,0.0458301728458921,0.04225384017281065,0.004579679633891646,0.5775436337976648
asthma_v2_pneumonia_P43Pneumonia24U.wav,0,4,4,2,0.011588768324251009,0.001234510744591651,0.8764631335388507,0.06408929004426539,0.04662429734804104
asthma_v2_pneumonia_P43Pneumonia53X.wav,0,4,4,4,0.06021429859428085,0.048974634268561745,0.02626296862921866,0.02878765371028938,0.8357604447976494
asthma_v2_pneumonia_P43Pneumonia54I.wav,0,4,4,4,0.13953241469836117,0.021673446500291953,0.017842284228830572,0.010943201960662842,0.8100086526118533
asthma_v2_pneumonia_P43Pneumonia73N.wav,0,4,4,4,0.16754688486690142,0.015552571215992215,0.014929979253558422,0.010080255415437788,0.79189030924811
asthma_v2_pneumonia_P43Pneumonia88Y.wav,0,4,4,2,0.017835231706858665,0.0018477690447788373,0.7092520823914699,0.13094274763288036,0.14012216922401222
asthma_v2_pneumonia_P43Pneumonia89T.wav,0,4,4,2,0.014233482141078928,0.001511279070998623,0.774700894593536,0.09054080231261015,0.11901354188177639
asthma_v2_pneumonia_P44Pneumonia36U.wav,0,4,4,4,0.08921696480060298,0.06427789112479085,0.16597559496927627,0.10322410404259116,0.5773054450627386
asthma_v2_pneumonia_P44Pneumonia47J.wav,0,4,4,4,0.16754688486690142,0.015552571215992215,0.014929979253558422,0.010080255415437788,0.79189030924811
asthma_v2_pneumonia_P44Pneumonia49B.wav,0,4,4,4,0.13953241469836117,0.021673446500291953,0.017842284228830572,0.010943201960662842,0.8100086526118533
asthma_v2_pneumonia_P44Pneumonia59U.wav,0,4,4,4,0.054052632901746264,0.0852759958482676,0.01183574374823683,0.15401024340051944,0.6948253841012302
asthma_v2_pneumonia_P44Pneumonia65N.wav,0,4,4,4,0.05743959831905658,0.05474441884853964,0.010243390770563859,0.12624875999003166,0.7513238320718083
asthma_v2_pneumonia_P44Pneumonia71M.wav,0,4,4,4,0.06021429859428085,0.048974634268561745,0.02626296862921866,0.02878765371028938,0.8357604447976494
asthma_v2_pneumonia_P5Pneumonia20K.wav,0,4,4,4,0.05002787918935949,0.0026708845756163667,0.04216068590191807,0.03457915290613487,0.8705613974269711
asthma_v2_pneumonia_P5Pneumonia21J.wav,0,4,4,4,0.028155474634676242,0.0052144057984470325,0.04102217144824967,0.11103946530929672,0.8145684828093306
asthma_v2_pneumonia_P5Pneumonia38U.wav,0,4,4,4,0.02247187824516962,0.006385067294523047,0.08387928348349603,0.16153088286146702,0.7257328881153444
asthma_v2_pneumonia_P5Pneumonia88J.wav,0,4,4,4,0.0766909002755298,0.007089600084507835,0.031240794792865383,0.0092357526288998,0.8757429522181974
asthma_v2_pneumonia_P5Pneumonia94P.wav,0,4,4,4,0.009889019949417977,0.0011498275031096503,0.013626517009297198,0.19479173183021062,0.7805429037079649
asthma_v2_pneumonia_P5Pneumonia95V.wav,0,4,4,4,0.039113924072602745,0.0038737968023938255,0.029704060930726844,0.02752143133160146,0.899786786862675
asthma_v2_pneumonia_P9Pneumonia31T.wav,0,4,4,4,0.22569571814170833,0.023353269781592773,0.026668172942571827,0.00927497043913016,0.715007868694997
asthma_v2_pneumonia_P9Pneumonia63O.wav,0,4,4,4,0.022078401059835488,0.012461428908243125,0.006732043847897965,0.1360594545509568,0.8226686716330663
asthma_v2_pneumonia_P9Pneumonia67I.wav,0,4,4,4,0.046986444629095694,0.000602472640048654,0.0037422964399129303,0.022970198786041875,0.9256985875049012
asthma_v2_pneumonia_P9Pneumonia73J.wav,0,4,4,4,0.06168883506305064,0.0003096883805893028,0.003168565223212636,0.01137238781793036,0.9234605235152167
asthma_v2_pneumonia_P9Pneumonia74S.wav,0,4,4,0,0.6375656628824129,0.005880336036333868,0.004400503299359622,0.0011679309796663805,0.35098556680222687
asthma_v2_pneumonia_P9Pneumonia74V.wav,0,4,4,4,0.08440650073445484,0.0004146252475783085,0.002496239710649858,0.08980924233738592,0.8228733919699313
