file_id,repeat,fold,y_true,y_pred,p_asthma,p_bronchial,p_copd,p_healthy,p_pneumonia
asthma_v2_Bronchial_P11BronchialSc_52.wav,0,0,1,0,0.47262171316679435,0.03680612586118123,0.04744961157412914,0.06168963747340985,0.38143291192448564
asthma_v2_Bronchial_P11BronchialSc_54.wav,0,0,1,4,0.16932319004638477,0.04592577634303641,0.014958957864270487,0.24635562984721388,0.5234364458990944
asthma_v2_Bronchial_P11BronchialTc_51.wav,0,0,1,1,0.005557430823728517,0.9738315387097365,0.015577456340464575,0.00063897692781571,0.004394597198254786
asthma_v2_Bronchial_P11BronchialTc_53.wav,0,0,1,3,0.05309345411225709,0.050273869822800854,0.005512845496478074,0.6734156871531626,0.21770414341530134
asthma_v2_Bronchial_P11BronchialTc_55.wav,0,0,1,0,0.9327175450138445,0.025076224699383594,0.003967145346439779,5.719606794817767e-05,0.03818188887238364
asthma_v2_Bronchial_P14BronchialSc_66.wav,0,0,1,1,0.23932444054307175,0.6170889945309371,0.09287585569459908,0.00573091380883184,0.04497979542256006
asthma_v2_Bronchial_P14BronchialSc_68.wav,0,0,1,0,0.32428611390701234,0.0027335879825257942,0.6677572788950262,0.00026515389765132866,0.004957865317784239
asthma_v2_Bronchial_P14BronchialSc_70.wav,0,0,1,1,2.762739605509069e-07,0.9992363330739658,0.00046177860267575423,0.00022880093308392803,7.281111631389564e-05
asthma_v2_Bronchial_P14BronchialTc_67.wav,0,0,1,0,0.7527304198936364,0.1362993749472402,0.06880316772729941,0.008105640191943922,0.03406139723988035
asthma_v2_Bronchial_P14BronchialTc_69.wav,0,0,1,0,0.8944523788409603,0.022721649037163935,0.028688164851000723,0.000951373913715196,0.053186433357159786
asthma_v2_Bronchial_P16BronchialSc_76.wav,0,0,1,1,0.02739817481022284,0.8980052742611754,0.032103238426032486,0.002768208268280098,0.03972510423428923
asthma_v2_Bronchial_P16BronchialSc_78.wav,0,0,1,1,0.17304829777443156,0.6737265865255241,0.11652630208122312,0.010187443069653261,0.02651137054916798
asthma_v2_Bronchial_P16BronchialSc_80.wav,0,0,1,1,0.061022895060799665,0.8796249248013699,0.02916274270235531,0.013473006282447878,0.01671643115302699
asthma_v2_Bronchial_P16BronchialTc_77.wav,0,0,1,1,0.016986029585811902,0.941881613696418,0.009712866490892378,0.003962605199092916,0.02745688502778511
asthma_v2_Bronchial_P16BronchialTc_79.wav,0,0,1,1,0.0029726730333515224,0.9915526214286962,0.0030472369561323443,0.001448986823517022,0.0009784817583029018
asthma_v2_Bronchial_P18BronchialSc_86.wav,0,0,1,1,3.071351025892125e-07,0.9995044555167347,0.00020063401676310397,0.00014072645968657004,0.00015387687171308426
asthma_v2_Bronchial_P18BronchialSc_88.wav,0,0,1,1,0.0008014256345970345,0.915502410422132,0.08286458936604044,2.1614859424249215e-05,0.0008099597178061925
asthma_v2_Bronchial_P18BronchialSc_90.wav,0,0,1,1,0.0010609692487509171,0.9280946826789247,0.06977586913540532,1.1032137654663798e-05,0.0010574467992646138
asthma_v2_Bronchial_P18BronchialTc_87.wav,0,0,1,1,2.701175274069561e-07,0.9997112854475353,0.00015775375894194738,5.726869302666258e-05,7.342198296880782e-05
asthma_v2_Bronchial_P18BronchialTc_89.wav,0,0,1,1,1.955348140868347e-05,0.9937406449606005,0.0061046301056108376,3.468427477911827e-06,0.0001317030249019539
asthma_v2_Bronchial_P7BronchialSc_32.wav,0,0,1,1,0.0013754955551711838,0.9903449880480569,0.0024459296277342915,0.004591603510840352,0.0012419832581973217
asthma_v2_Bronchial_P7BronchialSc_34.wav,0,0,1,1,0.0010178345893127913,0.9864725420263705,0.0019042234686301065,0.0091824877615626,0.0014229121541238811
asthma_v2_Bronchial_P7BronchialTc_31.wav,0,0,1,1,2.1351845346632085e-06,0.9976457407862958,0.0007575898753821105,0.0010425554658346568,0.0005519786879529022
asthma_v2_Bronchial_P7BronchialTc_33.wav,0,0,1,1,0.0005025774000098406,0.9930012047484998,0.002715523501048438,0.0034424666485555156,0.0003382277018866197
asthma_v2_Bronchial_P7BronchialTc_35.wav,0,0,1,1,4.175427433008871e-06,0.9970761252262382,0.0013205627550965159,0.0005513729034662268,0.0010477636877662079
asthma_v2_Bronchial_P9BronchialSc_42.wav,0,0,1,1,5.395060388267638e-06,0.9961297118598933,0.0022143009981681516,0.0009449052136643533,0.0007056868678860311
asthma_v2_Bronchial_P9BronchialSc_44.wav,0,0,1,1,9.877714220775465e-07,0.9983927791767563,0.00031706971935671136,0.0009930370512183616,0.00029612628124653937
asthma_v2_Bronchial_P9BronchialTc_41.wav,0,0,1,1,7.89329243268117e-06,0.9950399528447025,0.00019746158651868872,0.0046276886309564984,0.00012700364538966873
asthma_v2_Bronchial_P9BronchialTc_43.wav,0,0,1,1,0.0005773033428761952,0.9942587993344205,0.001543788810757251,0.0008762245144432284,0.0027438839975024156
asthma_v2_Bronchial_P9BronchialTc_45.wav,0,0,1,1,0.00027183485647404933,0.9707061563041449,0.028198578214309197,0.0004645974242765223,0.0003588332007954821
asthma_v2_asthma_P15WheezingIE_73.wav,0,0,0,0,0.938809374888883,0.00623811231285619,0.002122821734867276,0.0009196337221628276,0.051910057341230574
asthma_v2_asthma_P15WheezingIU_74.wav,0,0,0,0,0.8755317660619201,0.008199088372697205,0.004160611692183895,0.002204362979192768,0.10990417089400617
asthma_v2_asthma_P15WheezingRL_71.wav,0,0,0,0,0.795705347053881,0.02065199255789912,0.01763669512193783,0.008502526419683954,0.15750343884659826
asthma_v2_asthma_P15WheezingRL_75.wav,0,0,0,4,0.4098587343187816,0.0057957292645216705,0.009483290255540488,0.004906257339137753,0.5699559888220185
asthma_v2_asthma_P15WheezingRS_72.wav,0,0,0,0,0.8652854547430374,0.006729137965607596,0.004581520856997774,0.002076399490137037,0.12132748694422031
asthma_v2_asthma_P21WheezingIE_101.wav,0,0,0,0,0.5721594758946918,0.05752561865764919,0.00444214197310526,0.07055753184294508,0.29531523163160867
asthma_v2_asthma_P21WheezingIE_105.wav,0,0,0,0,0.40334923076869844,0.06639133836000194,0.3719528891395549,0.006342753322218123,0.15196378840952662
asthma_v2_asthma_P21WheezingIU_102.wav,0,0,0,0,0.7355446005837296,0.2310499910090156,0.0023188545858295567,0.012045773707429621,0.01904078011399534
asthma_v2_asthma_P21WheezingRL_103.wav,0,0,0,0,0.6840995713920713,0.027608130715711304,0.0021631498361444905,0.05834188334443619,0.22778726471163654
asthma_v2_asthma_P21WheezingRS_104.wav,0,0,0,0,0.23495972719651115,0.09782523570965002,0.5116852237116878,0.00842738994533718,0.1471024234368136
asthma_v2_asthma_P27WheezingIE_133.wav,0,0,0,3,0.2874255029353591,0.11917676938696174,0.0021731379203275896,0.5434004981809145,0.04782409157643713
asthma_v2_asthma_P27WheezingIU_134.wav,0,0,0,0,0.8899960017346789,0.007341245260275582,0.0024094956536874416,0.0004133785875752981,0.09983987876378318
asthma_v2_asthma_P27WheezingRL_131.wav,0,0,0,0,0.8667146854502906,0.003729936216979105,0.04970159343477433,0.000828368485063497,0.07902541641289242
asthma_v2_asthma_P27WheezingRL_135.wav,0,0,0,1,0.3247789640203564,0.42183178171525937,0.10965569560543256,0.039095471676587425,0.1046380869823645
asthma_v2_asthma_P27WheezingRS_132.wav,0,0,0,0,0.8624085733618845,0.001649588888954195,0.015370920145306433,0.0010025573228129305,0.11956836028104185
asthma_v2_asthma_P34WheezingIE_169.wav,0,0,0,0,0.9541037218990515,0.005441815350916192,0.0012191175281053783,0.002938372473522795,0.03629697274840397
asthma_v2_asthma_P34WheezingIU_166.wav,0,0,0,0,0.8773059751704035,0.008686777138701479,0.023965123638345454,0.0001251587041560315,0.08991696534839376
asthma_v2_asthma_P34WheezingIU_170.wav,0,0,0,0,0.912597474965889,0.037337308750962764,0.0022139125111722787,7.206582991322508e-05,0.04777923794206307
asthma_v2_asthma_P34WheezingRL_167.wav,0,0,0,0,0.9541095694911581,0.008773559695301162,0.001203047454761598,0.0009934900701747695,0.0349203332886048
asthma_v2_asthma_P34WheezingRS_168.wav,0,0,0,0,0.8944887196954205,0.019929117070427174,0.003111803392188057,0.005011378297474331,0.07745898154448984
asthma_v2_asthma_P35WheezingIE_173.wav,0,0,0,0,0.5008150249893489,0.0025712599444658486,0.4258056706404964,0.0021249525765516812,0.06868309184913725
asthma_v2_asthma_P35WheezingIU_174.wav,0,0,0,0,0.37197221003616204,0.2699900576108606,0.0471151976836148,0.010291551694047782,0.30063098297531476
asthma_v2_asthma_P35WheezingRL_171.wav,0,0,0,0,0.9101860766204072,0.01017551115104332,0.0037208307142605566,0.0002541183625092291,0.0756634631517794
asthma_v2_asthma_P35WheezingRL_175.wav,0,0,0,0,0.8770431346641397,0.0045153403183240464,0.03222178959142104,0.00012221426682892708,0.086097521159286
asthma_v2_asthma_P35WheezingRS_172.wav,0,0,0,0,0.3633248238807985,0.0017411756591163123,0.559131329138971,0.0015315197862204848,0.07427115153489387
asthma_v2_asthma_P37WheezingIE_181.wav,0,0,0,0,0.8198092231879573,0.0030421582023431462,0.14286516172691852,0.0005824120534516185,0.03370104482932966
asthma_v2_asthma_P37WheezingIE_185.wav,0,0,0,0,0.8968893787787952,0.002372681049130533,0.04687386219346514,0.0013613745856442406,0.052502703392965165
asthma_v2_asthma_P37WheezingIU_182.wav,0,0,0,0,0.9725955889715662,0.0007739918086635918,0.006300915056502619,0.0005644258774151313,0.019765078285852593
asthma_v2_asthma_P37WheezingRL_183.wav,0,0,0,0,0.9429813795746903,0.0014426684710194912,0.03070893533936479,0.0003936196514065612,0.024473396963518752
asthma_v2_asthma_P37WheezingRS_184.wav,0,0,0,0,0.8595469874091206,0.014639090234900325,0.007887797181518946,0.005606177987130672,0.11231994718732916
asthma_v2_asthma_P39WheezingIE_193.wav,0,0,0,0,0.8853338809048674,0.0008300653270733996,0.0207995027690643,0.00026291883332852625,0.09277363216566682
asthma_v2_asthma_P39WheezingIU_194.wav,0,0,0,0,0.9466153307180558,0.009415254616180582,0.015190671922671721,0.00046251689215105534,0.02831622585094096
asthma_v2_asthma_P39WheezingRL_191.wav,0,0,0,4,0.34141642102169895,0.0021995178124397954,0.09553329311884835,0.0008934612268634391,0.5599573068201493
asthma_v2_asthma_P39WheezingRL_195.wav,0,0,0,0,0.9473870767123342,0.0018170093638606281,0.018716266965618778,0.0005429551754285581,0.031536691782757864
asthma_v2_asthma_P39WheezingRS_192.wav,0,0,0,4,0.44725727779448554,0.0008958258567619475,0.04442930617242155,0.0003035493401897873,0.5071140408361411
asthma_v2_asthma_P49WheezingIE_241.wav,0,0,0,0,0.6125906128700472,0.007976408183166963,0.004740568507751432,0.0012833204189298475,0.3734090900201044
asthma_v2_asthma_P49WheezingIE_245.wav,0,0,0,0,0.9537676859099874,0.001516864992131818,0.011212318155147971,0.008732142680482124,0.024770988262250496
asthma_v2_asthma_P49WheezingIU_242.wav,0,0,0,0,0.5245068900968003,0.017518085808056427,0.025026201266255356,0.0004648257584397905,0.4324839970704479
asthma_v2_asthma_P49WheezingRL_243.wav,0,0,0,0,0.9643207601819722,0.0055512469040291,0.009721666629454425,0.003826133905948482,0.016580192378595354
asthma_v2_asthma_P49WheezingRS_244.wav,0,0,0,0,0.9633816001100468,0.00035275843793845763,0.026564185108179074,0.0001554271367568981,0.009546029207078642
asthma_v2_asthma_P51WheezingIE_253.wav,0,0,0,0,0.8815475826531316,0.003711041304635057,0.05828901061087975,0.0032869931420494757,0.053165372289304055
asthma_v2_asthma_P51WheezingIU_254.wav,0,0,0,0,0.8497659762987159,0.0033203808715209027,0.035932851082063635,0.0006380923324657856,0.11034269941523361
asthma_v2_asthma_P51WheezingRL_251.wav,0,0,0,0,0.8277819580156346,0.011225126839641776,0.1010633727715122,0.0024421681339347624,0.05748737423927663
asthma_v2_asthma_P51WheezingRL_255.wav,0,0,0,0,0.8654756056070825,0.0029204708498615467,0.07328620101180292,0.0011740282075270274,0.05714369432372599
asthma_v2_asthma_P51WheezingRS_252.wav,0,0,0,0,0.8516949109067365,0.001913409220318761,0.12275657514157015,0.0005144324568049445,0.02312067227456947
asthma_v2_copd_P17COPDMc_130.wav,0,0,2,2,0.00083367815376867,8.762984996291056e-05,0.9986538152496058,0.00014482710961942144,0.000280049637043054
asthma_v2_copd_P17COPDMc_132.wav,0,0,2,2,3.084351801123627e-09,2.4939432809790496e-09,0.9999994594407129,3.883826568240205e-08,4.961427263804077e-07
asthma_v2_copd_P17COPDMc_134.wav,0,0,2,2,1.1582790508982523e-08,1.0496378089212565e-08,0.9999982258649158,5.998181364102285e-08,1.6920741018474919e-06
asthma_v2_copd_P17COPDMc_136.wav,0,0,2,2,2.5799971256538023e-08,2.76824765273581e-08,0.999998663428711,1.3830008941540493e-07,1.1447887520168042e-06
asthma_v2_copd_P17COPDPr_129.wav,0,0,2,2,4.2789262982446165e-07,2.796065449403347e-07,0.9999016066882142,3.0427959671050696e-06,9.46430166440172e-05
asthma_v2_copd_P17COPDPr_131.wav,0,0,2,2,0.004698425782496391,0.0004930275843918881,0.9927750019045459,0.0008658726261453657,0.0011676721024205558
asthma_v2_copd_P17COPDPr_133.wav,0,0,2,2,9.44331683547167e-09,7.580344680678864e-09,0.9999987038842628,9.143995663472498e-08,1.1876521189543173e-06
asthma_v2_copd_P17COPDPr_135.wav,0,0,2,2,2.5810089778219064e-08,2.7348940158387653e-08,0.9999979408748547,8.782068130457355e-08,1.9181454340388485e-06
asthma_v2_copd_P23COPDMc_178.wav,0,0,2,2,0.02209569047139626,0.008002254076699569,0.9583302728262398,0.004009280785571893,0.007562501840092261
asthma_v2_copd_P23COPDMc_180.wav,0,0,2,2,0.0007422676625477642,0.00010022146954421646,0.9981393847679275,0.00036417157229028303,0.0006539545276904133
asthma_v2_copd_P23COPDMc_182.wav,0,0,2,2,0.011520881004356297,0.0248696005512632,0.8456317891733148,0.038384092700450935,0.07959363657061475
asthma_v2_copd_P23COPDMc_184.wav,0,0,2,2,0.0011254999859398073,0.0029459844773452003,0.9752726097861131,0.014357291414793756,0.006298614335808536
asthma_v2_copd_P23COPDPr_177.wav,0,0,2,2,0.005970379231179598,0.00398098920267857,0.983572252260136,0.002445872684136744,0.004030506621869212
asthma_v2_copd_P23COPDPr_179.wav,0,0,2,2,0.0004008005932256287,7.1859086383241e-05,0.9992746846047964,6.0841940383177695e-05,0.00019181377521197343
asthma_v2_copd_P23COPDPr_181.wav,0,0,2,2,0.0004560893865776638,6.286000302245578e-05,0.9987946018953139,0.00015224544723380516,0.0005342032678523976
asthma_v2_copd_P23COPDPr_183.wav,0,0,2,2,0.0033117004562337026,0.007930712988917659,0.9475761156780858,0.02047053733622991,0.02071093354053317
asthma_v2_copd_P31COPDMc_242.wav,0,0,2,2,0.011819366322756838,0.0011152856139308698,0.9570675859074537,0.015754140275919242,0.014243621879939238
asthma_v2_copd_P31COPDMc_244.wav,0,0,2,2,0.037982939691779835,0.0038290349489708067,0.756878914208094,0.15262690603875884,0.04868220511239695
asthma_v2_copd_P31COPDMc_246.wav,0,0,2,2,0.03423201102035357,0.0002196608656987903,0.9632839655997864,0.0002041212298027711,0.002060241284358697
asthma_v2_copd_P31COPDMc_248.wav,0,0,2,0,0.7076005883496795,0.0019444880204078547,0.27030861918513904,0.0007227638975776037,0.01942354054719612
asthma_v2_copd_P31COPDPr_241.wav,0,0,2,2,4.240210747683341e-09,2.9631574298494083e-09,0.9999524721562159,3.273689903564219e-05,1.4783741380315058e-05
asthma_v2_copd_P31COPDPr_243.wav,0,0,2,3,0.04783557009253908,0.007874338366236707,0.2590259350877385,0.6073890252638529,0.07787513118963287
asthma_v2_copd_P31COPDPr_245.wav,0,0,2,2,0.09272996907759912,0.001048523664641707,0.9019929058194927,0.0012782408719002355,0.0029503605663661983
asthma_v2_copd_P31COPDPr_247.wav,0,0,2,2,0.008142684180176852,0.0006341829722343531,0.9901614919599215,0.00030057883908248467,0.000761062048584773
asthma_v2_copd_P32COPDMc_250.wav,0,0,2,0,0.3234258386712396,0.0212704735360316,0.6320741282778529,0.002063955678468019,0.021165603836407525
asthma_v2_copd_P32COPDMc_252.wav,0,0,2,0,0.45865042930752303,0.0008581441194791638,0.5216457759386522,0.00020845456907671095,0.01863719606526865
asthma_v2_copd_P32COPDMc_254.wav,0,0,2,2,0.1082279628052715,0.0005298004430316223,0.8890104928852761,0.0003080578361394275,0.0019236860302813403
asthma_v2_copd_P32COPDMc_256.wav,0,0,2,0,0.316851598607518,0.0012924730217957943,0.6730697572276243,0.001287023434373189,0.007499147708688673
asthma_v2_copd_P32COPDPr_249.wav,0,0,2,0,0.6933600713026267,0.007279946132709099,0.20792158495749674,0.006504258634562689,0.08493413897260463
asthma_v2_copd_P32COPDPr_251.wav,0,0,2,2,0.12941118481116026,0.0012850989910605794,0.8608953671088535,0.00017061873213531503,0.008237730356790035
asthma_v2_copd_P32COPDPr_253.wav,0,0,2,2,0.2954552923827181,0.001018938181435714,0.6989393097178426,0.0007534026746820251,0.003833057043321523
asthma_v2_copd_P32COPDPr_255.wav,0,0,2,2,0.1893278915746784,0.0003281891080984844,0.8085240188033146,9.753233881095821e-05,0.0017223681750975063
asthma_v2_copd_P36COPDMc_282.wav,0,0,2,2,0.10301165626410623,0.06470491677658594,0.7216747773263414,0.0221806516809864,0.08842799795198004
asthma_v2_copd_P36COPDMc_284.wav,0,0,2,2,0.012551540333262461,0.0015255291142541997,0.9426585246699895,0.0029090651071487623,0.040355340775344924
asthma_v2_copd_P36COPDMc_286.wav,0,0,2,2,0.0004801908465093279,0.00041768468377719305,0.9956104576412801,0.0018796091984941215,0.0016120576299394832
asthma_v2_copd_P36COPDMc_288.wav,0,0,2,2,0.0015822678255280674,0.007935834966223682,0.9877515205336305,0.0011493199926572001,0.0015810566819607634
asthma_v2_copd_P36COPDPr_281.wav,0,0,2,2,5.395724744246599e-06,3.90153559611558e-06,0.9972011962997263,0.002121251457964096,0.0006682549819692463
asthma_v2_copd_P36COPDPr_283.wav,0,0,2,2,0.014800249300382162,0.014332133059507401,0.907973810273143,0.014084166706915575,0.04880964066005186
asthma_v2_copd_P36COPDPr_285.wav,0,0,2,2,0.00031252924319822905,7.312862628861036e-05,0.9990830014644783,0.0002530627780067881,0.0002782778880280324
asthma_v2_copd_P36COPDPr_287.wav,0,0,2,2,0.00022566858983405326,0.0007085676793634246,0.9949548738629147,0.0027755644803202167,0.0013353253875675423
asthma_v2_copd_P41COPDMc_322.wav,0,0,2,2,2.7439221152071324e-09,4.4665798131967465e-09,0.9999987553094722,2.9856770874974137e-07,9.389123172135127e-07
asthma_v2_copd_P41COPDMc_324.wav,0,0,2,2,2.509880135599302e-07,7.109434921538331e-07,0.9999653459441636,1.7289150689068167e-05,1.6402973641479757e-05
asthma_v2_copd_P41COPDMc_326.wav,0,0,2,2,0.0022505329843156576,0.00044059258775868044,0.9964591705040471,0.00029342142298987217,0.0005562825008886314
asthma_v2_copd_P41COPDMc_328.wav,0,0,2,2,0.0012171834274340547,0.0003566993498209255,0.9977440994217613,0.00021152818219314428,0.00047048961879053724
asthma_v2_copd_P41COPDPr_321.wav,0,0,2,2,2.6449290699362927e-07,4.7610463191981875e-07,0.9997893971603214,3.3787251575461953e-06,0.00020648351698219163
asthma_v2_copd_P41COPDPr_323.wav,0,0,2,2,2.731795133201747e-08,5.661402518205409e-08,0.9999254447734423,4.844502148308846e-06,6.962679243290058e-05
asthma_v2_copd_P41COPDPr_325.wav,0,0,2,2,0.000371770812990132,0.00014868212629803946,0.9993672099172912,5.6105403630965334e-05,5.623173978952917e-05
asthma_v2_copd_P41COPDPr_327.wav,0,0,2,2,0.0009707904745752231,0.000188541937593149,0.998491922574207,7.547421542350526e-05,0.00027327079820127487
asthma_v2_copd_P45COPDMc_354.wav,0,0,2,2,0.002274917979719134,0.000163184046105419,0.9008273691251972,0.010415200081707744,0.08631932876727043
asthma_v2_copd_P45COPDMc_356.wav,0,0,2,2,2.271943901166941e-07,1.4294075297353963e-07,0.9995364298574475,0.00026103879945209096,0.00020216120795719895
asthma_v2_copd_P45COPDMc_358.wav,0,0,2,3,0.1128620547525769,0.014123449869761905,0.38361585802205567,0.35614300939759436,0.1332556279580111
asthma_v2_copd_P45COPDMc_360.wav,0,0,2,3,0.04806107846739077,0.002379818535955976,0.3451039584358892,0.24086593772253861,0.3635892068382253
asthma_v2_copd_P45COPDPr_353.wav,0,0,2,2,0.00015079679566252512,0.00010118557678134003,0.9813057471404307,0.0027540241209405942,0.015688246366184943
asthma_v2_copd_P45COPDPr_355.wav,0,0,2,2,4.7651763176935034e-08,3.1163712947876224e-08,0.9998943963329388,4.87202136192969e-05,5.6804637965674375e-05
asthma_v2_copd_P45COPDPr_357.wav,0,0,2,2,2.388123215491957e-08,1.520863467797095e-08,0.999929807444872,2.5536386634514925e-05,4.461707862672723e-05
asthma_v2_copd_P45COPDPr_359.wav,0,0,2,3,0.0421739884319858,0.003273789079388371,0.3913212053686718,0.28517961501248246,0.27805140210747187
asthma_v2_copd_P50COPDMc_394.wav,0,0,2,2,0.001770104707277683,0.0002155368414523553,0.9975435907246409,0.00018452844505973602,0.0002862392815694415
asthma_v2_copd_P50COPDMc_396.wav,0,0,2,2,0.007857726962400242,0.000568953506279349,0.990667962155379,0.0001590140503631941,0.000746343325578426
asthma_v2_copd_P50COPDMc_398.wav,0,0,2,2,4.419181657748679e-08,1.2972449306290746e-07,0.9999953605667011,1.8524035566712783e-06,2.6131134326250883e-06
asthma_v2_copd_P50COPDMc_400.wav,0,0,2,2,5.099430075491336e-08,1.2692138190479928e-07,0.9999965437680453,5.280039288889063e-07,2.7503123433387223e-06
asthma_v2_copd_P50COPDPr_393.wav,0,0,2,2,0.0025370332535889378,0.0003788014275367812,0.996040221064416,0.0003852633548649861,0.0006586808995930353
asthma_v2_copd_P50COPDPr_395.wav,0,0,2,2,0.0032189602944346567,0.0003245056147775801,0.9946353554410413,0.0009094920778997147,0.0009116865718465208
asthma_v2_copd_P50COPDPr_397.wav,0,0,2,2,0.0010020810927223417,5.583270431502319e-05,0.9987013940170166,0.00010096922217762824,0.00013972296376826103
asthma_v2_copd_P50COPDPr_399.wav,0,0,2,2,0.00039049753329178547,0.00011234949880327163,0.9994108877309242,3.6112661689610746e-05,5.015257529113559e-05
asthma_v2_copd_P6COPDMc_42.wav,0,0,2,2,0.00347457587371549,0.00032586994054171987,0.9933053044588642,0.0004967430267860262,0.0023975067000924924
asthma_v2_copd_P6COPDMc_44.wav,0,0,2,2,0.0007787409616428476,3.130608833796731e-05,0.997652835395807,0.00023796236547336946,0.0012991551887386284
asthma_v2_copd_P6COPDMc_46.wav,0,0,2,2,0.0030555829328144293,0.00012409591900817775,0.9922613216044064,0.0011992493711394613,0.0033597501726313423
asthma_v2_copd_P6COPDMc_48.wav,0,0,2,2,0.0034668084423455136,0.0012852040418513363,0.9068581712583381,0.0040529376811573765,0.08433687857630776
asthma_v2_copd_P6COPDPr_41.wav,0,0,2,2,0.0028965475242230033,0.0001612282638483101,0.9932642105894653,0.00043341244584604025,0.0032446011766174387
asthma_v2_copd_P6COPDPr_43.wav,0,0,2,2,0.0009886572662991219,7.612418683094429e-05,0.9969421667232,0.00017715577560398313,0.001815896048065922
asthma_v2_copd_P6COPDPr_45.wav,0,0,2,2,0.008179493372349623,0.000494060314566626,0.9342750243652569,0.003541347984047572,0.05351007396377943
asthma_v2_copd_P6COPDPr_47.wav,0,0,2,2,0.035077084832421765,0.0014689092963606758,0.8942564607515721,0.007486263931751462,0.061711281187894394
asthma_v2_healthy_P10Healthy10S.wav,0,0,3,4,0.25102372000462514,0.06635541761757144,0.04679042416879567,0.011218796565924234,0.6246116416430834
asthma_v2_healthy_P10Healthy14S.wav,0,0,3,4,0.26705563268185706,0.166638222480838,0.03471758632865643,0.009233181272567476,0.5223553772360812
asthma_v2_healthy_P10Healthy61S.wav,0,0,3,3,0.029871702842321046,0.0045583993841034854,0.005586756714197134,0.62797507144537,0.3320080696140086
asthma_v2_healthy_P10Healthy65S.wav,0,0,3,3,0.020041432985769665,0.004732397182792338,0.005685898067774361,0.580971708005146,0.3885685637585172
asthma_v2_healthy_P10Healthy93S.wav,0,0,3,4,0.22316187937305076,0.031414616443735575,0.04349745082868196,0.016918711027077354,0.6850073423274544
asthma_v2_healthy_P13Healthy28S.wav,0,0,3,3,0.021743211233287423,0.006825146038680413,0.04559390254404779,0.8613762450211095,0.06446149516287511
asthma_v2_healthy_P13Healthy42S.wav,0,0,3,3,0.0031544003797547983,0.003918939475742815,0.007203267812727506,0.9793027211637572,0.006420671168017618
asthma_v2_healthy_P13Healthy48S.wav,0,0,3,3,0.049969058022699776,0.08318695548605981,0.10550427700624873,0.7139202700663276,0.04741943941866402
asthma_v2_healthy_P13Healthy53S.wav,0,0,3,3,0.0673645104439866,0.25381851859158777,0.21022271350761965,0.4185103671081403,0.05008389034866541
asthma_v2_healthy_P13Healthy69S.wav,0,0,3,3,0.041265510834649514,0.07990363334843217,0.03198866232690828,0.7720665536079098,0.07477563988210072
asthma_v2_healthy_P2Healthy30S.wav,0,0,3,4,0.01001001399570713,0.00127443593044595,0.00521468508205102,0.28336294421687164,0.7001379207749244
asthma_v2_healthy_P2Healthy43S.wav,0,0,3,3,0.09231411836653954,0.1468650947278894,0.03581370922434929,0.5276584554953516,0.19734862218587
asthma_v2_healthy_P2Healthy54S.wav,0,0,3,3,0.11564036152558849,0.3989668361611003,0.014710067742371576,0.39937400252708527,0.07130873204385438
asthma_v2_healthy_P2Healthy72S.wav,0,0,3,4,0.028270323404260327,0.0012019193774531797,0.006597022684054463,0.06464615296673501,0.8992845815674972
asthma_v2_healthy_P2Healthy89S.wav,0,0,3,3,0.011431385149525514,0.0018428138387490017,0.014897735058234276,0.492411014243673,0.47941705170981797
asthma_v2_healthy_P3Healthy44S.wav,0,0,3,3,0.0016522972164975706,0.005256571910653924,0.006218490087374297,0.9836114433529161,0.0032611974325579504
asthma_v2_healthy_P3Healthy49S.wav,0,0,3,3,0.01534665666672072,0.06355729914550706,0.004820764593156458,0.9031571618827264,0.013118117711888788
asthma_v2_healthy_P3Healthy57S.wav,0,0,3,3,0.02980607616844494,0.12581358760040065,0.004832750764975903,0.8146210861312205,0.02492649933495788
asthma_v2_healthy_P3Healthy60S.wav,0,0,3,3,0.09320598989690562,0.12932178400375646,0.014719907287999757,0.6309212470626084,0.13183107174872974
asthma_v2_healthy_P3Healthy84S.wav,0,0,3,3,0.002560594983432313,0.020110608314958336,0.001864488108659999,0.9673183420658955,0.008145966527053962
asthma_v2_healthy_P6Healthy21S.wav,0,0,3,0,0.2111461738797691,0.052976045870129024,0.38688111260483554,0.12520577917740294,0.22379088846786338
asthma_v2_healthy_P6Healthy34S.wav,0,0,3,3,0.03635371215050997,0.000964880226065619,0.008486302692435761,0.3659386273102589,0.5882564776207297
asthma_v2_healthy_P6Healthy51S.wav,0,0,3,4,0.23008091823198773,0.046157017301652704,0.033075248742454946,0.17056026110325706,0.520126554620648
asthma_v2_healthy_P6Healthy71S.wav,0,0,3,3,0.044706093915469855,0.08285562253838515,0.05060744942868264,0.7615682202159404,0.06026261390152206
asthma_v2_healthy_P6Healthy77S.wav,0,0,3,4,0.068151489070792,0.0038416944483801027,0.036941724920254625,0.1547364669980049,0.7363286245625681
asthma_v2_pneumonia_P13Pneumonia20R.wav,0,0,4,4,0.15069699527225588,0.002333364914615481,0.012290915355987015,0.03367455726756617,0.8010041671895755
asthma_v2_pneumonia_P13Pneumonia26N.wav,0,0,4,4,0.19247258806845607,0.11100129601888739,0.010326747573331392,0.011800257688497505,0.6743991106508276
asthma_v2_pneumonia_P13Pneumonia33Z.wav,0,0,4,4,0.13376745733526968,0.01069177606470065,0.009802531181698415,0.016002349068710876,0.8297358863496204
asthma_v2_pneumonia_P13Pneumonia60R.wav,0,0,4,4,0.08348365023253485,0.002180764088621313,0.0046650882531408845,0.04083296997016142,0.8688375274555417
asthma_v2_pneumonia_P13Pneumonia94T.wav,0,0,4,4,0.034327948523248865,0.028133469025032207,0.01709630626945738,0.03320286898819091,0.8872394071940704
asthma_v2_pneumonia_P13Pneumonia99T.wav,0,0,4,0,0.4733307408741899,0.04592082082696681,0.008395331363079048,0.0018749552301313818,0.4704781517056331
asthma_v2_pneumonia_P14Pneumonia19W.wav,0,0,4,4,0.39382489649190017,0.004366927643687475,0.011635830830159838,0.000184980187865499,0.5899873648463867
asthma_v2_pneumonia_P14Pneumonia22X.wav,0,0,4,3,0.009781770301887783,0.0018986492915400212,0.000926437713597304,0.89923694022123,0.08815620247174491
asthma_v2_pneumonia_P14Pneumonia40M.wav,0,0,4,3,0.0619593650730453,0.12481337218064359,0.006053815604584059,0.6547281798664876,0.1524452672752395
asthma_v2_pneumonia_P14Pneumonia62B.wav,0,0,4,4,0.370746999819228,0.0084527891216646,0.0018734601848225019,0.0008716125141446106,0.6180551383601403
asthma_v2_pneumonia_P14Pneumonia73T.wav,0,0,4,4,0.17754806269187928,0.0014974639722979937,0.007900766500655836,0.0002083643954385141,0.8128453424397286
asthma_v2_pneumonia_P14Pneumonia87C.wav,0,0,4,4,0.10700106414649035,0.00769946147812802,0.010126286306898576,0.00047923603278568006,0.8746939520356971
asthma_v2_pneumonia_P1Pneumonia10T.wav,0,0,4,4,0.008966864608020625,0.00015922825415192897,7.10000366794966e-05,3.997822662552221e-05,0.9907629288745224
asthma_v2_pneumonia_P1Pneumonia39F.wav,0,0,4,4,0.011425750979590487,0.0013512895778147332,0.0004779395229063205,0.0004032636428861982,0.986341756276802
asthma_v2_pneumonia_P1Pneumonia41U.wav,0,0,4,4,0.00788106404851153,0.0003792840311964362,7.696382243116174e-05,0.0009892062455023787,0.9906734818523584
asthma_v2_pneumonia_P1Pneumonia93D.wav,0,0,4,4,0.025397432597104624,0.00023477973273653303,0.00013003750460088343,0.0002078641893223569,0.9740298859762353
asthma_v2_pneumonia_P1Pneumonia94J.wav,0,0,4,4,0.08679499691738508,0.00698006221833602,0.003778108062804089,0.02563328443316357,0.8768135483683112
asthma_v2_pneumonia_P1Pneumonia97M.wav,0,0,4,4,0.09136020960033892,0.0006868118061979751,0.0007424724229955557,0.0006643980047133778,0.9065461081657544
asthma_v2_pneumonia_P20Pneumonia27V.wav,0,0,4,4,0.14037248339582442,0.001081300157352433,0.0013477468762172452,0.00787955735950305,0.8493189122111027
asthma_v2_pneumonia_P20Pneumonia31P.wav,0,0,4,3,0.21485432667369583,0.12239059189178793,0.022227080941547017,0.26863103422868173,0.3718969662642876
asthma_v2_pneumonia_P20Pneumonia37V.wav,0,0,4,4,0.17843399811764726,0.2013920367837217,0.054248349993434794,0.18868207978977297,0.3772435353154233
asthma_v2_pneumonia_P20Pneumonia42B.wav,0,0,4,4,0.19653620113600073,0.0015782690821371547,0.00589888934031371,0.019596115951677873,0.7763905244898703
asthma_v2_pneumonia_P20Pneumonia58T.wav,0,0,4,4,0.25308465988529644,0.00401215704243837,0.003303897166188923,0.05028954120038213,0.6893097447056941
asthma_v2_pneumonia_P20Pneumonia84L.wav,0,0,4,3,0.20924020528578252,0.11898388309148576,0.03911898741315427,0.2448368149945332,0.3878201092150446
asthma_v2_pneumonia_P27Pneumonia25R.wav,0,0,4,4,0.055973705930150726,0.001520899024821627,0.002993012231314939,0.0002947804921646494,0.939217602321548
asthma_v2_pneumonia_P27Pneumonia28K.wav,0,0,4,4,0.0502810509515044,0.014217857253231292,0.006897567054403502,0.00831987191742618,0.9202836528234348
asthma_v2_pneumonia_P27Pneumonia37T.wav,0,0,4,4,0.069447725930948,0.004983533546766052,0.2876575270209857,0.003035963669821296,0.634875249831479
asthma_v2_pneumonia_P27Pneumonia48G.wav,0,0,4,4,0.10757532453044133,0.011911828763060744,0.46753644182173926,0.004201973528648658,0.40877443135611036
asthma_v2_pneumonia_P27Pneumonia62C.wav,0,0,4,4,0.09330116307295538,0.005419002741881319,0.00481341408087461,0.001857605450894193,0.8946088146533941
asthma_v2_pneumonia_P27Pneumonia77J.wav,0,0,4,2,0.10632155844478387,0.009838399498183338,0.6925890300719123,0.004936279968716316,0.18631473201640383
asthma_v2_pneumonia_P29Pneumonia14M.wav,0,0,4,4,0.03671988707419215,0.00038297750273521755,0.00027257155919781814,0.00014712821603526314,0.9624774356478396
asthma_v2_pneumonia_P29Pneumonia17N.wav,0,0,4,4,0.07178215585631766,0.00353509848496501,0.0005398891260580982,0.015119984025794763,0.9090228725068646
asthma_v2_pneumonia_P29Pneumonia18M.wav,0,0,4,4,0.008271737981438624,0.0020189901771998486,0.0007044419750168671,0.006676541691541995,0.9823282881748028
asthma_v2_pneumonia_P29Pneumonia24X.wav,0,0,4,4,0.021650871814493797,0.0010552087164604892,0.00022580798021237472,0.0002188812933612174,0.976849230195472
asthma_v2_pneumonia_P29Pneumonia51O.wav,0,0,4,4,0.022317964828641408,0.0045690385646368955,0.0006406300323469674,0.008525558691827173,0.9639468078825476
asthma_v2_pneumonia_P29Pneumonia82U.wav,0,0,4,4,0.04849515911398628,0.0014794221554309355,0.0004895889204133226,0.014049884121610564,0.9354859456885589
asthma_v2_pneumonia_P37Pneumonia44I.wav,0,0,4,0,0.682275111289423,0.017245070758664893,0.005815425334990439,0.10861797048507427,0.18604642213184736
asthma_v2_pneumonia_P37Pneumonia73K.wav,0,0,4,0,0.8374586027890148,0.056200382502555414,0.014850610141702567,0.0036312227711813583,0.08785918179554582
asthma_v2_pneumonia_P37Pneumonia73X.wav,0,0,4,0,0.9090635465042208,0.006615046442749563,0.0016795612099870833,0.0007160605885318614,0.08192578525451089
asthma_v2_pneumonia_P37Pneumonia83S.wav,0,0,4,0,0.7348283753292659,0.010244321425625117,0.009750956901665947,0.003926916736569985,0.241249429606873
asthma_v2_pneumonia_P37Pneumonia84E.wav,0,0,4,4,0.2820363957733931,0.03383953733573471,0.011224356452934008,0.1370715631790901,0.5358281472588479
asthma_v2_pneumonia_P37Pneumonia95J.wav,0,0,4,0,0.8376427140718784,0.006802969908098726,0.005991462592124474,0.007581739628563467,0.14198111379933498
asthma_v2_pneumonia_P40Pneumonia18H.wav,0,0,4,0,0.6496890433741771,0.15446975413288763,0.07138882523617979,0.008514118145155862,0.11593825911160015
asthma_v2_pneumonia_P40Pneumonia32Q.wav,0,0,4,4,0.24702934583571512,0.0006746406695124075,0.0009467023381512524,0.00018733485209436522,0.7511619763045267
asthma_v2_pneumonia_P40Pneumonia69N.wav,0,0,4,4,0.11168041907562752,0.0015010062002107504,0.0007525062730451483,0.0011891959869678498,0.8848768724641488
asthma_v2_pneumonia_P40Pneumonia90Y.wav,0,0,4,0,0.8168128887141524,0.06473901907508398,0.01597495212780463,0.0021702742036327732,0.10030286587932623
asthma_v2_pneumonia_P40Pneumonia91V.wav,0,0,4,0,0.49171727080460537,0.01733551646886358,0.24567413569117041,0.0017556614723474727,0.24351741556301323
asthma_v2_pneumonia_P40Pneumonia92J.wav,0,0,4,3,0.05520494493878129,0.04879296442176338,0.07126119245182329,0.7535357436708712,0.07120515451676132
asthma_v2_pneumonia_P47Pneumonia14M.wav,0,0,4,4,0.09557977562056413,0.039442345427280555,0.007215788126147233,0.027790700074773945,0.8299713907512342
asthma_v2_pneumonia_P47Pneumonia19A.wav,0,0,4,4,0.20449060141674044,0.05674815433723941,0.019975640619645983,0.05835390394135355,0.6604316996850204
asthma_v2_pneumonia_P47Pneumonia24N.wav,0,0,4,4,0.08538280937974789,0.001762310653545921,0.10372704695184923,0.006623136623905042,0.8025046963909519
asthma_v2_pneumonia_P47Pneumonia69D.wav,0,0,4,4,0.29455431865487275,0.003983557196503989,0.2717522041397766,0.010522041501398807,0.419187878507448
asthma_v2_pneumonia_P47Pneumonia74Q.wav,0,0,4,4,0.15762698817086498,0.0005322363600145423,0.11752130107723975,0.007188372677600507,0.7171311017142804
asthma_v2_pneumonia_P47Pneumonia98K.wav,0,0,4,4,0.07824806060844554,0.02965410892924892,0.004169632156976085,0.038200622376929255,0.8497275759284004
asthma_v2_pneumonia_P6Pneumonia15U.wav,0,0,4,4,0.1566406206036313,0.0035425452584612956,0.08970301883216243,0.004247434933855773,0.7458663803718891
asthma_v2_pneumonia_P6Pneumonia17Q.wav,0,0,4,4,0.020781123618222628,0.0019983245097781417,0.021389733709703047,0.02445392532561976,0.931376892836676
asthma_v2_pneumonia_P6Pneumonia32L.wav,0,0,4,4,0.024393774611111894,0.004121901375862993,0.031731495684969115,0.0008128984116016374,0.9389399299164543
asthma_v2_pneumonia_P6Pneumonia37H.wav,0,0,4,4,0.05259013120112342,0.03595817244827921,0.042810887562154565,0.039419735658975594,0.8292210731294672
asthma_v2_pneumonia_P6Pneumonia39O.wav,0,0,4,4,0.04929349608035886,0.0021413396079335532,0.02046804191870868,0.0009494734800039486,0.9271476489129948
asthma_v2_pneumonia_P6Pneumonia84M.wav,0,0,4,4,0.029876786107184267,0.001631330246946488,0.02536147070541781,0.006674370927721772,0.9364560420127298
asthma_v2_pneumonia_P7Pneumonia22C.wav,0,0,4,4,0.06045934287050053,0.0166500064286326,0.38340850404764903,0.0014963536345851147,0.5379857930186326
asthma_v2_pneumonia_P7Pneumonia22X.wav,0,0,4,4,0.021682423301246163,0.006764314115475675,0.059980019168160606,0.04649044396426004,0.8650827994508575
asthma_v2_pneumonia_P7Pneumonia34I.wav,0,0,4,4,0.057293910065329676,0.0007796841360729929,0.024941733624337034,0.002672414003549966,0.9143122581707104
asthma_v2_pneumonia_P7Pneumonia61Q.wav,0,0,4,4,0.032443452514291156,0.0018179979503391297,0.021115151230457485,0.004133128599852992,0.9404902697050591
asthma_v2_pneumonia_P7Pneumonia62G.wav,0,0,4,4,0.03936726344028901,0.0023024336366150493,0.02364233455857308,0.008960280955931956,0.9257276874085908
asthma_v2_pneumonia_P7Pneumonia76F.wav,0,0,4,4,0.03566899279518874,0.011575424547307566,0.4302765140726926,0.007017425683994545,0.5154616429008168
asthma_v2_Bronchial_P19BronchialSc_92.wav,0,1,1,1,0.0023191897847780157,0.9941745716407911,0.002344110536519541,6.34707247909774e-05,0.0010986573131203934
asthma_v2_Bronchial_P19BronchialSc_94.wav,0,1,1,1,0.0453212293776511,0.6765892832043671,0.22303137597626366,0.00602911128193913,0.049029000159779075
asthma_v2_Bronchial_P19BronchialTc_91.wav,0,1,1,2,0.0596116101918032,0.32013468031221765,0.5576243042530412,0.005245525857808078,0.05738387938512965
asthma_v2_Bronchial_P19BronchialTc_93.wav,0,1,1,1,0.002774825389618704,0.9911544290050692,0.005065638852228329,7.785531637397578e-05,0.0009272514367098912
asthma_v2_Bronchial_P19BronchialTc_95.wav,0,1,1,1,0.025412017916285733,0.8668891763241876,0.07306751116862101,0.012452894318328628,0.022178400272577024
asthma_v2_Bronchial_P1BronchialSc_2.wav,0,1,1,1,0.014030602096355736,0.9095722278311229,0.02946046245629884,0.031121794315140682,0.01581491330108198
asthma_v2_Bronchial_P1BronchialSc_4.wav,0,1,1,1,0.032176896816822245,0.8148665523759678,0.11012954327149935,0.020216606435234458,0.022610401100476137
asthma_v2_Bronchial_P1BronchialTc_1.wav,0,1,1,1,0.016337432161135163,0.9183928100784148,0.028059724730427435,0.02608879038087556,0.011121242649147253
asthma_v2_Bronchial_P1BronchialTc_3.wav,0,1,1,1,0.01939955292475534,0.8833992215012003,0.04902349517346118,0.031880399512741124,0.01629733088784212
asthma_v2_Bronchial_P1BronchialTc_5.wav,0,1,1,1,0.015476624506015047,0.9502296693572108,0.022030322677268108,0.004465830454236966,0.007797553005269317
asthma_v2_Bronchial_P20BronchialSc_100.wav,0,1,1,1,0.0024846226546337068,0.9807866645896934,0.014976269280152266,0.00029864756529534615,0.0014537959102252584
asthma_v2_Bronchial_P20BronchialSc_96.wav,0,1,1,1,0.028314164983938617,0.8646313199353639,0.05047848518442634,0.005899543212630647,0.050676486683640436
asthma_v2_Bronchial_P20BronchialSc_98.wav,0,1,1,1,0.07655767305961507,0.4250565702475512,0.4431405812378479,0.01288363217105591,0.04236154328393006
asthma_v2_Bronchial_P20BronchialTc_97.wav,0,1,1,1,0.00822864496414828,0.968680845885846,0.020363051844424843,0.0010433082378315472,0.0016841490677491778
asthma_v2_Bronchial_P20BronchialTc_99.wav,0,1,1,1,0.10531796553984853,0.39890808470278005,0.37427123544907426,0.060746368938944965,0.06075634536935234
asthma_v2_Bronchial_P4BronchialSc_16.wav,0,1,1,3,0.1612953904104678,0.24412159941868064,0.0317709354785271,0.17431248605343072,0.3884995886388938
asthma_v2_Bronchial_P4BronchialSc_18.wav,0,1,1,1,0.08967292283424083,0.5723391963153373,0.03907123944501538,0.14067666778700474,0.15823997361840184
asthma_v2_Bronchial_P4BronchialSc_20.wav,0,1,1,1,0.018603479072879653,0.8335522654782267,0.0113246072016283,0.09190595148685575,0.044613696760409736
asthma_v2_Bronchial_P4BronchialTc_17.wav,0,1,1,1,0.1397891864268088,0.4620118710552637,0.032809200926512364,0.07835195432668642,0.2870377872647288
asthma_v2_Bronchial_P4BronchialTc_19.wav,0,1,1,3,0.02725490455585389,0.05182852803525513,0.04133037061985787,0.8213529244582886,0.05823327233074504
asthma_v2_asthma_P13WheezingIE_61.wav,0,1,0,0,0.8197276522687085,0.09279903062782709,0.008549334065238938,0.005491620327610459,0.07343236271061467
asthma_v2_asthma_P13WheezingIE_65.wav,0,1,0,0,0.8589941350240272,0.07636006620785772,0.020981356785628416,0.0014951319496836677,0.04216931003280305
asthma_v2_asthma_P13WheezingIU_62.wav,0,1,0,0,0.8956541084887257,0.07491488476836643,0.0018603922919479537,0.002877764758525625,0.024692849692434456
asthma_v2_asthma_P13WheezingRL_63.wav,0,1,0,0,0.8485204851969328,0.09156997965762033,0.0105538517016401,0.0035955025306570227,0.045760180913149824
asthma_v2_asthma_P13WheezingRS_64.wav,0,1,0,0,0.8992428110968487,0.03992582686187339,0.03279512285120078,0.0012262040067369346,0.026810035183340287
asthma_v2_asthma_P17WheezingIE_81.wav,0,1,0,0,0.8636533001774451,0.0751145999716478,0.012038218161791767,0.0014978861216191153,0.047695995567496374
asthma_v2_asthma_P17WheezingIE_85.wav,0,1,0,0,0.6092922547099425,0.0022162157257471916,0.06064986194366944,0.0009495029247047385,0.326892164695936
asthma_v2_asthma_P17WheezingIU_82.wav,0,1,0,0,0.8612827632586019,0.08757182706125523,0.010492152163405358,0.001052889385452866,0.039600368131284765
asthma_v2_asthma_P17WheezingRL_83.wav,0,1,0,0,0.9213063650605497,0.06673927531324782,0.002987300025217508,0.0006578012571056099,0.008309258343879024
asthma_v2_asthma_P17WheezingRS_84.wav,0,1,0,0,0.9575325151330846,0.015757485668266846,0.004988196367714433,0.003146087921184982,0.01857571490974905
asthma_v2_asthma_P22WheezingIE_109.wav,0,1,0,0,0.7500854211025167,0.16703375652439975,0.006248429947674294,0.003945578609575289,0.0726868138158337
asthma_v2_asthma_P22WheezingIU_106.wav,0,1,0,0,0.5498094657178615,0.10664746157403132,0.008992887671548344,0.0021549716005617274,0.33239521343599754
asthma_v2_asthma_P22WheezingIU_110.wav,0,1,0,0,0.9383431195571366,0.03755481948063115,0.003033444335210162,0.0003430713452266545,0.02072554528179552
asthma_v2_asthma_P22WheezingRL_107.wav,0,1,0,0,0.3637004654690343,0.031210563322317742,0.3401982669194006,0.0363386544789047,0.22855204981034277
asthma_v2_asthma_P22WheezingRS_108.wav,0,1,0,4,0.2759685597562225,0.0442448085680608,0.0016350481094796364,0.016953068843063093,0.6611985147231736
asthma_v2_asthma_P26WheezingIE_129.wav,0,1,0,0,0.816613380467674,0.0614728721729465,0.003972204938657714,0.0139775806540932,0.10396396176662864
asthma_v2_asthma_P26WheezingIU_126.wav,0,1,0,3,0.4931092084015833,0.04894671429986669,0.013438275575065954,0.35960206692414715,0.08490373479933715
asthma_v2_asthma_P26WheezingIU_130.wav,0,1,0,0,0.9440151253014206,0.004421235882488532,0.014704315235337247,0.0004026837673879072,0.036456639813365485
asthma_v2_asthma_P26WheezingRL_127.wav,0,1,0,0,0.5181381736794546,0.02174327198311984,0.12442314763288866,0.08452545645889539,0.2511699502456416
asthma_v2_asthma_P26WheezingRS_128.wav,0,1,0,0,0.7447973674414244,0.0047506987614051215,0.017275824004099938,0.007563355673006161,0.22561275412006446
asthma_v2_asthma_P28WheezingIE_137.wav,0,1,0,0,0.6088440228438083,0.24416327134500881,0.0009861395593124328,0.11812802169958979,0.027878544552280605
asthma_v2_asthma_P28WheezingIU_138.wav,0,1,0,0,0.6073418897939903,0.3547909802249525,0.0013768985270093818,0.004696024289497595,0.03179420716455021
asthma_v2_asthma_P28WheezingRL_139.wav,0,1,0,0,0.46104513170742295,0.4140313551370092,0.03988060750345885,0.0017025510324775303,0.08334035461963152
asthma_v2_asthma_P28WheezingRS_136.wav,0,1,0,0,0.44990793497554915,0.08756866010707835,0.028205826824185435,0.015599915274361236,0.4187176628188263
asthma_v2_asthma_P28WheezingRS_140.wav,0,1,0,0,0.7845435921403007,0.16003614127957413,0.0014313447292162939,0.015584922049177831,0.03840399980173119
asthma_v2_asthma_P2AsthmaIE_9.wav,0,1,0,0,0.916623012365557,0.029055043417862737,0.004008686314860705,0.00502296886882076,0.045290289032898584
asthma_v2_asthma_P2AsthmaIU_10.wav,0,1,0,0,0.8892547423751818,0.07857094827576014,0.0015439515944557468,0.007136509606838238,0.023493848147764028
asthma_v2_asthma_P2AsthmaIU_6.wav,0,1,0,2,0.14553121626267554,0.05094687230265802,0.676327304803531,0.05189841040708258,0.07529619622405291
asthma_v2_asthma_P2AsthmaRL_7.wav,0,1,0,0,0.9659652415291046,0.007117914879782823,0.010092357951890726,0.0029896486622282537,0.013834836976993453
asthma_v2_asthma_P2AsthmaRS_8.wav,0,1,0,0,0.8888575983558539,0.023777337634108896,0.0024914470278790475,0.017080408092724444,0.06779320888943402
asthma_v2_asthma_P31WheezingIE_153.wav,0,1,0,4,0.0510847796911429,0.019802194996596644,0.01566857706971124,0.009923423742711658,0.9035210244998376
asthma_v2_asthma_P31WheezingIU_154.wav,0,1,0,0,0.8799423484276916,0.014832139565406716,0.005588100464165814,0.009905631553593329,0.0897317799891427
asthma_v2_asthma_P31WheezingRL_151.wav,0,1,0,0,0.5883208683664998,0.03208637795609656,0.026592168660059517,0.008116275085593646,0.34488430993175084
asthma_v2_asthma_P31WheezingRL_155.wav,0,1,0,0,0.9221166571828006,0.0009021885301486956,0.0013886853721632912,0.0003714034417062214,0.0752210654731812
asthma_v2_asthma_P31WheezingRS_152.wav,0,1,0,4,0.150014165989785,0.040257750303530175,0.01932699891034354,0.0416205851544219,0.748780499641919
asthma_v2_asthma_P43WheezingIE_213.wav,0,1,0,2,0.24677286826336212,0.03245170928553166,0.6650697875663948,0.03753798135024777,0.01816765353446366
asthma_v2_asthma_P43WheezingIU_214.wav,0,1,0,0,0.537329712342759,0.01047458259735807,0.4257386232152407,0.00684476245904986,0.019612319385592512
asthma_v2_asthma_P43WheezingRL_211.wav,0,1,0,2,0.2812639557074629,0.03759575286700825,0.6327682028873606,0.005724114910096883,0.04264797362807137
asthma_v2_asthma_P43WheezingRL_215.wav,0,1,0,0,0.9172650033394014,0.004779117713034527,0.05521415453457635,0.0005857297396883808,0.022155994673299418
asthma_v2_asthma_P43WheezingRS_212.wav,0,1,0,0,0.7132510143504274,0.08348720471588139,0.12412109671184571,0.003995901313465345,0.07514478290838009
asthma_v2_asthma_P44WheezingIE_217.wav,0,1,0,0,0.9351712768161085,0.0018998396342693054,0.019332899459111808,0.0007117662591653046,0.04288421783134534
asthma_v2_asthma_P44WheezingIU_218.wav,0,1,0,0,0.8688605215782481,0.007693120527536845,0.04954797332435181,0.001324897231165423,0.07257348733869792
asthma_v2_asthma_P44WheezingRL_219.wav,0,1,0,0,0.5540880645709332,0.007658134540722434,0.4127652976962767,0.002217371949611577,0.023271131242456066
asthma_v2_asthma_P44WheezingRS_216.wav,0,1,0,0,0.9706820101305405,0.002328082803984012,0.002659032186081321,0.0037540482835644587,0.02057682659582986
asthma_v2_asthma_P44WheezingRS_220.wav,0,1,0,2,0.0586162395147971,0.0004193117241276744,0.9388299326648007,0.00028968465748593756,0.0018448314387885085
asthma_v2_asthma_P52WheezingIE_257.wav,0,1,0,0,0.850988231562166,0.0023415145316707225,0.101283843425561,0.0009355295359911677,0.044450880944611144
asthma_v2_asthma_P52WheezingIU_258.wav,0,1,0,0,0.8815339911081805,0.0009447840768282643,0.08638463575878727,0.0007178107883729692,0.030418778267830838
asthma_v2_asthma_P52WheezingRL_259.wav,0,1,0,0,0.9542369348561967,0.018979408510480016,0.013423543179878,0.0013984695662422732,0.011961643887203088
asthma_v2_asthma_P52WheezingRS_256.wav,0,1,0,0,0.9327353301352593,0.005605917758022373,0.042237574319814286,0.0007034700720963389,0.018717707714807533
asthma_v2_asthma_P52WheezingRS_260.wav,0,1,0,0,0.953092535379973,0.014812633630010348,0.013857581478899046,0.0017363742076711652,0.01650087530344637
asthma_v2_asthma_P54WheezingIE_269.wav,0,1,0,4,0.13298553921288608,0.13455972887017098,0.01894743321422646,0.018806880289629367,0.6947004184130874
asthma_v2_asthma_P54WheezingIU_266.wav,0,1,0,4,0.013752562986305712,0.13112944570149426,0.05486587928267767,0.2128950941435601,0.5873570178859624
asthma_v2_asthma_P54WheezingIU_270.wav,0,1,0,3,0.112049651501814,0.06993823876246491,0.015381434576145247,0.48093256357647446,0.32169811158310135
asthma_v2_asthma_P54WheezingRL_267.wav,0,1,0,4,0.011612774509452724,0.02617471988467025,0.017924396828309618,0.17093552421972896,0.7733525845578385
asthma_v2_asthma_P54WheezingRS_268.wav,0,1,0,4,0.027785399344873278,0.2937721391412634,0.021787758800070965,0.1444368590332507,0.512217843680542
asthma_v2_asthma_P58WheezingIU_286.wav,0,1,0,4,0.037419608972143054,0.0009022819530224909,0.002666674245474424,0.00042330130522826926,0.9585881335241319
asthma_v2_asthma_P58WheezingRL_287.wav,0,1,0,4,0.3609946158899009,0.09436848783813911,0.0058965785399608525,0.02859368899570718,0.510146628736292
asthma_v2_asthma_P58WheezingRS_288.wav,0,1,0,4,0.13693878600081671,0.0061203169220042115,0.0026103984238100442,0.0020750104533303055,0.8522554882000389
asthma_v2_asthma_P5AsthmaIE_21.wav,0,1,0,0,0.8962646652642907,0.04214476028226024,0.002866618197944811,0.019151693491122432,0.039572262764382096
asthma_v2_asthma_P5AsthmaIE_25.wav,0,1,0,0,0.5687126940450684,0.009059340053168219,0.0027393431476563875,0.039403513521713555,0.38008510923239325
asthma_v2_asthma_P5AsthmaIU_22.wav,0,1,0,0,0.7087692503795278,0.017378111255107426,0.004680564310328531,0.020208634725361257,0.24896343932967502
asthma_v2_asthma_P5AsthmaRL_23.wav,0,1,0,0,0.827095944971419,0.018001911850576396,0.003301746315693231,0.024588708083040926,0.12701168877927044
asthma_v2_asthma_P5AsthmaRS_24.wav,0,1,0,0,0.6879894080064052,0.01175264621020411,0.003041540267231981,0.017560274008712948,0.27965613150744556
asthma_v2_copd_P10COPDMc_74.wav,0,1,2,0,0.31047688714549154,0.6578327428742504,0.010090243580193172,0.004050017790567622,0.017550108609497413
asthma_v2_copd_P10COPDMc_76.wav,0,1,2,1,0.16110687172392463,0.7334228679980717,0.028822257516393116,0.03134609547706632,0.045301907284544723
asthma_v2_copd_P10COPDMc_78.wav,0,1,2,0,0.8749315339367708,0.0781927058965321,0.033658528139494055,0.0009545923770592603,0.01226263965014398
asthma_v2_copd_P10COPDMc_80.wav,0,1,2,0,0.932459725099907,0.002988506869909219,0.030461315332681614,0.00038637666360187773,0.03370407603390017
asthma_v2_copd_P10COPDPr_73.wav,0,1,2,1,0.09187953846372252,0.9015023618987157,0.0031364461652239775,0.0004873282878765414,0.002994325184461284
asthma_v2_copd_P10COPDPr_75.wav,0,1,2,3,0.3598939162962948,0.24889174069785405,0.026943866218187364,0.26797263386699743,0.09629784292066575
asthma_v2_copd_P10COPDPr_77.wav,0,1,2,3,0.42754144543308265,0.039477735901213264,0.013576827220205827,0.43450127422461143,0.08490271722088655
asthma_v2_copd_P10COPDPr_79.wav,0,1,2,0,0.7937371429409492,0.09959100798059417,0.041569109307783784,0.0005823873360260467,0.06452035243464666
asthma_v2_copd_P12COPDMc_90.wav,0,1,2,2,0.0021683970005772144,0.0021593998201741033,0.9952557250666955,0.00017124959358655553,0.00024522851896689046
asthma_v2_copd_P12COPDMc_92.wav,0,1,2,2,0.004556146789778252,0.011762083064296453,0.983212699526559,0.0001643154286215905,0.00030475519074466743
asthma_v2_copd_P12COPDMc_94.wav,0,1,2,2,0.0025072621167887316,0.006287554436202428,0.9909604235335786,0.00014879061293702168,9.596930049308052e-05
asthma_v2_copd_P12COPDMc_96.wav,0,1,2,2,4.16257686494976e-05,0.0013584615416532475,0.9982826397929583,0.000226286332243904,9.098656449540856e-05
asthma_v2_copd_P12COPDPr_89.wav,0,1,2,2,0.001158576222465359,0.0007432429970915644,0.9979748000215405,4.204409787061089e-05,8.133666103193116e-05
asthma_v2_copd_P12COPDPr_91.wav,0,1,2,2,0.031596214666567896,0.01478795313731652,0.9523435420219778,0.00047215511330184,0.0008001350608356204
asthma_v2_copd_P12COPDPr_93.wav,0,1,2,2,0.014080384996876218,0.05355075634248226,0.9309385054929138,0.0008055048421896414,0.000624848325537683
asthma_v2_copd_P12COPDPr_95.wav,0,1,2,2,0.00019339419144964536,0.0036320514108199894,0.9957297601441912,0.00027214658114767156,0.0001726476723912965
asthma_v2_copd_P20COPDMc_154.wav,0,1,2,2,0.0012426323590805897,0.0014572030538687211,0.9938267510917844,0.0003563773812833198,0.003117036113983251
asthma_v2_copd_P20COPDMc_156.wav,0,1,2,4,0.13528112681658339,0.020518590753407426,0.41852835697281854,0.016824949529210775,0.4088469759279798
asthma_v2_copd_P20COPDMc_158.wav,0,1,2,2,0.0010357371098020905,1.1295281731215938e-05,0.998589055178933,4.989313590957517e-05,0.00031401929362409234
asthma_v2_copd_P20COPDMc_160.wav,0,1,2,2,0.003162462202479324,5.55479616876805e-05,0.9953591971763596,0.0003903873243903353,0.0010324053350831235
asthma_v2_copd_P20COPDPr_153.wav,0,1,2,2,0.004906805190433556,0.0003362703069056645,0.9852090506228274,0.00047029644821039614,0.009077577431622835
asthma_v2_copd_P20COPDPr_155.wav,0,1,2,2,0.17858503791861832,0.039843900801492554,0.5701418403315459,0.03644727901366257,0.17498194193468045
asthma_v2_copd_P20COPDPr_157.wav,0,1,2,4,0.14300062945247252,0.1989370209930166,0.36486784733520133,0.06409702294955437,0.22909747926975502
asthma_v2_copd_P20COPDPr_159.wav,0,1,2,2,0.00232943655388417,3.6357859427227346e-05,0.9967261328854491,0.00010139416132015665,0.0008066785399193943
asthma_v2_copd_P25COPDMc_194.wav,0,1,2,2,0.0010407399108452486,0.10172127959237223,0.8778605741573171,0.01207347141751533,0.007303934921950095
asthma_v2_copd_P25COPDMc_196.wav,0,1,2,2,0.008367906297383725,0.15617557625531986,0.7645486744347691,0.03874976687572406,0.0321580761368029
asthma_v2_copd_P25COPDMc_198.wav,0,1,2,2,0.0008616556050475285,0.0007990422601815862,0.9967102341287569,0.0004605752444803807,0.0011684927615334673
asthma_v2_copd_P25COPDMc_200.wav,0,1,2,2,1.1180762576706926e-06,1.4177133961347567e-06,0.9986092902911555,3.6349422582808766e-05,0.0013518244966076657
asthma_v2_copd_P25COPDPr_193.wav,0,1,2,2,0.0003042502360562294,0.0020066992477532682,0.9968394424470172,0.0004159982252756708,0.0004336098438976873
asthma_v2_copd_P25COPDPr_195.wav,0,1,2,2,0.003190117599898607,0.14596027541980874,0.8035072678453516,0.028572260428889086,0.01877007870605169
asthma_v2_copd_P25COPDPr_197.wav,0,1,2,2,1.9690025898312206e-07,2.415147953648309e-07,0.9998943237019808,2.7656198382225317e-05,7.758168458247956e-05
asthma_v2_copd_P25COPDPr_199.wav,0,1,2,2,0.00022091928843153368,0.00043592897725180436,0.9982644625404165,0.0006499236336670576,0.0004287655602335438
asthma_v2_copd_P27COPDMc_210.wav,0,1,2,2,0.0008879748489919606,0.0003579348550564374,0.9977847287304799,0.0004896983359185376,0.00047966322955346886
asthma_v2_copd_P27COPDMc_212.wav,0,1,2,2,8.409463715812055e-09,1.0105641923211272e-08,0.9999563822199128,9.732892617582497e-07,4.262597571983812e-05
asthma_v2_copd_P27COPDMc_214.wav,0,1,2,2,3.323341404886577e-07,3.5586807655728434e-07,0.999311294684712,1.6727632045347186e-05,0.0006712894810255858
asthma_v2_copd_P27COPDMc_216.wav,0,1,2,2,4.385216647120039e-07,3.700376019260193e-07,0.9994911959391386,0.00019287132922299972,0.0003151241723718061
asthma_v2_copd_P27COPDPr_209.wav,0,1,2,2,5.173742229674013e-09,5.583335678328752e-09,0.9999969665466633,7.348216700641912e-07,2.287874588567962e-06
asthma_v2_copd_P27COPDPr_211.wav,0,1,2,2,0.0012557147392434633,0.00021893060339126137,0.997089574493713,0.0005797002189387811,0.0008560799447138365
asthma_v2_copd_P27COPDPr_213.wav,0,1,2,2,0.00041886648795570996,0.00011340159489687999,0.9969660808695149,7.877924838431801e-05,0.0024228717992482653
asthma_v2_copd_P27COPDPr_215.wav,0,1,2,2,2.0475672316185075e-07,2.7365566882360543e-07,0.999763509810628,7.835658506123162e-05,0.00015765519191879602
asthma_v2_copd_P38COPDMc_298.wav,0,1,2,2,0.13996062781518015,0.00456503296132176,0.8330899191436826,0.00034198020143710227,0.02204243987837867
asthma_v2_copd_P38COPDMc_300.wav,0,1,2,2,0.030007480704998986,0.0002328682567423179,0.9626354434366515,0.0001314017613227295,0.006992805840284663
asthma_v2_copd_P38COPDMc_302.wav,0,1,2,2,0.2062959118453074,0.00044147136548530346,0.7818459336814447,0.0005329451054495531,0.01088373800231338
asthma_v2_copd_P38COPDMc_304.wav,0,1,2,2,0.058077065737489046,0.0015758779127054664,0.8561866086106683,0.006551506052874559,0.07760894168626284
asthma_v2_copd_P38COPDPr_297.wav,0,1,2,2,0.08213107126461713,0.004933181103414615,0.8737529987247197,0.0007008387428075192,0.03848191016444105
asthma_v2_copd_P38COPDPr_299.wav,0,1,2,2,0.08684242301419748,0.0019612968737941425,0.896729608050122,0.0003201645670741199,0.01414650749481232
asthma_v2_copd_P38COPDPr_301.wav,0,1,2,2,0.07817593333006187,0.0004836475295022776,0.91033367362192,0.00019105711410637735,0.010815688404409279
asthma_v2_copd_P38COPDPr_303.wav,0,1,2,2,0.12033519341137502,0.006251244181885845,0.7501028318850699,0.015006184853228119,0.10830454566844151
asthma_v2_copd_P40COPDMc_314.wav,0,1,2,2,0.0044401385792564585,0.24390297552127457,0.7162792616956388,0.005567704913487972,0.0298099192903426
asthma_v2_copd_P40COPDMc_316.wav,0,1,2,2,2.548619890699019e-09,2.1439918459756194e-09,0.9999586365218075,2.0933279326974466e-07,4.114945278756504e-05
asthma_v2_copd_P40COPDMc_318.wav,0,1,2,4,0.1633514529827134,0.12623093604846417,0.168497368249038,0.005441316246244416,0.5364789264735393
asthma_v2_copd_P40COPDMc_320.wav,0,1,2,4,0.0859108539590503,0.06779217952665244,0.0319012242249417,0.0007157614436131407,0.8136799808457424
asthma_v2_copd_P40COPDPr_313.wav,0,1,2,2,0.006819938539895082,0.2992249725238334,0.6528838466765091,0.013271672690872158,0.027799569568890414
asthma_v2_copd_P40COPDPr_315.wav,0,1,2,2,9.869693668899408e-11,1.0998223812863485e-10,0.9999971355381465,8.431160540359642e-08,2.7799415688069622e-06
asthma_v2_copd_P40COPDPr_317.wav,0,1,2,2,3.695290623364464e-10,3.1954433096526003e-10,0.9999962436348152,5.2209485362752825e-08,3.7034666260738397e-06
asthma_v2_copd_P40COPDPr_319.wav,0,1,2,4,0.06637256664762785,0.07551715116842177,0.2608785089035765,0.0030892537010196812,0.5941425195793537
asthma_v2_copd_P44COPDMc_346.wav,0,1,2,2,0.0044489065274089966,0.0005760726919217062,0.9174421480526941,0.0010611657075507226,0.07647170702042454
asthma_v2_copd_P44COPDMc_348.wav,0,1,2,2,0.006297454658524567,0.00048686414272687935,0.8237415323226314,0.002151310439459754,0.16732283843665746
asthma_v2_copd_P44COPDMc_350.wav,0,1,2,2,0.004172359585336535,0.1355871419573991,0.8138536184627493,0.03779488813640875,0.008591991858106388
asthma_v2_copd_P44COPDMc_352.wav,0,1,2,2,8.516939784137422e-07,7.635240853003751e-07,0.9988385185196856,4.2417286451820574e-05,0.0011174489757987962
asthma_v2_copd_P44COPDPr_345.wav,0,1,2,2,3.3909099726307814e-08,4.756652034087806e-08,0.9998515275650569,3.80332838623933e-07,0.00014801062648458224
asthma_v2_copd_P44COPDPr_347.wav,0,1,2,2,0.008075779255325174,0.000427334624580468,0.9290224164601334,0.0012767627076050922,0.06119770695235615
asthma_v2_copd_P44COPDPr_349.wav,0,1,2,2,0.0001608341422042315,0.008599902189288827,0.9861580118792602,0.0038516615886107592,0.0012295902006359163
asthma_v2_copd_P44COPDPr_351.wav,0,1,2,2,0.0010459254862250976,0.032719925369609756,0.9554416273965942,0.0064835520758797765,0.004308969671690928
asthma_v2_copd_P46COPDMc_362.wav,0,1,2,2,0.0019194641470078376,0.0009549005993062095,0.9880592527786014,0.0010951322126477943,0.007971250262436384
asthma_v2_copd_P46COPDMc_364.wav,0,1,2,2,0.000302220465207538,0.0003020394129626504,0.975093392711615,0.0003011020802806457,0.02400124532993429
asthma_v2_copd_P46COPDMc_366.wav,0,1,2,2,1.3892762333089776e-06,1.3772164969098197e-06,0.9987323978176358,3.3907247197739962e-06,0.001261444964914435
asthma_v2_copd_P46COPDMc_368.wav,0,1,2,2,0.02437550144484804,0.0076669840288044085,0.9461744971753959,0.0015764739389163673,0.020206543412035267
asthma_v2_copd_P46COPDPr_361.wav,0,1,2,2,0.0022153595430036126,0.04156963868529238,0.8365065944001837,0.0060140606014534095,0.113694346770067
asthma_v2_copd_P46COPDPr_363.wav,0,1,2,2,0.0056856380142835325,0.001161683060577238,0.9839960252054055,0.0009658554337269535,0.008190798286006643
asthma_v2_copd_P46COPDPr_365.wav,0,1,2,2,1.7602807168181458e-06,1.1877681387623853e-06,0.9985864025954453,1.1184451737645332e-05,0.0013994649039616891
asthma_v2_copd_P46COPDPr_367.wav,0,1,2,2,0.008726789540963061,0.007261510326012532,0.9678413701564694,0.0023372786975996303,0.013833051278955477
asthma_v2_copd_P5COPDMc_34.wav,0,1,2,2,0.07930427035566545,0.0005834264110141271,0.909722186292946,0.003214719962182087,0.007175396978192189
asthma_v2_copd_P5COPDMc_36.wav,0,1,2,2,0.004032648342992631,0.03011174012460554,0.8977263826169143,0.006669974702469401,0.06145925421301849
asthma_v2_copd_P5COPDMc_38.wav,0,1,2,2,0.0012069708640507673,0.0879552841003937,0.8974217884902409,0.002277518457472569,0.01113843808784186
asthma_v2_copd_P5COPDMc_40.wav,0,1,2,2,0.09136785483620334,0.016066111487254103,0.8612054949373145,0.017958162022641153,0.013402376716586764
asthma_v2_copd_P5COPDPr_33.wav,0,1,2,2,0.03165005172452278,0.0011779174653658146,0.9632916229364659,0.0011553702934397382,0.0027250375802059658
asthma_v2_copd_P5COPDPr_35.wav,0,1,2,2,0.04991732425750061,0.026156839065650635,0.9081851111569167,0.00483349056356162,0.010907234956370386
asthma_v2_copd_P5COPDPr_37.wav,0,1,2,2,0.00390116226918909,0.19071514131807518,0.7877348723348166,0.005870607933565985,0.011778216144352937
asthma_v2_copd_P5COPDPr_39.wav,0,1,2,1,0.0047796325474617,0.6559985684069858,0.32201153656446946,0.004289288221215479,0.01292097425986752
asthma_v2_healthy_P12Healthy16S.wav,0,1,3,3,0.02562913654299806,0.0076647622596708685,0.10334131574242608,0.8407860458559809,0.02257873959892376
asthma_v2_healthy_P12Healthy67S.wav,0,1,3,3,0.10643650770021416,0.3120771977026061,0.19209055019134946,0.18042267736305043,0.20897306704278007
asthma_v2_healthy_P12Healthy93S.wav,0,1,3,2,0.030622637572063995,0.012658870394734926,0.8914569076524563,0.034640250866736735,0.030621333514007684
asthma_v2_healthy_P12Healthy98S.wav,0,1,3,3,0.025739280509186408,0.009050225427255828,0.040279719421215686,0.8755558506623934,0.04937492397994916
asthma_v2_healthy_P12Healthy99S.wav,0,1,3,3,0.014106351570415095,0.03206759511574966,0.47635715440586524,0.44563156014064403,0.031837338767325904
asthma_v2_healthy_P15Healthy14S.wav,0,1,3,3,0.0212583411380315,0.09066427170620635,0.012955043850181024,0.7975733264542192,0.07754901685136215
asthma_v2_healthy_P15Healthy55S.wav,0,1,3,3,0.082166056554611,0.20807229263542237,0.38718154543149286,0.25931938148592026,0.06326072389255318
asthma_v2_healthy_P15Healthy61S.wav,0,1,3,4,0.025767096975356327,0.009415065125291727,0.0038877355131145814,0.15721801608259284,0.8037120863036448
asthma_v2_healthy_P15Healthy65S.wav,0,1,3,3,0.038341147449083526,0.11620228102607093,0.13133900017722994,0.6385290995892494,0.07558847175836614
asthma_v2_healthy_P15Healthy93S.wav,0,1,3,3,0.06226265559135631,0.03320214501296995,0.04551534595152029,0.8077030402470975,0.051316813197055916
asthma_v2_healthy_P16Healthy18S.wav,0,1,3,4,0.025767096975356327,0.009415065125291727,0.0038877355131145814,0.15721801608259284,0.8037120863036448
asthma_v2_healthy_P16Healthy19S.wav,0,1,3,4,0.009076619282862162,0.004456020324750784,0.0009419364472240989,0.1115063252851179,0.8740190986600451
asthma_v2_healthy_P16Healthy26S.wav,0,1,3,4,0.01594365843092886,0.005046289006718537,0.0016232314293197234,0.267734475081132,0.7096523460519008
asthma_v2_healthy_P16Healthy38S.wav,0,1,3,4,0.009076619282862162,0.004456020324750784,0.0009419364472240989,0.1115063252851179,0.8740190986600451
asthma_v2_healthy_P16Healthy41S.wav,0,1,3,4,0.01594365843092886,0.005046289006718537,0.0016232314293197234,0.267734475081132,0.7096523460519008
asthma_v2_healthy_P21Healthy15S.wav,0,1,3,3,0.04079355293962719,0.002913304351816906,0.013069015693756812,0.7084690149559443,0.23475511205885452
asthma_v2_healthy_P21Healthy38S.wav,0,1,3,3,0.06092855146799681,0.005177444709556219,0.022355211156659546,0.5849347402078485,0.32660405245793844
asthma_v2_healthy_P21Healthy53S.wav,0,1,3,3,0.1314279587113734,0.01134536905759017,0.09973275897625881,0.6324415158407298,0.1250523974140479
asthma_v2_healthy_P21Healthy95S.wav,0,1,3,3,0.14102994205810535,0.019464390629565318,0.00293001206508066,0.7665299291201481,0.07004572612710025
asthma_v2_healthy_P21Healthy98S.wav,0,1,3,3,0.3804081644530602,0.01683366671535824,0.002072892284650541,0.5534654057115114,0.04721987083541953
asthma_v2_healthy_P4Healthy12S.wav,0,1,3,4,0.07161393144751436,0.1334759497731487,0.052937510158657185,0.0870677146173868,0.654904894003293
asthma_v2_healthy_P4Healthy22S.wav,0,1,3,1,0.030377284227626894,0.5989961560238486,0.11778647164914766,0.03131058816393851,0.22152949993543858
asthma_v2_healthy_P4Healthy62S.wav,0,1,3,3,0.03327000242272608,0.36492494654660745,0.1421280512679598,0.4190744503873749,0.04060254937533171
asthma_v2_healthy_P4Healthy69S.wav,0,1,3,4,0.014280383755508603,0.06376608751338839,0.6160227082734133,0.009557275453986751,0.29637354500370267
asthma_v2_healthy_P4Healthy77S.wav,0,1,3,1,0.014678536048894667,0.8255080402994537,0.03388356923322809,0.11634118632106255,0.00958866809736074
asthma_v2_healthy_P5Healthy10S.wav,0,1,3,3,0.026496234946046023,0.006150657171981058,0.0030030568483838333,0.8268428523410795,0.1375071986925095
asthma_v2_healthy_P5Healthy57S.wav,0,1,3,3,0.011173639512896323,0.0017530178584247915,0.0017061371455422518,0.9414256822249499,0.043941523258186434
asthma_v2_healthy_P5Healthy87S.wav,0,1,3,3,0.023578316942454394,0.004364165001660576,0.016741734754611465,0.915805066464645,0.039510716836628414
asthma_v2_healthy_P5Healthy92S.wav,0,1,3,3,0.01569100107398872,0.0011145940933258531,0.010209770167107233,0.946647715264628,0.026336919400950065
asthma_v2_healthy_P5Healthy96S.wav,0,1,3,3,0.0640054704350608,0.0031511907843176008,0.01212727545503668,0.8672671953916754,0.05344886793390977
asthma_v2_pneumonia_P12Pneumonia23P.wav,0,1,4,4,0.020535184660183375,0.008358190852569475,0.018861165058433924,0.005209375314514231,0.9470360841142994
asthma_v2_pneumonia_P12Pneumonia44H.wav,0,1,4,4,0.05473680181218546,0.014607180131493407,0.02717755467397487,0.0031112315005794393,0.9003672318817667
asthma_v2_pneumonia_P12Pneumonia45B.wav,0,1,4,4,0.10795481587334399,0.06471528451153792,0.0635342475903817,0.005162650551374581,0.7586330014733614
asthma_v2_pneumonia_P12Pneumonia46L.wav,0,1,4,4,0.1111626255532914,0.07741184978167304,0.003930230406259611,0.002577920211300371,0.8049173740474755
asthma_v2_pneumonia_P12Pneumonia59Q.wav,0,1,4,4,0.050840347011558804,0.10604459358402278,0.09385218038859569,0.001479180237151058,0.7477836987786716
asthma_v2_pneumonia_P12Pneumonia97E.wav,0,1,4,4,0.049221942124042795,0.030002374747668842,0.028441887184057196,0.004896301626620149,0.8874374943176109
asthma_v2_pneumonia_P17Pneumonia49T.wav,0,1,4,4,0.04343123084067074,0.0032090566780890446,0.00014565546867226472,0.0030215863961202405,0.9501924706164477
asthma_v2_pneumonia_P17Pneumonia51I.wav,0,1,4,2,0.004659750335780888,0.008702019312138137,0.9078658757672436,0.004567582486812882,0.07420477209802413
asthma_v2_pneumonia_P17Pneumonia57K.wav,0,1,4,4,0.018846967465430874,0.0008200025654664088,4.8950226597089905e-05,0.00026437299340074493,0.980019706749105
asthma_v2_pneumonia_P17Pneumonia63G.wav,0,1,4,4,0.23111870167880688,0.02671052669547253,0.003982214215625593,0.055115304613868564,0.6830732527962263
asthma_v2_pneumonia_P17Pneumonia86O.wav,0,1,4,2,0.012531866285319498,0.07737689395283272,0.733780337678076,0.011129263436422126,0.16518163864734994
asthma_v2_pneumonia_P17Pneumonia91K.wav,0,1,4,2,0.003007768969562626,0.031207827796124746,0.9392757556652657,0.003027945613157023,0.023480701955889548
asthma_v2_pneumonia_P23Pneumonia19A.wav,0,1,4,4,0.13342135870071037,0.004600110965074694,0.05681764429928614,0.003941399252822548,0.8012194867821062
asthma_v2_pneumonia_P23Pneumonia40O.wav,0,1,4,4,0.20579563640957665,0.006970195619810769,0.028159660835345806,0.0017895899521569523,0.7572849171831096
asthma_v2_pneumonia_P23Pneumonia54P.wav,0,1,4,4,0.2245716660416612,0.005629370550340588,0.05254282905575666,0.0034446497653390557,0.7138114845869025
asthma_v2_pneumonia_P23Pneumonia60Y.wav,0,1,4,4,0.11437421149772405,0.0037227445468741094,0.03999602615396159,0.003045731503116312,0.8388612862983241
asthma_v2_pneumonia_P23Pneumonia90V.wav,0,1,4,4,0.10125338068322576,0.003775920419444364,0.022630198126614993,0.0037947013572172577,0.8685457994134979
asthma_v2_pneumonia_P23Pneumonia97P.wav,0,1,4,4,0.20256985869439417,0.022064769413476536,0.0804294917972188,0.041191070882487586,0.6537448092124232
asthma_v2_pneumonia_P25Pneumonia11Z.wav,0,1,4,3,0.18539343247442713,0.02565997760023745,0.091064093895589,0.5885898910001232,0.10929260502962349
asthma_v2_pneumonia_P25Pneumonia16B.wav,0,1,4,4,0.017135712092104995,0.000634672307990928,0.0039685132835955575,0.006965681797028336,0.9712954205192805
asthma_v2_pneumonia_P25Pneumonia30I.wav,0,1,4,3,0.21307149092638786,0.012206452372783764,0.02053574378217115,0.2305654311755201,0.523620881743137
asthma_v2_pneumonia_P25Pneumonia42V.wav,0,1,4,3,0.04221175164184663,0.008570173934463436,0.007863405217083027,0.8614687843721421,0.07988588483446485
asthma_v2_pneumonia_P25Pneumonia93N.wav,0,1,4,3,0.13829127545423148,0.00924790618537592,0.04666374746650541,0.5890235390164317,0.21677353187745557
asthma_v2_pneumonia_P25Pneumonia97D.wav,0,1,4,4,0.008814178992961854,0.0015882921048190645,0.001693967490133881,0.022527949121596152,0.9653756122904888
asthma_v2_pneumonia_P34Pneumonia15R.wav,0,1,4,4,0.018508353762301543,0.004202138573973679,0.0006535096659546545,0.005229514094214954,0.9714064839035551
asthma_v2_pneumonia_P34Pneumonia36H.wav,0,1,4,4,0.04502271759589062,0.005569023111192257,0.0004113402530906659,0.005443326391735249,0.9435535926480914
asthma_v2_pneumonia_P34Pneumonia61E.wav,0,1,4,4,0.05009859611550238,0.004768118634336281,0.00040293463866213595,0.012230038771669912,0.9325003118398291
asthma_v2_pneumonia_P34Pneumonia66M.wav,0,1,4,4,0.022148451477124874,0.004552216440878394,0.00037495274064849003,0.004648905798068799,0.9682754735432795
asthma_v2_pneumonia_P34Pneumonia77O.wav,0,1,4,4,0.02019995878001083,0.004119156122683671,0.0002260206043102655,0.006092985204699093,0.9693618792882961
asthma_v2_pneumonia_P34Pneumonia99G.wav,0,1,4,4,0.04935010304914132,0.007174324142197866,0.0003414895061730084,0.001965358089232583,0.9411687252132553
asthma_v2_pneumonia_P38Pneumonia23A.wav,0,1,4,0,0.8474852247800327,0.08209154864536843,0.02778456753653452,0.0015135235222171852,0.041125135515847316
asthma_v2_pneumonia_P38Pneumonia34H.wav,0,1,4,0,0.6658046673946997,0.041964719894965204,0.012125498741102097,0.03994894726027376,0.24015616670895878
asthma_v2_pneumonia_P38Pneumonia35P.wav,0,1,4,0,0.7741713482966156,0.06184830171647737,0.04895938949796572,0.0012783957223805613,0.11374256476656068
asthma_v2_pneumonia_P38Pneumonia41S.wav,0,1,4,0,0.8209652719718886,0.034216047728260694,0.011665832447149842,0.00922149148227816,0.12393135637042275
asthma_v2_pneumonia_P38Pneumonia61R.wav,0,1,4,0,0.9280573982840852,0.019999858861338423,0.024291186079563775,0.0026760204077667226,0.02497553636724573
asthma_v2_pneumonia_P38Pneumonia64N.wav,0,1,4,0,0.9388052010576142,0.011253338605749353,0.008225792430447633,0.0022586788984114525,0.03945698900777734
asthma_v2_pneumonia_P41Pneumonia17O.wav,0,1,4,4,0.25596450749454636,0.007526126953427339,0.17747974922604834,0.008333878476696022,0.5506957378492825
asthma_v2_pneumonia_P41Pneumonia25E.wav,0,1,4,2,0.043894013608333414,0.005874290380696316,0.9336629263286207,0.0003087213800537976,0.016260048302295743
asthma_v2_pneumonia_P41Pneumonia31S.wav,0,1,4,0,0.3310623555004306,0.3029236482539717,0.027011656426066927,0.03797774114660073,0.3010245986729304
asthma_v2_pneumonia_P41Pneumonia41D.wav,0,1,4,2,0.13564237536451879,0.0025711080791096627,0.852981795643371,0.00012105046567931292,0.0086836704473212
asthma_v2_pneumonia_P41Pneumonia71Q.wav,0,1,4,0,0.9251770588131324,0.00038862264085604665,0.003452049895863306,0.001850032434637504,0.06913223621551069
asthma_v2_pneumonia_P41Pneumonia72U.wav,0,1,4,0,0.9334190809117043,0.013301212001846181,0.0054944316494106495,0.000598109895308637,0.047187165541730344
asthma_v2_pneumonia_P45Pneumonia10J.wav,0,1,4,4,0.047515368635509966,0.015435345995365713,0.019778383582263585,0.16636412758280433,0.7509067742040564
asthma_v2_pneumonia_P45Pneumonia25T.wav,0,1,4,4,0.07586799504057837,0.0015263044248647322,0.019730951772149896,0.00490400815620314,0.8979707406062037
asthma_v2_pneumonia_P45Pneumonia29L.wav,0,1,4,4,0.13662266619579455,0.001802012082529073,0.03288031948513916,0.00356394560196429,0.8251310566345731
asthma_v2_pneumonia_P45Pneumonia51F.wav,0,1,4,4,0.05862810539242957,0.01677398077530648,0.02872168756626977,0.10732841772126604,0.7885478085447282
asthma_v2_pneumonia_P45Pneumonia59I.wav,0,1,4,4,0.05914891655755565,0.0012422673265837885,0.020729436655985502,0.006709989954487518,0.9121693895053876
asthma_v2_pneumonia_P45Pneumonia72P.wav,0,1,4,3,0.15907090361967566,0.014867666986829335,0.06653340348652864,0.14956443269688796,0.6099635932100786
asthma_v2_Bronchial_P10BronchialSc_46.wav,0,2,1,2,0.0002453763532830419,0.0023563096049946265,0.9908135895567319,0.001399243106228356,0.005185481378762026
asthma_v2_Bronchial_P10BronchialSc_48.wav,0,2,1,2,8.627166453682909e-05,0.003251315677770181,0.9946819454515158,0.0009135186686407132,0.0010669485375362515
asthma_v2_Bronchial_P10BronchialSc_50.wav,0,2,1,1,0.004205199049038179,0.9326281711653808,0.05802501658451878,0.0017068024575185106,0.0034348107435439325
asthma_v2_Bronchial_P10BronchialTc_47.wav,0,2,1,2,8.532942718904908e-05,0.005410049734339733,0.9920918640984074,0.0008884952192003291,0.0015242615208634462
asthma_v2_Bronchial_P10BronchialTc_49.wav,0,2,1,1,0.00468599768041753,0.9650459198149539,0.02626791701929307,0.0016515978827516022,0.0023485676025834738
asthma_v2_Bronchial_P12BronchialSc_56.wav,0,2,1,0,0.9732216074712969,0.008005748430174554,0.0013426468128114892,0.001125737279609677,0.016304260006107487
asthma_v2_Bronchial_P12BronchialSc_58.wav,0,2,1,0,0.9367449812695975,0.02256295167819147,0.012150407756139316,0.01694474735450853,0.01159691194156315
asthma_v2_Bronchial_P12BronchialSc_60.wav,0,2,1,3,0.27464336106731896,0.18663706510059272,0.009093323132515986,0.4591512869358376,0.0704749637637348
asthma_v2_Bronchial_P12BronchialTc_57.wav,0,2,1,0,0.9765039479358628,0.01077834061137317,0.001296281451183998,0.00046378520817212513,0.010957644793407943
asthma_v2_Bronchial_P12BronchialTc_59.wav,0,2,1,0,0.9119425735953458,0.03455839305499225,0.005760155326576469,0.0013079952459279713,0.04643088277715732
asthma_v2_Bronchial_P3BronchialSc_12.wav,0,2,1,1,0.0057253303731888945,0.9750905180003049,0.008978758947186761,0.0074820222466607696,0.0027233704326585007
asthma_v2_Bronchial_P3BronchialSc_14.wav,0,2,1,3,0.007185633121673583,0.1315855403615766,0.4986019785302251,0.3410851433585076,0.021541704628017033
asthma_v2_Bronchial_P3BronchialTc_11.wav,0,2,1,1,0.0073386862182907775,0.9654311080878505,0.016009626052398654,0.007502658413424091,0.0037179212280356957
asthma_v2_Bronchial_P3BronchialTc_13.wav,0,2,1,2,0.013327998617664446,0.16068234954517252,0.6404637442274445,0.1677823946459724,0.01774351296374607
asthma_v2_Bronchial_P3BronchialTc_15.wav,0,2,1,3,0.01390451200301723,0.14340366617719139,0.37663852826153,0.44382300700559046,0.022230286552671157
asthma_v2_Bronchial_P6BronchialSc_26.wav,0,2,1,1,0.007141523197800908,0.6385189774869164,0.27549960209398755,0.06129961906722177,0.017540278154073358
asthma_v2_Bronchial_P6BronchialSc_28.wav,0,2,1,1,0.0008469337150347008,0.993350818415299,0.003183712352863098,0.0018604032908400609,0.0007581322259633895
asthma_v2_Bronchial_P6BronchialSc_30.wav,0,2,1,1,0.0034336090835268298,0.9385951218667903,0.03772942217060618,0.010458654847224524,0.00978319203185252
asthma_v2_Bronchial_P6BronchialTc_27.wav,0,2,1,1,0.00334318868651106,0.9590726333239775,0.01742243636279487,0.017446487201652813,0.002715254425063834
asthma_v2_Bronchial_P6BronchialTc_29.wav,0,2,1,1,0.00964188307193934,0.9430590718233763,0.016853027513849924,0.014160425072646407,0.01628559251818769
asthma_v2_Bronchial_P8BronchialSc_36.wav,0,2,1,1,0.006552771883341681,0.9666529691330498,0.011704737228847673,0.009439178088720282,0.005650343666040345
asthma_v2_Bronchial_P8BronchialSc_38.wav,0,2,1,1,0.0012649572930885213,0.9858849795522452,0.007519915836103571,0.002794330215087078,0.0025358171034759367
asthma_v2_Bronchial_P8BronchialSc_40.wav,0,2,1,1,0.0020194043328479335,0.9592961431581146,0.014403243121301026,0.022136810693072478,0.0021443986946638343
asthma_v2_Bronchial_P8BronchialTc_37.wav,0,2,1,1,0.009533614453196037,0.9677693911586922,0.005620359616139633,0.005852022932384417,0.011224611839587777
asthma_v2_Bronchial_P8BronchialTc_39.wav,0,2,1,1,0.0021264919060788585,0.9825423115875154,0.006053411768552278,0.008014665373917606,0.0012631193639358125
asthma_v2_asthma_P14WheezingIE_69.wav,0,2,0,3,0.4092906956371743,0.00858083758147699,0.008115786180754456,0.40610937189575097,0.16790330870484316
asthma_v2_asthma_P14WheezingIU_66.wav,0,2,0,0,0.9590025582206303,0.00631084617014588,0.0046323651554214815,0.0005515127332273087,0.029502717720574983
asthma_v2_asthma_P14WheezingIU_70.wav,0,2,0,4,0.3854842979401068,0.0025952053803737795,0.004437586309020902,0.01195777328107131,0.5955251370894277
asthma_v2_asthma_P14WheezingRL_67.wav,0,2,0,0,0.8091461843874608,0.0011014685364162207,0.00203275978144122,0.01766988288520872,0.1700497044094729
asthma_v2_asthma_P14WheezingRS_68.wav,0,2,0,0,0.7250654530858092,0.0025303817088926338,0.0028456422131646177,0.005589291168960758,0.2639692318231731
asthma_v2_asthma_P19WheezingIE_93.wav,0,2,0,4,0.46044193198613553,0.04509426018337188,0.0031934351544264643,0.008628679026940474,0.4826416936491259
asthma_v2_asthma_P19WheezingIU_94.wav,0,2,0,0,0.7647197192136735,0.058496944638740944,0.08742887875391865,0.0035802593361291455,0.08577419805753823
asthma_v2_asthma_P19WheezingRL_91.wav,0,2,0,0,0.9699738678199307,0.0021845939841047953,0.0024021839396116875,0.0001750902846799023,0.025264263971672758
asthma_v2_asthma_P19WheezingRL_95.wav,0,2,0,0,0.9692600100523274,0.0015898661960650022,0.001335571810885383,0.00020440506609242242,0.027610146874629773
asthma_v2_asthma_P19WheezingRS_92.wav,0,2,0,3,0.389940065052116,0.025388443733860535,0.02540169670753863,0.3313524167033575,0.2279173778031275
asthma_v2_asthma_P24WheezingIE_117.wav,0,2,0,0,0.796043592273518,0.0006548823892890783,0.02372529241491223,0.0005092498021702235,0.17906698312011018
asthma_v2_asthma_P24WheezingIU_118.wav,0,2,0,0,0.6716127116652048,0.004669775025102057,0.06274767571438539,0.012783367364003722,0.2481864702313043
asthma_v2_asthma_P24WheezingRL_119.wav,0,2,0,0,0.8670130080206339,0.00286418512314342,0.003991662413899831,0.00019468866785405997,0.125936455774469
asthma_v2_asthma_P24WheezingRS_116.wav,0,2,0,0,0.9100910555024023,0.004508301526343143,0.013942671870593087,0.0018351941006307508,0.06962277700003053
asthma_v2_asthma_P24WheezingRS_120.wav,0,2,0,0,0.5230143103244663,0.009139092758803273,0.060777282034068784,0.022327054009774028,0.3847422608728877
asthma_v2_asthma_P30WheezingIE_149.wav,0,2,0,0,0.8487245270299167,0.0036496896031721054,0.0010039670916620269,0.0035395459723271995,0.14308227030292156
asthma_v2_asthma_P30WheezingIU_146.wav,0,2,0,0,0.7413356033859869,0.0003086302740779446,0.0021772730793795975,0.0004443937304542117,0.25573409953010134
asthma_v2_asthma_P30WheezingIU_150.wav,0,2,0,0,0.7210924066069277,0.0406102439343293,0.0030565739918863963,0.012103365482961318,0.22313740998389536
asthma_v2_asthma_P30WheezingRL_147.wav,0,2,0,0,0.8431839862299411,0.009589378508949895,0.007137421016868841,0.0008154416073213295,0.13927377263691912
asthma_v2_asthma_P30WheezingRS_148.wav,0,2,0,0,0.760653398640914,0.0064750400107548385,0.002754042345137353,0.002948748548345981,0.22716877045484737
asthma_v2_asthma_P32WheezingIE_157.wav,0,2,0,0,0.7568317079401649,0.004379649165744165,0.007177420970253694,0.004328385737121846,0.22728283618671552
asthma_v2_asthma_P32WheezingIU_158.wav,0,2,0,0,0.8800255888410276,0.0083565910593784,0.00614405840063563,0.004941775368718957,0.10053198633023959
asthma_v2_asthma_P32WheezingRL_159.wav,0,2,0,0,0.5272919010896187,0.18221964154108625,0.08347033930251846,0.018025460005966203,0.18899265806081034
asthma_v2_asthma_P32WheezingRS_156.wav,0,2,0,0,0.8201494181572162,0.007087848223757218,0.0011441656822983363,0.05531565699710248,0.11630291093962603
asthma_v2_asthma_P32WheezingRS_160.wav,0,2,0,0,0.6596701887040975,0.0027550657916282605,0.007010261778483575,0.0021974463433870914,0.32836703738240347
asthma_v2_asthma_P36WheezingIE_177.wav,0,2,0,0,0.9496966913962704,0.00417765517710271,0.017284526866111805,0.0003715620601154119,0.028469564500399527
asthma_v2_asthma_P36WheezingIU_178.wav,0,2,0,0,0.9368953572933786,0.000299635330287179,0.012119735062399953,0.0002125510909317288,0.050472721223002504
asthma_v2_asthma_P36WheezingRL_179.wav,0,2,0,0,0.46477171262323597,0.38683965356160843,0.06522278486561323,0.0013152706822660131,0.08185057826727643
asthma_v2_asthma_P36WheezingRS_176.wav,0,2,0,0,0.9640497723929378,0.0010014037493690385,0.02269415611332604,0.00020391302158966496,0.012050754722777545
asthma_v2_asthma_P36WheezingRS_180.wav,0,2,0,1,0.16927454607707118,0.7856905196658132,0.02040288248625646,0.0009772519328885467,0.023654799837970555
asthma_v2_asthma_P45WheezingIE_221.wav,0,2,0,0,0.8533543408719987,0.07105175914787841,0.029203543734247644,0.01023644004532127,0.03615391620055383
asthma_v2_asthma_P45WheezingIE_225.wav,0,2,0,0,0.9206886073822347,0.009618236341470233,0.007757674935631363,0.0008144163812694338,0.06112106495939445
asthma_v2_asthma_P45WheezingIU_222.wav,0,2,0,0,0.9248436227396315,0.01424168938840676,0.02760823284495326,0.0012375389532919166,0.03206891607371683
asthma_v2_asthma_P45WheezingRL_223.wav,0,2,0,0,0.6534947317031825,0.10009434977052675,0.21494524965712317,0.002026291246217802,0.029439377622949597
asthma_v2_asthma_P45WheezingRS_224.wav,0,2,0,0,0.7140222375162334,0.004162940115324649,0.11660466539435439,0.0024640301924357356,0.16274612678165182
asthma_v2_asthma_P46WheezingIE_229.wav,0,2,0,0,0.8017789158119725,0.043059010597418096,0.04333765578950528,0.002676351905153789,0.10914806589595026
asthma_v2_asthma_P46WheezingIU_226.wav,0,2,0,0,0.6164892322252882,0.3497106704066844,0.023211048057472074,0.0008731940419976312,0.00971585526855774
asthma_v2_asthma_P46WheezingIU_230.wav,0,2,0,0,0.6193773635444886,0.013031427612966237,0.08565403800188347,0.004546618580953084,0.27739055225970854
asthma_v2_asthma_P46WheezingRL_227.wav,0,2,0,0,0.6846953239096556,0.057328745607052665,0.23073915731336192,0.0017936670209981803,0.025443106148931544
asthma_v2_asthma_P46WheezingRS_228.wav,0,2,0,0,0.7550291053282089,0.07154142701598021,0.11891087900718228,0.002965929371993152,0.051552659276635715
asthma_v2_asthma_P48WheezingIE_237.wav,0,2,0,0,0.6436793012631579,0.004126193093860196,0.017712456865931005,0.0014983241999321764,0.3329837245771189
asthma_v2_asthma_P48WheezingIU_238.wav,0,2,0,0,0.8211798582260011,0.01258983797181371,0.04843592398448221,0.004993381361152631,0.1128009984565501
asthma_v2_asthma_P48WheezingRL_239.wav,0,2,0,0,0.7004069113954638,0.019336660688278197,0.05570929806566334,0.0032029706334578234,0.2213441592171366
asthma_v2_asthma_P48WheezingRS_236.wav,0,2,0,0,0.7491988791045926,0.021420430545224085,0.031150495601437865,0.001843838245313602,0.1963863565034321
asthma_v2_asthma_P48WheezingRS_240.wav,0,2,0,0,0.8701843786748648,0.0033524550142843786,0.031351809964143544,0.0014302002491370235,0.09368115609757006
asthma_v2_asthma_P57WheezingIE_281.wav,0,2,0,3,0.12091350624191932,0.003880409881369494,0.00730530066701317,0.6744426769213271,0.19345810628837082
asthma_v2_asthma_P57WheezingIE_285.wav,0,2,0,4,0.1773742499957968,0.3300631100526555,0.0021924403747368057,0.02657859344770828,0.4637916061291026
asthma_v2_asthma_P57WheezingIU_282.wav,0,2,0,4,0.14457699839342358,0.0010945715870574017,0.0006234453725415816,0.08544030118968982,0.7682646834572875
asthma_v2_asthma_P57WheezingRL_283.wav,0,2,0,4,0.07847706582560099,0.0007080500028642442,0.001218478917831962,0.000412118176966456,0.9191842870767364
asthma_v2_asthma_P57WheezingRS_284.wav,0,2,0,0,0.4168576358886969,0.45667083610409615,0.00605579303799311,0.04178932581455854,0.07862640915465521
asthma_v2_copd_P13COPDMc_100.wav,0,2,2,2,0.003706416997504251,0.013417077141504231,0.9259400114926658,0.028237500549082396,0.02869899381924362
asthma_v2_copd_P13COPDMc_102.wav,0,2,2,2,0.000561657550849678,0.00017953636185810674,0.9990348709787831,4.028413815591375e-05,0.0001836509703529698
asthma_v2_copd_P13COPDMc_104.wav,0,2,2,2,0.0007871390857890242,0.0004479987704579552,0.996685227594122,0.00010129327022598461,0.0019783412794050497
asthma_v2_copd_P13COPDMc_98.wav,0,2,2,2,0.0037313409112040364,0.028657578164155376,0.8155170456740636,0.024816604489668853,0.12727743076090833
asthma_v2_copd_P13COPDPr_101.wav,0,2,2,2,0.0071073408870929305,0.002174954784082778,0.989492923165019,7.205705079577598e-05,0.0011527241130094407
asthma_v2_copd_P13COPDPr_103.wav,0,2,2,2,0.0023555671619987614,0.0006804919730867935,0.996219953428683,0.00019116942410871328,0.0005528180121231556
asthma_v2_copd_P13COPDPr_97.wav,0,2,2,2,0.00047952964102476595,0.0012762536451645086,0.9945291203296134,0.0016068267294275071,0.0021082696547700093
asthma_v2_copd_P13COPDPr_99.wav,0,2,2,2,0.0007141384739926284,0.0042535823456862085,0.9627055873941542,0.01810043823843225,0.014226253547734614
asthma_v2_copd_P15COPDMc_114.wav,0,2,2,2,0.11641675469377248,0.014629748306278759,0.8625008941043368,0.004420755475150659,0.002031847420460843
asthma_v2_copd_P15COPDMc_116.wav,0,2,2,2,0.012809735671849792,0.0004201028244503235,0.9860378317903662,0.0001648281576101162,0.0005675015557234866
asthma_v2_copd_P15COPDMc_118.wav,0,2,2,0,0.6434991882652382,0.0002759077612176216,0.3439312012230661,0.00042256614622337746,0.011871136604254656
asthma_v2_copd_P15COPDMc_120.wav,0,2,2,2,0.08655478005129616,0.008181986933302443,0.8918532750080337,0.0029735165824767928,0.010436441424890957
asthma_v2_copd_P15COPDPr_113.wav,0,2,2,2,0.13123889516981943,0.003403393140875614,0.8641336768493658,0.0002949679474135382,0.0009290668925257769
asthma_v2_copd_P15COPDPr_115.wav,0,2,2,2,0.10821182364907889,0.011348407574736786,0.8720503056465517,0.0012652923736981908,0.007124170755934452
asthma_v2_copd_P15COPDPr_117.wav,0,2,2,2,0.24056380106151665,0.06854360214875875,0.674406574894502,0.00207799120009254,0.014408030695130528
asthma_v2_copd_P15COPDPr_119.wav,0,2,2,2,0.028830774149037074,0.0045660747424853525,0.9575386348819074,0.003105552314275596,0.005958963912295085
asthma_v2_copd_P18COPDMc_138.wav,0,2,2,2,1.1864880051607235e-07,5.118317855314898e-08,0.9999761173268367,1.2802984134273818e-06,2.2432542770710353e-05
asthma_v2_copd_P18COPDMc_140.wav,0,2,2,2,0.0005579448824696244,1.4039319622027879e-06,0.9990939602146834,3.8116545364644794e-05,0.0003085744255198222
asthma_v2_copd_P18COPDMc_142.wav,0,2,2,2,0.008747412594149429,0.0005311574704683738,0.9877854735866393,7.929104520734012e-05,0.0028566653035358653
asthma_v2_copd_P18COPDMc_144.wav,0,2,2,2,9.84782092988697e-07,2.1554728463440685e-06,0.9990606736224478,7.15403878787427e-05,0.0008646457347341077
asthma_v2_copd_P18COPDPr_137.wav,0,2,2,2,0.003838267372959149,5.623267848799771e-06,0.9936187943021499,0.0002664342909181383,0.0022708807661239515
asthma_v2_copd_P18COPDPr_139.wav,0,2,2,2,0.004578180974259207,9.979207633717225e-06,0.9900669286014071,0.00015336549597559808,0.005191545720724432
asthma_v2_copd_P18COPDPr_141.wav,0,2,2,2,3.4614480806417976e-07,1.6554637767692897e-07,0.9998639064226781,2.416104585190048e-06,0.00013316578155088868
asthma_v2_copd_P18COPDPr_143.wav,0,2,2,2,3.2909277150005168e-09,2.2800525603255957e-09,0.9999470425319164,1.0994991594375332e-06,5.185239794383217e-05
asthma_v2_copd_P28COPDMc_218.wav,0,2,2,2,0.008864160102154173,0.0027797176945814073,0.974249851653208,0.006553837667954112,0.007552432882102504
asthma_v2_copd_P28COPDMc_220.wav,0,2,2,2,0.03666027089599971,0.0020622798094308346,0.9361921018860236,0.009400308778881815,0.015685038629663844
asthma_v2_copd_P28COPDMc_222.wav,0,2,2,2,5.313986303532311e-07,5.286221929658901e-07,0.9997100202171817,6.307420695336423e-06,0.0002826123412995231
asthma_v2_copd_P28COPDMc_224.wav,0,2,2,2,0.002996285305497811,0.0004799473004271262,0.9922691637356834,0.0001317598368379299,0.004122843821553496
asthma_v2_copd_P28COPDPr_217.wav,0,2,2,2,1.276236473835913e-07,8.501868280420103e-08,0.9996696724389508,0.00017400825580920966,0.00015610666290970227
asthma_v2_copd_P28COPDPr_219.wav,0,2,2,2,0.019089703653722683,0.0014320165210475178,0.9652443152607182,0.0051522373003048275,0.00908172726420668
asthma_v2_copd_P28COPDPr_221.wav,0,2,2,2,0.0007763954178929602,0.0003415720220609479,0.998046090534229,5.0183466532065676e-05,0.0007857585592851199
asthma_v2_copd_P28COPDPr_223.wav,0,2,2,2,3.141045924918807e-07,3.4414099237700034e-07,0.9997219576927966,1.7395408225806103e-05,0.0002599886533926949
asthma_v2_copd_P29COPDMc_226.wav,0,2,2,2,0.0017901220468498754,0.0003105836511240935,0.9949227181210148,0.00016554489214537716,0.002811031288865543
asthma_v2_copd_P29COPDMc_228.wav,0,2,2,2,1.223803204212233e-08,1.76485967178139e-08,0.9998595916308759,7.529405176369139e-06,0.0001328490773192035
asthma_v2_copd_P29COPDMc_230.wav,0,2,2,2,1.4158498959117886e-07,1.2551295465152606e-07,0.999631532588145,4.904000342111002e-06,0.00036329631356878605
asthma_v2_copd_P29COPDMc_232.wav,0,2,2,2,4.7373717463478625e-08,3.5325816838833876e-08,0.9997926680780637,1.308492794205215e-05,0.0001941642944601852
asthma_v2_copd_P29COPDPr_225.wav,0,2,2,2,0.004440521209548816,0.0005244325469564477,0.9871656346959989,0.00021178696116494366,0.007657624586330988
asthma_v2_copd_P29COPDPr_227.wav,0,2,2,2,1.4738550268398183e-08,1.4971862464172975e-08,0.9998682251106547,9.4333430707916e-06,0.00012231183586158936
asthma_v2_copd_P29COPDPr_229.wav,0,2,2,2,1.0409348485896409e-09,8.794715399596237e-10,0.9999713840872549,1.0222878722797447e-05,1.8391113615759745e-05
asthma_v2_copd_P29COPDPr_231.wav,0,2,2,2,2.7781093221234172e-08,1.7635868140920756e-08,0.9998568125431688,3.963765242145002e-06,0.000139178274627718
asthma_v2_copd_P30COPDMc_234.wav,0,2,2,2,0.011035029243882818,1.6979415356784883e-05,0.953564428904763,0.0010614341574523385,0.034322128278545125
asthma_v2_copd_P30COPDMc_236.wav,0,2,2,2,1.0827283477315367e-07,7.305838137136332e-08,0.9996745172388222,0.0001495963257671103,0.0001757051041946518
asthma_v2_copd_P30COPDMc_238.wav,0,2,2,2,1.0383282173406069e-08,6.307214097100503e-09,0.9999228842850665,4.1167690785183396e-05,3.593133365224833e-05
asthma_v2_copd_P30COPDMc_240.wav,0,2,2,2,1.3010078521241066e-08,7.755307869537765e-09,0.9999337275207156,1.9346710386255582e-05,4.690500351195355e-05
asthma_v2_copd_P30COPDPr_233.wav,0,2,2,2,0.0009368802103662925,7.377211496345951e-06,0.9963267106857184,0.0002602048768498434,0.002468827015569004
asthma_v2_copd_P30COPDPr_235.wav,0,2,2,2,0.0070491686926022045,3.971413804909812e-05,0.9540644972343784,0.002192901407017844,0.036653718527952454
asthma_v2_copd_P30COPDPr_237.wav,0,2,2,2,1.8154270564279438e-08,9.854675623467035e-09,0.9999123275990965,4.5380185035090754e-05,4.2264206922139146e-05
asthma_v2_copd_P30COPDPr_239.wav,0,2,2,2,3.6810130386231527e-09,2.5039264294449354e-09,0.9999788813419669,6.359267735171219e-06,1.4753205358452786e-05
asthma_v2_copd_P47COPDMc_370.wav,0,2,2,1,0.08704666788418153,0.486121749042336,0.32724482542453703,0.012968323090374316,0.08661843455857114
asthma_v2_copd_P47COPDMc_372.wav,0,2,2,2,0.012695161083395705,0.002103536912008769,0.979872508487593,0.00047102893029218537,0.00485776458671042
asthma_v2_copd_P47COPDMc_374.wav,0,2,2,2,0.0003524272579297051,0.01514388858692748,0.9722565589888278,0.011090083044103373,0.0011570421222115586
asthma_v2_copd_P47COPDMc_376.wav,0,2,2,3,0.0028067434520196227,0.0025620857392717727,0.7197530928339394,0.2550780598264521,0.019800018148316896
asthma_v2_copd_P47COPDPr_369.wav,0,2,2,0,0.5073498509174967,0.013267105384622216,0.41774879729969466,0.004639184813799456,0.056995061584387004
asthma_v2_copd_P47COPDPr_371.wav,0,2,2,2,0.08106617674396938,0.18254124489603005,0.5912691160244126,0.004945281715905215,0.1401781806196831
asthma_v2_copd_P47COPDPr_373.wav,0,2,2,2,0.030472723922477695,0.018958789246576735,0.8871467691952133,0.04317959354825669,0.020242124087475336
asthma_v2_copd_P47COPDPr_375.wav,0,2,2,2,0.00028576289951705276,0.011669608197790587,0.9757617163712998,0.011027240277595137,0.001255672253797742
asthma_v2_copd_P49COPDMc_386.wav,0,2,2,2,1.4537694825328333e-06,1.5871025985390625e-06,0.9981409936486805,0.0012527989310329518,0.0006031665482055548
asthma_v2_copd_P49COPDMc_388.wav,0,2,2,2,1.5850912858658313e-06,1.6176918382229842e-06,0.9981298470639267,0.0007090934960163637,0.0011578566569328162
asthma_v2_copd_P49COPDMc_390.wav,0,2,2,2,1.661710084530974e-05,0.000665413773804333,0.9945383504033865,0.004405627039336214,0.00037399168262787475
asthma_v2_copd_P49COPDMc_392.wav,0,2,2,2,7.261743449095756e-07,6.233819613658111e-07,0.9997831698251444,5.103170791286776e-05,0.00016444891063640762
asthma_v2_copd_P49COPDPr_385.wav,0,2,2,2,0.0024966226142051906,0.0011539572852117617,0.9928870078555476,0.0009998600179862848,0.0024625522270488127
asthma_v2_copd_P49COPDPr_387.wav,0,2,2,2,2.528204819834043e-07,2.842610976076277e-07,0.9992797165664079,0.0005207373272380785,0.00019900902477445933
asthma_v2_copd_P49COPDPr_389.wav,0,2,2,2,1.4270069343004591e-06,1.5417916282290772e-06,0.9981711189225324,0.001428198418032407,0.0003977138608726845
asthma_v2_copd_P49COPDPr_391.wav,0,2,2,2,8.791457077250838e-07,4.962920719540052e-07,0.9997391317925471,5.0377229786447854e-05,0.00020911553988645938
asthma_v2_copd_P4COPDMc_26.wav,0,2,2,2,0.0005044281009596911,0.0003443778500379899,0.9949458451269748,0.0028933909036625983,0.0013119580183646622
asthma_v2_copd_P4COPDMc_28.wav,0,2,2,2,2.9150710373369246e-08,2.2340538797879185e-08,0.9997903180033336,0.00011444600399275461,9.518450142445738e-05
asthma_v2_copd_P4COPDMc_30.wav,0,2,2,2,0.005521692421110925,0.00016349319773474716,0.9913499356777313,0.00026497286914930584,0.002699905834273273
asthma_v2_copd_P4COPDMc_32.wav,0,2,2,2,0.04100023114494377,0.00021024313446348113,0.9369862704222313,0.0055261620120938834,0.016277093286267513
asthma_v2_copd_P4COPDPr_25.wav,0,2,2,2,2.8459983634328354e-07,2.6637684213145884e-07,0.9995719392236379,0.00026614474338865153,0.0001613650562950566
asthma_v2_copd_P4COPDPr_27.wav,0,2,2,2,1.5309183739631056e-08,1.0130851711942328e-08,0.9998452189532717,7.663279877743342e-06,0.00014709232681529806
asthma_v2_copd_P4COPDPr_29.wav,0,2,2,2,5.686926613990685e-08,3.19749967005496e-08,0.9998212750669597,4.7358130806576665e-06,0.00017390027569672172
asthma_v2_copd_P4COPDPr_31.wav,0,2,2,2,0.005928526218740565,0.00019246560574522807,0.9899898313388101,0.0006202204893391749,0.0032689563473649865
asthma_v2_copd_P51COPDPr_401.wav,0,2,2,2,1.4514887661092101e-08,1.2925631275183863e-08,0.9999789166697897,1.305565613859775e-06,1.9750324077553647e-05
asthma_v2_copd_P8COPDMc_58.wav,0,2,2,2,0.006198270371451059,0.0006178047721287209,0.990597696511444,0.0006273458627801882,0.0019588824821958873
asthma_v2_copd_P8COPDMc_60.wav,0,2,2,2,4.134002107254199e-09,2.3873560256635638e-09,0.9999859395188284,6.820892681062168e-07,1.3371870545567744e-05
asthma_v2_copd_P8COPDMc_62.wav,0,2,2,2,2.194835801606076e-07,9.174695397898027e-08,0.9998034169167285,4.559034757984963e-06,0.00019171281797937631
asthma_v2_copd_P8COPDMc_64.wav,0,2,2,2,0.0038673727306520913,0.0002102431740607646,0.9866776189773954,0.0007116614340689529,0.00853310368382287
asthma_v2_copd_P8COPDPr_57.wav,0,2,2,2,0.001496079871940384,2.627434636524458e-05,0.9949103834902423,0.00033676396515198846,0.003230498326299598
asthma_v2_copd_P8COPDPr_59.wav,0,2,2,2,2.3422346619093487e-08,1.4249890111205187e-08,0.9998689216969066,2.7447490843755396e-06,0.00012829588177245185
asthma_v2_copd_P8COPDPr_61.wav,0,2,2,2,0.0017032528827667127,4.7815343357604226e-05,0.9966818520198392,0.0004080368666544504,0.0011590428873820306
asthma_v2_copd_P8COPDPr_63.wav,0,2,2,2,1.2904517631390924e-08,7.2639531647719515e-09,0.9999301350472033,1.7085062370398796e-07,6.967393370216197e-05
asthma_v2_healthy_P17Healthy22S.wav,0,2,3,3,0.018756749064609127,0.007847923629550528,0.03750650584470583,0.8146158671249436,0.12127295433619102
asthma_v2_healthy_P17Healthy35S.wav,0,2,3,3,0.018899197415345865,0.010734457286057089,0.03547138778733685,0.8223247060186524,0.11257025149260753
asthma_v2_healthy_P17Healthy58S.wav,0,2,3,0,0.5074060196971246,0.07195954121473916,0.01262166012118016,0.026069326552987205,0.38194345241396904
asthma_v2_healthy_P17Healthy71S.wav,0,2,3,4,0.234888543874159,0.008660250602089704,0.004828299499766384,0.00315782290414955,0.7484650831198355
asthma_v2_healthy_P17Healthy83S.wav,0,2,3,4,0.11269463320521615,0.06982428964743359,0.0031492288761102317,0.0055092420337066565,0.8088226062375335
asthma_v2_healthy_P18Healthy17S.wav,0,2,3,3,0.24934293526445786,0.012051068371014797,0.016283044289406176,0.5525033789110995,0.16981957316402135
asthma_v2_healthy_P18Healthy46S.wav,0,2,3,3,0.03351223715085587,0.5203152222966619,0.011609756678741564,0.4011441944753933,0.03341858939834717
asthma_v2_healthy_P18Healthy59S.wav,0,2,3,1,0.024456402388763135,0.8212682253887806,0.005078353112135084,0.13456612659743936,0.014630892512881933
asthma_v2_healthy_P18Healthy79S.wav,0,2,3,3,0.28006466673606906,0.012258005481039266,0.03615840470846742,0.48657541508115265,0.18494350799327175
asthma_v2_healthy_P18Healthy98S.wav,0,2,3,3,0.22211000128833303,0.0078108074927956544,0.024312641084877504,0.5658518386962212,0.17991471143777268
asthma_v2_healthy_P22Healthy36S.wav,0,2,3,3,0.01785557197844891,0.0013700356411330895,0.031670984738237457,0.8993510687757785,0.0497523388664018
asthma_v2_healthy_P22Healthy45S.wav,0,2,3,3,0.015820744589373232,0.0004621800039759945,0.006158159599603139,0.9444277649624291,0.03313115084461847
asthma_v2_healthy_P22Healthy50S.wav,0,2,3,3,0.24112687368718236,0.012448698940716384,0.005759021665129182,0.6666818853266098,0.0739835203803625
asthma_v2_healthy_P22Healthy88S.wav,0,2,3,3,0.023258593228225693,0.0008355612788932134,0.0035522388577754757,0.7618373661154813,0.21051624051962428
asthma_v2_healthy_P22Healthy94S.wav,0,2,3,3,0.3098860931085656,0.12911426557309463,0.011671269901437568,0.32945729385392497,0.21987107756297714
asthma_v2_healthy_P23Healthy14S.wav,0,2,3,3,0.023258593228225693,0.0008355612788932134,0.0035522388577754757,0.7618373661154813,0.21051624051962428
asthma_v2_healthy_P23Healthy24S.wav,0,2,3,3,0.031389881937163654,0.0004928548168673547,0.0012708526161106589,0.3621672747914036,0.6046791358384549
asthma_v2_healthy_P23Healthy72S.wav,0,2,3,3,0.008490481697633914,0.00048122759719314534,0.0032129965837270937,0.9667227983393452,0.02109249578210085
asthma_v2_healthy_P23Healthy97S.wav,0,2,3,3,0.031389881937163654,0.0004928548168673547,0.0012708526161106589,0.3621672747914036,0.6046791358384549
asthma_v2_healthy_P23Healthy98S.wav,0,2,3,3,0.008490481697633914,0.00048122759719314534,0.0032129965837270937,0.9667227983393452,0.02109249578210085
asthma_v2_healthy_P8Healthy33S.wav,0,2,3,0,0.34514619924001033,0.0961402784733016,0.2819314532853182,0.23521521575053625,0.04156685325083379
asthma_v2_healthy_P8Healthy35S.wav,0,2,3,3,0.18913772129752973,0.06606985732264173,0.19559417671839446,0.48408680775484125,0.06511143690659286
asthma_v2_healthy_P8Healthy48S.wav,0,2,3,3,0.17572499133096514,0.019287033883046083,0.1163086435858175,0.6352114123531755,0.053467918846995956
asthma_v2_healthy_P8Healthy70S.wav,0,2,3,3,0.055805956769326405,0.3658818725186996,0.12245139756746568,0.38440238862026144,0.07145838452424697
asthma_v2_healthy_P8Healthy82S.wav,0,2,3,3,0.05597101429892374,0.11050987166357325,0.04952951516545415,0.7390623480784548,0.04492725079359357
asthma_v2_pneumonia_P11Pneumonia12W.wav,0,2,4,4,0.19379176898829842,0.030624873055425345,0.004745292521323412,0.020642242609316522,0.7501958228256363
asthma_v2_pneumonia_P11Pneumonia18T.wav,0,2,4,4,0.12267301499205482,0.005379006301326098,0.20313265752976575,0.0051266877536791785,0.6636886334231742
asthma_v2_pneumonia_P11Pneumonia41N.wav,0,2,4,4,0.08280639577179705,0.0004927659889791126,0.0022935954232540033,0.048253883134735207,0.8661533596812349
asthma_v2_pneumonia_P11Pneumonia58A.wav,0,2,4,4,0.042703580253711536,0.0011706266120334152,0.006844557227335787,0.011238463499151686,0.938042772407768
asthma_v2_pneumonia_P11Pneumonia65P.wav,0,2,4,4,0.19366681086352477,0.0551646011629177,0.00661872637679646,0.00680343879762479,0.737746422799136
asthma_v2_pneumonia_P11Pneumonia98J.wav,0,2,4,4,0.0750148450918767,0.0044919215243046625,0.013292066603611373,0.07563741220879254,0.8315637545714144
asthma_v2_pneumonia_P15Pneumonia12I.wav,0,2,4,4,0.04300485380099469,0.0040957110024676755,0.07668579687985419,0.006880615635960373,0.869333022680723
asthma_v2_pneumonia_P15Pneumonia16R.wav,0,2,4,4,0.15802074904936741,0.011576665633636043,0.1075583229535642,0.009200219439501606,0.7136440429239306
asthma_v2_pneumonia_P15Pneumonia39Y.wav,0,2,4,4,0.061507928481373216,0.00143052936800746,0.001459766016185873,0.19206928009207638,0.7435324960423568
asthma_v2_pneumonia_P15Pneumonia56Z.wav,0,2,4,4,0.14996879996582893,0.007502746526582868,0.17070620066364714,0.007768463492925795,0.6640537893510152
asthma_v2_pneumonia_P15Pneumonia58S.wav,0,2,4,4,0.017116790377219207,0.004199338183033807,0.00031881996239388846,0.0012052657860724479,0.9771597856912804
asthma_v2_pneumonia_P15Pneumonia81V.wav,0,2,4,4,0.03623629094133751,0.003403274277346601,0.0005481223831398625,0.0005194732791640055,0.959292839119012
asthma_v2_pneumonia_P19Pneumonia24H.wav,0,2,4,4,0.0666989724223747,0.025897703328733555,0.0004010636914260925,0.007628613931628662,0.899373646625837
asthma_v2_pneumonia_P19Pneumonia33O.wav,0,2,4,4,0.009009911866911122,0.0006759775900631265,0.00010556397159397215,0.00026051080975248423,0.9899480357616791
asthma_v2_pneumonia_P19Pneumonia39Z.wav,0,2,4,4,0.0124975582873052,0.003908740715659694,0.0003476909704786408,0.005981612320067087,0.9772643977064892
asthma_v2_pneumonia_P19Pneumonia41U.wav,0,2,4,4,0.21593772653680307,0.038148095359760714,0.00050344148141253,0.003977186522860217,0.7414335500991637
asthma_v2_pneumonia_P19Pneumonia75B.wav,0,2,4,4,0.12750918982914933,0.042008619745102525,0.0009435421318374105,0.014295858281035313,0.8152427900128754
asthma_v2_pneumonia_P19Pneumonia90X.wav,0,2,4,3,0.04510746516909555,0.08934992852457906,0.004790036858571014,0.2793263580409248,0.5814262114068295
asthma_v2_pneumonia_P26Pneumonia12X.wav,0,2,4,4,0.07630494604621144,0.00449983881357352,0.009008195286140521,0.11420722775500619,0.7959797920990684
asthma_v2_pneumonia_P26Pneumonia66S.wav,0,2,4,3,0.031189015542882316,0.0023054174693209212,0.016197738946769454,0.40873725798406907,0.5415705700569587
asthma_v2_pneumonia_P26Pneumonia72P.wav,0,2,4,4,0.056088522028082864,0.0028041345317282025,0.0009350772795779702,0.04774374093947255,0.8924285252211388
asthma_v2_pneumonia_P26Pneumonia83Z.wav,0,2,4,4,0.1264936313574389,0.0005901776196143469,0.00058512360646012,0.0026084084876702098,0.8697226589288164
asthma_v2_pneumonia_P26Pneumonia84P.wav,0,2,4,4,0.07824499270382879,0.004898124957138722,0.002506783557147742,0.012359381100940196,0.9019907176809446
asthma_v2_pneumonia_P26Pneumonia89E.wav,0,2,4,4,0.02235555519230657,0.0060064978982093675,0.002020341355905065,0.08552195586339158,0.884095649690188
asthma_v2_pneumonia_P31Pneumonia14Q.wav,0,2,4,4,0.014376351737673345,0.0031187792458721294,0.0029461481491509247,0.0006136370594533455,0.9789450838078507
asthma_v2_pneumonia_P31Pneumonia16C.wav,0,2,4,4,0.013510744246477554,0.0030354283052316192,0.005202262352880203,0.000506926484085432,0.977744638611325
asthma_v2_pneumonia_P31Pneumonia43V.wav,0,2,4,4,0.19943690167900166,0.005737290530630686,0.00738562482476382,0.001683474840571824,0.7857567081250322
asthma_v2_pneumonia_P31Pneumonia47D.wav,0,2,4,4,0.0171571142299557,0.0036831250991707642,0.0011153212937380324,0.0004875514714942733,0.9775568879056414
asthma_v2_pneumonia_P31Pneumonia47J.wav,0,2,4,4,0.02502492523029927,0.004338668698249782,0.0005013363308008356,0.007600274152313603,0.9625347955883367
asthma_v2_pneumonia_P31Pneumonia92I.wav,0,2,4,4,0.07749208726858764,0.004678485710059254,0.003571757152670259,0.0008171336747897721,0.9134405361938932
asthma_v2_pneumonia_P35Pneumonia16F.wav,0,2,4,4,0.012912347964042045,0.0022515135890892246,0.0013053545080182782,0.002503033498119407,0.981027750440731
asthma_v2_pneumonia_P35Pneumonia46U.wav,0,2,4,4,0.052648509911395545,0.0015074289820219695,0.0024358448744741046,0.0007378707362878382,0.9426703454958205
asthma_v2_pneumonia_P35Pneumonia56D.wav,0,2,4,4,0.032256681022419145,0.033257571448706606,0.0058403086985613925,0.09985942423170822,0.8287860145986048
asthma_v2_pneumonia_P35Pneumonia57I.wav,0,2,4,4,0.010474140920044095,0.001984404664569912,0.00016258669927656722,0.00042613801955273975,0.9869527296965568
asthma_v2_pneumonia_P35Pneumonia75E.wav,0,2,4,4,0.008995203437215535,0.0014862682083877136,0.0011333761491998627,0.0004271541181529904,0.9879579980870438
asthma_v2_pneumonia_P35Pneumonia99V.wav,0,2,4,4,0.05194685946434003,0.006668886855039464,0.0009429517678867664,0.006817877559617931,0.9336234243531157
asthma_v2_pneumonia_P3Pneumonia41L.wav,0,2,4,4,0.09077542261152213,0.0015055822141788696,0.005772755707298209,0.0004649392483622875,0.9014813002186387
asthma_v2_pneumonia_P3Pneumonia54K.wav,0,2,4,4,0.09254881980908745,0.0009373267055215089,0.005107945517079502,0.000383104005713122,0.9010228039625984
asthma_v2_pneumonia_P3Pneumonia61R.wav,0,2,4,4,0.02111165797837171,0.0019253809738391193,0.41611444155521893,0.10893581222923342,0.4519127072633369
asthma_v2_pneumonia_P3Pneumonia74F.wav,0,2,4,4,0.3454765212703227,0.003303294496383361,0.003172759824536513,0.004142326225698001,0.6439050981830595
asthma_v2_pneumonia_P3Pneumonia75Z.wav,0,2,4,4,0.0077364368388419605,0.00032706792146570393,0.35800373247555106,0.019989164333246354,0.613943598430895
asthma_v2_pneumonia_P3Pneumonia96L.wav,0,2,4,4,0.024665364495497787,0.00018057415132020026,0.0010455813188261693,0.00011537285734514554,0.9739931071770106
asthma_v2_pneumonia_P46Pneumonia15W.wav,0,2,4,0,0.5288862418896485,0.016170215969684255,0.007081608941301355,0.03314241262359484,0.4147195205757714
asthma_v2_pneumonia_P46Pneumonia22V.wav,0,2,4,3,0.023661654406166653,0.013999291874420648,0.4598123258675373,0.2032678327932919,0.2992588950585837
asthma_v2_pneumonia_P46Pneumonia49D.wav,0,2,4,4,0.3854420355618387,0.022880644889888162,0.003337206711715124,0.017775726027284673,0.5705643868092733
asthma_v2_pneumonia_P46Pneumonia80D.wav,0,2,4,3,0.004795961687302548,0.0031776328910059983,0.5337197686780081,0.39958041122006477,0.05872622552361849
asthma_v2_pneumonia_P46Pneumonia95A.wav,0,2,4,3,0.0232975015292938,0.0629017173833769,0.14901307091146757,0.6899531235817838,0.07483458659407824
asthma_v2_pneumonia_P46Pneumonia99Y.wav,0,2,4,4,0.3247815520764087,0.00511364034008375,0.09580605938679523,0.06537403350581246,0.5089247146909
asthma_v2_pneumonia_P48Pneumonia31K.wav,0,2,4,3,0.004795961687302548,0.0031776328910059983,0.5337197686780081,0.39958041122006477,0.05872622552361849
asthma_v2_pneumonia_P48Pneumonia61T.wav,0,2,4,3,0.023661654406166653,0.013999291874420648,0.4598123258675373,0.2032678327932919,0.2992588950585837
asthma_v2_pneumonia_P48Pneumonia82Z.wav,0,2,4,3,0.0232975015292938,0.0629017173833769,0.14901307091146757,0.6899531235817838,0.07483458659407824
asthma_v2_pneumonia_P8Pneumonia11O.wav,0,2,4,0,0.5783907082738714,0.0026066114819749144,0.004699592690398075,0.024067340708209702,0.3902357468455458
asthma_v2_pneumonia_P8Pneumonia14Z.wav,0,2,4,4,0.4331439320166911,0.0017940607617325387,0.009316327346496596,0.04295504466784169,0.5127906352072381
asthma_v2_pneumonia_P8Pneumonia16Z.wav,0,2,4,3,0.01674762685709645,0.04504055942569679,0.03834135694063134,0.38196828337481914,0.5179021734017565
asthma_v2_pneumonia_P8Pneumonia20O.wav,0,2,4,4,0.03473032895157514,0.00047348576075670996,0.018401962225206375,0.001093451636021256,0.9453007714264404
asthma_v2_pneumonia_P8Pneumonia23N.wav,0,2,4,0,0.6054916682666636,0.0007436727080424006,0.014940352379712056,0.07837602266888961,0.30044828397669243
asthma_v2_pneumonia_P8Pneumonia28V.wav,0,2,4,3,0.00712744082836753,0.0026866378424884392,0.016124491985130846,0.8545725825502509,0.11948884679376229
asthma_v2_Bronchial_P15BronchialSc_72.wav,0,3,1,1,0.0010833905405735972,0.99471111780558,0.0030120332227695783,0.0009045775715553423,0.00028888085952168813
asthma_v2_Bronchial_P15BronchialSc_74.wav,0,3,1,1,0.008499392803214188,0.8358287720267746,0.14911360800756185,0.0008967037890498085,0.00566152337339933
asthma_v2_Bronchial_P15BronchialTc_71.wav,0,3,1,1,0.001055647931331182,0.9915238093235932,0.00495670911843906,0.0019907560657860157,0.00047307756085065533
asthma_v2_Bronchial_P15BronchialTc_73.wav,0,3,1,1,0.0016397932086582628,0.9848116337696273,0.011938477953865871,0.0008247950372772753,0.000785300030571165
asthma_v2_Bronchial_P15BronchialTc_75.wav,0,3,1,1,0.006392333269042,0.8837549369799318,0.10522679695044163,0.0004572460045644574,0.0041686867960203456
asthma_v2_Bronchial_P21BronchialSc_102.wav,0,3,1,4,0.09114309644311251,0.03529179486545442,0.023908189112350733,0.03882000058410314,0.8108369189949792
asthma_v2_Bronchial_P21BronchialSc_104.wav,0,3,1,4,0.09114346909202967,0.028208604435187513,0.28764154342049775,0.23231902346447936,0.3606873595878062
asthma_v2_Bronchial_P21BronchialTc_101.wav,0,3,1,1,0.0029022920770377103,0.9824486493639598,0.011793424578986932,0.0008737035051868158,0.001981930474828621
asthma_v2_Bronchial_P21BronchialTc_103.wav,0,3,1,4,0.09285770384807306,0.01374848791164489,0.14384303696334125,0.07686854316808127,0.6726822281088595
asthma_v2_Bronchial_P5BronchialSc_22.wav,0,3,1,1,0.0007289758466770214,0.9652928940989142,0.013683801280910225,0.01916762523662377,0.001126703536874941
asthma_v2_Bronchial_P5BronchialSc_24.wav,0,3,1,1,0.0039053452281672656,0.9275789925826862,0.05689749189019754,0.007945246776693825,0.003672923522255207
asthma_v2_Bronchial_P5BronchialTc_21.wav,0,3,1,1,0.0005198661222204175,0.9951207769235396,0.0007191682079656584,0.0030436292279313127,0.0005965595183429301
asthma_v2_Bronchial_P5BronchialTc_23.wav,0,3,1,1,0.0029493838685387516,0.9150413856748567,0.06090449594932008,0.01720891733044871,0.003895817176835439
asthma_v2_Bronchial_P5BronchialTc_25.wav,0,3,1,1,0.023600115146566,0.7753908715866457,0.166892621905924,0.013474780917730562,0.020641610443133847
asthma_v2_asthma_P12WheezingIE_57.wav,0,3,0,0,0.8393655851442479,0.012822663909110915,0.04788445879928997,0.006364086189735627,0.09356320595761565
asthma_v2_asthma_P12WheezingIU_58.wav,0,3,0,0,0.8836864111331797,0.017443564154786997,0.009457451391162032,0.0034097534473161105,0.08600281987355532
asthma_v2_asthma_P12WheezingRL_59.wav,0,3,0,0,0.9477613225115259,0.012759807061749433,0.010219973371644521,0.002921807264304748,0.026337089790775342
asthma_v2_asthma_P12WheezingRS_56.wav,0,3,0,0,0.750480824508251,0.016081942311328302,0.07838324988860881,0.007662839965206513,0.14739114332660533
asthma_v2_asthma_P12WheezingRS_60.wav,0,3,0,0,0.874955078439429,0.08552144635196672,0.0037160602797492864,0.0006293642048357917,0.03517805072401903
asthma_v2_asthma_P18WheezingIE_89.wav,0,3,0,0,0.9191974297065292,0.04323005515170979,0.007005451091831495,0.0018078273427262978,0.028759236707203203
asthma_v2_asthma_P18WheezingIU_86.wav,0,3,0,0,0.6696178536881326,0.001426547286855497,0.030528567890266534,0.0003709659640555039,0.2980560651706901
asthma_v2_asthma_P18WheezingIU_90.wav,0,3,0,0,0.9171503346771167,0.052484587885627,0.006713576674014,0.0006124304727786302,0.023039070290463842
asthma_v2_asthma_P18WheezingRL_87.wav,0,3,0,3,0.07416065559740077,0.14052180154361654,0.07697972897066141,0.5444881488292073,0.16384966505911347
asthma_v2_asthma_P18WheezingRS_88.wav,0,3,0,0,0.5681602259785946,0.063676866041766,0.016308210851959857,0.013141232581797427,0.33871346454588186
asthma_v2_asthma_P1AsthmaIE_1.wav,0,3,0,0,0.7868060671746196,0.004069125654990545,0.031064131544876635,0.0278187639482952,0.15024191167721795
asthma_v2_asthma_P1AsthmaIE_5.wav,0,3,0,0,0.8559700056057881,0.13558763615637023,0.002201787136088961,0.0004316424289257054,0.0058089286728268295
asthma_v2_asthma_P1AsthmaIU_2.wav,0,3,0,0,0.9413758020269639,0.0068004795244127406,0.002495338610098593,0.0019491496623799094,0.047379230176144795
asthma_v2_asthma_P1AsthmaRL_3.wav,0,3,0,0,0.45661615875688144,0.002625531944308306,0.00946211797448276,0.03662354949393144,0.49467264183039605
asthma_v2_asthma_P1AsthmaRS_4.wav,0,3,0,0,0.8429982042681223,0.1301059634758279,0.0048385955141200835,0.00041658578397441915,0.021640650957955317
asthma_v2_asthma_P25WheezingIE_121.wav,0,3,0,0,0.4848749143933853,0.01846788160283453,0.3645860973661844,0.002032912024642756,0.13003819461295332
asthma_v2_asthma_P25WheezingIE_125.wav,0,3,0,4,0.32787735853456584,0.03825399112299734,0.00690230080031534,0.11003523717335086,0.5169311123687704
asthma_v2_asthma_P25WheezingIU_122.wav,0,3,0,0,0.6450923420830751,0.004332218382825191,0.009084291784555264,0.0016316060231428451,0.3398595417264019
asthma_v2_asthma_P25WheezingRL_123.wav,0,3,0,0,0.5796404198186169,0.006326767652026334,0.019151604761666004,0.0019135223681656453,0.39296768539952526
asthma_v2_asthma_P25WheezingRS_124.wav,0,3,0,0,0.7952236341970135,0.009681396608325728,0.01425352873596385,0.01607334789074851,0.1647680925679481
asthma_v2_asthma_P33WheezingIE_161.wav,0,3,0,0,0.7613823183502981,0.009169066496922926,0.015964114824799695,0.010737490771245193,0.20274700955673408
asthma_v2_asthma_P33WheezingIE_165.wav,0,3,0,0,0.28901604482009635,0.35587146363737326,0.07985248086737108,0.03131068766730891,0.24394932300785047
asthma_v2_asthma_P33WheezingIU_162.wav,0,3,0,0,0.7686969702457184,0.027144276527375194,0.0777891790557241,0.003430492857752814,0.12293908131342975
asthma_v2_asthma_P33WheezingRL_163.wav,0,3,0,0,0.9267168180278472,0.005990055182778492,0.026829525687407995,0.0005115763493526326,0.03995202475261372
asthma_v2_asthma_P33WheezingRS_164.wav,0,3,0,0,0.9218943007518632,0.005128156543865313,0.025569571901683998,0.001103486679847963,0.04630448412273952
asthma_v2_asthma_P3AsthmaIE_13.wav,0,3,0,0,0.9333634052241648,0.014363229581565894,0.005729818052648787,0.002627031334200525,0.04391651580742016
asthma_v2_asthma_P3AsthmaIU_14.wav,0,3,0,0,0.9489775257863547,0.017408813616999464,0.0023707322214642553,0.0015729600720412304,0.02966996830314038
asthma_v2_asthma_P3AsthmaRL_11.wav,0,3,0,0,0.6718803504361712,0.006030823671970308,0.06840498547764075,0.007900932490594844,0.24578290792362248
asthma_v2_asthma_P3AsthmaRL_15.wav,0,3,0,0,0.9111969224780152,0.01548723272030987,0.012510163724865747,0.00131610566233614,0.05948957541447314
asthma_v2_asthma_P3AsthmaRS_12.wav,0,3,0,0,0.746305775892787,0.011161552742842877,0.08028680239529613,0.00366894957012603,0.1585769193989481
asthma_v2_asthma_P40WheezingIE_197.wav,0,3,0,0,0.8823425760095084,0.06663281995945981,0.04211179725589134,0.0014578209196846297,0.007454985855455834
asthma_v2_asthma_P40WheezingIU_198.wav,0,3,0,0,0.8770804716190373,0.05986220221656493,0.05564383478162524,0.0012203066719373697,0.00619318471083506
asthma_v2_asthma_P40WheezingRL_199.wav,0,3,0,0,0.9070145478099656,0.011453964681058295,0.07285145358011356,0.00021020479079791283,0.00846982913806462
asthma_v2_asthma_P40WheezingRS_196.wav,0,3,0,0,0.7179424423687973,0.16716191616721643,0.09021184578992203,0.00566799279349224,0.019015802880572186
asthma_v2_asthma_P40WheezingRS_200.wav,0,3,0,0,0.4822458093165161,0.037938945236667874,0.47157421479285627,0.0006273671157079344,0.007613663538251653
asthma_v2_asthma_P42WheezingIE_209.wav,0,3,0,0,0.7387250894261138,0.009145016746946882,0.21182486242210366,0.0026653701113254743,0.03763966129351011
asthma_v2_asthma_P42WheezingIU_206.wav,0,3,0,2,0.24080564617249164,0.0019497256979520213,0.7492997384863076,0.003310431328488266,0.00463445831476075
asthma_v2_asthma_P42WheezingIU_210.wav,0,3,0,0,0.7801468063757125,0.010534659653767972,0.18020630841655294,0.00696974572621688,0.022142479827749577
asthma_v2_asthma_P42WheezingRL_207.wav,0,3,0,2,0.2621876409296589,0.007044778352473048,0.7093844702517088,0.0009920567103183931,0.02039105375584103
asthma_v2_asthma_P42WheezingRS_208.wav,0,3,0,0,0.8960796160884738,0.004816551444679114,0.04184865403343351,0.002711579831032716,0.054543598602380554
asthma_v2_asthma_P50WheezingIE_249.wav,0,3,0,0,0.9241961170590572,0.0022282855125549937,0.02623619351100082,0.00046710910574263834,0.04687229481164413
asthma_v2_asthma_P50WheezingIU_246.wav,0,3,0,0,0.8268664174231038,0.002544065679836235,0.023366360030554586,0.022127449574689727,0.12509570729181574
asthma_v2_asthma_P50WheezingIU_250.wav,0,3,0,0,0.8968595499557018,0.0027609203599288346,0.03762806167212678,0.0017197795230061684,0.06103168848923621
asthma_v2_asthma_P50WheezingRL_247.wav,0,3,0,0,0.9370127190717,0.00943774225405429,0.019401642732672482,0.004007472724110532,0.03014042321746269
asthma_v2_asthma_P50WheezingRS_248.wav,0,3,0,0,0.8481241837817337,0.07473754541313335,0.030931605033990596,0.002683140205796625,0.043523525565345764
asthma_v2_asthma_P55WheezingIE_273.wav,0,3,0,4,0.0246978521182768,0.0031348825376682483,0.04374078564937034,0.059149429807779486,0.8692770498869056
asthma_v2_asthma_P55WheezingIU_274.wav,0,3,0,4,0.016190332485745838,0.00273588469394785,0.0011241226474969564,0.08553059787440834,0.8944190622984008
asthma_v2_asthma_P55WheezingRL_271.wav,0,3,0,0,0.25253210571814294,0.32177829113584705,0.04766776864554591,0.2178667263492676,0.16015510815119666
asthma_v2_asthma_P55WheezingRL_275.wav,0,3,0,0,0.47401233570328005,0.12024909563878226,0.05080166763149261,0.02090075094863152,0.33403615007781357
asthma_v2_asthma_P55WheezingRS_272.wav,0,3,0,4,0.08051486885668079,0.01978965690088966,0.020962753201074324,0.03284161357105857,0.8458911074702969
asthma_v2_asthma_P56WheezingIE_277.wav,0,3,0,4,0.31096810772190714,0.00860863270148276,0.0046752124325529386,0.0007963076292104447,0.6749517395148465
asthma_v2_asthma_P56WheezingIU_278.wav,0,3,0,4,0.31773839793516995,0.045739067481332295,0.002871613323290056,0.004788041493395194,0.6288628797668124
asthma_v2_asthma_P56WheezingRL_279.wav,0,3,0,0,0.3663426716091048,0.23655953992978376,0.2367324249999845,0.028750574806353693,0.13161478865477338
asthma_v2_asthma_P56WheezingRS_276.wav,0,3,0,0,0.5189412951634065,0.04941826502979112,0.1929525991029755,0.03582910714957961,0.20285873355424774
asthma_v2_asthma_P56WheezingRS_280.wav,0,3,0,4,0.23599683340584315,0.007774934691749756,0.007491701927454011,0.11411186375408937,0.634624666220864
asthma_v2_asthma_P8AsthmaIE_37.wav,0,3,0,0,0.8775658212676591,0.07843327272119607,0.006098309088965379,0.0011563019571191632,0.0367462949650603
asthma_v2_asthma_P8AsthmaIU_38.wav,0,3,0,0,0.8797644446235519,0.04921226838777277,0.0057611095356301404,0.014781598159923868,0.0504805792931213
asthma_v2_asthma_P8AsthmaRL_39.wav,0,3,0,0,0.7720175136991358,0.034260067502679944,0.048288914969074226,0.014433796144016627,0.13099970768509353
asthma_v2_asthma_P8AsthmaRS_36.wav,0,3,0,0,0.8746447388358144,0.11205196646388761,0.0007653686526030515,0.0005135512372750872,0.012024374810420218
asthma_v2_asthma_P8AsthmaRS_40.wav,0,3,0,0,0.49924500839242775,0.00987974835263736,0.042557309427773825,0.006767166979659568,0.44155076684750155
asthma_v2_asthma_P9AsthmaIE_41.wav,0,3,0,4,0.4426558732264474,0.005532340460819172,0.007531718560394849,0.0033504019287627644,0.5409296658235757
asthma_v2_asthma_P9AsthmaIE_45.wav,0,3,0,0,0.9213805301097631,0.05387194488345357,0.0026573633336058043,0.0015304653118098704,0.020559696361367816
asthma_v2_asthma_P9AsthmaIU_42.wav,0,3,0,0,0.49518172908168406,0.010321833838251701,0.0036525704335989913,0.0035799724916291877,0.487263894154836
asthma_v2_asthma_P9AsthmaRL_43.wav,0,3,0,0,0.6923668091849917,0.005048982016636412,0.0032109842085701365,0.00268489118071629,0.2966883334090853
asthma_v2_asthma_P9AsthmaRS_44.wav,0,3,0,0,0.8513766385957137,0.13540315297837976,0.0013615594567694218,0.00034541053206831734,0.01151323843706868
asthma_v2_copd_P11COPDMc_82.wav,0,3,2,0,0.7501982439548613,0.019856367602797707,0.07996369304473143,0.001647557806965521,0.1483341375906439
asthma_v2_copd_P11COPDMc_84.wav,0,3,2,2,0.1294044979266364,0.010150967119603825,0.8535287506415449,0.00405582537103397,0.0028599589411806787
asthma_v2_copd_P11COPDMc_86.wav,0,3,2,2,0.11302688492093015,0.03913217693077655,0.7873214297128956,0.030394473179562384,0.03012503525583514
asthma_v2_copd_P11COPDMc_88.wav,0,3,2,2,0.014671250850667011,0.0011741537652735531,0.9832143938995971,0.000746511152055382,0.00019369033240705893
asthma_v2_copd_P11COPDPr_81.wav,0,3,2,0,0.8189146759539827,0.05796626532203188,0.046615539742271006,0.0010236140713849708,0.07547990491032956
asthma_v2_copd_P11COPDPr_83.wav,0,3,2,2,0.048380300894654074,0.02364989953632099,0.9239924398982302,0.001052479899370298,0.002924879771425125
asthma_v2_copd_P11COPDPr_85.wav,0,3,2,2,0.10576635761386298,0.0486845303948849,0.8347882936623177,0.001494372928887258,0.009266445400047278
asthma_v2_copd_P11COPDPr_87.wav,0,3,2,2,0.000620694390481035,0.001374212752664359,0.9974047345690736,0.0005105720366223589,8.978625115839002e-05
asthma_v2_copd_P19COPDMc_146.wav,0,3,2,2,0.03642425809053621,0.1263189282052232,0.7861873802135383,0.0022682112000511957,0.048801222290651154
asthma_v2_copd_P19COPDMc_148.wav,0,3,2,2,0.06765786956603369,0.25758770891866273,0.6046365097564531,0.0018492861952560122,0.06826862556359489
asthma_v2_copd_P19COPDMc_150.wav,0,3,2,2,0.09538483496805593,0.016666036719945446,0.6184193014014393,0.001373194521083307,0.26815663238947585
asthma_v2_copd_P19COPDMc_152.wav,0,3,2,2,0.0015168222281913774,0.0002626166709709351,0.9967279080216469,8.434050936406786e-05,0.0014083125698269602
asthma_v2_copd_P19COPDPr_145.wav,0,3,2,2,6.725773298589026e-05,0.0009123335953907304,0.998718284884906,3.636446815466156e-05,0.0002657593185627659
asthma_v2_copd_P19COPDPr_147.wav,0,3,2,2,0.06764607971308909,0.11410091418451168,0.6643200795197112,0.002368780878431649,0.15156414570425644
asthma_v2_copd_P19COPDPr_149.wav,0,3,2,2,0.08237495495374246,0.04625700736053083,0.7935278657000944,0.00046152551412595097,0.0773786464715062
asthma_v2_copd_P19COPDPr_151.wav,0,3,2,2,0.0852158641569034,0.05953555689182352,0.8087187947828772,0.0007741925379703318,0.045755591630425724
asthma_v2_copd_P21COPDMc_162.wav,0,3,2,2,0.003474977027750887,0.0012433913000797737,0.990924438494531,0.0003776674799779745,0.00397952569766025
asthma_v2_copd_P21COPDMc_164.wav,0,3,2,2,0.1154421067153027,0.30213031114294725,0.5253285349471531,0.0007843924516520958,0.056314654742945024
asthma_v2_copd_P21COPDMc_166.wav,0,3,2,2,0.07284966046819767,0.32076152395272667,0.5384412795814965,0.002112852048890444,0.0658346839486892
asthma_v2_copd_P21COPDMc_168.wav,0,3,2,2,1.3967301527201798e-06,1.101152470101186e-06,0.9990077335097943,0.00011042813164125009,0.0008793404759414924
asthma_v2_copd_P21COPDPr_161.wav,0,3,2,2,0.00916367029145422,0.0016027254055855664,0.9811425181199832,0.0003953728381099666,0.007695713344867292
asthma_v2_copd_P21COPDPr_163.wav,0,3,2,2,0.0047201035680064125,0.0008108693599544338,0.9899155742515532,0.0004494691821411183,0.00410398363834474
asthma_v2_copd_P21COPDPr_165.wav,0,3,2,2,0.09775879521482662,0.21629763613422073,0.46699362808931333,0.003268381060284597,0.21568155950135487
asthma_v2_copd_P21COPDPr_167.wav,0,3,2,2,0.0002755995451893632,0.0005414603611403381,0.9985516981392683,0.0002400822361521107,0.0003911597182495723
asthma_v2_copd_P26COPDMc_202.wav,0,3,2,2,3.2516102881558463e-07,3.3109548791891045e-07,0.9994366212334526,8.144072871369132e-05,0.0004812817813169113
asthma_v2_copd_P26COPDMc_204.wav,0,3,2,2,1.4146226866433844e-07,9.230818497601403e-08,0.9996318731302057,6.844016255655237e-05,0.00029945293678406695
asthma_v2_copd_P26COPDMc_206.wav,0,3,2,2,0.012660964040063213,0.028195882483829947,0.942719379349611,0.00023373261164194941,0.016190041514853735
asthma_v2_copd_P26COPDMc_208.wav,0,3,2,2,0.01004684090424905,0.015272166401335111,0.9558330413643471,0.00044070001484588817,0.018407251315222962
asthma_v2_copd_P26COPDPr_201.wav,0,3,2,2,2.515212187363707e-07,2.536707198540758e-07,0.999501572607983,4.180258769964019e-05,0.00045611961237885135
asthma_v2_copd_P26COPDPr_203.wav,0,3,2,2,5.391925242120111e-08,4.150870497236097e-08,0.9998564258524592,8.798544103931808e-06,0.0001346801754796945
asthma_v2_copd_P26COPDPr_205.wav,0,3,2,2,3.7575124456188695e-07,2.499665558567174e-07,0.9992121218309256,4.0128719161427864e-05,0.0007471237321126002
asthma_v2_copd_P26COPDPr_207.wav,0,3,2,2,0.0041058086461398646,0.007474584717058274,0.9783565248204481,0.0001245681305118946,0.00993851368584224
asthma_v2_copd_P2COPDMc_10.wav,0,3,2,2,1.394936560260177e-07,7.707690431464307e-08,0.9999279450309174,4.883119339447373e-06,6.695527918292446e-05
asthma_v2_copd_P2COPDMc_12.wav,0,3,2,0,0.43736905510321183,0.010273512194502883,0.5160066401154413,0.008142027615003778,0.02820876497184017
asthma_v2_copd_P2COPDMc_14.wav,0,3,2,2,0.01137690136880478,0.0004122211982297278,0.9872232207804204,0.0006043230538000118,0.00038333359874504185
asthma_v2_copd_P2COPDMc_16.wav,0,3,2,2,0.020736722025889397,0.0007905455943952682,0.9757593863178133,0.0015677079729847854,0.0011456380889172137
asthma_v2_copd_P2COPDPr_11.wav,0,3,2,2,0.012428551219352789,0.0029718516240612235,0.9766231885826212,0.0060350148155644875,0.0019413937584005355
asthma_v2_copd_P2COPDPr_13.wav,0,3,2,0,0.687407528503353,0.004667155417862284,0.2246789052114746,0.0060348685051744904,0.07721154236213566
asthma_v2_copd_P2COPDPr_15.wav,0,3,2,2,0.0374302235323785,0.002178110966588341,0.9586980491727838,0.0006518686761564093,0.0010417476520929664
asthma_v2_copd_P2COPDPr_9.wav,0,3,2,2,0.0004977201101245963,1.359377751949132e-05,0.999296457425074,7.758347230643138e-05,0.00011464521497539898
asthma_v2_copd_P34COPDMc_266.wav,0,3,2,1,0.003296400622550425,0.4564791021743812,0.5359120418567316,8.953656584504622e-05,0.004222918780491831
asthma_v2_copd_P34COPDMc_268.wav,0,3,2,1,0.007070118335235414,0.7273588002425387,0.2572047361374724,0.00023716439205465526,0.008129180892698666
asthma_v2_copd_P34COPDMc_270.wav,0,3,2,2,0.0016138325392338778,0.25519276453423523,0.737292808681377,5.052841661417667e-05,0.005850065828539603
asthma_v2_copd_P34COPDMc_272.wav,0,3,2,2,0.0021264908836920345,0.28086080605359737,0.7089974024848625,5.053145805907755e-05,0.007964769119788908
asthma_v2_copd_P34COPDPr_265.wav,0,3,2,1,0.0014826710216992959,0.6753549096541926,0.3202845385220845,2.488694273251404e-05,0.00285299385929104
asthma_v2_copd_P34COPDPr_267.wav,0,3,2,1,0.009085271380713425,0.45475781629142836,0.5281798504934976,0.0002945876164845319,0.007682474217875996
asthma_v2_copd_P34COPDPr_269.wav,0,3,2,1,0.00754627670432301,0.5007094289573002,0.4758662646570395,0.0010123607280870498,0.014865668953250378
asthma_v2_copd_P34COPDPr_271.wav,0,3,2,2,0.0031733104945556646,0.25606573907270574,0.7256388609246665,0.00010679282248572718,0.015015296685586103
asthma_v2_copd_P35COPDMc_274.wav,0,3,2,2,0.002217180622487083,8.863179615244951e-05,0.9900874765778523,0.0005358151532549333,0.007070895850253502
asthma_v2_copd_P35COPDMc_276.wav,0,3,2,2,0.0014038170899510866,0.000532970607156859,0.9964578729237826,0.0002749172503409828,0.0013304221287684824
asthma_v2_copd_P35COPDMc_278.wav,0,3,2,2,0.0007160095799604974,0.00036356319758848416,0.9981295881564787,0.0003896877053135465,0.0004011513606591474
asthma_v2_copd_P35COPDMc_280.wav,0,3,2,2,2.02889751542357e-07,1.902550271353722e-07,0.999929249639474,2.8637522028028717e-06,6.749346354433997e-05
asthma_v2_copd_P35COPDPr_273.wav,0,3,2,2,0.0030070904574540946,6.763984959887885e-05,0.9926941124233701,0.0002449858072532543,0.0039861714623239146
asthma_v2_copd_P35COPDPr_275.wav,0,3,2,2,0.0022005110990593684,0.00022565506207847691,0.9954837558108033,0.0005750670731827897,0.0015150109548759353
asthma_v2_copd_P35COPDPr_277.wav,0,3,2,2,0.002769920930654237,0.0015353540639001329,0.9917977534751603,0.001504440191263887,0.002392531339021668
asthma_v2_copd_P35COPDPr_279.wav,0,3,2,2,0.00040829780574569647,0.0022219125369864045,0.9963476203620373,0.00012366233643968053,0.0008985069587906046
asthma_v2_copd_P3COPDMc_18.wav,0,3,2,0,0.9588029613687166,0.012110777962667203,0.013242551791381027,0.0059329600481953645,0.009910748829039875
asthma_v2_copd_P3COPDMc_20.wav,0,3,2,2,0.059160387739379684,0.005814176083435121,0.9330371642885503,0.0006676374201747074,0.0013206344684601405
asthma_v2_copd_P3COPDMc_22.wav,0,3,2,2,0.23802102654522175,0.004437322566336722,0.7512686329053682,0.0011205843617077623,0.005152433621365651
asthma_v2_copd_P3COPDMc_24.wav,0,3,2,2,4.4319087137756787e-07,3.8040673645775515e-07,0.9992076145744835,0.0005429912501186388,0.00024857057779008166
asthma_v2_copd_P3COPDPr_17.wav,0,3,2,0,0.6228151795037363,0.02502162062517075,0.3205908489512019,0.013665355333337128,0.017906995586553804
asthma_v2_copd_P3COPDPr_19.wav,0,3,2,2,0.007094271350490492,0.0002845482084814011,0.9923421431444878,9.840828082353906e-05,0.00018062901571693345
asthma_v2_copd_P3COPDPr_21.wav,0,3,2,2,0.013210196601679432,0.0011218453305887393,0.984879997504084,0.0004160240803666268,0.0003719364832813527
asthma_v2_copd_P3COPDPr_23.wav,0,3,2,2,0.12240554353376934,0.006010169613923098,0.8676652602422513,0.0014220912573363797,0.0024969353527199366
asthma_v2_copd_P43COPDMc_338.wav,0,3,2,2,0.003493456536574668,0.005250234336574496,0.9795693507310773,0.0006433063137763374,0.01104365208199721
asthma_v2_copd_P43COPDMc_340.wav,0,3,2,2,1.7617329245175769e-09,1.8982941006171273e-09,0.9999473468625191,5.165795995851613e-08,5.259781949391893e-05
asthma_v2_copd_P43COPDMc_342.wav,0,3,2,2,6.498623514701795e-09,5.207788194543824e-09,0.999982037992252,8.735865757458638e-08,1.7862942678776943e-05
asthma_v2_copd_P43COPDMc_344.wav,0,3,2,2,5.7046519953987715e-08,3.849287662535328e-08,0.9997167130719316,1.2193391643387013e-06,0.0002819720495076594
asthma_v2_copd_P43COPDPr_337.wav,0,3,2,2,0.007123056471410012,0.01341122123459584,0.9751515839699593,0.0004010934960245572,0.003913044828010232
asthma_v2_copd_P43COPDPr_339.wav,0,3,2,2,1.1808413433175799e-08,9.302035792031375e-09,0.9999194882901209,1.2061105298103751e-05,6.842949413167741e-05
asthma_v2_copd_P43COPDPr_341.wav,0,3,2,2,5.299223524939328e-09,4.794470133256239e-09,0.999990491300925,8.790813368440871e-08,9.4106972475968e-06
asthma_v2_copd_P43COPDPr_343.wav,0,3,2,2,1.9944874578431498e-09,1.867482612885078e-09,0.9999986974759583,2.215816613720759e-07,1.0770804102202088e-06
asthma_v2_copd_P48COPDMc_378.wav,0,3,2,2,0.00564691251279357,0.005067564799024827,0.9856799622881477,0.0011787245082395313,0.002426835891794049
asthma_v2_copd_P48COPDMc_380.wav,0,3,2,2,0.05291138068274334,0.10119792254043218,0.8226477953069786,0.00581091622969005,0.01743198524015567
asthma_v2_copd_P48COPDMc_382.wav,0,3,2,2,0.00048386567548202664,0.001157744422692058,0.9971653491210113,0.0004004979913023233,0.0007925427895125949
asthma_v2_copd_P48COPDMc_384.wav,0,3,2,2,0.0004671534397541374,0.001344430916208291,0.9970703649851249,0.0003493150301309925,0.0007687356287815147
asthma_v2_copd_P48COPDPr_377.wav,0,3,2,2,0.0003958515984131115,0.004055758052215692,0.9929426384469585,0.0018427269400182527,0.0007630249623943978
asthma_v2_copd_P48COPDPr_379.wav,0,3,2,2,0.008136198127316545,0.005522523581441815,0.9831485514603043,0.0007033516137858254,0.00248937521715145
asthma_v2_copd_P48COPDPr_381.wav,0,3,2,2,0.00045214089178898084,0.0006077411209720882,0.9986041294324545,0.0001830839366399014,0.00015290461814469918
asthma_v2_copd_P48COPDPr_383.wav,0,3,2,2,0.0010217983341350302,0.004309477427781056,0.991948947133765,0.0008390123249387262,0.001880764779379835
asthma_v2_copd_P9COPDMc_66.wav,0,3,2,2,3.8475751553943383e-07,2.424157329849408e-07,0.999964357988829,3.004494297145539e-07,3.4714388492751234e-05
asthma_v2_copd_P9COPDMc_68.wav,0,3,2,2,1.297002189148455e-07,1.4319086395294085e-07,0.9999430696652812,1.4921557684697246e-06,5.5165287867447013e-05
asthma_v2_copd_P9COPDMc_70.wav,0,3,2,2,4.303762256529651e-09,4.1909917746356885e-09,0.9999989490786882,6.948459213978191e-08,9.729419656668653e-07
asthma_v2_copd_P9COPDMc_72.wav,0,3,2,2,4.032666159132604e-07,3.4687811240121073e-07,0.9999636918091134,1.3429781711201423e-06,3.421506798735881e-05
asthma_v2_copd_P9COPDPr_65.wav,0,3,2,2,1.2968155919185899e-09,8.360019945863746e-10,0.9999931678886712,5.0408346400559315e-08,6.779570164841819e-06
asthma_v2_copd_P9COPDPr_67.wav,0,3,2,2,0.010087064988415644,0.0016106499661828536,0.9806793027251642,0.00031644050656483595,0.007306541813672461
asthma_v2_copd_P9COPDPr_69.wav,0,3,2,2,3.4715764031728215e-08,3.084674501407874e-08,0.9999847094646913,5.468681734450999e-07,1.4678104625982361e-05
asthma_v2_copd_P9COPDPr_71.wav,0,3,2,2,4.010257622451855e-09,3.5171505243902258e-09,0.9999987380407223,8.490015216963954e-08,1.1695317173176267e-06
asthma_v2_healthy_P11Healthy18S.wav,0,3,3,3,0.060723129049914525,0.27042035209330634,0.0852516007876512,0.5030563268041585,0.0805485912649696
asthma_v2_healthy_P11Healthy30S.wav,0,3,3,3,0.051359459840931224,0.3701414268184806,0.1461087981889863,0.39378971669502855,0.038600598456573314
asthma_v2_healthy_P11Healthy38S.wav,0,3,3,3,0.02908762292318645,0.1525770880499814,0.040468767307184565,0.7456061865534704,0.03226033516617713
asthma_v2_healthy_P11Healthy60S.wav,0,3,3,3,0.016031002901261127,0.0018087614969814,0.021859567718536168,0.7466371654945039,0.2136635023887172
asthma_v2_healthy_P11Healthy73S.wav,0,3,3,3,0.019507113021642063,0.2710015317782153,0.04602688660811455,0.6362237129673741,0.027240755624654046
asthma_v2_healthy_P19Healthy47S.wav,0,3,3,3,0.12837068313283476,0.23304645994664783,0.1048691957449398,0.3550282307674083,0.1786854304081692
asthma_v2_healthy_P19Healthy50S.wav,0,3,3,3,0.007877926172838126,0.007295380207944609,0.0007998883328152061,0.9673235171987317,0.016703288087670413
asthma_v2_healthy_P19Healthy55S.wav,0,3,3,3,0.0008392055384814894,0.00044622231467983636,0.00021200679232754078,0.9839489396820507,0.014553625672460678
asthma_v2_healthy_P19Healthy62S.wav,0,3,3,3,0.00046258744684436325,0.00083162111016021,0.0002178804724883652,0.9924488614616366,0.006039049508870252
asthma_v2_healthy_P19Healthy79S.wav,0,3,3,3,0.0010369943029157342,0.00014029333237174655,0.00012794632817060626,0.9766356045456185,0.022059161490923514
asthma_v2_healthy_P25Healthy20S.wav,0,3,3,3,0.02084544553025159,0.0038838018674788154,0.0026522737982013047,0.4620881830377623,0.5105302957663062
asthma_v2_healthy_P25Healthy42S.wav,0,3,3,3,0.0483075935348186,0.12392962605829404,0.02958539406602334,0.4057920372638008,0.3923853490770632
asthma_v2_healthy_P25Healthy72S.wav,0,3,3,3,0.08026559191322095,0.11790653042352513,0.06508051207266832,0.27969296384015796,0.4570544017504276
asthma_v2_healthy_P25Healthy88S.wav,0,3,3,3,0.008363456177106146,0.013136112919991847,0.01342899300039946,0.7093131146532682,0.2557583232492345
asthma_v2_healthy_P25Healthy97S.wav,0,3,3,3,0.11471107018478399,0.15632922539782887,0.016178073722001324,0.6837792458953611,0.02900238480002448
asthma_v2_healthy_P26Healthy22S.wav,0,3,3,3,0.029427571991968937,0.030642625458751124,0.011915384361530255,0.7287046897948032,0.19930972839294614
asthma_v2_healthy_P26Healthy32S.wav,0,3,3,4,0.055920843708117715,0.012665232503167038,0.09296719776032611,0.02208651572617771,0.8163602103022115
asthma_v2_healthy_P26Healthy46S.wav,0,3,3,4,0.23188742201514806,0.028287280356068444,0.03257326922898564,0.0695996018798294,0.6376524265199685
asthma_v2_healthy_P26Healthy48S.wav,0,3,3,3,0.2253863683807934,0.4849417921252868,0.022155336570332723,0.15348796956376057,0.11402853335982706
asthma_v2_healthy_P26Healthy76S.wav,0,3,3,3,0.04081310058863476,0.021882824166003033,0.031902330112094715,0.4431062050636581,0.46229554006960943
asthma_v2_healthy_P27Healthy30S.wav,0,3,3,3,0.0018978513291863606,0.020620433487242115,0.0026900249292545033,0.958859208854209,0.01593248140010834
asthma_v2_healthy_P27Healthy73S.wav,0,3,3,3,0.001627102826119753,0.011771814606165436,0.0012510854567524873,0.9635353707189708,0.021814626391991703
asthma_v2_healthy_P27Healthy92S.wav,0,3,3,3,0.0016348598393438627,0.013324098941997002,0.000513737515383306,0.9535399386503567,0.030987365052919328
asthma_v2_healthy_P9Healthy22S.wav,0,3,3,3,0.003260011269771252,0.0017767885390466006,0.001516983739749874,0.9896753619375382,0.003770854513893878
asthma_v2_healthy_P9Healthy29S.wav,0,3,3,3,0.19965921684551347,0.03038898996555045,0.0030065844505461708,0.27863490082012243,0.48831030791826757
asthma_v2_healthy_P9Healthy31S.wav,0,3,3,3,0.4068561191926657,0.018529557857692336,0.0009301740613895501,0.23841364502077073,0.33527050386748153
asthma_v2_healthy_P9Healthy61S.wav,0,3,3,3,0.1899211118497897,0.04112526962371984,0.0022894795594377458,0.3151447169775971,0.4515194219894555
asthma_v2_healthy_P9Healthy79S.wav,0,3,3,3,0.035041037499694803,0.009627056944681774,0.0033250679417789358,0.7014254780654156,0.25058135954842925
asthma_v2_pneumonia_P21Pneumonia12C.wav,0,3,4,4,0.1622028660844848,0.1548434682099801,0.1811580187592832,0.0601753777949153,0.4416202691513366
asthma_v2_pneumonia_P21Pneumonia24G.wav,0,3,4,0,0.16195385556809963,0.29461444182145174,0.15109723142140993,0.19980850855550417,0.19252596263353455
asthma_v2_pneumonia_P21Pneumonia56M.wav,0,3,4,4,0.011165700978597804,0.0002872875389615457,6.195939429577208e-05,0.0016385371149844113,0.9868465149731606
asthma_v2_pneumonia_P21Pneumonia69Q.wav,0,3,4,4,0.03203100240414679,0.001561349940099969,0.0003537498946342176,0.002215001319398608,0.9638388964417204
asthma_v2_pneumonia_P21Pneumonia78P.wav,0,3,4,4,0.05276023548377721,0.0012545004028101446,0.0003484172742593219,0.0004193710096289204,0.9452174758295242
asthma_v2_pneumonia_P21Pneumonia95A.wav,0,3,4,0,0.18384617437494102,0.2079686697255423,0.18070720281014763,0.23297576396650652,0.1945021891228625
asthma_v2_pneumonia_P22Pneumonia27A.wav,0,3,4,4,0.3289833715210436,0.04000923627830151,0.1099824817924242,0.02389477866907901,0.4971301317391518
asthma_v2_pneumonia_P22Pneumonia29K.wav,0,3,4,4,0.2150231800802822,0.0036576681232385368,0.0008791503447900526,0.0010372379475381717,0.7794027635041512
asthma_v2_pneumonia_P22Pneumonia29M.wav,0,3,4,4,0.22950671013881144,0.014425526795891928,0.08546768833500623,0.037377095819061526,0.6332229789112289
asthma_v2_pneumonia_P22Pneumonia47V.wav,0,3,4,4,0.023168907838175656,0.0005421203838206337,8.503183299095938e-05,0.0016972042715883446,0.9745067356734245
asthma_v2_pneumonia_P22Pneumonia51X.wav,0,3,4,4,0.06938069099452625,0.003920343777709556,0.051260146277819864,0.001531010043912244,0.8739078089060318
asthma_v2_pneumonia_P22Pneumonia55C.wav,0,3,4,4,0.17541343092855793,0.025922927090012367,0.09537879100861983,0.03743958138952034,0.6658452695832896
asthma_v2_pneumonia_P24Pneumonia21G.wav,0,3,4,3,0.046460856042592244,0.29477916305301805,0.0702598010787285,0.39575661185134864,0.19274356797431302
asthma_v2_pneumonia_P24Pneumonia54A.wav,0,3,4,4,0.06881282837831725,0.0015914043301604062,0.002127513415675073,0.0005960058884740988,0.9268722479873731
asthma_v2_pneumonia_P24Pneumonia67G.wav,0,3,4,4,0.03976469593795207,0.004017190057195282,0.027206459207007535,0.0024859706669826454,0.9265256841308626
asthma_v2_pneumonia_P24Pneumonia67Z.wav,0,3,4,4,0.16757560734069837,0.023771099910100773,0.0010010264781971816,0.021877168443252173,0.7857750978277517
asthma_v2_pneumonia_P24Pneumonia91X.wav,0,3,4,4,0.14568598350428824,0.04395600367323977,0.06791015723782333,0.011149416470844881,0.7312984391138038
asthma_v2_pneumonia_P24Pneumonia95T.wav,0,3,4,3,0.02895494334592155,0.5643216422099901,0.02866510911391614,0.307498096403045,0.07056020892712737
asthma_v2_pneumonia_P2Pneumonia11Q.wav,0,3,4,4,0.12134261531863708,0.0022284873743518368,0.002453744029308532,0.00044049787558639823,0.8735346554021161
asthma_v2_pneumonia_P2Pneumonia28R.wav,0,3,4,4,0.008049737556475992,0.0010684536036969588,8.304235672208415e-05,0.00217415799338011,0.9886246084897248
asthma_v2_pneumonia_P2Pneumonia36Z.wav,0,3,4,4,0.01153592798550502,0.0020141401390611617,0.0003373652577060368,0.001511496786283367,0.9846010698314444
asthma_v2_pneumonia_P2Pneumonia70H.wav,0,3,4,4,0.020120419740178506,0.0008274603226314581,0.00100118782799252,0.0015172828598287106,0.9765336492493685
asthma_v2_pneumonia_P2Pneumonia82A.wav,0,3,4,4,0.020095513614886446,0.0032422537082163,9.830808267525637e-05,0.004840377691447865,0.9717235469027742
asthma_v2_pneumonia_P2Pneumonia93N.wav,0,3,4,4,0.011407293960948433,0.0011677199429962046,0.0003627244356356189,0.004994688807096658,0.982067572853323
asthma_v2_pneumonia_P30Pneumonia10C.wav,0,3,4,4,0.022637583946215477,0.0003665696641097804,0.0001796536299652026,0.0013671678198091286,0.9754490249399003
asthma_v2_pneumonia_P30Pneumonia15J.wav,0,3,4,4,0.033290597666635245,0.0004426130821728298,0.000364055045971356,0.0001984777060845504,0.9657042564991359
asthma_v2_pneumonia_P30Pneumonia30W.wav,0,3,4,4,0.013246606135439104,0.003250523797223841,0.0002825580321290277,0.00822924465926099,0.9749910673759471
asthma_v2_pneumonia_P30Pneumonia52T.wav,0,3,4,4,0.025648164397669964,0.006363511256472227,0.0007161614909648354,0.006173409871202452,0.9610987529836902
asthma_v2_pneumonia_P30Pneumonia70X.wav,0,3,4,4,0.024318609054671505,0.021151796815099873,0.0012039454683087465,0.02239872184602955,0.9309269268158903
asthma_v2_pneumonia_P30Pneumonia85D.wav,0,3,4,4,0.03210257622341857,0.001608304211902791,0.000542678958902426,0.0034375790269151824,0.9623088615788613
asthma_v2_pneumonia_P36Pneumonia56V.wav,0,3,4,0,0.9241459945102494,0.03638984211317571,0.002748899447151805,0.003453351384843712,0.03326191254457944
asthma_v2_pneumonia_P36Pneumonia57U.wav,0,3,4,0,0.8505702612569571,0.09200770540018004,0.0021506952847199275,0.0032137276602492862,0.052057610397893625
asthma_v2_pneumonia_P36Pneumonia79Z.wav,0,3,4,4,0.03588541664694776,0.003461240803215918,0.0010371748031172733,0.009009485121266538,0.9506066826254528
asthma_v2_pneumonia_P36Pneumonia83N.wav,0,3,4,4,0.009828188743738376,0.0007358537891485962,0.0003139376592078504,0.0016771384895247143,0.9874448813183804
asthma_v2_pneumonia_P36Pneumonia85U.wav,0,3,4,4,0.008786843021433722,0.0006838287142821906,0.0009105314885916653,0.0003771450608627941,0.9892416517148296
asthma_v2_pneumonia_P36Pneumonia86S.wav,0,3,4,0,0.8870651579649398,0.08459151143269569,0.0012141926359234435,0.0043542735796779615,0.02277486438676326
asthma_v2_pneumonia_P42Pneumonia27A.wav,0,3,4,0,0.9100997288961419,0.006846659766510086,0.015556000690962494,0.0013110631195001655,0.06618654752688596
asthma_v2_pneumonia_P42Pneumonia46D.wav,0,3,4,0,0.7350041194466408,0.014637983371632957,0.0235631281184053,0.003389809170285356,0.2234049598930357
asthma_v2_pneumonia_P42Pneumonia47W.wav,0,3,4,0,0.7481872008388551,0.15739517916657772,0.014408865500082932,0.004161820757237794,0.07584693373724623
asthma_v2_pneumonia_P42Pneumonia63L.wav,0,3,4,0,0.8007624550553455,0.0007474016008430066,0.01913755140824569,0.000605919390162288,0.17874667254540338
asthma_v2_pneumonia_P42Pneumonia67F.wav,0,3,4,0,0.8294809611361881,0.04229805291340796,0.042875924639890005,0.007408687106177899,0.07793637420433598
asthma_v2_pneumonia_P42Pneumonia69S.wav,0,3,4,0,0.7948698297016081,0.0020810592447704076,0.022406365054562054,0.0028008165751153597,0.17784192942394406
asthma_v2_pneumonia_P4Pneumonia17R.wav,0,3,4,4,0.014128897248056736,0.0015511463385081666,0.20235690796519806,0.04925505121138314,0.7327079972368539
asthma_v2_pneumonia_P4Pneumonia27H.wav,0,3,4,4,0.031657130940998826,0.0033607432597359274,0.029374739123109558,0.01978999490045614,0.9158173917756995
asthma_v2_pneumonia_P4Pneumonia39Q.wav,0,3,4,4,0.030562727190850552,0.008510130554740777,0.12151990213504227,0.01770170117660284,0.821705538942764
asthma_v2_pneumonia_P4Pneumonia55U.wav,0,3,4,4,0.02550734911850964,0.0034640097285780435,0.0215328292372375,0.026070972579107142,0.9234248393365678
asthma_v2_pneumonia_P4Pneumonia67J.wav,0,3,4,4,0.05328090778766933,0.0032784581338612846,0.027424362337738394,0.006966050163781998,0.9090502215769491
asthma_v2_pneumonia_P4Pneumonia78E.wav,0,3,4,4,0.06670872764046538,0.006599576761683471,0.027642248125025696,0.003863726106493528,0.8951857213663319
asthma_v2_Bronchial_P13BronchialSc_62.wav,0,4,1,0,0.8622638915424374,0.06620596479834741,0.0018667473538710691,0.026564139597587494,0.043099256707756745
asthma_v2_Bronchial_P13BronchialSc_64.wav,0,4,1,0,0.8318539944412494,0.06643321572474326,0.003436806403115695,0.04563235755320961,0.052643625877681906
asthma_v2_Bronchial_P13BronchialTc_61.wav,0,4,1,0,0.7935304417752437,0.12597626286669453,0.0020296472609367877,0.03389624930808464,0.04456739878904028
asthma_v2_Bronchial_P13BronchialTc_63.wav,0,4,1,0,0.38178226066249743,0.3760364237149042,0.06863787708411392,0.008932421388745287,0.1646110171497394
asthma_v2_Bronchial_P13BronchialTc_65.wav,0,4,1,0,0.5592611409362038,0.3161809250144593,0.08609200412351474,0.0020478259053798454,0.03641810402044254
asthma_v2_Bronchial_P17BronchialSc_82.wav,0,4,1,1,0.003054907277213514,0.9215165717322965,0.07275950270110584,0.0005253250708763187,0.0021436932185077587
asthma_v2_Bronchial_P17BronchialSc_84.wav,0,4,1,1,0.0009562768798185942,0.9951293650526103,0.002698342958670039,0.0003593613549582655,0.0008566537539429918
asthma_v2_Bronchial_P17BronchialTc_81.wav,0,4,1,1,0.014298731381078952,0.911636249035649,0.040822583942749534,0.006170931675013405,0.0270715039655091
asthma_v2_Bronchial_P17BronchialTc_83.wav,0,4,1,1,0.003978167489871647,0.957365939577854,0.03463950953416898,0.0008113531157448458,0.003205030282360745
asthma_v2_Bronchial_P17BronchialTc_85.wav,0,4,1,1,0.0003127834082040897,0.9476969998310131,0.050696170128810995,0.000803358935174854,0.0004906876967969014
asthma_v2_Bronchial_P2BronchialSc_10.wav,0,4,1,1,0.009172928959439691,0.9694145957708723,0.010959394625208174,0.00556534034456295,0.004887740299916476
asthma_v2_Bronchial_P2BronchialSc_6.wav,0,4,1,1,0.008795433230028425,0.9736262013475812,0.013283584554497454,0.001341533212604027,0.0029532476552889667
asthma_v2_Bronchial_P2BronchialSc_8.wav,0,4,1,1,0.005878833871838373,0.9851134119327624,0.0006521263465767601,0.0032929941615953084,0.005062633687227125
asthma_v2_Bronchial_P2BronchialTc_7.wav,0,4,1,1,0.05786584415677133,0.8639078448462769,0.026014658279756145,0.027422653489724093,0.024788999227471548
asthma_v2_Bronchial_P2BronchialTc_9.wav,0,4,1,1,0.009676057878147137,0.9691403002969251,0.0011928087803600275,0.007352959281552838,0.012637873763014796
asthma_v2_asthma_P10AsthmaIE_49.wav,0,4,0,0,0.7862398249604226,0.036146204059698546,0.02547535070489143,0.007111775769277518,0.1450268445057097
asthma_v2_asthma_P10AsthmaIU_46.wav,0,4,0,0,0.8824020419853883,0.08585422792268282,0.004641260363833148,0.0010861525325860755,0.026016317195509567
asthma_v2_asthma_P10AsthmaIU_50.wav,0,4,0,0,0.8043953947260643,0.17036317059321546,0.0053312361287663175,0.0009539429512480768,0.018956255600705896
asthma_v2_asthma_P10AsthmaRL_47.wav,0,4,0,0,0.8842143685339631,0.021752485969919653,0.01241024261492299,0.001387949440185177,0.08023495344100899
asthma_v2_asthma_P10AsthmaRS_48.wav,0,4,0,0,0.8211087273083705,0.08773613071185678,0.014453174775494768,0.000689598730211999,0.0760123684740659
asthma_v2_asthma_P11WheezingIE_53.wav,0,4,0,0,0.7363127263656627,0.21594423508794516,0.006369743452680184,0.0025628761090441088,0.03881041898466769
asthma_v2_asthma_P11WheezingIU_54.wav,0,4,0,0,0.6935822835189585,0.21986644392506374,0.004150093465998076,0.019208275979188394,0.06319290311079138
asthma_v2_asthma_P11WheezingRL_51.wav,0,4,0,0,0.8002841286282325,0.18650256579052163,0.0027122837062524413,0.0008477282972537999,0.009653293577739608
asthma_v2_asthma_P11WheezingRL_55.wav,0,4,0,0,0.5261962297957512,0.39227392484360535,0.026184454750563146,0.030930943091121092,0.02441444751895923
asthma_v2_asthma_P11WheezingRS_52.wav,0,4,0,0,0.5345782827808594,0.4349101102075499,0.008139547274404559,0.010517605775738459,0.011854453961447976
asthma_v2_asthma_P16WheezingIE_77.wav,0,4,0,4,0.35298707088375386,0.013546389885577674,0.012216846907746182,0.03641396513669273,0.5848357271862292
asthma_v2_asthma_P16WheezingIU_78.wav,0,4,0,0,0.6703292603666282,0.01605373486134436,0.051227255578151915,0.005970618768670571,0.2564191304252051
asthma_v2_asthma_P16WheezingRL_79.wav,0,4,0,0,0.6382713627947023,0.0032818501568849827,0.013272935566084682,0.026907090129087215,0.3182667613532402
asthma_v2_asthma_P16WheezingRS_76.wav,0,4,0,4,0.3837408996342691,0.005151846647789206,0.002596532077501105,0.07304266390165055,0.53546805773879
asthma_v2_asthma_P16WheezingRS_80.wav,0,4,0,0,0.8897709498995918,0.06558471765701052,0.007390891504214441,0.0009534366123852474,0.03630000432679812
asthma_v2_asthma_P20WheezingIE_97.wav,0,4,0,0,0.2345429749453691,0.12654355084413663,0.4705259836332823,0.01831664178972934,0.15007084878748278
asthma_v2_asthma_P20WheezingIU_98.wav,0,4,0,3,0.537051477397062,0.031182724832645517,0.009201607383990729,0.3146836376371968,0.1078805527491046
asthma_v2_asthma_P20WheezingRL_99.wav,0,4,0,0,0.8677520994390135,0.059718300852833854,0.004130598389873156,0.026174030435310885,0.042224970882968824
asthma_v2_asthma_P20WheezingRS_100.wav,0,4,0,3,0.4418828900123614,0.16349620089645608,0.006824410054132521,0.29148681582365393,0.09630968321339631
asthma_v2_asthma_P20WheezingRS_96.wav,0,4,0,0,0.9494780071577242,0.015700697105687778,0.0016614937659015269,0.0011617314052939885,0.03199807056539235
asthma_v2_asthma_P23WheezingIE_113.wav,0,4,0,0,0.932463193945581,0.008490322152406837,0.008565757835354553,0.0002802198291572877,0.050200506237500005
asthma_v2_asthma_P23WheezingIU_114.wav,0,4,0,0,0.8608457632986228,0.02001773216635395,0.061418919971014715,0.0003552298449619395,0.05736235471904666
asthma_v2_asthma_P23WheezingRL_111.wav,0,4,0,0,0.9645800371773601,0.010065864919649803,0.003500038887842097,0.000299302883980563,0.021554756131167495
asthma_v2_asthma_P23WheezingRL_115.wav,0,4,0,0,0.8179742851434455,0.02793544170435113,0.016670855592480008,0.02456028184680962,0.1128591357129137
asthma_v2_asthma_P23WheezingRS_112.wav,0,4,0,0,0.9619489403721788,0.007707199372958469,0.0025632610694375953,0.0003062487991925378,0.027474350386232724
asthma_v2_asthma_P29WheezingIE_141.wav,0,4,0,0,0.6733635624370888,0.01632024409494241,0.0036816279328768338,0.0024317167655299675,0.3042028487695619
asthma_v2_asthma_P29WheezingIE_145.wav,0,4,0,0,0.6162222115415663,0.00874017905819702,0.061753210116500194,0.0003257347371559729,0.31295866454658056
asthma_v2_asthma_P29WheezingIU_142.wav,0,4,0,0,0.1687829892509162,0.5498187764667999,0.11282527521849552,0.020995005002802648,0.147577954060986
asthma_v2_asthma_P29WheezingRL_143.wav,0,4,0,0,0.4633581258974025,0.020765328674699733,0.10133889583944453,0.003514771966280237,0.41102287762217316
asthma_v2_asthma_P29WheezingRS_144.wav,0,4,0,4,0.33414880297474175,0.0034909151598705368,0.019104513716846957,0.00022001406083109842,0.6430357540877096
asthma_v2_asthma_P38WheezingIE_189.wav,0,4,0,0,0.733703024549923,0.01669692011704906,0.23705243266944673,0.0010712560840670084,0.011476366579514261
asthma_v2_asthma_P38WheezingIU_186.wav,0,4,0,0,0.8129442386913972,0.015070728008237054,0.14299714681161704,0.0016925946027673987,0.027295291885981256
asthma_v2_asthma_P38WheezingIU_190.wav,0,4,0,0,0.7740709099401144,0.04212814470293959,0.14275919013357133,0.009062545097470086,0.03197921012590478
asthma_v2_asthma_P38WheezingRL_187.wav,0,4,0,0,0.6701242983770702,0.09238436618538276,0.11634941688801641,0.010412954308504202,0.1107289642410262
asthma_v2_asthma_P38WheezingRS_188.wav,0,4,0,0,0.4118468783637679,0.039788448576041274,0.5175847952213468,0.004159316225679682,0.026620561613164225
asthma_v2_asthma_P41WheezingIE_201.wav,0,4,0,0,0.8708134437202325,0.01960047692750285,0.07539931688179116,0.003276305698185188,0.03091045677228835
asthma_v2_asthma_P41WheezingIE_205.wav,0,4,0,0,0.8747862487339524,0.03445726497955799,0.024827208869561638,0.0020496329759781477,0.06387964444094973
asthma_v2_asthma_P41WheezingIU_202.wav,0,4,0,0,0.9460188824569074,0.0024553694299620818,0.02139575797811058,0.0004952707099617193,0.029634719425058256
asthma_v2_asthma_P41WheezingRL_203.wav,0,4,0,2,0.12140710445540212,0.0011337835935867034,0.8751962067603029,7.691916182218032e-05,0.002185986028886126
asthma_v2_asthma_P41WheezingRS_204.wav,0,4,0,0,0.7874807948522841,0.023993354221895826,0.06344296214845008,0.0012753585312599836,0.12380753024610976
asthma_v2_asthma_P47WheezingIE_233.wav,0,4,0,0,0.7043120615620725,0.0052652770591395505,0.2396051897969718,0.0009713066670243513,0.04984616491479175
asthma_v2_asthma_P47WheezingIU_234.wav,0,4,0,0,0.811875459819227,0.013410914617104645,0.14210612450422194,0.000820104704597805,0.031787396354848646
asthma_v2_asthma_P47WheezingRL_231.wav,0,4,0,2,0.14725484453837542,0.05831109728186201,0.6539061169492897,0.0029174181015896613,0.13761052312888328
asthma_v2_asthma_P47WheezingRL_235.wav,0,4,0,0,0.8287847423567747,0.010040585612408766,0.09204345091055932,0.0029588476327676782,0.06617237348748957
asthma_v2_asthma_P47WheezingRS_232.wav,0,4,0,0,0.9250687846804903,0.004502838283234339,0.045739335539924666,0.0006387970904967416,0.02405024440585401
asthma_v2_asthma_P4AsthmaIE_17.wav,0,4,0,0,0.7865773473841904,0.14695765127571184,0.006457799590628193,0.0012611849332926073,0.05874601681617658
asthma_v2_asthma_P4AsthmaIU_18.wav,0,4,0,0,0.7929275230329245,0.19027699117171354,0.0029052919017968025,0.000396016573871366,0.013494177319693695
asthma_v2_asthma_P4AsthmaRL_19.wav,0,4,0,0,0.8677836475052522,0.11672886826281079,0.002079283748175662,0.00041781940474389106,0.012990381079017264
asthma_v2_asthma_P4AsthmaRS_16.wav,0,4,0,0,0.7918967115608868,0.16346996758531512,0.004180216670186502,0.0005686582173249476,0.0398844459662863
asthma_v2_asthma_P4AsthmaRS_20.wav,0,4,0,0,0.8216171061206057,0.09904862976575426,0.00911465853389167,0.0030347968857741157,0.06718480869397452
asthma_v2_asthma_P53WheezingIE_261.wav,0,4,0,0,0.7588189833545399,0.12341463659452868,0.028867998320417056,0.004306086806427993,0.08459229492408632
asthma_v2_asthma_P53WheezingIE_265.wav,0,4,0,0,0.2668676983332542,0.25098432123119524,0.36491097900301306,0.03667177574969592,0.08056522568284154
asthma_v2_asthma_P53WheezingIU_262.wav,0,4,0,0,0.8897116670221564,0.08045072470298256,0.00678532990921903,0.00048322448576939886,0.02256905387987271
asthma_v2_asthma_P53WheezingRL_263.wav,0,4,0,4,0.0903488029455383,0.11841365582315634,0.25710955481344583,0.04105771690980371,0.4930702695080566
asthma_v2_asthma_P53WheezingRS_264.wav,0,4,0,1,0.12643182840824294,0.6473454363699417,0.16741327011745488,0.025535032819341327,0.033274432285019175
asthma_v2_asthma_P6AsthmaIE_29.wav,0,4,0,0,0.862917750349793,0.0724964999611461,0.016329089681060237,0.0011800695888662812,0.04707659041913427
asthma_v2_asthma_P6AsthmaIU_26.wav,0,4,0,0,0.5940627788513373,0.20403197587650615,0.0465849541957735,0.021176466251713814,0.13414382482466924
asthma_v2_asthma_P6AsthmaIU_30.wav,0,4,0,0,0.8722018788143506,0.09346949636439368,0.008118651315839534,0.0008047858838483798,0.025405187621567706
asthma_v2_asthma_P6AsthmaRL_27.wav,0,4,0,0,0.6053203292586657,0.02338751995184487,0.051246362323784864,0.020550641665479756,0.2994951468002249
asthma_v2_asthma_P6AsthmaRS_28.wav,0,4,0,0,0.4758674773892101,0.013268889010838883,0.009127422748183648,0.0034836070244428745,0.4982526038273244
asthma_v2_asthma_P7AsthmaIE_33.wav,0,4,0,0,0.9014414749606084,0.048884269784006784,0.008889803842042196,0.0023272685068742157,0.03845718290646839
asthma_v2_asthma_P7AsthmaIU_34.wav,0,4,0,0,0.8774146384427225,0.06173952409458747,0.00678752559299026,0.00257950660356055,0.05147880526613936
asthma_v2_asthma_P7AsthmaRL_31.wav,0,4,0,4,0.35623704170121484,0.011887400328756077,0.0026057191496121437,0.02064376828231089,0.6086260705381062
asthma_v2_asthma_P7AsthmaRL_35.wav,0,4,0,0,0.877755163632106,0.05448546590938505,0.0021913097089674895,0.0022958387732951724,0.06327222197624639
asthma_v2_asthma_P7AsthmaRS_32.wav,0,4,0,4,0.11542086827180867,0.0027940583621991455,0.004064943042588184,0.006222947517192439,0.8714971828062115
asthma_v2_copd_P14COPDMc_106.wav,0,4,2,2,0.004689340598096992,0.012493562008654783,0.8894675320202595,0.006970127729258496,0.08637943764373031
asthma_v2_copd_P14COPDMc_108.wav,0,4,2,2,0.042216902686362086,0.00916816748968072,0.9425944996040383,0.0006387136864839168,0.0053817165334348925
asthma_v2_copd_P14COPDMc_110.wav,0,4,2,2,0.04938365312658718,0.03067465273417652,0.7806441783067752,0.0018759969030202053,0.13742151892944085
asthma_v2_copd_P14COPDMc_112.wav,0,4,2,0,0.5084700630117284,0.03551673155622103,0.4411322871489749,0.004067222382038465,0.010813695901037368
asthma_v2_copd_P14COPDPr_105.wav,0,4,2,2,0.0004931110645111203,0.0007854118194117012,0.9948233587255146,9.326405188522257e-05,0.0038048543386772927
asthma_v2_copd_P14COPDPr_107.wav,0,4,2,2,0.03568012643964606,0.0063755814961416486,0.9460028953514831,9.619772881145574e-05,0.011845198983917943
asthma_v2_copd_P14COPDPr_109.wav,0,4,2,2,0.008259736342051377,0.009897858296668153,0.9577603144774951,0.00036910468213379816,0.023712986201651527
asthma_v2_copd_P14COPDPr_111.wav,0,4,2,4,0.21035758897149007,0.029180048446149954,0.3284812612159467,0.002552330320413779,0.4294287710459996
asthma_v2_copd_P16COPDMc_122.wav,0,4,2,2,2.420893628516251e-09,1.985947002459475e-09,0.9999926639259095,1.0402573445952346e-07,7.2276415153620795e-06
asthma_v2_copd_P16COPDMc_124.wav,0,4,2,2,7.499738430637277e-10,5.879033713146662e-10,0.9999961773283561,4.8584079316563545e-08,3.772749687273842e-06
asthma_v2_copd_P16COPDMc_126.wav,0,4,2,2,6.488356915636238e-09,5.382298191320717e-09,0.9999596825932651,1.0785828457228357e-07,4.019767779519695e-05
asthma_v2_copd_P16COPDMc_128.wav,0,4,2,2,1.4141097052678603e-07,1.254664106826625e-07,0.9998272094424573,1.5031361143998101e-06,0.00017102054404695245
asthma_v2_copd_P16COPDPr_121.wav,0,4,2,2,1.4718814116477289e-09,1.1507459434996867e-09,0.9999925814125384,7.457689558316037e-08,7.3413879386255285e-06
asthma_v2_copd_P16COPDPr_123.wav,0,4,2,2,7.256574244651041e-10,6.576515557051572e-10,0.9999861194601873,4.748955881652374e-08,1.3831666944939782e-05
asthma_v2_copd_P16COPDPr_125.wav,0,4,2,2,6.923343952692966e-10,5.89601920980854e-10,0.9999983775036198,4.428831223653707e-08,1.5769261316958949e-06
asthma_v2_copd_P16COPDPr_127.wav,0,4,2,2,1.0405078738063985e-09,1.1498551477430415e-09,0.9999988950201995,3.89316387340878e-08,1.063857798732957e-06
asthma_v2_copd_P1COPDMc_2.wav,0,4,2,0,0.6181120367449222,0.019872489882480148,0.15148101135096964,0.042282751060614736,0.16825171096101338
asthma_v2_copd_P1COPDMc_4.wav,0,4,2,2,0.01902833792397561,0.003289891582773104,0.834476553490996,0.001932623962332668,0.14127259303992298
asthma_v2_copd_P1COPDMc_6.wav,0,4,2,2,0.0029724318995801332,0.0016245915408696905,0.8823326771757226,0.004281727544664735,0.10878857183916306
asthma_v2_copd_P1COPDMc_8.wav,0,4,2,2,3.3905972997734774e-07,3.090798254377672e-07,0.9998842184787847,7.688287983515847e-06,0.00010744509367648975
asthma_v2_copd_P1COPDPr_1.wav,0,4,2,0,0.9091764728260581,0.022610981833632037,0.04334475962098743,0.002607043577507428,0.022260742141815445
asthma_v2_copd_P1COPDPr_3.wav,0,4,2,2,0.010991559512011539,0.0016598324091629032,0.9825858034925867,0.00020644102284958304,0.004556363563389412
asthma_v2_copd_P1COPDPr_5.wav,0,4,2,2,0.0005249703848413629,0.0013956243945594273,0.9923350507930869,0.0006488426921802064,0.005095511735332264
asthma_v2_copd_P1COPDPr_7.wav,0,4,2,2,0.0010341122493849498,0.0023821917349412347,0.981559371783665,0.001224764555388284,0.013799559676620584
asthma_v2_copd_P22COPDMc_170.wav,0,4,2,2,0.0036437945678194934,0.0008071271394847844,0.9761032137215981,0.001202307833296289,0.018243556737800946
asthma_v2_copd_P22COPDMc_172.wav,0,4,2,2,0.0004333708693470854,0.0001283171582453354,0.9934356394290753,0.0008807773667144895,0.005121895176617731
asthma_v2_copd_P22COPDMc_174.wav,0,4,2,2,0.0066774270772462264,0.0005904323344330551,0.9499633331592374,0.00978093582265028,0.032987871606432864
asthma_v2_copd_P22COPDMc_176.wav,0,4,2,2,0.008072334469490001,0.00597484187460371,0.971040435785368,0.0027004376891928247,0.012211950181345651
asthma_v2_copd_P22COPDPr_169.wav,0,4,2,2,7.751642631032684e-07,5.492711086090081e-07,0.9992565549770795,3.7950902702951276e-05,0.0007041696848459951
asthma_v2_copd_P22COPDPr_171.wav,0,4,2,2,4.757089978382136e-06,4.168228000803383e-06,0.996894612880648,0.0007476067347850019,0.0023488550665880575
asthma_v2_copd_P22COPDPr_173.wav,0,4,2,2,0.02319450771582272,0.0046151921204417076,0.933415618783749,0.009179451713437809,0.029595229666548557
asthma_v2_copd_P22COPDPr_175.wav,0,4,2,2,0.006704985053094331,0.0005609960628798037,0.9538722052030615,0.00787013182506412,0.030991681855900306
asthma_v2_copd_P24COPDMc_186.wav,0,4,2,2,0.001471842300579526,0.0011096158579076416,0.9748739284505743,0.0020284609532109977,0.02051615243772773
asthma_v2_copd_P24COPDMc_188.wav,0,4,2,2,0.010882295755692044,0.0037497361009507153,0.934171579299168,0.022393282036682647,0.028803106807506383
asthma_v2_copd_P24COPDMc_190.wav,0,4,2,2,0.010055401846817648,0.0035743471708773933,0.851160182352717,0.039549735861423414,0.09566033276816475
asthma_v2_copd_P24COPDMc_192.wav,0,4,2,2,1.1920702657342666e-06,1.01545150064606e-06,0.9989131706844326,8.529429781267774e-05,0.0009993274959882003
asthma_v2_copd_P24COPDPr_185.wav,0,4,2,2,0.001971152652433667,0.0027576583472170768,0.9698812168869444,0.002556310356171152,0.022833661757234083
asthma_v2_copd_P24COPDPr_187.wav,0,4,2,2,0.0014081879786697383,0.000785455848622068,0.9678349051650259,0.0018678332002155565,0.02810361780746682
asthma_v2_copd_P24COPDPr_189.wav,0,4,2,2,0.030351306126028953,0.006296758973143378,0.6599389277755717,0.04602982877031222,0.25738317835494373
asthma_v2_copd_P24COPDPr_191.wav,0,4,2,2,7.977029104885697e-08,1.1398381568846482e-07,0.999764912932782,0.0001021465968711121,0.00013274671623993535
asthma_v2_copd_P33COPDMc_258.wav,0,4,2,4,0.03930206980879073,0.009415913345141387,0.4948820347249577,0.04790548433690977,0.40849449778420055
asthma_v2_copd_P33COPDMc_260.wav,0,4,2,4,0.038774464469467994,0.06402024031862442,0.10353297706040578,0.06772992299999504,0.7259423951515068
asthma_v2_copd_P33COPDMc_262.wav,0,4,2,4,0.11455034363372399,0.17017844132914212,0.2087655160360593,0.18567872221807508,0.32082697678299976
asthma_v2_copd_P33COPDMc_264.wav,0,4,2,2,0.0007006688799762658,0.017203255275588795,0.9818229596059458,1.1790507817097857e-05,0.0002613257306723131
asthma_v2_copd_P33COPDPr_257.wav,0,4,2,2,0.004557911369161929,0.0005357987327378035,0.9947073887665192,2.4510291468727054e-05,0.0001743908401123145
asthma_v2_copd_P33COPDPr_259.wav,0,4,2,4,0.027553749752422373,0.08924858045903286,0.1765009391556149,0.08717362637842248,0.6195231042545071
asthma_v2_copd_P33COPDPr_261.wav,0,4,2,4,0.12657861080869506,0.15885285108553962,0.1412766350547387,0.15632754755532619,0.4169643554957008
asthma_v2_copd_P33COPDPr_263.wav,0,4,2,3,0.12861546779232985,0.12624119317066346,0.15823293576127212,0.27984164992424115,0.3070687533514933
asthma_v2_copd_P37COPDMc_290.wav,0,4,2,2,0.0005224613458584043,0.0022742776763887943,0.996291910161784,0.00011200972600275615,0.0007993410899661608
asthma_v2_copd_P37COPDMc_292.wav,0,4,2,2,0.0050352181705651386,0.002399578673725634,0.9905543528453457,0.00016745976406106893,0.0018433905463027377
asthma_v2_copd_P37COPDMc_294.wav,0,4,2,2,0.007359451769405932,0.00032922051908614703,0.9880417682124646,0.0001906245514654254,0.00407893494757822
asthma_v2_copd_P37COPDMc_296.wav,0,4,2,2,0.04330103637407203,0.0006654426140932136,0.951094769356225,0.00030151973295850854,0.00463723192265131
asthma_v2_copd_P37COPDPr_289.wav,0,4,2,2,0.0009767705326416494,0.0021707000162313294,0.9926923361418787,0.0003826011318134258,0.0037775921774349146
asthma_v2_copd_P37COPDPr_291.wav,0,4,2,2,0.0008764990973989547,0.0005651323264702485,0.997975704708168,8.910165980876845e-05,0.0004935622081541079
asthma_v2_copd_P37COPDPr_293.wav,0,4,2,2,0.014081883874249905,0.000650473240948362,0.9812751174458956,0.00018262286406767823,0.00380990257483824
asthma_v2_copd_P37COPDPr_295.wav,0,4,2,2,0.10527954944841744,0.003814368579811588,0.875067929641042,0.0015042972017467696,0.014333855128982019
asthma_v2_copd_P39COPDMc_306.wav,0,4,2,2,0.013576234423930605,0.3151639486619892,0.5687052863464673,0.00453567820897319,0.09801885235863954
asthma_v2_copd_P39COPDMc_308.wav,0,4,2,2,0.002253499185482133,0.050841548349953386,0.9223542434253112,0.0009139661845098163,0.023636742854743195
asthma_v2_copd_P39COPDMc_310.wav,0,4,2,2,0.0037561724579825238,0.11672744609620699,0.8265798445937367,0.0021418287012305386,0.050794708150843505
asthma_v2_copd_P39COPDMc_312.wav,0,4,2,2,0.003237198642145212,0.01528441488426523,0.9793740578217287,0.00048548207032786405,0.0016188465815328557
asthma_v2_copd_P39COPDPr_305.wav,0,4,2,2,0.059830654477032744,0.0026904693168600833,0.8075585056321295,0.009246042602623442,0.1206743279713541
asthma_v2_copd_P39COPDPr_307.wav,0,4,2,4,0.0380987298151984,0.17362819847713137,0.44360335042616594,0.012946850654505822,0.33172287062699896
asthma_v2_copd_P39COPDPr_309.wav,0,4,2,2,0.001091796561970122,0.10362502693323597,0.8793697402050423,0.0007565252295104925,0.01515691107024125
asthma_v2_copd_P39COPDPr_311.wav,0,4,2,2,0.0002484888579509326,0.09909422785271718,0.8975910812938304,0.00030666928970538867,0.002759532705796245
asthma_v2_copd_P42COPDMc_330.wav,0,4,2,2,7.520066013705944e-07,1.0714449461286014e-06,0.9992576234728594,0.00011034480496492516,0.0006302082706281923
asthma_v2_copd_P42COPDMc_332.wav,0,4,2,2,3.597356398605806e-08,3.304370424283424e-08,0.9998241184987212,3.4206068775174436e-05,0.00014160641523535474
asthma_v2_copd_P42COPDMc_334.wav,0,4,2,2,4.433592093019595e-06,3.8133209641580316e-06,0.9968720046034021,0.00239403742028074,0.0007257110632599908
asthma_v2_copd_P42COPDMc_336.wav,0,4,2,2,0.000838376150437343,0.00030065918793863904,0.9837684867816335,0.004359515513931222,0.010732962366058918
asthma_v2_copd_P42COPDPr_329.wav,0,4,2,2,0.0013211735891768155,0.004602322897558161,0.9736871445577004,0.00402880585255711,0.016360553103007786
asthma_v2_copd_P42COPDPr_331.wav,0,4,2,2,4.008997846438874e-08,4.199865936342127e-08,0.9998526842359231,8.088235978359214e-05,6.635131565538017e-05
asthma_v2_copd_P42COPDPr_333.wav,0,4,2,2,2.0019549456466848e-08,1.6608254138382817e-08,0.9998587266218948,3.3531837740096336e-05,0.00010770491256160588
asthma_v2_copd_P42COPDPr_335.wav,0,4,2,2,0.0007263184684118135,0.00027722804016803076,0.9872519247075963,0.002789003757890667,0.008955525025933282
asthma_v2_copd_P7COPDMc_50.wav,0,4,2,2,0.001699527914700282,0.0005109619251462433,0.9952139835378842,0.0017464546605789953,0.0008290719616904109
asthma_v2_copd_P7COPDMc_52.wav,0,4,2,2,0.006236998690271506,0.02233249177529891,0.9616938803884277,0.005875884066923347,0.0038607450790785415
asthma_v2_copd_P7COPDMc_54.wav,0,4,2,2,0.008865295805704394,0.005738255442347244,0.9631989404175361,0.017316407231216382,0.004881101103195875
asthma_v2_copd_P7COPDMc_56.wav,0,4,2,2,0.005894066764373219,0.004515702652775075,0.9841161166988468,0.0031414915813489765,0.002332622302655604
asthma_v2_copd_P7COPDPr_49.wav,0,4,2,2,0.0023633377272632393,0.00031966331659287136,0.9916044546430011,0.0005761481462720363,0.005136396166870528
asthma_v2_copd_P7COPDPr_51.wav,0,4,2,2,0.0032462390708940777,0.0006134161647832015,0.9908147014619146,0.00273604261852899,0.0025896006838790095
asthma_v2_copd_P7COPDPr_53.wav,0,4,2,2,0.0031764772086031083,0.0022574115124739348,0.9850285583188216,0.007854817736620896,0.0016827352234802906
asthma_v2_copd_P7COPDPr_55.wav,0,4,2,1,0.006554513135045465,0.4711592337925201,0.39540697059979596,0.1169518967101811,0.009927385762457176
asthma_v2_healthy_P14Healthy28S.wav,0,4,3,3,0.014924755448444389,0.029660705389568526,0.0698722074387152,0.85344719439379,0.03209513732948176
asthma_v2_healthy_P14Healthy47S.wav,0,4,3,3,0.05958177628859067,0.08845458318745196,0.21924789607033748,0.5825306766397816,0.05018506781383814
asthma_v2_healthy_P14Healthy53S.wav,0,4,3,3,0.011509015548910652,0.017274389673115034,0.022068335345342235,0.9278085321426757,0.021339727289956412
asthma_v2_healthy_P14Healthy54S.wav,0,4,3,3,0.008648356808689544,0.4174392183925647,0.01927200274725785,0.5330320264085853,0.021608395642902695
asthma_v2_healthy_P14Healthy89S.wav,0,4,3,3,0.0034969434656311315,0.6958599515720408,0.019134014438874723,0.27615986529170916,0.005349225231743809
asthma_v2_healthy_P1Healthy29S.wav,0,4,3,3,0.0206659780469739,0.1172255126117314,0.19150784989423442,0.6162291798886055,0.054371479558454464
asthma_v2_healthy_P1Healthy55S.wav,0,4,3,3,0.0048913874426590965,0.00405378865834006,0.025058704954980245,0.9416994941728216,0.02429662477119909
asthma_v2_healthy_P1Healthy86S.wav,0,4,3,3,0.013849303366884868,0.028239854722409526,0.06953157684054062,0.8454938358464573,0.04288542922370795
asthma_v2_healthy_P1Healthy88S.wav,0,4,3,3,0.00992892513951178,0.020568803935226344,0.07128532102267301,0.8425563601991792,0.055660589703409355
asthma_v2_healthy_P1Healthy99S.wav,0,4,3,3,0.010498260580474547,0.0046941771823508,0.020196002540170645,0.8132767959212392,0.15133476377576455
asthma_v2_healthy_P20Healthy25S.wav,0,4,3,3,0.007435481914018857,0.004118364930860316,0.0005247226783633812,0.9036358161740811,0.08428561430267634
asthma_v2_healthy_P20Healthy31S.wav,0,4,3,3,0.0038540822995473904,0.00038893961624451466,0.0005189376353881903,0.9619236420749165,0.033314398373903306
asthma_v2_healthy_P20Healthy59S.wav,0,4,3,3,0.004632127097874026,0.019905414678228574,0.004164822305769955,0.8438388323372216,0.127458803580906
asthma_v2_healthy_P20Healthy70S.wav,0,4,3,3,0.006870963000046563,0.006145769704873329,0.0005611016819285495,0.9098706665318184,0.07655149908133323
asthma_v2_healthy_P20Healthy84S.wav,0,4,3,1,0.05015673040166234,0.9080366707881395,0.0024421115243217282,0.019960570271377327,0.019403917014498707
asthma_v2_healthy_P24Healthy51S.wav,0,4,3,3,0.011435830854259635,0.005264034540875986,0.002106307401939331,0.8963737909729914,0.0848200362299335
asthma_v2_healthy_P24Healthy58S.wav,0,4,3,3,0.0091502720722437,0.004701476857241929,0.0023178211386205307,0.9431607081647096,0.04066972176718415
asthma_v2_healthy_P24Healthy62S.wav,0,4,3,3,0.009008912329994885,0.00436790325961607,0.49382538791929487,0.3888367845258085,0.10396101196528579
asthma_v2_healthy_P24Healthy63S.wav,0,4,3,3,0.010587706239468956,0.003469184202105133,0.28979935081705044,0.591585350371579,0.10455840836979671
asthma_v2_healthy_P24Healthy95S.wav,0,4,3,3,0.007935873612297983,0.009891924124303394,0.4977056339811763,0.30009531480333773,0.1843712534788842
asthma_v2_healthy_P7Healthy38S.wav,0,4,3,3,0.01076932082065029,0.010417001218672626,0.021567756975415516,0.9288118989442956,0.02843402204096592
asthma_v2_healthy_P7Healthy39S.wav,0,4,3,3,0.013765277252873749,0.09904899204630992,0.18237153075404205,0.6752211509308094,0.029593049015964885
asthma_v2_healthy_P7Healthy84S.wav,0,4,3,3,0.0871365164862122,0.004847269278531927,0.14332250251628642,0.3553802965603297,0.40931341515863984
asthma_v2_healthy_P7Healthy85S.wav,0,4,3,4,0.09250301087172792,0.008609185840364903,0.09078782242481238,0.24320342071464482,0.5648965601484498
asthma_v2_healthy_P7Healthy94S.wav,0,4,3,3,0.05310528056129647,0.05919060201553191,0.24953179799983746,0.5698114638714913,0.068360855551843
asthma_v2_pneumonia_P10Pneumonia52A.wav,0,4,4,4,0.02747837443992827,0.008933878311852281,0.014008688438565118,0.011741507602237461,0.9378375512074171
asthma_v2_pneumonia_P10Pneumonia73G.wav,0,4,4,4,0.06564788333699512,0.007620377126719607,0.013327005886707457,0.0017491246429136825,0.9116556090066643
asthma_v2_pneumonia_P10Pneumonia80J.wav,0,4,4,4,0.0190003702745916,0.014465149268025137,0.019111511763553524,0.022390966144589387,0.9250320025492402
asthma_v2_pneumonia_P10Pneumonia88R.wav,0,4,4,4,0.26371790662963046,0.00862515115980955,0.002915755951720556,0.0026014382878119208,0.7221397479710274
asthma_v2_pneumonia_P10Pneumonia93W.wav,0,4,4,4,0.03729822613454433,0.0028968774517030443,0.007398919135348838,0.010625998566326646,0.9417799787120767
asthma_v2_pneumonia_P10Pneumonia97B.wav,0,4,4,4,0.2587033616850543,0.010982867415530556,0.02623383654604812,0.0014360686686927064,0.7026438656846743
asthma_v2_pneumonia_P16Pneumonia18Z.wav,0,4,4,3,0.11749139074057269,0.006846416356372433,0.004124638764667367,0.3258666881736882,0.545670865964699
asthma_v2_pneumonia_P16Pneumonia42Q.wav,0,4,4,3,0.09730697350495845,0.006741350378285513,0.008216690124478862,0.6172488977858712,0.270486088206406
asthma_v2_pneumonia_P16Pneumonia56J.wav,0,4,4,3,0.12233939381385701,0.006292078275103718,0.007764933463121947,0.5307351313642182,0.33286846308369905
asthma_v2_pneumonia_P16Pneumonia66X.wav,0,4,4,4,0.1140681601036381,0.00493260586703737,0.0016225558776227856,0.11837394005343761,0.7610027380982642
asthma_v2_pneumonia_P16Pneumonia78M.wav,0,4,4,3,0.13213417904001193,0.007048450792254997,0.00394886021114815,0.26401343149337186,0.5928550784632132
asthma_v2_pneumonia_P16Pneumonia80G.wav,0,4,4,3,0.18034003534265203,0.008253278070544625,0.005768737522946324,0.27115601399349243,0.5344819350703643
asthma_v2_pneumonia_P18Pneumonia15Q.wav,0,4,4,4,0.013067243575321864,0.0021048909389324525,0.00023050529397443116,0.001532088744180109,0.9830652714475914
asthma_v2_pneumonia_P18Pneumonia16E.wav,0,4,4,4,0.037726384651937714,0.0073092208654551094,0.0009671910243225181,0.0038075152398828597,0.9501896882184018
asthma_v2_pneumonia_P18Pneumonia23E.wav,0,4,4,4,0.009106697984501779,0.002141294516001507,0.00010773940108069607,0.0018373431124761351,0.9868069249859398
asthma_v2_pneumonia_P18Pneumonia50S.wav,0,4,4,4,0.0693218358148501,0.004355561333328446,0.0006641958431531437,0.0010433509632598286,0.9246150560454086
asthma_v2_pneumonia_P18Pneumonia84N.wav,0,4,4,4,0.026019618264131576,0.002097338073106417,0.0003657758080690795,0.0007296922043471108,0.9707875756503458
asthma_v2_pneumonia_P18Pneumonia88I.wav,0,4,4,4,0.03922358689232988,0.00348864163174419,0.000178394819434352,0.0009915762077639517,0.956117800448728
asthma_v2_pneumonia_P28Pneumonia22W.wav,0,4,4,4,0.3471274915771408,0.09979037728430809,0.05805795803247437,0.004647223460690181,0.4903769496453866
asthma_v2_pneumonia_P28Pneumonia43J.wav,0,4,4,4,0.011034373329373973,0.02394819693072924,0.014762590420103418,0.28615980701414284,0.6640950323056505
asthma_v2_pneumonia_P28Pneumonia56Y.wav,0,4,4,4,0.039041587589189894,0.024031976524773718,0.0020218017910438426,0.021832007898406863,0.9130726261965856
asthma_v2_pneumonia_P28Pneumonia65J.wav,0,4,4,0,0.5567135599594943,0.1709878883108488,0.07259125975037199,0.0064725334986787016,0.1932347584806063
asthma_v2_pneumonia_P28Pneumonia71A.wav,0,4,4,4,0.013956497476580608,0.0034647323288082943,0.0006136428321034688,0.00041761221235376965,0.9815475151501536
asthma_v2_pneumonia_P28Pneumonia90E.wav,0,4,4,1,0.10595073362287619,0.6415060210738108,0.18518618790629637,0.001464970687075671,0.06589208670994126
asthma_v2_pneumonia_P32Pneumonia59Q.wav,0,4,4,4,0.01022671444103278,0.014115784559098335,0.0005417237808350821,0.14261629864906453,0.8324994785699693
asthma_v2_pneumonia_P32Pneumonia66M.wav,0,4,4,4,0.04814093924706442,0.0032556688743971833,0.00012544302211075524,0.018303614117871767,0.9301743347385562
asthma_v2_pneumonia_P32Pneumonia69E.wav,0,4,4,4,0.02810189051453766,0.015631363811371268,0.008611124818637626,0.002978095125344065,0.9446775257301095
asthma_v2_pneumonia_P32Pneumonia75E.wav,0,4,4,4,0.029034321377101904,0.004353173229479337,0.00025181329436570465,0.0036409545194043087,0.9627197375796489
asthma_v2_pneumonia_P32Pneumonia98Y.wav,0,4,4,4,0.015973591918793103,0.009861761255422088,0.0025254114581352433,0.0014918838970772023,0.9701473514705724
asthma_v2_pneumonia_P32Pneumonia99W.wav,0,4,4,4,0.027351569041372193,0.016609995331064685,0.006023990678821951,0.006438558836098724,0.9435758861126426
asthma_v2_pneumonia_P33Pneumonia50P.wav,0,4,4,4,0.04860978971329637,0.0045330463129839285,0.00018877179029905115,0.0038260283285074,0.9428423638549133
asthma_v2_pneumonia_P33Pneumonia70D.wav,0,4,4,4,0.01435566241330486,0.0006530234795716603,7.21812788624036e-05,0.00046631918027536243,0.9844528136479859
asthma_v2_pneumonia_P33Pneumonia74T.wav,0,4,4,4,0.021470969282734526,0.00306172758854723,0.0003204734576676357,0.0005400633948781892,0.9746067662761724
asthma_v2_pneumonia_P33Pneumonia88U.wav,0,4,4,4,0.007081134437965437,0.0026769607158959718,0.00027633554296916963,0.00048644520562436737,0.9894791240975453
asthma_v2_pneumonia_P33Pneumonia94C.wav,0,4,4,4,0.04586490286130583,0.0034835711277776044,0.00016385171941603492,0.007032613937383996,0.9434550603541167
asthma_v2_pneumonia_P33Pneumonia94P.wav,0,4,4,4,0.025177331231085988,0.004531256679404135,0.0005331678083497638,0.00037157345711483263,0.9693866708240452
asthma_v2_pneumonia_P39Pneumonia16K.wav,0,4,4,0,0.784779340486886,0.17409378543365508,0.00994685085100818,0.0035396621401775456,0.027640361088273203
asthma_v2_pneumonia_P39Pneumonia41F.wav,0,4,4,0,0.38156961717551907,0.08904939573595592,0.07224030917002229,0.0032984375769457685,0.45384224034155685
asthma_v2_pneumonia_P39Pneumonia49H.wav,0,4,4,0,0.5724148683167632,0.004041133532218869,0.0004637427151507449,0.0029189761021521025,0.4201612793337148
asthma_v2_pneumonia_P39Pneumonia78Z.wav,0,4,4,0,0.48582215620894137,0.02043792605279604,0.007239828430844802,0.07267574335558451,0.41382434595183365
asthma_v2_pneumonia_P39Pneumonia85Q.wav,0,4,4,0,0.43109934535553585,0.03707489122177251,0.032745555312884825,0.0021216309238524297,0.49695857718595443
asthma_v2_pneumonia_P39Pneumonia87S.wav,0,4,4,4,0.26560611035382103,0.0502939671521777,0.0369409796892698,0.0034560262495010336,0.6437029165552305
asthma_v2_pneumonia_P43Pneumonia24U.wav,0,4,4,2,0.011383479612446304,0.0008809801145457836,0.8920269165364483,0.05832176675146584,0.03738685698509381
asthma_v2_pneumonia_P43Pneumonia53X.wav,0,4,4,4,0.06742223287357775,0.13913802349017843,0.024619758511021494,0.021930582857999734,0.7468894022672224
asthma_v2_pneumonia_P43Pneumonia54I.wav,0,4,4,4,0.13677514236461819,0.04001714376202591,0.019066025713293206,0.010496742274487008,0.7936449458855755
asthma_v2_pneumonia_P43Pneumonia73N.wav,0,4,4,4,0.17050939091850176,0.030636481888840238,0.01516781018320207,0.009405396925916335,0.7742809200835394
asthma_v2_pneumonia_P43Pneumonia88Y.wav,0,4,4,2,0.018255519849240908,0.001533203207110003,0.7334926620282834,0.12184219342593913,0.12487642148942685
asthma_v2_pneumonia_P43Pneumonia89T.wav,0,4,4,2,0.014515568067634207,0.0012519225676144805,0.7966342304189907,0.082391916585014,0.10520636236074678
asthma_v2_pneumonia_P44Pneumonia36U.wav,0,4,4,4,0.08883680657265174,0.11949401750552235,0.14312786300191288,0.07953043682554142,0.5690108760943715
asthma_v2_pneumonia_P44Pneumonia47J.wav,0,4,4,4,0.17050939091850176,0.030636481888840238,0.01516781018320207,0.009405396925916335,0.7742809200835394
asthma_v2_pneumonia_P44Pneumonia49B.wav,0,4,4,4,0.13677514236461819,0.04001714376202591,0.019066025713293206,0.010496742274487008,0.7936449458855755
asthma_v2_pneumonia_P44Pneumonia59U.wav,0,4,4,4,0.0474880741824618,0.21669597396249193,0.009559904438418585,0.08682896667900843,0.6394270807376192
asthma_v2_pneumonia_P44Pneumonia65N.wav,0,4,4,4,0.0534197417777986,0.15485961913816265,0.009252405097286283,0.10903321712630479,0.6734350168604478
asthma_v2_pneumonia_P44Pneumonia71M.wav,0,4,4,4,0.06742223287357775,0.13913802349017843,0.024619758511021494,0.021930582857999734,0.7468894022672224
asthma_v2_pneumonia_P5Pneumonia20K.wav,0,4,4,4,0.05028938091966618,0.004139164997924985,0.04447988357623695,0.03070344949250722,0.8703881210136649
asthma_v2_pneumonia_P5Pneumonia21J.wav,0,4,4,4,0.026801762021727814,0.004615258485302844,0.034822702670800065,0.10347341593408954,0.8302868608880797
asthma_v2_pneumonia_P5Pneumonia38U.wav,0,4,4,4,0.020378649171195688,0.004691323321357393,0.07593187290000931,0.1550707518492491,0.7439274027581888
asthma_v2_pneumonia_P5Pneumonia88J.wav,0,4,4,4,0.07488376195885939,0.010983346522683823,0.02795316002971924,0.008375441624620393,0.8778042898641171
asthma_v2_pneumonia_P5Pneumonia94P.wav,0,4,4,4,0.009352064084688442,0.0009030319980633097,0.00935371720501533,0.18411659601083696,0.7962745907013961
asthma_v2_pneumonia_P5Pneumonia95V.wav,0,4,4,4,0.038844844569479474,0.004799302799126171,0.030295619164809075,0.027151570734300367,0.8989086627322849
asthma_v2_pneumonia_P9Pneumonia31T.wav,0,4,4,4,0.19534672149828136,0.06203919631177465,0.018537645460521352,0.0068195919535702235,0.7172568447758524
asthma_v2_pneumonia_P9Pneumonia63O.wav,0,4,4,4,0.018831305921246197,0.011913164346661235,0.005996735438005976,0.12339957748958547,0.8398592168045013
asthma_v2_pneumonia_P9Pneumonia67I.wav,0,4,4,4,0.045158862120160424,0.0021672041304510096,0.0034992212910090336,0.020680397081235362,0.9284943153771441
asthma_v2_pneumonia_P9Pneumonia73J.wav,0,4,4,4,0.06450108518430811,0.0007845126915330377,0.0027356133291695566,0.00931257235371759,0.9226662164412717
asthma_v2_pneumonia_P9Pneumonia74S.wav,0,4,4,0,0.6424599903725726,0.021663116999236388,0.003274365304968008,0.0009164942253950211,0.33168603309782807
asthma_v2_pneumonia_P9Pneumonia74V.wav,0,4,4,4,0.0866372912553675,0.0012929990192045275,0.002632515636923548,0.07868983758246015,0.8307473565060443
