file_id,repeat,fold,y_true,y_pred,p_asthma,p_bronchial,p_copd,p_healthy,p_pneumonia
asthma_v2_Bronchial_P10BronchialSc_50.wav,0,0,1,1,0.004962111472107298,0.9617475672587175,0.029028674431303674,0.0007966612896585094,0.0034649855482131882
asthma_v2_Bronchial_P11BronchialSc_54.wav,0,0,1,4,0.025066825017609044,0.47308177873377455,0.00912525892730974,0.11853476193514104,0.3741913753861658
asthma_v2_Bronchial_P12BronchialTc_57.wav,0,0,1,0,0.9398329280957313,0.049298166910705425,0.0012886265206337344,0.000340631008791722,0.00923964746413772
asthma_v2_Bronchial_P12BronchialTc_59.wav,0,0,1,0,0.8855295253697006,0.05728387181825126,0.009763033138320443,0.0014808317519554755,0.045942737921772434
asthma_v2_Bronchial_P13BronchialTc_65.wav,0,0,1,0,0.3664678875185063,0.4525273868526511,0.12486045047609244,0.005378507065723745,0.05076576808702653
asthma_v2_Bronchial_P14BronchialSc_70.wav,0,0,1,1,0.000734220482744674,0.9980275787511856,0.0007423761757168784,0.0003016231037273101,0.00019420148662546572
asthma_v2_Bronchial_P15BronchialSc_74.wav,0,0,1,1,0.003078594198076539,0.9647822039645852,0.027604339222787773,0.0009804020474451424,0.0035544605671050692
asthma_v2_Bronchial_P17BronchialSc_84.wav,0,0,1,1,0.002476920853634701,0.9949140573247502,0.0011188827142790659,0.0005503095079117549,0.0009398295994238552
asthma_v2_Bronchial_P18BronchialSc_90.wav,0,0,1,1,0.003138898685847577,0.9777255263303162,0.016713791115539677,8.865229535543174e-05,0.0023331315729411685
asthma_v2_Bronchial_P19BronchialSc_94.wav,0,0,1,1,0.009028857332052958,0.9245347260080389,0.06111412299075574,0.0007349014414997885,0.00458739222765281
asthma_v2_Bronchial_P19BronchialTc_91.wav,0,0,1,1,0.044605182707995426,0.3715589577739319,0.5268518589327323,0.0034783728034266156,0.05350562778191368
asthma_v2_Bronchial_P19BronchialTc_93.wav,0,0,1,1,0.001064913676537781,0.9942656395615898,0.004127502837014462,3.21845047352749e-05,0.0005097594201227324
asthma_v2_Bronchial_P1BronchialSc_4.wav,0,0,1,1,0.01160999316464665,0.9545999925540565,0.021925209314186365,0.005828072873230752,0.006036732093879678
asthma_v2_Bronchial_P1BronchialTc_5.wav,0,0,1,1,0.0070166894012222624,0.9771126468007607,0.010920077149220199,0.0016869025223835215,0.0032636841264128886
asthma_v2_Bronchial_P20BronchialTc_99.wav,0,0,1,1,0.03933705948690044,0.8148799667316436,0.10905370619671556,0.014909540690876822,0.02181972689386364
asthma_v2_Bronchial_P21BronchialTc_103.wav,0,0,1,1,0.039531824409137876,0.6833285781932291,0.061738237027192375,0.031458788526428985,0.18394257184401197
asthma_v2_Bronchial_P3BronchialTc_11.wav,0,0,1,1,0.006393338809409632,0.978956848945261,0.008322547137808813,0.003157449424883904,0.0031698156826365544
asthma_v2_Bronchial_P3BronchialTc_15.wav,0,0,1,1,0.0038972470177564326,0.9801801995442251,0.008441439913390941,0.005787791247742414,0.0016933222768850706
asthma_v2_Bronchial_P5BronchialSc_22.wav,0,0,1,1,0.0002990743497708016,0.9958687898914724,0.002359583378385008,0.0011543662328743318,0.00031818614749764835
asthma_v2_Bronchial_P7BronchialSc_34.wav,0,0,1,1,0.0015370955860038724,0.9912858338997792,0.0025792067688007155,0.003437700849666463,0.0011601628957498558
asthma_v2_Bronchial_P8BronchialTc_39.wav,0,0,1,1,0.001095594370128496,0.9956655974165213,0.001537536960087365,0.0013096367555417321,0.0003916344977205465
asthma_v2_asthma_P11WheezingRS_52.wav,0,0,0,0,0.8153787361781949,0.14744902950727345,0.00867598737808698,0.004023805654740094,0.024472441281704612
asthma_v2_asthma_P13WheezingIE_65.wav,0,0,0,0,0.8343599147949378,0.03381154960287449,0.012623467523528316,0.0011760478889364901,0.1180290201897232
asthma_v2_asthma_P13WheezingRL_63.wav,0,0,0,0,0.8594372826445283,0.05011387679515949,0.017050778636571978,0.0027348770920798565,0.07066318483166016
asthma_v2_asthma_P14WheezingRL_67.wav,0,0,0,0,0.5730372269635666,0.0038428025672595425,0.002041085668431879,0.03318957024605009,0.38788931455469183
asthma_v2_asthma_P16WheezingIU_78.wav,0,0,0,0,0.6687877718999466,0.00894700155937534,0.035248785544447714,0.005929265799683865,0.2810871751965468
asthma_v2_asthma_P16WheezingRL_79.wav,0,0,0,0,0.4555272127194377,0.0019210000538654058,0.015941576952061876,0.028342932962754086,0.49826727731188103
asthma_v2_asthma_P16WheezingRS_80.wav,0,0,0,0,0.9245498451406609,0.025331709208525816,0.005241327020730873,0.0006926725979580774,0.044184446032124236
asthma_v2_asthma_P18WheezingIE_89.wav,0,0,0,0,0.9629202678614888,0.018437394576877177,0.0027137577552084477,0.0020009770545774464,0.01392760275184829
asthma_v2_asthma_P18WheezingIU_86.wav,0,0,0,0,0.5983251511776361,0.0008873494029870218,0.050093428778074475,0.002182680907228111,0.34851138973407453
asthma_v2_asthma_P18WheezingRS_88.wav,0,0,0,0,0.5553129957172084,0.054593798340531775,0.009446508209050616,0.027709696916144076,0.35293700081706497
asthma_v2_asthma_P19WheezingIU_94.wav,0,0,0,0,0.7771769727553411,0.06793039081203708,0.07073203621783151,0.001921210367753818,0.0822393898470366
asthma_v2_asthma_P19WheezingRL_91.wav,0,0,0,0,0.978584012562283,0.0035080143033909667,0.0022913981809917928,0.0002680139190004103,0.015348561034333786
asthma_v2_asthma_P19WheezingRL_95.wav,0,0,0,0,0.9686854017275978,0.006506853411926241,0.0017556094926634946,0.00027255634653736323,0.022779579021275097
asthma_v2_asthma_P1AsthmaIE_1.wav,0,0,0,0,0.7203793951804339,0.003509729896250074,0.04399357139889829,0.031093784906504524,0.2010235186179132
asthma_v2_asthma_P1AsthmaRL_3.wav,0,0,0,4,0.3742601902522333,0.002071841919262018,0.012297605464092937,0.04437690751887561,0.5669934548455364
asthma_v2_asthma_P20WheezingRS_96.wav,0,0,0,0,0.9433039935573291,0.03643093240577071,0.001383092864563244,0.0006966385875248661,0.018185342584812084
asthma_v2_asthma_P22WheezingRL_107.wav,0,0,0,0,0.44248715942384054,0.030013252304871466,0.2818900300465372,0.04726602787770287,0.19834353034704824
asthma_v2_asthma_P24WheezingIE_117.wav,0,0,0,0,0.7859399110259931,0.0014671461160639114,0.041351719660732665,0.000949955435182126,0.17029126776202785
asthma_v2_asthma_P24WheezingIU_118.wav,0,0,0,0,0.7061217918565181,0.011234406907887256,0.053607385648813996,0.020047209516173645,0.20898920607060734
asthma_v2_asthma_P26WheezingIU_130.wav,0,0,0,0,0.8507148541884502,0.0019235773784010031,0.025096233877772756,0.0004656174228020073,0.12179971713257418
asthma_v2_asthma_P27WheezingIU_134.wav,0,0,0,0,0.891388488490181,0.009811493415742854,0.0013079067870001044,0.0013954770209414517,0.09609663428613477
asthma_v2_asthma_P27WheezingRS_132.wav,0,0,0,0,0.9073345527521344,0.0022981022512373883,0.03235515154752902,0.005570419796770661,0.05244177365232867
asthma_v2_asthma_P29WheezingRL_143.wav,0,0,0,0,0.49506062194693384,0.005221938902295982,0.05522817445163371,0.0011686675630965997,0.4433205971360402
asthma_v2_asthma_P30WheezingIU_146.wav,0,0,0,0,0.6211317856784675,0.0006792758191079742,0.0022471008233435332,0.0007941190471008117,0.37514771863198043
asthma_v2_asthma_P31WheezingRL_151.wav,0,0,0,0,0.7808028935153417,0.0193118346101753,0.04443553901901045,0.0038045122658727196,0.15164522058959984
asthma_v2_asthma_P36WheezingRL_179.wav,0,0,0,0,0.7392182093524579,0.10426281488112828,0.1109094062101317,0.0013825089380217162,0.044227060618260136
asthma_v2_asthma_P36WheezingRS_180.wav,0,0,0,0,0.3930852961208301,0.5720033293800665,0.01832980051234943,0.0009395979895370118,0.01564197599721686
asthma_v2_asthma_P38WheezingIU_186.wav,0,0,0,0,0.9003658878725913,0.009741362554194695,0.061746523481144164,0.002196234702535575,0.02594999138953419
asthma_v2_asthma_P39WheezingIE_193.wav,0,0,0,0,0.8947412947405419,0.033878866292473116,0.013476566743355461,0.0010993477266803282,0.05680392449694933
asthma_v2_asthma_P3AsthmaIU_14.wav,0,0,0,0,0.9431103843409668,0.012697108584462248,0.002434829385348399,0.0014497215006888024,0.040307956188533764
asthma_v2_asthma_P3AsthmaRS_12.wav,0,0,0,0,0.8185064236465196,0.006659181615513801,0.04467226537870664,0.005980820066220899,0.12418130929303875
asthma_v2_asthma_P40WheezingIU_198.wav,0,0,0,0,0.9021870111013712,0.031199263955448385,0.0593285855930873,0.00039045218731052186,0.006894687162782347
asthma_v2_asthma_P40WheezingRL_199.wav,0,0,0,0,0.8687980395777916,0.006308835232796072,0.10936483471668508,0.0004584363041654647,0.015069854168561709
asthma_v2_asthma_P40WheezingRS_200.wav,0,0,0,0,0.4987983886474225,0.02015260887327842,0.47211764465584666,0.0004089556393521851,0.008522402184100542
asthma_v2_asthma_P43WheezingIE_213.wav,0,0,0,0,0.7935916576711861,0.03974861123547598,0.11054500912305647,0.03369400170061845,0.02242072026966305
asthma_v2_asthma_P44WheezingIE_217.wav,0,0,0,0,0.885979822190175,0.0010286489536334435,0.017296250492348276,0.0013003880211740928,0.09439489034266926
asthma_v2_asthma_P45WheezingRS_224.wav,0,0,0,0,0.5860889678906482,0.006814364190563608,0.18932562339268863,0.004878981079899809,0.21289206344619999
asthma_v2_asthma_P47WheezingIU_234.wav,0,0,0,0,0.8900654827453046,0.006047302115877617,0.08549546428073375,0.0007963353591624411,0.01759541549892157
asthma_v2_asthma_P49WheezingRS_244.wav,0,0,0,0,0.947344030437604,0.0004029004619768071,0.03920586208810173,0.00042381978972712346,0.012623387222590153
asthma_v2_asthma_P4AsthmaRS_20.wav,0,0,0,0,0.8805689189821756,0.030060819039449575,0.008376182640099884,0.0016244669064458372,0.07936961243182879
asthma_v2_asthma_P51WheezingRL_255.wav,0,0,0,0,0.8685919277999499,0.01284359586956865,0.07037314048124785,0.00204109216084188,0.04615024368839193
asthma_v2_asthma_P52WheezingIE_257.wav,0,0,0,0,0.8464850386711549,0.0031597023772916696,0.09037098998484884,0.0034972769707694493,0.05648699199593529
asthma_v2_asthma_P53WheezingRL_263.wav,0,0,0,4,0.05088500329300978,0.03344782371918736,0.18261299771460227,0.03312777129917035,0.6999264039740299
asthma_v2_asthma_P54WheezingIE_269.wav,0,0,0,4,0.047344377092087594,0.16048055491153437,0.03378682895949245,0.04453643311298716,0.7138518059238985
asthma_v2_asthma_P54WheezingIU_270.wav,0,0,0,3,0.05344423908184227,0.15785283892516844,0.013849068413707701,0.3496497507401625,0.4252041028391193
asthma_v2_asthma_P55WheezingIU_274.wav,0,0,0,4,0.017273411184586952,0.0011526557696023157,0.0008642718155317506,0.05628747123858297,0.9244221899916959
asthma_v2_asthma_P55WheezingRL_271.wav,0,0,0,3,0.09810134526958109,0.0951282522514137,0.035922463642454404,0.44602615015532626,0.32482178868122447
asthma_v2_asthma_P55WheezingRS_272.wav,0,0,0,4,0.044532443096640645,0.003940906093105912,0.021023139612098455,0.05951985987172466,0.8709836513264306
asthma_v2_asthma_P56WheezingIE_277.wav,0,0,0,4,0.23006261080199011,0.003991312045623208,0.006452306100579758,0.0009712491253020283,0.758522521926505
asthma_v2_asthma_P58WheezingIU_286.wav,0,0,0,4,0.06252570297480584,0.002006559035381618,0.007108772107023439,0.003635602980476579,0.9247233629023124
asthma_v2_asthma_P5AsthmaIE_21.wav,0,0,0,0,0.9240978809796783,0.02528780060024388,0.003359059816292693,0.008459977694338412,0.03879528090944662
asthma_v2_asthma_P5AsthmaRL_23.wav,0,0,0,0,0.8984841674305566,0.02047887320755653,0.0030530631284269925,0.015647294285784756,0.06233660194767484
asthma_v2_asthma_P6AsthmaIU_26.wav,0,0,0,0,0.7874323232994911,0.06389468112225077,0.024441677844283246,0.010767260859671848,0.11346405687430283
asthma_v2_asthma_P6AsthmaRL_27.wav,0,0,0,0,0.5471303268362955,0.009375325086541575,0.03294919069904247,0.016008827936665988,0.39453632944145456
asthma_v2_asthma_P8AsthmaRS_40.wav,0,0,0,4,0.336583975341208,0.007887151358064831,0.042227847800561824,0.008644863310204446,0.6046561621899608
asthma_v2_asthma_P9AsthmaIE_41.wav,0,0,0,0,0.5129939355858418,0.005022731139624543,0.007553591534501552,0.005706576720031689,0.46872316502000044
asthma_v2_asthma_P9AsthmaIE_45.wav,0,0,0,0,0.9495420683316946,0.024285392926397403,0.003758961719551014,0.0011895579215026996,0.021224019100854
asthma_v2_asthma_P9AsthmaRL_43.wav,0,0,0,0,0.7539127404382898,0.006874653927207541,0.003227219598524506,0.00510959656550322,0.23087578947047488
asthma_v2_copd_P10COPDMc_80.wav,0,0,2,0,0.9135030670412897,0.004587542503850348,0.03555438136632943,0.0018937454094454362,0.04446126367908506
asthma_v2_copd_P11COPDMc_86.wav,0,0,2,2,0.03167976691124112,0.02378723295019393,0.8888507361401286,0.021624701876906394,0.03405756212153008
asthma_v2_copd_P11COPDPr_83.wav,0,0,2,2,0.009336386853960467,0.010467457949605756,0.9777284612311679,0.00040004560710715304,0.0020676483581583624
asthma_v2_copd_P13COPDMc_100.wav,0,0,2,2,0.002906386238490987,0.007659472128946247,0.9815054476188909,0.004315425960644016,0.003613268053027884
asthma_v2_copd_P13COPDMc_102.wav,0,0,2,2,0.0006296001490077752,0.00023255259365455834,0.9987267738618729,5.06971591375366e-05,0.00036037623632724123
asthma_v2_copd_P13COPDPr_103.wav,0,0,2,2,0.00421560741431227,0.0014429358859897833,0.9927703911948049,0.0002503199823875794,0.001320745522505166
asthma_v2_copd_P14COPDMc_112.wav,0,0,2,0,0.443521224024802,0.01878213649993287,0.5194382056580005,0.00742521019015141,0.010833223627113513
asthma_v2_copd_P14COPDPr_111.wav,0,0,2,4,0.1948478984162947,0.013377054717882106,0.3775761197834699,0.0027844306727045627,0.41141449640964894
asthma_v2_copd_P15COPDMc_120.wav,0,0,2,2,0.06287887830755377,0.015844544382788196,0.9094847027864925,0.0027706512985307538,0.009021223224634738
asthma_v2_copd_P15COPDPr_113.wav,0,0,2,2,0.18779124295276572,0.0120054353912937,0.7978206625662393,0.0008318545102156421,0.0015508045794854653
asthma_v2_copd_P15COPDPr_119.wav,0,0,2,2,0.02062020756778517,0.0056926532476782275,0.9636701698853191,0.0044330011300079564,0.005583968169209425
asthma_v2_copd_P16COPDMc_128.wav,0,0,2,2,3.2228773791534934e-07,2.3597957518830908e-07,0.9998304629829795,6.932950299420962e-07,0.00016828545467742218
asthma_v2_copd_P16COPDPr_121.wav,0,0,2,2,5.5663340257634035e-09,3.7460683448986435e-09,0.9999529916422755,5.4660455725797496e-08,4.6944384866482884e-05
asthma_v2_copd_P16COPDPr_125.wav,0,0,2,2,3.6636457826411816e-09,2.4072431983379123e-09,0.9999901095375835,5.220322793720233e-08,9.832188299576217e-06
asthma_v2_copd_P16COPDPr_127.wav,0,0,2,2,9.215052284040513e-09,7.335495232220854e-09,0.9999934125208639,5.601006507826174e-08,6.514918523483318e-06
asthma_v2_copd_P17COPDMc_132.wav,0,0,2,2,1.0103503519412866e-08,6.135870498450643e-09,0.9999939362514525,5.3503776504966085e-08,5.994005397195104e-06
asthma_v2_copd_P17COPDMc_136.wav,0,0,2,2,2.33586945513318e-07,1.8017571527726928e-07,0.9999765220999719,2.2241082064801051e-07,2.2841726546554592e-05
asthma_v2_copd_P17COPDPr_131.wav,0,0,2,2,0.0031109067915541045,0.0006065277170455394,0.9939393627034511,0.0009157957650614862,0.00142740702288744
asthma_v2_copd_P17COPDPr_135.wav,0,0,2,2,1.3969098336202982e-07,1.0759560767481082e-07,0.9999627355798683,1.666861316516203e-07,3.6850447409151626e-05
asthma_v2_copd_P19COPDMc_146.wav,0,0,2,2,0.007211952409604288,0.0048292784097775255,0.9838390662664167,0.0005980891182372319,0.003521613795964225
asthma_v2_copd_P1COPDMc_4.wav,0,0,2,2,0.014114977948460122,0.0010246692817348056,0.9351878835716617,0.0013765797035274552,0.04829588949461585
asthma_v2_copd_P1COPDMc_6.wav,0,0,2,2,0.0007139441935259455,0.0001803249461031085,0.9730796234310188,0.0014472694811711118,0.024578837948180995
asthma_v2_copd_P20COPDMc_156.wav,0,0,2,2,0.04918916249684464,0.013353081334366997,0.897358234443611,0.0038170330854877697,0.03628248863968953
asthma_v2_copd_P20COPDPr_159.wav,0,0,2,2,0.0012967893658344133,8.325609315148656e-05,0.9973727375890925,0.0001518139097863562,0.0010954030421352345
asthma_v2_copd_P21COPDMc_166.wav,0,0,2,2,0.00670147381553309,0.006397186246858292,0.9827329688418014,0.0008462984012492265,0.003322072694558166
asthma_v2_copd_P21COPDPr_161.wav,0,0,2,2,0.0028472013699509177,0.0005433167335713839,0.9945109003388006,0.00027495425252825265,0.0018236273051487676
asthma_v2_copd_P22COPDMc_170.wav,0,0,2,2,0.0032785308557249106,0.00042094354851984555,0.9753409700694315,0.0006125890426507735,0.020346966483672537
asthma_v2_copd_P22COPDMc_174.wav,0,0,2,2,0.003290801147597451,0.00024116137517609735,0.9821639278199132,0.0030906329538614077,0.011213476703452054
asthma_v2_copd_P23COPDMc_178.wav,0,0,2,2,0.021133136064570252,0.009267267865202353,0.9540288101617584,0.0042691700543095205,0.011301615854159572
asthma_v2_copd_P23COPDMc_180.wav,0,0,2,2,0.0009591187874968683,0.00023248158846866015,0.9965300582931157,0.0006408620967229294,0.0016374792341959689
asthma_v2_copd_P24COPDMc_190.wav,0,0,2,2,0.0027468617562623515,0.0005185197409993416,0.9846827402212771,0.00577905467423014,0.006272823607231047
asthma_v2_copd_P25COPDPr_195.wav,0,0,2,2,0.00035496740743122974,0.010202440825331767,0.9863864224873417,0.00192678658818905,0.0011293826917063972
asthma_v2_copd_P25COPDPr_197.wav,0,0,2,2,4.1920989632878394e-07,5.237720088251684e-07,0.9998555891875054,4.1002283459865414e-05,0.00010246554712942037
asthma_v2_copd_P26COPDMc_206.wav,0,0,2,2,0.0018957393915141703,0.0015315615183367594,0.9955543230764078,0.00010110681619705398,0.0009172691975441445
asthma_v2_copd_P26COPDPr_201.wav,0,0,2,2,1.0557306962788594e-07,1.5534247257986929e-07,0.9995181521238838,7.293667051816977e-06,0.00047429329352237164
asthma_v2_copd_P27COPDMc_214.wav,0,0,2,2,1.0851692509979163e-06,1.2322891902332333e-06,0.9986366893478213,1.3910009603663306e-05,0.001347083184133854
asthma_v2_copd_P27COPDMc_216.wav,0,0,2,2,5.47083038096466e-07,4.845518096442126e-07,0.9992607698035695,0.00017024060564365436,0.0005679579559391219
asthma_v2_copd_P27COPDPr_211.wav,0,0,2,2,0.0017726313625653085,0.00010115878843988506,0.9955606476839968,0.00038375573075935965,0.002181806434238771
asthma_v2_copd_P2COPDMc_14.wav,0,0,2,2,0.009626202747453827,0.00021747674801134595,0.9894535056855416,0.0003270206867313946,0.00037579413226205535
asthma_v2_copd_P2COPDPr_13.wav,0,0,2,0,0.6214943952194449,0.002585854594120736,0.2966477285841087,0.0070303839503448595,0.07224163765198084
asthma_v2_copd_P30COPDMc_236.wav,0,0,2,2,5.288939567673128e-08,4.994204915623613e-08,0.9997947427341844,7.355833529888627e-05,0.00013159609907185314
asthma_v2_copd_P30COPDPr_239.wav,0,0,2,2,2.071227214428547e-09,2.1393852807342817e-09,0.9999915496911858,1.1644307869294479e-06,7.281667415080666e-06
asthma_v2_copd_P31COPDMc_246.wav,0,0,2,2,0.004757755195304137,0.0001708798161112703,0.9945950461290811,8.126988688427605e-05,0.0003950489726190431
asthma_v2_copd_P31COPDPr_241.wav,0,0,2,2,2.845043343939256e-09,2.535411165264955e-09,0.9999774857873309,2.306087922693636e-06,2.0202744291912157e-05
asthma_v2_copd_P31COPDPr_245.wav,0,0,2,2,0.03606165343867021,0.001039704048196885,0.961292284292852,0.0005595565716192742,0.0010468016486616205
asthma_v2_copd_P31COPDPr_247.wav,0,0,2,2,0.006796737979618644,0.0011653442939828014,0.9903238013287881,0.0005360728715809388,0.0011780435260297568
asthma_v2_copd_P33COPDPr_257.wav,0,0,2,2,0.010452964546459872,0.0006691604915235962,0.9884243353532984,9.486991381100038e-05,0.0003586696949067198
asthma_v2_copd_P33COPDPr_259.wav,0,0,2,2,0.0037041449013340637,0.011221807555945236,0.9068755307742299,0.01133221711025784,0.06686629965823317
asthma_v2_copd_P33COPDPr_263.wav,0,0,2,2,0.012614259964616929,0.012713164531470277,0.959288604843309,0.005924344743091173,0.009459625917512449
asthma_v2_copd_P34COPDMc_272.wav,0,0,2,2,0.0007353464266973428,0.0034583560200456623,0.9954918145801336,1.5386019476202004e-05,0.0002990969536475574
asthma_v2_copd_P36COPDMc_282.wav,0,0,2,2,0.04672878349920566,0.1308212710521432,0.7697862730332711,0.010724890257706553,0.041938782157674034
asthma_v2_copd_P36COPDMc_288.wav,0,0,2,2,0.003169926425715909,0.009665577404620401,0.9826093841347832,0.0014823639883441869,0.003072748046536345
asthma_v2_copd_P37COPDMc_296.wav,0,0,2,2,0.010176703198011826,0.0001422765206951525,0.9878436217511689,0.0001914784318427677,0.0016459200982814615
asthma_v2_copd_P39COPDMc_308.wav,0,0,2,2,0.0006649461535696351,0.0034125820096954896,0.9891845775487426,0.00017155281309763485,0.006566341474895008
asthma_v2_copd_P39COPDPr_307.wav,0,0,2,2,0.0027664395532400795,0.010639996230659076,0.9042489626655488,0.0006079969176553089,0.08173660463289678
asthma_v2_copd_P40COPDPr_317.wav,0,0,2,2,5.620028550649918e-10,5.240594820429764e-10,0.9999880087537569,8.383090458768431e-08,1.1906329276102459e-05
asthma_v2_copd_P41COPDMc_324.wav,0,0,2,2,0.00042054223151729095,0.00032408306949978106,0.9989452087067995,0.00010474363752992135,0.0002054223546537449
asthma_v2_copd_P41COPDPr_323.wav,0,0,2,2,1.6343653606714898e-07,2.3846969510859116e-07,0.9997635513452547,6.2187910069404135e-06,0.00022982795750717093
asthma_v2_copd_P41COPDPr_327.wav,0,0,2,2,0.0013327006082539433,0.0006416690591344758,0.9969417747541909,0.00027784559155356794,0.0008060099868672187
asthma_v2_copd_P42COPDMc_334.wav,0,0,2,2,6.126421936454984e-07,5.465442124814121e-07,0.9988710338425715,0.0008410265942873567,0.00028678037673507845
asthma_v2_copd_P42COPDPr_331.wav,0,0,2,2,4.6088158669498295e-08,6.742508919233871e-08,0.9999112101690799,3.563882631136758e-05,5.303749136099711e-05
asthma_v2_copd_P44COPDMc_352.wav,0,0,2,2,1.4062440341807933e-06,1.5291496073205325e-06,0.9984432532748293,6.268027772456356e-05,0.0014911310538044057
asthma_v2_copd_P45COPDMc_356.wav,0,0,2,2,4.2518990903089616e-08,3.061957374121196e-08,0.9998801362546735,4.1611328877905376e-05,7.817927788401198e-05
asthma_v2_copd_P45COPDMc_360.wav,0,0,2,2,0.012128838346908598,0.00097958967993548,0.904774351582643,0.04443104270786073,0.0376861776826525
asthma_v2_copd_P45COPDPr_355.wav,0,0,2,2,7.201879480482775e-09,6.66515094310006e-09,0.9999063942041362,1.9217315238284677e-05,7.437461359501642e-05
asthma_v2_copd_P45COPDPr_357.wav,0,0,2,2,1.4488744840943173e-08,1.0705920158672618e-08,0.9999446328208259,5.700011051815087e-06,4.964197345723691e-05
asthma_v2_copd_P47COPDPr_371.wav,0,0,2,2,0.014275007233525032,0.036505723446146755,0.833035319058861,0.0012472078628789286,0.1149367423985881
asthma_v2_copd_P48COPDPr_379.wav,0,0,2,2,0.011919646940584325,0.00374804071185698,0.9802146189527784,0.0009909466866728136,0.0031267467081072284
asthma_v2_copd_P49COPDMc_390.wav,0,0,2,2,3.694902988795794e-05,0.0019491140149931008,0.9962516057272368,0.0013466115560174885,0.00041571967186457927
asthma_v2_copd_P49COPDPr_391.wav,0,0,2,2,7.366008575003982e-07,8.941548595051857e-07,0.999845518667886,1.8866094931883062e-05,0.00013398448146491676
asthma_v2_copd_P50COPDPr_397.wav,0,0,2,2,0.0005867298083211446,7.301983233218859e-05,0.9989719754506062,9.506876175369816e-05,0.00027320614698688676
asthma_v2_copd_P50COPDPr_399.wav,0,0,2,2,0.00038093166265335595,0.00017666289646275636,0.9992959840363794,3.8671970658587954e-05,0.00010774943384582861
asthma_v2_copd_P5COPDPr_37.wav,0,0,2,2,0.0017422870462823479,0.008383869549848983,0.9866647741334341,0.0006873903355717437,0.0025216789348630362
asthma_v2_copd_P5COPDPr_39.wav,0,0,2,2,0.004298393831504629,0.04732469783290905,0.9432700113501786,0.001109316083708481,0.00399758090169929
asthma_v2_copd_P7COPDMc_52.wav,0,0,2,2,0.0054201228113344305,0.004864565428250513,0.9854854060501878,0.0017239724082220092,0.00250593330200569
asthma_v2_copd_P7COPDPr_53.wav,0,0,2,2,0.00598014291847642,0.001236166249661183,0.9883845168809122,0.0029271640455313997,0.0014720099054191342
asthma_v2_copd_P8COPDPr_57.wav,0,0,2,2,0.0009881285247476327,9.123165615357362e-05,0.9980958220029914,0.00011794022744984913,0.0007068775886576826
asthma_v2_copd_P8COPDPr_59.wav,0,0,2,2,5.2248192968199635e-08,3.922078484754157e-08,0.9999355631944133,4.013173049467542e-07,6.394401930396512e-05
asthma_v2_copd_P9COPDMc_68.wav,0,0,2,2,1.1301207281564486e-07,1.0585583968084444e-07,0.9999288059235621,2.051523285866396e-06,6.892368523933537e-05
asthma_v2_copd_P9COPDPr_69.wav,0,0,2,2,7.299477490608386e-08,6.15436424553206e-08,0.9999593520008574,3.059301783636026e-07,4.020753054706259e-05
asthma_v2_healthy_P10Healthy10S.wav,0,0,3,4,0.13127707309677558,0.02968967529801563,0.025346748165371726,0.08194527247046042,0.7317412309693765
asthma_v2_healthy_P11Healthy18S.wav,0,0,3,3,0.04096788527704145,0.3609608031122538,0.054216033064648915,0.49324873967520305,0.050606538870853146
asthma_v2_healthy_P11Healthy30S.wav,0,0,3,3,0.07495767325197246,0.2728933594838597,0.1521180301962007,0.4462448854956967,0.0537860515722704
asthma_v2_healthy_P11Healthy73S.wav,0,0,3,3,0.034614739486055236,0.10290155609169371,0.03197658997597884,0.7886623508840104,0.04184476356226167
asthma_v2_healthy_P12Healthy67S.wav,0,0,3,3,0.08415466667376884,0.3101419924192207,0.15180025609188197,0.2961440069151801,0.1577590778999479
asthma_v2_healthy_P13Healthy28S.wav,0,0,3,3,0.02656141775208692,0.0045265744142000686,0.0630961213040295,0.874415028907257,0.03140085762242621
asthma_v2_healthy_P13Healthy48S.wav,0,0,3,3,0.03453345279640819,0.028816953378397712,0.026688327956009072,0.8767247902827472,0.03323647558643803
asthma_v2_healthy_P17Healthy22S.wav,0,0,3,3,0.018555137929517657,0.0056894555844898545,0.04282422202685541,0.7116238931758356,0.2213072912833016
asthma_v2_healthy_P17Healthy58S.wav,0,0,3,4,0.0436094749845654,0.04097629610516876,0.011049600328149998,0.2099504113219039,0.6944142172602118
asthma_v2_healthy_P17Healthy83S.wav,0,0,3,4,0.00949459576581827,0.010554378800071323,0.001741533033683542,0.016683569097099553,0.9615259233033275
asthma_v2_healthy_P18Healthy17S.wav,0,0,3,3,0.051769119037886155,0.005442066291148564,0.00520941711511602,0.889699920010069,0.0478794775457803
asthma_v2_healthy_P1Healthy55S.wav,0,0,3,3,0.012136409167764515,0.0028011948698372473,0.015173557970543934,0.9474772583843548,0.022411579607499347
asthma_v2_healthy_P22Healthy88S.wav,0,0,3,3,0.015784599502238955,0.0005986126141433375,0.002209032290040418,0.7209472654396176,0.2604604901539598
asthma_v2_healthy_P23Healthy98S.wav,0,0,3,3,0.02090593449663788,0.002776136335989346,0.003515191614835772,0.9567533877015751,0.01604934985096161
asthma_v2_healthy_P24Healthy58S.wav,0,0,3,3,0.01523408189862283,0.006596954082802349,0.003315302216511394,0.9490858445837067,0.025767817218356776
asthma_v2_healthy_P24Healthy63S.wav,0,0,3,3,0.016121364914775973,0.005305296069944161,0.27129906568099144,0.5792208374804161,0.12805343585387235
asthma_v2_healthy_P24Healthy95S.wav,0,0,3,2,0.004256707067382874,0.0039227690445066046,0.7401611615072954,0.19829794495903455,0.053361417421780584
asthma_v2_healthy_P25Healthy20S.wav,0,0,3,3,0.02478828459847548,0.002890947804088388,0.0021090692551671672,0.6383817800067699,0.3318299183354992
asthma_v2_healthy_P2Healthy30S.wav,0,0,3,3,0.009530014343798264,0.0005284811923431267,0.0036524043849069515,0.6033657582204426,0.382923341858509
asthma_v2_healthy_P3Healthy49S.wav,0,0,3,3,0.019971912933959758,0.05039494183840453,0.010332589641919616,0.8899628580286716,0.029337697557044504
asthma_v2_healthy_P3Healthy57S.wav,0,0,3,3,0.04481574195382817,0.07758023365022008,0.006752358868933284,0.8451992473517805,0.02565241817523754
asthma_v2_healthy_P3Healthy84S.wav,0,0,3,3,0.004724581694149255,0.028454007277791866,0.005420930424037209,0.9461607927546762,0.015239687849345646
asthma_v2_healthy_P4Healthy77S.wav,0,0,3,3,0.030673843090188294,0.4717598137652467,0.034059127925508234,0.4372082260846406,0.026298989134416053
asthma_v2_healthy_P6Healthy34S.wav,0,0,3,3,0.0426577738381501,0.0012432483686364982,0.006888927317620927,0.7974202180095216,0.15178983246607097
asthma_v2_healthy_P6Healthy71S.wav,0,0,3,3,0.05566239478574796,0.10005243641031976,0.07554226721999238,0.6526441265793722,0.11609877500456774
asthma_v2_healthy_P8Healthy70S.wav,0,0,3,3,0.0592703711708449,0.26978811165559785,0.06864089896242953,0.5205258318187859,0.08177478639234216
asthma_v2_healthy_P9Healthy31S.wav,0,0,3,3,0.3586985860041538,0.013544463834757332,0.001994408562899799,0.43706811722760314,0.18869442437058598
asthma_v2_pneumonia_P10Pneumonia73G.wav,0,0,4,4,0.04309731915326051,0.0021996479363467587,0.008259212207597767,0.0014910913242140527,0.9449527293785809
asthma_v2_pneumonia_P10Pneumonia80J.wav,0,0,4,4,0.030599229535613462,0.016134295934568083,0.05249314922806315,0.014579439484872473,0.8861938858168831
asthma_v2_pneumonia_P10Pneumonia93W.wav,0,0,4,4,0.02571343394482307,0.002393645077431221,0.007334813777038491,0.013947272051045003,0.9506108351496619
asthma_v2_pneumonia_P11Pneumonia18T.wav,0,0,4,4,0.11078024317454824,0.010361880571666315,0.22892051885723216,0.006670831328422484,0.6432665260681308
asthma_v2_pneumonia_P12Pneumonia97E.wav,0,0,4,4,0.0731685878247129,0.039330829604248246,0.08346290209026098,0.03224035643164524,0.7717973240491331
asthma_v2_pneumonia_P13Pneumonia20R.wav,0,0,4,4,0.07776306643743743,0.002913024198853232,0.00492285791310196,0.0727516362835972,0.8416494151670105
asthma_v2_pneumonia_P13Pneumonia60R.wav,0,0,4,4,0.039042278791090776,0.0011075686689255495,0.002113998623441016,0.07539645877304242,0.8823396951435004
asthma_v2_pneumonia_P14Pneumonia19W.wav,0,0,4,4,0.21472909187683328,0.0009115045570805444,0.007825395614916237,0.0006637107979600182,0.7758702971532101
asthma_v2_pneumonia_P14Pneumonia62B.wav,0,0,4,4,0.19897074674592666,0.050402370903149286,0.003094778041817174,0.003122486178934974,0.7444096181301719
asthma_v2_pneumonia_P15Pneumonia16R.wav,0,0,4,4,0.1415459458030794,0.03044371709223755,0.14636403760821773,0.01358995146452065,0.6680563480319444
asthma_v2_pneumonia_P15Pneumonia39Y.wav,0,0,4,3,0.026816407865028372,0.002008347676501189,0.001160911484364387,0.36550366462891204,0.604510668345194
asthma_v2_pneumonia_P15Pneumonia56Z.wav,0,0,4,4,0.12592155040667274,0.011229275691605992,0.2225929081651721,0.009434369730318002,0.6308218960062312
asthma_v2_pneumonia_P16Pneumonia42Q.wav,0,0,4,3,0.09300099551660944,0.004918996359727944,0.010290757313412646,0.3899935023374961,0.5017957484727541
asthma_v2_pneumonia_P16Pneumonia80G.wav,0,0,4,4,0.08563443103642651,0.0014979187906979227,0.0016214532135715273,0.08968287709399343,0.8215633198653103
asthma_v2_pneumonia_P17Pneumonia49T.wav,0,0,4,4,0.03694241734657603,0.0016186147161436697,0.0001867734245200488,0.004454737022218257,0.9567974574905421
asthma_v2_pneumonia_P17Pneumonia91K.wav,0,0,4,2,0.002716805367507068,0.012441349081763467,0.729688978347727,0.009819254317170819,0.24533361288583191
asthma_v2_pneumonia_P18Pneumonia23E.wav,0,0,4,4,0.00838488581496406,0.0006091705638792135,0.00010302697660584063,0.001777552987010654,0.9891253636575401
asthma_v2_pneumonia_P18Pneumonia84N.wav,0,0,4,4,0.022328620833304377,0.00047931137181593726,0.00019503682079206734,0.0009149664689876791,0.9760820645051002
asthma_v2_pneumonia_P18Pneumonia88I.wav,0,0,4,4,0.035332775223296566,0.0007109564448094297,0.00018552925605846464,0.0011234981682698901,0.9626472409075656
asthma_v2_pneumonia_P19Pneumonia41U.wav,0,0,4,4,0.07935257922005594,0.027233217183451116,0.0005925805619262247,0.011183158372128382,0.8816384646624384
asthma_v2_pneumonia_P20Pneumonia58T.wav,0,0,4,4,0.11427922684127753,0.0011636130187175295,0.001512916008907916,0.09831235843776048,0.7847318856933361
asthma_v2_pneumonia_P22Pneumonia47V.wav,0,0,4,4,0.023655817588001924,0.0004816343860387487,0.00010463807907168744,0.0019277623732037255,0.9738301475736838
asthma_v2_pneumonia_P23Pneumonia60Y.wav,0,0,4,4,0.06459432995263759,0.0021449100383147497,0.049489845111572714,0.008026650778986346,0.8757442641184886
asthma_v2_pneumonia_P24Pneumonia54A.wav,0,0,4,4,0.05835005352833933,0.0006473853148909869,0.003120090708155419,0.0015672638688832815,0.9363152065797309
asthma_v2_pneumonia_P24Pneumonia67G.wav,0,0,4,4,0.03397053293441614,0.0010826607477845789,0.024623115193585978,0.006565589386489133,0.933758101737724
asthma_v2_pneumonia_P25Pneumonia16B.wav,0,0,4,4,0.02644137729372097,0.000324823573046988,0.006602130134397841,0.006089884039784777,0.9605417849590495
asthma_v2_pneumonia_P25Pneumonia93N.wav,0,0,4,4,0.06854580915311709,0.005904223241757871,0.016240131900413006,0.2177422404615525,0.6915675952431595
asthma_v2_pneumonia_P25Pneumonia97D.wav,0,0,4,4,0.02906112477997786,0.001601438253340366,0.005902593528558629,0.07100444542543209,0.892430398012691
asthma_v2_pneumonia_P26Pneumonia83Z.wav,0,0,4,4,0.0772473691094679,0.0006094500985777215,0.0004891535447789886,0.002859162109249555,0.9187948651379257
asthma_v2_pneumonia_P26Pneumonia84P.wav,0,0,4,4,0.04685468565521566,0.002791834530886094,0.0017294233300748389,0.0142998764374193,0.934324180046404
asthma_v2_pneumonia_P27Pneumonia28K.wav,0,0,4,4,0.02836048950650892,0.03853397370402944,0.0059418903043361,0.005510950509901467,0.9216526959752244
asthma_v2_pneumonia_P28Pneumonia22W.wav,0,0,4,4,0.09662316257966727,0.019062505877526878,0.009660369148968029,0.0011351867736178166,0.8735187756202198
asthma_v2_pneumonia_P28Pneumonia65J.wav,0,0,4,4,0.2682617079831449,0.07446314454140815,0.02746745563356248,0.005703480676230626,0.624104211165654
asthma_v2_pneumonia_P2Pneumonia70H.wav,0,0,4,4,0.02287004950814094,0.001848827070347414,0.0013515139970246722,0.0022135945829810685,0.9717160148415058
asthma_v2_pneumonia_P2Pneumonia93N.wav,0,0,4,4,0.008880227219874767,0.001258184054519006,0.00041298031470423107,0.004624250717883709,0.9848243576930181
asthma_v2_pneumonia_P30Pneumonia15J.wav,0,0,4,4,0.0357321432340747,0.00041962676359998265,0.00046425401772446853,0.0003988127274866946,0.9629851632571143
asthma_v2_pneumonia_P30Pneumonia70X.wav,0,0,4,4,0.019297552344336773,0.05891615325235784,0.0013456359014061637,0.026796114117536338,0.8936445443843628
asthma_v2_pneumonia_P31Pneumonia92I.wav,0,0,4,4,0.060014283427721915,0.0021163638712386103,0.0017979935428590727,0.0007092018226366993,0.9353621573355435
asthma_v2_pneumonia_P33Pneumonia70D.wav,0,0,4,4,0.013409566496568737,0.00022151303984217332,0.00017394838929602114,0.00045942893220539876,0.9857355431420876
asthma_v2_pneumonia_P34Pneumonia36H.wav,0,0,4,4,0.07388572052689005,0.009047883537774568,0.0008648166515820778,0.01009991379013759,0.9061016654936163
asthma_v2_pneumonia_P35Pneumonia99V.wav,0,0,4,4,0.04381913591385279,0.006401883921969705,0.0008932440483174931,0.006737072249437419,0.9421486638664226
asthma_v2_pneumonia_P36Pneumonia57U.wav,0,0,4,0,0.8478698265985487,0.05887342408489065,0.0031731152196377344,0.00383396881856383,0.08624966527835903
asthma_v2_pneumonia_P36Pneumonia83N.wav,0,0,4,4,0.01035287238540544,0.0017724146886535167,0.00043061427186895563,0.0017192731974043274,0.985724825456668
asthma_v2_pneumonia_P40Pneumonia18H.wav,0,0,4,0,0.706346711574589,0.06991111706151976,0.0568464460000143,0.004889110100421266,0.1620066152634553
asthma_v2_pneumonia_P42Pneumonia47W.wav,0,0,4,0,0.7859305969299402,0.11278452614962228,0.024821535729227316,0.011572708077403297,0.06489063311380662
asthma_v2_pneumonia_P44Pneumonia71M.wav,0,0,4,4,0.022992456418997775,0.020393741954474333,0.013337079242314703,0.019019279718768583,0.9242574426654449
asthma_v2_pneumonia_P46Pneumonia95A.wav,0,0,4,3,0.01835683155532536,0.06352351858138497,0.12870240772289998,0.5957663596219006,0.19365088251848925
asthma_v2_pneumonia_P47Pneumonia74Q.wav,0,0,4,4,0.020056308364338922,0.0024913393339141797,0.015700646896249157,0.010320407308294016,0.9514312980972034
asthma_v2_pneumonia_P48Pneumonia82Z.wav,0,0,4,3,0.01835683155532536,0.06352351858138497,0.12870240772289998,0.5957663596219006,0.19365088251848925
asthma_v2_pneumonia_P4Pneumonia67J.wav,0,0,4,4,0.056657914212492395,0.0028074072155430505,0.025536225550108604,0.0077329290803075925,0.9072655239415482
asthma_v2_pneumonia_P5Pneumonia21J.wav,0,0,4,4,0.009462063217442538,0.0018612766997951496,0.03849580172323549,0.027709901213668973,0.9224709571458579
asthma_v2_pneumonia_P5Pneumonia38U.wav,0,0,4,4,0.009231960202890662,0.002693437981710924,0.16940747183605345,0.06013400457391386,0.758533125405431
asthma_v2_pneumonia_P5Pneumonia88J.wav,0,0,4,4,0.06471670430411645,0.00582608433462794,0.032933669589304826,0.00710526212237985,0.8894182796495707
asthma_v2_pneumonia_P6Pneumonia15U.wav,0,0,4,4,0.13829526433293848,0.0022033336426447963,0.06143297950044573,0.005696396160421349,0.7923720263635494
asthma_v2_pneumonia_P6Pneumonia17Q.wav,0,0,4,4,0.00873658341833921,0.0007906355543904711,0.023750184651373768,0.06102621380268733,0.9056963825732092
asthma_v2_pneumonia_P8Pneumonia14Z.wav,0,0,4,4,0.15699877267158757,0.007368870415361249,0.00549969700860474,0.0481618771735311,0.7819707827309155
asthma_v2_pneumonia_P9Pneumonia73J.wav,0,0,4,4,0.038972483685500436,0.0002491940051400279,0.00114616785844184,0.010270059616961804,0.949362094833956
asthma_v2_Bronchial_P10BronchialSc_46.wav,0,1,1,2,0.0017779905929765471,0.21002394694334342,0.7844515931789731,0.001046847257048752,0.002699622027657867
asthma_v2_Bronchial_P13BronchialSc_62.wav,0,1,1,0,0.6163351752005141,0.21103078630007788,0.009245208877752181,0.07713163789271103,0.08625719172894472
asthma_v2_Bronchial_P13BronchialSc_64.wav,0,1,1,0,0.6992530495958867,0.12567151015658096,0.011114973197455639,0.07023534964991514,0.09372511740016155
asthma_v2_Bronchial_P13BronchialTc_61.wav,0,1,1,0,0.6503743297374833,0.19731110612961106,0.007988730150921752,0.07410702996186416,0.07021880402011961
asthma_v2_Bronchial_P13BronchialTc_63.wav,0,1,1,0,0.38520498948468107,0.34779129825050703,0.08966401991939216,0.014458812529965677,0.16288087981545374
asthma_v2_Bronchial_P17BronchialSc_82.wav,0,1,1,1,0.004774569223879953,0.954600375791127,0.03722251622358266,0.0017053083949964951,0.0016972303664137954
asthma_v2_Bronchial_P19BronchialSc_92.wav,0,1,1,1,0.0005166877078145238,0.9967619351781652,0.002431344534536497,4.603597826907628e-05,0.00024399660121465257
asthma_v2_Bronchial_P19BronchialTc_95.wav,0,1,1,1,0.003959716381488886,0.9716333166044787,0.01946122003579439,0.003023613090148085,0.0019221338880896703
asthma_v2_Bronchial_P1BronchialSc_2.wav,0,1,1,1,0.0029984476721484233,0.9804592139676331,0.00584926262267058,0.008591228364332975,0.0021018473732150405
asthma_v2_Bronchial_P20BronchialSc_100.wav,0,1,1,1,0.0008790061824027653,0.9784158988458131,0.019720828343380462,0.00039636596755436413,0.0005879006608489639
asthma_v2_Bronchial_P20BronchialSc_96.wav,0,1,1,1,0.0034939482756628304,0.9883696399642292,0.0047528799742684695,0.0011450988068030302,0.0022384329790364763
asthma_v2_Bronchial_P21BronchialSc_102.wav,0,1,1,1,0.01677037644706975,0.6966137764706277,0.008462913748051403,0.021112827310595966,0.25704010602365523
asthma_v2_Bronchial_P21BronchialSc_104.wav,0,1,1,1,0.019278358087764493,0.6567513192292413,0.125503393084372,0.09751588826307114,0.10095104133555086
asthma_v2_Bronchial_P2BronchialSc_10.wav,0,1,1,1,0.011510464362821597,0.9421143686794023,0.02088603753645107,0.01913588012824103,0.006353249293084026
asthma_v2_Bronchial_P3BronchialSc_12.wav,0,1,1,1,0.005816126242740563,0.9728343758523033,0.007956813612466805,0.01034600607899465,0.003046678213494832
asthma_v2_Bronchial_P4BronchialSc_16.wav,0,1,1,1,0.03630060127391325,0.9212654848946799,0.008425199417015361,0.015964269854726012,0.018044444559665137
asthma_v2_Bronchial_P5BronchialTc_25.wav,0,1,1,1,0.01517583043846426,0.9370130265556642,0.03253893725170665,0.007562753049482854,0.007709452704681887
asthma_v2_Bronchial_P6BronchialSc_26.wav,0,1,1,1,0.0024948460190243856,0.9360217797215972,0.04727575234576071,0.012146565583122859,0.002061056330494648
asthma_v2_Bronchial_P6BronchialTc_27.wav,0,1,1,1,0.001969132768372382,0.9861275280012023,0.0032166881135385237,0.008082177448691876,0.0006044736681948566
asthma_v2_Bronchial_P8BronchialSc_38.wav,0,1,1,1,0.0004833512425552457,0.995468999660745,0.0017420349469108346,0.0013759691174737838,0.0009296450323151096
asthma_v2_Bronchial_P8BronchialSc_40.wav,0,1,1,1,0.000884025172685252,0.9907186091228547,0.002650180977041771,0.0053221313517992485,0.00042505337561860414
asthma_v2_asthma_P11WheezingIE_53.wav,0,1,0,0,0.8790878947806668,0.0842724954490694,0.008537764626726063,0.00359327196799037,0.024508573175547124
asthma_v2_asthma_P11WheezingRL_51.wav,0,1,0,0,0.7955030926188026,0.19703302269663225,0.0019436480512169888,0.0007813925945012283,0.004738844038847087
asthma_v2_asthma_P13WheezingIE_61.wav,0,1,0,0,0.8187738291354666,0.08244505356065142,0.009488769214292442,0.007346109952843506,0.08194623813674576
asthma_v2_asthma_P17WheezingIE_81.wav,0,1,0,0,0.8629099333307049,0.07015331572918103,0.01373970631960766,0.001761031020486208,0.05143601360002036
asthma_v2_asthma_P17WheezingRL_83.wav,0,1,0,0,0.9006738257814509,0.08665381892330543,0.003960241420679725,0.0005014070760594243,0.008210706798504452
asthma_v2_asthma_P18WheezingIU_90.wav,0,1,0,0,0.9709157013770259,0.01247060447356104,0.00387618648986782,0.000808971079380495,0.01192853658016446
asthma_v2_asthma_P18WheezingRL_87.wav,0,1,0,3,0.0286715318612392,0.044288461395205696,0.030613966889333207,0.75108722515312,0.14533881470110202
asthma_v2_asthma_P1AsthmaIE_5.wav,0,1,0,0,0.8368281699575871,0.15702198557331556,0.0022891204444674624,0.0003655825489128876,0.0034951414757171755
asthma_v2_asthma_P1AsthmaIU_2.wav,0,1,0,0,0.9610159992669433,0.006343921543496418,0.0024044841318187717,0.0026653830561140287,0.027570212001627396
asthma_v2_asthma_P21WheezingIE_101.wav,0,1,0,0,0.5286214524627356,0.06480549239023344,0.00962066022634143,0.1403854365192398,0.2565669584014493
asthma_v2_asthma_P21WheezingRS_104.wav,0,1,0,0,0.3856909997192521,0.019455274624931324,0.3098264597048386,0.003639525865745687,0.2813877400852326
asthma_v2_asthma_P22WheezingIU_110.wav,0,1,0,0,0.9613188585046394,0.018545028617588187,0.0037851653995469715,0.0005523697667329618,0.015798577711492626
asthma_v2_asthma_P23WheezingIU_114.wav,0,1,0,0,0.8450875961095744,0.025723233407838143,0.0835111123525406,0.0005998077292291187,0.04507825040081768
asthma_v2_asthma_P25WheezingRL_123.wav,0,1,0,0,0.7537853092141107,0.010403096795440213,0.041454303702566905,0.0024265865346811263,0.1919307037532009
asthma_v2_asthma_P26WheezingIU_126.wav,0,1,0,3,0.3116705953012903,0.014376092352779113,0.003962907041756095,0.6048722669710198,0.0651181383331549
asthma_v2_asthma_P26WheezingRL_127.wav,0,1,0,0,0.4681435595659155,0.020510309745425965,0.1154968304972472,0.03457839994812786,0.36127090024328357
asthma_v2_asthma_P26WheezingRS_128.wav,0,1,0,0,0.6450543680965416,0.005940901800039298,0.02143833181546962,0.0025360574897866184,0.325030340798163
asthma_v2_asthma_P28WheezingRL_139.wav,0,1,0,0,0.3587666141640156,0.18501104096652637,0.17584156039795787,0.014204200486177663,0.26617658398532246
asthma_v2_asthma_P2AsthmaIE_9.wav,0,1,0,0,0.9517249173178359,0.0195612095084042,0.0035115793862770858,0.0029341192220056294,0.02226817456547729
asthma_v2_asthma_P2AsthmaRS_8.wav,0,1,0,0,0.9189308446719183,0.027378871464686014,0.0022582486391830173,0.01129702819431569,0.04013500702989698
asthma_v2_asthma_P30WheezingIU_150.wav,0,1,0,0,0.8649770132105806,0.03298720491876526,0.002649790499910448,0.014470565445562456,0.08491542592518138
asthma_v2_asthma_P30WheezingRL_147.wav,0,1,0,0,0.8249646412473376,0.03921636295785026,0.025469346188413833,0.0022817765658477715,0.1080678730405503
asthma_v2_asthma_P31WheezingIE_153.wav,0,1,0,4,0.20484307254301773,0.012995450702928594,0.035838868074425635,0.06828931703426357,0.6780332916453644
asthma_v2_asthma_P32WheezingIE_157.wav,0,1,0,0,0.7036809975313193,0.010177148560502235,0.00814498661690433,0.0061447764439484884,0.27185209084732576
asthma_v2_asthma_P32WheezingRS_156.wav,0,1,0,0,0.591045405320384,0.012669018355613034,0.0042530468187875,0.10303331974497058,0.2889992097602448
asthma_v2_asthma_P33WheezingIE_165.wav,0,1,0,0,0.5166646188467955,0.1925465622896085,0.08398755101691142,0.029469050807642855,0.1773322170390416
asthma_v2_asthma_P34WheezingIU_166.wav,0,1,0,0,0.8267930386023316,0.04749783155986891,0.03652849053687525,0.0032372604433142643,0.08594337885760975
asthma_v2_asthma_P36WheezingRS_176.wav,0,1,0,0,0.9516701780538684,0.003579186681885376,0.03066279030830164,0.00013558694590924417,0.013952258010035313
asthma_v2_asthma_P37WheezingIE_185.wav,0,1,0,0,0.8125752767169931,0.09422750856105029,0.04472166456018391,0.003654554062824472,0.044820996098948365
asthma_v2_asthma_P37WheezingIU_182.wav,0,1,0,0,0.9630758057635066,0.005487338401604469,0.010173261865283226,0.00040355600042984405,0.02086003796917589
asthma_v2_asthma_P38WheezingRS_188.wav,0,1,0,0,0.6945276655890896,0.04159355670339636,0.22959670402679896,0.00639268168765688,0.027889391993058454
asthma_v2_asthma_P39WheezingRS_192.wav,0,1,0,0,0.815057942699112,0.005229579178488199,0.025311053400596254,0.0008298961355143004,0.15357152858628914
asthma_v2_asthma_P44WheezingRS_216.wav,0,1,0,0,0.9173825489971287,0.0014344242154759534,0.008413323920823213,0.0059242881242077125,0.06684541474236462
asthma_v2_asthma_P44WheezingRS_220.wav,0,1,0,0,0.30334046121065916,0.0010659361092802302,0.6871019352164756,0.001316952841342044,0.007174714622243222
asthma_v2_asthma_P46WheezingIU_226.wav,0,1,0,0,0.5879925756352741,0.39960788538079717,0.007024466851707677,0.0004831750599289067,0.004891897072292393
asthma_v2_asthma_P46WheezingRS_228.wav,0,1,0,0,0.299118478791433,0.26347640170607334,0.3432577913760971,0.006859144329607748,0.08728818379678853
asthma_v2_asthma_P47WheezingRL_231.wav,0,1,0,2,0.10974722572704464,0.05223258061043182,0.6894928049406435,0.0048035481146902394,0.14372384060718962
asthma_v2_asthma_P48WheezingIE_237.wav,0,1,0,0,0.814479577215906,0.019260083507539924,0.013054628977065958,0.0015022522941550375,0.15170345800533316
asthma_v2_asthma_P48WheezingRL_239.wav,0,1,0,0,0.8440689354430726,0.04804736055632661,0.029347966939959346,0.0031992243682080505,0.07533651269243326
asthma_v2_asthma_P4AsthmaIE_17.wav,0,1,0,0,0.9081481286220273,0.06395890598486247,0.00568526223436227,0.0007937450544126776,0.02141395810433496
asthma_v2_asthma_P50WheezingIU_246.wav,0,1,0,0,0.8408536995924583,0.0013448961607165073,0.020505738907280288,0.024407551889798224,0.11288811344974639
asthma_v2_asthma_P50WheezingIU_250.wav,0,1,0,0,0.9334032065213739,0.0009176756791008033,0.028536851487576047,0.0008201193990960887,0.03632214691285337
asthma_v2_asthma_P51WheezingRS_252.wav,0,1,0,0,0.8973345035936532,0.004419244520138665,0.08082720767819455,0.0009100556702804045,0.01650898853773305
asthma_v2_asthma_P52WheezingIU_258.wav,0,1,0,0,0.9167440878432529,0.0028399381904235126,0.04644829538221188,0.0008902814311457323,0.03307739715296566
asthma_v2_asthma_P52WheezingRL_259.wav,0,1,0,0,0.9530873314399316,0.014495204362176653,0.015196453490328008,0.0007700934870800481,0.016450917220483644
asthma_v2_asthma_P53WheezingIU_262.wav,0,1,0,0,0.9180913154166834,0.06499513116894733,0.0051271614061660755,0.00048324960251680825,0.011303142405686119
asthma_v2_asthma_P53WheezingRS_264.wav,0,1,0,0,0.5764763188828317,0.15532735282061397,0.08548926374751788,0.1258766514684915,0.05683041308054503
asthma_v2_asthma_P54WheezingIU_266.wav,0,1,0,3,0.024133092206080238,0.05246683001038425,0.1000443975546414,0.6139836565504242,0.20937202367846997
asthma_v2_asthma_P54WheezingRL_267.wav,0,1,0,3,0.070029216994713,0.04241707161140897,0.09277984219873378,0.3550326611267345,0.43974120806841016
asthma_v2_asthma_P55WheezingIE_273.wav,0,1,0,4,0.03304718608710953,0.0021670717140091916,0.07365743284794347,0.07182658516291827,0.8193017241880194
asthma_v2_asthma_P56WheezingIU_278.wav,0,1,0,4,0.4186588860898554,0.04349106616452749,0.0015247799457359973,0.004459466841926706,0.5318658009579547
asthma_v2_asthma_P57WheezingIE_281.wav,0,1,0,3,0.10198334260690148,0.006914707376985948,0.007670773354221493,0.6089321837515281,0.2744989929103631
asthma_v2_asthma_P58WheezingRL_287.wav,0,1,0,0,0.4700596846985693,0.15475976532292665,0.010173562137836023,0.062164118616386835,0.3028428692242809
asthma_v2_asthma_P5AsthmaIU_22.wav,0,1,0,0,0.8595847976071533,0.014713992868101928,0.0031677455823725924,0.007923722917798698,0.11460974102457323
asthma_v2_asthma_P6AsthmaIE_29.wav,0,1,0,0,0.9142378459782957,0.0552497465915326,0.012652427380611182,0.0007047006816503324,0.01715527936791054
asthma_v2_asthma_P7AsthmaRL_31.wav,0,1,0,0,0.49900451501120247,0.007811490535530845,0.004695305443047262,0.0378263120010599,0.4506623770091591
asthma_v2_asthma_P8AsthmaIE_37.wav,0,1,0,0,0.897500168891836,0.08187585707467214,0.0065177550031646015,0.00192927819438396,0.012176940835942968
asthma_v2_asthma_P9AsthmaRS_44.wav,0,1,0,0,0.8408834104847367,0.14757362386376888,0.002237798670483987,0.000911242282116838,0.008393924698893926
asthma_v2_copd_P10COPDMc_74.wav,0,1,2,1,0.08555617122217812,0.8853046134582268,0.015457959595487864,0.008198288501462717,0.00548296722264471
asthma_v2_copd_P10COPDMc_76.wav,0,1,2,1,0.09527256484390843,0.40126440147043313,0.37893729202451254,0.07050035055183222,0.05402539110931357
asthma_v2_copd_P11COPDMc_84.wav,0,1,2,2,0.02763533788262077,0.0026313109741868145,0.9671047656361039,0.0007025436029900802,0.0019260419040984223
asthma_v2_copd_P11COPDMc_88.wav,0,1,2,2,0.0116261033914607,0.001241839507610659,0.9857311670773028,0.0011135326232749108,0.0002873574003508839
asthma_v2_copd_P12COPDMc_90.wav,0,1,2,2,0.0011578147100739626,0.0004369438838672901,0.9979311097059362,0.00020961531123450322,0.00026451638888749015
asthma_v2_copd_P12COPDMc_94.wav,0,1,2,2,0.0013721340612401446,0.0007730793463579399,0.997657519936567,0.00010691658260967592,9.035007322531852e-05
asthma_v2_copd_P12COPDPr_91.wav,0,1,2,2,0.0214399653706053,0.005980046446632604,0.9715406976506853,0.0006072488126751958,0.0004320417194014802
asthma_v2_copd_P13COPDMc_98.wav,0,1,2,2,0.0016930425596506276,0.014995172040195655,0.9301897436384521,0.007536202474962625,0.04558583928673895
asthma_v2_copd_P13COPDPr_97.wav,0,1,2,2,9.067564768746327e-07,1.8737062909351916e-06,0.9992461012889577,0.00012632897627414897,0.0006247892720003343
asthma_v2_copd_P14COPDMc_106.wav,0,1,2,2,0.0022874010182685773,0.003847939080769468,0.9246594828353081,0.0026216084926635177,0.06658356857299012
asthma_v2_copd_P14COPDMc_108.wav,0,1,2,2,0.038002309417381655,0.0053726180441821874,0.9518128872007525,0.0007003470200269542,0.004111838317656608
asthma_v2_copd_P15COPDMc_116.wav,0,1,2,2,0.00547672265276571,0.000638844531492033,0.9933590684912128,0.00010845831180861513,0.0004169060127210126
asthma_v2_copd_P15COPDPr_115.wav,0,1,2,2,0.10090874608702842,0.015486604586842949,0.8771059588431824,0.001338366734686313,0.005160323748259784
asthma_v2_copd_P15COPDPr_117.wav,0,1,2,0,0.30715507965079336,0.04086351896715885,0.6376648147178728,0.0015321484488115204,0.012784438215363566
asthma_v2_copd_P17COPDPr_133.wav,0,1,2,2,3.7242010074491902e-09,2.3756699802044077e-09,0.9999929779720943,1.280299065004905e-07,6.887898128122635e-06
asthma_v2_copd_P18COPDMc_140.wav,0,1,2,2,5.574896710457978e-07,3.4099867084001754e-07,0.9997185070955948,5.855266901906454e-07,0.00028000888937290973
asthma_v2_copd_P18COPDPr_141.wav,0,1,2,2,0.0005394222863222838,6.428050163802835e-05,0.9990955083578011,3.980220408099696e-05,0.00026098665015763416
asthma_v2_copd_P18COPDPr_143.wav,0,1,2,2,4.102493436187024e-09,4.551037856179209e-09,0.9999726346526581,3.383103093094158e-07,2.701838350144582e-05
asthma_v2_copd_P1COPDPr_1.wav,0,1,2,0,0.9205534267387002,0.005654657474374413,0.05213990590369855,0.0020946338381800243,0.01955737604504672
asthma_v2_copd_P24COPDPr_191.wav,0,1,2,2,3.4619971589289426e-08,4.879183577493648e-08,0.999855594171784,3.825342771052117e-05,0.00010606898869816222
asthma_v2_copd_P25COPDMc_194.wav,0,1,2,2,0.00010569179939165865,0.007661562018203395,0.9900286534245647,0.0018972175142718034,0.0003068752435682857
asthma_v2_copd_P26COPDMc_204.wav,0,1,2,2,2.7342393216466134e-07,2.0344015587861736e-07,0.9994593119527079,1.323580688104174e-05,0.0005269753763232062
asthma_v2_copd_P27COPDMc_212.wav,0,1,2,2,1.8418313993504618e-08,2.174538446286681e-08,0.9998506421628487,2.405498748030324e-06,0.0001469121747050536
asthma_v2_copd_P27COPDPr_209.wav,0,1,2,2,3.4427835866242616e-10,3.3595110612986195e-10,0.9999915642290413,1.9756805006984676e-06,6.459410228672474e-06
asthma_v2_copd_P27COPDPr_215.wav,0,1,2,2,8.919584459560095e-08,1.4945301809012655e-07,0.9996509431287128,0.00011918001093875101,0.00022963821148583888
asthma_v2_copd_P28COPDMc_218.wav,0,1,2,2,0.0017550383454994344,0.0006656791463102334,0.9924034263167759,0.0015786603703281318,0.0035971958210861124
asthma_v2_copd_P28COPDPr_217.wav,0,1,2,2,6.795653924685131e-08,6.304543944753135e-08,0.9996851304845245,6.072984998549923e-05,0.00025400866351152406
asthma_v2_copd_P28COPDPr_221.wav,0,1,2,2,7.690375384953293e-07,1.5120081220916275e-06,0.9991888250914506,7.678977403389322e-06,0.0008012148854855895
asthma_v2_copd_P29COPDMc_226.wav,0,1,2,2,0.0008385401038063219,0.0003764362390779119,0.9964258398887123,0.0002762043306239403,0.002082979437779576
asthma_v2_copd_P29COPDPr_229.wav,0,1,2,2,5.303203982826184e-10,6.606842639976415e-10,0.9999743625950454,2.7226678792007496e-06,2.291354607069657e-05
asthma_v2_copd_P29COPDPr_231.wav,0,1,2,2,1.0253205034876691e-08,1.0228627257726239e-08,0.9998753051095403,3.181812065404175e-06,0.00012149259656216595
asthma_v2_copd_P2COPDPr_9.wav,0,1,2,2,4.5935370635470965e-07,2.1949920690658347e-07,0.9997701070720054,2.277248221469234e-05,0.0002064415928664718
asthma_v2_copd_P32COPDMc_256.wav,0,1,2,2,0.11311077292297925,0.0014470359780571968,0.8822096238507501,0.0007823680706191598,0.0024501991775939527
asthma_v2_copd_P32COPDPr_251.wav,0,1,2,2,0.051378659391352714,0.00405044838440225,0.9348029524154721,0.0002632023902482841,0.009504737418524395
asthma_v2_copd_P32COPDPr_253.wav,0,1,2,2,0.03031439526689742,0.0003643785715452475,0.9676248917176903,0.0005022020775983048,0.00119413236626874
asthma_v2_copd_P33COPDMc_262.wav,0,1,2,2,0.011883043349316131,0.012668081881252912,0.9123904541975868,0.04169337310186372,0.021365047469980348
asthma_v2_copd_P33COPDPr_261.wav,0,1,2,2,0.020622508227228435,0.025468786392359992,0.8379538290011228,0.06821394716390163,0.04774092921538724
asthma_v2_copd_P34COPDMc_266.wav,0,1,2,2,0.0014338996957101175,0.004127644135526762,0.9935549763995004,0.00010167239887696509,0.0007818073703856175
asthma_v2_copd_P34COPDMc_268.wav,0,1,2,2,0.0036801694995402708,0.010978476986642663,0.983919543201599,0.00020018964956938984,0.0012216206626490013
asthma_v2_copd_P34COPDPr_271.wav,0,1,2,2,0.000469447568200579,0.0013888214074477014,0.9969553980530045,3.846996998983629e-05,0.0011478630013576111
asthma_v2_copd_P35COPDMc_278.wav,0,1,2,2,0.0006979478737799545,0.00034332077346639996,0.9981537424099003,0.0002550142702815571,0.0005499746725716203
asthma_v2_copd_P35COPDPr_273.wav,0,1,2,2,0.0015378768345826299,0.0003107780239958794,0.9921646078084176,0.00015450001550072203,0.005832237317503389
asthma_v2_copd_P37COPDPr_289.wav,0,1,2,2,0.0010936459744987624,0.0010518369657047501,0.9927438694335546,0.0002634835239647714,0.004847164102276703
asthma_v2_copd_P38COPDMc_298.wav,0,1,2,2,0.049076157337723615,0.0026842242922285736,0.9341378819756194,0.00026704795867541186,0.013834688435753067
asthma_v2_copd_P38COPDMc_302.wav,0,1,2,2,0.05722435273180325,0.00036570942562077466,0.9350672565913625,6.805663020923049e-05,0.0072746246210040775
asthma_v2_copd_P39COPDMc_310.wav,0,1,2,2,0.00044363662838913746,0.0014563886966724364,0.9954299053958496,9.037398461852352e-05,0.002579695294470201
asthma_v2_copd_P40COPDMc_314.wav,0,1,2,2,0.002874563230592468,0.009604759154433587,0.9828732938336601,0.0011273772477498841,0.003520006533564204
asthma_v2_copd_P40COPDMc_320.wav,0,1,2,4,0.20887951531810284,0.1221869437507756,0.09822647142643526,0.0013347886500239695,0.5693722808546626
asthma_v2_copd_P41COPDPr_321.wav,0,1,2,2,0.0003682503144908223,5.3543039704895586e-05,0.997917326744894,6.463106573899793e-05,0.0015962488351711356
asthma_v2_copd_P42COPDMc_330.wav,0,1,2,2,5.728141904299021e-07,6.327647918804978e-07,0.9994254841611603,3.161077442828665e-05,0.0005416994854291809
asthma_v2_copd_P43COPDPr_339.wav,0,1,2,2,9.211335236498928e-09,8.488558134894343e-09,0.9998829304604339,4.557204450266973e-06,0.00011249463522262093
asthma_v2_copd_P43COPDPr_341.wav,0,1,2,2,1.2139362843463858e-08,1.321057560420511e-08,0.9998920516869485,3.055120641131033e-07,0.00010761745104871053
asthma_v2_copd_P44COPDMc_350.wav,0,1,2,2,0.0003277509202377201,0.018118899982245064,0.9461220490717225,0.03362967289080825,0.0018016271349864678
asthma_v2_copd_P44COPDPr_349.wav,0,1,2,2,0.0001193292967304882,0.0018316828801374677,0.9663211578033459,0.02846188534435854,0.003265944675427409
asthma_v2_copd_P44COPDPr_351.wav,0,1,2,2,5.874999002179647e-05,0.0033992453976796635,0.9930880640600058,0.0027507544241879315,0.0007031861281047239
asthma_v2_copd_P45COPDMc_358.wav,0,1,2,2,0.04139081834357705,0.06495029781928208,0.6861401668604964,0.1131016570159769,0.09441705996066754
asthma_v2_copd_P46COPDMc_362.wav,0,1,2,2,0.0023336444254018146,0.0006051744435870343,0.9884925445729498,0.0012939220857052076,0.007274714472355906
asthma_v2_copd_P46COPDMc_366.wav,0,1,2,2,0.0004955037701991857,8.365238948318036e-05,0.9963069262142243,8.543270613402695e-05,0.003028484919959208
asthma_v2_copd_P46COPDMc_368.wav,0,1,2,2,0.012257640175517719,0.005607930001440996,0.9723853484521847,0.00049424188466322,0.009254839486192873
asthma_v2_copd_P46COPDPr_365.wav,0,1,2,2,3.46139946540245e-06,2.515088009590406e-06,0.997760828930368,9.563629137420791e-05,0.0021375582907829675
asthma_v2_copd_P46COPDPr_367.wav,0,1,2,2,0.030543345474837533,0.025721415809129355,0.9059749562536699,0.007284437203875442,0.03047584525848783
asthma_v2_copd_P47COPDMc_370.wav,0,1,2,2,0.0519846328948478,0.13097898342188427,0.7471175338955212,0.01378849937684548,0.05613035041090154
asthma_v2_copd_P47COPDPr_373.wav,0,1,2,2,0.027695111166088776,0.042671186953981935,0.8761955421719104,0.03634318165559285,0.01709497805242573
asthma_v2_copd_P47COPDPr_375.wav,0,1,2,2,0.00034488521092063644,0.01649119503393872,0.9773084374819897,0.005428667451331219,0.00042681482181980293
asthma_v2_copd_P48COPDMc_378.wav,0,1,2,2,0.005928564872887096,0.003514961480113921,0.9854694033477869,0.0011062866968475729,0.0039807836023644716
asthma_v2_copd_P49COPDMc_392.wav,0,1,2,2,0.00043311380098040185,0.0008041065923917639,0.9982280468194319,0.00018776260724874162,0.00034697017994706495
asthma_v2_copd_P4COPDMc_28.wav,0,1,2,2,2.5259594621499333e-08,2.7473400722392353e-08,0.999894556429133,3.459526527761306e-05,7.07955725941902e-05
asthma_v2_copd_P4COPDPr_25.wav,0,1,2,2,8.787270738946545e-07,1.3833977541301806e-06,0.9997394765105619,0.00010984227393151333,0.00014841909067829842
asthma_v2_copd_P50COPDMc_400.wav,0,1,2,2,6.131236670304973e-08,1.6875021433975178e-07,0.9999768117891618,9.024818433254253e-07,2.2055666413788144e-05
asthma_v2_copd_P50COPDPr_393.wav,0,1,2,2,0.0012855195875158816,0.001463921008650741,0.99593540697364,0.00038628595323944435,0.0009288664769536683
asthma_v2_copd_P5COPDMc_38.wav,0,1,2,2,0.0006057103417920136,0.0018121694490150233,0.9944533023922536,0.0005117218691279204,0.0026170959478118757
asthma_v2_copd_P5COPDMc_40.wav,0,1,2,2,0.07023564845547235,0.015268059717213206,0.8934145067501057,0.009507878089864221,0.011573906987344748
asthma_v2_copd_P6COPDMc_44.wav,0,1,2,2,9.012303461235006e-08,8.266642427516928e-08,0.9997777588349304,2.497330211025395e-05,0.00019709507350053706
asthma_v2_copd_P6COPDMc_48.wav,0,1,2,2,0.0014572852512137505,0.0008536479581079747,0.947979250342155,0.0062911422744380005,0.043418674174084945
asthma_v2_copd_P6COPDPr_47.wav,0,1,2,2,0.007441262542927158,0.0018598108619851136,0.956053792993826,0.0036384826313325745,0.031006650969929397
asthma_v2_copd_P7COPDMc_50.wav,0,1,2,2,0.004070709565340323,0.001098105923537608,0.9846376107980497,0.004134198000387114,0.006059375712685157
asthma_v2_copd_P7COPDMc_56.wav,0,1,2,2,0.007235096633252551,0.0063038133433415185,0.9785718107798628,0.003651252987538795,0.004238026256004475
asthma_v2_copd_P8COPDMc_64.wav,0,1,2,2,0.006056685264210618,0.0005177130473144307,0.9865798346489393,0.0009623776747039464,0.005883389364831705
asthma_v2_copd_P9COPDMc_66.wav,0,1,2,2,4.848754927184658e-07,2.8873331212252e-07,0.9997905695498415,3.188553273345293e-07,0.0002083379860263375
asthma_v2_copd_P9COPDMc_72.wav,0,1,2,2,6.409078288362747e-07,4.997081332847989e-07,0.9997870835480476,1.3476620422801028e-06,0.00021042817394773515
asthma_v2_healthy_P10Healthy61S.wav,0,1,3,3,0.009078576726775365,0.0010280526824901698,0.003166928962893314,0.8402087482414645,0.1465176933863767
asthma_v2_healthy_P11Healthy60S.wav,0,1,3,3,0.019681032270480587,0.0024083689249624405,0.05215447072207592,0.7625154844747559,0.16324064360772503
asthma_v2_healthy_P12Healthy16S.wav,0,1,3,3,0.024696259976553357,0.01822519161504239,0.11802957907578189,0.8084557558343045,0.030593213498317576
asthma_v2_healthy_P12Healthy99S.wav,0,1,3,3,0.0032439980325030555,0.005786992348655553,0.01935548181525233,0.9624720116516422,0.009141516151946576
asthma_v2_healthy_P13Healthy42S.wav,0,1,3,3,0.0019996617687108426,0.009645592162073979,0.015945095846721435,0.9644715535255205,0.007938096696973039
asthma_v2_healthy_P13Healthy69S.wav,0,1,3,3,0.05944445080131637,0.04187165900046314,0.0276193261522173,0.774707970626217,0.09635659341978615
asthma_v2_healthy_P15Healthy65S.wav,0,1,3,3,0.014848047894844679,0.0679286589753662,0.0504965308800741,0.8305286371514842,0.03619812509823099
asthma_v2_healthy_P15Healthy93S.wav,0,1,3,3,0.0485147685957682,0.03885458245908094,0.05186525408008001,0.817631223633018,0.04313417123205257
asthma_v2_healthy_P16Healthy38S.wav,0,1,3,3,0.02500864023182033,0.009720866793967721,0.002633404364348114,0.727581560737316,0.235055527872548
asthma_v2_healthy_P18Healthy46S.wav,0,1,3,3,0.02024677906424108,0.5252041033285968,0.011588533615970849,0.40745130373435284,0.03550928025683874
asthma_v2_healthy_P18Healthy59S.wav,0,1,3,1,0.020233025242559467,0.7407041810240097,0.007691560491237914,0.2062511965530008,0.025120036689192073
asthma_v2_healthy_P19Healthy62S.wav,0,1,3,3,0.000722167816887956,0.00110576684390416,0.0006264723986039975,0.9870877881635715,0.010457804777032523
asthma_v2_healthy_P1Healthy88S.wav,0,1,3,3,0.003981535372311095,0.007736969808654807,0.03009400928888604,0.9379713637052889,0.020216121824859216
asthma_v2_healthy_P20Healthy70S.wav,0,1,3,3,0.002106648889090009,0.004185721831262129,0.0006787885952128726,0.9025556699119072,0.09047317077252781
asthma_v2_healthy_P21Healthy38S.wav,0,1,3,3,0.013421462243284018,0.0037665876887699895,0.027336091744161864,0.7671769582976309,0.18829890002615315
asthma_v2_healthy_P22Healthy36S.wav,0,1,3,3,0.0031797968494584237,0.0011245065589912916,0.03815543292403755,0.8993057192778449,0.05823454438966789
asthma_v2_healthy_P23Healthy97S.wav,0,1,3,3,0.018705347566174865,0.0005471354894645969,0.0013952381195586382,0.3933103937839228,0.5860418850408792
asthma_v2_healthy_P24Healthy51S.wav,0,1,3,3,0.005564321234763807,0.005052876677811096,0.002500231357598849,0.9027946315638244,0.0840879391660019
asthma_v2_healthy_P25Healthy88S.wav,0,1,3,3,0.006191142301490848,0.008442653865897964,0.012067923975479171,0.8070091064710104,0.16628917338612167
asthma_v2_healthy_P26Healthy32S.wav,0,1,3,4,0.03695198900650915,0.005210405774267381,0.13652999881309164,0.08400798271824088,0.7372996236878913
asthma_v2_healthy_P26Healthy76S.wav,0,1,3,3,0.010145266502944979,0.004525541653330337,0.01070327408257537,0.7628028733377908,0.21182304442335828
asthma_v2_healthy_P2Healthy43S.wav,0,1,3,3,0.02779638552305242,0.04415109949360616,0.028535870695908506,0.7073054042156551,0.1922112400717776
asthma_v2_healthy_P2Healthy54S.wav,0,1,3,3,0.044126707254794874,0.07653083567364947,0.015688519807894093,0.7620729665742272,0.10158097068943422
asthma_v2_healthy_P2Healthy89S.wav,0,1,3,3,0.005243613590490303,0.0008721827540001758,0.012442758908427698,0.7672648128650699,0.214176631882012
asthma_v2_healthy_P5Healthy10S.wav,0,1,3,3,0.017402571214877434,0.008567941683001993,0.002955218425933446,0.8184401752908873,0.15263409338529993
asthma_v2_healthy_P6Healthy77S.wav,0,1,3,3,0.03302056447261817,0.0013992312842895408,0.022698089948717887,0.6635699135914548,0.2793122007029193
asthma_v2_pneumonia_P11Pneumonia58A.wav,0,1,4,4,0.05264036458286428,0.0011312420960267278,0.006914557583421479,0.013304124599538322,0.9260097111381493
asthma_v2_pneumonia_P11Pneumonia98J.wav,0,1,4,4,0.06261510592757229,0.00514302437280226,0.009485707374740507,0.0725112735881913,0.8502448887366935
asthma_v2_pneumonia_P12Pneumonia44H.wav,0,1,4,4,0.07222821689525638,0.005894506553233999,0.019579562958959486,0.006951211366855314,0.8953465022256949
asthma_v2_pneumonia_P13Pneumonia99T.wav,0,1,4,0,0.5273851966646578,0.04934983129895492,0.0075002189566602965,0.0030888335165665977,0.4126759195631606
asthma_v2_pneumonia_P14Pneumonia40M.wav,0,1,4,3,0.03866955394051949,0.007557658114517968,0.0008801120978571115,0.6192889809372942,0.3336036949098113
asthma_v2_pneumonia_P15Pneumonia81V.wav,0,1,4,4,0.04034410206965822,0.005730967481924574,0.0005073330742888478,0.0007024463868266701,0.9527151509873018
asthma_v2_pneumonia_P16Pneumonia56J.wav,0,1,4,4,0.04455498507867094,0.0012837723544522717,0.005508308948381803,0.1302173457294797,0.8184355878890153
asthma_v2_pneumonia_P16Pneumonia78M.wav,0,1,4,4,0.07422411582249168,0.0014785280640398442,0.0015974132172800275,0.05154331121094737,0.8711566316852414
asthma_v2_pneumonia_P17Pneumonia57K.wav,0,1,4,4,0.026092173490868176,0.0027256614564996197,0.00011414526084268778,0.0006455046268174901,0.9704225151649718
asthma_v2_pneumonia_P19Pneumonia24H.wav,0,1,4,4,0.034947562801200274,0.03169783897768404,0.00026129504299363023,0.029171421724754558,0.9039218814533676
asthma_v2_pneumonia_P19Pneumonia33O.wav,0,1,4,4,0.007282429280984945,0.0009707722129516231,0.00010735622407661168,0.0003555693152988996,0.991283872966688
asthma_v2_pneumonia_P20Pneumonia31P.wav,0,1,4,3,0.06106660019412262,0.0084383701711125,0.003334061255859256,0.5014699738164131,0.42569099456249226
asthma_v2_pneumonia_P21Pneumonia24G.wav,0,1,4,4,0.13591751832135704,0.15499422847380173,0.060328033017236514,0.1496835925415277,0.49907662764607696
asthma_v2_pneumonia_P23Pneumonia97P.wav,0,1,4,4,0.09848497648202716,0.01747170198372868,0.12132309346379444,0.0405806243048805,0.7221396037655692
asthma_v2_pneumonia_P25Pneumonia30I.wav,0,1,4,4,0.10068568588190493,0.0052368513118284735,0.004673594473985765,0.055472684471577466,0.8339311838607031
asthma_v2_pneumonia_P26Pneumonia89E.wav,0,1,4,4,0.008849121705091587,0.0020066351493264376,0.0010384628109852618,0.07157764063008838,0.9165281397045082
asthma_v2_pneumonia_P28Pneumonia90E.wav,0,1,4,4,0.08193876465652658,0.42699055913561657,0.1435032886824384,0.005128882495819186,0.3424385050295996
asthma_v2_pneumonia_P29Pneumonia14M.wav,0,1,4,4,0.033695483263834494,0.0037798625205505035,0.0003479973146878443,0.0006111988366213572,0.9615654580643057
asthma_v2_pneumonia_P29Pneumonia24X.wav,0,1,4,4,0.011128625467145799,0.001986734390985491,0.00020262340440539746,0.0003837705202264206,0.9862982462172368
asthma_v2_pneumonia_P29Pneumonia51O.wav,0,1,4,4,0.01441261374318061,0.013090346007198377,0.001215608888244895,0.012161474081440011,0.9591199572799362
asthma_v2_pneumonia_P2Pneumonia36Z.wav,0,1,4,4,0.008093735820936752,0.0032191553907665034,0.0004188648141511384,0.000569528031397182,0.9876987159427483
asthma_v2_pneumonia_P30Pneumonia52T.wav,0,1,4,4,0.023944697288610088,0.009019391468405177,0.0017132558006542507,0.007877445080106937,0.9574452103622239
asthma_v2_pneumonia_P30Pneumonia85D.wav,0,1,4,4,0.03493672315381198,0.006966218122055793,0.000782391586728823,0.0037679067512764275,0.9535467603861271
asthma_v2_pneumonia_P31Pneumonia47D.wav,0,1,4,4,0.013822206649991354,0.0034386270868295957,0.0009050285852643368,0.0005768541998908008,0.9812572834780242
asthma_v2_pneumonia_P31Pneumonia47J.wav,0,1,4,4,0.02548747575299335,0.004501051174933128,0.0003398976172204569,0.009870358575338283,0.9598012168795149
asthma_v2_pneumonia_P32Pneumonia98Y.wav,0,1,4,4,0.01141535294572564,0.0033179679261703234,0.001592422570213244,0.0009511410549954462,0.9827231155028953
asthma_v2_pneumonia_P32Pneumonia99W.wav,0,1,4,4,0.020960759861732892,0.005797996454196186,0.002747561674763171,0.0038483229430226126,0.966645359066285
asthma_v2_pneumonia_P33Pneumonia50P.wav,0,1,4,4,0.037963367142560774,0.0048508403481427095,0.00019269571368342876,0.002545810622522673,0.95444728617309
asthma_v2_pneumonia_P34Pneumonia15R.wav,0,1,4,4,0.01028595443588625,0.003435519950629597,0.0006860178655025453,0.0021941152418864696,0.9833983925060954
asthma_v2_pneumonia_P34Pneumonia61E.wav,0,1,4,4,0.05975835987066106,0.0054222173067348745,0.0007103403481987488,0.012765873860634769,0.9213432086137702
asthma_v2_pneumonia_P35Pneumonia56D.wav,0,1,4,4,0.021831617704212415,0.028578999334276895,0.0030311134747010634,0.12471773474382757,0.8218405347429821
asthma_v2_pneumonia_P35Pneumonia75E.wav,0,1,4,4,0.0036366305825102337,0.0025315620869731438,0.0007898936793582638,0.00027641828030364657,0.9927654953708547
asthma_v2_pneumonia_P38Pneumonia23A.wav,0,1,4,0,0.8536989091532299,0.07386907377016391,0.028046543070455836,0.0018417924676702704,0.04254368153847994
asthma_v2_pneumonia_P38Pneumonia34H.wav,0,1,4,0,0.6813780154293541,0.048225787597847375,0.01764583496674013,0.07719510615674444,0.17555525584931392
asthma_v2_pneumonia_P38Pneumonia61R.wav,0,1,4,0,0.9327746898342868,0.011575733259236295,0.0279349520604508,0.0015696651430382232,0.02614495970298796
asthma_v2_pneumonia_P39Pneumonia16K.wav,0,1,4,0,0.9105830648340482,0.06133587103556261,0.010198131998643237,0.0037583117853280377,0.014124620346418149
asthma_v2_pneumonia_P3Pneumonia74F.wav,0,1,4,4,0.25424675334552754,0.016022310051583485,0.006337548551357068,0.008089284390861866,0.7153041036606702
asthma_v2_pneumonia_P3Pneumonia75Z.wav,0,1,4,4,0.006132503069415631,0.0004831384372485121,0.42844802634321283,0.02432037734403906,0.5406159548060845
asthma_v2_pneumonia_P41Pneumonia31S.wav,0,1,4,4,0.2491891861263439,0.03203441004132153,0.008042763785404321,0.042866947395098824,0.6678666926518316
asthma_v2_pneumonia_P43Pneumonia24U.wav,0,1,4,2,0.0019205732993996898,0.0005282372163958597,0.8216832699272815,0.030117672058824107,0.1457502474980991
asthma_v2_pneumonia_P43Pneumonia88Y.wav,0,1,4,4,0.0034367563401460706,0.0015041108592381437,0.5758424879241251,0.06803513284346606,0.35118151203302483
asthma_v2_pneumonia_P44Pneumonia59U.wav,0,1,4,4,0.028259198431445785,0.13358027848746448,0.00962803171149363,0.10370758897897808,0.724824902390618
asthma_v2_pneumonia_P44Pneumonia65N.wav,0,1,4,4,0.03447711652556791,0.086901368050724,0.006576759292772476,0.13155234160642307,0.7404924145245126
asthma_v2_pneumonia_P45Pneumonia59I.wav,0,1,4,4,0.017575935916093983,0.0005067289764822138,0.02465103633065617,0.004341733202772972,0.9529245655739953
asthma_v2_pneumonia_P46Pneumonia49D.wav,0,1,4,4,0.11240790832802647,0.025275568339589546,0.0031208906089701537,0.11739164722029985,0.741803985503114
asthma_v2_pneumonia_P47Pneumonia14M.wav,0,1,4,4,0.04381680113162213,0.07045303302344863,0.009269529904102772,0.01962564027683457,0.8568349956639918
asthma_v2_pneumonia_P47Pneumonia69D.wav,0,1,4,4,0.16553638131040216,0.0033249694639870607,0.12686551131325127,0.006260124111678791,0.6980130138006806
asthma_v2_pneumonia_P4Pneumonia55U.wav,0,1,4,4,0.025560636440650732,0.002032841002447981,0.05743453190047634,0.02046808402202141,0.8945039066344037
asthma_v2_pneumonia_P5Pneumonia94P.wav,0,1,4,4,0.005973398226504623,0.0006177569627648762,0.029322019204893468,0.09194982723130342,0.8721369983745335
asthma_v2_pneumonia_P6Pneumonia37H.wav,0,1,4,4,0.04760580023950259,0.00879307399204032,0.09407828253862427,0.15359472791175674,0.6959281153180761
asthma_v2_pneumonia_P6Pneumonia84M.wav,0,1,4,4,0.02601259834459933,0.001265502776249886,0.05996785282637096,0.018052408117006973,0.8947016379357727
asthma_v2_pneumonia_P7Pneumonia22X.wav,0,1,4,4,0.01635824730368403,0.002934145983911664,0.15499425088600965,0.13227006933075522,0.6934432864956398
asthma_v2_pneumonia_P7Pneumonia62G.wav,0,1,4,4,0.04699527166204615,0.0032422978041953487,0.08012620732094261,0.05568380410931794,0.813952419103498
asthma_v2_pneumonia_P8Pneumonia16Z.wav,0,1,4,3,0.005980605867534671,0.024170124017513894,0.00890066128977295,0.36091531860852893,0.6000332902166494
asthma_v2_pneumonia_P8Pneumonia28V.wav,0,1,4,3,0.002230301268756793,0.0027042303557391254,0.009043843180754687,0.8453797234772737,0.1406419017174755
asthma_v2_pneumonia_P9Pneumonia63O.wav,0,1,4,4,0.004876439569881729,0.0031361387194275736,0.0032657887132452696,0.07548652247219088,0.9132351105252544
asthma_v2_pneumonia_P9Pneumonia67I.wav,0,1,4,4,0.047563214777240855,0.0018224646153709374,0.005404554259981925,0.0253297521042325,0.9198800142431738
asthma_v2_Bronchial_P10BronchialSc_48.wav,0,2,1,2,0.0004202182969474201,0.15714235933263954,0.8352440072279487,0.003346762381516766,0.0038466527609476416
asthma_v2_Bronchial_P10BronchialTc_47.wav,0,2,1,2,0.00041866319826106994,0.13339085627737826,0.8613018384652498,0.001833844585140328,0.003054797473970365
asthma_v2_Bronchial_P11BronchialSc_52.wav,0,2,1,0,0.38958117127084335,0.21264774863224256,0.07035409097928477,0.09226954581862973,0.23514744329899973
asthma_v2_Bronchial_P11BronchialTc_53.wav,0,2,1,3,0.06943766500014588,0.17730994812520162,0.011772024644827348,0.5018810376336775,0.23959932459614733
asthma_v2_Bronchial_P11BronchialTc_55.wav,0,2,1,0,0.9348322531367468,0.032668320733860966,0.0030238822050941095,0.0003152807448647214,0.02916026317943339
asthma_v2_Bronchial_P12BronchialSc_60.wav,0,2,1,3,0.3862529319373047,0.15241534616301824,0.01000339556069794,0.30406705525155114,0.14726127108742768
asthma_v2_Bronchial_P14BronchialSc_66.wav,0,2,1,1,0.00369475431382879,0.9931666315932972,0.0023456982990433146,5.5767102407855094e-05,0.0007371486914231763
asthma_v2_Bronchial_P16BronchialTc_79.wav,0,2,1,1,0.006217877931769006,0.9777069040858939,0.010391944944514066,0.002722763855235806,0.002960509182587075
asthma_v2_Bronchial_P17BronchialTc_81.wav,0,2,1,1,0.0428437326018134,0.8563415691293561,0.056636798502780826,0.009543422555994635,0.03463447721005512
asthma_v2_Bronchial_P17BronchialTc_85.wav,0,2,1,1,0.00225042704073498,0.864655535936598,0.11917409613067255,0.01016686284331814,0.003753078048676445
asthma_v2_Bronchial_P18BronchialTc_89.wav,0,2,1,1,3.509484887398595e-05,0.9911848228610277,0.008147077645593834,3.254194413735431e-05,0.0006004627003671034
asthma_v2_Bronchial_P1BronchialTc_3.wav,0,2,1,1,0.0025371223826088523,0.9719711519236759,0.015588154512924406,0.007056235512133728,0.002847335668657125
asthma_v2_Bronchial_P20BronchialSc_98.wav,0,2,1,1,0.01677979960660295,0.8056990386408284,0.16498212947541327,0.003425413412694257,0.009113618864461203
asthma_v2_Bronchial_P20BronchialTc_97.wav,0,2,1,1,0.0007470110214872424,0.9834874951112527,0.014450422334673424,0.0007472236186966563,0.0005678479138896927
asthma_v2_Bronchial_P21BronchialTc_101.wav,0,2,1,1,0.0055534344173594355,0.9189573011865136,0.06514061695970795,0.0053650026488975084,0.00498364478752098
asthma_v2_Bronchial_P2BronchialSc_8.wav,0,2,1,1,0.0007583660155850351,0.9958042920918679,0.000965550313110607,0.0007035190112531586,0.0017682725681836058
asthma_v2_Bronchial_P4BronchialSc_18.wav,0,2,1,1,0.0035266087475004934,0.979752083497716,0.010054888479273038,0.0035056549440719348,0.0031607643314385536
asthma_v2_Bronchial_P6BronchialSc_30.wav,0,2,1,1,0.0006747227742344833,0.9748582608420625,0.015694845146329427,0.0036028901551744437,0.005169281082198986
asthma_v2_Bronchial_P7BronchialSc_32.wav,0,2,1,1,0.0010415669645720907,0.9920173116832427,0.00313080952710671,0.0025592627905917454,0.0012510490344865765
asthma_v2_Bronchial_P9BronchialTc_43.wav,0,2,1,1,0.00191153124750967,0.9741439956886848,0.008934956676445177,0.004289992497749515,0.010719523889610939
asthma_v2_Bronchial_P9BronchialTc_45.wav,0,2,1,1,0.00034699613456449,0.9661089441128392,0.030839829793817327,0.0007589031146728634,0.0019453268441061752
asthma_v2_asthma_P10AsthmaIE_49.wav,0,2,0,0,0.8150834785194399,0.02145495121039062,0.02042065518112978,0.005593654047222001,0.13744726104181762
asthma_v2_asthma_P11WheezingIU_54.wav,0,2,0,0,0.6483354747976752,0.24427319193035246,0.00628978516118464,0.015972661010139683,0.0851288871006481
asthma_v2_asthma_P12WheezingRS_56.wav,0,2,0,0,0.8190528533285074,0.008740782681320605,0.06265376000134945,0.0028549626926515984,0.10669764129617096
asthma_v2_asthma_P13WheezingIU_62.wav,0,2,0,0,0.9072303409606532,0.043456154339108856,0.0021738002238565605,0.002335283179920296,0.04480442129646099
asthma_v2_asthma_P14WheezingIU_66.wav,0,2,0,0,0.9248948840029304,0.03325505648602685,0.005949199113750584,0.0002506713607081738,0.03565018903658424
asthma_v2_asthma_P14WheezingRS_68.wav,0,2,0,0,0.7834962938522428,0.004077169295528553,0.0031037864649059114,0.0034923493978069103,0.20583040098951585
asthma_v2_asthma_P15WheezingIE_73.wav,0,2,0,0,0.9039612512163127,0.007647527833471649,0.0026440688650662676,0.002644353002924798,0.08310279908222473
asthma_v2_asthma_P17WheezingIE_85.wav,0,2,0,0,0.5699870121246532,0.0017131309446034228,0.12840784438862304,0.0006392283453139601,0.29925278419680623
asthma_v2_asthma_P17WheezingIU_82.wav,0,2,0,0,0.8060865312336567,0.07553919287913602,0.01343814746541108,0.0015011204844829291,0.1034350079373137
asthma_v2_asthma_P1AsthmaRS_4.wav,0,2,0,0,0.9159265756026135,0.03874288648511904,0.007160311470831219,0.0004173649081629569,0.037752861533273264
asthma_v2_asthma_P24WheezingRS_116.wav,0,2,0,0,0.8844292122835792,0.019571788322160544,0.009684641536260141,0.003173899623435985,0.08314045823456429
asthma_v2_asthma_P25WheezingIE_125.wav,0,2,0,0,0.4719053959458667,0.0744993915605069,0.019111536227712483,0.12572247221994365,0.3087612040459699
asthma_v2_asthma_P27WheezingIE_133.wav,0,2,0,3,0.4629195279203693,0.035215300262824906,0.003987037463052814,0.36111249683851,0.1367656375152432
asthma_v2_asthma_P27WheezingRL_131.wav,0,2,0,0,0.8367341093771697,0.0050114299320964265,0.08670987772493238,0.002617911709146425,0.06892667125665478
asthma_v2_asthma_P27WheezingRL_135.wav,0,2,0,0,0.7020091866833317,0.18986214752901248,0.034193030271092134,0.006497855787311337,0.06743777972925208
asthma_v2_asthma_P29WheezingIU_142.wav,0,2,0,0,0.25158449724661935,0.5986472663160194,0.09990121038511984,0.010135198155090234,0.0397318278971514
asthma_v2_asthma_P2AsthmaIU_6.wav,0,2,0,2,0.07683439024073392,0.0823899180603342,0.7708565622504804,0.030186678775345917,0.03973245067310588
asthma_v2_asthma_P2AsthmaRL_7.wav,0,2,0,0,0.9349359276585018,0.002335469824565172,0.0243603436411228,0.0024768199055344026,0.03589143897027545
asthma_v2_asthma_P30WheezingIE_149.wav,0,2,0,0,0.9050771578879843,0.011310760277253263,0.0011488697132667038,0.003701919400299303,0.0787612927211967
asthma_v2_asthma_P30WheezingRS_148.wav,0,2,0,0,0.8735168419505891,0.022604289325589604,0.003076126137481034,0.002270571142511752,0.09853217144382857
asthma_v2_asthma_P31WheezingRS_152.wav,0,2,0,0,0.4521885884158863,0.07322380294100243,0.019779614925521508,0.09783784446702969,0.35697014925056003
asthma_v2_asthma_P32WheezingIU_158.wav,0,2,0,0,0.849579189968616,0.07408919199580834,0.007131058375984211,0.006768589189251522,0.062431970470339875
asthma_v2_asthma_P32WheezingRS_160.wav,0,2,0,0,0.6756013142584066,0.022199655093857778,0.005877555717679063,0.003909661590945813,0.29241181333911087
asthma_v2_asthma_P33WheezingIE_161.wav,0,2,0,0,0.7481771352106991,0.053793517507569666,0.010858445468546538,0.012254415561614374,0.17491648625157039
asthma_v2_asthma_P33WheezingIU_162.wav,0,2,0,0,0.7573203009249657,0.02221492825552262,0.08906221598740623,0.003927679621189164,0.1274748752109158
asthma_v2_asthma_P33WheezingRS_164.wav,0,2,0,0,0.9092624115939866,0.0038409641385070883,0.024192526999200117,0.002496716134231292,0.06020738113407468
asthma_v2_asthma_P34WheezingIE_169.wav,0,2,0,0,0.959711322949024,0.0016531880172444184,0.000983110434842191,0.003404215585118806,0.034248163013770906
asthma_v2_asthma_P34WheezingIU_170.wav,0,2,0,0,0.9201008432536111,0.041402060930526834,0.0014930311445387598,0.0006786685280271488,0.0363253961432962
asthma_v2_asthma_P34WheezingRL_167.wav,0,2,0,0,0.9633890839131535,0.012201678734317739,0.0017281389026201895,0.0008289098837738754,0.021852188566134793
asthma_v2_asthma_P35WheezingRL_171.wav,0,2,0,0,0.9252517171991533,0.0104356639454521,0.0027357164540657833,0.002969714488206954,0.05860718791312183
asthma_v2_asthma_P35WheezingRL_175.wav,0,2,0,0,0.6039313821992836,0.23865769174312082,0.0721513379260771,0.011153150390997213,0.07410643774052139
asthma_v2_asthma_P36WheezingIU_178.wav,0,2,0,0,0.9243801127184339,0.0009532968260383895,0.011690596423076793,0.00025737410765083583,0.06271861992479984
asthma_v2_asthma_P37WheezingRS_184.wav,0,2,0,0,0.6684746057870917,0.28355535280469907,0.005253308219475713,0.002253523986903877,0.04046320920182956
asthma_v2_asthma_P39WheezingIU_194.wav,0,2,0,0,0.6214123236634804,0.3338318386830216,0.018953066175975832,0.000581312691681589,0.025221458785840735
asthma_v2_asthma_P39WheezingRL_191.wav,0,2,0,0,0.687192920960952,0.013808072690217898,0.045270064037025964,0.0006291055297492769,0.25309983678205494
asthma_v2_asthma_P3AsthmaIE_13.wav,0,2,0,0,0.9536231550423162,0.01681573522832169,0.004247336224368713,0.002367239858492817,0.02294653364650027
asthma_v2_asthma_P40WheezingRS_196.wav,0,2,0,0,0.8846793302180695,0.0694030585248094,0.03264142255559371,0.0010205042021272153,0.012255684499399967
asthma_v2_asthma_P41WheezingIU_202.wav,0,2,0,0,0.9604188827875397,0.0007139622723731872,0.012096730072069416,0.00034399785753200463,0.026426427010485743
asthma_v2_asthma_P41WheezingRS_204.wav,0,2,0,0,0.75622216542946,0.01213761218860966,0.041357855135289744,0.0007829862413939026,0.18949938100524696
asthma_v2_asthma_P42WheezingIE_209.wav,0,2,0,0,0.7178870359055394,0.004922484571830761,0.2595693631107082,0.0014213248096262697,0.01619979160229534
asthma_v2_asthma_P44WheezingRL_219.wav,0,2,0,0,0.6703046889765756,0.005418719909547956,0.28906125760556445,0.0024760108203908575,0.03273932268792121
asthma_v2_asthma_P45WheezingIE_221.wav,0,2,0,0,0.7445461681660298,0.20451024268650211,0.022462235392699828,0.0026778684309004394,0.02580348532386766
asthma_v2_asthma_P47WheezingRS_232.wav,0,2,0,0,0.9624002221762333,0.0005182615721834337,0.023560162184682893,0.0002142965928020081,0.013307057474098431
asthma_v2_asthma_P48WheezingIU_238.wav,0,2,0,0,0.9288401335951332,0.008021539221898083,0.02339636359227425,0.0027944626143143413,0.03694750097638002
asthma_v2_asthma_P48WheezingRS_240.wav,0,2,0,0,0.847049061606982,0.00640356724928268,0.03086591340670099,0.0012475428299888933,0.11443391490704533
asthma_v2_asthma_P49WheezingIE_241.wav,0,2,0,0,0.680180167142728,0.02819288098919753,0.007353580405282728,0.002541144821266361,0.28173222664152536
asthma_v2_asthma_P4AsthmaIU_18.wav,0,2,0,0,0.9081626112186372,0.06365857867630076,0.0024161038857850813,0.0003888087605961447,0.025373897458681034
asthma_v2_asthma_P4AsthmaRL_19.wav,0,2,0,0,0.9449260528371803,0.031818550160735454,0.0011733727937065781,0.0002832077466381817,0.02179881646173938
asthma_v2_asthma_P4AsthmaRS_16.wav,0,2,0,0,0.9136896629153957,0.04138202566800832,0.0031485721727522375,0.00046984184321130376,0.041309897400632525
asthma_v2_asthma_P50WheezingRL_247.wav,0,2,0,0,0.9419601610857269,0.006889109006030851,0.014394664202009848,0.0035748539788593376,0.033181211727372636
asthma_v2_asthma_P51WheezingIU_254.wav,0,2,0,0,0.8305119402749823,0.04446670641696759,0.024186732128830293,0.0011335689409989462,0.09970105223822066
asthma_v2_asthma_P53WheezingIE_261.wav,0,2,0,0,0.8134137880357055,0.05479999341094613,0.030691963628451675,0.001425042235692348,0.09966921268920427
asthma_v2_asthma_P55WheezingRL_275.wav,0,2,0,0,0.8259668378937473,0.01543655574370663,0.010905342885469339,0.013487029326057493,0.13420423415101917
asthma_v2_asthma_P57WheezingRL_283.wav,0,2,0,4,0.16324053909970318,0.0025668151020986707,0.001572260178077987,0.0009201254144944713,0.8317002602056255
asthma_v2_asthma_P7AsthmaIE_33.wav,0,2,0,0,0.9353088880995911,0.02577796716839187,0.009967525372600938,0.001926337443965674,0.02701928191545058
asthma_v2_asthma_P7AsthmaRL_35.wav,0,2,0,0,0.9394211951407702,0.016119774985011753,0.0014648899957144515,0.0018561448624626895,0.041137995016040936
asthma_v2_asthma_P8AsthmaRL_39.wav,0,2,0,0,0.8352906689971469,0.017990789340280127,0.051239316391610834,0.010481301827680855,0.0849979234432811
asthma_v2_copd_P10COPDPr_77.wav,0,2,2,0,0.41737277382101895,0.04190500059560084,0.3035838639664923,0.13274485127278718,0.10439351034410044
asthma_v2_copd_P10COPDPr_79.wav,0,2,2,0,0.7338015314745708,0.15080770988115666,0.07817981566321534,0.0024548456807764944,0.034756097300280606
asthma_v2_copd_P11COPDPr_87.wav,0,2,2,2,0.00030117422158241266,0.0013382892928040589,0.998025900542436,0.00024890255516252,8.573338801507291e-05
asthma_v2_copd_P12COPDMc_96.wav,0,2,2,2,7.935979287346236e-08,1.6346739057921844e-07,0.999863174064576,5.301335785768972e-05,8.356975038272197e-05
asthma_v2_copd_P12COPDPr_89.wav,0,2,2,2,7.203632094842464e-07,5.281372593124734e-07,0.9999548468125286,1.9265778466092745e-05,2.463890853653986e-05
asthma_v2_copd_P12COPDPr_93.wav,0,2,2,2,0.0027028379864108675,0.006859675694491802,0.9902582435084311,8.474501372421919e-05,9.449779694234733e-05
asthma_v2_copd_P13COPDMc_104.wav,0,2,2,2,0.0006241194052989817,0.0006266483600552303,0.9976564930580795,6.059757193325635e-05,0.0010321416046330109
asthma_v2_copd_P13COPDPr_101.wav,0,2,2,2,0.0023418365156622958,0.002658155118585343,0.994021399539999,1.7323338402965633e-05,0.0009612854873506781
asthma_v2_copd_P14COPDPr_105.wav,0,2,2,2,2.951766388700695e-07,4.2225566437560894e-07,0.99937876092594,6.165987286921095e-06,0.0006143556544698271
asthma_v2_copd_P14COPDPr_109.wav,0,2,2,2,0.002760363806877448,0.0069628453752504415,0.9868655399538253,0.00021128123845915657,0.0031999696255878944
asthma_v2_copd_P15COPDMc_118.wav,0,2,2,0,0.7427653797810958,0.0015743943514798728,0.25025788050835857,0.0004208118741126076,0.0049815334849532865
asthma_v2_copd_P16COPDMc_124.wav,0,2,2,2,5.006544879603125e-10,3.0429665727963435e-10,0.9999803997460787,4.8601830286757683e-08,1.9550847139812374e-05
asthma_v2_copd_P16COPDMc_126.wav,0,2,2,2,1.8999747301219312e-08,1.2327485209131254e-08,0.9998795697825928,8.692558530358474e-08,0.00012031196458917838
asthma_v2_copd_P18COPDMc_144.wav,0,2,2,2,9.907623622749994e-07,2.2412877206284213e-06,0.9988287354884542,0.000101488533267095,0.001066543928195838
asthma_v2_copd_P19COPDMc_148.wav,0,2,2,2,0.009399709862454605,0.010718136225822756,0.9751839151344759,0.00044917623816397153,0.004249062539082621
asthma_v2_copd_P19COPDMc_150.wav,0,2,2,2,0.025767552802433952,0.002295123650919589,0.9285153748772398,0.0004064404621299674,0.043015508207276724
asthma_v2_copd_P1COPDMc_2.wav,0,2,2,0,0.7958969118224867,0.006461110712252928,0.12035173631899826,0.014188192567531241,0.06310204857873093
asthma_v2_copd_P20COPDMc_158.wav,0,2,2,2,2.403462376667361e-07,1.1231621430067084e-07,0.9996611753545425,3.723199844720749e-06,0.0003347487831609418
asthma_v2_copd_P20COPDMc_160.wav,0,2,2,2,0.0009254044021322066,7.173772858257961e-05,0.9979934972904273,0.00022766346791135503,0.0007816971109464501
asthma_v2_copd_P21COPDMc_162.wav,0,2,2,2,0.0016410315303962758,0.0028892863385231063,0.9924476549349374,0.0003478975366658327,0.0026741296594774977
asthma_v2_copd_P21COPDMc_164.wav,0,2,2,2,0.012374244142390882,0.010552576367468505,0.9724357999161451,0.0003449825909133021,0.004292396983082216
asthma_v2_copd_P22COPDPr_171.wav,0,2,2,2,1.8625810359911748e-05,1.2715588245504786e-05,0.994143566518629,0.0035589065252115133,0.0022661855575541114
asthma_v2_copd_P23COPDPr_179.wav,0,2,2,2,4.3813461737309285e-07,3.8759220566232603e-07,0.9995495598546348,4.109321589104773e-05,0.0004085212026512097
asthma_v2_copd_P24COPDPr_189.wav,0,2,2,2,0.00493937338917882,0.0011620709360497749,0.9637061788270586,0.013756029677671321,0.01643634717004145
asthma_v2_copd_P25COPDMc_196.wav,0,2,2,2,0.0005691042136915269,0.005719774650408218,0.9872802182918858,0.004116573204848707,0.002314329639165405
asthma_v2_copd_P25COPDPr_199.wav,0,2,2,2,1.8523356723604138e-06,1.4671020796457243e-06,0.9984219544146903,0.0009700511449846344,0.0006046750025730392
asthma_v2_copd_P26COPDMc_208.wav,0,2,2,2,0.0020148962124916015,0.002750860548430271,0.9920568683602337,0.0003225223459411978,0.002854852532903288
asthma_v2_copd_P27COPDMc_210.wav,0,2,2,2,0.0010079574686970801,0.00020619760461003424,0.996801832365285,0.00045361256627202454,0.001530399995136119
asthma_v2_copd_P28COPDMc_222.wav,0,2,2,2,1.6809785711494098e-07,2.7657033859734336e-07,0.9997936159355786,3.0216753640884004e-06,0.00020291772086160695
asthma_v2_copd_P28COPDPr_219.wav,0,2,2,2,0.004217687786763187,0.0014378289322617486,0.9885116074134837,0.0019302971892784062,0.003902578678213201
asthma_v2_copd_P29COPDMc_230.wav,0,2,2,2,9.181473004990199e-08,7.193351855021202e-08,0.9996539728140196,9.032889518335005e-06,0.00033683054821349287
asthma_v2_copd_P29COPDMc_232.wav,0,2,2,2,6.31834264493709e-08,4.32000509225987e-08,0.9996805217950817,2.4893169082657754e-05,0.00029447865235825724
asthma_v2_copd_P2COPDMc_12.wav,0,2,2,2,0.1963875173363059,0.0026119812652707925,0.7912023753774753,0.001431853620205682,0.008366272400742662
asthma_v2_copd_P2COPDPr_15.wav,0,2,2,2,0.017879212118949713,0.0008927865296354901,0.9803300717157374,0.00036506531893089393,0.0005328643167465104
asthma_v2_copd_P31COPDMc_244.wav,0,2,2,2,0.008462087219195646,0.00152811785327806,0.962296980410939,0.021301304313335476,0.006411510203251838
asthma_v2_copd_P31COPDMc_248.wav,0,2,2,2,0.2749930879341005,0.0032800534711370905,0.7162470017784406,0.0005446475298270996,0.004935209286494906
asthma_v2_copd_P32COPDMc_250.wav,0,2,2,2,0.10141723767558139,0.01951268790455813,0.8633494856324538,0.0036250134603616224,0.012095575327044928
asthma_v2_copd_P32COPDPr_255.wav,0,2,2,2,0.05509866380578781,0.0009543018274079285,0.9431328923625772,0.00012258826768365245,0.0006915537365436046
asthma_v2_copd_P36COPDPr_281.wav,0,2,2,2,5.778959257694403e-07,4.485589045857295e-07,0.9990064841337514,0.00034307519880661356,0.0006494142126117203
asthma_v2_copd_P36COPDPr_283.wav,0,2,2,2,0.012373110471620149,0.012873278765423457,0.8636336932384971,0.012282789266004252,0.09883712825845564
asthma_v2_copd_P36COPDPr_287.wav,0,2,2,2,0.00019463377471834806,0.0027331077209631904,0.9913139847190358,0.0030175729549926727,0.002740700830289954
asthma_v2_copd_P37COPDMc_290.wav,0,2,2,2,0.0007214858455952186,0.004000986697222458,0.9939041112171078,0.0003448265268664339,0.0010285897132082812
asthma_v2_copd_P37COPDPr_293.wav,0,2,2,2,0.005319638212954765,0.00024935195629054787,0.9928702714055798,4.211480612927213e-05,0.00151862361904556
asthma_v2_copd_P38COPDMc_300.wav,0,2,2,2,0.00668804715354334,0.0003155768794482034,0.9896633380283668,7.832736844868626e-05,0.0032547105701927893
asthma_v2_copd_P39COPDMc_306.wav,0,2,2,2,0.00210182447402316,0.01127500690845697,0.9717999461743699,0.00021257220550208828,0.01461065023764766
asthma_v2_copd_P39COPDPr_309.wav,0,2,2,2,0.00019170216118931822,0.004439763837970196,0.9935561650364253,0.00011929638731854546,0.0016930725770967834
asthma_v2_copd_P3COPDMc_20.wav,0,2,2,2,0.019966848593412183,0.0027125528569216448,0.9767291670723198,9.166797647964519e-05,0.0004997635008670054
asthma_v2_copd_P3COPDMc_24.wav,0,2,2,2,8.713542362041895e-05,0.0004811030726565006,0.9974433374243472,0.0011516463298886404,0.0008367777494874067
asthma_v2_copd_P3COPDPr_21.wav,0,2,2,2,0.006387512815219462,0.0008149006224770368,0.9923345288916052,0.00027179784934066236,0.00019125982135768813
asthma_v2_copd_P3COPDPr_23.wav,0,2,2,2,0.049397758223996543,0.0015138944969661926,0.947808560732915,0.00031102857730779974,0.0009687579688147117
asthma_v2_copd_P40COPDMc_318.wav,0,2,2,0,0.36433983574464957,0.0798544080102411,0.3904017946723533,0.0025895550746890205,0.1628144064980669
asthma_v2_copd_P40COPDPr_313.wav,0,2,2,2,0.0035186968756496045,0.054150802698656415,0.9285878971057374,0.005210324295501902,0.008532279024454878
asthma_v2_copd_P40COPDPr_315.wav,0,2,2,2,1.3194396834458054e-10,1.1674562092489103e-10,0.9999886966657837,7.331303301224017e-07,1.0569955196672526e-05
asthma_v2_copd_P41COPDPr_325.wav,0,2,2,2,0.00041055641578131424,0.0010499206374248084,0.9979833490113218,0.000199466707040983,0.0003567072284310682
asthma_v2_copd_P42COPDMc_332.wav,0,2,2,2,1.1640190868590754e-08,8.900602075541327e-09,0.999889449668419,2.698664830635016e-05,8.354314248172485e-05
asthma_v2_copd_P42COPDPr_329.wav,0,2,2,2,0.000641527002165011,0.004558674583232045,0.9842619643671244,0.0014028804624597394,0.00913495358501857
asthma_v2_copd_P42COPDPr_335.wav,0,2,2,2,1.2102023590687823e-05,8.64017218211826e-06,0.9955409697048895,0.0006402512334056399,0.0037980368659320716
asthma_v2_copd_P43COPDMc_340.wav,0,2,2,2,6.560119702574376e-08,5.18124053466506e-08,0.9996710978212761,2.5960450692313426e-07,0.000328525160614829
asthma_v2_copd_P43COPDMc_342.wav,0,2,2,2,2.8294626146391228e-08,1.5706153980800537e-08,0.9998298543383934,4.964202046004246e-07,0.0001696052406219023
asthma_v2_copd_P43COPDPr_337.wav,0,2,2,2,0.0026972747908330778,0.004334803784396668,0.9913191013982874,0.0001828954551069175,0.0014659245713758257
asthma_v2_copd_P43COPDPr_343.wav,0,2,2,2,1.279233464776606e-09,2.722352417977284e-09,0.9999896005970931,5.850463432732853e-07,9.810354977839831e-06
asthma_v2_copd_P44COPDMc_346.wav,0,2,2,2,0.005427574428187441,0.0007889508718418678,0.917697649148036,0.0019867814146888835,0.07409904413724568
asthma_v2_copd_P44COPDMc_348.wav,0,2,2,2,0.00665346140600384,0.0008969433853904921,0.8890796719480129,0.003160867428481292,0.10020905583211147
asthma_v2_copd_P44COPDPr_345.wav,0,2,2,2,1.4120668587197065e-07,1.7482342235386408e-07,0.9996003349025854,3.030558249837882e-06,0.00039631850905671496
asthma_v2_copd_P45COPDPr_353.wav,0,2,2,2,5.404735336764118e-05,3.717373202342014e-05,0.988966259689586,0.0020434583560246227,0.008899060868998417
asthma_v2_copd_P45COPDPr_359.wav,0,2,2,2,0.01056780225281394,0.0004663094534410736,0.9005436686629211,0.035818703011468576,0.05260351661935516
asthma_v2_copd_P46COPDPr_363.wav,0,2,2,2,0.0025335309586968155,0.00016627903503698584,0.9906826842948854,0.000147483217936853,0.006470022493444278
asthma_v2_copd_P47COPDMc_372.wav,0,2,2,2,0.00973178471027353,0.0032086692980917045,0.982020953567501,0.0007805193718007864,0.004258073052333065
asthma_v2_copd_P47COPDMc_374.wav,0,2,2,2,0.0005245920789187702,0.08653773667010703,0.8899321329319064,0.018695672880508066,0.0043098654385596985
asthma_v2_copd_P48COPDMc_380.wav,0,2,2,2,0.047002350589745195,0.09268441800312406,0.8395529781829059,0.00466920796172119,0.016091045262503482
asthma_v2_copd_P48COPDMc_382.wav,0,2,2,2,0.0004788799588090535,0.0024507327007358957,0.9943687566291292,0.0006456005316830301,0.0020560301796431037
asthma_v2_copd_P48COPDPr_377.wav,0,2,2,2,0.00030738815839894025,0.007589036039650913,0.9874835031610315,0.0026954415300925938,0.001924631110826453
asthma_v2_copd_P49COPDMc_386.wav,0,2,2,2,2.09287754991934e-05,0.001356221780627913,0.9969784125948915,0.0008632239366635839,0.0007812129123177489
asthma_v2_copd_P49COPDPr_389.wav,0,2,2,2,2.2400482406447212e-05,0.00116276615073611,0.9971360514274208,0.0011799010852587173,0.0004988808541779547
asthma_v2_copd_P4COPDMc_32.wav,0,2,2,2,0.042062089082201645,0.0005502606628382233,0.9433625871453315,0.002769852242007259,0.011255210867621336
asthma_v2_copd_P4COPDPr_27.wav,0,2,2,2,5.992610477278872e-09,5.085025730432309e-09,0.9999388668275521,1.5232371222997007e-06,5.959885768947882e-05
asthma_v2_copd_P4COPDPr_29.wav,0,2,2,2,6.361656864443466e-07,6.155959934119794e-07,0.9998800676964583,1.8084758249052759e-06,0.00011687206603688093
asthma_v2_copd_P6COPDPr_41.wav,0,2,2,2,0.0011955510387894712,0.00014812812377460672,0.996860084124953,0.000263371964761371,0.0015328647477216607
asthma_v2_copd_P6COPDPr_45.wav,0,2,2,2,0.003318245330765224,0.00034260899463574095,0.964638462009859,0.0031411284334828845,0.028559555231257236
asthma_v2_copd_P7COPDPr_55.wav,0,2,2,1,0.01539949070383472,0.2930174502661586,0.5150109923777213,0.15969808095519594,0.016873985697089415
asthma_v2_copd_P9COPDPr_65.wav,0,2,2,2,2.2976321909153015e-09,1.2508734794112892e-09,0.9999794306635125,4.228178389132299e-08,2.0523506197767605e-05
asthma_v2_healthy_P12Healthy98S.wav,0,2,3,3,0.01787176218933713,0.045703301786028314,0.028804350983885788,0.8722916029140589,0.03532898212668987
asthma_v2_healthy_P13Healthy53S.wav,0,2,3,3,0.059716036140890286,0.19130515545817917,0.10941905318514787,0.5912398523279314,0.04831990288785143
asthma_v2_healthy_P14Healthy47S.wav,0,2,3,3,0.06899220496250895,0.0943951818312486,0.1905030019330148,0.5976900983521936,0.0484195129210338
asthma_v2_healthy_P14Healthy53S.wav,0,2,3,3,0.009947136902855062,0.025618891146413632,0.02448483942048614,0.9239052429050942,0.016043889625150926
asthma_v2_healthy_P15Healthy14S.wav,0,2,3,3,0.02475400715718085,0.21480461456258343,0.022723990141049408,0.5547447953988236,0.1829725927403631
asthma_v2_healthy_P16Healthy18S.wav,0,2,3,3,0.05110947227202406,0.013304054282287103,0.00683027664924088,0.5761801089147351,0.35257608788171296
asthma_v2_healthy_P16Healthy19S.wav,0,2,3,3,0.04369204678115167,0.009963962547062326,0.0021838900620103656,0.44180756886543227,0.5023525317443435
asthma_v2_healthy_P19Healthy50S.wav,0,2,3,3,0.015024605240544914,0.012320910022477743,0.0007369379114025653,0.9483904826768227,0.023527064148751706
asthma_v2_healthy_P20Healthy31S.wav,0,2,3,3,0.0016083380787152597,0.00022240126582221472,0.0002325223426261922,0.9583430891870496,0.03959364912578688
asthma_v2_healthy_P21Healthy15S.wav,0,2,3,3,0.014622194526374366,0.0011855259796462886,0.004454352809652171,0.9060562366967432,0.07368168998758394
asthma_v2_healthy_P21Healthy95S.wav,0,2,3,3,0.05019768864885753,0.010791599716447716,0.0010347766759469812,0.8997079926152272,0.03826794234352074
asthma_v2_healthy_P22Healthy45S.wav,0,2,3,3,0.006776733667027663,0.00033656745588403643,0.002992967283047179,0.9371247514639871,0.05276898013005413
asthma_v2_healthy_P24Healthy62S.wav,0,2,3,3,0.007157367974485989,0.0076531893591328904,0.13752643343795426,0.793740511471988,0.05392249775643899
asthma_v2_healthy_P25Healthy42S.wav,0,2,3,3,0.11281439510796683,0.016346269176965647,0.02788572010057057,0.5990084831916954,0.2439451324228016
asthma_v2_healthy_P25Healthy72S.wav,0,2,3,3,0.21215918520239957,0.017824455477771044,0.07477367505713767,0.36535463461142764,0.32988804965126434
asthma_v2_healthy_P25Healthy97S.wav,0,2,3,3,0.10464304566025677,0.30277854064789034,0.02252943411594697,0.5164310673050647,0.053617912270841825
asthma_v2_healthy_P26Healthy48S.wav,0,2,3,0,0.32231276538840214,0.22145802685256677,0.03816211641628135,0.1957244970128677,0.22234259432988218
asthma_v2_healthy_P4Healthy22S.wav,0,2,3,1,0.04230937043600499,0.5717324746352644,0.10699858733202304,0.11307096160956152,0.1658886059871464
asthma_v2_healthy_P5Healthy57S.wav,0,2,3,3,0.011740178516561077,0.0029125835417494837,0.002775706015186606,0.87392640006364,0.10864513186286286
asthma_v2_healthy_P6Healthy51S.wav,0,2,3,4,0.28419533804441083,0.0716520611997618,0.035996387216507546,0.08116111569765835,0.5269950978416618
asthma_v2_healthy_P7Healthy39S.wav,0,2,3,3,0.012838195249355562,0.07263814557602133,0.05002405434504395,0.8454060377698012,0.019093567059778212
asthma_v2_healthy_P7Healthy84S.wav,0,2,3,3,0.15227227321143566,0.007787743301402432,0.12551515207242114,0.43674949097014404,0.27767534044459696
asthma_v2_healthy_P8Healthy35S.wav,0,2,3,3,0.05336561891028934,0.019432153143151266,0.031882015974961604,0.8798958192685559,0.015424392703041618
asthma_v2_healthy_P8Healthy82S.wav,0,2,3,3,0.019393631703786964,0.02215940883917784,0.012116641399865895,0.9243288445423832,0.02200147351478632
asthma_v2_healthy_P9Healthy22S.wav,0,2,3,3,0.003893915448838381,0.0020000846666753695,0.0014629180980342308,0.9876068212953593,0.005036260491092564
asthma_v2_healthy_P9Healthy29S.wav,0,2,3,3,0.15676959338203475,0.030962698709591067,0.002547611231062966,0.430960476128865,0.3787596205484463
asthma_v2_pneumonia_P10Pneumonia52A.wav,0,2,4,4,0.02503846686062493,0.006862197283330862,0.011211766634898443,0.008599027164996057,0.9482885420561498
asthma_v2_pneumonia_P10Pneumonia88R.wav,0,2,4,4,0.2196991026387424,0.011912849405647232,0.004103608391337368,0.0010001008959061375,0.763284338668367
asthma_v2_pneumonia_P11Pneumonia65P.wav,0,2,4,4,0.23551884656884012,0.14786508497355547,0.010245003355457043,0.003402819325551353,0.6029682457765962
asthma_v2_pneumonia_P12Pneumonia23P.wav,0,2,4,4,0.027096300252428755,0.018098926339479786,0.017081323705950436,0.01784960206570887,0.9198738476364321
asthma_v2_pneumonia_P13Pneumonia26N.wav,0,2,4,4,0.21029988151794413,0.05805454957816685,0.006210359007948309,0.006577653650225342,0.7188575562457152
asthma_v2_pneumonia_P13Pneumonia94T.wav,0,2,4,4,0.042755771141453715,0.04202426494794669,0.02530001047093945,0.03748141516615598,0.852438538273504
asthma_v2_pneumonia_P14Pneumonia22X.wav,0,2,4,3,0.02309371347837904,0.00186760383104053,0.001978870699298599,0.8012215056748261,0.1718383063164556
asthma_v2_pneumonia_P17Pneumonia63G.wav,0,2,4,4,0.16632338764378418,0.08958485688692668,0.004411535031139649,0.05976456345165951,0.6799156569864899
asthma_v2_pneumonia_P19Pneumonia75B.wav,0,2,4,4,0.10899938216170256,0.026806300545817133,0.001015264536210145,0.06853993694371487,0.7946391158125552
asthma_v2_pneumonia_P1Pneumonia97M.wav,0,2,4,4,0.08849020179360256,0.0025164373076930185,0.0007333193183488841,0.0015639219917537265,0.9066961195886017
asthma_v2_pneumonia_P20Pneumonia37V.wav,0,2,4,4,0.046029156608149956,0.025232096505479442,0.014650634629801824,0.16758449906714826,0.7465036131894208
asthma_v2_pneumonia_P20Pneumonia42B.wav,0,2,4,4,0.054077328999713584,0.00042136123633306014,0.0017736757193727046,0.028476216338632197,0.9152514177059482
asthma_v2_pneumonia_P21Pneumonia12C.wav,0,2,4,4,0.04523632163462352,0.05254447539790861,0.05613881822526348,0.02026719548056035,0.8258131892616438
asthma_v2_pneumonia_P21Pneumonia78P.wav,0,2,4,4,0.0982063578076163,0.0010266006806911362,0.0002819430531880501,0.0006291663937447667,0.8998559320647597
asthma_v2_pneumonia_P22Pneumonia29K.wav,0,2,4,4,0.3402872263425044,0.0024849321366955004,0.0006514817171019927,0.0013919099205123725,0.6551844498831856
asthma_v2_pneumonia_P23Pneumonia40O.wav,0,2,4,4,0.1182522227544059,0.007884355907259085,0.02936475242588325,0.0023519468183776115,0.8421467220940742
asthma_v2_pneumonia_P24Pneumonia21G.wav,0,2,4,3,0.05168817109630956,0.1981192565704354,0.07388353748225562,0.38126512993230066,0.2950439049186984
asthma_v2_pneumonia_P24Pneumonia91X.wav,0,2,4,4,0.1300842213199117,0.01884676763414208,0.04534382029363306,0.016058816387606784,0.7896663743647062
asthma_v2_pneumonia_P25Pneumonia11Z.wav,0,2,4,3,0.10534148523512286,0.10669429322480031,0.08560310854392399,0.3658125671528291,0.33654854584332355
asthma_v2_pneumonia_P25Pneumonia42V.wav,0,2,4,3,0.0285940777677461,0.034239787174309824,0.011185018686965144,0.861867914310894,0.06411320206008507
asthma_v2_pneumonia_P27Pneumonia62C.wav,0,2,4,4,0.09925329172614071,0.01529720385934127,0.005786487591145914,0.003606571002974977,0.8760564458203971
asthma_v2_pneumonia_P27Pneumonia77J.wav,0,2,4,4,0.03912218223000972,0.0050373002486574,0.10429905256609953,0.0005789559831657388,0.8509625089720677
asthma_v2_pneumonia_P28Pneumonia56Y.wav,0,2,4,4,0.0432186681385018,0.04200850566626811,0.0036923390308039074,0.02100657595513238,0.8900739112092937
asthma_v2_pneumonia_P28Pneumonia71A.wav,0,2,4,4,0.02410943260869612,0.003831317823670663,0.0010289891757970608,0.000922723422930112,0.9701075369689058
asthma_v2_pneumonia_P29Pneumonia82U.wav,0,2,4,4,0.04110811749942223,0.011016764001475464,0.0008972334560695553,0.014764877115322893,0.93221300792771
asthma_v2_pneumonia_P2Pneumonia82A.wav,0,2,4,4,0.03175190133583239,0.016812107713280008,0.00017099575602528322,0.0076087510154549095,0.9436562441794071
asthma_v2_pneumonia_P32Pneumonia66M.wav,0,2,4,4,0.04878969600495811,0.006046425931151723,0.00024950108671218096,0.018021773550914857,0.9268926034262635
asthma_v2_pneumonia_P32Pneumonia69E.wav,0,2,4,4,0.024908336314138347,0.013434407944613447,0.003631827303677121,0.0021740728893220825,0.9558513555482491
asthma_v2_pneumonia_P33Pneumonia74T.wav,0,2,4,4,0.02166584010356678,0.003854098248782858,0.00020493214348238844,0.0005437185665232705,0.9737314109376449
asthma_v2_pneumonia_P33Pneumonia94P.wav,0,2,4,4,0.031793588487627374,0.005352058818503231,0.0002813611727944531,0.000581926923188015,0.9619910645978871
asthma_v2_pneumonia_P34Pneumonia66M.wav,0,2,4,4,0.08185605311410799,0.011870682589222458,0.000945755295065531,0.017393158524135498,0.8879343504774685
asthma_v2_pneumonia_P34Pneumonia77O.wav,0,2,4,4,0.0257432033623874,0.011116935958145837,0.0003527568775575486,0.009182326628347028,0.9536047771735623
asthma_v2_pneumonia_P35Pneumonia46U.wav,0,2,4,4,0.048005305624467684,0.0023352773886126566,0.00223021880040253,0.0008219056450647557,0.9466072925414521
asthma_v2_pneumonia_P36Pneumonia56V.wav,0,2,4,0,0.9190856954468285,0.023314573626697536,0.0013681080190640043,0.002985197640144827,0.053246425267265085
asthma_v2_pneumonia_P36Pneumonia85U.wav,0,2,4,4,0.0069786564643524295,0.0025105111779653855,0.0009924045975322308,0.0002651268392151353,0.989253300920935
asthma_v2_pneumonia_P37Pneumonia44I.wav,0,2,4,4,0.41656081059831235,0.012977071536814624,0.004101992763713874,0.016108096484440965,0.550252028616718
asthma_v2_pneumonia_P39Pneumonia41F.wav,0,2,4,4,0.1505238645328496,0.038720568305946314,0.034000362820915994,0.005199048378990413,0.771556155961298
asthma_v2_pneumonia_P3Pneumonia61R.wav,0,2,4,4,0.025207415774178975,0.0031686042133185635,0.18509551647161093,0.09869241576471065,0.687836047776181
asthma_v2_pneumonia_P40Pneumonia69N.wav,0,2,4,4,0.05440987945341662,0.0019107486028358042,0.0005864932088290144,0.0012914243568944931,0.9418014543780239
asthma_v2_pneumonia_P40Pneumonia90Y.wav,0,2,4,0,0.7851873484415623,0.028280222901465864,0.009665654481378159,0.0032246251433536346,0.17364214903224
asthma_v2_pneumonia_P41Pneumonia25E.wav,0,2,4,2,0.04274109401404336,0.006562616928464612,0.9169328939204442,0.0007872996436001983,0.03297609549344767
asthma_v2_pneumonia_P42Pneumonia63L.wav,0,2,4,0,0.7894329447598937,0.000868432513258888,0.01757975622944586,0.0016270557403252211,0.19049181075707664
asthma_v2_pneumonia_P42Pneumonia67F.wav,0,2,4,0,0.8033406854391063,0.0360461865424448,0.0654155372065229,0.005772169652165926,0.0894254211597602
asthma_v2_pneumonia_P44Pneumonia47J.wav,0,2,4,4,0.09936864814005866,0.01278175165547244,0.009447035130996527,0.008866486630327419,0.8695360784431447
asthma_v2_pneumonia_P44Pneumonia49B.wav,0,2,4,4,0.07481375637282797,0.01103217225193279,0.01589876333958647,0.007048686211858832,0.8912066218237941
asthma_v2_pneumonia_P45Pneumonia51F.wav,0,2,4,4,0.0449702947051808,0.0026404812708769442,0.009442128918211968,0.05920459353234241,0.8837425015733877
asthma_v2_pneumonia_P46Pneumonia99Y.wav,0,2,4,4,0.13690767282620558,0.005634233094373487,0.10691119555057388,0.07042864094313261,0.6801182575857144
asthma_v2_pneumonia_P47Pneumonia24N.wav,0,2,4,4,0.056072772259795095,0.0011515259271117997,0.020228173204055355,0.001325615786243805,0.921221912822794
asthma_v2_pneumonia_P48Pneumonia31K.wav,0,2,4,3,0.012240462840188551,0.012213407416367892,0.29219012626600577,0.4498806120757259,0.2334753914017119
asthma_v2_pneumonia_P48Pneumonia61T.wav,0,2,4,4,0.01406279989527208,0.00986984876394778,0.14505178448248496,0.17476837117196997,0.6562471956863255
asthma_v2_pneumonia_P4Pneumonia17R.wav,0,2,4,4,0.020241817264629237,0.00410116502506535,0.20663039852678558,0.10748461789754286,0.6615420012859771
asthma_v2_pneumonia_P4Pneumonia27H.wav,0,2,4,4,0.03972305129480647,0.003306247516243716,0.0374223482064573,0.025549315879277598,0.8939990371032146
asthma_v2_pneumonia_P5Pneumonia20K.wav,0,2,4,4,0.026677153370434765,0.0039228415225739215,0.05949598241786515,0.014443277303695125,0.895460745385431
asthma_v2_pneumonia_P7Pneumonia76F.wav,0,2,4,4,0.03590206303985533,0.009989290472739927,0.5878522668124025,0.014750998753830494,0.35150538092117156
asthma_v2_pneumonia_P8Pneumonia11O.wav,0,2,4,4,0.40109503345291103,0.011957869661248151,0.004065819924076913,0.014498476884455566,0.5683828000773087
asthma_v2_pneumonia_P8Pneumonia23N.wav,0,2,4,4,0.40050884941869014,0.003967012408528124,0.009609534828070376,0.06832041841380566,0.5175941849309057
asthma_v2_pneumonia_P9Pneumonia74S.wav,0,2,4,0,0.6076584024881801,0.017201312587902657,0.007723175818701622,0.0004827907833809552,0.3669343183218348
asthma_v2_Bronchial_P12BronchialSc_56.wav,0,3,1,0,0.9234206155100615,0.05315334562819395,0.0008425880046188554,0.00023506564068646567,0.022348385216439375
asthma_v2_Bronchial_P14BronchialSc_68.wav,0,3,1,0,0.40505563655306853,0.008220523101403362,0.5738460852693875,0.0006616659216860072,0.012216089154454542
asthma_v2_Bronchial_P14BronchialTc_67.wav,0,3,1,0,0.4256419345831485,0.46733236674922113,0.08053636284464687,0.003904085374942011,0.022585250448041418
asthma_v2_Bronchial_P14BronchialTc_69.wav,0,3,1,0,0.7211174789748815,0.18360893142846088,0.03860124009062806,0.00492601267902593,0.05174633682700364
asthma_v2_Bronchial_P15BronchialSc_72.wav,0,3,1,1,0.0009504294600957293,0.9979134761873026,0.0003512548801426094,0.0006115348120334765,0.00017330466042559065
asthma_v2_Bronchial_P15BronchialTc_75.wav,0,3,1,1,0.006195113976785223,0.9442164442833817,0.04724927835063877,0.0004436668849272706,0.0018954965042668965
asthma_v2_Bronchial_P16BronchialSc_76.wav,0,3,1,1,0.0029560074029753,0.9912876093079075,0.00384677506395909,0.0001078607814854168,0.0018017474436728747
asthma_v2_Bronchial_P16BronchialTc_77.wav,0,3,1,1,0.0019300327690702974,0.9942928279516847,0.0011694332940410685,0.0003203446446034916,0.002287361340600433
asthma_v2_Bronchial_P18BronchialTc_87.wav,0,3,1,1,0.0004285715499755751,0.9990422995470387,0.0002865222888549375,0.00017840191406646153,6.420470006461356e-05
asthma_v2_Bronchial_P2BronchialSc_6.wav,0,3,1,1,0.015442983034595206,0.957335020603607,0.020482278863699688,0.002579604897531212,0.004160112600566667
asthma_v2_Bronchial_P2BronchialTc_7.wav,0,3,1,1,0.09558782133892449,0.8058106283428195,0.033112652320444025,0.029404043128148115,0.03608485486966372
asthma_v2_Bronchial_P3BronchialTc_13.wav,0,3,1,1,0.005654799884976071,0.989136943889832,0.0031027121464669246,0.0008294116679973577,0.0012761324107275539
asthma_v2_Bronchial_P4BronchialTc_19.wav,0,3,1,3,0.049438541665038374,0.2145531295664436,0.06520498168896643,0.5407157697643655,0.13008757731518603
asthma_v2_Bronchial_P5BronchialTc_21.wav,0,3,1,1,0.0004872679254566632,0.9926639703934746,0.00030607447096618216,0.006002995369326332,0.0005396918407758226
asthma_v2_Bronchial_P5BronchialTc_23.wav,0,3,1,1,0.002623980114431184,0.9878206119342796,0.005612935377570963,0.0017763392583424276,0.0021661333153755883
asthma_v2_Bronchial_P6BronchialSc_28.wav,0,3,1,1,0.001370358990495671,0.995413394194746,0.0009249921983143942,0.0015688327616538292,0.0007224218547901199
asthma_v2_Bronchial_P6BronchialTc_29.wav,0,3,1,1,0.01113028853222774,0.9353452338646382,0.013893443096653463,0.015455505164056698,0.02417552934242372
asthma_v2_Bronchial_P7BronchialTc_35.wav,0,3,1,1,0.0020993949458882307,0.9926053108122445,0.0016806158414672111,0.0017379411365099256,0.001876737263890194
asthma_v2_Bronchial_P8BronchialTc_37.wav,0,3,1,1,0.0145524120528875,0.953139914431055,0.00832646924026739,0.009360842696446905,0.014620361579343395
asthma_v2_Bronchial_P9BronchialSc_44.wav,0,3,1,1,0.001950953323163014,0.9936589227515947,0.0007883005038435201,0.002728540663234658,0.0008732827581642962
asthma_v2_Bronchial_P9BronchialTc_41.wav,0,3,1,1,0.0010997750920429615,0.990307303509818,0.00035149823480716883,0.007933869189597353,0.0003075539737341057
asthma_v2_asthma_P10AsthmaIU_46.wav,0,3,0,0,0.9432087429473975,0.03035796000421034,0.0022224505479417488,0.000354188411299229,0.023856658089151286
asthma_v2_asthma_P10AsthmaRS_48.wav,0,3,0,0,0.8979813383644953,0.054487025219228144,0.00973456859537898,0.0004563539414050306,0.03734071387949224
asthma_v2_asthma_P11WheezingRL_55.wav,0,3,0,0,0.6679703403308689,0.25247554754558205,0.028030365775689334,0.020841010059842006,0.03068273628801774
asthma_v2_asthma_P13WheezingRS_64.wav,0,3,0,0,0.9046887437765718,0.025517606635466254,0.022821778765918916,0.0007788634226591136,0.04619300739938409
asthma_v2_asthma_P14WheezingIU_70.wav,0,3,0,4,0.4235144938795726,0.009417078212349595,0.003413362625569657,0.014048651394057554,0.5496064138884507
asthma_v2_asthma_P15WheezingIU_74.wav,0,3,0,0,0.8339403276197738,0.014900046736706966,0.0038803315625785236,0.007655086339844874,0.1396242077410958
asthma_v2_asthma_P15WheezingRL_71.wav,0,3,0,0,0.5577536979479734,0.021636320597101084,0.008650744724830774,0.014039226126120902,0.39792001060397375
asthma_v2_asthma_P17WheezingRS_84.wav,0,3,0,0,0.9386941515461481,0.019031862181151084,0.005445186185879291,0.0017348741009826816,0.03509392598583871
asthma_v2_asthma_P19WheezingIE_93.wav,0,3,0,4,0.44975227129065554,0.027127317706489806,0.0008131285409488278,0.003126500072182052,0.5191807823897239
asthma_v2_asthma_P20WheezingIE_97.wav,0,3,0,0,0.3609572991027391,0.09562044218598886,0.39813298637092587,0.029355989096450617,0.11593328324389575
asthma_v2_asthma_P20WheezingRL_99.wav,0,3,0,0,0.6934417218147482,0.25313675304982,0.0021034749094242444,0.02676355673136305,0.02455449349464434
asthma_v2_asthma_P21WheezingIE_105.wav,0,3,0,0,0.5373704976157163,0.08129302396097743,0.23928733405505961,0.009768386519338179,0.13228075784890875
asthma_v2_asthma_P22WheezingIU_106.wav,0,3,0,0,0.7541280828717715,0.034957880921145996,0.004820865463496459,0.0003680483612415208,0.20572512238234456
asthma_v2_asthma_P23WheezingIE_113.wav,0,3,0,0,0.9475940250134699,0.00606207109920104,0.0066654984491843075,0.00017294747413220578,0.03950545796401258
asthma_v2_asthma_P23WheezingRS_112.wav,0,3,0,0,0.9646426151845919,0.015413834852497987,0.0015288351121870581,0.00019799757071214366,0.01821671728001094
asthma_v2_asthma_P24WheezingRL_119.wav,0,3,0,0,0.8345195450434615,0.007339931786316901,0.002973605175820283,0.0002084130593334801,0.15495850493506785
asthma_v2_asthma_P25WheezingIE_121.wav,0,3,0,0,0.7012209684886666,0.016790523210506954,0.21721654368828155,0.0018137948179907366,0.06295816979455415
asthma_v2_asthma_P25WheezingIU_122.wav,0,3,0,0,0.9162194479940579,0.002580947490344356,0.008856806700639031,0.0012097450739936976,0.07113305274096521
asthma_v2_asthma_P28WheezingIE_137.wav,0,3,0,0,0.5416322458316498,0.20291194346311398,0.0022851925553810663,0.2033322544628496,0.04983836368700577
asthma_v2_asthma_P28WheezingIU_138.wav,0,3,0,0,0.6655773050672958,0.25559272082711915,0.0029517416533867058,0.011716691600996875,0.06416154085120149
asthma_v2_asthma_P28WheezingRS_136.wav,0,3,0,0,0.7164967481086594,0.08673928706933119,0.009137250000037707,0.008931117648452395,0.17869559717351918
asthma_v2_asthma_P28WheezingRS_140.wav,0,3,0,0,0.7513885721767686,0.17585269754452207,0.0010782923477189287,0.033603037393502545,0.03807740053748767
asthma_v2_asthma_P29WheezingIE_141.wav,0,3,0,0,0.7549250251978175,0.00803942393051759,0.003835717513566688,0.001294380824726294,0.23190545253337178
asthma_v2_asthma_P29WheezingRS_144.wav,0,3,0,0,0.5342208271368766,0.0016216355309949745,0.007775069862729844,8.134183480984589e-05,0.4563011256345887
asthma_v2_asthma_P2AsthmaIU_10.wav,0,3,0,0,0.9076887292152482,0.05129941773861892,0.004045949083351959,0.005473444326758258,0.03149245963602305
asthma_v2_asthma_P31WheezingIU_154.wav,0,3,0,0,0.893137219618485,0.027042127621461076,0.009020743792832568,0.0045577269935208045,0.06624218197370052
asthma_v2_asthma_P33WheezingRL_163.wav,0,3,0,0,0.961498076704204,0.004242099325218128,0.011499523029866517,0.0003686816893632376,0.022391619251348267
asthma_v2_asthma_P37WheezingIE_181.wav,0,3,0,0,0.8130437016362734,0.0061067001359931565,0.11628004187820963,0.0011788458231093576,0.06339071052641441
asthma_v2_asthma_P38WheezingIE_189.wav,0,3,0,0,0.9029633148730813,0.010430001868350412,0.06817475131312803,0.0010184462910558245,0.017413485654384577
asthma_v2_asthma_P38WheezingRL_187.wav,0,3,0,0,0.7907176717906791,0.07773434794690808,0.04871225101512407,0.009697351165018348,0.0731383780822705
asthma_v2_asthma_P3AsthmaRL_15.wav,0,3,0,0,0.9500952110021376,0.007869276698773528,0.008891845526023224,0.0016947499553371197,0.03144891681772857
asthma_v2_asthma_P41WheezingIE_205.wav,0,3,0,0,0.9072504695159894,0.0027109397896468517,0.026329839075939505,0.001256800273483791,0.062451951344940596
asthma_v2_asthma_P41WheezingRL_203.wav,0,3,0,2,0.2389900766803724,0.00018775832735134308,0.7587327207488618,0.00010756083691315593,0.0019818834065013996
asthma_v2_asthma_P42WheezingIU_206.wav,0,3,0,2,0.20347696787117944,0.0018002071619684407,0.7774749880987386,0.008698375578428109,0.008549461289685468
asthma_v2_asthma_P42WheezingIU_210.wav,0,3,0,0,0.8227770458428464,0.008479988135392648,0.14862360281608877,0.005064629528316653,0.015054733677355287
asthma_v2_asthma_P44WheezingIU_218.wav,0,3,0,0,0.7955685859519326,0.010471448987743364,0.04641558997889741,0.002112217906670781,0.14543215717475566
asthma_v2_asthma_P46WheezingIU_230.wav,0,3,0,0,0.7062214938106024,0.003052590545882751,0.04265669614344293,0.003591858878865105,0.2444773606212067
asthma_v2_asthma_P46WheezingRL_227.wav,0,3,0,0,0.8720006731974485,0.008074077076287997,0.08241073409233249,0.0010729187538409991,0.03644159688009017
asthma_v2_asthma_P47WheezingRL_235.wav,0,3,0,0,0.9107320824885405,0.002501753789212876,0.026068436254965115,0.0022668055164755327,0.0584309219508058
asthma_v2_asthma_P48WheezingRS_236.wav,0,3,0,0,0.8096226298461505,0.00508143330608045,0.028014914972875737,0.0015965723997089652,0.1556844494751842
asthma_v2_asthma_P49WheezingIE_245.wav,0,3,0,0,0.9534638908338066,0.0012677505900216598,0.018286604545327344,0.012403975642841406,0.014577778388002947
asthma_v2_asthma_P49WheezingRL_243.wav,0,3,0,0,0.910756822241066,0.007267149934735215,0.061579545182354714,0.00891126154901278,0.011485221092831444
asthma_v2_asthma_P50WheezingRS_248.wav,0,3,0,0,0.7585407601288015,0.02797585794409091,0.03596047474147698,0.003842846021164609,0.1736800611644659
asthma_v2_asthma_P51WheezingRL_251.wav,0,3,0,0,0.8822671668517852,0.013244740551681426,0.050674048486478315,0.004293428900380596,0.04952061520967439
asthma_v2_asthma_P52WheezingRS_256.wav,0,3,0,0,0.9344711861584274,0.0034337270131421785,0.04227236805069713,0.000847402808895639,0.018975315968837517
asthma_v2_asthma_P52WheezingRS_260.wav,0,3,0,0,0.9516308514289659,0.008241507813372058,0.007845754114900079,0.001075393444132203,0.03120649319862954
asthma_v2_asthma_P54WheezingRS_268.wav,0,3,0,3,0.16818693966901893,0.4222058899857234,0.04124295678739077,0.17348416206735684,0.19488005149051002
asthma_v2_asthma_P56WheezingRS_276.wav,0,3,0,0,0.757116140518706,0.01395843166710927,0.06773886876117573,0.02536898893119148,0.1358175701218176
asthma_v2_asthma_P56WheezingRS_280.wav,0,3,0,3,0.19724275375400221,0.0032014140284035027,0.004052606021403192,0.314193158803502,0.48131006739268895
asthma_v2_asthma_P57WheezingIU_282.wav,0,3,0,4,0.08991253274663046,0.000754357922480466,0.0003892630132917489,0.06846859396038536,0.8404752523572118
asthma_v2_asthma_P57WheezingRS_284.wav,0,3,0,0,0.491862268149543,0.37196400506902677,0.004103417911346671,0.07307349770580061,0.05899681116428254
asthma_v2_asthma_P5AsthmaRS_24.wav,0,3,0,0,0.7059922910906942,0.008310325607924229,0.0019437944089905797,0.008057894089972038,0.27569569480241923
asthma_v2_asthma_P6AsthmaRS_28.wav,0,3,0,0,0.7009499208696811,0.010388375453045447,0.011164915548375736,0.004446412062075725,0.2730503760668222
asthma_v2_asthma_P7AsthmaIU_34.wav,0,3,0,0,0.9358877713042364,0.03599133349749819,0.003977119642736834,0.0013533139507102925,0.02279046160481817
asthma_v2_asthma_P7AsthmaRS_32.wav,0,3,0,4,0.10203801546881545,0.0014218372448589428,0.0027717161194085096,0.011351003321948612,0.8824174278449685
asthma_v2_asthma_P8AsthmaRS_36.wav,0,3,0,0,0.9116524227123831,0.0701156757725441,0.000641948477031191,0.00024061590446890286,0.017349337133572586
asthma_v2_asthma_P9AsthmaIU_42.wav,0,3,0,0,0.4703822092425179,0.010858778805222073,0.0040931272320164115,0.012692339887782648,0.501973544832461
asthma_v2_copd_P10COPDPr_73.wav,0,3,2,1,0.12373564189393248,0.8572656542353437,0.012679908959408764,0.0004301757687454724,0.0058886191425694965
asthma_v2_copd_P10COPDPr_75.wav,0,3,2,0,0.4287232901584076,0.12841326318735044,0.1896220489790988,0.09440942196729656,0.15883197570784685
asthma_v2_copd_P11COPDMc_82.wav,0,3,2,0,0.7942652075724,0.004104758588067917,0.03891238535128184,0.001288359590762133,0.1614292888974877
asthma_v2_copd_P11COPDPr_81.wav,0,3,2,0,0.8772976862438127,0.013534405504142597,0.022640362402238393,0.001051524442034048,0.08547602140777245
asthma_v2_copd_P11COPDPr_85.wav,0,3,2,2,0.06277895922094535,0.004433188737163494,0.9259103529242516,0.0005703215714673248,0.006307177546172844
asthma_v2_copd_P12COPDPr_95.wav,0,3,2,2,0.00029061930182432843,0.0013940608165588532,0.9978320421663674,0.00032926957920837374,0.00015400813604087176
asthma_v2_copd_P14COPDPr_107.wav,0,3,2,2,0.07034346244364893,0.0011603342483688024,0.92167137811321,0.00010679197233040621,0.0067180332224417525
asthma_v2_copd_P16COPDMc_122.wav,0,3,2,2,1.4921617232471702e-09,1.1195439693733666e-09,0.999992762764784,4.518725020851905e-08,7.189436260139909e-06
asthma_v2_copd_P16COPDPr_123.wav,0,3,2,2,1.367114909824903e-09,1.0845738984992606e-09,0.9999865584423089,4.6497856025964985e-08,1.3392608146143885e-05
asthma_v2_copd_P17COPDMc_130.wav,0,3,2,2,0.000998579155405147,0.00013876480808314048,0.9982212845804943,0.00019369784761543774,0.00044767360840217537
asthma_v2_copd_P17COPDMc_134.wav,0,3,2,2,1.0464717526806823e-08,7.566971805032956e-09,0.999997003232002,4.57895317930017e-08,2.9329467769246552e-06
asthma_v2_copd_P18COPDMc_138.wav,0,3,2,2,1.0943427142000398e-07,8.308508010372071e-08,0.9999958150480793,1.8126385995523248e-07,3.8111687093213854e-06
asthma_v2_copd_P18COPDPr_139.wav,0,3,2,2,0.002996509197942321,0.00011320625680065337,0.995491751253744,4.876064664200009e-05,0.0013497726448708483
asthma_v2_copd_P19COPDMc_152.wav,0,3,2,2,0.0036660722021889486,0.00020907917547932013,0.9935414858896903,0.00040471046365047253,0.002178652268991031
asthma_v2_copd_P19COPDPr_145.wav,0,3,2,2,3.0579157155759573e-09,7.752937091793653e-09,0.9999771186177038,5.18145352337664e-06,1.7689117919934447e-05
asthma_v2_copd_P1COPDMc_8.wav,0,3,2,2,1.5400548678493847e-07,1.0128405306919292e-07,0.9999596432274542,4.827302822710556e-06,3.5274180183244316e-05
asthma_v2_copd_P20COPDMc_154.wav,0,3,2,2,8.005413176559425e-07,5.618252405030726e-07,0.9995572340879605,0.00011435371868920702,0.00032704982679234687
asthma_v2_copd_P20COPDPr_155.wav,0,3,2,2,0.053966230179697525,0.005965958451815309,0.9260350734438733,0.004184277867897814,0.009848460056716045
asthma_v2_copd_P21COPDMc_168.wav,0,3,2,2,0.0011838819463132384,0.00011306947835106825,0.9970437534193858,0.0004401064987568266,0.001219188657193241
asthma_v2_copd_P21COPDPr_163.wav,0,3,2,2,0.00418726124284246,0.0003053727945084222,0.9929448968036713,0.0005218082142833721,0.0020406609446942483
asthma_v2_copd_P21COPDPr_165.wav,0,3,2,2,0.009572403336826992,0.0033957606650429867,0.9812504346516125,0.000663487812157289,0.005117913534359901
asthma_v2_copd_P22COPDMc_172.wav,0,3,2,2,0.0005478791842480932,5.095948527133619e-05,0.9978266450867319,0.0005973640468892002,0.0009771521968596193
asthma_v2_copd_P22COPDMc_176.wav,0,3,2,2,0.012071546313161093,0.003492070690434972,0.9633699289714032,0.0034499696083978414,0.017616484416602844
asthma_v2_copd_P22COPDPr_175.wav,0,3,2,2,0.002354155338905628,0.00023107038475498565,0.9933840044941976,0.0014148458698956727,0.002615923912246005
asthma_v2_copd_P23COPDMc_182.wav,0,3,2,2,0.016944543203049174,0.021051294672594072,0.7996935670449746,0.059983858071207666,0.10232673700817452
asthma_v2_copd_P23COPDPr_177.wav,0,3,2,2,0.00838428604999729,0.0031815977299575558,0.9730328174536998,0.004029347661249693,0.011371951105095769
asthma_v2_copd_P23COPDPr_183.wav,0,3,2,2,0.005484750998307404,0.0051838936211330375,0.9398886855702424,0.025191602503452246,0.024251067306864858
asthma_v2_copd_P24COPDMc_186.wav,0,3,2,2,0.0012488492744653014,0.0004766871929733082,0.9918053322325372,0.0005138439160074722,0.0059552873840165626
asthma_v2_copd_P24COPDMc_188.wav,0,3,2,2,0.004728400191385714,0.0012121959484473336,0.9843276472012612,0.007381651133107299,0.0023501055257982573
asthma_v2_copd_P24COPDMc_192.wav,0,3,2,2,0.0003329093791735089,3.5801245898199655e-05,0.9992745329645597,7.963306132007973e-05,0.00027712334904829856
asthma_v2_copd_P25COPDMc_198.wav,0,3,2,2,0.002700337474816826,0.0005180433719329038,0.9919006775957511,0.0015833308894959584,0.0032976106680032975
asthma_v2_copd_P26COPDPr_203.wav,0,3,2,2,4.4851116990011305e-07,3.462507221415415e-07,0.9997771564089323,2.7799973636517942e-05,0.00019424885553919678
asthma_v2_copd_P26COPDPr_205.wav,0,3,2,2,1.6804922821797667e-06,1.3210166141042857e-06,0.998514048522292,3.3379880502067796e-05,0.0014495700883096004
asthma_v2_copd_P26COPDPr_207.wav,0,3,2,2,0.001201828850086443,0.000323484719807037,0.9971202428048188,4.235717123545101e-05,0.0013120864540523572
asthma_v2_copd_P28COPDMc_220.wav,0,3,2,2,0.022135397002963342,0.0032597148101214733,0.9583698151686486,0.005692149282314251,0.0105429237359523
asthma_v2_copd_P28COPDMc_224.wav,0,3,2,2,0.00457683968576608,0.0006509739215525406,0.9916351164344656,0.00048096848187468227,0.0026561014763411767
asthma_v2_copd_P28COPDPr_223.wav,0,3,2,2,2.31497957326833e-07,3.6815390545464785e-07,0.9997818046450619,3.7440223975772046e-06,0.00021385168067786228
asthma_v2_copd_P29COPDMc_228.wav,0,3,2,2,7.4132251886184015e-09,1.1469270180658769e-08,0.9999174608652323,6.092313149651143e-06,7.642793912273209e-05
asthma_v2_copd_P29COPDPr_225.wav,0,3,2,2,0.006178499892221263,0.0006088290695703419,0.9863623133185014,0.0010300483732976489,0.005820309346409352
asthma_v2_copd_P2COPDMc_10.wav,0,3,2,2,2.3815477805969546e-07,1.317650924175545e-07,0.9999590682958619,4.986630112861544e-06,3.557515415472486e-05
asthma_v2_copd_P2COPDMc_16.wav,0,3,2,2,0.006219560485077298,0.00016833567156772993,0.9923856545165102,0.0005376846316032873,0.0006887646952413533
asthma_v2_copd_P30COPDMc_238.wav,0,3,2,2,1.696663751082166e-08,1.7905633098496297e-08,0.9999158230976968,5.135484650662252e-05,3.2787183526148004e-05
asthma_v2_copd_P30COPDMc_240.wav,0,3,2,2,1.2136089794431906e-08,9.654292079977477e-09,0.999953904506424,9.995076456698843e-06,3.60786267373825e-05
asthma_v2_copd_P30COPDPr_233.wav,0,3,2,2,0.001004201181762085,4.0958519841935635e-05,0.9974955938492786,0.00015258163873314054,0.0013066648103845523
asthma_v2_copd_P30COPDPr_237.wav,0,3,2,2,3.917455334194263e-08,3.493126630855791e-08,0.9998914596399141,6.850868182140697e-05,3.995757244484336e-05
asthma_v2_copd_P31COPDMc_242.wav,0,3,2,2,0.006444814169011487,0.00027838208321712414,0.9849948469725082,0.0022091760627969406,0.00607278071246605
asthma_v2_copd_P32COPDPr_249.wav,0,3,2,2,0.34019280608505437,0.004945516948561581,0.6162143974112649,0.006536805614812628,0.03211047394030643
asthma_v2_copd_P33COPDMc_264.wav,0,3,2,2,0.0008546437426408458,0.005332172521768239,0.9933826428424642,1.0567293297738895e-05,0.0004199735998287642
asthma_v2_copd_P34COPDMc_270.wav,0,3,2,2,0.00039508876448047695,0.0008907644150107754,0.9984732384988992,1.134367242398063e-05,0.00022956464918560325
asthma_v2_copd_P34COPDPr_267.wav,0,3,2,2,0.007895984749358887,0.003775620714318227,0.9858448056308814,0.00019480520133717142,0.0022887837041042783
asthma_v2_copd_P34COPDPr_269.wav,0,3,2,2,0.002231559048788747,0.0055562687569484055,0.990315334298445,0.00031426754437312087,0.0015825703514445691
asthma_v2_copd_P35COPDMc_276.wav,0,3,2,2,0.000837013671468357,0.00011427770114494692,0.998393429936563,0.00015184279970007636,0.000503435891123631
asthma_v2_copd_P35COPDMc_280.wav,0,3,2,2,9.640262596374314e-08,7.820643866704773e-08,0.9998025953602068,4.2173811125510445e-05,0.00015505621960318694
asthma_v2_copd_P35COPDPr_275.wav,0,3,2,2,0.0029863236288928557,0.0006940087127223878,0.9928322334627021,0.0016337362615705358,0.0018536979341122902
asthma_v2_copd_P36COPDPr_285.wav,0,3,2,2,0.0003155341757109833,8.24134020137486e-05,0.9992982456908313,7.94144483168469e-05,0.00022439228312690204
asthma_v2_copd_P37COPDMc_294.wav,0,3,2,2,0.0023817373546742263,4.682608962938377e-05,0.9965737021357494,8.7177734914875e-05,0.0009105566850322636
asthma_v2_copd_P38COPDPr_303.wav,0,3,2,2,0.13162957118611002,0.005529437505407028,0.7906562544090576,0.013483186395749913,0.05870155050367538
asthma_v2_copd_P39COPDPr_311.wav,0,3,2,2,8.179268206236976e-05,0.002720721586927232,0.9969400653982335,5.396151795572494e-05,0.00020345881482095808
asthma_v2_copd_P3COPDMc_18.wav,0,3,2,0,0.9396379824002419,0.003770872538016716,0.036972856212863024,0.004935805563207539,0.014682483285670723
asthma_v2_copd_P3COPDMc_22.wav,0,3,2,2,0.0609582158883547,0.0010963776540026705,0.9360712258156884,0.00027234693313097713,0.001601833708823286
asthma_v2_copd_P40COPDMc_316.wav,0,3,2,2,6.049682021828943e-09,4.949153192274592e-09,0.999961975129389,8.635922200755053e-07,3.71502795557843e-05
asthma_v2_copd_P40COPDPr_319.wav,0,3,2,2,0.13423627275687242,0.05281829510238562,0.6743496097959548,0.002038268942916212,0.1365575534018707
asthma_v2_copd_P41COPDMc_322.wav,0,3,2,2,3.2341350843897674e-09,4.766896925036867e-09,0.9999984291025676,1.3603429804087372e-07,1.4268621025392741e-06
asthma_v2_copd_P42COPDPr_333.wav,0,3,2,2,1.3858013376052193e-08,1.251648283254667e-08,0.9999405346272343,8.168326890278366e-06,5.127067137936751e-05
asthma_v2_copd_P44COPDPr_347.wav,0,3,2,2,0.008774316705551599,0.0003873080276482467,0.9410276210800199,0.0016557626331438445,0.048154991553636506
asthma_v2_copd_P46COPDPr_361.wav,0,3,2,2,0.003805428093440078,0.02453898043613879,0.8500212229237737,0.008705150408246657,0.11292921813840036
asthma_v2_copd_P47COPDPr_369.wav,0,3,2,2,0.2632265010297504,0.022078733814214206,0.6601790418856165,0.0023502042833246912,0.05216551898709404
asthma_v2_copd_P48COPDMc_384.wav,0,3,2,2,0.0008821026915374121,0.00024933128011584517,0.9979937736579648,0.00038186667702230196,0.0004929256933595945
asthma_v2_copd_P48COPDPr_383.wav,0,3,2,2,0.0017747785601607245,0.0006831151872110438,0.9961168602304267,0.0004492605208453528,0.0009759855013560449
asthma_v2_copd_P4COPDMc_26.wav,0,3,2,2,0.00048338260350068646,0.00015468015220219123,0.9983145742138363,0.000807411899876305,0.0002399511305847657
asthma_v2_copd_P4COPDMc_30.wav,0,3,2,2,0.006034331475726726,0.0003099589487540271,0.9916027587985938,0.00024370729814312669,0.001809243478782334
asthma_v2_copd_P50COPDMc_394.wav,0,3,2,2,0.001560260179686329,0.0003530030969396932,0.9974526583932097,0.00023000163320449299,0.0004040766969595605
asthma_v2_copd_P50COPDPr_395.wav,0,3,2,2,0.001969150655770269,0.00041441334589673517,0.9957430223394935,0.0009814740319908917,0.0008919396268486104
asthma_v2_copd_P5COPDPr_35.wav,0,3,2,2,0.05601572406788729,0.015544320820711877,0.9184651196870551,0.0036932475204078806,0.006281587903937955
asthma_v2_copd_P6COPDMc_42.wav,0,3,2,2,0.0013634199261130932,0.0002161997623454945,0.9970866662995297,0.00030443288522577646,0.001029281126786202
asthma_v2_copd_P6COPDMc_46.wav,0,3,2,2,0.0011615679306742415,5.349310365201628e-05,0.9978762710479054,0.0003333580771695564,0.0005753098405982633
asthma_v2_copd_P7COPDPr_49.wav,0,3,2,2,0.00849830665746482,0.0003044451148642887,0.9783296532194817,0.0009808263866570592,0.011886768621532144
asthma_v2_copd_P8COPDMc_62.wav,0,3,2,2,2.6341391793988594e-07,2.160706097279975e-07,0.9999582818230331,7.360309519662311e-07,4.050266148722044e-05
asthma_v2_copd_P8COPDPr_63.wav,0,3,2,2,1.6047536527441725e-08,1.4601596713408956e-08,0.9999908808574061,5.235505638577956e-08,9.036138404385308e-06
asthma_v2_copd_P9COPDMc_70.wav,0,3,2,2,2.9684704694210063e-09,3.0032615168431185e-09,0.9999985733356865,4.9540594042843664e-08,1.3711519871586091e-06
asthma_v2_healthy_P10Healthy14S.wav,0,3,3,4,0.34780550219882816,0.0385397276391066,0.00985563522160298,0.024256046657322623,0.5795430882831395
asthma_v2_healthy_P10Healthy65S.wav,0,3,3,3,0.011270063100813181,0.0014902481578179954,0.0027349933895896386,0.5922951555716014,0.392209539780178
asthma_v2_healthy_P10Healthy93S.wav,0,3,3,4,0.21037891602128309,0.013647599459708852,0.01770293766533464,0.05726603923894128,0.7010045076147324
asthma_v2_healthy_P12Healthy93S.wav,0,3,3,3,0.018731129620078914,0.0034338651547396277,0.5770479545430727,0.3744903812311343,0.02629666945097427
asthma_v2_healthy_P14Healthy28S.wav,0,3,3,3,0.01619772394697596,0.007134331386777999,0.013131903722272967,0.9469132308170048,0.016622810126968358
asthma_v2_healthy_P14Healthy54S.wav,0,3,3,3,0.007517776763521078,0.05779999110876541,0.009539968972808536,0.9078605489633357,0.017281714191569087
asthma_v2_healthy_P14Healthy89S.wav,0,3,3,3,0.0044840765666802045,0.1586438132718166,0.009438539503501252,0.822297026232386,0.005136544425616211
asthma_v2_healthy_P15Healthy55S.wav,0,3,3,3,0.08864666388295958,0.20859166132813972,0.2924918688217243,0.3515594493747426,0.05871035659243376
asthma_v2_healthy_P15Healthy61S.wav,0,3,3,3,0.05983290538048929,0.012985836217353367,0.005014311293118548,0.7432404584463469,0.1789264886626922
asthma_v2_healthy_P16Healthy41S.wav,0,3,3,3,0.03942936228555267,0.009489721993684398,0.0016380075809366227,0.7136165152704443,0.23582639286938192
asthma_v2_healthy_P19Healthy79S.wav,0,3,3,3,0.004628979348974365,0.00028717419781966257,0.0005329081021878509,0.9644476914188538,0.030103246932164263
asthma_v2_healthy_P20Healthy59S.wav,0,3,3,3,0.005209444266622032,0.0049284869032222975,0.0016670886797628597,0.8671619696685896,0.12103301048180294
asthma_v2_healthy_P23Healthy24S.wav,0,3,3,3,0.02032949426214509,0.0003717981998129426,0.000592948397867067,0.29277609701589624,0.6859296621242785
asthma_v2_healthy_P23Healthy72S.wav,0,3,3,3,0.005831449985362028,0.0009514383217549493,0.0013292087491077228,0.9593044338896072,0.03258346905416805
asthma_v2_healthy_P26Healthy22S.wav,0,3,3,3,0.014954033854200416,0.0044649435335179875,0.0025331793009998613,0.9242113216930116,0.053836521618270114
asthma_v2_healthy_P26Healthy46S.wav,0,3,3,3,0.27590163240397086,0.013090024479200917,0.023870463096403248,0.4468493131423937,0.2402885668780316
asthma_v2_healthy_P27Healthy30S.wav,0,3,3,3,0.002967828397829708,0.01498646028219964,0.0022224561810532065,0.9709260074927585,0.00889724764615871
asthma_v2_healthy_P27Healthy92S.wav,0,3,3,3,0.0040196123936916085,0.009844584572564841,0.0007006686209110994,0.9661993117102877,0.019235822702544793
asthma_v2_healthy_P3Healthy44S.wav,0,3,3,3,0.0035558000437653603,0.005450679099022332,0.010627384263800667,0.9726841219688653,0.007682014624546076
asthma_v2_healthy_P3Healthy60S.wav,0,3,3,3,0.030382618395520682,0.01963063365657133,0.004185216209576357,0.8704794433970344,0.07532208834129714
asthma_v2_healthy_P4Healthy62S.wav,0,3,3,3,0.011336954407045716,0.030350776050761714,0.09911232988876933,0.8329200236209522,0.026279916032471578
asthma_v2_healthy_P5Healthy87S.wav,0,3,3,3,0.020344984277484497,0.003021930195808141,0.023603492135164564,0.8693473430548783,0.08368225033666424
asthma_v2_healthy_P5Healthy92S.wav,0,3,3,3,0.016729411452293272,0.0008041551364186122,0.006324294577963045,0.9407390887614041,0.03540305007192097
asthma_v2_healthy_P7Healthy85S.wav,0,3,3,3,0.0838682678809373,0.0023803884065400375,0.027100854979865762,0.43953936200090815,0.4471111267317485
asthma_v2_healthy_P8Healthy33S.wav,0,3,3,3,0.24005039930023195,0.04755808197621717,0.0929045084923484,0.5643080095675453,0.055179000663657295
asthma_v2_healthy_P9Healthy61S.wav,0,3,3,3,0.08221731968832918,0.022978792593664664,0.0005333491060654511,0.6122925933831456,0.2819779452287956
asthma_v2_healthy_P9Healthy79S.wav,0,3,3,3,0.02227103064435906,0.006768828191544848,0.001887419517469914,0.7158180546862654,0.25325466696036086
asthma_v2_pneumonia_P11Pneumonia12W.wav,0,3,4,4,0.18396201732013906,0.02918076427252076,0.004579646485816893,0.007693681404667837,0.7745838905168556
asthma_v2_pneumonia_P11Pneumonia41N.wav,0,3,4,4,0.0424890625754323,0.0004367589853321369,0.0004562801334738268,0.023564598113151387,0.9330533001926105
asthma_v2_pneumonia_P12Pneumonia46L.wav,0,3,4,4,0.28972015090571046,0.11919271289044678,0.007101572114520499,0.0046730275189064,0.5793125365704156
asthma_v2_pneumonia_P14Pneumonia73T.wav,0,3,4,4,0.12956966590827326,0.001099553522988025,0.005671241397862789,0.0006962465310577654,0.8629632926398183
asthma_v2_pneumonia_P15Pneumonia58S.wav,0,3,4,4,0.019715469127036884,0.003717512718239274,0.00016008672910778653,0.0020148185388145527,0.9743921128868016
asthma_v2_pneumonia_P16Pneumonia18Z.wav,0,3,4,4,0.03623103247467044,0.0011516055207391163,0.0008976845904399295,0.026173445113490693,0.9355462323006597
asthma_v2_pneumonia_P16Pneumonia66X.wav,0,3,4,4,0.040197358001261854,0.0010762378303784679,0.0004376123745028486,0.018924181618182493,0.9393646101756743
asthma_v2_pneumonia_P19Pneumonia90X.wav,0,3,4,3,0.0152393348319354,0.016495792825968886,0.00016065259369162056,0.43045416859802793,0.5376500511503767
asthma_v2_pneumonia_P1Pneumonia10T.wav,0,3,4,4,0.00738126223992698,0.00033257728347087207,4.061813406637663e-05,7.351804214252979e-05,0.9921720243003932
asthma_v2_pneumonia_P1Pneumonia93D.wav,0,3,4,4,0.02217662920224495,0.0005812590384929599,9.276863178907526e-05,0.0003999514209777223,0.976749391706495
asthma_v2_pneumonia_P21Pneumonia56M.wav,0,3,4,4,0.011170495320742295,0.00033225765525425697,2.928273593528355e-05,0.0013073320187937483,0.9871606322692745
asthma_v2_pneumonia_P22Pneumonia27A.wav,0,3,4,0,0.5072720778770557,0.02531002080753189,0.049084837343398253,0.007916205775179824,0.4104168581968343
asthma_v2_pneumonia_P22Pneumonia55C.wav,0,3,4,4,0.34321708469227363,0.024464468153628148,0.053903598602283734,0.011943098313840371,0.5664717502379741
asthma_v2_pneumonia_P23Pneumonia90V.wav,0,3,4,4,0.08949992167900624,0.0011135909304481864,0.008557622402515133,0.004039383280282038,0.8967894817077483
asthma_v2_pneumonia_P24Pneumonia95T.wav,0,3,4,3,0.038753524136634146,0.17762406136234557,0.017818692144243517,0.4871159785668739,0.2786877437899029
asthma_v2_pneumonia_P26Pneumonia72P.wav,0,3,4,4,0.023237923314653627,0.0015749684470260617,0.00039104782954307453,0.031343832970414646,0.9434522274383625
asthma_v2_pneumonia_P27Pneumonia37T.wav,0,3,4,4,0.027258923888005496,0.0018270233575581527,0.02997249034154956,0.0012489068929130043,0.9396926555199738
asthma_v2_pneumonia_P27Pneumonia48G.wav,0,3,4,4,0.03798503652414572,0.002814102655162688,0.047147031985138685,0.00029025086306691837,0.9117635779724858
asthma_v2_pneumonia_P29Pneumonia17N.wav,0,3,4,4,0.07150223049067993,0.00936668805664391,0.0004954972032664905,0.016908635844367737,0.9017269484050419
asthma_v2_pneumonia_P2Pneumonia11Q.wav,0,3,4,4,0.11842129066470569,0.0025160584536635918,0.0016695133270344682,0.00033282304933975585,0.8770603145052566
asthma_v2_pneumonia_P2Pneumonia28R.wav,0,3,4,4,0.009346390810071976,0.0009794774059372004,6.998752654400872e-05,0.0014878224942397006,0.988116321763207
asthma_v2_pneumonia_P30Pneumonia10C.wav,0,3,4,4,0.02656249287089009,0.0012962836001580874,0.00012220112139533801,0.0017223030686705633,0.9702967193388858
asthma_v2_pneumonia_P30Pneumonia30W.wav,0,3,4,4,0.020182981562394155,0.005633157358333989,0.000353232013093564,0.01620417340588627,0.957626455660292
asthma_v2_pneumonia_P31Pneumonia14Q.wav,0,3,4,4,0.014991916843072722,0.0030245465861775144,0.0025148512762847514,0.0007679919389669127,0.978700693355498
asthma_v2_pneumonia_P31Pneumonia43V.wav,0,3,4,4,0.26825513548660174,0.007129410437863467,0.004130099866673166,0.0018706441633062852,0.7186147100455552
asthma_v2_pneumonia_P32Pneumonia59Q.wav,0,3,4,4,0.014717232853990507,0.008727356907224485,0.00044926201623555947,0.15144075422321537,0.8246653939993341
asthma_v2_pneumonia_P33Pneumonia94C.wav,0,3,4,4,0.04730607090373885,0.002877369024877943,0.00011089510937828768,0.005398172118457238,0.9443074928435476
asthma_v2_pneumonia_P34Pneumonia99G.wav,0,3,4,4,0.03229628036855551,0.006165027831538939,0.00032619229498512405,0.001987934146844905,0.9592245653580754
asthma_v2_pneumonia_P35Pneumonia57I.wav,0,3,4,4,0.00821856808846257,0.001022561497041332,0.00010082018740769119,0.0006693505131507878,0.9899886997139373
asthma_v2_pneumonia_P36Pneumonia79Z.wav,0,3,4,4,0.02553325036960773,0.005801820812135392,0.0009595516713428767,0.007149166015831173,0.960556211131083
asthma_v2_pneumonia_P36Pneumonia86S.wav,0,3,4,0,0.9161434371826233,0.035770674299119835,0.0017023193933328837,0.0158539537484368,0.030529615376487403
asthma_v2_pneumonia_P37Pneumonia73X.wav,0,3,4,0,0.934071090114374,0.015798347365461235,0.0019880896135121132,0.0029490375001619182,0.04519343540649056
asthma_v2_pneumonia_P37Pneumonia83S.wav,0,3,4,4,0.3177234253532972,0.010662583243126241,0.0045118098508167845,0.00529627769254181,0.661805903860218
asthma_v2_pneumonia_P37Pneumonia95J.wav,0,3,4,0,0.7366089073060744,0.0114866341497154,0.007157163948864752,0.013324269206230756,0.23142302538911463
asthma_v2_pneumonia_P38Pneumonia41S.wav,0,3,4,0,0.7417498406023263,0.029620329303258135,0.009626779683338539,0.004780673749427683,0.21422237666164978
asthma_v2_pneumonia_P38Pneumonia64N.wav,0,3,4,0,0.9129162052351655,0.015626114823948954,0.01076267518777393,0.0031859725869358437,0.0575090321661758
asthma_v2_pneumonia_P3Pneumonia41L.wav,0,3,4,4,0.05390921168856882,0.0015758037194041309,0.0039027795757095377,0.0004157182420236046,0.9401964867742941
asthma_v2_pneumonia_P3Pneumonia96L.wav,0,3,4,4,0.02620222969063202,0.00036829029508722203,0.0006373514682548341,0.00010777082422494243,0.972684357721801
asthma_v2_pneumonia_P40Pneumonia32Q.wav,0,3,4,4,0.1651288820280318,0.0010192130620752507,0.0004626479964868771,0.0002642778738716493,0.8331249790395343
asthma_v2_pneumonia_P40Pneumonia91V.wav,0,3,4,0,0.5566242425636894,0.017932378419536685,0.13118081248603444,0.0019338381042911872,0.2923287284264483
asthma_v2_pneumonia_P40Pneumonia92J.wav,0,3,4,3,0.08244367224503348,0.025278552404368843,0.05444501573275531,0.7659083239803459,0.07192443563749638
asthma_v2_pneumonia_P41Pneumonia71Q.wav,0,3,4,0,0.8799885767724042,0.00035071835739080594,0.009530202525651872,0.001981183384156529,0.10814931896039648
asthma_v2_pneumonia_P41Pneumonia72U.wav,0,3,4,0,0.8658228573358852,0.019570485979730615,0.00881562493181353,0.00043297768624584127,0.1053580540663251
asthma_v2_pneumonia_P43Pneumonia53X.wav,0,3,4,4,0.019277271690257714,0.0115365260241164,0.00857359747751718,0.01453730049271065,0.946075304315398
asthma_v2_pneumonia_P43Pneumonia89T.wav,0,3,4,4,0.02276894138226669,0.0048429673305774605,0.21674844769379417,0.11529728266504846,0.6403423609283132
asthma_v2_pneumonia_P44Pneumonia36U.wav,0,3,4,4,0.09243279259270275,0.02495774359386406,0.07805657377648159,0.05778291497926497,0.7467699750576866
asthma_v2_pneumonia_P45Pneumonia25T.wav,0,3,4,4,0.08966764571656739,0.0010399050106453178,0.02225452384353044,0.004810816763444225,0.8822271086658127
asthma_v2_pneumonia_P45Pneumonia29L.wav,0,3,4,4,0.16067122375403625,0.0017442136841089057,0.03856879562357004,0.003932325459310537,0.7950834414789746
asthma_v2_pneumonia_P46Pneumonia80D.wav,0,3,4,3,0.008690301291878129,0.012378655501683263,0.34021358084433434,0.4512571199530514,0.18746034240905268
asthma_v2_pneumonia_P47Pneumonia19A.wav,0,3,4,4,0.09825248742726228,0.38810639820899917,0.05702391083268725,0.029623818444305342,0.42699338508674606
asthma_v2_pneumonia_P47Pneumonia98K.wav,0,3,4,4,0.04473258413469057,0.06627318778901586,0.010068424090392927,0.02155217612793276,0.8573736278579677
asthma_v2_pneumonia_P4Pneumonia39Q.wav,0,3,4,4,0.04017768283252519,0.009268613530441987,0.06224682150428227,0.008908546667640786,0.8793983354651095
asthma_v2_pneumonia_P4Pneumonia78E.wav,0,3,4,4,0.06809496369485497,0.004472002709968172,0.022904216119382554,0.0030374283004253873,0.9014913891753689
asthma_v2_pneumonia_P6Pneumonia39O.wav,0,3,4,4,0.06827190224592623,0.0012702967590675013,0.019431499175991986,0.001057647103241362,0.909968654715773
asthma_v2_pneumonia_P7Pneumonia22C.wav,0,3,4,4,0.06769280681217475,0.01399585192315809,0.21868149173836243,0.00262640771491572,0.6970034418113887
asthma_v2_pneumonia_P7Pneumonia34I.wav,0,3,4,4,0.09339566422949815,0.0009121767760445334,0.026788386267745008,0.007989434644007469,0.8709143380827049
asthma_v2_pneumonia_P8Pneumonia20O.wav,0,3,4,4,0.02798912539396894,0.001057256163639921,0.017699425646906103,0.0010854815653292443,0.952168711230156
asthma_v2_Bronchial_P10BronchialTc_49.wav,0,4,1,1,0.01578773636742945,0.9529599767568558,0.01936287337953918,0.0051206372372990215,0.006768776258876505
asthma_v2_Bronchial_P11BronchialTc_51.wav,0,4,1,1,0.022035895916690112,0.9334819341525122,0.028592403001156088,0.005007526760765839,0.010882240168875654
asthma_v2_Bronchial_P12BronchialSc_58.wav,0,4,1,0,0.9227859439013947,0.027671852852218085,0.01586384108515678,0.02065247694502337,0.013025885216207024
asthma_v2_Bronchial_P15BronchialTc_71.wav,0,4,1,1,0.0009520155552255503,0.9955454413011775,0.0011843354802302923,0.0018883705155674042,0.00042983714779905844
asthma_v2_Bronchial_P15BronchialTc_73.wav,0,4,1,1,0.0010076094676271562,0.9976201095305143,0.0005037810956653324,0.000428625266552535,0.00043987463964096805
asthma_v2_Bronchial_P16BronchialSc_78.wav,0,4,1,1,0.07951395480309227,0.8243404944045237,0.08632707343815793,0.002140292990615169,0.007678184363610962
asthma_v2_Bronchial_P16BronchialSc_80.wav,0,4,1,1,0.04659192271593018,0.9033938466839105,0.025292014832344015,0.009940312223536727,0.014781903544278387
asthma_v2_Bronchial_P17BronchialTc_83.wav,0,4,1,1,0.007846042487934357,0.9753912503778741,0.009697536075057267,0.0009861791799991495,0.0060789918791352825
asthma_v2_Bronchial_P18BronchialSc_86.wav,0,4,1,1,0.0004932710775331137,0.9981212668744409,0.0004034310286962402,0.0007486328322086962,0.0002333981871209315
asthma_v2_Bronchial_P18BronchialSc_88.wav,0,4,1,1,0.0030705850619553113,0.9539443414770271,0.04046029411354071,0.00010322612989511018,0.002421553217581735
asthma_v2_Bronchial_P1BronchialTc_1.wav,0,4,1,1,0.013685867138824873,0.904650335528961,0.03731843481637694,0.03437469145987698,0.009970671055960362
asthma_v2_Bronchial_P2BronchialTc_9.wav,0,4,1,1,0.004886759001221173,0.9818960948980574,0.002170705182193468,0.0035113104554024247,0.007535130463125737
asthma_v2_Bronchial_P3BronchialSc_14.wav,0,4,1,1,0.005949283109197312,0.9427983943648262,0.03582504380667844,0.008604924473118173,0.006822354246180024
asthma_v2_Bronchial_P4BronchialSc_20.wav,0,4,1,1,0.0011797569462135228,0.9935667760493685,0.0008422493034228426,0.0026149579169745334,0.0017962597840204151
asthma_v2_Bronchial_P4BronchialTc_17.wav,0,4,1,1,0.008171208332966164,0.9817761548873823,0.003738483432887159,0.0016483458771235277,0.004665807469640878
asthma_v2_Bronchial_P5BronchialSc_24.wav,0,4,1,1,0.002273554216386783,0.9888858780948034,0.005410929567624202,0.0016162336803092541,0.0018134044408757693
asthma_v2_Bronchial_P7BronchialTc_31.wav,0,4,1,1,0.0011264000510901127,0.9951880657536152,0.0009763409421656005,0.0017987878577007546,0.0009104053954285407
asthma_v2_Bronchial_P7BronchialTc_33.wav,0,4,1,1,0.00170360034375547,0.991339741825316,0.0037561217283309904,0.0026531197006600176,0.0005474164019372602
asthma_v2_Bronchial_P8BronchialSc_36.wav,0,4,1,1,0.003730946558448608,0.9718056046632826,0.010981436293511027,0.008761555244431257,0.004720457240326779
asthma_v2_Bronchial_P9BronchialSc_42.wav,0,4,1,1,0.0014177391700903675,0.989135332160365,0.004830594916373553,0.0033469209395057715,0.0012694128136652248
asthma_v2_asthma_P10AsthmaIU_50.wav,0,4,0,0,0.8753427798688578,0.10096491540259452,0.0036006974140127233,0.0008656009345623572,0.01922600637997279
asthma_v2_asthma_P10AsthmaRL_47.wav,0,4,0,0,0.9382406696879037,0.012804572049027836,0.012425339411576773,0.0018407779537369337,0.03468864089775475
asthma_v2_asthma_P12WheezingIE_57.wav,0,4,0,0,0.9152198898534976,0.0036348367875665994,0.016615806591837194,0.002078940033176112,0.06245052673392264
asthma_v2_asthma_P12WheezingIU_58.wav,0,4,0,0,0.9185192166366993,0.004540022972535906,0.00838723780272336,0.001072731594822672,0.0674807909932188
asthma_v2_asthma_P12WheezingRL_59.wav,0,4,0,0,0.9671072941860182,0.004622288270482351,0.008073157962735548,0.0013612583370723212,0.018836001243691666
asthma_v2_asthma_P12WheezingRS_60.wav,0,4,0,0,0.8990955117528857,0.06318731107120047,0.004233205939903787,0.0010971923102921484,0.03238677892571796
asthma_v2_asthma_P14WheezingIE_69.wav,0,4,0,3,0.5012259718920998,0.023738694024907955,0.0048061699908303265,0.34489979368797113,0.1253293704041909
asthma_v2_asthma_P15WheezingRL_75.wav,0,4,0,4,0.1839519984684884,0.0007539016310227508,0.00413814575064821,0.006920253973095113,0.8042357001767456
asthma_v2_asthma_P15WheezingRS_72.wav,0,4,0,0,0.8413477286563036,0.00845560767072783,0.004807467528287777,0.007792324865676155,0.1375968712790044
asthma_v2_asthma_P16WheezingIE_77.wav,0,4,0,4,0.3595113479260232,0.002392879650068681,0.012759473678604147,0.03151266119291306,0.5938236375523911
asthma_v2_asthma_P16WheezingRS_76.wav,0,4,0,4,0.35856318265582326,0.0007578201147399068,0.0019686643409081183,0.03569935462051788,0.603010978268011
asthma_v2_asthma_P19WheezingRS_92.wav,0,4,0,3,0.27345293358446865,0.1384157116428415,0.029017170481192386,0.19674700815194315,0.36236717613955416
asthma_v2_asthma_P20WheezingIU_98.wav,0,4,0,3,0.3775460168471402,0.0874378951429989,0.005269005757915366,0.47561929297247957,0.054127789279465835
asthma_v2_asthma_P20WheezingRS_100.wav,0,4,0,3,0.4275915698482955,0.32486033418313326,0.0028825495590486527,0.186318101495387,0.05834744491413558
asthma_v2_asthma_P21WheezingIU_102.wav,0,4,0,0,0.8023190772332524,0.11929894283638182,0.004055219515428152,0.019673001348855385,0.0546537590660823
asthma_v2_asthma_P21WheezingRL_103.wav,0,4,0,0,0.66000052754106,0.05993043216102668,0.006515418601219177,0.05505773940526401,0.21849588229143005
asthma_v2_asthma_P22WheezingIE_109.wav,0,4,0,0,0.8543839190015082,0.09848221345472145,0.0034133098516443638,0.0011246709457964717,0.042595886746329484
asthma_v2_asthma_P22WheezingRS_108.wav,0,4,0,0,0.6275978918478924,0.04802090977076745,0.003696758404383263,0.023107012846949306,0.2975774271300078
asthma_v2_asthma_P23WheezingRL_111.wav,0,4,0,0,0.9569103360320681,0.019890742023968865,0.004277481197030691,0.00011797357192988422,0.018803467175002305
asthma_v2_asthma_P23WheezingRL_115.wav,0,4,0,0,0.5940744397296426,0.2511348764651865,0.04977968221938565,0.022745659189736603,0.08226534239604866
asthma_v2_asthma_P24WheezingRS_120.wav,0,4,0,0,0.6342364322756057,0.030386780091936433,0.12139880767236283,0.00413539835534458,0.20984258160475067
asthma_v2_asthma_P25WheezingRS_124.wav,0,4,0,0,0.9053948911339721,0.00342764827810193,0.038440684447985894,0.006286241478461996,0.04645053466147848
asthma_v2_asthma_P26WheezingIE_129.wav,0,4,0,0,0.7554115927468629,0.06685133767141195,0.0026096609920050807,0.020309654669968348,0.1548177539197517
asthma_v2_asthma_P29WheezingIE_145.wav,0,4,0,0,0.7219392025684175,0.01189367879771096,0.03198153886711205,0.00035684988590167733,0.23382872988085793
asthma_v2_asthma_P31WheezingRL_155.wav,0,4,0,0,0.8582004680070778,0.000921079330469626,0.004031580312786394,0.0001462235894770284,0.136700648760189
asthma_v2_asthma_P32WheezingRL_159.wav,0,4,0,0,0.5005660856222617,0.3078952559734281,0.0480180541156595,0.009231806330178264,0.13428879795847276
asthma_v2_asthma_P34WheezingRS_168.wav,0,4,0,0,0.9248147180730273,0.005344168551392903,0.004462269168955165,0.0018251145587663237,0.063553729647858
asthma_v2_asthma_P35WheezingIE_173.wav,0,4,0,0,0.4897253321496417,0.0012196442969654702,0.45584739896543636,0.0008114147216476511,0.05239620986630844
asthma_v2_asthma_P35WheezingIU_174.wav,0,4,0,1,0.10839814106968011,0.8005854863589612,0.02503012198404735,0.003062578740249746,0.06292367184706205
asthma_v2_asthma_P35WheezingRS_172.wav,0,4,0,0,0.3746349236964473,0.0007232119900590355,0.5488037749733673,0.0005238491265101947,0.07531424021361587
asthma_v2_asthma_P36WheezingIE_177.wav,0,4,0,0,0.9525701537016212,0.009559354877146724,0.01495474059347246,0.00028241986131706705,0.02263333096644263
asthma_v2_asthma_P37WheezingRL_183.wav,0,4,0,0,0.9424257658768583,0.014825278590848895,0.025664703447989358,0.00036883390613159554,0.01671541817817189
asthma_v2_asthma_P38WheezingIU_190.wav,0,4,0,0,0.8422396374453244,0.04105337706041525,0.07651426856992607,0.012070369617345294,0.0281223473069889
asthma_v2_asthma_P39WheezingRL_195.wav,0,4,0,0,0.9099313322268626,0.05183968566352588,0.01101354126263464,0.0007570941455359788,0.02645834670144079
asthma_v2_asthma_P3AsthmaRL_11.wav,0,4,0,0,0.8300212882949028,0.002235958161395284,0.027436727277678194,0.0037296321161052488,0.13657639414991843
asthma_v2_asthma_P40WheezingIE_197.wav,0,4,0,0,0.9243511599196642,0.04371997509238964,0.023646976890281994,0.00033530093211709176,0.007946587165547234
asthma_v2_asthma_P41WheezingIE_201.wav,0,4,0,0,0.7823389247993561,0.11967932363569111,0.06610625749551617,0.005497202467816128,0.026378291601620703
asthma_v2_asthma_P42WheezingRL_207.wav,0,4,0,0,0.6830462521265281,0.005235806906165631,0.28155263295830474,0.0013563667248420537,0.028808941284159513
asthma_v2_asthma_P42WheezingRS_208.wav,0,4,0,0,0.8318719772624749,0.002757337314970288,0.13285640437226037,0.0015461082368867982,0.030968172813407708
asthma_v2_asthma_P43WheezingIU_214.wav,0,4,0,0,0.7431865559460574,0.006510195705557625,0.23155464618437965,0.0029179211650552333,0.015830680998950034
asthma_v2_asthma_P43WheezingRL_211.wav,0,4,0,2,0.25395104185603873,0.020837605147709118,0.6928928612239755,0.006668575934911287,0.025649915837365273
asthma_v2_asthma_P43WheezingRL_215.wav,0,4,0,0,0.930487989740867,0.001841347479338604,0.052634550157121845,0.00030039187352432444,0.01473572074914846
asthma_v2_asthma_P43WheezingRS_212.wav,0,4,0,0,0.7787747903497669,0.05709026826445927,0.11706139912859692,0.006847259514942518,0.040226282742234734
asthma_v2_asthma_P45WheezingIE_225.wav,0,4,0,0,0.8737098774669021,0.02655486859237809,0.02164825462391173,0.0009604342742949957,0.07712656504251318
asthma_v2_asthma_P45WheezingIU_222.wav,0,4,0,0,0.9305376676320076,0.014665089235022497,0.03346611983952729,0.0008542578813504849,0.020476865412092062
asthma_v2_asthma_P45WheezingRL_223.wav,0,4,0,0,0.6402435972364111,0.06603048682195284,0.2689948040954795,0.0019368561679649126,0.022794255678191558
asthma_v2_asthma_P46WheezingIE_229.wav,0,4,0,0,0.8834297862357844,0.03047097257990179,0.017508985110631457,0.002269192700945458,0.0663210633727367
asthma_v2_asthma_P47WheezingIE_233.wav,0,4,0,0,0.7829664417843999,0.002755855243612553,0.18393911902383486,0.0003054392595794165,0.030033144688573477
asthma_v2_asthma_P49WheezingIU_242.wav,0,4,0,0,0.4716084786894158,0.12866776383201517,0.042335872885243195,0.0055019136175892885,0.3518859709757363
asthma_v2_asthma_P50WheezingIE_249.wav,0,4,0,0,0.9158433156087201,0.0024817635615545404,0.03241977638789832,0.00026618539243443407,0.048988959049392676
asthma_v2_asthma_P51WheezingIE_253.wav,0,4,0,0,0.9252026907518619,0.002081843915860528,0.05202837960372313,0.0014576392339617598,0.01922944649459283
asthma_v2_asthma_P53WheezingIE_265.wav,0,4,0,0,0.6246663662208422,0.12019261468547343,0.1916804890190135,0.009091392752282247,0.05436913732238872
asthma_v2_asthma_P56WheezingRL_279.wav,0,4,0,0,0.5998117227063253,0.11211637032014865,0.22536561113687056,0.0031369091640317433,0.059569386672623986
asthma_v2_asthma_P57WheezingIE_285.wav,0,4,0,4,0.1891979846216522,0.15807773570402278,0.003089687684109484,0.025611256741904072,0.6240233352483113
asthma_v2_asthma_P58WheezingRS_288.wav,0,4,0,4,0.19204606271576471,0.010648348144235785,0.003391992376971052,0.0029983382747505883,0.7909152584882779
asthma_v2_asthma_P5AsthmaIE_25.wav,0,4,0,0,0.769502312263525,0.003490345050037457,0.0034259893103550875,0.018839906318973514,0.2047414470571087
asthma_v2_asthma_P6AsthmaIU_30.wav,0,4,0,0,0.940789657001566,0.02631042941262972,0.006728426537993978,0.0014072690483900958,0.024764217999419826
asthma_v2_asthma_P8AsthmaIU_38.wav,0,4,0,0,0.9195309186691911,0.0037855630880999163,0.0042281065815518186,0.01608416805042437,0.05637124361073274
asthma_v2_copd_P10COPDMc_78.wav,0,4,2,0,0.8302437096602066,0.06254851223287575,0.09773183763903862,0.0007782354377484183,0.008697705030130653
asthma_v2_copd_P12COPDMc_92.wav,0,4,2,2,0.004056787303488653,0.008552075793672172,0.9868626709113408,0.00020007310072848346,0.0003283928907700287
asthma_v2_copd_P13COPDPr_99.wav,0,4,2,2,0.000805306476335715,0.0016263223357684108,0.9939317001731967,0.0028098990080672004,0.0008267720066321612
asthma_v2_copd_P14COPDMc_110.wav,0,4,2,2,0.05092376333912305,0.008642540159808912,0.9017080369019308,0.0004262551525432593,0.03829940444659395
asthma_v2_copd_P15COPDMc_114.wav,0,4,2,2,0.09538967675786751,0.017253337317033306,0.880012828020446,0.005355054152690733,0.0019891037519627866
asthma_v2_copd_P17COPDPr_129.wav,0,4,2,2,6.524290683729903e-07,3.363300856176458e-07,0.9999339536886138,3.999751922099721e-06,6.105780031019238e-05
asthma_v2_copd_P18COPDMc_142.wav,0,4,2,2,0.0068404850245060095,0.0006301431577721959,0.9915465367307756,0.00010333757391804466,0.0008794975130280121
asthma_v2_copd_P18COPDPr_137.wav,0,4,2,2,0.0023259720531257633,3.880748080328176e-05,0.9969636585089422,0.00010470654951300794,0.0005668554076157112
asthma_v2_copd_P19COPDPr_147.wav,0,4,2,2,0.019041046598315858,0.00647980546104442,0.9538855568368487,0.0002606513720984417,0.020332939731692545
asthma_v2_copd_P19COPDPr_149.wav,0,4,2,2,0.007703594183139072,0.0020802409091288184,0.9876470153745935,7.465079770420473e-05,0.0024944987354345
asthma_v2_copd_P19COPDPr_151.wav,0,4,2,2,0.007896744553467257,0.001830509359133966,0.9883996897647908,0.00010551989182703074,0.0017675364307807894
asthma_v2_copd_P1COPDPr_3.wav,0,4,2,2,0.021897011028919548,0.0007662233918693578,0.9735501996817615,0.00016850562706899788,0.0036180602703805003
asthma_v2_copd_P1COPDPr_5.wav,0,4,2,2,0.0011950652591808382,0.0020931653724889448,0.9893082476145114,0.00064805229752442,0.006755469456294236
asthma_v2_copd_P1COPDPr_7.wav,0,4,2,2,0.002976778324726915,0.004385332047532962,0.9662235898180687,0.0017687774671348942,0.02464552234253644
asthma_v2_copd_P20COPDPr_153.wav,0,4,2,2,0.002198338648648529,0.00013232823143278095,0.9956999751603476,0.00012421763357803135,0.0018451403259928524
asthma_v2_copd_P20COPDPr_157.wav,0,4,2,2,0.026804231594395114,0.053290361380842796,0.8940381057122361,0.01513221279936632,0.010735088513159675
asthma_v2_copd_P21COPDPr_167.wav,0,4,2,2,0.0008637031214179718,0.0003024906829337688,0.9979276924290545,0.00023611743934371282,0.0006699963272502012
asthma_v2_copd_P22COPDPr_169.wav,0,4,2,2,0.0003639977443957498,5.3751496857276114e-05,0.999063133559565,6.771475701011756e-05,0.00045140244217192283
asthma_v2_copd_P22COPDPr_173.wav,0,4,2,2,0.011666082933255547,0.0027646267745213503,0.9804740421755161,0.0013422152715605485,0.003753032845146556
asthma_v2_copd_P23COPDMc_184.wav,0,4,2,2,0.0016771167265089491,0.0040135642861535755,0.9768327284636332,0.006943199004537959,0.010533391519166383
asthma_v2_copd_P23COPDPr_181.wav,0,4,2,2,0.0005435749898504864,9.841645835814673e-05,0.9983601223692906,0.00019459002957502637,0.0008032961529257727
asthma_v2_copd_P24COPDPr_185.wav,0,4,2,2,0.0009875791760048745,0.0008243465798236513,0.9940376917061741,0.0004293008294886914,0.0037210817085089015
asthma_v2_copd_P24COPDPr_187.wav,0,4,2,2,0.0007227142330801893,0.00016862346188447914,0.9952687752940665,0.0002145673968013641,0.0036253196141675975
asthma_v2_copd_P25COPDMc_200.wav,0,4,2,2,0.001063134292814525,0.00019120363434612918,0.9966389432617585,0.00020676764878559752,0.001899951162295115
asthma_v2_copd_P25COPDPr_193.wav,0,4,2,2,0.000373528008568504,0.00018063314538090285,0.9989200668438336,0.0001922086212839701,0.0003335633809330757
asthma_v2_copd_P26COPDMc_202.wav,0,4,2,2,5.387126229941744e-07,4.761308287269213e-07,0.9992510488623805,5.502913854631648e-05,0.00069290715562162
asthma_v2_copd_P27COPDPr_213.wav,0,4,2,2,0.00317475131256729,0.00033562042408427455,0.991715860223045,0.0004142555118344627,0.004359512528469049
asthma_v2_copd_P29COPDPr_227.wav,0,4,2,2,1.3544699031295351e-08,1.6621196319993358e-08,0.9999335246584394,4.288138932565883e-06,6.21570367328914e-05
asthma_v2_copd_P2COPDPr_11.wav,0,4,2,2,0.011335479140031536,0.0021012300650529937,0.9815775171983343,0.0032030115672488824,0.0017827620293320683
asthma_v2_copd_P30COPDMc_234.wav,0,4,2,2,0.03094751848760566,0.0003643967989798565,0.8989848461089673,0.00197583656224285,0.0677274020422041
asthma_v2_copd_P30COPDPr_235.wav,0,4,2,2,0.019715801015540303,0.00046212691702172433,0.8604372248993442,0.004303415534180074,0.11508143163391385
asthma_v2_copd_P31COPDPr_243.wav,0,4,2,3,0.020185065585723017,0.0037020262238740046,0.7383438343544743,0.21234551861000903,0.025423555225920172
asthma_v2_copd_P32COPDMc_252.wav,0,4,2,2,0.21038785956165998,0.007677278874989586,0.7755625238178273,0.00011967262464647096,0.0062526651208765095
asthma_v2_copd_P32COPDMc_254.wav,0,4,2,2,0.01559998751806651,0.0005679407637634216,0.9835140369064475,5.216294327965265e-05,0.0002658718684429356
asthma_v2_copd_P33COPDMc_258.wav,0,4,2,4,0.029772110372346814,0.025671974576395442,0.48479656450707315,0.032642989330533306,0.4271163612136512
asthma_v2_copd_P33COPDMc_260.wav,0,4,2,4,0.01979358019201405,0.044478957227051405,0.523962024977413,0.014270953457794448,0.3974944841457269
asthma_v2_copd_P34COPDPr_265.wav,0,4,2,2,0.0003584047566623807,0.009667480648137248,0.9898516134482227,6.908236123659264e-06,0.00011559291085389647
asthma_v2_copd_P35COPDMc_274.wav,0,4,2,2,0.0034220900717994145,0.000357857366315109,0.9900464677604505,0.0005140878295698163,0.005659496971865373
asthma_v2_copd_P35COPDPr_277.wav,0,4,2,2,0.007498885202720004,0.0018510145490454924,0.9852389558101378,0.0018857717385053045,0.003525372699591522
asthma_v2_copd_P35COPDPr_279.wav,0,4,2,2,0.0017976429599170347,0.0006134026196025078,0.9957243115018677,0.0005064370427405035,0.0013582058758724296
asthma_v2_copd_P36COPDMc_284.wav,0,4,2,2,0.01979005171025584,0.011141070565794888,0.8416243932523098,0.0067751240612186825,0.12066936041042128
asthma_v2_copd_P36COPDMc_286.wav,0,4,2,2,0.0012932975778106293,0.0006334112168346081,0.99623154733477,0.00047733005741025633,0.001364413813174432
asthma_v2_copd_P37COPDMc_292.wav,0,4,2,2,0.004273080274570628,0.0010999675585316383,0.9935315468649834,0.00012488132235881084,0.0009705239795554158
asthma_v2_copd_P37COPDPr_291.wav,0,4,2,2,0.0018290246582168654,0.0006732966856569799,0.9970170054038658,7.804519914677524e-05,0.0004026280531132711
asthma_v2_copd_P37COPDPr_295.wav,0,4,2,2,0.059833459939856,0.0004361594027325384,0.9323654548251366,0.00035972617402740977,0.007005199658247474
asthma_v2_copd_P38COPDMc_304.wav,0,4,2,2,0.13826319400877912,0.004644205149290114,0.6690482267109101,0.01184419567223602,0.17620017845878458
asthma_v2_copd_P38COPDPr_297.wav,0,4,2,2,0.041480712752363084,0.004212365915379025,0.9377399250282036,0.0002388659711744911,0.016328130332880057
asthma_v2_copd_P38COPDPr_299.wav,0,4,2,2,0.00919552563393006,0.0005544100775834198,0.9862527932672093,7.046648676056423e-05,0.003926804534516907
asthma_v2_copd_P38COPDPr_301.wav,0,4,2,2,0.02879663904972517,0.00031931746849549864,0.9659084241489889,6.631030997395359e-05,0.0049093090228163674
asthma_v2_copd_P39COPDMc_312.wav,0,4,2,2,0.0025072992336359003,0.0052022667955298005,0.9906478331355769,0.00027425468163206257,0.0013683461536254837
asthma_v2_copd_P39COPDPr_305.wav,0,4,2,4,0.12220016186967314,0.0040079652951030015,0.5570433017995506,0.01787959985587255,0.298868971179801
asthma_v2_copd_P3COPDPr_17.wav,0,4,2,2,0.13954995201414777,0.006790077292679322,0.8414373832859495,0.0034109691298235597,0.008811618277399777
asthma_v2_copd_P3COPDPr_19.wav,0,4,2,2,0.008068731279225359,0.0005937975204051884,0.9909029916746214,0.00011312603041375383,0.0003213534953342342
asthma_v2_copd_P41COPDMc_326.wav,0,4,2,2,0.003317102180455714,0.0014709139034232866,0.993977075151185,0.0004240688387204466,0.0008108399262150793
asthma_v2_copd_P41COPDMc_328.wav,0,4,2,2,0.002718016431769123,0.0014143075574757503,0.9944962530777601,0.0005762346128482634,0.0007951883201467885
asthma_v2_copd_P42COPDMc_336.wav,0,4,2,2,0.00048339142781651903,0.00018022239177840045,0.9931652238910591,0.0029492265883483684,0.0032219357009975647
asthma_v2_copd_P43COPDMc_338.wav,0,4,2,2,0.009031429594692636,0.0027377997801545303,0.9825418922246336,0.0004030121781205649,0.005285866222398848
asthma_v2_copd_P43COPDMc_344.wav,0,4,2,2,1.3139090978515566e-07,1.0610864230938381e-07,0.9998181741585542,1.342741465386845e-06,0.0001802456004283069
asthma_v2_copd_P45COPDMc_354.wav,0,4,2,2,0.0017381317599096785,0.00012131446089069816,0.9776316467937228,0.0020571531489833915,0.01845175383649372
asthma_v2_copd_P46COPDMc_364.wav,0,4,2,2,0.0011563971106446072,0.0003519549804155031,0.9352684930794961,0.0006999930650971133,0.06252316176434661
asthma_v2_copd_P47COPDMc_376.wav,0,4,2,3,0.0023205594438349287,0.0036521189303105463,0.633153237264815,0.352565189754072,0.008308894606967838
asthma_v2_copd_P48COPDPr_381.wav,0,4,2,2,0.0009952347552275287,0.00022638410220424856,0.9983452020618292,0.00021585030568452914,0.00021732877505414766
asthma_v2_copd_P49COPDMc_388.wav,0,4,2,2,5.314002319599783e-05,0.0008211709050355145,0.9984157311673266,0.0002446583709032529,0.0004652995335383508
asthma_v2_copd_P49COPDPr_385.wav,0,4,2,2,0.002683904955403505,0.0009772546741909165,0.9943022793627715,0.0006940666944089063,0.0013424943132251265
asthma_v2_copd_P49COPDPr_387.wav,0,4,2,2,4.354925584816029e-05,0.0016844147254407862,0.9975051434677615,0.0003591813452008342,0.0004077112057486866
asthma_v2_copd_P4COPDPr_31.wav,0,4,2,2,0.015696715366014344,0.0008179640680642427,0.9795384389651076,0.0007292285456729232,0.0032176530551409877
asthma_v2_copd_P50COPDMc_396.wav,0,4,2,2,0.01637252968674115,0.0030493840151131317,0.9776150114067268,0.0005728019149526349,0.002390272976466223
asthma_v2_copd_P50COPDMc_398.wav,0,4,2,2,1.1178028003682745e-07,2.1890094981194978e-07,0.9999839384951813,1.5972973866657255e-06,1.4133526202318984e-05
asthma_v2_copd_P51COPDPr_401.wav,0,4,2,2,3.01531333435633e-08,4.308281725896562e-08,0.9999968292049715,1.2153613814397822e-07,2.976022939700035e-06
asthma_v2_copd_P5COPDMc_34.wav,0,4,2,2,0.11940362434714881,0.0002973561008656734,0.8470812980937171,0.003961600450726307,0.029256121007541845
asthma_v2_copd_P5COPDMc_36.wav,0,4,2,2,0.004258046106901993,0.004446011781191114,0.962892671624451,0.0025829408426870245,0.025820329644769095
asthma_v2_copd_P5COPDPr_33.wav,0,4,2,2,0.049241326618595746,0.0003967457247432523,0.9440841606527237,0.0009155346557312851,0.00536223234820607
asthma_v2_copd_P6COPDPr_43.wav,0,4,2,2,0.0006678254644023304,0.00012674735525600427,0.9986249710800665,0.00010836423129049704,0.00047209186898471595
asthma_v2_copd_P7COPDMc_54.wav,0,4,2,2,0.008631084473430728,0.0015300853150969323,0.985160318486617,0.0030217561692453465,0.0016567555556101787
asthma_v2_copd_P7COPDPr_51.wav,0,4,2,2,0.011800773625623054,0.00034298976151733767,0.9820015357314301,0.001964225376148589,0.003890475505281197
asthma_v2_copd_P8COPDMc_58.wav,0,4,2,2,0.007403919370257273,0.0012459181633232667,0.9897563237050183,0.00039500281340630275,0.0011988359479945135
asthma_v2_copd_P8COPDMc_60.wav,0,4,2,2,4.78635074231069e-09,3.4746876316261007e-09,0.9999991234947533,5.248034511778783e-08,8.15763863178248e-07
asthma_v2_copd_P8COPDPr_61.wav,0,4,2,2,0.0020473928534016053,0.00014397250843523055,0.9969231751779924,0.0003036321797971847,0.0005818272803734247
asthma_v2_copd_P9COPDPr_67.wav,0,4,2,2,0.010399597772985247,0.001287128868118468,0.9844457999443875,0.0001660121269246427,0.0037014612875839554
asthma_v2_copd_P9COPDPr_71.wav,0,4,2,2,4.358689088228443e-09,4.02517848694061e-09,0.9999986724995473,4.8503568878494196e-08,1.2706130160641424e-06
asthma_v2_healthy_P11Healthy38S.wav,0,4,3,3,0.018463579763621195,0.026773127451877744,0.01299563844800848,0.9101184519528251,0.031649202383667516
asthma_v2_healthy_P16Healthy26S.wav,0,4,3,3,0.043208905914260895,0.011335606290154796,0.002088702835215143,0.7423625314744292,0.20100425348593964
asthma_v2_healthy_P17Healthy35S.wav,0,4,3,3,0.01098301248602509,0.004117357874939928,0.021522660079845567,0.839912452895406,0.12346451666378344
asthma_v2_healthy_P17Healthy71S.wav,0,4,3,4,0.23846552358877005,0.010823166476894307,0.014008518158075195,0.05448232690308727,0.6822204648731732
asthma_v2_healthy_P18Healthy79S.wav,0,4,3,3,0.10270518960830632,0.002537720779009612,0.006641907210008292,0.8222598956044994,0.06585528679817645
asthma_v2_healthy_P18Healthy98S.wav,0,4,3,3,0.0760530851066333,0.0014622810644249623,0.0035679868862509246,0.852764176811415,0.06615247013127608
asthma_v2_healthy_P19Healthy47S.wav,0,4,3,3,0.18259577217855935,0.21250748541711972,0.11393496484218482,0.3235218278641311,0.16743994969800496
asthma_v2_healthy_P19Healthy55S.wav,0,4,3,3,0.0020413449853239622,0.0012258744293612584,0.00042215760827319157,0.9712541458080505,0.025056477168991047
asthma_v2_healthy_P1Healthy29S.wav,0,4,3,3,0.01364750710652826,0.3054312678548295,0.30366445031423533,0.351917146427979,0.025339628296427944
asthma_v2_healthy_P1Healthy86S.wav,0,4,3,3,0.015992154948738117,0.09344348618221605,0.19093552832683633,0.6556927912259484,0.04393603931626104
asthma_v2_healthy_P1Healthy99S.wav,0,4,3,3,0.013841209648771734,0.004030468219112422,0.016238217138618796,0.6942758805876894,0.27161422440580796
asthma_v2_healthy_P20Healthy25S.wav,0,4,3,3,0.008132957977539133,0.0013759602848998026,0.000408750426816426,0.8489848532631576,0.14109747804758674
asthma_v2_healthy_P20Healthy84S.wav,0,4,3,1,0.14701370911698353,0.8170872543301775,0.0020151694450783624,0.011936252689191391,0.021947614418569114
asthma_v2_healthy_P21Healthy53S.wav,0,4,3,3,0.0994559124101906,0.005201194728641233,0.06297083199922153,0.7383428054930918,0.09402925536885495
asthma_v2_healthy_P21Healthy98S.wav,0,4,3,3,0.22289454859302485,0.015625682345445195,0.0036099567782995555,0.7165939896748209,0.0412758226084096
asthma_v2_healthy_P22Healthy50S.wav,0,4,3,3,0.5417977472389862,0.01009106293406273,0.006409839324414455,0.3739171429100155,0.06778420759252132
asthma_v2_healthy_P22Healthy94S.wav,0,4,3,3,0.2242018785009485,0.13701480078576736,0.012375540209350964,0.28212022663545955,0.3442875538684735
asthma_v2_healthy_P23Healthy14S.wav,0,4,3,3,0.017939627827811794,0.0009442689657016007,0.001046332720212085,0.6255025854670491,0.35456718501922546
asthma_v2_healthy_P27Healthy73S.wav,0,4,3,3,0.0032706270923906432,0.01357697664555398,0.001202142816097811,0.9664208887101566,0.015529364735800829
asthma_v2_healthy_P2Healthy72S.wav,0,4,3,4,0.03832778658252167,0.0012048877610633616,0.002443445989955941,0.14169658456322398,0.8163272951032352
asthma_v2_healthy_P4Healthy12S.wav,0,4,3,3,0.13680664401932527,0.12770134570692304,0.06832906407091503,0.24691268713635367,0.4202502590664829
asthma_v2_healthy_P4Healthy69S.wav,0,4,3,4,0.03394388173248283,0.13951155654347422,0.35570556581211327,0.052124764815882706,0.41871423109604683
asthma_v2_healthy_P5Healthy96S.wav,0,4,3,3,0.03401411682205615,0.001344378039409097,0.0069923679402101495,0.8970472099690966,0.06060192722922796
asthma_v2_healthy_P6Healthy21S.wav,0,4,3,3,0.14498274801474345,0.05277251498356288,0.4767379189801887,0.19327766120716294,0.13222915681434202
asthma_v2_healthy_P7Healthy38S.wav,0,4,3,3,0.015018088746735228,0.012379048578636606,0.012931696777421587,0.9283146052793887,0.03135656061781803
asthma_v2_healthy_P7Healthy94S.wav,0,4,3,3,0.09199803779061164,0.05823167193453624,0.1276324146375299,0.6373314276441474,0.08480644799317466
asthma_v2_healthy_P8Healthy48S.wav,0,4,3,3,0.028503112393410985,0.0071233826382602035,0.02640719371917855,0.9057638899033102,0.03220242134584001
asthma_v2_pneumonia_P10Pneumonia97B.wav,0,4,4,0,0.6171286390322729,0.012194543315517784,0.02837271323326716,0.0007738985032137006,0.3415302059157281
asthma_v2_pneumonia_P12Pneumonia45B.wav,0,4,4,4,0.20875723900583645,0.03321872034471118,0.08622816441354106,0.0030738780662324943,0.6687219981696789
asthma_v2_pneumonia_P12Pneumonia59Q.wav,0,4,4,4,0.1694615640286863,0.17217620051682403,0.12914190807829082,0.009487196356897267,0.519733131019302
asthma_v2_pneumonia_P13Pneumonia33Z.wav,0,4,4,4,0.11400970512832823,0.0092839627195293,0.009969502524459366,0.016218029806099522,0.8505187998215837
asthma_v2_pneumonia_P14Pneumonia87C.wav,0,4,4,4,0.1285750143451233,0.009457147654241436,0.020253383301762587,0.0011075708474221622,0.8406068838514504
asthma_v2_pneumonia_P15Pneumonia12I.wav,0,4,4,4,0.03547874631352863,0.012007540482645658,0.06882730984426606,0.009158531671449017,0.8745278716881109
asthma_v2_pneumonia_P17Pneumonia51I.wav,0,4,4,2,0.006948633224733453,0.009842129343877192,0.7455318884341594,0.01704025691656946,0.22063709208066032
asthma_v2_pneumonia_P17Pneumonia86O.wav,0,4,4,2,0.016822236628177504,0.038815883472430236,0.7427036805200008,0.018466698084572093,0.18319150129481976
asthma_v2_pneumonia_P18Pneumonia15Q.wav,0,4,4,4,0.012055145760686866,0.0012038438226554791,9.690684834782363e-05,0.0007376104055234772,0.9859064931627863
asthma_v2_pneumonia_P18Pneumonia16E.wav,0,4,4,4,0.03013123200573123,0.004631847716351586,0.00026239813058620787,0.0014780645210577931,0.9634964576262731
asthma_v2_pneumonia_P18Pneumonia50S.wav,0,4,4,4,0.03923500794042421,0.0017220616520805714,0.0001855765259064572,0.00035064036554869824,0.9585067135160401
asthma_v2_pneumonia_P19Pneumonia39Z.wav,0,4,4,4,0.011986836298099159,0.00669074313387759,0.00018594628881770655,0.011296718579009563,0.969839755700196
asthma_v2_pneumonia_P1Pneumonia39F.wav,0,4,4,4,0.007298894578815805,0.0022839006728730764,0.0005078557211730895,0.0005981645459589793,0.9893111844811788
asthma_v2_pneumonia_P1Pneumonia41U.wav,0,4,4,4,0.005914721710565923,0.00399922557558316,7.250262288703117e-05,0.0007813337322689194,0.989232216358695
asthma_v2_pneumonia_P1Pneumonia94J.wav,0,4,4,4,0.07910035528582772,0.014581292605999878,0.003388985685287887,0.01966421187661058,0.8832651545462739
asthma_v2_pneumonia_P20Pneumonia27V.wav,0,4,4,4,0.03844405552192599,0.00016669291576497508,0.00049484284129705,0.009884319450775893,0.9510100892702362
asthma_v2_pneumonia_P20Pneumonia84L.wav,0,4,4,4,0.0841626841620866,0.011753818588589841,0.012063974609024542,0.2640830814090428,0.6279364412312564
asthma_v2_pneumonia_P21Pneumonia69Q.wav,0,4,4,4,0.02678789395252095,0.0014399558924995104,0.0003146394878339531,0.0007913916233471254,0.9706661190437983
asthma_v2_pneumonia_P21Pneumonia95A.wav,0,4,4,3,0.11236100243260438,0.12455614340820144,0.07458691756730117,0.2683974217648311,0.42009851482706206
asthma_v2_pneumonia_P22Pneumonia29M.wav,0,4,4,4,0.29378623881095567,0.008634476709909467,0.043598929294470144,0.018018279209090004,0.635962075975575
asthma_v2_pneumonia_P22Pneumonia51X.wav,0,4,4,4,0.08285494522906582,0.004246997366619158,0.13757243770510752,0.003970142688572743,0.7713554770106348
asthma_v2_pneumonia_P23Pneumonia19A.wav,0,4,4,4,0.08304136167615826,0.005551803639106513,0.11530214914467136,0.006612005142089933,0.7894926803979739
asthma_v2_pneumonia_P23Pneumonia54P.wav,0,4,4,4,0.15521203127806335,0.008913523512384038,0.14485259630394362,0.00463891846831112,0.6863829304372984
asthma_v2_pneumonia_P24Pneumonia67Z.wav,0,4,4,4,0.15886558235151668,0.015136844031617256,0.00034499777717832077,0.004306665819529613,0.8213459100201584
asthma_v2_pneumonia_P26Pneumonia12X.wav,0,4,4,4,0.063054060918646,0.006493271765704774,0.005087475069082245,0.08966717153185491,0.835698020714712
asthma_v2_pneumonia_P26Pneumonia66S.wav,0,4,4,3,0.020416972995057063,0.002731956583340811,0.00944524118776025,0.39298057477450965,0.5744252544593321
asthma_v2_pneumonia_P27Pneumonia25R.wav,0,4,4,4,0.056619313201806576,0.005399716038250881,0.001644531746509258,0.00024142097449148238,0.936095018038942
asthma_v2_pneumonia_P28Pneumonia43J.wav,0,4,4,3,0.00931653253472954,0.005514676668833397,0.014940723235401203,0.3616550844774679,0.6085729830835681
asthma_v2_pneumonia_P29Pneumonia18M.wav,0,4,4,4,0.00935679905733817,0.007237571767032279,0.0010040313740559738,0.02491597954738878,0.957485618254185
asthma_v2_pneumonia_P31Pneumonia16C.wav,0,4,4,4,0.0185266949758301,0.004091428014314146,0.005695424581907378,0.0006617552003656499,0.9710246972275829
asthma_v2_pneumonia_P32Pneumonia75E.wav,0,4,4,4,0.03449710550944812,0.004348857570118856,0.00018847159126849592,0.0014824245898273066,0.9594831407393373
asthma_v2_pneumonia_P33Pneumonia88U.wav,0,4,4,4,0.009656799960480135,0.0024419966156528613,9.897077719359351e-05,0.0003610028491995277,0.9874412297974741
asthma_v2_pneumonia_P35Pneumonia16F.wav,0,4,4,4,0.01647017600085443,0.00592600613156696,0.0018788002158783455,0.009498158956657276,0.966226858695043
asthma_v2_pneumonia_P37Pneumonia73K.wav,0,4,4,0,0.8449175138581114,0.04347108017245409,0.01430015474251109,0.007064105299196474,0.09024714592772673
asthma_v2_pneumonia_P37Pneumonia84E.wav,0,4,4,4,0.09660000270824093,0.02765008219752729,0.008438302672571223,0.048111079505044674,0.819200532916616
asthma_v2_pneumonia_P38Pneumonia35P.wav,0,4,4,0,0.8071507307317382,0.05323347823472061,0.04591089700652304,0.0018390197530514416,0.09186587427396689
asthma_v2_pneumonia_P39Pneumonia49H.wav,0,4,4,4,0.481243851128982,0.0023348668964693407,0.001263070763569966,0.001912916773313997,0.5132452944376649
asthma_v2_pneumonia_P39Pneumonia78Z.wav,0,4,4,0,0.6408772097319395,0.015646337607721977,0.010711020201597225,0.05905447474593333,0.27371095771280857
asthma_v2_pneumonia_P39Pneumonia85Q.wav,0,4,4,4,0.2308929691097343,0.04277177748476885,0.033811774266657886,0.0019862742760872096,0.6905372048627518
asthma_v2_pneumonia_P39Pneumonia87S.wav,0,4,4,4,0.29552920669887933,0.021820283167874002,0.05932840920755829,0.0026536798405313064,0.620668421085157
asthma_v2_pneumonia_P3Pneumonia54K.wav,0,4,4,4,0.09200563088676338,0.0010863987522373843,0.003370205878258872,0.0002479032276583955,0.9032898612550823
asthma_v2_pneumonia_P41Pneumonia17O.wav,0,4,4,4,0.315876667038061,0.00227797009463113,0.22462270417645472,0.0016872694353645982,0.4555353892554887
asthma_v2_pneumonia_P41Pneumonia41D.wav,0,4,4,2,0.21081801447605839,0.006679187208507968,0.7572043726000722,0.00022693877303203673,0.025071486942329187
asthma_v2_pneumonia_P42Pneumonia27A.wav,0,4,4,0,0.9138304244329085,0.0016285461496991433,0.01234761321069374,0.0007535055145854002,0.07143991069211318
asthma_v2_pneumonia_P42Pneumonia46D.wav,0,4,4,0,0.7476222149990441,0.0039166685740646846,0.016958729743361368,0.002403754067398105,0.22909863261613175
asthma_v2_pneumonia_P42Pneumonia69S.wav,0,4,4,0,0.7849547212610396,0.0007840141003462431,0.03922632309998892,0.002369331440014218,0.17266561009861128
asthma_v2_pneumonia_P43Pneumonia54I.wav,0,4,4,4,0.07228026649463251,0.005159612841588076,0.020579616712492373,0.003211799525822982,0.898768704425464
asthma_v2_pneumonia_P43Pneumonia73N.wav,0,4,4,4,0.08392684055303776,0.007892065102959476,0.010595593952265154,0.003459441849951824,0.8941260585417856
asthma_v2_pneumonia_P45Pneumonia10J.wav,0,4,4,4,0.07309390007616677,0.012141589719629753,0.021235110261980068,0.06869701167695103,0.8248323882652722
asthma_v2_pneumonia_P45Pneumonia72P.wav,0,4,4,4,0.20218257739476736,0.006024211481574878,0.04444252128076731,0.038552536428576034,0.7087981534143148
asthma_v2_pneumonia_P46Pneumonia15W.wav,0,4,4,4,0.16504461971045134,0.014036244782533165,0.008351815467943082,0.02938826754094231,0.78317905249813
asthma_v2_pneumonia_P46Pneumonia22V.wav,0,4,4,4,0.02320702418678497,0.010160631548094658,0.0960834386183204,0.12193126837786696,0.7486176372689327
asthma_v2_pneumonia_P5Pneumonia95V.wav,0,4,4,4,0.02991593822624871,0.003862751029010479,0.018068766469173023,0.010500852203020394,0.9376516920725475
asthma_v2_pneumonia_P6Pneumonia32L.wav,0,4,4,4,0.021449277800222107,0.003971143101549306,0.01737327480017619,0.001406449422655563,0.9557998548753966
asthma_v2_pneumonia_P7Pneumonia61Q.wav,0,4,4,4,0.030255767855557843,0.0023705340138707068,0.019102445729388497,0.009786897455526817,0.9384843549456563
asthma_v2_pneumonia_P9Pneumonia31T.wav,0,4,4,4,0.22840758867832697,0.029140185855037484,0.05938221447374595,0.00554017123636559,0.6775298397565238
asthma_v2_pneumonia_P9Pneumonia74V.wav,0,4,4,4,0.08091609928434164,0.0017468610512478807,0.0024816418229335144,0.07638079139843866,0.8384746064430383
