file_id,repeat,fold,y_true,y_pred,p_asthma,p_bronchial,p_copd,p_healthy,p_pneumonia
asthma_v2_Bronchial_P11BronchialSc_52.wav,1,0,1,0,0.5337893464757403,0.08064778388357223,0.07074535606051408,0.025950931196891597,0.28886658238328194
asthma_v2_Bronchial_P11BronchialSc_54.wav,1,0,1,3,0.2216800223476397,0.09507318355919377,0.027111782565556714,0.3077055415663697,0.3484294699612402
asthma_v2_Bronchial_P11BronchialTc_51.wav,1,0,1,1,0.004546047981179531,0.965800111722441,0.018916649142860068,0.0019012683993425755,0.008835922754176873
asthma_v2_Bronchial_P11BronchialTc_53.wav,1,0,1,3,0.08643664927309191,0.1550815799547205,0.027473631544494587,0.5492468946835959,0.18176124454409698
asthma_v2_Bronchial_P11BronchialTc_55.wav,1,0,1,0,0.9523757966215142,0.02652920191935178,0.004241016977019084,0.0006141822333423143,0.016239802248772698
asthma_v2_Bronchial_P14BronchialSc_66.wav,1,0,1,0,0.20791422829408546,0.6431772968753119,0.11213874596611144,0.008783901872065568,0.027985826992425706
asthma_v2_Bronchial_P14BronchialSc_68.wav,1,0,1,0,0.43526177583437675,0.0085819806224267,0.5387870645032593,0.0008556453191463199,0.016513533720790938
asthma_v2_Bronchial_P14BronchialSc_70.wav,1,0,1,1,1.7428982825351361e-06,0.9981258371482277,0.0008800533693113197,0.0007329699135643771,0.00025939667061398015
asthma_v2_Bronchial_P14BronchialTc_67.wav,1,0,1,0,0.7385958007306499,0.16624506812684364,0.06252510758222697,0.010106872866356559,0.022527150693922887
asthma_v2_Bronchial_P14BronchialTc_69.wav,1,0,1,0,0.8869581907459174,0.05459202598007534,0.02330661049618275,0.003876446515662186,0.03126672626216259
asthma_v2_Bronchial_P19BronchialSc_92.wav,1,0,1,1,8.307013861240052e-06,0.9953077458655397,0.003823370297706305,6.647476377234962e-05,0.0007941020591203377
asthma_v2_Bronchial_P19BronchialSc_94.wav,1,0,1,1,0.004066160842624835,0.9282847475789485,0.05876560185078189,0.0013948538487115077,0.007488635878933358
asthma_v2_Bronchial_P19BronchialTc_91.wav,1,0,1,1,0.03735040292599426,0.3153106883471095,0.6028639098445708,0.003593382646092271,0.040881616236233105
asthma_v2_Bronchial_P19BronchialTc_93.wav,1,0,1,1,6.216754323585463e-05,0.9880146572479754,0.011141457329067824,6.595443928864593e-05,0.0007157634404322538
asthma_v2_Bronchial_P19BronchialTc_95.wav,1,0,1,1,0.0022825784460210785,0.9682217710310262,0.02083865098501781,0.0034502044219907107,0.00520679511594416
asthma_v2_Bronchial_P3BronchialSc_12.wav,1,0,1,1,0.0025737240041226826,0.9760091839686308,0.00990379293686171,0.006744261480412262,0.004769037609972656
asthma_v2_Bronchial_P3BronchialSc_14.wav,1,0,1,1,0.00207347390503274,0.8768505303237027,0.07799674397467919,0.03502836735677919,0.00805088443980632
asthma_v2_Bronchial_P3BronchialTc_11.wav,1,0,1,1,0.003659867275802288,0.9641823776867029,0.018011508164179388,0.007416746001094656,0.006729500872220546
asthma_v2_Bronchial_P3BronchialTc_13.wav,1,0,1,1,0.001585455558851713,0.9787882582205611,0.010952151813968159,0.0062473539360772,0.0024267804705418393
asthma_v2_Bronchial_P3BronchialTc_15.wav,1,0,1,1,0.0020897735164043412,0.9327218353384384,0.02951982021635629,0.031582110168816624,0.004086460759984088
asthma_v2_asthma_P12WheezingIE_57.wav,1,0,0,0,0.8510542943571057,0.00618104520653775,0.053317430552439676,0.002226432258314822,0.08722079762560218
asthma_v2_asthma_P12WheezingIU_58.wav,1,0,0,0,0.8745058341304582,0.013675482014202262,0.01745946673189283,0.004444286678541431,0.08991493044490537
asthma_v2_asthma_P12WheezingRL_59.wav,1,0,0,0,0.958965490622274,0.014436529265014503,0.006976062660050715,0.0010154624847192161,0.018606454967941416
asthma_v2_asthma_P12WheezingRS_56.wav,1,0,0,0,0.8227028072927317,0.006402861556418785,0.057042273786697184,0.0019890245390304594,0.11186303282512211
asthma_v2_asthma_P12WheezingRS_60.wav,1,0,0,0,0.9040425733922894,0.060031431330853514,0.006398492952226627,0.0009110939556455299,0.02861640836898494
asthma_v2_asthma_P14WheezingIE_69.wav,1,0,0,0,0.6297533884126514,0.07105945030401727,0.004381463537022557,0.1934138199450616,0.10139187780124706
asthma_v2_asthma_P14WheezingIU_66.wav,1,0,0,0,0.9318427925148353,0.04256754387607764,0.006845180290829611,0.0002337274742777148,0.018510755843979747
asthma_v2_asthma_P14WheezingIU_70.wav,1,0,0,0,0.551852536800712,0.0069784056756231,0.005474751695802846,0.023507437211179923,0.4121868686166819
asthma_v2_asthma_P14WheezingRL_67.wav,1,0,0,0,0.7927945968499447,0.007571616146615923,0.0022533754223308233,0.023785197057857196,0.17359521452325113
asthma_v2_asthma_P14WheezingRS_68.wav,1,0,0,0,0.7977714801467207,0.00950190464903915,0.00415352711053948,0.00686499795742069,0.1817080901362802
asthma_v2_asthma_P21WheezingIE_101.wav,1,0,0,0,0.6935748947509933,0.0431973406256767,0.009651074508754784,0.06689733015161987,0.18667935996295548
asthma_v2_asthma_P21WheezingIE_105.wav,1,0,0,0,0.4915108022283885,0.04922016629843273,0.21283633191517976,0.00966701728532564,0.2367656822726731
asthma_v2_asthma_P21WheezingIU_102.wav,1,0,0,0,0.865845262569358,0.09715307209895552,0.0018447003276056007,0.013534049252042338,0.02162291575203876
asthma_v2_asthma_P21WheezingRL_103.wav,1,0,0,0,0.7599539153279616,0.02309969417811537,0.00543025350351948,0.06541162723125668,0.14610450975914654
asthma_v2_asthma_P21WheezingRS_104.wav,1,0,0,0,0.36410695207980665,0.07131789794645563,0.2636454936314892,0.008724406520790437,0.2922052498214582
asthma_v2_asthma_P30WheezingIE_149.wav,1,0,0,0,0.8909706065235413,0.03466522325788037,0.0036421038009919176,0.0035530670721341624,0.06716899934545234
asthma_v2_asthma_P30WheezingIU_146.wav,1,0,0,0,0.6354553591730213,0.00036673938887408293,0.0037552676345675978,0.0003611464876437878,0.36006148731589316
asthma_v2_asthma_P30WheezingIU_150.wav,1,0,0,0,0.44341623675443254,0.3011446230588434,0.026546158060300345,0.04050118840154996,0.18839179372487394
asthma_v2_asthma_P30WheezingRL_147.wav,1,0,0,0,0.8960265031232406,0.022317170385486522,0.017776551214818095,0.0013271283644221575,0.06255264691203269
asthma_v2_asthma_P30WheezingRS_148.wav,1,0,0,0,0.7409683077534983,0.09270837916782677,0.017910740657730337,0.008589165085289856,0.13982340733565501
asthma_v2_asthma_P32WheezingIE_157.wav,1,0,0,0,0.7688295142112501,0.01982077968407916,0.02146213667042077,0.007476941203411893,0.1824106282308383
asthma_v2_asthma_P32WheezingIU_158.wav,1,0,0,0,0.8264333886282224,0.08695573287643102,0.012370023516285737,0.008455218475481429,0.06578563650357926
asthma_v2_asthma_P32WheezingRL_159.wav,1,0,0,0,0.31348257291360837,0.38695980067633967,0.05887690407841684,0.019159103860985134,0.22152161847065038
asthma_v2_asthma_P32WheezingRS_156.wav,1,0,0,0,0.8011380313998222,0.017777212018023156,0.002474784219856905,0.036439797119409784,0.14217017524288797
asthma_v2_asthma_P32WheezingRS_160.wav,1,0,0,0,0.7179878227867921,0.004649624285790287,0.004229736272030245,0.0022987431157000665,0.27083407353968725
asthma_v2_asthma_P35WheezingIE_173.wav,1,0,0,0,0.41385555885095415,0.00021282536760497804,0.4873208505942571,0.00030125818562403654,0.0983095070015601
asthma_v2_asthma_P35WheezingIU_174.wav,1,0,0,0,0.728398611547235,0.11802642674439197,0.032983557046884125,0.01109750281593538,0.10949390184555376
asthma_v2_asthma_P35WheezingRL_171.wav,1,0,0,0,0.9397885814403372,0.019218954806362546,0.004043046519213548,0.0019141588278602049,0.03503525840622642
asthma_v2_asthma_P35WheezingRL_175.wav,1,0,0,0,0.9560576269301526,0.005121049396177181,0.012237886337302668,0.0006367109858894522,0.02594672635047787
asthma_v2_asthma_P35WheezingRS_172.wav,1,0,0,0,0.3164519577187812,0.0008596823105560767,0.5370000244824575,0.001023443439967163,0.1446648920482381
asthma_v2_asthma_P41WheezingIE_201.wav,1,0,0,0,0.9470142583965672,0.003901129716037427,0.031905529188210706,0.001002121381830432,0.016176961317354285
asthma_v2_asthma_P41WheezingIE_205.wav,1,0,0,0,0.9308895562480949,0.001857081942403728,0.02295995519735395,0.0016130832571561095,0.04268032335499106
asthma_v2_asthma_P41WheezingIU_202.wav,1,0,0,0,0.9558816706549808,0.0004502786228818576,0.015576357118119956,0.0004028235092291528,0.02768887009478828
asthma_v2_asthma_P41WheezingRL_203.wav,1,0,0,2,0.21630956639322116,0.0001590703559956398,0.7811679117124406,5.913912566028942e-05,0.0023043124126829674
asthma_v2_asthma_P41WheezingRS_204.wav,1,0,0,0,0.8029056957516963,0.0015266197761678293,0.057876883545756035,0.002938092237987507,0.13475270868839231
asthma_v2_asthma_P47WheezingIE_233.wav,1,0,0,0,0.6743941114119829,0.0006863316849417186,0.2809403072595424,0.0003586157143009284,0.04362063392923208
asthma_v2_asthma_P47WheezingIU_234.wav,1,0,0,0,0.8887020154170651,0.0009100381424506173,0.08486555120152027,0.0005724505415223758,0.02494994469744154
asthma_v2_asthma_P47WheezingRL_231.wav,1,0,0,0,0.4365120991216062,0.004443081565597407,0.47633578683246713,0.0020195630088979573,0.08068946947143134
asthma_v2_asthma_P47WheezingRL_235.wav,1,0,0,0,0.854537679023633,0.003209489832816701,0.0706221920906243,0.0030189734342256115,0.06861166561870004
asthma_v2_asthma_P47WheezingRS_232.wav,1,0,0,0,0.9481248581306514,0.0006874974775990386,0.03697485584991569,0.00031787285469434456,0.013894915687139853
asthma_v2_asthma_P49WheezingIE_241.wav,1,0,0,0,0.7227667652305452,0.00811048457703338,0.007645470048536789,0.005396357227196254,0.25608092291668866
asthma_v2_asthma_P49WheezingIE_245.wav,1,0,0,0,0.9575304828230718,0.0016926817092042894,0.024511571912524233,0.006945121843295282,0.009320141711904576
asthma_v2_asthma_P49WheezingIU_242.wav,1,0,0,0,0.6798569466301017,0.012213706998598521,0.02590153967113808,0.00110128765329336,0.28092651904686844
asthma_v2_asthma_P49WheezingRL_243.wav,1,0,0,0,0.9536620266325602,0.008205294446241672,0.031084355092642454,0.0018422670868294502,0.00520605674172619
asthma_v2_asthma_P49WheezingRS_244.wav,1,0,0,0,0.9547708824023226,0.0001934860790898534,0.03949091289978566,0.00011224708600746382,0.00543247153279462
asthma_v2_asthma_P7AsthmaIE_33.wav,1,0,0,0,0.8022364893400891,0.12489503046004351,0.0172902717294955,0.00577002292487328,0.0498081855454992
asthma_v2_asthma_P7AsthmaIU_34.wav,1,0,0,0,0.7263232325631336,0.1742960734752485,0.018002522097534602,0.008319081093334822,0.07305909077074876
asthma_v2_asthma_P7AsthmaRL_31.wav,1,0,0,0,0.6374985205327105,0.004777684591854629,0.008446115222280521,0.04383103805007203,0.3054466416030826
asthma_v2_asthma_P7AsthmaRL_35.wav,1,0,0,0,0.8565217497324,0.09852349478070134,0.0033385758023549653,0.0028889954672342852,0.03872718421730903
asthma_v2_asthma_P7AsthmaRS_32.wav,1,0,0,4,0.20416731991013434,0.0010117195771643113,0.008249581631890462,0.01020186733298493,0.776369511547826
asthma_v2_asthma_P8AsthmaIE_37.wav,1,0,0,0,0.9191776471822939,0.030938622417572583,0.006357742796993617,0.0023518570754772527,0.04117413052766283
asthma_v2_asthma_P8AsthmaIU_38.wav,1,0,0,0,0.5832699114795036,0.19271499914390963,0.03754196860018607,0.07396549906663254,0.11250762170976823
asthma_v2_asthma_P8AsthmaRL_39.wav,1,0,0,0,0.7769070341826528,0.03556513456641254,0.05788733386894967,0.01162556904771972,0.11801492833426494
asthma_v2_asthma_P8AsthmaRS_36.wav,1,0,0,0,0.1911592562294409,0.7996069054062066,0.0008545344169812916,0.0008859705555739671,0.00749333339179677
asthma_v2_asthma_P8AsthmaRS_40.wav,1,0,0,4,0.4370944356651218,0.005315209195422654,0.041894951569269194,0.006940868980621782,0.5087545345895644
asthma_v2_copd_P15COPDMc_114.wav,1,0,2,2,0.0996716774773819,0.012139690890501008,0.8827075627753169,0.002874589090240977,0.0026064797665589796
asthma_v2_copd_P15COPDMc_116.wav,1,0,2,2,0.011199593828957312,0.001353015598635269,0.9866192688482426,0.00013083764000592247,0.0006972840841586989
asthma_v2_copd_P15COPDMc_118.wav,1,0,2,0,0.5309849612578129,0.0005161321425694523,0.4631470839952929,0.0001497073380148767,0.005202115266309938
asthma_v2_copd_P15COPDMc_120.wav,1,0,2,2,0.08349800281587809,0.027212082976342335,0.8710172694315104,0.00332254404855396,0.01495010072771532
asthma_v2_copd_P15COPDPr_113.wav,1,0,2,2,0.28331853506968313,0.008820387550668878,0.7057858642672896,0.0004330426504813226,0.0016421704618777122
asthma_v2_copd_P15COPDPr_115.wav,1,0,2,2,0.0745773484728846,0.008584170786520058,0.9094167723266294,0.000920386999582299,0.006501321414383813
asthma_v2_copd_P15COPDPr_117.wav,1,0,2,2,0.206678531596993,0.004266843811035701,0.7816099436882321,0.00038349638624483856,0.007061184517494452
asthma_v2_copd_P15COPDPr_119.wav,1,0,2,2,0.03435673409299492,0.009538551159968328,0.943138399037922,0.0029862787237298766,0.009980036985384909
asthma_v2_copd_P19COPDMc_146.wav,1,0,2,2,0.02470538673061023,0.01575236376106668,0.9270435340117505,0.0015901773875761514,0.030908538108996342
asthma_v2_copd_P19COPDMc_148.wav,1,0,2,2,0.02468505363820557,0.01158091607948238,0.935478415762692,0.0011110018117598834,0.027144612707860047
asthma_v2_copd_P19COPDMc_150.wav,1,0,2,2,0.03463251720891579,0.0028599962517343244,0.8929955543431203,0.0007114442870348197,0.0688004879091948
asthma_v2_copd_P19COPDMc_152.wav,1,0,2,2,0.0019451445443387993,0.0003139278262926585,0.9935131726100606,0.0002863167005043724,0.003941438318803719
asthma_v2_copd_P19COPDPr_145.wav,1,0,2,2,2.623677386360902e-07,5.892673687520078e-07,0.9997909778197688,9.274688347203066e-06,0.00019889585677658827
asthma_v2_copd_P19COPDPr_147.wav,1,0,2,2,0.050185434657585605,0.011699349692850143,0.8565553153313779,0.0022971190047077353,0.0792627813134787
asthma_v2_copd_P19COPDPr_149.wav,1,0,2,2,0.014120367515599575,0.0022732876244537844,0.9759215123992377,0.00017143516740227257,0.007513397293306399
asthma_v2_copd_P19COPDPr_151.wav,1,0,2,2,0.007986627417335582,0.001739974619791356,0.9865573364414291,0.00031807641559708597,0.0033979851058470634
asthma_v2_copd_P1COPDMc_2.wav,1,0,2,0,0.7338239295615272,0.005785650361460008,0.1665290868467202,0.044795619345997094,0.04906571388429563
asthma_v2_copd_P1COPDMc_4.wav,1,0,2,2,0.023817400002740453,0.0027680969237989152,0.8154698817814069,0.0045755723156723814,0.15336904897638143
asthma_v2_copd_P1COPDMc_6.wav,1,0,2,2,0.003838918580504174,0.00015637443167371452,0.9488523875248994,0.00416370191178633,0.042988617551136185
asthma_v2_copd_P1COPDMc_8.wav,1,0,2,2,1.168324572422068e-07,7.314111493384159e-08,0.9997255024553842,1.1103515499025755e-05,0.0002632040555447033
asthma_v2_copd_P1COPDPr_1.wav,1,0,2,0,0.9572095092655704,0.002871981922568601,0.024689773219573562,0.0015731660695830303,0.01365556952270435
asthma_v2_copd_P1COPDPr_3.wav,1,0,2,2,0.012989202108464883,0.0012238873840368487,0.9783834760823011,0.00028668681935031603,0.007116747605847006
asthma_v2_copd_P1COPDPr_5.wav,1,0,2,2,0.0028420595745227636,0.00012672344809384667,0.9878659649149305,0.0015402123292978034,0.007625039733155177
asthma_v2_copd_P1COPDPr_7.wav,1,0,2,2,0.0034168694288422246,0.00014892851054604104,0.9826239058741189,0.002230895564499665,0.01157940062199296
asthma_v2_copd_P22COPDMc_170.wav,1,0,2,2,0.011756365569574913,0.0005125764298094927,0.945074649120431,0.0024581648678966375,0.040198244012287665
asthma_v2_copd_P22COPDMc_172.wav,1,0,2,2,0.0007792368256967568,0.00019214601051043462,0.9920672606069889,0.00263668970383675,0.004324666852967154
asthma_v2_copd_P22COPDMc_174.wav,1,0,2,2,0.0034928136295417234,0.00028084739260871515,0.961151800244787,0.016368470914925947,0.01870606781813692
asthma_v2_copd_P22COPDMc_176.wav,1,0,2,2,0.009850808917713559,0.004890209905803214,0.9510579770754717,0.0037474769774668184,0.03045352712354454
asthma_v2_copd_P22COPDPr_169.wav,1,0,2,2,3.66940603571827e-07,2.289676897688694e-07,0.999494854329368,3.4888367545413425e-05,0.00046966139479303655
asthma_v2_copd_P22COPDPr_171.wav,1,0,2,2,0.000596526452630801,0.00012044807413584935,0.9898506478780038,0.005128103282079126,0.004304274313150432
asthma_v2_copd_P22COPDPr_173.wav,1,0,2,2,0.017488895869613604,0.00238764995045016,0.9545568214727115,0.004798691096238558,0.020767941610986506
asthma_v2_copd_P22COPDPr_175.wav,1,0,2,2,0.0027787323119655913,0.00024779512659683017,0.9728668556141526,0.010740549031604874,0.013366067915680202
asthma_v2_copd_P28COPDMc_218.wav,1,0,2,2,0.01763723293762805,0.00401895121308161,0.9560583107607936,0.009305536492752245,0.012979968595744094
asthma_v2_copd_P28COPDMc_220.wav,1,0,2,2,0.08002591566823711,0.008336159955767312,0.8571893313592077,0.01861476385460762,0.03583382916218059
asthma_v2_copd_P28COPDMc_222.wav,1,0,2,2,7.906657413555275e-07,9.572272436768295e-07,0.9991486792966784,1.8863423903539334e-06,0.0008476864679462128
asthma_v2_copd_P28COPDMc_224.wav,1,0,2,2,0.004572167184214135,0.0001472304665616986,0.9917788929322657,0.00039150479436295295,0.003110204622595408
asthma_v2_copd_P28COPDPr_217.wav,1,0,2,2,1.5242779231868394e-06,1.040750331715873e-06,0.9987602456534458,0.000361512288656953,0.0008756770296424595
asthma_v2_copd_P28COPDPr_219.wav,1,0,2,2,0.04103072456498948,0.006692717300323388,0.9177435921949617,0.012222645164225993,0.02231032077549927
asthma_v2_copd_P28COPDPr_221.wav,1,0,2,2,0.000498292558338137,0.0004731997871283554,0.9972082130868168,3.5934626436511034e-05,0.0017843599412801722
asthma_v2_copd_P28COPDPr_223.wav,1,0,2,2,3.537640994771464e-07,5.430018846628154e-07,0.9993475314721155,6.693493908433208e-06,0.0006448782679921078
asthma_v2_copd_P35COPDMc_274.wav,1,0,2,2,0.00402807351228663,0.00289952209854826,0.9601151101651603,0.00188961391939407,0.031067680304610865
asthma_v2_copd_P35COPDMc_276.wav,1,0,2,2,0.0007963581431875139,0.00020966889905390986,0.9967839816636018,0.00024451438510011996,0.001965476909056787
asthma_v2_copd_P35COPDMc_278.wav,1,0,2,2,0.0008987698732048239,0.0002582826015014811,0.9963052814274695,0.0007914625595004479,0.0017462035383238378
asthma_v2_copd_P35COPDMc_280.wav,1,0,2,2,6.764432525100288e-07,4.10746896850987e-07,0.99944592975692,1.3016095573358801e-05,0.0005399669573572049
asthma_v2_copd_P35COPDPr_273.wav,1,0,2,2,0.004966892178769158,0.0007776331212783503,0.9674920554871188,0.0006851339533708846,0.026078285259463013
asthma_v2_copd_P35COPDPr_275.wav,1,0,2,2,0.00702547243919636,0.0031130362934333293,0.9750472370050717,0.0034042411186959096,0.011410013143602517
asthma_v2_copd_P35COPDPr_277.wav,1,0,2,2,0.0033622683318000504,0.0007481566094070027,0.9898560962670072,0.00222398855645582,0.0038094902353299205
asthma_v2_copd_P35COPDPr_279.wav,1,0,2,2,0.0020762221303793713,0.00012255820115870405,0.9959854347930981,0.000437586220607794,0.0013781986547562707
asthma_v2_copd_P36COPDMc_282.wav,1,0,2,2,0.12284191998132225,0.07395928099708907,0.613453350474037,0.01426648693935798,0.175478961608194
asthma_v2_copd_P36COPDMc_284.wav,1,0,2,2,0.04162153141933134,0.003588720362618484,0.796398482660983,0.0223989610012472,0.13599230455582031
asthma_v2_copd_P36COPDMc_286.wav,1,0,2,2,0.0030818425930606054,0.0019247414585446434,0.9795594534658949,0.0026544153215786923,0.01277954716092094
asthma_v2_copd_P36COPDMc_288.wav,1,0,2,2,0.00170817247215788,0.0059587014827586285,0.9866126446149948,0.0015980057276925828,0.0041224757023961235
asthma_v2_copd_P36COPDPr_281.wav,1,0,2,2,0.0007573222780850828,6.76438606474821e-05,0.9955953824879562,0.0004671468689561625,0.0031125045043549305
asthma_v2_copd_P36COPDPr_283.wav,1,0,2,2,0.02742967539312279,0.021286912529355804,0.8193198952111365,0.04111497107663629,0.09084854578974849
asthma_v2_copd_P36COPDPr_285.wav,1,0,2,2,0.0010075589576620573,0.0003192182020281831,0.9961004805822063,0.0004352544312443871,0.002137487826858587
asthma_v2_copd_P36COPDPr_287.wav,1,0,2,2,0.0014032872819513078,0.0025195804241140533,0.9850197379562141,0.0032615322258140325,0.0077958621119068264
asthma_v2_copd_P44COPDMc_346.wav,1,0,2,2,0.004617939130758409,0.0019435038632325387,0.8494407716842274,0.0029127665040645984,0.1410850188177173
asthma_v2_copd_P44COPDMc_348.wav,1,0,2,2,0.009338614282331124,0.005080472908544271,0.6895264396769261,0.0074749892929857125,0.28857948383921306
asthma_v2_copd_P44COPDMc_350.wav,1,0,2,1,0.01123825906681741,0.36805037368652455,0.486142273007779,0.10955355718065457,0.025015537058224523
asthma_v2_copd_P44COPDMc_352.wav,1,0,2,2,4.83089763340481e-06,3.264626754816637e-06,0.9972018871688938,9.845294220634344e-05,0.0026915643645117246
asthma_v2_copd_P44COPDPr_345.wav,1,0,2,2,0.0003670740705915487,0.00021268392392595123,0.9975116053096641,0.00011098452904402242,0.0017976521667741653
asthma_v2_copd_P44COPDPr_347.wav,1,0,2,2,0.012347465617471791,0.002086023329552624,0.7698465268502427,0.0034868053648789733,0.2122331788378538
asthma_v2_copd_P44COPDPr_349.wav,1,0,2,2,0.0009129571107812508,0.039502843513518945,0.9113092014399783,0.04095808314345081,0.0073169147922707446
asthma_v2_copd_P44COPDPr_351.wav,1,0,2,2,0.003651691105925712,0.20323378489811192,0.7277922034336237,0.046818750839574014,0.018503569722764443
asthma_v2_copd_P7COPDMc_50.wav,1,0,2,2,0.00422023823809115,0.00010618436740344552,0.9913870757126855,0.0018085817584368997,0.0024779199233830596
asthma_v2_copd_P7COPDMc_52.wav,1,0,2,2,0.009935955156953752,0.0026039355673942214,0.9820958355993828,0.0018929080073755418,0.0034713656688937023
asthma_v2_copd_P7COPDMc_54.wav,1,0,2,2,0.011726555319170976,0.0020321383584589116,0.975017694568798,0.00871744258296857,0.0025061691706032892
asthma_v2_copd_P7COPDMc_56.wav,1,0,2,2,0.007328627630039267,0.002757277701118419,0.9844199415157053,0.0021862379526593157,0.0033079152004775792
asthma_v2_copd_P7COPDPr_49.wav,1,0,2,2,0.005449097614323652,0.00030780835841105704,0.9748730728229739,0.0008849628972170897,0.01848505830707404
asthma_v2_copd_P7COPDPr_51.wav,1,0,2,2,0.012987479219217743,0.0003465424685413265,0.9749191796448439,0.003191628228782062,0.008555170438615211
asthma_v2_copd_P7COPDPr_53.wav,1,0,2,2,0.006162026244478387,0.0012943240193841795,0.9853282180013526,0.005660434824112918,0.0015549969106717697
asthma_v2_copd_P7COPDPr_55.wav,1,0,2,2,0.013219894345695234,0.2546157997847875,0.6009696328322472,0.12205872272739357,0.009135950309876514
asthma_v2_copd_P8COPDMc_58.wav,1,0,2,2,0.004618372337036893,0.0015561464039258576,0.9906747867092701,0.0005438245151987673,0.002606870034568128
asthma_v2_copd_P8COPDMc_60.wav,1,0,2,2,5.672316379234999e-09,3.781349618183582e-09,0.9999827777128503,7.323286675405919e-08,1.7139600616805145e-05
asthma_v2_copd_P8COPDMc_62.wav,1,0,2,2,5.074236998432429e-07,2.462955205711718e-07,0.9996159266258617,2.7156662249777017e-06,0.0003806039886929395
asthma_v2_copd_P8COPDMc_64.wav,1,0,2,2,0.005763027185513691,0.0005701798802061675,0.9790233627096065,0.0010453703834796518,0.013598059841193942
asthma_v2_copd_P8COPDPr_57.wav,1,0,2,2,0.0015262890254496642,0.00014456211514056547,0.9938441988856099,0.00042939939872912265,0.004055550575070906
asthma_v2_copd_P8COPDPr_59.wav,1,0,2,2,1.4330634931892564e-08,1.4811882366086357e-08,0.9999383569075125,2.6528814810844454e-07,6.134866182192486e-05
asthma_v2_copd_P8COPDPr_61.wav,1,0,2,2,0.0024513635400435106,0.00026124590469364103,0.9952759408083924,0.000370873105688489,0.0016405766411819985
asthma_v2_copd_P8COPDPr_63.wav,1,0,2,2,8.44312451198877e-09,7.3468814861375546e-09,0.999919708340683,5.136003389462572e-08,8.022450927723559e-05
asthma_v2_healthy_P1Healthy29S.wav,1,0,3,3,0.009413185715936965,0.391532913108594,0.11980780243840078,0.46831283692525455,0.010933261811813798
asthma_v2_healthy_P1Healthy55S.wav,1,0,3,3,0.0050405824466372385,0.006262666590879124,0.013796931638118409,0.9606451086274267,0.014254710696938537
asthma_v2_healthy_P1Healthy86S.wav,1,0,3,3,0.015381822973173455,0.18321296913818297,0.07623484852409085,0.7088410726007707,0.01632928676378265
asthma_v2_healthy_P1Healthy88S.wav,1,0,3,3,0.012189476270587257,0.0754810410190783,0.07404218815932181,0.8168323488882238,0.021454945662788757
asthma_v2_healthy_P1Healthy99S.wav,1,0,3,3,0.009403341946071299,0.004683066120914936,0.030999297197309574,0.8167183549107817,0.1381959398249227
asthma_v2_healthy_P20Healthy25S.wav,1,0,3,3,0.014427302065008465,0.0008359511677747911,0.0008204922148594476,0.7789955984114398,0.20492065614091787
asthma_v2_healthy_P20Healthy31S.wav,1,0,3,3,0.003636787427839442,0.00027879512268160986,0.00050407751648226,0.9470778923213959,0.048502447611600955
asthma_v2_healthy_P20Healthy59S.wav,1,0,3,3,0.009863362912555027,0.00856733904485218,0.003283178639032552,0.797288597266248,0.18099752213731227
asthma_v2_healthy_P20Healthy70S.wav,1,0,3,3,0.010275021607096485,0.0068254024053503014,0.0010784051527600725,0.8395063170675023,0.14231485376729083
asthma_v2_healthy_P20Healthy84S.wav,1,0,3,0,0.5836405168943566,0.1643178956639079,0.015335116822974093,0.0842665233169635,0.15243994730179786
asthma_v2_healthy_P22Healthy36S.wav,1,0,3,3,0.01197585565484925,0.0018738940992045416,0.019082174435335317,0.9301627951351914,0.03690528067541926
asthma_v2_healthy_P22Healthy45S.wav,1,0,3,3,0.012580746101163089,0.00026434855403490907,0.0023759585947694503,0.9368146421647098,0.04796430458532261
asthma_v2_healthy_P22Healthy50S.wav,1,0,3,3,0.4926158275019389,0.023883524334369806,0.004265933822301672,0.42994351416092946,0.04929120018046013
asthma_v2_healthy_P22Healthy88S.wav,1,0,3,3,0.01878638414150074,0.000960827063551736,0.0013689781492260543,0.776461045663167,0.20242276498255465
asthma_v2_healthy_P22Healthy94S.wav,1,0,3,3,0.32302544602762817,0.05983783280429523,0.010919639031436107,0.3639315174889687,0.24228556464767156
asthma_v2_healthy_P23Healthy14S.wav,1,0,3,3,0.01878638414150074,0.000960827063551736,0.0013689781492260543,0.776461045663167,0.20242276498255465
asthma_v2_healthy_P23Healthy24S.wav,1,0,3,3,0.028361961827160827,0.00039354736941223323,0.0006748531321008687,0.45575804794624986,0.5148115897250762
asthma_v2_healthy_P23Healthy72S.wav,1,0,3,3,0.007527222669289223,0.0006436482457012902,0.0015483276883355344,0.9749992927472639,0.015281508649410263
asthma_v2_healthy_P23Healthy97S.wav,1,0,3,3,0.028361961827160827,0.00039354736941223323,0.0006748531321008687,0.45575804794624986,0.5148115897250762
asthma_v2_healthy_P23Healthy98S.wav,1,0,3,3,0.007527222669289223,0.0006436482457012902,0.0015483276883355344,0.9749992927472639,0.015281508649410263
asthma_v2_healthy_P7Healthy38S.wav,1,0,3,3,0.026846306822179974,0.06011302563659646,0.042053315840863456,0.8436059799668423,0.02738137173351797
asthma_v2_healthy_P7Healthy39S.wav,1,0,3,3,0.036659181256923204,0.23278243927371828,0.1652294499258535,0.5373409627104146,0.027987966833090117
asthma_v2_healthy_P7Healthy84S.wav,1,0,3,3,0.10774048430768025,0.005271843823037176,0.2401079012303152,0.31509258950059854,0.331787181138369
asthma_v2_healthy_P7Healthy85S.wav,1,0,3,4,0.14863503310967752,0.010535169658580904,0.1613056156413808,0.1827748005057787,0.49674938108458233
asthma_v2_healthy_P7Healthy94S.wav,1,0,3,3,0.07610698930494582,0.1504196206891621,0.2801763510702567,0.43267796780716444,0.06061907112847095
asthma_v2_healthy_P8Healthy33S.wav,1,0,3,0,0.24577117650041236,0.16223867772533399,0.3245559723374107,0.2235581260300068,0.043876047406836545
asthma_v2_healthy_P8Healthy35S.wav,1,0,3,3,0.14274314084310327,0.13498512242500454,0.3124827000080817,0.344615038314759,0.06517399840905187
asthma_v2_healthy_P8Healthy48S.wav,1,0,3,3,0.1864582841286843,0.07184313394633311,0.18442677736830865,0.5176384196121544,0.039633384944519644
asthma_v2_healthy_P8Healthy70S.wav,1,0,3,3,0.039332352281838866,0.4778445416784578,0.07028782630079747,0.34446321502482297,0.06807206471408328
asthma_v2_healthy_P8Healthy82S.wav,1,0,3,3,0.03823683235879677,0.21939879538837626,0.047172387977193066,0.6445757246637372,0.050616259611896836
asthma_v2_pneumonia_P11Pneumonia12W.wav,1,0,4,4,0.1833525311901653,0.027075733915488846,0.007148001584471435,0.022619550934719904,0.7598041823751547
asthma_v2_pneumonia_P11Pneumonia18T.wav,1,0,4,4,0.06614212826535981,0.007471027061721349,0.11027342419789354,0.0036136130155140305,0.8124998074595113
asthma_v2_pneumonia_P11Pneumonia41N.wav,1,0,4,4,0.06985072720769496,0.00039638635461671613,0.0031222558200216573,0.034977215681553625,0.8916534149361129
asthma_v2_pneumonia_P11Pneumonia58A.wav,1,0,4,4,0.0386487248543361,0.0009526017943062281,0.005328671625141108,0.00885430286938269,0.9462156988568338
asthma_v2_pneumonia_P11Pneumonia65P.wav,1,0,4,4,0.15816976318469517,0.04262569314443184,0.012310864951856426,0.010007206982175767,0.7768864717368407
asthma_v2_pneumonia_P11Pneumonia98J.wav,1,0,4,4,0.07624462971897353,0.007867516761175657,0.008139099918107219,0.04761137597667727,0.8601373776250663
asthma_v2_pneumonia_P16Pneumonia18Z.wav,1,0,4,4,0.09842153466538243,0.0006448617090126252,0.0024994564732679953,0.27277894599546204,0.625655201156875
asthma_v2_pneumonia_P16Pneumonia42Q.wav,1,0,4,3,0.09959301120673819,0.0011229571542373251,0.007485390866702765,0.6539148233537222,0.23788381741859968
asthma_v2_pneumonia_P16Pneumonia56J.wav,1,0,4,3,0.1104571375680506,0.00068334676487584,0.005747092254921509,0.4945396101149817,0.3885728132971707
asthma_v2_pneumonia_P16Pneumonia66X.wav,1,0,4,4,0.1407042341037128,0.0011253629629804057,0.0015667803318830601,0.09155870421727864,0.7650449183841449
asthma_v2_pneumonia_P16Pneumonia78M.wav,1,0,4,4,0.1704207920635464,0.0007267266476588094,0.0021962697947846156,0.2603645757703323,0.5662916357236778
asthma_v2_pneumonia_P16Pneumonia80G.wav,1,0,4,4,0.1691147080537326,0.0006501950939343677,0.002330462792536518,0.22729833395859272,0.6006063001012043
asthma_v2_pneumonia_P21Pneumonia12C.wav,1,0,4,4,0.07080823922568068,0.11678769303604723,0.12226578379405652,0.08386505848618757,0.6062732254580282
asthma_v2_pneumonia_P21Pneumonia24G.wav,1,0,4,3,0.10184466661813044,0.34156021029725275,0.08221015947499233,0.19875156336855299,0.2756334002410713
asthma_v2_pneumonia_P21Pneumonia56M.wav,1,0,4,4,0.015287612856376795,0.00017913446098137355,0.000179603846788592,0.001702222233568615,0.9826514266022846
asthma_v2_pneumonia_P21Pneumonia69Q.wav,1,0,4,4,0.018158770114706322,0.0004107750868739259,0.0009018566226408596,0.0015683228677511715,0.9789602753080279
asthma_v2_pneumonia_P21Pneumonia78P.wav,1,0,4,4,0.0442720296849638,0.0003018018815103851,0.0008325227995577851,0.0003821906694195011,0.9542114549645484
asthma_v2_pneumonia_P21Pneumonia95A.wav,1,0,4,3,0.10471490095807093,0.24071381704271977,0.05637401558223431,0.3170914463503653,0.28110582006660967
asthma_v2_pneumonia_P25Pneumonia11Z.wav,1,0,4,3,0.20696338947256027,0.09216078958174612,0.12697088078326543,0.44009999859804955,0.13380494156437917
asthma_v2_pneumonia_P25Pneumonia16B.wav,1,0,4,4,0.04870835677047695,0.0006152598017616017,0.007750248139495001,0.010567492590176161,0.9323586426980902
asthma_v2_pneumonia_P25Pneumonia30I.wav,1,0,4,4,0.18970796152336686,0.007925875434259148,0.019084100842043688,0.1719840553626383,0.6112980068376919
asthma_v2_pneumonia_P25Pneumonia42V.wav,1,0,4,3,0.048933783317429175,0.078824088076101,0.026131725457133013,0.6231039331493453,0.2230064699999914
asthma_v2_pneumonia_P25Pneumonia93N.wav,1,0,4,3,0.15884571713641274,0.013207072930156603,0.06148747162842277,0.47271372118010135,0.29374601712490683
asthma_v2_pneumonia_P25Pneumonia97D.wav,1,0,4,4,0.0737163250166782,0.0006687318747660459,0.008469086034573609,0.09104293599989345,0.8261029210740884
asthma_v2_pneumonia_P32Pneumonia59Q.wav,1,0,4,4,0.01677922430372802,0.0038897522939401012,0.0015239364589483039,0.1145109250122776,0.8632961619311058
asthma_v2_pneumonia_P32Pneumonia66M.wav,1,0,4,4,0.04027756727012248,0.0020920082874951867,0.00033808762676620316,0.01113375825205753,0.9461585785635583
asthma_v2_pneumonia_P32Pneumonia69E.wav,1,0,4,4,0.017781258765241746,0.008650983484456164,0.006017794413427521,0.0021585308015066467,0.9653914325353676
asthma_v2_pneumonia_P32Pneumonia75E.wav,1,0,4,4,0.02933718566776699,0.0026947652236956137,0.0008340623518592767,0.002631758826121008,0.964502227930557
asthma_v2_pneumonia_P32Pneumonia98Y.wav,1,0,4,4,0.011927253549152136,0.012120322717711598,0.0032843110848063232,0.0020885315553616436,0.9705795810929682
asthma_v2_pneumonia_P32Pneumonia99W.wav,1,0,4,4,0.021118337528316874,0.02120763763092034,0.004151839059776639,0.005667335817042433,0.9478548499639436
asthma_v2_pneumonia_P35Pneumonia16F.wav,1,0,4,4,0.010241260426923854,0.011163539623468482,0.001881385838203272,0.004857109634828906,0.9718567044765756
asthma_v2_pneumonia_P35Pneumonia46U.wav,1,0,4,4,0.03743571666304628,0.0012136548617168326,0.0023163556193001203,0.0007729094591249233,0.9582613633968118
asthma_v2_pneumonia_P35Pneumonia56D.wav,1,0,4,4,0.023462750941935253,0.0060246569208863504,0.001971575637618664,0.11604917216423398,0.8524918443353255
asthma_v2_pneumonia_P35Pneumonia57I.wav,1,0,4,4,0.006246196965248078,0.0010538208878462499,0.00025346895372053144,0.0005361182782718305,0.9919103949149132
asthma_v2_pneumonia_P35Pneumonia75E.wav,1,0,4,4,0.005392897150333415,0.0040119022376924034,0.0025302707236510365,0.0005307753828616257,0.9875341545054614
asthma_v2_pneumonia_P35Pneumonia99V.wav,1,0,4,4,0.05320966870472744,0.005155721450753511,0.001052249089601497,0.00846395101962302,0.9321184097352941
asthma_v2_pneumonia_P36Pneumonia56V.wav,1,0,4,0,0.7359880768465012,0.17730376562006958,0.006003350841534785,0.008995406703162043,0.07170939998873235
asthma_v2_pneumonia_P36Pneumonia57U.wav,1,0,4,0,0.5443025353624494,0.3800534624256525,0.0026837388641337495,0.0058317837411204655,0.0671284796066438
asthma_v2_pneumonia_P36Pneumonia79Z.wav,1,0,4,4,0.02178037987789427,0.007959940513058435,0.0019461378746499336,0.005787390336162005,0.9625261513982355
asthma_v2_pneumonia_P36Pneumonia83N.wav,1,0,4,4,0.005661700829998628,0.0033514125917716124,0.0007409636675369727,0.0009824346796571063,0.9892634882310354
asthma_v2_pneumonia_P36Pneumonia85U.wav,1,0,4,4,0.005381636227594331,0.0031694940496043134,0.0018451114793569985,0.0003638553223163616,0.9892399029211281
asthma_v2_pneumonia_P36Pneumonia86S.wav,1,0,4,0,0.8572023866905565,0.06759123548442025,0.0017232909883648953,0.04071020399880704,0.03277288283785125
asthma_v2_pneumonia_P46Pneumonia15W.wav,1,0,4,0,0.4006749191849849,0.02346462869207302,0.01008252072123238,0.15345796807949574,0.41231996332221416
asthma_v2_pneumonia_P46Pneumonia22V.wav,1,0,4,3,0.020671004370200686,0.01242817029852878,0.14457839273213846,0.2762969636985794,0.5460254689005528
asthma_v2_pneumonia_P46Pneumonia49D.wav,1,0,4,4,0.3202126283025005,0.03388619309535976,0.007394298631083535,0.11115467673794348,0.5273522032331127
asthma_v2_pneumonia_P46Pneumonia80D.wav,1,0,4,3,0.0072223670633981985,0.008706530185916756,0.20951081853093637,0.6517444484459679,0.12281583577378079
asthma_v2_pneumonia_P46Pneumonia95A.wav,1,0,4,3,0.021783820897628547,0.018772816440044783,0.08638976377208218,0.761295545892594,0.1117580529976504
asthma_v2_pneumonia_P46Pneumonia99Y.wav,1,0,4,4,0.20798641734801493,0.00574329088174993,0.1511832863942983,0.13712216489894413,0.4979648404769929
asthma_v2_pneumonia_P47Pneumonia14M.wav,1,0,4,4,0.09272848050909147,0.04854788424578982,0.008420164546170996,0.031793380239203264,0.8185100904597448
asthma_v2_pneumonia_P47Pneumonia19A.wav,1,0,4,4,0.22505306046896753,0.08150961815824039,0.034362463987409914,0.05392907250934181,0.6051457848760403
asthma_v2_pneumonia_P47Pneumonia24N.wav,1,0,4,4,0.11239166136396937,0.0005492840527383096,0.038648292460337595,0.005705444214432783,0.8427053179085218
asthma_v2_pneumonia_P47Pneumonia69D.wav,1,0,4,4,0.31690433219406783,0.0011104594818330908,0.12495168903943671,0.013268754356341712,0.5437647649283205
asthma_v2_pneumonia_P47Pneumonia74Q.wav,1,0,4,4,0.20783949475006325,0.00028021796236574507,0.055579545014128255,0.016805159873921997,0.7194955823995208
asthma_v2_pneumonia_P47Pneumonia98K.wav,1,0,4,4,0.0672666776541392,0.03361083195435884,0.00542483013824576,0.0438970885136244,0.8498005717396316
asthma_v2_pneumonia_P48Pneumonia31K.wav,1,0,4,3,0.0072223670633981985,0.008706530185916756,0.20951081853093637,0.6517444484459679,0.12281583577378079
asthma_v2_pneumonia_P48Pneumonia61T.wav,1,0,4,3,0.020671004370200686,0.01242817029852878,0.14457839273213846,0.2762969636985794,0.5460254689005528
asthma_v2_pneumonia_P48Pneumonia82Z.wav,1,0,4,3,0.021783820897628547,0.018772816440044783,0.08638976377208218,0.761295545892594,0.1117580529976504
asthma_v2_pneumonia_P5Pneumonia20K.wav,1,0,4,4,0.017979493743345978,0.001317684578279716,0.08047773143344096,0.013241666597443427,0.8869834236474903
asthma_v2_pneumonia_P5Pneumonia21J.wav,1,0,4,4,0.005961864009099764,0.00207760650129527,0.055246203326093875,0.027789482104738788,0.9089248440587719
asthma_v2_pneumonia_P5Pneumonia38U.wav,1,0,4,4,0.007622598495372276,0.004206872188042383,0.1593113576427452,0.06532826623640234,0.763530905437438
asthma_v2_pneumonia_P5Pneumonia88J.wav,1,0,4,4,0.05715113295289886,0.009001390179969666,0.027854064945589334,0.0056690541355091835,0.9003243577860328
asthma_v2_pneumonia_P5Pneumonia94P.wav,1,0,4,4,0.006744560853547456,0.001919504752319671,0.036246374899027,0.17328094524132326,0.7818086142537829
asthma_v2_pneumonia_P5Pneumonia95V.wav,1,0,4,4,0.01512484011633722,0.001663012116330974,0.0246105899569024,0.0065968398120703365,0.9520047179983591
asthma_v2_Bronchial_P15BronchialSc_72.wav,1,1,1,1,0.0005795543851850855,0.9927432448101542,0.0053899775188149075,0.0010381547882485078,0.00024906849759724707
asthma_v2_Bronchial_P15BronchialSc_74.wav,1,1,1,2,0.0025429813587364005,0.3284953288206955,0.6659976356287004,0.0012029169772619338,0.001761137214605968
asthma_v2_Bronchial_P15BronchialTc_71.wav,1,1,1,1,0.0006259171722025371,0.9903566493458823,0.006888060787412456,0.001734209873922427,0.0003951628205802677
asthma_v2_Bronchial_P15BronchialTc_73.wav,1,1,1,1,0.0005524341267346038,0.9549409046971066,0.043797743808100566,0.0004500051778465964,0.000258912190211595
asthma_v2_Bronchial_P15BronchialTc_75.wav,1,1,1,2,0.0023441712553662676,0.31660808596472073,0.679077183740295,0.0006971570258978563,0.0012734020137200293
asthma_v2_Bronchial_P20BronchialSc_100.wav,1,1,1,1,0.001160404050860095,0.8934538922690674,0.1027179366914514,0.0010430616211641076,0.0016247053674570652
asthma_v2_Bronchial_P20BronchialSc_96.wav,1,1,1,1,0.0036183303107557366,0.9834589486363947,0.006954622975272266,0.0006959763686601389,0.005272121708917339
asthma_v2_Bronchial_P20BronchialSc_98.wav,1,1,1,1,0.025960266178307056,0.7000704711800457,0.2507554436819783,0.0066421125274875046,0.016571706432181827
asthma_v2_Bronchial_P20BronchialTc_97.wav,1,1,1,1,0.001686443279605938,0.9669883182535021,0.029227643527080065,0.0013997751044181423,0.0006978198353936421
asthma_v2_Bronchial_P20BronchialTc_99.wav,1,1,1,1,0.03981537688847988,0.5602857685316378,0.3370424908852794,0.03125206876934401,0.03160429492525901
asthma_v2_Bronchial_P4BronchialSc_16.wav,1,1,1,3,0.2133744269597653,0.24035993630585076,0.028669818710782363,0.15608528704890054,0.36151053097470104
asthma_v2_Bronchial_P4BronchialSc_18.wav,1,1,1,4,0.10517917043801916,0.39606141164765263,0.049505253378576204,0.106008196863207,0.34324596767254517
asthma_v2_Bronchial_P4BronchialSc_20.wav,1,1,1,1,0.013385443509520364,0.8928641554502671,0.015898938726777036,0.023438904819700724,0.054412557493734665
asthma_v2_Bronchial_P4BronchialTc_17.wav,1,1,1,4,0.17483920715950235,0.41963430432413523,0.03513754733014953,0.08239651779256818,0.28799242339364467
asthma_v2_Bronchial_P4BronchialTc_19.wav,1,1,1,3,0.04152413734507646,0.21936761170100008,0.0737820996997138,0.3927470274500792,0.2725791238041303
asthma_v2_Bronchial_P6BronchialSc_26.wav,1,1,1,1,0.0018404157997363735,0.9808870288705331,0.010343320336698592,0.0056608544531711455,0.0012683805398608912
asthma_v2_Bronchial_P6BronchialSc_28.wav,1,1,1,1,0.0005066253805072818,0.994031222042653,0.003734272352853604,0.0012154821026188368,0.0005123981213674606
asthma_v2_Bronchial_P6BronchialSc_30.wav,1,1,1,1,0.0008918214588657472,0.992094273327976,0.002789121677485116,0.002035115889038997,0.002189667646633869
asthma_v2_Bronchial_P6BronchialTc_27.wav,1,1,1,1,0.0015777316338212689,0.9837931312163463,0.007160566609492769,0.00623144510596261,0.0012371254343767936
asthma_v2_Bronchial_P6BronchialTc_29.wav,1,1,1,1,0.003089054977095715,0.977506931825059,0.005542223741825054,0.006497951727314988,0.007363837728705353
asthma_v2_asthma_P16WheezingIE_77.wav,1,1,0,4,0.3656236573140094,0.003147275795752292,0.017469149602341475,0.04559144950103714,0.5681684677868599
asthma_v2_asthma_P16WheezingIU_78.wav,1,1,0,0,0.8782678938398585,0.010999257863868626,0.04878437475869592,0.00706110040426887,0.054887373133308416
asthma_v2_asthma_P16WheezingRL_79.wav,1,1,0,4,0.4094016781576269,0.0022984214718067978,0.018054124002895206,0.04300247409121074,0.5272433022764603
asthma_v2_asthma_P16WheezingRS_76.wav,1,1,0,4,0.30186953436491265,0.0009358401635220305,0.002912594897500513,0.10586337522015324,0.5884186553539116
asthma_v2_asthma_P16WheezingRS_80.wav,1,1,0,0,0.9256294774742481,0.05952206250126374,0.007926061411897145,0.0006499679600358302,0.006272430652555495
asthma_v2_asthma_P19WheezingIE_93.wav,1,1,0,4,0.28179314907337993,0.028941379239723584,0.002609744979950901,0.008954254625622795,0.677701472081323
asthma_v2_asthma_P19WheezingIU_94.wav,1,1,0,0,0.8126954972040686,0.058898989195193555,0.050976958458453174,0.0022683221315381303,0.07516023301074644
asthma_v2_asthma_P19WheezingRL_91.wav,1,1,0,0,0.9794186764431068,0.011830066915485491,0.002836578375305075,0.00016153960979101967,0.005753138656312026
asthma_v2_asthma_P19WheezingRL_95.wav,1,1,0,0,0.9765645842594814,0.009636865948838617,0.0026249839073513932,0.00028564217838357485,0.010887923705944982
asthma_v2_asthma_P19WheezingRS_92.wav,1,1,0,3,0.3948389114945413,0.17735286851951063,0.023314904019917482,0.2597660394511335,0.14472727651489706
asthma_v2_asthma_P23WheezingIE_113.wav,1,1,0,0,0.941155498916106,0.01322041352968057,0.021269660710465096,0.00024439906313551577,0.024110027780612667
asthma_v2_asthma_P23WheezingIU_114.wav,1,1,0,0,0.7542524087057626,0.031069500941618165,0.1630003605766788,0.0011072616355230873,0.05057046814041754
asthma_v2_asthma_P23WheezingRL_111.wav,1,1,0,0,0.9181234445941493,0.053837970712327606,0.009719871335605888,0.0006302252205715466,0.017688488137345592
asthma_v2_asthma_P23WheezingRL_115.wav,1,1,0,0,0.5597568453975044,0.3515311077122605,0.013974641409523602,0.01550923214968732,0.059228173331024474
asthma_v2_asthma_P23WheezingRS_112.wav,1,1,0,0,0.9451691251499571,0.034343700419131505,0.005995094234041671,0.00040347371182864925,0.014088606485041268
asthma_v2_asthma_P27WheezingIE_133.wav,1,1,0,3,0.32555597858379137,0.03281229420941686,0.002171124507810812,0.5748737717996338,0.06458683089934732
asthma_v2_asthma_P27WheezingIU_134.wav,1,1,0,0,0.921540367075158,0.01099961882566942,0.001063251892563319,0.001194185991151809,0.06520257621545739
asthma_v2_asthma_P27WheezingRL_131.wav,1,1,0,0,0.7293049510118604,0.006686219927615824,0.23158521740112686,0.0012151540504409463,0.0312084576089562
asthma_v2_asthma_P27WheezingRL_135.wav,1,1,0,0,0.48744839401730605,0.43244511961778187,0.03354854635978736,0.01018472254363502,0.03637321746148962
asthma_v2_asthma_P27WheezingRS_132.wav,1,1,0,0,0.8778702497267151,0.0030809580794323166,0.06940285055426515,0.0038002929169395415,0.04584564872264786
asthma_v2_asthma_P2AsthmaIE_9.wav,1,1,0,0,0.9044995255746016,0.03897237943438374,0.00629438223507635,0.005908920376828296,0.044324792379110016
asthma_v2_asthma_P2AsthmaIU_10.wav,1,1,0,0,0.9000852571609687,0.07283083885852248,0.002272780283257438,0.006089046194574614,0.018722077502676886
asthma_v2_asthma_P2AsthmaIU_6.wav,1,1,0,2,0.1264394049967373,0.04789303248385229,0.709232937309805,0.04535566433737254,0.07107896087223305
asthma_v2_asthma_P2AsthmaRL_7.wav,1,1,0,0,0.9125146867870498,0.003672851062917227,0.0432719869390361,0.004726725673885935,0.03581374953711103
asthma_v2_asthma_P2AsthmaRS_8.wav,1,1,0,0,0.804794903988269,0.04040568670778363,0.008837822991562003,0.02244699469486781,0.12351459161751739
asthma_v2_asthma_P31WheezingIE_153.wav,1,1,0,4,0.2518251252241588,0.07129239782725151,0.021249804825465294,0.04850935785313836,0.6071233142699862
asthma_v2_asthma_P31WheezingIU_154.wav,1,1,0,0,0.9360971547799855,0.015424931813018128,0.0063103839873049445,0.0039884400489566966,0.03817908937073504
asthma_v2_asthma_P31WheezingRL_151.wav,1,1,0,0,0.8125493891901437,0.03323826340404094,0.026156546303687578,0.0024362251933786965,0.12561957590874906
asthma_v2_asthma_P31WheezingRL_155.wav,1,1,0,0,0.935506621705393,0.0012802911401456284,0.002353183214365275,0.00021034346627820465,0.060649560473817726
asthma_v2_asthma_P31WheezingRS_152.wav,1,1,0,3,0.4248067338132535,0.0901475184857342,0.016831907975092267,0.2387901837001187,0.22942365602580134
asthma_v2_asthma_P40WheezingIE_197.wav,1,1,0,0,0.8394892571586228,0.09857050664759776,0.05106955342293766,0.002795407585126937,0.008075275185714988
asthma_v2_asthma_P40WheezingIU_198.wav,1,1,0,0,0.8423148588244938,0.08309014769615555,0.06663534367794287,0.0017124773603226103,0.006247172441084981
asthma_v2_asthma_P40WheezingRL_199.wav,1,1,0,0,0.9040727014812228,0.016867168137346233,0.07175349896851684,0.0002797823550824281,0.007026849057831524
asthma_v2_asthma_P40WheezingRS_196.wav,1,1,0,0,0.7211202485968818,0.15951049353327895,0.09780593033781067,0.005876676509246486,0.015686651022782445
asthma_v2_asthma_P40WheezingRS_200.wav,1,1,0,0,0.5193556297786771,0.05857783733031658,0.40936483297926796,0.0014910298459079358,0.01121067006583043
asthma_v2_asthma_P42WheezingIE_209.wav,1,1,0,0,0.5088367883116388,0.007090927818219744,0.4703605277832138,0.0010791154875840628,0.012632640599343771
asthma_v2_asthma_P42WheezingIU_206.wav,1,1,0,2,0.1282320402784273,0.0022429709777573924,0.8600282137017456,0.003923315934757577,0.0055734591073120735
asthma_v2_asthma_P42WheezingIU_210.wav,1,1,0,0,0.4074005865914427,0.007070951217914633,0.5733591307102144,0.003006517839809675,0.009162813640618675
asthma_v2_asthma_P42WheezingRL_207.wav,1,1,0,0,0.29643281241133834,0.007132498769651333,0.6797720940847979,0.0008793964196211355,0.01578319831459119
asthma_v2_asthma_P42WheezingRS_208.wav,1,1,0,0,0.9131644665530239,0.0025116725332602874,0.06180560295174117,0.0012773140148234188,0.02124094394715157
asthma_v2_asthma_P52WheezingIE_257.wav,1,1,0,0,0.8929100125602853,0.0025920552259174274,0.09640713429088216,0.0010037497048063647,0.007087048218109161
asthma_v2_asthma_P52WheezingIU_258.wav,1,1,0,0,0.933204004244037,0.0007096359842523092,0.05889267697413361,0.0006604719163104859,0.006533210881266494
asthma_v2_asthma_P52WheezingRL_259.wav,1,1,0,0,0.9644314289932518,0.015031672675778027,0.012125095072987393,0.0008031115018101321,0.007608691756172624
asthma_v2_asthma_P52WheezingRS_256.wav,1,1,0,0,0.9472433248040654,0.008205162888026151,0.04052425564294207,0.0006613027278473578,0.00336595393711905
asthma_v2_asthma_P52WheezingRS_260.wav,1,1,0,0,0.9589257422228592,0.011515747330331838,0.0141864216391706,0.001524662216692193,0.013847426590946267
asthma_v2_asthma_P55WheezingIE_273.wav,1,1,0,4,0.02824756897768597,0.0030836430954305416,0.09389410855247987,0.08426738092619236,0.7905072984482113
asthma_v2_asthma_P55WheezingIU_274.wav,1,1,0,4,0.020189528957088674,0.002613404223862957,0.005075292424592652,0.050826407423632806,0.9212953669708233
asthma_v2_asthma_P55WheezingRL_271.wav,1,1,0,4,0.40023276297848764,0.07276665805684847,0.02464250738027305,0.11437688318468135,0.3879811883997095
asthma_v2_asthma_P55WheezingRL_275.wav,1,1,0,0,0.640945352225022,0.11841290046665276,0.053670476026134326,0.0065586870184988644,0.1804125842636917
asthma_v2_asthma_P55WheezingRS_272.wav,1,1,0,4,0.050587063041761825,0.010592838833513118,0.04232237247582247,0.04739795081466263,0.8490997748342397
asthma_v2_asthma_P5AsthmaIE_21.wav,1,1,0,0,0.7546069584520919,0.09094846129226132,0.014301167455013654,0.02867621982390641,0.11146719297672669
asthma_v2_asthma_P5AsthmaIE_25.wav,1,1,0,4,0.33578974700019604,0.006987209996971232,0.0047870590726209845,0.06216431941293484,0.5902716645172771
asthma_v2_asthma_P5AsthmaIU_22.wav,1,1,0,4,0.3187269492124469,0.01704966401410973,0.01033482478565204,0.03295700112445637,0.6209315608633349
asthma_v2_asthma_P5AsthmaRL_23.wav,1,1,0,0,0.6668315829770369,0.021504138959032432,0.006532030158805609,0.03565512786306726,0.26947712004205787
asthma_v2_asthma_P5AsthmaRS_24.wav,1,1,0,4,0.45396021922331053,0.00983946630094551,0.0035388675389474667,0.02784415227864512,0.5048172946581511
asthma_v2_asthma_P9AsthmaIE_41.wav,1,1,0,0,0.582813732400426,0.003167283865138347,0.007126592764523337,0.0040020055142137145,0.4028903854556984
asthma_v2_asthma_P9AsthmaIE_45.wav,1,1,0,0,0.8536017743083933,0.1267575541228732,0.005131173587678379,0.0009974600387743547,0.013512037942280975
asthma_v2_asthma_P9AsthmaIU_42.wav,1,1,0,4,0.23061444808254633,0.005391003396323516,0.007135676518740178,0.01880132940027238,0.7380575426021174
asthma_v2_asthma_P9AsthmaRL_43.wav,1,1,0,0,0.6957352782503642,0.00304907625549898,0.0035370305395076873,0.009655744615542954,0.2880228703390863
asthma_v2_asthma_P9AsthmaRS_44.wav,1,1,0,0,0.847904709779221,0.14422815347475038,0.0022154700261061166,0.0010130671992845477,0.004638599520637835
asthma_v2_copd_P13COPDMc_100.wav,1,1,2,2,0.002631075243711837,0.04866311139635044,0.9105732467436282,0.024445546439476756,0.01368702017683302
asthma_v2_copd_P13COPDMc_102.wav,1,1,2,2,0.0007709147778903851,0.0011607327668861354,0.9973212758132867,8.18593580119059e-05,0.0006652172839249116
asthma_v2_copd_P13COPDMc_104.wav,1,1,2,2,0.0009855403507313218,0.0009311365940972131,0.9971673931745814,0.00014276159439972382,0.0007731682861907839
asthma_v2_copd_P13COPDMc_98.wav,1,1,2,2,0.001964701001534813,0.03723675965715572,0.9181058082477495,0.01247684488725801,0.030215886206301747
asthma_v2_copd_P13COPDPr_101.wav,1,1,2,2,0.005346761855387818,0.005649629012462547,0.9878243025662067,4.0313352744873945e-05,0.0011389932131982599
asthma_v2_copd_P13COPDPr_103.wav,1,1,2,2,0.008153247938652805,0.007231601089763077,0.9794125873922694,0.0003955381097333112,0.004807025469581406
asthma_v2_copd_P13COPDPr_97.wav,1,1,2,2,0.00025461841123628344,0.0031123155216929914,0.9947106757668958,0.0013597496455742858,0.000562640654600429
asthma_v2_copd_P13COPDPr_99.wav,1,1,2,2,0.0009235861137806837,0.017984760878650828,0.9639002434642318,0.012333077276609853,0.004858332266727171
asthma_v2_copd_P20COPDMc_154.wav,1,1,2,2,0.0025567197615410345,0.001465493636563754,0.992092846291576,0.0010568220868496538,0.0028281182234693985
asthma_v2_copd_P20COPDMc_156.wav,1,1,2,0,0.3310322281551141,0.03252366799686247,0.39993412994855276,0.02849192066065087,0.20801805323881967
asthma_v2_copd_P20COPDMc_158.wav,1,1,2,2,7.87742058604653e-07,3.5045362795989087e-07,0.9995871116447553,3.6061483403352916e-05,0.0003756886761544458
asthma_v2_copd_P20COPDMc_160.wav,1,1,2,2,0.0014415797676568083,3.250906262280243e-05,0.9972441065097083,0.00042421591973871084,0.0008575887402732804
asthma_v2_copd_P20COPDPr_153.wav,1,1,2,2,0.005153713196835581,0.0003625873457407212,0.9843163785177511,0.000669113329439455,0.009498207610232996
asthma_v2_copd_P20COPDPr_155.wav,1,1,2,0,0.3124981873842393,0.05487693052186674,0.4900244190188524,0.048931523142803336,0.09366893993223802
asthma_v2_copd_P20COPDPr_157.wav,1,1,2,0,0.17968917650320487,0.16838537812485635,0.4886613503592088,0.08029771817450909,0.08296637683822117
asthma_v2_copd_P20COPDPr_159.wav,1,1,2,2,0.0009840584534109673,3.3527724242787886e-05,0.9979001092410996,0.00019187236303074015,0.0008904322182159746
asthma_v2_copd_P21COPDMc_162.wav,1,1,2,2,0.0026468917207647423,0.0012566219667417312,0.9906551746113623,0.00034046106493362577,0.005100850636197587
asthma_v2_copd_P21COPDMc_164.wav,1,1,2,2,0.036999778089950315,0.03451959114004608,0.9145661936216927,0.0011833737074140155,0.012731063440897066
asthma_v2_copd_P21COPDMc_166.wav,1,1,2,2,0.018487474355077384,0.06468205285805194,0.9027938566600858,0.00039931487365119084,0.013637301253133765
asthma_v2_copd_P21COPDMc_168.wav,1,1,2,2,0.000991242540720772,0.0002940232747231332,0.9961057395199086,0.001104749094644213,0.0015042455700032804
asthma_v2_copd_P21COPDPr_161.wav,1,1,2,2,0.0038319337755090962,0.0006881282660142053,0.9925103668056798,0.00028283250838455527,0.002686738644412394
asthma_v2_copd_P21COPDPr_163.wav,1,1,2,2,0.00291424047860256,0.0010818424866233575,0.9919777296584659,0.000368014225160826,0.003658173151147283
asthma_v2_copd_P21COPDPr_165.wav,1,1,2,2,0.017849240091510003,0.041133360124590894,0.9074774554445721,0.0007286619449983228,0.03281128239432833
asthma_v2_copd_P21COPDPr_167.wav,1,1,2,2,0.0004769715964250274,0.0005957190728319159,0.9973622395269968,0.0007330362819519638,0.0008320335217941647
asthma_v2_copd_P27COPDMc_210.wav,1,1,2,2,0.0006660084087412883,0.00034892765392727823,0.9982914651538617,0.000356795940435354,0.0003368028430341612
asthma_v2_copd_P27COPDMc_212.wav,1,1,2,2,3.0501117067326524e-08,2.773422936188408e-08,0.9999370532097752,3.6699741002091698e-06,5.921858077805723e-05
asthma_v2_copd_P27COPDMc_214.wav,1,1,2,2,9.788502489197518e-07,9.119544338018597e-07,0.999120579580756,3.8135237410012886e-05,0.0008393943771512306
asthma_v2_copd_P27COPDMc_216.wav,1,1,2,2,3.9155124618272004e-07,3.554125849695703e-07,0.9993352096193779,0.00029095947536481704,0.0003730839414260596
asthma_v2_copd_P27COPDPr_209.wav,1,1,2,2,7.068757458261708e-10,7.12787900509134e-10,0.999992820496846,1.7729892214481712e-06,5.405094268889912e-06
asthma_v2_copd_P27COPDPr_211.wav,1,1,2,2,0.0007626868908445412,0.00015831841304132611,0.9984127969601958,0.0002733127434964137,0.0003928849924217319
asthma_v2_copd_P27COPDPr_213.wav,1,1,2,2,0.0006053208768215958,0.0005648023774448396,0.9956363528556946,9.506007477220187e-05,0.0030984638152667596
asthma_v2_copd_P27COPDPr_215.wav,1,1,2,2,1.6454264868667975e-07,1.7466197440337947e-07,0.9995090828774026,0.00012394263116973777,0.0003666352868047914
asthma_v2_copd_P29COPDMc_226.wav,1,1,2,2,0.0017748927488011636,0.001739531559178443,0.9945174297449098,0.00019991218723237227,0.0017682337598781703
asthma_v2_copd_P29COPDMc_228.wav,1,1,2,2,3.789051765950867e-08,5.440820512131766e-08,0.999732783916843,1.2631212245389688e-05,0.00025449257218882414
asthma_v2_copd_P29COPDMc_230.wav,1,1,2,2,6.515720261366989e-08,6.538110071601426e-08,0.9997577599172555,1.002852271956536e-05,0.00023208102172158704
asthma_v2_copd_P29COPDMc_232.wav,1,1,2,2,7.04785270042446e-08,6.43415725308463e-08,0.9996865045784682,2.1357027298799183e-05,0.0002920035741335948
asthma_v2_copd_P29COPDPr_225.wav,1,1,2,2,0.002377469293086521,0.0017893681344252979,0.9932731666631933,0.00019393969396085884,0.0023660562153343524
asthma_v2_copd_P29COPDPr_227.wav,1,1,2,2,1.3182412487922734e-08,1.588411103375627e-08,0.9998600950648724,7.663310004285643e-06,0.00013221255859976157
asthma_v2_copd_P29COPDPr_229.wav,1,1,2,2,2.161696392455851e-09,2.484079318087541e-09,0.9999517386999961,4.502257830514029e-06,4.375439639763e-05
asthma_v2_copd_P29COPDPr_231.wav,1,1,2,2,1.3303268742978524e-08,1.08672855058485e-08,0.9998894702816298,6.197287277821851e-06,0.00010430826053811474
asthma_v2_copd_P33COPDMc_258.wav,1,1,2,4,0.08018401445437584,0.030302492768486868,0.27858845651624947,0.11983353656562724,0.4910914996952607
asthma_v2_copd_P33COPDMc_260.wav,1,1,2,4,0.04365356061753224,0.06592893522938194,0.13132796473759809,0.061158046284710194,0.6979314931307772
asthma_v2_copd_P33COPDMc_262.wav,1,1,2,3,0.08099440342701202,0.525990889324012,0.11725588380774866,0.11732887415299041,0.1584299492882371
asthma_v2_copd_P33COPDMc_264.wav,1,1,2,2,0.0013827403709812105,0.025164914115775594,0.9721191134898453,8.262859563716464e-05,0.0012506034277607954
asthma_v2_copd_P33COPDPr_257.wav,1,1,2,2,0.0030695799187291577,0.0004730817115043126,0.9962783461996765,3.8206258090620686e-05,0.00014078591199932793
asthma_v2_copd_P33COPDPr_259.wav,1,1,2,4,0.051919270436368736,0.16980263963077072,0.2579444967075132,0.18512740739861971,0.3352061858267278
asthma_v2_copd_P33COPDPr_261.wav,1,1,2,1,0.07302198094638575,0.6059030290178372,0.05573428686667716,0.05951276818046296,0.20582793498863647
asthma_v2_copd_P33COPDPr_263.wav,1,1,2,1,0.0829710350823168,0.5794702289905731,0.0851607370243108,0.12534473262740878,0.12705326627539046
asthma_v2_copd_P40COPDMc_314.wav,1,1,2,2,0.006547934511586885,0.2605161604337177,0.7031475153860326,0.006368789284763089,0.023419600383899526
asthma_v2_copd_P40COPDMc_316.wav,1,1,2,2,5.694534237432669e-09,4.696713380732121e-09,0.9999002305317696,1.8621965346116728e-06,9.789688044811749e-05
asthma_v2_copd_P40COPDMc_318.wav,1,1,2,0,0.6697356641214497,0.0617778082418658,0.12341192757533549,0.014156689469862281,0.13091791059148702
asthma_v2_copd_P40COPDMc_320.wav,1,1,2,0,0.6554178531853032,0.03313678250583797,0.03640476305886348,0.0020102126389214374,0.2730303886110738
asthma_v2_copd_P40COPDPr_313.wav,1,1,2,2,0.008734058616129043,0.28242709902094143,0.6659592288610872,0.022949462555689443,0.01993015094615285
asthma_v2_copd_P40COPDPr_315.wav,1,1,2,2,8.599780789544411e-11,8.535464183985691e-11,0.9999926856433505,9.049836236459108e-07,6.409201673354218e-06
asthma_v2_copd_P40COPDPr_317.wav,1,1,2,2,1.6863631179631082e-10,1.528033479868284e-10,0.999992105064094,2.938883118114984e-07,7.600726154367383e-06
asthma_v2_copd_P40COPDPr_319.wav,1,1,2,0,0.39344199507894717,0.047723823781418546,0.09924268416218436,0.008735729239440777,0.4508557677380094
asthma_v2_copd_P46COPDMc_362.wav,1,1,2,2,0.007438384850368677,0.003874222128398533,0.972620513167008,0.002248142366042243,0.013818737488182457
asthma_v2_copd_P46COPDMc_364.wav,1,1,2,2,0.0015557568371007194,0.000383532210319365,0.7849579424064258,0.0030732114181440777,0.2100295571280103
asthma_v2_copd_P46COPDMc_366.wav,1,1,2,2,0.0006251130574271579,0.00033006959101758324,0.9887070008684147,0.0003168629301697362,0.010020953552970741
asthma_v2_copd_P46COPDMc_368.wav,1,1,2,2,0.02881831892398268,0.008321078663857416,0.9283715404868073,0.0014425891411190557,0.03304647278423397
asthma_v2_copd_P46COPDPr_361.wav,1,1,2,4,0.004804230471164092,0.059277099156799046,0.6070993308880611,0.015507878110415449,0.31331146137356053
asthma_v2_copd_P46COPDPr_363.wav,1,1,2,2,0.011105348844213256,0.0013959949947745748,0.9712443532290882,0.0013332084052046723,0.014921094526719561
asthma_v2_copd_P46COPDPr_365.wav,1,1,2,2,0.0006888677880409742,0.00023321528446142959,0.9823985345399258,0.0020923579622886476,0.014587024425283184
asthma_v2_copd_P46COPDPr_367.wav,1,1,2,2,0.013600892006489866,0.023867876275126633,0.9273676087448871,0.0030786380091487437,0.032084984964347425
asthma_v2_copd_P4COPDMc_26.wav,1,1,2,2,0.000892700290623421,0.0008820408737524191,0.992595640381729,0.003250078589276933,0.002379539864617958
asthma_v2_copd_P4COPDMc_28.wav,1,1,2,2,3.613654607738567e-05,0.0006033583351738365,0.9991076166427806,0.00013873343320149135,0.00011415504276670307
asthma_v2_copd_P4COPDMc_30.wav,1,1,2,2,0.01973611587689498,0.005764062812624971,0.9639558482255951,0.0027481447314694875,0.007795828353415449
asthma_v2_copd_P4COPDMc_32.wav,1,1,2,2,0.05636935730838776,0.0033067843473174995,0.9088109225099972,0.015591704714893122,0.01592123111940496
asthma_v2_copd_P4COPDPr_25.wav,1,1,2,2,0.00033314116334833726,0.0007874346488656272,0.9980736354758772,0.0004065720182490905,0.0003992166936594975
asthma_v2_copd_P4COPDPr_27.wav,1,1,2,2,2.087761305052986e-08,1.7220745432321822e-08,0.9998691048348612,7.741676192100523e-06,0.00012311539058809003
asthma_v2_copd_P4COPDPr_29.wav,1,1,2,2,0.00013419311337872146,0.00042994910205983855,0.9991161943276948,6.493188398534957e-05,0.0002547315728812187
asthma_v2_copd_P4COPDPr_31.wav,1,1,2,2,0.02011487882115411,0.01063734666160346,0.9564564058384785,0.00375583553769305,0.009035533141070858
asthma_v2_copd_P5COPDMc_34.wav,1,1,2,2,0.03587421412564947,0.0005138431771090127,0.9393908900807116,0.010582006797346511,0.013639045819183293
asthma_v2_copd_P5COPDMc_36.wav,1,1,2,2,0.005185934807443488,0.015608775817807839,0.88929721006086,0.009977426828740421,0.07993065248514808
asthma_v2_copd_P5COPDMc_38.wav,1,1,2,2,0.0014964437389689354,0.04278971396972517,0.947851052292469,0.0025320902637661086,0.005330699735070477
asthma_v2_copd_P5COPDMc_40.wav,1,1,2,2,0.05649447720395037,0.024625769792959603,0.8832073856223696,0.014829297782344868,0.020843069598375556
asthma_v2_copd_P5COPDPr_33.wav,1,1,2,2,0.032839842290793134,0.0017345986863169256,0.9590472028672478,0.0017833261099180861,0.00459503004572404
asthma_v2_copd_P5COPDPr_35.wav,1,1,2,2,0.035272853300220376,0.031960864122008714,0.9178353365307993,0.004658187550806265,0.010272758496165355
asthma_v2_copd_P5COPDPr_37.wav,1,1,2,2,0.0034395650841841353,0.043798559825897684,0.9385570715057117,0.0047411899388247625,0.0094636136453815
asthma_v2_copd_P5COPDPr_39.wav,1,1,2,2,0.0034966201501656943,0.16289338194788944,0.8187405155787336,0.006474024098966135,0.00839545822424508
asthma_v2_healthy_P15Healthy14S.wav,1,1,3,3,0.016293266543437747,0.16856393608171585,0.034242215632664684,0.6157869943110765,0.16511358743110535
asthma_v2_healthy_P15Healthy55S.wav,1,1,3,3,0.05420603440259743,0.3665118750973899,0.28731267149971434,0.2383019629764225,0.053667456023875626
asthma_v2_healthy_P15Healthy61S.wav,1,1,3,4,0.08882318769972883,0.01106017616593664,0.00526753114297567,0.1721302962205234,0.7227188087708357
asthma_v2_healthy_P15Healthy65S.wav,1,1,3,3,0.026505410719165443,0.1955687672899482,0.17773327665550254,0.5403669297083437,0.05982561562704046
asthma_v2_healthy_P15Healthy93S.wav,1,1,3,3,0.04865679248949586,0.04711965650248113,0.0809023811398561,0.7691322937219578,0.05418887614620911
asthma_v2_healthy_P16Healthy18S.wav,1,1,3,4,0.08882318769972883,0.01106017616593664,0.00526753114297567,0.1721302962205234,0.7227188087708357
asthma_v2_healthy_P16Healthy19S.wav,1,1,3,4,0.04753287216371576,0.007191171905425445,0.001976564146035722,0.17029798250576345,0.7730014092790594
asthma_v2_healthy_P16Healthy26S.wav,1,1,3,4,0.07020855657194533,0.011804753234009225,0.0027538322121274717,0.21720275814499224,0.6980300998369259
asthma_v2_healthy_P16Healthy38S.wav,1,1,3,4,0.04753287216371576,0.007191171905425445,0.001976564146035722,0.17029798250576345,0.7730014092790594
asthma_v2_healthy_P16Healthy41S.wav,1,1,3,4,0.07020855657194533,0.011804753234009225,0.0027538322121274717,0.21720275814499224,0.6980300998369259
asthma_v2_healthy_P17Healthy22S.wav,1,1,3,3,0.012936596604078756,0.00897946588709897,0.026763774341937777,0.6004358488250691,0.3508843143418157
asthma_v2_healthy_P17Healthy35S.wav,1,1,3,3,0.009037679417999305,0.007160212040270531,0.008184681611292256,0.7444474524573077,0.23116997447313017
asthma_v2_healthy_P17Healthy58S.wav,1,1,3,4,0.10451441850996625,0.13009082597519311,0.017636235976001623,0.099321022987482,0.648437496551357
asthma_v2_healthy_P17Healthy71S.wav,1,1,3,4,0.03776275434148291,0.010575287126888638,0.020934243476257837,0.012780389102726861,0.9179473259526437
asthma_v2_healthy_P17Healthy83S.wav,1,1,3,4,0.01882603265189279,0.10043357866250756,0.004116138287371598,0.003532186088906473,0.8730920643093215
asthma_v2_healthy_P19Healthy47S.wav,1,1,3,1,0.08685430558107833,0.5697054163294593,0.08541497400560308,0.1557701583038899,0.10225514577996941
asthma_v2_healthy_P19Healthy50S.wav,1,1,3,3,0.0491314352764368,0.09241932079554531,0.004019294780239134,0.8156201372047703,0.0388098119430085
asthma_v2_healthy_P19Healthy55S.wav,1,1,3,3,0.0034174600557487843,0.0028997015766568154,0.0007070227981898285,0.9358325730831127,0.05714324248629169
asthma_v2_healthy_P19Healthy62S.wav,1,1,3,3,0.002412843492607921,0.0022141959771892934,0.0007662049474907676,0.9854739854392416,0.009132770143470477
asthma_v2_healthy_P19Healthy79S.wav,1,1,3,3,0.003071949922801178,0.0005308591829868338,0.0006400848382710683,0.9221090699967253,0.07364803605921562
asthma_v2_healthy_P27Healthy30S.wav,1,1,3,3,0.0053867656788577755,0.06385517070572305,0.003265310918934437,0.9186289472910552,0.008863805405429533
asthma_v2_healthy_P27Healthy73S.wav,1,1,3,3,0.004234792180730347,0.0575708120507917,0.002159139395579822,0.9248248049614711,0.01121045141142677
asthma_v2_healthy_P27Healthy92S.wav,1,1,3,3,0.008905917525664586,0.08590565191764887,0.0020117777739072766,0.8709571706127551,0.03221948217002398
asthma_v2_pneumonia_P10Pneumonia52A.wav,1,1,4,4,0.029609101827118157,0.007209337385450092,0.025484266436757535,0.008231736509638843,0.9294655578410355
asthma_v2_pneumonia_P10Pneumonia73G.wav,1,1,4,4,0.11854161234457267,0.0018185516061543334,0.021952887236668914,0.0010895521335485055,0.8565973966790557
asthma_v2_pneumonia_P10Pneumonia80J.wav,1,1,4,4,0.0237646387570157,0.017321640981160367,0.049676922451490114,0.017985554325821582,0.8912512434845125
asthma_v2_pneumonia_P10Pneumonia88R.wav,1,1,4,4,0.10450874276374658,0.012113366511929048,0.005471317959926387,0.0024427601132615316,0.8754638126511365
asthma_v2_pneumonia_P10Pneumonia93W.wav,1,1,4,4,0.08655475330369707,0.00276151017403681,0.021816482493455715,0.0066838323410769295,0.8821834216877333
asthma_v2_pneumonia_P10Pneumonia97B.wav,1,1,4,0,0.7155206639897785,0.011645672923361633,0.023615472357630292,0.0014834790531390806,0.2477347116760906
asthma_v2_pneumonia_P14Pneumonia19W.wav,1,1,4,0,0.6206285497805252,0.00612155081242747,0.028370085414801755,0.0008883881904430053,0.34399142580180264
asthma_v2_pneumonia_P14Pneumonia22X.wav,1,1,4,3,0.004748196175464724,0.004304571237160552,0.001386992920979374,0.8932487445017966,0.09631149516459893
asthma_v2_pneumonia_P14Pneumonia40M.wav,1,1,4,3,0.03380108725718806,0.014116551311538994,0.0012602513681808144,0.6840452943211374,0.26677681574195444
asthma_v2_pneumonia_P14Pneumonia62B.wav,1,1,4,4,0.1867838533712736,0.03378675988660601,0.003889044693996266,0.0032858940110414713,0.7722544480370827
asthma_v2_pneumonia_P14Pneumonia73T.wav,1,1,4,4,0.3113675545221337,0.003349329064578104,0.027771196158407837,0.0011547819095224087,0.656357138345358
asthma_v2_pneumonia_P14Pneumonia87C.wav,1,1,4,4,0.19462404524643198,0.004487612274799135,0.02329091201427988,0.001548855316263948,0.7760485751482255
asthma_v2_pneumonia_P17Pneumonia49T.wav,1,1,4,4,0.017681151069408773,0.0052578168088508745,0.0002096721853682398,0.0007772770386083728,0.9760740828977638
asthma_v2_pneumonia_P17Pneumonia51I.wav,1,1,4,2,0.0052851863424161205,0.009554630659516497,0.6899511521273927,0.02856333314147093,0.2666456977292037
asthma_v2_pneumonia_P17Pneumonia57K.wav,1,1,4,4,0.016202965146435593,0.0010333913881120692,0.0001635217482846264,0.00013321330207995854,0.9824669084150878
asthma_v2_pneumonia_P17Pneumonia63G.wav,1,1,4,4,0.07682766933343026,0.06451836807305528,0.005081114975274721,0.0075532505812039566,0.8460195970370357
asthma_v2_pneumonia_P17Pneumonia86O.wav,1,1,4,4,0.01740261193818669,0.03861326475856468,0.49706103948895924,0.04297237226254969,0.4039507115517398
asthma_v2_pneumonia_P17Pneumonia91K.wav,1,1,4,2,0.002391523619063041,0.018060255010464734,0.8606364207569833,0.01429904002875549,0.10461276058473372
asthma_v2_pneumonia_P19Pneumonia24H.wav,1,1,4,4,0.02849982582746836,0.0662712276019741,0.00023607652737888792,0.005405162028109635,0.8995877080150689
asthma_v2_pneumonia_P19Pneumonia33O.wav,1,1,4,4,0.005173424844668623,0.0005004948608028082,8.745596107312281e-05,0.00012979197121491462,0.9941088323622407
asthma_v2_pneumonia_P19Pneumonia39Z.wav,1,1,4,4,0.006260171420744278,0.02063137168806542,0.00031640606117582025,0.003131321474993259,0.9696607293550212
asthma_v2_pneumonia_P19Pneumonia41U.wav,1,1,4,4,0.12272532187138244,0.04159224362367643,0.0007580020598865244,0.0015664274839441875,0.8333580049611105
asthma_v2_pneumonia_P19Pneumonia75B.wav,1,1,4,4,0.0544000852495485,0.16477635307071298,0.0004697913569798854,0.00814563137938602,0.7722081389433728
asthma_v2_pneumonia_P19Pneumonia90X.wav,1,1,4,4,0.027819571581836965,0.0770695479418239,0.0025609675916471518,0.09420784710956001,0.7983420657751317
asthma_v2_pneumonia_P23Pneumonia19A.wav,1,1,4,4,0.2993680958490984,0.004127445935540382,0.31386217814903156,0.032634718773883985,0.3500075612924454
asthma_v2_pneumonia_P23Pneumonia40O.wav,1,1,4,4,0.35513533384577056,0.006432641762667296,0.17402858681624683,0.012651267799733995,0.4517521697755814
asthma_v2_pneumonia_P23Pneumonia54P.wav,1,1,4,0,0.4501130620211561,0.004211412842447261,0.27233094184220935,0.02149431958563494,0.2518502637085526
asthma_v2_pneumonia_P23Pneumonia60Y.wav,1,1,4,4,0.28233291033159125,0.0023772073918518883,0.13341532787791538,0.016342749793869515,0.565531804604772
asthma_v2_pneumonia_P23Pneumonia90V.wav,1,1,4,4,0.15418150234359806,0.002474975784858016,0.0703730695893549,0.020034275537734993,0.7529361767444543
asthma_v2_pneumonia_P23Pneumonia97P.wav,1,1,4,0,0.24650022806696492,0.013828784815316103,0.30324038068310843,0.10492823589632919,0.33150237053828113
asthma_v2_pneumonia_P31Pneumonia14Q.wav,1,1,4,4,0.00414986390548953,0.0017059575818448472,0.004324237155659207,0.0006514290540881851,0.9891685123029182
asthma_v2_pneumonia_P31Pneumonia16C.wav,1,1,4,4,0.0041102349880992655,0.0016116653117018212,0.004218511458261813,0.0004789459007927552,0.9895806423411443
asthma_v2_pneumonia_P31Pneumonia43V.wav,1,1,4,4,0.19299407287142722,0.009243547822216022,0.006562495625644966,0.0005988622312033463,0.7906010214495086
asthma_v2_pneumonia_P31Pneumonia47D.wav,1,1,4,4,0.008217783468757615,0.004479515612907435,0.0019238148624664188,0.00046354313661130367,0.9849153429192571
asthma_v2_pneumonia_P31Pneumonia47J.wav,1,1,4,4,0.015859092781074842,0.003984428669712156,0.00020753160771957098,0.0034586744050170226,0.9764902725364766
asthma_v2_pneumonia_P31Pneumonia92I.wav,1,1,4,4,0.09295203753276442,0.00837816605882073,0.0018295445064350647,0.0005149120883030489,0.8963253398136768
asthma_v2_pneumonia_P38Pneumonia23A.wav,1,1,4,0,0.9019443148834934,0.05655521813445851,0.029902420449031387,0.0009522737559127213,0.010645772777103952
asthma_v2_pneumonia_P38Pneumonia34H.wav,1,1,4,0,0.7750703541656762,0.04971144928841777,0.014839951115889727,0.04103209579661605,0.11934614963340023
asthma_v2_pneumonia_P38Pneumonia35P.wav,1,1,4,0,0.7911344374340733,0.05993987537324438,0.0834922044347903,0.002867087209582327,0.0625663955483096
asthma_v2_pneumonia_P38Pneumonia41S.wav,1,1,4,0,0.8369267823330184,0.040978905591728426,0.01049048465722145,0.006041028635014819,0.10556279878301701
asthma_v2_pneumonia_P38Pneumonia61R.wav,1,1,4,0,0.9323011678866792,0.017126300075614748,0.028008384247872463,0.0035397711780810162,0.019024376611752682
asthma_v2_pneumonia_P38Pneumonia64N.wav,1,1,4,0,0.9220892246280594,0.004785885316197034,0.009118200671800563,0.0022617486992462317,0.061744940684696534
asthma_v2_pneumonia_P40Pneumonia18H.wav,1,1,4,0,0.7135419040846921,0.08710416266724415,0.05045619143124058,0.008394821928744653,0.14050291988807845
asthma_v2_pneumonia_P40Pneumonia32Q.wav,1,1,4,4,0.2607302433326961,0.0008600928646188837,0.0005929103123335545,0.0004999796969761258,0.7373167737933752
asthma_v2_pneumonia_P40Pneumonia69N.wav,1,1,4,4,0.04547703692403992,0.0010720982015906431,0.000615758367407665,0.0006700168593120793,0.9521650896476496
asthma_v2_pneumonia_P40Pneumonia90Y.wav,1,1,4,0,0.9497227763010004,0.01769429167524144,0.002588147303271054,0.002791582658164679,0.027203202062322136
asthma_v2_pneumonia_P40Pneumonia91V.wav,1,1,4,0,0.4515135135756896,0.025560700749376733,0.17047512057758304,0.002998321750975636,0.34945234334637476
asthma_v2_pneumonia_P40Pneumonia92J.wav,1,1,4,3,0.10879737716543998,0.029910472991359252,0.07580428797383804,0.7289973991638504,0.05649046270551214
asthma_v2_pneumonia_P42Pneumonia27A.wav,1,1,4,0,0.925631209416981,0.007640674491442802,0.017565110984989144,0.0010520554309776167,0.048110949675609575
asthma_v2_pneumonia_P42Pneumonia46D.wav,1,1,4,0,0.7488001677748134,0.01379091067027594,0.030634284054572632,0.0028453919347294367,0.20392924556560865
asthma_v2_pneumonia_P42Pneumonia47W.wav,1,1,4,0,0.7761670506057871,0.12168072234411845,0.035969291244753725,0.028839543962214987,0.03734339184312564
asthma_v2_pneumonia_P42Pneumonia63L.wav,1,1,4,0,0.8841788399731391,0.0007325583900265475,0.01703990564753503,0.0006642760611001633,0.09738441992819914
asthma_v2_pneumonia_P42Pneumonia67F.wav,1,1,4,0,0.7568348603804157,0.04486766542760228,0.12330393241782774,0.004344654195140913,0.07064888757901358
asthma_v2_pneumonia_P42Pneumonia69S.wav,1,1,4,0,0.8904191779063138,0.0013471581762842686,0.019654322303123854,0.004187031710748528,0.08439230990352962
asthma_v2_pneumonia_P45Pneumonia10J.wav,1,1,4,4,0.0169106654749589,0.024428350510023813,0.019467785266183153,0.09491774592851593,0.8442754528203179
asthma_v2_pneumonia_P45Pneumonia25T.wav,1,1,4,4,0.028029725092093623,0.0008028493566739059,0.019954482695318843,0.006625223822949339,0.9445877190329642
asthma_v2_pneumonia_P45Pneumonia29L.wav,1,1,4,4,0.08756982945465656,0.0017694462332642103,0.04507858804200827,0.0087165812463654,0.8568655550237054
asthma_v2_pneumonia_P45Pneumonia51F.wav,1,1,4,4,0.020651074991830432,0.011954409873485897,0.02629237893454947,0.04938282476425561,0.891719311435879
asthma_v2_pneumonia_P45Pneumonia59I.wav,1,1,4,4,0.014461296253400873,0.00038740948653599066,0.02438554461666547,0.005375164437925804,0.9553905852054719
asthma_v2_pneumonia_P45Pneumonia72P.wav,1,1,4,4,0.04661707755415269,0.007388082039875702,0.08343878862459964,0.07430277399450784,0.7882532777868643
asthma_v2_Bronchial_P13BronchialSc_62.wav,1,2,1,0,0.5250390994585528,0.31638333805463303,0.004620279647739571,0.08012003956215549,0.07383724327691936
asthma_v2_Bronchial_P13BronchialSc_64.wav,1,2,1,0,0.487031330571858,0.25104546119977844,0.014580789746849156,0.1296888790776357,0.11765353940387874
asthma_v2_Bronchial_P13BronchialTc_61.wav,1,2,1,0,0.41710691579149617,0.4313225967676128,0.005270560782222276,0.07946621908795312,0.06683370757071566
asthma_v2_Bronchial_P13BronchialTc_63.wav,1,2,1,1,0.06737969914403126,0.8874085675843547,0.013711811084500536,0.004521165664046165,0.026978756523067356
asthma_v2_Bronchial_P13BronchialTc_65.wav,1,2,1,0,0.4229334847566831,0.3004860552224718,0.17300927207190314,0.0258104283068799,0.077760759642062
asthma_v2_Bronchial_P16BronchialSc_76.wav,1,2,1,1,0.007723563069532004,0.9888194448527836,0.0022339068425325597,0.00027395975847620523,0.0009491254766758323
asthma_v2_Bronchial_P16BronchialSc_78.wav,1,2,1,0,0.3034557557858844,0.5074808636925654,0.1567801579205964,0.015304323091354044,0.016978899509599795
asthma_v2_Bronchial_P16BronchialSc_80.wav,1,2,1,1,0.026466645720544007,0.9479855982447597,0.01028416136805871,0.006215927630477157,0.00904766703616003
asthma_v2_Bronchial_P16BronchialTc_77.wav,1,2,1,1,0.002509496028220775,0.9948961908859737,0.0008903836567409309,0.0005460001419090031,0.00115792928715607
asthma_v2_Bronchial_P16BronchialTc_79.wav,1,2,1,1,0.004203044048749163,0.9887216198994203,0.0035810466948621553,0.0026765002513560593,0.0008177891056122248
asthma_v2_Bronchial_P1BronchialSc_2.wav,1,2,1,1,0.012842372711158404,0.8099520628155785,0.089902432660825,0.07848158843712108,0.008821543375316928
asthma_v2_Bronchial_P1BronchialSc_4.wav,1,2,1,1,0.029708831816196785,0.57469632916613,0.3258852033408254,0.05591282235812518,0.013796813318722654
asthma_v2_Bronchial_P1BronchialTc_1.wav,1,2,1,1,0.013075137922808556,0.8155651795516607,0.1108146524851733,0.05301259487730927,0.007532435163048134
asthma_v2_Bronchial_P1BronchialTc_3.wav,1,2,1,1,0.019754760767494075,0.6939999519591217,0.1717222405158259,0.10220243215994293,0.012320614597615291
asthma_v2_Bronchial_P1BronchialTc_5.wav,1,2,1,1,0.013487083793582565,0.8294246018472202,0.13502112247168363,0.01665338604613977,0.005413805841373845
asthma_v2_Bronchial_P7BronchialSc_32.wav,1,2,1,1,0.003120134385428189,0.9491449887845098,0.024105060672264454,0.02146869787318074,0.0021611182846168644
asthma_v2_Bronchial_P7BronchialSc_34.wav,1,2,1,1,0.0022936167124057447,0.9361288205103964,0.023942252510285075,0.03492477806365205,0.002710532203260793
asthma_v2_Bronchial_P7BronchialTc_31.wav,1,2,1,1,0.0011140628584359034,0.9872478031321227,0.004242670620137737,0.006394526860708874,0.0010009365285944634
asthma_v2_Bronchial_P7BronchialTc_33.wav,1,2,1,1,0.001264778092129813,0.9605431560814328,0.02370902920262901,0.013619077177363598,0.000863959446444565
asthma_v2_Bronchial_P7BronchialTc_35.wav,1,2,1,1,0.0014277186282816079,0.9817148991172508,0.008932818467017382,0.005945605691367809,0.0019789580960824075
asthma_v2_Bronchial_P8BronchialSc_36.wav,1,2,1,1,0.007057523500312959,0.893745274734271,0.04306680566835309,0.044500285530401654,0.011630110566661491
asthma_v2_Bronchial_P8BronchialSc_38.wav,1,2,1,1,0.0009298930320843467,0.98678664065581,0.0074616955210190005,0.003573461961102162,0.0012483088299845224
asthma_v2_Bronchial_P8BronchialSc_40.wav,1,2,1,1,0.0007009474585757442,0.9842456408847785,0.004348801162661328,0.010355482230721321,0.0003491282632631757
asthma_v2_Bronchial_P8BronchialTc_37.wav,1,2,1,1,0.012712319655735198,0.9169134759568517,0.023357121909322195,0.02901545665665539,0.018001625821435694
asthma_v2_Bronchial_P8BronchialTc_39.wav,1,2,1,1,0.0015566800341557253,0.9644068311120007,0.019451033319872576,0.013580406206119536,0.0010050493278512258
asthma_v2_Bronchial_P9BronchialSc_42.wav,1,2,1,1,0.0013288457055959805,0.9743029774855767,0.014937717892757418,0.007902071639073197,0.001528387276997098
asthma_v2_Bronchial_P9BronchialSc_44.wav,1,2,1,1,0.0028340260628640667,0.9764770751034675,0.004881465203181629,0.013709875623862246,0.00209755800662461
asthma_v2_Bronchial_P9BronchialTc_41.wav,1,2,1,1,0.00048770625711782835,0.9807731032289241,0.0009998525229551335,0.01750015875148693,0.00023917923951594173
asthma_v2_Bronchial_P9BronchialTc_43.wav,1,2,1,1,0.005037881133792187,0.9815598212860855,0.005044384474769992,0.0038344094590896044,0.004523503646262848
asthma_v2_Bronchial_P9BronchialTc_45.wav,1,2,1,1,0.0011982318249617616,0.8550783684374065,0.13819031746577057,0.0034951556542530565,0.0020379266176082087
asthma_v2_asthma_P18WheezingIE_89.wav,1,2,0,0,0.9332656230527794,0.0354658621513765,0.0020038752200575508,0.0029231677526804986,0.02634147182310648
asthma_v2_asthma_P18WheezingIU_86.wav,1,2,0,0,0.6784966154385718,0.002463990897908278,0.03760010812166302,0.0009697583027412063,0.28046952723911545
asthma_v2_asthma_P18WheezingIU_90.wav,1,2,0,0,0.9695986332045737,0.01288853147869809,0.0013551380323376346,0.0004823473572613276,0.015675349927129385
asthma_v2_asthma_P18WheezingRL_87.wav,1,2,0,3,0.038111483624377926,0.016245698402489635,0.03563842214878028,0.8146495142633398,0.09535488156101266
asthma_v2_asthma_P18WheezingRS_88.wav,1,2,0,0,0.6544892831640552,0.009748936270640657,0.006044955398232858,0.025725805919904667,0.3039910192471663
asthma_v2_asthma_P20WheezingIE_97.wav,1,2,0,0,0.5215761160050598,0.1188337363264399,0.1928126377946105,0.038795722417879326,0.12798178745601013
asthma_v2_asthma_P20WheezingIU_98.wav,1,2,0,3,0.399121653377741,0.07509684090661918,0.005390200342070649,0.45024012338066005,0.07015118199290944
asthma_v2_asthma_P20WheezingRL_99.wav,1,2,0,0,0.8509768676750178,0.07474480136852193,0.005158364499139204,0.042587401182480625,0.02653256527484054
asthma_v2_asthma_P20WheezingRS_100.wav,1,2,0,3,0.3393142392950259,0.2304410990342699,0.003040651351475447,0.36796584422590717,0.05923816609332151
asthma_v2_asthma_P20WheezingRS_96.wav,1,2,0,0,0.926093371027729,0.03466260445850183,0.0017475479231341528,0.00214893305230158,0.03534754353833341
asthma_v2_asthma_P26WheezingIE_129.wav,1,2,0,0,0.7751055118558974,0.05269776906143387,0.0021542808602839363,0.03193590912180807,0.13810652910057708
asthma_v2_asthma_P26WheezingIU_126.wav,1,2,0,3,0.37863958095673667,0.033981758863284806,0.005513055269678886,0.5168788403825727,0.06498676452772724
asthma_v2_asthma_P26WheezingIU_130.wav,1,2,0,0,0.8686581914223995,0.0032571862722103576,0.01595419991963171,0.00040420716135026205,0.11172621522440837
asthma_v2_asthma_P26WheezingRL_127.wav,1,2,0,0,0.5499518425089299,0.02085798526100113,0.10855963271178608,0.012353166338209307,0.30827737318007364
asthma_v2_asthma_P26WheezingRS_128.wav,1,2,0,0,0.6867876181441982,0.005427477406356501,0.021218958336283594,0.0018960140629296289,0.28466993205023194
asthma_v2_asthma_P28WheezingIE_137.wav,1,2,0,3,0.47373691778646715,0.11700914925984808,0.0021045978730416157,0.28961798642327485,0.11753134865736826
asthma_v2_asthma_P28WheezingIU_138.wav,1,2,0,0,0.7980125122559761,0.09171490781886697,0.0027700519309411344,0.05243452998844828,0.05506799800576736
asthma_v2_asthma_P28WheezingRL_139.wav,1,2,0,0,0.3477435432997593,0.47976628105740327,0.04525228385873827,0.005473700976145872,0.1217641908079531
asthma_v2_asthma_P28WheezingRS_136.wav,1,2,0,0,0.7276099095414275,0.022456944413701715,0.0208923093585028,0.017660647751130305,0.21138018893523777
asthma_v2_asthma_P28WheezingRS_140.wav,1,2,0,0,0.7628873953776473,0.08596717577405157,0.0019926778681597706,0.10041516418341936,0.048737586796722215
asthma_v2_asthma_P29WheezingIE_141.wav,1,2,0,0,0.7361720628729179,0.017338985355683702,0.004808274517638388,0.0038027836947313975,0.2378778935590288
asthma_v2_asthma_P29WheezingIE_145.wav,1,2,0,0,0.5991469134744152,0.006073896607535499,0.03494812653798707,0.00030744283479477465,0.35952362054526765
asthma_v2_asthma_P29WheezingIU_142.wav,1,2,0,1,0.10236491516546756,0.8169611158526233,0.04419323620711578,0.016081091238537768,0.020399641536255484
asthma_v2_asthma_P29WheezingRL_143.wav,1,2,0,4,0.29113460148865794,0.006933433754263129,0.03833580122274176,0.0008521949902191385,0.6627439685441179
asthma_v2_asthma_P29WheezingRS_144.wav,1,2,0,4,0.2040846904880043,0.001106299994068518,0.009070665098885886,0.00013895173107811022,0.7855993926879634
asthma_v2_asthma_P38WheezingIE_189.wav,1,2,0,0,0.7559761288149374,0.025249892813235364,0.21017171599130888,0.002391853750494318,0.006210408630024383
asthma_v2_asthma_P38WheezingIU_186.wav,1,2,0,0,0.8418781554150941,0.0139241087383693,0.12217243671648775,0.005271597334016553,0.016753701796032295
asthma_v2_asthma_P38WheezingIU_190.wav,1,2,0,0,0.6191342844981328,0.02761534110179702,0.3200616031334304,0.013975942760803984,0.01921282850583609
asthma_v2_asthma_P38WheezingRL_187.wav,1,2,0,0,0.6559085305806497,0.1317688530611157,0.09079107774633964,0.025157956681065515,0.096373581930829
asthma_v2_asthma_P38WheezingRS_188.wav,1,2,0,0,0.4111941259038351,0.03132714422787525,0.5235759970308018,0.011457902156819211,0.022444830680668562
asthma_v2_asthma_P44WheezingIE_217.wav,1,2,0,0,0.9332688777271074,0.0010978434451268703,0.007827543238877778,0.0007951342476378699,0.057010601341249904
asthma_v2_asthma_P44WheezingIU_218.wav,1,2,0,0,0.9163002354186012,0.004928164002033082,0.013104628269142354,0.0015874262996966922,0.06407954601052712
asthma_v2_asthma_P44WheezingRL_219.wav,1,2,0,0,0.7938871187259117,0.007320427042190368,0.15695738735470666,0.0036881304050351013,0.03814693647215593
asthma_v2_asthma_P44WheezingRS_216.wav,1,2,0,0,0.9389944776294258,0.004075883464638118,0.007876493589396618,0.013192774829686333,0.035860370486853234
asthma_v2_asthma_P44WheezingRS_220.wav,1,2,0,2,0.14251865065823222,0.000805825298912332,0.8501335029347997,0.0013411457694171155,0.005200875338638477
asthma_v2_asthma_P45WheezingIE_221.wav,1,2,0,0,0.6883126877322338,0.21916811617887233,0.057158928563758725,0.011169334188973963,0.024190933336161048
asthma_v2_asthma_P45WheezingIE_225.wav,1,2,0,0,0.9287326332231354,0.024459852565099485,0.02017898248931796,0.001877778732574148,0.02475075298987308
asthma_v2_asthma_P45WheezingIU_222.wav,1,2,0,0,0.9398318752591838,0.021980571996073634,0.029582647159588322,0.0011168014868388244,0.00748810409831554
asthma_v2_asthma_P45WheezingRL_223.wav,1,2,0,0,0.6698246464759002,0.0860578053527859,0.22858540008689926,0.0035696662244683926,0.011962481859946026
asthma_v2_asthma_P45WheezingRS_224.wav,1,2,0,0,0.7052614934067468,0.01067747475722037,0.12793871078431068,0.0034008063274265808,0.15272151472429588
asthma_v2_asthma_P46WheezingIE_229.wav,1,2,0,0,0.7268977432068624,0.1562070794976375,0.05110353977372453,0.005462682692656,0.060328954829119485
asthma_v2_asthma_P46WheezingIU_226.wav,1,2,0,0,0.39877048125991826,0.5720569285429707,0.016846601941250552,0.0009273643146197982,0.011398623941240407
asthma_v2_asthma_P46WheezingIU_230.wav,1,2,0,0,0.7303068039684699,0.02445927390265294,0.06364846544983713,0.005016925582761413,0.17656853109627904
asthma_v2_asthma_P46WheezingRL_227.wav,1,2,0,0,0.6396455389529762,0.15948121400835058,0.17660538094557512,0.007546301167593458,0.01672156492550491
asthma_v2_asthma_P46WheezingRS_228.wav,1,2,0,0,0.5112045519494576,0.27181949134225447,0.15145673942070562,0.003289797005939771,0.0622294202816425
asthma_v2_asthma_P53WheezingIE_261.wav,1,2,0,0,0.8132648527309408,0.08094497704769048,0.05228662245759844,0.006072387842101906,0.04743115992166809
asthma_v2_asthma_P53WheezingIE_265.wav,1,2,0,0,0.35562649923780215,0.13612155864754927,0.3791969417083588,0.057328693961524395,0.07172630644476537
asthma_v2_asthma_P53WheezingIU_262.wav,1,2,0,0,0.9190596151877816,0.05666147294038431,0.0069349338044236404,0.000858133483118712,0.016485844584291774
asthma_v2_asthma_P53WheezingRL_263.wav,1,2,0,4,0.0780785294888528,0.06428396178407943,0.12537582548978027,0.04288841470126952,0.6893732685360175
asthma_v2_asthma_P53WheezingRS_264.wav,1,2,0,3,0.26042193815709236,0.14950615678008602,0.3229023606819809,0.16046444619947903,0.10670509818136201
asthma_v2_asthma_P6AsthmaIE_29.wav,1,2,0,0,0.9147924783623743,0.04547367128017177,0.017905424572187932,0.0012603041272585115,0.020568121658007515
asthma_v2_asthma_P6AsthmaIU_26.wav,1,2,0,0,0.7175428060553507,0.10244578654456588,0.046958502928628444,0.014077620887125879,0.11897528358432913
asthma_v2_asthma_P6AsthmaIU_30.wav,1,2,0,0,0.9041060155625124,0.067214585154549,0.010007227850805106,0.001266630729299173,0.017405540702834513
asthma_v2_asthma_P6AsthmaRL_27.wav,1,2,0,0,0.6472925571124757,0.006900105965101751,0.03180003896160219,0.014375544464823831,0.29963175349599663
asthma_v2_asthma_P6AsthmaRS_28.wav,1,2,0,0,0.7614345932095169,0.007589468127990368,0.01967167183101355,0.00684355956118379,0.2044607072702954
asthma_v2_copd_P14COPDMc_106.wav,1,2,2,2,0.008252291487299014,0.006933955089038649,0.9277345440053184,0.003319481785354489,0.05375972763298951
asthma_v2_copd_P14COPDMc_108.wav,1,2,2,2,0.030921171701088032,0.003838073064574829,0.9608700727001442,0.0010965319904814226,0.003274150543710884
asthma_v2_copd_P14COPDMc_110.wav,1,2,2,2,0.053587299493549984,0.02153326723944929,0.8264706404677964,0.001748919672949603,0.0966598731262547
asthma_v2_copd_P14COPDMc_112.wav,1,2,2,0,0.37861258312618123,0.01047331016339785,0.5967615913593265,0.003973650384670766,0.010178864966423434
asthma_v2_copd_P14COPDPr_105.wav,1,2,2,2,0.0004664528979994383,0.00020661391939780831,0.9987600727593665,5.2780531059771814e-05,0.0005140798921764966
asthma_v2_copd_P14COPDPr_107.wav,1,2,2,0,0.3191859162343602,0.04070213265206539,0.6179959607241137,0.001448885386524686,0.020667105002936097
asthma_v2_copd_P14COPDPr_109.wav,1,2,2,2,0.0333084523642881,0.01072650416110065,0.9377315818327134,0.0009063173023776897,0.017327144339520328
asthma_v2_copd_P14COPDPr_111.wav,1,2,2,0,0.42025810502689614,0.036168691335889104,0.19950367964403393,0.002323716167875867,0.3417458078253049
asthma_v2_copd_P23COPDMc_178.wav,1,2,2,2,0.02436848271590374,0.008353927178431995,0.9525967188632691,0.005516510278708098,0.00916436096368684
asthma_v2_copd_P23COPDMc_180.wav,1,2,2,2,0.0005859811862858288,7.20868306221945e-05,0.9985064997982241,0.00036028899986699877,0.0004751431850011474
asthma_v2_copd_P23COPDMc_182.wav,1,2,2,2,0.015861696953870706,0.013893557396948818,0.6944416636582923,0.09136478620475293,0.18443829578613527
asthma_v2_copd_P23COPDMc_184.wav,1,2,2,2,0.0020722632327587966,0.00201649289852309,0.9506037241285145,0.02716758262230291,0.018139937117900604
asthma_v2_copd_P23COPDPr_177.wav,1,2,2,2,0.008781022306280346,0.0042368267155642415,0.9761807616537862,0.003828882240507938,0.006972507083861355
asthma_v2_copd_P23COPDPr_179.wav,1,2,2,2,1.4177356251665604e-07,1.634568919637506e-07,0.9998740085575832,2.7590636491966753e-05,9.809557547038923e-05
asthma_v2_copd_P23COPDPr_181.wav,1,2,2,2,0.00037848235799656704,4.3814717246822154e-05,0.9991368986098074,0.00018597782827417048,0.00025482648667486094
asthma_v2_copd_P23COPDPr_183.wav,1,2,2,2,0.0051675315952824,0.006632401441818444,0.8874435222201951,0.03870509438710796,0.06205145035559636
asthma_v2_copd_P30COPDMc_234.wav,1,2,2,2,0.013275659248983005,0.0002444463916429128,0.9535571868646899,0.0014148006731750315,0.031507906821508995
asthma_v2_copd_P30COPDMc_236.wav,1,2,2,2,1.390877635656518e-07,9.370743003852857e-08,0.9997446047782796,0.0001545033535103287,0.00010065907301656232
asthma_v2_copd_P30COPDMc_238.wav,1,2,2,2,8.702557426462884e-09,7.019404731896554e-09,0.9999686639045681,1.6401897876118644e-05,1.4918475593534471e-05
asthma_v2_copd_P30COPDMc_240.wav,1,2,2,2,2.3572242829709018e-08,2.5890454928926493e-08,0.9999362803414277,5.0463460467770086e-06,5.8623849827827315e-05
asthma_v2_copd_P30COPDPr_233.wav,1,2,2,2,0.0009729266687182903,5.16449214328359e-05,0.9980046318761526,0.00013456653877766083,0.0008362299949184878
asthma_v2_copd_P30COPDPr_235.wav,1,2,2,2,0.009137413264292847,0.0003819804153347767,0.9527185822424745,0.001541370403667604,0.03622065367423063
asthma_v2_copd_P30COPDPr_237.wav,1,2,2,2,1.880623227876537e-08,1.3360680603137131e-08,0.999961639230668,1.7721274062315236e-05,2.0607328356774314e-05
asthma_v2_copd_P30COPDPr_239.wav,1,2,2,2,3.4823589312030097e-09,4.303341884899354e-09,0.9999890694251882,2.0094716647941977e-06,8.913317446332314e-06
asthma_v2_copd_P32COPDMc_250.wav,1,2,2,2,0.22715867970303066,0.0248869063413861,0.7291701697786273,0.004248117966296997,0.014536126210659079
asthma_v2_copd_P32COPDMc_252.wav,1,2,2,0,0.33449714616261356,0.01820298090125368,0.6361611814823458,0.0006231529559754362,0.010515538497811323
asthma_v2_copd_P32COPDMc_254.wav,1,2,2,2,0.03875963268223694,0.0013426735143665272,0.9590008728692575,0.0003379359866163223,0.0005588849475227938
asthma_v2_copd_P32COPDMc_256.wav,1,2,2,2,0.08227859646375481,0.0011509296529372088,0.913800355185516,0.0010012521656962222,0.0017688665320957013
asthma_v2_copd_P32COPDPr_249.wav,1,2,2,2,0.1481779515896139,0.011362031418250092,0.8077852035900344,0.008523964495944489,0.02415084890615718
asthma_v2_copd_P32COPDPr_251.wav,1,2,2,0,0.41243610291777394,0.07369093643502644,0.4877159672258065,0.0043847667709366244,0.021772226650456472
asthma_v2_copd_P32COPDPr_253.wav,1,2,2,2,0.08203793611383427,0.0018897964919882184,0.9126108783594638,0.001923518780827864,0.0015378702538858707
asthma_v2_copd_P32COPDPr_255.wav,1,2,2,2,0.10142534740994538,0.003093187193652989,0.8941566801304118,0.00029473304555058586,0.0010300522204390638
asthma_v2_copd_P34COPDMc_266.wav,1,2,2,2,0.0048822946999161065,0.07143479853881987,0.9225926787975681,0.00013351121936261255,0.0009567167443336438
asthma_v2_copd_P34COPDMc_268.wav,1,2,2,1,0.015504183423924496,0.5593959556656574,0.42113326971816234,0.0006604008952685593,0.003306190296987125
asthma_v2_copd_P34COPDMc_270.wav,1,2,2,2,0.0013674943432280386,0.019759822816175797,0.9784447070623309,4.956564615179622e-05,0.00037841013211313334
asthma_v2_copd_P34COPDMc_272.wav,1,2,2,2,0.0015844235575860263,0.08043976202954467,0.9175683991054248,2.4696473087321436e-05,0.00038271883435767794
asthma_v2_copd_P34COPDPr_265.wav,1,2,2,2,0.002001104091400906,0.1651339103303189,0.8324697095642932,4.2769022012466255e-05,0.0003525069919743298
asthma_v2_copd_P34COPDPr_267.wav,1,2,2,1,0.04792420763299285,0.2204547381828537,0.7233892359236006,0.001346532369820709,0.006885285890731927
asthma_v2_copd_P34COPDPr_269.wav,1,2,2,1,0.011547160914604738,0.2643877198528598,0.7184398910078268,0.0014470096398061505,0.004178218584902596
asthma_v2_copd_P34COPDPr_271.wav,1,2,2,2,0.00308877284020885,0.037317847614142516,0.9578650816566315,8.258458270342054e-05,0.0016457133063134408
asthma_v2_copd_P43COPDMc_338.wav,1,2,2,2,0.006031665153999329,0.00399671177476563,0.9851590744699013,0.0008294257020392537,0.003983122899294482
asthma_v2_copd_P43COPDMc_340.wav,1,2,2,2,4.89833433949437e-09,4.602335995404663e-09,0.9999810989813479,9.508432900325021e-07,1.7940674691793036e-05
asthma_v2_copd_P43COPDMc_342.wav,1,2,2,2,3.207101961818984e-08,2.633247327666102e-08,0.9999856470542141,1.3031380981085612e-06,1.2991404194978321e-05
asthma_v2_copd_P43COPDMc_344.wav,1,2,2,2,9.074906311164679e-07,7.713180902747924e-07,0.9990943747851488,1.0268535826685485e-05,0.0008936778703030681
asthma_v2_copd_P43COPDPr_337.wav,1,2,2,2,0.008036126741607462,0.002687672546640549,0.9871835639353359,0.00033569288294370465,0.001756943893472646
asthma_v2_copd_P43COPDPr_339.wav,1,2,2,2,1.4595003785592799e-08,1.8920959407363772e-08,0.9999477497740902,1.6441790191292764e-05,3.577491975506664e-05
asthma_v2_copd_P43COPDPr_341.wav,1,2,2,2,2.1448511799385453e-08,2.0402049339540226e-08,0.9999886039932752,1.1689399394705572e-06,1.0185216224230533e-05
asthma_v2_copd_P43COPDPr_343.wav,1,2,2,2,7.919717363074616e-09,1.6824703847063386e-08,0.999995977394411,9.569141060691334e-07,3.040947061987566e-06
asthma_v2_copd_P47COPDMc_370.wav,1,2,2,1,0.05712272587007433,0.2278642954701957,0.5495310844153473,0.021236422342439307,0.1442454719019434
asthma_v2_copd_P47COPDMc_372.wav,1,2,2,2,0.010625350131985517,0.0029300036809952654,0.9820111687772215,0.0011323031878955711,0.0033011742219024895
asthma_v2_copd_P47COPDMc_374.wav,1,2,2,2,0.0005411595917864725,0.0371324545895873,0.9536033193908078,0.008114477746331712,0.0006085886814868056
asthma_v2_copd_P47COPDMc_376.wav,1,2,2,3,0.0019837188918075525,0.007753776087113917,0.723643423007288,0.2519600551113537,0.014659026902436995
asthma_v2_copd_P47COPDPr_369.wav,1,2,2,2,0.180426402529648,0.03262600093817445,0.6950243987532471,0.005488079945698256,0.08643511783323227
asthma_v2_copd_P47COPDPr_371.wav,1,2,2,1,0.05429899166329209,0.18855815507657156,0.5602000495245351,0.008546159336849282,0.18839664439875242
asthma_v2_copd_P47COPDPr_373.wav,1,2,2,2,0.019690801129405855,0.007430891333377084,0.9598847254245744,0.007625195392142182,0.005368386720500486
asthma_v2_copd_P47COPDPr_375.wav,1,2,2,2,0.0002587277827597688,0.015242561793205333,0.9735821055664008,0.010191673414684155,0.0007249314429498137
asthma_v2_copd_P50COPDMc_394.wav,1,2,2,2,0.001088836737369388,0.00023532634143886395,0.9980698305726632,0.00025617228823897965,0.000349834060289437
asthma_v2_copd_P50COPDMc_396.wav,1,2,2,2,0.006677347808277526,0.0018052608089840461,0.9883642579499831,0.0010884465277635088,0.00206468690499188
asthma_v2_copd_P50COPDMc_398.wav,1,2,2,2,8.040365680463766e-08,2.209951245271879e-07,0.999911174406091,3.1582868336138545e-05,5.6941326791448125e-05
asthma_v2_copd_P50COPDMc_400.wav,1,2,2,2,6.18932734640928e-08,1.3453702382229666e-07,0.9999664160332686,4.9975129527009295e-06,2.8390023481252923e-05
asthma_v2_copd_P50COPDPr_393.wav,1,2,2,2,0.0010300539169291391,0.00020617666681692763,0.9981561582059588,0.00024548811535423883,0.00036212309494116046
asthma_v2_copd_P50COPDPr_395.wav,1,2,2,2,0.0015273490183722194,0.0003333095856019333,0.9965344957909273,0.0006936576045874804,0.0009111880005110691
asthma_v2_copd_P50COPDPr_397.wav,1,2,2,2,0.0011854469655283863,0.00015748399557582445,0.9974395020575466,0.0003070504611386887,0.0009105165202107073
asthma_v2_copd_P50COPDPr_399.wav,1,2,2,2,0.0004468242712032287,0.00015805677348693027,0.9991350498045425,7.633480750604099e-05,0.0001837343432612584
asthma_v2_copd_P51COPDPr_401.wav,1,2,2,2,1.1087088207620809e-08,2.284643340386737e-08,0.9999914793202184,1.98647772609434e-06,6.500268534119446e-06
asthma_v2_copd_P9COPDMc_66.wav,1,2,2,2,0.000733195918868649,3.703525668213952e-05,0.9990928130474567,3.343553011813529e-05,0.00010352024687434903
asthma_v2_copd_P9COPDMc_68.wav,1,2,2,2,7.958136642937162e-08,1.1567690081330822e-07,0.9998385677111601,7.924293031697652e-06,0.00015331273754104726
asthma_v2_copd_P9COPDMc_70.wav,1,2,2,2,8.345565310643149e-09,8.866349176939872e-09,0.9999975416220099,2.5489912440035937e-07,2.1862669512341553e-06
asthma_v2_copd_P9COPDMc_72.wav,1,2,2,2,6.319684049339475e-07,5.941300375851261e-07,0.9999284466094301,2.1781435626583917e-06,6.814914856465045e-05
asthma_v2_copd_P9COPDPr_65.wav,1,2,2,2,2.9368103398424448e-08,1.9679813281808667e-08,0.999994260552805,6.274327985439086e-08,5.6276559985111846e-06
asthma_v2_copd_P9COPDPr_67.wav,1,2,2,2,0.012108367804096933,0.0016692031530934157,0.9790182891774504,0.0004368290610154524,0.00676731080434383
asthma_v2_copd_P9COPDPr_69.wav,1,2,2,2,1.2417756618161925e-07,1.4579578804781164e-07,0.9999653293469919,1.403457076056902e-06,3.2997222577828025e-05
asthma_v2_copd_P9COPDPr_71.wav,1,2,2,2,1.3737964278812945e-08,1.4450629316941062e-08,0.9999973765859135,1.5172957289715033e-07,2.4434959201386034e-06
asthma_v2_healthy_P18Healthy17S.wav,1,2,3,3,0.06963840655950795,0.004025736552662117,0.004984156364693125,0.8722291269398397,0.04912257358329729
asthma_v2_healthy_P18Healthy46S.wav,1,2,3,3,0.010708262690798963,0.6636829833584288,0.013261957354519752,0.2853167541861041,0.027030042410148135
asthma_v2_healthy_P18Healthy59S.wav,1,2,3,1,0.009369877434861153,0.8307565612188594,0.005295606501343939,0.13747113698327823,0.0171068178616573
asthma_v2_healthy_P18Healthy79S.wav,1,2,3,3,0.09258302163242017,0.005520283318759206,0.016333653479135984,0.8039786995252572,0.08158434204442748
asthma_v2_healthy_P18Healthy98S.wav,1,2,3,3,0.07490533875813543,0.003036068472210046,0.01021530238526909,0.8486309544063019,0.06321233597808355
asthma_v2_healthy_P24Healthy51S.wav,1,2,3,3,0.008913096842587093,0.008770060686626715,0.004033144984277701,0.8830873102327313,0.09519638725377742
asthma_v2_healthy_P24Healthy58S.wav,1,2,3,3,0.007417898872410788,0.00903141840748861,0.00617555207972304,0.9411234331476118,0.036251697492766
asthma_v2_healthy_P24Healthy62S.wav,1,2,3,3,0.0025559282176791094,0.0034750320138547336,0.7803779049318462,0.2007935068811946,0.012797627955425078
asthma_v2_healthy_P24Healthy63S.wav,1,2,3,3,0.007986209827668839,0.006852176170168616,0.3955512885836654,0.5432435425439462,0.04636678287455091
asthma_v2_healthy_P24Healthy95S.wav,1,2,3,3,0.002823448664002371,0.007593714544385517,0.7585640815070192,0.19811125198407528,0.0329075033005177
asthma_v2_healthy_P2Healthy30S.wav,1,2,3,3,0.010424488054578298,0.002169371912915714,0.006259398570733124,0.4313160779292647,0.5498306635325084
asthma_v2_healthy_P2Healthy43S.wav,1,2,3,3,0.04392067817629544,0.06689889098976418,0.02639606039056446,0.7625864698730737,0.100197900570302
asthma_v2_healthy_P2Healthy54S.wav,1,2,3,3,0.05581815366555388,0.17322751851670454,0.016646320082350202,0.7076748259758858,0.04663318175950537
asthma_v2_healthy_P2Healthy72S.wav,1,2,3,4,0.016476964167714506,0.0020211889703389834,0.0058227985682889494,0.0651707195531225,0.9105083287405352
asthma_v2_healthy_P2Healthy89S.wav,1,2,3,3,0.011138744261684354,0.002180991177787093,0.01907388007868364,0.5063242040620346,0.4612821804198101
asthma_v2_healthy_P6Healthy21S.wav,1,2,3,2,0.19454741516485907,0.05418757813975226,0.47085244302397106,0.11886605799695941,0.16154650567445822
asthma_v2_healthy_P6Healthy34S.wav,1,2,3,3,0.09315873884370232,0.001672445960000962,0.02759692095290474,0.6222874769989192,0.25528441724447265
asthma_v2_healthy_P6Healthy51S.wav,1,2,3,3,0.17183818830912764,0.03683274649713365,0.054215688632311604,0.29785298131815113,0.43926039524327626
asthma_v2_healthy_P6Healthy71S.wav,1,2,3,3,0.03805796651280498,0.06136718632685873,0.10602078030626168,0.7195118944291611,0.07504217242491396
asthma_v2_healthy_P6Healthy77S.wav,1,2,3,4,0.14272011195365858,0.008981772167474426,0.10142290410391673,0.281764961187926,0.46511025058702427
asthma_v2_pneumonia_P12Pneumonia23P.wav,1,2,4,4,0.02472092751190993,0.01788849748247099,0.043139706115076094,0.015159082218899333,0.8990917866716436
asthma_v2_pneumonia_P12Pneumonia44H.wav,1,2,4,4,0.1724243381322347,0.01550788584489214,0.03000830568436784,0.01723221944133885,0.7648272508971666
asthma_v2_pneumonia_P12Pneumonia45B.wav,1,2,4,4,0.19931086918316238,0.056026083961789985,0.07073136929652311,0.007826347087690477,0.6661053304708342
asthma_v2_pneumonia_P12Pneumonia46L.wav,1,2,4,4,0.3699593956852532,0.06822757036434984,0.006617761322879674,0.010391198106585993,0.544804074520931
asthma_v2_pneumonia_P12Pneumonia59Q.wav,1,2,4,4,0.21265120275771976,0.19620273164436394,0.1383012506930432,0.01548746649832463,0.4373573484065482
asthma_v2_pneumonia_P12Pneumonia97E.wav,1,2,4,4,0.0558844609027801,0.06848706366462058,0.06576299928013467,0.030422827420101883,0.7794426487323628
asthma_v2_pneumonia_P18Pneumonia15Q.wav,1,2,4,4,0.014294409204563268,0.001433525434968043,0.00018643159728631313,0.0010803825038715512,0.9830052512593107
asthma_v2_pneumonia_P18Pneumonia16E.wav,1,2,4,4,0.039553689993885116,0.0035969269578325948,0.0005127906957230965,0.002632432369269522,0.9537041599832894
asthma_v2_pneumonia_P18Pneumonia23E.wav,1,2,4,4,0.010219245338908663,0.0015458086823942156,0.00014314862035833334,0.001310088261589384,0.9867817090967494
asthma_v2_pneumonia_P18Pneumonia50S.wav,1,2,4,4,0.0541237073936815,0.0015166423848307368,0.000418048776083784,0.0004945014052249861,0.9434471000401788
asthma_v2_pneumonia_P18Pneumonia84N.wav,1,2,4,4,0.02746997690254157,0.0009920900610284242,0.0002812452669706494,0.0005160731249585737,0.9707406146445009
asthma_v2_pneumonia_P18Pneumonia88I.wav,1,2,4,4,0.039047326561300506,0.003016297363846902,0.0002255126249776448,0.0007393047955949542,0.95697155865428
asthma_v2_pneumonia_P20Pneumonia27V.wav,1,2,4,4,0.213754345245728,0.0012267244337340326,0.00227249019224151,0.034798667239361564,0.7479477728889349
asthma_v2_pneumonia_P20Pneumonia31P.wav,1,2,4,3,0.08697896031084557,0.004709138010348402,0.00636224515638201,0.6885209054660143,0.2134287510564096
asthma_v2_pneumonia_P20Pneumonia37V.wav,1,2,4,3,0.08721601262073196,0.007298659160632903,0.012546381365447366,0.6671231241108051,0.22581582274238296
asthma_v2_pneumonia_P20Pneumonia42B.wav,1,2,4,4,0.14391549975262186,0.0011357012909698576,0.004152713798094107,0.10358968093297252,0.7472064042253416
asthma_v2_pneumonia_P20Pneumonia58T.wav,1,2,4,4,0.1547981188581468,0.002658521057111242,0.003384142088151945,0.12433144005887704,0.7148277779377129
asthma_v2_pneumonia_P20Pneumonia84L.wav,1,2,4,3,0.0957582141917131,0.003292782354336144,0.010487651876442504,0.6590978800959242,0.2313634714815842
asthma_v2_pneumonia_P24Pneumonia21G.wav,1,2,4,3,0.07721966356614646,0.19930977588840948,0.1406189997800343,0.29829945707301914,0.2845521036923906
asthma_v2_pneumonia_P24Pneumonia54A.wav,1,2,4,4,0.07485895914326667,0.0009711971519210691,0.003187931088177203,0.001687587636125215,0.9192943249805098
asthma_v2_pneumonia_P24Pneumonia67G.wav,1,2,4,4,0.03536585393301408,0.0015298145706203916,0.022167180827560255,0.01055947198482244,0.9303776786839826
asthma_v2_pneumonia_P24Pneumonia67Z.wav,1,2,4,4,0.12089277778549719,0.007013430710533043,0.0006602354506481913,0.02580613433704745,0.845627421716274
asthma_v2_pneumonia_P24Pneumonia91X.wav,1,2,4,4,0.12263358478892045,0.011140909346443177,0.05340036275835379,0.045787662980261455,0.7670374801260215
asthma_v2_pneumonia_P24Pneumonia95T.wav,1,2,4,3,0.042577079564794305,0.4690812603895363,0.05151153428423811,0.3330987862644286,0.10373133949700275
asthma_v2_pneumonia_P28Pneumonia22W.wav,1,2,4,4,0.25815191586711117,0.029487311279891574,0.02414248360365439,0.0013668647539240063,0.6868514244954187
asthma_v2_pneumonia_P28Pneumonia43J.wav,1,2,4,3,0.011436876327330116,0.02710057502089121,0.03875629487561714,0.40215254461060285,0.5205537091655587
asthma_v2_pneumonia_P28Pneumonia56Y.wav,1,2,4,4,0.03503968204378723,0.02148296064290183,0.004813598294889088,0.010418918376149378,0.9282448406422725
asthma_v2_pneumonia_P28Pneumonia65J.wav,1,2,4,0,0.6321769036937542,0.0707628297480337,0.032822929047466844,0.002543923743780895,0.2616934137669642
asthma_v2_pneumonia_P28Pneumonia71A.wav,1,2,4,4,0.013826445364892331,0.002339993643058029,0.0006908426550410977,0.0005777322069775099,0.982564986130031
asthma_v2_pneumonia_P28Pneumonia90E.wav,1,2,4,0,0.20473902388811735,0.3348713127167777,0.30968438789545494,0.003040115085310643,0.14766516041433947
asthma_v2_pneumonia_P29Pneumonia14M.wav,1,2,4,4,0.04809978912853365,0.0018944696980193424,0.0004903487997569219,0.0005888076426782895,0.9489265847310117
asthma_v2_pneumonia_P29Pneumonia17N.wav,1,2,4,4,0.04047955971326168,0.004878140698889454,0.0009897385788523968,0.010874259785766126,0.9427783012232304
asthma_v2_pneumonia_P29Pneumonia18M.wav,1,2,4,4,0.009766470550012538,0.01186544906686806,0.0022250919833161176,0.03268668453763507,0.9434563038621686
asthma_v2_pneumonia_P29Pneumonia24X.wav,1,2,4,4,0.014778670173033796,0.0012266518136043402,0.0002513540280855557,0.00044532460146212824,0.9832979993838142
asthma_v2_pneumonia_P29Pneumonia51O.wav,1,2,4,4,0.017853050171319853,0.012700818257393618,0.0013600591176207756,0.009505901857166918,0.9585801705964987
asthma_v2_pneumonia_P29Pneumonia82U.wav,1,2,4,4,0.01989755926511986,0.00786130929233369,0.0008779164825820548,0.008129157230974349,0.9632340577289901
asthma_v2_pneumonia_P41Pneumonia17O.wav,1,2,4,0,0.5293744573075801,0.004322395588742313,0.08757784377928522,0.002498213193386314,0.37622709013100614
asthma_v2_pneumonia_P41Pneumonia25E.wav,1,2,4,2,0.177220498841636,0.02353663090583198,0.7330966347267847,0.0014425325064696829,0.06470370301927768
asthma_v2_pneumonia_P41Pneumonia31S.wav,1,2,4,4,0.35760058880245427,0.1849159050796007,0.013540843817646135,0.05725396677329805,0.3866886955270008
asthma_v2_pneumonia_P41Pneumonia41D.wav,1,2,4,0,0.5547925662414191,0.017807826069793833,0.3685279448077704,0.0010714264903998994,0.05780023639061655
asthma_v2_pneumonia_P41Pneumonia71Q.wav,1,2,4,0,0.9240123599423476,0.0009455520490749534,0.012310919628348533,0.0044043303835342084,0.05832683799669421
asthma_v2_pneumonia_P41Pneumonia72U.wav,1,2,4,0,0.8402620140231281,0.014891942208187786,0.008935843132355833,0.0007767138627996921,0.13513348677352868
asthma_v2_pneumonia_P43Pneumonia24U.wav,1,2,4,2,0.010330420387988641,0.0018814385133309054,0.8606889236764053,0.08832845003947001,0.03877076738280508
asthma_v2_pneumonia_P43Pneumonia53X.wav,1,2,4,4,0.03512301744471676,0.026308468375561327,0.015347718453549382,0.017438527420246385,0.9057822683059262
asthma_v2_pneumonia_P43Pneumonia54I.wav,1,2,4,4,0.18272645109377098,0.014551062151922351,0.036201492813493996,0.006024700533123724,0.7604962934076888
asthma_v2_pneumonia_P43Pneumonia73N.wav,1,2,4,4,0.17088984018068967,0.0075299984446123075,0.013725335466387165,0.00534931865397579,0.802505507254335
asthma_v2_pneumonia_P43Pneumonia88Y.wav,1,2,4,3,0.015656911035170095,0.003125931974427555,0.6763374800951543,0.18474184703891003,0.12013782985633825
asthma_v2_pneumonia_P43Pneumonia89T.wav,1,2,4,2,0.013330556044754673,0.002447211976777947,0.7632525635956701,0.11073414051464042,0.11023552786815687
asthma_v2_pneumonia_P44Pneumonia36U.wav,1,2,4,4,0.1430046583768895,0.07468604259424261,0.15383319412410326,0.11579532840998523,0.5126807764947795
asthma_v2_pneumonia_P44Pneumonia47J.wav,1,2,4,4,0.17088984018068967,0.0075299984446123075,0.013725335466387165,0.00534931865397579,0.802505507254335
asthma_v2_pneumonia_P44Pneumonia49B.wav,1,2,4,4,0.18272645109377098,0.014551062151922351,0.036201492813493996,0.006024700533123724,0.7604962934076888
asthma_v2_pneumonia_P44Pneumonia59U.wav,1,2,4,4,0.05250122524915158,0.20042446855871088,0.015186246763490431,0.15748987298355688,0.5743981864450902
asthma_v2_pneumonia_P44Pneumonia65N.wav,1,2,4,4,0.058020841622410446,0.10755399295562112,0.01080125887447577,0.1719518865027489,0.6516720200447441
asthma_v2_pneumonia_P44Pneumonia71M.wav,1,2,4,4,0.03512301744471676,0.026308468375561327,0.015347718453549382,0.017438527420246385,0.9057822683059262
asthma_v2_pneumonia_P8Pneumonia11O.wav,1,2,4,4,0.44048140433461513,0.006720246618664052,0.009855734057772741,0.017240115409064113,0.5257024995798839
asthma_v2_pneumonia_P8Pneumonia14Z.wav,1,2,4,4,0.25521295813694606,0.004084862825671504,0.017026417839080373,0.03271130143771598,0.6909644597605863
asthma_v2_pneumonia_P8Pneumonia16Z.wav,1,2,4,3,0.008211982949256883,0.028811209950796248,0.031422468356958805,0.3127083171403067,0.6188460216026814
asthma_v2_pneumonia_P8Pneumonia20O.wav,1,2,4,4,0.0414283783872114,0.003977805021571518,0.010732422086324675,0.0015007401310714182,0.9423606543738209
asthma_v2_pneumonia_P8Pneumonia23N.wav,1,2,4,0,0.5634683863632621,0.0028743852465370656,0.037784923015785205,0.03739729410689748,0.358475011267518
asthma_v2_pneumonia_P8Pneumonia28V.wav,1,2,4,3,0.005330441615733232,0.012259970678725767,0.041428396624690576,0.7620184359874335,0.17896275509341714
asthma_v2_Bronchial_P10BronchialSc_46.wav,1,3,1,2,6.114253019042136e-05,0.0004674130302033913,0.9983981745545695,8.894953634349485e-05,0.000984320348693203
asthma_v2_Bronchial_P10BronchialSc_48.wav,1,3,1,2,3.0847153957158726e-05,0.00208632703362221,0.9971155307531253,0.00023434425897587822,0.0005329508003192665
asthma_v2_Bronchial_P10BronchialSc_50.wav,1,3,1,1,0.00406912299194596,0.9253850487386964,0.06460343077526631,0.001318178960883363,0.004624218533207853
asthma_v2_Bronchial_P10BronchialTc_47.wav,1,3,1,2,3.134751960480924e-05,0.0019281869649424826,0.9972905516301108,0.0002302235363403983,0.0005196903490015494
asthma_v2_Bronchial_P10BronchialTc_49.wav,1,3,1,1,0.004559864647618663,0.9582741532957388,0.03179030518157592,0.00161431194516052,0.0037613649299062233
asthma_v2_Bronchial_P12BronchialSc_56.wav,1,3,1,0,0.9396815765520855,0.015037843526856123,0.0038033001122529525,0.00046051961313491524,0.04101676019567035
asthma_v2_Bronchial_P12BronchialSc_58.wav,1,3,1,0,0.906575385246602,0.021151406109728838,0.035738696790966355,0.02668885769403583,0.009845654158666972
asthma_v2_Bronchial_P12BronchialSc_60.wav,1,3,1,0,0.5082860229664721,0.09419564032536337,0.008233146594924592,0.2819213073924598,0.1073638827207799
asthma_v2_Bronchial_P12BronchialTc_57.wav,1,3,1,0,0.9649433012421507,0.012092770998347172,0.0025928612738655436,0.00022126275513913908,0.020149803730497344
asthma_v2_Bronchial_P12BronchialTc_59.wav,1,3,1,0,0.8231008743710858,0.0456554684203026,0.008675646342193838,0.0005501799696394851,0.12201783089677815
asthma_v2_Bronchial_P2BronchialSc_10.wav,1,3,1,1,0.007820919500282948,0.9569458407556426,0.020618073119890088,0.00858425975514427,0.006030906869040066
asthma_v2_Bronchial_P2BronchialSc_6.wav,1,3,1,1,0.007745020069676947,0.9590384582913573,0.02679634010205662,0.0016989223975105445,0.00472125913939891
asthma_v2_Bronchial_P2BronchialSc_8.wav,1,3,1,1,0.005699648432823558,0.9728416666566568,0.0032296475808062668,0.0052476085107054605,0.012981428819007618
asthma_v2_Bronchial_P2BronchialTc_7.wav,1,3,1,1,0.038611731979359555,0.834550045179394,0.07468657887604599,0.025332348140018668,0.026819295825181354
asthma_v2_Bronchial_P2BronchialTc_9.wav,1,3,1,1,0.014474667485721958,0.8802849599976916,0.022293919955727437,0.02518880301912028,0.057757649541739016
asthma_v2_Bronchial_P5BronchialSc_22.wav,1,3,1,3,0.014267648942028735,0.34857966364231957,0.34105619953262184,0.21361701046780662,0.08247947741522352
asthma_v2_Bronchial_P5BronchialSc_24.wav,1,3,1,2,0.011786298228815516,0.08630752364662772,0.7500244850160919,0.020195106454658246,0.13168658665380648
asthma_v2_Bronchial_P5BronchialTc_21.wav,1,3,1,1,0.0005577219971883282,0.9892337940882643,0.002277446831488576,0.004690585108958432,0.003240451974100486
asthma_v2_Bronchial_P5BronchialTc_23.wav,1,3,1,2,0.009678558064479837,0.05841959876813959,0.75024398358259,0.02311020159920464,0.15854765798558615
asthma_v2_Bronchial_P5BronchialTc_25.wav,1,3,1,4,0.0548985138990877,0.0425354492608021,0.5740255475647403,0.015860625607523937,0.3126798636678458
asthma_v2_asthma_P10AsthmaIE_49.wav,1,3,0,0,0.8773663366211335,0.004021612513013071,0.024986800820427375,0.0018540280705787234,0.09177122197484758
asthma_v2_asthma_P10AsthmaIU_46.wav,1,3,0,0,0.9453173194651453,0.008927737089357332,0.006687647779350209,0.00044531719432210824,0.038621978471824914
asthma_v2_asthma_P10AsthmaIU_50.wav,1,3,0,0,0.892517196635015,0.053415218065253775,0.0050718086627127516,0.00044951681873683897,0.04854625981828163
asthma_v2_asthma_P10AsthmaRL_47.wav,1,3,0,0,0.9724619024542349,0.0019692339488143495,0.005191180125325457,0.0005786464725412003,0.019799036999084033
asthma_v2_asthma_P10AsthmaRS_48.wav,1,3,0,0,0.9453814380152363,0.006961203128262883,0.007761732933987823,0.0003874936307594126,0.03950813229175343
asthma_v2_asthma_P11WheezingIE_53.wav,1,3,0,0,0.657511763458066,0.13709071609560827,0.018254404176200587,0.0021768005376516858,0.1849663157324736
asthma_v2_asthma_P11WheezingIU_54.wav,1,3,0,0,0.5732660278082354,0.11677293402368388,0.014537087038657552,0.006538575866002294,0.2888853752634208
asthma_v2_asthma_P11WheezingRL_51.wav,1,3,0,0,0.8709763492375515,0.05018787800098917,0.00682730620331615,0.00025326888307710907,0.07175519767506613
asthma_v2_asthma_P11WheezingRL_55.wav,1,3,0,0,0.3850438306385512,0.4542166565665231,0.030646081064648726,0.06726716290965318,0.06282626882062377
asthma_v2_asthma_P11WheezingRS_52.wav,1,3,0,0,0.3067189226963401,0.6268568513281512,0.011589306982383814,0.02182234740239311,0.03301257159073221
asthma_v2_asthma_P17WheezingIE_81.wav,1,3,0,0,0.9166731064502701,0.006427676507818511,0.009780023941482915,0.00041941423065792685,0.06669977886977038
asthma_v2_asthma_P17WheezingIE_85.wav,1,3,0,0,0.5891865084476566,0.004822339082429818,0.17818557710988267,0.004533496375959811,0.22327207898407067
asthma_v2_asthma_P17WheezingIU_82.wav,1,3,0,0,0.8952151669319998,0.009612787194587113,0.011978332998215586,0.0007811197988380856,0.08241259307635927
asthma_v2_asthma_P17WheezingRL_83.wav,1,3,0,0,0.9783579501858706,0.0036116602944325127,0.0023868273478200117,0.0002617493626332691,0.015381812809243887
asthma_v2_asthma_P17WheezingRS_84.wav,1,3,0,0,0.9522029213482581,0.002271489703677558,0.004577622803696116,0.0004659094088166067,0.0404820567355511
asthma_v2_asthma_P24WheezingIE_117.wav,1,3,0,0,0.7378402754388943,0.001703368071163353,0.055474725801458555,0.0005093399375329188,0.20447229075095083
asthma_v2_asthma_P24WheezingIU_118.wav,1,3,0,0,0.744951460372243,0.011063781031748581,0.028238014058298733,0.0117311090329818,0.2040156355047279
asthma_v2_asthma_P24WheezingRL_119.wav,1,3,0,0,0.9037475921663258,0.0075002743478156,0.0026124715113095415,0.00023853654681276615,0.08590112542773669
asthma_v2_asthma_P24WheezingRS_116.wav,1,3,0,0,0.866784836681646,0.015415958153471625,0.012770318236044105,0.004493227897928749,0.10053565903090943
asthma_v2_asthma_P24WheezingRS_120.wav,1,3,0,4,0.34721666961876035,0.0219500262086115,0.12405302685710826,0.01496074327496921,0.4918195340405505
asthma_v2_asthma_P33WheezingIE_161.wav,1,3,0,0,0.7368380903279433,0.033913175318695955,0.018791511876245573,0.01421117779349356,0.19624604468362172
asthma_v2_asthma_P33WheezingIE_165.wav,1,3,0,1,0.17561760727918313,0.6060238279366136,0.09504535709838773,0.01402522498906956,0.10928798269674597
asthma_v2_asthma_P33WheezingIU_162.wav,1,3,0,0,0.5409862460405964,0.023385694152083098,0.21076709117541237,0.0034980585331184162,0.22136291009879008
asthma_v2_asthma_P33WheezingRL_163.wav,1,3,0,0,0.7935679353057747,0.00513538339765924,0.08245406641016136,0.0007869047191173356,0.11805571016728773
asthma_v2_asthma_P33WheezingRS_164.wav,1,3,0,0,0.8262878020334782,0.004324272540896598,0.06907150157661593,0.001428815606601286,0.09888760824240798
asthma_v2_asthma_P34WheezingIE_169.wav,1,3,0,0,0.9718753293125079,0.0016964790334153348,0.0010641503008546208,0.003743758985629332,0.02162028236759237
asthma_v2_asthma_P34WheezingIU_166.wav,1,3,0,0,0.8088570333297713,0.03437392792574921,0.027847698099961446,0.001513024595164221,0.12740831604935374
asthma_v2_asthma_P34WheezingIU_170.wav,1,3,0,0,0.9587089950304836,0.006184912136726687,0.0017708063220645501,0.00015433110933151765,0.03318095540139379
asthma_v2_asthma_P34WheezingRL_167.wav,1,3,0,0,0.9771561212424541,0.007084442194837836,0.0011332749765884038,0.0011072472972268774,0.013518914288893184
asthma_v2_asthma_P34WheezingRS_168.wav,1,3,0,0,0.9275516030401213,0.006042867625409213,0.0022041321524218062,0.01022797611305428,0.053973421068993194
asthma_v2_asthma_P43WheezingIE_213.wav,1,3,0,0,0.4707480359917092,0.01587123958201033,0.4818215145078405,0.01685439508594578,0.014704814832494036
asthma_v2_asthma_P43WheezingIU_214.wav,1,3,0,0,0.7309112041781154,0.00530457238963954,0.2355248327775116,0.004543431768911633,0.02371595888582203
asthma_v2_asthma_P43WheezingRL_211.wav,1,3,0,2,0.24214290375014097,0.012473516363013009,0.7274138973857571,0.004123619812154934,0.01384606268893364
asthma_v2_asthma_P43WheezingRL_215.wav,1,3,0,0,0.9439507316721866,0.0013651188503189398,0.031395478124018945,0.0007328611259942088,0.022555810227481116
asthma_v2_asthma_P43WheezingRS_212.wav,1,3,0,0,0.8074369257257359,0.06652445274449045,0.09878429690022512,0.008141078300540469,0.019113246329008304
asthma_v2_asthma_P4AsthmaIE_17.wav,1,3,0,0,0.8829015842281196,0.014412528228415893,0.00926179365189335,0.0005228479443749802,0.09290124594719597
asthma_v2_asthma_P4AsthmaIU_18.wav,1,3,0,0,0.904949045555355,0.03965088782004891,0.005664738795272181,0.0007580694599333031,0.048977258369390576
asthma_v2_asthma_P4AsthmaRL_19.wav,1,3,0,0,0.9610995973183901,0.01116390903714092,0.0017799114033587875,0.00023929660545263695,0.025717285635657436
asthma_v2_asthma_P4AsthmaRS_16.wav,1,3,0,0,0.9236096626514697,0.013335633705650888,0.005948222600863153,0.0003994236546331735,0.05670705738738326
asthma_v2_asthma_P4AsthmaRS_20.wav,1,3,0,0,0.8441102379934079,0.02578093389189234,0.013213912421254205,0.000951491728246564,0.11594342396519887
asthma_v2_asthma_P51WheezingIE_253.wav,1,3,0,0,0.6920219166091316,0.005016605551088656,0.22749876548223258,0.00473133094452395,0.07073138141302313
asthma_v2_asthma_P51WheezingIU_254.wav,1,3,0,0,0.7185641975903051,0.14461543712678726,0.05137598180037015,0.005407323759657631,0.08003705972287965
asthma_v2_asthma_P51WheezingRL_251.wav,1,3,0,0,0.5136812897842066,0.016475138016858105,0.3464021401747816,0.0057138653580661,0.11772756666608757
asthma_v2_asthma_P51WheezingRL_255.wav,1,3,0,0,0.8981498066224396,0.023728590576922958,0.025557934639857876,0.0026909269302095233,0.049872741230569916
asthma_v2_asthma_P51WheezingRS_252.wav,1,3,0,0,0.5251370201117049,0.003096768861064704,0.4291038241906459,0.0008726807582768029,0.041789706078307565
asthma_v2_asthma_P54WheezingIE_269.wav,1,3,0,4,0.11491252817038072,0.18121525340259895,0.039325805189346204,0.03194701435498895,0.6325993988826849
asthma_v2_asthma_P54WheezingIU_266.wav,1,3,0,3,0.006301916810983006,0.17917616700350117,0.11279645902413661,0.5573286678633723,0.1443967892980073
asthma_v2_asthma_P54WheezingIU_270.wav,1,3,0,3,0.06722477672473139,0.18637352575933325,0.02090171682888289,0.3922837478707767,0.33321623281627594
asthma_v2_asthma_P54WheezingRL_267.wav,1,3,0,3,0.006024726654455974,0.04034342937962676,0.028925786470846017,0.6930330087248346,0.231673048770237
asthma_v2_asthma_P54WheezingRS_268.wav,1,3,0,3,0.020616002340195973,0.22702106025014465,0.035340092793648005,0.3723471803968639,0.3446756642191472
asthma_v2_asthma_P56WheezingIE_277.wav,1,3,0,4,0.19829149496920515,0.002829003429705443,0.0077370212896892285,0.0008049900847353074,0.7903374902266649
asthma_v2_asthma_P56WheezingIU_278.wav,1,3,0,4,0.3693091301525539,0.04353743277022886,0.006416205391251448,0.00460098581791092,0.5761362458680546
asthma_v2_asthma_P56WheezingRL_279.wav,1,3,0,0,0.3177691489735301,0.11335214127820191,0.38017555931477326,0.017643321280734044,0.17105982915276072
asthma_v2_asthma_P56WheezingRS_276.wav,1,3,0,0,0.4620451012520642,0.03033644233786094,0.2336278839002425,0.01730244602122528,0.25668812648860684
asthma_v2_asthma_P56WheezingRS_280.wav,1,3,0,3,0.22771232134940558,0.0036608830513907282,0.00677358308517075,0.47988358089546373,0.28196963161856936
asthma_v2_copd_P11COPDMc_82.wav,1,3,2,0,0.7845912416357438,0.018076028409733845,0.04915008100582539,0.0037655724065452224,0.14441707654215197
asthma_v2_copd_P11COPDMc_84.wav,1,3,2,2,0.032252481635484304,0.006225729856920306,0.9580482988492705,0.001460637852182767,0.0020128518061421105
asthma_v2_copd_P11COPDMc_86.wav,1,3,2,2,0.08414552875635153,0.04362131810150843,0.7872588343769358,0.036499273207103056,0.04847504555810123
asthma_v2_copd_P11COPDMc_88.wav,1,3,2,2,0.0025764046525315653,0.0013905315414505697,0.9956352374068618,0.00029288842927722465,0.00010493796987889993
asthma_v2_copd_P11COPDPr_81.wav,1,3,2,0,0.8276494277517772,0.07198380876218857,0.03491409515692885,0.004210606808543545,0.061242061520561594
asthma_v2_copd_P11COPDPr_83.wav,1,3,2,2,0.04848692525694823,0.08284684989107714,0.8596778476301485,0.0015971684952578475,0.007391208726568443
asthma_v2_copd_P11COPDPr_85.wav,1,3,2,2,0.11739117283664373,0.09288431113905735,0.7700552950685955,0.002562519549853256,0.017106701405850522
asthma_v2_copd_P11COPDPr_87.wav,1,3,2,2,0.0012804382095920907,0.006237748990298836,0.9918336047376052,0.0004364164133065787,0.00021179164919703556
asthma_v2_copd_P12COPDMc_90.wav,1,3,2,2,0.006695225208197178,0.012888032306659478,0.9783751387278296,0.0010860739089692767,0.0009555298483444407
asthma_v2_copd_P12COPDMc_92.wav,1,3,2,2,0.012396640780233606,0.03145038479206339,0.9545077333986052,0.0005999835386361046,0.001045257490461249
asthma_v2_copd_P12COPDMc_94.wav,1,3,2,2,0.00880928712427397,0.03331691271421936,0.9569058131102611,0.0005425035202172317,0.0004254835310282479
asthma_v2_copd_P12COPDMc_96.wav,1,3,2,2,1.7021462919415845e-07,3.8139741677635245e-07,0.999976985005575,1.0111918867725764e-05,1.2351463511380378e-05
asthma_v2_copd_P12COPDPr_89.wav,1,3,2,2,0.0015738344115479165,0.004589183577277054,0.9933665205175831,0.00020544301127038998,0.0002650184823215586
asthma_v2_copd_P12COPDPr_91.wav,1,3,2,2,0.024039010053295794,0.022008667954424167,0.9531108099990373,0.0004661855338195615,0.0003753264594232056
asthma_v2_copd_P12COPDPr_93.wav,1,3,2,2,0.05791785327305631,0.2746311939592628,0.6597301086392361,0.00429798547381977,0.003422858654624749
asthma_v2_copd_P12COPDPr_95.wav,1,3,2,2,0.0001780026507449043,0.006680471630622182,0.992156670051567,0.0005868136748192059,0.0003980419922465884
asthma_v2_copd_P17COPDMc_130.wav,1,3,2,2,0.0007586661710453191,7.597266139866055e-05,0.9988071555369048,7.784188464562924e-05,0.0002803637460056044
asthma_v2_copd_P17COPDMc_132.wav,1,3,2,2,3.3597481671361614e-09,1.7292638088467412e-09,0.9999966829896919,5.0218624737052886e-08,3.2617026713487905e-06
asthma_v2_copd_P17COPDMc_134.wav,1,3,2,2,1.679300676738819e-08,8.175139132216653e-09,0.9999858581893382,9.356277037007334e-08,1.4023279745676135e-05
asthma_v2_copd_P17COPDMc_136.wav,1,3,2,2,1.0384295641483506e-07,4.709132212962846e-08,0.9999882702196573,3.089546221653724e-07,1.1269891442003798e-05
asthma_v2_copd_P17COPDPr_129.wav,1,3,2,2,4.95777860593689e-07,2.957307664145681e-07,0.999844999388398,8.365487292144416e-07,0.00015337255424564011
asthma_v2_copd_P17COPDPr_131.wav,1,3,2,2,0.005005434911403034,0.0008185747803785916,0.9918983419135772,0.000993811386638564,0.0012838370080025898
asthma_v2_copd_P17COPDPr_133.wav,1,3,2,2,1.870291870245262e-08,8.942696689422438e-09,0.9999890139632636,1.430248743879646e-07,1.0815366246833978e-05
asthma_v2_copd_P17COPDPr_135.wav,1,3,2,2,6.977261693713259e-08,3.245992451629118e-08,0.9999804708344262,2.305500794380543e-07,1.9196382952984303e-05
asthma_v2_copd_P24COPDMc_186.wav,1,3,2,2,0.001124197444549883,6.823745378655394e-05,0.9894070629707838,0.000537125317968817,0.008863376812910922
asthma_v2_copd_P24COPDMc_188.wav,1,3,2,2,0.0035878545402176186,0.0038378054594691456,0.9774758327662167,0.010545129154038097,0.004553378080058148
asthma_v2_copd_P24COPDMc_190.wav,1,3,2,2,0.004392206738056429,0.0016028101333626314,0.9246576366578033,0.05718816068556276,0.012159185785214709
asthma_v2_copd_P24COPDMc_192.wav,1,3,2,2,3.681779793504754e-07,2.6466889632300804e-07,0.9996116851242565,1.819308636831486e-05,0.0003694889424993335
asthma_v2_copd_P24COPDPr_185.wav,1,3,2,2,0.00045902006419220893,0.00017493264868063174,0.9950272982361036,0.00023400637171098432,0.004104742679312421
asthma_v2_copd_P24COPDPr_187.wav,1,3,2,2,0.00043655738385720315,3.883038196413508e-05,0.9937997044139641,0.00020897295394582408,0.005515934866268414
asthma_v2_copd_P24COPDPr_189.wav,1,3,2,2,0.008719882492064023,0.002436647513357447,0.9394388411760018,0.02597954436069185,0.023425084457884843
asthma_v2_copd_P24COPDPr_191.wav,1,3,2,2,1.5770130253860033e-07,1.8440913701121547e-07,0.9999483229964786,1.936465014959196e-05,3.1970242932410205e-05
asthma_v2_copd_P25COPDMc_194.wav,1,3,2,2,3.299755040381074e-05,0.003710343623295696,0.9949533883135033,0.0007575503962582873,0.0005457201165387026
asthma_v2_copd_P25COPDMc_196.wav,1,3,2,2,0.0002921637882450962,0.0021695754420514766,0.9962706084896197,0.0005932500665506761,0.0006744022135328894
asthma_v2_copd_P25COPDMc_198.wav,1,3,2,2,0.001398358254573512,0.0002176134321249909,0.9948988767225123,0.0005249158198724242,0.002960235770917017
asthma_v2_copd_P25COPDMc_200.wav,1,3,2,2,4.680779884318001e-06,6.0626503217830024e-06,0.9968215208556457,1.991888606847015e-05,0.003147816828079626
asthma_v2_copd_P25COPDPr_193.wav,1,3,2,2,0.0002567300781955048,0.0004916842639666597,0.9988326955478745,0.00017554548182326186,0.00024334462814002585
asthma_v2_copd_P25COPDPr_195.wav,1,3,2,2,6.92462550166988e-05,0.001603702716493711,0.9975521579748591,0.0003743148365389341,0.00040057821709131895
asthma_v2_copd_P25COPDPr_197.wav,1,3,2,2,5.251243540774401e-07,5.574330032716783e-07,0.9997199387550466,2.0491843676636176e-05,0.0002584868439194848
asthma_v2_copd_P25COPDPr_199.wav,1,3,2,2,0.0005567149167502152,0.0001625079250670474,0.9972644757764886,0.0006718794339288803,0.001344421947765267
asthma_v2_copd_P26COPDMc_202.wav,1,3,2,2,2.706515346499071e-06,3.127948375268164e-06,0.9975836299036178,9.532203960005899e-06,0.002401003428700428
asthma_v2_copd_P26COPDMc_204.wav,1,3,2,2,6.183481285909882e-06,4.149971317937906e-06,0.9969415652549743,5.3297895331581845e-05,0.002994803397090034
asthma_v2_copd_P26COPDMc_206.wav,1,3,2,2,0.002654038325827293,0.0033260604709852166,0.9915052030331445,9.800570272088606e-05,0.002416692467322273
asthma_v2_copd_P26COPDMc_208.wav,1,3,2,2,0.0039610956596546,0.0037259979783867353,0.9863523459844916,0.0003154704136688463,0.005645089963798522
asthma_v2_copd_P26COPDPr_201.wav,1,3,2,2,4.933248520534065e-07,5.752513255862677e-07,0.998969907901419,4.0225204081357315e-06,0.0010250010019953566
asthma_v2_copd_P26COPDPr_203.wav,1,3,2,2,9.871789264035176e-08,8.012316179869988e-08,0.9997925366144833,7.08877311484215e-06,0.0002001957713474653
asthma_v2_copd_P26COPDPr_205.wav,1,3,2,2,1.1945689823804913e-05,8.908756193596087e-06,0.9953898899695333,3.893898183479584e-05,0.0045503166026143954
asthma_v2_copd_P26COPDPr_207.wav,1,3,2,2,0.001638105223651069,0.0012023582516313713,0.9946290192718481,8.10692470752667e-05,0.002449448005794128
asthma_v2_copd_P38COPDMc_298.wav,1,3,2,2,0.14563321472821578,0.005297680986585542,0.8217166495252591,0.001040998698634769,0.026311456061304927
asthma_v2_copd_P38COPDMc_300.wav,1,3,2,2,0.021502044565067747,0.0011120030904119445,0.9695987921499972,0.00040001622456557187,0.0073871439699572375
asthma_v2_copd_P38COPDMc_302.wav,1,3,2,2,0.12768638061986393,0.0016271533339249984,0.8558111501269001,0.001799933094033532,0.013075382825277418
asthma_v2_copd_P38COPDMc_304.wav,1,3,2,2,0.01534834523727412,0.0003207775266805413,0.9547081419522033,0.003149131159943573,0.02647360412389798
asthma_v2_copd_P38COPDPr_297.wav,1,3,2,2,0.0420419271042432,0.004039470059631054,0.9393504671186829,0.0004272603301463969,0.01414087538729651
asthma_v2_copd_P38COPDPr_299.wav,1,3,2,2,0.0605970124378463,0.00211067361835463,0.9232954085758421,0.0006419906496995105,0.013354914718257374
asthma_v2_copd_P38COPDPr_301.wav,1,3,2,2,0.06916540998723329,0.002615415238511907,0.9132548082371863,0.0008979203053599041,0.014066446231708694
asthma_v2_copd_P38COPDPr_303.wav,1,3,2,2,0.12520298958568205,0.006586993747020166,0.7563043167871892,0.02296162626172068,0.08894407361838798
asthma_v2_copd_P42COPDMc_330.wav,1,3,2,2,3.262686324346969e-07,4.005030422016177e-07,0.9999041051887194,9.542075082567978e-06,8.562596452336625e-05
asthma_v2_copd_P42COPDMc_332.wav,1,3,2,2,9.01757683904592e-08,5.970585502651647e-08,0.9996237004642748,8.79743456596991e-05,0.00028817530844224955
asthma_v2_copd_P42COPDMc_334.wav,1,3,2,2,9.469996519915872e-06,7.847506236116015e-06,0.9953219318150207,0.003547432082323923,0.0011133185998991816
asthma_v2_copd_P42COPDMc_336.wav,1,3,2,2,0.0011677322024259329,8.445256877283621e-05,0.9813347741343146,0.006189181488461213,0.011223859606025472
asthma_v2_copd_P42COPDPr_329.wav,1,3,2,2,0.0004406185223623998,0.000976846946294228,0.9963916192514383,0.00045289283482736066,0.001738022445078152
asthma_v2_copd_P42COPDPr_331.wav,1,3,2,2,4.252586861726802e-08,3.814416956723117e-08,0.9997540989690368,0.0001305135159940145,0.00011530684493109864
asthma_v2_copd_P42COPDPr_333.wav,1,3,2,2,5.816041169001985e-08,4.1165804141806964e-08,0.9996950830269399,4.326150279233322e-05,0.0002615561440519052
asthma_v2_copd_P42COPDPr_335.wav,1,3,2,2,0.000797708631446544,6.133980022368364e-05,0.9810484350096296,0.0029762245401696794,0.015116292018530469
asthma_v2_copd_P45COPDMc_354.wav,1,3,2,2,0.002735234594838834,0.0005601463536298358,0.8531427137604259,0.0016555332141526583,0.14190637207695272
asthma_v2_copd_P45COPDMc_356.wav,1,3,2,2,3.213953661438444e-07,2.1133224668573796e-07,0.9994691967889703,1.937551520881796e-05,0.0005108949682081751
asthma_v2_copd_P45COPDMc_358.wav,1,3,2,3,0.07030911758689697,0.09939843956176261,0.563749368895727,0.19729752920579707,0.06924554474981642
asthma_v2_copd_P45COPDMc_360.wav,1,3,2,2,0.03466270367550006,0.00969547310557119,0.613992637523314,0.09001648001765773,0.25163270567795704
asthma_v2_copd_P45COPDPr_353.wav,1,3,2,2,0.0005938858978738029,0.00015385309621680548,0.9580577291233789,0.0004492174415695667,0.040745314440960946
asthma_v2_copd_P45COPDPr_355.wav,1,3,2,2,2.965663900584611e-08,2.592947030820359e-08,0.9998300342299806,7.395956018604594e-06,0.0001625142278913069
asthma_v2_copd_P45COPDPr_357.wav,1,3,2,2,4.1380301163572866e-08,2.9713308746438595e-08,0.9998366328669119,3.8816086658361865e-06,0.0001594144308123885
asthma_v2_copd_P45COPDPr_359.wav,1,3,2,2,0.029942829099677933,0.009120924964814021,0.6679915350162337,0.09700696837817406,0.19593774254110022
asthma_v2_copd_P49COPDMc_386.wav,1,3,2,2,5.642502922949418e-07,5.096035884811549e-07,0.9990219851175397,0.0002139600831045571,0.0007629809454748276
asthma_v2_copd_P49COPDMc_388.wav,1,3,2,2,4.2776583498537953e-07,4.535307657621626e-07,0.9993338485626004,0.0002222330121196534,0.0004430371286791918
asthma_v2_copd_P49COPDMc_390.wav,1,3,2,2,1.7231987740537827e-05,0.0013979316159650039,0.9946199781069349,0.003113693869150421,0.0008511644202092819
asthma_v2_copd_P49COPDMc_392.wav,1,3,2,2,0.00036097846067470105,0.0006816520545891903,0.9986047185065208,0.00011845898071059297,0.00023419199750474655
asthma_v2_copd_P49COPDPr_385.wav,1,3,2,2,0.00033460753931484057,0.0002942236704875359,0.99870423252427,0.00011961506299162048,0.0005473212029360015
asthma_v2_copd_P49COPDPr_387.wav,1,3,2,2,3.887377330709815e-07,4.0401384138461213e-07,0.999490866660308,0.00011283016843442082,0.00039551041968326596
asthma_v2_copd_P49COPDPr_389.wav,1,3,2,2,1.749489913795092e-05,0.00042937338758845714,0.9985452493484513,0.0006338097470175328,0.0003740726178046289
asthma_v2_copd_P49COPDPr_391.wav,1,3,2,2,0.00047326897943622396,0.0007520477432821822,0.9983802563193638,0.0001418907982553753,0.00025253615966259937
asthma_v2_copd_P6COPDMc_42.wav,1,3,2,2,0.0014056173616507923,0.0002845365585487182,0.997262567432779,0.0001426916030377697,0.0009045870439838025
asthma_v2_copd_P6COPDMc_44.wav,1,3,2,2,0.0004788890902514191,0.00013259308053363547,0.9985657295742213,7.67905327631822e-05,0.0007459977222307
asthma_v2_copd_P6COPDMc_46.wav,1,3,2,2,0.0014848468859079609,0.000593711944890086,0.9927789802954915,0.0006965321648290778,0.004445928708881176
asthma_v2_copd_P6COPDMc_48.wav,1,3,2,2,0.003631806931983603,0.00031038359771012923,0.8979966940981101,0.004042721553023831,0.09401839381917218
asthma_v2_copd_P6COPDPr_41.wav,1,3,2,2,0.0013246253516248795,0.00016395927899283042,0.9963771684215681,0.00015446973360101735,0.001979777214212784
asthma_v2_copd_P6COPDPr_43.wav,1,3,2,2,0.0004341495615875034,0.00010559615715707396,0.9985768850349984,7.803718773258264e-05,0.0008053320585245269
asthma_v2_copd_P6COPDPr_45.wav,1,3,2,2,0.011873658667720574,0.000588497136497861,0.9169079094307276,0.00477294489870927,0.06585698986634472
asthma_v2_copd_P6COPDPr_47.wav,1,3,2,2,0.024708148848934585,0.0019031866096071621,0.9532350615308841,0.004226622732346993,0.01592698027822708
asthma_v2_healthy_P10Healthy10S.wav,1,3,3,4,0.21292943894957186,0.0016841897605679467,0.02121721542381818,0.004679195223525727,0.7594899606425162
asthma_v2_healthy_P10Healthy14S.wav,1,3,3,4,0.34117024516488303,0.0017484473493369068,0.03260319177309793,0.010250744402442015,0.6142273713102401
asthma_v2_healthy_P10Healthy61S.wav,1,3,3,3,0.053376380703967864,0.001384970622083455,0.009815021211112556,0.2851431910602224,0.6502804364026135
asthma_v2_healthy_P10Healthy65S.wav,1,3,3,3,0.035846256589300386,0.0009477747608214533,0.006653734421845369,0.36150090501130155,0.595051329216731
asthma_v2_healthy_P10Healthy93S.wav,1,3,3,4,0.22485234751721037,0.001195293625142907,0.026613123580854808,0.012057318127843523,0.7352819171489484
asthma_v2_healthy_P13Healthy28S.wav,1,3,3,3,0.00887975478049594,0.0037902373899655856,0.05025980813294788,0.8722052397924276,0.06486495990416279
asthma_v2_healthy_P13Healthy42S.wav,1,3,3,3,0.003586325698049326,0.009259851634784067,0.009034428191855766,0.9661096207191667,0.012009773756144244
asthma_v2_healthy_P13Healthy48S.wav,1,3,3,3,0.03876353299504547,0.0856711060922992,0.08053940291823684,0.7339875041506737,0.06103845384374524
asthma_v2_healthy_P13Healthy53S.wav,1,3,3,3,0.04924831164292999,0.23037537369901834,0.1615102666756354,0.4977964179788768,0.061069630003539745
asthma_v2_healthy_P13Healthy69S.wav,1,3,3,3,0.03242888099231705,0.02860674780831414,0.02384586399465588,0.8096763450903351,0.10544216211437768
asthma_v2_healthy_P21Healthy15S.wav,1,3,3,3,0.04272605896328175,0.005414182735714534,0.009362118394785833,0.5671002016493981,0.3753974382568194
asthma_v2_healthy_P21Healthy38S.wav,1,3,3,3,0.05557472867650805,0.007380630705574427,0.012436488479500792,0.44780255969583055,0.4768055924425866
asthma_v2_healthy_P21Healthy53S.wav,1,3,3,3,0.08989864610340531,0.016457109309725767,0.05081589526526878,0.48728234556184225,0.35554600375975765
asthma_v2_healthy_P21Healthy95S.wav,1,3,3,3,0.16470187698176636,0.03223599267110866,0.0021040360047927752,0.7357624302128184,0.0651956641295137
asthma_v2_healthy_P21Healthy98S.wav,1,3,3,0,0.6093482551478782,0.024024710787711935,0.0056133356910503095,0.2702585109287989,0.09075518744456085
asthma_v2_healthy_P3Healthy44S.wav,1,3,3,3,0.0018876993282662467,0.006697589300913911,0.0032361455866793776,0.9776628593869433,0.010515706397197178
asthma_v2_healthy_P3Healthy49S.wav,1,3,3,3,0.013522279465449467,0.02140219662695996,0.00434195845278018,0.9369587257649777,0.023774839689832464
asthma_v2_healthy_P3Healthy57S.wav,1,3,3,3,0.0276500669335697,0.09545701888148429,0.008016205342254805,0.8366796821624333,0.03219702668025776
asthma_v2_healthy_P3Healthy60S.wav,1,3,3,3,0.01913358602217993,0.025018671439733176,0.006032360338074136,0.8023767769703248,0.14743860522968766
asthma_v2_healthy_P3Healthy84S.wav,1,3,3,3,0.005214526921932021,0.01142327928500356,0.0041087224962328235,0.9530944989184569,0.026158972378374497
asthma_v2_healthy_P5Healthy10S.wav,1,3,3,3,0.025190451749555566,0.026171587316961484,0.005929313179379114,0.6733212539727653,0.2693873937813389
asthma_v2_healthy_P5Healthy57S.wav,1,3,3,3,0.04780387586540473,0.0022033279846791934,0.017340736960434207,0.6885840159531964,0.24406804323628561
asthma_v2_healthy_P5Healthy87S.wav,1,3,3,3,0.013674534047773607,0.009538511623763159,0.03044761710825923,0.7687344816816184,0.17760485553858552
asthma_v2_healthy_P5Healthy92S.wav,1,3,3,3,0.01222766236166789,0.0007144603355786779,0.012568412048500625,0.8878643822266684,0.08662508302758443
asthma_v2_healthy_P5Healthy96S.wav,1,3,3,3,0.07844189525882687,0.0031923634576567932,0.020154086292781714,0.748230263540483,0.14998139145025163
asthma_v2_healthy_P9Healthy22S.wav,1,3,3,3,0.0035228865884593115,0.0017360256834548931,0.0012417951658290748,0.9865285117883646,0.0069707807738919395
asthma_v2_healthy_P9Healthy29S.wav,1,3,3,0,0.3311918061648608,0.02570228647270363,0.007462331632323115,0.13722300238463392,0.4984205733454788
asthma_v2_healthy_P9Healthy31S.wav,1,3,3,0,0.6502354876447195,0.00698333846270256,0.003495121333443089,0.0835140263192631,0.25577202623987166
asthma_v2_healthy_P9Healthy61S.wav,1,3,3,0,0.35278654159606654,0.030317691290420976,0.006030742798693348,0.16513802640199646,0.4457269979128229
asthma_v2_healthy_P9Healthy79S.wav,1,3,3,3,0.060634807804954664,0.003227392792149881,0.007016290364037294,0.5931840575726405,0.33593745146621745
asthma_v2_pneumonia_P13Pneumonia20R.wav,1,3,4,4,0.14390305645176132,0.008763918852898343,0.010331777477624749,0.11063844276190558,0.7263628044558098
asthma_v2_pneumonia_P13Pneumonia26N.wav,1,3,4,4,0.2291682829617579,0.09534305909814143,0.00679934340248921,0.029612399454500345,0.6390769150831112
asthma_v2_pneumonia_P13Pneumonia33Z.wav,1,3,4,4,0.12545416751771438,0.005461833658590706,0.012681148157020934,0.0403746237517152,0.816028226914959
asthma_v2_pneumonia_P13Pneumonia60R.wav,1,3,4,4,0.1100550809557515,0.004314469382082407,0.006882559350646566,0.14601538896751567,0.7327325013440041
asthma_v2_pneumonia_P13Pneumonia94T.wav,1,3,4,4,0.03375268267997348,0.03976831275582834,0.03091649823242586,0.02807970668945013,0.867482799642322
asthma_v2_pneumonia_P13Pneumonia99T.wav,1,3,4,0,0.6068139770659183,0.07237230551780123,0.008738736770953106,0.005274462241802911,0.3068005184035246
asthma_v2_pneumonia_P22Pneumonia27A.wav,1,3,4,0,0.5353901413335963,0.00426751205744065,0.04797543175157138,0.006476696900494769,0.4058902179568966
asthma_v2_pneumonia_P22Pneumonia29K.wav,1,3,4,4,0.16029019504636005,0.0025783673218629658,0.0014952305956524013,0.0007848184516477063,0.8348513885844768
asthma_v2_pneumonia_P22Pneumonia29M.wav,1,3,4,4,0.4209687854509744,0.0022656460710366003,0.03915009933873535,0.0083644591136849,0.5292510100255691
asthma_v2_pneumonia_P22Pneumonia47V.wav,1,3,4,4,0.01291875942607841,0.0014206680383683048,0.00019475390775506226,0.0011846741041791863,0.9842811445236189
asthma_v2_pneumonia_P22Pneumonia51X.wav,1,3,4,4,0.07374809979563363,0.0021639563651478073,0.07066941802665065,0.008701016653411804,0.8447175091591559
asthma_v2_pneumonia_P22Pneumonia55C.wav,1,3,4,4,0.2542389543022777,0.005657388277876846,0.042866944281867984,0.009895756346991278,0.6873409567909861
asthma_v2_pneumonia_P27Pneumonia25R.wav,1,3,4,4,0.0351429622361768,0.010258799289811032,0.012186327366136685,0.0013639765378022472,0.9410479345700736
asthma_v2_pneumonia_P27Pneumonia28K.wav,1,3,4,4,0.014821880330298375,0.05448765824471344,0.01811206802753352,0.006506503857405448,0.9060718895400491
asthma_v2_pneumonia_P27Pneumonia37T.wav,1,3,4,4,0.016622290054016026,0.004465112005051253,0.27035382663775004,0.003890329373089935,0.7046684419300928
asthma_v2_pneumonia_P27Pneumonia48G.wav,1,3,4,4,0.030354382762326406,0.005400934646229399,0.4225990503635522,0.0022521618394126704,0.5393934703884793
asthma_v2_pneumonia_P27Pneumonia62C.wav,1,3,4,4,0.04505192198109203,0.021595525309270898,0.015276607647928082,0.005360479688357024,0.9127154653733519
asthma_v2_pneumonia_P27Pneumonia77J.wav,1,3,4,4,0.023789531758996084,0.0046787782691321495,0.6338910527605556,0.0029370058426967426,0.3347036313686192
asthma_v2_pneumonia_P30Pneumonia10C.wav,1,3,4,4,0.023032018517799076,0.00303808356233698,0.000691884275594238,0.0041333552533557045,0.9691046583909136
asthma_v2_pneumonia_P30Pneumonia15J.wav,1,3,4,4,0.03953085129699905,0.0011220405831515131,0.0009941010093057062,0.0004746209836894528,0.9578783861268543
asthma_v2_pneumonia_P30Pneumonia30W.wav,1,3,4,4,0.007466347758273144,0.005453852410146268,0.0010306191593529813,0.014784721747637954,0.9712644589245896
asthma_v2_pneumonia_P30Pneumonia52T.wav,1,3,4,4,0.009621802698124949,0.011152230370816063,0.0040777974394919595,0.007203401639534863,0.9679447678520323
asthma_v2_pneumonia_P30Pneumonia70X.wav,1,3,4,4,0.010841356906764025,0.1183671083782155,0.0025477809490079247,0.05498558455283881,0.813258169213174
asthma_v2_pneumonia_P30Pneumonia85D.wav,1,3,4,4,0.029898175559198114,0.009570422982311259,0.001657298990184668,0.00742212810667271,0.9514519743616332
asthma_v2_pneumonia_P34Pneumonia15R.wav,1,3,4,4,0.005984305373837244,0.005348572674541654,0.001486614982558845,0.0030183534422593894,0.9841621535268026
asthma_v2_pneumonia_P34Pneumonia36H.wav,1,3,4,4,0.055873647578757187,0.013921528010930653,0.0013400482583896536,0.014272625956701713,0.9145921501952211
asthma_v2_pneumonia_P34Pneumonia61E.wav,1,3,4,4,0.04073495549126336,0.006513954280429019,0.0006099421196977432,0.02049780746037381,0.9316433406482362
asthma_v2_pneumonia_P34Pneumonia66M.wav,1,3,4,4,0.027499088796662394,0.018306052062291637,0.0020018120264852133,0.0190440211924744,0.9331490259220864
asthma_v2_pneumonia_P34Pneumonia77O.wav,1,3,4,4,0.00876334442599106,0.003727897040890238,0.0004239373808762037,0.0044480438964979874,0.9826367772557444
asthma_v2_pneumonia_P34Pneumonia99G.wav,1,3,4,4,0.02599293046850599,0.008988215209052951,0.0012748597090262213,0.002834870346034967,0.9609091242673798
asthma_v2_pneumonia_P37Pneumonia44I.wav,1,3,4,0,0.6153258035980897,0.024992695830313546,0.010475131730920089,0.184954804164966,0.1642515646757108
asthma_v2_pneumonia_P37Pneumonia73K.wav,1,3,4,0,0.6586451621334387,0.06468064475823138,0.02724572688030222,0.013366185320126034,0.2360622809079017
asthma_v2_pneumonia_P37Pneumonia73X.wav,1,3,4,0,0.8810643198700154,0.0015431635668276132,0.0021333190149918804,0.0006935055105932914,0.1145656920375718
asthma_v2_pneumonia_P37Pneumonia83S.wav,1,3,4,0,0.8222811686153944,0.01845066715131132,0.012303525692173587,0.00619775231104494,0.1407668862300757
asthma_v2_pneumonia_P37Pneumonia84E.wav,1,3,4,0,0.2859705763121318,0.05974693095348989,0.018126453612958993,0.16604043745682923,0.47011560166458993
asthma_v2_pneumonia_P37Pneumonia95J.wav,1,3,4,0,0.7612502401697401,0.006451444730886075,0.0151911422049476,0.03214750925043287,0.18495966364399324
asthma_v2_pneumonia_P7Pneumonia22C.wav,1,3,4,4,0.04986869906264145,0.017706792201630055,0.18497524049603778,0.004728589156501989,0.7427206790831886
asthma_v2_pneumonia_P7Pneumonia22X.wav,1,3,4,4,0.01319987176563888,0.0015136929496832841,0.04183010387731186,0.022762712937978238,0.9206936184693875
asthma_v2_pneumonia_P7Pneumonia34I.wav,1,3,4,4,0.027843092788162913,0.0002493345135640795,0.015135560718117136,0.004395424232381982,0.9523765877477739
asthma_v2_pneumonia_P7Pneumonia61Q.wav,1,3,4,4,0.03543419665390283,0.0006062002734923678,0.019374885151715194,0.003895477966565966,0.9406892399543234
asthma_v2_pneumonia_P7Pneumonia62G.wav,1,3,4,4,0.043686457312856794,0.0004497974670047861,0.02567411591956245,0.006617020304126309,0.9235726089964494
asthma_v2_pneumonia_P7Pneumonia76F.wav,1,3,4,4,0.026843430122416006,0.013986775397813206,0.34055060990945973,0.017508846084191478,0.6011103384861197
asthma_v2_pneumonia_P9Pneumonia31T.wav,1,3,4,4,0.31840095045029565,0.053412098403140276,0.04532977935139277,0.012972084880396337,0.5698850869147748
asthma_v2_pneumonia_P9Pneumonia63O.wav,1,3,4,4,0.0013906214419102075,0.0023342721030002503,0.00183660402625229,0.0678822848821123,0.9265562175467251
asthma_v2_pneumonia_P9Pneumonia67I.wav,1,3,4,4,0.05748126169099661,0.00222190917265108,0.005742327363128547,0.044424917228656394,0.8901295845445675
asthma_v2_pneumonia_P9Pneumonia73J.wav,1,3,4,4,0.04199621020388593,0.00030052078567536095,0.002690483073747488,0.01171320849464466,0.9432995774420465
asthma_v2_pneumonia_P9Pneumonia74S.wav,1,3,4,0,0.645637930917542,0.011934368184047119,0.014946983240710698,0.0015362687186843648,0.3259444489390162
asthma_v2_pneumonia_P9Pneumonia74V.wav,1,3,4,4,0.11408321411204346,0.002072650568916531,0.0026451389687052514,0.07900811741857988,0.8021908789317552
asthma_v2_Bronchial_P17BronchialSc_82.wav,1,4,1,1,0.004718663381258357,0.7415260844343171,0.24351572706685468,0.0032347242844550515,0.007004800833114641
asthma_v2_Bronchial_P17BronchialSc_84.wav,1,4,1,1,0.0011491016785288616,0.9876808152653496,0.008067828482868416,0.0018501647130159356,0.0012520898602373168
asthma_v2_Bronchial_P17BronchialTc_81.wav,1,4,1,1,0.013009904476186092,0.9502284872866495,0.02763549254737776,0.000627678702074754,0.00849843698771195
asthma_v2_Bronchial_P17BronchialTc_83.wav,1,4,1,1,0.005206103284442477,0.8449785505225849,0.1367226882704066,0.003992199869254079,0.0091004580533121
asthma_v2_Bronchial_P17BronchialTc_85.wav,1,4,1,1,0.000679780040838599,0.9351035718184944,0.06215132957067081,0.0014980105925540233,0.0005673079774423323
asthma_v2_Bronchial_P18BronchialSc_86.wav,1,4,1,1,1.9411605476172455e-06,0.9980546692245413,0.001464260393419283,0.0003947189967560634,8.441022473566061e-05
asthma_v2_Bronchial_P18BronchialSc_88.wav,1,4,1,1,0.0021414886940012367,0.958578662943379,0.03644918981842382,0.00030267416701948815,0.002527984377176253
asthma_v2_Bronchial_P18BronchialSc_90.wav,1,4,1,1,0.005490812981369477,0.8847985262870223,0.10171451758567698,0.0005471937145581563,0.0074489494313730985
asthma_v2_Bronchial_P18BronchialTc_87.wav,1,4,1,1,5.35386941726852e-07,0.9990609870344873,0.0006816586099207911,0.00020523091618679284,5.158805246333897e-05
asthma_v2_Bronchial_P18BronchialTc_89.wav,1,4,1,1,0.001847836998235409,0.9830397944684869,0.0133381791131659,0.0005351566503341213,0.0012390327697774284
asthma_v2_Bronchial_P21BronchialSc_102.wav,1,4,1,4,0.2273348701542341,0.02058593236827586,0.05285127216006207,0.04112486213989406,0.6581030631775339
asthma_v2_Bronchial_P21BronchialSc_104.wav,1,4,1,4,0.16160971369958105,0.0405646111770143,0.23571900214157834,0.18808916914416385,0.37401750383766236
asthma_v2_Bronchial_P21BronchialTc_101.wav,1,4,1,1,0.0016463469375606742,0.9224796235698673,0.07172776650575806,0.002418588243388814,0.0017276747434250824
asthma_v2_Bronchial_P21BronchialTc_103.wav,1,4,1,4,0.1824452292966877,0.017514434929395632,0.1862069171737434,0.09016999382035455,0.5236634247798194
asthma_v2_asthma_P13WheezingIE_61.wav,1,4,0,0,0.6466853553761372,0.08174813908234686,0.003266711556210736,0.005621961791869421,0.2626778321934357
asthma_v2_asthma_P13WheezingIE_65.wav,1,4,0,0,0.790285609608301,0.037720739633915326,0.015161797239651689,0.0015359350948724898,0.15529591842325982
asthma_v2_asthma_P13WheezingIU_62.wav,1,4,0,0,0.8768843088288358,0.062141320596434596,0.0010447651732832448,0.002692832225218101,0.05723677317622831
asthma_v2_asthma_P13WheezingRL_63.wav,1,4,0,0,0.723654166918117,0.10063420403375593,0.006416086072348609,0.0046650066473084345,0.16463053632847016
asthma_v2_asthma_P13WheezingRS_64.wav,1,4,0,0,0.9196167106739555,0.01164910264888202,0.0271880963832347,0.0009722717906579496,0.04057381850326981
asthma_v2_asthma_P15WheezingIE_73.wav,1,4,0,0,0.8750555089283967,0.015504496757388683,0.002393476477827836,0.00364954185071763,0.10339697598566908
asthma_v2_asthma_P15WheezingIU_74.wav,1,4,0,0,0.7454249254052073,0.011863792906945036,0.0039052217022070516,0.007369289669390026,0.23143677031625035
asthma_v2_asthma_P15WheezingRL_71.wav,1,4,0,4,0.4388317842626215,0.01753517026206851,0.006933717871406733,0.019482093067232028,0.5172172345366712
asthma_v2_asthma_P15WheezingRL_75.wav,1,4,0,0,0.6537022191716985,0.014961795371609946,0.01180808297015314,0.012408926575210935,0.30711897591132736
asthma_v2_asthma_P15WheezingRS_72.wav,1,4,0,0,0.8764175166098854,0.007939148805339483,0.0027148141868023564,0.009802654288909493,0.10312586610906316
asthma_v2_asthma_P1AsthmaIE_1.wav,1,4,0,0,0.9408612343091712,0.002232405599361828,0.01256730103492541,0.011707674288743973,0.03263138476779755
asthma_v2_asthma_P1AsthmaIE_5.wav,1,4,0,0,0.7824536068277328,0.2079265871915132,0.0014945971305978902,0.0002529204854457043,0.007872288364710354
asthma_v2_asthma_P1AsthmaIU_2.wav,1,4,0,0,0.9694635469897759,0.008287241232081955,0.002111751696448539,0.0022622571335894157,0.017875202948104314
asthma_v2_asthma_P1AsthmaRL_3.wav,1,4,0,0,0.6358320838601302,0.0017997395153321785,0.007082122539380459,0.027298441825596046,0.32798761225956125
asthma_v2_asthma_P1AsthmaRS_4.wav,1,4,0,0,0.9218628828665509,0.05463966312299766,0.004665909706448543,0.0005780873716611545,0.018253456932341806
asthma_v2_asthma_P22WheezingIE_109.wav,1,4,0,0,0.7611093018214509,0.1661582583420098,0.009817781734601716,0.0015374752838273795,0.06137718281811034
asthma_v2_asthma_P22WheezingIU_106.wav,1,4,0,0,0.6064303363232804,0.0607556425022582,0.012770835756179006,0.0013906344898519667,0.3186525509284306
asthma_v2_asthma_P22WheezingIU_110.wav,1,4,0,0,0.8497105280571968,0.10416205299723534,0.013420255270743347,0.0010218601762199363,0.03168530349860445
asthma_v2_asthma_P22WheezingRL_107.wav,1,4,0,0,0.48367698790251407,0.0239095806766453,0.3016377455672623,0.029997752359966948,0.1607779334936117
asthma_v2_asthma_P22WheezingRS_108.wav,1,4,0,0,0.41275539346165163,0.11122302076161307,0.003778149562078922,0.011805071351174205,0.4604383648634818
asthma_v2_asthma_P25WheezingIE_121.wav,1,4,0,0,0.7026289214210059,0.018344331545716082,0.22195289810523577,0.002531308931519339,0.05454253999652293
asthma_v2_asthma_P25WheezingIE_125.wav,1,4,0,3,0.32801872229600554,0.029239290550888974,0.003324462358612008,0.22598499968451316,0.41343252510998046
asthma_v2_asthma_P25WheezingIU_122.wav,1,4,0,0,0.8202737824585372,0.003352090482044936,0.006024939913860686,0.0024529259389324885,0.16789626120662465
asthma_v2_asthma_P25WheezingRL_123.wav,1,4,0,0,0.7415951863391985,0.004809725597958801,0.012586252896925908,0.0033530996515832123,0.23765573551433342
asthma_v2_asthma_P25WheezingRS_124.wav,1,4,0,0,0.8875186586215698,0.005129965479275659,0.006344494884791444,0.019027049644051653,0.08197983137031162
asthma_v2_asthma_P36WheezingIE_177.wav,1,4,0,0,0.9548749980485918,0.008129593910747523,0.004757125698536005,0.00022774854216585318,0.03201053379995874
asthma_v2_asthma_P36WheezingIU_178.wav,1,4,0,0,0.9495160343857456,0.0011187822096394833,0.004695379130154219,6.370210138432522e-05,0.04460610217307616
asthma_v2_asthma_P36WheezingRL_179.wav,1,4,0,0,0.31728013522987497,0.6389651027054452,0.026049715829864213,0.000812435178933927,0.016892611055881752
asthma_v2_asthma_P36WheezingRS_176.wav,1,4,0,0,0.9757793051565591,0.002221240762132447,0.010215832198034945,7.09028147134014e-05,0.011712719068560345
asthma_v2_asthma_P36WheezingRS_180.wav,1,4,0,0,0.5091400453848229,0.4547733003076404,0.011102411777121913,0.0005592952960717504,0.024424947234342832
asthma_v2_asthma_P37WheezingIE_181.wav,1,4,0,0,0.8212969825226963,0.018640805950515017,0.11558505189927164,0.0008588548390248,0.04361830478849244
asthma_v2_asthma_P37WheezingIE_185.wav,1,4,0,0,0.8661626620934372,0.04719883675023056,0.015107093071256848,0.004414737741502026,0.06711667034357317
asthma_v2_asthma_P37WheezingIU_182.wav,1,4,0,0,0.9725917185787322,0.003987238252381098,0.006093228506695234,0.00024497212753665836,0.017082842534655012
asthma_v2_asthma_P37WheezingRL_183.wav,1,4,0,0,0.9695228728464426,0.005954435050668041,0.00969604899381689,0.0001274587874795951,0.01469918432159274
asthma_v2_asthma_P37WheezingRS_184.wav,1,4,0,0,0.6655341976828043,0.26927582317051213,0.0023281860871235474,0.0016196253440321677,0.061242167715528234
asthma_v2_asthma_P39WheezingIE_193.wav,1,4,0,0,0.7756517087984187,0.0668663265221431,0.014538327673560154,0.00040094927673249624,0.14254268772914577
asthma_v2_asthma_P39WheezingIU_194.wav,1,4,0,0,0.714463558129517,0.2575524790359564,0.007152876974899597,0.0002860139955258092,0.020545071864101594
asthma_v2_asthma_P39WheezingRL_191.wav,1,4,0,0,0.5152191201737902,0.011523984000556035,0.04985251882231245,0.0006824349714978594,0.4227219420318433
asthma_v2_asthma_P39WheezingRL_195.wav,1,4,0,0,0.8779942218381679,0.08001260421890471,0.0093949322907479,0.0005353980409890969,0.03206284361119037
asthma_v2_asthma_P39WheezingRS_192.wav,1,4,0,0,0.6538586247847941,0.00834373946536051,0.03167187846962477,0.00015968630289154735,0.3059660709773292
asthma_v2_asthma_P3AsthmaIE_13.wav,1,4,0,0,0.969460742440327,0.011873528466125988,0.00429177810325973,0.0018104484658915104,0.012563502524395804
asthma_v2_asthma_P3AsthmaIU_14.wav,1,4,0,0,0.9562061784314071,0.015770643286459538,0.0019048212194116535,0.0016057822796109928,0.024512574783110686
asthma_v2_asthma_P3AsthmaRL_11.wav,1,4,0,0,0.8184261786068733,0.0030781256653499207,0.05064023162849301,0.003451728766742543,0.12440373533254105
asthma_v2_asthma_P3AsthmaRL_15.wav,1,4,0,0,0.9631064097450136,0.0081283952381424,0.011850509016206885,0.0011501531732919883,0.01576453282734538
asthma_v2_asthma_P3AsthmaRS_12.wav,1,4,0,0,0.8413398166405522,0.005187606315211258,0.07722220562877277,0.002001052185986129,0.07424931922947772
asthma_v2_asthma_P48WheezingIE_237.wav,1,4,0,0,0.8379253560369899,0.02061751366911127,0.004550067862167433,0.0007440637003847495,0.1361629987313467
asthma_v2_asthma_P48WheezingIU_238.wav,1,4,0,0,0.9239653974060174,0.013340421444075061,0.007838084870892234,0.002014206152021569,0.05284189012699413
asthma_v2_asthma_P48WheezingRL_239.wav,1,4,0,0,0.8661513630861543,0.05231484045362592,0.008354736905202942,0.0014082115410655777,0.07177084801395123
asthma_v2_asthma_P48WheezingRS_236.wav,1,4,0,0,0.7841782692818624,0.04822235416441922,0.01877438383381742,0.0018929096054604298,0.14693208311444056
asthma_v2_asthma_P48WheezingRS_240.wav,1,4,0,0,0.8474924086595021,0.015566743222623811,0.038288804565508504,0.0009632077068609926,0.09768883584550472
asthma_v2_asthma_P50WheezingIE_249.wav,1,4,0,0,0.899786113270888,0.0028680714874273765,0.012073566067472367,0.0004407855625923777,0.08483146361161983
asthma_v2_asthma_P50WheezingIU_246.wav,1,4,0,0,0.9010990592950907,0.001467470780193073,0.005582398199783581,0.01336889231606451,0.07848217940886819
asthma_v2_asthma_P50WheezingIU_250.wav,1,4,0,0,0.9477243804030262,0.0011155003496080567,0.009528285332451158,0.0005596600935375648,0.041072173821377386
asthma_v2_asthma_P50WheezingRL_247.wav,1,4,0,0,0.9706887266476384,0.004311995321774641,0.0027507304051253133,0.0014114059008626207,0.02083714172459896
asthma_v2_asthma_P50WheezingRS_248.wav,1,4,0,0,0.7849787728894906,0.06029097867127138,0.044155722588166864,0.0018775042913730209,0.10869702155969839
asthma_v2_asthma_P57WheezingIE_281.wav,1,4,0,3,0.2747460795314353,0.011203951202891386,0.009695183153322592,0.29700353435589116,0.40735125175645953
asthma_v2_asthma_P57WheezingIE_285.wav,1,4,0,4,0.11023638940471157,0.28074447951005516,0.0008448859573589419,0.026149349005012066,0.5820248961228621
asthma_v2_asthma_P57WheezingIU_282.wav,1,4,0,4,0.05222445236525456,0.0011819748249724535,0.0002913297798063314,0.11082855261214095,0.8354736904178259
asthma_v2_asthma_P57WheezingRL_283.wav,1,4,0,4,0.10746974158528505,0.006454728644130623,0.003846547178492568,0.0011194972569748658,0.881109485335117
asthma_v2_asthma_P57WheezingRS_284.wav,1,4,0,3,0.1572176288805299,0.4592234998818921,0.015118239025060709,0.26836948907201313,0.10007114314050457
asthma_v2_asthma_P58WheezingIU_286.wav,1,4,0,4,0.03769034619545977,0.0027373625799292332,0.006510023015857555,0.005225528601693631,0.9478367396070597
asthma_v2_asthma_P58WheezingRL_287.wav,1,4,0,4,0.2511753118215287,0.16637803807739615,0.014074979642602053,0.11815963265647318,0.4502120378020003
asthma_v2_asthma_P58WheezingRS_288.wav,1,4,0,4,0.09371529170585188,0.014702963566146067,0.003849902991167142,0.007350688980813094,0.8803811527560219
asthma_v2_copd_P10COPDMc_74.wav,1,4,2,1,0.098252056978837,0.8911596777383671,0.0038586899401884486,0.002332968033724311,0.004396607308883086
asthma_v2_copd_P10COPDMc_76.wav,1,4,2,0,0.21845017580885312,0.6755848897204512,0.016134727599686094,0.04877243704234225,0.041057769828667316
asthma_v2_copd_P10COPDMc_78.wav,1,4,2,0,0.9297605927989965,0.04383274721859603,0.018368267024085495,0.0003820031937455573,0.007656389764576583
asthma_v2_copd_P10COPDMc_80.wav,1,4,2,0,0.9385131336229239,0.005767292952141349,0.01307293324932594,0.0002332948921473691,0.04241334528346181
asthma_v2_copd_P10COPDPr_73.wav,1,4,2,1,0.024504536850527597,0.9726234917777821,0.0009330083140186773,0.00038884469620623205,0.001550118361465452
asthma_v2_copd_P10COPDPr_75.wav,1,4,2,0,0.6329816385618041,0.14089568999214147,0.009750710389647092,0.12332106497158715,0.09305089608482034
asthma_v2_copd_P10COPDPr_77.wav,1,4,2,0,0.6843632821215019,0.04489299604113622,0.007435139708108175,0.16571845199139518,0.09759013013785856
asthma_v2_copd_P10COPDPr_79.wav,1,4,2,0,0.8367689546488651,0.10288833600938077,0.024909022215011865,0.0008795547002417497,0.034554132426500746
asthma_v2_copd_P16COPDMc_122.wav,1,4,2,2,4.793306727847821e-10,3.280136468588916e-10,0.9999898119435073,3.389312953058662e-08,1.0153356018976008e-05
asthma_v2_copd_P16COPDMc_124.wav,1,4,2,2,4.881098304447174e-10,2.8827314802610123e-10,0.9999905545275177,3.769942587264813e-08,9.406996673252074e-06
asthma_v2_copd_P16COPDMc_126.wav,1,4,2,2,2.8970971961479694e-09,1.908888122904803e-09,0.9999727785481576,2.846338223311192e-08,2.718818247480414e-05
asthma_v2_copd_P16COPDMc_128.wav,1,4,2,2,4.545587471628989e-08,2.8416615628152337e-08,0.9999178868326574,5.555290324948736e-08,8.198374194927867e-05
asthma_v2_copd_P16COPDPr_121.wav,1,4,2,2,7.930007684003371e-10,4.726929134255247e-10,0.9999893350021719,3.8646895230446045e-08,1.062508523928386e-05
asthma_v2_copd_P16COPDPr_123.wav,1,4,2,2,5.929834817984326e-10,3.907666846009921e-10,0.9999879017805333,3.354105649573811e-08,1.2063694659864143e-05
asthma_v2_copd_P16COPDPr_125.wav,1,4,2,2,9.715448866774541e-10,6.121255091718218e-10,0.999996138417847,3.5618057762321265e-08,3.824380424807879e-06
asthma_v2_copd_P16COPDPr_127.wav,1,4,2,2,3.583826163169297e-09,2.2707361857006826e-09,0.9999961025520732,3.6678750274134306e-08,3.854914614186639e-06
asthma_v2_copd_P18COPDMc_138.wav,1,4,2,2,7.455173969863579e-08,4.615686262290659e-08,0.9999809897253596,7.601410975428747e-07,1.812942494034448e-05
asthma_v2_copd_P18COPDMc_140.wav,1,4,2,2,2.270576906290222e-07,1.425444562370554e-07,0.9998860723101257,3.8389986904744787e-07,0.00011317418785831023
asthma_v2_copd_P18COPDMc_142.wav,1,4,2,2,0.006158662352876752,0.0006064544817227535,0.9900721206488915,0.00016661115472813446,0.002996151361780571
asthma_v2_copd_P18COPDMc_144.wav,1,4,2,2,8.715611443476824e-08,2.0346801802520232e-07,0.9997476610620415,7.558036980074924e-06,0.00024449027684571116
asthma_v2_copd_P18COPDPr_137.wav,1,4,2,2,0.0015988752826159307,4.460109320034089e-05,0.9976917279190459,1.552127089411379e-05,0.0006492744342437903
asthma_v2_copd_P18COPDPr_139.wav,1,4,2,2,0.0023088156433139885,0.0001942906216629434,0.9961555554102073,9.213730987466458e-06,0.001332124593828288
asthma_v2_copd_P18COPDPr_141.wav,1,4,2,2,8.604574500504138e-08,5.061833448750917e-08,0.9998565211484305,9.441622553607247e-07,0.0001423980252349519
asthma_v2_copd_P18COPDPr_143.wav,1,4,2,2,3.1566200023644207e-09,2.368591032658678e-09,0.999970591265398,3.353275216858146e-07,2.9067881869306225e-05
asthma_v2_copd_P2COPDMc_10.wav,1,4,2,2,1.673386992317668e-07,9.251638104697441e-08,0.9998263567425554,5.882501849357045e-06,0.00016750090051507435
asthma_v2_copd_P2COPDMc_12.wav,1,4,2,0,0.5297032411754365,0.016302071779805152,0.3575403538738378,0.012064734590348907,0.08438959858057128
asthma_v2_copd_P2COPDMc_14.wav,1,4,2,2,0.009097908285785538,0.00035668736830598945,0.9886047016731019,0.0005731989741817139,0.0013675036986248647
asthma_v2_copd_P2COPDMc_16.wav,1,4,2,2,0.017147539506179928,0.000917482364079577,0.9773322309469642,0.001404578851372132,0.0031981683314039368
asthma_v2_copd_P2COPDPr_11.wav,1,4,2,2,0.008656124683170953,0.0019062656642424573,0.9834134912617072,0.0024452962843938,0.0035788221064858516
asthma_v2_copd_P2COPDPr_13.wav,1,4,2,0,0.828853797490116,0.005514580698550693,0.05504400250850351,0.005746015424756948,0.10484160387807286
asthma_v2_copd_P2COPDPr_15.wav,1,4,2,2,0.04821201348688502,0.0017507687018481737,0.9467800201419794,0.0008287554429286613,0.002428442226358478
asthma_v2_copd_P2COPDPr_9.wav,1,4,2,2,0.0005762917285380225,6.813290880477035e-06,0.9990468694625242,5.887394584777377e-05,0.00031115157220966676
asthma_v2_copd_P31COPDMc_242.wav,1,4,2,2,0.002867506955600371,0.0009913690531259997,0.9873412638124301,0.001028103336486317,0.00777175684235704
asthma_v2_copd_P31COPDMc_244.wav,1,4,2,2,0.023715358201623175,0.005092220217597519,0.7876602057651011,0.1180234838729419,0.06550873194273632
asthma_v2_copd_P31COPDMc_246.wav,1,4,2,2,0.006442211823361646,0.00017953115297633228,0.9925515937139925,8.863057069882168e-05,0.0007380327389708241
asthma_v2_copd_P31COPDMc_248.wav,1,4,2,0,0.35370103328512237,0.004939920814726745,0.6297759929704886,0.0006188464106010485,0.010964206519061001
asthma_v2_copd_P31COPDPr_241.wav,1,4,2,2,2.4473708217752735e-09,1.6649169099602678e-09,0.9999403729599695,2.056932083816371e-06,5.756599565900613e-05
asthma_v2_copd_P31COPDPr_243.wav,1,4,2,3,0.03228687291213018,0.012351656573557879,0.5341665174481235,0.3352522653259352,0.08594268774025327
asthma_v2_copd_P31COPDPr_245.wav,1,4,2,2,0.055817687827070014,0.0016207158011706717,0.9390072410407491,0.0010111272806189332,0.002543228050391322
asthma_v2_copd_P31COPDPr_247.wav,1,4,2,2,0.002462775911183909,0.0006737988820062913,0.9944345797725337,0.0005107629167529265,0.00191808251752325
asthma_v2_copd_P37COPDMc_290.wav,1,4,2,2,0.0005650848125081737,0.0007791710754631722,0.9971264992535853,6.11103423715321e-05,0.0014681345160717017
asthma_v2_copd_P37COPDMc_292.wav,1,4,2,2,0.002251998871676751,0.0013464331091634371,0.9954045931934962,4.5581985526512486e-05,0.0009513928401371104
asthma_v2_copd_P37COPDMc_294.wav,1,4,2,2,0.002946967858563818,0.0004407195152458778,0.993888644486361,0.00022174572265565168,0.00250192241717386
asthma_v2_copd_P37COPDMc_296.wav,1,4,2,2,0.02035487135721395,0.00040024567817578563,0.9750167201169355,0.00032709470794972103,0.003901068139725052
asthma_v2_copd_P37COPDPr_289.wav,1,4,2,2,0.0008443640394021623,0.0015896024291445242,0.992738283162468,0.00017085071295901572,0.0046568996560263955
asthma_v2_copd_P37COPDPr_291.wav,1,4,2,2,7.850922871124038e-07,9.319907504570921e-07,0.9998733425092868,4.326133965374578e-06,0.0001206142737100056
asthma_v2_copd_P37COPDPr_293.wav,1,4,2,2,0.01179166032689736,0.0006239864835471508,0.984237523867319,5.3013312838627984e-05,0.0032938160093975806
asthma_v2_copd_P37COPDPr_295.wav,1,4,2,2,0.03402008145253147,0.0011033329346441766,0.9558679580379239,0.0005514136341876055,0.008457213940712442
asthma_v2_copd_P39COPDMc_306.wav,1,4,2,1,0.014107579223781499,0.3127541750340683,0.4845407549775448,0.012159414741718317,0.17643807602288702
asthma_v2_copd_P39COPDMc_308.wav,1,4,2,2,0.011530026639633551,0.11456774938285465,0.6938694730775269,0.013287478277237925,0.16674527262274702
asthma_v2_copd_P39COPDMc_310.wav,1,4,2,2,0.0010935920368347306,0.10525182394172072,0.8479555689321084,0.0020059132221670094,0.04369310186716879
asthma_v2_copd_P39COPDMc_312.wav,1,4,2,2,0.002517858909188885,0.0019775208921144834,0.9882678101457164,0.0005839163077628146,0.006652893745217184
asthma_v2_copd_P39COPDPr_305.wav,1,4,2,2,0.01657322566706402,0.0004022361498127957,0.9489575199745865,0.006684126949463231,0.02738289125907324
asthma_v2_copd_P39COPDPr_307.wav,1,4,2,4,0.015774293102637314,0.18319454792058082,0.23267953303125868,0.014051652811201784,0.5542999731343211
asthma_v2_copd_P39COPDPr_309.wav,1,4,2,2,0.0002999381630224146,0.0768827268053623,0.9064526157682691,0.0004822482142919655,0.015882471049054072
asthma_v2_copd_P39COPDPr_311.wav,1,4,2,2,0.00010254501747901708,0.10101768526254472,0.8926869133505443,0.00039485589351857006,0.005798000475913223
asthma_v2_copd_P3COPDMc_18.wav,1,4,2,0,0.9610286614303082,0.008752840403253559,0.006757020618272874,0.005850096859971255,0.017611380688194143
asthma_v2_copd_P3COPDMc_20.wav,1,4,2,2,0.048607425219075934,0.006389526142806513,0.9366822353049251,0.0009402593880850424,0.007380553945107111
asthma_v2_copd_P3COPDMc_22.wav,1,4,2,0,0.4870686931071398,0.0055635013697848045,0.48597627941279975,0.0020517557209394446,0.019339770389336337
asthma_v2_copd_P3COPDMc_24.wav,1,4,2,2,5.799336402050533e-07,4.839543554668149e-07,0.9989888167499432,0.0005428612462837932,0.0004672581157771924
asthma_v2_copd_P3COPDPr_17.wav,1,4,2,0,0.6394780964646251,0.029012357710453792,0.28614739852592636,0.01489095079327552,0.03047119650571929
asthma_v2_copd_P3COPDPr_19.wav,1,4,2,2,0.00423371868231552,0.0001901688180171831,0.9951542861526999,8.480000674431129e-05,0.0003370263402231064
asthma_v2_copd_P3COPDPr_21.wav,1,4,2,2,0.01593555029149999,0.0013800253810196464,0.9797243601781859,0.0009789699529858657,0.0019810941963086166
asthma_v2_copd_P3COPDPr_23.wav,1,4,2,0,0.320198532122358,0.011383120724450507,0.6460552014205309,0.00422432727223491,0.01813881846042593
asthma_v2_copd_P41COPDMc_322.wav,1,4,2,2,7.496098978998916e-09,5.27140732703052e-09,0.9999916831256102,5.347529125799678e-07,7.76935397099969e-06
asthma_v2_copd_P41COPDMc_324.wav,1,4,2,2,0.0005750987355924524,9.793613922272006e-05,0.9990466424533005,0.00010340781368774996,0.00017691485819648392
asthma_v2_copd_P41COPDMc_326.wav,1,4,2,2,0.0014463685504353286,0.0008534301087181298,0.994268799799082,0.0006338327247062857,0.002797568817058204
asthma_v2_copd_P41COPDMc_328.wav,1,4,2,2,0.001265400065311148,0.0008910729333348327,0.9949312189188515,0.0005320640216618984,0.0023802440608403142
asthma_v2_copd_P41COPDPr_321.wav,1,4,2,2,0.0005001117219642145,4.2304561346959184e-05,0.9986308788069552,6.166292673988425e-05,0.0007650419829938632
asthma_v2_copd_P41COPDPr_323.wav,1,4,2,2,1.564251630698817e-07,1.5215912979264533e-07,0.9997355582173792,1.1942344565562638e-05,0.00025219085376230105
asthma_v2_copd_P41COPDPr_325.wav,1,4,2,2,0.0014281172609564281,0.00012967252093774653,0.9979170569763098,0.00020792331516438954,0.00031722992663165664
asthma_v2_copd_P41COPDPr_327.wav,1,4,2,2,0.0006855440757091046,0.0004053343843418647,0.9973806050837403,0.0002002745052756158,0.0013282419509330953
asthma_v2_copd_P48COPDMc_378.wav,1,4,2,2,0.0037154546727706716,0.0016314012674478963,0.9899828843888467,0.0006441258962057798,0.004026133774728546
asthma_v2_copd_P48COPDMc_380.wav,1,4,2,2,0.04414846683580524,0.05589753003327317,0.8756041905698169,0.00394282017351531,0.020406992387589303
asthma_v2_copd_P48COPDMc_382.wav,1,4,2,2,0.00037081044864975516,0.00036907657980391574,0.9946987750028924,0.0011977869654914994,0.0033635510031623044
asthma_v2_copd_P48COPDMc_384.wav,1,4,2,2,0.0009342824474801824,0.00026638816875801743,0.9957207029144234,0.00035759854032780744,0.002721027929010787
asthma_v2_copd_P48COPDPr_377.wav,1,4,2,2,0.0003677179607023743,0.0003466591961265193,0.9977267518652735,0.0008441921599904867,0.0007146788179072617
asthma_v2_copd_P48COPDPr_379.wav,1,4,2,2,0.005523672223907293,0.001735590201788752,0.9898017234093066,0.0003603299261421937,0.002578684238855117
asthma_v2_copd_P48COPDPr_381.wav,1,4,2,2,0.0005398280586592917,0.00016994347170548303,0.9983153675372777,0.000285861220197437,0.0006889997121598759
asthma_v2_copd_P48COPDPr_383.wav,1,4,2,2,0.0017565318760143227,0.0013645131031677046,0.9889123643560016,0.0010113957879466138,0.006955194876869702
asthma_v2_healthy_P11Healthy18S.wav,1,4,3,3,0.09457998022940821,0.3627522375649675,0.07187741555385746,0.3484097225162387,0.12238064413552856
asthma_v2_healthy_P11Healthy30S.wav,1,4,3,3,0.04516997592595316,0.49038520099838734,0.1438644031172782,0.2779317750524727,0.04264864490590844
asthma_v2_healthy_P11Healthy38S.wav,1,4,3,3,0.03506812969767003,0.18040161438326024,0.049012416058370645,0.6751780699584886,0.06033976990221069
asthma_v2_healthy_P11Healthy60S.wav,1,4,3,3,0.02807096011845057,0.0050960149516249735,0.03186982715673261,0.7092041343944205,0.22575906337877116
asthma_v2_healthy_P11Healthy73S.wav,1,4,3,3,0.027013922580114178,0.3263731825251463,0.04719974987778918,0.5429848289444205,0.056428316072529565
asthma_v2_healthy_P12Healthy16S.wav,1,4,3,3,0.014302889491599241,0.016761422632175216,0.09654028181996137,0.8485092233452783,0.023886182710986147
asthma_v2_healthy_P12Healthy67S.wav,1,4,3,3,0.05699220348904671,0.39870146880260343,0.12358944146079452,0.2679836341594626,0.1527332520880923
asthma_v2_healthy_P12Healthy93S.wav,1,4,3,2,0.03508195577022871,0.020891042318513423,0.6997833384304292,0.13912711702988975,0.10511654645093899
asthma_v2_healthy_P12Healthy98S.wav,1,4,3,3,0.016151051377007047,0.04193115284381959,0.04336285171276991,0.8220996875226777,0.07645525654372592
asthma_v2_healthy_P12Healthy99S.wav,1,4,3,3,0.00748376676597969,0.023288005824630514,0.054865300561670056,0.8778863609689184,0.03647656587880126
asthma_v2_healthy_P14Healthy28S.wav,1,4,3,3,0.014000467380953636,0.030428745176679452,0.018142615892515465,0.9097144908805572,0.02771368066929433
asthma_v2_healthy_P14Healthy47S.wav,1,4,3,3,0.06944264977147599,0.12027629927336528,0.17682235856547932,0.576777068461424,0.056681623928255466
asthma_v2_healthy_P14Healthy53S.wav,1,4,3,3,0.010919314381838723,0.020334322416579443,0.015519843508102076,0.9368105176241465,0.016416002069333163
asthma_v2_healthy_P14Healthy54S.wav,1,4,3,3,0.0034187995876742068,0.1382475168118108,0.0211572180607455,0.801716579334201,0.03545988620556864
asthma_v2_healthy_P14Healthy89S.wav,1,4,3,3,0.002205371762195146,0.16112278606144326,0.02358555316965216,0.7984198210637028,0.014666467943006712
asthma_v2_healthy_P25Healthy20S.wav,1,4,3,3,0.045400897038239324,0.003053073856957557,0.001987612712504997,0.475347463634501,0.4742109527577971
asthma_v2_healthy_P25Healthy42S.wav,1,4,3,3,0.1635894022642128,0.12175099225352978,0.038287983112149086,0.20409751758267008,0.4722741047874383
asthma_v2_healthy_P25Healthy72S.wav,1,4,3,0,0.21459370215251475,0.07729207801366016,0.06329813711350402,0.15678205989578714,0.4880340228245339
asthma_v2_healthy_P25Healthy88S.wav,1,4,3,3,0.05474580495965205,0.021385885204644385,0.014309628984407357,0.64532847023272,0.2642302106185761
asthma_v2_healthy_P25Healthy97S.wav,1,4,3,3,0.06071714619711973,0.28345722846786225,0.017817682085654686,0.5996882400320634,0.03831970321729998
asthma_v2_healthy_P26Healthy22S.wav,1,4,3,3,0.10104423748138242,0.037661606223258356,0.02115080714810853,0.6294784650218496,0.21066488412540088
asthma_v2_healthy_P26Healthy32S.wav,1,4,3,4,0.06716011365082648,0.003928969727271065,0.19286241016552177,0.007921743437983913,0.7281267630183967
asthma_v2_healthy_P26Healthy46S.wav,1,4,3,0,0.4796269326843489,0.0068079395810235555,0.033830654822845564,0.04206836700884128,0.4376661059029409
asthma_v2_healthy_P26Healthy48S.wav,1,4,3,0,0.2876133161098777,0.37490092974300804,0.027562137364531704,0.11474265296669789,0.1951809638158849
asthma_v2_healthy_P26Healthy76S.wav,1,4,3,3,0.09057738693270125,0.020849923849961333,0.03570543944071508,0.2345084486687891,0.6183588011078334
asthma_v2_healthy_P4Healthy12S.wav,1,4,3,4,0.14061819842284368,0.06161430411413407,0.03768842573880298,0.047677072131387076,0.7124019995928323
asthma_v2_healthy_P4Healthy22S.wav,1,4,3,1,0.08988590110038731,0.42682236832700826,0.1975114130825907,0.03260522207747786,0.25317509541253586
asthma_v2_healthy_P4Healthy62S.wav,1,4,3,1,0.009007151279039796,0.4162510790373037,0.4379192555909639,0.12356429602704112,0.013258218065651682
asthma_v2_healthy_P4Healthy69S.wav,1,4,3,4,0.035279554831119046,0.03230734041128283,0.4976790376353231,0.008119087426249215,0.4266149796960259
asthma_v2_healthy_P4Healthy77S.wav,1,4,3,1,0.004299006382385407,0.8022939964606359,0.15906509126163468,0.030656672900090866,0.0036852329952529812
asthma_v2_pneumonia_P15Pneumonia12I.wav,1,4,4,4,0.02237867425701875,0.014680246887164997,0.06946114460750104,0.002802524496273435,0.8906774097520419
asthma_v2_pneumonia_P15Pneumonia16R.wav,1,4,4,4,0.12723152681228467,0.02346215999779005,0.07707984183297605,0.004554082567122342,0.7676723887898268
asthma_v2_pneumonia_P15Pneumonia39Y.wav,1,4,4,4,0.02944993197112521,0.0016068834725618117,0.0008377055645965554,0.19045857815727707,0.7776469008344394
asthma_v2_pneumonia_P15Pneumonia56Z.wav,1,4,4,4,0.11282060366828278,0.009778598250126063,0.12849312869807084,0.0024500027501709472,0.7464576666333494
asthma_v2_pneumonia_P15Pneumonia58S.wav,1,4,4,4,0.005892360607448883,0.0030829301950832705,0.0002815619173260209,0.0017878177683209198,0.9889553295118209
asthma_v2_pneumonia_P15Pneumonia81V.wav,1,4,4,4,0.014295596819927944,0.0019565498005575054,0.0007235864321545633,0.0011853089731214044,0.9818389579742383
asthma_v2_pneumonia_P1Pneumonia10T.wav,1,4,4,4,0.004859356304314991,0.000146295867009402,0.0001795853666557358,0.0002007751992549197,0.9946139872627651
asthma_v2_pneumonia_P1Pneumonia39F.wav,1,4,4,4,0.004720083285607407,0.0012830473659601995,0.0009264140066030334,0.0009771567565183326,0.9920932985853109
asthma_v2_pneumonia_P1Pneumonia41U.wav,1,4,4,4,0.00259574180571618,0.0022620108140257306,0.00014786086321129255,0.0015322529104226947,0.9934621336066239
asthma_v2_pneumonia_P1Pneumonia93D.wav,1,4,4,4,0.010113539465995589,0.00039531612189169134,0.00024650924761608373,0.0009549783063267357,0.9882896568581696
asthma_v2_pneumonia_P1Pneumonia94J.wav,1,4,4,4,0.02944491690493017,0.012321705522797403,0.0032737615894596916,0.0211649717383301,0.9337946442444827
asthma_v2_pneumonia_P1Pneumonia97M.wav,1,4,4,4,0.030527984201346003,0.0013353822305361516,0.0007411884105438851,0.0031465266972892625,0.9642489184602845
asthma_v2_pneumonia_P26Pneumonia12X.wav,1,4,4,4,0.03520899857088401,0.00203975310340649,0.005202788506349452,0.2511117080097515,0.7064367518096084
asthma_v2_pneumonia_P26Pneumonia66S.wav,1,4,4,3,0.010555399991601305,0.0007139926731886478,0.006095228651212944,0.6622245643791851,0.3204108143048119
asthma_v2_pneumonia_P26Pneumonia72P.wav,1,4,4,4,0.021799928268397793,0.0009537617989285719,0.0006323924540845834,0.13439919782741977,0.8422147196511695
asthma_v2_pneumonia_P26Pneumonia83Z.wav,1,4,4,4,0.06384641134611889,0.000489325322347801,0.0005216602314498549,0.013391428770030226,0.9217511743300532
asthma_v2_pneumonia_P26Pneumonia84P.wav,1,4,4,4,0.039737444800754536,0.0017264194792126018,0.0027158265001083555,0.0568295315864117,0.8989907776335131
asthma_v2_pneumonia_P26Pneumonia89E.wav,1,4,4,4,0.008170321608874006,0.0005439611649421616,0.000723767010967176,0.13844009340188337,0.8521218568133333
asthma_v2_pneumonia_P2Pneumonia11Q.wav,1,4,4,4,0.05742526455184469,0.0020560324398257094,0.004032900668847946,0.0006139753927775711,0.9358718269467041
asthma_v2_pneumonia_P2Pneumonia28R.wav,1,4,4,4,0.0019560427330398114,0.0006710326111932943,5.354203964178618e-05,0.0011563496197055786,0.9961630329964194
asthma_v2_pneumonia_P2Pneumonia36Z.wav,1,4,4,4,0.004379744581489579,0.0022269568666477696,0.0006691083123070605,0.0009836118641633098,0.9917405783753928
asthma_v2_pneumonia_P2Pneumonia70H.wav,1,4,4,4,0.012388034977965336,0.0011468295130288477,0.0019902273764942587,0.0027449217241251028,0.9817299864083863
asthma_v2_pneumonia_P2Pneumonia82A.wav,1,4,4,4,0.006232720274412705,0.0024079326498443665,0.000182413272960113,0.0025004331504856515,0.9886765006522974
asthma_v2_pneumonia_P2Pneumonia93N.wav,1,4,4,4,0.004785496350178145,0.0009613462419154213,0.0004355344745394461,0.004270766567214187,0.989546856366153
asthma_v2_pneumonia_P33Pneumonia50P.wav,1,4,4,4,0.013945340343209616,0.002135733405965663,0.0002038876787754536,0.00423229598850124,0.9794827425835482
asthma_v2_pneumonia_P33Pneumonia70D.wav,1,4,4,4,0.005767485271185111,0.0002851433629978089,0.00015200838548904064,0.0008179130433971033,0.9929774499369309
asthma_v2_pneumonia_P33Pneumonia74T.wav,1,4,4,4,0.006812416634497247,0.000723048671242415,0.00037270630153229793,0.0006064009831399917,0.9914854274095883
asthma_v2_pneumonia_P33Pneumonia88U.wav,1,4,4,4,0.003549545455685712,0.0013349891652916252,0.00026182915787879065,0.0007680119889766181,0.9940856242321674
asthma_v2_pneumonia_P33Pneumonia94C.wav,1,4,4,4,0.021972697767005837,0.0014389875603302257,0.0002843664003937375,0.009086101920963725,0.9672178463513063
asthma_v2_pneumonia_P33Pneumonia94P.wav,1,4,4,4,0.010194957670512466,0.0009898770933439384,0.0003617522711808016,0.0005835426382654863,0.9878698703266974
asthma_v2_pneumonia_P39Pneumonia16K.wav,1,4,4,0,0.913859061842287,0.0470244234376611,0.012778822077365774,0.0006217113221170032,0.02571598132056921
asthma_v2_pneumonia_P39Pneumonia41F.wav,1,4,4,4,0.16260723435235416,0.022546248249451818,0.047081081572314734,0.0023269640360915785,0.7654384717897879
asthma_v2_pneumonia_P39Pneumonia49H.wav,1,4,4,4,0.3999592076054137,0.0025851873142410447,0.0014469012959615261,0.01004326136796523,0.5859654424164183
asthma_v2_pneumonia_P39Pneumonia78Z.wav,1,4,4,0,0.570239001962781,0.016759757552426494,0.0018941709337402868,0.05577893125796285,0.35532813829308946
asthma_v2_pneumonia_P39Pneumonia85Q.wav,1,4,4,4,0.30857928085696934,0.012692997279586928,0.03481938281428791,0.0016522471279357296,0.6422560919212199
asthma_v2_pneumonia_P39Pneumonia87S.wav,1,4,4,4,0.15307381483254603,0.02255403923589404,0.03968013493006663,0.0035793947163430414,0.7811126162851505
asthma_v2_pneumonia_P3Pneumonia41L.wav,1,4,4,4,0.0671888504581496,0.0035417086778289364,0.007655065144815545,0.0013613972650887787,0.9202529784541168
asthma_v2_pneumonia_P3Pneumonia54K.wav,1,4,4,4,0.08281420955863904,0.002077623645359658,0.005379212854462529,0.0005506330626948663,0.909178320878844
asthma_v2_pneumonia_P3Pneumonia61R.wav,1,4,4,4,0.019897687101166062,0.0006525372022110046,0.2837556353557533,0.047284391214569975,0.6484097491262996
asthma_v2_pneumonia_P3Pneumonia74F.wav,1,4,4,4,0.17116096794831076,0.006853422461369377,0.005643766787053966,0.02383197411782913,0.7925098686854368
asthma_v2_pneumonia_P3Pneumonia75Z.wav,1,4,4,4,0.006224982541878997,0.00045142714150764877,0.30661268235755595,0.02275344743612679,0.6639574605229309
asthma_v2_pneumonia_P3Pneumonia96L.wav,1,4,4,4,0.011628200984275668,0.00037719920371260624,0.0009529011419604984,0.00015871966257835629,0.9868829790074728
asthma_v2_pneumonia_P4Pneumonia17R.wav,1,4,4,4,0.011649471855186751,0.0009386813092814915,0.27145945826386986,0.045630654459689265,0.6703217341119729
asthma_v2_pneumonia_P4Pneumonia27H.wav,1,4,4,4,0.0435538135049725,0.001852432050064562,0.050923542771325075,0.017441203182517077,0.8862290084911209
asthma_v2_pneumonia_P4Pneumonia39Q.wav,1,4,4,4,0.030876864521826,0.0033677153936372793,0.16749301623454055,0.012277510436300479,0.7859848934136956
asthma_v2_pneumonia_P4Pneumonia55U.wav,1,4,4,4,0.016719854402180538,0.0011823122736964427,0.028119153984236863,0.012494555199088193,0.941484124140798
asthma_v2_pneumonia_P4Pneumonia67J.wav,1,4,4,4,0.06746831803288848,0.0045947683422274295,0.022106060718466505,0.00536994816745407,0.9004609047389636
asthma_v2_pneumonia_P4Pneumonia78E.wav,1,4,4,4,0.08885411893781799,0.015132815076523472,0.037136658337704215,0.002803452195016258,0.8560729554529379
asthma_v2_pneumonia_P6Pneumonia15U.wav,1,4,4,4,0.19963355753087939,0.0033259908403710146,0.039450020879904124,0.0028019578125836127,0.7547884729362621
asthma_v2_pneumonia_P6Pneumonia17Q.wav,1,4,4,4,0.008728164261679093,0.000761743132780194,0.03930851677083631,0.06624694275045816,0.8849546330842465
asthma_v2_pneumonia_P6Pneumonia32L.wav,1,4,4,4,0.06819171571098988,0.0030345407490176965,0.039452914326355046,0.0013069022454842226,0.8880139269681533
asthma_v2_pneumonia_P6Pneumonia37H.wav,1,4,4,4,0.05911420856230524,0.003997313926962275,0.07007412098940315,0.11575353927154813,0.7510608172497814
asthma_v2_pneumonia_P6Pneumonia39O.wav,1,4,4,4,0.0891029302672854,0.0018398661277873147,0.020479791713611143,0.0009101665984305161,0.8876672452928859
asthma_v2_pneumonia_P6Pneumonia84M.wav,1,4,4,4,0.02359144353041807,0.0007723008242939893,0.05572602686634199,0.012724964322155542,0.9071852644567903
