file_id,repeat,fold,y_true,y_pred,p_asthma,p_bronchial,p_copd,p_healthy,p_pneumonia
asthma_v2_Bronchial_P14BronchialSc_66.wav,4,0,1,1,0.28692073,0.58747613,0.07826326,0.0062953695,0.04104455
asthma_v2_Bronchial_P14BronchialSc_68.wav,4,0,1,1,0.27150786,0.39534432,0.30893123,0.011683227,0.012533364
asthma_v2_Bronchial_P14BronchialSc_70.wav,4,0,1,1,0.004126426,0.8592684,0.01895785,0.10910223,0.00854509
asthma_v2_Bronchial_P14BronchialTc_67.wav,4,0,1,1,0.31135738,0.49125642,0.18048465,0.0104861045,0.0064153443
asthma_v2_Bronchial_P14BronchialTc_69.wav,4,0,1,0,0.57094854,0.20384337,0.21047795,0.0038800342,0.0108500635
asthma_v2_Bronchial_P16BronchialSc_76.wav,4,0,1,1,0.0037846104,0.6636927,0.01575628,0.3058744,0.010891968
asthma_v2_Bronchial_P16BronchialSc_78.wav,4,0,1,1,0.002749758,0.90841085,0.017610256,0.059809558,0.011419643
asthma_v2_Bronchial_P16BronchialSc_80.wav,4,0,1,1,0.023066727,0.60079575,0.14403939,0.113754556,0.11834356
asthma_v2_Bronchial_P16BronchialTc_77.wav,4,0,1,1,0.0070945844,0.562849,0.017330002,0.3979577,0.0147686545
asthma_v2_Bronchial_P16BronchialTc_79.wav,4,0,1,1,0.0013548367,0.9302808,0.0075436146,0.05616284,0.004657976
asthma_v2_Bronchial_P21BronchialSc_102.wav,4,0,1,4,0.015435027,0.0014515072,0.004499506,0.11476059,0.8638534
asthma_v2_Bronchial_P21BronchialSc_104.wav,4,0,1,4,0.026560519,0.013443678,0.014734131,0.14680827,0.79845333
asthma_v2_Bronchial_P21BronchialTc_101.wav,4,0,1,1,0.004078191,0.92369866,0.020912431,0.03883,0.012480722
asthma_v2_Bronchial_P21BronchialTc_103.wav,4,0,1,4,0.034780093,0.01574138,0.029504305,0.16553368,0.7544405
asthma_v2_Bronchial_P6BronchialSc_26.wav,4,0,1,1,0.00056004454,0.97002316,0.02305247,0.0053821146,0.0009822088
asthma_v2_Bronchial_P6BronchialSc_28.wav,4,0,1,1,0.00038053875,0.9762388,0.015638473,0.0068729236,0.00086924824
asthma_v2_Bronchial_P6BronchialSc_30.wav,4,0,1,1,0.0019262435,0.9340784,0.05407355,0.005415231,0.0045065815
asthma_v2_Bronchial_P6BronchialTc_27.wav,4,0,1,1,0.0004993722,0.96686035,0.025629183,0.0061231884,0.00088789983
asthma_v2_Bronchial_P6BronchialTc_29.wav,4,0,1,1,0.0019024404,0.91768146,0.071185924,0.006288735,0.0029414112
asthma_v2_asthma_P13WheezingIE_61.wav,4,0,0,0,0.8923006,0.013538516,0.00511985,0.0024266727,0.08661447
asthma_v2_asthma_P13WheezingIE_65.wav,4,0,0,0,0.92729384,0.022625586,0.0047909445,0.0014911327,0.04379849
asthma_v2_asthma_P13WheezingIU_62.wav,4,0,0,0,0.89962614,0.022156406,0.0047283047,0.002762206,0.07072697
asthma_v2_asthma_P13WheezingRL_63.wav,4,0,0,0,0.85405815,0.009748112,0.003397863,0.0046862657,0.1281096
asthma_v2_asthma_P13WheezingRS_64.wav,4,0,0,0,0.8472073,0.04502697,0.003912753,0.0058129,0.09804006
asthma_v2_asthma_P17WheezingIE_81.wav,4,0,0,0,0.8183218,0.083660185,0.018862864,0.0035649326,0.07559017
asthma_v2_asthma_P17WheezingIE_85.wav,4,0,0,0,0.9573098,0.016508562,0.009515584,0.00088675594,0.015779275
asthma_v2_asthma_P17WheezingIU_82.wav,4,0,0,0,0.92198014,0.015954137,0.0037891325,0.0023781853,0.05589838
asthma_v2_asthma_P17WheezingRL_83.wav,4,0,0,0,0.92090446,0.023674605,0.0037567883,0.0021525505,0.04951155
asthma_v2_asthma_P17WheezingRS_84.wav,4,0,0,0,0.94111776,0.0128841195,0.002626164,0.0012874722,0.04208451
asthma_v2_asthma_P25WheezingIE_121.wav,4,0,0,0,0.95336545,0.026502578,0.0069586653,0.00084367127,0.012329649
asthma_v2_asthma_P25WheezingIE_125.wav,4,0,0,0,0.9454277,0.021205697,0.0074583706,0.0016507171,0.024257487
asthma_v2_asthma_P25WheezingIU_122.wav,4,0,0,0,0.86657363,0.00619844,0.02383118,0.0016082291,0.10178843
asthma_v2_asthma_P25WheezingRL_123.wav,4,0,0,0,0.92837983,0.045665372,0.018444363,0.0013033578,0.006206961
asthma_v2_asthma_P25WheezingRS_124.wav,4,0,0,0,0.9654428,0.00987823,0.009776358,0.0009816105,0.01392095
asthma_v2_asthma_P32WheezingIE_157.wav,4,0,0,0,0.8528657,0.008594105,0.014801874,0.0018644818,0.121873856
asthma_v2_asthma_P32WheezingIU_158.wav,4,0,0,0,0.8154276,0.013413328,0.008930108,0.0068711345,0.15535781
asthma_v2_asthma_P32WheezingRL_159.wav,4,0,0,0,0.806407,0.030193083,0.07050645,0.00254149,0.090351954
asthma_v2_asthma_P32WheezingRS_156.wav,4,0,0,0,0.7007906,0.24210753,0.03200106,0.00300585,0.022095023
asthma_v2_asthma_P32WheezingRS_160.wav,4,0,0,0,0.87379825,0.07808208,0.018949527,0.0023708472,0.02679928
asthma_v2_asthma_P34WheezingIE_169.wav,4,0,0,0,0.945405,0.029941369,0.016408201,0.0008513937,0.007394043
asthma_v2_asthma_P34WheezingIU_166.wav,4,0,0,0,0.89004886,0.040724616,0.018140076,0.0054276367,0.04565876
asthma_v2_asthma_P34WheezingIU_170.wav,4,0,0,0,0.9130731,0.033247545,0.0041938717,0.002798163,0.04668734
asthma_v2_asthma_P34WheezingRL_167.wav,4,0,0,0,0.8227377,0.11504801,0.029767137,0.001114731,0.031332374
asthma_v2_asthma_P34WheezingRS_168.wav,4,0,0,0,0.869257,0.078617536,0.029653253,0.0017779849,0.020694388
asthma_v2_asthma_P3AsthmaIE_13.wav,4,0,0,0,0.8630448,0.016274707,0.0035418828,0.002856991,0.114281654
asthma_v2_asthma_P3AsthmaIU_14.wav,4,0,0,0,0.8070209,0.14639612,0.011622729,0.0031558336,0.031804394
asthma_v2_asthma_P3AsthmaRL_11.wav,4,0,0,0,0.8277294,0.011078065,0.0024048795,0.004569582,0.15421811
asthma_v2_asthma_P3AsthmaRL_15.wav,4,0,0,0,0.94094515,0.02920313,0.00295689,0.00096984644,0.025924979
asthma_v2_asthma_P3AsthmaRS_12.wav,4,0,0,0,0.9219953,0.037778165,0.0059194253,0.0012666237,0.033040494
asthma_v2_asthma_P40WheezingIE_197.wav,4,0,0,0,0.70056796,0.007380993,0.14486206,0.010948248,0.13624069
asthma_v2_asthma_P40WheezingIU_198.wav,4,0,0,0,0.70243335,0.0056598797,0.12375493,0.0038093606,0.16434243
asthma_v2_asthma_P40WheezingRL_199.wav,4,0,0,0,0.7810581,0.03952545,0.14635216,0.0038245174,0.029239893
asthma_v2_asthma_P40WheezingRS_196.wav,4,0,0,0,0.8977501,0.0068347193,0.051776905,0.0032019515,0.040436428
asthma_v2_asthma_P40WheezingRS_200.wav,4,0,0,0,0.6037751,0.008347122,0.15292698,0.0049746237,0.2299762
asthma_v2_asthma_P43WheezingIE_213.wav,4,0,0,0,0.6841039,0.053365707,0.20815541,0.015082885,0.039292112
asthma_v2_asthma_P43WheezingIU_214.wav,4,0,0,0,0.8335018,0.056393307,0.1005631,0.0016146516,0.007927155
asthma_v2_asthma_P43WheezingRL_211.wav,4,0,0,0,0.9017005,0.028031087,0.047720995,0.003113603,0.019433824
asthma_v2_asthma_P43WheezingRL_215.wav,4,0,0,0,0.7055733,0.03793048,0.2316583,0.0025513577,0.022286568
asthma_v2_asthma_P43WheezingRS_212.wav,4,0,0,0,0.60621375,0.012577597,0.34264135,0.005147863,0.033419393
asthma_v2_asthma_P56WheezingIE_277.wav,4,0,0,3,0.036581468,0.021233704,0.007783393,0.6856732,0.24872819
asthma_v2_asthma_P56WheezingIU_278.wav,4,0,0,4,0.03047612,0.008779145,0.013033786,0.2665407,0.6811703
asthma_v2_asthma_P56WheezingRL_279.wav,4,0,0,4,0.0359174,0.00763675,0.0071967593,0.46095732,0.48829174
asthma_v2_asthma_P56WheezingRS_276.wav,4,0,0,4,0.051888194,0.0033398813,0.016821798,0.18264645,0.74530363
asthma_v2_asthma_P56WheezingRS_280.wav,4,0,0,3,0.020738611,0.01504952,0.004119053,0.8662834,0.093809396
asthma_v2_asthma_P58WheezingIU_286.wav,4,0,0,4,0.025694275,0.00629247,0.02833837,0.19789053,0.7417843
asthma_v2_asthma_P58WheezingRL_287.wav,4,0,0,4,0.06290464,0.011084649,0.060371205,0.08303015,0.78260934
asthma_v2_asthma_P58WheezingRS_288.wav,4,0,0,4,0.074257255,0.041146744,0.19212364,0.12050585,0.57196647
asthma_v2_asthma_P5AsthmaIE_21.wav,4,0,0,0,0.9546465,0.01827251,0.003359053,0.0011556298,0.02256631
asthma_v2_asthma_P5AsthmaIE_25.wav,4,0,0,0,0.83707017,0.03620913,0.010577456,0.0053438637,0.11079939
asthma_v2_asthma_P5AsthmaIU_22.wav,4,0,0,0,0.9065928,0.041863386,0.005738759,0.0020370334,0.043767985
asthma_v2_asthma_P5AsthmaRL_23.wav,4,0,0,0,0.93635744,0.011412636,0.003952915,0.00093323627,0.04734384
asthma_v2_asthma_P5AsthmaRS_24.wav,4,0,0,0,0.9351581,0.019974148,0.0042565656,0.0013400317,0.039271243
asthma_v2_copd_P10COPDMc_74.wav,4,0,2,0,0.86071354,0.035445604,0.09547834,0.0023365454,0.0060259528
asthma_v2_copd_P10COPDMc_76.wav,4,0,2,1,0.30794716,0.53478503,0.068115965,0.061262146,0.027889643
asthma_v2_copd_P10COPDMc_78.wav,4,0,2,0,0.82382977,0.033481784,0.12683621,0.002325838,0.013526405
asthma_v2_copd_P10COPDMc_80.wav,4,0,2,0,0.8770933,0.009327371,0.08387602,0.0016025772,0.028100677
asthma_v2_copd_P10COPDPr_73.wav,4,0,2,0,0.7847466,0.04297737,0.16255966,0.002738798,0.0069776
asthma_v2_copd_P10COPDPr_75.wav,4,0,2,0,0.48662415,0.13028927,0.18534322,0.09382804,0.10391527
asthma_v2_copd_P10COPDPr_77.wav,4,0,2,0,0.8183575,0.03748926,0.13195732,0.0040689916,0.008126893
asthma_v2_copd_P10COPDPr_79.wav,4,0,2,0,0.830783,0.036576647,0.122701265,0.003173007,0.0067661316
asthma_v2_copd_P11COPDMc_82.wav,4,0,2,0,0.87998617,0.010623526,0.093745135,0.0012892303,0.014356047
asthma_v2_copd_P11COPDMc_84.wav,4,0,2,2,0.2112586,0.21892029,0.5229853,0.01875125,0.028084608
asthma_v2_copd_P11COPDMc_86.wav,4,0,2,2,0.14928451,0.12505125,0.35841635,0.009299104,0.35794875
asthma_v2_copd_P11COPDMc_88.wav,4,0,2,0,0.6567412,0.16074237,0.172928,0.0040800157,0.005508487
asthma_v2_copd_P11COPDPr_81.wav,4,0,2,0,0.8597787,0.019151872,0.109777294,0.0010969634,0.010195101
asthma_v2_copd_P11COPDPr_83.wav,4,0,2,0,0.3777717,0.20192766,0.31339237,0.0042717527,0.102636516
asthma_v2_copd_P11COPDPr_85.wav,4,0,2,2,0.40974984,0.13541152,0.4212429,0.01282278,0.020772923
asthma_v2_copd_P11COPDPr_87.wav,4,0,2,0,0.4546505,0.07582167,0.44670382,0.005242011,0.017581975
asthma_v2_copd_P22COPDMc_170.wav,4,0,2,2,0.035802484,0.0648644,0.71747047,0.006323321,0.17553939
asthma_v2_copd_P22COPDMc_172.wav,4,0,2,2,0.054032855,0.043313693,0.5111984,0.036324315,0.35513076
asthma_v2_copd_P22COPDMc_174.wav,4,0,2,4,0.047078013,0.0024716258,0.0103651285,0.08750142,0.8525837
asthma_v2_copd_P22COPDMc_176.wav,4,0,2,1,0.009006475,0.5166965,0.1443057,0.28423887,0.045752484
asthma_v2_copd_P22COPDPr_169.wav,4,0,2,2,0.024879768,0.03809002,0.7325676,0.009317234,0.1951454
asthma_v2_copd_P22COPDPr_171.wav,4,0,2,2,0.036277533,0.022494571,0.800707,0.01376995,0.12675102
asthma_v2_copd_P22COPDPr_173.wav,4,0,2,4,0.115272224,0.008105946,0.1529269,0.022416597,0.7012784
asthma_v2_copd_P22COPDPr_175.wav,4,0,2,4,0.047094475,0.021508208,0.443891,0.019696562,0.4678098
asthma_v2_copd_P25COPDMc_194.wav,4,0,2,1,0.0009966696,0.8381946,0.11151367,0.046375733,0.0029193254
asthma_v2_copd_P25COPDMc_196.wav,4,0,2,1,0.0012780604,0.88513,0.085789986,0.023444239,0.004357782
asthma_v2_copd_P25COPDMc_198.wav,4,0,2,2,0.00255583,0.1101195,0.8764403,0.007441998,0.003442404
asthma_v2_copd_P25COPDMc_200.wav,4,0,2,2,0.01021817,0.07880218,0.86913234,0.010726637,0.031120684
asthma_v2_copd_P25COPDPr_193.wav,4,0,2,2,0.011691272,0.30952224,0.5373994,0.08002673,0.06136034
asthma_v2_copd_P25COPDPr_195.wav,4,0,2,1,0.0017735035,0.88737446,0.043029692,0.0617571,0.0060652397
asthma_v2_copd_P25COPDPr_197.wav,4,0,2,2,0.0022990715,0.15346906,0.83832705,0.0041308925,0.0017739666
asthma_v2_copd_P25COPDPr_199.wav,4,0,2,2,0.0026396476,0.035825517,0.9525974,0.005078867,0.003858538
asthma_v2_copd_P30COPDMc_234.wav,4,0,2,2,0.08764277,0.022920195,0.45376927,0.082800776,0.35286695
asthma_v2_copd_P30COPDMc_236.wav,4,0,2,2,0.0020157413,0.062551074,0.9310717,0.0018591632,0.0025023166
asthma_v2_copd_P30COPDMc_238.wav,4,0,2,2,0.00406904,0.094281875,0.881251,0.005001135,0.015396944
asthma_v2_copd_P30COPDMc_240.wav,4,0,2,2,0.014942269,0.10708844,0.8439481,0.011342243,0.022678958
asthma_v2_copd_P30COPDPr_233.wav,4,0,2,4,0.03718336,0.014250277,0.4198422,0.04168646,0.48703772
asthma_v2_copd_P30COPDPr_235.wav,4,0,2,4,0.028043,0.006054422,0.07920034,0.06631739,0.82038486
asthma_v2_copd_P30COPDPr_237.wav,4,0,2,2,0.0024820834,0.030633284,0.95867306,0.002157435,0.006054174
asthma_v2_copd_P30COPDPr_239.wav,4,0,2,2,0.0119118,0.04799234,0.9119626,0.0033414527,0.024791842
asthma_v2_copd_P38COPDMc_298.wav,4,0,2,2,0.06314942,0.10582873,0.7439023,0.0137878535,0.07333172
asthma_v2_copd_P38COPDMc_300.wav,4,0,2,2,0.01113016,0.09153997,0.87217367,0.004820175,0.020335993
asthma_v2_copd_P38COPDMc_302.wav,4,0,2,2,0.028038153,0.07516544,0.84668773,0.0071422043,0.042966396
asthma_v2_copd_P38COPDMc_304.wav,4,0,2,2,0.01806437,0.039414562,0.86467284,0.005060957,0.07278734
asthma_v2_copd_P38COPDPr_297.wav,4,0,2,2,0.015696343,0.18442392,0.7576781,0.0054438557,0.036757775
asthma_v2_copd_P38COPDPr_299.wav,4,0,2,2,0.054327648,0.300572,0.51103973,0.012393952,0.121666655
asthma_v2_copd_P38COPDPr_301.wav,4,0,2,2,0.03959916,0.32420143,0.5891911,0.01623804,0.03077026
asthma_v2_copd_P38COPDPr_303.wav,4,0,2,2,0.015037178,0.027234167,0.903443,0.009042208,0.045243464
asthma_v2_copd_P3COPDMc_18.wav,4,0,2,0,0.9116642,0.0060783117,0.03474946,0.0016624692,0.0458456
asthma_v2_copd_P3COPDMc_20.wav,4,0,2,0,0.48940465,0.091365695,0.4008167,0.009239849,0.009173081
asthma_v2_copd_P3COPDMc_22.wav,4,0,2,0,0.76332164,0.09057865,0.13826178,0.0026872775,0.0051506623
asthma_v2_copd_P3COPDMc_24.wav,4,0,2,2,0.002610824,0.014752464,0.97646683,0.0017142191,0.004455536
asthma_v2_copd_P3COPDPr_17.wav,4,0,2,0,0.5627494,0.30815062,0.113687925,0.005272956,0.010139158
asthma_v2_copd_P3COPDPr_19.wav,4,0,2,0,0.57336336,0.051607415,0.36144596,0.002952069,0.01063123
asthma_v2_copd_P3COPDPr_21.wav,4,0,2,0,0.58755744,0.053587545,0.34375998,0.00486805,0.010226935
asthma_v2_copd_P3COPDPr_23.wav,4,0,2,0,0.9645576,0.006244369,0.017009858,0.0012615204,0.010926613
asthma_v2_copd_P45COPDMc_354.wav,4,0,2,4,0.04906394,0.0396527,0.39507142,0.040972903,0.47523904
asthma_v2_copd_P45COPDMc_356.wav,4,0,2,2,0.013787592,0.17253865,0.64625925,0.09873346,0.06868099
asthma_v2_copd_P45COPDMc_358.wav,4,0,2,3,0.026697136,0.0063497685,0.024410518,0.61716926,0.32537335
asthma_v2_copd_P45COPDMc_360.wav,4,0,2,4,0.05712221,0.002570368,0.0056536985,0.07767039,0.8569834
asthma_v2_copd_P45COPDPr_353.wav,4,0,2,2,0.12473779,0.04885496,0.43276802,0.018916775,0.37472245
asthma_v2_copd_P45COPDPr_355.wav,4,0,2,2,0.007815071,0.27056912,0.5738712,0.10460349,0.043141186
asthma_v2_copd_P45COPDPr_357.wav,4,0,2,2,0.018143795,0.13901596,0.428577,0.25835648,0.15590677
asthma_v2_copd_P45COPDPr_359.wav,4,0,2,4,0.083177865,0.0029494956,0.010367546,0.0933609,0.81014425
asthma_v2_copd_P50COPDMc_394.wav,4,0,2,2,0.0058531486,0.28048748,0.6795657,0.019598948,0.014494794
asthma_v2_copd_P50COPDMc_396.wav,4,0,2,2,0.0076889987,0.14882219,0.81315637,0.016435673,0.013896787
asthma_v2_copd_P50COPDMc_398.wav,4,0,2,2,0.0072057256,0.20026433,0.77505136,0.006681312,0.010797293
asthma_v2_copd_P50COPDMc_400.wav,4,0,2,2,0.0057243397,0.07577919,0.90495634,0.0072958507,0.0062441714
asthma_v2_copd_P50COPDPr_393.wav,4,0,2,2,0.008172413,0.21507137,0.6994083,0.052331325,0.025016516
asthma_v2_copd_P50COPDPr_395.wav,4,0,2,2,0.02859029,0.06915957,0.76128966,0.01281631,0.12814412
asthma_v2_copd_P50COPDPr_397.wav,4,0,2,2,0.0076995916,0.08528363,0.88843817,0.007858989,0.01071965
asthma_v2_copd_P50COPDPr_399.wav,4,0,2,2,0.0068297205,0.040000062,0.9242648,0.004041733,0.024863757
asthma_v2_copd_P6COPDMc_42.wav,4,0,2,2,0.010534508,0.06007758,0.83270794,0.03845781,0.058222108
asthma_v2_copd_P6COPDMc_44.wav,4,0,2,2,0.024187505,0.013250958,0.80583525,0.016447263,0.14027904
asthma_v2_copd_P6COPDMc_46.wav,4,0,2,2,0.0069330735,0.015695786,0.93573076,0.009536009,0.032104384
asthma_v2_copd_P6COPDMc_48.wav,4,0,2,2,0.021004908,0.015044471,0.6186077,0.0748192,0.27052376
asthma_v2_copd_P6COPDPr_41.wav,4,0,2,2,0.023049954,0.012034536,0.8576484,0.010024496,0.09724262
asthma_v2_copd_P6COPDPr_43.wav,4,0,2,2,0.0031746768,0.016617546,0.9683183,0.0033820842,0.0085074855
asthma_v2_copd_P6COPDPr_45.wav,4,0,2,2,0.00680501,0.014512599,0.9325052,0.010682016,0.03549516
asthma_v2_copd_P6COPDPr_47.wav,4,0,2,3,0.018204676,0.014976756,0.15691918,0.41777036,0.39212903
asthma_v2_healthy_P10Healthy10S.wav,4,0,3,2,0.022550002,0.027835473,0.85484475,0.042542867,0.052226864
asthma_v2_healthy_P10Healthy14S.wav,4,0,3,4,0.022559078,0.0088175265,0.19235584,0.17224304,0.6040245
asthma_v2_healthy_P10Healthy61S.wav,4,0,3,3,0.036368784,0.015843872,0.14869282,0.51920724,0.27988723
asthma_v2_healthy_P10Healthy65S.wav,4,0,3,3,0.016290324,0.00636705,0.039146047,0.7020213,0.23617525
asthma_v2_healthy_P10Healthy93S.wav,4,0,3,3,0.031581517,0.017642062,0.10305547,0.5473753,0.30034557
asthma_v2_healthy_P11Healthy18S.wav,4,0,3,3,0.00250091,0.01788883,0.012114846,0.93140566,0.036089726
asthma_v2_healthy_P11Healthy30S.wav,4,0,3,3,0.0024691343,0.083375655,0.0073509007,0.88740486,0.01939949
asthma_v2_healthy_P11Healthy38S.wav,4,0,3,3,0.0035797623,0.048326124,0.007532326,0.91050756,0.030054254
asthma_v2_healthy_P11Healthy60S.wav,4,0,3,3,0.0042836047,0.0492338,0.023749739,0.8882033,0.03452949
asthma_v2_healthy_P11Healthy73S.wav,4,0,3,3,0.006793403,0.21962194,0.020467928,0.7225033,0.03061336
asthma_v2_healthy_P19Healthy47S.wav,4,0,3,4,0.07407681,0.13894132,0.05250112,0.118644536,0.6158362
asthma_v2_healthy_P19Healthy50S.wav,4,0,3,4,0.014328741,0.0016059439,0.0033853,0.1965676,0.78411245
asthma_v2_healthy_P19Healthy55S.wav,4,0,3,3,0.02036889,0.012226505,0.009061348,0.49239653,0.46594673
asthma_v2_healthy_P19Healthy62S.wav,4,0,3,3,0.012035141,0.0028554588,0.0044595553,0.548009,0.43264082
asthma_v2_healthy_P19Healthy79S.wav,4,0,3,3,0.012293902,0.008988627,0.0032288637,0.82011896,0.15536974
asthma_v2_healthy_P20Healthy25S.wav,4,0,3,4,0.02442965,0.0040230816,0.0032549815,0.3034346,0.6648577
asthma_v2_healthy_P20Healthy31S.wav,4,0,3,3,0.008363469,0.0052406224,0.0019118679,0.83048755,0.15399647
asthma_v2_healthy_P20Healthy59S.wav,4,0,3,4,0.01747688,0.0025512339,0.0031730034,0.30277932,0.6740196
asthma_v2_healthy_P20Healthy70S.wav,4,0,3,4,0.021282285,0.0052907327,0.0029526018,0.42877597,0.54169846
asthma_v2_healthy_P20Healthy84S.wav,4,0,3,4,0.023243409,0.0042183073,0.025404384,0.26385373,0.6832801
asthma_v2_healthy_P4Healthy12S.wav,4,0,3,4,0.038516656,0.019490618,0.15079744,0.16513115,0.6260641
asthma_v2_healthy_P4Healthy22S.wav,4,0,3,1,0.02193951,0.44168523,0.19545439,0.17939104,0.16152978
asthma_v2_healthy_P4Healthy62S.wav,4,0,3,3,0.0027586052,0.1041627,0.061207853,0.82118326,0.010687536
asthma_v2_healthy_P4Healthy69S.wav,4,0,3,2,0.025180802,0.04680043,0.51304746,0.08301252,0.33195874
asthma_v2_healthy_P4Healthy77S.wav,4,0,3,3,0.00062173686,0.089455865,0.005226495,0.89647126,0.008224643
asthma_v2_pneumonia_P12Pneumonia23P.wav,4,0,4,4,0.03029465,0.013501676,0.10202072,0.13125464,0.7229283
asthma_v2_pneumonia_P12Pneumonia44H.wav,4,0,4,4,0.036755957,0.014923601,0.3680539,0.048150662,0.5321159
asthma_v2_pneumonia_P12Pneumonia45B.wav,4,0,4,4,0.028564205,0.028666997,0.21375628,0.037370186,0.69164234
asthma_v2_pneumonia_P12Pneumonia46L.wav,4,0,4,4,0.07161744,0.0013643898,0.004367238,0.07594926,0.8467017
asthma_v2_pneumonia_P12Pneumonia59Q.wav,4,0,4,4,0.05904879,0.022469118,0.22271277,0.11101894,0.58475035
asthma_v2_pneumonia_P12Pneumonia97E.wav,4,0,4,4,0.035778217,0.015955742,0.21591969,0.06581102,0.6665353
asthma_v2_pneumonia_P14Pneumonia19W.wav,4,0,4,4,0.06332085,0.073247485,0.35429114,0.019118482,0.49002197
asthma_v2_pneumonia_P14Pneumonia22X.wav,4,0,4,4,0.014810809,0.0007331155,0.001942245,0.058852397,0.92366153
asthma_v2_pneumonia_P14Pneumonia40M.wav,4,0,4,4,0.013917482,0.0011599521,0.0036443048,0.10700492,0.8742733
asthma_v2_pneumonia_P14Pneumonia62B.wav,4,0,4,4,0.032230888,0.0035117844,0.013203877,0.06382372,0.88722974
asthma_v2_pneumonia_P14Pneumonia73T.wav,4,0,4,4,0.02350431,0.009960317,0.036435902,0.030787267,0.89931214
asthma_v2_pneumonia_P14Pneumonia87C.wav,4,0,4,4,0.02534041,0.010084277,0.035628047,0.019777883,0.90916944
asthma_v2_pneumonia_P15Pneumonia12I.wav,4,0,4,2,0.03673755,0.17310354,0.4579461,0.015460516,0.31675234
asthma_v2_pneumonia_P15Pneumonia16R.wav,4,0,4,4,0.03778298,0.045855563,0.39897946,0.014466335,0.50291574
asthma_v2_pneumonia_P15Pneumonia39Y.wav,4,0,4,4,0.01449229,0.0007989279,0.0017942918,0.07387428,0.90904015
asthma_v2_pneumonia_P15Pneumonia56Z.wav,4,0,4,4,0.019734241,0.025413308,0.08921496,0.02942089,0.8362166
asthma_v2_pneumonia_P15Pneumonia58S.wav,4,0,4,4,0.033139408,0.0071824114,0.0065745064,0.4195349,0.5335688
asthma_v2_pneumonia_P15Pneumonia81V.wav,4,0,4,4,0.037077785,0.0057815923,0.0077197365,0.15226844,0.7971524
asthma_v2_pneumonia_P25Pneumonia11Z.wav,4,0,4,3,0.008492705,0.12716568,0.053650152,0.7195108,0.09118062
asthma_v2_pneumonia_P25Pneumonia16B.wav,4,0,4,4,0.021709528,0.0037902826,0.008153573,0.11759306,0.84875363
asthma_v2_pneumonia_P25Pneumonia30I.wav,4,0,4,3,0.0057673156,0.012416673,0.007892604,0.8582539,0.11566952
asthma_v2_pneumonia_P25Pneumonia42V.wav,4,0,4,3,0.006422619,0.0024405052,0.005103821,0.8998738,0.08615932
asthma_v2_pneumonia_P25Pneumonia93N.wav,4,0,4,4,0.0111801615,0.0016038752,0.005268791,0.35680544,0.62514174
asthma_v2_pneumonia_P25Pneumonia97D.wav,4,0,4,3,0.029271577,0.097914435,0.041289557,0.6560281,0.17549641
asthma_v2_pneumonia_P34Pneumonia15R.wav,4,0,4,4,0.0151835615,0.0014742124,0.0019195117,0.091087855,0.89033496
asthma_v2_pneumonia_P34Pneumonia36H.wav,4,0,4,4,0.023625603,0.0013498091,0.011038922,0.05267726,0.91130847
asthma_v2_pneumonia_P34Pneumonia61E.wav,4,0,4,4,0.015864763,0.0010538877,0.0057408772,0.07422191,0.9031186
asthma_v2_pneumonia_P34Pneumonia66M.wav,4,0,4,4,0.02124186,0.0034495245,0.0054889224,0.15789194,0.8119277
asthma_v2_pneumonia_P34Pneumonia77O.wav,4,0,4,4,0.0154246045,0.0018681443,0.0023597095,0.14789712,0.83245045
asthma_v2_pneumonia_P34Pneumonia99G.wav,4,0,4,4,0.014319823,0.0016369502,0.0025271361,0.2000582,0.7814579
asthma_v2_pneumonia_P37Pneumonia44I.wav,4,0,4,0,0.9147818,0.056887455,0.0040694284,0.0017305431,0.02253066
asthma_v2_pneumonia_P37Pneumonia73K.wav,4,0,4,1,0.41130963,0.54254246,0.009709525,0.0076879156,0.02875046
asthma_v2_pneumonia_P37Pneumonia73X.wav,4,0,4,0,0.7742729,0.111660995,0.005488817,0.012875304,0.09570203
asthma_v2_pneumonia_P37Pneumonia83S.wav,4,0,4,4,0.4020374,0.027550252,0.0021818166,0.034820694,0.5334098
asthma_v2_pneumonia_P37Pneumonia84E.wav,4,0,4,0,0.7652259,0.06552055,0.0023653517,0.008269788,0.15861845
asthma_v2_pneumonia_P37Pneumonia95J.wav,4,0,4,0,0.8603576,0.01284287,0.00265303,0.0040403367,0.12010621
asthma_v2_pneumonia_P3Pneumonia41L.wav,4,0,4,4,0.014656523,0.0010478357,0.00447428,0.04265853,0.9371627
asthma_v2_pneumonia_P3Pneumonia54K.wav,4,0,4,4,0.028592074,0.0014589899,0.0057384283,0.06436433,0.89984614
asthma_v2_pneumonia_P3Pneumonia61R.wav,4,0,4,4,0.025902987,0.004844171,0.07379911,0.13898705,0.7564667
asthma_v2_pneumonia_P3Pneumonia74F.wav,4,0,4,4,0.0125964945,0.001315178,0.009565577,0.06171787,0.91480476
asthma_v2_pneumonia_P3Pneumonia75Z.wav,4,0,4,4,0.02608762,0.009809731,0.26320854,0.14453687,0.5563573
asthma_v2_pneumonia_P3Pneumonia96L.wav,4,0,4,4,0.013958115,0.0010778097,0.0022070932,0.047130052,0.935627
asthma_v2_pneumonia_P40Pneumonia18H.wav,4,0,4,0,0.6425573,0.14955333,0.04456989,0.0027683512,0.16055115
asthma_v2_pneumonia_P40Pneumonia32Q.wav,4,0,4,4,0.076728344,0.009811999,0.04462294,0.0648005,0.8040362
asthma_v2_pneumonia_P40Pneumonia69N.wav,4,0,4,0,0.670188,0.0737514,0.0502367,0.003963425,0.20186037
asthma_v2_pneumonia_P40Pneumonia90Y.wav,4,0,4,1,0.40929902,0.41051888,0.05855393,0.0034567472,0.11817143
asthma_v2_pneumonia_P40Pneumonia91V.wav,4,0,4,0,0.67902637,0.043334123,0.0832486,0.014619796,0.17977114
asthma_v2_pneumonia_P40Pneumonia92J.wav,4,0,4,0,0.9121518,0.037482154,0.011671629,0.0029370862,0.035757307
asthma_v2_pneumonia_P7Pneumonia22C.wav,4,0,4,2,0.03660372,0.0132704,0.55741316,0.009756245,0.38295645
asthma_v2_pneumonia_P7Pneumonia22X.wav,4,0,4,2,0.0241538,0.021677934,0.5567796,0.077064246,0.32032442
asthma_v2_pneumonia_P7Pneumonia34I.wav,4,0,4,4,0.015225522,0.0068456363,0.035968587,0.12132875,0.82063156
asthma_v2_pneumonia_P7Pneumonia61Q.wav,4,0,4,4,0.021527236,0.0039692256,0.06828489,0.09107965,0.81513894
asthma_v2_pneumonia_P7Pneumonia62G.wav,4,0,4,4,0.031155588,0.0069786967,0.3237057,0.01799438,0.6201656
asthma_v2_pneumonia_P7Pneumonia76F.wav,4,0,4,4,0.021446135,0.0018345547,0.031915314,0.07838147,0.8664225
asthma_v2_pneumonia_P9Pneumonia31T.wav,4,0,4,4,0.037956584,0.0015950343,0.0066415914,0.047373094,0.9064337
asthma_v2_pneumonia_P9Pneumonia63O.wav,4,0,4,4,0.014148986,0.0015513011,0.00467393,0.14008003,0.8395458
asthma_v2_pneumonia_P9Pneumonia67I.wav,4,0,4,4,0.059837345,0.0026859806,0.011405722,0.028075172,0.89799577
asthma_v2_pneumonia_P9Pneumonia73J.wav,4,0,4,4,0.050748672,0.004548834,0.0060926666,0.30890915,0.62970066
asthma_v2_pneumonia_P9Pneumonia74S.wav,4,0,4,4,0.043268856,0.0061066803,0.020440076,0.23125081,0.6989336
asthma_v2_pneumonia_P9Pneumonia74V.wav,4,0,4,4,0.027433628,0.0020964844,0.0050690165,0.19959402,0.76580685
asthma_v2_Bronchial_P10BronchialSc_46.wav,4,1,1,2,0.012955607,0.31785533,0.60824645,0.048467003,0.012475618
asthma_v2_Bronchial_P10BronchialSc_48.wav,4,1,1,1,0.007857331,0.6155368,0.28659686,0.0803411,0.009667946
asthma_v2_Bronchial_P10BronchialSc_50.wav,4,1,1,1,0.002537815,0.92408717,0.055025946,0.016120123,0.0022290067
asthma_v2_Bronchial_P10BronchialTc_47.wav,4,1,1,1,0.0097211385,0.49962923,0.45384717,0.02755857,0.009243872
asthma_v2_Bronchial_P10BronchialTc_49.wav,4,1,1,1,0.002884553,0.9159794,0.06679572,0.012014742,0.002325526
asthma_v2_Bronchial_P20BronchialSc_100.wav,4,1,1,1,0.0056288685,0.83825207,0.077608876,0.06527994,0.013230272
asthma_v2_Bronchial_P20BronchialSc_96.wav,4,1,1,1,0.00453385,0.81806886,0.0563602,0.10859186,0.012445232
asthma_v2_Bronchial_P20BronchialSc_98.wav,4,1,1,1,0.0044626216,0.88171536,0.063124605,0.042031743,0.0086657405
asthma_v2_Bronchial_P20BronchialTc_97.wav,4,1,1,1,0.0019268831,0.92289066,0.02935206,0.040728077,0.005102291
asthma_v2_Bronchial_P20BronchialTc_99.wav,4,1,1,1,0.0033473086,0.74057555,0.02753362,0.21587315,0.012670339
asthma_v2_Bronchial_P2BronchialSc_10.wav,4,1,1,1,0.0100667225,0.5026749,0.3743057,0.102660656,0.010292019
asthma_v2_Bronchial_P2BronchialSc_6.wav,4,1,1,1,0.0025378377,0.7974022,0.10403489,0.09304689,0.0029781556
asthma_v2_Bronchial_P2BronchialSc_8.wav,4,1,1,2,0.016408531,0.33754605,0.4903829,0.107261725,0.04840083
asthma_v2_Bronchial_P2BronchialTc_7.wav,4,1,1,1,0.009253688,0.45336872,0.4530901,0.064621665,0.01966583
asthma_v2_Bronchial_P2BronchialTc_9.wav,4,1,1,1,0.008345086,0.62336206,0.28544155,0.068857126,0.013994152
asthma_v2_Bronchial_P5BronchialSc_22.wav,4,1,1,1,0.004957716,0.678706,0.26860496,0.04240877,0.005322578
asthma_v2_Bronchial_P5BronchialSc_24.wav,4,1,1,1,0.0069638733,0.56882817,0.32880428,0.08496417,0.010439562
asthma_v2_Bronchial_P5BronchialTc_21.wav,4,1,1,2,0.012304132,0.40165624,0.50693816,0.06481012,0.014291417
asthma_v2_Bronchial_P5BronchialTc_23.wav,4,1,1,1,0.006845545,0.57397455,0.36357152,0.04509889,0.010509452
asthma_v2_Bronchial_P5BronchialTc_25.wav,4,1,1,1,0.0058727823,0.6540849,0.2938021,0.040475085,0.005765042
asthma_v2_asthma_P14WheezingIE_69.wav,4,1,0,0,0.65640616,0.23643127,0.044143107,0.022360787,0.04065869
asthma_v2_asthma_P14WheezingIU_66.wav,4,1,0,0,0.8156135,0.090743676,0.049594957,0.011120719,0.032927077
asthma_v2_asthma_P14WheezingIU_70.wav,4,1,0,0,0.82455236,0.07158323,0.031328958,0.014966625,0.05756889
asthma_v2_asthma_P14WheezingRL_67.wav,4,1,0,0,0.6109084,0.22075197,0.03851316,0.07049322,0.059333295
asthma_v2_asthma_P14WheezingRS_68.wav,4,1,0,0,0.72075945,0.16161217,0.044495024,0.019658884,0.053474557
asthma_v2_asthma_P16WheezingIE_77.wav,4,1,0,0,0.69704163,0.13547388,0.07480381,0.036500916,0.056179732
asthma_v2_asthma_P16WheezingIU_78.wav,4,1,0,0,0.7916359,0.11196726,0.037072897,0.022033338,0.03729065
asthma_v2_asthma_P16WheezingRL_79.wav,4,1,0,0,0.7750634,0.113191016,0.052739788,0.01803948,0.040966358
asthma_v2_asthma_P16WheezingRS_76.wav,4,1,0,0,0.6885648,0.19887413,0.062771596,0.01486851,0.034920983
asthma_v2_asthma_P16WheezingRS_80.wav,4,1,0,0,0.7854926,0.11695705,0.041111726,0.020573508,0.035865184
asthma_v2_asthma_P20WheezingIE_97.wav,4,1,0,0,0.742261,0.11201208,0.062173083,0.013001568,0.07055225
asthma_v2_asthma_P20WheezingIU_98.wav,4,1,0,0,0.8415964,0.066195905,0.054864638,0.007162422,0.030180633
asthma_v2_asthma_P20WheezingRL_99.wav,4,1,0,0,0.7929684,0.119406834,0.051263817,0.009426755,0.026934175
asthma_v2_asthma_P20WheezingRS_100.wav,4,1,0,0,0.82192004,0.0832801,0.05618912,0.006463108,0.03214766
asthma_v2_asthma_P20WheezingRS_96.wav,4,1,0,0,0.8230007,0.06243011,0.06642348,0.0036048382,0.044540893
asthma_v2_asthma_P24WheezingIE_117.wav,4,1,0,0,0.8074064,0.07973173,0.066780284,0.004287494,0.041794013
asthma_v2_asthma_P24WheezingIU_118.wav,4,1,0,0,0.8399119,0.06447646,0.055974796,0.0074972226,0.03213974
asthma_v2_asthma_P24WheezingRL_119.wav,4,1,0,0,0.84149706,0.05465461,0.05603306,0.00485758,0.0429577
asthma_v2_asthma_P24WheezingRS_116.wav,4,1,0,0,0.8399825,0.042329405,0.04689658,0.0073077204,0.06348379
asthma_v2_asthma_P24WheezingRS_120.wav,4,1,0,0,0.75427896,0.09882068,0.10767768,0.004230609,0.034992043
asthma_v2_asthma_P28WheezingIE_137.wav,4,1,0,0,0.73749876,0.13037637,0.0985014,0.007760254,0.025863172
asthma_v2_asthma_P28WheezingIU_138.wav,4,1,0,0,0.6816668,0.120843366,0.14106303,0.024825308,0.031601503
asthma_v2_asthma_P28WheezingRL_139.wav,4,1,0,0,0.50425947,0.32567322,0.12623361,0.005779864,0.03805385
asthma_v2_asthma_P28WheezingRS_136.wav,4,1,0,0,0.8640692,0.04666788,0.04885029,0.0067341924,0.03367844
asthma_v2_asthma_P28WheezingRS_140.wav,4,1,0,0,0.7203686,0.15971579,0.08324307,0.009191963,0.027480526
asthma_v2_asthma_P38WheezingIE_189.wav,4,1,0,0,0.39505675,0.17711776,0.36393726,0.020915028,0.04297312
asthma_v2_asthma_P38WheezingIU_186.wav,4,1,0,2,0.37878504,0.1311314,0.40419963,0.030668505,0.05521541
asthma_v2_asthma_P38WheezingIU_190.wav,4,1,0,2,0.36911762,0.084311165,0.43390518,0.021691395,0.09097464
asthma_v2_asthma_P38WheezingRL_187.wav,4,1,0,0,0.48866096,0.10814828,0.34246454,0.009666923,0.051059246
asthma_v2_asthma_P38WheezingRS_188.wav,4,1,0,0,0.36518174,0.042098872,0.33133265,0.044829063,0.21655771
asthma_v2_asthma_P39WheezingIE_193.wav,4,1,0,0,0.46481395,0.13433759,0.36110753,0.006461601,0.03327934
asthma_v2_asthma_P39WheezingIU_194.wav,4,1,0,2,0.32259902,0.16163461,0.45243055,0.006122459,0.05721331
asthma_v2_asthma_P39WheezingRL_191.wav,4,1,0,0,0.63475806,0.10066893,0.21584441,0.0052607306,0.043467946
asthma_v2_asthma_P39WheezingRL_195.wav,4,1,0,0,0.4349804,0.1245496,0.38770473,0.00996949,0.042795792
asthma_v2_asthma_P39WheezingRS_192.wav,4,1,0,0,0.61521673,0.13398336,0.21214038,0.004457055,0.034202497
asthma_v2_asthma_P41WheezingIE_201.wav,4,1,0,0,0.7841987,0.0464525,0.10699701,0.0060373787,0.056314383
asthma_v2_asthma_P41WheezingIE_205.wav,4,1,0,0,0.7308679,0.062215827,0.15747295,0.0054866895,0.04395671
asthma_v2_asthma_P41WheezingIU_202.wav,4,1,0,0,0.75024575,0.033372916,0.12467273,0.011230898,0.08047766
asthma_v2_asthma_P41WheezingRL_203.wav,4,1,0,0,0.75523764,0.07342676,0.120615855,0.006943218,0.043776456
asthma_v2_asthma_P41WheezingRS_204.wav,4,1,0,0,0.52050966,0.081611276,0.3522334,0.010068979,0.035576664
asthma_v2_asthma_P45WheezingIE_221.wav,4,1,0,2,0.29047024,0.094641134,0.5650073,0.009894281,0.039986987
asthma_v2_asthma_P45WheezingIE_225.wav,4,1,0,0,0.6880351,0.06769525,0.17579354,0.011095034,0.057381038
asthma_v2_asthma_P45WheezingIU_222.wav,4,1,0,0,0.6935454,0.08014724,0.17393866,0.007300367,0.045068376
asthma_v2_asthma_P45WheezingRL_223.wav,4,1,0,0,0.52087826,0.06758313,0.35902438,0.008273356,0.04424088
asthma_v2_asthma_P45WheezingRS_224.wav,4,1,0,0,0.52638036,0.104451396,0.3248665,0.0068579293,0.037443794
asthma_v2_asthma_P53WheezingIE_261.wav,4,1,0,0,0.6467015,0.2593508,0.03805856,0.020571642,0.03531743
asthma_v2_asthma_P53WheezingIE_265.wav,4,1,0,3,0.009275426,0.12310267,0.039917223,0.7106269,0.11707776
asthma_v2_asthma_P53WheezingIU_262.wav,4,1,0,0,0.7532616,0.13372318,0.060904913,0.019355025,0.032755237
asthma_v2_asthma_P53WheezingRL_263.wav,4,1,0,4,0.14481807,0.025797274,0.20170109,0.19845377,0.42922986
asthma_v2_asthma_P53WheezingRS_264.wav,4,1,0,4,0.029204967,0.053236768,0.06832709,0.26924935,0.5799818
asthma_v2_asthma_P55WheezingIE_273.wav,4,1,0,3,0.054127477,0.027202468,0.031512666,0.5794529,0.3077045
asthma_v2_asthma_P55WheezingIU_274.wav,4,1,0,3,0.040336512,0.014776425,0.015821738,0.6374556,0.29160973
asthma_v2_asthma_P55WheezingRL_271.wav,4,1,0,3,0.036740273,0.036745746,0.024589228,0.636324,0.26560086
asthma_v2_asthma_P55WheezingRL_275.wav,4,1,0,4,0.14615487,0.07446833,0.23685268,0.15749355,0.3850306
asthma_v2_asthma_P55WheezingRS_272.wav,4,1,0,4,0.14202558,0.10319304,0.16646789,0.113076515,0.475237
asthma_v2_asthma_P7AsthmaIE_33.wav,4,1,0,0,0.6415946,0.071371496,0.0865935,0.034173746,0.1662667
asthma_v2_asthma_P7AsthmaIU_34.wav,4,1,0,0,0.7579046,0.13256095,0.058201976,0.014510001,0.036822397
asthma_v2_asthma_P7AsthmaRL_31.wav,4,1,0,0,0.7290382,0.16028963,0.06450851,0.012591665,0.033571962
asthma_v2_asthma_P7AsthmaRL_35.wav,4,1,0,0,0.74487513,0.1478214,0.056425817,0.012158993,0.03871872
asthma_v2_asthma_P7AsthmaRS_32.wav,4,1,0,0,0.7330062,0.16268647,0.058693454,0.0123823155,0.03323157
asthma_v2_asthma_P8AsthmaIE_37.wav,4,1,0,0,0.8006944,0.107226886,0.030528504,0.016989881,0.044560287
asthma_v2_asthma_P8AsthmaIU_38.wav,4,1,0,0,0.62099457,0.25430977,0.032749165,0.04258338,0.049363125
asthma_v2_asthma_P8AsthmaRL_39.wav,4,1,0,0,0.77952397,0.114965886,0.057843402,0.011454469,0.03621222
asthma_v2_asthma_P8AsthmaRS_36.wav,4,1,0,0,0.78942597,0.098406225,0.042077117,0.028883243,0.04120744
asthma_v2_asthma_P8AsthmaRS_40.wav,4,1,0,0,0.77240264,0.13119651,0.046319503,0.012705627,0.03737567
asthma_v2_copd_P14COPDMc_106.wav,4,1,2,1,0.00812102,0.7267476,0.19778495,0.05425553,0.013090922
asthma_v2_copd_P14COPDMc_108.wav,4,1,2,0,0.48896345,0.070246816,0.28225484,0.01292683,0.14560811
asthma_v2_copd_P14COPDMc_110.wav,4,1,2,2,0.35794964,0.13806202,0.42886874,0.010778759,0.06434077
asthma_v2_copd_P14COPDMc_112.wav,4,1,2,0,0.5061593,0.13044558,0.32290038,0.007738113,0.0327566
asthma_v2_copd_P14COPDPr_105.wav,4,1,2,2,0.020637434,0.3989735,0.46040118,0.07854772,0.041440155
asthma_v2_copd_P14COPDPr_107.wav,4,1,2,0,0.6789933,0.09673665,0.1652675,0.0058828495,0.053119794
asthma_v2_copd_P14COPDPr_109.wav,4,1,2,2,0.295857,0.11746307,0.4655399,0.028750721,0.092389315
asthma_v2_copd_P14COPDPr_111.wav,4,1,2,0,0.62641454,0.061948013,0.20466162,0.008256733,0.0987191
asthma_v2_copd_P16COPDMc_122.wav,4,1,2,2,0.014704046,0.059274558,0.89545137,0.014156476,0.016413484
asthma_v2_copd_P16COPDMc_124.wav,4,1,2,2,0.013622364,0.04538147,0.90910125,0.015492586,0.01640239
asthma_v2_copd_P16COPDMc_126.wav,4,1,2,2,0.01890642,0.03784959,0.91149163,0.012022496,0.019729843
asthma_v2_copd_P16COPDMc_128.wav,4,1,2,2,0.027405191,0.031036321,0.8981304,0.015687935,0.02774021
asthma_v2_copd_P16COPDPr_121.wav,4,1,2,2,0.022231065,0.039670415,0.8942403,0.018670524,0.025187744
asthma_v2_copd_P16COPDPr_123.wav,4,1,2,2,0.025914762,0.043519657,0.89465123,0.013298817,0.022615472
asthma_v2_copd_P16COPDPr_125.wav,4,1,2,2,0.02151335,0.03700738,0.8961532,0.015365669,0.029960377
asthma_v2_copd_P16COPDPr_127.wav,4,1,2,2,0.021297432,0.03982158,0.9048133,0.012777338,0.021290403
asthma_v2_copd_P20COPDMc_154.wav,4,1,2,1,0.0072587435,0.63870245,0.31524858,0.031149853,0.00764039
asthma_v2_copd_P20COPDMc_156.wav,4,1,2,2,0.027729696,0.36303556,0.51390547,0.06681322,0.028516082
asthma_v2_copd_P20COPDMc_158.wav,4,1,2,2,0.021617923,0.16474617,0.719378,0.07132381,0.022934165
asthma_v2_copd_P20COPDMc_160.wav,4,1,2,2,0.016185252,0.15824744,0.5948727,0.20213571,0.028558873
asthma_v2_copd_P20COPDPr_153.wav,4,1,2,2,0.011724848,0.44361925,0.4716448,0.0578115,0.015199601
asthma_v2_copd_P20COPDPr_155.wav,4,1,2,2,0.042245764,0.1296497,0.77163595,0.01980164,0.03666698
asthma_v2_copd_P20COPDPr_157.wav,4,1,2,2,0.04334999,0.1589304,0.68727225,0.04756303,0.062884286
asthma_v2_copd_P20COPDPr_159.wav,4,1,2,2,0.019926647,0.19216412,0.6183559,0.14666416,0.02288925
asthma_v2_copd_P21COPDMc_162.wav,4,1,2,1,0.010078203,0.46462595,0.38668376,0.12455726,0.014054849
asthma_v2_copd_P21COPDMc_164.wav,4,1,2,1,0.02364477,0.4842659,0.30826735,0.115708895,0.06811313
asthma_v2_copd_P21COPDMc_166.wav,4,1,2,2,0.029174,0.3474373,0.5165461,0.041927017,0.064915605
asthma_v2_copd_P21COPDMc_168.wav,4,1,2,3,0.029950015,0.09943047,0.2653455,0.41062483,0.19464912
asthma_v2_copd_P21COPDPr_161.wav,4,1,2,1,0.006415011,0.616131,0.32356963,0.047199305,0.006685076
asthma_v2_copd_P21COPDPr_163.wav,4,1,2,2,0.012107857,0.34783337,0.5580018,0.06472851,0.017328378
asthma_v2_copd_P21COPDPr_165.wav,4,1,2,2,0.045070596,0.32702395,0.46191686,0.072257675,0.09373084
asthma_v2_copd_P21COPDPr_167.wav,4,1,2,2,0.01905262,0.21441084,0.5807187,0.14667922,0.039138615
asthma_v2_copd_P29COPDMc_226.wav,4,1,2,2,0.010749183,0.21352775,0.72910327,0.033034883,0.013584958
asthma_v2_copd_P29COPDMc_228.wav,4,1,2,2,0.015410231,0.12854226,0.80204535,0.037242595,0.01675965
asthma_v2_copd_P29COPDMc_230.wav,4,1,2,2,0.014772519,0.15788403,0.78194743,0.029709991,0.015686007
asthma_v2_copd_P29COPDMc_232.wav,4,1,2,2,0.026536444,0.10392058,0.75251687,0.087455444,0.029570593
asthma_v2_copd_P29COPDPr_225.wav,4,1,2,2,0.011494106,0.29910904,0.6427635,0.03455329,0.01208006
asthma_v2_copd_P29COPDPr_227.wav,4,1,2,2,0.010288783,0.22303711,0.72497547,0.03108059,0.010618023
asthma_v2_copd_P29COPDPr_229.wav,4,1,2,2,0.016105607,0.1471035,0.7494326,0.07086209,0.016496208
asthma_v2_copd_P29COPDPr_231.wav,4,1,2,2,0.013913059,0.17440982,0.773097,0.023461057,0.015119155
asthma_v2_copd_P35COPDMc_274.wav,4,1,2,2,0.010466115,0.43833286,0.49697712,0.038834468,0.015389379
asthma_v2_copd_P35COPDMc_276.wav,4,1,2,1,0.008176615,0.5686139,0.38396347,0.032436468,0.0068095783
asthma_v2_copd_P35COPDMc_278.wav,4,1,2,1,0.007671862,0.55515325,0.3629539,0.0657046,0.008516413
asthma_v2_copd_P35COPDMc_280.wav,4,1,2,2,0.011683048,0.06759898,0.71872294,0.17969988,0.022295132
asthma_v2_copd_P35COPDPr_273.wav,4,1,2,2,0.015005517,0.1345602,0.8067318,0.024389764,0.019312702
asthma_v2_copd_P35COPDPr_275.wav,4,1,2,2,0.01654162,0.16834617,0.7674954,0.023592267,0.024024528
asthma_v2_copd_P35COPDPr_277.wav,4,1,2,1,0.0045375386,0.73535234,0.18741038,0.06475066,0.00794912
asthma_v2_copd_P35COPDPr_279.wav,4,1,2,2,0.011370785,0.07223825,0.7802251,0.12055091,0.015615003
asthma_v2_copd_P37COPDMc_290.wav,4,1,2,1,0.0047924933,0.7165271,0.2586034,0.014705954,0.0053710914
asthma_v2_copd_P37COPDMc_292.wav,4,1,2,2,0.027297957,0.29878536,0.61475873,0.04643146,0.0127264485
asthma_v2_copd_P37COPDMc_294.wav,4,1,2,2,0.014184479,0.11226029,0.809083,0.055504393,0.008967847
asthma_v2_copd_P37COPDMc_296.wav,4,1,2,2,0.019048315,0.13778235,0.7851517,0.043327365,0.014690276
asthma_v2_copd_P37COPDPr_289.wav,4,1,2,1,0.005673875,0.73988694,0.229541,0.019639606,0.0052585406
asthma_v2_copd_P37COPDPr_291.wav,4,1,2,2,0.013651227,0.16395941,0.75124305,0.0590844,0.012061898
asthma_v2_copd_P37COPDPr_293.wav,4,1,2,2,0.01940835,0.2625949,0.62919545,0.07332183,0.015479446
asthma_v2_copd_P37COPDPr_295.wav,4,1,2,2,0.02479086,0.20160991,0.73482656,0.02603676,0.012735895
asthma_v2_copd_P39COPDMc_306.wav,4,1,2,2,0.019369496,0.23877709,0.68776464,0.032877363,0.021211417
asthma_v2_copd_P39COPDMc_308.wav,4,1,2,1,0.006114914,0.7411413,0.23067233,0.014037376,0.008034024
asthma_v2_copd_P39COPDMc_310.wav,4,1,2,1,0.0028949114,0.87709075,0.09644226,0.020161893,0.0034101561
asthma_v2_copd_P39COPDMc_312.wav,4,1,2,2,0.011124064,0.3160852,0.6482592,0.015196111,0.009335404
asthma_v2_copd_P39COPDPr_305.wav,4,1,2,2,0.014241374,0.06122036,0.62725663,0.25913158,0.038150012
asthma_v2_copd_P39COPDPr_307.wav,4,1,2,1,0.00817921,0.72875446,0.23366596,0.019261964,0.010138414
asthma_v2_copd_P39COPDPr_309.wav,4,1,2,2,0.01693286,0.3252259,0.59967184,0.041841805,0.016327668
asthma_v2_copd_P39COPDPr_311.wav,4,1,2,1,0.0026739985,0.9052338,0.07747272,0.012038217,0.0025812266
asthma_v2_copd_P43COPDMc_338.wav,4,1,2,1,0.0074272347,0.6612383,0.24219917,0.08226111,0.0068741213
asthma_v2_copd_P43COPDMc_340.wav,4,1,2,2,0.015873529,0.15871485,0.6273963,0.10338198,0.09463336
asthma_v2_copd_P43COPDMc_342.wav,4,1,2,2,0.02157495,0.111071475,0.5968412,0.06792226,0.20259012
asthma_v2_copd_P43COPDMc_344.wav,4,1,2,2,0.01085106,0.23974815,0.7114125,0.019480655,0.018507697
asthma_v2_copd_P43COPDPr_337.wav,4,1,2,2,0.01600273,0.3764042,0.5454589,0.050311405,0.011822811
asthma_v2_copd_P43COPDPr_339.wav,4,1,2,2,0.028703105,0.22270879,0.44655463,0.25474116,0.047292326
asthma_v2_copd_P43COPDPr_341.wav,4,1,2,2,0.038565453,0.06601226,0.57742095,0.14869064,0.16931069
asthma_v2_copd_P43COPDPr_343.wav,4,1,2,2,0.011177214,0.41991994,0.52939326,0.023006782,0.016502814
asthma_v2_copd_P49COPDMc_386.wav,4,1,2,2,0.009916188,0.34214854,0.6142234,0.02462191,0.009089874
asthma_v2_copd_P49COPDMc_388.wav,4,1,2,2,0.014201161,0.25523567,0.693914,0.023267796,0.01338143
asthma_v2_copd_P49COPDMc_390.wav,4,1,2,2,0.010413721,0.37982512,0.5738712,0.025921531,0.009968463
asthma_v2_copd_P49COPDMc_392.wav,4,1,2,2,0.017846938,0.15215416,0.45376468,0.3270132,0.049221035
asthma_v2_copd_P49COPDPr_385.wav,4,1,2,2,0.010393433,0.1884265,0.77581054,0.015270633,0.010098965
asthma_v2_copd_P49COPDPr_387.wav,4,1,2,2,0.009952925,0.28284517,0.6686782,0.028454337,0.010069286
asthma_v2_copd_P49COPDPr_389.wav,4,1,2,2,0.009427677,0.16408594,0.80425227,0.014218752,0.008015351
asthma_v2_copd_P49COPDPr_391.wav,4,1,2,2,0.01104303,0.32921836,0.5951629,0.053595997,0.010979683
asthma_v2_copd_P9COPDMc_66.wav,4,1,2,2,0.02440578,0.04214813,0.88703233,0.012724941,0.033688843
asthma_v2_copd_P9COPDMc_68.wav,4,1,2,2,0.017164556,0.07517765,0.87668294,0.015653756,0.015321155
asthma_v2_copd_P9COPDMc_70.wav,4,1,2,2,0.015608495,0.04741542,0.9050285,0.01174908,0.020198463
asthma_v2_copd_P9COPDMc_72.wav,4,1,2,2,0.021145679,0.034549948,0.9127534,0.011621994,0.019928904
asthma_v2_copd_P9COPDPr_65.wav,4,1,2,2,0.030119741,0.030876398,0.8912805,0.017136108,0.030587252
asthma_v2_copd_P9COPDPr_67.wav,4,1,2,2,0.10871069,0.052008715,0.7312141,0.026261635,0.08180485
asthma_v2_copd_P9COPDPr_69.wav,4,1,2,2,0.02086594,0.03870036,0.9113994,0.01087295,0.018161299
asthma_v2_copd_P9COPDPr_71.wav,4,1,2,2,0.032368064,0.037569705,0.88193876,0.01385532,0.034268107
asthma_v2_healthy_P26Healthy22S.wav,4,1,3,4,0.075269915,0.058595654,0.0861748,0.31349596,0.46646366
asthma_v2_healthy_P26Healthy32S.wav,4,1,3,4,0.183601,0.047690798,0.25968462,0.17186542,0.33715817
asthma_v2_healthy_P26Healthy46S.wav,4,1,3,4,0.16974698,0.028758029,0.06626133,0.20439628,0.53083736
asthma_v2_healthy_P26Healthy48S.wav,4,1,3,3,0.04322394,0.052945666,0.04164717,0.50754726,0.354636
asthma_v2_healthy_P26Healthy76S.wav,4,1,3,4,0.03764639,0.029717335,0.028728953,0.3934822,0.51042503
asthma_v2_healthy_P27Healthy30S.wav,4,1,3,3,0.019077005,0.020301927,0.010417485,0.5868451,0.36335847
asthma_v2_healthy_P27Healthy73S.wav,4,1,3,3,0.030147118,0.041975886,0.02100874,0.46076944,0.44609883
asthma_v2_healthy_P27Healthy92S.wav,4,1,3,3,0.039349254,0.015687793,0.014643934,0.5506452,0.37967387
asthma_v2_healthy_P2Healthy30S.wav,4,1,3,4,0.07826113,0.03623946,0.051012672,0.3749881,0.45949867
asthma_v2_healthy_P2Healthy43S.wav,4,1,3,1,0.008994954,0.44078568,0.14317271,0.34372476,0.06332198
asthma_v2_healthy_P2Healthy54S.wav,4,1,3,1,0.007520313,0.37890896,0.28903714,0.29600936,0.028524172
asthma_v2_healthy_P2Healthy72S.wav,4,1,3,4,0.11007995,0.039244402,0.091374785,0.33505693,0.42424396
asthma_v2_healthy_P2Healthy89S.wav,4,1,3,4,0.05697182,0.020541253,0.028012956,0.40375763,0.49071625
asthma_v2_healthy_P8Healthy33S.wav,4,1,3,3,0.012018152,0.28696653,0.1112751,0.4969554,0.09278478
asthma_v2_healthy_P8Healthy35S.wav,4,1,3,4,0.06325903,0.059333745,0.105611846,0.3475313,0.42426407
asthma_v2_healthy_P8Healthy48S.wav,4,1,3,3,0.010321572,0.10902305,0.113810375,0.67915297,0.087692045
asthma_v2_healthy_P8Healthy70S.wav,4,1,3,1,0.011458163,0.6421192,0.20658927,0.120858125,0.018975237
asthma_v2_healthy_P8Healthy82S.wav,4,1,3,1,0.012832849,0.42380884,0.19807513,0.32254547,0.042737678
asthma_v2_pneumonia_P10Pneumonia52A.wav,4,1,4,1,0.016246578,0.62559813,0.27760547,0.048794586,0.031755198
asthma_v2_pneumonia_P10Pneumonia73G.wav,4,1,4,2,0.022425456,0.43678108,0.46823856,0.031520072,0.04103482
asthma_v2_pneumonia_P10Pneumonia80J.wav,4,1,4,2,0.034295313,0.31489843,0.40049094,0.11397352,0.13634181
asthma_v2_pneumonia_P10Pneumonia88R.wav,4,1,4,4,0.090781696,0.013990061,0.04733188,0.3657768,0.48211953
asthma_v2_pneumonia_P10Pneumonia93W.wav,4,1,4,3,0.037073802,0.06764803,0.14865386,0.511005,0.23561925
asthma_v2_pneumonia_P10Pneumonia97B.wav,4,1,4,2,0.038863417,0.18392356,0.6781538,0.042480815,0.056578413
asthma_v2_pneumonia_P18Pneumonia15Q.wav,4,1,4,4,0.029585075,0.05234566,0.026085937,0.33391285,0.5580705
asthma_v2_pneumonia_P18Pneumonia16E.wav,4,1,4,4,0.037509687,0.03880308,0.01619641,0.32954168,0.5779491
asthma_v2_pneumonia_P18Pneumonia23E.wav,4,1,4,4,0.03039395,0.011369489,0.008604476,0.46564528,0.48398682
asthma_v2_pneumonia_P18Pneumonia50S.wav,4,1,4,4,0.034844268,0.052130688,0.029862842,0.26153624,0.62162596
asthma_v2_pneumonia_P18Pneumonia84N.wav,4,1,4,4,0.09937663,0.04645651,0.02672107,0.187354,0.6400918
asthma_v2_pneumonia_P18Pneumonia88I.wav,4,1,4,4,0.087093554,0.029077316,0.018160557,0.29240245,0.5732661
asthma_v2_pneumonia_P21Pneumonia12C.wav,4,1,4,2,0.047666073,0.21843809,0.46917605,0.09390225,0.17081755
asthma_v2_pneumonia_P21Pneumonia24G.wav,4,1,4,2,0.020167861,0.1387433,0.44581437,0.23010288,0.16517162
asthma_v2_pneumonia_P21Pneumonia56M.wav,4,1,4,4,0.07120626,0.024114612,0.02131239,0.43584934,0.4475173
asthma_v2_pneumonia_P21Pneumonia69Q.wav,4,1,4,4,0.03808692,0.075591765,0.036081713,0.2386218,0.61161774
asthma_v2_pneumonia_P21Pneumonia78P.wav,4,1,4,4,0.07533297,0.04324821,0.024751445,0.38956454,0.4671029
asthma_v2_pneumonia_P21Pneumonia95A.wav,4,1,4,3,0.011928745,0.19591054,0.11439571,0.5417722,0.13599283
asthma_v2_pneumonia_P29Pneumonia14M.wav,4,1,4,4,0.044867482,0.03298317,0.023234006,0.253472,0.64544326
asthma_v2_pneumonia_P29Pneumonia17N.wav,4,1,4,4,0.041718632,0.021631787,0.015843319,0.2842174,0.6365888
asthma_v2_pneumonia_P29Pneumonia18M.wav,4,1,4,4,0.044980094,0.046382826,0.036765423,0.25068748,0.6211842
asthma_v2_pneumonia_P29Pneumonia24X.wav,4,1,4,4,0.07994626,0.07004294,0.037936617,0.26096982,0.55110437
asthma_v2_pneumonia_P29Pneumonia51O.wav,4,1,4,4,0.05173675,0.07274862,0.041912004,0.37150994,0.4620927
asthma_v2_pneumonia_P29Pneumonia82U.wav,4,1,4,4,0.041119363,0.010474801,0.02431418,0.16931924,0.7547724
asthma_v2_pneumonia_P31Pneumonia14Q.wav,4,1,4,4,0.028219685,0.046247143,0.025141774,0.28288183,0.61750954
asthma_v2_pneumonia_P31Pneumonia16C.wav,4,1,4,4,0.02538209,0.046604503,0.034046065,0.31994545,0.5740219
asthma_v2_pneumonia_P31Pneumonia43V.wav,4,1,4,4,0.025627844,0.044200104,0.023176674,0.2197828,0.6872126
asthma_v2_pneumonia_P31Pneumonia47D.wav,4,1,4,4,0.023219578,0.0408064,0.022809008,0.28545612,0.6277089
asthma_v2_pneumonia_P31Pneumonia47J.wav,4,1,4,4,0.034047335,0.02549922,0.0148851285,0.19693461,0.72863376
asthma_v2_pneumonia_P31Pneumonia92I.wav,4,1,4,4,0.023309723,0.05174393,0.050830554,0.3634063,0.51070946
asthma_v2_pneumonia_P36Pneumonia56V.wav,4,1,4,0,0.6008656,0.28919882,0.0578768,0.018459197,0.03359958
asthma_v2_pneumonia_P36Pneumonia57U.wav,4,1,4,0,0.7372617,0.14893505,0.056938875,0.018843206,0.038021177
asthma_v2_pneumonia_P36Pneumonia79Z.wav,4,1,4,4,0.026139833,0.045459256,0.021950953,0.394374,0.5120759
asthma_v2_pneumonia_P36Pneumonia83N.wav,4,1,4,4,0.021176182,0.024694638,0.015375763,0.41903836,0.5197151
asthma_v2_pneumonia_P36Pneumonia85U.wav,4,1,4,4,0.02853227,0.019926805,0.015396971,0.39072248,0.5454215
asthma_v2_pneumonia_P36Pneumonia86S.wav,4,1,4,0,0.8240683,0.085118435,0.028103122,0.026422814,0.036287326
asthma_v2_pneumonia_P39Pneumonia16K.wav,4,1,4,0,0.7554124,0.1398112,0.0497144,0.017691586,0.037370417
asthma_v2_pneumonia_P39Pneumonia41F.wav,4,1,4,1,0.09124821,0.67601824,0.19318186,0.008518149,0.031033602
asthma_v2_pneumonia_P39Pneumonia49H.wav,4,1,4,0,0.63577455,0.044982754,0.044471882,0.038455375,0.23631537
asthma_v2_pneumonia_P39Pneumonia78Z.wav,4,1,4,0,0.78512675,0.1124186,0.05265577,0.0130580375,0.03674091
asthma_v2_pneumonia_P39Pneumonia85Q.wav,4,1,4,1,0.23461337,0.45969972,0.22909892,0.02647422,0.050113764
asthma_v2_pneumonia_P39Pneumonia87S.wav,4,1,4,0,0.67886615,0.12771986,0.09622288,0.010854759,0.08633634
asthma_v2_pneumonia_P47Pneumonia14M.wav,4,1,4,4,0.10151589,0.01739794,0.055994783,0.34632468,0.4787668
asthma_v2_pneumonia_P47Pneumonia19A.wav,4,1,4,4,0.1659923,0.05018074,0.22304568,0.1498872,0.41089404
asthma_v2_pneumonia_P47Pneumonia24N.wav,4,1,4,4,0.07407916,0.032991618,0.11744153,0.18468416,0.59080356
asthma_v2_pneumonia_P47Pneumonia69D.wav,4,1,4,4,0.16928203,0.03833224,0.26473805,0.103082575,0.42456514
asthma_v2_pneumonia_P47Pneumonia74Q.wav,4,1,4,1,0.0432472,0.28208348,0.279073,0.21098475,0.18461151
asthma_v2_pneumonia_P47Pneumonia98K.wav,4,1,4,4,0.14527696,0.03399048,0.11754553,0.13519055,0.56799644
asthma_v2_Bronchial_P12BronchialSc_56.wav,4,2,1,0,0.87282956,0.0031695892,0.003711089,0.002228333,0.11806145
asthma_v2_Bronchial_P12BronchialSc_58.wav,4,2,1,0,0.9159605,0.040389314,0.007093813,0.0029071139,0.03364923
asthma_v2_Bronchial_P12BronchialSc_60.wav,4,2,1,0,0.93394196,0.0035159814,0.010455699,0.004943317,0.047143076
asthma_v2_Bronchial_P12BronchialTc_57.wav,4,2,1,0,0.8478827,0.022779705,0.004971418,0.0060526915,0.11831348
asthma_v2_Bronchial_P12BronchialTc_59.wav,4,2,1,0,0.88495594,0.06110495,0.0116655035,0.0032964211,0.03897714
asthma_v2_Bronchial_P13BronchialSc_62.wav,4,2,1,0,0.9076318,0.020603113,0.03374299,0.010185206,0.02783689
asthma_v2_Bronchial_P13BronchialSc_64.wav,4,2,1,0,0.933843,0.03040732,0.010083311,0.0054890336,0.0201774
asthma_v2_Bronchial_P13BronchialTc_61.wav,4,2,1,0,0.8404826,0.017286642,0.007338454,0.0056647584,0.12922761
asthma_v2_Bronchial_P13BronchialTc_63.wav,4,2,1,0,0.8749795,0.09666779,0.009043941,0.0054413513,0.013867408
asthma_v2_Bronchial_P13BronchialTc_65.wav,4,2,1,0,0.58602405,0.16811065,0.17864697,0.043166403,0.024051925
asthma_v2_Bronchial_P1BronchialSc_2.wav,4,2,1,1,0.00093127624,0.92509645,0.069458656,0.0036512197,0.0008623574
asthma_v2_Bronchial_P1BronchialSc_4.wav,4,2,1,1,0.0007947617,0.8676319,0.08134433,0.047932737,0.0022962652
asthma_v2_Bronchial_P1BronchialTc_1.wav,4,2,1,1,0.0013956265,0.84843445,0.08891516,0.059069548,0.002185184
asthma_v2_Bronchial_P1BronchialTc_3.wav,4,2,1,1,0.0008392097,0.8897975,0.09065998,0.017370854,0.00133239
asthma_v2_Bronchial_P1BronchialTc_5.wav,4,2,1,1,0.0007358049,0.88866353,0.09874909,0.010815535,0.0010360577
asthma_v2_Bronchial_P4BronchialSc_16.wav,4,2,1,1,0.007022491,0.33182043,0.11261597,0.22292477,0.32561636
asthma_v2_Bronchial_P4BronchialSc_18.wav,4,2,1,1,0.0028946884,0.81347847,0.09683316,0.05867788,0.028115785
asthma_v2_Bronchial_P4BronchialSc_20.wav,4,2,1,1,0.0020198254,0.81173044,0.13761213,0.03826289,0.010374776
asthma_v2_Bronchial_P4BronchialTc_17.wav,4,2,1,1,0.005978668,0.64149636,0.20388418,0.056153864,0.09248696
asthma_v2_Bronchial_P4BronchialTc_19.wav,4,2,1,1,0.005601251,0.40916657,0.23326863,0.27618495,0.07577854
asthma_v2_Bronchial_P7BronchialSc_32.wav,4,2,1,1,0.00024375781,0.9636301,0.032768928,0.0026947833,0.00066246785
asthma_v2_Bronchial_P7BronchialSc_34.wav,4,2,1,1,0.00041586728,0.9511398,0.03589504,0.011261677,0.0012875493
asthma_v2_Bronchial_P7BronchialTc_31.wav,4,2,1,1,0.00048298115,0.95368266,0.038655173,0.0060604266,0.0011187423
asthma_v2_Bronchial_P7BronchialTc_33.wav,4,2,1,1,0.00026319045,0.96626264,0.02822874,0.0046679927,0.000577506
asthma_v2_Bronchial_P7BronchialTc_35.wav,4,2,1,1,0.00064672326,0.9455332,0.045039486,0.00713472,0.0016458959
asthma_v2_asthma_P15WheezingIE_73.wav,4,2,0,0,0.8628092,0.004981826,0.0017508197,0.0023217564,0.12813643
asthma_v2_asthma_P15WheezingIU_74.wav,4,2,0,0,0.5896562,0.0026669875,0.0022000193,0.004406993,0.40106982
asthma_v2_asthma_P15WheezingRL_71.wav,4,2,0,0,0.75376284,0.0017541603,0.002503911,0.016943151,0.22503594
asthma_v2_asthma_P15WheezingRL_75.wav,4,2,0,0,0.8698093,0.003209784,0.0053755203,0.002270624,0.119334765
asthma_v2_asthma_P15WheezingRS_72.wav,4,2,0,0,0.9301703,0.0011816273,0.0031872874,0.000614613,0.06484622
asthma_v2_asthma_P18WheezingIE_89.wav,4,2,0,0,0.9742649,0.0018252106,0.0061707,0.0010483458,0.016690787
asthma_v2_asthma_P18WheezingIU_86.wav,4,2,0,0,0.9685597,0.0029362524,0.0066329283,0.0014469841,0.020424215
asthma_v2_asthma_P18WheezingIU_90.wav,4,2,0,0,0.9749985,0.0033366971,0.004770668,0.0014909772,0.015403186
asthma_v2_asthma_P18WheezingRL_87.wav,4,2,0,0,0.9604908,0.0026135962,0.015584558,0.0020837346,0.019227361
asthma_v2_asthma_P18WheezingRS_88.wav,4,2,0,0,0.9077824,0.00735513,0.0075650006,0.0077080377,0.06958958
asthma_v2_asthma_P22WheezingIE_109.wav,4,2,0,0,0.9765029,0.0046176026,0.0053318036,0.0012710396,0.012276624
asthma_v2_asthma_P22WheezingIU_106.wav,4,2,0,0,0.97861594,0.0025165603,0.0061352397,0.0006201007,0.012112112
asthma_v2_asthma_P22WheezingIU_110.wav,4,2,0,0,0.9479188,0.0033361248,0.012957168,0.0038276408,0.03196035
asthma_v2_asthma_P22WheezingRL_107.wav,4,2,0,0,0.9719,0.0019041685,0.012121918,0.00024557277,0.013828239
asthma_v2_asthma_P22WheezingRS_108.wav,4,2,0,0,0.9099774,0.0063765347,0.022460066,0.0012075843,0.059978448
asthma_v2_asthma_P29WheezingIE_141.wav,4,2,0,0,0.95828986,0.0033523014,0.009755981,0.00041476538,0.028187066
asthma_v2_asthma_P29WheezingIE_145.wav,4,2,0,0,0.55086553,0.0033514984,0.061558764,0.0014418986,0.38278234
asthma_v2_asthma_P29WheezingIU_142.wav,4,2,0,0,0.90166956,0.0023467087,0.022817146,0.0004739415,0.07269262
asthma_v2_asthma_P29WheezingRL_143.wav,4,2,0,0,0.85738415,0.002159102,0.0064055924,0.0013768147,0.1326743
asthma_v2_asthma_P29WheezingRS_144.wav,4,2,0,0,0.89582556,0.0019557767,0.0065580877,0.002297607,0.09336296
asthma_v2_asthma_P30WheezingIE_149.wav,4,2,0,0,0.96604866,0.0012793397,0.005470191,0.0005479216,0.026653927
asthma_v2_asthma_P30WheezingIU_146.wav,4,2,0,0,0.8823459,0.008288414,0.015017621,0.002095884,0.092252195
asthma_v2_asthma_P30WheezingIU_150.wav,4,2,0,0,0.9733228,0.0013161604,0.0038515322,0.0006559943,0.020853505
asthma_v2_asthma_P30WheezingRL_147.wav,4,2,0,0,0.98088855,0.0014749004,0.007929312,0.00034674426,0.009360409
asthma_v2_asthma_P30WheezingRS_148.wav,4,2,0,0,0.9653189,0.0024758454,0.0076516457,0.0011674301,0.023386158
asthma_v2_asthma_P42WheezingIE_209.wav,4,2,0,0,0.8926657,0.010078242,0.082573466,0.0013498999,0.01333274
asthma_v2_asthma_P42WheezingIU_206.wav,4,2,0,0,0.757692,0.026192809,0.20304929,0.0028981578,0.010167783
asthma_v2_asthma_P42WheezingIU_210.wav,4,2,0,0,0.62396,0.043825217,0.31769022,0.0034605218,0.011064063
asthma_v2_asthma_P42WheezingRL_207.wav,4,2,0,0,0.78092563,0.03330275,0.1590986,0.0026304624,0.024042506
asthma_v2_asthma_P42WheezingRS_208.wav,4,2,0,0,0.83286655,0.0045014676,0.09958385,0.0012772556,0.06177081
asthma_v2_asthma_P44WheezingIE_217.wav,4,2,0,0,0.9079139,0.016899878,0.0629703,0.00083149393,0.01138436
asthma_v2_asthma_P44WheezingIU_218.wav,4,2,0,0,0.67347854,0.01439955,0.05366546,0.0017311111,0.2567253
asthma_v2_asthma_P44WheezingRL_219.wav,4,2,0,0,0.88873917,0.005490783,0.090388976,0.0008771832,0.014503883
asthma_v2_asthma_P44WheezingRS_216.wav,4,2,0,2,0.13587122,0.02235143,0.83119005,0.0054176752,0.0051695327
asthma_v2_asthma_P44WheezingRS_220.wav,4,2,0,0,0.7166367,0.024259262,0.058801632,0.00278333,0.1975191
asthma_v2_asthma_P4AsthmaIE_17.wav,4,2,0,0,0.8762249,0.013844461,0.005423472,0.00404606,0.10046116
asthma_v2_asthma_P4AsthmaIU_18.wav,4,2,0,0,0.9020837,0.028380208,0.009796816,0.002291545,0.057447728
asthma_v2_asthma_P4AsthmaRL_19.wav,4,2,0,0,0.9353542,0.006176841,0.0058097737,0.000908117,0.051751014
asthma_v2_asthma_P4AsthmaRS_16.wav,4,2,0,0,0.91524196,0.013387872,0.0060825795,0.0014811853,0.06380633
asthma_v2_asthma_P4AsthmaRS_20.wav,4,2,0,0,0.94534314,0.007242164,0.004553901,0.0008399556,0.04202075
asthma_v2_asthma_P54WheezingIE_269.wav,4,2,0,4,0.0072643887,0.257959,0.2208775,0.08614164,0.42775756
asthma_v2_asthma_P54WheezingIU_266.wav,4,2,0,3,0.005067015,0.004349187,0.002144384,0.56265414,0.42578527
asthma_v2_asthma_P54WheezingIU_270.wav,4,2,0,3,0.0065136147,0.016789936,0.0017279767,0.9252736,0.049694873
asthma_v2_asthma_P54WheezingRL_267.wav,4,2,0,3,0.004175728,0.041693162,0.041873332,0.60468304,0.30757472
asthma_v2_asthma_P54WheezingRS_268.wav,4,2,0,3,0.0075505595,0.06378131,0.025914937,0.66947925,0.2332739
asthma_v2_asthma_P57WheezingIE_281.wav,4,2,0,3,0.0061414195,0.012880951,0.0022048953,0.92274386,0.056028854
asthma_v2_asthma_P57WheezingIE_285.wav,4,2,0,3,0.0015209069,0.26077494,0.008795599,0.6832333,0.04567526
asthma_v2_asthma_P57WheezingIU_282.wav,4,2,0,3,0.009371121,0.009896089,0.0014111558,0.848143,0.13117866
asthma_v2_asthma_P57WheezingRL_283.wav,4,2,0,3,0.004317363,0.0081312815,0.0055643083,0.61971223,0.3622749
asthma_v2_asthma_P57WheezingRS_284.wav,4,2,0,3,0.004328626,0.028683055,0.0041191657,0.8031601,0.15970907
asthma_v2_copd_P17COPDMc_130.wav,4,2,2,2,0.0029785142,0.37553275,0.5583237,0.05596671,0.0071983878
asthma_v2_copd_P17COPDMc_132.wav,4,2,2,2,0.0050726016,0.0026712117,0.9806075,0.00065126875,0.010997391
asthma_v2_copd_P17COPDMc_134.wav,4,2,2,2,0.0053898282,0.0029414906,0.9860619,0.00044019095,0.0051665185
asthma_v2_copd_P17COPDMc_136.wav,4,2,2,2,0.0038021377,0.002549772,0.98655605,0.00034337316,0.0067487047
asthma_v2_copd_P17COPDPr_129.wav,4,2,2,2,0.0020113937,0.0025046647,0.989668,0.000541045,0.0052749002
asthma_v2_copd_P17COPDPr_131.wav,4,2,2,2,0.0015847759,0.0025437998,0.9909418,0.001197494,0.003732156
asthma_v2_copd_P17COPDPr_133.wav,4,2,2,2,0.0034672995,0.0023030946,0.98372585,0.00048274605,0.010021007
asthma_v2_copd_P17COPDPr_135.wav,4,2,2,2,0.0016483706,0.002593454,0.9916141,0.00056404446,0.003580016
asthma_v2_copd_P19COPDMc_146.wav,4,2,2,3,0.016628789,0.1443506,0.14010465,0.5364002,0.16251576
asthma_v2_copd_P19COPDMc_148.wav,4,2,2,1,0.0015627054,0.7873962,0.19374622,0.0055007706,0.0117940875
asthma_v2_copd_P19COPDMc_150.wav,4,2,2,2,0.025489554,0.028811175,0.5337752,0.0069058123,0.4050182
asthma_v2_copd_P19COPDMc_152.wav,4,2,2,2,0.0018905607,0.3497389,0.62882954,0.012619764,0.006921236
asthma_v2_copd_P19COPDPr_145.wav,4,2,2,1,0.0009017038,0.88577795,0.10921207,0.0025966642,0.0015115611
asthma_v2_copd_P19COPDPr_147.wav,4,2,2,1,0.0017335603,0.90662456,0.049870044,0.03487258,0.0068992614
asthma_v2_copd_P19COPDPr_149.wav,4,2,2,2,0.01646212,0.06481643,0.6912545,0.11176098,0.11570602
asthma_v2_copd_P19COPDPr_151.wav,4,2,2,2,0.0057535786,0.14481439,0.7949099,0.004969483,0.04955264
asthma_v2_copd_P23COPDMc_178.wav,4,2,2,3,0.0029241994,0.041923903,0.025416512,0.91930485,0.010430613
asthma_v2_copd_P23COPDMc_180.wav,4,2,2,1,0.0024906928,0.43280226,0.3837315,0.14360453,0.03737096
asthma_v2_copd_P23COPDMc_182.wav,4,2,2,2,0.001119174,0.30844015,0.6712221,0.01567395,0.0035446659
asthma_v2_copd_P23COPDMc_184.wav,4,2,2,1,0.0009396338,0.63477415,0.34776598,0.013739558,0.0027806002
asthma_v2_copd_P23COPDPr_177.wav,4,2,2,1,0.0071499837,0.5377565,0.28752112,0.15229598,0.0152763715
asthma_v2_copd_P23COPDPr_179.wav,4,2,2,3,0.0049187075,0.13672405,0.080520034,0.7127152,0.065121956
asthma_v2_copd_P23COPDPr_181.wav,4,2,2,2,0.0035681094,0.08576399,0.7757903,0.05003752,0.08484003
asthma_v2_copd_P23COPDPr_183.wav,4,2,2,1,0.0012930392,0.4850671,0.47263342,0.037003107,0.004003342
asthma_v2_copd_P24COPDMc_186.wav,4,2,2,1,0.0008608632,0.57744527,0.38327593,0.033694122,0.0047238246
asthma_v2_copd_P24COPDMc_188.wav,4,2,2,2,0.0025349208,0.13233359,0.8246917,0.02371509,0.016724726
asthma_v2_copd_P24COPDMc_190.wav,4,2,2,2,0.02210746,0.06519802,0.6054217,0.05587652,0.25139627
asthma_v2_copd_P24COPDMc_192.wav,4,2,2,1,0.0005607272,0.8057891,0.13535176,0.053455997,0.004842397
asthma_v2_copd_P24COPDPr_185.wav,4,2,2,2,0.0013608638,0.47850505,0.48401985,0.032044083,0.0040702038
asthma_v2_copd_P24COPDPr_187.wav,4,2,2,2,0.0016397423,0.05059577,0.92729735,0.0060245334,0.014442674
asthma_v2_copd_P24COPDPr_189.wav,4,2,2,2,0.0055414587,0.07578596,0.7089081,0.068014376,0.14175013
asthma_v2_copd_P24COPDPr_191.wav,4,2,2,1,0.0016383312,0.6803552,0.20248048,0.10067759,0.014848416
asthma_v2_copd_P31COPDMc_242.wav,4,2,2,2,0.008099315,0.029505003,0.8769918,0.06337283,0.02203105
asthma_v2_copd_P31COPDMc_244.wav,4,2,2,2,0.002174739,0.21671957,0.699907,0.06876226,0.012436349
asthma_v2_copd_P31COPDMc_246.wav,4,2,2,2,0.33882618,0.03922702,0.60937244,0.0033907595,0.009183645
asthma_v2_copd_P31COPDMc_248.wav,4,2,2,0,0.4943104,0.04640509,0.44113714,0.0030181378,0.015129259
asthma_v2_copd_P31COPDPr_241.wav,4,2,2,2,0.0022788232,0.017377041,0.91898566,0.012438727,0.04891972
asthma_v2_copd_P31COPDPr_243.wav,4,2,2,2,0.0071030715,0.04863586,0.47174594,0.38897246,0.083542675
asthma_v2_copd_P31COPDPr_245.wav,4,2,2,2,0.21882685,0.041983895,0.7308825,0.0048963693,0.0034103028
asthma_v2_copd_P31COPDPr_247.wav,4,2,2,0,0.5363845,0.05761658,0.3958765,0.0022193869,0.007902955
asthma_v2_copd_P40COPDMc_314.wav,4,2,2,2,0.0018661025,0.37288514,0.60701287,0.0018597732,0.016376091
asthma_v2_copd_P40COPDMc_316.wav,4,2,2,2,0.005993774,0.3193971,0.60763794,0.024201747,0.04276948
asthma_v2_copd_P40COPDMc_318.wav,4,2,2,4,0.1282694,0.024524728,0.2367516,0.013469426,0.5969848
asthma_v2_copd_P40COPDMc_320.wav,4,2,2,2,0.009051035,0.07311586,0.64285713,0.013041559,0.26193443
asthma_v2_copd_P40COPDPr_313.wav,4,2,2,1,0.0008262355,0.78296375,0.20988815,0.00248281,0.0038390462
asthma_v2_copd_P40COPDPr_315.wav,4,2,2,1,0.0011470277,0.8029373,0.14587523,0.044335406,0.005705037
asthma_v2_copd_P40COPDPr_317.wav,4,2,2,1,0.00059491815,0.8585466,0.117093086,0.020030523,0.003734935
asthma_v2_copd_P40COPDPr_319.wav,4,2,2,1,0.0016544269,0.75638974,0.22232965,0.003609048,0.016017074
asthma_v2_copd_P42COPDMc_330.wav,4,2,2,2,0.002246659,0.0043680114,0.9836128,0.0010822088,0.008690316
asthma_v2_copd_P42COPDMc_332.wav,4,2,2,2,0.0013582176,0.22369055,0.7536545,0.014957372,0.0063393204
asthma_v2_copd_P42COPDMc_334.wav,4,2,2,2,0.002903178,0.021939924,0.9494304,0.00596602,0.019760465
asthma_v2_copd_P42COPDMc_336.wav,4,2,2,2,0.0028647373,0.09824274,0.8665142,0.015627615,0.016750695
asthma_v2_copd_P42COPDPr_329.wav,4,2,2,2,0.0017905675,0.0038179467,0.9854995,0.001376187,0.0075157285
asthma_v2_copd_P42COPDPr_331.wav,4,2,2,2,0.0017593801,0.08953773,0.89177924,0.013510041,0.0034135496
asthma_v2_copd_P42COPDPr_333.wav,4,2,2,1,0.000610018,0.7897175,0.18877846,0.018441979,0.002452048
asthma_v2_copd_P42COPDPr_335.wav,4,2,2,2,0.0013948218,0.3642002,0.55521697,0.066266455,0.012921522
asthma_v2_copd_P44COPDMc_346.wav,4,2,2,2,0.012723751,0.00978265,0.5005225,0.061129276,0.41584182
asthma_v2_copd_P44COPDMc_348.wav,4,2,2,4,0.0059444555,0.011618883,0.08676955,0.042541523,0.8531256
asthma_v2_copd_P44COPDMc_350.wav,4,2,2,1,0.0008405174,0.88039076,0.1137681,0.0043009315,0.0006996841
asthma_v2_copd_P44COPDMc_352.wav,4,2,2,2,0.004512501,0.017911201,0.948304,0.0020825395,0.02718977
asthma_v2_copd_P44COPDPr_345.wav,4,2,2,2,0.001116477,0.03332821,0.9538854,0.0016701183,0.009999845
asthma_v2_copd_P44COPDPr_347.wav,4,2,2,4,0.008727329,0.0034091375,0.06400773,0.038384322,0.88547146
asthma_v2_copd_P44COPDPr_349.wav,4,2,2,2,0.0016387062,0.4107967,0.57636,0.0093924245,0.0018121896
asthma_v2_copd_P44COPDPr_351.wav,4,2,2,1,0.0025640687,0.5324114,0.4459982,0.016785277,0.0022410215
asthma_v2_copd_P51COPDPr_401.wav,4,2,2,2,0.001286895,0.029925138,0.9520872,0.010906691,0.0057940963
asthma_v2_copd_P5COPDMc_34.wav,4,2,2,2,0.0024627945,0.0131071685,0.96470225,0.012491087,0.0072366777
asthma_v2_copd_P5COPDMc_36.wav,4,2,2,2,0.0015611837,0.022785638,0.95891833,0.0049022594,0.011832623
asthma_v2_copd_P5COPDMc_38.wav,4,2,2,2,0.0011340016,0.07796474,0.9106821,0.0061903615,0.0040287995
asthma_v2_copd_P5COPDMc_40.wav,4,2,2,2,0.0009506294,0.0023228026,0.9893645,0.0025022686,0.0048597082
asthma_v2_copd_P5COPDPr_33.wav,4,2,2,3,0.013769868,0.025752569,0.23372921,0.61924106,0.10750723
asthma_v2_copd_P5COPDPr_35.wav,4,2,2,2,0.00086648186,0.011029159,0.98288924,0.0021929014,0.00302209
asthma_v2_copd_P5COPDPr_37.wav,4,2,2,1,0.0014102426,0.5875417,0.39897624,0.009642948,0.0024288734
asthma_v2_copd_P5COPDPr_39.wav,4,2,2,1,0.00080605206,0.81472915,0.16817567,0.014371061,0.0019181098
asthma_v2_healthy_P14Healthy28S.wav,4,2,3,3,0.005844735,0.117469914,0.11157897,0.7433922,0.021714209
asthma_v2_healthy_P14Healthy47S.wav,4,2,3,3,0.0023318122,0.033977475,0.0105286315,0.9393061,0.013855948
asthma_v2_healthy_P14Healthy53S.wav,4,2,3,3,0.0030324035,0.0077999244,0.008032017,0.96900517,0.0121305175
asthma_v2_healthy_P14Healthy54S.wav,4,2,3,1,0.00093985244,0.9018545,0.04979236,0.037827577,0.009585672
asthma_v2_healthy_P14Healthy89S.wav,4,2,3,1,0.0008483227,0.9508627,0.014974057,0.028389927,0.004924958
asthma_v2_healthy_P1Healthy29S.wav,4,2,3,1,0.0014202101,0.5088348,0.31692222,0.15997677,0.012846017
asthma_v2_healthy_P1Healthy55S.wav,4,2,3,3,0.0019908906,0.23261803,0.060048983,0.6947725,0.010569643
asthma_v2_healthy_P1Healthy86S.wav,4,2,3,1,0.003003312,0.5391173,0.21204804,0.22136018,0.024471214
asthma_v2_healthy_P1Healthy88S.wav,4,2,3,1,0.005818583,0.36809176,0.27840844,0.29308417,0.054597072
asthma_v2_healthy_P1Healthy99S.wav,4,2,3,3,0.0013780151,0.2809624,0.0184123,0.67878014,0.020467157
asthma_v2_healthy_P21Healthy15S.wav,4,2,3,3,0.010284705,0.008068894,0.0012081056,0.8290319,0.1514064
asthma_v2_healthy_P21Healthy38S.wav,4,2,3,3,0.0093399035,0.011040301,0.0023764682,0.8316658,0.14557754
asthma_v2_healthy_P21Healthy53S.wav,4,2,3,3,0.00796002,0.010955621,0.0011221112,0.907781,0.07218117
asthma_v2_healthy_P21Healthy95S.wav,4,2,3,4,0.017967906,0.002030445,0.004135449,0.16771282,0.8081534
asthma_v2_healthy_P21Healthy98S.wav,4,2,3,3,0.010069987,0.0053063408,0.013861496,0.65964836,0.31111386
asthma_v2_healthy_P3Healthy44S.wav,4,2,3,1,0.0014656876,0.8719085,0.013413238,0.10870237,0.0045102034
asthma_v2_healthy_P3Healthy49S.wav,4,2,3,3,0.00061373226,0.027244786,0.0073470776,0.94361925,0.02117518
asthma_v2_healthy_P3Healthy57S.wav,4,2,3,3,0.0012302567,0.021669844,0.0061844005,0.94843715,0.022478394
asthma_v2_healthy_P3Healthy60S.wav,4,2,3,1,0.0008563364,0.86679393,0.01946521,0.10473374,0.0081508
asthma_v2_healthy_P3Healthy84S.wav,4,2,3,3,0.0008453331,0.016863761,0.00389237,0.96810246,0.010296123
asthma_v2_healthy_P6Healthy21S.wav,4,2,3,3,0.01271017,0.010761413,0.07935536,0.5192127,0.37796035
asthma_v2_healthy_P6Healthy34S.wav,4,2,3,3,0.0035798422,0.026512261,0.014045982,0.83988535,0.11597654
asthma_v2_healthy_P6Healthy51S.wav,4,2,3,3,0.016879011,0.0031239947,0.005281932,0.80941945,0.16529557
asthma_v2_healthy_P6Healthy71S.wav,4,2,3,3,0.0009030176,0.0044605476,0.0014402771,0.9745455,0.018650616
asthma_v2_healthy_P6Healthy77S.wav,4,2,3,4,0.035905644,0.0035014357,0.104353175,0.2645547,0.59168506
asthma_v2_healthy_P9Healthy22S.wav,4,2,3,3,0.0025645983,0.012390877,0.01063396,0.9491654,0.025245124
asthma_v2_healthy_P9Healthy29S.wav,4,2,3,4,0.083896674,0.0045067347,0.0113620935,0.44983763,0.4503968
asthma_v2_healthy_P9Healthy31S.wav,4,2,3,3,0.011506344,0.0033229347,0.007447075,0.5096533,0.46807042
asthma_v2_healthy_P9Healthy61S.wav,4,2,3,3,0.004692541,0.003800255,0.0018610946,0.82380545,0.1658407
asthma_v2_healthy_P9Healthy79S.wav,4,2,3,3,0.01224671,0.00619346,0.03463782,0.4748609,0.472061
asthma_v2_pneumonia_P11Pneumonia12W.wav,4,2,4,4,0.020466464,0.0026058606,0.0071407626,0.14100206,0.82878476
asthma_v2_pneumonia_P11Pneumonia18T.wav,4,2,4,4,0.13849834,0.030086061,0.22052658,0.11479951,0.49608946
asthma_v2_pneumonia_P11Pneumonia41N.wav,4,2,4,3,0.023072679,0.015308376,0.002571681,0.7452947,0.21375261
asthma_v2_pneumonia_P11Pneumonia58A.wav,4,2,4,3,0.018627997,0.0048380676,0.0076313918,0.6761909,0.29271156
asthma_v2_pneumonia_P11Pneumonia65P.wav,4,2,4,4,0.017614366,0.0023593155,0.0053765876,0.21279827,0.76185143
asthma_v2_pneumonia_P11Pneumonia98J.wav,4,2,4,4,0.014621396,0.0016831137,0.005265997,0.40988424,0.5685452
asthma_v2_pneumonia_P19Pneumonia24H.wav,4,2,4,3,0.016485263,0.01835983,0.0033079828,0.6125053,0.34934163
asthma_v2_pneumonia_P19Pneumonia33O.wav,4,2,4,3,0.0206992,0.022282148,0.0038213076,0.5137524,0.43944493
asthma_v2_pneumonia_P19Pneumonia39Z.wav,4,2,4,4,0.012162879,0.0018181563,0.0013686802,0.10350354,0.88114667
asthma_v2_pneumonia_P19Pneumonia41U.wav,4,2,4,4,0.007333782,0.0029216453,0.0021307978,0.35334203,0.63427174
asthma_v2_pneumonia_P19Pneumonia75B.wav,4,2,4,3,0.0103246095,0.016169531,0.0020331962,0.66134083,0.31013185
asthma_v2_pneumonia_P19Pneumonia90X.wav,4,2,4,3,0.009336039,0.0071739154,0.0017081852,0.7244997,0.2572822
asthma_v2_pneumonia_P22Pneumonia27A.wav,4,2,4,4,0.3314115,0.00086392096,0.0033478306,0.0044467426,0.65993
asthma_v2_pneumonia_P22Pneumonia29K.wav,4,2,4,3,0.004344207,0.007516959,0.00090497924,0.9242196,0.06301426
asthma_v2_pneumonia_P22Pneumonia29M.wav,4,2,4,0,0.5214409,0.002519288,0.0087934965,0.005614125,0.46163225
asthma_v2_pneumonia_P22Pneumonia47V.wav,4,2,4,3,0.007748935,0.009090311,0.0017323882,0.7457972,0.23563117
asthma_v2_pneumonia_P22Pneumonia51X.wav,4,2,4,4,0.07231207,0.0035155606,0.071934864,0.07365252,0.77858496
asthma_v2_pneumonia_P22Pneumonia55C.wav,4,2,4,4,0.07163825,0.00075464783,0.0039975857,0.013842158,0.90976745
asthma_v2_pneumonia_P23Pneumonia19A.wav,4,2,4,4,0.03996398,0.023658236,0.06579302,0.23742852,0.6331563
asthma_v2_pneumonia_P23Pneumonia40O.wav,4,2,4,4,0.015914597,0.0021692743,0.08592269,0.07543399,0.8205594
asthma_v2_pneumonia_P23Pneumonia54P.wav,4,2,4,4,0.012497814,0.0014385822,0.019041372,0.18406479,0.7829575
asthma_v2_pneumonia_P23Pneumonia60Y.wav,4,2,4,4,0.01263362,0.0027512994,0.1017557,0.08537623,0.79748315
asthma_v2_pneumonia_P23Pneumonia90V.wav,4,2,4,4,0.009223447,0.0038832738,0.013191355,0.3701204,0.60358155
asthma_v2_pneumonia_P23Pneumonia97P.wav,4,2,4,3,0.0150928255,0.027297854,0.2083381,0.4537271,0.29554412
asthma_v2_pneumonia_P30Pneumonia10C.wav,4,2,4,4,0.0046547567,0.0014504241,0.0020734472,0.15894817,0.83287317
asthma_v2_pneumonia_P30Pneumonia15J.wav,4,2,4,3,0.03421766,0.008051011,0.0061651496,0.49565446,0.4559117
asthma_v2_pneumonia_P30Pneumonia30W.wav,4,2,4,3,0.014172384,0.006353539,0.0022740737,0.6045471,0.3726529
asthma_v2_pneumonia_P30Pneumonia52T.wav,4,2,4,3,0.028175099,0.02226992,0.0057758717,0.49923882,0.4445403
asthma_v2_pneumonia_P30Pneumonia70X.wav,4,2,4,3,0.0106205335,0.024169246,0.003802447,0.7378776,0.22353011
asthma_v2_pneumonia_P30Pneumonia85D.wav,4,2,4,4,0.0078042676,0.0012236513,0.0025048861,0.04907258,0.93939465
asthma_v2_pneumonia_P38Pneumonia23A.wav,4,2,4,0,0.861732,0.0059210635,0.0034306827,0.001463737,0.12745255
asthma_v2_pneumonia_P38Pneumonia34H.wav,4,2,4,0,0.87410504,0.0031072916,0.0047145933,0.0033883795,0.11468459
asthma_v2_pneumonia_P38Pneumonia35P.wav,4,2,4,0,0.8580857,0.0043895287,0.0045776395,0.0012490472,0.13169813
asthma_v2_pneumonia_P38Pneumonia41S.wav,4,2,4,0,0.8976689,0.0023380828,0.0032055085,0.0015613777,0.09522614
asthma_v2_pneumonia_P38Pneumonia61R.wav,4,2,4,0,0.5342851,0.0026557916,0.0034599311,0.0030769377,0.45652226
asthma_v2_pneumonia_P38Pneumonia64N.wav,4,2,4,0,0.9392525,0.0030616876,0.004189309,0.00073754526,0.052758977
asthma_v2_pneumonia_P43Pneumonia24U.wav,4,2,4,4,0.011144186,0.0009934794,0.0030861124,0.09060803,0.89416814
asthma_v2_pneumonia_P43Pneumonia53X.wav,4,2,4,1,0.0026089072,0.4734964,0.11616722,0.359288,0.04843944
asthma_v2_pneumonia_P43Pneumonia54I.wav,4,2,4,3,0.0064545316,0.0060010906,0.018305393,0.59097576,0.3782632
asthma_v2_pneumonia_P43Pneumonia73N.wav,4,2,4,4,0.011102141,0.006997517,0.009748409,0.44973487,0.5224171
asthma_v2_pneumonia_P43Pneumonia88Y.wav,4,2,4,4,0.009512863,0.0008108079,0.0025687376,0.08943913,0.8976684
asthma_v2_pneumonia_P43Pneumonia89T.wav,4,2,4,4,0.0072692474,0.0007164694,0.0030164882,0.10026215,0.88873565
asthma_v2_pneumonia_P44Pneumonia36U.wav,4,2,4,4,0.02258696,0.003103498,0.0049400213,0.22992629,0.7394432
asthma_v2_pneumonia_P44Pneumonia47J.wav,4,2,4,4,0.011102141,0.006997517,0.009748409,0.44973487,0.5224171
asthma_v2_pneumonia_P44Pneumonia49B.wav,4,2,4,3,0.0064545316,0.0060010906,0.018305393,0.59097576,0.3782632
asthma_v2_pneumonia_P44Pneumonia59U.wav,4,2,4,4,0.007335668,0.0028792645,0.0038854938,0.31071398,0.6751857
asthma_v2_pneumonia_P44Pneumonia65N.wav,4,2,4,4,0.023932323,0.0047363997,0.012916704,0.093585595,0.86482894
asthma_v2_pneumonia_P44Pneumonia71M.wav,4,2,4,1,0.0026089072,0.4734964,0.11616722,0.359288,0.04843944
asthma_v2_pneumonia_P4Pneumonia17R.wav,4,2,4,3,0.0076093394,0.029041924,0.05554204,0.57557523,0.33223152
asthma_v2_pneumonia_P4Pneumonia27H.wav,4,2,4,4,0.0055746916,0.0018429082,0.05365714,0.11017545,0.8287498
asthma_v2_pneumonia_P4Pneumonia39Q.wav,4,2,4,4,0.009412726,0.0065591363,0.12427151,0.11692116,0.7428355
asthma_v2_pneumonia_P4Pneumonia55U.wav,4,2,4,4,0.007314317,0.002567826,0.069113575,0.08474256,0.8362618
asthma_v2_pneumonia_P4Pneumonia67J.wav,4,2,4,4,0.011938001,0.023509165,0.44367045,0.029327575,0.49155483
asthma_v2_pneumonia_P4Pneumonia78E.wav,4,2,4,4,0.0076094107,0.0013419194,0.03262012,0.031989157,0.92643934
asthma_v2_pneumonia_P5Pneumonia20K.wav,4,2,4,4,0.0112672215,0.0030146723,0.157544,0.06008265,0.76809144
asthma_v2_pneumonia_P5Pneumonia21J.wav,4,2,4,4,0.0083450405,0.009516853,0.1535006,0.28784615,0.5407914
asthma_v2_pneumonia_P5Pneumonia38U.wav,4,2,4,4,0.0046325605,0.015775919,0.22187722,0.09162137,0.6660929
asthma_v2_pneumonia_P5Pneumonia88J.wav,4,2,4,2,0.044713613,0.08796027,0.73811316,0.012947854,0.116265126
asthma_v2_pneumonia_P5Pneumonia94P.wav,4,2,4,4,0.007393002,0.005264731,0.082020044,0.15201661,0.7533056
asthma_v2_pneumonia_P5Pneumonia95V.wav,4,2,4,4,0.013732569,0.0038667626,0.09506973,0.23432784,0.6530031
asthma_v2_Bronchial_P11BronchialSc_52.wav,4,3,1,3,0.09113198,0.036072332,0.00054216007,0.6843295,0.18792401
asthma_v2_Bronchial_P11BronchialSc_54.wav,4,3,1,4,0.10173934,0.0025856176,0.00061474595,0.08435979,0.81070054
asthma_v2_Bronchial_P11BronchialTc_51.wav,4,3,1,1,0.000108782406,0.9954372,0.0017483975,0.0025794064,0.00012620375
asthma_v2_Bronchial_P11BronchialTc_53.wav,4,3,1,4,0.05852439,0.0027168102,0.0005210672,0.44521323,0.49302447
asthma_v2_Bronchial_P11BronchialTc_55.wav,4,3,1,1,0.35659072,0.5922266,0.0021700733,0.0031937568,0.045818817
asthma_v2_Bronchial_P17BronchialSc_82.wav,4,3,1,1,0.0014259643,0.9950488,0.0006871971,0.0022559986,0.0005819701
asthma_v2_Bronchial_P17BronchialSc_84.wav,4,3,1,1,0.0009864543,0.99575305,0.00056782976,0.0019280738,0.0007646066
asthma_v2_Bronchial_P17BronchialTc_81.wav,4,3,1,1,0.005847839,0.98152936,0.0013403682,0.008874349,0.0024081112
asthma_v2_Bronchial_P17BronchialTc_83.wav,4,3,1,1,0.0018141057,0.99000776,0.0008664524,0.006064792,0.0012468476
asthma_v2_Bronchial_P17BronchialTc_85.wav,4,3,1,1,0.0007094146,0.99555534,0.0010015136,0.0022250032,0.0005087743
asthma_v2_Bronchial_P19BronchialSc_92.wav,4,3,1,1,0.00026455236,0.99758744,0.0004326164,0.001559337,0.00015614828
asthma_v2_Bronchial_P19BronchialSc_94.wav,4,3,1,1,0.0003196342,0.9947408,0.002305439,0.0018974886,0.0007367796
asthma_v2_Bronchial_P19BronchialTc_91.wav,4,3,1,3,0.008362847,0.024158547,0.09764599,0.8616485,0.008184192
asthma_v2_Bronchial_P19BronchialTc_93.wav,4,3,1,1,0.021192923,0.76295596,0.008721777,0.19679104,0.010338257
asthma_v2_Bronchial_P19BronchialTc_95.wav,4,3,1,1,0.00012306063,0.99762625,0.0007389009,0.0013774056,0.00013436054
asthma_v2_Bronchial_P3BronchialSc_12.wav,4,3,1,3,0.0025261077,0.35344014,0.031847034,0.60713583,0.0050508934
asthma_v2_Bronchial_P3BronchialSc_14.wav,4,3,1,2,0.00040105003,0.13905072,0.85485154,0.00489858,0.000798069
asthma_v2_Bronchial_P3BronchialTc_11.wav,4,3,1,3,0.0017499495,0.35931453,0.02530439,0.60669553,0.006935632
asthma_v2_Bronchial_P3BronchialTc_13.wav,4,3,1,2,0.0003163531,0.10355709,0.88614213,0.008848712,0.0011357046
asthma_v2_Bronchial_P3BronchialTc_15.wav,4,3,1,2,0.00040840096,0.027668998,0.9647625,0.004427286,0.0027328806
asthma_v2_asthma_P11WheezingIE_53.wav,4,3,0,0,0.74044245,0.16937375,0.0019291075,0.004969085,0.08328566
asthma_v2_asthma_P11WheezingIU_54.wav,4,3,0,0,0.94484085,0.01861818,0.0029777866,0.0007095777,0.032853585
asthma_v2_asthma_P11WheezingRL_51.wav,4,3,0,0,0.81798714,0.11661781,0.002681698,0.0018638705,0.06084956
asthma_v2_asthma_P11WheezingRL_55.wav,4,3,0,0,0.9556104,0.00920853,0.015189824,0.0010839533,0.018907407
asthma_v2_asthma_P11WheezingRS_52.wav,4,3,0,0,0.75686765,0.06226581,0.12597364,0.035517145,0.01937568
asthma_v2_asthma_P1AsthmaIE_1.wav,4,3,0,0,0.8277283,0.0049582887,0.0009946753,0.0015721938,0.16474652
asthma_v2_asthma_P1AsthmaIE_5.wav,4,3,0,0,0.83824897,0.015160729,0.0011808793,0.0007008539,0.14470856
asthma_v2_asthma_P1AsthmaIU_2.wav,4,3,0,0,0.8570925,0.043023933,0.0027764817,0.0011602573,0.09594684
asthma_v2_asthma_P1AsthmaRL_3.wav,4,3,0,0,0.90262145,0.0037023094,0.0033362964,0.0006906591,0.08964927
asthma_v2_asthma_P1AsthmaRS_4.wav,4,3,0,0,0.5730841,0.34970602,0.0032312248,0.0019399937,0.072038546
asthma_v2_asthma_P23WheezingIE_113.wav,4,3,0,0,0.9799008,0.0025616316,0.0017740781,3.124486e-05,0.015732331
asthma_v2_asthma_P23WheezingIU_114.wav,4,3,0,0,0.9124386,0.0012021887,0.0012503085,6.6476154e-05,0.08504238
asthma_v2_asthma_P23WheezingRL_111.wav,4,3,0,0,0.9482908,0.0019684986,0.0008293413,5.097489e-05,0.048860423
asthma_v2_asthma_P23WheezingRL_115.wav,4,3,0,0,0.954948,0.0013783923,0.008678745,4.478556e-05,0.034950063
asthma_v2_asthma_P23WheezingRS_112.wav,4,3,0,0,0.92548275,0.002459129,0.001995181,0.000100148536,0.06996291
asthma_v2_asthma_P26WheezingIE_129.wav,4,3,0,0,0.97351295,0.0145856645,0.005925633,0.0003337792,0.0056419545
asthma_v2_asthma_P26WheezingIU_126.wav,4,3,0,0,0.76821315,0.025411237,0.16827376,0.014781811,0.023320103
asthma_v2_asthma_P26WheezingIU_130.wav,4,3,0,0,0.96611917,0.010283912,0.0047070473,2.521474e-05,0.018864712
asthma_v2_asthma_P26WheezingRL_127.wav,4,3,0,0,0.8277371,0.056182105,0.01626063,0.0044549024,0.095365256
asthma_v2_asthma_P26WheezingRS_128.wav,4,3,0,0,0.9706891,0.007130161,0.011237855,3.2016338e-05,0.010910806
asthma_v2_asthma_P27WheezingIE_133.wav,4,3,0,0,0.9806173,0.0048689283,0.0066830777,7.18207e-05,0.0077589
asthma_v2_asthma_P27WheezingIU_134.wav,4,3,0,0,0.9488879,0.009012856,0.0019810647,3.7959508e-05,0.04008022
asthma_v2_asthma_P27WheezingRL_131.wav,4,3,0,0,0.9814369,0.001719462,0.0015699918,4.7844638e-05,0.01522584
asthma_v2_asthma_P27WheezingRL_135.wav,4,3,0,0,0.91040075,0.017423097,0.0015853649,0.00013158067,0.07045919
asthma_v2_asthma_P27WheezingRS_132.wav,4,3,0,0,0.86840904,0.011808605,0.0015501045,0.000116304625,0.118115835
asthma_v2_asthma_P35WheezingIE_173.wav,4,3,0,0,0.91089326,0.0026441861,0.07201941,0.00021876127,0.014224477
asthma_v2_asthma_P35WheezingIU_174.wav,4,3,0,0,0.7510902,0.10472208,0.13928899,0.0018807406,0.0030179392
asthma_v2_asthma_P35WheezingRL_171.wav,4,3,0,0,0.8205969,0.008837042,0.0012136654,0.0015048278,0.16784759
asthma_v2_asthma_P35WheezingRL_175.wav,4,3,0,0,0.9647708,0.007111718,0.0075805103,0.00011220219,0.020424737
asthma_v2_asthma_P35WheezingRS_172.wav,4,3,0,0,0.96852,0.0015274253,0.0062330207,2.9696585e-05,0.023689792
asthma_v2_asthma_P37WheezingIE_181.wav,4,3,0,0,0.9711179,0.0065962216,0.017804706,0.00018005114,0.0043010116
asthma_v2_asthma_P37WheezingIE_185.wav,4,3,0,0,0.9658749,0.0014361015,0.006378225,2.511507e-05,0.02628554
asthma_v2_asthma_P37WheezingIU_182.wav,4,3,0,0,0.9515481,0.004991255,0.00445077,0.00011672583,0.038893122
asthma_v2_asthma_P37WheezingRL_183.wav,4,3,0,0,0.9364511,0.004571552,0.01790948,2.5074294e-05,0.041042835
asthma_v2_asthma_P37WheezingRS_184.wav,4,3,0,0,0.9119861,0.006069062,0.07612499,0.00050808414,0.00531172
asthma_v2_asthma_P48WheezingIE_237.wav,4,3,0,0,0.9782426,0.0023574047,0.010671502,6.668661e-05,0.0086618895
asthma_v2_asthma_P48WheezingIU_238.wav,4,3,0,0,0.96829355,0.0016900977,0.006137042,2.7502829e-05,0.023851752
asthma_v2_asthma_P48WheezingRL_239.wav,4,3,0,0,0.9526372,0.00093450287,0.002044172,3.1284046e-05,0.044352863
asthma_v2_asthma_P48WheezingRS_236.wav,4,3,0,0,0.9229732,0.01693589,0.054226566,0.00014585734,0.005718477
asthma_v2_asthma_P48WheezingRS_240.wav,4,3,0,0,0.72983,0.041600205,0.006162573,0.0001204193,0.22228675
asthma_v2_asthma_P51WheezingIE_253.wav,4,3,0,0,0.90950114,0.010403508,0.0031483416,6.88111e-05,0.07687833
asthma_v2_asthma_P51WheezingIU_254.wav,4,3,0,0,0.97531235,0.0031030185,0.01067993,5.264908e-05,0.010852079
asthma_v2_asthma_P51WheezingRL_251.wav,4,3,0,0,0.93340635,0.010439464,0.01587574,3.7479178e-05,0.040240902
asthma_v2_asthma_P51WheezingRL_255.wav,4,3,0,0,0.9549006,0.0040758625,0.010234895,0.00016404812,0.03062463
asthma_v2_asthma_P51WheezingRS_252.wav,4,3,0,0,0.9635828,0.008399966,0.023823597,8.487287e-05,0.004108744
asthma_v2_asthma_P52WheezingIE_257.wav,4,3,0,0,0.9813276,0.004513859,0.005999012,3.4697423e-05,0.00812483
asthma_v2_asthma_P52WheezingIU_258.wav,4,3,0,0,0.6674011,0.0052292165,0.31794363,0.00023325573,0.009192816
asthma_v2_asthma_P52WheezingRL_259.wav,4,3,0,0,0.7688791,0.012612665,0.0015542147,0.0019705438,0.21498343
asthma_v2_asthma_P52WheezingRS_256.wav,4,3,0,0,0.92643136,0.0028254853,0.004415912,3.6569203e-05,0.06629066
asthma_v2_asthma_P52WheezingRS_260.wav,4,3,0,0,0.91596156,0.026567107,0.0010199397,0.0010620776,0.055389233
asthma_v2_asthma_P9AsthmaIE_41.wav,4,3,0,0,0.654963,0.06347355,0.0031769685,0.0029406121,0.27544582
asthma_v2_asthma_P9AsthmaIE_45.wav,4,3,0,0,0.7843774,0.11495339,0.0026253979,0.0010066337,0.09703718
asthma_v2_asthma_P9AsthmaIU_42.wav,4,3,0,0,0.8377241,0.003704478,0.0090868985,0.0022751652,0.14720936
asthma_v2_asthma_P9AsthmaRL_43.wav,4,3,0,0,0.73800176,0.09167332,0.009584454,0.0018479741,0.15889247
asthma_v2_asthma_P9AsthmaRS_44.wav,4,3,0,0,0.89051634,0.0050924933,0.0029930745,0.00060196273,0.10079614
asthma_v2_copd_P12COPDMc_90.wav,4,3,2,2,0.038319778,0.030315293,0.92606294,0.0019989829,0.0033030184
asthma_v2_copd_P12COPDMc_92.wav,4,3,2,0,0.6618427,0.17806631,0.15056308,0.00030259896,0.00922536
asthma_v2_copd_P12COPDMc_94.wav,4,3,2,2,0.33352742,0.018076168,0.5537089,0.00031643,0.0943711
asthma_v2_copd_P12COPDMc_96.wav,4,3,2,3,0.006843733,0.17395517,0.030757274,0.738868,0.049575794
asthma_v2_copd_P12COPDPr_89.wav,4,3,2,0,0.64009535,0.038732223,0.31130496,0.0014166986,0.008450705
asthma_v2_copd_P12COPDPr_91.wav,4,3,2,2,0.22603907,0.06695579,0.7031506,0.0022799084,0.0015746821
asthma_v2_copd_P12COPDPr_93.wav,4,3,2,0,0.8020104,0.029983634,0.06291652,0.000105765466,0.10498369
asthma_v2_copd_P12COPDPr_95.wav,4,3,2,2,0.007922963,0.20290734,0.39650422,0.32138106,0.07128435
asthma_v2_copd_P13COPDMc_100.wav,4,3,2,1,0.0004685975,0.7833288,0.21118833,0.0035357496,0.001478591
asthma_v2_copd_P13COPDMc_102.wav,4,3,2,4,0.0050116503,0.00047306367,0.11203726,0.0055120876,0.87696594
asthma_v2_copd_P13COPDMc_104.wav,4,3,2,2,0.0058360016,0.02656979,0.8962821,0.0025837156,0.06872834
asthma_v2_copd_P13COPDMc_98.wav,4,3,2,2,0.0058538704,0.08858367,0.65446866,0.16594115,0.08515261
asthma_v2_copd_P13COPDPr_101.wav,4,3,2,2,0.015974818,0.0023661216,0.64261174,0.0007686226,0.33827865
asthma_v2_copd_P13COPDPr_103.wav,4,3,2,4,0.026108494,0.0021272064,0.13563119,0.001578278,0.83455485
asthma_v2_copd_P13COPDPr_97.wav,4,3,2,1,0.0008303789,0.82918054,0.13701905,0.027266718,0.0057033836
asthma_v2_copd_P13COPDPr_99.wav,4,3,2,1,0.0030230167,0.80453956,0.06158705,0.118189834,0.012660497
asthma_v2_copd_P18COPDMc_138.wav,4,3,2,2,0.0009737329,0.00060571404,0.99337006,0.00040800104,0.0046424926
asthma_v2_copd_P18COPDMc_140.wav,4,3,2,2,0.000691204,0.0008754769,0.9936394,0.00039545295,0.00439841
asthma_v2_copd_P18COPDMc_142.wav,4,3,2,2,0.0107470825,0.0052940072,0.9555819,0.001366135,0.027010877
asthma_v2_copd_P18COPDMc_144.wav,4,3,2,1,0.000903865,0.77512485,0.20733063,0.015548039,0.001092615
asthma_v2_copd_P18COPDPr_137.wav,4,3,2,2,0.0023581467,0.00065391016,0.99146676,0.00020941583,0.0053117643
asthma_v2_copd_P18COPDPr_139.wav,4,3,2,2,0.000649803,0.00081664306,0.9955308,0.00029365916,0.002709066
asthma_v2_copd_P18COPDPr_141.wav,4,3,2,2,0.002848394,0.0052531967,0.98135906,0.0014408111,0.009098575
asthma_v2_copd_P18COPDPr_143.wav,4,3,2,2,7.318857e-05,0.00066814455,0.9985525,0.00042773568,0.0002783877
asthma_v2_copd_P27COPDMc_210.wav,4,3,2,2,0.00082698866,0.0017158826,0.9752607,0.013099309,0.009097245
asthma_v2_copd_P27COPDMc_212.wav,4,3,2,2,0.00025536382,0.0022579944,0.9964882,0.00021803922,0.0007803759
asthma_v2_copd_P27COPDMc_214.wav,4,3,2,2,0.0010256617,0.010793404,0.9680235,0.009297732,0.010859696
asthma_v2_copd_P27COPDMc_216.wav,4,3,2,2,0.00078103394,0.0052318256,0.9862612,0.0055043153,0.0022215873
asthma_v2_copd_P27COPDPr_209.wav,4,3,2,2,0.000100697034,0.0040015876,0.99517053,0.00051272416,0.00021442182
asthma_v2_copd_P27COPDPr_211.wav,4,3,2,2,0.0005989842,0.011461141,0.97757757,0.0076322174,0.00273008
asthma_v2_copd_P27COPDPr_213.wav,4,3,2,2,0.0036071064,0.001191645,0.8358297,0.034059934,0.12531164
asthma_v2_copd_P27COPDPr_215.wav,4,3,2,2,0.005665166,0.0033397968,0.9150272,0.061421037,0.014546775
asthma_v2_copd_P2COPDMc_10.wav,4,3,2,2,0.0027240764,0.00086884317,0.8801771,0.057811722,0.05841829
asthma_v2_copd_P2COPDMc_12.wav,4,3,2,0,0.7068271,0.14204201,0.14801598,0.0004583685,0.0026565283
asthma_v2_copd_P2COPDMc_14.wav,4,3,2,0,0.9882487,0.0028861486,0.005770016,0.00019137905,0.0029037504
asthma_v2_copd_P2COPDMc_16.wav,4,3,2,2,0.3212589,0.10900061,0.4710562,0.0011048442,0.09757948
asthma_v2_copd_P2COPDPr_11.wav,4,3,2,0,0.9168135,0.00231176,0.05898894,0.0010856412,0.020800123
asthma_v2_copd_P2COPDPr_13.wav,4,3,2,2,0.11095117,0.020213958,0.8665445,0.0008834151,0.0014069704
asthma_v2_copd_P2COPDPr_15.wav,4,3,2,0,0.96924645,0.0058557144,0.02036651,0.00037439313,0.004156918
asthma_v2_copd_P2COPDPr_9.wav,4,3,2,2,0.007025218,0.00044815653,0.7954469,0.11046083,0.08661891
asthma_v2_copd_P34COPDMc_266.wav,4,3,2,1,0.002382046,0.98586243,0.0035883542,0.00253567,0.0056314617
asthma_v2_copd_P34COPDMc_268.wav,4,3,2,1,0.0014669998,0.9910649,0.0047083343,0.00054959557,0.002210226
asthma_v2_copd_P34COPDMc_270.wav,4,3,2,1,0.001970249,0.6596176,0.33297524,0.0015723024,0.0038645929
asthma_v2_copd_P34COPDMc_272.wav,4,3,2,1,0.05541191,0.6346895,0.17438045,0.06265552,0.07286261
asthma_v2_copd_P34COPDPr_265.wav,4,3,2,1,0.00064270827,0.99168396,0.0045896233,0.0019610142,0.001122701
asthma_v2_copd_P34COPDPr_267.wav,4,3,2,1,0.025502486,0.90358526,0.033381086,0.0020970972,0.035434075
asthma_v2_copd_P34COPDPr_269.wav,4,3,2,1,0.06873409,0.5293607,0.3354171,0.018417504,0.048070624
asthma_v2_copd_P34COPDPr_271.wav,4,3,2,1,0.0067847874,0.8424967,0.113844596,0.0055141523,0.03135973
asthma_v2_copd_P36COPDMc_282.wav,4,3,2,2,0.008283492,0.058137104,0.919559,0.0005474814,0.01347293
asthma_v2_copd_P36COPDMc_284.wav,4,3,2,2,0.0088474685,0.018816361,0.84687316,0.06424127,0.061221793
asthma_v2_copd_P36COPDMc_286.wav,4,3,2,2,0.002137987,0.023623794,0.95299065,0.017553438,0.00369402
asthma_v2_copd_P36COPDMc_288.wav,4,3,2,2,0.0026685565,0.4267401,0.5688229,0.0004162992,0.0013521168
asthma_v2_copd_P36COPDPr_281.wav,4,3,2,2,0.0019101871,0.0496687,0.79149914,0.15047845,0.006443535
asthma_v2_copd_P36COPDPr_283.wav,4,3,2,2,0.006353411,0.016726768,0.96675825,0.00065485475,0.009506697
asthma_v2_copd_P36COPDPr_285.wav,4,3,2,2,0.00022042422,0.00675465,0.9916197,0.0009967817,0.00040839723
asthma_v2_copd_P36COPDPr_287.wav,4,3,2,2,0.0058762324,0.032382134,0.7088928,0.21655765,0.036291182
asthma_v2_copd_P41COPDMc_322.wav,4,3,2,2,0.00013661213,0.00072420086,0.9978872,0.0003298731,0.0009220664
asthma_v2_copd_P41COPDMc_324.wav,4,3,2,2,0.00019975608,0.00085542764,0.9976053,0.00027848463,0.0010609356
asthma_v2_copd_P41COPDMc_326.wav,4,3,2,2,0.000489719,0.0045823413,0.9878762,0.0018224515,0.0052292366
asthma_v2_copd_P41COPDMc_328.wav,4,3,2,3,0.0010703962,0.042093553,0.28465283,0.6588966,0.013286571
asthma_v2_copd_P41COPDPr_321.wav,4,3,2,2,0.00014183734,0.000545937,0.9978325,0.00048111717,0.0009986159
asthma_v2_copd_P41COPDPr_323.wav,4,3,2,2,0.00016575713,0.0075374767,0.9913833,0.0004988267,0.00041464227
asthma_v2_copd_P41COPDPr_325.wav,4,3,2,2,0.00015381302,0.0005501746,0.9981048,0.00022547015,0.0009657178
asthma_v2_copd_P41COPDPr_327.wav,4,3,2,2,0.00042130894,0.015369744,0.97017205,0.011754889,0.00228201
asthma_v2_copd_P47COPDMc_370.wav,4,3,2,2,0.0022034354,0.04495502,0.9281863,0.003802253,0.020853031
asthma_v2_copd_P47COPDMc_372.wav,4,3,2,3,0.0060993284,0.0071143485,0.44689944,0.52095866,0.01892823
asthma_v2_copd_P47COPDMc_374.wav,4,3,2,2,9.8454846e-05,0.0035073431,0.9958216,0.00044423717,0.00012840099
asthma_v2_copd_P47COPDMc_376.wav,4,3,2,2,0.00010699053,0.0025828169,0.99645436,0.00064860453,0.00020725826
asthma_v2_copd_P47COPDPr_369.wav,4,3,2,1,0.2627661,0.2830351,0.23262103,0.012952954,0.20862485
asthma_v2_copd_P47COPDPr_371.wav,4,3,2,2,0.068815544,0.099182345,0.7311484,0.003936588,0.096916996
asthma_v2_copd_P47COPDPr_373.wav,4,3,2,2,0.0084144985,0.029512834,0.6655188,0.2832418,0.013312026
asthma_v2_copd_P47COPDPr_375.wav,4,3,2,2,9.961712e-05,0.003675332,0.9957515,0.00035808593,0.0001154333
asthma_v2_copd_P48COPDMc_378.wav,4,3,2,2,8.7190245e-05,0.0006612513,0.998616,0.00044880263,0.00018677162
asthma_v2_copd_P48COPDMc_380.wav,4,3,2,1,0.0009858645,0.7292248,0.2557584,0.013551955,0.00047906762
asthma_v2_copd_P48COPDMc_382.wav,4,3,2,2,0.0033332924,0.0021799484,0.9803863,0.0004981348,0.013602278
asthma_v2_copd_P48COPDMc_384.wav,4,3,2,2,0.0008679252,0.010648944,0.98248035,0.001309504,0.0046931943
asthma_v2_copd_P48COPDPr_377.wav,4,3,2,2,9.465619e-05,0.0007938136,0.9987872,0.00018306862,0.0001412325
asthma_v2_copd_P48COPDPr_379.wav,4,3,2,2,0.00013787119,0.002144493,0.9968046,0.0006658285,0.0002472683
asthma_v2_copd_P48COPDPr_381.wav,4,3,2,2,0.00060305523,0.009666028,0.9855461,0.0031054541,0.0010793157
asthma_v2_copd_P48COPDPr_383.wav,4,3,2,2,0.00032317042,0.0035200582,0.99383825,0.0012462462,0.0010722311
asthma_v2_copd_P8COPDMc_58.wav,4,3,2,2,0.00023015024,0.00044514766,0.99852896,0.00013509991,0.0006605625
asthma_v2_copd_P8COPDMc_60.wav,4,3,2,2,0.00013714215,0.00061405665,0.99848723,0.00028443817,0.00047706033
asthma_v2_copd_P8COPDMc_62.wav,4,3,2,2,0.00024013527,0.0006902813,0.99691725,0.00026326306,0.001889084
asthma_v2_copd_P8COPDMc_64.wav,4,3,2,2,0.002386651,0.0012099781,0.9654919,0.00068197586,0.030229505
asthma_v2_copd_P8COPDPr_57.wav,4,3,2,2,0.00084298704,0.001585025,0.9954146,0.00048123422,0.0016760593
asthma_v2_copd_P8COPDPr_59.wav,4,3,2,2,0.0001626673,0.00037948354,0.9978975,0.00037039348,0.0011898753
asthma_v2_copd_P8COPDPr_61.wav,4,3,2,2,0.00016092582,0.0006155324,0.99821967,0.00022813675,0.0007756965
asthma_v2_copd_P8COPDPr_63.wav,4,3,2,2,0.00079064106,0.0006173907,0.9912621,0.00040202084,0.0069278562
asthma_v2_healthy_P15Healthy14S.wav,4,3,3,3,0.0045602205,0.17679968,0.056539923,0.73755246,0.024547784
asthma_v2_healthy_P15Healthy55S.wav,4,3,3,3,0.00043748735,0.016095834,0.00070135726,0.9816458,0.0011195478
asthma_v2_healthy_P15Healthy61S.wav,4,3,3,4,0.04128223,0.0013136808,0.0007144644,0.02351206,0.93317753
asthma_v2_healthy_P15Healthy65S.wav,4,3,3,3,0.00067597436,0.005348461,0.0019114516,0.99060506,0.001458973
asthma_v2_healthy_P15Healthy93S.wav,4,3,3,3,0.0080255745,0.059545666,0.039900575,0.8766135,0.015914753
asthma_v2_healthy_P16Healthy18S.wav,4,3,3,4,0.04128223,0.0013136808,0.0007144644,0.02351206,0.93317753
asthma_v2_healthy_P16Healthy19S.wav,4,3,3,3,0.015191302,0.0014781484,0.00161354,0.6404587,0.34125817
asthma_v2_healthy_P16Healthy26S.wav,4,3,3,4,0.08345077,0.0011605255,0.0004917776,0.11038582,0.8045111
asthma_v2_healthy_P16Healthy38S.wav,4,3,3,3,0.015191302,0.0014781484,0.00161354,0.6404587,0.34125817
asthma_v2_healthy_P16Healthy41S.wav,4,3,3,4,0.08345077,0.0011605255,0.0004917776,0.11038582,0.8045111
asthma_v2_healthy_P22Healthy36S.wav,4,3,3,4,0.058966424,0.00045085337,0.0046332516,0.3193954,0.6165542
asthma_v2_healthy_P22Healthy45S.wav,4,3,3,4,0.053996373,0.001861324,0.0016674167,0.12199437,0.82048047
asthma_v2_healthy_P22Healthy50S.wav,4,3,3,3,0.0072920993,0.0013104753,0.0009951636,0.95191616,0.03848616
asthma_v2_healthy_P22Healthy88S.wav,4,3,3,0,0.4062504,0.0018017986,0.0066607613,0.27409014,0.31119692
asthma_v2_healthy_P22Healthy94S.wav,4,3,3,4,0.05334273,0.0013088079,0.0007704581,0.17810006,0.76647794
asthma_v2_healthy_P23Healthy14S.wav,4,3,3,0,0.4062504,0.0018017986,0.0066607613,0.27409014,0.31119692
asthma_v2_healthy_P23Healthy24S.wav,4,3,3,3,0.011737408,0.001412634,0.0008290746,0.9264131,0.05960781
asthma_v2_healthy_P23Healthy72S.wav,4,3,3,4,0.029141676,0.0030322853,0.0010826639,0.35536888,0.6113745
asthma_v2_healthy_P23Healthy97S.wav,4,3,3,3,0.011737408,0.001412634,0.0008290746,0.9264131,0.05960781
asthma_v2_healthy_P23Healthy98S.wav,4,3,3,4,0.029141676,0.0030322853,0.0010826639,0.35536888,0.6113745
asthma_v2_healthy_P25Healthy20S.wav,4,3,3,3,0.014418336,0.004097447,0.0012437587,0.9713684,0.0088721225
asthma_v2_healthy_P25Healthy42S.wav,4,3,3,3,0.06774288,0.02300358,0.029933391,0.8332223,0.04609791
asthma_v2_healthy_P25Healthy72S.wav,4,3,3,3,0.036031928,0.0015336773,0.0035723227,0.88551617,0.07334591
asthma_v2_healthy_P25Healthy88S.wav,4,3,3,3,0.14687163,0.008844203,0.00045194654,0.646202,0.19763018
asthma_v2_healthy_P25Healthy97S.wav,4,3,3,4,0.016478565,0.0012118864,0.0021628987,0.18403892,0.79610777
asthma_v2_healthy_P7Healthy38S.wav,4,3,3,3,0.0010570033,0.019495392,0.0023369112,0.9744213,0.0026893332
asthma_v2_healthy_P7Healthy39S.wav,4,3,3,3,0.0010341095,0.01117679,0.0015938601,0.98426694,0.0019283419
asthma_v2_healthy_P7Healthy84S.wav,4,3,3,4,0.013975723,0.003866326,0.0011985757,0.2839397,0.6970197
asthma_v2_healthy_P7Healthy85S.wav,4,3,3,3,0.008070624,0.00084865285,0.0011504386,0.97010887,0.019821478
asthma_v2_healthy_P7Healthy94S.wav,4,3,3,3,0.0014308501,0.0074521885,0.0006253882,0.98473364,0.0057579405
asthma_v2_pneumonia_P1Pneumonia10T.wav,4,3,4,3,0.07562304,0.0036458431,0.00042175618,0.5859787,0.33433077
asthma_v2_pneumonia_P1Pneumonia39F.wav,4,3,4,4,0.02548566,0.00032717554,8.067714e-05,0.0137565145,0.96035
asthma_v2_pneumonia_P1Pneumonia41U.wav,4,3,4,4,0.038875643,0.00069743703,0.00016305754,0.06492514,0.89533865
asthma_v2_pneumonia_P1Pneumonia93D.wav,4,3,4,4,0.023272509,0.00013890864,0.0003159248,0.010122067,0.9661506
asthma_v2_pneumonia_P1Pneumonia94J.wav,4,3,4,4,0.028939093,0.0006769314,0.006345497,0.0253171,0.9387213
asthma_v2_pneumonia_P1Pneumonia97M.wav,4,3,4,4,0.025935449,0.0006485563,0.0010114324,0.13308589,0.83931863
asthma_v2_pneumonia_P20Pneumonia27V.wav,4,3,4,4,0.1647806,0.00060538796,0.102223106,0.1617498,0.57064104
asthma_v2_pneumonia_P20Pneumonia31P.wav,4,3,4,4,0.08660441,0.0009101837,0.11456032,0.20963675,0.58828825
asthma_v2_pneumonia_P20Pneumonia37V.wav,4,3,4,4,0.06486214,0.00054442475,0.20991145,0.12463272,0.60004926
asthma_v2_pneumonia_P20Pneumonia42B.wav,4,3,4,4,0.015121603,6.817676e-05,0.024331002,0.010722961,0.94975626
asthma_v2_pneumonia_P20Pneumonia58T.wav,4,3,4,4,0.057762373,0.00015017322,0.053060357,0.045739412,0.8432877
asthma_v2_pneumonia_P20Pneumonia84L.wav,4,3,4,4,0.12351471,0.00078646984,0.3062635,0.11337215,0.45606312
asthma_v2_pneumonia_P24Pneumonia21G.wav,4,3,4,4,0.0072894883,0.009356377,0.03747566,0.42666635,0.5192121
asthma_v2_pneumonia_P24Pneumonia54A.wav,4,3,4,4,0.011544093,7.5208045e-05,0.00021082383,0.005211766,0.98295814
asthma_v2_pneumonia_P24Pneumonia67G.wav,4,3,4,4,0.0074753985,4.855954e-05,0.009290822,0.071536444,0.91164887
asthma_v2_pneumonia_P24Pneumonia67Z.wav,4,3,4,4,0.21323001,0.0028915186,0.00054244965,0.06898674,0.71434927
asthma_v2_pneumonia_P24Pneumonia91X.wav,4,3,4,4,0.007831701,9.5981035e-05,0.020296225,0.03726338,0.93451273
asthma_v2_pneumonia_P24Pneumonia95T.wav,4,3,4,1,0.002558221,0.50474226,0.030323679,0.444825,0.017550897
asthma_v2_pneumonia_P26Pneumonia12X.wav,4,3,4,4,0.00988381,0.00051744335,0.0033252581,0.10787474,0.8783988
asthma_v2_pneumonia_P26Pneumonia66S.wav,4,3,4,4,0.009304306,0.00012217088,0.0018712119,0.012850519,0.9758518
asthma_v2_pneumonia_P26Pneumonia72P.wav,4,3,4,4,0.114254385,0.0030840165,0.00047140452,0.3544252,0.52776504
asthma_v2_pneumonia_P26Pneumonia83Z.wav,4,3,4,4,0.01681477,0.0009435402,0.0010369997,0.03256529,0.94863945
asthma_v2_pneumonia_P26Pneumonia84P.wav,4,3,4,4,0.02674531,0.0007490535,0.00086963974,0.20054531,0.77109075
asthma_v2_pneumonia_P26Pneumonia89E.wav,4,3,4,3,0.043368,0.0042041834,0.00057430484,0.87782794,0.074025586
asthma_v2_pneumonia_P28Pneumonia22W.wav,4,3,4,4,0.03080251,0.00023238982,0.00036792297,0.024643742,0.9439534
asthma_v2_pneumonia_P28Pneumonia43J.wav,4,3,4,4,0.044094507,0.00093247957,0.00016871713,0.086392395,0.8684119
asthma_v2_pneumonia_P28Pneumonia56Y.wav,4,3,4,4,0.05564103,0.0013819322,0.0002458581,0.08690635,0.85582477
asthma_v2_pneumonia_P28Pneumonia65J.wav,4,3,4,1,0.02734978,0.94131416,0.0022288149,0.010998174,0.018109035
asthma_v2_pneumonia_P28Pneumonia71A.wav,4,3,4,4,0.021346372,0.00016789259,0.0004599649,0.017181145,0.96084464
asthma_v2_pneumonia_P28Pneumonia90E.wav,4,3,4,1,0.34715527,0.39887837,0.0382065,0.0558265,0.15993336
asthma_v2_pneumonia_P2Pneumonia11Q.wav,4,3,4,4,0.09173832,0.00061528326,0.00042062977,0.05743815,0.84978765
asthma_v2_pneumonia_P2Pneumonia28R.wav,4,3,4,4,0.0651495,0.0032183873,0.00041510392,0.347479,0.583738
asthma_v2_pneumonia_P2Pneumonia36Z.wav,4,3,4,4,0.037085067,0.0002954572,0.00016159347,0.030824706,0.93163323
asthma_v2_pneumonia_P2Pneumonia70H.wav,4,3,4,4,0.016606791,0.00017426355,0.0001315508,0.012236384,0.970851
asthma_v2_pneumonia_P2Pneumonia82A.wav,4,3,4,4,0.10337938,0.00022928107,0.00045854357,0.00949354,0.88643926
asthma_v2_pneumonia_P2Pneumonia93N.wav,4,3,4,4,0.023888763,0.00010815148,0.00020473909,0.008118322,0.96768004
asthma_v2_pneumonia_P33Pneumonia50P.wav,4,3,4,4,0.04409111,0.003681167,0.00017046487,0.07297257,0.87908465
asthma_v2_pneumonia_P33Pneumonia70D.wav,4,3,4,4,0.014349854,0.000223492,0.0019646864,0.029523998,0.95393795
asthma_v2_pneumonia_P33Pneumonia74T.wav,4,3,4,4,0.071048275,0.00024343633,0.00018943008,0.02392447,0.9045943
asthma_v2_pneumonia_P33Pneumonia88U.wav,4,3,4,4,0.062277302,0.0005925496,0.00021591515,0.06093731,0.8759768
asthma_v2_pneumonia_P33Pneumonia94C.wav,4,3,4,4,0.075999364,0.00070471776,0.00044524498,0.13277699,0.79007375
asthma_v2_pneumonia_P33Pneumonia94P.wav,4,3,4,4,0.23312885,0.0017864782,0.00048122616,0.047305893,0.7172975
asthma_v2_pneumonia_P45Pneumonia10J.wav,4,3,4,4,0.016066553,0.0008140681,0.00058281585,0.04665062,0.93588597
asthma_v2_pneumonia_P45Pneumonia25T.wav,4,3,4,4,0.103816494,0.00040188045,0.0015036215,0.005573304,0.8887046
asthma_v2_pneumonia_P45Pneumonia29L.wav,4,3,4,4,0.07134734,0.0022954454,0.006985761,0.021479879,0.8978916
asthma_v2_pneumonia_P45Pneumonia51F.wav,4,3,4,4,0.052682072,0.00031201215,0.00073260977,0.019232338,0.92704093
asthma_v2_pneumonia_P45Pneumonia59I.wav,4,3,4,4,0.041184887,0.00020039623,0.0009574631,0.0060623745,0.9515949
asthma_v2_pneumonia_P45Pneumonia72P.wav,4,3,4,4,0.042451043,0.00057971524,0.0040639276,0.35249266,0.6004126
asthma_v2_pneumonia_P46Pneumonia15W.wav,4,3,4,3,0.011269648,0.0024534643,0.02109454,0.5533246,0.4118578
asthma_v2_pneumonia_P46Pneumonia22V.wav,4,3,4,4,0.059491236,0.0018866304,0.0018823001,0.04193253,0.8948074
asthma_v2_pneumonia_P46Pneumonia49D.wav,4,3,4,4,0.013037196,0.0005277643,0.01121957,0.2850053,0.6902102
asthma_v2_pneumonia_P46Pneumonia80D.wav,4,3,4,4,0.04412942,0.0016240766,0.0036589885,0.015653605,0.93493396
asthma_v2_pneumonia_P46Pneumonia95A.wav,4,3,4,4,0.024424342,0.00018036699,0.00085298525,0.03142111,0.94312114
asthma_v2_pneumonia_P46Pneumonia99Y.wav,4,3,4,3,0.007865237,0.0012221173,0.038487863,0.79019654,0.16222829
asthma_v2_pneumonia_P48Pneumonia31K.wav,4,3,4,4,0.04412942,0.0016240766,0.0036589885,0.015653605,0.93493396
asthma_v2_pneumonia_P48Pneumonia61T.wav,4,3,4,4,0.059491236,0.0018866304,0.0018823001,0.04193253,0.8948074
asthma_v2_pneumonia_P48Pneumonia82Z.wav,4,3,4,4,0.024424342,0.00018036699,0.00085298525,0.03142111,0.94312114
asthma_v2_pneumonia_P6Pneumonia15U.wav,4,3,4,4,0.008295186,0.00013989158,0.0142228445,0.052532542,0.9248096
asthma_v2_pneumonia_P6Pneumonia17Q.wav,4,3,4,4,0.010033774,0.000116552976,0.0077976803,0.05458483,0.9274672
asthma_v2_pneumonia_P6Pneumonia32L.wav,4,3,4,4,0.007900648,0.00013789114,0.005357421,0.0010631543,0.9855408
asthma_v2_pneumonia_P6Pneumonia37H.wav,4,3,4,4,0.010259085,0.00040043262,0.045591783,0.014923998,0.9288247
asthma_v2_pneumonia_P6Pneumonia39O.wav,4,3,4,4,0.0055360356,0.00010792214,0.010991956,0.013487851,0.9698762
asthma_v2_pneumonia_P6Pneumonia84M.wav,4,3,4,4,0.0060966113,0.00021387286,0.03833776,0.029302992,0.9260489
asthma_v2_Bronchial_P15BronchialSc_72.wav,4,4,1,1,0.00066269055,0.95800525,0.003996421,0.036973976,0.00036176704
asthma_v2_Bronchial_P15BronchialSc_74.wav,4,4,1,1,0.00023930405,0.982755,0.00809228,0.008593513,0.00031982712
asthma_v2_Bronchial_P15BronchialTc_71.wav,4,4,1,1,8.9290574e-05,0.9914522,0.005406704,0.0026809052,0.00037089872
asthma_v2_Bronchial_P15BronchialTc_73.wav,4,4,1,1,9.5061834e-05,0.99577796,0.0031246112,0.0008797461,0.00012260712
asthma_v2_Bronchial_P15BronchialTc_75.wav,4,4,1,1,0.0006088844,0.95344335,0.044429537,0.0010876147,0.0004305965
asthma_v2_Bronchial_P18BronchialSc_86.wav,4,4,1,1,0.0038247842,0.90093076,0.00368154,0.089060254,0.00250265
asthma_v2_Bronchial_P18BronchialSc_88.wav,4,4,1,1,6.746459e-05,0.99792695,0.0009602517,0.0009529312,9.242888e-05
asthma_v2_Bronchial_P18BronchialSc_90.wav,4,4,1,1,0.0024005445,0.9558834,0.029221402,0.00500715,0.0074874205
asthma_v2_Bronchial_P18BronchialTc_87.wav,4,4,1,1,0.00046384337,0.94714195,0.031515505,0.018741785,0.0021369518
asthma_v2_Bronchial_P18BronchialTc_89.wav,4,4,1,1,0.00029977484,0.99178773,0.0039906446,0.0037880833,0.00013376045
asthma_v2_Bronchial_P8BronchialSc_36.wav,4,4,1,1,0.00019477204,0.94173944,0.056405578,0.0015863627,7.379308e-05
asthma_v2_Bronchial_P8BronchialSc_38.wav,4,4,1,1,7.0965296e-05,0.99622715,0.0027579062,0.0009183527,2.5575346e-05
asthma_v2_Bronchial_P8BronchialSc_40.wav,4,4,1,1,9.440348e-05,0.9882868,0.008342238,0.0032416296,3.4976994e-05
asthma_v2_Bronchial_P8BronchialTc_37.wav,4,4,1,1,0.00022676599,0.96321064,0.032699764,0.0037122185,0.00015064009
asthma_v2_Bronchial_P8BronchialTc_39.wav,4,4,1,1,8.56328e-05,0.99329823,0.004290661,0.0022990548,2.6445734e-05
asthma_v2_Bronchial_P9BronchialSc_42.wav,4,4,1,1,0.00046396692,0.94361573,0.05367719,0.0012171246,0.0010260332
asthma_v2_Bronchial_P9BronchialSc_44.wav,4,4,1,1,0.0005312371,0.634505,0.36248615,0.0022276253,0.000250018
asthma_v2_Bronchial_P9BronchialTc_41.wav,4,4,1,1,0.00037680316,0.88575244,0.097331725,0.01616137,0.00037768536
asthma_v2_Bronchial_P9BronchialTc_43.wav,4,4,1,1,0.0018250558,0.5851814,0.40783307,0.0034333228,0.001727093
asthma_v2_Bronchial_P9BronchialTc_45.wav,4,4,1,1,0.00021260297,0.9755197,0.022274684,0.0019070324,8.601232e-05
asthma_v2_asthma_P10AsthmaIE_49.wav,4,4,0,0,0.6305969,0.0043926467,0.0026660273,0.00075341784,0.3615911
asthma_v2_asthma_P10AsthmaIU_46.wav,4,4,0,0,0.8639024,0.0024820678,0.0023652127,0.00047621006,0.13077414
asthma_v2_asthma_P10AsthmaIU_50.wav,4,4,0,0,0.5767973,0.33036417,0.008205068,0.006941703,0.07769175
asthma_v2_asthma_P10AsthmaRL_47.wav,4,4,0,0,0.7161903,0.050182663,0.005232489,0.0026340785,0.22576053
asthma_v2_asthma_P10AsthmaRS_48.wav,4,4,0,4,0.4946489,0.005415122,0.0028958647,0.0010414401,0.4959987
asthma_v2_asthma_P12WheezingIE_57.wav,4,4,0,0,0.696648,0.0028605321,0.0042141713,0.0010430737,0.29523423
asthma_v2_asthma_P12WheezingIU_58.wav,4,4,0,0,0.5240615,0.00177995,0.0035762875,0.00057132286,0.470011
asthma_v2_asthma_P12WheezingRL_59.wav,4,4,0,0,0.72448754,0.0019294522,0.0010032842,0.00082052493,0.27175915
asthma_v2_asthma_P12WheezingRS_56.wav,4,4,0,0,0.6403962,0.0010900692,0.0021243545,0.00044141506,0.35594797
asthma_v2_asthma_P12WheezingRS_60.wav,4,4,0,0,0.8383661,0.012820836,0.0029581448,0.001076931,0.14477797
asthma_v2_asthma_P19WheezingIE_93.wav,4,4,0,0,0.9900158,0.0015918864,0.0029273422,0.00027613153,0.0051888204
asthma_v2_asthma_P19WheezingIU_94.wav,4,4,0,0,0.9884576,0.0009219946,0.0018644094,0.00010589331,0.008650165
asthma_v2_asthma_P19WheezingRL_91.wav,4,4,0,0,0.9733969,0.0003776062,0.0009821776,1.898248e-05,0.025224365
asthma_v2_asthma_P19WheezingRL_95.wav,4,4,0,0,0.9887714,0.0008071998,0.0013515268,2.4636416e-05,0.009045271
asthma_v2_asthma_P19WheezingRS_92.wav,4,4,0,0,0.9008876,0.010469912,0.080329515,0.0023540086,0.005958906
asthma_v2_asthma_P21WheezingIE_101.wav,4,4,0,0,0.98775256,0.00025412583,0.0019215344,6.2640385e-05,0.010009133
asthma_v2_asthma_P21WheezingIE_105.wav,4,4,0,0,0.9859388,0.0028130233,0.0071721897,5.178431e-05,0.004024219
asthma_v2_asthma_P21WheezingIU_102.wav,4,4,0,0,0.9735424,0.002930933,0.018268768,0.0005675512,0.0046903575
asthma_v2_asthma_P21WheezingRL_103.wav,4,4,0,0,0.98939425,0.0009418405,0.0062170406,0.0003078512,0.0031390288
asthma_v2_asthma_P21WheezingRS_104.wav,4,4,0,0,0.973886,0.0041871555,0.0056290356,2.134996e-05,0.016276518
asthma_v2_asthma_P2AsthmaIE_9.wav,4,4,0,0,0.77668166,0.0014521626,0.0019159664,0.0006524389,0.21929772
asthma_v2_asthma_P2AsthmaIU_10.wav,4,4,0,0,0.9490175,0.00052496034,0.0007438754,0.00044385483,0.04926977
asthma_v2_asthma_P2AsthmaIU_6.wav,4,4,0,0,0.9846178,0.0013080066,0.0067121857,2.489869e-05,0.007337042
asthma_v2_asthma_P2AsthmaRL_7.wav,4,4,0,0,0.6498283,0.002934609,0.0015801613,0.0008314534,0.34482545
asthma_v2_asthma_P2AsthmaRS_8.wav,4,4,0,0,0.7380011,0.008483404,0.004447303,0.0022810875,0.24678712
asthma_v2_asthma_P31WheezingIE_153.wav,4,4,0,0,0.9771039,0.00031602057,0.007981909,0.00012716495,0.01447096
asthma_v2_asthma_P31WheezingIU_154.wav,4,4,0,0,0.90750337,0.007815353,0.03228706,0.00232808,0.05006619
asthma_v2_asthma_P31WheezingRL_151.wav,4,4,0,0,0.77205396,0.0025155512,0.002455511,7.039331e-05,0.2229046
asthma_v2_asthma_P31WheezingRL_155.wav,4,4,0,0,0.98733705,0.00077161676,0.0009968869,0.00018216902,0.010712153
asthma_v2_asthma_P31WheezingRS_152.wav,4,4,0,0,0.98499924,0.0009310762,0.0019985982,3.6288446e-05,0.012034855
asthma_v2_asthma_P33WheezingIE_161.wav,4,4,0,0,0.9311995,0.0009953318,0.000998343,0.00012604907,0.06668079
asthma_v2_asthma_P33WheezingIE_165.wav,4,4,0,0,0.99282926,0.00028457094,0.0013161576,4.490516e-05,0.005525097
asthma_v2_asthma_P33WheezingIU_162.wav,4,4,0,0,0.9910778,0.0007915668,0.0032000435,1.5541978e-05,0.0049150484
asthma_v2_asthma_P33WheezingRL_163.wav,4,4,0,0,0.98653877,0.0007631578,0.0012651079,7.967777e-05,0.011353276
asthma_v2_asthma_P33WheezingRS_164.wav,4,4,0,0,0.98748636,0.001028742,0.0051610554,1.5379253e-05,0.0063084075
asthma_v2_asthma_P36WheezingIE_177.wav,4,4,0,0,0.9177395,0.025607213,0.053470746,0.0009530698,0.0022293753
asthma_v2_asthma_P36WheezingIU_178.wav,4,4,0,0,0.97567856,0.0008917517,0.01296349,9.207348e-06,0.010457045
asthma_v2_asthma_P36WheezingRL_179.wav,4,4,0,2,0.16358891,0.04000212,0.793659,0.0012942541,0.0014556617
asthma_v2_asthma_P36WheezingRS_176.wav,4,4,0,2,0.39462546,0.027734399,0.572016,0.0047062445,0.0009178171
asthma_v2_asthma_P36WheezingRS_180.wav,4,4,0,0,0.6712855,0.0023836922,0.32203886,0.00065079913,0.0036411323
asthma_v2_asthma_P46WheezingIE_229.wav,4,4,0,2,0.030573403,0.012167873,0.9566325,0.0004851226,0.0001410759
asthma_v2_asthma_P46WheezingIU_226.wav,4,4,0,0,0.51004875,0.05901045,0.42799705,0.0009277863,0.0020159835
asthma_v2_asthma_P46WheezingIU_230.wav,4,4,0,0,0.8628652,0.002829787,0.12156799,1.6961647e-05,0.0127201155
asthma_v2_asthma_P46WheezingRL_227.wav,4,4,0,2,0.19138429,0.018867748,0.7879317,0.0012140134,0.00060227717
asthma_v2_asthma_P46WheezingRS_228.wav,4,4,0,0,0.6853947,0.09001741,0.2020263,0.0014113602,0.021150263
asthma_v2_asthma_P47WheezingIE_233.wav,4,4,0,0,0.98886627,0.00073547754,0.0059727696,1.2507158e-05,0.0044129784
asthma_v2_asthma_P47WheezingIU_234.wav,4,4,0,0,0.9669453,0.0010610375,0.02207136,1.2214679e-05,0.00991011
asthma_v2_asthma_P47WheezingRL_231.wav,4,4,0,0,0.95247614,0.00031209795,0.041573193,1.8671843e-05,0.005619829
asthma_v2_asthma_P47WheezingRL_235.wav,4,4,0,0,0.68964523,0.028635338,0.27910358,0.00057984015,0.0020360402
asthma_v2_asthma_P47WheezingRS_232.wav,4,4,0,0,0.9673717,0.0009827578,0.016411874,3.081702e-05,0.015202936
asthma_v2_asthma_P49WheezingIE_241.wav,4,4,0,0,0.9688502,0.0007725086,0.022000216,4.171099e-05,0.008335296
asthma_v2_asthma_P49WheezingIE_245.wav,4,4,0,2,0.32935005,0.00308469,0.6621168,0.0028626502,0.0025857047
asthma_v2_asthma_P49WheezingIU_242.wav,4,4,0,0,0.5302051,0.0005886079,0.46125805,0.00010169771,0.007846542
asthma_v2_asthma_P49WheezingRL_243.wav,4,4,0,2,0.37511417,0.013584833,0.5821953,0.0048074946,0.024298279
asthma_v2_asthma_P49WheezingRS_244.wav,4,4,0,0,0.968888,0.0018222965,0.025495911,0.00021455166,0.0035792491
asthma_v2_asthma_P50WheezingIE_249.wav,4,4,0,0,0.9795588,0.001944095,0.008740731,6.0023474e-05,0.009696153
asthma_v2_asthma_P50WheezingIU_246.wav,4,4,0,2,0.4660654,0.0011069563,0.52586544,3.2084372e-05,0.0069301296
asthma_v2_asthma_P50WheezingIU_250.wav,4,4,0,0,0.98000103,0.0014414756,0.010839369,3.4029286e-05,0.0076840953
asthma_v2_asthma_P50WheezingRL_247.wav,4,4,0,2,0.43478796,0.0006742182,0.5392457,0.00035066338,0.024941465
asthma_v2_asthma_P50WheezingRS_248.wav,4,4,0,0,0.62524617,0.010218604,0.3622319,2.873597e-05,0.0022746795
asthma_v2_asthma_P6AsthmaIE_29.wav,4,4,0,0,0.80349004,0.059294235,0.0028311438,0.0058795293,0.12850502
asthma_v2_asthma_P6AsthmaIU_26.wav,4,4,0,0,0.77122813,0.00038490415,0.0031826103,0.0002940121,0.22491033
asthma_v2_asthma_P6AsthmaIU_30.wav,4,4,0,0,0.903955,0.005408559,0.00068365864,0.0013370371,0.088615894
asthma_v2_asthma_P6AsthmaRL_27.wav,4,4,0,0,0.9157368,0.00053744594,0.0038740064,0.00022423711,0.079627484
asthma_v2_asthma_P6AsthmaRS_28.wav,4,4,0,0,0.8666105,0.01959345,0.091016024,0.0049036904,0.017876297
asthma_v2_copd_P15COPDMc_114.wav,4,4,2,2,0.22784811,0.0019250417,0.750856,0.0024183665,0.01695249
asthma_v2_copd_P15COPDMc_116.wav,4,4,2,2,0.40332964,0.05405199,0.5409424,0.0013082811,0.00036770498
asthma_v2_copd_P15COPDMc_118.wav,4,4,2,0,0.5266013,0.005500501,0.45028317,0.0006995601,0.01691548
asthma_v2_copd_P15COPDMc_120.wav,4,4,2,2,0.37678528,0.0009917817,0.57216704,0.00019255659,0.049863335
asthma_v2_copd_P15COPDPr_113.wav,4,4,2,2,0.062435374,0.19448712,0.7371416,0.005247064,0.0006888327
asthma_v2_copd_P15COPDPr_115.wav,4,4,2,0,0.656564,0.0018595514,0.33532152,4.74796e-05,0.006207378
asthma_v2_copd_P15COPDPr_117.wav,4,4,2,0,0.579014,0.016526522,0.39276925,0.00011132552,0.011578921
asthma_v2_copd_P15COPDPr_119.wav,4,4,2,2,0.0647078,0.12756513,0.8069418,0.0003003793,0.0004848505
asthma_v2_copd_P1COPDMc_2.wav,4,4,2,2,0.042681087,0.0029960005,0.9413369,0.01058583,0.0024001605
asthma_v2_copd_P1COPDMc_4.wav,4,4,2,2,0.0028489106,0.0030490898,0.9832722,0.00046591446,0.010363786
asthma_v2_copd_P1COPDMc_6.wav,4,4,2,2,0.02018571,0.008514632,0.7423662,0.09972994,0.12920348
asthma_v2_copd_P1COPDMc_8.wav,4,4,2,2,0.0001169816,0.00045638083,0.99811506,0.00032879878,0.0009827577
asthma_v2_copd_P1COPDPr_1.wav,4,4,2,0,0.91654944,0.0068787797,0.07269997,4.072348e-05,0.0038310061
asthma_v2_copd_P1COPDPr_3.wav,4,4,2,2,0.29174274,0.0016353648,0.7051997,5.819265e-05,0.0013640405
asthma_v2_copd_P1COPDPr_5.wav,4,4,2,2,0.0040429602,0.00183282,0.8915622,0.00126824,0.1012937
asthma_v2_copd_P1COPDPr_7.wav,4,4,2,2,0.029196844,0.0055452716,0.7555744,0.07576027,0.13392313
asthma_v2_copd_P26COPDMc_202.wav,4,4,2,2,0.0011823889,0.0071302275,0.989199,0.00022524358,0.0022632
asthma_v2_copd_P26COPDMc_204.wav,4,4,2,2,0.0006283879,0.011625128,0.9866716,0.0004438193,0.00063103513
asthma_v2_copd_P26COPDMc_206.wav,4,4,2,2,0.0026687586,0.15613912,0.8179289,0.0003261547,0.022937091
asthma_v2_copd_P26COPDMc_208.wav,4,4,2,1,0.02112007,0.48014393,0.45442936,0.008956215,0.0353504
asthma_v2_copd_P26COPDPr_201.wav,4,4,2,2,0.0009675467,0.032945253,0.96038216,0.00029805448,0.0054069357
asthma_v2_copd_P26COPDPr_203.wav,4,4,2,2,0.0001901185,0.00068940956,0.9980702,0.00016435553,0.00088589126
asthma_v2_copd_P26COPDPr_205.wav,4,4,2,2,0.0005031079,0.0019344804,0.9944054,0.00042634024,0.0027307747
asthma_v2_copd_P26COPDPr_207.wav,4,4,2,2,0.015719945,0.11102913,0.7304464,0.0012733666,0.14153108
asthma_v2_copd_P28COPDMc_218.wav,4,4,2,2,9.11092e-05,0.00023290301,0.9991961,0.00017259258,0.00030730036
asthma_v2_copd_P28COPDMc_220.wav,4,4,2,2,0.0002073745,0.00048811224,0.9984054,0.00036075024,0.00053838664
asthma_v2_copd_P28COPDMc_222.wav,4,4,2,2,0.00045467576,0.0051431376,0.9903486,0.0005182697,0.0035353308
asthma_v2_copd_P28COPDMc_224.wav,4,4,2,2,0.0008577339,0.0041459766,0.9924845,0.0012529517,0.0012589195
asthma_v2_copd_P28COPDPr_217.wav,4,4,2,2,0.0010493335,0.009822906,0.98562986,0.0014430243,0.002054947
asthma_v2_copd_P28COPDPr_219.wav,4,4,2,2,0.00040264364,0.0020325622,0.9889663,0.006550537,0.002047909
asthma_v2_copd_P28COPDPr_221.wav,4,4,2,2,0.0007883381,0.017527942,0.9746088,0.0001878244,0.0068871668
asthma_v2_copd_P28COPDPr_223.wav,4,4,2,2,0.006739571,0.010814096,0.76906544,0.000528158,0.21285275
asthma_v2_copd_P32COPDMc_250.wav,4,4,2,0,0.62445116,0.00068535365,0.3632314,0.00019290991,0.01143925
asthma_v2_copd_P32COPDMc_252.wav,4,4,2,0,0.59606814,0.0014708034,0.40058684,0.00024800026,0.0016262247
asthma_v2_copd_P32COPDMc_254.wav,4,4,2,2,0.18278667,0.011299501,0.8047651,0.00067311566,0.0004756376
asthma_v2_copd_P32COPDMc_256.wav,4,4,2,2,0.1201386,0.0432869,0.83500916,0.0009854911,0.0005798561
asthma_v2_copd_P32COPDPr_249.wav,4,4,2,0,0.7889634,0.0007704595,0.20151775,0.00045899308,0.008289416
asthma_v2_copd_P32COPDPr_251.wav,4,4,2,1,0.0039654067,0.584103,0.41029128,0.0007987454,0.00084152905
asthma_v2_copd_P32COPDPr_253.wav,4,4,2,2,0.09948936,0.004502796,0.894642,0.0009697068,0.00039613852
asthma_v2_copd_P32COPDPr_255.wav,4,4,2,0,0.7463379,0.012686401,0.17568348,0.000119246804,0.06517298
asthma_v2_copd_P33COPDMc_258.wav,4,4,2,4,0.25046626,0.00033603195,0.07925667,0.03443964,0.63550144
asthma_v2_copd_P33COPDMc_260.wav,4,4,2,2,0.001961632,0.0010636239,0.9438237,0.0033342016,0.04981687
asthma_v2_copd_P33COPDMc_262.wav,4,4,2,2,0.0006544252,0.0024588583,0.9935454,0.0001796078,0.0031616644
asthma_v2_copd_P33COPDMc_264.wav,4,4,2,2,0.006096202,0.14783691,0.7917857,0.0014365519,0.052844577
asthma_v2_copd_P33COPDPr_257.wav,4,4,2,2,0.013442656,0.0038076171,0.98205686,0.0005522634,0.00014056786
asthma_v2_copd_P33COPDPr_259.wav,4,4,2,2,0.0050242813,0.0018454684,0.780084,0.006234776,0.20681144
asthma_v2_copd_P33COPDPr_261.wav,4,4,2,2,0.0007500815,0.048264626,0.9498296,0.00019177826,0.0009639967
asthma_v2_copd_P33COPDPr_263.wav,4,4,2,2,0.0012322004,0.0039426675,0.9890954,0.00011863202,0.005611139
asthma_v2_copd_P46COPDMc_362.wav,4,4,2,2,0.000186631,0.0003674951,0.9984401,0.000252921,0.0007528431
asthma_v2_copd_P46COPDMc_364.wav,4,4,2,2,0.00029368128,0.0005936166,0.99814796,0.0002102225,0.0007544482
asthma_v2_copd_P46COPDMc_366.wav,4,4,2,2,0.00024553243,0.00035645935,0.9977373,0.0001494059,0.0015113216
asthma_v2_copd_P46COPDMc_368.wav,4,4,2,2,0.00073115143,0.0032108475,0.9937057,0.0018180663,0.00053423125
asthma_v2_copd_P46COPDPr_361.wav,4,4,2,2,0.00038456864,0.0014916111,0.99685055,0.00021800517,0.0010552111
asthma_v2_copd_P46COPDPr_363.wav,4,4,2,2,0.0060419925,0.013070813,0.804683,0.16395722,0.012246955
asthma_v2_copd_P46COPDPr_365.wav,4,4,2,2,0.00013351462,0.00031173232,0.9984995,0.00017266479,0.00088254095
asthma_v2_copd_P46COPDPr_367.wav,4,4,2,2,0.00018538992,0.0012208885,0.99728453,0.00043930154,0.0008698221
asthma_v2_copd_P4COPDMc_26.wav,4,4,2,2,0.0005384493,0.00022648071,0.9859802,0.00069304585,0.012561844
asthma_v2_copd_P4COPDMc_28.wav,4,4,2,2,0.00011425235,0.00023812731,0.998494,0.00019041648,0.0009632387
asthma_v2_copd_P4COPDMc_30.wav,4,4,2,2,0.0010716723,0.035079554,0.95097244,0.012447586,0.0004287321
asthma_v2_copd_P4COPDMc_32.wav,4,4,2,2,0.0101578,0.0015775912,0.9834299,0.0035940355,0.0012406124
asthma_v2_copd_P4COPDPr_25.wav,4,4,2,2,0.00016782978,0.00021522208,0.99771935,0.0004106011,0.0014870021
asthma_v2_copd_P4COPDPr_27.wav,4,4,2,2,0.00018487823,0.00014104623,0.99815506,0.00014237863,0.0013766035
asthma_v2_copd_P4COPDPr_29.wav,4,4,2,2,6.0059603e-05,0.00013222334,0.99907994,0.00011731691,0.0006104266
asthma_v2_copd_P4COPDPr_31.wav,4,4,2,2,0.00026412462,0.0074809296,0.9907093,0.0013557109,0.0001899418
asthma_v2_copd_P7COPDMc_50.wav,4,4,2,2,0.002418377,0.0027667463,0.7268193,0.24297956,0.025016014
asthma_v2_copd_P7COPDMc_52.wav,4,4,2,3,0.002007526,0.017418085,0.16569632,0.7974722,0.017405909
asthma_v2_copd_P7COPDMc_54.wav,4,4,2,2,0.0010521983,0.001318695,0.88600147,0.074641526,0.036986053
asthma_v2_copd_P7COPDMc_56.wav,4,4,2,3,0.0011996954,0.025248671,0.293982,0.675575,0.003994641
asthma_v2_copd_P7COPDPr_49.wav,4,4,2,2,0.0008415382,0.003256263,0.9854279,0.0030589353,0.0074154013
asthma_v2_copd_P7COPDPr_51.wav,4,4,2,3,0.010758634,0.010474466,0.21872167,0.67240316,0.08764204
asthma_v2_copd_P7COPDPr_53.wav,4,4,2,3,0.0068533085,0.081010275,0.07694107,0.63597333,0.19922201
asthma_v2_copd_P7COPDPr_55.wav,4,4,2,2,0.0015353264,0.13216998,0.5748312,0.2907981,0.0006654598
asthma_v2_healthy_P12Healthy16S.wav,4,4,3,4,0.008695829,0.0067697065,0.12655292,0.032223165,0.82575834
asthma_v2_healthy_P12Healthy67S.wav,4,4,3,3,0.0053570834,0.006627681,0.018079855,0.94743323,0.022502132
asthma_v2_healthy_P12Healthy93S.wav,4,4,3,3,0.0021205947,0.007505615,0.023628578,0.9424804,0.024264868
asthma_v2_healthy_P12Healthy98S.wav,4,4,3,3,0.0054692226,0.0020860867,0.18654826,0.6045063,0.20139019
asthma_v2_healthy_P12Healthy99S.wav,4,4,3,3,0.00027938563,0.23900929,0.0030620932,0.7569612,0.0006879198
asthma_v2_healthy_P13Healthy28S.wav,4,4,3,3,0.00046125884,0.12176904,0.013033901,0.86214906,0.00258679
asthma_v2_healthy_P13Healthy42S.wav,4,4,3,3,0.0009938165,0.014353795,0.09518677,0.88474864,0.0047170483
asthma_v2_healthy_P13Healthy48S.wav,4,4,3,3,0.0005351024,0.08631175,0.030490505,0.88211614,0.0005464088
asthma_v2_healthy_P13Healthy53S.wav,4,4,3,3,0.00025465977,0.029739501,0.008248582,0.9599406,0.0018166419
asthma_v2_healthy_P13Healthy69S.wav,4,4,3,4,0.15430835,0.006681223,0.1406694,0.034079626,0.6642614
asthma_v2_healthy_P17Healthy22S.wav,4,4,3,4,0.006180765,0.0006869158,0.0025383318,0.011507812,0.9790861
asthma_v2_healthy_P17Healthy35S.wav,4,4,3,4,0.0069921166,0.00018656172,0.004444248,0.0029697004,0.98540735
asthma_v2_healthy_P17Healthy58S.wav,4,4,3,3,0.0038802614,0.0024501963,0.0015768204,0.9819301,0.010162587
asthma_v2_healthy_P17Healthy71S.wav,4,4,3,4,0.056861915,0.0077332617,0.058322504,0.35413748,0.52294487
asthma_v2_healthy_P17Healthy83S.wav,4,4,3,3,0.008825699,0.0069351736,0.02930791,0.89763105,0.057300173
asthma_v2_healthy_P18Healthy17S.wav,4,4,3,3,0.003556753,0.0020629263,0.0030008717,0.9795237,0.011855742
asthma_v2_healthy_P18Healthy46S.wav,4,4,3,4,0.016933182,0.0074387053,0.00868813,0.04058296,0.9263571
asthma_v2_healthy_P18Healthy59S.wav,4,4,3,4,0.04893274,0.0043964027,0.00089744787,0.053303145,0.89247036
asthma_v2_healthy_P18Healthy79S.wav,4,4,3,3,0.0031048579,0.0014365386,0.0029293206,0.98345023,0.009079074
asthma_v2_healthy_P18Healthy98S.wav,4,4,3,3,0.0066324645,0.0045382087,0.004140178,0.9755872,0.009101887
asthma_v2_healthy_P24Healthy51S.wav,4,4,3,4,0.008326404,0.00061887346,0.0019269313,0.077189885,0.91193795
asthma_v2_healthy_P24Healthy58S.wav,4,4,3,4,0.1195044,0.03721651,0.1848603,0.042481203,0.6159376
asthma_v2_healthy_P24Healthy62S.wav,4,4,3,3,0.030433714,0.0016946822,0.0020197749,0.6155295,0.35032234
asthma_v2_healthy_P24Healthy63S.wav,4,4,3,3,0.05360262,0.059891265,0.013155993,0.6213629,0.25198725
asthma_v2_healthy_P24Healthy95S.wav,4,4,3,4,0.019196464,0.002814288,0.02480068,0.02596201,0.9272266
asthma_v2_healthy_P5Healthy10S.wav,4,4,3,3,0.0008708938,0.00377369,0.0022261525,0.9847419,0.008387426
asthma_v2_healthy_P5Healthy57S.wav,4,4,3,4,0.018488519,0.0002906288,0.031590067,0.13213664,0.8174942
asthma_v2_healthy_P5Healthy87S.wav,4,4,3,3,0.0012376822,0.0015739468,0.0035443539,0.97527814,0.018365916
asthma_v2_healthy_P5Healthy92S.wav,4,4,3,3,0.00059747894,0.007534105,0.008852452,0.9806685,0.0023475247
asthma_v2_healthy_P5Healthy96S.wav,4,4,3,4,0.025222797,0.0030538067,0.033923466,0.16122888,0.7765711
asthma_v2_pneumonia_P13Pneumonia20R.wav,4,4,4,4,0.09893906,0.0007164723,0.05695342,0.012574798,0.83081615
asthma_v2_pneumonia_P13Pneumonia26N.wav,4,4,4,4,0.0024325883,8.3606436e-05,0.0021953718,0.0028557235,0.9924326
asthma_v2_pneumonia_P13Pneumonia33Z.wav,4,4,4,4,0.02466442,0.00013391321,0.0070068045,0.0031977256,0.9649971
asthma_v2_pneumonia_P13Pneumonia60R.wav,4,4,4,4,0.0031159646,5.688659e-05,0.0028782145,0.0025810204,0.991368
asthma_v2_pneumonia_P13Pneumonia94T.wav,4,4,4,4,0.0037355497,0.00013686054,0.0057832343,0.0044102655,0.9859342
asthma_v2_pneumonia_P13Pneumonia99T.wav,4,4,4,4,0.069955245,0.00024288104,0.027648369,0.0014969624,0.90065646
asthma_v2_pneumonia_P16Pneumonia18Z.wav,4,4,4,4,0.01583854,6.061609e-05,0.001806257,0.0090072695,0.9732872
asthma_v2_pneumonia_P16Pneumonia42Q.wav,4,4,4,4,0.03509652,0.000105430576,0.0005051227,0.0046266257,0.95966625
asthma_v2_pneumonia_P16Pneumonia56J.wav,4,4,4,4,0.03537384,0.00032550393,0.008054933,0.11832009,0.8379257
asthma_v2_pneumonia_P16Pneumonia66X.wav,4,4,4,4,0.006626515,5.4017568e-05,0.00067385525,0.012405022,0.9802405
asthma_v2_pneumonia_P16Pneumonia78M.wav,4,4,4,4,0.018847886,4.0826766e-05,0.00039805705,0.003488813,0.97722447
asthma_v2_pneumonia_P16Pneumonia80G.wav,4,4,4,4,0.041355196,0.0012336923,0.032696474,0.24114308,0.6835716
asthma_v2_pneumonia_P17Pneumonia49T.wav,4,4,4,4,0.00779872,0.000109518565,0.0002795007,0.0023150116,0.9894972
asthma_v2_pneumonia_P17Pneumonia51I.wav,4,4,4,3,0.0044437386,0.00081340095,0.025445169,0.6583395,0.3109582
asthma_v2_pneumonia_P17Pneumonia57K.wav,4,4,4,4,0.012992901,0.00020613211,0.0002050547,0.002535385,0.9840605
asthma_v2_pneumonia_P17Pneumonia63G.wav,4,4,4,4,0.023866598,0.00019782022,0.00035310918,0.0043926067,0.9711898
asthma_v2_pneumonia_P17Pneumonia86O.wav,4,4,4,4,0.008311797,0.013061125,0.30289614,0.05492476,0.6208061
asthma_v2_pneumonia_P17Pneumonia91K.wav,4,4,4,3,0.003674497,0.0019329357,0.009597188,0.9279746,0.056820802
asthma_v2_pneumonia_P27Pneumonia25R.wav,4,4,4,4,0.005011936,5.251798e-05,0.0004918033,0.0015406949,0.99290305
asthma_v2_pneumonia_P27Pneumonia28K.wav,4,4,4,4,0.060948476,0.003949641,0.013732505,0.0035466803,0.91782266
asthma_v2_pneumonia_P27Pneumonia37T.wav,4,4,4,4,0.008274169,0.00012542495,0.024374867,0.045820914,0.9214048
asthma_v2_pneumonia_P27Pneumonia48G.wav,4,4,4,4,0.016834158,0.00027419746,0.05073657,0.060660534,0.87149453
asthma_v2_pneumonia_P27Pneumonia62C.wav,4,4,4,4,0.011166468,0.00030688805,0.0024593235,0.00475444,0.9813129
asthma_v2_pneumonia_P27Pneumonia77J.wav,4,4,4,4,0.0049810554,0.00017173697,0.023853883,0.012228047,0.9587653
asthma_v2_pneumonia_P32Pneumonia59Q.wav,4,4,4,4,0.002824253,7.6078104e-05,0.0014177454,0.018017093,0.97766477
asthma_v2_pneumonia_P32Pneumonia66M.wav,4,4,4,4,0.006497652,4.5050474e-05,0.0054895333,0.0116508985,0.9763168
asthma_v2_pneumonia_P32Pneumonia69E.wav,4,4,4,4,0.024088431,7.869387e-05,0.0010749813,0.006086419,0.9686715
asthma_v2_pneumonia_P32Pneumonia75E.wav,4,4,4,4,0.009439263,0.00030737638,0.0017580559,0.029318973,0.9591764
asthma_v2_pneumonia_P32Pneumonia98Y.wav,4,4,4,4,0.014003333,0.0001794346,0.0002799399,0.0039983704,0.98153895
asthma_v2_pneumonia_P32Pneumonia99W.wav,4,4,4,4,0.014880653,0.00017765557,0.00022343904,0.0028208208,0.9818974
asthma_v2_pneumonia_P35Pneumonia16F.wav,4,4,4,4,0.02726633,0.0003832325,0.0011634956,0.022556469,0.94863045
asthma_v2_pneumonia_P35Pneumonia46U.wav,4,4,4,4,0.005842689,0.00011040463,0.006242426,0.027552573,0.9602519
asthma_v2_pneumonia_P35Pneumonia56D.wav,4,4,4,4,0.01515055,0.00070515,0.006757919,0.24420825,0.73317814
asthma_v2_pneumonia_P35Pneumonia57I.wav,4,4,4,4,0.13025862,0.0008805379,0.00084057177,0.07389745,0.7941229
asthma_v2_pneumonia_P35Pneumonia75E.wav,4,4,4,4,0.016485909,0.00033026843,0.0004531706,0.006005425,0.9767253
asthma_v2_pneumonia_P35Pneumonia99V.wav,4,4,4,4,0.0032754177,3.720552e-05,0.001972834,0.0061421082,0.98857236
asthma_v2_pneumonia_P41Pneumonia17O.wav,4,4,4,0,0.7357598,0.00075668923,0.1525406,4.2778123e-05,0.110900156
asthma_v2_pneumonia_P41Pneumonia25E.wav,4,4,4,2,0.01692631,0.029586945,0.7543059,0.0002562064,0.19892466
asthma_v2_pneumonia_P41Pneumonia31S.wav,4,4,4,0,0.9822037,0.00046243725,0.00106113,2.6800684e-05,0.016245915
asthma_v2_pneumonia_P41Pneumonia41D.wav,4,4,4,2,0.037850652,0.0025542611,0.8644314,0.0003328625,0.09483087
asthma_v2_pneumonia_P41Pneumonia71Q.wav,4,4,4,4,0.2340061,0.0019873034,0.16971351,0.05098109,0.543312
asthma_v2_pneumonia_P41Pneumonia72U.wav,4,4,4,0,0.98576987,0.00093632186,0.0022631842,1.9198962e-05,0.011011439
asthma_v2_pneumonia_P42Pneumonia27A.wav,4,4,4,0,0.972218,0.002669812,0.014180354,2.0451864e-05,0.010911408
asthma_v2_pneumonia_P42Pneumonia46D.wav,4,4,4,0,0.8253544,0.0142977815,0.054470584,7.649997e-05,0.105800696
asthma_v2_pneumonia_P42Pneumonia47W.wav,4,4,4,0,0.8185055,0.005625978,0.15935104,0.00047579623,0.016041646
asthma_v2_pneumonia_P42Pneumonia63L.wav,4,4,4,4,0.02278827,0.00022570995,0.022509947,0.0015383263,0.9529376
asthma_v2_pneumonia_P42Pneumonia67F.wav,4,4,4,0,0.98452574,0.00082350575,0.005807389,1.8503275e-05,0.008824903
asthma_v2_pneumonia_P42Pneumonia69S.wav,4,4,4,0,0.5614383,0.06398638,0.25946173,0.0001005816,0.11501302
asthma_v2_pneumonia_P8Pneumonia11O.wav,4,4,4,0,0.68667096,0.22629407,0.029319927,0.0118048135,0.045910217
asthma_v2_pneumonia_P8Pneumonia14Z.wav,4,4,4,3,0.12881376,0.07063926,0.013283532,0.52388763,0.2633758
asthma_v2_pneumonia_P8Pneumonia16Z.wav,4,4,4,3,0.032048568,0.0038011142,0.0012467101,0.8052149,0.15768872
asthma_v2_pneumonia_P8Pneumonia20O.wav,4,4,4,4,0.0028552224,0.00019526161,0.01801856,0.008719483,0.9702115
asthma_v2_pneumonia_P8Pneumonia23N.wav,4,4,4,0,0.740393,0.16611409,0.034398846,0.026410954,0.032683093
asthma_v2_pneumonia_P8Pneumonia28V.wav,4,4,4,4,0.022933023,0.0011386977,0.000500659,0.11879143,0.8566361
