file_id,repeat,fold,y_true,y_pred,p_asthma,p_bronchial,p_copd,p_healthy,p_pneumonia
asthma_v2_Bronchial_P11BronchialSc_52.wav,0,0,1,3,0.028625984,0.010227466,0.0062773367,0.757804,0.19706522
asthma_v2_Bronchial_P11BronchialSc_54.wav,0,0,1,3,0.0531344,0.015854403,0.008556885,0.6189959,0.30345845
asthma_v2_Bronchial_P11BronchialTc_51.wav,0,0,1,1,0.00095327094,0.8819541,0.1104444,0.0060601616,0.00058811175
asthma_v2_Bronchial_P11BronchialTc_53.wav,0,0,1,3,0.029579857,0.014525002,0.004257576,0.8389764,0.11266112
asthma_v2_Bronchial_P11BronchialTc_55.wav,0,0,1,0,0.6891124,0.280798,0.0075121345,0.008107898,0.0144695565
asthma_v2_Bronchial_P14BronchialSc_66.wav,0,0,1,0,0.5473854,0.22847058,0.15785393,0.01632848,0.04996158
asthma_v2_Bronchial_P14BronchialSc_68.wav,0,0,1,0,0.48502982,0.22044173,0.24359299,0.023105891,0.027829593
asthma_v2_Bronchial_P14BronchialSc_70.wav,0,0,1,1,0.0009518875,0.8921441,0.029462887,0.074135005,0.0033061502
asthma_v2_Bronchial_P14BronchialTc_67.wav,0,0,1,0,0.4378372,0.2489509,0.2723138,0.022241909,0.018656226
asthma_v2_Bronchial_P14BronchialTc_69.wav,0,0,1,0,0.6270011,0.123294905,0.21552108,0.012434871,0.021748085
asthma_v2_Bronchial_P16BronchialSc_76.wav,0,0,1,3,0.012351347,0.354963,0.11464886,0.4646342,0.05340258
asthma_v2_Bronchial_P16BronchialSc_78.wav,0,0,1,1,0.0025024118,0.86597866,0.033005577,0.086525865,0.01198751
asthma_v2_Bronchial_P16BronchialSc_80.wav,0,0,1,1,0.015674232,0.52733177,0.23726955,0.1563136,0.06341078
asthma_v2_Bronchial_P16BronchialTc_77.wav,0,0,1,1,0.0097207,0.46878916,0.080743425,0.38358936,0.05715728
asthma_v2_Bronchial_P16BronchialTc_79.wav,0,0,1,1,0.00049762364,0.9646337,0.017137557,0.016633559,0.0010976156
asthma_v2_Bronchial_P18BronchialSc_86.wav,0,0,1,3,0.023482762,0.26334354,0.11672696,0.4903906,0.10605605
asthma_v2_Bronchial_P18BronchialSc_88.wav,0,0,1,1,0.0006361293,0.95969474,0.029487323,0.0090628015,0.0011190553
asthma_v2_Bronchial_P18BronchialSc_90.wav,0,0,1,1,0.001203078,0.88575387,0.10692457,0.004977436,0.0011411216
asthma_v2_Bronchial_P18BronchialTc_87.wav,0,0,1,1,0.0013647589,0.883378,0.042981323,0.06545496,0.0068209637
asthma_v2_Bronchial_P18BronchialTc_89.wav,0,0,1,1,0.0009330356,0.9012138,0.089617826,0.0076235128,0.0006118308
asthma_v2_Bronchial_P7BronchialSc_32.wav,0,0,1,1,0.00061892,0.93347484,0.059823945,0.005573493,0.00050876074
asthma_v2_Bronchial_P7BronchialSc_34.wav,0,0,1,1,0.00050261663,0.96431464,0.025153035,0.009301787,0.00072782126
asthma_v2_Bronchial_P7BronchialTc_31.wav,0,0,1,1,0.0027238599,0.77442884,0.12871508,0.084186725,0.009945442
asthma_v2_Bronchial_P7BronchialTc_33.wav,0,0,1,1,0.00060556445,0.9197809,0.07016696,0.008881163,0.0005654028
asthma_v2_Bronchial_P7BronchialTc_35.wav,0,0,1,1,0.0012972663,0.80727136,0.16204165,0.02779683,0.0015928182
asthma_v2_Bronchial_P9BronchialSc_42.wav,0,0,1,1,0.0014704817,0.8172562,0.1767551,0.0030463818,0.0014718295
asthma_v2_Bronchial_P9BronchialSc_44.wav,0,0,1,1,0.003090685,0.58205634,0.40742064,0.0050551393,0.0023771566
asthma_v2_Bronchial_P9BronchialTc_41.wav,0,0,1,1,0.001097164,0.80923456,0.1707904,0.017340131,0.0015376832
asthma_v2_Bronchial_P9BronchialTc_43.wav,0,0,1,1,0.0027586217,0.6011575,0.3780379,0.011263117,0.006782861
asthma_v2_Bronchial_P9BronchialTc_45.wav,0,0,1,1,0.0005507323,0.94514257,0.04663439,0.00692891,0.0007433799
asthma_v2_asthma_P15WheezingIE_73.wav,0,0,0,0,0.8370526,0.103432305,0.004329442,0.011749833,0.04343587
asthma_v2_asthma_P15WheezingIU_74.wav,0,0,0,0,0.73399836,0.09062298,0.00900942,0.0146122165,0.1517571
asthma_v2_asthma_P15WheezingRL_71.wav,0,0,0,0,0.76956755,0.087061726,0.005319948,0.018174876,0.11987587
asthma_v2_asthma_P15WheezingRL_75.wav,0,0,0,0,0.84014463,0.09830809,0.0054835714,0.0070255003,0.049038194
asthma_v2_asthma_P15WheezingRS_72.wav,0,0,0,0,0.9590433,0.017758418,0.0037026494,0.0006522333,0.018843304
asthma_v2_asthma_P21WheezingIE_101.wav,0,0,0,0,0.8984821,0.032535568,0.023854867,0.0037899003,0.041337598
asthma_v2_asthma_P21WheezingIE_105.wav,0,0,0,0,0.85298634,0.09596211,0.03459969,0.0015133839,0.014938515
asthma_v2_asthma_P21WheezingIU_102.wav,0,0,0,0,0.73418444,0.21725123,0.017464234,0.006193331,0.024906708
asthma_v2_asthma_P21WheezingRL_103.wav,0,0,0,0,0.90946245,0.0391236,0.023583999,0.00271368,0.02511626
asthma_v2_asthma_P21WheezingRS_104.wav,0,0,0,0,0.80078214,0.07584272,0.050325625,0.0023027328,0.07074678
asthma_v2_asthma_P27WheezingIE_133.wav,0,0,0,0,0.79559106,0.07923879,0.08512232,0.0025561748,0.03749163
asthma_v2_asthma_P27WheezingIU_134.wav,0,0,0,0,0.87431616,0.06356385,0.027213108,0.0024492207,0.03245759
asthma_v2_asthma_P27WheezingRL_131.wav,0,0,0,0,0.8803897,0.014792008,0.057984635,0.0007848234,0.04604888
asthma_v2_asthma_P27WheezingRL_135.wav,0,0,0,0,0.85347486,0.046201672,0.02574193,0.0044945786,0.070087016
asthma_v2_asthma_P27WheezingRS_132.wav,0,0,0,0,0.8519584,0.03655906,0.039407276,0.0017109143,0.070364445
asthma_v2_asthma_P34WheezingIE_169.wav,0,0,0,0,0.89925647,0.05967142,0.026620338,0.001842391,0.012609361
asthma_v2_asthma_P34WheezingIU_166.wav,0,0,0,0,0.8377492,0.040828224,0.028334338,0.005287015,0.0878013
asthma_v2_asthma_P34WheezingIU_170.wav,0,0,0,0,0.8639596,0.08703423,0.004379524,0.0082850065,0.036341663
asthma_v2_asthma_P34WheezingRL_167.wav,0,0,0,0,0.7967746,0.12914614,0.048202462,0.005673687,0.020203197
asthma_v2_asthma_P34WheezingRS_168.wav,0,0,0,0,0.8897449,0.029707266,0.043926954,0.0022021027,0.03441883
asthma_v2_asthma_P35WheezingIE_173.wav,0,0,0,0,0.72993565,0.015778214,0.21183348,0.0036874206,0.03876524
asthma_v2_asthma_P35WheezingIU_174.wav,0,0,0,0,0.46323746,0.3791521,0.11696052,0.01977377,0.020876149
asthma_v2_asthma_P35WheezingRL_171.wav,0,0,0,0,0.9083387,0.03543939,0.0033018764,0.003883492,0.049036518
asthma_v2_asthma_P35WheezingRL_175.wav,0,0,0,0,0.7161311,0.0844566,0.10357249,0.036450796,0.05938903
asthma_v2_asthma_P35WheezingRS_172.wav,0,0,0,0,0.8671845,0.011367454,0.07318339,0.0017151153,0.046549525
asthma_v2_asthma_P37WheezingIE_181.wav,0,0,0,0,0.81069326,0.03697048,0.11936309,0.0055958554,0.027377276
asthma_v2_asthma_P37WheezingIE_185.wav,0,0,0,0,0.80641264,0.009483336,0.083476104,0.002572609,0.09805534
asthma_v2_asthma_P37WheezingIU_182.wav,0,0,0,0,0.7755532,0.03714097,0.1366585,0.0048977337,0.045749538
asthma_v2_asthma_P37WheezingRL_183.wav,0,0,0,0,0.84488106,0.009461669,0.08726383,0.00126937,0.057124037
asthma_v2_asthma_P37WheezingRS_184.wav,0,0,0,0,0.66990846,0.0714775,0.22364976,0.0094940895,0.025470143
asthma_v2_asthma_P39WheezingIE_193.wav,0,0,0,0,0.71865225,0.040438015,0.20940585,0.00342073,0.028083174
asthma_v2_asthma_P39WheezingIU_194.wav,0,0,0,0,0.5683735,0.035468012,0.34595463,0.0042627095,0.04594116
asthma_v2_asthma_P39WheezingRL_191.wav,0,0,0,0,0.6952665,0.0155291455,0.12853011,0.0023563646,0.1583179
asthma_v2_asthma_P39WheezingRL_195.wav,0,0,0,0,0.74259484,0.036917035,0.18372394,0.0055893026,0.031174932
asthma_v2_asthma_P39WheezingRS_192.wav,0,0,0,0,0.78532225,0.05594879,0.12400506,0.0021866045,0.032537337
asthma_v2_asthma_P49WheezingIE_241.wav,0,0,0,0,0.7856301,0.038941264,0.092267446,0.008095786,0.07506527
asthma_v2_asthma_P49WheezingIE_245.wav,0,0,0,0,0.62459314,0.046321232,0.2568756,0.012616033,0.05959402
asthma_v2_asthma_P49WheezingIU_242.wav,0,0,0,0,0.73313624,0.018052077,0.1763231,0.0040336973,0.06845494
asthma_v2_asthma_P49WheezingRL_243.wav,0,0,0,0,0.54776794,0.044499103,0.30163637,0.014860638,0.091235936
asthma_v2_asthma_P49WheezingRS_244.wav,0,0,0,0,0.7754137,0.036573216,0.12885453,0.0061805863,0.05297793
asthma_v2_asthma_P51WheezingIE_253.wav,0,0,0,0,0.7115525,0.015993724,0.137029,0.00338753,0.13203718
asthma_v2_asthma_P51WheezingIU_254.wav,0,0,0,0,0.83281994,0.00998061,0.12307084,0.0016920868,0.032436527
asthma_v2_asthma_P51WheezingRL_251.wav,0,0,0,0,0.7276582,0.015595322,0.15796387,0.0023592399,0.096423455
asthma_v2_asthma_P51WheezingRL_255.wav,0,0,0,0,0.7747422,0.010263402,0.080587104,0.0064702295,0.12793703
asthma_v2_asthma_P51WheezingRS_252.wav,0,0,0,0,0.7553331,0.01752532,0.15468685,0.0030880342,0.06936669
asthma_v2_copd_P17COPDMc_130.wav,0,0,2,2,0.0012649825,0.12329771,0.8557558,0.017072797,0.0026086497
asthma_v2_copd_P17COPDMc_132.wav,0,0,2,2,0.0035548687,0.005816358,0.9789123,0.0007639836,0.010952533
asthma_v2_copd_P17COPDMc_134.wav,0,0,2,2,0.010737931,0.005274752,0.95925355,0.000439696,0.02429416
asthma_v2_copd_P17COPDMc_136.wav,0,0,2,2,0.001393187,0.004356937,0.988361,0.00064635545,0.0052425563
asthma_v2_copd_P17COPDPr_129.wav,0,0,2,2,0.0014053914,0.004872828,0.98744196,0.00066794903,0.0056117927
asthma_v2_copd_P17COPDPr_131.wav,0,0,2,2,0.0011737559,0.0062476345,0.9869609,0.0012703962,0.0043473765
asthma_v2_copd_P17COPDPr_133.wav,0,0,2,2,0.002024281,0.0038662166,0.98491305,0.00056254084,0.008633901
asthma_v2_copd_P17COPDPr_135.wav,0,0,2,2,0.0013966995,0.0038528873,0.9883537,0.000566126,0.005830533
asthma_v2_copd_P23COPDMc_178.wav,0,0,2,3,0.0039650877,0.07368027,0.09056468,0.78670406,0.04508591
asthma_v2_copd_P23COPDMc_180.wav,0,0,2,2,0.01706968,0.08993862,0.50205934,0.15874054,0.2321919
asthma_v2_copd_P23COPDMc_182.wav,0,0,2,2,0.0010532188,0.085762724,0.9038261,0.0068622017,0.002495802
asthma_v2_copd_P23COPDMc_184.wav,0,0,2,2,0.002683418,0.0999464,0.88222164,0.009413294,0.005735286
asthma_v2_copd_P23COPDPr_177.wav,0,0,2,3,0.018964361,0.088196404,0.20862669,0.62108225,0.06313028
asthma_v2_copd_P23COPDPr_179.wav,0,0,2,3,0.011690966,0.09058299,0.13610616,0.5329278,0.2286921
asthma_v2_copd_P23COPDPr_181.wav,0,0,2,2,0.018167784,0.058643043,0.561697,0.05014658,0.31134552
asthma_v2_copd_P23COPDPr_183.wav,0,0,2,2,0.0016664249,0.07448709,0.9126798,0.007585567,0.003581079
asthma_v2_copd_P31COPDMc_242.wav,0,0,2,2,0.003680357,0.018015105,0.95158887,0.015648454,0.011067179
asthma_v2_copd_P31COPDMc_244.wav,0,0,2,2,0.0039879973,0.102034464,0.8789536,0.0070833047,0.007940672
asthma_v2_copd_P31COPDMc_246.wav,0,0,2,2,0.43514243,0.08026844,0.44974154,0.00880893,0.02603877
asthma_v2_copd_P31COPDMc_248.wav,0,0,2,0,0.7147874,0.026757777,0.22613181,0.004973838,0.027349211
asthma_v2_copd_P31COPDPr_241.wav,0,0,2,2,0.0038612727,0.025519982,0.92051643,0.009584141,0.040518124
asthma_v2_copd_P31COPDPr_243.wav,0,0,2,2,0.021818785,0.056449495,0.4433252,0.28173918,0.19666742
asthma_v2_copd_P31COPDPr_245.wav,0,0,2,2,0.29291597,0.21174234,0.4613887,0.014683551,0.019269459
asthma_v2_copd_P31COPDPr_247.wav,0,0,2,0,0.61863405,0.05475723,0.29511845,0.00521277,0.026277507
asthma_v2_copd_P32COPDMc_250.wav,0,0,2,0,0.4756567,0.00909866,0.2978014,0.0084975045,0.20894577
asthma_v2_copd_P32COPDMc_252.wav,0,0,2,0,0.6588784,0.048270725,0.24835522,0.0074896794,0.037005957
asthma_v2_copd_P32COPDMc_254.wav,0,0,2,0,0.61706233,0.028079852,0.29150537,0.0054847705,0.057867717
asthma_v2_copd_P32COPDMc_256.wav,0,0,2,0,0.54151237,0.09039244,0.32558805,0.012567653,0.029939512
asthma_v2_copd_P32COPDPr_249.wav,0,0,2,0,0.6919623,0.034363043,0.14507832,0.0046427934,0.1239535
asthma_v2_copd_P32COPDPr_251.wav,0,0,2,2,0.008214814,0.3995951,0.57541513,0.008582253,0.008192742
asthma_v2_copd_P32COPDPr_253.wav,0,0,2,2,0.3890806,0.12202087,0.45204532,0.009466665,0.027386505
asthma_v2_copd_P32COPDPr_255.wav,0,0,2,2,0.37335643,0.026162589,0.4651972,0.005238642,0.13004516
asthma_v2_copd_P36COPDMc_282.wav,0,0,2,2,0.002837364,0.075284585,0.91308326,0.0040000887,0.004794747
asthma_v2_copd_P36COPDMc_284.wav,0,0,2,2,0.011426709,0.063366964,0.86953163,0.01596979,0.039704908
asthma_v2_copd_P36COPDMc_286.wav,0,0,2,2,0.0022807322,0.050616764,0.9401721,0.0018805285,0.0050499495
asthma_v2_copd_P36COPDMc_288.wav,0,0,2,2,0.0011351914,0.25501832,0.7410501,0.0017215008,0.0010749345
asthma_v2_copd_P36COPDPr_281.wav,0,0,2,2,0.00439332,0.07235003,0.8997004,0.0090235,0.014532687
asthma_v2_copd_P36COPDPr_283.wav,0,0,2,2,0.0034788041,0.1441986,0.8414208,0.003727854,0.0071739056
asthma_v2_copd_P36COPDPr_285.wav,0,0,2,2,0.00064985367,0.009851175,0.9873914,0.0006270207,0.0014805568
asthma_v2_copd_P36COPDPr_287.wav,0,0,2,2,0.0025847498,0.040053226,0.94720995,0.0045263367,0.0056257104
asthma_v2_copd_P41COPDMc_322.wav,0,0,2,2,0.0011476456,0.0034133857,0.98887736,0.0007494295,0.005812148
asthma_v2_copd_P41COPDMc_324.wav,0,0,2,2,0.001312879,0.0060726223,0.9846485,0.00083613186,0.0071298117
asthma_v2_copd_P41COPDMc_326.wav,0,0,2,2,0.0016629128,0.02827514,0.9582124,0.0024652171,0.009384381
asthma_v2_copd_P41COPDMc_328.wav,0,0,2,2,0.0021065276,0.21313278,0.67865306,0.09830507,0.0078026014
asthma_v2_copd_P41COPDPr_321.wav,0,0,2,2,0.0012169658,0.0036044319,0.98769546,0.00081856473,0.006664643
asthma_v2_copd_P41COPDPr_323.wav,0,0,2,2,0.0012927684,0.024901688,0.9687602,0.0011687857,0.0038765504
asthma_v2_copd_P41COPDPr_325.wav,0,0,2,2,0.0012885698,0.004811501,0.98752534,0.00063320855,0.00574143
asthma_v2_copd_P41COPDPr_327.wav,0,0,2,2,0.0010346426,0.067726694,0.9196446,0.0067954767,0.004798578
asthma_v2_copd_P45COPDMc_354.wav,0,0,2,2,0.01498096,0.030004788,0.7999875,0.017604405,0.13742241
asthma_v2_copd_P45COPDMc_356.wav,0,0,2,2,0.006924571,0.17753872,0.74734074,0.0343824,0.03381361
asthma_v2_copd_P45COPDMc_358.wav,0,0,2,3,0.13619082,0.017826004,0.02304896,0.5898241,0.23311019
asthma_v2_copd_P45COPDMc_360.wav,0,0,2,4,0.16302983,0.015789822,0.0225968,0.28231212,0.5162714
asthma_v2_copd_P45COPDPr_353.wav,0,0,2,2,0.030314917,0.044841245,0.7547932,0.009841702,0.16020896
asthma_v2_copd_P45COPDPr_355.wav,0,0,2,2,0.0015353379,0.3273222,0.65742475,0.009230751,0.0044869366
asthma_v2_copd_P45COPDPr_357.wav,0,0,2,2,0.010683948,0.16091987,0.50152475,0.20266226,0.12420912
asthma_v2_copd_P45COPDPr_359.wav,0,0,2,4,0.43954042,0.014732503,0.03497907,0.04356804,0.46718004
asthma_v2_copd_P50COPDMc_394.wav,0,0,2,2,0.002302813,0.14690456,0.7989766,0.042167038,0.009648946
asthma_v2_copd_P50COPDMc_396.wav,0,0,2,2,0.0012206284,0.09716966,0.85626096,0.038554396,0.0067943744
asthma_v2_copd_P50COPDMc_398.wav,0,0,2,2,0.0013372526,0.0346109,0.95718044,0.0027337337,0.0041376604
asthma_v2_copd_P50COPDMc_400.wav,0,0,2,2,0.00091900805,0.035780445,0.9577919,0.0030815091,0.002427129
asthma_v2_copd_P50COPDPr_393.wav,0,0,2,2,0.0025377418,0.24157426,0.6378407,0.10578879,0.012258517
asthma_v2_copd_P50COPDPr_395.wav,0,0,2,2,0.004389083,0.02884215,0.93908757,0.008415518,0.019265695
asthma_v2_copd_P50COPDPr_397.wav,0,0,2,2,0.0016977636,0.029359788,0.9537811,0.006455326,0.008706022
asthma_v2_copd_P50COPDPr_399.wav,0,0,2,2,0.0011436149,0.033088267,0.9593967,0.0028842927,0.0034870317
asthma_v2_copd_P6COPDMc_42.wav,0,0,2,2,0.004919916,0.037801202,0.9051709,0.014101396,0.03800651
asthma_v2_copd_P6COPDMc_44.wav,0,0,2,2,0.009882282,0.005738504,0.8570741,0.0058304654,0.1214747
asthma_v2_copd_P6COPDMc_46.wav,0,0,2,2,0.001532089,0.013851722,0.96380854,0.007528656,0.013278967
asthma_v2_copd_P6COPDMc_48.wav,0,0,2,2,0.009360503,0.021221977,0.8173456,0.031486247,0.12058559
asthma_v2_copd_P6COPDPr_41.wav,0,0,2,2,0.0057845516,0.007031811,0.952736,0.0025286265,0.03191901
asthma_v2_copd_P6COPDPr_43.wav,0,0,2,2,0.0016436267,0.018713368,0.9737061,0.0018288697,0.0041080383
asthma_v2_copd_P6COPDPr_45.wav,0,0,2,2,0.0017630004,0.014097759,0.95665145,0.009894443,0.017593289
asthma_v2_copd_P6COPDPr_47.wav,0,0,2,3,0.023839232,0.07058858,0.25313345,0.53556645,0.11687226
asthma_v2_healthy_P10Healthy10S.wav,0,0,3,2,0.018326089,0.06560741,0.4500405,0.19322094,0.27280504
asthma_v2_healthy_P10Healthy14S.wav,0,0,3,3,0.023178296,0.01874762,0.03983515,0.6651945,0.25304446
asthma_v2_healthy_P10Healthy61S.wav,0,0,3,3,0.013054885,0.008498079,0.041039366,0.5410365,0.3963712
asthma_v2_healthy_P10Healthy65S.wav,0,0,3,3,0.011562385,0.009573433,0.020717295,0.62192404,0.33622286
asthma_v2_healthy_P10Healthy93S.wav,0,0,3,3,0.009199518,0.017101223,0.021636896,0.7963843,0.15567814
asthma_v2_healthy_P13Healthy28S.wav,0,0,3,1,0.0009824085,0.7585173,0.04820047,0.18539225,0.006907492
asthma_v2_healthy_P13Healthy42S.wav,0,0,3,3,0.0071810833,0.20220695,0.046157364,0.6935076,0.050946936
asthma_v2_healthy_P13Healthy48S.wav,0,0,3,3,0.002761738,0.1280915,0.03549676,0.8192106,0.014439439
asthma_v2_healthy_P13Healthy53S.wav,0,0,3,3,0.0044711456,0.33662623,0.067537345,0.56866986,0.02269538
asthma_v2_healthy_P13Healthy69S.wav,0,0,3,4,0.12602471,0.028994694,0.11172314,0.13560241,0.597655
asthma_v2_healthy_P2Healthy30S.wav,0,0,3,3,0.083071,0.014354879,0.013897839,0.53238255,0.35629377
asthma_v2_healthy_P2Healthy43S.wav,0,0,3,1,0.0037260083,0.84143823,0.0537886,0.08595451,0.015092666
asthma_v2_healthy_P2Healthy54S.wav,0,0,3,3,0.007431735,0.3310275,0.27245533,0.33723187,0.05185353
asthma_v2_healthy_P2Healthy72S.wav,0,0,3,3,0.092038505,0.014977744,0.009542853,0.48903665,0.39440432
asthma_v2_healthy_P2Healthy89S.wav,0,0,3,3,0.05386589,0.009483524,0.007226763,0.50530434,0.4241195
asthma_v2_healthy_P3Healthy44S.wav,0,0,3,1,0.0008514812,0.9400707,0.01979002,0.037770916,0.0015168686
asthma_v2_healthy_P3Healthy49S.wav,0,0,3,3,0.0053686406,0.04542072,0.06927928,0.77194536,0.107985996
asthma_v2_healthy_P3Healthy57S.wav,0,0,3,3,0.006439605,0.039947912,0.05842925,0.7923668,0.10281646
asthma_v2_healthy_P3Healthy60S.wav,0,0,3,1,0.0018139671,0.81107795,0.04631585,0.12808755,0.012704653
asthma_v2_healthy_P3Healthy84S.wav,0,0,3,3,0.0060333232,0.04281147,0.030930214,0.8537751,0.066449955
asthma_v2_healthy_P6Healthy21S.wav,0,0,3,3,0.018845882,0.013095283,0.028936068,0.72311956,0.21600315
asthma_v2_healthy_P6Healthy34S.wav,0,0,3,4,0.016407885,0.0048881895,0.038643897,0.36614636,0.5739137
asthma_v2_healthy_P6Healthy51S.wav,0,0,3,3,0.056258507,0.015863296,0.008448657,0.7482226,0.17120695
asthma_v2_healthy_P6Healthy71S.wav,0,0,3,3,0.005159101,0.012686419,0.010943076,0.87913734,0.09207404
asthma_v2_healthy_P6Healthy77S.wav,0,0,3,3,0.023388013,0.01929385,0.13625206,0.6941085,0.12695752
asthma_v2_pneumonia_P13Pneumonia20R.wav,0,0,4,4,0.16149797,0.00426125,0.03206599,0.04127915,0.76089567
asthma_v2_pneumonia_P13Pneumonia26N.wav,0,0,4,4,0.059835732,0.0025109896,0.035945762,0.027117446,0.8745901
asthma_v2_pneumonia_P13Pneumonia33Z.wav,0,0,4,4,0.17835532,0.0028334637,0.0129603185,0.032388665,0.7734622
asthma_v2_pneumonia_P13Pneumonia60R.wav,0,0,4,4,0.046134755,0.00096843264,0.016906224,0.059561335,0.8764293
asthma_v2_pneumonia_P13Pneumonia94T.wav,0,0,4,4,0.020639224,0.008261573,0.08600985,0.1258212,0.75926816
asthma_v2_pneumonia_P13Pneumonia99T.wav,0,0,4,4,0.14321256,0.003473663,0.039055873,0.01245536,0.80180264
asthma_v2_pneumonia_P14Pneumonia19W.wav,0,0,4,2,0.038599398,0.016926246,0.5368958,0.011751876,0.3958266
asthma_v2_pneumonia_P14Pneumonia22X.wav,0,0,4,4,0.027476434,0.00095726113,0.005960751,0.14524361,0.8203619
asthma_v2_pneumonia_P14Pneumonia40M.wav,0,0,4,4,0.05787325,0.0035096663,0.010056844,0.2359262,0.692634
asthma_v2_pneumonia_P14Pneumonia62B.wav,0,0,4,4,0.06992949,0.005372606,0.03184738,0.0738313,0.81901926
asthma_v2_pneumonia_P14Pneumonia73T.wav,0,0,4,4,0.054993894,0.010503201,0.049989786,0.03994321,0.84456986
asthma_v2_pneumonia_P14Pneumonia87C.wav,0,0,4,4,0.03587049,0.012724201,0.09417027,0.031614233,0.82562083
asthma_v2_pneumonia_P1Pneumonia10T.wav,0,0,4,3,0.022116672,0.0038000331,0.0027058597,0.6161678,0.35520968
asthma_v2_pneumonia_P1Pneumonia39F.wav,0,0,4,4,0.019709881,0.0008899842,0.002846848,0.11473385,0.8618195
asthma_v2_pneumonia_P1Pneumonia41U.wav,0,0,4,4,0.017230432,0.0024640942,0.0017026962,0.458767,0.5198359
asthma_v2_pneumonia_P1Pneumonia93D.wav,0,0,4,4,0.015782503,0.00091440306,0.0032709234,0.07602924,0.90400296
asthma_v2_pneumonia_P1Pneumonia94J.wav,0,0,4,4,0.0316563,0.0029473435,0.026595917,0.091988504,0.84681195
asthma_v2_pneumonia_P1Pneumonia97M.wav,0,0,4,4,0.018033482,0.002947737,0.0076302555,0.320505,0.65088356
asthma_v2_pneumonia_P20Pneumonia27V.wav,0,0,4,4,0.037811715,0.0014681991,0.006282992,0.09960468,0.8548325
asthma_v2_pneumonia_P20Pneumonia31P.wav,0,0,4,4,0.03705172,0.004276002,0.0037066853,0.38932917,0.5656364
asthma_v2_pneumonia_P20Pneumonia37V.wav,0,0,4,4,0.039027013,0.004188815,0.006613825,0.33043775,0.61973256
asthma_v2_pneumonia_P20Pneumonia42B.wav,0,0,4,4,0.029077373,0.0021248583,0.006743698,0.29157346,0.67048055
asthma_v2_pneumonia_P20Pneumonia58T.wav,0,0,4,4,0.03511924,0.0016378423,0.005608925,0.18719535,0.77043855
asthma_v2_pneumonia_P20Pneumonia84L.wav,0,0,4,4,0.045965437,0.0022102646,0.0074267387,0.11345728,0.8309403
asthma_v2_pneumonia_P27Pneumonia25R.wav,0,0,4,4,0.038252603,0.0020534615,0.004821403,0.09840378,0.8564687
asthma_v2_pneumonia_P27Pneumonia28K.wav,0,0,4,4,0.047008943,0.017741274,0.040272422,0.36065802,0.5343193
asthma_v2_pneumonia_P27Pneumonia37T.wav,0,0,4,4,0.01816692,0.009377702,0.42734236,0.06480094,0.48031208
asthma_v2_pneumonia_P27Pneumonia48G.wav,0,0,4,4,0.031778358,0.006377223,0.18386906,0.0748157,0.70315963
asthma_v2_pneumonia_P27Pneumonia62C.wav,0,0,4,3,0.051078644,0.008084274,0.01716608,0.46365196,0.46001905
asthma_v2_pneumonia_P27Pneumonia77J.wav,0,0,4,4,0.026143514,0.0068941745,0.11100993,0.061421487,0.7945308
asthma_v2_pneumonia_P29Pneumonia14M.wav,0,0,4,4,0.03675564,0.0036808003,0.0066268966,0.25233102,0.7006057
asthma_v2_pneumonia_P29Pneumonia17N.wav,0,0,4,4,0.036443595,0.004864574,0.008158571,0.14396268,0.80657053
asthma_v2_pneumonia_P29Pneumonia18M.wav,0,0,4,4,0.04507804,0.0091034435,0.00882916,0.3932983,0.54369104
asthma_v2_pneumonia_P29Pneumonia24X.wav,0,0,4,3,0.031037107,0.0076542506,0.0033345288,0.49195212,0.46602196
asthma_v2_pneumonia_P29Pneumonia51O.wav,0,0,4,3,0.04087492,0.0106053045,0.015174678,0.52197087,0.41137424
asthma_v2_pneumonia_P29Pneumonia82U.wav,0,0,4,4,0.028023789,0.0022682433,0.007897597,0.21479791,0.7470125
asthma_v2_pneumonia_P37Pneumonia44I.wav,0,0,4,0,0.7698293,0.14132714,0.006477863,0.010689102,0.07167667
asthma_v2_pneumonia_P37Pneumonia73K.wav,0,0,4,0,0.59029275,0.32983223,0.01042781,0.019341253,0.050105914
asthma_v2_pneumonia_P37Pneumonia73X.wav,0,0,4,0,0.8394315,0.10587613,0.0052886317,0.010273033,0.039130665
asthma_v2_pneumonia_P37Pneumonia83S.wav,0,0,4,0,0.6597,0.038602572,0.006556194,0.025794229,0.2693471
asthma_v2_pneumonia_P37Pneumonia84E.wav,0,0,4,0,0.78826463,0.034415476,0.005763905,0.0067817927,0.1647742
asthma_v2_pneumonia_P37Pneumonia95J.wav,0,0,4,0,0.87074023,0.026282264,0.0033776644,0.007649809,0.09194999
asthma_v2_pneumonia_P40Pneumonia18H.wav,0,0,4,0,0.668292,0.03770025,0.122530594,0.004025382,0.16745181
asthma_v2_pneumonia_P40Pneumonia32Q.wav,0,0,4,4,0.036770027,0.0017095336,0.009466583,0.032634836,0.919419
asthma_v2_pneumonia_P40Pneumonia69N.wav,0,0,4,0,0.71285045,0.0283245,0.06477274,0.005675047,0.18837728
asthma_v2_pneumonia_P40Pneumonia90Y.wav,0,0,4,0,0.5532745,0.11251584,0.16652565,0.007900803,0.15978315
asthma_v2_pneumonia_P40Pneumonia91V.wav,0,0,4,0,0.6523505,0.08715364,0.017418066,0.092842944,0.15023486
asthma_v2_pneumonia_P40Pneumonia92J.wav,0,0,4,0,0.86988056,0.0501419,0.025575357,0.0062342077,0.04816793
asthma_v2_pneumonia_P47Pneumonia14M.wav,0,0,4,3,0.0865871,0.022322284,0.032425918,0.43836698,0.42029774
asthma_v2_pneumonia_P47Pneumonia19A.wav,0,0,4,3,0.21089247,0.028441513,0.035693735,0.36592987,0.3590424
asthma_v2_pneumonia_P47Pneumonia24N.wav,0,0,4,4,0.09353972,0.0060547222,0.05850989,0.12288032,0.71901536
asthma_v2_pneumonia_P47Pneumonia69D.wav,0,0,4,4,0.05592669,0.007952594,0.10140957,0.14955923,0.6851519
asthma_v2_pneumonia_P47Pneumonia74Q.wav,0,0,4,3,0.02446308,0.014966748,0.042653758,0.664917,0.25299942
asthma_v2_pneumonia_P47Pneumonia98K.wav,0,0,4,4,0.13343728,0.011038209,0.10053245,0.22031406,0.53467804
asthma_v2_pneumonia_P6Pneumonia15U.wav,0,0,4,4,0.01581457,0.0058677327,0.2198076,0.060507737,0.6980024
asthma_v2_pneumonia_P6Pneumonia17Q.wav,0,0,4,4,0.020618267,0.006941876,0.0480653,0.11746995,0.80690455
asthma_v2_pneumonia_P6Pneumonia32L.wav,0,0,4,4,0.035931353,0.011386735,0.14115098,0.018410405,0.79312044
asthma_v2_pneumonia_P6Pneumonia37H.wav,0,0,4,2,0.018396461,0.049253963,0.7529154,0.0122834295,0.16715077
asthma_v2_pneumonia_P6Pneumonia39O.wav,0,0,4,4,0.027341912,0.0122109465,0.26621944,0.018837396,0.67539036
asthma_v2_pneumonia_P6Pneumonia84M.wav,0,0,4,4,0.019198148,0.0050256625,0.13270521,0.053100843,0.78997016
asthma_v2_pneumonia_P7Pneumonia22C.wav,0,0,4,2,0.012641955,0.011019828,0.83993405,0.0062951543,0.130109
asthma_v2_pneumonia_P7Pneumonia22X.wav,0,0,4,2,0.010557538,0.05005857,0.591508,0.083012275,0.2648637
asthma_v2_pneumonia_P7Pneumonia34I.wav,0,0,4,4,0.020284718,0.0059122257,0.040549014,0.20361331,0.7296407
asthma_v2_pneumonia_P7Pneumonia61Q.wav,0,0,4,4,0.022412859,0.006142579,0.09844416,0.14791991,0.7250805
asthma_v2_pneumonia_P7Pneumonia62G.wav,0,0,4,4,0.03667163,0.00946333,0.43681884,0.026252437,0.49079373
asthma_v2_pneumonia_P7Pneumonia76F.wav,0,0,4,4,0.01527445,0.0037051628,0.040887896,0.10263421,0.83749825
asthma_v2_Bronchial_P19BronchialSc_92.wav,0,1,1,1,0.0017569661,0.96461564,0.009479003,0.023170084,0.0009782724
asthma_v2_Bronchial_P19BronchialSc_94.wav,0,1,1,1,0.0017720279,0.94672924,0.03334612,0.015111263,0.0030413193
asthma_v2_Bronchial_P19BronchialTc_91.wav,0,1,1,3,0.023190066,0.23001538,0.22446516,0.45095786,0.07137149
asthma_v2_Bronchial_P19BronchialTc_93.wav,0,1,1,1,0.020254122,0.7774206,0.11979278,0.0671327,0.01539986
asthma_v2_Bronchial_P19BronchialTc_95.wav,0,1,1,1,0.0013239926,0.9557343,0.024492113,0.016940502,0.0015090844
asthma_v2_Bronchial_P1BronchialSc_2.wav,0,1,1,1,0.0014345346,0.94188833,0.054062244,0.0023611675,0.00025377658
asthma_v2_Bronchial_P1BronchialSc_4.wav,0,1,1,1,0.00081603683,0.9583511,0.0166817,0.023572251,0.00057894766
asthma_v2_Bronchial_P1BronchialTc_1.wav,0,1,1,1,0.00072180905,0.96495736,0.013121961,0.020893343,0.00030545963
asthma_v2_Bronchial_P1BronchialTc_3.wav,0,1,1,1,0.0009405498,0.9583961,0.031555906,0.008654556,0.00045292213
asthma_v2_Bronchial_P1BronchialTc_5.wav,0,1,1,1,0.0008597333,0.96967155,0.022236131,0.0069623524,0.0002702246
asthma_v2_Bronchial_P20BronchialSc_100.wav,0,1,1,1,0.0015219001,0.9598829,0.008422902,0.027778888,0.0023934038
asthma_v2_Bronchial_P20BronchialSc_96.wav,0,1,1,1,0.0026115226,0.88028765,0.023730012,0.08325613,0.01011469
asthma_v2_Bronchial_P20BronchialSc_98.wav,0,1,1,1,0.014765549,0.875962,0.0411714,0.054619726,0.013481317
asthma_v2_Bronchial_P20BronchialTc_97.wav,0,1,1,1,0.0013542505,0.95798457,0.009960527,0.028648406,0.002052327
asthma_v2_Bronchial_P20BronchialTc_99.wav,0,1,1,1,0.005640924,0.7969497,0.0077258633,0.18633202,0.003351481
asthma_v2_Bronchial_P4BronchialSc_16.wav,0,1,1,1,0.051008686,0.4568046,0.3442823,0.03840828,0.10949619
asthma_v2_Bronchial_P4BronchialSc_18.wav,0,1,1,1,0.007701792,0.89030117,0.08841555,0.0102943685,0.0032870707
asthma_v2_Bronchial_P4BronchialSc_20.wav,0,1,1,1,0.008376458,0.8448317,0.115473434,0.02557676,0.005741588
asthma_v2_Bronchial_P4BronchialTc_17.wav,0,1,1,1,0.02189638,0.82501394,0.13021037,0.009193909,0.01368541
asthma_v2_Bronchial_P4BronchialTc_19.wav,0,1,1,1,0.007742564,0.6673709,0.083972864,0.23210339,0.00881022
asthma_v2_asthma_P13WheezingIE_61.wav,0,1,0,0,0.94537455,0.015620667,0.0010526482,0.0014679731,0.036484264
asthma_v2_asthma_P13WheezingIE_65.wav,0,1,0,0,0.9600843,0.015236543,0.00086015445,0.0007332582,0.023085782
asthma_v2_asthma_P13WheezingIU_62.wav,0,1,0,0,0.960313,0.0064265304,0.0013410662,0.00043871024,0.03148058
asthma_v2_asthma_P13WheezingRL_63.wav,0,1,0,0,0.9148777,0.0101887025,0.0008155673,0.0022414804,0.07187649
asthma_v2_asthma_P13WheezingRS_64.wav,0,1,0,0,0.93080765,0.015861712,0.0010684638,0.0021690843,0.050093062
asthma_v2_asthma_P17WheezingIE_81.wav,0,1,0,0,0.89885247,0.059169985,0.0021186937,0.0019566505,0.037902143
asthma_v2_asthma_P17WheezingIE_85.wav,0,1,0,0,0.9839639,0.004953276,0.0036574036,6.4920656e-05,0.007360421
asthma_v2_asthma_P17WheezingIU_82.wav,0,1,0,0,0.94750804,0.009851819,0.0010319597,0.0010096492,0.04059855
asthma_v2_asthma_P17WheezingRL_83.wav,0,1,0,0,0.95883524,0.009983891,0.0014081161,0.0006170632,0.029155668
asthma_v2_asthma_P17WheezingRS_84.wav,0,1,0,0,0.9734248,0.004715233,0.0016484561,0.00030704206,0.019904459
asthma_v2_asthma_P22WheezingIE_109.wav,0,1,0,0,0.93533146,0.041149814,0.01525773,0.0007101102,0.00755096
asthma_v2_asthma_P22WheezingIU_106.wav,0,1,0,0,0.92566687,0.05303813,0.01429624,0.00014905256,0.006849618
asthma_v2_asthma_P22WheezingIU_110.wav,0,1,0,0,0.9863875,0.0043509253,0.0020724544,0.00010738732,0.007081719
asthma_v2_asthma_P22WheezingRL_107.wav,0,1,0,0,0.96064603,0.005467544,0.016330943,0.000112491405,0.017442977
asthma_v2_asthma_P22WheezingRS_108.wav,0,1,0,0,0.8909715,0.031063316,0.05233951,0.0005374972,0.025088098
asthma_v2_asthma_P26WheezingIE_129.wav,0,1,0,0,0.9357166,0.038017064,0.012478881,0.00386685,0.009920589
asthma_v2_asthma_P26WheezingIU_126.wav,0,1,0,0,0.5043303,0.021896547,0.283517,0.08296689,0.10728928
asthma_v2_asthma_P26WheezingIU_130.wav,0,1,0,0,0.9775378,0.011022342,0.0038070278,6.203235e-05,0.0075708395
asthma_v2_asthma_P26WheezingRL_127.wav,0,1,0,0,0.70302796,0.10496377,0.13306682,0.0146574825,0.044283956
asthma_v2_asthma_P26WheezingRS_128.wav,0,1,0,0,0.95050436,0.02396807,0.019823903,0.0004312737,0.0052724173
asthma_v2_asthma_P28WheezingIE_137.wav,0,1,0,0,0.9229473,0.058045264,0.014294784,0.00066159706,0.0040510306
asthma_v2_asthma_P28WheezingIU_138.wav,0,1,0,0,0.9128305,0.06919321,0.0132326,0.0008297939,0.003914006
asthma_v2_asthma_P28WheezingRL_139.wav,0,1,0,0,0.82900363,0.08754952,0.03593395,0.0027673258,0.044745695
asthma_v2_asthma_P28WheezingRS_136.wav,0,1,0,0,0.973484,0.009732028,0.0062637907,0.00017908216,0.010341112
asthma_v2_asthma_P28WheezingRS_140.wav,0,1,0,0,0.81311655,0.08767494,0.089792676,0.0028291366,0.0065867654
asthma_v2_asthma_P2AsthmaIE_9.wav,0,1,0,0,0.95635027,0.009292856,0.002048478,0.0005278106,0.03178057
asthma_v2_asthma_P2AsthmaIU_10.wav,0,1,0,0,0.9718979,0.0067766886,0.00064015575,0.00095820153,0.019727161
asthma_v2_asthma_P2AsthmaIU_6.wav,0,1,0,0,0.92678016,0.013828679,0.010823544,0.00073527347,0.047832336
asthma_v2_asthma_P2AsthmaRL_7.wav,0,1,0,0,0.97470903,0.008782657,0.0010112975,0.000500703,0.014996422
asthma_v2_asthma_P2AsthmaRS_8.wav,0,1,0,0,0.9623706,0.018342845,0.0014098032,0.0007900263,0.01708664
asthma_v2_asthma_P31WheezingIE_153.wav,0,1,0,0,0.97428304,0.0058045364,0.010533456,0.00013625364,0.009242809
asthma_v2_asthma_P31WheezingIU_154.wav,0,1,0,0,0.8566772,0.07281818,0.026930483,0.0064365254,0.037137657
asthma_v2_asthma_P31WheezingRL_151.wav,0,1,0,0,0.923136,0.037571754,0.013431024,0.0001374291,0.025723783
asthma_v2_asthma_P31WheezingRL_155.wav,0,1,0,0,0.9781632,0.008529473,0.0048690517,0.00022428695,0.008214112
asthma_v2_asthma_P31WheezingRS_152.wav,0,1,0,0,0.9745008,0.009732659,0.0039007103,9.977131e-05,0.0117660165
asthma_v2_asthma_P43WheezingIE_213.wav,0,1,0,0,0.60942215,0.14111322,0.1828954,0.017700834,0.04886835
asthma_v2_asthma_P43WheezingIU_214.wav,0,1,0,2,0.34005943,0.017306441,0.6334459,0.0026572556,0.006530926
asthma_v2_asthma_P43WheezingRL_211.wav,0,1,0,0,0.52556294,0.016856646,0.42380512,0.01057185,0.023203528
asthma_v2_asthma_P43WheezingRL_215.wav,0,1,0,0,0.6976435,0.0086897025,0.27114335,0.0009150437,0.021608442
asthma_v2_asthma_P43WheezingRS_212.wav,0,1,0,2,0.15679167,0.0054635527,0.75398105,0.037354894,0.046408784
asthma_v2_asthma_P44WheezingIE_217.wav,0,1,0,0,0.8862499,0.016658321,0.08756524,0.00031018295,0.009216266
asthma_v2_asthma_P44WheezingIU_218.wav,0,1,0,0,0.82254255,0.016357103,0.06582051,0.00038399754,0.09489584
asthma_v2_asthma_P44WheezingRL_219.wav,0,1,0,0,0.86011034,0.004418105,0.06988404,0.00051426014,0.065073304
asthma_v2_asthma_P44WheezingRS_216.wav,0,1,0,2,0.2154542,0.03629473,0.7201917,0.018615928,0.009443477
asthma_v2_asthma_P44WheezingRS_220.wav,0,1,0,0,0.41751873,0.01219846,0.1693136,0.003793627,0.39717558
asthma_v2_asthma_P52WheezingIE_257.wav,0,1,0,0,0.8685961,0.011287427,0.06282963,0.00063833134,0.056648597
asthma_v2_asthma_P52WheezingIU_258.wav,0,1,0,0,0.8026494,0.0053437585,0.17522727,0.0018873884,0.014892236
asthma_v2_asthma_P52WheezingRL_259.wav,0,1,0,0,0.9271927,0.018375449,0.001138379,0.0013745889,0.051918942
asthma_v2_asthma_P52WheezingRS_256.wav,0,1,0,0,0.8948654,0.019331198,0.04545719,0.00018368168,0.040162433
asthma_v2_asthma_P52WheezingRS_260.wav,0,1,0,0,0.95106584,0.009652591,0.001310179,0.0006540333,0.03731733
asthma_v2_asthma_P54WheezingIE_269.wav,0,1,0,4,0.05970504,0.21767005,0.32743737,0.03195401,0.3632336
asthma_v2_asthma_P54WheezingIU_266.wav,0,1,0,3,0.007080177,0.012748377,0.0033324151,0.586185,0.39065412
asthma_v2_asthma_P54WheezingIU_270.wav,0,1,0,3,0.019634962,0.01666007,0.010402592,0.8299169,0.12338555
asthma_v2_asthma_P54WheezingRL_267.wav,0,1,0,3,0.02830792,0.09141298,0.030878041,0.64766,0.20174108
asthma_v2_asthma_P54WheezingRS_268.wav,0,1,0,3,0.015928071,0.09719166,0.12985387,0.40985805,0.3471684
asthma_v2_asthma_P58WheezingIU_286.wav,0,1,0,4,0.019412005,0.020775834,0.0059571685,0.23104799,0.72280693
asthma_v2_asthma_P58WheezingRL_287.wav,0,1,0,4,0.07614487,0.01966683,0.01601531,0.11855585,0.7696172
asthma_v2_asthma_P58WheezingRS_288.wav,0,1,0,4,0.13191278,0.05226999,0.019839337,0.07773039,0.71824753
asthma_v2_asthma_P5AsthmaIE_21.wav,0,1,0,0,0.9460214,0.0073417816,0.0015889251,0.0005540126,0.04449396
asthma_v2_asthma_P5AsthmaIE_25.wav,0,1,0,0,0.94007957,0.010939205,0.0021798373,0.000954376,0.045847088
asthma_v2_asthma_P5AsthmaIU_22.wav,0,1,0,0,0.90871954,0.025702726,0.0016438087,0.0020057224,0.06192834
asthma_v2_asthma_P5AsthmaRL_23.wav,0,1,0,0,0.966442,0.008134684,0.0014295697,0.00045107174,0.023542674
asthma_v2_asthma_P5AsthmaRS_24.wav,0,1,0,0,0.96677274,0.011837937,0.0013122127,0.000551355,0.019525742
asthma_v2_copd_P10COPDMc_74.wav,0,1,2,0,0.56708413,0.0057222582,0.39402154,0.016866138,0.016305855
asthma_v2_copd_P10COPDMc_76.wav,0,1,2,3,0.13036011,0.25195736,0.039571192,0.54298484,0.03512646
asthma_v2_copd_P10COPDMc_78.wav,0,1,2,0,0.72881556,0.026695969,0.23159133,0.0036598318,0.009237352
asthma_v2_copd_P10COPDMc_80.wav,0,1,2,0,0.6628708,0.007721564,0.3132837,0.0012504102,0.014873418
asthma_v2_copd_P10COPDPr_73.wav,0,1,2,2,0.47147077,0.013233284,0.5074391,0.0024101317,0.005446776
asthma_v2_copd_P10COPDPr_75.wav,0,1,2,3,0.087905444,0.1627919,0.0239094,0.70166826,0.023725048
asthma_v2_copd_P10COPDPr_77.wav,0,1,2,0,0.4299813,0.06329237,0.36142662,0.11732784,0.02797193
asthma_v2_copd_P10COPDPr_79.wav,0,1,2,0,0.5334489,0.0085910605,0.44633353,0.0046171895,0.0070094024
asthma_v2_copd_P12COPDMc_90.wav,0,1,2,2,0.05589246,0.07766408,0.84623003,0.014149437,0.0060640047
asthma_v2_copd_P12COPDMc_92.wav,0,1,2,2,0.23349321,0.018569844,0.72698694,0.004512458,0.016437467
asthma_v2_copd_P12COPDMc_94.wav,0,1,2,2,0.071913056,0.0036730624,0.8790078,0.0005925654,0.044813536
asthma_v2_copd_P12COPDMc_96.wav,0,1,2,1,0.014522662,0.55511975,0.3844718,0.033310898,0.012574867
asthma_v2_copd_P12COPDPr_89.wav,0,1,2,2,0.32665673,0.04146588,0.6129487,0.008190775,0.0107378485
asthma_v2_copd_P12COPDPr_91.wav,0,1,2,2,0.1266275,0.03327123,0.8331932,0.0030466025,0.0038614427
asthma_v2_copd_P12COPDPr_93.wav,0,1,2,0,0.7726096,0.009264915,0.037855137,0.0016215431,0.17864877
asthma_v2_copd_P12COPDPr_95.wav,0,1,2,1,0.011580001,0.5610264,0.36335433,0.0385632,0.025476078
asthma_v2_copd_P20COPDMc_154.wav,0,1,2,1,0.002682889,0.868831,0.12032268,0.006809364,0.0013540359
asthma_v2_copd_P20COPDMc_156.wav,0,1,2,2,0.012935129,0.16323696,0.81139547,0.0085664885,0.003865989
asthma_v2_copd_P20COPDMc_158.wav,0,1,2,2,0.0059490823,0.027462326,0.959073,0.0039868206,0.003528784
asthma_v2_copd_P20COPDMc_160.wav,0,1,2,2,0.0052141976,0.04628506,0.9379489,0.0073689846,0.0031828762
asthma_v2_copd_P20COPDPr_153.wav,0,1,2,2,0.0044726073,0.33800063,0.62661594,0.02486158,0.0060492335
asthma_v2_copd_P20COPDPr_155.wav,0,1,2,2,0.031592898,0.053306703,0.89973134,0.001601873,0.01376722
asthma_v2_copd_P20COPDPr_157.wav,0,1,2,2,0.036785778,0.21596293,0.67697954,0.008259156,0.062012564
asthma_v2_copd_P20COPDPr_159.wav,0,1,2,2,0.003016075,0.031192437,0.9572447,0.007082675,0.0014641149
asthma_v2_copd_P25COPDMc_194.wav,0,1,2,1,0.0012512684,0.88626444,0.099334106,0.012541099,0.0006091563
asthma_v2_copd_P25COPDMc_196.wav,0,1,2,1,0.001789685,0.7970914,0.1562218,0.04322256,0.0016744696
asthma_v2_copd_P25COPDMc_198.wav,0,1,2,2,0.0044647194,0.34972835,0.63189363,0.012507911,0.0014053795
asthma_v2_copd_P25COPDMc_200.wav,0,1,2,2,0.0033633867,0.023611248,0.96899265,0.0020501846,0.0019825178
asthma_v2_copd_P25COPDPr_193.wav,0,1,2,2,0.003917193,0.35888186,0.5875482,0.043916717,0.0057360167
asthma_v2_copd_P25COPDPr_195.wav,0,1,2,1,0.0021730915,0.810615,0.13105342,0.052989468,0.0031689603
asthma_v2_copd_P25COPDPr_197.wav,0,1,2,2,0.0056614964,0.18801104,0.80161643,0.0029006384,0.0018104898
asthma_v2_copd_P25COPDPr_199.wav,0,1,2,2,0.0060378425,0.24179249,0.71921957,0.030492438,0.0024576036
asthma_v2_copd_P27COPDMc_210.wav,0,1,2,2,0.0041802204,0.035739202,0.9548556,0.002185147,0.003039873
asthma_v2_copd_P27COPDMc_212.wav,0,1,2,2,0.004454932,0.055996526,0.93585014,0.0008543727,0.0028440373
asthma_v2_copd_P27COPDMc_214.wav,0,1,2,2,0.008058932,0.12188945,0.8535136,0.007892061,0.008645971
asthma_v2_copd_P27COPDMc_216.wav,0,1,2,2,0.0042877663,0.07488795,0.91283464,0.0048728315,0.0031167804
asthma_v2_copd_P27COPDPr_209.wav,0,1,2,2,0.003664874,0.11361197,0.8788676,0.002164207,0.0016913447
asthma_v2_copd_P27COPDPr_211.wav,0,1,2,2,0.0033425211,0.10929264,0.88229567,0.0027445618,0.0023245327
asthma_v2_copd_P27COPDPr_213.wav,0,1,2,2,0.01783445,0.021058252,0.91411835,0.021608597,0.025380287
asthma_v2_copd_P27COPDPr_215.wav,0,1,2,2,0.011951297,0.02013599,0.95912206,0.0018530047,0.006937643
asthma_v2_copd_P38COPDMc_298.wav,0,1,2,2,0.093724765,0.02357812,0.8617737,0.0036424883,0.017280906
asthma_v2_copd_P38COPDMc_300.wav,0,1,2,2,0.004342482,0.030838119,0.9627798,0.00047686897,0.0015627346
asthma_v2_copd_P38COPDMc_302.wav,0,1,2,2,0.010571815,0.014733532,0.9694048,0.0017352166,0.003554584
asthma_v2_copd_P38COPDMc_304.wav,0,1,2,2,0.021711957,0.013093079,0.891879,0.0023627775,0.07095323
asthma_v2_copd_P38COPDPr_297.wav,0,1,2,2,0.009533544,0.07073936,0.9110998,0.0035272872,0.005099978
asthma_v2_copd_P38COPDPr_299.wav,0,1,2,2,0.061399385,0.13019617,0.72012824,0.033890374,0.054385934
asthma_v2_copd_P38COPDPr_301.wav,0,1,2,2,0.034523778,0.034968637,0.9235531,0.0015701801,0.0053843227
asthma_v2_copd_P38COPDPr_303.wav,0,1,2,2,0.040364765,0.011519547,0.85174084,0.0032151274,0.093159676
asthma_v2_copd_P40COPDMc_314.wav,0,1,2,2,0.012570139,0.15577476,0.821965,0.002327759,0.0073623215
asthma_v2_copd_P40COPDMc_316.wav,0,1,2,2,0.023819886,0.11409993,0.83009917,0.0078032375,0.024177797
asthma_v2_copd_P40COPDMc_318.wav,0,1,2,2,0.3167553,0.010121891,0.52022105,0.002055689,0.15084608
asthma_v2_copd_P40COPDMc_320.wav,0,1,2,2,0.107502274,0.04334075,0.43825865,0.0059033735,0.4049949
asthma_v2_copd_P40COPDPr_313.wav,0,1,2,2,0.0072059957,0.21644403,0.7690432,0.0021242902,0.0051824176
asthma_v2_copd_P40COPDPr_315.wav,0,1,2,2,0.007290997,0.3445184,0.60293996,0.035868466,0.009382141
asthma_v2_copd_P40COPDPr_317.wav,0,1,2,1,0.0049986476,0.7277736,0.2550768,0.009643355,0.0025076908
asthma_v2_copd_P40COPDPr_319.wav,0,1,2,1,0.0097939195,0.712898,0.26533377,0.0021074177,0.009866865
asthma_v2_copd_P44COPDMc_346.wav,0,1,2,4,0.057710264,0.004180218,0.14917256,0.0116547905,0.7772822
asthma_v2_copd_P44COPDMc_348.wav,0,1,2,4,0.02921616,0.0027873653,0.025504755,0.011659107,0.9308326
asthma_v2_copd_P44COPDMc_350.wav,0,1,2,1,0.0032600313,0.81495315,0.17635864,0.0046402,0.00078801176
asthma_v2_copd_P44COPDMc_352.wav,0,1,2,2,0.049155056,0.0105393985,0.91608936,0.001266296,0.022950016
asthma_v2_copd_P44COPDPr_345.wav,0,1,2,2,0.016993036,0.039990235,0.92280203,0.0022384345,0.017976262
asthma_v2_copd_P44COPDPr_347.wav,0,1,2,4,0.035468776,0.0017054948,0.049245145,0.00966954,0.9039111
asthma_v2_copd_P44COPDPr_349.wav,0,1,2,1,0.0018415326,0.7623244,0.22765245,0.0075398,0.0006417839
asthma_v2_copd_P44COPDPr_351.wav,0,1,2,2,0.006254383,0.38798988,0.5969389,0.006401642,0.0024151928
asthma_v2_copd_P46COPDMc_362.wav,0,1,2,2,0.001948448,0.004958274,0.98574984,0.0015215764,0.0058218585
asthma_v2_copd_P46COPDMc_364.wav,0,1,2,2,0.012490696,0.011688378,0.95447904,0.00082307676,0.02051881
asthma_v2_copd_P46COPDMc_366.wav,0,1,2,2,0.0098674195,0.008252542,0.9733363,0.0003803612,0.008163435
asthma_v2_copd_P46COPDMc_368.wav,0,1,2,2,0.028582904,0.01727272,0.8335038,0.007938185,0.11270242
asthma_v2_copd_P46COPDPr_361.wav,0,1,2,2,0.0016549032,0.007990117,0.98684967,0.0006626352,0.0028426987
asthma_v2_copd_P46COPDPr_363.wav,0,1,2,2,0.005958479,0.014107883,0.9587538,0.0037407272,0.017439105
asthma_v2_copd_P46COPDPr_365.wav,0,1,2,2,0.003230896,0.0046812035,0.9867035,0.00055513583,0.0048292275
asthma_v2_copd_P46COPDPr_367.wav,0,1,2,2,0.0057717394,0.0151868705,0.9697399,0.0009363116,0.008365227
asthma_v2_copd_P5COPDMc_34.wav,0,1,2,2,0.026207909,0.010713741,0.92171335,0.015124683,0.02624034
asthma_v2_copd_P5COPDMc_36.wav,0,1,2,2,0.020270638,0.09775084,0.867099,0.0065437085,0.0083357915
asthma_v2_copd_P5COPDMc_38.wav,0,1,2,2,0.007023495,0.16371107,0.82433057,0.0029437714,0.0019911556
asthma_v2_copd_P5COPDMc_40.wav,0,1,2,2,0.03143892,0.009212721,0.90922403,0.0029847408,0.04713968
asthma_v2_copd_P5COPDPr_33.wav,0,1,2,2,0.015402312,0.051670324,0.66351616,0.23311827,0.03629289
asthma_v2_copd_P5COPDPr_35.wav,0,1,2,2,0.019834641,0.08382424,0.88507974,0.006393767,0.0048676208
asthma_v2_copd_P5COPDPr_37.wav,0,1,2,2,0.00919374,0.30284044,0.6815112,0.004473263,0.0019813029
asthma_v2_copd_P5COPDPr_39.wav,0,1,2,1,0.004088653,0.8166184,0.17187345,0.0070709107,0.00034855044
asthma_v2_healthy_P12Healthy16S.wav,0,1,3,2,0.040921744,0.08602165,0.5148874,0.028739167,0.32943007
asthma_v2_healthy_P12Healthy67S.wav,0,1,3,4,0.032253888,0.039866753,0.19004633,0.27818018,0.45965293
asthma_v2_healthy_P12Healthy93S.wav,0,1,3,3,0.003942291,0.033583004,0.016943429,0.90802795,0.037503336
asthma_v2_healthy_P12Healthy98S.wav,0,1,3,3,0.010368347,0.035818264,0.22436309,0.5241413,0.205309
asthma_v2_healthy_P12Healthy99S.wav,0,1,3,3,0.0019081916,0.34121653,0.028452588,0.6258224,0.0026002936
asthma_v2_healthy_P15Healthy14S.wav,0,1,3,3,0.008516198,0.36632866,0.067325994,0.5187043,0.03912487
asthma_v2_healthy_P15Healthy55S.wav,0,1,3,3,0.007969259,0.2798825,0.02079981,0.68239325,0.008955137
asthma_v2_healthy_P15Healthy61S.wav,0,1,3,4,0.03317567,0.05112566,0.022443915,0.43524623,0.4580085
asthma_v2_healthy_P15Healthy65S.wav,0,1,3,3,0.0021720768,0.084864385,0.01358151,0.88823044,0.011151658
asthma_v2_healthy_P15Healthy93S.wav,0,1,3,3,0.012392022,0.18622053,0.07669663,0.6766305,0.0480603
asthma_v2_healthy_P16Healthy18S.wav,0,1,3,4,0.03317567,0.05112566,0.022443915,0.43524623,0.4580085
asthma_v2_healthy_P16Healthy19S.wav,0,1,3,3,0.0030586487,0.013088923,0.0042844457,0.81786424,0.16170378
asthma_v2_healthy_P16Healthy26S.wav,0,1,3,3,0.0059451447,0.0149881,0.0022369314,0.8464951,0.13033478
asthma_v2_healthy_P16Healthy38S.wav,0,1,3,3,0.0030586487,0.013088923,0.0042844457,0.81786424,0.16170378
asthma_v2_healthy_P16Healthy41S.wav,0,1,3,3,0.0059451447,0.0149881,0.0022369314,0.8464951,0.13033478
asthma_v2_healthy_P21Healthy15S.wav,0,1,3,3,0.006363751,0.010038819,0.0017865589,0.8409786,0.14083229
asthma_v2_healthy_P21Healthy38S.wav,0,1,3,3,0.005882534,0.006697636,0.0031202734,0.7405672,0.24373233
asthma_v2_healthy_P21Healthy53S.wav,0,1,3,3,0.0076939254,0.020085836,0.0014830162,0.84972984,0.121007316
asthma_v2_healthy_P21Healthy95S.wav,0,1,3,4,0.010357289,0.0043884153,0.0016805982,0.14338511,0.8401886
asthma_v2_healthy_P21Healthy98S.wav,0,1,3,4,0.012163882,0.0039339196,0.0036369667,0.2698009,0.71046436
asthma_v2_healthy_P4Healthy12S.wav,0,1,3,4,0.11030692,0.041411597,0.08328986,0.13357188,0.6314197
asthma_v2_healthy_P4Healthy22S.wav,0,1,3,3,0.014960652,0.23757273,0.18259941,0.4169784,0.14788882
asthma_v2_healthy_P4Healthy62S.wav,0,1,3,1,0.0029582055,0.5017182,0.18414271,0.30788532,0.0032956237
asthma_v2_healthy_P4Healthy69S.wav,0,1,3,4,0.092604816,0.24044733,0.2564949,0.15143053,0.25902244
asthma_v2_healthy_P4Healthy77S.wav,0,1,3,1,0.0024545398,0.51973563,0.0347493,0.42750734,0.015553215
asthma_v2_healthy_P5Healthy10S.wav,0,1,3,3,0.0036898458,0.009560497,0.021952312,0.9103336,0.054463796
asthma_v2_healthy_P5Healthy57S.wav,0,1,3,4,0.010231519,0.002691937,0.013653024,0.37676704,0.59665644
asthma_v2_healthy_P5Healthy87S.wav,0,1,3,3,0.0017903347,0.008290571,0.010896243,0.9507476,0.02827522
asthma_v2_healthy_P5Healthy92S.wav,0,1,3,3,0.0023825462,0.031804416,0.031126142,0.9176389,0.01704804
asthma_v2_healthy_P5Healthy96S.wav,0,1,3,3,0.014411959,0.006396049,0.015075211,0.516524,0.44759274
asthma_v2_pneumonia_P12Pneumonia23P.wav,0,1,4,4,0.015491182,0.0028641978,0.020452533,0.04591084,0.9152812
asthma_v2_pneumonia_P12Pneumonia44H.wav,0,1,4,4,0.034943443,0.0018436129,0.0877557,0.058539625,0.8169176
asthma_v2_pneumonia_P12Pneumonia45B.wav,0,1,4,4,0.025468176,0.0028432098,0.058487788,0.018976139,0.8942246
asthma_v2_pneumonia_P12Pneumonia46L.wav,0,1,4,4,0.014627829,0.0006618204,0.0042263055,0.030935045,0.9495491
asthma_v2_pneumonia_P12Pneumonia59Q.wav,0,1,4,4,0.022515882,0.0026278018,0.036751803,0.07425011,0.86385447
asthma_v2_pneumonia_P12Pneumonia97E.wav,0,1,4,4,0.03701676,0.0041223257,0.042930048,0.014717635,0.9012132
asthma_v2_pneumonia_P17Pneumonia49T.wav,0,1,4,4,0.030314097,0.0057001794,0.000715768,0.03318695,0.930083
asthma_v2_pneumonia_P17Pneumonia51I.wav,0,1,4,4,0.008047835,0.005667497,0.01745612,0.1836311,0.78519744
asthma_v2_pneumonia_P17Pneumonia57K.wav,0,1,4,4,0.02115091,0.0017604708,0.00078828086,0.02119376,0.9551066
asthma_v2_pneumonia_P17Pneumonia63G.wav,0,1,4,4,0.047112152,0.0031611228,0.0010547683,0.039885905,0.90878606
asthma_v2_pneumonia_P17Pneumonia86O.wav,0,1,4,4,0.020493707,0.17938983,0.19405982,0.083155654,0.522901
asthma_v2_pneumonia_P17Pneumonia91K.wav,0,1,4,3,0.021818612,0.01291975,0.028412625,0.49001357,0.4468354
asthma_v2_pneumonia_P23Pneumonia19A.wav,0,1,4,4,0.011314528,0.001061823,0.020370059,0.06855489,0.8986987
asthma_v2_pneumonia_P23Pneumonia40O.wav,0,1,4,4,0.01163421,0.0010007664,0.02076189,0.038349736,0.92825335
asthma_v2_pneumonia_P23Pneumonia54P.wav,0,1,4,4,0.008999029,0.0004051205,0.01735463,0.046044227,0.927197
asthma_v2_pneumonia_P23Pneumonia60Y.wav,0,1,4,4,0.011974041,0.0006724753,0.034635596,0.042947635,0.9097702
asthma_v2_pneumonia_P23Pneumonia90V.wav,0,1,4,4,0.0060213218,0.0010131063,0.0065632546,0.16457735,0.821825
asthma_v2_pneumonia_P23Pneumonia97P.wav,0,1,4,4,0.011136609,0.0032220252,0.02003237,0.25320646,0.7124025
asthma_v2_pneumonia_P25Pneumonia11Z.wav,0,1,4,3,0.0033022924,0.23797612,0.023416882,0.7235109,0.011793781
asthma_v2_pneumonia_P25Pneumonia16B.wav,0,1,4,4,0.018286407,0.0020049873,0.006344504,0.115708254,0.8576558
asthma_v2_pneumonia_P25Pneumonia30I.wav,0,1,4,3,0.0005504958,0.010879935,0.001668068,0.98172957,0.0051720194
asthma_v2_pneumonia_P25Pneumonia42V.wav,0,1,4,3,0.0016446655,0.0059211766,0.0031886261,0.9667094,0.022536188
asthma_v2_pneumonia_P25Pneumonia93N.wav,0,1,4,3,0.005025746,0.0028606425,0.0013414085,0.9172119,0.07356034
asthma_v2_pneumonia_P25Pneumonia97D.wav,0,1,4,1,0.0924603,0.46245086,0.102929875,0.26753315,0.074625865
asthma_v2_pneumonia_P34Pneumonia15R.wav,0,1,4,4,0.01111633,0.0009353891,0.00046117246,0.020695258,0.9667918
asthma_v2_pneumonia_P34Pneumonia36H.wav,0,1,4,4,0.010619396,0.0006464068,0.001006133,0.010497914,0.97723
asthma_v2_pneumonia_P34Pneumonia61E.wav,0,1,4,4,0.012784273,0.0017283822,0.0017460021,0.05705706,0.9266843
asthma_v2_pneumonia_P34Pneumonia66M.wav,0,1,4,4,0.027762322,0.0022144443,0.0010637786,0.020682795,0.94827664
asthma_v2_pneumonia_P34Pneumonia77O.wav,0,1,4,4,0.023135962,0.0021725104,0.0006475613,0.050235074,0.92380893
asthma_v2_pneumonia_P34Pneumonia99G.wav,0,1,4,4,0.021935808,0.0076732305,0.0006654593,0.19047298,0.7792524
asthma_v2_pneumonia_P38Pneumonia23A.wav,0,1,4,0,0.98002803,0.004215651,0.0014530021,0.00011234876,0.014190923
asthma_v2_pneumonia_P38Pneumonia34H.wav,0,1,4,0,0.9282383,0.042961843,0.0016972221,0.0029777805,0.024124866
asthma_v2_pneumonia_P38Pneumonia35P.wav,0,1,4,0,0.97057986,0.006586756,0.0016230413,0.0002157498,0.020994665
asthma_v2_pneumonia_P38Pneumonia41S.wav,0,1,4,0,0.9576732,0.014847578,0.0032183547,0.0009533365,0.023307515
asthma_v2_pneumonia_P38Pneumonia61R.wav,0,1,4,0,0.7005292,0.005322884,0.026558962,0.0013510052,0.2662379
asthma_v2_pneumonia_P38Pneumonia64N.wav,0,1,4,0,0.961171,0.013816219,0.0016127921,0.0007173135,0.02268266
asthma_v2_pneumonia_P41Pneumonia17O.wav,0,1,4,0,0.7490918,0.00489694,0.09300555,0.0011500914,0.15185556
asthma_v2_pneumonia_P41Pneumonia25E.wav,0,1,4,2,0.34146732,0.1129238,0.42172992,0.0012457113,0.122633204
asthma_v2_pneumonia_P41Pneumonia31S.wav,0,1,4,0,0.9561573,0.0069651967,0.016880237,0.00020192395,0.019795304
asthma_v2_pneumonia_P41Pneumonia41D.wav,0,1,4,2,0.17560895,0.011402015,0.6708444,0.000948759,0.1411959
asthma_v2_pneumonia_P41Pneumonia71Q.wav,0,1,4,0,0.68743104,0.006952431,0.022632707,0.0019450203,0.28103888
asthma_v2_pneumonia_P41Pneumonia72U.wav,0,1,4,0,0.9755898,0.005670791,0.008141793,8.296415e-05,0.010514642
asthma_v2_pneumonia_P45Pneumonia10J.wav,0,1,4,4,0.010983627,0.012259302,0.012489497,0.4484719,0.51579565
asthma_v2_pneumonia_P45Pneumonia25T.wav,0,1,4,4,0.2806627,0.005029453,0.0038622422,0.002374965,0.7080707
asthma_v2_pneumonia_P45Pneumonia29L.wav,0,1,4,4,0.09173715,0.005197225,0.035517886,0.005701104,0.86184657
asthma_v2_pneumonia_P45Pneumonia51F.wav,0,1,4,4,0.033417873,0.0014869521,0.0077982456,0.02539384,0.931903
asthma_v2_pneumonia_P45Pneumonia59I.wav,0,1,4,0,0.533733,0.02107072,0.009124057,0.0032733686,0.4327988
asthma_v2_pneumonia_P45Pneumonia72P.wav,0,1,4,3,0.031039283,0.008554404,0.011825054,0.68159944,0.26698184
asthma_v2_Bronchial_P10BronchialSc_46.wav,0,2,1,2,0.0019739633,0.06835997,0.9225688,0.005226304,0.0018710117
asthma_v2_Bronchial_P10BronchialSc_48.wav,0,2,1,1,0.0012922024,0.75768626,0.22597994,0.014766972,0.00027469028
asthma_v2_Bronchial_P10BronchialSc_50.wav,0,2,1,1,0.00093463424,0.9736109,0.021440852,0.0030156195,0.0009979105
asthma_v2_Bronchial_P10BronchialTc_47.wav,0,2,1,2,0.0009854275,0.07358233,0.9221805,0.0014769259,0.001774877
asthma_v2_Bronchial_P10BronchialTc_49.wav,0,2,1,1,0.0012160303,0.95475626,0.0412119,0.0019285466,0.0008873048
asthma_v2_Bronchial_P12BronchialSc_56.wav,0,2,1,0,0.9290641,0.0023146754,0.0009667553,0.001457356,0.066197105
asthma_v2_Bronchial_P12BronchialSc_58.wav,0,2,1,0,0.89217883,0.032002352,0.0068248385,0.0051959297,0.06379793
asthma_v2_Bronchial_P12BronchialSc_60.wav,0,2,1,0,0.8416572,0.12626636,0.003112736,0.0026328263,0.026330838
asthma_v2_Bronchial_P12BronchialTc_57.wav,0,2,1,0,0.93560374,0.00857001,0.0012660726,0.0030411617,0.051518884
asthma_v2_Bronchial_P12BronchialTc_59.wav,0,2,1,0,0.9313437,0.027564868,0.0022964063,0.0035744617,0.03522055
asthma_v2_Bronchial_P3BronchialSc_12.wav,0,2,1,3,0.0063328985,0.020366073,0.20764883,0.735878,0.029774252
asthma_v2_Bronchial_P3BronchialSc_14.wav,0,2,1,2,0.0011438101,0.09037186,0.9028075,0.0043595647,0.0013173161
asthma_v2_Bronchial_P3BronchialTc_11.wav,0,2,1,3,0.010994207,0.09191483,0.09478915,0.7536073,0.048694603
asthma_v2_Bronchial_P3BronchialTc_13.wav,0,2,1,2,0.0031313708,0.10671397,0.88253015,0.0051631858,0.002461214
asthma_v2_Bronchial_P3BronchialTc_15.wav,0,2,1,2,0.0007342214,0.03850971,0.95766795,0.001901762,0.0011863195
asthma_v2_Bronchial_P6BronchialSc_26.wav,0,2,1,1,0.0010033911,0.9279112,0.06851024,0.0018846267,0.0006904616
asthma_v2_Bronchial_P6BronchialSc_28.wav,0,2,1,1,0.0004449162,0.96979773,0.025867425,0.0037175503,0.00017234485
asthma_v2_Bronchial_P6BronchialSc_30.wav,0,2,1,1,0.002621937,0.665043,0.32633346,0.005350175,0.0006514761
asthma_v2_Bronchial_P6BronchialTc_27.wav,0,2,1,1,0.00045497288,0.95203304,0.045190092,0.0021694377,0.00015248886
asthma_v2_Bronchial_P6BronchialTc_29.wav,0,2,1,2,0.0025700948,0.10248932,0.8909961,0.0006934172,0.0032510227
asthma_v2_Bronchial_P8BronchialSc_36.wav,0,2,1,1,0.0020493802,0.9186219,0.07721608,0.0012367533,0.0008759029
asthma_v2_Bronchial_P8BronchialSc_38.wav,0,2,1,1,0.00036552592,0.92267615,0.0748637,0.0018038995,0.00029080914
asthma_v2_Bronchial_P8BronchialSc_40.wav,0,2,1,1,0.0011513922,0.92351246,0.04329207,0.03150838,0.0005358006
asthma_v2_Bronchial_P8BronchialTc_37.wav,0,2,1,1,0.0016393994,0.78314596,0.21155903,0.0014625441,0.002193008
asthma_v2_Bronchial_P8BronchialTc_39.wav,0,2,1,1,0.0008576414,0.94810474,0.038007256,0.012766103,0.00026431252
asthma_v2_asthma_P14WheezingIE_69.wav,0,2,0,0,0.8902345,0.017252823,0.0013665122,0.007537836,0.083608374
asthma_v2_asthma_P14WheezingIU_66.wav,0,2,0,0,0.9656323,0.0003968224,0.00035670394,0.00066012365,0.03295407
asthma_v2_asthma_P14WheezingIU_70.wav,0,2,0,0,0.8761286,0.00026971914,0.0006298057,0.0003838133,0.12258816
asthma_v2_asthma_P14WheezingRL_67.wav,0,2,0,0,0.8140934,0.0024567188,0.0022761936,0.0113314865,0.16984226
asthma_v2_asthma_P14WheezingRS_68.wav,0,2,0,0,0.8641441,0.00036951652,0.0008103897,0.0017824841,0.13289352
asthma_v2_asthma_P19WheezingIE_93.wav,0,2,0,0,0.9763822,0.0034572352,0.005246174,0.00035482613,0.01455955
asthma_v2_asthma_P19WheezingIU_94.wav,0,2,0,0,0.97891325,0.0065416875,0.0036851568,0.00028179484,0.010578082
asthma_v2_asthma_P19WheezingRL_91.wav,0,2,0,0,0.9716503,0.0009222929,0.00324505,7.66556e-05,0.024105664
asthma_v2_asthma_P19WheezingRL_95.wav,0,2,0,0,0.9535801,0.018891718,0.0027212987,0.0012300147,0.02357684
asthma_v2_asthma_P19WheezingRS_92.wav,0,2,0,0,0.89629406,0.07881465,0.018855365,0.00048699716,0.0055490094
asthma_v2_asthma_P24WheezingIE_117.wav,0,2,0,0,0.93393904,0.008722495,0.048413552,0.00012331181,0.00880154
asthma_v2_asthma_P24WheezingIU_118.wav,0,2,0,0,0.9847131,0.0022300116,0.002031018,0.00019535229,0.010830557
asthma_v2_asthma_P24WheezingRL_119.wav,0,2,0,0,0.9905032,0.0015430792,0.0024508908,0.00015528001,0.0053476174
asthma_v2_asthma_P24WheezingRS_116.wav,0,2,0,0,0.98387396,0.00095447985,0.0041569932,0.00010038312,0.010914166
asthma_v2_asthma_P24WheezingRS_120.wav,0,2,0,0,0.9692597,0.003109196,0.020989103,0.00048345173,0.006158674
asthma_v2_asthma_P30WheezingIE_149.wav,0,2,0,0,0.97534704,0.0045362283,0.0032690573,0.00027322498,0.016574472
asthma_v2_asthma_P30WheezingIU_146.wav,0,2,0,0,0.9194251,0.06471018,0.005558067,0.0008209193,0.0094858
asthma_v2_asthma_P30WheezingIU_150.wav,0,2,0,0,0.98606515,0.0016880657,0.0008529699,0.00018314196,0.0112107145
asthma_v2_asthma_P30WheezingRL_147.wav,0,2,0,0,0.9687645,0.014035447,0.011473946,0.00032216473,0.005403885
asthma_v2_asthma_P30WheezingRS_148.wav,0,2,0,0,0.9825739,0.0037801065,0.0032368489,0.00030546385,0.010103628
asthma_v2_asthma_P32WheezingIE_157.wav,0,2,0,0,0.82925916,0.0016409443,0.0016403411,0.0008213718,0.16663827
asthma_v2_asthma_P32WheezingIU_158.wav,0,2,0,0,0.90717137,0.012001562,0.0057601486,0.0013752519,0.07369169
asthma_v2_asthma_P32WheezingRL_159.wav,0,2,0,0,0.97028863,0.0018431024,0.004749536,0.00020648324,0.022912266
asthma_v2_asthma_P32WheezingRS_156.wav,0,2,0,0,0.87139475,0.107566,0.008584997,0.0021103206,0.010343934
asthma_v2_asthma_P32WheezingRS_160.wav,0,2,0,0,0.9466552,0.0131239295,0.0013021444,0.003051926,0.035866786
asthma_v2_asthma_P36WheezingIE_177.wav,0,2,0,0,0.9169148,0.03484559,0.040728882,0.00027815913,0.0072324835
asthma_v2_asthma_P36WheezingIU_178.wav,0,2,0,0,0.95591587,0.000856569,0.0070879953,6.29697e-05,0.03607676
asthma_v2_asthma_P36WheezingRL_179.wav,0,2,0,0,0.4467335,0.29739627,0.25157148,0.0019332329,0.0023655007
asthma_v2_asthma_P36WheezingRS_176.wav,0,2,0,0,0.599866,0.017714562,0.37958446,0.0009777662,0.0018572386
asthma_v2_asthma_P36WheezingRS_180.wav,0,2,0,0,0.8915062,0.0058084736,0.07332567,0.0008764781,0.028483205
asthma_v2_asthma_P45WheezingIE_221.wav,0,2,0,2,0.45410836,0.008345581,0.53126997,0.00040930393,0.005866795
asthma_v2_asthma_P45WheezingIE_225.wav,0,2,0,0,0.96803814,0.001689179,0.018700775,0.00017589121,0.011395986
asthma_v2_asthma_P45WheezingIU_222.wav,0,2,0,0,0.948552,0.015615111,0.026504518,0.00021592576,0.009112498
asthma_v2_asthma_P45WheezingRL_223.wav,0,2,0,0,0.94221777,0.0029378613,0.04968332,0.00033781456,0.0048233448
asthma_v2_asthma_P45WheezingRS_224.wav,0,2,0,0,0.90787774,0.027567325,0.042322733,0.000314308,0.021917814
asthma_v2_asthma_P46WheezingIE_229.wav,0,2,0,2,0.119153515,0.022462621,0.8568323,0.00080465275,0.0007468031
asthma_v2_asthma_P46WheezingIU_226.wav,0,2,0,0,0.82624346,0.025332887,0.13974515,0.0020928425,0.0065856413
asthma_v2_asthma_P46WheezingIU_230.wav,0,2,0,0,0.9768935,0.0019831487,0.0052031763,0.00019217184,0.015727906
asthma_v2_asthma_P46WheezingRL_227.wav,0,2,0,0,0.8323002,0.023949992,0.13796905,0.0015682612,0.004212509
asthma_v2_asthma_P46WheezingRS_228.wav,0,2,0,0,0.9486328,0.006152507,0.028195616,0.00023680278,0.01678233
asthma_v2_asthma_P48WheezingIE_237.wav,0,2,0,0,0.95038915,0.0020097385,0.043150857,0.0001631,0.00428707
asthma_v2_asthma_P48WheezingIU_238.wav,0,2,0,0,0.96533126,0.0013900312,0.019279126,0.00013320743,0.013866404
asthma_v2_asthma_P48WheezingRL_239.wav,0,2,0,0,0.98588866,0.0005797027,0.006167686,0.000103803184,0.0072600814
asthma_v2_asthma_P48WheezingRS_236.wav,0,2,0,0,0.5577101,0.040619936,0.39751807,0.00084229454,0.0033096117
asthma_v2_asthma_P48WheezingRS_240.wav,0,2,0,0,0.7032442,0.011457838,0.0129316505,0.00064049644,0.27172583
asthma_v2_asthma_P57WheezingIE_281.wav,0,2,0,3,0.011683568,0.010982916,0.00077756523,0.96041363,0.01614227
asthma_v2_asthma_P57WheezingIE_285.wav,0,2,0,3,0.018875139,0.18918175,0.003861704,0.7567847,0.031296708
asthma_v2_asthma_P57WheezingIU_282.wav,0,2,0,3,0.09621202,0.018157413,0.0010554696,0.7626761,0.121898964
asthma_v2_asthma_P57WheezingRL_283.wav,0,2,0,3,0.013522519,0.0028224003,0.0013251943,0.62839365,0.35393623
asthma_v2_asthma_P57WheezingRS_284.wav,0,2,0,3,0.07562751,0.013911923,0.0071078306,0.6194392,0.28391352
asthma_v2_copd_P13COPDMc_100.wav,0,2,2,2,0.0019705684,0.12256983,0.8514241,0.021622462,0.0024130535
asthma_v2_copd_P13COPDMc_102.wav,0,2,2,4,0.015635783,0.0026960066,0.40538043,0.0018523145,0.5744355
asthma_v2_copd_P13COPDMc_104.wav,0,2,2,2,0.016190045,0.017218713,0.8387224,0.006798519,0.121070325
asthma_v2_copd_P13COPDMc_98.wav,0,2,2,2,0.00865866,0.0054717003,0.8364188,0.07249312,0.07695768
asthma_v2_copd_P13COPDPr_101.wav,0,2,2,2,0.15939833,0.0031751532,0.6298266,0.0014084927,0.2061914
asthma_v2_copd_P13COPDPr_103.wav,0,2,2,2,0.22989334,0.013898621,0.39488882,0.0015210836,0.35979816
asthma_v2_copd_P13COPDPr_97.wav,0,2,2,2,0.003481727,0.19714597,0.75053847,0.04121812,0.0076156165
asthma_v2_copd_P13COPDPr_99.wav,0,2,2,2,0.009517502,0.07218657,0.8300957,0.074325554,0.01387458
asthma_v2_copd_P15COPDMc_114.wav,0,2,2,0,0.89379686,0.0017246442,0.09174186,0.00060404255,0.012132497
asthma_v2_copd_P15COPDMc_116.wav,0,2,2,2,0.26159754,0.052171633,0.6837149,0.0012877969,0.0012281103
asthma_v2_copd_P15COPDMc_118.wav,0,2,2,2,0.3598344,0.0060796677,0.6215237,0.00068820536,0.011874026
asthma_v2_copd_P15COPDMc_120.wav,0,2,2,0,0.6699316,0.0013557591,0.19516306,0.00061550876,0.13293417
asthma_v2_copd_P15COPDPr_113.wav,0,2,2,1,0.1800006,0.51203644,0.30067626,0.005459584,0.0018271182
asthma_v2_copd_P15COPDPr_115.wav,0,2,2,2,0.2576573,0.002914252,0.7315823,0.00035635044,0.007489794
asthma_v2_copd_P15COPDPr_117.wav,0,2,2,2,0.3849386,0.019057438,0.58290154,0.000443056,0.012659424
asthma_v2_copd_P15COPDPr_119.wav,0,2,2,2,0.2767434,0.10399889,0.614931,0.00051586324,0.0038108483
asthma_v2_copd_P18COPDMc_138.wav,0,2,2,2,0.0046605775,0.002210888,0.987899,0.00046707585,0.004762456
asthma_v2_copd_P18COPDMc_140.wav,0,2,2,2,0.0025091683,0.0024020446,0.9906149,0.0006727676,0.003801083
asthma_v2_copd_P18COPDMc_142.wav,0,2,2,2,0.058691368,0.014817271,0.8979347,0.0026990522,0.02585769
asthma_v2_copd_P18COPDMc_144.wav,0,2,2,2,0.0032491225,0.04411374,0.9177976,0.027314857,0.0075245867
asthma_v2_copd_P18COPDPr_137.wav,0,2,2,2,0.01296428,0.0026331008,0.9697882,0.0006945532,0.0139198555
asthma_v2_copd_P18COPDPr_139.wav,0,2,2,2,0.0021213437,0.0010786755,0.99042636,0.00036741552,0.006006225
asthma_v2_copd_P18COPDPr_141.wav,0,2,2,2,0.00088861026,0.00656999,0.9875529,0.00033745842,0.0046511185
asthma_v2_copd_P18COPDPr_143.wav,0,2,2,2,0.0004422885,0.00165408,0.992965,0.0031025615,0.0018361681
asthma_v2_copd_P28COPDMc_218.wav,0,2,2,2,0.0021017017,0.010717982,0.9811602,0.0040354556,0.001984696
asthma_v2_copd_P28COPDMc_220.wav,0,2,2,2,0.002417504,0.010028383,0.9792508,0.006981438,0.0013218385
asthma_v2_copd_P28COPDMc_222.wav,0,2,2,2,0.029685413,0.17765118,0.7398262,0.03481731,0.01801989
asthma_v2_copd_P28COPDMc_224.wav,0,2,2,2,0.0022544651,0.0066916635,0.982969,0.004010612,0.00407426
asthma_v2_copd_P28COPDPr_217.wav,0,2,2,2,0.0040791472,0.014478843,0.970177,0.007162428,0.004102538
asthma_v2_copd_P28COPDPr_219.wav,0,2,2,2,0.004777358,0.06332879,0.69219255,0.23433694,0.0053643477
asthma_v2_copd_P28COPDPr_221.wav,0,2,2,2,0.0038500053,0.0098341135,0.96862453,0.0037247196,0.013966647
asthma_v2_copd_P28COPDPr_223.wav,0,2,2,2,0.075639784,0.07779155,0.6797882,0.027723694,0.13905683
asthma_v2_copd_P29COPDMc_226.wav,0,2,2,2,0.0023238421,0.006051878,0.9751511,0.0030147498,0.013458412
asthma_v2_copd_P29COPDMc_228.wav,0,2,2,2,0.001172244,0.0026726855,0.99387395,0.0007529642,0.0015281487
asthma_v2_copd_P29COPDMc_230.wav,0,2,2,2,0.0010803348,0.0019074788,0.9936767,0.000896419,0.0024391222
asthma_v2_copd_P29COPDMc_232.wav,0,2,2,2,0.010232133,0.0016761934,0.9590248,0.0076134796,0.02145343
asthma_v2_copd_P29COPDPr_225.wav,0,2,2,2,0.002276233,0.0063036927,0.9845878,0.0015362785,0.0052960278
asthma_v2_copd_P29COPDPr_227.wav,0,2,2,2,0.0010156542,0.0023947093,0.9943488,0.0005743853,0.0016664012
asthma_v2_copd_P29COPDPr_229.wav,0,2,2,2,0.00110369,0.004020285,0.99027085,0.003535382,0.0010698265
asthma_v2_copd_P29COPDPr_231.wav,0,2,2,2,0.0019253086,0.0026570526,0.9911713,0.0008179452,0.0034283702
asthma_v2_copd_P30COPDMc_234.wav,0,2,2,4,0.13389947,0.0034935514,0.124030784,0.24332143,0.4952548
asthma_v2_copd_P30COPDMc_236.wav,0,2,2,2,0.00055839046,0.001282979,0.9967624,0.00051687757,0.00087933143
asthma_v2_copd_P30COPDMc_238.wav,0,2,2,2,0.0022624473,0.0013935843,0.98778754,0.00074637594,0.0078101084
asthma_v2_copd_P30COPDMc_240.wav,0,2,2,2,0.0016780547,0.002030518,0.9876895,0.0038624087,0.00473944
asthma_v2_copd_P30COPDPr_233.wav,0,2,2,4,0.095897295,0.002964633,0.24779096,0.03972248,0.61362463
asthma_v2_copd_P30COPDPr_235.wav,0,2,2,4,0.11351429,0.0015748244,0.111095525,0.055738606,0.71807677
asthma_v2_copd_P30COPDPr_237.wav,0,2,2,2,0.0010623677,0.0017155765,0.994348,0.0008742634,0.001999816
asthma_v2_copd_P30COPDPr_239.wav,0,2,2,2,0.0015481369,0.0047171763,0.9903764,0.00063352747,0.0027247847
asthma_v2_copd_P47COPDMc_370.wav,0,2,2,2,0.010226455,0.013532974,0.8529827,0.0007578934,0.1224999
asthma_v2_copd_P47COPDMc_372.wav,0,2,2,2,0.021491054,0.0042443974,0.89594287,0.018105054,0.06021666
asthma_v2_copd_P47COPDMc_374.wav,0,2,2,2,0.00036527542,0.010321468,0.98792136,0.0010005976,0.0003913107
asthma_v2_copd_P47COPDMc_376.wav,0,2,2,2,0.00032336096,0.0030049644,0.99530643,0.00084980123,0.00051538873
asthma_v2_copd_P47COPDPr_369.wav,0,2,2,2,0.052944347,0.22334184,0.5186477,0.0034105647,0.20165561
asthma_v2_copd_P47COPDPr_371.wav,0,2,2,2,0.050451767,0.24324766,0.6874866,0.004197902,0.014616088
asthma_v2_copd_P47COPDPr_373.wav,0,2,2,3,0.02982219,0.011506703,0.45165366,0.4758517,0.03116573
asthma_v2_copd_P47COPDPr_375.wav,0,2,2,2,0.00060052925,0.012404329,0.98492056,0.0016765539,0.00039809322
asthma_v2_copd_P49COPDMc_386.wav,0,2,2,2,0.00013137044,0.0058209067,0.99277365,0.0008767419,0.00039731173
asthma_v2_copd_P49COPDMc_388.wav,0,2,2,2,0.00022712802,0.0062816786,0.9913448,0.0016141725,0.00053225877
asthma_v2_copd_P49COPDMc_390.wav,0,2,2,2,0.00051614124,0.018787347,0.9772564,0.003225675,0.00021443624
asthma_v2_copd_P49COPDMc_392.wav,0,2,2,2,0.0020367366,0.012904745,0.7781136,0.19868177,0.008263137
asthma_v2_copd_P49COPDPr_385.wav,0,2,2,2,0.0006660686,0.023652347,0.9726273,0.0011228231,0.0019315194
asthma_v2_copd_P49COPDPr_387.wav,0,2,2,2,0.00040942122,0.011861257,0.9846175,0.0025900167,0.00052187045
asthma_v2_copd_P49COPDPr_389.wav,0,2,2,2,0.00028259505,0.008277092,0.98898214,0.0023052741,0.00015291761
asthma_v2_copd_P49COPDPr_391.wav,0,2,2,2,0.00012971148,0.0049330066,0.99228716,0.0023589109,0.00029125193
asthma_v2_copd_P4COPDMc_26.wav,0,2,2,2,0.0012622606,0.00036848892,0.98581403,0.00041442298,0.012140774
asthma_v2_copd_P4COPDMc_28.wav,0,2,2,2,0.0006355966,0.0006094809,0.99717087,0.00051400904,0.0010700892
asthma_v2_copd_P4COPDMc_30.wav,0,2,2,2,0.04091,0.10371638,0.8095082,0.042553224,0.0033121675
asthma_v2_copd_P4COPDMc_32.wav,0,2,2,2,0.18313585,0.16156688,0.6231532,0.014093245,0.018050736
asthma_v2_copd_P4COPDPr_25.wav,0,2,2,2,0.0005669905,0.0010505919,0.99551,0.0013227235,0.001549686
asthma_v2_copd_P4COPDPr_27.wav,0,2,2,2,0.0008323844,0.00062535965,0.9956007,0.0007154795,0.0022261278
asthma_v2_copd_P4COPDPr_29.wav,0,2,2,2,0.0002949537,0.00093334774,0.9969657,0.0005582594,0.0012476477
asthma_v2_copd_P4COPDPr_31.wav,0,2,2,2,0.00034663346,0.008507964,0.9894616,0.0014132047,0.000270558
asthma_v2_copd_P51COPDPr_401.wav,0,2,2,2,0.00075930724,0.017987834,0.97447485,0.0053674607,0.0014105769
asthma_v2_copd_P8COPDMc_58.wav,0,2,2,2,0.0011207276,0.0015216088,0.9948173,0.00018717276,0.0023531944
asthma_v2_copd_P8COPDMc_60.wav,0,2,2,2,0.00044827754,0.0010479508,0.9969817,0.00046706112,0.0010550081
asthma_v2_copd_P8COPDMc_62.wav,0,2,2,2,0.0015882803,0.0010968365,0.9853914,0.00064951344,0.011274017
asthma_v2_copd_P8COPDMc_64.wav,0,2,2,2,0.0017670878,0.0012226406,0.9776635,0.00045628962,0.01889039
asthma_v2_copd_P8COPDPr_57.wav,0,2,2,2,0.0050869104,0.002880737,0.9688062,0.00830491,0.01492127
asthma_v2_copd_P8COPDPr_59.wav,0,2,2,2,0.001082373,0.00051663927,0.99341667,0.0007410612,0.0042432486
asthma_v2_copd_P8COPDPr_61.wav,0,2,2,2,0.0006376682,0.001486515,0.99643314,0.00044574868,0.0009968969
asthma_v2_copd_P8COPDPr_63.wav,0,2,2,2,0.0007170396,0.00083748007,0.98583895,0.000487065,0.012119487
asthma_v2_healthy_P17Healthy22S.wav,0,2,3,3,0.008847489,0.0043518264,0.0010927331,0.6059458,0.37976214
asthma_v2_healthy_P17Healthy35S.wav,0,2,3,4,0.01768847,0.001914461,0.0035728011,0.06848673,0.90833753
asthma_v2_healthy_P17Healthy58S.wav,0,2,3,3,0.001585814,0.0011675999,0.0009479096,0.9840917,0.012207036
asthma_v2_healthy_P17Healthy71S.wav,0,2,3,3,0.009050024,0.0027835441,0.0111913495,0.9208414,0.056133714
asthma_v2_healthy_P17Healthy83S.wav,0,2,3,3,0.0018164507,0.0011674514,0.0012975152,0.9865428,0.009175761
asthma_v2_healthy_P18Healthy17S.wav,0,2,3,3,0.00399178,0.0024166442,0.0023790123,0.9812378,0.009974754
asthma_v2_healthy_P18Healthy46S.wav,0,2,3,4,0.1156327,0.08166069,0.01194218,0.2720291,0.51873535
asthma_v2_healthy_P18Healthy59S.wav,0,2,3,3,0.16654079,0.07570412,0.003901914,0.45792478,0.29592842
asthma_v2_healthy_P18Healthy79S.wav,0,2,3,3,0.004057035,0.0019266484,0.0018856558,0.98449254,0.0076382207
asthma_v2_healthy_P18Healthy98S.wav,0,2,3,3,0.00396527,0.0015975191,0.0048348885,0.98135066,0.00825157
asthma_v2_healthy_P22Healthy36S.wav,0,2,3,3,0.0922273,0.00977705,0.009961166,0.44518894,0.44284546
asthma_v2_healthy_P22Healthy45S.wav,0,2,3,3,0.077186294,0.017665984,0.0032306921,0.6649845,0.23693255
asthma_v2_healthy_P22Healthy50S.wav,0,2,3,3,0.002223047,0.0016611043,0.0011813442,0.9876653,0.007269268
asthma_v2_healthy_P22Healthy88S.wav,0,2,3,3,0.17473021,0.015469287,0.0067501673,0.6978729,0.10517744
asthma_v2_healthy_P22Healthy94S.wav,0,2,3,3,0.08278056,0.26211774,0.0077821724,0.48849487,0.15882467
asthma_v2_healthy_P23Healthy14S.wav,0,2,3,3,0.17473021,0.015469287,0.0067501673,0.6978729,0.10517744
asthma_v2_healthy_P23Healthy24S.wav,0,2,3,3,0.0057312967,0.0017963485,0.00031773423,0.95491517,0.037239537
asthma_v2_healthy_P23Healthy72S.wav,0,2,3,3,0.0087868925,0.008058947,0.0025234893,0.8124146,0.16821606
asthma_v2_healthy_P23Healthy97S.wav,0,2,3,3,0.0057312967,0.0017963485,0.00031773423,0.95491517,0.037239537
asthma_v2_healthy_P23Healthy98S.wav,0,2,3,3,0.0087868925,0.008058947,0.0025234893,0.8124146,0.16821606
asthma_v2_healthy_P8Healthy33S.wav,0,2,3,3,0.042438563,0.22021058,0.023551041,0.6955321,0.018267745
asthma_v2_healthy_P8Healthy35S.wav,0,2,3,3,0.028201006,0.05466652,0.0056614964,0.89321595,0.01825502
asthma_v2_healthy_P8Healthy48S.wav,0,2,3,3,0.006876825,0.17111641,0.04481815,0.7700405,0.00714806
asthma_v2_healthy_P8Healthy70S.wav,0,2,3,3,0.011386421,0.0110675385,0.0315754,0.660866,0.28510466
asthma_v2_healthy_P8Healthy82S.wav,0,2,3,3,0.018163448,0.005600904,0.09390705,0.64085114,0.24147744
asthma_v2_pneumonia_P11Pneumonia12W.wav,0,2,4,3,0.016779134,0.00063541817,0.0036085597,0.54722774,0.4317491
asthma_v2_pneumonia_P11Pneumonia18T.wav,0,2,4,0,0.85536945,0.009030656,0.015967058,0.017501077,0.102131784
asthma_v2_pneumonia_P11Pneumonia41N.wav,0,2,4,3,0.031869788,0.0037609318,0.0044354987,0.7943706,0.16556317
asthma_v2_pneumonia_P11Pneumonia58A.wav,0,2,4,3,0.0073576807,0.00047354543,0.0018115548,0.7571512,0.23320608
asthma_v2_pneumonia_P11Pneumonia65P.wav,0,2,4,4,0.011806858,0.0015040427,0.0007568472,0.28033343,0.70559883
asthma_v2_pneumonia_P11Pneumonia98J.wav,0,2,4,3,0.011866685,0.0004246453,0.0025265377,0.5950002,0.3901819
asthma_v2_pneumonia_P15Pneumonia12I.wav,0,2,4,4,0.0114553245,0.004181084,0.017973542,0.0017743646,0.9646157
asthma_v2_pneumonia_P15Pneumonia16R.wav,0,2,4,4,0.0769707,0.019502992,0.077487946,0.0062264707,0.8198119
asthma_v2_pneumonia_P15Pneumonia39Y.wav,0,2,4,4,0.016236654,0.00013529533,0.00474531,0.026572574,0.9523102
asthma_v2_pneumonia_P15Pneumonia56Z.wav,0,2,4,4,0.0025653262,0.00017359645,0.004378776,0.0056433002,0.98723894
asthma_v2_pneumonia_P15Pneumonia58S.wav,0,2,4,4,0.27113453,0.025949666,0.00264704,0.32075393,0.37951484
asthma_v2_pneumonia_P15Pneumonia81V.wav,0,2,4,4,0.105327256,0.025548497,0.0012643118,0.13793053,0.72992945
asthma_v2_pneumonia_P19Pneumonia24H.wav,0,2,4,3,0.36040434,0.016353652,0.006665595,0.3608182,0.25575826
asthma_v2_pneumonia_P19Pneumonia33O.wav,0,2,4,3,0.20829311,0.019604845,0.0030444518,0.40534067,0.3637169
asthma_v2_pneumonia_P19Pneumonia39Z.wav,0,2,4,4,0.06643738,0.020116778,0.0034088118,0.36528963,0.5447474
asthma_v2_pneumonia_P19Pneumonia41U.wav,0,2,4,4,0.09459913,0.019697338,0.0021263484,0.09669911,0.7868781
asthma_v2_pneumonia_P19Pneumonia75B.wav,0,2,4,3,0.09850899,0.026982425,0.001908202,0.51049095,0.36210942
asthma_v2_pneumonia_P19Pneumonia90X.wav,0,2,4,3,0.091258354,0.009274861,0.00037341955,0.7486404,0.15045297
asthma_v2_pneumonia_P26Pneumonia12X.wav,0,2,4,3,0.0392546,0.013157668,0.013238272,0.6766749,0.2576746
asthma_v2_pneumonia_P26Pneumonia66S.wav,0,2,4,4,0.123062596,0.01895458,0.031743728,0.11981755,0.7064216
asthma_v2_pneumonia_P26Pneumonia72P.wav,0,2,4,3,0.022813378,0.0023974027,0.0005903617,0.7190775,0.2551213
asthma_v2_pneumonia_P26Pneumonia83Z.wav,0,2,4,4,0.0083676735,0.00027326072,0.000971749,0.011442977,0.9789443
asthma_v2_pneumonia_P26Pneumonia84P.wav,0,2,4,3,0.01022943,0.0021424175,0.000782038,0.6168495,0.36999667
asthma_v2_pneumonia_P26Pneumonia89E.wav,0,2,4,3,0.010984494,0.01949685,0.0003654334,0.95066684,0.018486379
asthma_v2_pneumonia_P31Pneumonia14Q.wav,0,2,4,4,0.010205062,0.00060983544,0.0002860892,0.05499155,0.93390733
asthma_v2_pneumonia_P31Pneumonia16C.wav,0,2,4,4,0.011295856,0.0023017244,0.0005538985,0.1413628,0.84448576
asthma_v2_pneumonia_P31Pneumonia43V.wav,0,2,4,4,0.0065692137,0.00040128714,0.00037630845,0.008628928,0.9840242
asthma_v2_pneumonia_P31Pneumonia47D.wav,0,2,4,4,0.0029190134,0.00047738003,0.00031126282,0.04514203,0.95115036
asthma_v2_pneumonia_P31Pneumonia47J.wav,0,2,4,4,0.018774958,0.00065890996,0.0009935021,0.0084038945,0.97116876
asthma_v2_pneumonia_P31Pneumonia92I.wav,0,2,4,3,0.012041661,0.0027056336,0.0006173564,0.92346174,0.061173595
asthma_v2_pneumonia_P35Pneumonia16F.wav,0,2,4,4,0.15115434,0.006179601,0.0009794255,0.1844991,0.6571875
asthma_v2_pneumonia_P35Pneumonia46U.wav,0,2,4,4,0.0662933,0.0015245223,0.0014386531,0.21054247,0.7202011
asthma_v2_pneumonia_P35Pneumonia56D.wav,0,2,4,0,0.5136587,0.031034507,0.010711761,0.19495925,0.2496357
asthma_v2_pneumonia_P35Pneumonia57I.wav,0,2,4,4,0.087467186,0.0028751183,0.0010427432,0.32613102,0.5824839
asthma_v2_pneumonia_P35Pneumonia75E.wav,0,2,4,4,0.011968747,0.0038200694,0.00033716636,0.056550942,0.92732304
asthma_v2_pneumonia_P35Pneumonia99V.wav,0,2,4,4,0.022577459,0.00086764555,0.001119939,0.06992177,0.90551317
asthma_v2_pneumonia_P3Pneumonia41L.wav,0,2,4,4,0.0074568344,0.00027486368,0.0007745153,0.0066388943,0.9848549
asthma_v2_pneumonia_P3Pneumonia54K.wav,0,2,4,4,0.015784027,0.0004938924,0.0013372244,0.07678485,0.9056
asthma_v2_pneumonia_P3Pneumonia61R.wav,0,2,4,4,0.00834181,0.0003217889,0.08496967,0.16929483,0.73707193
asthma_v2_pneumonia_P3Pneumonia74F.wav,0,2,4,4,0.0087643685,0.00034397808,0.0017164716,0.021806717,0.9673684
asthma_v2_pneumonia_P3Pneumonia75Z.wav,0,2,4,4,0.017915688,0.0014659074,0.315817,0.32609108,0.3387103
asthma_v2_pneumonia_P3Pneumonia96L.wav,0,2,4,4,0.0077816523,0.00024236237,0.0005175527,0.0043462235,0.98711234
asthma_v2_pneumonia_P46Pneumonia15W.wav,0,2,4,3,0.01145078,0.00063597236,0.0046264427,0.75906837,0.22421847
asthma_v2_pneumonia_P46Pneumonia22V.wav,0,2,4,4,0.010323982,0.0003990247,0.0015649423,0.022806702,0.9649053
asthma_v2_pneumonia_P46Pneumonia49D.wav,0,2,4,4,0.013974321,0.00034773964,0.0054105087,0.34124723,0.63902026
asthma_v2_pneumonia_P46Pneumonia80D.wav,0,2,4,4,0.008407677,0.00031895522,0.0027877921,0.049169157,0.9393164
asthma_v2_pneumonia_P46Pneumonia95A.wav,0,2,4,4,0.007359578,0.0005779384,0.0013893738,0.098287724,0.89238536
asthma_v2_pneumonia_P46Pneumonia99Y.wav,0,2,4,3,0.005713546,0.0015634436,0.016417312,0.92741954,0.048886165
asthma_v2_pneumonia_P48Pneumonia31K.wav,0,2,4,4,0.008407677,0.00031895522,0.0027877921,0.049169157,0.9393164
asthma_v2_pneumonia_P48Pneumonia61T.wav,0,2,4,4,0.010323982,0.0003990247,0.0015649423,0.022806702,0.9649053
asthma_v2_pneumonia_P48Pneumonia82Z.wav,0,2,4,4,0.007359578,0.0005779384,0.0013893738,0.098287724,0.89238536
asthma_v2_pneumonia_P8Pneumonia11O.wav,0,2,4,4,0.2603594,0.02799547,0.009572179,0.27143875,0.4306342
asthma_v2_pneumonia_P8Pneumonia14Z.wav,0,2,4,4,0.085453,0.0032493216,0.005427407,0.35991716,0.54595315
asthma_v2_pneumonia_P8Pneumonia16Z.wav,0,2,4,3,0.09345048,0.0076030395,0.00067471067,0.7160988,0.18217306
asthma_v2_pneumonia_P8Pneumonia20O.wav,0,2,4,4,0.0060641575,0.0002346345,0.011297968,0.008662192,0.97374094
asthma_v2_pneumonia_P8Pneumonia23N.wav,0,2,4,0,0.473283,0.047794715,0.026151704,0.23677497,0.21599557
asthma_v2_pneumonia_P8Pneumonia28V.wav,0,2,4,4,0.028987894,0.0087921005,0.00052507536,0.33581486,0.62588
asthma_v2_Bronchial_P15BronchialSc_72.wav,0,3,1,1,0.005328956,0.8985007,0.0034662327,0.08658607,0.0061181183
asthma_v2_Bronchial_P15BronchialSc_74.wav,0,3,1,1,0.00076313183,0.9825716,0.002071629,0.012950417,0.0016432278
asthma_v2_Bronchial_P15BronchialTc_71.wav,0,3,1,1,0.0010541921,0.9819589,0.0016397077,0.013853956,0.0014931282
asthma_v2_Bronchial_P15BronchialTc_73.wav,0,3,1,1,0.0011018794,0.97800213,0.0014497868,0.018083367,0.0013628453
asthma_v2_Bronchial_P15BronchialTc_75.wav,0,3,1,1,0.00095004356,0.9761028,0.0051593105,0.014890328,0.0028975836
asthma_v2_Bronchial_P21BronchialSc_102.wav,0,3,1,4,0.01970271,0.003487171,0.0029808814,0.108564556,0.8652647
asthma_v2_Bronchial_P21BronchialSc_104.wav,0,3,1,4,0.027879838,0.008846327,0.010331264,0.26341677,0.6895258
asthma_v2_Bronchial_P21BronchialTc_101.wav,0,3,1,1,0.0022607315,0.97630787,0.002595058,0.015179029,0.0036573468
asthma_v2_Bronchial_P21BronchialTc_103.wav,0,3,1,4,0.027940687,0.010757251,0.007102979,0.27785447,0.67634463
asthma_v2_Bronchial_P5BronchialSc_22.wav,0,3,1,1,0.00080855325,0.8115317,0.15699045,0.02992246,0.00074684375
asthma_v2_Bronchial_P5BronchialSc_24.wav,0,3,1,1,0.0015241664,0.73940116,0.20526586,0.052794218,0.0010146236
asthma_v2_Bronchial_P5BronchialTc_21.wav,0,3,1,1,0.0035684174,0.6803407,0.24974383,0.061517965,0.0048290193
asthma_v2_Bronchial_P5BronchialTc_23.wav,0,3,1,1,0.0003456161,0.9487714,0.03959111,0.010943107,0.0003487601
asthma_v2_Bronchial_P5BronchialTc_25.wav,0,3,1,1,0.0005424541,0.9055023,0.07673395,0.016738176,0.0004831052
asthma_v2_asthma_P12WheezingIE_57.wav,0,3,0,0,0.72224575,0.08779454,0.008306032,0.0035438659,0.1781098
asthma_v2_asthma_P12WheezingIU_58.wav,0,3,0,4,0.35052162,0.113799125,0.052587524,0.010039122,0.47305262
asthma_v2_asthma_P12WheezingRL_59.wav,0,3,0,0,0.91655207,0.016929686,0.0026770507,0.0028932216,0.060948063
asthma_v2_asthma_P12WheezingRS_56.wav,0,3,0,0,0.75373685,0.032340776,0.0044024778,0.0024338579,0.20708607
asthma_v2_asthma_P12WheezingRS_60.wav,0,3,0,0,0.65235233,0.31437606,0.003107049,0.0021530418,0.028011518
asthma_v2_asthma_P18WheezingIE_89.wav,0,3,0,0,0.873201,0.0862152,0.015172149,0.0039303824,0.021481283
asthma_v2_asthma_P18WheezingIU_86.wav,0,3,0,0,0.8839815,0.014002881,0.078207284,0.0014811705,0.022327114
asthma_v2_asthma_P18WheezingIU_90.wav,0,3,0,0,0.8757555,0.09019325,0.020482633,0.00037690977,0.013191797
asthma_v2_asthma_P18WheezingRL_87.wav,0,3,0,1,0.42908838,0.54350823,0.014104228,0.0032499826,0.010049115
asthma_v2_asthma_P18WheezingRS_88.wav,0,3,0,0,0.6950598,0.2551321,0.015518193,0.002711152,0.031578757
asthma_v2_asthma_P1AsthmaIE_1.wav,0,3,0,0,0.81639594,0.057884008,0.005821393,0.0045886943,0.11530993
asthma_v2_asthma_P1AsthmaIE_5.wav,0,3,0,0,0.538405,0.4010869,0.0097134365,0.0030868938,0.047707774
asthma_v2_asthma_P1AsthmaIU_2.wav,0,3,0,0,0.59579504,0.37099418,0.0042301533,0.0023040392,0.026676552
asthma_v2_asthma_P1AsthmaRL_3.wav,0,3,0,0,0.60842574,0.032015942,0.008520383,0.0055350265,0.34550294
asthma_v2_asthma_P1AsthmaRS_4.wav,0,3,0,1,0.24642478,0.7311608,0.008398959,0.003115849,0.010899606
asthma_v2_asthma_P25WheezingIE_121.wav,0,3,0,0,0.93524784,0.04117112,0.00453835,0.0009907682,0.018051932
asthma_v2_asthma_P25WheezingIE_125.wav,0,3,0,0,0.94479316,0.02670741,0.007384981,0.007787106,0.013327296
asthma_v2_asthma_P25WheezingIU_122.wav,0,3,0,2,0.270345,0.013727877,0.40339035,0.0047233533,0.30781338
asthma_v2_asthma_P25WheezingRL_123.wav,0,3,0,0,0.88350296,0.06021596,0.040574506,0.0009978757,0.01470867
asthma_v2_asthma_P25WheezingRS_124.wav,0,3,0,0,0.9543368,0.019348748,0.008154945,0.0003788003,0.017780734
asthma_v2_asthma_P33WheezingIE_161.wav,0,3,0,0,0.8182769,0.040861975,0.025016207,0.0013521096,0.114492826
asthma_v2_asthma_P33WheezingIE_165.wav,0,3,0,0,0.9502221,0.015149111,0.016592883,0.0004136821,0.017622204
asthma_v2_asthma_P33WheezingIU_162.wav,0,3,0,0,0.9119681,0.034067813,0.019462073,0.0004384093,0.034063548
asthma_v2_asthma_P33WheezingRL_163.wav,0,3,0,0,0.9109764,0.07118313,0.0043288404,0.0010466597,0.012464908
asthma_v2_asthma_P33WheezingRS_164.wav,0,3,0,0,0.8356635,0.08527736,0.014911589,0.001011818,0.06313582
asthma_v2_asthma_P3AsthmaIE_13.wav,0,3,0,0,0.74009764,0.021316579,0.001940655,0.004310601,0.23233455
asthma_v2_asthma_P3AsthmaIU_14.wav,0,3,0,1,0.43910173,0.53717697,0.0043240385,0.0024886006,0.016908707
asthma_v2_asthma_P3AsthmaRL_11.wav,0,3,0,0,0.7128881,0.019250393,0.0029760592,0.0043192483,0.2605661
asthma_v2_asthma_P3AsthmaRL_15.wav,0,3,0,0,0.857846,0.08170984,0.0026070992,0.0015399498,0.056297008
asthma_v2_asthma_P3AsthmaRS_12.wav,0,3,0,0,0.8633651,0.07794498,0.0050837034,0.0039062765,0.049699966
asthma_v2_asthma_P40WheezingIE_197.wav,0,3,0,0,0.7298765,0.0073803263,0.21807875,0.002507606,0.04215677
asthma_v2_asthma_P40WheezingIU_198.wav,0,3,0,0,0.6295288,0.0049048048,0.31160745,0.00197613,0.05198283
asthma_v2_asthma_P40WheezingRL_199.wav,0,3,0,0,0.6716812,0.03222124,0.27183658,0.0036994347,0.02056158
asthma_v2_asthma_P40WheezingRS_196.wav,0,3,0,0,0.92758024,0.023003876,0.03684624,0.00051868666,0.012051037
asthma_v2_asthma_P40WheezingRS_200.wav,0,3,0,0,0.7064468,0.004178551,0.23684172,0.0022697514,0.050263263
asthma_v2_asthma_P42WheezingIE_209.wav,0,3,0,0,0.51148766,0.033386633,0.44520634,0.0026961,0.0072232196
asthma_v2_asthma_P42WheezingIU_206.wav,0,3,0,0,0.8594751,0.048029326,0.08304455,0.0007630992,0.008687856
asthma_v2_asthma_P42WheezingIU_210.wav,0,3,0,0,0.91158426,0.029128663,0.04380868,0.000582699,0.014895609
asthma_v2_asthma_P42WheezingRL_207.wav,0,3,0,0,0.9059829,0.037218492,0.043587584,0.0007036915,0.012507309
asthma_v2_asthma_P42WheezingRS_208.wav,0,3,0,2,0.14247523,0.006729009,0.7782537,0.0023900608,0.0701521
asthma_v2_asthma_P50WheezingIE_249.wav,0,3,0,0,0.9253139,0.017298281,0.043357834,0.0005061726,0.013523764
asthma_v2_asthma_P50WheezingIU_246.wav,0,3,0,2,0.24004947,0.00875242,0.7048196,0.0017462188,0.044632312
asthma_v2_asthma_P50WheezingIU_250.wav,0,3,0,0,0.6505968,0.05937069,0.23102017,0.00065683754,0.058355488
asthma_v2_asthma_P50WheezingRL_247.wav,0,3,0,0,0.66145915,0.008349814,0.24884158,0.006947201,0.07440229
asthma_v2_asthma_P50WheezingRS_248.wav,0,3,0,0,0.5725428,0.029032506,0.21736719,0.0023040147,0.17875351
asthma_v2_asthma_P55WheezingIE_273.wav,0,3,0,4,0.03180323,0.026602974,0.007382315,0.41755444,0.51665705
asthma_v2_asthma_P55WheezingIU_274.wav,0,3,0,3,0.01970204,0.0063361805,0.0059897737,0.5787387,0.38923323
asthma_v2_asthma_P55WheezingRL_271.wav,0,3,0,3,0.02026216,0.09341652,0.02392158,0.8035319,0.058867775
asthma_v2_asthma_P55WheezingRL_275.wav,0,3,0,3,0.027939996,0.07237473,0.11703129,0.69037634,0.092277646
asthma_v2_asthma_P55WheezingRS_272.wav,0,3,0,4,0.042781424,0.017744204,0.014049683,0.19261625,0.73280835
asthma_v2_asthma_P56WheezingIE_277.wav,0,3,0,3,0.044885963,0.10040295,0.008478213,0.5705808,0.27565208
asthma_v2_asthma_P56WheezingIU_278.wav,0,3,0,3,0.017515153,0.07872173,0.011319417,0.695387,0.19705662
asthma_v2_asthma_P56WheezingRL_279.wav,0,3,0,3,0.046265714,0.027045412,0.006034984,0.62770456,0.29294938
asthma_v2_asthma_P56WheezingRS_276.wav,0,3,0,3,0.16547109,0.0277604,0.04597322,0.45718014,0.30361512
asthma_v2_asthma_P56WheezingRS_280.wav,0,3,0,3,0.03721856,0.18572809,0.010911386,0.59750825,0.16863367
asthma_v2_asthma_P8AsthmaIE_37.wav,0,3,0,0,0.9550405,0.018741623,0.0011273944,0.0010298573,0.024060648
asthma_v2_asthma_P8AsthmaIU_38.wav,0,3,0,0,0.69506276,0.23746094,0.027447956,0.009225572,0.030802885
asthma_v2_asthma_P8AsthmaRL_39.wav,0,3,0,0,0.77378875,0.16344628,0.004956953,0.0016637413,0.056144305
asthma_v2_asthma_P8AsthmaRS_36.wav,0,3,0,0,0.95370173,0.018580196,0.0021459258,0.0028874443,0.022684699
asthma_v2_asthma_P8AsthmaRS_40.wav,0,3,0,0,0.7719901,0.16895615,0.017031249,0.003248483,0.038774014
asthma_v2_asthma_P9AsthmaIE_41.wav,0,3,0,1,0.33509895,0.5090972,0.0084180925,0.0061695483,0.14121619
asthma_v2_asthma_P9AsthmaIE_45.wav,0,3,0,0,0.6159325,0.25967434,0.0056840144,0.0033840174,0.11532507
asthma_v2_asthma_P9AsthmaIU_42.wav,0,3,0,0,0.8108359,0.06255928,0.010920347,0.007832807,0.10785176
asthma_v2_asthma_P9AsthmaRL_43.wav,0,3,0,1,0.25314397,0.43263477,0.038995527,0.022789499,0.25243622
asthma_v2_asthma_P9AsthmaRS_44.wav,0,3,0,0,0.7778169,0.14292951,0.0073357206,0.0050622337,0.066855706
asthma_v2_copd_P11COPDMc_82.wav,0,3,2,0,0.57437634,0.04090683,0.3746929,0.0018056195,0.008218296
asthma_v2_copd_P11COPDMc_84.wav,0,3,2,0,0.47210166,0.46245584,0.009213358,0.0021016258,0.05412757
asthma_v2_copd_P11COPDMc_86.wav,0,3,2,4,0.098433636,0.31806403,0.062550955,0.0071087633,0.5138425
asthma_v2_copd_P11COPDMc_88.wav,0,3,2,0,0.446508,0.33873424,0.20600829,0.0028032716,0.0059461277
asthma_v2_copd_P11COPDPr_81.wav,0,3,2,2,0.41384628,0.039780445,0.53885806,0.0021737963,0.005341407
asthma_v2_copd_P11COPDPr_83.wav,0,3,2,0,0.3906835,0.18381332,0.26264966,0.004143926,0.15870962
asthma_v2_copd_P11COPDPr_85.wav,0,3,2,1,0.2301417,0.5900497,0.16045581,0.0077280733,0.01162479
asthma_v2_copd_P11COPDPr_87.wav,0,3,2,0,0.6550978,0.21378124,0.12180753,0.0011170896,0.0081963
asthma_v2_copd_P19COPDMc_146.wav,0,3,2,2,0.024173936,0.035744246,0.720575,0.15201212,0.06749472
asthma_v2_copd_P19COPDMc_148.wav,0,3,2,1,0.005126834,0.94233215,0.005553427,0.031281676,0.015705885
asthma_v2_copd_P19COPDMc_150.wav,0,3,2,4,0.06920091,0.038736954,0.37115297,0.006110849,0.5147984
asthma_v2_copd_P19COPDMc_152.wav,0,3,2,2,0.0017524663,0.07425673,0.9033123,0.018726822,0.0019515937
asthma_v2_copd_P19COPDPr_145.wav,0,3,2,1,0.0022452264,0.9452771,0.048773773,0.0025809,0.0011230351
asthma_v2_copd_P19COPDPr_147.wav,0,3,2,1,0.007992556,0.8528243,0.009019645,0.119568415,0.010595082
asthma_v2_copd_P19COPDPr_149.wav,0,3,2,2,0.028263181,0.047366418,0.7206929,0.0951717,0.10850582
asthma_v2_copd_P19COPDPr_151.wav,0,3,2,1,0.0269207,0.62240314,0.29788002,0.008323536,0.04447262
asthma_v2_copd_P21COPDMc_162.wav,0,3,2,2,0.0017702463,0.2324605,0.72852504,0.036168937,0.0010753217
asthma_v2_copd_P21COPDMc_164.wav,0,3,2,1,0.016851412,0.5246371,0.021533301,0.30672997,0.13024822
asthma_v2_copd_P21COPDMc_166.wav,0,3,2,4,0.06154782,0.051579025,0.31642288,0.118590966,0.45185935
asthma_v2_copd_P21COPDMc_168.wav,0,3,2,3,0.015248336,0.030323448,0.37010315,0.51529264,0.06903237
asthma_v2_copd_P21COPDPr_161.wav,0,3,2,1,0.0019166005,0.8265912,0.13274679,0.037762057,0.0009833444
asthma_v2_copd_P21COPDPr_163.wav,0,3,2,2,0.0012503875,0.23205778,0.7297739,0.03554023,0.0013776876
asthma_v2_copd_P21COPDPr_165.wav,0,3,2,4,0.1068256,0.054290168,0.10107695,0.0688626,0.6689447
asthma_v2_copd_P21COPDPr_167.wav,0,3,2,2,0.008055626,0.060266085,0.66063035,0.23310317,0.037944805
asthma_v2_copd_P26COPDMc_202.wav,0,3,2,2,0.006381886,0.10575193,0.8523724,0.024990844,0.010502819
asthma_v2_copd_P26COPDMc_204.wav,0,3,2,2,0.004757755,0.08630331,0.8695165,0.034207888,0.005214663
asthma_v2_copd_P26COPDMc_206.wav,0,3,2,1,0.010055041,0.908114,0.06550285,0.0059517073,0.010376365
asthma_v2_copd_P26COPDMc_208.wav,0,3,2,1,0.029680721,0.8005774,0.024384467,0.115994394,0.029362975
asthma_v2_copd_P26COPDPr_201.wav,0,3,2,2,0.004972495,0.41278848,0.50119495,0.06423086,0.016813187
asthma_v2_copd_P26COPDPr_203.wav,0,3,2,2,0.002873881,0.019881358,0.9589146,0.014819106,0.0035110158
asthma_v2_copd_P26COPDPr_205.wav,0,3,2,2,0.0049745445,0.05269014,0.91336685,0.02061564,0.008352767
asthma_v2_copd_P26COPDPr_207.wav,0,3,2,1,0.09163273,0.43649063,0.105284296,0.039493747,0.3270986
asthma_v2_copd_P2COPDMc_10.wav,0,3,2,2,0.008645148,0.010982266,0.8596555,0.09329221,0.027424904
asthma_v2_copd_P2COPDMc_12.wav,0,3,2,0,0.4664486,0.2547204,0.26602665,0.0022622503,0.010542176
asthma_v2_copd_P2COPDMc_14.wav,0,3,2,0,0.9229034,0.016575137,0.047171086,0.0009777154,0.012372694
asthma_v2_copd_P2COPDMc_16.wav,0,3,2,1,0.1349315,0.4065487,0.37530223,0.0052728746,0.07794468
asthma_v2_copd_P2COPDPr_11.wav,0,3,2,0,0.7881881,0.010831893,0.17646167,0.0017314202,0.022786971
asthma_v2_copd_P2COPDPr_13.wav,0,3,2,0,0.43849057,0.18173589,0.37279436,0.0019404752,0.005038685
asthma_v2_copd_P2COPDPr_15.wav,0,3,2,0,0.73866695,0.083998196,0.1590571,0.0049386118,0.01333913
asthma_v2_copd_P2COPDPr_9.wav,0,3,2,2,0.0153796235,0.012395907,0.5970549,0.28928262,0.08588695
asthma_v2_copd_P34COPDMc_266.wav,0,3,2,1,0.006261818,0.95808524,0.01070704,0.012508198,0.012437755
asthma_v2_copd_P34COPDMc_268.wav,0,3,2,1,0.005450173,0.975838,0.009322929,0.003532044,0.0058568367
asthma_v2_copd_P34COPDMc_270.wav,0,3,2,1,0.0061968383,0.94966096,0.03393009,0.0040878193,0.00612426
asthma_v2_copd_P34COPDMc_272.wav,0,3,2,1,0.055696867,0.56543815,0.056685325,0.10926136,0.2129183
asthma_v2_copd_P34COPDPr_265.wav,0,3,2,1,0.004163935,0.97580045,0.0048619066,0.009533132,0.0056405393
asthma_v2_copd_P34COPDPr_267.wav,0,3,2,1,0.023660349,0.86280286,0.052211627,0.020176597,0.041148577
asthma_v2_copd_P34COPDPr_269.wav,0,3,2,1,0.03673267,0.69067997,0.104028426,0.08410159,0.08445742
asthma_v2_copd_P34COPDPr_271.wav,0,3,2,1,0.005929182,0.96909976,0.01401059,0.0034466702,0.007513703
asthma_v2_copd_P35COPDMc_274.wav,0,3,2,2,0.0072026947,0.19687876,0.70679814,0.07065994,0.018460441
asthma_v2_copd_P35COPDMc_276.wav,0,3,2,1,0.0028257158,0.640882,0.3281153,0.02603648,0.0021404477
asthma_v2_copd_P35COPDMc_278.wav,0,3,2,1,0.0037720655,0.45543075,0.37728196,0.15686058,0.006654688
asthma_v2_copd_P35COPDMc_280.wav,0,3,2,2,0.003118303,0.015194222,0.917372,0.060000375,0.004315196
asthma_v2_copd_P35COPDPr_273.wav,0,3,2,2,0.0026167086,0.015769955,0.9698499,0.0052850344,0.00647838
asthma_v2_copd_P35COPDPr_275.wav,0,3,2,2,0.0057555945,0.030687826,0.9316482,0.008786656,0.02312175
asthma_v2_copd_P35COPDPr_277.wav,0,3,2,1,0.0015645296,0.3900937,0.3259036,0.27708468,0.0053535295
asthma_v2_copd_P35COPDPr_279.wav,0,3,2,2,0.0011776893,0.014287621,0.96892613,0.014661215,0.0009474142
asthma_v2_copd_P3COPDMc_18.wav,0,3,2,0,0.7623134,0.004969388,0.1780891,0.0019859741,0.05264214
asthma_v2_copd_P3COPDMc_20.wav,0,3,2,2,0.23102158,0.07219779,0.68237054,0.006757018,0.007653098
asthma_v2_copd_P3COPDMc_22.wav,0,3,2,0,0.46873778,0.116110906,0.40019515,0.008710624,0.006245603
asthma_v2_copd_P3COPDMc_24.wav,0,3,2,2,0.00047155892,0.0064467154,0.9888948,0.0025483193,0.0016386127
asthma_v2_copd_P3COPDPr_17.wav,0,3,2,0,0.6772059,0.27265337,0.03685059,0.0026029937,0.010687195
asthma_v2_copd_P3COPDPr_19.wav,0,3,2,0,0.46964803,0.0778876,0.44314682,0.0020172398,0.007300355
asthma_v2_copd_P3COPDPr_21.wav,0,3,2,2,0.2757526,0.12846687,0.5761853,0.011230763,0.008364522
asthma_v2_copd_P3COPDPr_23.wav,0,3,2,0,0.8379484,0.036106475,0.09123831,0.009016859,0.025689974
asthma_v2_copd_P43COPDMc_338.wav,0,3,2,2,0.0032795991,0.11404,0.8429309,0.036533635,0.0032158666
asthma_v2_copd_P43COPDMc_340.wav,0,3,2,2,0.014479438,0.00808407,0.66506493,0.07855176,0.23381978
asthma_v2_copd_P43COPDMc_342.wav,0,3,2,4,0.01753594,0.0029677702,0.37578598,0.02802885,0.57568145
asthma_v2_copd_P43COPDMc_344.wav,0,3,2,2,0.003009138,0.04009435,0.94011587,0.004487735,0.01229287
asthma_v2_copd_P43COPDPr_337.wav,0,3,2,2,0.004674858,0.11749525,0.83222085,0.042827535,0.0027815648
asthma_v2_copd_P43COPDPr_339.wav,0,3,2,3,0.00779564,0.0103823375,0.08317905,0.8313081,0.067334816
asthma_v2_copd_P43COPDPr_341.wav,0,3,2,2,0.018565502,0.0026482444,0.57580227,0.02395558,0.3790284
asthma_v2_copd_P43COPDPr_343.wav,0,3,2,2,0.011156502,0.23119889,0.713212,0.005088873,0.039343722
asthma_v2_copd_P48COPDMc_378.wav,0,3,2,2,0.000858884,0.006838898,0.989282,0.0014052375,0.0016149277
asthma_v2_copd_P48COPDMc_380.wav,0,3,2,2,0.00065133226,0.036615115,0.95571935,0.0056825844,0.0013316405
asthma_v2_copd_P48COPDMc_382.wav,0,3,2,2,0.006521281,0.0094047515,0.95047873,0.002047859,0.031547293
asthma_v2_copd_P48COPDMc_384.wav,0,3,2,2,0.00091875665,0.003905688,0.9879167,0.0021790597,0.00507976
asthma_v2_copd_P48COPDPr_377.wav,0,3,2,2,0.0007557469,0.0061936593,0.98956937,0.0015298274,0.0019514442
asthma_v2_copd_P48COPDPr_379.wav,0,3,2,2,0.0010943868,0.010427815,0.9838414,0.003084813,0.001551504
asthma_v2_copd_P48COPDPr_381.wav,0,3,2,2,0.00067695475,0.019209275,0.9752408,0.0036484979,0.0012244614
asthma_v2_copd_P48COPDPr_383.wav,0,3,2,2,0.0018857947,0.006416751,0.98397464,0.00199332,0.005729527
asthma_v2_copd_P9COPDMc_66.wav,0,3,2,2,0.007984069,0.004507241,0.95359075,0.0014362603,0.032481678
asthma_v2_copd_P9COPDMc_68.wav,0,3,2,2,0.0006688198,0.011345193,0.9836483,0.0026082844,0.0017294189
asthma_v2_copd_P9COPDMc_70.wav,0,3,2,2,0.003696744,0.004088576,0.9783126,0.0011231817,0.012778823
asthma_v2_copd_P9COPDMc_72.wav,0,3,2,2,0.010271675,0.0050721513,0.9576715,0.0013874373,0.025597151
asthma_v2_copd_P9COPDPr_65.wav,0,3,2,2,0.0059081484,0.0031120395,0.961744,0.002069711,0.027166124
asthma_v2_copd_P9COPDPr_67.wav,0,3,2,2,0.044514492,0.007813984,0.8607236,0.0019271516,0.08502082
asthma_v2_copd_P9COPDPr_69.wav,0,3,2,2,0.0027969151,0.003325714,0.97811764,0.0016760962,0.01408355
asthma_v2_copd_P9COPDPr_71.wav,0,3,2,2,0.004470371,0.0036907583,0.9642576,0.0017406654,0.025840567
asthma_v2_healthy_P11Healthy18S.wav,0,3,3,3,0.0012902,0.02555624,0.012440441,0.95164114,0.009071996
asthma_v2_healthy_P11Healthy30S.wav,0,3,3,3,0.00208729,0.06897718,0.005344887,0.92139137,0.0021991916
asthma_v2_healthy_P11Healthy38S.wav,0,3,3,3,0.0014904846,0.07240444,0.004280187,0.9195268,0.0022980082
asthma_v2_healthy_P11Healthy60S.wav,0,3,3,3,0.0016112305,0.0061190766,0.0072391788,0.97751576,0.007514859
asthma_v2_healthy_P11Healthy73S.wav,0,3,3,3,0.0019761734,0.10829869,0.003933101,0.8812548,0.004537219
asthma_v2_healthy_P19Healthy47S.wav,0,3,3,4,0.055062424,0.18477672,0.014695055,0.3404158,0.40504998
asthma_v2_healthy_P19Healthy50S.wav,0,3,3,3,0.017756827,0.0046136924,0.006130138,0.625671,0.34582824
asthma_v2_healthy_P19Healthy55S.wav,0,3,3,3,0.0153963845,0.011196307,0.0051026335,0.8591182,0.1091865
asthma_v2_healthy_P19Healthy62S.wav,0,3,3,3,0.014297931,0.00835636,0.0054957992,0.7778217,0.19402821
asthma_v2_healthy_P19Healthy79S.wav,0,3,3,3,0.016012093,0.035920214,0.00418137,0.67691416,0.26697212
asthma_v2_healthy_P25Healthy20S.wav,0,3,3,3,0.009488813,0.025571408,0.0070347446,0.9013516,0.056553517
asthma_v2_healthy_P25Healthy42S.wav,0,3,3,3,0.03401625,0.22703,0.014108032,0.39262182,0.3322239
asthma_v2_healthy_P25Healthy72S.wav,0,3,3,3,0.019342054,0.011103726,0.009416787,0.58099884,0.37913856
asthma_v2_healthy_P25Healthy88S.wav,0,3,3,3,0.017406028,0.022604931,0.008305823,0.87216294,0.079520255
asthma_v2_healthy_P25Healthy97S.wav,0,3,3,3,0.02164871,0.011911073,0.019331006,0.65051824,0.296591
asthma_v2_healthy_P26Healthy22S.wav,0,3,3,3,0.025439978,0.013003031,0.008452424,0.66373014,0.2893744
asthma_v2_healthy_P26Healthy32S.wav,0,3,3,2,0.041437466,0.0088491,0.5606996,0.22299457,0.16601928
asthma_v2_healthy_P26Healthy46S.wav,0,3,3,4,0.062064905,0.009278638,0.016605547,0.35837394,0.553677
asthma_v2_healthy_P26Healthy48S.wav,0,3,3,4,0.05678779,0.015081967,0.0036195752,0.32426777,0.60024285
asthma_v2_healthy_P26Healthy76S.wav,0,3,3,3,0.021621762,0.006971739,0.032498147,0.58488065,0.35402766
asthma_v2_healthy_P27Healthy30S.wav,0,3,3,3,0.016014678,0.02108155,0.0046989922,0.76634103,0.19186373
asthma_v2_healthy_P27Healthy73S.wav,0,3,3,3,0.015919134,0.07883105,0.0065528713,0.743873,0.15482391
asthma_v2_healthy_P27Healthy92S.wav,0,3,3,3,0.018094009,0.04097912,0.0059477133,0.754002,0.18097715
asthma_v2_healthy_P9Healthy22S.wav,0,3,3,3,0.0036518716,0.010293163,0.0036186401,0.9672908,0.015145582
asthma_v2_healthy_P9Healthy29S.wav,0,3,3,4,0.04435506,0.009362073,0.00977032,0.3196896,0.6168229
asthma_v2_healthy_P9Healthy31S.wav,0,3,3,3,0.012528097,0.005597453,0.025505083,0.6465036,0.30986577
asthma_v2_healthy_P9Healthy61S.wav,0,3,3,3,0.013177922,0.012265211,0.0043131234,0.7093156,0.26092812
asthma_v2_healthy_P9Healthy79S.wav,0,3,3,3,0.009209275,0.0027140274,0.011926892,0.8911995,0.084950276
asthma_v2_pneumonia_P21Pneumonia12C.wav,0,3,4,3,0.01769001,0.06094017,0.2665405,0.46844187,0.18638752
asthma_v2_pneumonia_P21Pneumonia24G.wav,0,3,4,4,0.024020301,0.009879073,0.12056871,0.32519153,0.52034044
asthma_v2_pneumonia_P21Pneumonia56M.wav,0,3,4,3,0.02305926,0.0094451215,0.0065464233,0.65684485,0.3041044
asthma_v2_pneumonia_P21Pneumonia69Q.wav,0,3,4,4,0.042417858,0.009932446,0.0018947639,0.056219023,0.8895359
asthma_v2_pneumonia_P21Pneumonia78P.wav,0,3,4,3,0.033760086,0.026309155,0.0046079946,0.5058405,0.4294823
asthma_v2_pneumonia_P21Pneumonia95A.wav,0,3,4,3,0.022810169,0.008622432,0.04791235,0.5729196,0.34773546
asthma_v2_pneumonia_P22Pneumonia27A.wav,0,3,4,4,0.123107485,0.007666841,0.0026719281,0.029962027,0.8365917
asthma_v2_pneumonia_P22Pneumonia29K.wav,0,3,4,3,0.014240678,0.017807702,0.0051657185,0.8386158,0.1241701
asthma_v2_pneumonia_P22Pneumonia29M.wav,0,3,4,4,0.37693977,0.01680139,0.0030119314,0.030434182,0.5728127
asthma_v2_pneumonia_P22Pneumonia47V.wav,0,3,4,3,0.03064829,0.014706026,0.0052675745,0.6433332,0.3060449
asthma_v2_pneumonia_P22Pneumonia51X.wav,0,3,4,4,0.06986225,0.0011773552,0.048561625,0.08412374,0.79627496
asthma_v2_pneumonia_P22Pneumonia55C.wav,0,3,4,4,0.025892893,0.0015410094,0.006567744,0.08605598,0.8799424
asthma_v2_pneumonia_P24Pneumonia21G.wav,0,3,4,3,0.010223476,0.080865465,0.014965017,0.78820294,0.105743095
asthma_v2_pneumonia_P24Pneumonia54A.wav,0,3,4,4,0.027991628,0.013649439,0.0053584953,0.19966748,0.753333
asthma_v2_pneumonia_P24Pneumonia67G.wav,0,3,4,4,0.06436131,0.0012447677,0.07003437,0.1945251,0.66983443
asthma_v2_pneumonia_P24Pneumonia67Z.wav,0,3,4,3,0.034855716,0.024620103,0.0075470945,0.5611882,0.3717889
asthma_v2_pneumonia_P24Pneumonia91X.wav,0,3,4,4,0.020111712,0.0010236987,0.048189513,0.042253032,0.8884221
asthma_v2_pneumonia_P24Pneumonia95T.wav,0,3,4,3,0.0025790462,0.106226064,0.015938383,0.84760314,0.027653353
asthma_v2_pneumonia_P2Pneumonia11Q.wav,0,3,4,4,0.05442151,0.008038128,0.002789767,0.09364408,0.84110653
asthma_v2_pneumonia_P2Pneumonia28R.wav,0,3,4,4,0.029168222,0.0076632365,0.006640396,0.45714724,0.49938095
asthma_v2_pneumonia_P2Pneumonia36Z.wav,0,3,4,4,0.045838106,0.0074948785,0.0020802594,0.12778635,0.8168005
asthma_v2_pneumonia_P2Pneumonia70H.wav,0,3,4,4,0.02529373,0.0032456017,0.0051079355,0.16075082,0.80560184
asthma_v2_pneumonia_P2Pneumonia82A.wav,0,3,4,4,0.0545988,0.010723266,0.0036828793,0.10227279,0.82872224
asthma_v2_pneumonia_P2Pneumonia93N.wav,0,3,4,4,0.033975367,0.002360267,0.0045637353,0.06414892,0.8949517
asthma_v2_pneumonia_P30Pneumonia10C.wav,0,3,4,4,0.027851766,0.0025318107,0.0035516093,0.17784041,0.7882244
asthma_v2_pneumonia_P30Pneumonia15J.wav,0,3,4,4,0.04463758,0.0031392667,0.0058060717,0.060014512,0.8864025
asthma_v2_pneumonia_P30Pneumonia30W.wav,0,3,4,4,0.03606718,0.005851306,0.0026292433,0.14452639,0.81092596
asthma_v2_pneumonia_P30Pneumonia52T.wav,0,3,4,4,0.034461778,0.007133188,0.01634707,0.18486409,0.7571939
asthma_v2_pneumonia_P30Pneumonia70X.wav,0,3,4,4,0.03339262,0.036730524,0.007478845,0.3801929,0.5422051
asthma_v2_pneumonia_P30Pneumonia85D.wav,0,3,4,4,0.034313865,0.0025602798,0.0056344126,0.09658353,0.860908
asthma_v2_pneumonia_P36Pneumonia56V.wav,0,3,4,1,0.40863875,0.56310326,0.0053206473,0.0036671015,0.019270217
asthma_v2_pneumonia_P36Pneumonia57U.wav,0,3,4,0,0.6363582,0.1485214,0.010116243,0.009225784,0.19577843
asthma_v2_pneumonia_P36Pneumonia79Z.wav,0,3,4,4,0.02988758,0.0030301958,0.0021980295,0.14136744,0.8235167
asthma_v2_pneumonia_P36Pneumonia83N.wav,0,3,4,4,0.026150014,0.004369522,0.0029511508,0.1419748,0.82455444
asthma_v2_pneumonia_P36Pneumonia85U.wav,0,3,4,4,0.038537886,0.0034103603,0.0030896703,0.17582819,0.779134
asthma_v2_pneumonia_P36Pneumonia86S.wav,0,3,4,0,0.9356637,0.025389457,0.0035180938,0.005361062,0.030067706
asthma_v2_pneumonia_P42Pneumonia27A.wav,0,3,4,0,0.8319984,0.029984793,0.076015495,0.0006663198,0.061335
asthma_v2_pneumonia_P42Pneumonia46D.wav,0,3,4,0,0.69806635,0.04163839,0.107792795,0.0008998958,0.15160261
asthma_v2_pneumonia_P42Pneumonia47W.wav,0,3,4,2,0.2637087,0.02449982,0.6949982,0.003325501,0.013467773
asthma_v2_pneumonia_P42Pneumonia63L.wav,0,3,4,4,0.05229241,0.0018371352,0.02583558,0.026464676,0.8935702
asthma_v2_pneumonia_P42Pneumonia67F.wav,0,3,4,0,0.9366054,0.009520736,0.028285177,0.00039235412,0.025196338
asthma_v2_pneumonia_P42Pneumonia69S.wav,0,3,4,0,0.59046215,0.25536776,0.0922717,0.0007449544,0.06115353
asthma_v2_pneumonia_P4Pneumonia17R.wav,0,3,4,4,0.025488937,0.0045258948,0.07329767,0.33304074,0.56364685
asthma_v2_pneumonia_P4Pneumonia27H.wav,0,3,4,4,0.020930994,0.0011994537,0.07653726,0.04960915,0.8517232
asthma_v2_pneumonia_P4Pneumonia39Q.wav,0,3,4,4,0.02406974,0.0027412237,0.24342276,0.098144576,0.63162166
asthma_v2_pneumonia_P4Pneumonia55U.wav,0,3,4,4,0.028153732,0.0036118934,0.26839328,0.17535059,0.52449054
asthma_v2_pneumonia_P4Pneumonia67J.wav,0,3,4,4,0.047568113,0.0036784245,0.08701379,0.02722564,0.8345141
asthma_v2_pneumonia_P4Pneumonia78E.wav,0,3,4,4,0.026799094,0.00100055,0.033752985,0.03006863,0.90837866
asthma_v2_Bronchial_P13BronchialSc_62.wav,0,4,1,0,0.7404978,0.1211735,0.1040566,0.013723282,0.02054885
asthma_v2_Bronchial_P13BronchialSc_64.wav,0,4,1,0,0.7798532,0.118824914,0.061274573,0.007975988,0.032071352
asthma_v2_Bronchial_P13BronchialTc_61.wav,0,4,1,0,0.7335634,0.14453734,0.041365188,0.004762527,0.0757716
asthma_v2_Bronchial_P13BronchialTc_63.wav,0,4,1,0,0.74617773,0.14814162,0.07320374,0.010559934,0.021916972
asthma_v2_Bronchial_P13BronchialTc_65.wav,0,4,1,1,0.3350888,0.499733,0.053361297,0.066003315,0.045813642
asthma_v2_Bronchial_P17BronchialSc_82.wav,0,4,1,1,0.01000363,0.90325725,0.009940095,0.0639764,0.012822627
asthma_v2_Bronchial_P17BronchialSc_84.wav,0,4,1,1,0.0050836946,0.93756866,0.007553882,0.040393252,0.009400513
asthma_v2_Bronchial_P17BronchialTc_81.wav,0,4,1,1,0.019529123,0.7671615,0.049505048,0.13622305,0.027581312
asthma_v2_Bronchial_P17BronchialTc_83.wav,0,4,1,1,0.0055898926,0.91496015,0.0067921276,0.06430136,0.008356412
asthma_v2_Bronchial_P17BronchialTc_85.wav,0,4,1,1,0.002042079,0.97030413,0.0070989565,0.017024625,0.003530211
asthma_v2_Bronchial_P2BronchialSc_10.wav,0,4,1,2,0.0037953288,0.3944715,0.5158183,0.05075879,0.03515608
asthma_v2_Bronchial_P2BronchialSc_6.wav,0,4,1,1,0.0007592815,0.9287953,0.0468797,0.022461964,0.0011037482
asthma_v2_Bronchial_P2BronchialSc_8.wav,0,4,1,2,0.014983186,0.3361246,0.49548638,0.110061206,0.04334466
asthma_v2_Bronchial_P2BronchialTc_7.wav,0,4,1,1,0.017068272,0.60369,0.2772086,0.08292016,0.019112928
asthma_v2_Bronchial_P2BronchialTc_9.wav,0,4,1,1,0.01719844,0.7090211,0.20278038,0.060029298,0.010970756
asthma_v2_asthma_P10AsthmaIE_49.wav,0,4,0,0,0.7015321,0.15463969,0.009366897,0.0140193235,0.12044206
asthma_v2_asthma_P10AsthmaIU_46.wav,0,4,0,0,0.6761398,0.21757819,0.015710525,0.015253211,0.07531838
asthma_v2_asthma_P10AsthmaIU_50.wav,0,4,0,1,0.36577398,0.5099856,0.017652597,0.049401775,0.057185948
asthma_v2_asthma_P10AsthmaRL_47.wav,0,4,0,0,0.5253392,0.3613445,0.014459667,0.021895407,0.07696128
asthma_v2_asthma_P10AsthmaRS_48.wav,0,4,0,0,0.5913515,0.22812252,0.011994983,0.030250814,0.13828018
asthma_v2_asthma_P11WheezingIE_53.wav,0,4,0,0,0.45872858,0.42750314,0.014264986,0.036308497,0.06319484
asthma_v2_asthma_P11WheezingIU_54.wav,0,4,0,0,0.6356345,0.21917391,0.012113452,0.040938802,0.09213941
asthma_v2_asthma_P11WheezingRL_51.wav,0,4,0,1,0.43237332,0.44432145,0.01487776,0.04038394,0.06804355
asthma_v2_asthma_P11WheezingRL_55.wav,0,4,0,0,0.7200384,0.1795716,0.014083771,0.016208572,0.070097625
asthma_v2_asthma_P11WheezingRS_52.wav,0,4,0,0,0.5277529,0.34457952,0.02479248,0.038234722,0.06464045
asthma_v2_asthma_P16WheezingIE_77.wav,0,4,0,0,0.5314382,0.29538888,0.028928207,0.03706144,0.10718334
asthma_v2_asthma_P16WheezingIU_78.wav,0,4,0,0,0.62889415,0.2556841,0.012321297,0.019886574,0.08321387
asthma_v2_asthma_P16WheezingRL_79.wav,0,4,0,0,0.79067075,0.09778459,0.0077406047,0.009869214,0.0939348
asthma_v2_asthma_P16WheezingRS_76.wav,0,4,0,0,0.6749159,0.21010813,0.010621695,0.017693803,0.08666056
asthma_v2_asthma_P16WheezingRS_80.wav,0,4,0,0,0.5170407,0.35859594,0.015185302,0.029107748,0.080070354
asthma_v2_asthma_P20WheezingIE_97.wav,0,4,0,0,0.92993426,0.015585109,0.009933707,0.0019703244,0.04257669
asthma_v2_asthma_P20WheezingIU_98.wav,0,4,0,0,0.94513977,0.006391837,0.029682433,0.0017947954,0.016991105
asthma_v2_asthma_P20WheezingRL_99.wav,0,4,0,0,0.8849401,0.034353122,0.041375227,0.0072542513,0.03207727
asthma_v2_asthma_P20WheezingRS_100.wav,0,4,0,0,0.9135278,0.028915087,0.033999044,0.0029614153,0.020596642
asthma_v2_asthma_P20WheezingRS_96.wav,0,4,0,0,0.8907967,0.008213838,0.021506254,0.0012775019,0.07820564
asthma_v2_asthma_P23WheezingIE_113.wav,0,4,0,0,0.89373946,0.00976331,0.039585326,0.0027846922,0.054127228
asthma_v2_asthma_P23WheezingIU_114.wav,0,4,0,0,0.8181681,0.0069226297,0.03984404,0.0028803428,0.1321849
asthma_v2_asthma_P23WheezingRL_111.wav,0,4,0,0,0.78186345,0.00937167,0.04999158,0.0054417765,0.15333162
asthma_v2_asthma_P23WheezingRL_115.wav,0,4,0,0,0.85877055,0.007345905,0.031290643,0.00083739276,0.10175548
asthma_v2_asthma_P23WheezingRS_112.wav,0,4,0,0,0.8010038,0.005531616,0.049540542,0.0026614286,0.14126258
asthma_v2_asthma_P29WheezingIE_141.wav,0,4,0,0,0.9147803,0.011345065,0.021894604,0.0011740327,0.050805997
asthma_v2_asthma_P29WheezingIE_145.wav,0,4,0,0,0.68169457,0.01022457,0.056777395,0.0012533696,0.25005007
asthma_v2_asthma_P29WheezingIU_142.wav,0,4,0,0,0.90534604,0.0077016847,0.029219128,0.00095925014,0.056773856
asthma_v2_asthma_P29WheezingRL_143.wav,0,4,0,0,0.8018525,0.009212725,0.01685788,0.0010213474,0.17105563
asthma_v2_asthma_P29WheezingRS_144.wav,0,4,0,0,0.8939178,0.0075126034,0.017097335,0.0012595884,0.08021264
asthma_v2_asthma_P38WheezingIE_189.wav,0,4,0,0,0.43146437,0.14600714,0.39404276,0.01158467,0.016901089
asthma_v2_asthma_P38WheezingIU_186.wav,0,4,0,0,0.64551556,0.11585631,0.19581482,0.020892652,0.021920731
asthma_v2_asthma_P38WheezingIU_190.wav,0,4,0,0,0.5618211,0.10276162,0.30827862,0.010934871,0.01620377
asthma_v2_asthma_P38WheezingRL_187.wav,0,4,0,0,0.5882544,0.07175804,0.31563887,0.006253473,0.018095205
asthma_v2_asthma_P38WheezingRS_188.wav,0,4,0,0,0.78373903,0.021265423,0.1274521,0.010596104,0.0569474
asthma_v2_asthma_P41WheezingIE_201.wav,0,4,0,0,0.7753828,0.012329729,0.12246957,0.0020387191,0.087779194
asthma_v2_asthma_P41WheezingIE_205.wav,0,4,0,0,0.9043059,0.009569335,0.0451597,0.0015257783,0.039439227
asthma_v2_asthma_P41WheezingIU_202.wav,0,4,0,0,0.8207494,0.0066149244,0.06298305,0.0019551564,0.10769745
asthma_v2_asthma_P41WheezingRL_203.wav,0,4,0,0,0.77393335,0.037349533,0.1601472,0.0045681926,0.024001714
asthma_v2_asthma_P41WheezingRS_204.wav,0,4,0,0,0.65822506,0.023378322,0.27227077,0.0060630613,0.040062826
asthma_v2_asthma_P47WheezingIE_233.wav,0,4,0,0,0.86210567,0.012207916,0.051447246,0.0026563588,0.0715828
asthma_v2_asthma_P47WheezingIU_234.wav,0,4,0,0,0.78673834,0.013889657,0.07021702,0.0015145049,0.12764046
asthma_v2_asthma_P47WheezingRL_231.wav,0,4,0,0,0.85908717,0.011583787,0.08713803,0.0018275231,0.04036351
asthma_v2_asthma_P47WheezingRL_235.wav,0,4,0,0,0.63067603,0.064624086,0.24265398,0.008774384,0.053271532
asthma_v2_asthma_P47WheezingRS_232.wav,0,4,0,0,0.81897014,0.014436771,0.04411438,0.0014125603,0.12106609
asthma_v2_asthma_P4AsthmaIE_17.wav,0,4,0,0,0.49777684,0.37863556,0.019408401,0.026401952,0.07777726
asthma_v2_asthma_P4AsthmaIU_18.wav,0,4,0,0,0.48253086,0.41166005,0.0139357345,0.023967445,0.06790593
asthma_v2_asthma_P4AsthmaRL_19.wav,0,4,0,0,0.6781362,0.21501239,0.016350167,0.0154651655,0.07503605
asthma_v2_asthma_P4AsthmaRS_16.wav,0,4,0,0,0.61304104,0.27214688,0.016467063,0.017691515,0.08065346
asthma_v2_asthma_P4AsthmaRS_20.wav,0,4,0,0,0.6195669,0.2652917,0.012178113,0.019187266,0.083776034
asthma_v2_asthma_P53WheezingIE_261.wav,0,4,0,1,0.4096303,0.47844025,0.013668083,0.040408634,0.057852805
asthma_v2_asthma_P53WheezingIE_265.wav,0,4,0,3,0.0070446744,0.023182748,0.029950928,0.88060796,0.059213713
asthma_v2_asthma_P53WheezingIU_262.wav,0,4,0,0,0.56273246,0.32657152,0.013244521,0.021243619,0.076207876
asthma_v2_asthma_P53WheezingRL_263.wav,0,4,0,4,0.039824057,0.005069251,0.037959352,0.032623235,0.8845241
asthma_v2_asthma_P53WheezingRS_264.wav,0,4,0,4,0.011756608,0.04044546,0.033212166,0.42853686,0.4860489
asthma_v2_asthma_P6AsthmaIE_29.wav,0,4,0,1,0.43434298,0.45533976,0.016275745,0.034069892,0.059971556
asthma_v2_asthma_P6AsthmaIU_26.wav,0,4,0,0,0.69039,0.040104907,0.022908648,0.006427111,0.24016932
asthma_v2_asthma_P6AsthmaIU_30.wav,0,4,0,0,0.7369501,0.16314276,0.0074251266,0.01786655,0.07461545
asthma_v2_asthma_P6AsthmaRL_27.wav,0,4,0,0,0.87864673,0.01185952,0.0052794092,0.0029730853,0.101241186
asthma_v2_asthma_P6AsthmaRS_28.wav,0,4,0,0,0.8157748,0.07932848,0.036043633,0.0070984205,0.061754644
asthma_v2_asthma_P7AsthmaIE_33.wav,0,4,0,0,0.63506174,0.010129374,0.011888393,0.009421151,0.33349943
asthma_v2_asthma_P7AsthmaIU_34.wav,0,4,0,0,0.6453132,0.21157035,0.007028651,0.028840039,0.10724778
asthma_v2_asthma_P7AsthmaRL_31.wav,0,4,0,0,0.6021507,0.30163917,0.020759987,0.018476838,0.056973368
asthma_v2_asthma_P7AsthmaRL_35.wav,0,4,0,0,0.79616714,0.11246865,0.007532561,0.009354674,0.07447692
asthma_v2_asthma_P7AsthmaRS_32.wav,0,4,0,0,0.7576253,0.11517133,0.01197743,0.011897523,0.103328414
asthma_v2_copd_P14COPDMc_106.wav,0,4,2,1,0.0051940526,0.7215755,0.24425866,0.018238036,0.0107336985
asthma_v2_copd_P14COPDMc_108.wav,0,4,2,0,0.41756263,0.017523425,0.18089455,0.0034161492,0.38060322
asthma_v2_copd_P14COPDMc_110.wav,0,4,2,0,0.79245406,0.015193056,0.12912893,0.0035214687,0.059702475
asthma_v2_copd_P14COPDMc_112.wav,0,4,2,0,0.5934735,0.033116415,0.35701534,0.0030257506,0.013369024
asthma_v2_copd_P14COPDPr_105.wav,0,4,2,2,0.032121386,0.14441457,0.6276515,0.034582604,0.16122988
asthma_v2_copd_P14COPDPr_107.wav,0,4,2,0,0.8116499,0.025754455,0.14109969,0.0034037957,0.018092157
asthma_v2_copd_P14COPDPr_109.wav,0,4,2,0,0.69095343,0.037480038,0.23640028,0.010334548,0.024831757
asthma_v2_copd_P14COPDPr_111.wav,0,4,2,0,0.8288034,0.009886499,0.04945667,0.001826366,0.11002702
asthma_v2_copd_P16COPDMc_122.wav,0,4,2,2,0.0024008288,0.0049768635,0.9855012,0.0025089388,0.004612243
asthma_v2_copd_P16COPDMc_124.wav,0,4,2,2,0.0015213456,0.0039384943,0.98785025,0.0025793943,0.0041106115
asthma_v2_copd_P16COPDMc_126.wav,0,4,2,2,0.0029137048,0.0043396195,0.9846771,0.0019306806,0.006138871
asthma_v2_copd_P16COPDMc_128.wav,0,4,2,2,0.0038469268,0.002915909,0.98369724,0.0016882428,0.007851612
asthma_v2_copd_P16COPDPr_121.wav,0,4,2,2,0.004606021,0.0039211824,0.9798886,0.0030067845,0.008577418
asthma_v2_copd_P16COPDPr_123.wav,0,4,2,2,0.006108264,0.0071791583,0.9710595,0.0037786323,0.011874482
asthma_v2_copd_P16COPDPr_125.wav,0,4,2,2,0.003333962,0.0040164054,0.98219633,0.001969164,0.008484036
asthma_v2_copd_P16COPDPr_127.wav,0,4,2,2,0.0037047197,0.004480089,0.98198366,0.0017817233,0.008049766
asthma_v2_copd_P1COPDMc_2.wav,0,4,2,2,0.38581896,0.062451348,0.50572264,0.020573141,0.025433915
asthma_v2_copd_P1COPDMc_4.wav,0,4,2,2,0.027970979,0.06630029,0.8059577,0.030860532,0.06891051
asthma_v2_copd_P1COPDMc_6.wav,0,4,2,3,0.024712592,0.07996916,0.24965496,0.60746497,0.03819839
asthma_v2_copd_P1COPDMc_8.wav,0,4,2,2,0.007628893,0.049621817,0.86463594,0.06022518,0.017888214
asthma_v2_copd_P1COPDPr_1.wav,0,4,2,0,0.8415439,0.024251109,0.07513018,0.0023184053,0.05675645
asthma_v2_copd_P1COPDPr_3.wav,0,4,2,0,0.8129561,0.016479574,0.12427844,0.0034827227,0.042803194
asthma_v2_copd_P1COPDPr_5.wav,0,4,2,2,0.022236945,0.011688415,0.6837336,0.032438453,0.24990264
asthma_v2_copd_P1COPDPr_7.wav,0,4,2,2,0.05482351,0.08377836,0.48489115,0.300845,0.07566199
asthma_v2_copd_P22COPDMc_170.wav,0,4,2,2,0.014361061,0.024257386,0.91861063,0.00990428,0.03286664
asthma_v2_copd_P22COPDMc_172.wav,0,4,2,2,0.029416814,0.019641588,0.5975012,0.030536372,0.32290393
asthma_v2_copd_P22COPDMc_174.wav,0,4,2,4,0.046663348,0.011076185,0.02754225,0.07878625,0.83593196
asthma_v2_copd_P22COPDMc_176.wav,0,4,2,2,0.014405184,0.16882978,0.5712303,0.22069533,0.024839414
asthma_v2_copd_P22COPDPr_169.wav,0,4,2,2,0.030673439,0.038289502,0.8313122,0.013053928,0.08667093
asthma_v2_copd_P22COPDPr_171.wav,0,4,2,2,0.02508398,0.015281986,0.66471195,0.036098722,0.25882336
asthma_v2_copd_P22COPDPr_173.wav,0,4,2,4,0.023868443,0.0050326413,0.039194476,0.021701716,0.91020274
asthma_v2_copd_P22COPDPr_175.wav,0,4,2,4,0.04465734,0.00788631,0.257251,0.015668897,0.67453647
asthma_v2_copd_P24COPDMc_186.wav,0,4,2,2,0.006150582,0.06573253,0.85943276,0.053305823,0.015378252
asthma_v2_copd_P24COPDMc_188.wav,0,4,2,2,0.020860307,0.054845568,0.84774035,0.039152704,0.03740104
asthma_v2_copd_P24COPDMc_190.wav,0,4,2,2,0.06754803,0.025538612,0.52612245,0.02370605,0.3570849
asthma_v2_copd_P24COPDMc_192.wav,0,4,2,2,0.009857606,0.14087419,0.6762569,0.14984314,0.023168258
asthma_v2_copd_P24COPDPr_185.wav,0,4,2,2,0.012299881,0.10104121,0.8061595,0.072445825,0.008053584
asthma_v2_copd_P24COPDPr_187.wav,0,4,2,2,0.0044322102,0.025267284,0.9460393,0.0144064445,0.009854774
asthma_v2_copd_P24COPDPr_189.wav,0,4,2,2,0.040769696,0.056780305,0.63690645,0.04697765,0.21856596
asthma_v2_copd_P24COPDPr_191.wav,0,4,2,2,0.0070476774,0.1472078,0.6722309,0.15555224,0.01796139
asthma_v2_copd_P33COPDMc_258.wav,0,4,2,0,0.5173975,0.011089978,0.026193086,0.11704594,0.32827348
asthma_v2_copd_P33COPDMc_260.wav,0,4,2,2,0.0090850815,0.01752633,0.7435128,0.12294976,0.10692603
asthma_v2_copd_P33COPDMc_262.wav,0,4,2,2,0.011731751,0.036766954,0.8952931,0.008006908,0.04820129
asthma_v2_copd_P33COPDMc_264.wav,0,4,2,2,0.038013432,0.4087323,0.4693986,0.032415584,0.05144011
asthma_v2_copd_P33COPDPr_257.wav,0,4,2,2,0.39383855,0.12571938,0.44910777,0.014893988,0.016440311
asthma_v2_copd_P33COPDPr_259.wav,0,4,2,2,0.046861943,0.03701874,0.7679493,0.021599531,0.12657054
asthma_v2_copd_P33COPDPr_261.wav,0,4,2,2,0.006932435,0.31360948,0.6594857,0.008665701,0.011306636
asthma_v2_copd_P33COPDPr_263.wav,0,4,2,2,0.009889445,0.016038641,0.91220254,0.005621401,0.05624792
asthma_v2_copd_P37COPDMc_290.wav,0,4,2,1,0.0033981386,0.7442589,0.24571356,0.0035770566,0.0030523702
asthma_v2_copd_P37COPDMc_292.wav,0,4,2,2,0.043197826,0.09055424,0.8309197,0.025821162,0.009507046
asthma_v2_copd_P37COPDMc_294.wav,0,4,2,2,0.0061027524,0.025532363,0.9038352,0.060072195,0.0044575343
asthma_v2_copd_P37COPDMc_296.wav,0,4,2,2,0.007920238,0.018561097,0.957851,0.009510062,0.0061575617
asthma_v2_copd_P37COPDPr_289.wav,0,4,2,1,0.006102153,0.59303004,0.38526112,0.007922197,0.0076845367
asthma_v2_copd_P37COPDPr_291.wav,0,4,2,2,0.008248031,0.035859153,0.9130401,0.036553618,0.0062990957
asthma_v2_copd_P37COPDPr_293.wav,0,4,2,2,0.021720216,0.08571867,0.85057676,0.03209631,0.009888066
asthma_v2_copd_P37COPDPr_295.wav,0,4,2,2,0.015971234,0.035917137,0.9280398,0.010250004,0.009821872
asthma_v2_copd_P39COPDMc_306.wav,0,4,2,1,0.011865363,0.5137291,0.43673673,0.019986017,0.017682754
asthma_v2_copd_P39COPDMc_308.wav,0,4,2,1,0.0026250097,0.95406306,0.03890827,0.0021446825,0.0022589732
asthma_v2_copd_P39COPDMc_310.wav,0,4,2,1,0.0014931298,0.95940536,0.034636624,0.0033832395,0.0010815505
asthma_v2_copd_P39COPDMc_312.wav,0,4,2,2,0.010939278,0.020474698,0.94989496,0.0045124716,0.01417852
asthma_v2_copd_P39COPDPr_305.wav,0,4,2,2,0.00399734,0.005092755,0.9241752,0.053307712,0.013427011
asthma_v2_copd_P39COPDPr_307.wav,0,4,2,1,0.0028283678,0.96401733,0.028235367,0.0034224067,0.0014964842
asthma_v2_copd_P39COPDPr_309.wav,0,4,2,2,0.0070897536,0.443437,0.5184096,0.021767179,0.009296448
asthma_v2_copd_P39COPDPr_311.wav,0,4,2,1,0.0003188591,0.9907816,0.006826164,0.0018324635,0.00024087784
asthma_v2_copd_P42COPDMc_330.wav,0,4,2,2,0.009136036,0.0051219235,0.9616561,0.0037019516,0.02038397
asthma_v2_copd_P42COPDMc_332.wav,0,4,2,2,0.0052378178,0.05766126,0.8934364,0.034342047,0.00932252
asthma_v2_copd_P42COPDMc_334.wav,0,4,2,2,0.01693941,0.020954795,0.9267583,0.011016951,0.024330577
asthma_v2_copd_P42COPDMc_336.wav,0,4,2,2,0.020236049,0.084023245,0.7825547,0.08593075,0.027255243
asthma_v2_copd_P42COPDPr_329.wav,0,4,2,2,0.001436858,0.0032596337,0.9876845,0.0026852833,0.004933814
asthma_v2_copd_P42COPDPr_331.wav,0,4,2,2,0.0063978275,0.060149077,0.8912776,0.035598997,0.006576458
asthma_v2_copd_P42COPDPr_333.wav,0,4,2,2,0.009364067,0.32844883,0.5776271,0.07224615,0.012313818
asthma_v2_copd_P42COPDPr_335.wav,0,4,2,2,0.017386546,0.10716331,0.7162497,0.12639996,0.032800414
asthma_v2_copd_P7COPDMc_50.wav,0,4,2,2,0.010315111,0.037488766,0.61815023,0.27943796,0.054607943
asthma_v2_copd_P7COPDMc_52.wav,0,4,2,3,0.005438214,0.032836623,0.060545865,0.86699444,0.03418482
asthma_v2_copd_P7COPDMc_54.wav,0,4,2,3,0.00473112,0.14269587,0.23754998,0.5644049,0.050618097
asthma_v2_copd_P7COPDMc_56.wav,0,4,2,3,0.0032368253,0.041840285,0.051250663,0.8788566,0.02481562
asthma_v2_copd_P7COPDPr_49.wav,0,4,2,2,0.0092322575,0.041252516,0.8984865,0.016264718,0.03476403
asthma_v2_copd_P7COPDPr_51.wav,0,4,2,3,0.022096252,0.100691766,0.12288905,0.71297395,0.041348994
asthma_v2_copd_P7COPDPr_53.wav,0,4,2,3,0.010884959,0.100209355,0.07395321,0.74639094,0.06856153
asthma_v2_copd_P7COPDPr_55.wav,0,4,2,1,0.0015314583,0.9436334,0.018908089,0.034,0.001927147
asthma_v2_healthy_P14Healthy28S.wav,0,4,3,3,0.0046447106,0.13127682,0.106939875,0.7361125,0.021026058
asthma_v2_healthy_P14Healthy47S.wav,0,4,3,3,0.017049547,0.09142493,0.17886454,0.67278135,0.03987969
asthma_v2_healthy_P14Healthy53S.wav,0,4,3,3,0.003219673,0.016095985,0.019012282,0.9478681,0.013804005
asthma_v2_healthy_P14Healthy54S.wav,0,4,3,1,0.0036372894,0.9412771,0.032675643,0.016643913,0.005765946
asthma_v2_healthy_P14Healthy89S.wav,0,4,3,1,0.0013116936,0.96804196,0.015263293,0.013488873,0.0018942613
asthma_v2_healthy_P1Healthy29S.wav,0,4,3,3,0.0066147903,0.09862981,0.42801058,0.43397284,0.032772087
asthma_v2_healthy_P1Healthy55S.wav,0,4,3,3,0.0022014466,0.033004012,0.041316167,0.9155705,0.007907945
asthma_v2_healthy_P1Healthy86S.wav,0,4,3,3,0.0075553944,0.0913556,0.1863152,0.69272757,0.022046182
asthma_v2_healthy_P1Healthy88S.wav,0,4,3,2,0.008327754,0.05867327,0.47475126,0.42895764,0.029289985
asthma_v2_healthy_P1Healthy99S.wav,0,4,3,3,0.0015346702,0.026849883,0.015930196,0.9475542,0.008131124
asthma_v2_healthy_P20Healthy25S.wav,0,4,3,3,0.05516305,0.05015546,0.0066547627,0.6426728,0.2453539
asthma_v2_healthy_P20Healthy31S.wav,0,4,3,3,0.02963171,0.034163695,0.0052226456,0.86105967,0.069922306
asthma_v2_healthy_P20Healthy59S.wav,0,4,3,3,0.06089712,0.02520878,0.008334985,0.6427698,0.2627893
asthma_v2_healthy_P20Healthy70S.wav,0,4,3,3,0.05596695,0.029156806,0.008302196,0.67712843,0.22944562
asthma_v2_healthy_P20Healthy84S.wav,0,4,3,3,0.029189827,0.07716884,0.059397653,0.5278822,0.30636147
asthma_v2_healthy_P24Healthy51S.wav,0,4,3,4,0.0075488766,0.012089507,0.010989129,0.42620182,0.54317063
asthma_v2_healthy_P24Healthy58S.wav,0,4,3,3,0.105734386,0.17693736,0.07902387,0.43394122,0.20436321
asthma_v2_healthy_P24Healthy62S.wav,0,4,3,3,0.043942645,0.040214464,0.005734706,0.5323182,0.3777901
asthma_v2_healthy_P24Healthy63S.wav,0,4,3,4,0.014003359,0.016747521,0.009375311,0.25485906,0.70501477
asthma_v2_healthy_P24Healthy95S.wav,0,4,3,4,0.0121837035,0.016655553,0.01278958,0.19031243,0.7680587
asthma_v2_healthy_P7Healthy38S.wav,0,4,3,3,0.0017254101,0.020482657,0.009629707,0.96027094,0.0078913
asthma_v2_healthy_P7Healthy39S.wav,0,4,3,3,0.0015197052,0.012085191,0.006368867,0.97288734,0.0071389307
asthma_v2_healthy_P7Healthy84S.wav,0,4,3,3,0.007398851,0.019424899,0.012146751,0.92242485,0.038604625
asthma_v2_healthy_P7Healthy85S.wav,0,4,3,3,0.007816946,0.0071892617,0.0098435925,0.9141734,0.060976796
asthma_v2_healthy_P7Healthy94S.wav,0,4,3,3,0.003030126,0.037760187,0.023713164,0.9236745,0.011822001
asthma_v2_pneumonia_P10Pneumonia52A.wav,0,4,4,4,0.056542713,0.09444838,0.3766338,0.03213506,0.44024003
asthma_v2_pneumonia_P10Pneumonia73G.wav,0,4,4,4,0.053934325,0.03624261,0.20270297,0.0104698045,0.6966503
asthma_v2_pneumonia_P10Pneumonia80J.wav,0,4,4,4,0.032076214,0.029061766,0.08940143,0.053452,0.79600865
asthma_v2_pneumonia_P10Pneumonia88R.wav,0,4,4,3,0.068202294,0.010365037,0.016229412,0.5294222,0.37578103
asthma_v2_pneumonia_P10Pneumonia93W.wav,0,4,4,3,0.02359464,0.027069883,0.08618437,0.5489138,0.31423736
asthma_v2_pneumonia_P10Pneumonia97B.wav,0,4,4,4,0.05536116,0.016407432,0.33903682,0.009222303,0.57997227
asthma_v2_pneumonia_P16Pneumonia18Z.wav,0,4,4,4,0.09042394,0.03957365,0.0061869277,0.25651437,0.60730106
asthma_v2_pneumonia_P16Pneumonia42Q.wav,0,4,4,4,0.12482714,0.059633162,0.0062956,0.33114552,0.4780986
asthma_v2_pneumonia_P16Pneumonia56J.wav,0,4,4,4,0.07570357,0.023781275,0.004698311,0.33033845,0.56547844
asthma_v2_pneumonia_P16Pneumonia66X.wav,0,4,4,4,0.060031127,0.01880202,0.0052030273,0.21974309,0.69622076
asthma_v2_pneumonia_P16Pneumonia78M.wav,0,4,4,4,0.10276229,0.023823015,0.004143988,0.28395027,0.5853205
asthma_v2_pneumonia_P16Pneumonia80G.wav,0,4,4,3,0.077109605,0.07730712,0.0069840564,0.55157465,0.2870246
asthma_v2_pneumonia_P18Pneumonia15Q.wav,0,4,4,4,0.021392265,0.005952632,0.004449332,0.07636487,0.891841
asthma_v2_pneumonia_P18Pneumonia16E.wav,0,4,4,4,0.03641555,0.020236593,0.0037723263,0.18349218,0.75608337
asthma_v2_pneumonia_P18Pneumonia23E.wav,0,4,4,4,0.025205964,0.014289865,0.003156788,0.24820834,0.70913893
asthma_v2_pneumonia_P18Pneumonia50S.wav,0,4,4,4,0.023529634,0.007975611,0.0050499314,0.11363329,0.8498115
asthma_v2_pneumonia_P18Pneumonia84N.wav,0,4,4,4,0.021362081,0.005962911,0.0036664295,0.039574333,0.92943436
asthma_v2_pneumonia_P18Pneumonia88I.wav,0,4,4,4,0.06310018,0.015789388,0.0046256143,0.15903755,0.7574473
asthma_v2_pneumonia_P28Pneumonia22W.wav,0,4,4,4,0.05993103,0.019002834,0.008323103,0.11582328,0.7969199
asthma_v2_pneumonia_P28Pneumonia43J.wav,0,4,4,4,0.043752305,0.026282728,0.0030189876,0.3703113,0.55663466
asthma_v2_pneumonia_P28Pneumonia56Y.wav,0,4,4,4,0.05499282,0.018490179,0.010406411,0.09665744,0.8194532
asthma_v2_pneumonia_P28Pneumonia65J.wav,0,4,4,1,0.106397726,0.7344409,0.035404555,0.046958793,0.07679798
asthma_v2_pneumonia_P28Pneumonia71A.wav,0,4,4,4,0.010520455,0.0027818375,0.0038645144,0.02681903,0.9560142
asthma_v2_pneumonia_P28Pneumonia90E.wav,0,4,4,1,0.01853655,0.4600757,0.13828425,0.3095979,0.07350559
asthma_v2_pneumonia_P32Pneumonia59Q.wav,0,4,4,4,0.010276913,0.0022984992,0.0038144984,0.04281196,0.94079804
asthma_v2_pneumonia_P32Pneumonia66M.wav,0,4,4,4,0.012049723,0.002571544,0.0062635383,0.05115355,0.92796177
asthma_v2_pneumonia_P32Pneumonia69E.wav,0,4,4,4,0.034397148,0.0076287696,0.0069631683,0.106034964,0.84497595
asthma_v2_pneumonia_P32Pneumonia75E.wav,0,4,4,4,0.010183667,0.0036776585,0.003982068,0.041447945,0.9407087
asthma_v2_pneumonia_P32Pneumonia98Y.wav,0,4,4,4,0.01886882,0.00579983,0.0024467113,0.050319966,0.9225646
asthma_v2_pneumonia_P32Pneumonia99W.wav,0,4,4,4,0.016395904,0.0047918363,0.0028152633,0.06251939,0.91347766
asthma_v2_pneumonia_P33Pneumonia50P.wav,0,4,4,4,0.01596393,0.013171606,0.0042691045,0.10111788,0.86547744
asthma_v2_pneumonia_P33Pneumonia70D.wav,0,4,4,4,0.009973818,0.0054934793,0.008022366,0.19323517,0.7832752
asthma_v2_pneumonia_P33Pneumonia74T.wav,0,4,4,4,0.034273233,0.0081328135,0.0025335269,0.10473338,0.85032696
asthma_v2_pneumonia_P33Pneumonia88U.wav,0,4,4,4,0.031423643,0.007314169,0.0028485542,0.08162279,0.8767909
asthma_v2_pneumonia_P33Pneumonia94C.wav,0,4,4,4,0.03080055,0.009485766,0.005681023,0.1739438,0.7800889
asthma_v2_pneumonia_P33Pneumonia94P.wav,0,4,4,4,0.10927447,0.046826225,0.0039623836,0.22501989,0.61491704
asthma_v2_pneumonia_P39Pneumonia16K.wav,0,4,4,0,0.6824583,0.1559475,0.0081429435,0.024705334,0.1287459
asthma_v2_pneumonia_P39Pneumonia41F.wav,0,4,4,4,0.200978,0.14240432,0.20466839,0.007827857,0.44412142
asthma_v2_pneumonia_P39Pneumonia49H.wav,0,4,4,4,0.31007645,0.0074373265,0.015506895,0.016776633,0.6502027
asthma_v2_pneumonia_P39Pneumonia78Z.wav,0,4,4,0,0.7236564,0.1145378,0.008879916,0.01643482,0.13649102
asthma_v2_pneumonia_P39Pneumonia85Q.wav,0,4,4,0,0.3113986,0.14248523,0.25140482,0.014112398,0.2805989
asthma_v2_pneumonia_P39Pneumonia87S.wav,0,4,4,0,0.49537992,0.01634145,0.06507567,0.00291403,0.4202889
asthma_v2_pneumonia_P43Pneumonia24U.wav,0,4,4,4,0.011385965,0.0012460708,0.0061242515,0.024522778,0.956721
asthma_v2_pneumonia_P43Pneumonia53X.wav,0,4,4,2,0.05278931,0.23753844,0.54941875,0.09519214,0.065061316
asthma_v2_pneumonia_P43Pneumonia54I.wav,0,4,4,3,0.012244224,0.032258116,0.096307255,0.5349739,0.3242165
asthma_v2_pneumonia_P43Pneumonia73N.wav,0,4,4,3,0.012942837,0.048944328,0.022459619,0.72051954,0.1951336
asthma_v2_pneumonia_P43Pneumonia88Y.wav,0,4,4,4,0.010539968,0.0012966804,0.0055743847,0.030455733,0.95213324
asthma_v2_pneumonia_P43Pneumonia89T.wav,0,4,4,4,0.011523654,0.0016087472,0.00805039,0.044060912,0.9347562
asthma_v2_pneumonia_P44Pneumonia36U.wav,0,4,4,4,0.009091332,0.007981404,0.010122758,0.24226968,0.73053485
asthma_v2_pneumonia_P44Pneumonia47J.wav,0,4,4,3,0.012942837,0.048944328,0.022459619,0.72051954,0.1951336
asthma_v2_pneumonia_P44Pneumonia49B.wav,0,4,4,3,0.012244224,0.032258116,0.096307255,0.5349739,0.3242165
asthma_v2_pneumonia_P44Pneumonia59U.wav,0,4,4,4,0.00959036,0.018208396,0.023359872,0.4212137,0.52762765
asthma_v2_pneumonia_P44Pneumonia65N.wav,0,4,4,4,0.13527633,0.020807803,0.056490906,0.049287956,0.738137
asthma_v2_pneumonia_P44Pneumonia71M.wav,0,4,4,2,0.05278931,0.23753844,0.54941875,0.09519214,0.065061316
asthma_v2_pneumonia_P5Pneumonia20K.wav,0,4,4,4,0.01000694,0.0048626023,0.052908845,0.08194311,0.85027844
asthma_v2_pneumonia_P5Pneumonia21J.wav,0,4,4,3,0.0063011763,0.008172285,0.048631065,0.60176647,0.33512908
asthma_v2_pneumonia_P5Pneumonia38U.wav,0,4,4,4,0.010592051,0.011983341,0.13461623,0.23138398,0.6114244
asthma_v2_pneumonia_P5Pneumonia88J.wav,0,4,4,2,0.116518125,0.04038156,0.5657652,0.04396866,0.23336644
asthma_v2_pneumonia_P5Pneumonia94P.wav,0,4,4,4,0.008597998,0.004397993,0.022777636,0.1461358,0.8180906
asthma_v2_pneumonia_P5Pneumonia95V.wav,0,4,4,3,0.006930516,0.008344044,0.026152309,0.57053584,0.38803726
asthma_v2_pneumonia_P9Pneumonia31T.wav,0,4,4,4,0.022672199,0.002785713,0.009600674,0.031625796,0.9333155
asthma_v2_pneumonia_P9Pneumonia63O.wav,0,4,4,4,0.02013153,0.0162071,0.008877223,0.23992994,0.7148542
asthma_v2_pneumonia_P9Pneumonia67I.wav,0,4,4,4,0.034725994,0.0033886584,0.010764986,0.020207718,0.9309126
asthma_v2_pneumonia_P9Pneumonia73J.wav,0,4,4,4,0.08938125,0.006095883,0.004943142,0.043844488,0.85573524
asthma_v2_pneumonia_P9Pneumonia74S.wav,0,4,4,4,0.19267766,0.01109705,0.007989198,0.026872175,0.7613639
asthma_v2_pneumonia_P9Pneumonia74V.wav,0,4,4,3,0.03219614,0.010570787,0.012717088,0.5156032,0.42891282
