file_id,repeat,fold,y_true,y_pred,p_asthma,p_bronchial,p_copd,p_healthy,p_pneumonia
asthma_v2_Bronchial_P14BronchialSc_66.wav,3,0,1,0,0.6161821,0.18433626,0.14623263,0.006297185,0.046951823
asthma_v2_Bronchial_P14BronchialSc_68.wav,3,0,1,0,0.65841466,0.11783827,0.20473981,0.0035359315,0.0154714165
asthma_v2_Bronchial_P14BronchialSc_70.wav,3,0,1,1,0.0028016206,0.4471989,0.21138462,0.33250955,0.0061052716
asthma_v2_Bronchial_P14BronchialTc_67.wav,3,0,1,0,0.41414562,0.21476158,0.34953445,0.00872958,0.012828739
asthma_v2_Bronchial_P14BronchialTc_69.wav,3,0,1,0,0.66652536,0.06597696,0.24101621,0.004974251,0.021507263
asthma_v2_Bronchial_P17BronchialSc_82.wav,3,0,1,1,0.0030308424,0.87995416,0.082986966,0.021347336,0.012680791
asthma_v2_Bronchial_P17BronchialSc_84.wav,3,0,1,1,0.011586484,0.67901987,0.09734674,0.14134559,0.07070129
asthma_v2_Bronchial_P17BronchialTc_81.wav,3,0,1,1,0.0063529173,0.5721389,0.37835947,0.03536171,0.007787009
asthma_v2_Bronchial_P17BronchialTc_83.wav,3,0,1,1,0.010306761,0.6625739,0.11056968,0.1759006,0.0406491
asthma_v2_Bronchial_P17BronchialTc_85.wav,3,0,1,1,0.00062612037,0.94862753,0.0331427,0.016283497,0.0013201896
asthma_v2_Bronchial_P18BronchialSc_86.wav,3,0,1,1,0.004005542,0.80791587,0.013770532,0.16653478,0.0077733486
asthma_v2_Bronchial_P18BronchialSc_88.wav,3,0,1,1,0.00056426774,0.9604558,0.03469652,0.0038635442,0.0004199317
asthma_v2_Bronchial_P18BronchialSc_90.wav,3,0,1,1,0.00148922,0.87054306,0.12283288,0.0042347126,0.0009000973
asthma_v2_Bronchial_P18BronchialTc_87.wav,3,0,1,1,0.0010132402,0.9116963,0.039569385,0.04218822,0.005532851
asthma_v2_Bronchial_P18BronchialTc_89.wav,3,0,1,1,0.00083189027,0.9322027,0.06270563,0.0040044454,0.00025531134
asthma_v2_Bronchial_P5BronchialSc_22.wav,3,0,1,1,0.0010221436,0.77046084,0.20195375,0.02600707,0.00055626064
asthma_v2_Bronchial_P5BronchialSc_24.wav,3,0,1,1,0.0012144863,0.82052374,0.15615974,0.021357074,0.00074494566
asthma_v2_Bronchial_P5BronchialTc_21.wav,3,0,1,2,0.005356812,0.12729347,0.74495345,0.11578365,0.0066126417
asthma_v2_Bronchial_P5BronchialTc_23.wav,3,0,1,1,0.0011067222,0.85870284,0.13167614,0.007753089,0.00076125364
asthma_v2_Bronchial_P5BronchialTc_25.wav,3,0,1,1,0.00061127223,0.9179772,0.067597695,0.013340284,0.00047360675
asthma_v2_Bronchial_P6BronchialSc_26.wav,3,0,1,1,0.0006667303,0.95540744,0.039676864,0.0038680641,0.000380989
asthma_v2_Bronchial_P6BronchialSc_28.wav,3,0,1,1,0.0003307308,0.9800189,0.01573437,0.003643466,0.00027251214
asthma_v2_Bronchial_P6BronchialSc_30.wav,3,0,1,1,0.0025703774,0.6856393,0.3012171,0.00895656,0.0016166287
asthma_v2_Bronchial_P6BronchialTc_27.wav,3,0,1,1,0.00041916585,0.9789452,0.017194265,0.0031436977,0.00029776024
asthma_v2_Bronchial_P6BronchialTc_29.wav,3,0,1,1,0.001818562,0.9036456,0.09036887,0.0031506943,0.0010163377
asthma_v2_asthma_P10AsthmaIE_49.wav,3,0,0,0,0.8220612,0.07394022,0.006674011,0.0054754624,0.09184921
asthma_v2_asthma_P10AsthmaIU_46.wav,3,0,0,0,0.77006876,0.09071709,0.00982017,0.007956693,0.12143731
asthma_v2_asthma_P10AsthmaIU_50.wav,3,0,0,0,0.46353185,0.39688972,0.009814573,0.031142546,0.09862132
asthma_v2_asthma_P10AsthmaRL_47.wav,3,0,0,0,0.6529528,0.23860943,0.012098414,0.011179289,0.08516
asthma_v2_asthma_P10AsthmaRS_48.wav,3,0,0,0,0.77446467,0.05453253,0.007330673,0.00473942,0.15893272
asthma_v2_asthma_P15WheezingIE_73.wav,3,0,0,0,0.6302608,0.20201778,0.009483856,0.024933005,0.13330448
asthma_v2_asthma_P15WheezingIU_74.wav,3,0,0,0,0.65366817,0.16218708,0.016224796,0.013885487,0.15403447
asthma_v2_asthma_P15WheezingRL_71.wav,3,0,0,0,0.62578547,0.23183154,0.0114510795,0.016358797,0.11457311
asthma_v2_asthma_P15WheezingRL_75.wav,3,0,0,0,0.6846189,0.16263543,0.013516131,0.011601822,0.12762767
asthma_v2_asthma_P15WheezingRS_72.wav,3,0,0,0,0.90325904,0.026033223,0.0061316257,0.0031767376,0.061399426
asthma_v2_asthma_P27WheezingIE_133.wav,3,0,0,0,0.73739237,0.10561079,0.08501407,0.002482936,0.069499806
asthma_v2_asthma_P27WheezingIU_134.wav,3,0,0,0,0.90402794,0.057465646,0.010855154,0.0013446674,0.026306473
asthma_v2_asthma_P27WheezingRL_131.wav,3,0,0,0,0.95053047,0.010875957,0.01450214,0.00046767716,0.023623709
asthma_v2_asthma_P27WheezingRL_135.wav,3,0,0,0,0.84190327,0.07852368,0.024360795,0.0018098318,0.05340237
asthma_v2_asthma_P27WheezingRS_132.wav,3,0,0,0,0.87283105,0.035808153,0.017481051,0.0017966799,0.07208299
asthma_v2_asthma_P30WheezingIE_149.wav,3,0,0,0,0.9580013,0.0101130055,0.0071863695,0.0007593154,0.02394002
asthma_v2_asthma_P30WheezingIU_146.wav,3,0,0,0,0.7561095,0.1541156,0.04039006,0.00308992,0.046294905
asthma_v2_asthma_P30WheezingIU_150.wav,3,0,0,0,0.95828694,0.01931719,0.005282648,0.0007445668,0.016368655
asthma_v2_asthma_P30WheezingRL_147.wav,3,0,0,0,0.737032,0.14634004,0.074125595,0.003100105,0.039402295
asthma_v2_asthma_P30WheezingRS_148.wav,3,0,0,0,0.9321482,0.029391352,0.012682046,0.001834597,0.023943713
asthma_v2_asthma_P35WheezingIE_173.wav,3,0,0,0,0.7280649,0.0077882265,0.22984555,0.00406838,0.030232945
asthma_v2_asthma_P35WheezingIU_174.wav,3,0,0,0,0.4046427,0.24069905,0.32314464,0.012331564,0.019182052
asthma_v2_asthma_P35WheezingRL_171.wav,3,0,0,0,0.8159712,0.05419074,0.005042523,0.0072889575,0.11750657
asthma_v2_asthma_P35WheezingRL_175.wav,3,0,0,0,0.841753,0.012693041,0.1087286,0.005580157,0.03124524
asthma_v2_asthma_P35WheezingRS_172.wav,3,0,0,0,0.85978097,0.005406617,0.12001366,0.00081372494,0.013985019
asthma_v2_asthma_P41WheezingIE_201.wav,3,0,0,0,0.87632453,0.0062542944,0.08248233,0.0008156352,0.034123164
asthma_v2_asthma_P41WheezingIE_205.wav,3,0,0,0,0.9031276,0.004450077,0.06752172,0.0007919895,0.024108587
asthma_v2_asthma_P41WheezingIU_202.wav,3,0,0,0,0.8807807,0.0054999623,0.06993404,0.0016481935,0.042137142
asthma_v2_asthma_P41WheezingRL_203.wav,3,0,0,0,0.86531264,0.013761405,0.09323368,0.0019221915,0.025770051
asthma_v2_asthma_P41WheezingRS_204.wav,3,0,0,0,0.8493526,0.013503272,0.12310608,0.001016082,0.01302197
asthma_v2_asthma_P45WheezingIE_221.wav,3,0,0,2,0.31054634,0.013721549,0.63380677,0.0027501194,0.039175265
asthma_v2_asthma_P45WheezingIE_225.wav,3,0,0,0,0.92067474,0.010199491,0.040981054,0.0013142335,0.026830466
asthma_v2_asthma_P45WheezingIU_222.wav,3,0,0,0,0.8985641,0.011673822,0.06472832,0.0014772018,0.023556557
asthma_v2_asthma_P45WheezingRL_223.wav,3,0,0,0,0.80699104,0.007822077,0.1373527,0.0011933476,0.046640728
asthma_v2_asthma_P45WheezingRS_224.wav,3,0,0,0,0.845293,0.009849694,0.10562596,0.0014321902,0.0377992
asthma_v2_asthma_P49WheezingIE_241.wav,3,0,0,0,0.89925617,0.004265415,0.060388636,0.0031164035,0.032973465
asthma_v2_asthma_P49WheezingIE_245.wav,3,0,0,2,0.44039574,0.0111119095,0.50485665,0.00678257,0.036853112
asthma_v2_asthma_P49WheezingIU_242.wav,3,0,0,0,0.7494695,0.009641255,0.21669471,0.0023307262,0.021863792
asthma_v2_asthma_P49WheezingRL_243.wav,3,0,0,2,0.31109115,0.037354693,0.6311491,0.0055414117,0.014863581
asthma_v2_asthma_P49WheezingRS_244.wav,3,0,0,0,0.77790713,0.023006998,0.15172413,0.0049796184,0.04238221
asthma_v2_asthma_P56WheezingIE_277.wav,3,0,0,3,0.031509712,0.043912258,0.009083437,0.7814426,0.134052
asthma_v2_asthma_P56WheezingIU_278.wav,3,0,0,4,0.16888006,0.09880928,0.028394016,0.23714189,0.46677482
asthma_v2_asthma_P56WheezingRL_279.wav,3,0,0,3,0.05844811,0.0142699,0.011927127,0.6256172,0.28973767
asthma_v2_asthma_P56WheezingRS_276.wav,3,0,0,0,0.6809025,0.017781563,0.029481051,0.04555276,0.22628213
asthma_v2_asthma_P56WheezingRS_280.wav,3,0,0,3,0.13929252,0.044253014,0.0060253753,0.5103298,0.30009934
asthma_v2_asthma_P58WheezingIU_286.wav,3,0,0,4,0.045667503,0.013501893,0.0096331015,0.13264011,0.79855734
asthma_v2_asthma_P58WheezingRL_287.wav,3,0,0,4,0.06524894,0.014385086,0.02435839,0.09647289,0.7995347
asthma_v2_asthma_P58WheezingRS_288.wav,3,0,0,3,0.02133026,0.0046262173,0.013308459,0.53850627,0.4222288
asthma_v2_copd_P11COPDMc_82.wav,3,0,2,0,0.60440564,0.008402448,0.36810783,0.0019817385,0.017102368
asthma_v2_copd_P11COPDMc_84.wav,3,0,2,0,0.5440153,0.14359069,0.23332557,0.009555594,0.069512896
asthma_v2_copd_P11COPDMc_86.wav,3,0,2,4,0.23617537,0.04905369,0.31706056,0.009862468,0.3878479
asthma_v2_copd_P11COPDMc_88.wav,3,0,2,2,0.4153872,0.07394969,0.48204955,0.0028025166,0.025811082
asthma_v2_copd_P11COPDPr_81.wav,3,0,2,0,0.64643085,0.012504924,0.3216566,0.0011516376,0.018255943
asthma_v2_copd_P11COPDPr_83.wav,3,0,2,0,0.6369308,0.063034445,0.22764239,0.0018753592,0.07051697
asthma_v2_copd_P11COPDPr_85.wav,3,0,2,2,0.21858081,0.038639314,0.717617,0.004483265,0.02067964
asthma_v2_copd_P11COPDPr_87.wav,3,0,2,2,0.3298325,0.025331803,0.63160473,0.0040736706,0.009157285
asthma_v2_copd_P12COPDMc_90.wav,3,0,2,2,0.3133829,0.13657932,0.5312264,0.005168028,0.013643393
asthma_v2_copd_P12COPDMc_92.wav,3,0,2,0,0.5813262,0.018193904,0.386541,0.0026513413,0.011287654
asthma_v2_copd_P12COPDMc_94.wav,3,0,2,2,0.45311108,0.017572882,0.4855868,0.001208826,0.042520463
asthma_v2_copd_P12COPDMc_96.wav,3,0,2,1,0.0046052313,0.73380864,0.1393505,0.11074757,0.01148811
asthma_v2_copd_P12COPDPr_89.wav,3,0,2,0,0.62319714,0.019014698,0.34582192,0.0027026618,0.009263551
asthma_v2_copd_P12COPDPr_91.wav,3,0,2,2,0.44562647,0.047328096,0.48739088,0.0031517122,0.016502915
asthma_v2_copd_P12COPDPr_93.wav,3,0,2,0,0.78406304,0.015221727,0.15011245,0.0013589473,0.049243875
asthma_v2_copd_P12COPDPr_95.wav,3,0,2,1,0.00622175,0.5017591,0.36057702,0.11406782,0.017374303
asthma_v2_copd_P22COPDMc_170.wav,3,0,2,2,0.008078161,0.08464889,0.8899445,0.0034785243,0.013849916
asthma_v2_copd_P22COPDMc_172.wav,3,0,2,2,0.015135116,0.035150692,0.767385,0.018379165,0.16395004
asthma_v2_copd_P22COPDMc_174.wav,3,0,2,4,0.089784816,0.0018813369,0.010899247,0.16477266,0.7326619
asthma_v2_copd_P22COPDMc_176.wav,3,0,2,2,0.0019329716,0.02923512,0.8200762,0.14239551,0.0063602095
asthma_v2_copd_P22COPDPr_169.wav,3,0,2,2,0.008300715,0.05428161,0.8680388,0.006615872,0.062763035
asthma_v2_copd_P22COPDPr_171.wav,3,0,2,2,0.00826676,0.025523733,0.9315818,0.0055122296,0.029115513
asthma_v2_copd_P22COPDPr_173.wav,3,0,2,4,0.06302721,0.0031393343,0.11967232,0.061024047,0.75313705
asthma_v2_copd_P22COPDPr_175.wav,3,0,2,2,0.05095103,0.015490557,0.5962833,0.018401265,0.3188738
asthma_v2_copd_P2COPDMc_10.wav,3,0,2,2,0.005565655,0.01029448,0.93368846,0.03749144,0.012959988
asthma_v2_copd_P2COPDMc_12.wav,3,0,2,2,0.28792438,0.024270866,0.6581848,0.006205279,0.023414707
asthma_v2_copd_P2COPDMc_14.wav,3,0,2,0,0.7461659,0.011012032,0.21250276,0.0038537434,0.02646558
asthma_v2_copd_P2COPDMc_16.wav,3,0,2,2,0.24840315,0.026908716,0.709117,0.0013865608,0.014184575
asthma_v2_copd_P2COPDPr_11.wav,3,0,2,0,0.6255319,0.009428667,0.33549562,0.0064280904,0.02311568
asthma_v2_copd_P2COPDPr_13.wav,3,0,2,0,0.67636126,0.03724783,0.27063882,0.0042256396,0.011526435
asthma_v2_copd_P2COPDPr_15.wav,3,0,2,0,0.56843525,0.013906689,0.38461375,0.005697014,0.027347282
asthma_v2_copd_P2COPDPr_9.wav,3,0,2,2,0.008648577,0.021213926,0.915387,0.044106316,0.01064421
asthma_v2_copd_P30COPDMc_234.wav,3,0,2,4,0.03893883,0.008107796,0.08669649,0.08397069,0.78228617
asthma_v2_copd_P30COPDMc_236.wav,3,0,2,2,0.0011299531,0.025760755,0.9695887,0.002683999,0.00083659403
asthma_v2_copd_P30COPDMc_238.wav,3,0,2,2,0.0026807904,0.031077005,0.95857066,0.0054294523,0.0022421498
asthma_v2_copd_P30COPDMc_240.wav,3,0,2,2,0.003419065,0.04648557,0.9403277,0.0045784423,0.0051892297
asthma_v2_copd_P30COPDPr_233.wav,3,0,2,4,0.03522941,0.006962258,0.27268988,0.051635742,0.6334827
asthma_v2_copd_P30COPDPr_235.wav,3,0,2,4,0.023596918,0.0036598635,0.08093789,0.048596498,0.8432089
asthma_v2_copd_P30COPDPr_237.wav,3,0,2,2,0.0038727464,0.08539106,0.90124905,0.0062219105,0.0032652563
asthma_v2_copd_P30COPDPr_239.wav,3,0,2,2,0.0037336422,0.068817146,0.9179111,0.0026705654,0.006867497
asthma_v2_copd_P3COPDMc_18.wav,3,0,2,0,0.59073263,0.0067432523,0.33004057,0.0041662324,0.06831728
asthma_v2_copd_P3COPDMc_20.wav,3,0,2,2,0.16657369,0.018943293,0.8012918,0.004144708,0.009046488
asthma_v2_copd_P3COPDMc_22.wav,3,0,2,2,0.45451823,0.04722379,0.4839626,0.0029400042,0.011355351
asthma_v2_copd_P3COPDMc_24.wav,3,0,2,2,0.0009800238,0.005605013,0.98907053,0.0031025049,0.0012419383
asthma_v2_copd_P3COPDPr_17.wav,3,0,2,0,0.61700565,0.052052815,0.26438916,0.012069155,0.054483254
asthma_v2_copd_P3COPDPr_19.wav,3,0,2,0,0.66230464,0.019146867,0.3020105,0.0022366385,0.014301393
asthma_v2_copd_P3COPDPr_21.wav,3,0,2,2,0.39485124,0.030536689,0.56152225,0.0032641885,0.009825671
asthma_v2_copd_P3COPDPr_23.wav,3,0,2,0,0.7643922,0.020009464,0.17927283,0.0018169433,0.034508638
asthma_v2_copd_P41COPDMc_322.wav,3,0,2,2,0.0011154388,0.0069717783,0.98871094,0.0015594478,0.0016424918
asthma_v2_copd_P41COPDMc_324.wav,3,0,2,2,0.0013085194,0.015827103,0.97811013,0.0018047454,0.0029494665
asthma_v2_copd_P41COPDMc_326.wav,3,0,2,2,0.0018121941,0.020222148,0.969521,0.0032099064,0.0052347565
asthma_v2_copd_P41COPDMc_328.wav,3,0,2,3,0.0025850888,0.11927851,0.31058422,0.55324405,0.014308154
asthma_v2_copd_P41COPDPr_321.wav,3,0,2,2,0.0009016945,0.005650937,0.98994434,0.0018602951,0.0016427578
asthma_v2_copd_P41COPDPr_323.wav,3,0,2,2,0.0022096413,0.048514925,0.9437401,0.001929103,0.0036062289
asthma_v2_copd_P41COPDPr_325.wav,3,0,2,2,0.0011565061,0.0077118305,0.98774904,0.0014538174,0.0019287182
asthma_v2_copd_P41COPDPr_327.wav,3,0,2,2,0.0014661876,0.03593046,0.94077855,0.018301401,0.0035234257
asthma_v2_copd_P42COPDMc_330.wav,3,0,2,2,0.0017365062,0.007896768,0.9839841,0.0024900173,0.0038926248
asthma_v2_copd_P42COPDMc_332.wav,3,0,2,2,0.0034515043,0.108725004,0.8772986,0.007782091,0.0027427818
asthma_v2_copd_P42COPDMc_334.wav,3,0,2,2,0.0052470495,0.06394517,0.922184,0.0050641024,0.0035596378
asthma_v2_copd_P42COPDMc_336.wav,3,0,2,2,0.0030463687,0.056628935,0.92508185,0.012381076,0.0028618015
asthma_v2_copd_P42COPDPr_329.wav,3,0,2,2,0.0008519844,0.0062532453,0.98927504,0.0022470157,0.0013727605
asthma_v2_copd_P42COPDPr_331.wav,3,0,2,2,0.0015751994,0.0513896,0.94007313,0.005936562,0.0010254661
asthma_v2_copd_P42COPDPr_333.wav,3,0,2,2,0.003677535,0.2765467,0.7018797,0.014586001,0.0033100925
asthma_v2_copd_P42COPDPr_335.wav,3,0,2,2,0.0041369633,0.12353485,0.8543138,0.014496122,0.0035183425
asthma_v2_copd_P45COPDMc_354.wav,3,0,2,2,0.019609064,0.064133815,0.8169559,0.013901189,0.08540008
asthma_v2_copd_P45COPDMc_356.wav,3,0,2,2,0.006471009,0.12802659,0.833777,0.023292067,0.00843331
asthma_v2_copd_P45COPDMc_358.wav,3,0,2,0,0.56495726,0.013039631,0.0541551,0.17047189,0.19737609
asthma_v2_copd_P45COPDMc_360.wav,3,0,2,4,0.16892399,0.0019691854,0.013032904,0.21948168,0.5965923
asthma_v2_copd_P45COPDPr_353.wav,3,0,2,2,0.04397656,0.08521799,0.74291766,0.0086011635,0.11928662
asthma_v2_copd_P45COPDPr_355.wav,3,0,2,2,0.0023320657,0.058111764,0.92989707,0.007528518,0.0021305934
asthma_v2_copd_P45COPDPr_357.wav,3,0,2,2,0.003438091,0.04096855,0.894988,0.040284682,0.02032069
asthma_v2_copd_P45COPDPr_359.wav,3,0,2,0,0.4921222,0.0095640775,0.039290052,0.048859995,0.41016367
asthma_v2_copd_P48COPDMc_378.wav,3,0,2,2,0.0008533404,0.007323991,0.98819447,0.0028233752,0.0008047862
asthma_v2_copd_P48COPDMc_380.wav,3,0,2,2,0.0031190338,0.22050239,0.74059784,0.03302448,0.0027562387
asthma_v2_copd_P48COPDMc_382.wav,3,0,2,2,0.0049006813,0.01162269,0.9680903,0.003444903,0.01194141
asthma_v2_copd_P48COPDMc_384.wav,3,0,2,2,0.0020425427,0.017634094,0.9735537,0.0032913873,0.003478215
asthma_v2_copd_P48COPDPr_377.wav,3,0,2,2,0.0008332581,0.0051603992,0.99101067,0.0020540564,0.00094165344
asthma_v2_copd_P48COPDPr_379.wav,3,0,2,2,0.0010900558,0.0038972013,0.9904171,0.0035145462,0.0010810372
asthma_v2_copd_P48COPDPr_381.wav,3,0,2,2,0.0013377962,0.009210797,0.98548555,0.0024684926,0.0014972966
asthma_v2_copd_P48COPDPr_383.wav,3,0,2,2,0.0012432147,0.008812308,0.98357314,0.004860285,0.0015110462
asthma_v2_copd_P6COPDMc_42.wav,3,0,2,2,0.0030350287,0.037029974,0.9429177,0.010899778,0.006117465
asthma_v2_copd_P6COPDMc_44.wav,3,0,2,2,0.008326875,0.0056918194,0.94772553,0.011927169,0.026328623
asthma_v2_copd_P6COPDMc_46.wav,3,0,2,2,0.002326008,0.029261691,0.95708406,0.0065777125,0.0047505004
asthma_v2_copd_P6COPDMc_48.wav,3,0,2,2,0.004712023,0.009777608,0.89554006,0.06348645,0.026483867
asthma_v2_copd_P6COPDPr_41.wav,3,0,2,2,0.0017955157,0.010355341,0.9819301,0.0031508557,0.0027682032
asthma_v2_copd_P6COPDPr_43.wav,3,0,2,2,0.001278241,0.02201236,0.97257465,0.0020731345,0.002061648
asthma_v2_copd_P6COPDPr_45.wav,3,0,2,2,0.0018604995,0.0052402285,0.9799438,0.0068855886,0.006069862
asthma_v2_copd_P6COPDPr_47.wav,3,0,2,3,0.014429288,0.026291756,0.3370387,0.5672586,0.054981638
asthma_v2_healthy_P12Healthy16S.wav,3,0,3,2,0.0091354055,0.082032986,0.6473678,0.065920584,0.19554323
asthma_v2_healthy_P12Healthy67S.wav,3,0,3,3,0.007632986,0.14723048,0.16218966,0.66244984,0.02049703
asthma_v2_healthy_P12Healthy93S.wav,3,0,3,3,0.0044786735,0.31693792,0.14235167,0.52274734,0.013484375
asthma_v2_healthy_P12Healthy98S.wav,3,0,3,3,0.00537399,0.08846566,0.30107096,0.48291022,0.122179255
asthma_v2_healthy_P12Healthy99S.wav,3,0,3,1,0.0019971288,0.5573541,0.022642836,0.41063085,0.0073751416
asthma_v2_healthy_P21Healthy15S.wav,3,0,3,3,0.063474335,0.008624268,0.0069661653,0.7035265,0.21740873
asthma_v2_healthy_P21Healthy38S.wav,3,0,3,3,0.041090228,0.0123356115,0.015605491,0.7125181,0.21845064
asthma_v2_healthy_P21Healthy53S.wav,3,0,3,3,0.05138375,0.009968359,0.005820517,0.7879269,0.14490049
asthma_v2_healthy_P21Healthy95S.wav,3,0,3,4,0.033590578,0.0016834334,0.0025080203,0.05909723,0.90312076
asthma_v2_healthy_P21Healthy98S.wav,3,0,3,4,0.02400552,0.0056634517,0.004850864,0.050354976,0.91512513
asthma_v2_healthy_P3Healthy44S.wav,3,0,3,1,0.0004901425,0.9426302,0.0125584565,0.043266866,0.0010544815
asthma_v2_healthy_P3Healthy49S.wav,3,0,3,3,0.010837844,0.19660501,0.27577335,0.48406476,0.03271904
asthma_v2_healthy_P3Healthy57S.wav,3,0,3,3,0.015601413,0.23996806,0.3470155,0.34816754,0.049247414
asthma_v2_healthy_P3Healthy60S.wav,3,0,3,1,0.0031907954,0.4690443,0.12252871,0.3965601,0.008676066
asthma_v2_healthy_P3Healthy84S.wav,3,0,3,3,0.010021446,0.09706084,0.12986389,0.74145377,0.021599993
asthma_v2_healthy_P4Healthy12S.wav,3,0,3,4,0.02746766,0.006132974,0.044516105,0.19480008,0.7270831
asthma_v2_healthy_P4Healthy22S.wav,3,0,3,3,0.006092891,0.044552922,0.1036949,0.64887106,0.19678827
asthma_v2_healthy_P4Healthy62S.wav,3,0,3,2,0.0032917627,0.4331265,0.44812697,0.11370542,0.0017493779
asthma_v2_healthy_P4Healthy69S.wav,3,0,3,3,0.01938461,0.027088854,0.29766834,0.378957,0.27690122
asthma_v2_healthy_P4Healthy77S.wav,3,0,3,1,0.0025686198,0.8422394,0.09542521,0.055630542,0.004136237
asthma_v2_healthy_P5Healthy10S.wav,3,0,3,3,0.0017766856,0.008528221,0.021533899,0.93266827,0.035492837
asthma_v2_healthy_P5Healthy57S.wav,3,0,3,4,0.015634166,0.012532496,0.028892236,0.41821778,0.52472335
asthma_v2_healthy_P5Healthy87S.wav,3,0,3,3,0.0036048875,0.010688511,0.03509303,0.87366134,0.0769522
asthma_v2_healthy_P5Healthy92S.wav,3,0,3,3,0.003602132,0.1538339,0.15808626,0.6694986,0.014979144
asthma_v2_healthy_P5Healthy96S.wav,3,0,3,4,0.01071496,0.0061169267,0.016384298,0.4724724,0.49431148
asthma_v2_pneumonia_P15Pneumonia12I.wav,3,0,4,4,0.031610616,0.11115678,0.35110945,0.035357133,0.47076598
asthma_v2_pneumonia_P15Pneumonia16R.wav,3,0,4,4,0.031732056,0.016275486,0.2524876,0.017843343,0.6816616
asthma_v2_pneumonia_P15Pneumonia39Y.wav,3,0,4,4,0.108092934,0.002086929,0.015647981,0.22724606,0.6469261
asthma_v2_pneumonia_P15Pneumonia56Z.wav,3,0,4,4,0.013053574,0.011244077,0.028051859,0.037057273,0.91059315
asthma_v2_pneumonia_P15Pneumonia58S.wav,3,0,4,4,0.107581064,0.0045699794,0.015437147,0.18384455,0.6885672
asthma_v2_pneumonia_P15Pneumonia81V.wav,3,0,4,4,0.1251856,0.008219319,0.005627206,0.27925283,0.58171505
asthma_v2_pneumonia_P18Pneumonia15Q.wav,3,0,4,4,0.025859445,0.0027158675,0.008281823,0.28013673,0.68300617
asthma_v2_pneumonia_P18Pneumonia16E.wav,3,0,4,4,0.035728503,0.0018567869,0.0036372605,0.1523782,0.8063992
asthma_v2_pneumonia_P18Pneumonia23E.wav,3,0,4,4,0.05420575,0.006479921,0.0023719785,0.3654632,0.5714792
asthma_v2_pneumonia_P18Pneumonia50S.wav,3,0,4,4,0.052893534,0.0047556274,0.008727814,0.2211104,0.7125127
asthma_v2_pneumonia_P18Pneumonia84N.wav,3,0,4,4,0.060814824,0.002731182,0.0042628516,0.10756043,0.82463074
asthma_v2_pneumonia_P18Pneumonia88I.wav,3,0,4,4,0.08158931,0.0024623182,0.0058799544,0.3031293,0.6069391
asthma_v2_pneumonia_P22Pneumonia27A.wav,3,0,4,4,0.2860999,0.012495666,0.0073510236,0.12490626,0.5691471
asthma_v2_pneumonia_P22Pneumonia29K.wav,3,0,4,3,0.01807795,0.00562891,0.0024348102,0.8071801,0.1666783
asthma_v2_pneumonia_P22Pneumonia29M.wav,3,0,4,0,0.4386127,0.0214516,0.011129641,0.11290974,0.41589633
asthma_v2_pneumonia_P22Pneumonia47V.wav,3,0,4,4,0.047735736,0.020602865,0.010638498,0.38642627,0.5345966
asthma_v2_pneumonia_P22Pneumonia51X.wav,3,0,4,4,0.057953157,0.0014978828,0.018273598,0.13403465,0.7882407
asthma_v2_pneumonia_P22Pneumonia55C.wav,3,0,4,0,0.4159205,0.009112584,0.03383099,0.17430674,0.36682922
asthma_v2_pneumonia_P27Pneumonia25R.wav,3,0,4,4,0.047704358,0.003472131,0.003270674,0.066645354,0.8789076
asthma_v2_pneumonia_P27Pneumonia28K.wav,3,0,4,4,0.0822918,0.01779628,0.040150452,0.27566317,0.5840983
asthma_v2_pneumonia_P27Pneumonia37T.wav,3,0,4,4,0.017364515,0.007890005,0.051653285,0.06236727,0.8607249
asthma_v2_pneumonia_P27Pneumonia48G.wav,3,0,4,4,0.032030776,0.006638473,0.12934707,0.06022364,0.77176
asthma_v2_pneumonia_P27Pneumonia62C.wav,3,0,4,4,0.07335007,0.008830609,0.017892623,0.3600399,0.5398868
asthma_v2_pneumonia_P27Pneumonia77J.wav,3,0,4,4,0.10425002,0.016415494,0.24710782,0.031968657,0.600258
asthma_v2_pneumonia_P29Pneumonia14M.wav,3,0,4,4,0.032752052,0.0037042128,0.011089511,0.41070598,0.5417482
asthma_v2_pneumonia_P29Pneumonia17N.wav,3,0,4,4,0.03827262,0.0037825282,0.005749725,0.2281278,0.7240674
asthma_v2_pneumonia_P29Pneumonia18M.wav,3,0,4,4,0.04095316,0.010811715,0.011092912,0.43885612,0.49828607
asthma_v2_pneumonia_P29Pneumonia24X.wav,3,0,4,3,0.03037194,0.007305164,0.0036615224,0.6383678,0.3202936
asthma_v2_pneumonia_P29Pneumonia51O.wav,3,0,4,3,0.026687253,0.007076663,0.011686722,0.4883389,0.46621045
asthma_v2_pneumonia_P29Pneumonia82U.wav,3,0,4,4,0.04672775,0.0012737407,0.0038538133,0.1084461,0.83969855
asthma_v2_pneumonia_P34Pneumonia15R.wav,3,0,4,4,0.051569235,0.0047169942,0.0018476077,0.22689426,0.7149719
asthma_v2_pneumonia_P34Pneumonia36H.wav,3,0,4,4,0.019186184,0.002245668,0.008182175,0.037364066,0.93302196
asthma_v2_pneumonia_P34Pneumonia61E.wav,3,0,4,4,0.019752977,0.0016987973,0.00492432,0.053636596,0.9199873
asthma_v2_pneumonia_P34Pneumonia66M.wav,3,0,4,4,0.03821564,0.0036988803,0.005155452,0.26358765,0.6893424
asthma_v2_pneumonia_P34Pneumonia77O.wav,3,0,4,4,0.047215324,0.005451125,0.0026840628,0.30744132,0.6372081
asthma_v2_pneumonia_P34Pneumonia99G.wav,3,0,4,3,0.019275384,0.004244244,0.0024595691,0.618415,0.3556058
asthma_v2_pneumonia_P42Pneumonia27A.wav,3,0,4,0,0.8968067,0.005338996,0.064812906,0.0007831846,0.032258235
asthma_v2_pneumonia_P42Pneumonia46D.wav,3,0,4,0,0.65607935,0.012253418,0.18437672,0.0014190482,0.14587142
asthma_v2_pneumonia_P42Pneumonia47W.wav,3,0,4,0,0.88089705,0.006846909,0.08018533,0.0034369994,0.028633649
asthma_v2_pneumonia_P42Pneumonia63L.wav,3,0,4,4,0.13813949,0.0050776848,0.07664265,0.017598547,0.76254165
asthma_v2_pneumonia_P42Pneumonia67F.wav,3,0,4,0,0.8955958,0.0055343797,0.068910226,0.0010491371,0.028910475
asthma_v2_pneumonia_P42Pneumonia69S.wav,3,0,4,0,0.51814914,0.05189253,0.32269683,0.0013804369,0.10588099
asthma_v2_pneumonia_P43Pneumonia24U.wav,3,0,4,4,0.024520071,0.0020159034,0.0059579397,0.053626277,0.91387975
asthma_v2_pneumonia_P43Pneumonia53X.wav,3,0,4,2,0.024456225,0.25974125,0.55070615,0.08683117,0.07826523
asthma_v2_pneumonia_P43Pneumonia54I.wav,3,0,4,3,0.008226601,0.0049520084,0.013370372,0.81641626,0.15703475
asthma_v2_pneumonia_P43Pneumonia73N.wav,3,0,4,3,0.031727828,0.0125998305,0.010374277,0.47598386,0.46931416
asthma_v2_pneumonia_P43Pneumonia88Y.wav,3,0,4,4,0.025465518,0.0018923446,0.0059196227,0.0537853,0.9129373
asthma_v2_pneumonia_P43Pneumonia89T.wav,3,0,4,4,0.038855407,0.002381808,0.007345866,0.08801036,0.8634066
asthma_v2_pneumonia_P44Pneumonia36U.wav,3,0,4,4,0.024187434,0.0028528653,0.029675296,0.24234003,0.70094436
asthma_v2_pneumonia_P44Pneumonia47J.wav,3,0,4,3,0.031727828,0.0125998305,0.010374277,0.47598386,0.46931416
asthma_v2_pneumonia_P44Pneumonia49B.wav,3,0,4,3,0.008226601,0.0049520084,0.013370372,0.81641626,0.15703475
asthma_v2_pneumonia_P44Pneumonia59U.wav,3,0,4,4,0.011222842,0.0026982098,0.010719322,0.19640054,0.7789591
asthma_v2_pneumonia_P44Pneumonia65N.wav,3,0,4,4,0.18181138,0.026366053,0.07841512,0.16559276,0.54781467
asthma_v2_pneumonia_P44Pneumonia71M.wav,3,0,4,2,0.024456225,0.25974125,0.55070615,0.08683117,0.07826523
asthma_v2_pneumonia_P9Pneumonia31T.wav,3,0,4,4,0.086309046,0.002186385,0.008129784,0.033119623,0.8702552
asthma_v2_pneumonia_P9Pneumonia63O.wav,3,0,4,3,0.01552153,0.0043956134,0.0041932156,0.58418256,0.3917071
asthma_v2_pneumonia_P9Pneumonia67I.wav,3,0,4,4,0.30897915,0.0019432572,0.012875532,0.029315157,0.64688694
asthma_v2_pneumonia_P9Pneumonia73J.wav,3,0,4,4,0.14616604,0.0020091175,0.014307062,0.1200769,0.7174409
asthma_v2_pneumonia_P9Pneumonia74S.wav,3,0,4,4,0.3248996,0.0035973475,0.015976071,0.0629628,0.5925641
asthma_v2_pneumonia_P9Pneumonia74V.wav,3,0,4,4,0.07089568,0.0017827591,0.0066967877,0.2606933,0.6599315
asthma_v2_Bronchial_P13BronchialSc_62.wav,3,1,1,0,0.69341964,0.19792032,0.08219837,0.014783128,0.011678551
asthma_v2_Bronchial_P13BronchialSc_64.wav,3,1,1,0,0.952637,0.02800281,0.007861238,0.00269355,0.008805491
asthma_v2_Bronchial_P13BronchialTc_61.wav,3,1,1,0,0.8601521,0.057262693,0.013820938,0.002281142,0.066483155
asthma_v2_Bronchial_P13BronchialTc_63.wav,3,1,1,0,0.7758309,0.17210367,0.02381211,0.009019136,0.019234201
asthma_v2_Bronchial_P13BronchialTc_65.wav,3,1,1,1,0.034599002,0.5391227,0.39271143,0.027200557,0.006366306
asthma_v2_Bronchial_P20BronchialSc_100.wav,3,1,1,1,0.0012098573,0.9149474,0.0050474633,0.06874338,0.010051922
asthma_v2_Bronchial_P20BronchialSc_96.wav,3,1,1,1,0.00017515426,0.9026813,0.0045263483,0.09066707,0.0019501586
asthma_v2_Bronchial_P20BronchialSc_98.wav,3,1,1,1,0.0002887145,0.96487725,0.0055033434,0.026927376,0.002403334
asthma_v2_Bronchial_P20BronchialTc_97.wav,3,1,1,1,0.00020088293,0.9234621,0.0062924274,0.067218676,0.002825827
asthma_v2_Bronchial_P20BronchialTc_99.wav,3,1,1,3,0.00060769805,0.26156715,0.0032097204,0.72880775,0.005807637
asthma_v2_Bronchial_P21BronchialSc_102.wav,3,1,1,4,0.029009696,0.00070602976,0.0009640872,0.015828969,0.9534912
asthma_v2_Bronchial_P21BronchialSc_104.wav,3,1,1,4,0.013341608,0.0075259483,0.011567577,0.044045907,0.92351896
asthma_v2_Bronchial_P21BronchialTc_101.wav,3,1,1,1,0.00025614747,0.9367167,0.0128147965,0.04716697,0.003045324
asthma_v2_Bronchial_P21BronchialTc_103.wav,3,1,1,4,0.027975827,0.0017543631,0.0053198426,0.016680276,0.9482696
asthma_v2_Bronchial_P4BronchialSc_16.wav,3,1,1,1,0.0017447495,0.8176978,0.10525358,0.066271804,0.0090321135
asthma_v2_Bronchial_P4BronchialSc_18.wav,3,1,1,1,0.0048452294,0.8716623,0.07694443,0.03996901,0.006579075
asthma_v2_Bronchial_P4BronchialSc_20.wav,3,1,1,1,0.002963076,0.8235636,0.14440814,0.025305603,0.0037596512
asthma_v2_Bronchial_P4BronchialTc_17.wav,3,1,1,1,0.0055829687,0.8372908,0.1292571,0.021571167,0.006298012
asthma_v2_Bronchial_P4BronchialTc_19.wav,3,1,1,1,0.0034604392,0.85255176,0.06243246,0.07677697,0.0047784317
asthma_v2_asthma_P16WheezingIE_77.wav,3,1,0,0,0.6458211,0.026530227,0.0022979712,0.0059507284,0.31939998
asthma_v2_asthma_P16WheezingIU_78.wav,3,1,0,0,0.8192656,0.012962534,0.0022016717,0.0027081955,0.16286208
asthma_v2_asthma_P16WheezingRL_79.wav,3,1,0,0,0.7167952,0.0122671835,0.002250961,0.0026938512,0.2659928
asthma_v2_asthma_P16WheezingRS_76.wav,3,1,0,0,0.79603094,0.01648275,0.0038406963,0.0014997885,0.18214585
asthma_v2_asthma_P16WheezingRS_80.wav,3,1,0,0,0.860449,0.012466328,0.002084495,0.0018762532,0.12312389
asthma_v2_asthma_P22WheezingIE_109.wav,3,1,0,0,0.97853595,0.002676942,0.004791581,0.00029644347,0.013699147
asthma_v2_asthma_P22WheezingIU_106.wav,3,1,0,0,0.97895753,0.0032753823,0.0055104448,0.00030042813,0.011956174
asthma_v2_asthma_P22WheezingIU_110.wav,3,1,0,0,0.9377909,0.0014290338,0.009435285,0.0008521185,0.05049272
asthma_v2_asthma_P22WheezingRL_107.wav,3,1,0,0,0.83526605,0.013604799,0.018766336,0.0011934325,0.13116941
asthma_v2_asthma_P22WheezingRS_108.wav,3,1,0,0,0.9488304,0.0039330344,0.016338604,0.00035731355,0.030540532
asthma_v2_asthma_P26WheezingIE_129.wav,3,1,0,0,0.9449852,0.0049392073,0.019585514,0.0012391738,0.029250909
asthma_v2_asthma_P26WheezingIU_126.wav,3,1,0,0,0.5030883,0.01529809,0.23525968,0.03897895,0.20737496
asthma_v2_asthma_P26WheezingIU_130.wav,3,1,0,0,0.9727087,0.0026160958,0.0058924523,0.00021325443,0.018569509
asthma_v2_asthma_P26WheezingRL_127.wav,3,1,0,0,0.9114547,0.009856481,0.03338179,0.009506573,0.035800405
asthma_v2_asthma_P26WheezingRS_128.wav,3,1,0,0,0.9348328,0.0080811735,0.048585724,0.00039461657,0.008105714
asthma_v2_asthma_P2AsthmaIE_9.wav,3,1,0,0,0.806894,0.011771203,0.0027403433,0.0012829321,0.17731152
asthma_v2_asthma_P2AsthmaIU_10.wav,3,1,0,0,0.8248704,0.0077026114,0.0023358793,0.002097582,0.16299346
asthma_v2_asthma_P2AsthmaIU_6.wav,3,1,0,0,0.68639284,0.051297568,0.026781797,0.0041099074,0.23141794
asthma_v2_asthma_P2AsthmaRL_7.wav,3,1,0,0,0.77259845,0.01616744,0.0022263504,0.0015243521,0.20748341
asthma_v2_asthma_P2AsthmaRS_8.wav,3,1,0,0,0.7590422,0.021830373,0.0041237953,0.0024381857,0.21256544
asthma_v2_asthma_P31WheezingIE_153.wav,3,1,0,0,0.9730833,0.0016133318,0.009154314,0.00023452257,0.015914498
asthma_v2_asthma_P31WheezingIU_154.wav,3,1,0,0,0.7862183,0.009827925,0.024659028,0.004414665,0.17488009
asthma_v2_asthma_P31WheezingRL_151.wav,3,1,0,0,0.85981774,0.008265332,0.01343072,0.0004995076,0.117986634
asthma_v2_asthma_P31WheezingRL_155.wav,3,1,0,0,0.96283937,0.0044162343,0.0069150208,0.0007014879,0.025127959
asthma_v2_asthma_P31WheezingRS_152.wav,3,1,0,0,0.96925867,0.0025949874,0.0030995,0.00040359126,0.024643196
asthma_v2_asthma_P33WheezingIE_161.wav,3,1,0,0,0.9276437,0.002840432,0.00701453,0.00042151546,0.06207972
asthma_v2_asthma_P33WheezingIE_165.wav,3,1,0,0,0.9796474,0.002096127,0.0046714614,0.00025974525,0.013325325
asthma_v2_asthma_P33WheezingIU_162.wav,3,1,0,0,0.96428275,0.002220684,0.0050277836,0.0002471588,0.028221665
asthma_v2_asthma_P33WheezingRL_163.wav,3,1,0,0,0.97915363,0.001983968,0.004001158,0.00032344952,0.014537769
asthma_v2_asthma_P33WheezingRS_164.wav,3,1,0,0,0.8989172,0.0023994008,0.011956136,0.00094767584,0.08577957
asthma_v2_asthma_P37WheezingIE_181.wav,3,1,0,0,0.9189973,0.017150264,0.04886054,0.0012665198,0.013725456
asthma_v2_asthma_P37WheezingIE_185.wav,3,1,0,0,0.9355025,0.005404654,0.012735531,0.00035970839,0.04599755
asthma_v2_asthma_P37WheezingIU_182.wav,3,1,0,0,0.9477809,0.008698811,0.014144982,0.00062769087,0.028747614
asthma_v2_asthma_P37WheezingRL_183.wav,3,1,0,0,0.9156517,0.0061661066,0.013417946,0.00042386528,0.06434036
asthma_v2_asthma_P37WheezingRS_184.wav,3,1,0,0,0.8713143,0.008916579,0.10309494,0.0016761267,0.014998076
asthma_v2_asthma_P40WheezingIE_197.wav,3,1,0,0,0.5608504,0.0031902543,0.033606905,0.004775003,0.3975774
asthma_v2_asthma_P40WheezingIU_198.wav,3,1,0,0,0.5361407,0.0022012445,0.05508457,0.0028345669,0.4037389
asthma_v2_asthma_P40WheezingRL_199.wav,3,1,0,0,0.89915293,0.01838181,0.03329972,0.0042577283,0.044907756
asthma_v2_asthma_P40WheezingRS_196.wav,3,1,0,0,0.9139468,0.0038328378,0.021226762,0.0016184543,0.059375145
asthma_v2_asthma_P40WheezingRS_200.wav,3,1,0,0,0.58984745,0.0024875042,0.03466106,0.0028426375,0.37016132
asthma_v2_asthma_P47WheezingIE_233.wav,3,1,0,0,0.8939969,0.0048919967,0.009553972,0.00073552656,0.09082156
asthma_v2_asthma_P47WheezingIU_234.wav,3,1,0,0,0.5954804,0.008619511,0.06503752,0.0024822415,0.32838038
asthma_v2_asthma_P47WheezingRL_231.wav,3,1,0,0,0.81525403,0.0030976178,0.018927189,0.002240538,0.16048063
asthma_v2_asthma_P47WheezingRL_235.wav,3,1,0,0,0.7419859,0.06876045,0.10998318,0.017071526,0.0621989
asthma_v2_asthma_P47WheezingRS_232.wav,3,1,0,0,0.90211105,0.0059791086,0.00897743,0.0007137242,0.082218595
asthma_v2_asthma_P52WheezingIE_257.wav,3,1,0,0,0.92603993,0.0071842037,0.028076041,0.00077761896,0.037922155
asthma_v2_asthma_P52WheezingIU_258.wav,3,1,0,0,0.8311106,0.013814299,0.14364184,0.0011808707,0.010252359
asthma_v2_asthma_P52WheezingRL_259.wav,3,1,0,0,0.75592726,0.013899506,0.002122739,0.00203328,0.2260172
asthma_v2_asthma_P52WheezingRS_256.wav,3,1,0,0,0.8946882,0.013994436,0.017521363,0.0006137671,0.07318214
asthma_v2_asthma_P52WheezingRS_260.wav,3,1,0,0,0.7931153,0.012939684,0.0030260994,0.0023732656,0.18854558
asthma_v2_asthma_P55WheezingIE_273.wav,3,1,0,4,0.07627058,0.0039146473,0.0035964248,0.12741426,0.7888042
asthma_v2_asthma_P55WheezingIU_274.wav,3,1,0,4,0.019699574,0.004384231,0.0042629316,0.41690728,0.554746
asthma_v2_asthma_P55WheezingRL_271.wav,3,1,0,3,0.011618953,0.042894762,0.0018601051,0.8611218,0.0825044
asthma_v2_asthma_P55WheezingRL_275.wav,3,1,0,3,0.08138599,0.03743877,0.005857006,0.61227053,0.26304772
asthma_v2_asthma_P55WheezingRS_272.wav,3,1,0,4,0.08832721,0.004923213,0.005252208,0.037868388,0.863629
asthma_v2_asthma_P5AsthmaIE_21.wav,3,1,0,0,0.76605517,0.016293652,0.0031737313,0.001646488,0.21283093
asthma_v2_asthma_P5AsthmaIE_25.wav,3,1,0,0,0.61785734,0.0103418995,0.0021103874,0.0026316822,0.36705866
asthma_v2_asthma_P5AsthmaIU_22.wav,3,1,0,0,0.7341008,0.022441518,0.004546101,0.0022525296,0.23665902
asthma_v2_asthma_P5AsthmaRL_23.wav,3,1,0,0,0.8419848,0.009765727,0.002996551,0.001113537,0.14413941
asthma_v2_asthma_P5AsthmaRS_24.wav,3,1,0,0,0.84040976,0.011718868,0.0026137335,0.0014203192,0.14383732
asthma_v2_copd_P13COPDMc_100.wav,3,1,2,1,0.00019502021,0.97624993,0.011309205,0.011603889,0.00064193533
asthma_v2_copd_P13COPDMc_102.wav,3,1,2,4,0.062262967,0.009871053,0.18899079,0.007977821,0.7308973
asthma_v2_copd_P13COPDMc_104.wav,3,1,2,4,0.042021252,0.061749056,0.27547768,0.028395588,0.5923565
asthma_v2_copd_P13COPDMc_98.wav,3,1,2,3,0.0043167034,0.3380655,0.11936816,0.4966577,0.041591935
asthma_v2_copd_P13COPDPr_101.wav,3,1,2,4,0.0829369,0.0056922548,0.18169524,0.004950634,0.724725
asthma_v2_copd_P13COPDPr_103.wav,3,1,2,4,0.12850559,0.013397811,0.33096635,0.0056506977,0.5214795
asthma_v2_copd_P13COPDPr_97.wav,3,1,2,1,0.0001939106,0.97315806,0.009406856,0.016245842,0.0009953588
asthma_v2_copd_P13COPDPr_99.wav,3,1,2,1,0.0013422061,0.6527853,0.0171779,0.3228905,0.0058040875
asthma_v2_copd_P15COPDMc_114.wav,3,1,2,0,0.7779447,0.006152687,0.10046242,0.0026704564,0.11276978
asthma_v2_copd_P15COPDMc_116.wav,3,1,2,2,0.3312637,0.048862036,0.61405325,0.0022977672,0.0035232597
asthma_v2_copd_P15COPDMc_118.wav,3,1,2,0,0.8570792,0.007883162,0.089471884,0.0009664097,0.04459929
asthma_v2_copd_P15COPDMc_120.wav,3,1,2,0,0.57278216,0.002072156,0.14259207,0.0020202743,0.28053334
asthma_v2_copd_P15COPDPr_113.wav,3,1,2,2,0.20502438,0.22113761,0.55858004,0.006481106,0.008776859
asthma_v2_copd_P15COPDPr_115.wav,3,1,2,0,0.8121069,0.012085503,0.09701408,0.0007340108,0.0780595
asthma_v2_copd_P15COPDPr_117.wav,3,1,2,0,0.6950683,0.066828236,0.13902187,0.001287924,0.09779371
asthma_v2_copd_P15COPDPr_119.wav,3,1,2,0,0.45745134,0.2692318,0.2575926,0.0032046621,0.012519598
asthma_v2_copd_P17COPDMc_130.wav,3,1,2,2,0.0009147247,0.22371678,0.7575019,0.016324863,0.0015417075
asthma_v2_copd_P17COPDMc_132.wav,3,1,2,2,0.022524413,0.009056486,0.9297499,0.0008429494,0.037826307
asthma_v2_copd_P17COPDMc_134.wav,3,1,2,2,0.009440222,0.003932143,0.97838897,0.00020253692,0.008036147
asthma_v2_copd_P17COPDMc_136.wav,3,1,2,2,0.0026551057,0.0029478914,0.98993987,0.00019284987,0.004264257
asthma_v2_copd_P17COPDPr_129.wav,3,1,2,2,0.0100057125,0.0036597801,0.939525,0.0009063094,0.045903165
asthma_v2_copd_P17COPDPr_131.wav,3,1,2,2,0.00085345167,0.0031779234,0.99298054,0.0005767527,0.002411376
asthma_v2_copd_P17COPDPr_133.wav,3,1,2,2,0.003458814,0.0025434885,0.9822397,0.00037991066,0.01137807
asthma_v2_copd_P17COPDPr_135.wav,3,1,2,2,0.0012444506,0.0022168655,0.9931646,0.00016637023,0.003207609
asthma_v2_copd_P21COPDMc_162.wav,3,1,2,1,0.0015081418,0.6485519,0.33357456,0.014263352,0.0021020765
asthma_v2_copd_P21COPDMc_164.wav,3,1,2,4,0.027251484,0.14670163,0.24900094,0.0712772,0.5057688
asthma_v2_copd_P21COPDMc_166.wav,3,1,2,2,0.057310216,0.030251253,0.4905613,0.011246459,0.41063076
asthma_v2_copd_P21COPDMc_168.wav,3,1,2,3,0.027189044,0.040365074,0.31309354,0.4034181,0.21593416
asthma_v2_copd_P21COPDPr_161.wav,3,1,2,1,0.0019903716,0.6794887,0.30999294,0.0057328986,0.0027951098
asthma_v2_copd_P21COPDPr_163.wav,3,1,2,2,0.0009089956,0.1890171,0.79478234,0.0088764755,0.0064150663
asthma_v2_copd_P21COPDPr_165.wav,3,1,2,4,0.0993441,0.012435905,0.18807684,0.009662637,0.6904805
asthma_v2_copd_P21COPDPr_167.wav,3,1,2,2,0.0050262497,0.059528485,0.8440367,0.050644036,0.04076451
asthma_v2_copd_P25COPDMc_194.wav,3,1,2,1,0.00022892094,0.9656789,0.019174615,0.01419353,0.00072403916
asthma_v2_copd_P25COPDMc_196.wav,3,1,2,1,0.00025008424,0.9648211,0.017842239,0.016085058,0.001001595
asthma_v2_copd_P25COPDMc_198.wav,3,1,2,2,0.0011891604,0.06354724,0.9311094,0.003183574,0.0009705926
asthma_v2_copd_P25COPDMc_200.wav,3,1,2,2,0.0015106791,0.04864966,0.9375867,0.0055473777,0.006705565
asthma_v2_copd_P25COPDPr_193.wav,3,1,2,2,0.0021150967,0.33452198,0.40093946,0.23374109,0.028682373
asthma_v2_copd_P25COPDPr_195.wav,3,1,2,1,0.0002583779,0.9535873,0.024588412,0.020725403,0.0008405973
asthma_v2_copd_P25COPDPr_197.wav,3,1,2,2,0.0005787418,0.058858704,0.9390535,0.0011809795,0.00032815622
asthma_v2_copd_P25COPDPr_199.wav,3,1,2,2,0.0016039694,0.020665666,0.97295827,0.0014007626,0.0033713318
asthma_v2_copd_P33COPDMc_258.wav,3,1,2,4,0.17624944,0.0020261288,0.006893421,0.04484925,0.7699818
asthma_v2_copd_P33COPDMc_260.wav,3,1,2,2,0.014619343,0.005728813,0.66454476,0.0067888005,0.30831826
asthma_v2_copd_P33COPDMc_262.wav,3,1,2,2,0.0021697532,0.017244268,0.96426445,0.001390935,0.014930504
asthma_v2_copd_P33COPDMc_264.wav,3,1,2,1,0.005627076,0.70027024,0.27642822,0.003947148,0.013727314
asthma_v2_copd_P33COPDPr_257.wav,3,1,2,2,0.17680417,0.04543952,0.77100587,0.003560051,0.0031903996
asthma_v2_copd_P33COPDPr_259.wav,3,1,2,2,0.01606952,0.015438218,0.6618392,0.0079966355,0.29865634
asthma_v2_copd_P33COPDPr_261.wav,3,1,2,1,0.0011276723,0.5108997,0.48272076,0.002193182,0.0030586452
asthma_v2_copd_P33COPDPr_263.wav,3,1,2,2,0.0035522142,0.024187597,0.94823056,0.001987671,0.022041911
asthma_v2_copd_P35COPDMc_274.wav,3,1,2,1,0.00069884927,0.55950487,0.43099856,0.006277734,0.002519982
asthma_v2_copd_P35COPDMc_276.wav,3,1,2,1,0.00035755394,0.94075847,0.05124854,0.006773234,0.00086216663
asthma_v2_copd_P35COPDMc_278.wav,3,1,2,1,0.00266852,0.6355677,0.33158305,0.023116788,0.007063934
asthma_v2_copd_P35COPDMc_280.wav,3,1,2,2,0.0015230061,0.006594132,0.98329157,0.0053787744,0.0032124734
asthma_v2_copd_P35COPDPr_273.wav,3,1,2,2,0.0025011485,0.019865004,0.9619792,0.0018390834,0.013815532
asthma_v2_copd_P35COPDPr_275.wav,3,1,2,2,0.003722882,0.013547806,0.94902486,0.0015441987,0.03216028
asthma_v2_copd_P35COPDPr_277.wav,3,1,2,1,0.00055075955,0.9136031,0.053643238,0.027992789,0.004210025
asthma_v2_copd_P35COPDPr_279.wav,3,1,2,2,0.0007962014,0.018665422,0.97161895,0.008146697,0.00077275943
asthma_v2_copd_P37COPDMc_290.wav,3,1,2,1,0.0011295951,0.6357701,0.35770842,0.002818198,0.0025737076
asthma_v2_copd_P37COPDMc_292.wav,3,1,2,2,0.00407498,0.029666418,0.9572909,0.005338693,0.0036290006
asthma_v2_copd_P37COPDMc_294.wav,3,1,2,2,0.00043052598,0.0097764125,0.98603004,0.002982765,0.00078028697
asthma_v2_copd_P37COPDMc_296.wav,3,1,2,2,0.0009021269,0.0058988803,0.98946685,0.0010607645,0.0026714175
asthma_v2_copd_P37COPDPr_289.wav,3,1,2,2,0.0011086465,0.45064694,0.54203236,0.0031594795,0.0030525064
asthma_v2_copd_P37COPDPr_291.wav,3,1,2,2,0.0006989632,0.016289506,0.9778962,0.0026512363,0.0024640288
asthma_v2_copd_P37COPDPr_293.wav,3,1,2,2,0.00215773,0.0116566345,0.97775877,0.0020862322,0.006340597
asthma_v2_copd_P37COPDPr_295.wav,3,1,2,2,0.0011975868,0.013270093,0.9807553,0.0022413898,0.0025356237
asthma_v2_copd_P49COPDMc_386.wav,3,1,2,2,0.0003186896,0.006323467,0.9918692,0.00087551225,0.00061319926
asthma_v2_copd_P49COPDMc_388.wav,3,1,2,2,0.00092302857,0.009237084,0.9815871,0.0056108194,0.0026419132
asthma_v2_copd_P49COPDMc_390.wav,3,1,2,2,0.000694673,0.00593654,0.99124056,0.0006771422,0.0014511272
asthma_v2_copd_P49COPDMc_392.wav,3,1,2,3,0.002740673,0.053627916,0.24141207,0.6781672,0.024052074
asthma_v2_copd_P49COPDPr_385.wav,3,1,2,2,0.000670945,0.004656486,0.99209046,0.00044221032,0.0021398775
asthma_v2_copd_P49COPDPr_387.wav,3,1,2,2,0.00039463036,0.01995068,0.97747487,0.0016858522,0.0004940193
asthma_v2_copd_P49COPDPr_389.wav,3,1,2,2,0.0007775765,0.012867079,0.98494905,0.0007705673,0.0006357268
asthma_v2_copd_P49COPDPr_391.wav,3,1,2,2,0.00038103727,0.04313771,0.9525565,0.003303957,0.0006207285
asthma_v2_copd_P7COPDMc_50.wav,3,1,2,2,0.0024077443,0.021643419,0.9207958,0.023113782,0.032039218
asthma_v2_copd_P7COPDMc_52.wav,3,1,2,3,0.004139053,0.039177522,0.056084774,0.85221153,0.048387125
asthma_v2_copd_P7COPDMc_54.wav,3,1,2,3,0.0006168086,0.016328098,0.011909219,0.96581215,0.0053338124
asthma_v2_copd_P7COPDMc_56.wav,3,1,2,3,0.0022557264,0.017775808,0.01512481,0.9505118,0.014331783
asthma_v2_copd_P7COPDPr_49.wav,3,1,2,2,0.029547002,0.015059322,0.75738436,0.004116971,0.19389239
asthma_v2_copd_P7COPDPr_51.wav,3,1,2,3,0.034550164,0.052363213,0.1181781,0.46077916,0.33412942
asthma_v2_copd_P7COPDPr_53.wav,3,1,2,3,0.07875097,0.031261068,0.047325607,0.4606206,0.38204175
asthma_v2_copd_P7COPDPr_55.wav,3,1,2,1,0.00090355275,0.40457004,0.27877077,0.31352395,0.0022316957
asthma_v2_healthy_P10Healthy10S.wav,3,1,3,4,0.01687113,0.004963099,0.4117952,0.05388815,0.5124824
asthma_v2_healthy_P10Healthy14S.wav,3,1,3,4,0.009671908,0.004796732,0.02404651,0.14473121,0.8167536
asthma_v2_healthy_P10Healthy61S.wav,3,1,3,4,0.017512834,0.00369352,0.040156316,0.2295694,0.7090679
asthma_v2_healthy_P10Healthy65S.wav,3,1,3,3,0.0042643324,0.012022947,0.0029793954,0.85181916,0.12891413
asthma_v2_healthy_P10Healthy93S.wav,3,1,3,4,0.015502855,0.009574119,0.07108986,0.18855493,0.71527827
asthma_v2_healthy_P13Healthy28S.wav,3,1,3,3,0.00033277535,0.38801336,0.00677011,0.5994466,0.005437216
asthma_v2_healthy_P13Healthy42S.wav,3,1,3,3,0.0005343329,0.09728959,0.0040830397,0.8895542,0.008538815
asthma_v2_healthy_P13Healthy48S.wav,3,1,3,3,0.00085113413,0.060163714,0.0033661323,0.93162733,0.003991705
asthma_v2_healthy_P13Healthy53S.wav,3,1,3,3,0.0010443205,0.0951595,0.009228687,0.8728501,0.021717366
asthma_v2_healthy_P13Healthy69S.wav,3,1,3,4,0.22581483,0.020008277,0.064854644,0.08551032,0.603812
asthma_v2_healthy_P17Healthy22S.wav,3,1,3,4,0.018461386,0.0024856,0.0009599768,0.08939886,0.88869417
asthma_v2_healthy_P17Healthy35S.wav,3,1,3,4,0.019934766,0.009946782,0.002815881,0.22020209,0.7471005
asthma_v2_healthy_P17Healthy58S.wav,3,1,3,3,0.014510601,0.013076403,0.003403542,0.8411871,0.12782237
asthma_v2_healthy_P17Healthy71S.wav,3,1,3,3,0.025714712,0.017386755,0.021683095,0.49575788,0.43945763
asthma_v2_healthy_P17Healthy83S.wav,3,1,3,3,0.006508389,0.02606765,0.0042776167,0.9023186,0.06082774
asthma_v2_healthy_P26Healthy22S.wav,3,1,3,4,0.04121048,0.043252252,0.0029479754,0.2846784,0.6279108
asthma_v2_healthy_P26Healthy32S.wav,3,1,3,3,0.13230437,0.0155414445,0.025761386,0.45356283,0.37282988
asthma_v2_healthy_P26Healthy46S.wav,3,1,3,4,0.21743974,0.007919702,0.004859627,0.17652135,0.5932596
asthma_v2_healthy_P26Healthy48S.wav,3,1,3,4,0.059662998,0.006222088,0.0050167004,0.20060924,0.728489
asthma_v2_healthy_P26Healthy76S.wav,3,1,3,4,0.094262466,0.013973785,0.0040502027,0.41835296,0.46936062
asthma_v2_healthy_P2Healthy30S.wav,3,1,3,4,0.030486513,0.011231501,0.0065844487,0.24411273,0.70758486
asthma_v2_healthy_P2Healthy43S.wav,3,1,3,3,0.0048446455,0.19761682,0.060188223,0.5810017,0.15634865
asthma_v2_healthy_P2Healthy54S.wav,3,1,3,3,0.0035621035,0.32903978,0.047353484,0.5641549,0.055889755
asthma_v2_healthy_P2Healthy72S.wav,3,1,3,4,0.040474176,0.0062500546,0.0048008016,0.08972158,0.8587534
asthma_v2_healthy_P2Healthy89S.wav,3,1,3,4,0.014629691,0.0038026636,0.0039656474,0.23115776,0.7464443
asthma_v2_pneumonia_P13Pneumonia20R.wav,3,1,4,4,0.022810046,0.002337367,0.004938721,0.056029897,0.913884
asthma_v2_pneumonia_P13Pneumonia26N.wav,3,1,4,4,0.03238593,0.0015729959,0.0030197331,0.020817237,0.9422041
asthma_v2_pneumonia_P13Pneumonia33Z.wav,3,1,4,4,0.10557582,0.001185659,0.002223965,0.009719752,0.8812948
asthma_v2_pneumonia_P13Pneumonia60R.wav,3,1,4,4,0.024917232,0.0013625555,0.0048054536,0.032127332,0.9367875
asthma_v2_pneumonia_P13Pneumonia94T.wav,3,1,4,4,0.017496642,0.0012850947,0.011375585,0.025802115,0.9440405
asthma_v2_pneumonia_P13Pneumonia99T.wav,3,1,4,4,0.081146166,0.001038738,0.005583737,0.0061697294,0.90606165
asthma_v2_pneumonia_P14Pneumonia19W.wav,3,1,4,4,0.12494309,0.0056182207,0.04617298,0.008777239,0.81448853
asthma_v2_pneumonia_P14Pneumonia22X.wav,3,1,4,4,0.012877978,0.0018580871,0.0023397922,0.09725688,0.88566726
asthma_v2_pneumonia_P14Pneumonia40M.wav,3,1,4,4,0.06469901,0.005911902,0.0018957846,0.123372585,0.8041207
asthma_v2_pneumonia_P14Pneumonia62B.wav,3,1,4,4,0.02432824,0.004904641,0.010580015,0.0539241,0.90626305
asthma_v2_pneumonia_P14Pneumonia73T.wav,3,1,4,4,0.028613038,0.0014377314,0.01158501,0.0073772985,0.9509869
asthma_v2_pneumonia_P14Pneumonia87C.wav,3,1,4,4,0.021981258,0.0010853482,0.013072492,0.00903266,0.9548282
asthma_v2_pneumonia_P1Pneumonia10T.wav,3,1,4,4,0.044948768,0.010021652,0.0018692643,0.18075609,0.76240426
asthma_v2_pneumonia_P1Pneumonia39F.wav,3,1,4,4,0.022910587,0.001746781,0.00064803346,0.028428335,0.9462663
asthma_v2_pneumonia_P1Pneumonia41U.wav,3,1,4,4,0.032890666,0.005995257,0.00091712683,0.10938662,0.8508104
asthma_v2_pneumonia_P1Pneumonia93D.wav,3,1,4,4,0.01691415,0.0010200143,0.00052013213,0.02535466,0.95619106
asthma_v2_pneumonia_P1Pneumonia94J.wav,3,1,4,4,0.09717535,0.01678948,0.009759093,0.07286134,0.80341476
asthma_v2_pneumonia_P1Pneumonia97M.wav,3,1,4,4,0.02384958,0.004647828,0.002345188,0.27654058,0.6926168
asthma_v2_pneumonia_P26Pneumonia12X.wav,3,1,4,4,0.010467279,0.009420587,0.003465521,0.4444233,0.53222334
asthma_v2_pneumonia_P26Pneumonia66S.wav,3,1,4,4,0.023670789,0.009559661,0.0034147142,0.19340901,0.76994574
asthma_v2_pneumonia_P26Pneumonia72P.wav,3,1,4,4,0.046642028,0.0019053991,0.0010401143,0.07512572,0.87528676
asthma_v2_pneumonia_P26Pneumonia83Z.wav,3,1,4,4,0.015888229,0.001097645,0.00079277594,0.032930173,0.94929105
asthma_v2_pneumonia_P26Pneumonia84P.wav,3,1,4,3,0.0110389525,0.010980564,0.0015681317,0.62756956,0.34884283
asthma_v2_pneumonia_P26Pneumonia89E.wav,3,1,4,3,0.0130035,0.029988019,0.0024481893,0.81273746,0.14182283
asthma_v2_pneumonia_P30Pneumonia10C.wav,3,1,4,4,0.011266664,0.00049906026,0.0009260093,0.018624386,0.9686839
asthma_v2_pneumonia_P30Pneumonia15J.wav,3,1,4,4,0.12388876,0.0035273766,0.0025509198,0.0911498,0.77888304
asthma_v2_pneumonia_P30Pneumonia30W.wav,3,1,4,4,0.06650644,0.0039769984,0.0025170548,0.055814747,0.8711847
asthma_v2_pneumonia_P30Pneumonia52T.wav,3,1,4,4,0.15956457,0.0069699157,0.005053829,0.034248162,0.7941635
asthma_v2_pneumonia_P30Pneumonia70X.wav,3,1,4,4,0.16685587,0.019054307,0.0027828456,0.08474902,0.7265579
asthma_v2_pneumonia_P30Pneumonia85D.wav,3,1,4,4,0.028521024,0.0009976049,0.0008200284,0.024085438,0.94557595
asthma_v2_pneumonia_P35Pneumonia16F.wav,3,1,4,4,0.024539094,0.0023728642,0.0011037075,0.027261836,0.94472253
asthma_v2_pneumonia_P35Pneumonia46U.wav,3,1,4,4,0.036140908,0.0030177808,0.0044964678,0.056272537,0.9000722
asthma_v2_pneumonia_P35Pneumonia56D.wav,3,1,4,4,0.16460456,0.010573025,0.005655707,0.15860105,0.66056556
asthma_v2_pneumonia_P35Pneumonia57I.wav,3,1,4,4,0.030539181,0.0020989464,0.0007245268,0.040812347,0.92582494
asthma_v2_pneumonia_P35Pneumonia75E.wav,3,1,4,4,0.016947944,0.0009794186,0.0005293483,0.019948691,0.9615946
asthma_v2_pneumonia_P35Pneumonia99V.wav,3,1,4,4,0.012937049,0.0011564645,0.000916268,0.039516352,0.94547397
asthma_v2_pneumonia_P36Pneumonia56V.wav,3,1,4,0,0.70841604,0.123798326,0.0029496849,0.011088077,0.1537479
asthma_v2_pneumonia_P36Pneumonia57U.wav,3,1,4,0,0.68034,0.022530247,0.0029912002,0.0028143036,0.2913242
asthma_v2_pneumonia_P36Pneumonia79Z.wav,3,1,4,4,0.01568779,0.0011932546,0.0006844924,0.027972318,0.95446223
asthma_v2_pneumonia_P36Pneumonia83N.wav,3,1,4,4,0.015237404,0.0014364363,0.0005378818,0.038234558,0.94455373
asthma_v2_pneumonia_P36Pneumonia85U.wav,3,1,4,4,0.027835287,0.00085881416,0.0006286243,0.028698975,0.94197834
asthma_v2_pneumonia_P36Pneumonia86S.wav,3,1,4,0,0.8985777,0.008103387,0.0009994685,0.0017394264,0.090580106
asthma_v2_pneumonia_P40Pneumonia18H.wav,3,1,4,0,0.7286013,0.002623082,0.014306223,0.001249837,0.2532196
asthma_v2_pneumonia_P40Pneumonia32Q.wav,3,1,4,4,0.16755785,0.00095806597,0.005445205,0.006990142,0.81904876
asthma_v2_pneumonia_P40Pneumonia69N.wav,3,1,4,0,0.69518846,0.0056972727,0.01969307,0.0019664196,0.27745473
asthma_v2_pneumonia_P40Pneumonia90Y.wav,3,1,4,0,0.6051812,0.0033756953,0.02243302,0.001571562,0.36743858
asthma_v2_pneumonia_P40Pneumonia91V.wav,3,1,4,0,0.889179,0.012703571,0.012432208,0.0064238883,0.07926137
asthma_v2_pneumonia_P40Pneumonia92J.wav,3,1,4,0,0.8385533,0.004993661,0.01253308,0.0032127178,0.1407072
asthma_v2_pneumonia_P47Pneumonia14M.wav,3,1,4,4,0.2336789,0.004515279,0.0056226742,0.03768475,0.7184984
asthma_v2_pneumonia_P47Pneumonia19A.wav,3,1,4,4,0.28145823,0.03487234,0.018128,0.056966253,0.60857517
asthma_v2_pneumonia_P47Pneumonia24N.wav,3,1,4,4,0.09392943,0.010279481,0.047891766,0.03878734,0.80911195
asthma_v2_pneumonia_P47Pneumonia69D.wav,3,1,4,4,0.33959323,0.0013101384,0.043552656,0.0044227126,0.61112124
asthma_v2_pneumonia_P47Pneumonia74Q.wav,3,1,4,4,0.056031276,0.020274144,0.04178418,0.3648997,0.51701075
asthma_v2_pneumonia_P47Pneumonia98K.wav,3,1,4,4,0.15287146,0.008945917,0.0098400405,0.14362606,0.6847165
asthma_v2_Bronchial_P12BronchialSc_56.wav,3,2,1,0,0.9646721,0.015541854,0.0025101383,0.0034973074,0.013778581
asthma_v2_Bronchial_P12BronchialSc_58.wav,3,2,1,0,0.85939187,0.11375124,0.0065671657,0.0055796183,0.0147101665
asthma_v2_Bronchial_P12BronchialSc_60.wav,3,2,1,0,0.90336025,0.077178724,0.008692552,0.0040030936,0.006765307
asthma_v2_Bronchial_P12BronchialTc_57.wav,3,2,1,0,0.8950099,0.0818302,0.0036822637,0.0043901303,0.015087522
asthma_v2_Bronchial_P12BronchialTc_59.wav,3,2,1,0,0.8341597,0.14637712,0.005314705,0.0033087735,0.010839723
asthma_v2_Bronchial_P3BronchialSc_12.wav,3,2,1,3,0.0005899382,0.079702444,0.02259522,0.8946423,0.002470086
asthma_v2_Bronchial_P3BronchialSc_14.wav,3,2,1,1,0.0008405809,0.6505779,0.3193353,0.028751869,0.0004943403
asthma_v2_Bronchial_P3BronchialTc_11.wav,3,2,1,3,0.0012857345,0.11896929,0.033521634,0.8302589,0.015964383
asthma_v2_Bronchial_P3BronchialTc_13.wav,3,2,1,2,0.0010861099,0.055983514,0.9321608,0.009575864,0.0011937644
asthma_v2_Bronchial_P3BronchialTc_15.wav,3,2,1,2,0.0014952816,0.13147461,0.84939456,0.016250031,0.0013855463
asthma_v2_Bronchial_P7BronchialSc_32.wav,3,2,1,1,0.00017992426,0.99088436,0.0067336736,0.0021819298,2.0131743e-05
asthma_v2_Bronchial_P7BronchialSc_34.wav,3,2,1,1,0.00034818184,0.95115125,0.035743687,0.01261309,0.00014386943
asthma_v2_Bronchial_P7BronchialTc_31.wav,3,2,1,1,0.00034262388,0.98742896,0.009410618,0.002792983,2.4794608e-05
asthma_v2_Bronchial_P7BronchialTc_33.wav,3,2,1,1,0.00022620088,0.98273724,0.012634648,0.004374261,2.7560322e-05
asthma_v2_Bronchial_P7BronchialTc_35.wav,3,2,1,1,0.00014198085,0.9919276,0.00420863,0.0036994892,2.2280165e-05
asthma_v2_Bronchial_P8BronchialSc_36.wav,3,2,1,1,0.00079986313,0.9819064,0.01562534,0.0016158612,5.2549334e-05
asthma_v2_Bronchial_P8BronchialSc_38.wav,3,2,1,1,0.00016482921,0.992874,0.0053301277,0.0016155321,1.553621e-05
asthma_v2_Bronchial_P8BronchialSc_40.wav,3,2,1,1,0.00034440708,0.95917547,0.02991865,0.0105028665,5.8610407e-05
asthma_v2_Bronchial_P8BronchialTc_37.wav,3,2,1,1,0.0004321943,0.98787385,0.009398665,0.0022418045,5.3503685e-05
asthma_v2_Bronchial_P8BronchialTc_39.wav,3,2,1,1,0.0002730356,0.9790532,0.011295425,0.00934957,2.8759387e-05
asthma_v2_asthma_P17WheezingIE_81.wav,3,2,0,0,0.96620744,0.007308784,0.0029407889,0.0030160712,0.020526957
asthma_v2_asthma_P17WheezingIE_85.wav,3,2,0,0,0.97418845,0.00895765,0.00378852,0.00013995654,0.012925509
asthma_v2_asthma_P17WheezingIU_82.wav,3,2,0,0,0.9555805,0.0039826613,0.002078169,0.0023430865,0.03601564
asthma_v2_asthma_P17WheezingRL_83.wav,3,2,0,0,0.9665834,0.010154656,0.0024507695,0.001661972,0.019149292
asthma_v2_asthma_P17WheezingRS_84.wav,3,2,0,0,0.98266155,0.0013189911,0.0012529459,0.0010495255,0.013717
asthma_v2_asthma_P20WheezingIE_97.wav,3,2,0,0,0.9586193,0.009212412,0.019593978,0.0005966655,0.011977702
asthma_v2_asthma_P20WheezingIU_98.wav,3,2,0,0,0.9914895,0.002575101,0.0036516397,0.00015585292,0.002127882
asthma_v2_asthma_P20WheezingRL_99.wav,3,2,0,0,0.96862555,0.021797588,0.004591093,0.0005820794,0.004403727
asthma_v2_asthma_P20WheezingRS_100.wav,3,2,0,0,0.9751561,0.009334873,0.010313166,0.0003838175,0.0048120203
asthma_v2_asthma_P20WheezingRS_96.wav,3,2,0,0,0.9413307,0.0050617335,0.0065906392,0.000118338714,0.046898644
asthma_v2_asthma_P23WheezingIE_113.wav,3,2,0,0,0.96530414,0.0033126697,0.0043026777,0.00043674107,0.026643751
asthma_v2_asthma_P23WheezingIU_114.wav,3,2,0,0,0.8265632,0.0015968373,0.009082778,0.00065654994,0.16210069
asthma_v2_asthma_P23WheezingRL_111.wav,3,2,0,0,0.78234893,0.0030659523,0.0031963105,0.0030159417,0.20837285
asthma_v2_asthma_P23WheezingRL_115.wav,3,2,0,0,0.88769513,0.005567783,0.042122085,7.680338e-05,0.06453819
asthma_v2_asthma_P23WheezingRS_112.wav,3,2,0,0,0.8907287,0.0020590608,0.011846094,0.000692412,0.09467364
asthma_v2_asthma_P24WheezingIE_117.wav,3,2,0,0,0.92912376,0.0084611755,0.03644694,0.00011309682,0.025855014
asthma_v2_asthma_P24WheezingIU_118.wav,3,2,0,0,0.98553896,0.0037003767,0.0029551312,0.0003410119,0.0074645234
asthma_v2_asthma_P24WheezingRL_119.wav,3,2,0,0,0.9546596,0.0019856598,0.0042047524,0.00015585644,0.03899414
asthma_v2_asthma_P24WheezingRS_116.wav,3,2,0,0,0.97571295,0.0015566663,0.0057534217,5.051727e-05,0.016926346
asthma_v2_asthma_P24WheezingRS_120.wav,3,2,0,0,0.9356934,0.014746446,0.022354571,0.0008738688,0.02633167
asthma_v2_asthma_P29WheezingIE_141.wav,3,2,0,0,0.8470099,0.024444114,0.03566333,0.00081500394,0.09206765
asthma_v2_asthma_P29WheezingIE_145.wav,3,2,0,4,0.15226328,0.004527492,0.028482113,0.0004583747,0.8142688
asthma_v2_asthma_P29WheezingIU_142.wav,3,2,0,0,0.85835373,0.009412865,0.010431957,0.000213425,0.12158794
asthma_v2_asthma_P29WheezingRL_143.wav,3,2,0,0,0.92963594,0.002351168,0.0049281307,0.00011970206,0.06296506
asthma_v2_asthma_P29WheezingRS_144.wav,3,2,0,0,0.95750713,0.0043132612,0.003559983,0.00018044146,0.034439072
asthma_v2_asthma_P34WheezingIE_169.wav,3,2,0,0,0.9803987,0.0039576264,0.010169607,0.0001327122,0.0053414055
asthma_v2_asthma_P34WheezingIU_166.wav,3,2,0,0,0.8084904,0.0039441697,0.004923442,0.001186842,0.18145509
asthma_v2_asthma_P34WheezingIU_170.wav,3,2,0,0,0.96051425,0.0148616815,0.0032691697,0.001918888,0.01943601
asthma_v2_asthma_P34WheezingRL_167.wav,3,2,0,0,0.9492333,0.029423758,0.003438644,0.00025895276,0.017645473
asthma_v2_asthma_P34WheezingRS_168.wav,3,2,0,0,0.9345318,0.018437365,0.004114617,0.00029077043,0.042625368
asthma_v2_asthma_P3AsthmaIE_13.wav,3,2,0,0,0.8735742,0.0013011817,0.0016609876,0.010411821,0.11305172
asthma_v2_asthma_P3AsthmaIU_14.wav,3,2,0,0,0.91902214,0.05460107,0.003452748,0.004657457,0.018266551
asthma_v2_asthma_P3AsthmaRL_11.wav,3,2,0,0,0.84141755,0.00073043513,0.0020333566,0.005517509,0.1503011
asthma_v2_asthma_P3AsthmaRL_15.wav,3,2,0,0,0.9732723,0.003424809,0.0016047257,0.0017796267,0.019918486
asthma_v2_asthma_P3AsthmaRS_12.wav,3,2,0,0,0.975204,0.0021471975,0.0021709104,0.001244131,0.01923381
asthma_v2_asthma_P42WheezingIE_209.wav,3,2,0,0,0.5115139,0.02435409,0.45939302,0.0015836125,0.0031554715
asthma_v2_asthma_P42WheezingIU_206.wav,3,2,0,0,0.54241985,0.013383021,0.43262082,0.00040897107,0.011167363
asthma_v2_asthma_P42WheezingIU_210.wav,3,2,0,0,0.5973824,0.013918367,0.3751805,0.0017226571,0.011796053
asthma_v2_asthma_P42WheezingRL_207.wav,3,2,0,0,0.91962945,0.004893477,0.061137937,0.00017086249,0.0141681265
asthma_v2_asthma_P42WheezingRS_208.wav,3,2,0,2,0.40269485,0.004140865,0.5121974,0.0006066939,0.08036015
asthma_v2_asthma_P50WheezingIE_249.wav,3,2,0,0,0.9374463,0.010685113,0.021858081,0.00030193705,0.029708594
asthma_v2_asthma_P50WheezingIU_246.wav,3,2,0,0,0.42096162,0.00789751,0.40321785,0.0008751894,0.16704778
asthma_v2_asthma_P50WheezingIU_250.wav,3,2,0,0,0.91742337,0.005443692,0.034248583,0.00034257365,0.042541813
asthma_v2_asthma_P50WheezingRL_247.wav,3,2,0,0,0.8335814,0.0050149593,0.09668621,0.0013756775,0.06334171
asthma_v2_asthma_P50WheezingRS_248.wav,3,2,0,2,0.3342125,0.034902856,0.574078,0.0011113774,0.05569522
asthma_v2_asthma_P51WheezingIE_253.wav,3,2,0,0,0.9191764,0.012366021,0.03650233,0.0004487462,0.031506624
asthma_v2_asthma_P51WheezingIU_254.wav,3,2,0,0,0.9377629,0.00546389,0.04573121,0.00023034326,0.010811634
asthma_v2_asthma_P51WheezingRL_251.wav,3,2,0,0,0.9171173,0.016493563,0.027581215,0.00021912051,0.0385888
asthma_v2_asthma_P51WheezingRL_255.wav,3,2,0,0,0.90214276,0.0046578,0.051471367,0.0012107382,0.040517386
asthma_v2_asthma_P51WheezingRS_252.wav,3,2,0,0,0.9492999,0.008263843,0.036794174,0.0005165638,0.0051256297
asthma_v2_asthma_P7AsthmaIE_33.wav,3,2,0,0,0.5426096,0.00046769352,0.025418673,0.0019323442,0.42957172
asthma_v2_asthma_P7AsthmaIU_34.wav,3,2,0,0,0.9664464,0.007287624,0.0016198751,0.0017704569,0.022875594
asthma_v2_asthma_P7AsthmaRL_31.wav,3,2,0,0,0.9832387,0.0032959522,0.002846239,0.0016639357,0.00895515
asthma_v2_asthma_P7AsthmaRL_35.wav,3,2,0,0,0.9706871,0.0027359622,0.002096199,0.00141716,0.023063634
asthma_v2_asthma_P7AsthmaRS_32.wav,3,2,0,0,0.9821618,0.002665924,0.0033332044,0.0004901951,0.01134881
asthma_v2_asthma_P8AsthmaIE_37.wav,3,2,0,0,0.96053064,0.0017285733,0.00086885475,0.0030185173,0.033853356
asthma_v2_asthma_P8AsthmaIU_38.wav,3,2,0,0,0.9310921,0.0372661,0.00786035,0.006766368,0.017015176
asthma_v2_asthma_P8AsthmaRL_39.wav,3,2,0,0,0.9686573,0.0055505917,0.0027694392,0.0012940494,0.0217287
asthma_v2_asthma_P8AsthmaRS_36.wav,3,2,0,0,0.9587755,0.0018208899,0.0014673922,0.0027905204,0.035145614
asthma_v2_asthma_P8AsthmaRS_40.wav,3,2,0,0,0.9694008,0.009279753,0.0032579638,0.001797572,0.016264029
asthma_v2_copd_P14COPDMc_106.wav,3,2,2,1,0.0016159929,0.78356224,0.20439842,0.008664356,0.0017590305
asthma_v2_copd_P14COPDMc_108.wav,3,2,2,4,0.37071615,0.0071039326,0.15061976,0.00071496627,0.47084525
asthma_v2_copd_P14COPDMc_110.wav,3,2,2,0,0.6718942,0.008599856,0.27264878,0.00041184656,0.046445277
asthma_v2_copd_P14COPDMc_112.wav,3,2,2,2,0.24489167,0.009518603,0.73922414,0.00036394282,0.0060016527
asthma_v2_copd_P14COPDPr_105.wav,3,2,2,2,0.0020207614,0.0116444,0.94368994,0.0059000337,0.036744922
asthma_v2_copd_P14COPDPr_107.wav,3,2,2,0,0.5115378,0.017809942,0.46486768,0.00025631033,0.0055283415
asthma_v2_copd_P14COPDPr_109.wav,3,2,2,2,0.3158633,0.021041537,0.65597737,0.00061521516,0.0065025208
asthma_v2_copd_P14COPDPr_111.wav,3,2,2,0,0.83709973,0.0043733176,0.042561874,0.0002668008,0.115698315
asthma_v2_copd_P23COPDMc_178.wav,3,2,2,3,0.0059137614,0.022764012,0.29018193,0.67751265,0.0036275983
asthma_v2_copd_P23COPDMc_180.wav,3,2,2,2,0.007897457,0.014778057,0.9523886,0.019399462,0.005536526
asthma_v2_copd_P23COPDMc_182.wav,3,2,2,2,0.002935539,0.12157885,0.87022376,0.0049485713,0.00031322704
asthma_v2_copd_P23COPDMc_184.wav,3,2,2,2,0.00081206235,0.039830305,0.9564907,0.0026666396,0.00020039719
asthma_v2_copd_P23COPDPr_177.wav,3,2,2,2,0.025674935,0.20191666,0.4931057,0.27532217,0.0039805654
asthma_v2_copd_P23COPDPr_179.wav,3,2,2,2,0.012320852,0.06463941,0.6943102,0.22491355,0.0038160123
asthma_v2_copd_P23COPDPr_181.wav,3,2,2,2,0.0018154385,0.005166005,0.96288437,0.008916191,0.02121802
asthma_v2_copd_P23COPDPr_183.wav,3,2,2,2,0.0005121852,0.011674742,0.9859094,0.001640073,0.00026359
asthma_v2_copd_P26COPDMc_202.wav,3,2,2,2,0.0016522217,0.018006505,0.97778237,0.0018350097,0.000723855
asthma_v2_copd_P26COPDMc_204.wav,3,2,2,2,0.000629546,0.019015796,0.977127,0.0029796737,0.000248014
asthma_v2_copd_P26COPDMc_206.wav,3,2,2,2,0.0036021422,0.13425952,0.85116833,0.0026215315,0.008348414
asthma_v2_copd_P26COPDMc_208.wav,3,2,2,1,0.00507788,0.8784298,0.041325208,0.07251072,0.0026563858
asthma_v2_copd_P26COPDPr_201.wav,3,2,2,2,0.0010978214,0.0081076445,0.9834269,0.0017107269,0.0056570023
asthma_v2_copd_P26COPDPr_203.wav,3,2,2,2,0.00029378282,0.003150766,0.9951383,0.00063805113,0.00077913626
asthma_v2_copd_P26COPDPr_205.wav,3,2,2,2,0.00068942946,0.008501289,0.9857268,0.0041984995,0.0008840266
asthma_v2_copd_P26COPDPr_207.wav,3,2,2,2,0.018359018,0.07946033,0.6461359,0.033518173,0.22252658
asthma_v2_copd_P27COPDMc_210.wav,3,2,2,2,0.00029381656,0.0021531675,0.99582976,0.0005826468,0.0011405359
asthma_v2_copd_P27COPDMc_212.wav,3,2,2,2,0.0005892786,0.007809558,0.98911345,0.0008875044,0.0016002312
asthma_v2_copd_P27COPDMc_214.wav,3,2,2,2,0.0011553928,0.005918091,0.9864544,0.0030879825,0.0033841075
asthma_v2_copd_P27COPDMc_216.wav,3,2,2,2,0.00064808625,0.005049246,0.99224174,0.0008088472,0.0012521603
asthma_v2_copd_P27COPDPr_209.wav,3,2,2,2,0.0003023591,0.006540858,0.99241674,0.00046499376,0.00027513207
asthma_v2_copd_P27COPDPr_211.wav,3,2,2,2,0.000436402,0.0063578375,0.9920115,0.0007397162,0.00045459822
asthma_v2_copd_P27COPDPr_213.wav,3,2,2,2,0.0015320961,0.0027562834,0.9762582,0.005244555,0.014208882
asthma_v2_copd_P27COPDPr_215.wav,3,2,2,2,0.0014064028,0.0050213025,0.9784788,0.005793116,0.0093004275
asthma_v2_copd_P29COPDMc_226.wav,3,2,2,2,0.0040062973,0.012146799,0.93145525,0.02305653,0.029335141
asthma_v2_copd_P29COPDMc_228.wav,3,2,2,2,0.00052769127,0.0064401627,0.99156463,0.0010287514,0.0004387215
asthma_v2_copd_P29COPDMc_230.wav,3,2,2,2,0.00030737903,0.0019390007,0.99604344,0.0010531512,0.0006570574
asthma_v2_copd_P29COPDMc_232.wav,3,2,2,2,0.0020338527,0.003912751,0.98271894,0.003109291,0.008225113
asthma_v2_copd_P29COPDPr_225.wav,3,2,2,2,0.0009832961,0.0039303303,0.98931175,0.0018632687,0.00391138
asthma_v2_copd_P29COPDPr_227.wav,3,2,2,2,0.0003800664,0.0030502623,0.99506027,0.00074238033,0.00076699647
asthma_v2_copd_P29COPDPr_229.wav,3,2,2,2,0.00044440807,0.004130916,0.9937888,0.0010480208,0.00058783893
asthma_v2_copd_P29COPDPr_231.wav,3,2,2,2,0.00090415427,0.007753747,0.98845994,0.0017879546,0.0010942176
asthma_v2_copd_P34COPDMc_266.wav,3,2,2,1,0.0008736071,0.962496,0.009034098,0.02134022,0.0062561226
asthma_v2_copd_P34COPDMc_268.wav,3,2,2,1,0.0009538597,0.9933913,0.001952659,0.0022210763,0.0014810882
asthma_v2_copd_P34COPDMc_270.wav,3,2,2,1,0.00043127092,0.9788086,0.0138378665,0.00599975,0.00092255214
asthma_v2_copd_P34COPDMc_272.wav,3,2,2,1,0.011525029,0.85647565,0.06584064,0.028125046,0.03803361
asthma_v2_copd_P34COPDPr_265.wav,3,2,2,1,0.0005545302,0.9948137,0.0012100722,0.0029362934,0.0004854106
asthma_v2_copd_P34COPDPr_267.wav,3,2,2,1,0.005005024,0.9348338,0.03956101,0.009630206,0.010969935
asthma_v2_copd_P34COPDPr_269.wav,3,2,2,1,0.004154142,0.9460087,0.015681941,0.023636993,0.010518262
asthma_v2_copd_P34COPDPr_271.wav,3,2,2,1,0.00046154638,0.99298406,0.0039857724,0.0021600653,0.00040859717
asthma_v2_copd_P38COPDMc_298.wav,3,2,2,2,0.0770301,0.015174679,0.8338528,0.002737901,0.07120442
asthma_v2_copd_P38COPDMc_300.wav,3,2,2,2,0.00031741877,0.0024941957,0.9963452,0.00033961856,0.00050348975
asthma_v2_copd_P38COPDMc_302.wav,3,2,2,2,0.00096621295,0.006324562,0.9908345,0.00053701486,0.0013376736
asthma_v2_copd_P38COPDMc_304.wav,3,2,2,2,0.006877013,0.0076710647,0.9346175,0.004235304,0.046599146
asthma_v2_copd_P38COPDPr_297.wav,3,2,2,2,0.0033386303,0.015118628,0.9731372,0.0030155352,0.0053899875
asthma_v2_copd_P38COPDPr_299.wav,3,2,2,2,0.24151956,0.025759598,0.4063755,0.042600196,0.2837451
asthma_v2_copd_P38COPDPr_301.wav,3,2,2,2,0.0024383836,0.012922819,0.98247004,0.0012787491,0.00089006656
asthma_v2_copd_P38COPDPr_303.wav,3,2,2,2,0.0019009965,0.0052234353,0.988189,0.0019884396,0.0026980422
asthma_v2_copd_P4COPDMc_26.wav,3,2,2,2,0.00039411677,0.0005239265,0.9959532,0.000157936,0.002970851
asthma_v2_copd_P4COPDMc_28.wav,3,2,2,2,0.00030720612,0.0005599569,0.9984049,0.00012411646,0.00060376653
asthma_v2_copd_P4COPDMc_30.wav,3,2,2,2,0.0038896066,0.026917169,0.9609541,0.0069272346,0.0013118618
asthma_v2_copd_P4COPDMc_32.wav,3,2,2,2,0.059060022,0.090015486,0.8333416,0.006562104,0.011020836
asthma_v2_copd_P4COPDPr_25.wav,3,2,2,2,0.00012647701,0.00086427154,0.9968811,0.0007847787,0.0013433275
asthma_v2_copd_P4COPDPr_27.wav,3,2,2,2,0.00033588352,0.00068803306,0.9977379,0.00030320583,0.0009349579
asthma_v2_copd_P4COPDPr_29.wav,3,2,2,2,0.00020583619,0.00046306496,0.9979309,0.00024658072,0.0011536937
asthma_v2_copd_P4COPDPr_31.wav,3,2,2,2,0.00028783653,0.0033029872,0.9956923,0.0004939862,0.00022285235
asthma_v2_copd_P50COPDMc_394.wav,3,2,2,2,0.0006422247,0.04299549,0.95039433,0.005684006,0.00028402472
asthma_v2_copd_P50COPDMc_396.wav,3,2,2,2,0.0002118897,0.0029838493,0.99137723,0.0047928146,0.0006341338
asthma_v2_copd_P50COPDMc_398.wav,3,2,2,2,0.0002923029,0.0045150327,0.99420244,0.00041125997,0.0005789745
asthma_v2_copd_P50COPDMc_400.wav,3,2,2,2,0.00026540723,0.0051725013,0.993718,0.00047666312,0.0003674531
asthma_v2_copd_P50COPDPr_393.wav,3,2,2,2,0.0022999789,0.19686563,0.70135534,0.098049775,0.0014292678
asthma_v2_copd_P50COPDPr_395.wav,3,2,2,2,0.0077892686,0.014233575,0.96887624,0.0014931039,0.0076077706
asthma_v2_copd_P50COPDPr_397.wav,3,2,2,2,0.00050481147,0.002891468,0.9956969,0.00033063305,0.0005761228
asthma_v2_copd_P50COPDPr_399.wav,3,2,2,2,0.0003910411,0.0026373626,0.9958477,0.00010930282,0.0010145733
asthma_v2_copd_P9COPDMc_66.wav,3,2,2,2,0.0012780012,0.0010899513,0.9916745,0.00016110593,0.005796504
asthma_v2_copd_P9COPDMc_68.wav,3,2,2,2,0.00031183907,0.0012175569,0.99712163,0.00034930682,0.0009996042
asthma_v2_copd_P9COPDMc_70.wav,3,2,2,2,0.0027929947,0.0035489355,0.99076277,0.00013110835,0.0027641854
asthma_v2_copd_P9COPDMc_72.wav,3,2,2,2,0.0032784531,0.0016747854,0.9918126,0.00019328287,0.0030408665
asthma_v2_copd_P9COPDPr_65.wav,3,2,2,2,0.00091858144,0.00072148535,0.9955634,0.00017904269,0.00261747
asthma_v2_copd_P9COPDPr_67.wav,3,2,2,2,0.075737916,0.015849099,0.8110771,0.0011918418,0.096144035
asthma_v2_copd_P9COPDPr_69.wav,3,2,2,2,0.0005761095,0.00068518094,0.9969543,0.00019378323,0.0015905361
asthma_v2_copd_P9COPDPr_71.wav,3,2,2,2,0.001772752,0.001634492,0.9909995,0.00013433039,0.0054588234
asthma_v2_healthy_P15Healthy14S.wav,3,2,3,3,0.010640074,0.08858137,0.16104598,0.7061689,0.033563618
asthma_v2_healthy_P15Healthy55S.wav,3,2,3,3,0.0009485522,0.0087759085,0.0012375206,0.9875596,0.0014783522
asthma_v2_healthy_P15Healthy61S.wav,3,2,3,3,0.18792906,0.044943403,0.0049041337,0.40399706,0.35822627
asthma_v2_healthy_P15Healthy65S.wav,3,2,3,3,0.0016658166,0.0057561696,0.002806813,0.98764634,0.0021248602
asthma_v2_healthy_P15Healthy93S.wav,3,2,3,3,0.005961589,0.007208569,0.012446913,0.96455747,0.0098253535
asthma_v2_healthy_P16Healthy18S.wav,3,2,3,3,0.18792906,0.044943403,0.0049041337,0.40399706,0.35822627
asthma_v2_healthy_P16Healthy19S.wav,3,2,3,3,0.048570372,0.014883973,0.0060862913,0.7002827,0.23017673
asthma_v2_healthy_P16Healthy26S.wav,3,2,3,3,0.22320056,0.16497685,0.0026323057,0.43732682,0.17186354
asthma_v2_healthy_P16Healthy38S.wav,3,2,3,3,0.048570372,0.014883973,0.0060862913,0.7002827,0.23017673
asthma_v2_healthy_P16Healthy41S.wav,3,2,3,3,0.22320056,0.16497685,0.0026323057,0.43732682,0.17186354
asthma_v2_healthy_P19Healthy47S.wav,3,2,3,0,0.5534515,0.09919347,0.0047634295,0.054532282,0.28805935
asthma_v2_healthy_P19Healthy50S.wav,3,2,3,3,0.07153272,0.0066802744,0.0042299763,0.48532805,0.432229
asthma_v2_healthy_P19Healthy55S.wav,3,2,3,3,0.09141421,0.027643422,0.0025678324,0.817182,0.061192494
asthma_v2_healthy_P19Healthy62S.wav,3,2,3,3,0.13170801,0.01253102,0.0048801657,0.62518126,0.2256995
asthma_v2_healthy_P19Healthy79S.wav,3,2,3,3,0.17050889,0.12313544,0.0075946143,0.6001501,0.09861093
asthma_v2_healthy_P20Healthy25S.wav,3,2,3,4,0.06254551,0.014827464,0.0015075324,0.4092978,0.51182175
asthma_v2_healthy_P20Healthy31S.wav,3,2,3,3,0.09573854,0.0304878,0.0042447066,0.7178919,0.15163706
asthma_v2_healthy_P20Healthy59S.wav,3,2,3,4,0.0770908,0.004537059,0.0015183807,0.19517474,0.7216791
asthma_v2_healthy_P20Healthy70S.wav,3,2,3,4,0.10507214,0.005196925,0.0053888294,0.3252554,0.5590867
asthma_v2_healthy_P20Healthy84S.wav,3,2,3,4,0.119021535,0.06739008,0.065317266,0.2355596,0.5127115
asthma_v2_healthy_P27Healthy30S.wav,3,2,3,3,0.26218846,0.09562238,0.0021792655,0.5280879,0.11192196
asthma_v2_healthy_P27Healthy73S.wav,3,2,3,0,0.32899097,0.30201855,0.0013953028,0.28576323,0.08183198
asthma_v2_healthy_P27Healthy92S.wav,3,2,3,3,0.3027912,0.11793122,0.0032634044,0.37887973,0.19713439
asthma_v2_healthy_P7Healthy38S.wav,3,2,3,3,0.0005134245,0.03126632,0.0030662525,0.96317756,0.001976439
asthma_v2_healthy_P7Healthy39S.wav,3,2,3,3,0.0006099861,0.011645287,0.0010231002,0.98569936,0.001022265
asthma_v2_healthy_P7Healthy84S.wav,3,2,3,3,0.0161419,0.002663816,0.0065849335,0.93707955,0.037529744
asthma_v2_healthy_P7Healthy85S.wav,3,2,3,3,0.026576383,0.0018044257,0.0059344345,0.8312487,0.1344361
asthma_v2_healthy_P7Healthy94S.wav,3,2,3,3,0.0009366784,0.01990212,0.00078415644,0.9775663,0.0008108046
asthma_v2_pneumonia_P12Pneumonia23P.wav,3,2,4,4,0.027785653,0.010839262,0.051767282,0.20624962,0.7033582
asthma_v2_pneumonia_P12Pneumonia44H.wav,3,2,4,2,0.013287655,0.0029359928,0.5525956,0.05947669,0.37170404
asthma_v2_pneumonia_P12Pneumonia45B.wav,3,2,4,4,0.040771034,0.008631002,0.28226557,0.03159895,0.6367335
asthma_v2_pneumonia_P12Pneumonia46L.wav,3,2,4,4,0.054765675,0.0006260405,0.0027194442,0.019527154,0.9223617
asthma_v2_pneumonia_P12Pneumonia59Q.wav,3,2,4,3,0.035083264,0.009969398,0.27670678,0.37016046,0.3080801
asthma_v2_pneumonia_P12Pneumonia97E.wav,3,2,4,4,0.059416424,0.0110395225,0.04274553,0.1216455,0.765153
asthma_v2_pneumonia_P16Pneumonia18Z.wav,3,2,4,4,0.029165918,0.00024317982,0.0030033945,0.017770374,0.94981724
asthma_v2_pneumonia_P16Pneumonia42Q.wav,3,2,4,4,0.07279833,0.00043905934,0.0027369258,0.06061265,0.8634131
asthma_v2_pneumonia_P16Pneumonia56J.wav,3,2,4,4,0.024241315,0.00046049483,0.0027048376,0.043747805,0.92884547
asthma_v2_pneumonia_P16Pneumonia66X.wav,3,2,4,4,0.013656835,0.00024099112,0.0012087792,0.021731494,0.96316195
asthma_v2_pneumonia_P16Pneumonia78M.wav,3,2,4,4,0.039289024,0.00038973347,0.0019566766,0.053611513,0.9047531
asthma_v2_pneumonia_P16Pneumonia80G.wav,3,2,4,4,0.035729047,0.0007563958,0.004422792,0.07003119,0.8890606
asthma_v2_pneumonia_P17Pneumonia49T.wav,3,2,4,4,0.0778624,0.0031947107,0.00082024507,0.0368032,0.8813194
asthma_v2_pneumonia_P17Pneumonia51I.wav,3,2,4,3,0.020003242,0.0021752461,0.0037986834,0.8255283,0.1484945
asthma_v2_pneumonia_P17Pneumonia57K.wav,3,2,4,4,0.027864905,0.00080157217,0.0005975792,0.0063729705,0.964363
asthma_v2_pneumonia_P17Pneumonia63G.wav,3,2,4,4,0.048426017,0.00083294156,0.00086098164,0.011795218,0.93808496
asthma_v2_pneumonia_P17Pneumonia86O.wav,3,2,4,4,0.014360308,0.0071131187,0.052562147,0.16491307,0.7610513
asthma_v2_pneumonia_P17Pneumonia91K.wav,3,2,4,3,0.023434607,0.01161774,0.009542863,0.78467816,0.17072663
asthma_v2_pneumonia_P20Pneumonia27V.wav,3,2,4,4,0.032397974,0.00042322953,0.016325263,0.08286309,0.8679905
asthma_v2_pneumonia_P20Pneumonia31P.wav,3,2,4,4,0.057904594,0.002298835,0.006228022,0.34783286,0.5857357
asthma_v2_pneumonia_P20Pneumonia37V.wav,3,2,4,4,0.033483017,0.0011171472,0.015767151,0.17670022,0.77293247
asthma_v2_pneumonia_P20Pneumonia42B.wav,3,2,4,4,0.035540033,0.0006046298,0.017520348,0.06795881,0.8783761
asthma_v2_pneumonia_P20Pneumonia58T.wav,3,2,4,4,0.032002654,0.00037430014,0.009227478,0.07638348,0.88201207
asthma_v2_pneumonia_P20Pneumonia84L.wav,3,2,4,4,0.04972989,0.001235029,0.022343053,0.18790469,0.73878735
asthma_v2_pneumonia_P28Pneumonia22W.wav,3,2,4,4,0.031356655,0.00045348037,0.0019361267,0.00751713,0.9587366
asthma_v2_pneumonia_P28Pneumonia43J.wav,3,2,4,4,0.08694932,0.004745136,0.00080911705,0.13796388,0.76953256
asthma_v2_pneumonia_P28Pneumonia56Y.wav,3,2,4,4,0.09590582,0.0023067277,0.0015107245,0.015465031,0.8848117
asthma_v2_pneumonia_P28Pneumonia65J.wav,3,2,4,1,0.29757878,0.5209304,0.016982505,0.015172779,0.14933553
asthma_v2_pneumonia_P28Pneumonia71A.wav,3,2,4,4,0.013031995,0.0001986345,0.0012320307,0.007982997,0.97755444
asthma_v2_pneumonia_P28Pneumonia90E.wav,3,2,4,1,0.03413262,0.66775805,0.1812815,0.06700381,0.049823962
asthma_v2_pneumonia_P38Pneumonia23A.wav,3,2,4,0,0.9587305,0.0071295593,0.0031811483,0.0011679013,0.029790895
asthma_v2_pneumonia_P38Pneumonia34H.wav,3,2,4,0,0.9820494,0.0026924347,0.0013513891,0.0013764017,0.01253041
asthma_v2_pneumonia_P38Pneumonia35P.wav,3,2,4,0,0.97294104,0.004075233,0.0015244429,0.0014498361,0.020009322
asthma_v2_pneumonia_P38Pneumonia41S.wav,3,2,4,0,0.98505616,0.0040463684,0.003394605,0.0011841259,0.0063188225
asthma_v2_pneumonia_P38Pneumonia61R.wav,3,2,4,0,0.64845085,0.0011371515,0.011496505,0.0048905993,0.33402494
asthma_v2_pneumonia_P38Pneumonia64N.wav,3,2,4,0,0.97516644,0.0027146777,0.0026187703,0.0012081214,0.018291978
asthma_v2_pneumonia_P39Pneumonia16K.wav,3,2,4,0,0.97061366,0.0020938888,0.0017445113,0.0018903669,0.023657605
asthma_v2_pneumonia_P39Pneumonia41F.wav,3,2,4,4,0.03438366,0.0058268746,0.049378842,0.0015663165,0.90884435
asthma_v2_pneumonia_P39Pneumonia49H.wav,3,2,4,4,0.25403377,0.010095497,0.0012851679,0.013910566,0.720675
asthma_v2_pneumonia_P39Pneumonia78Z.wav,3,2,4,0,0.97008026,0.003536497,0.0014070158,0.0021172066,0.02285902
asthma_v2_pneumonia_P39Pneumonia85Q.wav,3,2,4,4,0.14517605,0.028107211,0.053243257,0.051222507,0.72225094
asthma_v2_pneumonia_P39Pneumonia87S.wav,3,2,4,4,0.054703806,0.0036062135,0.025716849,0.0012544421,0.9147187
asthma_v2_pneumonia_P45Pneumonia10J.wav,3,2,4,3,0.061079934,0.019136686,0.004525776,0.8245042,0.090753384
asthma_v2_pneumonia_P45Pneumonia25T.wav,3,2,4,4,0.05607038,0.002451484,0.005007026,0.052030437,0.8844406
asthma_v2_pneumonia_P45Pneumonia29L.wav,3,2,4,4,0.065547355,0.0023587367,0.0070578074,0.042376682,0.88265944
asthma_v2_pneumonia_P45Pneumonia51F.wav,3,2,4,4,0.30203494,0.006162136,0.0063774176,0.17485486,0.51057065
asthma_v2_pneumonia_P45Pneumonia59I.wav,3,2,4,4,0.09597014,0.004857589,0.005792104,0.0984052,0.7949749
asthma_v2_pneumonia_P45Pneumonia72P.wav,3,2,4,3,0.10457319,0.0053129033,0.0076012257,0.581239,0.3012737
asthma_v2_pneumonia_P5Pneumonia20K.wav,3,2,4,4,0.025489815,0.0014317286,0.058581237,0.024265701,0.89023155
asthma_v2_pneumonia_P5Pneumonia21J.wav,3,2,4,3,0.047337674,0.0019289536,0.016599152,0.57927525,0.35485893
asthma_v2_pneumonia_P5Pneumonia38U.wav,3,2,4,4,0.033044033,0.0041249185,0.10130625,0.15094297,0.7105818
asthma_v2_pneumonia_P5Pneumonia88J.wav,3,2,4,4,0.032131147,0.022810208,0.3332544,0.023713954,0.5880903
asthma_v2_pneumonia_P5Pneumonia94P.wav,3,2,4,4,0.04198356,0.0032696843,0.041836914,0.25928628,0.6536236
asthma_v2_pneumonia_P5Pneumonia95V.wav,3,2,4,3,0.041854847,0.0029546954,0.0096609155,0.68384737,0.26168212
asthma_v2_Bronchial_P11BronchialSc_52.wav,3,3,1,3,0.012420939,0.020557739,0.008771469,0.79487115,0.16337876
asthma_v2_Bronchial_P11BronchialSc_54.wav,3,3,1,4,0.07732012,0.01458362,0.011071851,0.24233082,0.6546936
asthma_v2_Bronchial_P11BronchialTc_51.wav,3,3,1,1,0.0015129274,0.9377909,0.051614884,0.007331311,0.001750045
asthma_v2_Bronchial_P11BronchialTc_53.wav,3,3,1,3,0.019638048,0.01546025,0.005283919,0.7715969,0.18802086
asthma_v2_Bronchial_P11BronchialTc_55.wav,3,3,1,0,0.7059787,0.24314456,0.007829147,0.013721417,0.029326241
asthma_v2_Bronchial_P15BronchialSc_72.wav,3,3,1,1,0.0065234755,0.8662707,0.04062485,0.074553356,0.012027586
asthma_v2_Bronchial_P15BronchialSc_74.wav,3,3,1,1,0.0006812827,0.9626745,0.009173748,0.02625705,0.0012134272
asthma_v2_Bronchial_P15BronchialTc_71.wav,3,3,1,1,0.000668868,0.9688861,0.01517219,0.013532874,0.0017398798
asthma_v2_Bronchial_P15BronchialTc_73.wav,3,3,1,1,0.0008518465,0.9664918,0.012623312,0.017965177,0.0020677575
asthma_v2_Bronchial_P15BronchialTc_75.wav,3,3,1,1,0.0009149932,0.956774,0.027584203,0.012890201,0.0018365812
asthma_v2_Bronchial_P19BronchialSc_92.wav,3,3,1,1,0.00085455604,0.98030806,0.012177457,0.0052181724,0.0014418055
asthma_v2_Bronchial_P19BronchialSc_94.wav,3,3,1,1,0.0015403271,0.93641305,0.048387565,0.010742425,0.0029166702
asthma_v2_Bronchial_P19BronchialTc_91.wav,3,3,1,3,0.0010158819,0.045872323,0.09360028,0.8387119,0.020799566
asthma_v2_Bronchial_P19BronchialTc_93.wav,3,3,1,1,0.0050229616,0.88230497,0.06955299,0.02965269,0.013466386
asthma_v2_Bronchial_P19BronchialTc_95.wav,3,3,1,1,0.00094612385,0.9624856,0.02720785,0.0076654456,0.0016949701
asthma_v2_Bronchial_P1BronchialSc_2.wav,3,3,1,1,0.0016479333,0.8379973,0.12577061,0.03258703,0.0019971244
asthma_v2_Bronchial_P1BronchialSc_4.wav,3,3,1,1,0.0020783683,0.43099082,0.13802443,0.42243484,0.0064715766
asthma_v2_Bronchial_P1BronchialTc_1.wav,3,3,1,3,0.00072146906,0.31113294,0.1578876,0.52910537,0.0011526415
asthma_v2_Bronchial_P1BronchialTc_3.wav,3,3,1,1,0.001972957,0.63024634,0.12977125,0.23450437,0.0035050535
asthma_v2_Bronchial_P1BronchialTc_5.wav,3,3,1,1,0.0035533844,0.45427054,0.2518022,0.2842332,0.0061407285
asthma_v2_asthma_P12WheezingIE_57.wav,3,3,0,0,0.8717252,0.034599748,0.010664517,0.006768367,0.07624212
asthma_v2_asthma_P12WheezingIU_58.wav,3,3,0,0,0.63226706,0.109190494,0.07601028,0.010700903,0.17183131
asthma_v2_asthma_P12WheezingRL_59.wav,3,3,0,0,0.8457179,0.0218669,0.006462089,0.009326268,0.11662682
asthma_v2_asthma_P12WheezingRS_56.wav,3,3,0,0,0.84458244,0.016520333,0.008525763,0.0046594297,0.12571205
asthma_v2_asthma_P12WheezingRS_60.wav,3,3,0,0,0.844804,0.09057187,0.009489201,0.008602171,0.046532776
asthma_v2_asthma_P18WheezingIE_89.wav,3,3,0,0,0.91911596,0.02125021,0.008115123,0.00654965,0.044969153
asthma_v2_asthma_P18WheezingIU_86.wav,3,3,0,0,0.88359547,0.013571921,0.029377917,0.007872963,0.06558162
asthma_v2_asthma_P18WheezingIU_90.wav,3,3,0,0,0.9387,0.018017715,0.010149907,0.0021393376,0.03099299
asthma_v2_asthma_P18WheezingRL_87.wav,3,3,0,0,0.4593962,0.44624752,0.03284157,0.03275649,0.028758282
asthma_v2_asthma_P18WheezingRS_88.wav,3,3,0,0,0.87397885,0.029215302,0.009472295,0.013481193,0.07385237
asthma_v2_asthma_P1AsthmaIE_1.wav,3,3,0,0,0.88939047,0.025349945,0.0051774927,0.0063480507,0.07373411
asthma_v2_asthma_P1AsthmaIE_5.wav,3,3,0,0,0.8107251,0.12432354,0.01263507,0.008943996,0.04337225
asthma_v2_asthma_P1AsthmaIU_2.wav,3,3,0,0,0.8311237,0.10720855,0.0057127904,0.007900547,0.04805436
asthma_v2_asthma_P1AsthmaRL_3.wav,3,3,0,0,0.8427013,0.019762835,0.0089649875,0.0090975985,0.119473286
asthma_v2_asthma_P1AsthmaRS_4.wav,3,3,0,0,0.71708965,0.23058102,0.009712489,0.010223152,0.03239372
asthma_v2_asthma_P21WheezingIE_101.wav,3,3,0,0,0.88043445,0.025407638,0.020290742,0.0040496606,0.06981755
asthma_v2_asthma_P21WheezingIE_105.wav,3,3,0,0,0.7890261,0.113576844,0.048401613,0.0024108174,0.046584684
asthma_v2_asthma_P21WheezingIU_102.wav,3,3,0,0,0.8246086,0.08158967,0.02038745,0.013509508,0.059904877
asthma_v2_asthma_P21WheezingRL_103.wav,3,3,0,0,0.90132815,0.02958591,0.0155078145,0.00644905,0.0471291
asthma_v2_asthma_P21WheezingRS_104.wav,3,3,0,0,0.7565793,0.14596587,0.056397274,0.0023090618,0.038748633
asthma_v2_asthma_P28WheezingIE_137.wav,3,3,0,0,0.7805095,0.10360349,0.08833311,0.0063852672,0.021168748
asthma_v2_asthma_P28WheezingIU_138.wav,3,3,0,0,0.61342925,0.25125274,0.062022083,0.033693526,0.03960241
asthma_v2_asthma_P28WheezingRL_139.wav,3,3,0,1,0.30200025,0.54409033,0.104538195,0.007027534,0.042343695
asthma_v2_asthma_P28WheezingRS_136.wav,3,3,0,0,0.9280472,0.013792867,0.006269733,0.0025630654,0.04932724
asthma_v2_asthma_P28WheezingRS_140.wav,3,3,0,0,0.6996614,0.19888614,0.05906659,0.013040211,0.029345749
asthma_v2_asthma_P39WheezingIE_193.wav,3,3,0,0,0.49696064,0.16862544,0.29000914,0.006309887,0.03809481
asthma_v2_asthma_P39WheezingIU_194.wav,3,3,0,2,0.26867843,0.20056047,0.4951747,0.004004912,0.031581555
asthma_v2_asthma_P39WheezingRL_191.wav,3,3,0,0,0.59136707,0.104071766,0.24862623,0.004029386,0.051905535
asthma_v2_asthma_P39WheezingRL_195.wav,3,3,0,0,0.41041958,0.20594628,0.3463008,0.010522953,0.026810437
asthma_v2_asthma_P39WheezingRS_192.wav,3,3,0,0,0.62038684,0.15782098,0.17767565,0.0034696755,0.040646847
asthma_v2_asthma_P44WheezingIE_217.wav,3,3,0,0,0.7323901,0.07062396,0.14542228,0.0026241418,0.048939586
asthma_v2_asthma_P44WheezingIU_218.wav,3,3,0,0,0.66058993,0.07648944,0.13215359,0.002509237,0.12825775
asthma_v2_asthma_P44WheezingRL_219.wav,3,3,0,0,0.83888847,0.0076838504,0.11657956,0.0016784794,0.035169616
asthma_v2_asthma_P44WheezingRS_216.wav,3,3,0,0,0.7442198,0.06469071,0.13389139,0.01639356,0.040804524
asthma_v2_asthma_P44WheezingRS_220.wav,3,3,0,0,0.6309763,0.07003535,0.12958139,0.0057700165,0.16363692
asthma_v2_asthma_P46WheezingIE_229.wav,3,3,0,2,0.27865407,0.21933894,0.4807057,0.0091812555,0.012119998
asthma_v2_asthma_P46WheezingIU_226.wav,3,3,0,0,0.3856945,0.22851293,0.35344034,0.016695894,0.015656361
asthma_v2_asthma_P46WheezingIU_230.wav,3,3,0,0,0.87521863,0.009838456,0.05537603,0.0013027007,0.058264248
asthma_v2_asthma_P46WheezingRL_227.wav,3,3,0,0,0.41508365,0.20052974,0.3292709,0.029517464,0.025598291
asthma_v2_asthma_P46WheezingRS_228.wav,3,3,0,2,0.21366525,0.3327192,0.39711988,0.009180998,0.04731467
asthma_v2_asthma_P4AsthmaIE_17.wav,3,3,0,0,0.7831942,0.13635916,0.013557899,0.011938703,0.054950178
asthma_v2_asthma_P4AsthmaIU_18.wav,3,3,0,0,0.6642812,0.26990536,0.018478142,0.013135469,0.03419981
asthma_v2_asthma_P4AsthmaRL_19.wav,3,3,0,0,0.738213,0.19642062,0.030767,0.0061983233,0.028400967
asthma_v2_asthma_P4AsthmaRS_16.wav,3,3,0,0,0.78975344,0.14963211,0.009530716,0.009524092,0.04155969
asthma_v2_asthma_P4AsthmaRS_20.wav,3,3,0,0,0.8854815,0.03907826,0.006586162,0.006812346,0.062041707
asthma_v2_asthma_P54WheezingIE_269.wav,3,3,0,1,0.009668109,0.68931085,0.17379907,0.060580034,0.06664197
asthma_v2_asthma_P54WheezingIU_266.wav,3,3,0,4,0.0359543,0.030664768,0.020271394,0.2760183,0.6370913
asthma_v2_asthma_P54WheezingIU_270.wav,3,3,0,4,0.04227374,0.022924967,0.016306357,0.31158793,0.60690695
asthma_v2_asthma_P54WheezingRL_267.wav,3,3,0,3,0.0075003244,0.10214388,0.08174727,0.5302988,0.27830973
asthma_v2_asthma_P54WheezingRS_268.wav,3,3,0,1,0.0086433785,0.29583353,0.18469162,0.24505463,0.2657768
asthma_v2_asthma_P6AsthmaIE_29.wav,3,3,0,0,0.8605097,0.076485895,0.013452467,0.0051293457,0.044422716
asthma_v2_asthma_P6AsthmaIU_26.wav,3,3,0,0,0.73823565,0.028997917,0.097614296,0.0024550261,0.13269712
asthma_v2_asthma_P6AsthmaIU_30.wav,3,3,0,0,0.88741595,0.029806754,0.0060787033,0.0077855755,0.068913
asthma_v2_asthma_P6AsthmaRL_27.wav,3,3,0,0,0.8261776,0.01814662,0.011947832,0.006956588,0.13677135
asthma_v2_asthma_P6AsthmaRS_28.wav,3,3,0,0,0.585434,0.16224371,0.049766228,0.04779816,0.15475787
asthma_v2_copd_P10COPDMc_74.wav,3,3,2,0,0.81688964,0.047356427,0.048842758,0.03337981,0.053531446
asthma_v2_copd_P10COPDMc_76.wav,3,3,2,3,0.12494101,0.23954253,0.01516306,0.5375472,0.08280625
asthma_v2_copd_P10COPDMc_78.wav,3,3,2,0,0.6442409,0.03596376,0.27424952,0.0048288465,0.040716972
asthma_v2_copd_P10COPDMc_80.wav,3,3,2,0,0.6766819,0.023724962,0.23741512,0.0012222972,0.06095577
asthma_v2_copd_P10COPDPr_73.wav,3,3,2,0,0.6584768,0.1288639,0.15616448,0.022715261,0.03377952
asthma_v2_copd_P10COPDPr_75.wav,3,3,2,3,0.043659486,0.100110404,0.010418091,0.76587105,0.07994095
asthma_v2_copd_P10COPDPr_77.wav,3,3,2,0,0.6831871,0.085813895,0.060966164,0.07815957,0.09187323
asthma_v2_copd_P10COPDPr_79.wav,3,3,2,0,0.80899245,0.026031353,0.06534146,0.0259252,0.073709495
asthma_v2_copd_P18COPDMc_138.wav,3,3,2,2,0.02795232,0.012861044,0.9415463,0.0009293671,0.016711015
asthma_v2_copd_P18COPDMc_140.wav,3,3,2,2,0.026652507,0.011816354,0.9450559,0.00094640366,0.015528896
asthma_v2_copd_P18COPDMc_142.wav,3,3,2,2,0.024844868,0.040948473,0.84304744,0.018366065,0.07279309
asthma_v2_copd_P18COPDMc_144.wav,3,3,2,1,0.0037377134,0.8022682,0.15733415,0.030969156,0.005690724
asthma_v2_copd_P18COPDPr_137.wav,3,3,2,2,0.050659347,0.0062540914,0.9180952,0.00095331174,0.02403805
asthma_v2_copd_P18COPDPr_139.wav,3,3,2,2,0.016511658,0.0084013725,0.96058935,0.0007275467,0.013769994
asthma_v2_copd_P18COPDPr_141.wav,3,3,2,2,0.024329007,0.15733874,0.80738413,0.003402488,0.007545629
asthma_v2_copd_P18COPDPr_143.wav,3,3,2,2,0.0036642381,0.028818661,0.9527712,0.005892489,0.008853409
asthma_v2_copd_P1COPDMc_2.wav,3,3,2,0,0.6381211,0.05792659,0.17712092,0.033388563,0.09344272
asthma_v2_copd_P1COPDMc_4.wav,3,3,2,2,0.016674357,0.10646953,0.7615625,0.014897734,0.100395836
asthma_v2_copd_P1COPDMc_6.wav,3,3,2,3,0.016773975,0.1593402,0.21541375,0.39995414,0.20851792
asthma_v2_copd_P1COPDMc_8.wav,3,3,2,2,0.0070330985,0.12874535,0.8157818,0.023712669,0.024727054
asthma_v2_copd_P1COPDPr_1.wav,3,3,2,0,0.52993625,0.12289932,0.29944938,0.0021782455,0.045536827
asthma_v2_copd_P1COPDPr_3.wav,3,3,2,0,0.7024028,0.043040104,0.19814125,0.0020400868,0.054375723
asthma_v2_copd_P1COPDPr_5.wav,3,3,2,2,0.014383322,0.08790979,0.5942127,0.02663199,0.27686217
asthma_v2_copd_P1COPDPr_7.wav,3,3,2,2,0.016017482,0.11640873,0.5211559,0.13460451,0.21181333
asthma_v2_copd_P24COPDMc_186.wav,3,3,2,1,0.0034215066,0.607372,0.31409234,0.061164036,0.013950134
asthma_v2_copd_P24COPDMc_188.wav,3,3,2,2,0.0075986497,0.06893726,0.8307714,0.017376738,0.07531595
asthma_v2_copd_P24COPDMc_190.wav,3,3,2,2,0.023626918,0.07359811,0.60817397,0.018514652,0.27608636
asthma_v2_copd_P24COPDMc_192.wav,3,3,2,1,0.0045746095,0.5671041,0.2951932,0.10995298,0.023175167
asthma_v2_copd_P24COPDPr_185.wav,3,3,2,1,0.0034331975,0.66136587,0.30942634,0.019641347,0.0061332523
asthma_v2_copd_P24COPDPr_187.wav,3,3,2,2,0.0042726975,0.080249816,0.8905776,0.0079379715,0.016961955
asthma_v2_copd_P24COPDPr_189.wav,3,3,2,4,0.022188375,0.09335471,0.40391606,0.055685576,0.4248552
asthma_v2_copd_P24COPDPr_191.wav,3,3,2,1,0.003241529,0.51125014,0.38704854,0.082483724,0.01597611
asthma_v2_copd_P28COPDMc_218.wav,3,3,2,2,0.004159376,0.17225309,0.7828384,0.020013629,0.020735463
asthma_v2_copd_P28COPDMc_220.wav,3,3,2,2,0.004360034,0.05995495,0.8922038,0.023034694,0.020446526
asthma_v2_copd_P28COPDMc_222.wav,3,3,2,2,0.008511135,0.21576928,0.73005533,0.016109953,0.029554274
asthma_v2_copd_P28COPDMc_224.wav,3,3,2,2,0.005292805,0.31183377,0.6564063,0.011606828,0.014860362
asthma_v2_copd_P28COPDPr_217.wav,3,3,2,2,0.0082081705,0.20064552,0.6688682,0.082476474,0.03980165
asthma_v2_copd_P28COPDPr_219.wav,3,3,2,2,0.0022156553,0.046727136,0.8702392,0.05383863,0.026979469
asthma_v2_copd_P28COPDPr_221.wav,3,3,2,2,0.006986385,0.25668153,0.7190999,0.0070998166,0.010132282
asthma_v2_copd_P28COPDPr_223.wav,3,3,2,1,0.008608952,0.50043803,0.440022,0.027156692,0.023774251
asthma_v2_copd_P32COPDMc_250.wav,3,3,2,0,0.43817985,0.021101614,0.13412979,0.0069652693,0.39962348
asthma_v2_copd_P32COPDMc_252.wav,3,3,2,0,0.6227222,0.044494845,0.29493165,0.0072377915,0.030613514
asthma_v2_copd_P32COPDMc_254.wav,3,3,2,0,0.44576964,0.09627056,0.4198623,0.0070715705,0.031025976
asthma_v2_copd_P32COPDMc_256.wav,3,3,2,0,0.3761231,0.3053663,0.28102532,0.008589319,0.028895937
asthma_v2_copd_P32COPDPr_249.wav,3,3,2,0,0.8146907,0.01617024,0.060790595,0.0071375417,0.10121093
asthma_v2_copd_P32COPDPr_251.wav,3,3,2,2,0.050811965,0.42327836,0.48732677,0.021971479,0.01661144
asthma_v2_copd_P32COPDPr_253.wav,3,3,2,0,0.6380089,0.09916554,0.19843647,0.022474125,0.04191493
asthma_v2_copd_P32COPDPr_255.wav,3,3,2,0,0.30032998,0.2791969,0.25611007,0.0076041147,0.15675892
asthma_v2_copd_P39COPDMc_306.wav,3,3,2,2,0.010813871,0.38199988,0.549394,0.030565917,0.027226377
asthma_v2_copd_P39COPDMc_308.wav,3,3,2,1,0.0016918511,0.9584825,0.027536081,0.009493312,0.0027962865
asthma_v2_copd_P39COPDMc_310.wav,3,3,2,1,0.00044035187,0.9808723,0.009977954,0.008207171,0.0005023279
asthma_v2_copd_P39COPDMc_312.wav,3,3,2,2,0.00509671,0.08554193,0.88437396,0.0041845157,0.02080293
asthma_v2_copd_P39COPDPr_305.wav,3,3,2,2,0.0018882132,0.007743731,0.80073816,0.1505135,0.039116427
asthma_v2_copd_P39COPDPr_307.wav,3,3,2,1,0.0009499942,0.9744254,0.016429674,0.0071931034,0.001001765
asthma_v2_copd_P39COPDPr_309.wav,3,3,2,1,0.0053832983,0.5067555,0.4074959,0.0639872,0.016378127
asthma_v2_copd_P39COPDPr_311.wav,3,3,2,1,0.0005275804,0.9770907,0.015948802,0.005971297,0.00046163803
asthma_v2_copd_P40COPDMc_314.wav,3,3,2,2,0.011544851,0.33064914,0.5758908,0.009731183,0.07218404
asthma_v2_copd_P40COPDMc_316.wav,3,3,2,2,0.008525589,0.23634587,0.646493,0.059552696,0.04908288
asthma_v2_copd_P40COPDMc_318.wav,3,3,2,2,0.10541888,0.143192,0.46535894,0.008013486,0.2780167
asthma_v2_copd_P40COPDMc_320.wav,3,3,2,4,0.060616225,0.03896186,0.2491186,0.02132852,0.6299748
asthma_v2_copd_P40COPDPr_313.wav,3,3,2,1,0.0044395155,0.6817805,0.28784072,0.012732114,0.01320709
asthma_v2_copd_P40COPDPr_315.wav,3,3,2,2,0.005453782,0.25994527,0.66405416,0.055094246,0.015452543
asthma_v2_copd_P40COPDPr_317.wav,3,3,2,1,0.0037211513,0.5530642,0.36365142,0.066762775,0.01280041
asthma_v2_copd_P40COPDPr_319.wav,3,3,2,1,0.0015681202,0.9262041,0.06295728,0.0052817976,0.003988705
asthma_v2_copd_P46COPDMc_362.wav,3,3,2,2,0.0034874838,0.031174498,0.9483997,0.0064719445,0.010466418
asthma_v2_copd_P46COPDMc_364.wav,3,3,2,2,0.029238254,0.049708698,0.84826225,0.00621822,0.0665725
asthma_v2_copd_P46COPDMc_366.wav,3,3,2,2,0.0072229565,0.022859218,0.9433908,0.0032903731,0.023236584
asthma_v2_copd_P46COPDMc_368.wav,3,3,2,2,0.017668882,0.17814963,0.6855434,0.019691156,0.0989469
asthma_v2_copd_P46COPDPr_361.wav,3,3,2,2,0.0083547225,0.029211842,0.9373731,0.00409547,0.020964902
asthma_v2_copd_P46COPDPr_363.wav,3,3,2,3,0.0074598836,0.27074644,0.2930914,0.35953778,0.06916451
asthma_v2_copd_P46COPDPr_365.wav,3,3,2,2,0.0049868952,0.020559372,0.96183705,0.003282934,0.009333768
asthma_v2_copd_P46COPDPr_367.wav,3,3,2,2,0.010307842,0.033763327,0.92845863,0.0075734477,0.019896777
asthma_v2_copd_P47COPDMc_370.wav,3,3,2,2,0.027446752,0.19440043,0.6750525,0.0053637745,0.09773653
asthma_v2_copd_P47COPDMc_372.wav,3,3,2,2,0.027061012,0.065111645,0.41866457,0.23613447,0.25302836
asthma_v2_copd_P47COPDMc_374.wav,3,3,2,2,0.0032779663,0.08553207,0.899208,0.009007959,0.0029739959
asthma_v2_copd_P47COPDMc_376.wav,3,3,2,2,0.0024773309,0.02069324,0.9584828,0.0124050435,0.0059415693
asthma_v2_copd_P47COPDPr_369.wav,3,3,2,2,0.0872964,0.28853035,0.36708346,0.014129085,0.24296072
asthma_v2_copd_P47COPDPr_371.wav,3,3,2,2,0.10582535,0.14784564,0.63004696,0.0097961165,0.10648591
asthma_v2_copd_P47COPDPr_373.wav,3,3,2,3,0.002108773,0.020053308,0.055596665,0.90940666,0.01283463
asthma_v2_copd_P47COPDPr_375.wav,3,3,2,2,0.005063279,0.16751923,0.80459297,0.016172128,0.0066524334
asthma_v2_copd_P51COPDPr_401.wav,3,3,2,2,0.0057564806,0.10151766,0.8407726,0.038322244,0.013630983
asthma_v2_healthy_P18Healthy17S.wav,3,3,3,3,0.0012846368,0.0040580044,0.005356811,0.9652712,0.024029337
asthma_v2_healthy_P18Healthy46S.wav,3,3,3,4,0.02819388,0.07062521,0.04792292,0.06562431,0.78763366
asthma_v2_healthy_P18Healthy59S.wav,3,3,3,4,0.06778131,0.043286897,0.015715381,0.048488252,0.8247282
asthma_v2_healthy_P18Healthy79S.wav,3,3,3,3,0.00044984338,0.0024072402,0.005935303,0.98047733,0.010730326
asthma_v2_healthy_P18Healthy98S.wav,3,3,3,3,0.0016992231,0.003805983,0.008631342,0.9649523,0.020911125
asthma_v2_healthy_P1Healthy29S.wav,3,3,3,1,0.0028928185,0.621283,0.15248184,0.20625569,0.017086606
asthma_v2_healthy_P1Healthy55S.wav,3,3,3,3,0.0021361462,0.05714458,0.025219407,0.90146786,0.014032012
asthma_v2_healthy_P1Healthy86S.wav,3,3,3,1,0.0049368055,0.45590895,0.09072411,0.41921347,0.029216643
asthma_v2_healthy_P1Healthy88S.wav,3,3,3,3,0.005106553,0.10616342,0.16927263,0.6479892,0.07146818
asthma_v2_healthy_P1Healthy99S.wav,3,3,3,3,0.00048750587,0.08250858,0.025416285,0.8778935,0.013694147
asthma_v2_healthy_P24Healthy51S.wav,3,3,3,4,0.015873706,0.0059778155,0.017867554,0.17079103,0.78948987
asthma_v2_healthy_P24Healthy58S.wav,3,3,3,4,0.026795657,0.08571691,0.042842675,0.21835177,0.626293
asthma_v2_healthy_P24Healthy62S.wav,3,3,3,4,0.04033754,0.0070928554,0.006350211,0.41830784,0.52791154
asthma_v2_healthy_P24Healthy63S.wav,3,3,3,4,0.014377217,0.012086069,0.032801863,0.41495916,0.5257757
asthma_v2_healthy_P24Healthy95S.wav,3,3,3,4,0.020711318,0.0064805425,0.033055797,0.07002545,0.8697269
asthma_v2_healthy_P25Healthy20S.wav,3,3,3,3,0.015565054,0.011881691,0.0025888742,0.8643348,0.10562956
asthma_v2_healthy_P25Healthy42S.wav,3,3,3,3,0.013278562,0.060833108,0.007834023,0.81708294,0.10097139
asthma_v2_healthy_P25Healthy72S.wav,3,3,3,3,0.006393595,0.01069909,0.0037971763,0.86761457,0.11149553
asthma_v2_healthy_P25Healthy88S.wav,3,3,3,3,0.03908379,0.014245541,0.006337016,0.65445805,0.2858756
asthma_v2_healthy_P25Healthy97S.wav,3,3,3,4,0.013034701,0.055238046,0.040891334,0.1458454,0.7449906
asthma_v2_pneumonia_P10Pneumonia52A.wav,3,3,4,1,0.0059679104,0.7424441,0.20454553,0.025512982,0.021529455
asthma_v2_pneumonia_P10Pneumonia73G.wav,3,3,4,4,0.027601406,0.22826473,0.30031145,0.018844087,0.42497832
asthma_v2_pneumonia_P10Pneumonia80J.wav,3,3,4,2,0.02223512,0.30714455,0.3176056,0.13433707,0.21867761
asthma_v2_pneumonia_P10Pneumonia88R.wav,3,3,4,4,0.08873791,0.0036168294,0.005529404,0.32093406,0.58118176
asthma_v2_pneumonia_P10Pneumonia93W.wav,3,3,4,3,0.006784373,0.021967694,0.039632384,0.7661924,0.16542321
asthma_v2_pneumonia_P10Pneumonia97B.wav,3,3,4,2,0.019909643,0.0675022,0.5216105,0.014411084,0.37656653
asthma_v2_pneumonia_P11Pneumonia12W.wav,3,3,4,4,0.08053066,0.010954841,0.016538152,0.40739882,0.48457748
asthma_v2_pneumonia_P11Pneumonia18T.wav,3,3,4,2,0.031256154,0.17109913,0.3986299,0.14608862,0.25292626
asthma_v2_pneumonia_P11Pneumonia41N.wav,3,3,4,3,0.03194669,0.009562132,0.006630555,0.6541275,0.2977332
asthma_v2_pneumonia_P11Pneumonia58A.wav,3,3,4,3,0.012756248,0.0031475497,0.004677342,0.72465104,0.25476784
asthma_v2_pneumonia_P11Pneumonia65P.wav,3,3,4,4,0.0349937,0.0046174964,0.008688155,0.43860698,0.51309365
asthma_v2_pneumonia_P11Pneumonia98J.wav,3,3,4,3,0.027824016,0.0021263785,0.004957129,0.50408286,0.46100965
asthma_v2_pneumonia_P21Pneumonia12C.wav,3,3,4,4,0.03083423,0.1719546,0.19002828,0.20945734,0.39772552
asthma_v2_pneumonia_P21Pneumonia24G.wav,3,3,4,3,0.014269293,0.10264112,0.15366855,0.39479592,0.33462512
asthma_v2_pneumonia_P21Pneumonia56M.wav,3,3,4,4,0.078518726,0.0054065217,0.006095228,0.13908961,0.7708898
asthma_v2_pneumonia_P21Pneumonia69Q.wav,3,3,4,4,0.01620333,0.1649038,0.07194353,0.24162894,0.50532037
asthma_v2_pneumonia_P21Pneumonia78P.wav,3,3,4,4,0.026987664,0.026963437,0.0103392275,0.3006274,0.63508224
asthma_v2_pneumonia_P21Pneumonia95A.wav,3,3,4,3,0.0063249385,0.15827818,0.08395974,0.6679769,0.08346015
asthma_v2_pneumonia_P25Pneumonia11Z.wav,3,3,4,3,0.0051275403,0.26572028,0.04221931,0.66256344,0.024369441
asthma_v2_pneumonia_P25Pneumonia16B.wav,3,3,4,4,0.010346309,0.003659172,0.017836444,0.04989675,0.9182613
asthma_v2_pneumonia_P25Pneumonia30I.wav,3,3,4,3,0.0023332383,0.0052588484,0.004632178,0.9636094,0.024166398
asthma_v2_pneumonia_P25Pneumonia42V.wav,3,3,4,3,0.0009266312,0.003718816,0.0049903365,0.96929234,0.021071892
asthma_v2_pneumonia_P25Pneumonia93N.wav,3,3,4,3,0.0058418917,0.001885487,0.0068378146,0.64407694,0.3413579
asthma_v2_pneumonia_P25Pneumonia97D.wav,3,3,4,1,0.014770754,0.42145917,0.09069328,0.2942269,0.17884989
asthma_v2_pneumonia_P2Pneumonia11Q.wav,3,3,4,4,0.039459433,0.0062411637,0.0058024474,0.05624687,0.8922501
asthma_v2_pneumonia_P2Pneumonia28R.wav,3,3,4,4,0.03464266,0.006250985,0.012024563,0.13638805,0.8106938
asthma_v2_pneumonia_P2Pneumonia36Z.wav,3,3,4,4,0.04037619,0.0044654002,0.0064591332,0.054797318,0.89390194
asthma_v2_pneumonia_P2Pneumonia70H.wav,3,3,4,4,0.011029194,0.004149347,0.01179647,0.028786099,0.9442389
asthma_v2_pneumonia_P2Pneumonia82A.wav,3,3,4,4,0.040309444,0.0052519524,0.00606783,0.09487052,0.8535003
asthma_v2_pneumonia_P2Pneumonia93N.wav,3,3,4,4,0.03262287,0.0024622825,0.005597316,0.021450752,0.9378668
asthma_v2_pneumonia_P31Pneumonia14Q.wav,3,3,4,4,0.0127432225,0.0046374444,0.012732368,0.046426747,0.9234603
asthma_v2_pneumonia_P31Pneumonia16C.wav,3,3,4,4,0.010794107,0.010887744,0.017952206,0.066056736,0.8943092
asthma_v2_pneumonia_P31Pneumonia43V.wav,3,3,4,4,0.00974613,0.0038136865,0.0111987265,0.028208448,0.947033
asthma_v2_pneumonia_P31Pneumonia47D.wav,3,3,4,4,0.007435516,0.00684028,0.01034367,0.048277162,0.92710334
asthma_v2_pneumonia_P31Pneumonia47J.wav,3,3,4,4,0.015051571,0.0018129015,0.0053372732,0.037215732,0.94058245
asthma_v2_pneumonia_P31Pneumonia92I.wav,3,3,4,4,0.026804173,0.013114265,0.02228835,0.2066804,0.7311129
asthma_v2_pneumonia_P37Pneumonia44I.wav,3,3,4,0,0.6421641,0.23530929,0.014010511,0.026827358,0.08168874
asthma_v2_pneumonia_P37Pneumonia73K.wav,3,3,4,1,0.21282443,0.71166736,0.01988212,0.026684228,0.028941853
asthma_v2_pneumonia_P37Pneumonia73X.wav,3,3,4,0,0.8133108,0.12484506,0.011238335,0.009951345,0.04065444
asthma_v2_pneumonia_P37Pneumonia83S.wav,3,3,4,0,0.51041543,0.033516124,0.009379918,0.049873885,0.39681464
asthma_v2_pneumonia_P37Pneumonia84E.wav,3,3,4,0,0.546444,0.10381728,0.01816339,0.034381084,0.29719427
asthma_v2_pneumonia_P37Pneumonia95J.wav,3,3,4,0,0.7813896,0.023740675,0.007847439,0.014556489,0.17246588
asthma_v2_pneumonia_P41Pneumonia17O.wav,3,3,4,0,0.6258123,0.01136261,0.115992494,0.001081237,0.24575134
asthma_v2_pneumonia_P41Pneumonia25E.wav,3,3,4,2,0.10359343,0.1289457,0.5563203,0.004997511,0.20614304
asthma_v2_pneumonia_P41Pneumonia31S.wav,3,3,4,0,0.90130377,0.010922075,0.026199408,0.0008309929,0.060743798
asthma_v2_pneumonia_P41Pneumonia41D.wav,3,3,4,2,0.314257,0.10691894,0.45362502,0.0036057944,0.12159331
asthma_v2_pneumonia_P41Pneumonia71Q.wav,3,3,4,4,0.25398308,0.0191513,0.021634148,0.1233911,0.5818403
asthma_v2_pneumonia_P41Pneumonia72U.wav,3,3,4,0,0.87173134,0.022473805,0.028606992,0.0008576662,0.0763302
asthma_v2_pneumonia_P4Pneumonia17R.wav,3,3,4,4,0.003977152,0.011372168,0.10040727,0.37834337,0.5059
asthma_v2_pneumonia_P4Pneumonia27H.wav,3,3,4,4,0.0045120055,0.0046067727,0.12094839,0.08797741,0.7819554
asthma_v2_pneumonia_P4Pneumonia39Q.wav,3,3,4,4,0.012850797,0.025070215,0.40127584,0.11432655,0.44647652
asthma_v2_pneumonia_P4Pneumonia55U.wav,3,3,4,4,0.013340201,0.009109299,0.24753977,0.08476415,0.6452466
asthma_v2_pneumonia_P4Pneumonia67J.wav,3,3,4,2,0.021793958,0.02500106,0.5756631,0.020164687,0.35737714
asthma_v2_pneumonia_P4Pneumonia78E.wav,3,3,4,4,0.02823566,0.008316677,0.16992703,0.047704853,0.74581575
asthma_v2_pneumonia_P8Pneumonia11O.wav,3,3,4,0,0.37976256,0.21436554,0.018662252,0.16257371,0.22463588
asthma_v2_pneumonia_P8Pneumonia14Z.wav,3,3,4,3,0.030195953,0.024160782,0.0052797017,0.7970569,0.14330657
asthma_v2_pneumonia_P8Pneumonia16Z.wav,3,3,4,4,0.071462594,0.009659584,0.004168953,0.42029053,0.49441838
asthma_v2_pneumonia_P8Pneumonia20O.wav,3,3,4,2,0.02631838,0.059623145,0.6611845,0.015459484,0.23741446
asthma_v2_pneumonia_P8Pneumonia23N.wav,3,3,4,0,0.31772494,0.15283394,0.025231099,0.29883206,0.20537801
asthma_v2_pneumonia_P8Pneumonia28V.wav,3,3,4,4,0.02577862,0.008216296,0.0069232304,0.26961568,0.6894662
asthma_v2_Bronchial_P10BronchialSc_46.wav,3,4,1,2,0.00055148295,0.1038958,0.89180255,0.0025185351,0.0012315474
asthma_v2_Bronchial_P10BronchialSc_48.wav,3,4,1,1,0.00046952532,0.8362252,0.14899132,0.013779727,0.0005342389
asthma_v2_Bronchial_P10BronchialSc_50.wav,3,4,1,1,0.00017918255,0.99152195,0.007538426,0.0006117068,0.0001487558
asthma_v2_Bronchial_P10BronchialTc_47.wav,3,4,1,2,0.0006963681,0.038922854,0.95899916,0.00031236463,0.0010693123
asthma_v2_Bronchial_P10BronchialTc_49.wav,3,4,1,1,0.00038852685,0.95723104,0.041054282,0.0010281996,0.00029790666
asthma_v2_Bronchial_P16BronchialSc_76.wav,3,4,1,1,0.0015808343,0.6973422,0.0038478072,0.2877378,0.009491391
asthma_v2_Bronchial_P16BronchialSc_78.wav,3,4,1,1,0.0006389589,0.8393188,0.0058320523,0.15221925,0.0019909255
asthma_v2_Bronchial_P16BronchialSc_80.wav,3,4,1,1,0.004322605,0.9520984,0.003748372,0.03217817,0.0076523395
asthma_v2_Bronchial_P16BronchialTc_77.wav,3,4,1,1,0.0010468697,0.80733323,0.005065342,0.18052694,0.0060276003
asthma_v2_Bronchial_P16BronchialTc_79.wav,3,4,1,1,0.00012201586,0.9920804,0.0021918379,0.005440552,0.00016525772
asthma_v2_Bronchial_P2BronchialSc_10.wav,3,4,1,1,0.0010332469,0.87015796,0.12648371,0.0014184144,0.0009066595
asthma_v2_Bronchial_P2BronchialSc_6.wav,3,4,1,1,0.000113258146,0.99104184,0.003192394,0.0056192377,3.3219236e-05
asthma_v2_Bronchial_P2BronchialSc_8.wav,3,4,1,1,0.0020195416,0.59237945,0.36947668,0.033378378,0.0027459753
asthma_v2_Bronchial_P2BronchialTc_7.wav,3,4,1,2,0.0038808696,0.113677606,0.87233925,0.005871971,0.00423031
asthma_v2_Bronchial_P2BronchialTc_9.wav,3,4,1,1,0.0014731114,0.600454,0.38954464,0.0067134304,0.0018148295
asthma_v2_Bronchial_P9BronchialSc_42.wav,3,4,1,1,0.0003792421,0.975217,0.023124283,0.0010793236,0.00020015819
asthma_v2_Bronchial_P9BronchialSc_44.wav,3,4,1,1,0.0028471397,0.94403267,0.051851038,0.0010876723,0.00018149492
asthma_v2_Bronchial_P9BronchialTc_41.wav,3,4,1,1,0.00023491486,0.9783813,0.0165635,0.0046616816,0.0001586619
asthma_v2_Bronchial_P9BronchialTc_43.wav,3,4,1,1,0.0025713118,0.6416043,0.35023832,0.0010572895,0.0045288377
asthma_v2_Bronchial_P9BronchialTc_45.wav,3,4,1,1,0.00022057438,0.9848914,0.014148407,0.00065749814,8.210849e-05
asthma_v2_asthma_P11WheezingIE_53.wav,3,4,0,0,0.4832012,0.4564716,0.0024489104,0.0013492019,0.05652913
asthma_v2_asthma_P11WheezingIU_54.wav,3,4,0,0,0.91510904,0.020130593,0.0021230658,0.0004428131,0.06219444
asthma_v2_asthma_P11WheezingRL_51.wav,3,4,0,0,0.7049432,0.24083896,0.001748503,0.0015673838,0.050901912
asthma_v2_asthma_P11WheezingRL_55.wav,3,4,0,0,0.965345,0.0057761692,0.0012419609,9.601464e-05,0.02754088
asthma_v2_asthma_P11WheezingRS_52.wav,3,4,0,0,0.6219634,0.16334046,0.14949727,0.04361828,0.021580618
asthma_v2_asthma_P13WheezingIE_61.wav,3,4,0,0,0.922757,0.017925343,0.00073445885,0.00033445883,0.058248695
asthma_v2_asthma_P13WheezingIE_65.wav,3,4,0,0,0.9286558,0.014898397,0.00084005017,0.00017123437,0.055434603
asthma_v2_asthma_P13WheezingIU_62.wav,3,4,0,0,0.90320593,0.0072620637,0.00046471244,0.00023204574,0.08883525
asthma_v2_asthma_P13WheezingRL_63.wav,3,4,0,0,0.88658977,0.0048567485,0.00023290014,0.00037486653,0.10794569
asthma_v2_asthma_P13WheezingRS_64.wav,3,4,0,0,0.7053405,0.012076046,0.00040838946,0.0005728843,0.28160214
asthma_v2_asthma_P14WheezingIE_69.wav,3,4,0,0,0.6397018,0.20114762,0.0012986467,0.023762297,0.13408957
asthma_v2_asthma_P14WheezingIU_66.wav,3,4,0,0,0.9397701,0.00931595,0.0009739638,0.00020198518,0.049738042
asthma_v2_asthma_P14WheezingIU_70.wav,3,4,0,0,0.7674349,0.00083902344,0.0009038979,0.000108775195,0.23071352
asthma_v2_asthma_P14WheezingRL_67.wav,3,4,0,4,0.4369359,0.03825991,0.0009912103,0.002010225,0.5218027
asthma_v2_asthma_P14WheezingRS_68.wav,3,4,0,4,0.24621814,0.0019992634,0.000181254,0.00046654497,0.7511348
asthma_v2_asthma_P19WheezingIE_93.wav,3,4,0,0,0.9554296,0.0024548871,0.012944782,6.925839e-05,0.029101452
asthma_v2_asthma_P19WheezingIU_94.wav,3,4,0,0,0.98081917,0.0012132695,0.0097584985,9.108368e-05,0.00811798
asthma_v2_asthma_P19WheezingRL_91.wav,3,4,0,0,0.7514168,0.00092914695,0.0040251575,0.00011044447,0.24351843
asthma_v2_asthma_P19WheezingRL_95.wav,3,4,0,0,0.9317983,0.003910394,0.021117613,0.00041861416,0.042755246
asthma_v2_asthma_P19WheezingRS_92.wav,3,4,0,0,0.97988015,0.0033688585,0.013708262,0.00010418918,0.0029385695
asthma_v2_asthma_P25WheezingIE_121.wav,3,4,0,0,0.97852033,0.0005462458,0.0063428464,5.130373e-05,0.014539226
asthma_v2_asthma_P25WheezingIE_125.wav,3,4,0,0,0.9625902,0.0006600368,0.023146143,0.00045280586,0.013150813
asthma_v2_asthma_P25WheezingIU_122.wav,3,4,0,0,0.74976885,0.0009975032,0.011997783,0.0013167432,0.2359192
asthma_v2_asthma_P25WheezingRL_123.wav,3,4,0,0,0.9821681,0.00090313965,0.013345286,0.00012655406,0.0034569146
asthma_v2_asthma_P25WheezingRS_124.wav,3,4,0,0,0.98440117,0.001836174,0.007631342,6.129452e-05,0.0060700197
asthma_v2_asthma_P32WheezingIE_157.wav,3,4,0,4,0.21231675,0.0003676608,0.005451405,0.0007164219,0.7811477
asthma_v2_asthma_P32WheezingIU_158.wav,3,4,0,4,0.23619144,0.0006524894,0.003591813,0.00061767036,0.7589466
asthma_v2_asthma_P32WheezingRL_159.wav,3,4,0,0,0.6358595,0.005577095,0.045289867,0.00059435907,0.31267917
asthma_v2_asthma_P32WheezingRS_156.wav,3,4,0,0,0.9643241,0.013443688,0.018375622,0.00030695583,0.0035496396
asthma_v2_asthma_P32WheezingRS_160.wav,3,4,0,0,0.85749036,0.0028950167,0.0018793695,0.00034860824,0.13738658
asthma_v2_asthma_P36WheezingIE_177.wav,3,4,0,0,0.7393491,0.20118755,0.05717034,0.0006054229,0.0016875799
asthma_v2_asthma_P36WheezingIU_178.wav,3,4,0,0,0.7288002,0.0046942304,0.030861186,0.00016929749,0.23547512
asthma_v2_asthma_P36WheezingRL_179.wav,3,4,0,0,0.5926393,0.23997362,0.16495778,0.0014731109,0.0009561753
asthma_v2_asthma_P36WheezingRS_176.wav,3,4,0,0,0.6063398,0.10191618,0.27367193,0.013049007,0.0050230147
asthma_v2_asthma_P36WheezingRS_180.wav,3,4,0,0,0.7830093,0.098093495,0.09568138,0.00058490667,0.022630876
asthma_v2_asthma_P38WheezingIE_189.wav,3,4,0,2,0.08758649,0.17029071,0.7377654,0.0026783973,0.00167901
asthma_v2_asthma_P38WheezingIU_186.wav,3,4,0,2,0.2785139,0.059276514,0.6506087,0.00877444,0.0028264453
asthma_v2_asthma_P38WheezingIU_190.wav,3,4,0,2,0.45872635,0.018708864,0.51682216,0.003348803,0.0023938091
asthma_v2_asthma_P38WheezingRL_187.wav,3,4,0,2,0.23299403,0.009860431,0.75289065,0.0004153723,0.0038394653
asthma_v2_asthma_P38WheezingRS_188.wav,3,4,0,2,0.17640153,0.013877147,0.7469048,0.0036461335,0.059170406
asthma_v2_asthma_P43WheezingIE_213.wav,3,4,0,0,0.95725954,0.0041043786,0.016289799,0.0011101138,0.021236252
asthma_v2_asthma_P43WheezingIU_214.wav,3,4,0,2,0.26299733,0.010854001,0.72271633,0.0008273771,0.002605031
asthma_v2_asthma_P43WheezingRL_211.wav,3,4,0,0,0.529419,0.014940492,0.4397764,0.003635955,0.012228067
asthma_v2_asthma_P43WheezingRL_215.wav,3,4,0,0,0.8551395,0.0045827744,0.13149244,0.00016738012,0.00861793
asthma_v2_asthma_P43WheezingRS_212.wav,3,4,0,2,0.07211418,0.0021127556,0.9239163,0.00063320406,0.0012235437
asthma_v2_asthma_P48WheezingIE_237.wav,3,4,0,0,0.9333431,0.008301218,0.051982254,0.00057321653,0.0058001187
asthma_v2_asthma_P48WheezingIU_238.wav,3,4,0,0,0.9448662,0.00399007,0.015521909,0.00024178768,0.035379965
asthma_v2_asthma_P48WheezingRL_239.wav,3,4,0,0,0.985305,0.00074623135,0.0021415178,8.1649436e-05,0.011725663
asthma_v2_asthma_P48WheezingRS_236.wav,3,4,0,0,0.94729125,0.016246926,0.027899345,0.0016186796,0.0069438284
asthma_v2_asthma_P48WheezingRS_240.wav,3,4,0,0,0.5786844,0.06388415,0.013724754,0.000603636,0.34310308
asthma_v2_asthma_P53WheezingIE_261.wav,3,4,0,1,0.3793456,0.5687384,0.0023087247,0.0018298907,0.047777362
asthma_v2_asthma_P53WheezingIE_265.wav,3,4,0,3,0.0259981,0.10418649,0.0063269828,0.5792072,0.28428128
asthma_v2_asthma_P53WheezingIU_262.wav,3,4,0,0,0.8900875,0.05441147,0.0019544703,0.0002250928,0.05332144
asthma_v2_asthma_P53WheezingRL_263.wav,3,4,0,4,0.0186883,0.00030079135,0.0032584285,0.001669166,0.9760834
asthma_v2_asthma_P53WheezingRS_264.wav,3,4,0,4,0.010357372,0.00095501513,0.0046944637,0.02137893,0.9626143
asthma_v2_asthma_P57WheezingIE_281.wav,3,4,0,3,0.13374111,0.016646868,0.0039555477,0.68194366,0.16371278
asthma_v2_asthma_P57WheezingIE_285.wav,3,4,0,3,0.010017723,0.08737418,0.0006943827,0.75448,0.14743371
asthma_v2_asthma_P57WheezingIU_282.wav,3,4,0,3,0.09452933,0.019733433,0.0040674713,0.49676716,0.38490257
asthma_v2_asthma_P57WheezingRL_283.wav,3,4,0,4,0.0035649678,0.0018328003,0.0015508686,0.18320763,0.8098438
asthma_v2_asthma_P57WheezingRS_284.wav,3,4,0,4,0.010253942,0.0014100961,0.0011888023,0.34315288,0.6439943
asthma_v2_asthma_P9AsthmaIE_41.wav,3,4,0,0,0.65998477,0.010064496,0.0021625478,0.00023933432,0.32754883
asthma_v2_asthma_P9AsthmaIE_45.wav,3,4,0,0,0.8204943,0.044536732,0.0023261884,0.0003751636,0.13226764
asthma_v2_asthma_P9AsthmaIU_42.wav,3,4,0,0,0.9497678,0.004786589,0.02190779,9.988284e-05,0.02343782
asthma_v2_asthma_P9AsthmaRL_43.wav,3,4,0,0,0.5671765,0.16065016,0.023558367,0.0018491499,0.24676587
asthma_v2_asthma_P9AsthmaRS_44.wav,3,4,0,0,0.91182035,0.005529178,0.00030537072,0.0002892637,0.082055815
asthma_v2_copd_P16COPDMc_122.wav,3,4,2,2,0.0018392132,0.017313462,0.9795218,0.0005287284,0.00079683284
asthma_v2_copd_P16COPDMc_124.wav,3,4,2,2,0.0021064447,0.010902411,0.98554415,0.00023033071,0.0012166067
asthma_v2_copd_P16COPDMc_126.wav,3,4,2,2,0.0016549792,0.00409473,0.99334234,0.0002884252,0.0006195377
asthma_v2_copd_P16COPDMc_128.wav,3,4,2,2,0.0025583915,0.0018999545,0.99322057,0.00019892817,0.0021221635
asthma_v2_copd_P16COPDPr_121.wav,3,4,2,2,0.001046614,0.001861137,0.99626476,0.00037224297,0.0004553107
asthma_v2_copd_P16COPDPr_123.wav,3,4,2,2,0.0031108323,0.0073416834,0.9839331,0.0003204635,0.005294028
asthma_v2_copd_P16COPDPr_125.wav,3,4,2,2,0.0010682164,0.0015817635,0.9966287,0.00029449852,0.00042684548
asthma_v2_copd_P16COPDPr_127.wav,3,4,2,2,0.0013754612,0.0044328696,0.99284995,0.00028968998,0.0010519845
asthma_v2_copd_P19COPDMc_146.wav,3,4,2,2,0.03291918,0.011106224,0.8998006,0.031543016,0.024630988
asthma_v2_copd_P19COPDMc_148.wav,3,4,2,1,0.009844484,0.5506542,0.2989311,0.0023315975,0.13823871
asthma_v2_copd_P19COPDMc_150.wav,3,4,2,4,0.06445864,0.0027796626,0.19147477,0.0031283526,0.7381585
asthma_v2_copd_P19COPDMc_152.wav,3,4,2,2,0.0002305018,0.00728047,0.99163705,0.00045776126,0.00039421485
asthma_v2_copd_P19COPDPr_145.wav,3,4,2,2,0.0016598062,0.39765263,0.599212,0.0004952351,0.0009803583
asthma_v2_copd_P19COPDPr_147.wav,3,4,2,1,0.001706443,0.9747694,0.010448397,0.009590293,0.0034854724
asthma_v2_copd_P19COPDPr_149.wav,3,4,2,2,0.058189373,0.043274503,0.8296495,0.031829916,0.03705665
asthma_v2_copd_P19COPDPr_151.wav,3,4,2,2,0.035737444,0.092766695,0.82846016,0.0025191922,0.040516537
asthma_v2_copd_P20COPDMc_154.wav,3,4,2,2,0.0011553189,0.17233473,0.82426685,0.0013424376,0.00090064656
asthma_v2_copd_P20COPDMc_156.wav,3,4,2,1,0.020161824,0.79043484,0.18131314,0.006215534,0.0018746632
asthma_v2_copd_P20COPDMc_158.wav,3,4,2,2,0.00020261378,0.000961146,0.9978638,0.00026320212,0.0007092145
asthma_v2_copd_P20COPDMc_160.wav,3,4,2,2,0.00019799033,0.0032127933,0.9945919,0.0018244499,0.00017289868
asthma_v2_copd_P20COPDPr_153.wav,3,4,2,2,0.000842251,0.050031893,0.94535357,0.002946835,0.0008255225
asthma_v2_copd_P20COPDPr_155.wav,3,4,2,2,0.0054558483,0.019392503,0.96999335,0.0016352426,0.0035230946
asthma_v2_copd_P20COPDPr_157.wav,3,4,2,2,0.008452856,0.24296673,0.7328615,0.0020263707,0.013692496
asthma_v2_copd_P20COPDPr_159.wav,3,4,2,2,0.0004160468,0.0043064277,0.9932613,0.0017747175,0.00024162514
asthma_v2_copd_P31COPDMc_242.wav,3,4,2,2,0.0029171824,0.00085302826,0.9912326,0.0013538887,0.0036433428
asthma_v2_copd_P31COPDMc_244.wav,3,4,2,2,0.00057765545,0.016856655,0.97787935,0.0033234358,0.0013629557
asthma_v2_copd_P31COPDMc_246.wav,3,4,2,2,0.02495592,0.006180792,0.9680038,0.0005272432,0.00033224793
asthma_v2_copd_P31COPDMc_248.wav,3,4,2,2,0.021798559,0.0032654153,0.9735825,0.0007731321,0.00058038876
asthma_v2_copd_P31COPDPr_241.wav,3,4,2,2,0.00031484678,0.00074225373,0.9967424,0.0007920677,0.0014083693
asthma_v2_copd_P31COPDPr_243.wav,3,4,2,4,0.019661758,0.0014584394,0.32151335,0.02603122,0.63133514
asthma_v2_copd_P31COPDPr_245.wav,3,4,2,2,0.052441746,0.049194474,0.89687145,0.0010695397,0.0004227643
asthma_v2_copd_P31COPDPr_247.wav,3,4,2,2,0.06145184,0.0059216362,0.93141764,0.0004113363,0.0007975004
asthma_v2_copd_P36COPDMc_282.wav,3,4,2,2,0.003112281,0.15552779,0.8373616,0.0011173959,0.0028809488
asthma_v2_copd_P36COPDMc_284.wav,3,4,2,2,0.00062304415,0.0012782123,0.9959376,0.0005713423,0.001589853
asthma_v2_copd_P36COPDMc_286.wav,3,4,2,2,0.0014918023,0.045931984,0.94955766,0.0017727184,0.0012458728
asthma_v2_copd_P36COPDMc_288.wav,3,4,2,1,0.0011180927,0.89410704,0.1038517,0.0007788101,0.00014437099
asthma_v2_copd_P36COPDPr_281.wav,3,4,2,2,0.00086546614,0.023703063,0.9732048,0.0016802077,0.0005463879
asthma_v2_copd_P36COPDPr_283.wav,3,4,2,2,0.00047955557,0.0056353835,0.9922774,0.0006532619,0.0009543848
asthma_v2_copd_P36COPDPr_285.wav,3,4,2,2,0.00029796184,0.0039199623,0.994951,0.0004450186,0.00038599045
asthma_v2_copd_P36COPDPr_287.wav,3,4,2,2,0.0016704076,0.034184597,0.955909,0.005552224,0.002683737
asthma_v2_copd_P43COPDMc_338.wav,3,4,2,2,0.00093313126,0.039524447,0.9581421,0.0011720447,0.00022823388
asthma_v2_copd_P43COPDMc_340.wav,3,4,2,2,0.0035232257,0.001412127,0.9191739,0.0045193466,0.07137142
asthma_v2_copd_P43COPDMc_342.wav,3,4,2,2,0.0103005245,0.0043434203,0.5565225,0.06420878,0.36462474
asthma_v2_copd_P43COPDMc_344.wav,3,4,2,2,0.00066397554,0.0037251038,0.99324834,0.00020922208,0.0021533899
asthma_v2_copd_P43COPDPr_337.wav,3,4,2,2,0.00035766908,0.014214468,0.9844178,0.0008612886,0.00014879809
asthma_v2_copd_P43COPDPr_339.wav,3,4,2,2,0.0077814027,0.06458332,0.75206876,0.16292591,0.012640627
asthma_v2_copd_P43COPDPr_341.wav,3,4,2,2,0.0035143623,0.007085318,0.9618505,0.008345511,0.019204352
asthma_v2_copd_P43COPDPr_343.wav,3,4,2,2,0.0013170304,0.02603588,0.9688455,0.00040157908,0.003400009
asthma_v2_copd_P44COPDMc_346.wav,3,4,2,4,0.030282676,0.00023848638,0.14469524,0.005551668,0.819232
asthma_v2_copd_P44COPDMc_348.wav,3,4,2,4,0.010923648,0.00015951919,0.011948769,0.0017648848,0.97520316
asthma_v2_copd_P44COPDMc_350.wav,3,4,2,2,0.0012989966,0.253919,0.74181056,0.002370094,0.0006013564
asthma_v2_copd_P44COPDMc_352.wav,3,4,2,2,0.0014996246,0.0007982384,0.98689926,0.00038286528,0.010420071
asthma_v2_copd_P44COPDPr_345.wav,3,4,2,2,0.00076502736,0.0030389982,0.9924575,0.00024077705,0.0034977137
asthma_v2_copd_P44COPDPr_347.wav,3,4,2,4,0.0275765,0.00055055134,0.038245533,0.011545975,0.9220814
asthma_v2_copd_P44COPDPr_349.wav,3,4,2,2,0.0005685293,0.05411206,0.94171214,0.0034364187,0.00017078535
asthma_v2_copd_P44COPDPr_351.wav,3,4,2,2,0.00058773387,0.052404877,0.94246525,0.004255955,0.00028619397
asthma_v2_copd_P5COPDMc_34.wav,3,4,2,2,0.007450959,0.004491723,0.98662543,0.00030975614,0.0011221637
asthma_v2_copd_P5COPDMc_36.wav,3,4,2,2,0.0016642867,0.019049857,0.978387,0.0005480175,0.00035078073
asthma_v2_copd_P5COPDMc_38.wav,3,4,2,2,0.0018629275,0.18720526,0.8099014,0.0008387764,0.00019158913
asthma_v2_copd_P5COPDMc_40.wav,3,4,2,2,0.0007806375,0.0016066903,0.99653614,0.0004612546,0.0006153105
asthma_v2_copd_P5COPDPr_33.wav,3,4,2,2,0.0030678737,0.049171608,0.94177747,0.005166404,0.0008165918
asthma_v2_copd_P5COPDPr_35.wav,3,4,2,2,0.0011640933,0.017189423,0.9808806,0.00044136323,0.00032443277
asthma_v2_copd_P5COPDPr_37.wav,3,4,2,2,0.0012492519,0.2889553,0.70672125,0.0029226562,0.00015154011
asthma_v2_copd_P5COPDPr_39.wav,3,4,2,1,0.00068727374,0.5232923,0.47046727,0.0054033035,0.00014992281
asthma_v2_copd_P8COPDMc_58.wav,3,4,2,2,0.0019588966,0.0031358546,0.9941895,0.0002442325,0.0004714956
asthma_v2_copd_P8COPDMc_60.wav,3,4,2,2,0.00080177165,0.0011354528,0.9974904,0.00026983864,0.00030252963
asthma_v2_copd_P8COPDMc_62.wav,3,4,2,2,0.0008390935,0.0028220746,0.9951734,0.00064453477,0.00052094785
asthma_v2_copd_P8COPDMc_64.wav,3,4,2,2,0.0014772557,0.000795959,0.982754,0.00015807198,0.014814786
asthma_v2_copd_P8COPDPr_57.wav,3,4,2,2,0.00030966144,0.00031060018,0.9974831,0.00030727187,0.0015894262
asthma_v2_copd_P8COPDPr_59.wav,3,4,2,2,0.0005051474,0.0006514865,0.9971462,0.000401467,0.0012957519
asthma_v2_copd_P8COPDPr_61.wav,3,4,2,2,0.0021094247,0.0046479385,0.99265116,0.00023346141,0.00035810986
asthma_v2_copd_P8COPDPr_63.wav,3,4,2,2,0.0006679486,0.00024605825,0.9962914,0.00021255572,0.002582131
asthma_v2_healthy_P11Healthy18S.wav,3,4,3,3,0.0003563694,0.0008816443,0.0009850744,0.97255546,0.025221465
asthma_v2_healthy_P11Healthy30S.wav,3,4,3,3,0.0018422207,0.48236987,0.0050846185,0.49878,0.011923314
asthma_v2_healthy_P11Healthy38S.wav,3,4,3,3,0.0010085206,0.12236354,0.0017674768,0.8694004,0.005460125
asthma_v2_healthy_P11Healthy60S.wav,3,4,3,3,0.0001070177,0.0010227651,0.0005899652,0.9972675,0.0010127687
asthma_v2_healthy_P11Healthy73S.wav,3,4,3,1,0.002394125,0.69167817,0.0070240465,0.28757375,0.011329827
asthma_v2_healthy_P14Healthy28S.wav,3,4,3,3,0.002703587,0.15786771,0.18134886,0.6504541,0.007625763
asthma_v2_healthy_P14Healthy47S.wav,3,4,3,3,0.0037278654,0.16688827,0.048057813,0.76693535,0.014390699
asthma_v2_healthy_P14Healthy53S.wav,3,4,3,3,0.0026224114,0.020727102,0.07957339,0.86727303,0.029804075
asthma_v2_healthy_P14Healthy54S.wav,3,4,3,1,0.0004341699,0.8540847,0.019029338,0.12195071,0.0045010364
asthma_v2_healthy_P14Healthy89S.wav,3,4,3,1,0.00049422355,0.64348507,0.019644646,0.33313915,0.0032369778
asthma_v2_healthy_P22Healthy36S.wav,3,4,3,3,0.07161708,0.01198834,0.0026664687,0.47385898,0.43986917
asthma_v2_healthy_P22Healthy45S.wav,3,4,3,4,0.04916542,0.028246913,0.002619882,0.4586067,0.46136102
asthma_v2_healthy_P22Healthy50S.wav,3,4,3,3,0.0006178226,0.0016808826,0.00049987197,0.9908738,0.006327564
asthma_v2_healthy_P22Healthy88S.wav,3,4,3,4,0.28312483,0.0053608054,0.009485996,0.19778863,0.5042398
asthma_v2_healthy_P22Healthy94S.wav,3,4,3,4,0.06797026,0.065463275,0.0024736614,0.3718033,0.49228942
asthma_v2_healthy_P23Healthy14S.wav,3,4,3,4,0.28312483,0.0053608054,0.009485996,0.19778863,0.5042398
asthma_v2_healthy_P23Healthy24S.wav,3,4,3,3,0.037557144,0.01454527,0.0014532522,0.856134,0.09031033
asthma_v2_healthy_P23Healthy72S.wav,3,4,3,4,0.0068334634,0.0039722384,0.0007885829,0.31147495,0.67693084
asthma_v2_healthy_P23Healthy97S.wav,3,4,3,3,0.037557144,0.01454527,0.0014532522,0.856134,0.09031033
asthma_v2_healthy_P23Healthy98S.wav,3,4,3,4,0.0068334634,0.0039722384,0.0007885829,0.31147495,0.67693084
asthma_v2_healthy_P6Healthy21S.wav,3,4,3,3,0.0072598364,0.021103526,0.016090969,0.6500802,0.30546543
asthma_v2_healthy_P6Healthy34S.wav,3,4,3,4,0.01955407,0.039363947,0.049613625,0.114320725,0.77714765
asthma_v2_healthy_P6Healthy51S.wav,3,4,3,3,0.11203922,0.008002411,0.006655899,0.70714235,0.16616014
asthma_v2_healthy_P6Healthy71S.wav,3,4,3,3,0.00027017403,0.00032849165,0.0006150939,0.99212885,0.006657484
asthma_v2_healthy_P6Healthy77S.wav,3,4,3,3,0.024164729,0.0025266523,0.04712416,0.62704426,0.29914016
asthma_v2_healthy_P8Healthy33S.wav,3,4,3,3,0.010706283,0.22922774,0.008687357,0.7409504,0.010428214
asthma_v2_healthy_P8Healthy35S.wav,3,4,3,3,0.045802068,0.14255832,0.10590588,0.6435826,0.06215112
asthma_v2_healthy_P8Healthy48S.wav,3,4,3,3,0.0018817997,0.28740534,0.0973351,0.6087567,0.004621098
asthma_v2_healthy_P8Healthy70S.wav,3,4,3,1,0.039884686,0.40944523,0.04730873,0.10235087,0.4010105
asthma_v2_healthy_P8Healthy82S.wav,3,4,3,1,0.009866614,0.48997277,0.043113243,0.17017798,0.28686947
asthma_v2_healthy_P9Healthy22S.wav,3,4,3,3,0.0015477366,0.012338439,0.013004532,0.8832529,0.089856386
asthma_v2_healthy_P9Healthy29S.wav,3,4,3,4,0.24159122,0.009036141,0.016790183,0.21632889,0.5162536
asthma_v2_healthy_P9Healthy31S.wav,3,4,3,4,0.044525214,0.005106635,0.059351273,0.1263462,0.7646706
asthma_v2_healthy_P9Healthy61S.wav,3,4,3,3,0.048296742,0.023112815,0.0023485825,0.5326714,0.3935705
asthma_v2_healthy_P9Healthy79S.wav,3,4,3,3,0.011795451,0.0013138506,0.0049431063,0.56616414,0.4157835
asthma_v2_pneumonia_P19Pneumonia24H.wav,3,4,4,4,0.10810998,0.012959446,0.0053893556,0.11316965,0.7603715
asthma_v2_pneumonia_P19Pneumonia33O.wav,3,4,4,3,0.1592764,0.005776363,0.0019191039,0.43380335,0.39922482
asthma_v2_pneumonia_P19Pneumonia39Z.wav,3,4,4,4,0.050036307,0.0047705495,0.00061990594,0.04905047,0.8955228
asthma_v2_pneumonia_P19Pneumonia41U.wav,3,4,4,4,0.028900523,0.0012695368,0.00036223466,0.01856851,0.95089906
asthma_v2_pneumonia_P19Pneumonia75B.wav,3,4,4,4,0.09003169,0.0117104165,0.0017408672,0.29677662,0.5997404
asthma_v2_pneumonia_P19Pneumonia90X.wav,3,4,4,3,0.031069053,0.0070841843,0.00076278276,0.613176,0.34790796
asthma_v2_pneumonia_P23Pneumonia19A.wav,3,4,4,4,0.017971562,0.00042491563,0.0048226477,0.0583234,0.91845745
asthma_v2_pneumonia_P23Pneumonia40O.wav,3,4,4,4,0.031188546,0.00095403026,0.009575664,0.043087687,0.9151941
asthma_v2_pneumonia_P23Pneumonia54P.wav,3,4,4,4,0.018796239,0.00050997996,0.004668181,0.052910108,0.9231155
asthma_v2_pneumonia_P23Pneumonia60Y.wav,3,4,4,4,0.048224848,0.0005948726,0.027119197,0.0991576,0.8249034
asthma_v2_pneumonia_P23Pneumonia90V.wav,3,4,4,3,0.0040253345,0.0007057988,0.0026651153,0.72605956,0.26654416
asthma_v2_pneumonia_P23Pneumonia97P.wav,3,4,4,4,0.027378678,0.0010596046,0.0315594,0.21491201,0.7250903
asthma_v2_pneumonia_P24Pneumonia21G.wav,3,4,4,4,0.012072208,0.09119222,0.037168566,0.11639865,0.7431683
asthma_v2_pneumonia_P24Pneumonia54A.wav,3,4,4,4,0.009053254,0.0005990195,0.00029107672,0.023461333,0.9665953
asthma_v2_pneumonia_P24Pneumonia67G.wav,3,4,4,4,0.031697504,0.00029470774,0.018763855,0.10989374,0.8393502
asthma_v2_pneumonia_P24Pneumonia67Z.wav,3,4,4,0,0.40011105,0.013077931,0.0046989517,0.2588735,0.32323864
asthma_v2_pneumonia_P24Pneumonia91X.wav,3,4,4,4,0.009002458,0.00031151375,0.0068343813,0.006290638,0.97756094
asthma_v2_pneumonia_P24Pneumonia95T.wav,3,4,4,1,0.0024475532,0.80979943,0.0053451373,0.1538415,0.028566416
asthma_v2_pneumonia_P32Pneumonia59Q.wav,3,4,4,4,0.0028800133,0.00033361537,9.345198e-05,0.005140945,0.991552
asthma_v2_pneumonia_P32Pneumonia66M.wav,3,4,4,4,0.011434334,0.0009708182,0.00051485223,0.023984255,0.9630957
asthma_v2_pneumonia_P32Pneumonia69E.wav,3,4,4,4,0.0071261995,0.0002295996,0.00017969428,0.020368392,0.9720961
asthma_v2_pneumonia_P32Pneumonia75E.wav,3,4,4,4,0.0073828585,0.000276731,0.00017298221,0.0039618816,0.9882057
asthma_v2_pneumonia_P32Pneumonia98Y.wav,3,4,4,4,0.008886412,0.0007881665,0.0001426198,0.02199684,0.96818596
asthma_v2_pneumonia_P32Pneumonia99W.wav,3,4,4,4,0.003793552,0.00038940104,9.546516e-05,0.019829826,0.9758917
asthma_v2_pneumonia_P33Pneumonia50P.wav,3,4,4,4,0.005673846,0.0005077529,7.90718e-05,0.014272935,0.97946644
asthma_v2_pneumonia_P33Pneumonia70D.wav,3,4,4,4,0.013046032,0.0010397206,0.0013742917,0.068839766,0.91570014
asthma_v2_pneumonia_P33Pneumonia74T.wav,3,4,4,4,0.13331814,0.00872157,0.0011810883,0.103785485,0.7529937
asthma_v2_pneumonia_P33Pneumonia88U.wav,3,4,4,4,0.08627109,0.005611713,0.0012397504,0.18839695,0.71848047
asthma_v2_pneumonia_P33Pneumonia94C.wav,3,4,4,4,0.13958035,0.0021681166,0.0037437289,0.17045599,0.6840518
asthma_v2_pneumonia_P33Pneumonia94P.wav,3,4,4,4,0.14404437,0.005037274,0.000737062,0.027559739,0.8226216
asthma_v2_pneumonia_P3Pneumonia41L.wav,3,4,4,4,0.01789221,0.0003628655,0.0014332667,0.02776898,0.9525428
asthma_v2_pneumonia_P3Pneumonia54K.wav,3,4,4,4,0.0035169194,0.00015845832,0.00015707726,0.012534361,0.9836331
asthma_v2_pneumonia_P3Pneumonia61R.wav,3,4,4,4,0.006393755,0.0004007823,0.01139314,0.18868127,0.79313105
asthma_v2_pneumonia_P3Pneumonia74F.wav,3,4,4,4,0.0062441803,0.0005709531,0.00097409775,0.030629981,0.9615807
asthma_v2_pneumonia_P3Pneumonia75Z.wav,3,4,4,4,0.016412437,0.0026872072,0.12253148,0.24983029,0.60853857
asthma_v2_pneumonia_P3Pneumonia96L.wav,3,4,4,4,0.0033389651,0.0002687612,0.00021660069,0.009987635,0.986188
asthma_v2_pneumonia_P46Pneumonia15W.wav,3,4,4,4,0.0033797023,0.0077367947,0.02498506,0.2719638,0.69193465
asthma_v2_pneumonia_P46Pneumonia22V.wav,3,4,4,4,0.004319147,0.0001890973,0.00044235887,0.0045133857,0.99053603
asthma_v2_pneumonia_P46Pneumonia49D.wav,3,4,4,4,0.005953076,0.0011599595,0.003415942,0.13082488,0.85864615
asthma_v2_pneumonia_P46Pneumonia80D.wav,3,4,4,4,0.0048668687,0.00028472597,0.0008966938,0.004493995,0.9894577
asthma_v2_pneumonia_P46Pneumonia95A.wav,3,4,4,4,0.016794683,0.00037197312,0.001034068,0.0034348143,0.9783644
asthma_v2_pneumonia_P46Pneumonia99Y.wav,3,4,4,3,0.018941581,0.033940475,0.24913077,0.4344414,0.26354575
asthma_v2_pneumonia_P48Pneumonia31K.wav,3,4,4,4,0.0048668687,0.00028472597,0.0008966938,0.004493995,0.9894577
asthma_v2_pneumonia_P48Pneumonia61T.wav,3,4,4,4,0.004319147,0.0001890973,0.00044235887,0.0045133857,0.99053603
asthma_v2_pneumonia_P48Pneumonia82Z.wav,3,4,4,4,0.016794683,0.00037197312,0.001034068,0.0034348143,0.9783644
asthma_v2_pneumonia_P6Pneumonia15U.wav,3,4,4,4,0.022762833,0.00016046228,0.016154855,0.007475627,0.95344615
asthma_v2_pneumonia_P6Pneumonia17Q.wav,3,4,4,4,0.019450448,0.00024122291,0.012070121,0.039161094,0.9290771
asthma_v2_pneumonia_P6Pneumonia32L.wav,3,4,4,4,0.005112414,0.00041988288,0.0059428266,0.0017603781,0.98676443
asthma_v2_pneumonia_P6Pneumonia37H.wav,3,4,4,4,0.006708292,0.0027128635,0.077617526,0.047225352,0.865736
asthma_v2_pneumonia_P6Pneumonia39O.wav,3,4,4,4,0.004438535,0.00015244556,0.0027639363,0.0009843686,0.9916608
asthma_v2_pneumonia_P6Pneumonia84M.wav,3,4,4,4,0.008025839,0.00026222668,0.03880878,0.018537067,0.9343661
asthma_v2_pneumonia_P7Pneumonia22C.wav,3,4,4,2,0.021576447,0.002680452,0.68774253,0.0018301115,0.28617042
asthma_v2_pneumonia_P7Pneumonia22X.wav,3,4,4,4,0.0049485955,0.0011227342,0.1203728,0.118018426,0.7555375
asthma_v2_pneumonia_P7Pneumonia34I.wav,3,4,4,4,0.010396383,0.0017049203,0.007417584,0.1251724,0.8553087
asthma_v2_pneumonia_P7Pneumonia61Q.wav,3,4,4,4,0.010201783,0.0005104332,0.017978488,0.06560292,0.90570635
asthma_v2_pneumonia_P7Pneumonia62G.wav,3,4,4,4,0.008472882,0.0029819526,0.2779484,0.008223317,0.70237345
asthma_v2_pneumonia_P7Pneumonia76F.wav,3,4,4,4,0.009480258,0.00019650061,0.0017265301,0.044459105,0.94413763
