file_id,repeat,fold,y_true,y_pred,p_asthma,p_bronchial,p_copd,p_healthy,p_pneumonia
asthma_v2_Bronchial_P1BronchialSc_2.wav,2,0,1,2,2.4480005810957078e-09,0.48406985803083896,0.5085197042665043,0.007403806872690077,6.628381966064312e-06
asthma_v2_Bronchial_P1BronchialSc_4.wav,2,0,1,2,5.711629451727448e-14,0.47953861658428615,0.5197950993640632,0.0006662720347795493,1.2016814019931866e-08
asthma_v2_Bronchial_P1BronchialTc_1.wav,2,0,1,2,1.2793844597174886e-18,0.4719896928224403,0.5279511935562836,5.911360006557566e-05,2.121047491995873e-11
asthma_v2_Bronchial_P1BronchialTc_3.wav,2,0,1,2,2.831673608621768e-08,0.48319091546393955,0.5039525879527752,0.012828283942893178,2.818432365602182e-05
asthma_v2_Bronchial_P1BronchialTc_5.wav,2,0,1,2,9.742869131893161e-21,0.46844093723143265,0.5315394593575282,1.96034098581748e-05,1.1808287528084781e-12
asthma_v2_Bronchial_P2BronchialSc_10.wav,2,0,1,1,0.03412173394888698,0.3252477502351055,0.32516078851987,0.22066887328018123,0.09480085401595631
asthma_v2_Bronchial_P2BronchialSc_6.wav,2,0,1,2,8.667066091467327e-42,0.4332334493853667,0.5667665502776073,3.370262021226671e-10,4.0397465170951136e-25
asthma_v2_Bronchial_P2BronchialSc_8.wav,2,0,1,3,0.16430760164735023,0.2075509089996052,0.2062659411690745,0.22193124358126154,0.1999443046027086
asthma_v2_Bronchial_P2BronchialTc_7.wav,2,0,1,1,0.06052029172714189,0.291247153573632,0.29058469053371705,0.23046282825048361,0.12718503591502547
asthma_v2_Bronchial_P2BronchialTc_9.wav,2,0,1,3,0.15463493482482202,0.21372880139459147,0.21246180924142075,0.2239537576315564,0.19522069690760943
asthma_v2_Bronchial_P5BronchialSc_22.wav,2,0,1,2,0.010634789314084457,0.3742146460007073,0.3755541480696159,0.18922274426508726,0.050373672350505015
asthma_v2_Bronchial_P5BronchialSc_24.wav,2,0,1,2,0.03076027644004788,0.3305748562978201,0.3306030665356732,0.21830823037440075,0.08975357035205812
asthma_v2_Bronchial_P5BronchialTc_21.wav,2,0,1,4,0.22184930259773333,0.17462101191249663,0.17329870087091406,0.20769720931215196,0.22253377530670415
asthma_v2_Bronchial_P5BronchialTc_23.wav,2,0,1,1,0.03340928661033247,0.3263500886963454,0.326286323120001,0.22019985753702667,0.09375444403629442
asthma_v2_Bronchial_P5BronchialTc_25.wav,2,0,1,2,0.02921575468299174,0.3331380332382287,0.33322450442192114,0.21708681408964586,0.08733489356721269
asthma_v2_Bronchial_P6BronchialSc_26.wav,2,0,1,3,0.14748454432843586,0.21844101131910013,0.217190245173265,0.22535617469921132,0.19152802447998774
asthma_v2_Bronchial_P6BronchialSc_28.wav,2,0,1,1,0.1270422352888508,0.23268419320049527,0.23149639397805866,0.22884512836947818,0.17993204916311714
asthma_v2_Bronchial_P6BronchialSc_30.wav,2,0,1,3,0.16298968007478415,0.20837998431380828,0.20709721563401912,0.22221471850574637,0.19931840147164212
asthma_v2_Bronchial_P6BronchialTc_27.wav,2,0,1,3,0.1432188370188963,0.22131506883708765,0.22007529702712367,0.22615143964257928,0.1892393574743132
asthma_v2_Bronchial_P6BronchialTc_29.wav,2,0,1,1,0.08668791829100797,0.2652299753406986,0.2642744911500618,0.23240029399956388,0.15140732121866776
asthma_v2_Bronchial_P8BronchialSc_36.wav,2,0,1,3,0.17961936048320337,0.1981913713275861,0.19688603376245173,0.21847383083862745,0.20682940358813143
asthma_v2_Bronchial_P8BronchialSc_38.wav,2,0,1,1,0.049109296499501645,0.30461207022421255,0.30414610962830624,0.2276543941401038,0.11447812950787574
asthma_v2_Bronchial_P8BronchialSc_40.wav,2,0,1,3,0.14944033936793644,0.21713926026612035,0.215883790010004,0.22498095956210137,0.1925556507938379
asthma_v2_Bronchial_P8BronchialTc_37.wav,2,0,1,3,0.18117035753612928,0.1972699444597408,0.19596303574805257,0.21810802376745295,0.20748863848862448
asthma_v2_Bronchial_P8BronchialTc_39.wav,2,0,1,3,0.15492629403471891,0.21353948697363045,0.21227188893930482,0.22389487002812805,0.19536746002421773
asthma_v2_asthma_P13WheezingIE_61.wav,2,0,0,0,0.2819781697577739,0.14548654526086635,0.14420563994094687,0.19030311173080466,0.2380265333096082
asthma_v2_asthma_P13WheezingIE_65.wav,2,0,0,0,0.2515458257337836,0.15966766584131578,0.15835836913076795,0.1993349381893124,0.2310932011048203
asthma_v2_asthma_P13WheezingIU_62.wav,2,0,0,0,0.28448419300143374,0.14436527124431395,0.14308725952552928,0.18954270438838947,0.23852057184033362
asthma_v2_asthma_P13WheezingRL_63.wav,2,0,0,0,0.26359528514051755,0.153923931196695,0.15262428764707575,0.19580689878446403,0.23404959723124757
asthma_v2_asthma_P13WheezingRS_64.wav,2,0,0,0,0.28477034477287977,0.1442376660506656,0.14295998959209513,0.18945573370987026,0.2385762658744893
asthma_v2_asthma_P1AsthmaIE_1.wav,2,0,0,0,0.28523168999738735,0.14403211984444075,0.14275498597991187,0.1893154550724193,0.23866574910584076
asthma_v2_asthma_P1AsthmaIE_5.wav,2,0,0,0,0.24905293937324785,0.1608781966233441,0.15956719044505033,0.20005603877302705,0.23044563478533062
asthma_v2_asthma_P1AsthmaIU_2.wav,2,0,0,0,0.28426133699156053,0.14446471120884347,0.1431864390724878,0.18961041730510728,0.2384770954220009
asthma_v2_asthma_P1AsthmaRL_3.wav,2,0,0,0,0.2533383552495395,0.15880201366082247,0.15749400909515077,0.1988144915773216,0.2315511304171656
asthma_v2_asthma_P1AsthmaRS_4.wav,2,0,0,0,0.2847964401300994,0.14422603355699676,0.14294838772125792,0.1894478010508981,0.23858133754074792
asthma_v2_asthma_P20WheezingIE_97.wav,2,0,0,0,0.2717676204531252,0.15012597541819725,0.14883410056249638,0.19337696572326576,0.2358953378429154
asthma_v2_asthma_P20WheezingIU_98.wav,2,0,0,0,0.2850779097078026,0.14410060939268696,0.1428232943812012,0.18936222253422166,0.23863596398408754
asthma_v2_asthma_P20WheezingRL_99.wav,2,0,0,0,0.28517247883987173,0.14405848789708497,0.1427812842506284,0.18933346328072684,0.23865428573168807
asthma_v2_asthma_P20WheezingRS_100.wav,2,0,0,0,0.28403613508374737,0.14456525188181193,0.14328671719659858,0.18967882502857095,0.23843307080927115
asthma_v2_asthma_P20WheezingRS_96.wav,2,0,0,0,0.2618800360045937,0.15473091821345716,0.15342976546856688,0.19631323474044976,0.23364604557293245
asthma_v2_asthma_P28WheezingIE_137.wav,2,0,0,0,0.2851972992623366,0.14404743435329337,0.14277025995324918,0.18932591466248727,0.23865909176863365
asthma_v2_asthma_P28WheezingIU_138.wav,2,0,0,0,0.2766822682780673,0.147878500070029,0.14659173690174188,0.19190244221136254,0.23694505253879927
asthma_v2_asthma_P28WheezingRL_139.wav,2,0,0,0,0.28520902925739305,0.1440422107376628,0.14276505016188254,0.18932234715142673,0.23866136269163502
asthma_v2_asthma_P28WheezingRS_136.wav,2,0,0,0,0.2851525876864164,0.14406734671055518,0.14279011963127783,0.18933951260682183,0.2386504333649288
asthma_v2_asthma_P28WheezingRS_140.wav,2,0,0,0,0.279095194595239,0.14678487312487437,0.14550073492855053,0.19117505935232595,0.23744413799901004
asthma_v2_asthma_P34WheezingIE_169.wav,2,0,0,0,0.26329837497876574,0.15406337295587288,0.1527634650719875,0.19589463953807745,0.23398014745529636
asthma_v2_asthma_P34WheezingIU_166.wav,2,0,0,4,0.2114424201752106,0.18015687557094276,0.178834318065972,0.21049280987450772,0.21907357631336694
asthma_v2_asthma_P34WheezingIU_170.wav,2,0,0,0,0.28522740067213553,0.1440340298514502,0.14275689093042504,0.1893167596495606,0.23866491889642863
asthma_v2_asthma_P34WheezingRL_167.wav,2,0,0,0,0.28081593485761813,0.14600886349649944,0.14472664239320276,0.19065499652564188,0.23779356272703775
asthma_v2_asthma_P34WheezingRS_168.wav,2,0,0,3,0.16384428392179276,0.2078419285324283,0.20655772519572835,0.22203117237763223,0.1997248899724184
asthma_v2_asthma_P37WheezingIE_181.wav,2,0,0,0,0.27425314572400944,0.14898596792011332,0.14769663828699525,0.1926324380177016,0.2364318100511803
asthma_v2_asthma_P37WheezingIE_185.wav,2,0,0,4,0.20236026596103499,0.185126334361326,0.18380572773646855,0.21286429764791637,0.2158433742932541
asthma_v2_asthma_P37WheezingIU_182.wav,2,0,0,0,0.28458731053202246,0.1443192774145215,0.14304138639622302,0.18951136702130572,0.23854065863592727
asthma_v2_asthma_P37WheezingRL_183.wav,2,0,0,0,0.2550488349242082,0.15797968337843193,0.15667295997608566,0.1983163906560976,0.23198213106517654
asthma_v2_asthma_P37WheezingRS_184.wav,2,0,0,0,0.2850866501201512,0.14409671597601284,0.1428194112527746,0.18935956463513273,0.23863765801592868
asthma_v2_asthma_P41WheezingIE_201.wav,2,0,0,0,0.285205911920786,0.14404359893948487,0.14276643468963893,0.18932329524972646,0.23866075920036367
asthma_v2_asthma_P41WheezingIE_205.wav,2,0,0,0,0.2802532946050155,0.14626224500876964,0.14497939297211695,0.19082516576650246,0.2376799016475955
asthma_v2_asthma_P41WheezingIU_202.wav,2,0,0,0,0.28257581894046924,0.1452185250231548,0.14393830281148537,0.1901219717829525,0.23814538144193803
asthma_v2_asthma_P41WheezingRL_203.wav,2,0,0,0,0.2707711225870459,0.15058498368041037,0.14929211176938703,0.19367476089649682,0.23567702106665997
asthma_v2_asthma_P41WheezingRS_204.wav,2,0,0,0,0.2851052540971777,0.14408842910550426,0.14281114628386463,0.1893539072042511,0.23864126330920227
asthma_v2_asthma_P47WheezingIE_233.wav,2,0,0,0,0.22437312175666155,0.17330282850417678,0.17198094625580246,0.20700764292398563,0.2233354605593735
asthma_v2_asthma_P47WheezingIU_234.wav,2,0,0,0,0.2586753285630026,0.15624801499767746,0.15494415998057062,0.19725568311522476,0.23287681334352447
asthma_v2_asthma_P47WheezingRL_231.wav,2,0,0,0,0.27215805416386807,0.14994643950664185,0.14865495897447734,0.19326017759676514,0.23598036975824752
asthma_v2_asthma_P47WheezingRL_235.wav,2,0,0,0,0.25379300594009907,0.15858308469807042,0.15727541611262064,0.19868223446141972,0.23166625878779015
asthma_v2_asthma_P47WheezingRS_232.wav,2,0,0,0,0.2826763728508501,0.14517346870922973,0.14389336186139368,0.1900914824048919,0.23816531417363457
asthma_v2_asthma_P4AsthmaIE_17.wav,2,0,0,0,0.2809712474897202,0.14593897997393546,0.14465693373115293,0.1906080019523657,0.23782483685282582
asthma_v2_asthma_P4AsthmaIU_18.wav,2,0,0,0,0.2780113343222045,0.14727532677755298,0.14599000025421494,0.19150206612941836,0.2372212725166091
asthma_v2_asthma_P4AsthmaRL_19.wav,2,0,0,0,0.28523548940330334,0.14403042801150365,0.14275329862611097,0.18931429949641138,0.2386664844626707
asthma_v2_asthma_P4AsthmaRS_16.wav,2,0,0,0,0.2851107109361692,0.14408599850603257,0.142808722109264,0.18935224776763404,0.23864232068090016
asthma_v2_asthma_P4AsthmaRS_20.wav,2,0,0,0,0.28281991793097677,0.14510916772307858,0.14382922577695345,0.19004795114574663,0.23819373742324446
asthma_v2_asthma_P54WheezingIE_269.wav,2,0,0,4,0.2064196713495357,0.18288869920383888,0.1815669569390182,0.2118126483751141,0.21731202413249304
asthma_v2_asthma_P54WheezingIU_266.wav,2,0,0,3,0.18256611402740058,0.1964447325711745,0.19513648159809813,0.21777656104077406,0.2080761107625527
asthma_v2_asthma_P54WheezingIU_270.wav,2,0,0,0,0.2628966379038136,0.15425221092022762,0.1529519474307399,0.19601329566389994,0.23388590808131898
asthma_v2_asthma_P54WheezingRL_267.wav,2,0,0,1,0.07799462946620123,0.2733091455461627,0.2724332297102265,0.23227612919272636,0.14398686608468314
asthma_v2_asthma_P54WheezingRS_268.wav,2,0,0,1,0.11755182187464719,0.2397414210262118,0.23859301964502355,0.2301479958458004,0.17396574160831713
asthma_v2_asthma_P56WheezingIE_277.wav,2,0,0,3,0.1869499958117996,0.1938769679156751,0.1925649293980491,0.2167219104298504,0.20988619644462586
asthma_v2_asthma_P56WheezingIU_278.wav,2,0,0,0,0.2580492344542442,0.15654584110056902,0.15524147632672172,0.19743925264070203,0.23272419547776307
asthma_v2_asthma_P56WheezingRL_279.wav,2,0,0,3,0.16882010370980197,0.2047412354358551,0.20344929824059615,0.2209429087001013,0.2020464539136456
asthma_v2_asthma_P56WheezingRS_276.wav,2,0,0,4,0.21309957510596392,0.17926429535752236,0.17794160650710042,0.2100530164370339,0.21964150659237952
asthma_v2_asthma_P56WheezingRS_280.wav,2,0,0,0,0.2587466285716502,0.15621412827626696,0.15491033169116053,0.19723476648988755,0.23289414497103475
asthma_v2_copd_P13COPDMc_100.wav,2,0,2,2,0.0104570196057734,0.37477581267979404,0.37613762527370914,0.1887251302858632,0.04990441215486036
asthma_v2_copd_P13COPDMc_102.wav,2,0,2,1,0.11105032461177813,0.2447640227091166,0.2436471743479839,0.23089947152297804,0.16963900680814337
asthma_v2_copd_P13COPDMc_104.wav,2,0,2,3,0.19716913605041897,0.18802782428421091,0.1867093246652738,0.21418844189344197,0.21390527310665441
asthma_v2_copd_P13COPDMc_98.wav,2,0,2,2,0.001710001318288575,0.41970255298730047,0.4236175251640407,0.1370619631557923,0.01790795737457806
asthma_v2_copd_P13COPDPr_101.wav,2,0,2,4,0.20831982971430266,0.18185049401562398,0.18052836827995206,0.21131570745837058,0.21798560053175067
asthma_v2_copd_P13COPDPr_103.wav,2,0,2,1,0.045391374918815286,0.30934600182477645,0.3089583222472223,0.22634448626999346,0.10995981473919254
asthma_v2_copd_P13COPDPr_97.wav,2,0,2,2,3.5534335265445986e-06,0.4743058317414177,0.4876796034070243,0.03752339157139074,0.00048761984664054994
asthma_v2_copd_P13COPDPr_99.wav,2,0,2,1,0.032810340056880355,0.32728754833655094,0.32724376709179614,0.21979304389410556,0.09286530062066695
asthma_v2_copd_P22COPDMc_170.wav,2,0,2,1,0.12457730339700343,0.23448759411140638,0.23330932707818744,0.22920525736626235,0.1784205180471403
asthma_v2_copd_P22COPDMc_172.wav,2,0,2,3,0.1550154433934064,0.21348160219202464,0.21221381960599148,0.2238768254233372,0.19541230938524026
asthma_v2_copd_P22COPDMc_174.wav,2,0,2,4,0.20083305157609002,0.18597522089245883,0.18465515624373718,0.2132563200299104,0.21528025125780353
asthma_v2_copd_P22COPDMc_176.wav,2,0,2,2,0.0008647781819092568,0.43104691412831625,0.4359749997806072,0.12001754235859352,0.012095765550573824
asthma_v2_copd_P22COPDPr_169.wav,2,0,2,3,0.18414431482532304,0.1955161530868629,0.19420646464227306,0.21739922913344764,0.20873383831209333
asthma_v2_copd_P22COPDPr_171.wav,2,0,2,3,0.16096076432510664,0.20966399948198047,0.20838476614362245,0.22264638656062663,0.19834408348866378
asthma_v2_copd_P22COPDPr_173.wav,2,0,2,4,0.20816083578276262,0.1819371426837097,0.18061504549066348,0.2113574003516428,0.21792957569122134
asthma_v2_copd_P22COPDPr_175.wav,2,0,2,3,0.15571399333544506,0.2130286984598078,0.21175948324169755,0.22373500795601112,0.19576281700703843
asthma_v2_copd_P2COPDMc_10.wav,2,0,2,1,0.12476217421496885,0.23435163977880707,0.23317264148170735,0.2291787556751516,0.17853478884936522
asthma_v2_copd_P2COPDMc_12.wav,2,0,2,0,0.27311446945839674,0.14950737011165482,0.14821686419495025,0.19297383066506793,0.23618746556993028
asthma_v2_copd_P2COPDMc_14.wav,2,0,2,0,0.2852338343785501,0.14403116497361595,0.1427540336370861,0.1893148028670217,0.23866616414372618
asthma_v2_copd_P2COPDMc_16.wav,2,0,2,0,0.28488626905056,0.1441859961898767,0.14290845583077558,0.18942049234964145,0.2385987865791464
asthma_v2_copd_P2COPDPr_11.wav,2,0,2,0,0.2850534791292925,0.1441114924256733,0.142834148662074,0.18936965156145713,0.23863122822150304
asthma_v2_copd_P2COPDPr_13.wav,2,0,2,0,0.2852219684569016,0.14403644880762234,0.1427593034831148,0.1893184118217471,0.23866386743061407
asthma_v2_copd_P2COPDPr_15.wav,2,0,2,0,0.2843695832510483,0.14441640431420213,0.14313825859368953,0.18957752980060946,0.23849822404045062
asthma_v2_copd_P2COPDPr_9.wav,2,0,2,1,0.11128035599111005,0.24458352558679433,0.24346549122754063,0.23087502600169635,0.16979560119285866
asthma_v2_copd_P30COPDMc_234.wav,2,0,2,0,0.23457011153486876,0.16806936891015556,0.16675057277464508,0.20417923048926587,0.2264307162910647
asthma_v2_copd_P30COPDMc_236.wav,2,0,2,2,7.054253630144581e-14,0.4796776169443947,0.5196235128637704,0.0006988565748779562,1.3616886432669352e-08
asthma_v2_copd_P30COPDMc_238.wav,2,0,2,2,6.465877560071885e-08,0.48250639559209024,0.5020162113321197,0.015431422803712071,4.5905613302399895e-05
asthma_v2_copd_P30COPDMc_240.wav,2,0,2,2,0.005967769177662709,0.3916626905184404,0.3937857727775224,0.17211964711940123,0.03646412040697334
asthma_v2_copd_P30COPDPr_233.wav,2,0,2,0,0.23383010837363555,0.1684442940151362,0.1671252038139375,0.20438667884405876,0.22621371495323195
asthma_v2_copd_P30COPDPr_235.wav,2,0,2,0,0.23922149507752183,0.1657297025968078,0.16441299378909413,0.20286785332130824,0.22776795521526796
asthma_v2_copd_P30COPDPr_237.wav,2,0,2,2,2.93976191435123e-07,0.4805274013107999,0.49772976189845203,0.021630297002738927,0.0001122458118175731
asthma_v2_copd_P30COPDPr_239.wav,2,0,2,2,0.0038068074861436338,0.40305532562674995,0.4058104708326998,0.15904882562407563,0.028278570430331055
asthma_v2_copd_P33COPDMc_258.wav,2,0,2,3,0.16178569667160328,0.2091408045011989,0.20786011157763493,0.22247157612306398,0.198741811126499
asthma_v2_copd_P33COPDMc_260.wav,2,0,2,3,0.13710027269214667,0.22552455300642074,0.22430242199498662,0.22723339144902735,0.1858393608574187
asthma_v2_copd_P33COPDMc_262.wav,2,0,2,1,0.07702564078881056,0.27424046032680566,0.27337434379408887,0.23223479594580052,0.1431247591444943
asthma_v2_copd_P33COPDMc_264.wav,2,0,2,2,0.011083138700135112,0.37282541811104286,0.37411042486601115,0.19044011209154596,0.05154090623126478
asthma_v2_copd_P33COPDPr_257.wav,2,0,2,0,0.25373187093998584,0.158612508346017,0.1573047943898883,0.1987000244395095,0.2316508018845994
asthma_v2_copd_P33COPDPr_259.wav,2,0,2,1,0.10086071713711657,0.2529814213817784,0.2519228177429426,0.23180754948609567,0.16242749425206676
asthma_v2_copd_P33COPDPr_261.wav,2,0,2,1,0.09224872184297193,0.2602989315288851,0.2592994878361249,0.2322730878463597,0.1558797709456585
asthma_v2_copd_P33COPDPr_263.wav,2,0,2,1,0.06432478819634596,0.28711474262585707,0.2863982928845032,0.231074222724313,0.13108795356898073
asthma_v2_copd_P41COPDMc_322.wav,2,0,2,0,0.24124518281812002,0.16472079792216762,0.16340512283787084,0.20229340910023713,0.22833548732160436
asthma_v2_copd_P41COPDMc_324.wav,2,0,2,0,0.2584313764572534,0.15636400423289135,0.1550599498793146,0.19732723116418543,0.2328174382663552
asthma_v2_copd_P41COPDMc_326.wav,2,0,2,0,0.28062311502149606,0.14609565996149215,0.14481322218833823,0.19071332764574736,0.23775467518292615
asthma_v2_copd_P41COPDMc_328.wav,2,0,2,3,0.15620160983571874,0.21271324990959237,0.21144304872458602,0.22363556952520883,0.19600652200489413
asthma_v2_copd_P41COPDPr_321.wav,2,0,2,0,0.2827137789068486,0.14515671053816992,0.14387664663733013,0.19008013942086854,0.2381727244967828
asthma_v2_copd_P41COPDPr_323.wav,2,0,2,0,0.2795507036903457,0.14657913611353734,0.14529550177857736,0.1910374974953644,0.2375371609221753
asthma_v2_copd_P41COPDPr_325.wav,2,0,2,0,0.28478764574932436,0.14422995373557942,0.14295229757874284,0.18945047445852173,0.2385796284778317
asthma_v2_copd_P41COPDPr_327.wav,2,0,2,3,0.19357964493652982,0.19006116042662377,0.1887445688219447,0.2150897719435104,0.21252485387139128
asthma_v2_copd_P46COPDMc_362.wav,2,0,2,0,0.2735083227251095,0.14932685954955077,0.1480367585420978,0.19285580584185658,0.2362722533413854
asthma_v2_copd_P46COPDMc_364.wav,2,0,2,0,0.2735558157322089,0.14930510434207622,0.14801505230058667,0.1928415695694253,0.23628245805570292
asthma_v2_copd_P46COPDMc_366.wav,2,0,2,0,0.22820809483821125,0.17131741826670294,0.1699964475764863,0.2059516934501044,0.2245263458684952
asthma_v2_copd_P46COPDMc_368.wav,2,0,2,0,0.28521338220214343,0.14404027231630712,0.14276311687106435,0.189321023252883,0.2386622053576021
asthma_v2_copd_P46COPDPr_361.wav,2,0,2,0,0.26885682926205284,0.15146991511983207,0.1501751660064992,0.19424568423558772,0.23525240537602815
asthma_v2_copd_P46COPDPr_363.wav,2,0,2,4,0.22194761623211404,0.17456948888841908,0.1732471919523096,0.207670429203367,0.22256527372379034
asthma_v2_copd_P46COPDPr_365.wav,2,0,2,0,0.28365282923509394,0.14473650241511896,0.14345752227108136,0.18979521700928295,0.2383579290694228
asthma_v2_copd_P46COPDPr_367.wav,2,0,2,0,0.28291535591032396,0.14506642857334198,0.14378659640414682,0.1900190046457663,0.23821261446642103
asthma_v2_copd_P50COPDMc_394.wav,2,0,2,0,0.27615141663048903,0.14811996275359973,0.14683263213923398,0.19206216929188138,0.23683381918479574
asthma_v2_copd_P50COPDMc_396.wav,2,0,2,0,0.25141653306259193,0.15973025843631264,0.15842087054564433,0.19937241525636837,0.23105992269908265
asthma_v2_copd_P50COPDMc_398.wav,2,0,2,3,0.18954002836205772,0.19237674323672857,0.19106276224692156,0.21608946081787453,0.21093100533641757
asthma_v2_copd_P50COPDMc_400.wav,2,0,2,0,0.2400188917119816,0.16533151599356669,0.16401520557736232,0.20264178113723544,0.2279926055798539
asthma_v2_copd_P50COPDPr_393.wav,2,0,2,0,0.28489766420322277,0.14418091790720022,0.1429033909351623,0.18941702792906104,0.23860099902535367
asthma_v2_copd_P50COPDPr_395.wav,2,0,2,0,0.28297298562182527,0.14504062551131736,0.14376085968431163,0.19000152386308555,0.23822400531946022
asthma_v2_copd_P50COPDPr_397.wav,2,0,2,0,0.26151202465643014,0.1549045121472218,0.15360304126100466,0.196421698580649,0.23355872335469435
asthma_v2_copd_P50COPDPr_399.wav,2,0,2,0,0.27958219941668283,0.1465649190062651,0.14528131960715301,0.19102798304102678,0.23754357892887243
asthma_v2_copd_P51COPDPr_401.wav,2,0,2,0,0.2702911581269373,0.15080646747126444,0.14951312015936508,0.19381804912079603,0.235571205121637
asthma_v2_copd_P9COPDMc_66.wav,2,0,2,0,0.27579937197732907,0.1482802655802749,0.1469925606730655,0.19216803516631703,0.23675976660301354
asthma_v2_copd_P9COPDMc_68.wav,2,0,2,0,0.2835100748195121,0.1448003214143412,0.1435211758244254,0.1898385513672489,0.23832987657447216
asthma_v2_copd_P9COPDMc_70.wav,2,0,2,0,0.2813698341193142,0.1457597540581357,0.14447815794229177,0.19048735673081774,0.2379048971494406
asthma_v2_copd_P9COPDMc_72.wav,2,0,2,0,0.2846410725255592,0.14429530229061693,0.14301747425231734,0.18949502728026946,0.23855112365123715
asthma_v2_copd_P9COPDPr_65.wav,2,0,2,1,0.08556807278157975,0.2662443251399885,0.2652983077439495,0.23240754590045168,0.15048174843403042
asthma_v2_copd_P9COPDPr_67.wav,2,0,2,0,0.24062865724826915,0.16502759238561757,0.1637115944676322,0.20246866126371676,0.22816349463476437
asthma_v2_copd_P9COPDPr_69.wav,2,0,2,0,0.2828045201140906,0.14511606410985675,0.1438361044629391,0.19005262102097684,0.23819069029213677
asthma_v2_copd_P9COPDPr_71.wav,2,0,2,0,0.27726067205143984,0.14761576240631488,0.14632962166587324,0.1917282834879344,0.23706566038843765
asthma_v2_healthy_P14Healthy28S.wav,2,0,3,1,0.1221494905497929,0.23628373371420996,0.23511532297309384,0.22954543570603214,0.17690601705687117
asthma_v2_healthy_P14Healthy47S.wav,2,0,3,2,1.568852819916771e-08,0.4835438670673627,0.5051982902207662,0.011237946151633014,1.9880871709817623e-05
asthma_v2_healthy_P14Healthy53S.wav,2,0,3,2,0.0005622763114722483,0.4371517121666636,0.442727952698438,0.11012742935090336,0.009430629472522758
asthma_v2_healthy_P14Healthy54S.wav,2,0,3,1,0.0966386490362035,0.2565230165989462,0.2554921608608686,0.23207374638956543,0.1592724271144161
asthma_v2_healthy_P14Healthy89S.wav,2,0,3,0,0.2553383881203863,0.15784083294463333,0.1565343310194065,0.1982319303498522,0.23205451756572162
asthma_v2_healthy_P18Healthy17S.wav,2,0,3,1,0.11727603097803534,0.23995124326966552,0.23880410053799328,0.2301823342939064,0.17378629092039938
asthma_v2_healthy_P18Healthy46S.wav,2,0,3,0,0.26266330488007783,0.15436197718630093,0.15306150824517128,0.19608217935101502,0.23383103033743508
asthma_v2_healthy_P18Healthy59S.wav,2,0,3,0,0.26159111396832685,0.15486719154253062,0.15356578885829084,0.19639839377855703,0.2335775118522947
asthma_v2_healthy_P18Healthy79S.wav,2,0,3,3,0.15301329553647666,0.21478627124356897,0.21352272830794333,0.2242790830050578,0.1943986219069533
asthma_v2_healthy_P18Healthy98S.wav,2,0,3,3,0.14998442906676956,0.21677886829807133,0.2155221257912868,0.2248754308975702,0.192839145946302
asthma_v2_healthy_P5Healthy10S.wav,2,0,3,3,0.1415730998093233,0.22243702077108243,0.22120177059880738,0.22644946140762212,0.18833864741316467
asthma_v2_healthy_P5Healthy57S.wav,2,0,3,0,0.2325770657097897,0.16908086355842916,0.16776129974503257,0.2047371917725365,0.22584357921421197
asthma_v2_healthy_P5Healthy87S.wav,2,0,3,2,0.008051250865653604,0.3830597584237404,0.3847720881810524,0.18097953812629441,0.043137364403259194
asthma_v2_healthy_P5Healthy92S.wav,2,0,3,1,0.06373058387505165,0.28775086160877983,0.28704252574811795,0.23098781406031127,0.1304882147077393
asthma_v2_healthy_P5Healthy96S.wav,2,0,3,4,0.2220623519016997,0.1745093775313192,0.17318709732526777,0.20763916739764776,0.22260200584406548
asthma_v2_healthy_P6Healthy21S.wav,2,0,3,4,0.20060066176711558,0.18610473482386186,0.1847847582644854,0.21331579479540058,0.21519405034913658
asthma_v2_healthy_P6Healthy34S.wav,2,0,3,4,0.20840529173077063,0.18180393553521587,0.18048179472289178,0.21129328842266615,0.21801568958845555
asthma_v2_healthy_P6Healthy51S.wav,2,0,3,0,0.2621949397710336,0.15458250282009287,0.15328162390040967,0.19622037481950358,0.23372055868896022
asthma_v2_healthy_P6Healthy71S.wav,2,0,3,1,0.10922891997369065,0.24620071671984778,0.24509344915003056,0.2310872001605764,0.16838971399585453
asthma_v2_healthy_P6Healthy77S.wav,2,0,3,0,0.24438788097785316,0.16316466300766694,0.16185073939311742,0.20139679484270606,0.22919992177865647
asthma_v2_healthy_P9Healthy22S.wav,2,0,3,1,0.05748595524517524,0.29464991011928615,0.2940342201876613,0.2298696388033359,0.12396027564454144
asthma_v2_healthy_P9Healthy29S.wav,2,0,3,0,0.27248001138546163,0.14979852099186255,0.1485073671715086,0.1931638260263032,0.23605027442486406
asthma_v2_healthy_P9Healthy31S.wav,2,0,3,0,0.26612245723365124,0.15274123659395827,0.15144389466415042,0.1950585200467841,0.234633891461456
asthma_v2_healthy_P9Healthy61S.wav,2,0,3,0,0.2695798513601557,0.15113518834183334,0.14984114230301504,0.19403022715113757,0.2354135908438582
asthma_v2_healthy_P9Healthy79S.wav,2,0,3,0,0.23150763614334752,0.16962586585801356,0.16830592227710797,0.20503558049210577,0.22552499522942526
asthma_v2_pneumonia_P12Pneumonia23P.wav,2,0,4,3,0.19083842317082608,0.19162928256588116,0.19031440764723517,0.21576988204221753,0.21144800457383997
asthma_v2_pneumonia_P12Pneumonia44H.wav,2,0,4,3,0.1597258589201391,0.210450133374197,0.20917314259853606,0.222906253545577,0.1977446115615509
asthma_v2_pneumonia_P12Pneumonia45B.wav,2,0,4,4,0.19950913882349688,0.18671427308974908,0.18539473035315626,0.21359451003727814,0.2147873476963195
asthma_v2_pneumonia_P12Pneumonia46L.wav,2,0,4,0,0.2589170302931616,0.15613316627073004,0.1548295096481283,0.19718476772487736,0.23293552606310267
asthma_v2_pneumonia_P12Pneumonia59Q.wav,2,0,4,0,0.2516492082428271,0.15961763173951177,0.1583084081333046,0.19930496546044255,0.23111978642391406
asthma_v2_pneumonia_P12Pneumonia97E.wav,2,0,4,0,0.22939297664763408,0.1707082173718366,0.16938759011679638,0.20562350633350424,0.22488770953022877
asthma_v2_pneumonia_P14Pneumonia19W.wav,2,0,4,0,0.2238003542607793,0.17360117042854453,0.1722791787713712,0.20716451563859006,0.22315478090071506
asthma_v2_pneumonia_P14Pneumonia22X.wav,2,0,4,0,0.24709057323772166,0.16183661944719302,0.1605243406782789,0.20062142986072146,0.22992703677608506
asthma_v2_pneumonia_P14Pneumonia40M.wav,2,0,4,0,0.23907046510098942,0.16580521572967324,0.16448843278230754,0.20291063138139176,0.22772525500563798
asthma_v2_pneumonia_P14Pneumonia62B.wav,2,0,4,3,0.1959793876988979,0.18869929279638803,0.18738138373225155,0.2144885155444309,0.21345142022803149
asthma_v2_pneumonia_P14Pneumonia73T.wav,2,0,4,3,0.18680112996744183,0.1939635713965645,0.19265165107704776,0.21675805383058103,0.2098255937283648
asthma_v2_pneumonia_P14Pneumonia87C.wav,2,0,4,4,0.20533883294859212,0.18348184745578447,0.18216036499140661,0.2120940001837512,0.21692495442046553
asthma_v2_pneumonia_P24Pneumonia21G.wav,2,0,4,0,0.2567487787349414,0.15716596564816293,0.15586056135805662,0.19781995469092134,0.23240473956791774
asthma_v2_pneumonia_P24Pneumonia54A.wav,2,0,4,4,0.21780361705570042,0.17675362916276507,0.17543092455312825,0.20879336503238274,0.22121846419602367
asthma_v2_pneumonia_P24Pneumonia67G.wav,2,0,4,0,0.23156199102312933,0.16959812735682728,0.16827820253082934,0.20502043164249487,0.2255412474467191
asthma_v2_pneumonia_P24Pneumonia67Z.wav,2,0,4,1,0.09342483436320173,0.2592775900179418,0.25826946037816123,0.23222783046784193,0.1568002847728533
asthma_v2_pneumonia_P24Pneumonia91X.wav,2,0,4,0,0.2300842712658802,0.17035370320949283,0.1690332895383905,0.20543161948277802,0.22509711650345846
asthma_v2_pneumonia_P24Pneumonia95T.wav,2,0,4,0,0.2672442103858121,0.15221864486515352,0.15092235387439884,0.19472544561227298,0.23488934526236263
asthma_v2_pneumonia_P27Pneumonia25R.wav,2,0,4,3,0.17470890103177433,0.20114002181174648,0.1998402293533329,0.2196138898859166,0.20469695791722978
asthma_v2_pneumonia_P27Pneumonia28K.wav,2,0,4,0,0.2698510939090256,0.1510097692255327,0.14971598881052087,0.19394934204460537,0.2354738060103155
asthma_v2_pneumonia_P27Pneumonia37T.wav,2,0,4,0,0.2301782175506193,0.17030557671402025,0.16898519281533642,0.20540551892164247,0.22512549399838158
asthma_v2_pneumonia_P27Pneumonia48G.wav,2,0,4,0,0.23705327088217812,0.16681670649456523,0.1654989739357442,0.2034807244974189,0.2271503241900936
asthma_v2_pneumonia_P27Pneumonia62C.wav,2,0,4,4,0.21655289856189222,0.17741787988177204,0.17609512885488268,0.20912987549528428,0.2208042172061688
asthma_v2_pneumonia_P27Pneumonia77J.wav,2,0,4,0,0.22814561052441618,0.17134959923042214,0.17002861122859234,0.20596897529198233,0.22450720372458693
asthma_v2_pneumonia_P39Pneumonia16K.wav,2,0,4,0,0.2725947144552075,0.14974585056661419,0.14845481348021058,0.19312948893494164,0.236075132563026
asthma_v2_pneumonia_P39Pneumonia41F.wav,2,0,4,0,0.2828014002198078,0.14511746148173457,0.14383749824864922,0.19005356721719582,0.23819007283261256
asthma_v2_pneumonia_P39Pneumonia49H.wav,2,0,4,0,0.2849815041743496,0.14414355863926656,0.14286613021069094,0.18939153700104533,0.23861726997464758
asthma_v2_pneumonia_P39Pneumonia78Z.wav,2,0,4,0,0.28332272044812873,0.14488411220041217,0.14360474985175592,0.1898954133273375,0.23829300417236562
asthma_v2_pneumonia_P39Pneumonia85Q.wav,2,0,4,0,0.2847393083509595,0.14425150206239937,0.14297378919334205,0.18946516807592492,0.23857023231737412
asthma_v2_pneumonia_P39Pneumonia87S.wav,2,0,4,0,0.2650431888612391,0.1532454134365373,0.15194707730063084,0.1953784679192924,0.23438585248230023
asthma_v2_pneumonia_P3Pneumonia41L.wav,2,0,4,1,0.071716727102993,0.2794640910917244,0.27865544550249793,0.2318974960524158,0.13826624025036893
asthma_v2_pneumonia_P3Pneumonia54K.wav,2,0,4,0,0.22971858340552428,0.1705411541853279,0.1692206263236008,0.20553316338745964,0.22498647269808744
asthma_v2_pneumonia_P3Pneumonia61R.wav,2,0,4,0,0.24380610066071376,0.16345176742944517,0.16213750637009872,0.20156318599543366,0.22904143954430864
asthma_v2_pneumonia_P3Pneumonia74F.wav,2,0,4,3,0.17019323424107055,0.20389500498775137,0.20260111382276016,0.2206368853048586,0.20267376164355938
asthma_v2_pneumonia_P3Pneumonia75Z.wav,2,0,4,1,0.06233895358966892,0.2892539203538775,0.2885650386530327,0.23077253495642247,0.12906955244699833
asthma_v2_pneumonia_P3Pneumonia96L.wav,2,0,4,3,0.1649174209553222,0.20716859748719527,0.20588263755638592,0.2217992703299504,0.20023207367114612
asthma_v2_pneumonia_P43Pneumonia24U.wav,2,0,4,3,0.18051285917727014,0.19765998279866656,0.19635372980982324,0.2182634235372853,0.20721000467695486
asthma_v2_pneumonia_P43Pneumonia53X.wav,2,0,4,3,0.15772071781956076,0.21173415152832076,0.21046095190913908,0.2233234700400865,0.19676070870289292
asthma_v2_pneumonia_P43Pneumonia54I.wav,2,0,4,0,0.24507836088880913,0.1628244837476861,0.1615109683183705,0.20119907746092486,0.22938710958420935
asthma_v2_pneumonia_P43Pneumonia73N.wav,2,0,4,0,0.25282743928848306,0.1590483406320374,0.15773996247197866,0.1989629945884506,0.2314212630190503
asthma_v2_pneumonia_P43Pneumonia88Y.wav,2,0,4,4,0.2034504792888226,0.18452272462066183,0.1832017698982007,0.2125832233836645,0.2162418028086504
asthma_v2_pneumonia_P43Pneumonia89T.wav,2,0,4,3,0.19402921927685743,0.18980525495720785,0.18848840352474394,0.21497754279940245,0.21269957944178836
asthma_v2_pneumonia_P44Pneumonia36U.wav,2,0,4,4,0.2213488532781895,0.17488350145699846,0.1735611219127614,0.20783342551981493,0.2223730978322357
asthma_v2_pneumonia_P44Pneumonia47J.wav,2,0,4,0,0.25282743928848306,0.1590483406320374,0.15773996247197866,0.1989629945884506,0.2314212630190503
asthma_v2_pneumonia_P44Pneumonia49B.wav,2,0,4,0,0.24507836088880913,0.1628244837476861,0.1615109683183705,0.20119907746092486,0.22938710958420935
asthma_v2_pneumonia_P44Pneumonia59U.wav,2,0,4,0,0.2757899376465195,0.1482845633749505,0.14699684845941283,0.1921708715683741,0.23675777895074313
asthma_v2_pneumonia_P44Pneumonia65N.wav,2,0,4,0,0.2635178888585553,0.1539602698365285,0.15266055725815003,0.19582977414086342,0.2340315099059028
asthma_v2_pneumonia_P44Pneumonia71M.wav,2,0,4,3,0.15772071781956076,0.21173415152832076,0.21046095190913908,0.2233234700400865,0.19676070870289292
asthma_v2_pneumonia_P46Pneumonia15W.wav,2,0,4,0,0.23768043189907279,0.16650164298437992,0.16518419752998018,0.2033037310111094,0.22732999657545772
asthma_v2_pneumonia_P46Pneumonia22V.wav,2,0,4,3,0.16282657014794003,0.2084828644902711,0.2072003732680657,0.2222496351076039,0.19924055698611928
asthma_v2_pneumonia_P46Pneumonia49D.wav,2,0,4,0,0.24466986320646875,0.16302566429235066,0.16171190636904348,0.20131608094398665,0.22927648518815036
asthma_v2_pneumonia_P46Pneumonia80D.wav,2,0,4,3,0.15734215528607293,0.21197763012836887,0.21070516742804024,0.22340157037882577,0.19657347677869216
asthma_v2_pneumonia_P46Pneumonia95A.wav,2,0,4,0,0.24751508966384747,0.1616288706686018,0.1603168616698963,0.20049928981199144,0.23003988818566318
asthma_v2_pneumonia_P46Pneumonia99Y.wav,2,0,4,0,0.23524226127783932,0.1677294691287214,0.16641094925896696,0.203990518399165,0.22662680193530743
asthma_v2_pneumonia_P48Pneumonia31K.wav,2,0,4,3,0.15734215528607293,0.21197763012836887,0.21070516742804024,0.22340157037882577,0.19657347677869216
asthma_v2_pneumonia_P48Pneumonia61T.wav,2,0,4,3,0.16282657014794003,0.2084828644902711,0.2072003732680657,0.2222496351076039,0.19924055698611928
asthma_v2_pneumonia_P48Pneumonia82Z.wav,2,0,4,0,0.24751508966384747,0.1616288706686018,0.1603168616698963,0.20049928981199144,0.23003988818566318
asthma_v2_pneumonia_P5Pneumonia20K.wav,2,0,4,3,0.17305485519895727,0.2021442336341022,0.2008465110879759,0.2199915068281909,0.2039628932507737
asthma_v2_pneumonia_P5Pneumonia21J.wav,2,0,4,1,0.09394087656829204,0.2588317379018498,0.25781986084052877,0.23220605455196716,0.15720147013736224
asthma_v2_pneumonia_P5Pneumonia38U.wav,2,0,4,3,0.1612740428728449,0.20946512621978988,0.20818533498148736,0.22258011399218747,0.19849538193369035
asthma_v2_pneumonia_P5Pneumonia88J.wav,2,0,4,3,0.18861709871587323,0.19290991964013593,0.1915966062829872,0.21631560483676737,0.21056077052423636
asthma_v2_pneumonia_P5Pneumonia94P.wav,2,0,4,1,0.09640798147870411,0.2567189912717325,0.255689718966781,0.23208624626252086,0.15909706202026155
asthma_v2_pneumonia_P5Pneumonia95V.wav,2,0,4,3,0.15283220653234786,0.21490476059816865,0.21364161102357496,0.22431515403211294,0.19430626781379573
asthma_v2_Bronchial_P11BronchialSc_52.wav,2,1,1,0,0.2494014581423526,0.15618002082342164,0.168674519712499,0.19415373816026063,0.23159026316146622
asthma_v2_Bronchial_P11BronchialSc_54.wav,2,1,1,0,0.28061559010751536,0.14347138459611564,0.15557817008681274,0.18326371343862638,0.23707114177092986
asthma_v2_Bronchial_P11BronchialTc_51.wav,2,1,1,1,3.535355485551066e-05,0.449877304416567,0.39853083975679193,0.14821179398741202,0.0033447082843735616
asthma_v2_Bronchial_P11BronchialTc_53.wav,2,1,1,0,0.2833948030671114,0.14238141776918328,0.1544501530966743,0.18229758083994166,0.23747604522708937
asthma_v2_Bronchial_P11BronchialTc_55.wav,2,1,1,0,0.29978053248030817,0.13608295072688692,0.14791728327042483,0.17661600842720498,0.23960322509517512
asthma_v2_Bronchial_P12BronchialSc_56.wav,2,1,1,0,0.28265358842054605,0.1426714810724478,0.15475041525820551,0.18255518225707626,0.2373693329917245
asthma_v2_Bronchial_P12BronchialSc_58.wav,2,1,1,0,0.29957123415116593,0.13616206197522904,0.14799949123618408,0.17668841275578379,0.23957879988163708
asthma_v2_Bronchial_P12BronchialSc_60.wav,2,1,1,0,0.2999848689630537,0.1360057476575584,0.14783705445760337,0.17654532499346598,0.23962700392831862
asthma_v2_Bronchial_P12BronchialTc_57.wav,2,1,1,0,0.29759685085497684,0.13691001841580377,0.14877653474352848,0.17737165073443004,0.23934494525126096
asthma_v2_Bronchial_P12BronchialTc_59.wav,2,1,1,0,0.23347065877998152,0.16302590706122044,0.17568545197166865,0.19973070427176212,0.22808727791536726
asthma_v2_Bronchial_P3BronchialSc_12.wav,2,1,1,1,0.009560254093846853,0.3426985165048963,0.3413687329035674,0.24780806269765318,0.058564433800036356
asthma_v2_Bronchial_P3BronchialSc_14.wav,2,1,1,3,0.13715528499499494,0.21153106494369384,0.22437722672493646,0.23307217837414898,0.19386424496222573
asthma_v2_Bronchial_P3BronchialTc_11.wav,2,1,1,2,0.02888660911469665,0.3032476599899346,0.30957302984093427,0.2584655484287584,0.099827152625676
asthma_v2_Bronchial_P3BronchialTc_13.wav,2,1,1,0,0.2514936611955094,0.1552999392240313,0.16777096081936702,0.19342198520707132,0.23201345355402087
asthma_v2_Bronchial_P3BronchialTc_15.wav,2,1,1,3,0.11944906387083346,0.22235665768995633,0.23497550227239472,0.23890647779749088,0.1843122983693245
asthma_v2_Bronchial_P4BronchialSc_16.wav,2,1,1,0,0.23678962493296804,0.16157798863734604,0.17420524643719446,0.1985682520135932,0.22885888797889828
asthma_v2_Bronchial_P4BronchialSc_18.wav,2,1,1,2,0.07850975372382554,0.25143189034042057,0.2628365940925049,0.25121923721066725,0.15600252463258163
asthma_v2_Bronchial_P4BronchialSc_20.wav,2,1,1,1,0.0036870787443503282,0.36829261448894623,0.35942953629249996,0.23217318308614487,0.036417587388058566
asthma_v2_Bronchial_P4BronchialTc_17.wav,2,1,1,0,0.2617240959031378,0.1510568535276415,0.16340757762506958,0.18984708379803653,0.23396438914611467
asthma_v2_Bronchial_P4BronchialTc_19.wav,2,1,1,1,1.358699379354774e-06,0.49009921389938915,0.406103221506506,0.10318509811677087,0.0006111077779544924
asthma_v2_asthma_P16WheezingIE_77.wav,2,1,0,0,0.29764857972766173,0.136890383243847,0.1487561403991786,0.17735374477702334,0.23935115185228942
asthma_v2_asthma_P16WheezingIU_78.wav,2,1,0,0,0.2965800471724993,0.13729639986150854,0.14917780673168982,0.17772367283778895,0.23922207339651338
asthma_v2_asthma_P16WheezingRL_79.wav,2,1,0,0,0.26656600831969496,0.14908256967622077,0.161373342552941,0.18815730253375604,0.23482077691738715
asthma_v2_asthma_P16WheezingRS_76.wav,2,1,0,0,0.29810805543762864,0.1367160676943302,0.14857507468914866,0.17719470920842295,0.23940609297046964
asthma_v2_asthma_P16WheezingRS_80.wav,2,1,0,0,0.2946782120654895,0.1380212678400743,0.1499303608587688,0.17838237711719718,0.2389877821184703
asthma_v2_asthma_P17WheezingIE_81.wav,2,1,0,3,0.17846217115394958,0.18895727889740715,0.20194413357981167,0.21895146974148214,0.2116849466273494
asthma_v2_asthma_P17WheezingIE_85.wav,2,1,0,0,0.2998851187661915,0.13604343156629115,0.14787621573343473,0.17657982972419015,0.23961540420989244
asthma_v2_asthma_P17WheezingIU_82.wav,2,1,0,3,0.13025467065746468,0.215652847385465,0.22842547897660828,0.23536833720871997,0.19029866577174195
asthma_v2_asthma_P17WheezingRL_83.wav,2,1,0,0,0.3000497584667711,0.13598123764711098,0.14781158308231734,0.17652287953137483,0.2396345412724259
asthma_v2_asthma_P17WheezingRS_84.wav,2,1,0,0,0.2980629065447737,0.1367331889580594,0.14859285978430375,0.17721033536496408,0.23940070934789906
asthma_v2_asthma_P23WheezingIE_113.wav,2,1,0,0,0.2852427224443819,0.1416602445104857,0.15370339409232708,0.18165556759651919,0.2377380713562862
asthma_v2_asthma_P23WheezingIU_114.wav,2,1,0,0,0.23730913672805734,0.16135240489510164,0.17397450488773744,0.198386315013252,0.22897763847585162
asthma_v2_asthma_P23WheezingRL_111.wav,2,1,0,0,0.29670947507466006,0.13724717282448598,0.14912668769076484,0.17767885846947787,0.23923780594061134
asthma_v2_asthma_P23WheezingRL_115.wav,2,1,0,0,0.2990576580603549,0.1363563288481425,0.14820134608522953,0.17686609772810924,0.23951856927816387
asthma_v2_asthma_P23WheezingRS_112.wav,2,1,0,0,0.29709391581074324,0.13710103071139515,0.14897491988990352,0.1775457560119948,0.23928437757596324
asthma_v2_asthma_P26WheezingIE_129.wav,2,1,0,0,0.3000459889140514,0.13598266139048787,0.1478130626798142,0.17652418341825313,0.23963410359739337
asthma_v2_asthma_P26WheezingIU_126.wav,2,1,0,0,0.29816171795364566,0.1366957199779082,0.1485539378088128,0.17717613673553606,0.23941248752409736
asthma_v2_asthma_P26WheezingIU_130.wav,2,1,0,0,0.2939894310043731,0.1382844944956881,0.1502035608441698,0.17862102685808465,0.2389014867976843
asthma_v2_asthma_P26WheezingRL_127.wav,2,1,0,0,0.29677240325712034,0.13722324325272367,0.14910183786279615,0.1776570702204876,0.23924544540687226
asthma_v2_asthma_P26WheezingRS_128.wav,2,1,0,3,0.16820615438973563,0.194267058550665,0.20725875331436536,0.22250046519467112,0.20776756855056297
asthma_v2_asthma_P27WheezingIE_133.wav,2,1,0,0,0.29954323234487856,0.1361726487582095,0.14801049213369252,0.17669810000138747,0.23957552676183186
asthma_v2_asthma_P27WheezingIU_134.wav,2,1,0,0,0.2682346284839855,0.14840709827625387,0.16067678467602894,0.1875753340468655,0.23510615451686617
asthma_v2_asthma_P27WheezingRL_131.wav,2,1,0,0,0.2988018765211163,0.13645315785952133,0.14830194850104836,0.17695460217947354,0.2394884149388405
asthma_v2_asthma_P27WheezingRL_135.wav,2,1,0,0,0.2997958865049311,0.13607714849802424,0.14791125376822742,0.1766106970600676,0.23960501416874963
asthma_v2_asthma_P27WheezingRS_132.wav,2,1,0,0,0.2783039319393562,0.1443829260454866,0.15652095868812638,0.18406781293403549,0.23672437039299538
asthma_v2_asthma_P39WheezingIE_193.wav,2,1,0,0,0.25934983299159264,0.15203280962937102,0.16441224048376843,0.19067621912210592,0.23352889777316188
asthma_v2_asthma_P39WheezingIU_194.wav,2,1,0,0,0.3000342496385457,0.13598709533321185,0.14781767056018638,0.17652824403877052,0.23963274042928553
asthma_v2_asthma_P39WheezingRL_191.wav,2,1,0,0,0.3000612717916882,0.13597688918321804,0.1478070640184135,0.1765188970857695,0.2396358779209107
asthma_v2_asthma_P39WheezingRL_195.wav,2,1,0,0,0.29624851731507046,0.1374225549324264,0.14930880363559915,0.17783847267275918,0.23918165144414488
asthma_v2_asthma_P39WheezingRS_192.wav,2,1,0,0,0.2985952332750346,0.13653142211072752,0.14838325846460726,0.17702610894062906,0.23946397720900145
asthma_v2_asthma_P3AsthmaIE_13.wav,2,1,0,0,0.23457333697869387,0.1625435557788825,0.17519250234395298,0.19934447463406568,0.22834613026440503
asthma_v2_asthma_P3AsthmaIU_14.wav,2,1,0,0,0.28742361370990005,0.1408127397065544,0.15282540539514797,0.18089826800886105,0.23803997317953657
asthma_v2_asthma_P3AsthmaRL_11.wav,2,1,0,0,0.24751280981039936,0.15697816686102412,0.16949351590546183,0.19481446168390432,0.23120104573921027
asthma_v2_asthma_P3AsthmaRL_15.wav,2,1,0,0,0.2997361822048098,0.13609971155521966,0.14793470050393057,0.17663135050973566,0.2395980552263045
asthma_v2_asthma_P3AsthmaRS_12.wav,2,1,0,0,0.2589274509038932,0.15220698097025204,0.16459147000329746,0.190823757721429,0.23345034040112836
asthma_v2_asthma_P48WheezingIE_237.wav,2,1,0,0,0.2966541261007036,0.13726822283019238,0.14914854692088836,0.17769802282570968,0.23923108132250617
asthma_v2_asthma_P48WheezingIU_238.wav,2,1,0,0,0.2986221960040327,0.13652120834012738,0.14837264743188092,0.17701677851683306,0.23946716970712595
asthma_v2_asthma_P48WheezingRL_239.wav,2,1,0,0,0.28535670210315167,0.14161585482815434,0.15365741890889772,0.18161597823055473,0.23775404592924146
asthma_v2_asthma_P48WheezingRS_236.wav,2,1,0,0,0.3000257709139555,0.13599029782697392,0.14782099867596368,0.17653117684225117,0.2396317557408558
asthma_v2_asthma_P48WheezingRS_240.wav,2,1,0,0,0.2989012284398255,0.13641554102907988,0.1482628664384124,0.1769202240434606,0.23950014004922154
asthma_v2_asthma_P49WheezingIE_241.wav,2,1,0,4,0.223824828476027,0.1673020018167748,0.1800485569741448,0.20310976672936448,0.22571484600368896
asthma_v2_asthma_P49WheezingIE_245.wav,2,1,0,0,0.29927750675963033,0.1362731431814665,0.14811491407340913,0.1767900320179157,0.2395444039675783
asthma_v2_asthma_P49WheezingIU_242.wav,2,1,0,0,0.2924686342843376,0.13886701975922686,0.15080800447355486,0.17914812003227468,0.23870822145060605
asthma_v2_asthma_P49WheezingRL_243.wav,2,1,0,0,0.30005936676414957,0.13597760868537104,0.14780781174905747,0.17651955603160854,0.23963565676981335
asthma_v2_asthma_P49WheezingRS_244.wav,2,1,0,0,0.29615071131655135,0.1374597889370756,0.14934746480019628,0.17787234236910526,0.23916969257707155
asthma_v2_asthma_P57WheezingIE_281.wav,2,1,0,0,0.276724701826141,0.1450082610447087,0.15716742648497242,0.18461739533694693,0.23648221530723088
asthma_v2_asthma_P57WheezingIE_285.wav,2,1,0,1,0.0001725990140833509,0.4266507876121364,0.3905314367548681,0.17503761928642803,0.0076075573324841245
asthma_v2_asthma_P57WheezingIU_282.wav,2,1,0,0,0.2703187317015179,0.14756691865296206,0.1598099693471155,0.18684873314805453,0.23545564715035017
asthma_v2_asthma_P57WheezingRL_283.wav,2,1,0,4,0.1893067045790374,0.18352361336654247,0.19648277595570343,0.21518030825805692,0.21550659784065987
asthma_v2_asthma_P57WheezingRS_284.wav,2,1,0,4,0.21861093863419848,0.16965711862508182,0.18244620582475288,0.204936157118018,0.22434957979794898
asthma_v2_asthma_P5AsthmaIE_21.wav,2,1,0,0,0.29976897583725876,0.13608731805962318,0.14792182165791815,0.17662000619484564,0.23960187825035426
asthma_v2_asthma_P5AsthmaIE_25.wav,2,1,0,4,0.1982445908969468,0.1791741279584892,0.1920950388228029,0.21206191738427788,0.21842432493748334
asthma_v2_asthma_P5AsthmaIU_22.wav,2,1,0,0,0.2893011377672572,0.14008623247579088,0.15207240928602284,0.18024666209618942,0.23829355837473978
asthma_v2_asthma_P5AsthmaRL_23.wav,2,1,0,0,0.2407105427858487,0.15988240410600946,0.17247005554476455,0.19719527816562885,0.2297417193977484
asthma_v2_asthma_P5AsthmaRS_24.wav,2,1,0,0,0.28196709996436936,0.14294053619971167,0.15502888333857778,0.1827938069862978,0.2372696735110434
asthma_v2_asthma_P9AsthmaIE_41.wav,2,1,0,0,0.2977181129631868,0.13686399320666356,0.14872872964499553,0.1773296762676271,0.2393594879175271
asthma_v2_asthma_P9AsthmaIE_45.wav,2,1,0,0,0.27486427121658946,0.14574768385327827,0.15793151830956667,0.1852650955185301,0.23619143110203553
asthma_v2_asthma_P9AsthmaIU_42.wav,2,1,0,0,0.2999494562031277,0.13601912510871217,0.14785095646108976,0.17655757455218302,0.23962288767488724
asthma_v2_asthma_P9AsthmaRL_43.wav,2,1,0,0,0.2981877006469657,0.13668586868354568,0.14854370435093803,0.17716714429162303,0.23941558202692748
asthma_v2_asthma_P9AsthmaRS_44.wav,2,1,0,0,0.2997087181152403,0.13611009152956488,0.14794548690290574,0.17664085125979875,0.23959485219249035
asthma_v2_copd_P11COPDMc_82.wav,2,1,2,0,0.23548384187238103,0.16214624669287836,0.174786345118464,0.19902557215180852,0.22855799416446812
asthma_v2_copd_P11COPDMc_84.wav,2,1,2,0,0.2788791811501727,0.14415566925764903,0.1562859606995882,0.18386767339508908,0.23681151549750107
asthma_v2_copd_P11COPDMc_86.wav,2,1,2,3,0.17109140525040076,0.19275561805580843,0.20574821398694884,0.2215041071529728,0.20890065555386916
asthma_v2_copd_P11COPDMc_88.wav,2,1,2,0,0.2846730565482984,0.14188226282405056,0.1539333238875119,0.1818534512228571,0.23765790551728203
asthma_v2_copd_P11COPDPr_81.wav,2,1,2,0,0.25731251359361895,0.1528744475087932,0.16527813829949012,0.19138795191976002,0.23314694867833766
asthma_v2_copd_P11COPDPr_83.wav,2,1,2,0,0.299729801869112,0.13610212293287288,0.14793720630423993,0.17663355767492553,0.23959731121884958
asthma_v2_copd_P11COPDPr_85.wav,2,1,2,0,0.29840057819139554,0.13660517630980037,0.1484598794042308,0.17709347134854295,0.2394408947460303
asthma_v2_copd_P11COPDPr_87.wav,2,1,2,0,0.2997649726481495,0.13608883091566187,0.14792339376505204,0.17662139101371546,0.2396014116574211
asthma_v2_copd_P18COPDMc_138.wav,2,1,2,0,0.2994736605873364,0.136198954728413,0.14803782679381444,0.17672216875514957,0.2395673891352867
asthma_v2_copd_P18COPDMc_140.wav,2,1,2,0,0.29787502171511165,0.13680445528514892,0.14866688732866856,0.1772753650688289,0.2393782706022421
asthma_v2_copd_P18COPDMc_142.wav,2,1,2,0,0.23860613639398218,0.1607904540204712,0.17339955641979632,0.19793212280773853,0.229271730358012
asthma_v2_copd_P18COPDMc_144.wav,2,1,2,1,0.002759496916220729,0.3750756752864631,0.3638038316897199,0.22689668475052163,0.03146431135707478
asthma_v2_copd_P18COPDPr_137.wav,2,1,2,0,0.29428350325593416,0.1381720650281126,0.1500868768187634,0.178519130576047,0.2389384243211428
asthma_v2_copd_P18COPDPr_139.wav,2,1,2,0,0.2989436734750602,0.1363994727374855,0.1482461719965533,0.1769055373588546,0.2395051444320465
asthma_v2_copd_P18COPDPr_141.wav,2,1,2,0,0.28541914263439655,0.14159154172883975,0.15363223687666056,0.18159429081341114,0.23776278794669212
asthma_v2_copd_P18COPDPr_143.wav,2,1,2,0,0.24411429986194733,0.15842331935814308,0.17097534758442462,0.1960037506875998,0.23048328250788527
asthma_v2_copd_P23COPDMc_178.wav,2,1,2,3,0.15020077900467446,0.20403995096347782,0.21698059227215105,0.22867072998041907,0.20010794777927762
asthma_v2_copd_P23COPDMc_180.wav,2,1,2,4,0.19888735996028012,0.17886559240118946,0.19178325696847642,0.21183738373036545,0.21862640693968852
asthma_v2_copd_P23COPDMc_182.wav,2,1,2,1,0.006935750230922453,0.3519760914086758,0.3481839395314762,0.2429428349886237,0.04996138384030193
asthma_v2_copd_P23COPDMc_184.wav,2,1,2,1,0.00431142249506578,0.3644624322343128,0.3568793054104945,0.23494974482388906,0.039397095036237915
asthma_v2_copd_P23COPDPr_177.wav,2,1,2,3,0.13269995814466812,0.21417880490150526,0.22697953344121463,0.23455759390560513,0.19158410960700697
asthma_v2_copd_P23COPDPr_179.wav,2,1,2,4,0.19986627932612294,0.17839677070208215,0.19130936865639556,0.21149536460987986,0.21893221670551943
asthma_v2_copd_P23COPDPr_181.wav,2,1,2,3,0.15670105235194248,0.20044089758715278,0.21340960835723935,0.22645385304136967,0.20299458866229572
asthma_v2_copd_P23COPDPr_183.wav,2,1,2,1,0.008550994218460282,0.34601104414269773,0.3438350280846159,0.24617682665166296,0.055426106902563096
asthma_v2_copd_P25COPDMc_194.wav,2,1,2,3,0.17700084886088763,0.1897033356465101,0.2026922133767826,0.2194583187565776,0.211145283359242
asthma_v2_copd_P25COPDMc_196.wav,2,1,2,4,0.1900960871574162,0.18313492577484525,0.1960912454523704,0.21490521789338426,0.2157725237219839
asthma_v2_copd_P25COPDMc_198.wav,2,1,2,1,4.255576638116398e-26,0.7487855541153475,0.2508497791691926,0.00036466671543112275,2.880336260305842e-14
asthma_v2_copd_P25COPDMc_200.wav,2,1,2,2,0.03738215508423375,0.291755873011308,0.299610558806484,0.25873836955943436,0.11251304353853994
asthma_v2_copd_P25COPDPr_193.wav,2,1,2,3,0.18700065568109184,0.18466429108918314,0.197631137840998,0.2159835284226572,0.21472038696606985
asthma_v2_copd_P25COPDPr_195.wav,2,1,2,3,0.1565477164151271,0.2005248393059239,0.21349302020903735,0.22650630087411056,0.20292812319580109
asthma_v2_copd_P25COPDPr_197.wav,2,1,2,1,1.2500743617497735e-55,0.9210074471475632,0.07899250431029473,4.8542142117785355e-08,5.437617555752593e-30
asthma_v2_copd_P25COPDPr_199.wav,2,1,2,1,8.994657236900011e-28,0.763160808767339,0.23661797891471925,0.00022121231793800083,3.7075978165380075e-15
asthma_v2_copd_P26COPDMc_202.wav,2,1,2,2,0.028474574420763527,0.3038569336345295,0.31009356874335553,0.258417759627628,0.09915716357372344
asthma_v2_copd_P26COPDMc_204.wav,2,1,2,1,0.0024370476068804577,0.3778709094403081,0.365552181433952,0.22459301509647833,0.029546846422381097
asthma_v2_copd_P26COPDMc_206.wav,2,1,2,2,0.06629691039727055,0.26172899862530563,0.27245967881778876,0.2542846274953911,0.14522978466424402
asthma_v2_copd_P26COPDMc_208.wav,2,1,2,1,0.00473495754581811,0.36210635104068795,0.35528260534643424,0.2365830393498759,0.04129304671718371
asthma_v2_copd_P26COPDPr_201.wav,2,1,2,2,0.03536458633194099,0.29432207525839066,0.30185823539802137,0.2587790095381273,0.10967609347351963
asthma_v2_copd_P26COPDPr_203.wav,2,1,2,1,0.004260484477964451,0.36475787808905286,0.3570780361337361,0.2347408968906677,0.039162704408578726
asthma_v2_copd_P26COPDPr_205.wav,2,1,2,1,0.0010112588576149648,0.39605282882347764,0.3761147729329069,0.20793732232708598,0.018883817058914384
asthma_v2_copd_P26COPDPr_207.wav,2,1,2,2,0.03871592028608036,0.29010649986823595,0.2981592544873459,0.25868224311795746,0.1143360822403803
asthma_v2_copd_P31COPDMc_242.wav,2,1,2,2,0.04979691302670775,0.2775859777696144,0.2869820648783755,0.2575171633042477,0.1281178810210546
asthma_v2_copd_P31COPDMc_244.wav,2,1,2,1,6.038585302779278e-08,0.5220571207673178,0.4059858017323469,0.0718376106689654,0.0001194064455167859
asthma_v2_copd_P31COPDMc_246.wav,2,1,2,0,0.28777826592038913,0.14067528771838597,0.15268296709007043,0.1807751587001125,0.23808832057104198
asthma_v2_copd_P31COPDMc_248.wav,2,1,2,0,0.3000616833694071,0.13597673373646085,0.14780690247291497,0.17651875472177475,0.23963592569944234
asthma_v2_copd_P31COPDPr_241.wav,2,1,2,1,0.0008883116287663075,0.39853053509564446,0.377441951931487,0.20546671521384416,0.01767248613025814
asthma_v2_copd_P31COPDPr_243.wav,2,1,2,1,0.0017529798329859825,0.38498876342381694,0.3698569124590833,0.2184036098748695,0.024997734409244222
asthma_v2_copd_P31COPDPr_245.wav,2,1,2,0,0.29945274487385154,0.13620686395960516,0.14804604523054374,0.1767294047660763,0.2395649411699233
asthma_v2_copd_P31COPDPr_247.wav,2,1,2,0,0.28400319424791776,0.14214367379553214,0.1542040104809791,0.1820861770103667,0.23756294446520426
asthma_v2_copd_P36COPDMc_282.wav,2,1,2,3,0.18280737391179328,0.18675868697959988,0.19973706534710128,0.21744238410382072,0.21325448965768493
asthma_v2_copd_P36COPDMc_284.wav,2,1,2,3,0.13088270316075687,0.21527281864294992,0.2280528876685433,0.23516043275561826,0.19063115777213174
asthma_v2_copd_P36COPDMc_286.wav,2,1,2,1,1.6331422436420062e-06,0.4880361620504961,0.40591690572289496,0.10537244710700773,0.0006728519773574873
asthma_v2_copd_P36COPDMc_288.wav,2,1,2,2,0.039301743722111045,0.2893931933071441,0.2975300213860527,0.25865077199030306,0.11512426959438908
asthma_v2_copd_P36COPDPr_281.wav,2,1,2,1,7.101792631880658e-07,0.4972059251122697,0.40657008963215363,0.09578814957285198,0.00043512550346158554
asthma_v2_copd_P36COPDPr_283.wav,2,1,2,3,0.18182881605749118,0.1872512694342369,0.20023187164682593,0.2177824826518101,0.21290556020963594
asthma_v2_copd_P36COPDPr_285.wav,2,1,2,1,4.134253507970092e-06,0.4772773069890758,0.4045825772973696,0.11704265168325494,0.0010933297767916365
asthma_v2_copd_P36COPDPr_287.wav,2,1,2,1,5.50633900543017e-05,0.4436884773809785,0.396652497187767,0.15539393939950158,0.004210022641698679
asthma_v2_copd_P39COPDMc_306.wav,2,1,2,0,0.2702321782247821,0.14760173504784352,0.15984589846168518,0.18687890287006637,0.23544128539562295
asthma_v2_copd_P39COPDMc_308.wav,2,1,2,3,0.15522323343208072,0.20125180257417963,0.21421514689262,0.2269590383916701,0.20235077870944945
asthma_v2_copd_P39COPDMc_310.wav,2,1,2,3,0.17265076832578696,0.19194460313190925,0.204936930252617,0.2209649079943695,0.2095027902953172
asthma_v2_copd_P39COPDMc_312.wav,2,1,2,2,0.060100892728896,0.2673768197793344,0.2776755875990909,0.2556500757683478,0.13919662412433093
asthma_v2_copd_P39COPDPr_305.wav,2,1,2,2,0.09940922702279778,0.23574335070748442,0.24791996187989535,0.2452114448614179,0.1717160155284046
asthma_v2_copd_P39COPDPr_307.wav,2,1,2,3,0.16385871829079157,0.1965717492082034,0.20955852192196237,0.22399827040538337,0.20601274017365928
asthma_v2_copd_P39COPDPr_309.wav,2,1,2,3,0.15614437331639525,0.20074586058130073,0.21371261803095257,0.22664422883312332,0.202752919238228
asthma_v2_copd_P39COPDPr_311.wav,2,1,2,3,0.18017698016665581,0.18808611070884582,0.20107005441641035,0.21835626081359857,0.21231059389448942
asthma_v2_copd_P43COPDMc_338.wav,2,1,2,2,0.025648767102715013,0.3081976323515635,0.3137784515143595,0.25797703438382424,0.09439811464753782
asthma_v2_copd_P43COPDMc_340.wav,2,1,2,3,0.11942072276315639,0.2223746715704624,0.23499304424228903,0.23891565121248623,0.184295910211606
asthma_v2_copd_P43COPDMc_342.wav,2,1,2,0,0.2526788247175788,0.1548032906749412,0.16726083887532428,0.19300756168785016,0.23224948404430557
asthma_v2_copd_P43COPDMc_344.wav,2,1,2,2,0.021586961752492466,0.31502472918998,0.31948661391403393,0.25692035063345925,0.08698134451003442
asthma_v2_copd_P43COPDPr_337.wav,2,1,2,2,0.02579248164655882,0.3079695658062775,0.3135858916683692,0.25800460609201364,0.09464745478678081
asthma_v2_copd_P43COPDPr_339.wav,2,1,2,4,0.22567152354237408,0.16647532948339497,0.17920604267832807,0.2024628259302892,0.22618427836561378
asthma_v2_copd_P43COPDPr_341.wav,2,1,2,0,0.2483460278888528,0.1566256134771468,0.16913180454836585,0.19452295073117445,0.23137360335446022
asthma_v2_copd_P43COPDPr_343.wav,2,1,2,2,0.10178764587993783,0.23408044254019014,0.24632228838578427,0.24448526457200956,0.17332435862207807
asthma_v2_copd_P49COPDMc_386.wav,2,1,2,0,0.28369183966864775,0.1422653050035737,0.1543299429130093,0.18219436243940554,0.23751854997536356
asthma_v2_copd_P49COPDMc_388.wav,2,1,2,0,0.24775801920601553,0.15687434186033453,0.16938700246614463,0.1947286693850703,0.23125196708243498
asthma_v2_copd_P49COPDMc_390.wav,2,1,2,0,0.2969010342289645,0.1371743386628442,0.14905105145480738,0.17761253429263138,0.23926104136075255
asthma_v2_copd_P49COPDMc_392.wav,2,1,2,0,0.2980345037927407,0.13674396060075092,0.14860404897600693,0.1772201657430868,0.23939732088741478
asthma_v2_copd_P49COPDPr_385.wav,2,1,2,0,0.2968922956122301,0.13717766061329206,0.14905450127864323,0.17761555981253152,0.23925998268330317
asthma_v2_copd_P49COPDPr_387.wav,2,1,2,0,0.2887268034035316,0.14030816724902123,0.15230247085855075,0.18044595329305838,0.23821660519583818
asthma_v2_copd_P49COPDPr_389.wav,2,1,2,0,0.23434139324641495,0.16264490827788572,0.1752960948732985,0.19942571477928106,0.2282918888231198
asthma_v2_copd_P49COPDPr_391.wav,2,1,2,0,0.29745768869745165,0.13696285175731868,0.14883140964558866,0.17741982309397586,0.23932822680566504
asthma_v2_healthy_P12Healthy16S.wav,2,1,3,2,0.0821032759687486,0.24857937731254987,0.26014640472677686,0.2502437064476553,0.15892723554426932
asthma_v2_healthy_P12Healthy67S.wav,2,1,3,3,0.11616838090804263,0.22445781411348378,0.2370194442004452,0.23996421047871627,0.18239015029931208
asthma_v2_healthy_P12Healthy93S.wav,2,1,3,3,0.14322106639082294,0.20800125761503238,0.220898115355595,0.23103445938910325,0.1968451012494464
asthma_v2_healthy_P12Healthy98S.wav,2,1,3,2,0.07107898904709067,0.2575766827913251,0.2685962360023175,0.2531361171073757,0.14961197505189094
asthma_v2_healthy_P12Healthy99S.wav,2,1,3,3,0.12326395938106761,0.21995307379858015,0.23263203335390473,0.2376662975193577,0.1864846359470898
asthma_v2_healthy_P17Healthy22S.wav,2,1,3,4,0.20591185154611905,0.17552952578539277,0.18840764727703285,0.20938169658127084,0.22076927881018446
asthma_v2_healthy_P17Healthy35S.wav,2,1,3,3,0.18694188707087345,0.18469346266255796,0.19766049299985178,0.2160039898329716,0.21470016743374523
asthma_v2_healthy_P17Healthy58S.wav,2,1,3,3,0.183478100608193,0.1864219038202424,0.19939865432341225,0.2172091942200075,0.21349214702814484
asthma_v2_healthy_P17Healthy71S.wav,2,1,3,3,0.14623647452345032,0.20627712851377483,0.21919472543287197,0.23001557738337214,0.1982760941465308
asthma_v2_healthy_P17Healthy83S.wav,2,1,3,4,0.1896932635747404,0.18333316139375114,0.19629094521559667,0.21504560574385126,0.21563702407206053
asthma_v2_healthy_P1Healthy29S.wav,2,1,3,2,0.06182426085962772,0.2657730684239482,0.2761991756677219,0.2552858077355114,0.1409176873131908
asthma_v2_healthy_P1Healthy55S.wav,2,1,3,2,0.0907899494644019,0.2419639336417011,0.25386912450018895,0.24777892417588698,0.1655980682178211
asthma_v2_healthy_P1Healthy86S.wav,2,1,3,2,0.05117423202994357,0.2761527282618385,0.285685485834574,0.25730324623954015,0.1296843076341038
asthma_v2_healthy_P1Healthy88S.wav,2,1,3,2,0.060723284343711076,0.2667945560568252,0.2771399939031141,0.2555199989507634,0.1398221667455862
asthma_v2_healthy_P1Healthy99S.wav,2,1,3,3,0.1313525986539016,0.21498913680606227,0.22777466981151953,0.23500473102137845,0.1908788637071381
asthma_v2_healthy_P24Healthy51S.wav,2,1,3,0,0.22770516532413312,0.1655694128304098,0.17828222433506233,0.20175038709256762,0.22669281041782713
asthma_v2_healthy_P24Healthy58S.wav,2,1,3,0,0.239904338878526,0.16022973843380256,0.1728256602906379,0.19747755127369368,0.22956271112333995
asthma_v2_healthy_P24Healthy62S.wav,2,1,3,0,0.2534887668214122,0.15446466042567383,0.16691292932423665,0.1927243834343448,0.2324092599943325
asthma_v2_healthy_P24Healthy63S.wav,2,1,3,0,0.25817787771400635,0.15251648152306743,0.16490991030021457,0.19108561001331947,0.23331012044939212
asthma_v2_healthy_P24Healthy95S.wav,2,1,3,0,0.26066874105588805,0.1514900195960662,0.16385356093286077,0.1902155906829905,0.23377208773219438
asthma_v2_healthy_P3Healthy44S.wav,2,1,3,2,0.0716540082726287,0.257088382687391,0.26814036278189735,0.2529931803951179,0.15012406586296506
asthma_v2_healthy_P3Healthy49S.wav,2,1,3,3,0.154755981746134,0.20150907569669918,0.21447060165961396,0.22711862674227176,0.20214571415528115
asthma_v2_healthy_P3Healthy57S.wav,2,1,3,0,0.23873846050598618,0.16073322079240338,0.1733409875044288,0.19788578692856928,0.22930154426861227
asthma_v2_healthy_P3Healthy60S.wav,2,1,3,2,0.09594718906528993,0.23820412076147898,0.25027859205680075,0.2462554438850676,0.16931465423136277
asthma_v2_healthy_P3Healthy84S.wav,2,1,3,3,0.15206188946033927,0.20300087995267377,0.21595075660348523,0.22803742580111477,0.200949048182387
asthma_v2_healthy_P8Healthy33S.wav,2,1,3,2,0.08467922651837341,0.246577988032139,0.2582528826864874,0.24952756406738774,0.16096233869561244
asthma_v2_healthy_P8Healthy35S.wav,2,1,3,0,0.2770564506237032,0.1448767203816901,0.15703146102218954,0.18450192771707355,0.23653344025534367
asthma_v2_healthy_P8Healthy48S.wav,2,1,3,0,0.27229484777783863,0.14677381264823378,0.1589913066039092,0.18616007415686808,0.2357799588131504
asthma_v2_healthy_P8Healthy70S.wav,2,1,3,0,0.2436868115603682,0.1586059227230337,0.17116248687996294,0.1961533775830998,0.23039140125353533
asthma_v2_healthy_P8Healthy82S.wav,2,1,3,3,0.18756528638201678,0.18438427890675568,0.1973493306045307,0.21578692006641728,0.21491418404027945
asthma_v2_pneumonia_P13Pneumonia20R.wav,2,1,4,0,0.23177614140993766,0.16376969936520558,0.1764452774557001,0.20032426887086013,0.22768461289829653
asthma_v2_pneumonia_P13Pneumonia26N.wav,2,1,4,3,0.18331815705445292,0.18650215205157697,0.19947929834401262,0.2172648070868162,0.2134355854631413
asthma_v2_pneumonia_P13Pneumonia33Z.wav,2,1,4,0,0.27910779422349175,0.1440654317390044,0.15619264031915034,0.1837881424349408,0.2368459912834126
asthma_v2_pneumonia_P13Pneumonia60R.wav,2,1,4,0,0.22751483754345908,0.16565400123015897,0.17836850816429625,0.2018170637720272,0.22664558929005857
asthma_v2_pneumonia_P13Pneumonia94T.wav,2,1,4,4,0.19174561531006376,0.18232559787551325,0.19527563345602206,0.21433015887666423,0.21632299448173659
asthma_v2_pneumonia_P13Pneumonia99T.wav,2,1,4,0,0.28602395787909407,0.14135620456564232,0.15338846980792725,0.1813842391025515,0.2378471286447848
asthma_v2_pneumonia_P20Pneumonia27V.wav,2,1,4,0,0.247592319578855,0.15694449481108627,0.16945897273428598,0.19478664304528476,0.231217569830488
asthma_v2_pneumonia_P20Pneumonia31P.wav,2,1,4,0,0.2623023833055692,0.15081993299044055,0.163163595381087,0.1896451876159963,0.23406890070690697
asthma_v2_pneumonia_P20Pneumonia37V.wav,2,1,4,0,0.24042144960304662,0.16000687606042696,0.17259750060619747,0.19729649516366152,0.2296776785666673
asthma_v2_pneumonia_P20Pneumonia42B.wav,2,1,4,0,0.24027270767812758,0.16007095197239135,0.17266310297448528,0.1973485734499254,0.2296446639250705
asthma_v2_pneumonia_P20Pneumonia58T.wav,2,1,4,0,0.28077591055266793,0.14340833357164906,0.15551293834420196,0.18320796343950485,0.23709485409197625
asthma_v2_pneumonia_P20Pneumonia84L.wav,2,1,4,4,0.20306807602869378,0.1768722865985775,0.1897672979266508,0.2103762322654321,0.2199161071806458
asthma_v2_pneumonia_P21Pneumonia12C.wav,2,1,4,0,0.22671961983132807,0.16600786102747567,0.1787294071629584,0.2020956495998263,0.22644746237841168
asthma_v2_pneumonia_P21Pneumonia24G.wav,2,1,4,0,0.23197094692615375,0.1636840334000179,0.17635778404878796,0.2002560294911852,0.2277312061338551
asthma_v2_pneumonia_P21Pneumonia56M.wav,2,1,4,0,0.23140786323575033,0.16393176270792753,0.17661078429074803,0.20045327601457696,0.22759631375099712
asthma_v2_pneumonia_P21Pneumonia69Q.wav,2,1,4,3,0.1136640642164146,0.2260839318219116,0.23859824722609355,0.24076570951627166,0.18088804721930857
asthma_v2_pneumonia_P21Pneumonia78P.wav,2,1,4,3,0.15998469060542436,0.1986540595928904,0.21163265271294057,0.22532906431143274,0.2043995327773119
asthma_v2_pneumonia_P21Pneumonia95A.wav,2,1,4,0,0.23839177215259982,0.16088321024552776,0.1734944726793157,0.1980071875669123,0.22922335735564445
asthma_v2_pneumonia_P33Pneumonia50P.wav,2,1,4,0,0.24980076683955607,0.15601172196151628,0.16850177068925587,0.1940140638131517,0.23167167669652014
asthma_v2_pneumonia_P33Pneumonia70D.wav,2,1,4,0,0.24049991151626665,0.15997308497986573,0.17256290342595199,0.19726902392696674,0.22969507615094897
asthma_v2_pneumonia_P33Pneumonia74T.wav,2,1,4,3,0.18620271814093128,0.1850608075333603,0.19803009433549248,0.21626130908490312,0.21444507090531284
asthma_v2_pneumonia_P33Pneumonia88U.wav,2,1,4,0,0.2575409322686856,0.15277989161994612,0.16518087982139495,0.1913081426500638,0.23319015363990964
asthma_v2_pneumonia_P33Pneumonia94C.wav,2,1,4,0,0.23853219274867526,0.16082244430179563,0.1734322923190888,0.19795801581311392,0.22925505481732636
asthma_v2_pneumonia_P33Pneumonia94P.wav,2,1,4,0,0.24256282343104243,0.15908692329898572,0.17165532937645722,0.19654681849682273,0.23014810539669187
asthma_v2_pneumonia_P34Pneumonia15R.wav,2,1,4,0,0.263766042965322,0.15022165078983865,0.16254731940903064,0.18913427777005906,0.23433070906574963
asthma_v2_pneumonia_P34Pneumonia36H.wav,2,1,4,0,0.23974558552402625,0.16029821282325005,0.17289575559170708,0.1975331371009599,0.22952730896005677
asthma_v2_pneumonia_P34Pneumonia61E.wav,2,1,4,2,0.041552299916925516,0.28671233605697055,0.2951567315532143,0.25849404180331514,0.11808459066957441
asthma_v2_pneumonia_P34Pneumonia66M.wav,2,1,4,0,0.27003728722034,0.14768015474743287,0.15992682159309593,0.18694683752690563,0.2354088989122256
asthma_v2_pneumonia_P34Pneumonia77O.wav,2,1,4,0,0.24900743886710255,0.1563462437649498,0.16884511959806642,0.19429156913433634,0.2315096286355448
asthma_v2_pneumonia_P34Pneumonia99G.wav,2,1,4,0,0.2723625383373746,0.14674670595808204,0.15896331935671734,0.18613648976964406,0.23579094657818195
asthma_v2_pneumonia_P36Pneumonia56V.wav,2,1,4,0,0.2968297255878639,0.13720144810595894,0.14907920423502652,0.17763722329071113,0.23925239878043958
asthma_v2_pneumonia_P36Pneumonia57U.wav,2,1,4,0,0.28898395498895735,0.14020876549509298,0.15219943301164585,0.18035671912701845,0.2382511273772854
asthma_v2_pneumonia_P36Pneumonia79Z.wav,2,1,4,3,0.10706873272804107,0.23046391782659228,0.24283732102003538,0.24284923780443615,0.176780790620895
asthma_v2_pneumonia_P36Pneumonia83N.wav,2,1,4,4,0.20665272287609057,0.17518141592895303,0.18805494599134026,0.20912252193983683,0.22098839326377923
asthma_v2_pneumonia_P36Pneumonia85U.wav,2,1,4,3,0.18318486926790928,0.1865690560136705,0.19954652850211524,0.21731114895080456,0.21338839726550052
asthma_v2_pneumonia_P36Pneumonia86S.wav,2,1,4,0,0.3000546468114378,0.13597939135731588,0.14780966435984785,0.1765211886569889,0.23963510881440958
asthma_v2_pneumonia_P37Pneumonia44I.wav,2,1,4,0,0.29939152764074556,0.13623001506913687,0.14807010119385555,0.17675058377240757,0.23955777232385442
asthma_v2_pneumonia_P37Pneumonia73K.wav,2,1,4,0,0.27856492952360823,0.1442797820729023,0.15641430529354897,0.1839770037837805,0.23676397932616003
asthma_v2_pneumonia_P37Pneumonia73X.wav,2,1,4,0,0.30003142907158153,0.13598816068163072,0.1478187776989949,0.176529219676257,0.2396324128715359
asthma_v2_pneumonia_P37Pneumonia83S.wav,2,1,4,0,0.29786615338964395,0.13680781979698597,0.14867038212114575,0.17727843461616705,0.23937721007605725
asthma_v2_pneumonia_P37Pneumonia84E.wav,2,1,4,0,0.27952849532838064,0.14389948933900157,0.1560210152789392,0.18364179842688744,0.2369092016267911
asthma_v2_pneumonia_P37Pneumonia95J.wav,2,1,4,3,0.14432222988752724,0.20736934733342488,0.22027410966248445,0.23066281231296595,0.19737150080359758
asthma_v2_pneumonia_P47Pneumonia14M.wav,2,1,4,0,0.2649721105937817,0.14973012877326664,0.16204084194347662,0.18871338785906025,0.23454353083041474
asthma_v2_pneumonia_P47Pneumonia19A.wav,2,1,4,0,0.2859890962683385,0.14136976126527467,0.15340251305658914,0.18139634560287865,0.23784228380691905
asthma_v2_pneumonia_P47Pneumonia24N.wav,2,1,4,3,0.12420692029946373,0.2193653124823422,0.2320581176191233,0.237358169582417,0.18701148001665377
asthma_v2_pneumonia_P47Pneumonia69D.wav,2,1,4,2,0.10216110682600282,0.2338213081791831,0.24607304798967825,0.24437061327028245,0.17357392373485334
asthma_v2_pneumonia_P47Pneumonia74Q.wav,2,1,4,0,0.23974316992127231,0.16029925493619654,0.17289682234904832,0.19753398290427865,0.22952676988920423
asthma_v2_pneumonia_P47Pneumonia98K.wav,2,1,4,3,0.15966798857042716,0.19882551169406548,0.21180327186014347,0.22543768104213013,0.20426554683323384
asthma_v2_Bronchial_P14BronchialSc_66.wav,2,2,1,0,0.26455488269393607,0.1505659875176974,0.15959462137883057,0.19145597747444096,0.23382853093509495
asthma_v2_Bronchial_P14BronchialSc_68.wav,2,2,1,0,0.2797233949681968,0.14407609111850592,0.15296517036904572,0.18632465746679977,0.23691068607745178
asthma_v2_Bronchial_P14BronchialSc_70.wav,2,2,1,0,0.2328736114950617,0.16490518980213256,0.174169813362239,0.20207596966651864,0.22597541567404816
asthma_v2_Bronchial_P14BronchialTc_67.wav,2,2,1,0,0.22997661072025105,0.1662740947001836,0.17555591068369783,0.20303794049318044,0.22515544340268698
asthma_v2_Bronchial_P14BronchialTc_69.wav,2,2,1,3,0.18322148687347914,0.18994394771847448,0.19936803251412177,0.21821775643610092,0.20924877645782364
asthma_v2_Bronchial_P16BronchialSc_76.wav,2,2,1,2,0.06400718121518291,0.2737878720424835,0.28078428868335387,0.2474590278684603,0.13396163019051938
asthma_v2_Bronchial_P16BronchialSc_78.wav,2,2,1,1,7.773793182734829e-14,0.6046669201209504,0.3907333315406216,0.004599720097409064,2.8240941138176583e-08
asthma_v2_Bronchial_P16BronchialSc_80.wav,2,2,1,2,0.11772881229794584,0.229910567965433,0.23883005431103757,0.237288676920012,0.1762418885055715
asthma_v2_Bronchial_P16BronchialTc_77.wav,2,2,1,2,0.05582055388664721,0.28217682541886624,0.2885977931699408,0.24793236899484375,0.125472458529702
asthma_v2_Bronchial_P16BronchialTc_79.wav,2,2,1,2,0.11220130992021134,0.2338090892293132,0.24262202887315262,0.23867611241369732,0.17269145956362558
asthma_v2_Bronchial_P17BronchialSc_82.wav,2,2,1,4,0.2045430790614986,0.17875823208673058,0.1881523532380181,0.2113893449458963,0.21715699066785651
asthma_v2_Bronchial_P17BronchialSc_84.wav,2,2,1,2,0.053806531359805766,0.28435014311105605,0.29060927330620534,0.2479707292487108,0.12326332297422214
asthma_v2_Bronchial_P17BronchialTc_81.wav,2,2,1,3,0.15686247424222283,0.20486108447334325,0.21421434673792983,0.22633433251216026,0.19772776203434392
asthma_v2_Bronchial_P17BronchialTc_83.wav,2,2,1,3,0.16894317844869966,0.19785998704902363,0.20726280320394277,0.22266813429703824,0.20326589700129577
asthma_v2_Bronchial_P17BronchialTc_85.wav,2,2,1,3,0.1811702092097348,0.191058911208048,0.2004821759567819,0.21886393308320196,0.20842477054223327
asthma_v2_Bronchial_P19BronchialSc_92.wav,2,2,1,2,0.10297357438962414,0.24056631804697978,0.24916747751873847,0.24086860499192145,0.16642402505273618
asthma_v2_Bronchial_P19BronchialSc_94.wav,2,2,1,4,0.20605763687773912,0.1779900065565622,0.18737957508363456,0.2108975152869819,0.21767526619508237
asthma_v2_Bronchial_P19BronchialTc_91.wav,2,2,1,1,0.00035311809051167485,0.43451109077182815,0.4061877123974245,0.15063918239014856,0.008308896350087153
asthma_v2_Bronchial_P19BronchialTc_93.wav,2,2,1,2,0.08297940047483011,0.25649028454661676,0.26444658343320754,0.2449275910972987,0.1511561404480468
asthma_v2_Bronchial_P19BronchialTc_95.wav,2,2,1,4,0.19919701745917154,0.18149676987412344,0.1909045463954274,0.21311882927767797,0.2152828369935995
asthma_v2_Bronchial_P7BronchialSc_32.wav,2,2,1,2,0.1018395844088939,0.24141991758954776,0.24999180610507754,0.24112609323407544,0.16562259866240545
asthma_v2_Bronchial_P7BronchialSc_34.wav,2,2,1,3,0.12999838020165452,0.2216100243552748,0.2307199837893605,0.23404373997878056,0.18362787167492964
asthma_v2_Bronchial_P7BronchialTc_31.wav,2,2,1,3,0.14063960148766222,0.21476147335655998,0.223992944268883,0.23107571216454822,0.1895302687223466
asthma_v2_Bronchial_P7BronchialTc_33.wav,2,2,1,3,0.13957703435895277,0.2154319144764807,0.22465286654529804,0.23137766638735235,0.1889605182319162
asthma_v2_Bronchial_P7BronchialTc_35.wav,2,2,1,3,0.18923282704627808,0.1867172785089894,0.19613979592449085,0.21631232921010274,0.2115977693101389
asthma_v2_Bronchial_P9BronchialSc_42.wav,2,2,1,3,0.15134001813375003,0.20816338635208678,0.21748290095949507,0.22797415597905338,0.19503953857561473
asthma_v2_Bronchial_P9BronchialSc_44.wav,2,2,1,3,0.1480296434236352,0.21017567133495052,0.21947127897843116,0.22894491439512113,0.19337849186786196
asthma_v2_Bronchial_P9BronchialTc_41.wav,2,2,1,3,0.1514238584783574,0.20811274668772442,0.217432830049991,0.2279494474057833,0.19508111737814385
asthma_v2_Bronchial_P9BronchialTc_43.wav,2,2,1,3,0.19408043527910845,0.18415809298424646,0.1935752510307867,0.2147638375718238,0.2134223831340346
asthma_v2_Bronchial_P9BronchialTc_45.wav,2,2,1,2,0.10244534798450358,0.24096327142666635,0.24955089045370082,0.24098889508015436,0.16605159505497485
asthma_v2_asthma_P18WheezingIE_89.wav,2,2,0,0,0.2804363396571309,0.14377658788212275,0.15265874424763515,0.18608297398958198,0.23704535422352907
asthma_v2_asthma_P18WheezingIU_86.wav,2,2,0,0,0.27199270494122907,0.14735523047938526,0.1563173285956589,0.18894260239628302,0.23539213358744382
asthma_v2_asthma_P18WheezingIU_90.wav,2,2,0,0,0.2765478707352615,0.14541603046255086,0.1543355628200989,0.18740064848129068,0.23629988750079822
asthma_v2_asthma_P18WheezingRL_87.wav,2,2,0,0,0.2799459459107069,0.14398254688857193,0.1528694684519746,0.18624921838182143,0.236952820366925
asthma_v2_asthma_P18WheezingRS_88.wav,2,2,0,0,0.2558617791347052,0.15439071755673736,0.16349214276154275,0.1943854092585603,0.23186995128845433
asthma_v2_asthma_P19WheezingIE_93.wav,2,2,0,0,0.2468073480198153,0.1584605727572342,0.1676316447249403,0.19742540292974287,0.22967503156826727
asthma_v2_asthma_P19WheezingIU_94.wav,2,2,0,0,0.27699244886206686,0.1452278515438364,0.1541431583837158,0.18725005794887967,0.2363864832615012
asthma_v2_asthma_P19WheezingRL_91.wav,2,2,0,0,0.23668586274803732,0.1631193035978893,0.1723600785375795,0.20080733137485485,0.22702742374163912
asthma_v2_asthma_P19WheezingRL_95.wav,2,2,0,0,0.2799113501630989,0.1439970853189716,0.15288434249627544,0.18626094570780052,0.23694627631385348
asthma_v2_asthma_P19WheezingRS_92.wav,2,2,0,0,0.2800144037190479,0.1439537817185931,0.15284003895548617,0.18622601216452503,0.23696576344234782
asthma_v2_asthma_P24WheezingIE_117.wav,2,2,0,0,0.2790254111624351,0.14436978003306572,0.153265606649419,0.18656123111275805,0.23677797104232207
asthma_v2_asthma_P24WheezingIU_118.wav,2,2,0,0,0.2802067385309114,0.14387298881774852,0.15275737806817524,0.18616081148912136,0.23700208309404355
asthma_v2_asthma_P24WheezingRL_119.wav,2,2,0,0,0.27154832554926417,0.14754550221599144,0.1565116805237174,0.18909292513788595,0.235301566573141
asthma_v2_asthma_P24WheezingRS_116.wav,2,2,0,0,0.2561075240124796,0.15428150111982009,0.16338094594731611,0.19430273256877184,0.23192729635161247
asthma_v2_asthma_P24WheezingRS_120.wav,2,2,0,0,0.28042364962605076,0.14378191464030318,0.15266419450119734,0.18608727616513904,0.2370429650673098
asthma_v2_asthma_P31WheezingIE_153.wav,2,2,0,0,0.2624675145538874,0.1514771739392782,0.16052378992727284,0.19216024348446106,0.23337127809510053
asthma_v2_asthma_P31WheezingIU_154.wav,2,2,0,0,0.2804412290773291,0.1437745355436188,0.15265664432421236,0.18608131637461092,0.2370462746802288
asthma_v2_asthma_P31WheezingRL_151.wav,2,2,0,0,0.27945529924296486,0.1441888419319892,0.1530805163971988,0.18641552996555602,0.23685981246229126
asthma_v2_asthma_P31WheezingRL_155.wav,2,2,0,0,0.27604096176898235,0.1456308263385628,0.15455516139059944,0.18757233166815623,0.23620071883369922
asthma_v2_asthma_P31WheezingRS_152.wav,2,2,0,4,0.21257133142430668,0.1747232376670292,0.18408995068318523,0.20877358998092116,0.21984189024455766
asthma_v2_asthma_P32WheezingIE_157.wav,2,2,0,0,0.275442541256595,0.14588472047133294,0.15481470422850271,0.18777498009912913,0.2360830539444402
asthma_v2_asthma_P32WheezingIU_158.wav,2,2,0,0,0.2803506312316828,0.14381256777007118,0.15269555803192958,0.18611203063025758,0.23702921233605875
asthma_v2_asthma_P32WheezingRL_159.wav,2,2,0,0,0.280458208630887,0.14376740853770814,0.1526493520582006,0.18607555993928984,0.23704947083391448
asthma_v2_asthma_P32WheezingRS_156.wav,2,2,0,0,0.28044541889871283,0.14377277688046528,0.1526548448836296,0.1860798959367196,0.23704706340047269
asthma_v2_asthma_P32WheezingRS_160.wav,2,2,0,0,0.28034769493502626,0.1438138005339998,0.15269681935648022,0.18611302607577573,0.23702865909871793
asthma_v2_asthma_P38WheezingIE_189.wav,2,2,0,0,0.2663828073842616,0.14977172698754296,0.15878436084226222,0.1908388351814671,0.23422226960446604
asthma_v2_asthma_P38WheezingIU_186.wav,2,2,0,0,0.28030829608049623,0.14383034239833836,0.1527137443926616,0.1861263827733964,0.23702123435510744
asthma_v2_asthma_P38WheezingIU_190.wav,2,2,0,0,0.2783188644950063,0.1446675476817083,0.1535701737675592,0.18680066776627485,0.23664274628945134
asthma_v2_asthma_P38WheezingRL_187.wav,2,2,0,0,0.2768637627251618,0.1452823015155304,0.1541988327421032,0.1872936491065077,0.23636145391069688
asthma_v2_asthma_P38WheezingRS_188.wav,2,2,0,0,0.2676031453751758,0.1492433650801231,0.15824518781945832,0.19042662050298173,0.2344816812222611
asthma_v2_asthma_P42WheezingIE_209.wav,2,2,0,0,0.2795370055035231,0.14415447211900154,0.15304535612134093,0.18638783577909615,0.23687533047703832
asthma_v2_asthma_P42WheezingIU_206.wav,2,2,0,0,0.2804442694545476,0.1437732593540459,0.15265533854428015,0.1860802856226878,0.2370468470244386
asthma_v2_asthma_P42WheezingIU_210.wav,2,2,0,0,0.2795426219757383,0.14415210977945803,0.15304293943044386,0.18638593206704834,0.23687639674731154
asthma_v2_asthma_P42WheezingRL_207.wav,2,2,0,0,0.2747386386469962,0.1461838146437921,0.15512041350667038,0.18801330875359537,0.23594382444894596
asthma_v2_asthma_P42WheezingRS_208.wav,2,2,0,0,0.2804104226641696,0.14378746694348407,0.1526698755145394,0.1860917603580009,0.2370404745198061
asthma_v2_asthma_P51WheezingIE_253.wav,2,2,0,0,0.27726503716291656,0.1451125662718777,0.15402527612282374,0.18715771677716755,0.23643940366521443
asthma_v2_asthma_P51WheezingIU_254.wav,2,2,0,0,0.27699372167119046,0.14522731306998538,0.15414260779448816,0.187249626790423,0.23638673067391305
asthma_v2_asthma_P51WheezingRL_251.wav,2,2,0,0,0.2804146592293286,0.14378568853552864,0.15266805588218088,0.1860903240828935,0.23704127227006838
asthma_v2_asthma_P51WheezingRL_255.wav,2,2,0,0,0.2509423603674474,0.15659077443686625,0.16573085515876895,0.1960386418277159,0.23069736820920142
asthma_v2_asthma_P51WheezingRS_252.wav,2,2,0,0,0.2796575136169967,0.14410379192632514,0.15299350932972783,0.18634698882615985,0.23689819630079048
asthma_v2_asthma_P53WheezingIE_261.wav,2,2,0,0,0.28032929664239886,0.14382152499220546,0.1527047227582809,0.18611926333861978,0.23702519226849497
asthma_v2_asthma_P53WheezingIE_265.wav,2,2,0,3,0.14342479373232356,0.21301755314398674,0.22227501224620255,0.23027881486512017,0.19100382601236704
asthma_v2_asthma_P53WheezingIU_262.wav,2,2,0,0,0.27343790557682307,0.14673778294512257,0.15568652182572063,0.1884535966018326,0.23568419305050112
asthma_v2_asthma_P53WheezingRL_263.wav,2,2,0,0,0.2630771336891584,0.15121059575021886,0.16025199219439348,0.19195461454977034,0.23350566381645887
asthma_v2_asthma_P53WheezingRS_264.wav,2,2,0,3,0.19524284013608986,0.18354994245928566,0.19296529717766034,0.2143910425692801,0.21385087765768407
asthma_v2_asthma_P6AsthmaIE_29.wav,2,2,0,0,0.28039922691100216,0.14379216673317416,0.15267468424056868,0.1860955559218954,0.2370383661933596
asthma_v2_asthma_P6AsthmaIU_26.wav,2,2,0,0,0.2804590408238659,0.1437670592396912,0.15264899466008994,0.18607527780733643,0.23704962746901664
asthma_v2_asthma_P6AsthmaIU_30.wav,2,2,0,0,0.27856784287340086,0.14456256330276013,0.15346279687258021,0.18671629778556975,0.23669049916568893
asthma_v2_asthma_P6AsthmaRL_27.wav,2,2,0,0,0.2801587834540754,0.14389312970876775,0.15277798491844624,0.1861770683196767,0.2369930335990338
asthma_v2_asthma_P6AsthmaRS_28.wav,2,2,0,0,0.2734661133743071,0.14672575192944837,0.1556742287034197,0.18844405012136697,0.2356898558714578
asthma_v2_copd_P12COPDMc_90.wav,2,2,2,0,0.2799859623366054,0.14396573191137996,0.15285226518328096,0.186235653429948,0.23696038713878584
asthma_v2_copd_P12COPDMc_92.wav,2,2,2,0,0.2803966920250382,0.14379323085243514,0.1526757730235837,0.18609641529300516,0.2370378888059377
asthma_v2_copd_P12COPDMc_94.wav,2,2,2,0,0.2798075005188556,0.14404073369975331,0.15292899788320188,0.18629614828369281,0.23692661961449643
asthma_v2_copd_P12COPDMc_96.wav,2,2,2,1,0.004462958266430525,0.3815808170723876,0.37261614900501505,0.20774347906838048,0.03359659658778636
asthma_v2_copd_P12COPDPr_89.wav,2,2,2,0,0.2804509352467951,0.1437704614377868,0.15265247575146942,0.18607802577624272,0.23704810178770602
asthma_v2_copd_P12COPDPr_91.wav,2,2,2,0,0.27641770235164076,0.14547116377130473,0.15439193095874565,0.18744473683856835,0.23627446607974054
asthma_v2_copd_P12COPDPr_93.wav,2,2,2,0,0.2796198365298375,0.14411963569110742,0.1530097179298035,0.1863597598238867,0.236891050025365
asthma_v2_copd_P12COPDPr_95.wav,2,2,2,1,0.0020952033533347815,0.4000340890347464,0.38553453719153147,0.1901024064097464,0.02223376401064107
asthma_v2_copd_P19COPDMc_146.wav,2,2,2,2,0.053034408966415245,0.2851961027235578,0.29139076611276193,0.24797609789609495,0.12240262430116997
asthma_v2_copd_P19COPDMc_148.wav,2,2,2,2,0.04687297534005931,0.2922263989332464,0.29785234075219164,0.24780974254451185,0.1152385424299908
asthma_v2_copd_P19COPDMc_150.wav,2,2,2,3,0.18445140267520782,0.18927886923126722,0.19870310870016927,0.2178293117409276,0.20973730765242818
asthma_v2_copd_P19COPDMc_152.wav,2,2,2,3,0.1713619894415473,0.19649278258728553,0.20590186646179778,0.2219224474898459,0.20432091401952351
asthma_v2_copd_P19COPDPr_145.wav,2,2,2,1,0.01386180540885964,0.34665928067221635,0.34539287756137615,0.23238041413983854,0.06170562221770943
asthma_v2_copd_P19COPDPr_147.wav,2,2,2,2,0.08857574653880286,0.2518318427465387,0.2599990176896811,0.24390560839249573,0.1556877846324817
asthma_v2_copd_P19COPDPr_149.wav,2,2,2,3,0.19586755569630182,0.18322396887869133,0.19263827373371084,0.21419046137947265,0.21407974031182334
asthma_v2_copd_P19COPDPr_151.wav,2,2,2,2,0.10338162425360879,0.24026046148694857,0.2488719693975876,0.24077527019615483,0.16671067466570014
asthma_v2_copd_P24COPDMc_186.wav,2,2,2,2,0.07553764361486731,0.26297209699283197,0.2706024225121446,0.24611369381304704,0.144774143067109
asthma_v2_copd_P24COPDMc_188.wav,2,2,2,3,0.17831846301498813,0.19262107132020823,0.20204199853922863,0.21975866005536152,0.20725980707021346
asthma_v2_copd_P24COPDMc_190.wav,2,2,2,3,0.18106670152224255,0.19111536405853527,0.20053856854225768,0.21889648255353017,0.2083828833234343
asthma_v2_copd_P24COPDMc_192.wav,2,2,2,3,0.18351777773402747,0.18978349392527352,0.1992076388624654,0.21812424692771268,0.20936684255052082
asthma_v2_copd_P24COPDPr_185.wav,2,2,2,2,0.10703509804533394,0.23755180147302626,0.246251769345676,0.23992412919695938,0.16923720193900452
asthma_v2_copd_P24COPDPr_187.wav,2,2,2,2,0.07761010349396417,0.26113153236827025,0.2688583764559381,0.24580522303899738,0.14659476464283022
asthma_v2_copd_P24COPDPr_189.wav,2,2,2,3,0.1824729895785477,0.19034995544738323,0.19977382310598146,0.2184537877869374,0.2089494440811502
asthma_v2_copd_P24COPDPr_191.wav,2,2,2,3,0.1759117772212157,0.19395060688480803,0.20336844417373412,0.2205103533456753,0.20625881837456683
asthma_v2_copd_P29COPDMc_226.wav,2,2,2,2,0.01823803601957977,0.3363283897098687,0.3367741429931174,0.23738360432380962,0.07127582695362458
asthma_v2_copd_P29COPDMc_228.wav,2,2,2,1,0.004564695004146351,0.3809817325662268,0.37217793738759286,0.20826544662007146,0.03401018842196262
asthma_v2_copd_P29COPDMc_230.wav,2,2,2,2,0.05575398795142163,0.28224790825749535,0.28866366807284083,0.2479341802735321,0.12540025544471017
asthma_v2_copd_P29COPDMc_232.wav,2,2,2,2,0.04518403020947204,0.2942493366945589,0.29970036386467347,0.2476908901180992,0.11317537911319651
asthma_v2_copd_P29COPDPr_225.wav,2,2,2,2,0.06374280257661902,0.2740486283215269,0.28102829809837415,0.2474813838908594,0.1336988871126205
asthma_v2_copd_P29COPDPr_227.wav,2,2,2,1,0.00261368720607905,0.3949414501357453,0.38208611679311477,0.19526169952993602,0.025097046335124953
asthma_v2_copd_P29COPDPr_229.wav,2,2,2,1,0.0011587803314365725,0.4126582442886717,0.3936654408222235,0.17646711388565353,0.016050420672014776
asthma_v2_copd_P29COPDPr_231.wav,2,2,2,2,0.06090726036793787,0.276885949990349,0.2836787457268744,0.2476932336417073,0.1308348102731316
asthma_v2_copd_P32COPDMc_250.wav,2,2,2,3,0.1552609697453538,0.20581187869650966,0.2151561169358133,0.22681239486202803,0.19695863976029515
asthma_v2_copd_P32COPDMc_252.wav,2,2,2,0,0.2776072023707847,0.14496795660237038,0.1538773999900399,0.18704179720444605,0.23650564383235892
asthma_v2_copd_P32COPDMc_254.wav,2,2,2,0,0.2803948032650368,0.14379402373859146,0.1526765842866083,0.1860970556156848,0.2370375330940786
asthma_v2_copd_P32COPDMc_256.wav,2,2,2,0,0.27999233790935757,0.14396305302495244,0.15284952442367636,0.18623349219762067,0.23696159244439313
asthma_v2_copd_P32COPDPr_249.wav,2,2,2,0,0.27870584115906877,0.14450440051785984,0.15340330635828342,0.18666953289602298,0.236716919068765
asthma_v2_copd_P32COPDPr_251.wav,2,2,2,0,0.28032796331377524,0.14382208479805994,0.1527052955314165,0.1861197153535328,0.23702494100321558
asthma_v2_copd_P32COPDPr_253.wav,2,2,2,0,0.280131632227416,0.14390453406002696,0.15278965302434103,0.18618627254112546,0.23698790814709075
asthma_v2_copd_P32COPDPr_255.wav,2,2,2,0,0.27461287387604105,0.1462373041205443,0.15517508154260806,0.18805588579929897,0.23591885466150755
asthma_v2_copd_P40COPDMc_314.wav,2,2,2,2,0.026884383176883457,0.32000762594403814,0.3227352378280552,0.24323438614283016,0.08713836690819309
asthma_v2_copd_P40COPDMc_316.wav,2,2,2,4,0.20680158445083163,0.1776138652249327,0.18700109001383242,0.2106556410870345,0.21792781922336868
asthma_v2_copd_P40COPDMc_318.wav,2,2,2,0,0.227788375931561,0.16731495002592586,0.17660920316549286,0.20376329818096728,0.22452417269605301
asthma_v2_copd_P40COPDMc_320.wav,2,2,2,3,0.1825277850212313,0.19032020030301317,0.19974408703992025,0.21843651809029832,0.208971409545537
asthma_v2_copd_P40COPDPr_313.wav,2,2,2,2,0.10168608680137592,0.2415358729317137,0.2501037407466792,0.24116073028570453,0.16551356923452662
asthma_v2_copd_P40COPDPr_315.wav,2,2,2,4,0.21321523299463782,0.17440351801909065,0.1837676919988248,0.2085629015271731,0.22005065546027364
asthma_v2_copd_P40COPDPr_317.wav,2,2,2,4,0.21933883413539973,0.17139099188371604,0.1807286221462514,0.20655311873311355,0.2219884331015193
asthma_v2_copd_P40COPDPr_319.wav,2,2,2,4,0.2063395337722622,0.17784738557035873,0.18723607428526934,0.21080588636979455,0.21777112000231527
asthma_v2_copd_P44COPDMc_346.wav,2,2,2,4,0.22016840619424344,0.17098672335293222,0.18032043297235537,0.20628003681998944,0.22224440066047943
asthma_v2_copd_P44COPDMc_348.wav,2,2,2,0,0.22808190866175745,0.16717498219780294,0.17646759489307307,0.2036660626100812,0.22460945163728546
asthma_v2_copd_P44COPDMc_350.wav,2,2,2,1,0.0003298142726161655,0.43565355104342135,0.40678353840763554,0.14923379411455326,0.007999302161773638
asthma_v2_copd_P44COPDMc_352.wav,2,2,2,4,0.21952684794091198,0.17129928938241046,0.18063603771188833,0.20649124400382327,0.22204658096096597
asthma_v2_copd_P44COPDPr_345.wav,2,2,2,2,0.07103121038783021,0.26707714862534854,0.2744805480708466,0.24671929852467545,0.14069179439129917
asthma_v2_copd_P44COPDPr_347.wav,2,2,2,0,0.22835776425809276,0.16704354157634255,0.17633460469718568,0.20357466426543952,0.2246894252029396
asthma_v2_copd_P44COPDPr_349.wav,2,2,2,1,0.00040619495779616266,0.4321336735148279,0.4049282394980362,0.15355039114714686,0.00898150088219283
asthma_v2_copd_P44COPDPr_351.wav,2,2,2,1,0.00031876354882132775,0.43621984993487745,0.4070765943097094,0.14853572737734447,0.007849064829247111
asthma_v2_copd_P48COPDMc_378.wav,2,2,2,0,0.2775202834838819,0.14500468051876808,0.1539149543688187,0.18707124471684905,0.23648883691168232
asthma_v2_copd_P48COPDMc_380.wav,2,2,2,0,0.2304808526648204,0.16603508797729855,0.17531397049330047,0.20287063784315845,0.22529945102142218
asthma_v2_copd_P48COPDMc_382.wav,2,2,2,0,0.27990362481334014,0.14400033195673637,0.1528876640677583,0.18626356444752964,0.23694481471463558
asthma_v2_copd_P48COPDMc_384.wav,2,2,2,0,0.2698136847929257,0.14829010945924673,0.15727208926245845,0.18967952699335877,0.2349445894920104
asthma_v2_copd_P48COPDPr_377.wav,2,2,2,0,0.2794289687153565,0.14419991925346015,0.15309184836439207,0.18642445453823583,0.23685480912855553
asthma_v2_copd_P48COPDPr_379.wav,2,2,2,0,0.2777580230176383,0.1449042509859616,0.1538122522425212,0.1869906987454288,0.23653477500845005
asthma_v2_copd_P48COPDPr_381.wav,2,2,2,0,0.28008802758711693,0.14392285082351453,0.15280839328112888,0.1862010543246277,0.23697967398361192
asthma_v2_copd_P48COPDPr_383.wav,2,2,2,0,0.27315337032810844,0.1468591849422235,0.15581056482558647,0.18854988892035465,0.23562699098372694
asthma_v2_copd_P5COPDMc_34.wav,2,2,2,0,0.28036923481012216,0.14380475750347227,0.15268756680074708,0.18610572374245052,0.23703271714320787
asthma_v2_copd_P5COPDMc_36.wav,2,2,2,3,0.157672668435779,0.20438217572755626,0.21373977286649812,0.22609172788404316,0.19811365508612347
asthma_v2_copd_P5COPDMc_38.wav,2,2,2,0,0.26209519320211044,0.15164017439714889,0.16068996503742522,0.19228580822815752,0.23328885913515798
asthma_v2_copd_P5COPDMc_40.wav,2,2,2,4,0.20471671723988363,0.17866998961673947,0.1880636038395395,0.21133299902495223,0.21721669027888518
asthma_v2_copd_P5COPDPr_33.wav,2,2,2,0,0.28014573406019705,0.1438986107682435,0.15278359274902661,0.1861814920499176,0.23699057037261517
asthma_v2_copd_P5COPDPr_35.wav,2,2,2,0,0.24982388936852634,0.15709466158132826,0.16624326292060973,0.1964140124148348,0.23042417371470084
asthma_v2_copd_P5COPDPr_37.wav,2,2,2,3,0.17008946857006518,0.19721067833289177,0.2066166080160907,0.22231519761120078,0.20376804746975158
asthma_v2_copd_P5COPDPr_39.wav,2,2,2,0,0.2616841603311347,0.1518202897326905,0.1608735734694194,0.1924244088440008,0.23319756762275465
asthma_v2_healthy_P11Healthy18S.wav,2,2,3,3,0.14638504143939376,0.2111848332149451,0.2204674859153427,0.22942357363303378,0.1925390657972846
asthma_v2_healthy_P11Healthy30S.wav,2,2,3,3,0.1519841090770856,0.2077747608154454,0.2170985991124643,0.22778418409122436,0.19535834690378037
asthma_v2_healthy_P11Healthy38S.wav,2,2,3,0,0.22598080125624145,0.16817925436828426,0.17748341626403086,0.20436162136672326,0.2239949067447202
asthma_v2_healthy_P11Healthy60S.wav,2,2,3,3,0.15931167141742206,0.20341760187903749,0.21278350398534465,0.2255994289025778,0.19888779381561802
asthma_v2_healthy_P11Healthy73S.wav,2,2,3,4,0.1997825457947614,0.18119475911625021,0.19060122789029607,0.21292992374742498,0.21549154345126725
asthma_v2_healthy_P13Healthy28S.wav,2,2,3,4,0.19837543541965416,0.1819214070749659,0.19133093881115934,0.21338366988427607,0.21498854880994453
asthma_v2_healthy_P13Healthy42S.wav,2,2,3,4,0.19901537392312107,0.181590565068826,0.19099873769234602,0.2131774052431973,0.2152179180725096
asthma_v2_healthy_P13Healthy48S.wav,2,2,3,0,0.23245716431352398,0.16510134042099814,0.17436848557780277,0.20221436803155987,0.22585864165611513
asthma_v2_healthy_P13Healthy53S.wav,2,2,3,3,0.1412197385320777,0.2143966322227984,0.22363370375321878,0.2309103640572554,0.1898395614346498
asthma_v2_healthy_P13Healthy69S.wav,2,2,3,3,0.13483052324616698,0.218462462295649,0.2276321654922025,0.23271182218847766,0.1863630267775038
asthma_v2_healthy_P20Healthy25S.wav,2,2,3,0,0.26321097331986726,0.15115212094085498,0.16019236788584595,0.19190946355605124,0.2335350742973806
asthma_v2_healthy_P20Healthy31S.wav,2,2,3,4,0.20625556157065586,0.17788985796246778,0.1872788098165978,0.21083318387126734,0.2177425867790113
asthma_v2_healthy_P20Healthy59S.wav,2,2,3,0,0.2707620147390119,0.1478826604782202,0.15685602645616498,0.18935886799525484,0.235140430331348
asthma_v2_healthy_P20Healthy70S.wav,2,2,3,3,0.17166571877915743,0.19632188288524863,0.20573167315953217,0.22182855943932903,0.20445216573673275
asthma_v2_healthy_P20Healthy84S.wav,2,2,3,2,0.03820625861182453,0.30313356723066637,0.3077531079543217,0.2467815734590985,0.10412549274408885
asthma_v2_healthy_P2Healthy30S.wav,2,2,3,0,0.24375524722197295,0.15985298768343525,0.1690460205020468,0.19844717090920605,0.228898573683339
asthma_v2_healthy_P2Healthy43S.wav,2,2,3,4,0.19909688823078667,0.18154846740464908,0.19095646283655357,0.2131511202720115,0.21524706125599907
asthma_v2_healthy_P2Healthy54S.wav,2,2,3,3,0.16239657061926685,0.20161725207570164,0.21099714217423568,0.22466749955615456,0.20032153557464125
asthma_v2_healthy_P2Healthy72S.wav,2,2,3,0,0.27402342794916495,0.14648820988302172,0.15543149750106644,0.18825542090343825,0.23580144376330867
asthma_v2_healthy_P2Healthy89S.wav,2,2,3,0,0.24392045361362477,0.15977734731060048,0.1689692117487763,0.19839190521257913,0.2289410821144194
asthma_v2_healthy_P4Healthy12S.wav,2,2,3,0,0.22492770552830435,0.16868470113680245,0.17799448104487697,0.20470983896239947,0.22368327332761687
asthma_v2_healthy_P4Healthy22S.wav,2,2,3,0,0.23113044788215895,0.16572764613461824,0.1750027127182238,0.20265502384469833,0.22548416942030086
asthma_v2_healthy_P4Healthy62S.wav,2,2,3,2,0.05003132931057249,0.2885579391362482,0.2944880896350674,0.24794387966690284,0.118978762251209
asthma_v2_healthy_P4Healthy69S.wav,2,2,3,4,0.20496956515191328,0.1785415711509511,0.18793444021522426,0.21125093055172892,0.21730349293018245
asthma_v2_healthy_P4Healthy77S.wav,2,2,3,2,0.04498747906760727,0.29448770135482155,0.29991777622264226,0.24767476276671851,0.11293228058821038
asthma_v2_pneumonia_P10Pneumonia52A.wav,2,2,4,0,0.2307540995695249,0.16590570190625767,0.17518298432553392,0.20277995312518438,0.22537726107349912
asthma_v2_pneumonia_P10Pneumonia73G.wav,2,2,4,0,0.22682234908403323,0.16777635120146173,0.17707594141657776,0.20408315938922764,0.22424219890869979
asthma_v2_pneumonia_P10Pneumonia80J.wav,2,2,4,0,0.2485680194240074,0.1576620971513729,0.16682014467992534,0.19683526106831692,0.23011447767637747
asthma_v2_pneumonia_P10Pneumonia88R.wav,2,2,4,4,0.21495167641988708,0.17354413783343237,0.18290122181709648,0.20799410307943567,0.2206088608501483
asthma_v2_pneumonia_P10Pneumonia93W.wav,2,2,4,3,0.18345679953174493,0.1898165039743528,0.1992406377257417,0.21814349522458076,0.20934256354357986
asthma_v2_pneumonia_P10Pneumonia97B.wav,2,2,4,4,0.2215017624799144,0.17033883750238432,0.1796660878942352,0.20584072890165248,0.22265258322181364
asthma_v2_pneumonia_P11Pneumonia12W.wav,2,2,4,0,0.2570232896621487,0.15387507558277247,0.16296709997240963,0.1939945656726528,0.2321399691100164
asthma_v2_pneumonia_P11Pneumonia18T.wav,2,2,4,0,0.2572539736795595,0.15377283679223117,0.1628629819060705,0.19391691954259185,0.23219328807954703
asthma_v2_pneumonia_P11Pneumonia41N.wav,2,2,4,3,0.1538155596610262,0.2066747799764314,0.21601034507628875,0.22724212230980403,0.19625719297644958
asthma_v2_pneumonia_P11Pneumonia58A.wav,2,2,4,3,0.15410305306343827,0.20650278368510397,0.2158401143634256,0.22715678268484935,0.19639726620318293
asthma_v2_pneumonia_P11Pneumonia65P.wav,2,2,4,0,0.25532309443237083,0.1546303517237621,0.1637361018023572,0.19456661118737617,0.23174384085413358
asthma_v2_pneumonia_P11Pneumonia98J.wav,2,2,4,0,0.26671538905226255,0.14962758149761293,0.15863727917281126,0.19072650933241297,0.23429324094490034
asthma_v2_pneumonia_P18Pneumonia15Q.wav,2,2,4,3,0.1407569369597197,0.21468761418194912,0.22392022591226982,0.23104229734055803,0.1895929256055034
asthma_v2_pneumonia_P18Pneumonia16E.wav,2,2,4,4,0.20993489265871476,0.17603829712436342,0.18541488874819834,0.20963490641576946,0.21897701505295408
asthma_v2_pneumonia_P18Pneumonia23E.wav,2,2,4,3,0.1595891790648828,0.20325484298006447,0.21262209048796432,0.22551587759526937,0.19901800987181897
asthma_v2_pneumonia_P18Pneumonia50S.wav,2,2,4,4,0.21747321827384183,0.17230346621859605,0.18164963478099133,0.20716655717519958,0.22140712355137118
asthma_v2_pneumonia_P18Pneumonia84N.wav,2,2,4,2,0.07780531390192845,0.2609596259281466,0.2686953224411456,0.24577525635612363,0.1467644813726558
asthma_v2_pneumonia_P18Pneumonia88I.wav,2,2,4,0,0.2551014017324,0.15472906232090397,0.16383658579026397,0.19464117202874706,0.23169177812768496
asthma_v2_pneumonia_P23Pneumonia19A.wav,2,2,4,0,0.24092542683849136,0.16115349381013933,0.17036617146835195,0.19939305465808924,0.22816185322492805
asthma_v2_pneumonia_P23Pneumonia40O.wav,2,2,4,4,0.2202385701099979,0.1709525723789274,0.18028594693023622,0.20625693141612875,0.22226597916470972
asthma_v2_pneumonia_P23Pneumonia54P.wav,2,2,4,4,0.21527010247854855,0.17338699070423125,0.18274273646475292,0.20788970051812297,0.2207104698343443
asthma_v2_pneumonia_P23Pneumonia60Y.wav,2,2,4,4,0.20103791503334384,0.1805489817914036,0.18995248895064687,0.21252447496048696,0.21593613926411878
asthma_v2_pneumonia_P23Pneumonia90V.wav,2,2,4,4,0.1991409563471318,0.1815257128169126,0.19093361207390983,0.21313690907776622,0.2152628096842797
asthma_v2_pneumonia_P23Pneumonia97P.wav,2,2,4,0,0.24401390507551496,0.15973457399333493,0.16892577647974197,0.19836064121418218,0.228965103237226
asthma_v2_pneumonia_P26Pneumonia12X.wav,2,2,4,0,0.24016715435912947,0.16150354620288793,0.17072136813378236,0.1996462609871431,0.22796167031705714
asthma_v2_pneumonia_P26Pneumonia66S.wav,2,2,4,4,0.2201968206831041,0.17097289235465826,0.18030646634549305,0.20627067991619752,0.22225314070054697
asthma_v2_pneumonia_P26Pneumonia72P.wav,2,2,4,0,0.23466865821930327,0.16406210854427827,0.17331567331301828,0.20147899394044427,0.22647456598295593
asthma_v2_pneumonia_P26Pneumonia83Z.wav,2,2,4,4,0.21482430681108913,0.1736070347267814,0.1829646507115577,0.20803585547237155,0.22056815227820017
asthma_v2_pneumonia_P26Pneumonia84P.wav,2,2,4,3,0.16934645666925838,0.19763126718851706,0.20703520839674372,0.22254406034208263,0.20344300740339816
asthma_v2_pneumonia_P26Pneumonia89E.wav,2,2,4,0,0.25835129016793157,0.1532872817350698,0.16236843255704067,0.19354747525431584,0.23244552028564214
asthma_v2_pneumonia_P28Pneumonia22W.wav,2,2,4,0,0.2531535720108987,0.15559862928446544,0.16472157003491011,0.19529597461838938,0.23123025405133638
asthma_v2_pneumonia_P28Pneumonia43J.wav,2,2,4,0,0.25080309854340854,0.15665343879363297,0.1657945859257095,0.19608539011830603,0.23066348661894287
asthma_v2_pneumonia_P28Pneumonia56Y.wav,2,2,4,0,0.2602008504335284,0.15247174303829517,0.1615375301820213,0.1929244088680243,0.2328654674781309
asthma_v2_pneumonia_P28Pneumonia65J.wav,2,2,4,0,0.2471441492518633,0.15830756297804446,0.1674761634001482,0.19731255333050693,0.22975957103943703
asthma_v2_pneumonia_P28Pneumonia71A.wav,2,2,4,0,0.25074083890091253,0.1566814609810811,0.16582308436748144,0.19610628886326928,0.2306483268872558
asthma_v2_pneumonia_P28Pneumonia90E.wav,2,2,4,3,0.16591393423179054,0.19958805632394896,0.20898137266805553,0.2235968089542207,0.20191982782198423
asthma_v2_pneumonia_P38Pneumonia23A.wav,2,2,4,0,0.27938709822621244,0.14421753564375228,0.1531098696013144,0.18643864617492925,0.23684685035379158
asthma_v2_pneumonia_P38Pneumonia34H.wav,2,2,4,0,0.2804583815996304,0.14376733593713856,0.152649277774055,0.186075501299038,0.23704950339013806
asthma_v2_pneumonia_P38Pneumonia35P.wav,2,2,4,0,0.23359136285356383,0.16456761582571172,0.17382785433367445,0.2018373506581526,0.2261758163288974
asthma_v2_pneumonia_P38Pneumonia41S.wav,2,2,4,0,0.28023193926627543,0.14386240551487964,0.1527465498440136,0.18615226833804033,0.23700683703679107
asthma_v2_pneumonia_P38Pneumonia61R.wav,2,2,4,0,0.2790603497493284,0.1443550679166785,0.15325055749832214,0.18654938998781523,0.2367846348478557
asthma_v2_pneumonia_P38Pneumonia64N.wav,2,2,4,0,0.28043735375037704,0.14377616221370298,0.1526583087099555,0.1860826301910642,0.23704554513490025
asthma_v2_pneumonia_P40Pneumonia18H.wav,2,2,4,0,0.2804313536179201,0.1437786808000013,0.1526608856892476,0.18608466435853413,0.23704441553429695
asthma_v2_pneumonia_P40Pneumonia32Q.wav,2,2,4,3,0.18323161064024684,0.18993846281868462,0.19936254991008476,0.21821456208969672,0.20925281454128697
asthma_v2_pneumonia_P40Pneumonia69N.wav,2,2,4,0,0.2778699246539318,0.1448569986709857,0.15376392901660907,0.18695278495012513,0.23655636270834834
asthma_v2_pneumonia_P40Pneumonia90Y.wav,2,2,4,0,0.27537090814875653,0.14591513588969265,0.1548457942871135,0.18779923576369534,0.23606892591074194
asthma_v2_pneumonia_P40Pneumonia91V.wav,2,2,4,0,0.2803854265595609,0.1437979600539649,0.1526806118302962,0.18610023447884547,0.23703576707733254
asthma_v2_pneumonia_P40Pneumonia92J.wav,2,2,4,0,0.27938848041412634,0.14421695408180493,0.1531092746766872,0.18643817769659562,0.23684711313078585
asthma_v2_pneumonia_P41Pneumonia17O.wav,2,2,4,0,0.26521160469851496,0.15028023907054025,0.15930315152827168,0.19123429882182227,0.23397070588085078
asthma_v2_pneumonia_P41Pneumonia25E.wav,2,2,4,0,0.274898203702798,0.14611597169877785,0.15505107379219893,0.18795928675988233,0.23597546404634281
asthma_v2_pneumonia_P41Pneumonia31S.wav,2,2,4,0,0.2745071582982881,0.14628227837025926,0.15522104568039358,0.188091674195527,0.23589784345553208
asthma_v2_pneumonia_P41Pneumonia41D.wav,2,2,4,0,0.2753251876013613,0.14593455144976433,0.15486564027163813,0.18781471694920834,0.23605990372802782
asthma_v2_pneumonia_P41Pneumonia71Q.wav,2,2,4,0,0.2801895280695453,0.14388021687258223,0.1527647733659851,0.1861666458771298,0.23699883581475767
asthma_v2_pneumonia_P41Pneumonia72U.wav,2,2,4,0,0.27984764305923493,0.14402386042347703,0.15291173543238293,0.18628254100970523,0.23693422007519988
asthma_v2_pneumonia_P6Pneumonia15U.wav,2,2,4,0,0.23140532583817194,0.16559770721888714,0.17487114664390754,0.2025637577884717,0.22556206251056166
asthma_v2_pneumonia_P6Pneumonia17Q.wav,2,2,4,0,0.2345381177287667,0.16412328861568615,0.17337766792180956,0.20152243059317462,0.22643849514056286
asthma_v2_pneumonia_P6Pneumonia32L.wav,2,2,4,4,0.21387923512750992,0.174074412614628,0.18343591707713697,0.208345504209875,0.22026493097085015
asthma_v2_pneumonia_P6Pneumonia37H.wav,2,2,4,0,0.22994328465862204,0.16628990204073016,0.17557191101665096,0.20304899572690713,0.2251459065570897
asthma_v2_pneumonia_P6Pneumonia39O.wav,2,2,4,0,0.23362652514356327,0.16455109426326478,0.17381111668465812,0.20182565799089214,0.2261856059176217
asthma_v2_pneumonia_P6Pneumonia84M.wav,2,2,4,4,0.22128984324140902,0.1704416554098645,0.17976994531226223,0.20591058269029833,0.22258797334616592
asthma_v2_Bronchial_P13BronchialSc_62.wav,2,3,1,0,0.24207406913357865,0.15535753947498535,0.17013264033925898,0.19808434321476157,0.2343514078374154
asthma_v2_Bronchial_P13BronchialSc_64.wav,2,3,1,4,0.19474135835250847,0.17676769709907791,0.19211081234119368,0.21515296181385166,0.22122717039336826
asthma_v2_Bronchial_P13BronchialTc_61.wav,2,3,1,0,0.307310893123099,0.12958286976978733,0.14322170284672822,0.17478607860956658,0.2450984556508189
asthma_v2_Bronchial_P13BronchialTc_63.wav,2,3,1,0,0.31477802967276675,0.12685725210316992,0.14034865570681562,0.1721506199645956,0.24586544255265205
asthma_v2_Bronchial_P13BronchialTc_65.wav,2,3,1,0,0.3153667823563708,0.12664411202920825,0.14012377221116373,0.17194315133850224,0.24592218206475497
asthma_v2_Bronchial_P15BronchialSc_72.wav,2,3,1,4,0.22584673743629763,0.1624001346764876,0.17740141977454613,0.20393262570840517,0.23041908240426345
asthma_v2_Bronchial_P15BronchialSc_74.wav,2,3,1,3,0.1656661107193952,0.19143193873366407,0.20694790751495812,0.22558592842369304,0.21036811460828947
asthma_v2_Bronchial_P15BronchialTc_71.wav,2,3,1,4,0.21760263827880977,0.16609112636925757,0.18119580698614432,0.2069069857350475,0.22820344263074085
asthma_v2_Bronchial_P15BronchialTc_73.wav,2,3,1,0,0.2625597106749932,0.14685344074985657,0.16130621389722144,0.190723763638678,0.2385568710392508
asthma_v2_Bronchial_P15BronchialTc_75.wav,2,3,1,3,0.1609587346124774,0.1939389874180595,0.20946561663693739,0.2272627099196368,0.20837395141288903
asthma_v2_Bronchial_P18BronchialSc_86.wav,2,3,1,0,0.2519472844238617,0.15120762762012796,0.16583206208906964,0.19453299154671014,0.23648003432023054
asthma_v2_Bronchial_P18BronchialSc_88.wav,2,3,1,2,0.042630526881248854,0.28129259319341043,0.2926767971117143,0.2624657310741709,0.1209343517394554
asthma_v2_Bronchial_P18BronchialSc_90.wav,2,3,1,2,0.015088342458457166,0.3241958652415315,0.32868330291000786,0.2582391575451996,0.07379333184480394
asthma_v2_Bronchial_P18BronchialTc_87.wav,2,3,1,0,0.29207844676656175,0.13527556425340145,0.1492057960784245,0.18018496167957013,0.24325523122204226
asthma_v2_Bronchial_P18BronchialTc_89.wav,2,3,1,2,0.02131290850778692,0.3115555489263967,0.31855108011098765,0.2613140682451981,0.08726639420963074
asthma_v2_Bronchial_P21BronchialSc_102.wav,2,3,1,0,0.260293992937156,0.14777408036655262,0.16226429758105088,0.19153624075090078,0.23813138836433975
asthma_v2_Bronchial_P21BronchialSc_104.wav,2,3,1,4,0.1947174669868229,0.17677921905261798,0.19212254173326068,0.21516156958655466,0.2212192026407438
asthma_v2_Bronchial_P21BronchialTc_101.wav,2,3,1,0,0.26569535478483025,0.14558716269434188,0.15998743462791237,0.1896000854290857,0.2391299624638298
asthma_v2_Bronchial_P21BronchialTc_103.wav,2,3,1,4,0.21591529558592254,0.1668564841526145,0.18198127790732374,0.2075158633276741,0.22773107902646506
asthma_v2_asthma_P11WheezingIE_53.wav,2,3,0,0,0.3074976215068861,0.12951420040680334,0.1431493817707559,0.17472008232939942,0.24511871398615528
asthma_v2_asthma_P11WheezingIU_54.wav,2,3,0,3,0.1543093239841206,0.19755136251080188,0.21308322802981655,0.22962236935312624,0.2054337161221348
asthma_v2_asthma_P11WheezingRL_51.wav,2,3,0,0,0.31021049796139855,0.12851951272006804,0.142101434873414,0.17376178654953098,0.2454067678955884
asthma_v2_asthma_P11WheezingRL_55.wav,2,3,0,0,0.3092487753835234,0.12887149759364877,0.14247234401131778,0.1741013915578863,0.24530599145362372
asthma_v2_asthma_P11WheezingRS_52.wav,2,3,0,0,0.31569576232622354,0.12652512585026374,0.13999821671341148,0.1718272442553831,0.24595365085471813
asthma_v2_asthma_P14WheezingIE_69.wav,2,3,0,0,0.3155652225533876,0.1265723302356121,0.14004802844777828,0.1718732345575362,0.24594118420568573
asthma_v2_asthma_P14WheezingIU_66.wav,2,3,0,0,0.3043094873972226,0.13069028117910203,0.1443875561001649,0.17584751512948338,0.24476516019402714
asthma_v2_asthma_P14WheezingIU_70.wav,2,3,0,0,0.2455331362859233,0.1538924272782683,0.1686157912430338,0.19683941001026325,0.2351192351825113
asthma_v2_asthma_P14WheezingRL_67.wav,2,3,0,0,0.31562099173918606,0.1265521620520959,0.1400267464547356,0.17185358629447153,0.24594651345951074
asthma_v2_asthma_P14WheezingRS_68.wav,2,3,0,0,0.30112051004184404,0.13187448316562275,0.14563331672147267,0.17697658030968233,0.24439510976137827
asthma_v2_asthma_P22WheezingIE_109.wav,2,3,0,0,0.3089366112033013,0.12898589747654754,0.14259287621718608,0.17421165037472927,0.24527296472823581
asthma_v2_asthma_P22WheezingIU_106.wav,2,3,0,0,0.2548578413489435,0.1500027245249395,0.1645810386040978,0.19348737839952998,0.23707101712248904
asthma_v2_asthma_P22WheezingIU_110.wav,2,3,0,0,0.31563445331955103,0.1265472941931613,0.1400216097214152,0.171848843656905,0.2459477991089674
asthma_v2_asthma_P22WheezingRL_107.wav,2,3,0,3,0.1517581266307852,0.19896042256012778,0.21449103661841448,0.23052454669621403,0.2042658674944584
asthma_v2_asthma_P22WheezingRS_108.wav,2,3,0,0,0.31569169565886945,0.1265265962057553,0.13999976830743804,0.17182867694181617,0.24595326288612107
asthma_v2_asthma_P2AsthmaIE_9.wav,2,3,0,4,0.2011417587215424,0.17370948772749245,0.18899369119460907,0.21284588216315806,0.2233091801931981
asthma_v2_asthma_P2AsthmaIU_10.wav,2,3,0,0,0.31545596497896106,0.1266118484080611,0.14008972824720226,0.171911728788164,0.24593072957761156
asthma_v2_asthma_P2AsthmaIU_6.wav,2,3,0,2,0.04221999648714227,0.28176967407765297,0.29309998417762584,0.2625106115801244,0.12039973367745443
asthma_v2_asthma_P2AsthmaRL_7.wav,2,3,0,0,0.30572066406955595,0.13016875071289297,0.1438386079322575,0.17534830892531555,0.24492366835997798
asthma_v2_asthma_P2AsthmaRS_8.wav,2,3,0,0,0.3132736235342255,0.12740303864022298,0.14092437183672737,0.17268097172411778,0.24571799426470634
asthma_v2_asthma_P30WheezingIE_149.wav,2,3,0,0,0.30409082132861576,0.13077123054020048,0.14447274429067342,0.17592489207173878,0.2447403117687715
asthma_v2_asthma_P30WheezingIU_146.wav,2,3,0,0,0.2841989227105054,0.13829317701351562,0.15236873169108878,0.1829889023879735,0.2421502661969167
asthma_v2_asthma_P30WheezingIU_150.wav,2,3,0,0,0.2976100346178675,0.13318722527526966,0.14701316608928355,0.1782209834967578,0.24396859052082157
asthma_v2_asthma_P30WheezingRL_147.wav,2,3,0,0,0.3153388830564369,0.12665420636740513,0.14013442342006982,0.17195298158895914,0.24591950556712908
asthma_v2_asthma_P30WheezingRS_148.wav,2,3,0,0,0.27683220069971365,0.14116136727434764,0.15536911612664114,0.18561671612046712,0.24102059977883047
asthma_v2_asthma_P33WheezingIE_161.wav,2,3,0,0,0.31264435012645064,0.12763183114285517,0.14116565008646986,0.17290290386013238,0.24565526478409203
asthma_v2_asthma_P33WheezingIE_165.wav,2,3,0,0,0.3105134686359115,0.1284087710700589,0.14198472167325404,0.17365482706384322,0.24543821155693232
asthma_v2_asthma_P33WheezingIU_162.wav,2,3,0,0,0.3157317245644137,0.12651212377263957,0.13998449619434433,0.17181457486385251,0.24595708060475005
asthma_v2_asthma_P33WheezingRL_163.wav,2,3,0,0,0.31543161454201335,0.1266206570917441,0.1400990230745765,0.17192030829577493,0.24592839699589122
asthma_v2_asthma_P33WheezingRS_164.wav,2,3,0,0,0.31414091609219535,0.1270881876254488,0.1405922800498925,0.1723751847334951,0.24580343149896827
asthma_v2_asthma_P36WheezingIE_177.wav,2,3,0,0,0.30534481037410643,0.13030750652145312,0.1439846766584569,0.17548124216534483,0.2448817642806387
asthma_v2_asthma_P36WheezingIU_178.wav,2,3,0,0,0.24265700041012314,0.15510977420057065,0.16987623800033022,0.19787449338572397,0.23448249400325213
asthma_v2_asthma_P36WheezingRL_179.wav,2,3,0,0,0.3144249467502283,0.12698519759770155,0.14048363571298786,0.1722750648735265,0.24583115506555583
asthma_v2_asthma_P36WheezingRS_176.wav,2,3,0,0,0.3156613438475175,0.1265375706742475,0.1400113490790309,0.1718393699545287,0.2459503664446755
asthma_v2_asthma_P36WheezingRS_180.wav,2,3,0,4,0.2250019990006518,0.16277470867847257,0.17778696688280782,0.20423733400421118,0.23019899143385664
asthma_v2_asthma_P43WheezingIE_213.wav,2,3,0,0,0.31209166155512547,0.1278330214865201,0.1413777902267583,0.17309787105341667,0.2455996556781795
asthma_v2_asthma_P43WheezingIU_214.wav,2,3,0,3,0.16113690127547048,0.1938433568595786,0.2093696842134588,0.22719933491209957,0.20845072273939258
asthma_v2_asthma_P43WheezingRL_211.wav,2,3,0,0,0.3023263147887377,0.13142579212743727,0.14516141522532441,0.17654950701292005,0.24453697084558051
asthma_v2_asthma_P43WheezingRL_215.wav,2,3,0,0,0.31355628980444666,0.1273003618570478,0.14081608008388447,0.17258129879089415,0.2457459694637269
asthma_v2_asthma_P43WheezingRS_212.wav,2,3,0,0,0.31385283323926205,0.12719270787598774,0.14070253119877177,0.1724767444216808,0.24577518326429762
asthma_v2_asthma_P46WheezingIE_229.wav,2,3,0,0,0.2996487479383133,0.13242367312448255,0.14621072640084098,0.17749810388602555,0.24421874865033757
asthma_v2_asthma_P46WheezingIU_226.wav,2,3,0,0,0.3156705327338122,0.12653424812753913,0.14000784298129315,0.17183613267521258,0.24595124348214292
asthma_v2_asthma_P46WheezingIU_230.wav,2,3,0,3,0.15329266462719163,0.19811130325056206,0.21364289484344984,0.22998211519732684,0.2049710220814696
asthma_v2_asthma_P46WheezingRL_227.wav,2,3,0,0,0.3053344932676981,0.13031131686271186,0.14398868763094255,0.17548489141862456,0.244880610820023
asthma_v2_asthma_P46WheezingRS_228.wav,2,3,0,0,0.31561446840381274,0.12655452101146034,0.14002923570451897,0.17185588453415573,0.24594589034605213
asthma_v2_asthma_P52WheezingIE_257.wav,2,3,0,3,0.1511036028762293,0.19932405678803533,0.21485404420029347,0.23075569549527675,0.20396260064016514
asthma_v2_asthma_P52WheezingIU_258.wav,2,3,0,4,0.22317654476288631,0.16358694676007746,0.17862262820166636,0.2048958579903017,0.22971802228506824
asthma_v2_asthma_P52WheezingRL_259.wav,2,3,0,0,0.31533602826949136,0.12665523929961944,0.14013551333175242,0.1719539874723289,0.24591923162680795
asthma_v2_asthma_P52WheezingRS_256.wav,2,3,0,0,0.30757173768806667,0.12948695151249678,0.14312068293047864,0.17469388839598757,0.2451267394729703
asthma_v2_asthma_P52WheezingRS_260.wav,2,3,0,0,0.2951525154749422,0.1341119958752788,0.14798449353127127,0.17909305485936472,0.2436579402591431
asthma_v2_asthma_P55WheezingIE_273.wav,2,3,0,4,0.2016063118065343,0.17348968885490426,0.18876936427855115,0.21267835772256904,0.22345627733744133
asthma_v2_asthma_P55WheezingIU_274.wav,2,3,0,3,0.18294708618620376,0.1825563177705537,0.19798970346190933,0.21939705505871632,0.21710983752261678
asthma_v2_asthma_P55WheezingRL_271.wav,2,3,0,0,0.2620720827449747,0.14705117693232217,0.16151204404036523,0.19089858725602818,0.23846610902630963
asthma_v2_asthma_P55WheezingRL_275.wav,2,3,0,0,0.29049176496122125,0.1358791229057704,0.14983893059204895,0.18074899749832668,0.24304118404263284
asthma_v2_asthma_P55WheezingRS_272.wav,2,3,0,0,0.2963824615181256,0.13364856498826633,0.1474978058103744,0.17865650416057607,0.24381466352265765
asthma_v2_asthma_P8AsthmaIE_37.wav,2,3,0,0,0.31385217301710294,0.12719294748375606,0.14070278393576424,0.1724769771872376,0.24577511837613916
asthma_v2_asthma_P8AsthmaIU_38.wav,2,3,0,0,0.3114358502970116,0.12807204583572868,0.14162978742844567,0.1733292703573341,0.24553304608148
asthma_v2_asthma_P8AsthmaRL_39.wav,2,3,0,3,0.13746379520029886,0.20711207974361387,0.22259807825250852,0.23553892669164983,0.19728712011192892
asthma_v2_asthma_P8AsthmaRS_36.wav,2,3,0,0,0.31232674634738633,0.12774741786944777,0.14128753101805874,0.17301493707940105,0.24562336768570617
asthma_v2_asthma_P8AsthmaRS_40.wav,2,3,0,0,0.3157366470383858,0.12651034413560325,0.1399826182128772,0.1718128407047324,0.24595754990840138
asthma_v2_copd_P14COPDMc_106.wav,2,3,2,2,0.0650671197989245,0.2585730237579157,0.2720503490831783,0.258228353016327,0.1460811543436544
asthma_v2_copd_P14COPDMc_108.wav,2,3,2,4,0.2169835544396271,0.16637153648130118,0.18148363933471448,0.20713038025247962,0.2280308894918777
asthma_v2_copd_P14COPDMc_110.wav,2,3,2,0,0.3149891493309929,0.12678079327453004,0.14026798778476388,0.17207621863909983,0.24588585097061333
asthma_v2_copd_P14COPDMc_112.wav,2,3,2,0,0.31544789522202704,0.12661476756554363,0.14009280851635875,0.17191457203559832,0.24592995666047232
asthma_v2_copd_P14COPDPr_105.wav,2,3,2,3,0.18536579675319564,0.1813523712429457,0.19676930363368758,0.21852769379331555,0.2179848345768556
asthma_v2_copd_P14COPDPr_107.wav,2,3,2,0,0.31421160071972076,0.12706255168360533,0.1405652373344301,0.1723502675902833,0.24581034267196059
asthma_v2_copd_P14COPDPr_109.wav,2,3,2,0,0.3157307155538983,0.1265124885654878,0.139984881145724,0.1718149303328423,0.24595698440204755
asthma_v2_copd_P14COPDPr_111.wav,2,3,2,0,0.2956046923848112,0.13394148036943226,0.14780543821968067,0.17893253973261228,0.24371584929346357
asthma_v2_copd_P15COPDMc_114.wav,2,3,2,0,0.3155346871152433,0.12658337393853097,0.14005968193316967,0.1718839928032352,0.24593826420982084
asthma_v2_copd_P15COPDMc_116.wav,2,3,2,0,0.29859390613534254,0.13281833134843493,0.14662553492031255,0.17787206026893046,0.24409016732697952
asthma_v2_copd_P15COPDMc_118.wav,2,3,2,0,0.24069624433945608,0.1559445604568302,0.17073994205227525,0.19858042474714696,0.2340388284042916
asthma_v2_copd_P15COPDMc_120.wav,2,3,2,0,0.30071641185761966,0.1320251046448356,0.14579169853941024,0.17711974616134402,0.24434703879679037
asthma_v2_copd_P15COPDPr_113.wav,2,3,2,0,0.26262305775313,0.14682776930931982,0.16127948957326946,0.1907010540793244,0.2385686292849563
asthma_v2_copd_P15COPDPr_115.wav,2,3,2,0,0.3107375561310704,0.12832690700609642,0.1418984378224266,0.1735757241994654,0.2454613748409411
asthma_v2_copd_P15COPDPr_117.wav,2,3,2,0,0.3153126046859004,0.1266637147553229,0.14014445629005604,0.17196224080836314,0.24591698346035765
asthma_v2_copd_P15COPDPr_119.wav,2,3,2,0,0.31559974534925594,0.12655984525666084,0.14003485400529245,0.17186107164306563,0.24594448374572503
asthma_v2_copd_P16COPDMc_122.wav,2,3,2,0,0.25819992600724084,0.14862925369146368,0.1631537023377197,0.1922875543924412,0.23772956357113464
asthma_v2_copd_P16COPDMc_124.wav,2,3,2,4,0.2069468882971382,0.1709833487345315,0.18620863184830494,0.21075197080374167,0.2251091603162837
asthma_v2_copd_P16COPDMc_126.wav,2,3,2,0,0.3050063882467313,0.13043253596887192,0.14411628423463874,0.17560095244038823,0.24484383910936994
asthma_v2_copd_P16COPDMc_128.wav,2,3,2,0,0.2892960069130805,0.13633533101024553,0.15031732523204033,0.18117426561075453,0.2428770712338791
asthma_v2_copd_P16COPDPr_121.wav,2,3,2,0,0.27277579526224943,0.14276065620502568,0.15703958672817425,0.1870661601877825,0.24035780161676806
asthma_v2_copd_P16COPDPr_123.wav,2,3,2,0,0.3048129112412426,0.13050405510362093,0.14419156133592465,0.17566939796790854,0.24482207435130326
asthma_v2_copd_P16COPDPr_125.wav,2,3,2,0,0.3080970393685664,0.12929394306127,0.14291738965350415,0.17450825883450333,0.24518336908215604
asthma_v2_copd_P16COPDPr_127.wav,2,3,2,0,0.31367715276797387,0.12725647719178376,0.1407697933452666,0.17253868382945786,0.2457578928655179
asthma_v2_copd_P28COPDMc_218.wav,2,3,2,1,4.717432941214042e-38,0.8585032503839991,0.14148625331700862,1.0496298992372792e-05,8.676832465229325e-21
asthma_v2_copd_P28COPDMc_220.wav,2,3,2,1,8.835309282398806e-52,0.9240539962954516,0.07594584175290292,1.6195164554406967e-07,3.6205796236254314e-28
asthma_v2_copd_P28COPDMc_222.wav,2,3,2,2,0.009021451697337375,0.34079161360514915,0.3412539594055191,0.25169240673099147,0.05724056856100278
asthma_v2_copd_P28COPDMc_224.wav,2,3,2,2,0.03160958500224294,0.2952697320526473,0.3048833430064144,0.2629698757158874,0.10526746422280789
asthma_v2_copd_P28COPDPr_217.wav,2,3,2,1,0.0005617062008725221,0.40455469406075967,0.37970896815336286,0.20128850579023197,0.013886125794772974
asthma_v2_copd_P28COPDPr_219.wav,2,3,2,1,3.8483125191096705e-55,0.9351701395827741,0.06482980240038633,5.8016839571321064e-08,5.633697254464512e-30
asthma_v2_copd_P28COPDPr_221.wav,2,3,2,2,0.019657182131886813,0.31463946762977896,0.3210639617112857,0.26071226646192786,0.08392712206512055
asthma_v2_copd_P28COPDPr_223.wav,2,3,2,2,0.011918479142971946,0.33210130225245493,0.33478173260672733,0.2554818637581554,0.06571662223969056
asthma_v2_copd_P35COPDMc_274.wav,2,3,2,2,0.07082298961457799,0.2535320965106127,0.2673592528070626,0.25676260292724146,0.15152305814050537
asthma_v2_copd_P35COPDMc_276.wav,2,3,2,1,0.001515732466578392,0.385133493434717,0.3698465903355802,0.2203332438102682,0.023170939952856115
asthma_v2_copd_P35COPDMc_278.wav,2,3,2,3,0.09800657140421656,0.23245509382567728,0.24735878682114448,0.24876636151840303,0.17341318643055864
asthma_v2_copd_P35COPDMc_280.wav,2,3,2,1,0.0002148143845342078,0.42127479056682443,0.3867991120226754,0.18328108666812792,0.008430196357837913
asthma_v2_copd_P35COPDPr_273.wav,2,3,2,3,0.109914313324698,0.2242831004689803,0.23945271554083963,0.244908667291588,0.18144120337389397
asthma_v2_copd_P35COPDPr_275.wav,2,3,2,2,0.0629750300842332,0.26046990023310485,0.27380553021729753,0.25873263187126583,0.14401690759409863
asthma_v2_copd_P35COPDPr_277.wav,2,3,2,2,0.04128457528531452,0.2828675681456032,0.29407217105007644,0.26260664979641646,0.11916903572258944
asthma_v2_copd_P35COPDPr_279.wav,2,3,2,1,0.0004033623682844745,0.41051062519908227,0.38238459315696366,0.1950052444395192,0.011696174836150427
asthma_v2_copd_P38COPDMc_298.wav,2,3,2,4,0.2098583015112386,0.1696325861950823,0.18482646557404164,0.2097015204053678,0.22598112631426967
asthma_v2_copd_P38COPDMc_300.wav,2,3,2,1,5.36641613811073e-07,0.5017558704091686,0.40234187140887157,0.09553940184485683,0.00036231969548912056
asthma_v2_copd_P38COPDMc_302.wav,2,3,2,1,6.456790300196333e-08,0.5242596453987511,0.4008983798202888,0.0747237415348878,0.00011816867816935045
asthma_v2_copd_P38COPDMc_304.wav,2,3,2,4,0.19002794519805805,0.17905654457792802,0.194438707941474,0.21685041464639196,0.21962638763614792
asthma_v2_copd_P38COPDPr_297.wav,2,3,2,4,0.21258165700629417,0.16837876924928405,0.18354220018490344,0.20871882327684385,0.22677855028267446
asthma_v2_copd_P38COPDPr_299.wav,2,3,2,3,0.1391896229784906,0.20610349442099413,0.2215985367728358,0.23493769474535003,0.19817065108232948
asthma_v2_copd_P38COPDPr_301.wav,2,3,2,1,9.247943185951649e-07,0.4955742767879775,0.4022725343403637,0.10166928957059998,0.00048297450674010333
asthma_v2_copd_P38COPDPr_303.wav,2,3,2,3,0.17992101378622694,0.18407531401479355,0.1995276946070839,0.22048382507359923,0.2159921525182963
asthma_v2_copd_P3COPDMc_18.wav,2,3,2,0,0.3104530256802659,0.12843085864615142,0.14200800095525587,0.17367616459226884,0.245431950126058
asthma_v2_copd_P3COPDMc_20.wav,2,3,2,0,0.2827326852005719,0.1388603796513259,0.1529625367726343,0.18351145411432065,0.24193294426114728
asthma_v2_copd_P3COPDMc_22.wav,2,3,2,0,0.3080053170768949,0.12932762897861866,0.1429528724347395,0.17454066872173632,0.24517351278801075
asthma_v2_copd_P3COPDMc_24.wav,2,3,2,3,0.1738390522951316,0.1871724407055951,0.2026573839536815,0.22266456248484276,0.21366656056074898
asthma_v2_copd_P3COPDPr_17.wav,2,3,2,0,0.30354998020574536,0.13097160586084666,0.14468359261659125,0.1761163004313821,0.2446785208854345
asthma_v2_copd_P3COPDPr_19.wav,2,3,2,0,0.3146714027679685,0.1268958804527276,0.14038940904398203,0.17218819903947494,0.2458551086958471
asthma_v2_copd_P3COPDPr_21.wav,2,3,2,0,0.3154901463151276,0.12659948416707242,0.14007668154485975,0.17189968565200708,0.2459340023209331
asthma_v2_copd_P3COPDPr_23.wav,2,3,2,0,0.3051536510259179,0.13037811922603929,0.144059005807442,0.17554885922681557,0.24486036471378525
asthma_v2_copd_P45COPDMc_354.wav,2,3,2,4,0.21878570397428315,0.16555654148862722,0.18064690187089813,0.20648008865833706,0.22853076400785444
asthma_v2_copd_P45COPDMc_356.wav,2,3,2,3,0.15148156746949681,0.19911396349892924,0.21464432821230858,0.23062223098612383,0.2041379098331416
asthma_v2_copd_P45COPDMc_358.wav,2,3,2,0,0.3006127437936773,0.13206376585116492,0.1458323491227253,0.17715647755994363,0.2443346636724888
asthma_v2_copd_P45COPDMc_360.wav,2,3,2,0,0.2978603835036855,0.13309328680570734,0.14691446515352122,0.17813218743308037,0.2439996771040056
asthma_v2_copd_P45COPDPr_353.wav,2,3,2,4,0.20264393339344666,0.17299978938050595,0.18826923154814726,0.21230414806107395,0.22378289761682638
asthma_v2_copd_P45COPDPr_355.wav,2,3,2,3,0.09594288174054834,0.2339274691005653,0.24877475548676942,0.24941812594253532,0.17193676772958152
asthma_v2_copd_P45COPDPr_357.wav,2,3,2,2,0.06858698704687499,0.2554608209250848,0.26915864143315543,0.25734475622242975,0.149448794372455
asthma_v2_copd_P45COPDPr_359.wav,2,3,2,0,0.2965643330534265,0.13358013972059038,0.1474259340476608,0.17859196756122178,0.24383762561710048
asthma_v2_copd_P47COPDMc_370.wav,2,3,2,0,0.29292839373189344,0.13495309038814565,0.14886741607282625,0.1798829460365892,0.2433681537705455
asthma_v2_copd_P47COPDMc_372.wav,2,3,2,0,0.3040514427294709,0.130785812255229,0.1444880890817529,0.1759388272069331,0.24473582872661415
asthma_v2_copd_P47COPDMc_374.wav,2,3,2,0,0.28705705769020323,0.13719269004185244,0.151215985931527,0.1819709943375724,0.24256327199884478
asthma_v2_copd_P47COPDMc_376.wav,2,3,2,0,0.3137672268475543,0.12722377882999017,0.14073530434697104,0.17250692600817744,0.24576676396730704
asthma_v2_copd_P47COPDPr_369.wav,2,3,2,0,0.3151216500512703,0.1267328237486601,0.14021737547314528,0.17202952682932982,0.2458986238975945
asthma_v2_copd_P47COPDPr_371.wav,2,3,2,4,0.2259660157663049,0.1623473098211959,0.17734703874321378,0.20388960194015274,0.23045003372913272
asthma_v2_copd_P47COPDPr_373.wav,2,3,2,0,0.23879092831023463,0.15675958263212741,0.17158269498721943,0.19926660019555328,0.23360019387486522
asthma_v2_copd_P47COPDPr_375.wav,2,3,2,0,0.3004706870931402,0.1321167570435478,0.14588806538568766,0.17720681295685037,0.244317677520774
asthma_v2_copd_P7COPDMc_50.wav,2,3,2,0,0.305885604915757,0.13010789273796208,0.1437745383447824,0.17528997797475088,0.24494198602674766
asthma_v2_copd_P7COPDMc_52.wav,2,3,2,0,0.30070005273608713,0.1320312049387572,0.14579811280284596,0.1771255423911496,0.24434508713116007
asthma_v2_copd_P7COPDMc_54.wav,2,3,2,0,0.2785637543987376,0.14048303317421723,0.15466004240960013,0.18499851683593155,0.24129465318151347
asthma_v2_copd_P7COPDMc_56.wav,2,3,2,0,0.3130068212188732,0.12750000727891547,0.14102663666109144,0.172775060888364,0.24569147395275592
asthma_v2_copd_P7COPDPr_49.wav,2,3,2,0,0.315467258308072,0.12660776323451778,0.1400854175984281,0.1719077497828598,0.24593181107612236
asthma_v2_copd_P7COPDPr_51.wav,2,3,2,3,0.15110332797585446,0.19932420969952563,0.21485419682196288,0.23075579255053258,0.20396247295212436
asthma_v2_copd_P7COPDPr_53.wav,2,3,2,0,0.2692691012928735,0.14415490314053733,0.15849440293382344,0.18832051904710873,0.23976107358565704
asthma_v2_copd_P7COPDPr_55.wav,2,3,2,0,0.2596553812069921,0.14803443806669986,0.16253513321327573,0.1917653240985739,0.23800972341445834
asthma_v2_healthy_P15Healthy14S.wav,2,3,3,0,0.286379413388988,0.137452994405894,0.15148872808715702,0.18221224864600194,0.24246661547195908
asthma_v2_healthy_P15Healthy55S.wav,2,3,3,2,0.07122802610813624,0.25318653818563774,0.26703628576316113,0.256655539392269,0.15189361055079587
asthma_v2_healthy_P15Healthy61S.wav,2,3,3,4,0.2290280883983903,0.16099671607870877,0.175955931075321,0.20278525139527015,0.23123401305230984
asthma_v2_healthy_P15Healthy65S.wav,2,3,3,0,0.2647852689219876,0.14595375494343366,0.1603693449578095,0.18992612878909101,0.2389655023876781
asthma_v2_healthy_P15Healthy93S.wav,2,3,3,1,0.0002870426066170614,0.41640849067135766,0.3848707016222186,0.18863171755648467,0.009802047543321927
asthma_v2_healthy_P16Healthy18S.wav,2,3,3,4,0.2290280883983903,0.16099671607870877,0.175955931075321,0.20278525139527015,0.23123401305230984
asthma_v2_healthy_P16Healthy19S.wav,2,3,3,0,0.2568845304803614,0.14916855744436167,0.16371432057510987,0.1927596804599261,0.23747291104024096
asthma_v2_healthy_P16Healthy26S.wav,2,3,3,4,0.19057233774111682,0.17879055309034675,0.19416840235910013,0.21665444242806126,0.21981426438137494
asthma_v2_healthy_P16Healthy38S.wav,2,3,3,0,0.2568845304803614,0.14916855744436167,0.16371432057510987,0.1927596804599261,0.23747291104024096
asthma_v2_healthy_P16Healthy41S.wav,2,3,3,4,0.19057233774111682,0.17879055309034675,0.19416840235910013,0.21665444242806126,0.21981426438137494
asthma_v2_healthy_P21Healthy15S.wav,2,3,3,0,0.2978574535025459,0.1330943859447245,0.14691562005176212,0.178133226627477,0.24399931387349064
asthma_v2_healthy_P21Healthy38S.wav,2,3,3,0,0.24172712812688635,0.15550516778339213,0.17028539319625993,0.1982092480878842,0.23427306280557736
asthma_v2_healthy_P21Healthy53S.wav,2,3,3,0,0.30746268408764194,0.12952704663137127,0.14316291138103074,0.174732430069233,0.24511492783072308
asthma_v2_healthy_P21Healthy95S.wav,2,3,3,3,0.15266758641130962,0.19845660665638756,0.2139878826263968,0.23020315255965343,0.20468477174625263
asthma_v2_healthy_P21Healthy98S.wav,2,3,3,0,0.24749217113479793,0.15306806428722156,0.16776161787202384,0.19613467776398424,0.2355434689419725
asthma_v2_healthy_P22Healthy36S.wav,2,3,3,0,0.2526962680380237,0.15089677766596166,0.1655094153845696,0.1942638593374902,0.2366336795739549
asthma_v2_healthy_P22Healthy45S.wav,2,3,3,0,0.2930381895466373,0.13491147581741195,0.14882374356956612,0.17984393815905303,0.24338265290733155
asthma_v2_healthy_P22Healthy50S.wav,2,3,3,4,0.21588205941800484,0.16687159422225045,0.18199678044056428,0.2075278567348062,0.2277217091843742
asthma_v2_healthy_P22Healthy88S.wav,2,3,3,0,0.23984923052204674,0.15630641123951106,0.1711141660110663,0.1988854419364413,0.2338447502909345
asthma_v2_healthy_P22Healthy94S.wav,2,3,3,2,0.011762916392102299,0.3325262611685499,0.33510400903009097,0.25531510984499095,0.06529170356426592
asthma_v2_healthy_P23Healthy14S.wav,2,3,3,0,0.23984923052204674,0.15630641123951106,0.1711141660110663,0.1988854419364413,0.2338447502909345
asthma_v2_healthy_P23Healthy24S.wav,2,3,3,0,0.23512081379582792,0.15834033901895908,0.17321581461368743,0.20058886705346515,0.2327341655180604
asthma_v2_healthy_P23Healthy72S.wav,2,3,3,3,0.14720754188104174,0.20150705009074188,0.21703063316532084,0.23212881462247653,0.202125960240419
asthma_v2_healthy_P23Healthy97S.wav,2,3,3,0,0.23512081379582792,0.15834033901895908,0.17321581461368743,0.20058886705346515,0.2327341655180604
asthma_v2_healthy_P23Healthy98S.wav,2,3,3,3,0.14720754188104174,0.20150705009074188,0.21703063316532084,0.23212881462247653,0.202125960240419
asthma_v2_healthy_P25Healthy20S.wav,2,3,3,0,0.29799754002833545,0.13304184249416984,0.1468604101395414,0.17808354282746916,0.24401666451048407
asthma_v2_healthy_P25Healthy42S.wav,2,3,3,0,0.28331817865375153,0.13863366952921538,0.15272522084363008,0.18330276142504262,0.24202016954836045
asthma_v2_healthy_P25Healthy72S.wav,2,3,3,4,0.23017420816391623,0.1604938980851163,0.1754376737726371,0.2023719751466053,0.2315222448317251
asthma_v2_healthy_P25Healthy88S.wav,2,3,3,0,0.28942805352345063,0.13628489496817395,0.15026444351079357,0.18112729527359464,0.2428953127239871
asthma_v2_healthy_P25Healthy97S.wav,2,3,3,3,0.12128648164405306,0.21693211541112628,0.2322757606303093,0.24110139811955128,0.18840424419496002
asthma_v2_healthy_P27Healthy30S.wav,2,3,3,0,0.29341701313207685,0.13476796939690008,0.14867313118770387,0.17970936227763756,0.2434325240056816
asthma_v2_healthy_P27Healthy73S.wav,2,3,3,0,0.29740355567139964,0.1332647396512437,0.14709460565861399,0.17829422528680705,0.24394287373193557
asthma_v2_healthy_P27Healthy92S.wav,2,3,3,0,0.29741308957023666,0.13326115978334258,0.14709084460421776,0.1782908433239043,0.24394406271829877
asthma_v2_pneumonia_P16Pneumonia18Z.wav,2,3,4,4,0.20702644180074686,0.1709462953997735,0.18617073650393448,0.21072326959547422,0.225133256700071
asthma_v2_pneumonia_P16Pneumonia42Q.wav,2,3,4,0,0.2858186765994904,0.13766867860607399,0.151714682054268,0.18241192165950115,0.2423860410806665
asthma_v2_pneumonia_P16Pneumonia56J.wav,2,3,4,4,0.21667047610434712,0.16651351896903308,0.18162935652545714,0.2072433545367283,0.22794329386443446
asthma_v2_pneumonia_P16Pneumonia66X.wav,2,3,4,0,0.29950508896534195,0.13247737033088489,0.14626717159673527,0.17754902471823822,0.24420134438879973
asthma_v2_pneumonia_P16Pneumonia78M.wav,2,3,4,0,0.24845412195489108,0.15266468763407443,0.16734347139793337,0.19578872390386023,0.2357489951092409
asthma_v2_pneumonia_P16Pneumonia80G.wav,2,3,4,4,0.20582355458881077,0.17150743229393506,0.18674450700482398,0.2111572308051306,0.2247672753072995
asthma_v2_pneumonia_P19Pneumonia24H.wav,2,3,4,0,0.23641076613740572,0.1577831062235995,0.17264033783197671,0.20012404944536408,0.23304174036165384
asthma_v2_pneumonia_P19Pneumonia33O.wav,2,3,4,3,0.16077609855573344,0.1940370784984397,0.20956400866749447,0.2273276671307235,0.20829514714760883
asthma_v2_pneumonia_P19Pneumonia39Z.wav,2,3,4,0,0.2782067292187566,0.14062268602599332,0.1548060504473829,0.18512595584467345,0.24123857846319355
asthma_v2_pneumonia_P19Pneumonia41U.wav,2,3,4,0,0.28665570949851515,0.13734681455004338,0.15137748051086194,0.18211387555150912,0.24250611988907056
asthma_v2_pneumonia_P19Pneumonia75B.wav,2,3,4,0,0.2698415288791836,0.14392655976759214,0.1582562348880517,0.18811567680581465,0.2398599996593579
asthma_v2_pneumonia_P19Pneumonia90X.wav,2,3,4,4,0.19881383384615336,0.17481530621615596,0.19012169448937621,0.21368523235924775,0.22256393308906675
asthma_v2_pneumonia_P25Pneumonia11Z.wav,2,3,4,4,0.20052831178077415,0.1740001783409411,0.18929031003431288,0.21306708697107823,0.22311411287289362
asthma_v2_pneumonia_P25Pneumonia16B.wav,2,3,4,0,0.2792050437969065,0.14023246311772852,0.15439803507432837,0.1847696449581393,0.2413948130528972
asthma_v2_pneumonia_P25Pneumonia30I.wav,2,3,4,0,0.2787563957907715,0.14040772563578063,0.1545813021228683,0.18492975977236956,0.24132481667821004
asthma_v2_pneumonia_P25Pneumonia42V.wav,2,3,4,0,0.2950639702884937,0.1341454052727663,0.14801957377987715,0.17912448985432283,0.24364656080453997
asthma_v2_pneumonia_P25Pneumonia93N.wav,2,3,4,3,0.17981099789357677,0.18413080919486657,0.19958384628548598,0.22052331546592407,0.2159510311601466
asthma_v2_pneumonia_P25Pneumonia97D.wav,2,3,4,3,0.11781747576564668,0.2191318762868754,0.2344296879367581,0.2422733934532675,0.18634756655745233
asthma_v2_pneumonia_P2Pneumonia11Q.wav,2,3,4,0,0.2534129081484015,0.15059986379462148,0.1652011675310279,0.19400638831017544,0.23677967221577362
asthma_v2_pneumonia_P2Pneumonia28R.wav,2,3,4,0,0.2392735278454401,0.15655278461975275,0.1713689078535218,0.19909277972772474,0.23371199995356065
asthma_v2_pneumonia_P2Pneumonia36Z.wav,2,3,4,0,0.277081485157262,0.14106355097959958,0.15526688726571802,0.18552769699555732,0.24106037960186302
asthma_v2_pneumonia_P2Pneumonia70H.wav,2,3,4,0,0.28368569824518675,0.13849150868329904,0.15257639107104595,0.18317178274353785,0.24207461925693036
asthma_v2_pneumonia_P2Pneumonia82A.wav,2,3,4,4,0.21386937852601962,0.16778912254891873,0.18293780418312647,0.20825414420574626,0.22714955053618888
asthma_v2_pneumonia_P2Pneumonia93N.wav,2,3,4,4,0.223035666394712,0.16364979053562576,0.17868726304315966,0.20494668223642482,0.22968059779007766
asthma_v2_pneumonia_P31Pneumonia14Q.wav,2,3,4,0,0.2529913052698209,0.15077447908282512,0.16538245616222513,0.1941578551000034,0.23669390438512544
asthma_v2_pneumonia_P31Pneumonia16C.wav,2,3,4,0,0.2581405964708349,0.14865354300425132,0.16317895616589412,0.19230884609387902,0.23771805826514056
asthma_v2_pneumonia_P31Pneumonia43V.wav,2,3,4,0,0.26735915655660475,0.1449189182814393,0.15929101907210377,0.1890042174321326,0.23942668865771952
asthma_v2_pneumonia_P31Pneumonia47D.wav,2,3,4,0,0.24354984631845658,0.1547309637304627,0.1694841338795469,0.19755311601411119,0.23468194005742257
asthma_v2_pneumonia_P31Pneumonia47J.wav,2,3,4,3,0.16200075592627497,0.19338052284151006,0.20890527130065445,0.22689195396204456,0.20882149596951602
asthma_v2_pneumonia_P31Pneumonia92I.wav,2,3,4,4,0.2089223800864795,0.17006563302995015,0.18526973874312017,0.21003921992936975,0.22570302821108063
asthma_v2_pneumonia_P35Pneumonia16F.wav,2,3,4,0,0.2537928840335722,0.15044263724315599,0.1650379130968681,0.19386988813124068,0.23685667749516295
asthma_v2_pneumonia_P35Pneumonia46U.wav,2,3,4,0,0.2764683317967413,0.14130424172228714,0.15551842355896536,0.18574666493157965,0.2409623379904265
asthma_v2_pneumonia_P35Pneumonia56D.wav,2,3,4,3,0.17856299022280742,0.18476168524295566,0.2002219990287155,0.22097118481773756,0.21548214068778376
asthma_v2_pneumonia_P35Pneumonia57I.wav,2,3,4,0,0.266250753460485,0.14536381400397858,0.1597547059241904,0.18940114824561347,0.23922957836573264
asthma_v2_pneumonia_P35Pneumonia75E.wav,2,3,4,0,0.2984690248702493,0.13286511223636274,0.14667469717424717,0.17791634178170845,0.2440748239374325
asthma_v2_pneumonia_P35Pneumonia99V.wav,2,3,4,0,0.2850595818407364,0.13796107633558893,0.1520209501261208,0.18268228544998918,0.2422761062475648
asthma_v2_pneumonia_P42Pneumonia27A.wav,2,3,4,0,0.3153480204457819,0.12665090027523365,0.14013093494957954,0.17194976204007406,0.24592038228933086
asthma_v2_pneumonia_P42Pneumonia46D.wav,2,3,4,0,0.31571336421085366,0.12651876180426125,0.13999150103078917,0.17182104314018737,0.24595532981390852
asthma_v2_pneumonia_P42Pneumonia47W.wav,2,3,4,0,0.3137050287467661,0.12724635711467847,0.14075911914798903,0.17252885535077644,0.24576063963979
asthma_v2_pneumonia_P42Pneumonia63L.wav,2,3,4,3,0.1612421679049946,0.19378688307460182,0.20931302824238274,0.22716188748726776,0.20849603329075303
asthma_v2_pneumonia_P42Pneumonia67F.wav,2,3,4,0,0.30991741430316844,0.12862670600395137,0.1422144003507013,0.1738652674344643,0.24537621190771458
asthma_v2_pneumonia_P42Pneumonia69S.wav,2,3,4,0,0.31233450718258676,0.1277445925455466,0.14128455195201842,0.17301219931635559,0.2456241490034926
asthma_v2_pneumonia_P45Pneumonia10J.wav,2,3,4,4,0.21726887257083827,0.16624224620076608,0.18135093448201364,0.20702742375006802,0.2281105229963139
asthma_v2_pneumonia_P45Pneumonia25T.wav,2,3,4,0,0.271556207933696,0.14324431939581506,0.15754441853503806,0.18750227358936733,0.24015278054608352
asthma_v2_pneumonia_P45Pneumonia29L.wav,2,3,4,4,0.21376103505709945,0.16783865415270963,0.18298858531152207,0.20829324054398046,0.22711848493468834
asthma_v2_pneumonia_P45Pneumonia51F.wav,2,3,4,0,0.23374992827691207,0.15893449722030198,0.17382916756624114,0.20108293043301922,0.23240347650352552
asthma_v2_pneumonia_P45Pneumonia59I.wav,2,3,4,0,0.26030803847317696,0.14776835840071603,0.16225834478668397,0.1915312027139693,0.23813405562545387
asthma_v2_pneumonia_P45Pneumonia72P.wav,2,3,4,0,0.27219679624905097,0.14299011120923552,0.15727910514256488,0.1872731864385684,0.2402608009605802
asthma_v2_pneumonia_P8Pneumonia11O.wav,2,3,4,0,0.27047560313558755,0.143673967513407,0.15799273120157753,0.18788881165593083,0.23996888649349707
asthma_v2_pneumonia_P8Pneumonia14Z.wav,2,3,4,0,0.26014037361987197,0.14783667493185182,0.16232941571061096,0.19159134403887682,0.23810219169878846
asthma_v2_pneumonia_P8Pneumonia16Z.wav,2,3,4,0,0.2980291205894741,0.13302999944018115,0.14684796581290907,0.1780723426461977,0.24402057151123793
asthma_v2_pneumonia_P8Pneumonia20O.wav,2,3,4,3,0.15755723991931916,0.1957762288216161,0.21130702891472264,0.22847119503050664,0.2068883073138353
asthma_v2_pneumonia_P8Pneumonia23N.wav,2,3,4,0,0.3083371872451801,0.12920577652248091,0.1428245164694222,0.17442340841653825,0.24520911134637846
asthma_v2_pneumonia_P8Pneumonia28V.wav,2,3,4,0,0.2848317183286044,0.1380489413434537,0.1521129714178994,0.18276345552664403,0.24224291338339832
asthma_v2_Bronchial_P10BronchialSc_46.wav,2,4,1,2,0.09461484195170532,0.2516679063273224,0.2548452173233444,0.24629575183599509,0.1525762825616329
asthma_v2_Bronchial_P10BronchialSc_48.wav,2,4,1,2,0.09822517977005712,0.24893624758849553,0.25217649916485696,0.24522359004296515,0.15543848343362526
asthma_v2_Bronchial_P10BronchialSc_50.wav,2,4,1,1,0.0010624201590320325,0.39901997396782507,0.38838784687845745,0.19971740094589896,0.011812358048786603
asthma_v2_Bronchial_P10BronchialTc_47.wav,2,4,1,2,0.09668704877423505,0.2500938065849547,0.2533077873406116,0.24568330108268938,0.15422805621750937
asthma_v2_Bronchial_P10BronchialTc_49.wav,2,4,1,1,0.00011869156449494283,0.4288234537836574,0.4099150269299005,0.15795181317285478,0.003191014549092412
asthma_v2_Bronchial_P20BronchialSc_100.wav,2,4,1,4,0.2093231083286473,0.18120399583910185,0.18514492296182927,0.20645917966485186,0.21786879320556968
asthma_v2_Bronchial_P20BronchialSc_96.wav,2,4,1,3,0.1488415387443514,0.2148980903345573,0.21867619022594467,0.22845797655464453,0.18912620414050207
asthma_v2_Bronchial_P20BronchialSc_98.wav,2,4,1,3,0.13632599504510257,0.22269576773270489,0.22638749323815996,0.23282087084514724,0.18176987313888537
asthma_v2_Bronchial_P20BronchialTc_97.wav,2,4,1,3,0.14950013561608239,0.2144970110158043,0.2182790177913961,0.22822574856963923,0.189498087007078
asthma_v2_Bronchial_P20BronchialTc_99.wav,2,4,1,1,5.635139989278532e-31,0.6300224134363861,0.36991770591101963,5.988065259424829e-05,3.256247088495201e-19
asthma_v2_asthma_P10AsthmaIE_49.wav,2,4,0,0,0.25714070347104295,0.15807111392581524,0.16195130467467514,0.18865011288321662,0.23418676504524996
asthma_v2_asthma_P10AsthmaIU_46.wav,2,4,0,0,0.25337996881130415,0.1597998574863121,0.16368898437468574,0.19005283043351642,0.2330783588941816
asthma_v2_asthma_P10AsthmaIU_50.wav,2,4,0,0,0.28149465200692375,0.14720980647493923,0.1510183477467267,0.17957768494703263,0.24069950882437777
asthma_v2_asthma_P10AsthmaRL_47.wav,2,4,0,0,0.28101635022876575,0.1474177643601022,0.15122792507766583,0.17975557126747907,0.24058238906598706
asthma_v2_asthma_P10AsthmaRS_48.wav,2,4,0,0,0.2812117237065254,0.14733279404973346,0.15114229422597056,0.17968290764564004,0.24063028037213047
asthma_v2_asthma_P12WheezingIE_57.wav,2,4,0,0,0.24966837706944042,0.16152017662636403,0.16541751112670366,0.1914373644585882,0.23195657071890377
asthma_v2_asthma_P12WheezingIU_58.wav,2,4,0,4,0.2091016039803212,0.18131744635094213,0.18525834712424297,0.20654130490316547,0.21778129764132828
asthma_v2_asthma_P12WheezingRL_59.wav,2,4,0,0,0.2650133288062039,0.15449791259511111,0.1583574657241945,0.1857147052183864,0.2364165876561041
asthma_v2_asthma_P12WheezingRS_56.wav,2,4,0,0,0.2802221355745407,0.1477635351822059,0.15157636738983932,0.1800509824641809,0.24038697938923323
asthma_v2_asthma_P12WheezingRS_60.wav,2,4,0,0,0.2814963691747101,0.14720906025196262,0.15101759569543352,0.17957704633839494,0.24069992853949904
asthma_v2_asthma_P15WheezingIE_73.wav,2,4,0,0,0.2769766511385022,0.1491824870157991,0.15300600504524217,0.18125856369953977,0.23957629310091672
asthma_v2_asthma_P15WheezingIU_74.wav,2,4,0,0,0.2639145333370719,0.15499297339787113,0.1588555591011782,0.18612429529712973,0.23611263886674916
asthma_v2_asthma_P15WheezingRL_71.wav,2,4,0,0,0.28068292962932917,0.14756285312532658,0.15137413804438596,0.17987958336335227,0.24050049583760602
asthma_v2_asthma_P15WheezingRL_75.wav,2,4,0,0,0.28145269240096904,0.1472280415296293,0.15103672518667646,0.17959328963707377,0.24068925124565138
asthma_v2_asthma_P15WheezingRS_72.wav,2,4,0,0,0.28143715488298854,0.14723479432141467,0.15104353068783286,0.17959906803722306,0.240685452070541
asthma_v2_asthma_P21WheezingIE_101.wav,2,4,0,0,0.27739465587995327,0.14899918928596723,0.15282135206004688,0.18110299653360357,0.23968180624042904
asthma_v2_asthma_P21WheezingIE_105.wav,2,4,0,0,0.2764661070604637,0.1494065826011893,0.15323174739129813,0.18144858468997374,0.23944697825707525
asthma_v2_asthma_P21WheezingIU_102.wav,2,4,0,0,0.24343777721834436,0.16444037980867182,0.16835006853681359,0.1937615545628993,0.23001021987327103
asthma_v2_asthma_P21WheezingRL_103.wav,2,4,0,0,0.2781378133999611,0.14867370733377205,0.1524934451951967,0.18082644414516105,0.23986858992590926
asthma_v2_asthma_P21WheezingRS_104.wav,2,4,0,0,0.2814478848888913,0.1472301309086898,0.1510388308756018,0.17959507754824558,0.24068807577857157
asthma_v2_asthma_P25WheezingIE_121.wav,2,4,0,0,0.2738735363618627,0.1505482824142107,0.15438166341603174,0.18241374779663663,0.23878277001125828
asthma_v2_asthma_P25WheezingIE_125.wav,2,4,0,0,0.2804168879350383,0.1476786943084681,0.1514908734670009,0.17997853979973918,0.24043500448975344
asthma_v2_asthma_P25WheezingIU_122.wav,2,4,0,0,0.2812785643070725,0.14730373221063708,0.15111300610018188,0.17965804875664823,0.24064664862546034
asthma_v2_asthma_P25WheezingRL_123.wav,2,4,0,0,0.2779640954583041,0.14874974538504476,0.1525700518515298,0.1808910871155462,0.23982502018957522
asthma_v2_asthma_P25WheezingRS_124.wav,2,4,0,0,0.281286375387626,0.1473003362704072,0.15110958370567704,0.17965514373336913,0.24064856090292067
asthma_v2_asthma_P29WheezingIE_141.wav,2,4,0,3,0.13116213342543698,0.22601669237275648,0.22966542461502504,0.23458921666278815,0.17856653292399335
asthma_v2_asthma_P29WheezingIE_145.wav,2,4,0,0,0.23718837260586273,0.16741117536534722,0.1713313723470748,0.19609221828317636,0.22797686139853895
asthma_v2_asthma_P29WheezingIU_142.wav,2,4,0,0,0.2695484753154661,0.1524669386277244,0.15631347133408952,0.18402465598118423,0.23764645874153592
asthma_v2_asthma_P29WheezingRL_143.wav,2,4,0,0,0.2793779039906633,0.14813171159180738,0.15194735932586978,0.18036504195760344,0.24017798313405606
asthma_v2_asthma_P29WheezingRS_144.wav,2,4,0,4,0.2101470415134245,0.18078254779290526,0.1847235440085365,0.2061536434957105,0.21819322318942322
asthma_v2_asthma_P35WheezingIE_173.wav,2,4,0,0,0.27913295109448594,0.1482386594247524,0.15205511938752553,0.18045617438636774,0.2401170957068684
asthma_v2_asthma_P35WheezingIU_174.wav,2,4,0,0,0.2810582832901161,0.14739952423899694,0.15120954329615702,0.17973997524401605,0.24059267393071382
asthma_v2_asthma_P35WheezingRL_171.wav,2,4,0,0,0.280043285134485,0.14784147906489986,0.15165490982982727,0.18011751218155747,0.24034281378923042
asthma_v2_asthma_P35WheezingRL_175.wav,2,4,0,0,0.2635795286451376,0.1551441430860628,0.15900764373586745,0.18624918073530053,0.23601950379763156
asthma_v2_asthma_P35WheezingRS_172.wav,2,4,0,0,0.2815201274272534,0.147198735994181,0.15100719078821973,0.17956821074820953,0.2407057350421362
asthma_v2_asthma_P40WheezingIE_197.wav,2,4,0,0,0.2737545671702156,0.1506008235360205,0.15443457565458868,0.18245804644110375,0.23875198719807147
asthma_v2_asthma_P40WheezingIU_198.wav,2,4,0,0,0.2803354152037331,0.14771418244981777,0.1515266349663468,0.18000884517811552,0.24041492220198693
asthma_v2_asthma_P40WheezingRL_199.wav,2,4,0,0,0.2713050279954982,0.15168557970801244,0.15552685598795493,0.18337030268597287,0.23811223362256168
asthma_v2_asthma_P40WheezingRS_196.wav,2,4,0,0,0.2812709883626188,0.14730702597613163,0.15111632552157958,0.1796608663341724,0.24064479380549766
asthma_v2_asthma_P40WheezingRS_200.wav,2,4,0,0,0.23151376031794565,0.1701460917766031,0.17407410234140405,0.1982074970250153,0.22605854853903182
asthma_v2_asthma_P44WheezingIE_217.wav,2,4,0,0,0.2781747024866352,0.14865756418666456,0.15247718116615558,0.18081271741448476,0.23987783474605995
asthma_v2_asthma_P44WheezingIU_218.wav,2,4,0,0,0.26752763181179967,0.15336949328868751,0.15722192699880042,0.18477763281958065,0.23710331508113183
asthma_v2_asthma_P44WheezingRL_219.wav,2,4,0,0,0.28145936052561576,0.14722514354975572,0.15103380458333762,0.1795908097676155,0.2406908815736754
asthma_v2_asthma_P44WheezingRS_216.wav,2,4,0,0,0.28151389118329667,0.14720144593311588,0.1510099218985126,0.17957052997643255,0.24070421100864237
asthma_v2_asthma_P44WheezingRS_220.wav,2,4,0,0,0.27961742739646644,0.14802718734114706,0.1518420388051307,0.18027593315336668,0.2402374133038892
asthma_v2_asthma_P45WheezingIE_221.wav,2,4,0,0,0.28139989541154564,0.1472509886267174,0.15105985135784192,0.1796129248930525,0.24067633971084254
asthma_v2_asthma_P45WheezingIE_225.wav,2,4,0,0,0.2814995268591055,0.14720768803622034,0.15101621276178592,0.17957587200722575,0.24070070033566232
asthma_v2_asthma_P45WheezingIU_222.wav,2,4,0,0,0.27373625794650736,0.15060891072991422,0.1544427199165025,0.18246486401836645,0.23874724738870948
asthma_v2_asthma_P45WheezingRL_223.wav,2,4,0,0,0.27974532690390563,0.14797139546597757,0.1517858209150133,0.18022835276060709,0.24026910395449638
asthma_v2_asthma_P45WheezingRS_224.wav,2,4,0,0,0.28081461932812163,0.14750553596843552,0.15131637732888845,0.1798306019742579,0.24053286540029645
asthma_v2_asthma_P50WheezingIE_249.wav,2,4,0,0,0.2792542633371904,0.14818568694860726,0.15200174492192847,0.18041104083561926,0.24014726395665467
asthma_v2_asthma_P50WheezingIU_246.wav,2,4,0,0,0.27921424271068307,0.14820316095727123,0.152019351603388,0.18042593018759084,0.24013731454106685
asthma_v2_asthma_P50WheezingIU_250.wav,2,4,0,0,0.2766179053663389,0.14933992787873826,0.15316460402471127,0.181392084830041,0.23948547790017066
asthma_v2_asthma_P50WheezingRL_247.wav,2,4,0,0,0.2705388865161753,0.15202601918691916,0.15586960253852872,0.18365568911957678,0.2379098026388
asthma_v2_asthma_P50WheezingRS_248.wav,2,4,0,0,0.2814573267400707,0.14722602743261612,0.15103469536654374,0.17959156613028782,0.24069038433048165
asthma_v2_asthma_P58WheezingIU_286.wav,2,4,0,0,0.24334321925539704,0.16448501508071292,0.16839487713170634,0.19379682480246382,0.22998006372971985
asthma_v2_asthma_P58WheezingRL_287.wav,2,4,0,0,0.23650171529400654,0.16774020080879853,0.17166143264961675,0.19634824069269677,0.2277484105548813
asthma_v2_asthma_P58WheezingRS_288.wav,2,4,0,0,0.24990944173818283,0.16140801126399093,0.1653048315422696,0.19134743810567845,0.2320302773498783
asthma_v2_asthma_P7AsthmaIE_33.wav,2,4,0,0,0.2815179056444135,0.14719970145843422,0.1510081637953341,0.17956903701794164,0.2407051920838766
asthma_v2_asthma_P7AsthmaIU_34.wav,2,4,0,0,0.2812296730970101,0.14732498937852198,0.151134428802902,0.17967623200489133,0.24063467671667454
asthma_v2_asthma_P7AsthmaRL_31.wav,2,4,0,0,0.2814978013464325,0.14720843788066965,0.1510169684630639,0.1795765137189367,0.2407002785908972
asthma_v2_asthma_P7AsthmaRL_35.wav,2,4,0,0,0.2774343619737693,0.14898178628802403,0.15280382000100845,0.1810882198095291,0.23969181192766892
asthma_v2_asthma_P7AsthmaRS_32.wav,2,4,0,0,0.2761542859949778,0.14954357026516366,0.1533697362066924,0.18156464972773745,0.23936775780542868
asthma_v2_copd_P10COPDMc_74.wav,2,4,2,0,0.2793753347176824,0.1481328330663507,0.15194848933073496,0.18036599781207527,0.24017734507315663
asthma_v2_copd_P10COPDMc_76.wav,2,4,2,0,0.24717553759663197,0.1626836284873469,0.16658612405234957,0.19236728900118838,0.23118742086248317
asthma_v2_copd_P10COPDMc_78.wav,2,4,2,0,0.28150314492747075,0.14720611576532192,0.15101462820990896,0.17957452646177052,0.24070158463552774
asthma_v2_copd_P10COPDMc_80.wav,2,4,2,0,0.24463133194534073,0.16387779449724293,0.16778525847973053,0.19331634729599936,0.2303892677816865
asthma_v2_copd_P10COPDPr_73.wav,2,4,2,0,0.2814743016649347,0.1472186502480557,0.15102726058408114,0.17958525318225704,0.24069453432067145
asthma_v2_copd_P10COPDPr_75.wav,2,4,2,0,0.24662624480159717,0.16294086918151288,0.16684446322738822,0.19257219399395464,0.231016228795547
asthma_v2_copd_P10COPDPr_77.wav,2,4,2,3,0.17997823835530763,0.19682256670748574,0.20072796621086167,0.21726608030139496,0.20520514842494997
asthma_v2_copd_P10COPDPr_79.wav,2,4,2,0,0.28012431424439643,0.14780616257688298,0.1516193223011459,0.18008737029821967,0.24036283057935504
asthma_v2_copd_P17COPDMc_130.wav,2,4,2,0,0.2753597574575843,0.14989302575647287,0.1537217267226082,0.18186041148033555,0.2391650785829992
asthma_v2_copd_P17COPDMc_132.wav,2,4,2,0,0.2537968597698449,0.15960751255345543,0.16349567921026306,0.18989732458899578,0.23320262387744087
asthma_v2_copd_P17COPDMc_134.wav,2,4,2,0,0.22625704436201569,0.17271228686662699,0.17664598640995474,0.20016565557703453,0.22421902678436798
asthma_v2_copd_P17COPDMc_136.wav,2,4,2,0,0.28104917172611193,0.14740348746828658,0.15121353731179288,0.1797433640677912,0.24059043942601735
asthma_v2_copd_P17COPDPr_129.wav,2,4,2,0,0.2790968474528348,0.14825442712159967,0.15207100661981443,0.1804696067239877,0.24010811208176344
asthma_v2_copd_P17COPDPr_131.wav,2,4,2,0,0.277920599575117,0.14876878830234225,0.1525892369690185,0.1809072728501965,0.23981410230332573
asthma_v2_copd_P17COPDPr_133.wav,2,4,2,0,0.27092104179047743,0.1518561368360214,0.15569857218597963,0.1835133334464986,0.238010915741023
asthma_v2_copd_P17COPDPr_135.wav,2,4,2,0,0.26374766896262747,0.15506825667921345,0.15893129867826503,0.18618649972466855,0.23606627595522547
asthma_v2_copd_P1COPDMc_2.wav,2,4,2,0,0.2796820757638674,0.1479989847901517,0.15181362099154794,0.18025188293387187,0.24025343552056116
asthma_v2_copd_P1COPDMc_4.wav,2,4,2,3,0.13440113594379705,0.22392622140690915,0.2276024605127232,0.23348243314180026,0.18058774899477045
asthma_v2_copd_P1COPDMc_6.wav,2,4,2,2,0.05173957592224702,0.2893833251044481,0.29130171922918285,0.25608240990385117,0.11149296984027073
asthma_v2_copd_P1COPDMc_8.wav,2,4,2,3,0.1583029902934376,0.20921891428296102,0.21304761890460278,0.22510014219729957,0.19433033432169894
asthma_v2_copd_P1COPDPr_1.wav,2,4,2,0,0.2814912051612686,0.14721130436541846,0.15101985733599188,0.17957896681735344,0.24069866631996767
asthma_v2_copd_P1COPDPr_3.wav,2,4,2,0,0.2814075351183788,0.14724766803297962,0.1510565048581205,0.17961008366662315,0.24067820832389802
asthma_v2_copd_P1COPDPr_5.wav,2,4,2,2,0.08412351685635372,0.25991594088382125,0.26288259119630725,0.2492590812728813,0.14381886979063657
asthma_v2_copd_P1COPDPr_7.wav,2,4,2,2,0.07529238207753808,0.26726907023146385,0.27002000734337844,0.25153659744898943,0.13588194289863018
asthma_v2_copd_P20COPDMc_154.wav,2,4,2,3,0.14904945812614467,0.21477137356440001,0.21855071334200724,0.22838468804166653,0.18924376692578151
asthma_v2_copd_P20COPDMc_156.wav,2,4,2,0,0.2597407464928768,0.15688423820076244,0.16075789674654078,0.18768047210028194,0.2349366464595381
asthma_v2_copd_P20COPDMc_158.wav,2,4,2,1,0.018132374104677846,0.3344216185740909,0.33344440535128494,0.25177271415689817,0.06222888781304793
asthma_v2_copd_P20COPDMc_160.wav,2,4,2,2,0.042319498566494626,0.29970271887540173,0.30112113053435097,0.2568696117333554,0.0999870402903973
asthma_v2_copd_P20COPDPr_153.wav,2,4,2,3,0.17771582200177735,0.19807961479505695,0.20197926446668146,0.21809118693584617,0.20413411180063812
asthma_v2_copd_P20COPDPr_155.wav,2,4,2,0,0.2520970798130602,0.16039287144724093,0.164284905008666,0.1905313757751987,0.23269376795583424
asthma_v2_copd_P20COPDPr_157.wav,2,4,2,0,0.22911511973495013,0.17131309157711028,0.17524388763166746,0.1991011935943723,0.22522670746189982
asthma_v2_copd_P20COPDPr_159.wav,2,4,2,2,0.06177092363262935,0.2794361362296153,0.28176589888757597,0.2544903959096889,0.12253664534049051
asthma_v2_copd_P21COPDMc_162.wav,2,4,2,2,0.06369327930842018,0.2776283572104992,0.280026127863802,0.2541191101720135,0.12453312544526507
asthma_v2_copd_P21COPDMc_164.wav,2,4,2,3,0.1310247500787572,0.2261059247164401,0.22975344897872502,0.23463597558758076,0.178479900638497
asthma_v2_copd_P21COPDMc_166.wav,2,4,2,3,0.1874564753562561,0.1927241569838861,0.19664524061564106,0.21452900507686712,0.2086451219673497
asthma_v2_copd_P21COPDMc_168.wav,2,4,2,3,0.18984293644411446,0.19143404908751577,0.19535911356869815,0.21365269083775418,0.20971121006191756
asthma_v2_copd_P21COPDPr_161.wav,2,4,2,1,0.006856940881427533,0.36254408779706915,0.35845550627061556,0.2366566552942102,0.0354868097566776
asthma_v2_copd_P21COPDPr_163.wav,2,4,2,2,0.044554616307698795,0.29715101076155515,0.2987005568297788,0.25676156544032913,0.10283225066063816
asthma_v2_copd_P21COPDPr_165.wav,2,4,2,3,0.18059143994347696,0.1964832534688516,0.20039012882752627,0.21704219571445163,0.20549298204569358
asthma_v2_copd_P21COPDPr_167.wav,2,4,2,3,0.15489296210374465,0.21124559601115578,0.21505739669826343,0.2263155023007664,0.19248854288606965
asthma_v2_copd_P27COPDMc_210.wav,2,4,2,1,3.542242147286347e-11,0.5282216017569421,0.44706492959812827,0.024713106245569282,3.6236393781437036e-07
asthma_v2_copd_P27COPDMc_212.wav,2,4,2,3,0.128569626379641,0.2277084738269808,0.23133382679159845,0.23546892762728586,0.17691914537449377
asthma_v2_copd_P27COPDMc_214.wav,2,4,2,2,0.06910176194553652,0.272687653901648,0.2752614140591841,0.25298213595529134,0.12996703413834004
asthma_v2_copd_P27COPDMc_216.wav,2,4,2,1,0.004724722678384542,0.3712134578527039,0.3658673750645931,0.22965760911210922,0.02853683529220925
asthma_v2_copd_P27COPDPr_209.wav,2,4,2,1,5.265564191992286e-09,0.5066327533628151,0.4464251435125968,0.046934563986080105,7.533872943711146e-06
asthma_v2_copd_P27COPDPr_211.wav,2,4,2,1,1.937705280469488e-11,0.5304049353859809,0.4467394656799827,0.022855347703411216,2.5121124817013447e-07
asthma_v2_copd_P27COPDPr_213.wav,2,4,2,2,0.10528221567233105,0.24373739316781676,0.2470885587624828,0.2430633334238987,0.1608284989734708
asthma_v2_copd_P27COPDPr_215.wav,2,4,2,1,0.008481640201157584,0.35715047439965364,0.3537655735071535,0.24043638949510227,0.040165922396933056
asthma_v2_copd_P34COPDMc_266.wav,2,4,2,2,0.10901986035693516,0.24105402938313572,0.2444580492789185,0.24188847066577188,0.1635795903152387
asthma_v2_copd_P34COPDMc_268.wav,2,4,2,0,0.23402566430766458,0.16893100575315967,0.17285576651271617,0.1972713102657709,0.22691625316068864
asthma_v2_copd_P34COPDMc_270.wav,2,4,2,3,0.12101447746363156,0.23273777511255558,0.23628756527013695,0.23799809702675737,0.17196208512691857
asthma_v2_copd_P34COPDMc_272.wav,2,4,2,2,0.09590584533069806,0.25068523433698264,0.2538855659379115,0.24591513579806656,0.15360821859634133
asthma_v2_copd_P34COPDPr_265.wav,2,4,2,2,0.02910962503517873,0.3165800880335467,0.3169900196020367,0.25601804653464527,0.08130222079459254
asthma_v2_copd_P34COPDPr_267.wav,2,4,2,0,0.2328049621448532,0.1695206062010977,0.17344698828529115,0.19772630017493142,0.2265011431938265
asthma_v2_copd_P34COPDPr_269.wav,2,4,2,4,0.2000009148514455,0.18603454214503656,0.18997140874814572,0.20990959516595986,0.21408353908941233
asthma_v2_copd_P34COPDPr_271.wav,2,4,2,2,0.11463883861974573,0.23710451815518643,0.24058109595220997,0.24008715828876026,0.1675883889840976
asthma_v2_copd_P37COPDMc_290.wav,2,4,2,1,0.018092113124340822,0.3344976801777962,0.33351371499901505,0.2517464080754235,0.06215008362342449
asthma_v2_copd_P37COPDMc_292.wav,2,4,2,1,0.019699426172275155,0.3315379002803718,0.33081101795443685,0.2527162963665096,0.06523535922640664
asthma_v2_copd_P37COPDMc_294.wav,2,4,2,1,8.978133703346555e-05,0.43206192443176145,0.4120657417546849,0.15308322821883547,0.0026993242576846604
asthma_v2_copd_P37COPDMc_296.wav,2,4,2,1,3.3060833635876894e-05,0.4429097659107475,0.4189700493157368,0.1366052566548416,0.0014818672850383096
asthma_v2_copd_P37COPDPr_289.wav,2,4,2,2,0.04811629153963057,0.2932231723554294,0.294964773457804,0.2564826806403147,0.10721308200682135
asthma_v2_copd_P37COPDPr_291.wav,2,4,2,1,0.009823217297579246,0.35320887827353853,0.3503031369261431,0.2429248804524903,0.04373988705024876
asthma_v2_copd_P37COPDPr_293.wav,2,4,2,1,0.0006631752172968227,0.40624264479384037,0.3938754472846681,0.190295230085472,0.008923502618722618
asthma_v2_copd_P37COPDPr_295.wav,2,4,2,1,0.0006297328319560626,0.40700266325225176,0.39444332147572964,0.1892717168873652,0.008652565552697358
asthma_v2_copd_P42COPDMc_330.wav,2,4,2,0,0.28076108387878196,0.14752883505192665,0.15133985680391512,0.17985051410701178,0.24051971015836449
asthma_v2_copd_P42COPDMc_332.wav,2,4,2,1,0.007464167909938209,0.3604340163777804,0.35662756152388353,0.2381873825555023,0.03728687163289563
asthma_v2_copd_P42COPDMc_334.wav,2,4,2,2,0.038448963498577106,0.3043009310684491,0.3054697109129518,0.25691358088157606,0.09486681363844608
asthma_v2_copd_P42COPDMc_336.wav,2,4,2,2,0.05609298786457991,0.2849528347153729,0.28706246445052036,0.2554697200735687,0.11642199289595806
asthma_v2_copd_P42COPDPr_329.wav,2,4,2,0,0.2814994234377517,0.14720773297926718,0.15101625805587404,0.17957591046923496,0.24070067505787202
asthma_v2_copd_P42COPDPr_331.wav,2,4,2,1,0.016414834140724782,0.3377641520183132,0.336482754155897,0.2505466716047292,0.058791588080335765
asthma_v2_copd_P42COPDPr_333.wav,2,4,2,1,0.0005732891904324321,0.4083666317236964,0.3954577869884061,0.1874207392146831,0.008181552882781794
asthma_v2_copd_P42COPDPr_335.wav,2,4,2,2,0.052981389513953106,0.28810018631795775,0.29007533908954963,0.2559213242621225,0.1129217608164169
asthma_v2_copd_P4COPDMc_26.wav,2,4,2,0,0.27345708692694487,0.15073225955786762,0.15456693735682123,0.1825688176223779,0.23867489853598847
asthma_v2_copd_P4COPDMc_28.wav,2,4,2,0,0.2790262299310079,0.1482852716603546,0.15210208483279467,0.18049588016351523,0.24009053341232767
asthma_v2_copd_P4COPDMc_30.wav,2,4,2,0,0.2669358886217425,0.1536345194507883,0.15748865108957824,0.1849981515791762,0.2369427892587148
asthma_v2_copd_P4COPDMc_32.wav,2,4,2,0,0.2758735419798957,0.1496669823275071,0.15349404663095517,0.18166915210095372,0.2392962769606883
asthma_v2_copd_P4COPDPr_25.wav,2,4,2,0,0.2779128373078048,0.14877218688074903,0.1525926609173488,0.18091016136537852,0.2398121535287187
asthma_v2_copd_P4COPDPr_27.wav,2,4,2,3,0.13797254593306482,0.22165006846972457,0.2253545498833827,0.2322528060833639,0.18277002963046407
asthma_v2_copd_P4COPDPr_29.wav,2,4,2,3,0.13158215014230218,0.2257441736243813,0.22939657783880027,0.23444616679752084,0.17883093159699545
asthma_v2_copd_P4COPDPr_31.wav,2,4,2,0,0.28095772823185783,0.1474432665423077,0.15125362519722843,0.17977737454392004,0.2405680054846861
asthma_v2_copd_P6COPDMc_42.wav,2,4,2,0,0.22528895565714285,0.17318838432804431,0.17712296282465528,0.20052609672240077,0.22387360046775667
asthma_v2_copd_P6COPDMc_44.wav,2,4,2,0,0.26446595035188275,0.15474438649538846,0.15860545637792886,0.18591874233271521,0.23626546444208482
asthma_v2_copd_P6COPDMc_46.wav,2,4,2,0,0.27340469632638603,0.15075541593066386,0.15459025641611404,0.18258832651749576,0.2386613048093402
asthma_v2_copd_P6COPDMc_48.wav,2,4,2,0,0.2263283795937215,0.17267724831573167,0.1766108809808106,0.20013909347811737,0.2242443976316189
asthma_v2_copd_P6COPDPr_41.wav,2,4,2,4,0.1980945707113889,0.1870367987770196,0.19097206077356788,0.21061352697432678,0.21328304276369683
asthma_v2_copd_P6COPDPr_43.wav,2,4,2,0,0.259595514238213,0.15695035662321613,0.160824387536216,0.1877346298948845,0.23489511170747032
asthma_v2_copd_P6COPDPr_45.wav,2,4,2,0,0.26871067283981437,0.1528406468960779,0.15668964518156353,0.18433680436664512,0.23742223071589894
asthma_v2_copd_P6COPDPr_47.wav,2,4,2,0,0.2724932148566062,0.15115869776870966,0.1549963523217159,0.18292776103830874,0.23842397401465948
asthma_v2_copd_P8COPDMc_58.wav,2,4,2,0,0.2810531446877368,0.14740175935197983,0.15121179577191365,0.1797418864210447,0.240591413767325
asthma_v2_copd_P8COPDMc_60.wav,2,4,2,0,0.281076177849654,0.1473917409162555,0.15120169950250098,0.17973331981532273,0.2405970619162668
asthma_v2_copd_P8COPDMc_62.wav,2,4,2,0,0.2736134105614339,0.15066318059363779,0.15449737236270703,0.18251060762155763,0.23871542886066352
asthma_v2_copd_P8COPDMc_64.wav,2,4,2,0,0.2563703910551037,0.15842404846363223,0.1623061194114098,0.18893741391440164,0.23396202715545267
asthma_v2_copd_P8COPDPr_57.wav,2,4,2,0,0.26540717759336424,0.1543207499320321,0.1581792043439098,0.1855679033800238,0.23652496475067
asthma_v2_copd_P8COPDPr_59.wav,2,4,2,0,0.2715347780151449,0.15158359705875968,0.15542417717236362,0.1832847266318352,0.23817272112189658
asthma_v2_copd_P8COPDPr_61.wav,2,4,2,0,0.27492685342580403,0.15008367551099702,0.15391374802654584,0.1820215739883577,0.23905414904829547
asthma_v2_copd_P8COPDPr_63.wav,2,4,2,0,0.26129311937013,0.15617881014650695,0.1600484337736789,0.18710161874563755,0.2353780179640467
asthma_v2_healthy_P10Healthy10S.wav,2,4,3,3,0.17199572023859605,0.2012947531117313,0.205177652362267,0.22017041637587406,0.20136145791153148
asthma_v2_healthy_P10Healthy14S.wav,2,4,3,0,0.2334561041387266,0.1692058949581493,0.17313142202989953,0.19748360898238423,0.2267229698908402
asthma_v2_healthy_P10Healthy61S.wav,2,4,3,3,0.1613525192078518,0.2074250257888846,0.21126764314867574,0.2240087754057449,0.19594603644884293
asthma_v2_healthy_P10Healthy65S.wav,2,4,3,4,0.19962389725852092,0.1862323614961893,0.19016893233783133,0.21004886079161983,0.2139259481158385
asthma_v2_healthy_P10Healthy93S.wav,2,4,3,3,0.18721897013584532,0.1928530135623868,0.19677367464436063,0.2146161464165572,0.20853819524085002
asthma_v2_healthy_P19Healthy47S.wav,2,4,3,4,0.2019605775441972,0.18500944210156497,0.18894767697987963,0.20918534441082032,0.21489695896353783
asthma_v2_healthy_P19Healthy50S.wav,2,4,3,0,0.2544406299966313,0.1593108381596475,0.16319750701434926,0.18965719376079437,0.23339383106857764
asthma_v2_healthy_P19Healthy55S.wav,2,4,3,4,0.21602546185141447,0.17780075342805945,0.1817409506884606,0.20397149884686164,0.22046133518520386
asthma_v2_healthy_P19Healthy62S.wav,2,4,3,0,0.2480442732805397,0.1622774362448209,0.1661781657965674,0.1920432184144857,0.23145690626358625
asthma_v2_healthy_P19Healthy79S.wav,2,4,3,2,0.10007542826433839,0.24755569108911094,0.2508265146635876,0.24466508698121106,0.15687727900175202
asthma_v2_healthy_P26Healthy22S.wav,2,4,3,0,0.25925232405647236,0.1571066806142391,0.16098158794577536,0.1878626091667888,0.23479679821672442
asthma_v2_healthy_P26Healthy32S.wav,2,4,3,4,0.22138264454416426,0.17512074284336454,0.17905831702482689,0.20197983802437416,0.22245845756327018
asthma_v2_healthy_P26Healthy46S.wav,2,4,3,0,0.26623973528369854,0.15394673944417842,0.1578028510372301,0.18525759745562906,0.23675307677926394
asthma_v2_healthy_P26Healthy48S.wav,2,4,3,0,0.2323630330514955,0.16973447322229307,0.17366142273346694,0.197891003926307,0.22635006706643743
asthma_v2_healthy_P26Healthy76S.wav,2,4,3,0,0.24011684227422594,0.16601376931616468,0.1699292839059339,0.19500017781506598,0.22893992668860955
asthma_v2_healthy_P7Healthy38S.wav,2,4,3,3,0.11849037068404561,0.23445258072590894,0.23797448067977545,0.23883048879657673,0.17025207911369336
asthma_v2_healthy_P7Healthy39S.wav,2,4,3,2,0.09633140026971533,0.2503627618871718,0.25357055470873113,0.24578898543761776,0.15394629769676405
asthma_v2_healthy_P7Healthy84S.wav,2,4,3,0,0.23508386968266215,0.16842124638398145,0.17234453806621208,0.1968768394499884,0.22727350641715596
asthma_v2_healthy_P7Healthy85S.wav,2,4,3,0,0.2401600256420543,0.16599323330269128,0.16990867562307824,0.19498407291387562,0.22895399251830056
asthma_v2_healthy_P7Healthy94S.wav,2,4,3,4,0.2045951668641834,0.1836394623322289,0.18757909775810294,0.20821070823965182,0.21597556480583294
asthma_v2_pneumonia_P15Pneumonia12I.wav,2,4,4,3,0.1657557123700481,0.20486476515407767,0.20872555821665958,0.22242604543889638,0.19822791882031826
asthma_v2_pneumonia_P15Pneumonia16R.wav,2,4,4,4,0.21775780613629253,0.17693027936090835,0.18086982106247065,0.2033277424382957,0.22111435100203267
asthma_v2_pneumonia_P15Pneumonia39Y.wav,2,4,4,0,0.22876476290780182,0.17148410232081535,0.1754152788137483,0.19923170594332726,0.22510415001430725
asthma_v2_pneumonia_P15Pneumonia56Z.wav,2,4,4,4,0.20740997832511823,0.18218596551255087,0.1861265553670073,0.2071682865890179,0.21710921420630566
asthma_v2_pneumonia_P15Pneumonia58S.wav,2,4,4,0,0.26089580046833094,0.1563591326523994,0.16022979848212107,0.18724976608045762,0.23526550231669086
asthma_v2_pneumonia_P15Pneumonia81V.wav,2,4,4,0,0.23458243073804044,0.16866264349370197,0.1725866386291261,0.19706376786772303,0.2271045192714084
asthma_v2_pneumonia_P17Pneumonia49T.wav,2,4,4,0,0.24582156245568496,0.16331828676217738,0.1672234644579769,0.1928723648288356,0.2307643214953252
asthma_v2_pneumonia_P17Pneumonia51I.wav,2,4,4,4,0.22091221909653896,0.17535468176973681,0.17929255608584244,0.20215482959319417,0.2222857134546875
asthma_v2_pneumonia_P17Pneumonia57K.wav,2,4,4,0,0.2397047595440501,0.16620983902273648,0.17012603857764297,0.1951538587182688,0.22880550413730172
asthma_v2_pneumonia_P17Pneumonia63G.wav,2,4,4,0,0.2232013307878778,0.17421882252161944,0.17815511294247427,0.20130314963425502,0.22312158411377336
asthma_v2_pneumonia_P17Pneumonia86O.wav,2,4,4,3,0.18950167075552132,0.19161802021239477,0.1955425447060074,0.21377808258201575,0.2095596817440608
asthma_v2_pneumonia_P17Pneumonia91K.wav,2,4,4,0,0.22438314667448628,0.17363485219522187,0.1775702044654788,0.2008632931825311,0.22354850348228197
asthma_v2_pneumonia_P1Pneumonia10T.wav,2,4,4,0,0.23481008049403626,0.16855301603849743,0.1724766934411288,0.19697890484357242,0.227181305182765
asthma_v2_pneumonia_P1Pneumonia39F.wav,2,4,4,2,0.04536169269958851,0.29624662557486464,0.2978414285640563,0.25670931183155987,0.10384094132993073
asthma_v2_pneumonia_P1Pneumonia41U.wav,2,4,4,0,0.24521353241703547,0.1636039237147841,0.16751027776728805,0.19309917518881456,0.2305730909120777
asthma_v2_pneumonia_P1Pneumonia93D.wav,2,4,4,0,0.2362894111661598,0.16784203628635705,0.1717635831842812,0.1964273959137268,0.2276775734494751
asthma_v2_pneumonia_P1Pneumonia94J.wav,2,4,4,0,0.24351017295204444,0.16440621249954762,0.16831576823600902,0.1937345507795771,0.2300332955328217
asthma_v2_pneumonia_P1Pneumonia97M.wav,2,4,4,4,0.21953728905854253,0.17603995690987193,0.1799786323046028,0.20266617928111016,0.2217779424458726
asthma_v2_pneumonia_P22Pneumonia27A.wav,2,4,4,0,0.26072288405984195,0.1564376591359204,0.16030877650673647,0.1873142423477014,0.23521643794979966
asthma_v2_pneumonia_P22Pneumonia29K.wav,2,4,4,4,0.21409730242924627,0.1787740020450953,0.18271470707751145,0.20468767147673256,0.2197263169714144
asthma_v2_pneumonia_P22Pneumonia29M.wav,2,4,4,4,0.20405627813525504,0.1839189269613089,0.1878583162855794,0.20841014879704475,0.215756329820812
asthma_v2_pneumonia_P22Pneumonia47V.wav,2,4,4,3,0.18052547517010462,0.19651972651879546,0.200426444784937,0.21706628494362015,0.20546206858254273
asthma_v2_pneumonia_P22Pneumonia51X.wav,2,4,4,4,0.2096501006737633,0.18103663209031243,0.18497759207905276,0.2063379323313546,0.21799774282551698
asthma_v2_pneumonia_P22Pneumonia55C.wav,2,4,4,3,0.1737471969863477,0.20030457632806115,0.20419294990782386,0.21953486477540435,0.20222041200236304
asthma_v2_pneumonia_P29Pneumonia14M.wav,2,4,4,0,0.23094219105690086,0.17042357728178487,0.1743522800490835,0.19842048110891314,0.22586147050331767
asthma_v2_pneumonia_P29Pneumonia17N.wav,2,4,4,0,0.25636541480274966,0.15842633037792614,0.16230841338919003,0.18893926992629276,0.23396057150384142
asthma_v2_pneumonia_P29Pneumonia18M.wav,2,4,4,0,0.25905224964054785,0.15719786905961164,0.1610732850540858,0.18793722033578794,0.23473937590996677
asthma_v2_pneumonia_P29Pneumonia24X.wav,2,4,4,0,0.25194285800633787,0.16046427398190527,0.16435665203877378,0.1905889047801238,0.23264731119285942
asthma_v2_pneumonia_P29Pneumonia51O.wav,2,4,4,0,0.23731423167569046,0.16735092406544771,0.17127092874516908,0.1960452897282214,0.22801862578547147
asthma_v2_pneumonia_P29Pneumonia82U.wav,2,4,4,0,0.26315873630436276,0.1553341793536556,0.15919882283430625,0.18640605190021795,0.2359022096074574
asthma_v2_pneumonia_P30Pneumonia10C.wav,2,4,4,0,0.22997667568683697,0.17089316362555318,0.17482299536461396,0.19878022494762826,0.22552694037536763
asthma_v2_pneumonia_P30Pneumonia15J.wav,2,4,4,0,0.2451289787149414,0.16364367594590828,0.167550192196182,0.19313071557080239,0.23054643757216595
asthma_v2_pneumonia_P30Pneumonia30W.wav,2,4,4,0,0.25555572270232463,0.15879795619335435,0.16268198786628785,0.18924126939847377,0.23372306383955951
asthma_v2_pneumonia_P30Pneumonia52T.wav,2,4,4,4,0.20001915639986814,0.1860249758330771,0.1899618564782428,0.2099028563615988,0.2140911549272133
asthma_v2_pneumonia_P30Pneumonia70X.wav,2,4,4,4,0.21684120020162231,0.1773903969288164,0.18133030878501166,0.20366839821502208,0.22076969586952763
asthma_v2_pneumonia_P30Pneumonia85D.wav,2,4,4,0,0.23184068904598562,0.16998754164376037,0.17391514834590213,0.19808566648553466,0.2261709544788171
asthma_v2_pneumonia_P32Pneumonia59Q.wav,2,4,4,0,0.23695048684182,0.1675251039510552,0.1714456621881212,0.19618091644316502,0.2278978305758386
asthma_v2_pneumonia_P32Pneumonia66M.wav,2,4,4,0,0.23149532932873773,0.17015503384660238,0.17408306700801793,0.19821436521513355,0.22605220460150852
asthma_v2_pneumonia_P32Pneumonia69E.wav,2,4,4,3,0.13789535527662883,0.22169895174565038,0.2254028451031995,0.23227948036693924,0.18272336750758209
asthma_v2_pneumonia_P32Pneumonia75E.wav,2,4,4,3,0.192266398125385,0.19013248904877833,0.1940611121743012,0.21276151449732983,0.21077848615420558
asthma_v2_pneumonia_P32Pneumonia98Y.wav,2,4,4,4,0.2215217814332612,0.17505160220269544,0.1789890850855049,0.20192807768020596,0.22250945359833257
asthma_v2_pneumonia_P32Pneumonia99W.wav,2,4,4,0,0.23349091153541518,0.16918908524359502,0.17311456597607539,0.19747063519994165,0.2267348020449727
asthma_v2_pneumonia_P4Pneumonia17R.wav,2,4,4,4,0.21892506103199336,0.17634583436656706,0.18028482965980655,0.20289382080356919,0.22155045413806382
asthma_v2_pneumonia_P4Pneumonia27H.wav,2,4,4,0,0.2386154550735516,0.1667290253815857,0.170646994635505,0.195560080821652,0.2284484440877056
asthma_v2_pneumonia_P4Pneumonia39Q.wav,2,4,4,0,0.23485316999111544,0.16853227230544143,0.17245588926236485,0.19696284176946102,0.2271958266716172
asthma_v2_pneumonia_P4Pneumonia55U.wav,2,4,4,3,0.17526158238213402,0.19945252631434177,0.20334538498427543,0.21898454697533423,0.20295595934391458
asthma_v2_pneumonia_P4Pneumonia67J.wav,2,4,4,4,0.21890452831814114,0.17635610070731667,0.18029510633353574,0.2029014548040792,0.2215428098369271
asthma_v2_pneumonia_P4Pneumonia78E.wav,2,4,4,4,0.22035737797500088,0.1756309431494542,0.17956915443422458,0.20236119938637867,0.22208132505494166
asthma_v2_pneumonia_P7Pneumonia22C.wav,2,4,4,3,0.16135407781504152,0.2074241133275955,0.21126673751565841,0.22400821657653064,0.19594685476517396
asthma_v2_pneumonia_P7Pneumonia22X.wav,2,4,4,0,0.2347766309589516,0.16856912042554323,0.17249284468403495,0.19699137424647184,0.22717002968499841
asthma_v2_pneumonia_P7Pneumonia34I.wav,2,4,4,4,0.20081249861263795,0.18560936808535825,0.18954683560135488,0.20960972618195317,0.21442157151869565
asthma_v2_pneumonia_P7Pneumonia61Q.wav,2,4,4,4,0.2206363780867108,0.17549197948881945,0.17943002363874055,0.20225743015803554,0.22218418862769368
asthma_v2_pneumonia_P7Pneumonia62G.wav,2,4,4,0,0.24254706809275045,0.1648612117850753,0.16877251599728746,0.19409378501106977,0.2297254191138169
asthma_v2_pneumonia_P7Pneumonia76F.wav,2,4,4,4,0.20644139488887625,0.18268493954308254,0.18662526316431124,0.2075271104588917,0.2167212919448382
asthma_v2_pneumonia_P9Pneumonia31T.wav,2,4,4,0,0.27112147660213637,0.15176709128828267,0.15560892231695267,0.1834386727440789,0.23806383704854936
asthma_v2_pneumonia_P9Pneumonia63O.wav,2,4,4,0,0.24120949254863272,0.1654947785183412,0.16940843606748357,0.19459267005008155,0.2292946228154609
asthma_v2_pneumonia_P9Pneumonia67I.wav,2,4,4,4,0.2223120857280549,0.174659321014796,0.17859626351997854,0.20163404753320718,0.22279828220396344
asthma_v2_pneumonia_P9Pneumonia73J.wav,2,4,4,3,0.17677598737202457,0.1986042114583563,0.2025013295077847,0.2184335080473093,0.20368496361452523
asthma_v2_pneumonia_P9Pneumonia74S.wav,2,4,4,0,0.25681470782835675,0.1582204027170579,0.16210139226479273,0.18877169714728073,0.23409180004251187
asthma_v2_pneumonia_P9Pneumonia74V.wav,2,4,4,3,0.1910681865932864,0.1907749404622338,0.19470186424328317,0.21320228695010443,0.21025272175109236
