file_id,repeat,fold,y_true,y_pred,p_asthma,p_bronchial,p_copd,p_healthy,p_pneumonia
asthma_v2_Bronchial_P10BronchialSc_50.wav,0,0,1,1,0.00032223662232182043,0.4070864014601419,0.3951797754574705,0.18919912253579957,0.00821246392426624
asthma_v2_Bronchial_P11BronchialSc_54.wav,0,0,1,0,0.2765907097912061,0.14987468879900995,0.15325529017462194,0.1819212132433462,0.23835809799181565
asthma_v2_Bronchial_P12BronchialTc_57.wav,0,0,1,0,0.2923688548293492,0.14341325765180843,0.14674602452262966,0.1762368318490719,0.2412350311471408
asthma_v2_Bronchial_P12BronchialTc_59.wav,0,0,1,0,0.23257336310022989,0.16908415648048977,0.17255765053812436,0.19790382991308006,0.22788099996807595
asthma_v2_Bronchial_P13BronchialTc_65.wav,0,0,1,0,0.2943457672474695,0.14261808148347238,0.14594440369276557,0.17552672459869728,0.24156502297759527
asthma_v2_Bronchial_P14BronchialSc_70.wav,0,0,1,0,0.23340487046988723,0.16870355640612808,0.17217595298437882,0.19760074284429155,0.22811487729531438
asthma_v2_Bronchial_P15BronchialSc_74.wav,0,0,1,3,0.1669052167464365,0.20181352926043944,0.20525807437944737,0.22179348404120697,0.20422969557246973
asthma_v2_Bronchial_P17BronchialSc_84.wav,0,0,1,2,0.03433768882957517,0.30234608221690457,0.3034402069780329,0.25986818381805,0.10000783815743722
asthma_v2_Bronchial_P18BronchialSc_90.wav,0,0,1,1,0.02118330688308202,0.3212328818531892,0.3212224051676565,0.2581307110937764,0.07823069500229585
asthma_v2_Bronchial_P19BronchialSc_94.wav,0,0,1,4,0.1996653916631414,0.18477713160995454,0.18826814782812856,0.20990588429875115,0.21738344460002426
asthma_v2_Bronchial_P19BronchialTc_91.wav,0,0,1,1,5.524800089828449e-05,0.42776313829988866,0.410234628572143,0.15883867688201264,0.0031083082450574125
asthma_v2_Bronchial_P19BronchialTc_93.wav,0,0,1,2,0.06071963624422939,0.2743842187103122,0.2766115426718392,0.25613806007989237,0.13214654229372683
asthma_v2_Bronchial_P1BronchialSc_4.wav,0,0,1,1,2.4762523649801546e-14,0.5393858254617194,0.44706824336808354,0.013545912496803014,1.867336932246867e-08
asthma_v2_Bronchial_P1BronchialTc_5.wav,0,0,1,1,2.7561909998142365e-21,0.5722069354994087,0.42582779765231976,0.0019652668459483233,2.323158211971276e-12
asthma_v2_Bronchial_P20BronchialTc_99.wav,0,0,1,1,6.784525699427914e-37,0.6311206646680266,0.36885431503578137,2.502029619206093e-05,3.921662032259512e-21
asthma_v2_Bronchial_P21BronchialTc_103.wav,0,0,1,4,0.21032496185594948,0.17955288366074695,0.1830442006666475,0.20601902221956375,0.22105893159709233
asthma_v2_Bronchial_P3BronchialTc_11.wav,0,0,1,2,0.03253104771966869,0.30465121407293716,0.305627336682048,0.25985870500348074,0.0973316965218655
asthma_v2_Bronchial_P3BronchialTc_15.wav,0,0,1,3,0.1238834302608249,0.22704841622572428,0.23028062772019425,0.23700364695560372,0.18178387883765285
asthma_v2_Bronchial_P5BronchialSc_22.wav,0,0,1,1,0.00897115644180778,0.3473828998543435,0.345195035130001,0.24855564088527565,0.04989526768857207
asthma_v2_Bronchial_P7BronchialSc_34.wav,0,0,1,3,0.10964841907729604,0.23635953913128951,0.23946365584613935,0.24181644142482933,0.17271194452044586
asthma_v2_Bronchial_P8BronchialTc_39.wav,0,0,1,3,0.15343951443139126,0.2093128555971155,0.2127133229093512,0.22662603499257084,0.19790827206957123
asthma_v2_asthma_P11WheezingRS_52.wav,0,0,0,0,0.2946219693750266,0.14250723362929982,0.14583264781860228,0.17542755218864953,0.24161059698842166
asthma_v2_asthma_P13WheezingIE_65.wav,0,0,0,0,0.2577589429385615,0.15786827959290797,0.1612966798463939,0.18874035864693592,0.2343357389752007
asthma_v2_asthma_P13WheezingRL_63.wav,0,0,0,0,0.27093721774486934,0.15224124801974595,0.1556373265276219,0.18396476086282915,0.23721944684493362
asthma_v2_asthma_P14WheezingRL_67.wav,0,0,0,0,0.29455919438028894,0.14253242168734584,0.14585804241358338,0.17545009115932542,0.24160025035945643
asthma_v2_asthma_P16WheezingIU_78.wav,0,0,0,0,0.29142500929605547,0.14379401090254612,0.14712982066406796,0.17657603452867987,0.24107512460865044
asthma_v2_asthma_P16WheezingRL_79.wav,0,0,0,0,0.2635091314432098,0.15539357798188835,0.1588085459912714,0.18665462475983446,0.235634119823796
asthma_v2_asthma_P16WheezingRS_80.wav,0,0,0,0,0.2896593375249147,0.1445082304693651,0.14784967284895256,0.17721088492410503,0.24077187423266277
asthma_v2_asthma_P18WheezingIE_89.wav,0,0,0,0,0.2946268348408678,0.14250528152421765,0.14583067970158106,0.17542580529445037,0.241611398638883
asthma_v2_asthma_P18WheezingIU_86.wav,0,0,0,0,0.2836710470151319,0.14694952566536992,0.15030947685289944,0.17936679499821032,0.2397031554683884
asthma_v2_asthma_P18WheezingRS_88.wav,0,0,0,0,0.26282911055973285,0.1556846512889792,0.1591012632461849,0.18690113349371051,0.23548384141139256
asthma_v2_asthma_P19WheezingIU_94.wav,0,0,0,0,0.2901551111410128,0.1443074329685621,0.14764730171002752,0.17703258983168546,0.240857564348712
asthma_v2_asthma_P19WheezingRL_91.wav,0,0,0,0,0.23825700447803516,0.16649714117198072,0.16996256811050708,0.19583270940133726,0.22945057683813982
asthma_v2_asthma_P19WheezingRL_95.wav,0,0,0,0,0.29394489686258063,0.1427790708025284,0.1461067075757977,0.17567067733757197,0.2414986474215213
asthma_v2_asthma_P1AsthmaIE_1.wav,0,0,0,0,0.29465200093541716,0.1424951847740902,0.14582050012225575,0.1754167697218227,0.2416155444464142
asthma_v2_asthma_P1AsthmaRL_3.wav,0,0,0,0,0.25971786755230497,0.15702178564580235,0.16044573043648325,0.18802948812004025,0.23478512824536926
asthma_v2_asthma_P20WheezingRS_96.wav,0,0,0,0,0.26905986550415967,0.1530333038019101,0.1564343147845796,0.18464408474078992,0.23682843116856087
asthma_v2_asthma_P22WheezingRL_107.wav,0,0,0,3,0.15467284791049368,0.20861235538221568,0.2120175876225025,0.22618542387439372,0.19851178521039436
asthma_v2_asthma_P24WheezingIE_117.wav,0,0,0,0,0.2927943132992034,0.1432418598526022,0.1465732478578019,0.1760839654719275,0.24130661351846505
asthma_v2_asthma_P24WheezingIU_118.wav,0,0,0,0,0.29432858184508465,0.1426249804942147,0.14595135913952173,0.17553289546528755,0.24156218305589122
asthma_v2_asthma_P26WheezingIU_130.wav,0,0,0,0,0.28901977318310085,0.14476756158457738,0.14811102482059635,0.1774409359468809,0.24066070446484444
asthma_v2_asthma_P27WheezingIU_134.wav,0,0,0,0,0.26506421508912087,0.15472952772777937,0.1581406816190677,0.18609106296459715,0.23597451259943492
asthma_v2_asthma_P27WheezingRS_132.wav,0,0,0,0,0.2744401404303727,0.15077164563584994,0.15415824308379253,0.18269817760326026,0.23793179324672453
asthma_v2_asthma_P29WheezingRL_143.wav,0,0,0,0,0.29196812473688266,0.14357482687715925,0.14690888837576305,0.17638083411623068,0.24116732589396433
asthma_v2_asthma_P30WheezingIU_146.wav,0,0,0,0,0.26815426640644213,0.15341649435265178,0.15681984687038547,0.18497190223083051,0.2366374901396901
asthma_v2_asthma_P31WheezingRL_151.wav,0,0,0,0,0.2933525824929445,0.14301717948979517,0.14634675143549025,0.175883415010012,0.24140007157175802
asthma_v2_asthma_P36WheezingRL_179.wav,0,0,0,0,0.29355501344126816,0.1429357711885689,0.14626468273109236,0.17581070421698336,0.24143382842208716
asthma_v2_asthma_P36WheezingRS_180.wav,0,0,0,4,0.21807895404646235,0.17584004126163127,0.17932780298907455,0.20319018772193936,0.22356301398089248
asthma_v2_asthma_P38WheezingIU_186.wav,0,0,0,0,0.29446050343441327,0.14257202715168157,0.145897972388775,0.17548552654443447,0.2415839704806957
asthma_v2_asthma_P39WheezingIE_193.wav,0,0,0,0,0.256779214566043,0.15829298692932667,0.16172356786688477,0.1890960100447139,0.23410822059303152
asthma_v2_asthma_P3AsthmaIU_14.wav,0,0,0,0,0.2829204347447676,0.14725762908774528,0.1506198340224983,0.17963732950251515,0.2395647726424737
asthma_v2_asthma_P3AsthmaRS_12.wav,0,0,0,0,0.25638504871052914,0.1584641102585986,0.1618955594805322,0.18923911831447707,0.23401616323586302
asthma_v2_asthma_P40WheezingIU_198.wav,0,0,0,0,0.29316737952835753,0.1430916883051397,0.14642186356902764,0.17594994225023333,0.2413691263472418
asthma_v2_asthma_P40WheezingRL_199.wav,0,0,0,0,0.2818724115579964,0.14768859974900223,0.15105392618860974,0.1800151648695624,0.2393698976348291
asthma_v2_asthma_P40WheezingRS_200.wav,0,0,0,0,0.23263134487881781,0.16905759303018722,0.17253101149572417,0.19788269450616938,0.22789735608910142
asthma_v2_asthma_P43WheezingIE_213.wav,0,0,0,0,0.2915959052035378,0.14372501708384627,0.1470602775310646,0.17651460909054026,0.241104191091011
asthma_v2_asthma_P44WheezingIE_217.wav,0,0,0,0,0.29046167446667104,0.14418336911743804,0.14752226169400515,0.17692235556979044,0.2409103391520954
asthma_v2_asthma_P45WheezingRS_224.wav,0,0,0,0,0.293767705319014,0.1428502718203616,0.14617848840303588,0.1757343134055402,0.2414692210520482
asthma_v2_asthma_P47WheezingIU_234.wav,0,0,0,0,0.26555350396801297,0.15452104525829957,0.1579309834612679,0.18591379113548642,0.23608067617693304
asthma_v2_asthma_P49WheezingRS_244.wav,0,0,0,0,0.29102644619023277,0.14395500994755978,0.1472920979873363,0.17671930492001187,0.24100714095485937
asthma_v2_asthma_P4AsthmaRS_20.wav,0,0,0,0,0.2920058485428564,0.14355961160147648,0.1468935513965823,0.17636727721889683,0.241173711240188
asthma_v2_asthma_P51WheezingRL_255.wav,0,0,0,0,0.25650146225123494,0.15841355521476339,0.1618447485387543,0.18919685119557791,0.23404338279966935
asthma_v2_asthma_P52WheezingIE_257.wav,0,0,0,3,0.15409428477176768,0.208940607799046,0.2123436241323462,0.22639217346297882,0.1982293098338613
asthma_v2_asthma_P53WheezingRL_263.wav,0,0,0,0,0.27213541648539424,0.15173735235406796,0.15513022812426375,0.18353137538507966,0.2374656276511944
asthma_v2_asthma_P54WheezingIE_269.wav,0,0,0,4,0.20867270971857996,0.18035335992286763,0.18384503662369397,0.20662171338537982,0.22050718034947853
asthma_v2_asthma_P54WheezingIU_270.wav,0,0,0,0,0.270172489983775,0.15256351074622682,0.15596161115405605,0.18424143680141863,0.2370609513145234
asthma_v2_asthma_P55WheezingIU_274.wav,0,0,0,3,0.18195867403122842,0.19378854255144765,0.19726392456812888,0.2163471917049532,0.2106416671442418
asthma_v2_asthma_P55WheezingRL_271.wav,0,0,0,0,0.24950679858911468,0.1614740521664726,0.16491979607287238,0.19173830731135866,0.23236104586018178
asthma_v2_asthma_P55WheezingRS_272.wav,0,0,0,0,0.2783998497258584,0.1491232152613651,0.15249867137976816,0.18126798739436217,0.23871027623864616
asthma_v2_asthma_P56WheezingIE_277.wav,0,0,0,3,0.18766977304047983,0.1908340898500895,0.1943167570630669,0.21427267437312658,0.2129067056732372
asthma_v2_asthma_P58WheezingIU_286.wav,0,0,0,0,0.24716373376932652,0.16250983458892657,0.1659600669335061,0.19259042991453562,0.23177593479370512
asthma_v2_asthma_P5AsthmaIE_21.wav,0,0,0,0,0.2943847597521213,0.1426024289747098,0.14592862310787474,0.1755127234631786,0.2415714647021156
asthma_v2_asthma_P5AsthmaRL_23.wav,0,0,0,0,0.23935710331918217,0.16600029740086344,0.16946401273278053,0.19543200610246866,0.22974658044470522
asthma_v2_asthma_P6AsthmaIU_26.wav,0,0,0,0,0.2946563247222136,0.14249345010232237,0.14581875121805463,0.1754152173281923,0.24161625662921707
asthma_v2_asthma_P6AsthmaRL_27.wav,0,0,0,0,0.2942662901867446,0.14264998920935923,0.14597657235711328,0.17555526322365017,0.24155188502313277
asthma_v2_asthma_P8AsthmaRS_40.wav,0,0,0,0,0.2946562948130535,0.1424934621016083,0.14581876331579283,0.17541522806663903,0.24161625170290635
asthma_v2_asthma_P9AsthmaIE_41.wav,0,0,0,0,0.2924814087606875,0.1433679006331514,0.1467003031637435,0.17619638923669956,0.24125399820571805
asthma_v2_asthma_P9AsthmaIE_45.wav,0,0,0,0,0.2712388846365968,0.1521142648521385,0.15550954100165734,0.18385563498198987,0.23728167452761753
asthma_v2_asthma_P9AsthmaRL_43.wav,0,0,0,0,0.29291725938125324,0.14319235761274077,0.14652334633081576,0.17603979542647327,0.24132724124871685
asthma_v2_copd_P10COPDMc_80.wav,0,0,2,0,0.2487522249290608,0.16180703418447273,0.16525424519985907,0.19201268897707682,0.23217380670953058
asthma_v2_copd_P11COPDMc_86.wav,0,0,2,3,0.17362808525903897,0.19818541327725575,0.20164593459089156,0.2193657504056554,0.20717481646715827
asthma_v2_copd_P11COPDPr_83.wav,0,0,2,0,0.294348407538592,0.1426170215701331,0.14594333510820312,0.17552577653669388,0.24156545924637787
asthma_v2_copd_P13COPDMc_100.wav,0,0,2,1,0.00881437406571888,0.34784374455915884,0.3456090480814526,0.24830196023750156,0.04943087305616814
asthma_v2_copd_P13COPDMc_102.wav,0,0,2,3,0.10739159681451503,0.2378909703799354,0.24097116005683322,0.24256336140520166,0.17118291134351468
asthma_v2_copd_P13COPDPr_103.wav,0,0,2,2,0.04136395238800397,0.2939830537382725,0.2954709854903741,0.25947101778483905,0.10971099059851046
asthma_v2_copd_P14COPDMc_112.wav,0,0,2,0,0.29441386753458265,0.14259074521823373,0.1459168437188455,0.1755022717856335,0.2415762717427046
asthma_v2_copd_P14COPDPr_111.wav,0,0,2,0,0.27774614299875583,0.14939442618032175,0.15277175202792387,0.18150397999132004,0.23858369880167846
asthma_v2_copd_P15COPDMc_120.wav,0,0,2,0,0.28204176383110036,0.14761889585678256,0.15098371988672757,0.17995410113883206,0.23940151928655745
asthma_v2_copd_P15COPDPr_113.wav,0,0,2,0,0.24997193559665118,0.1612690707864856,0.16471390018261414,0.19156919166409694,0.2324759017701521
asthma_v2_copd_P15COPDPr_119.wav,0,0,2,0,0.2945413565647574,0.1425395795689965,0.14586525896622038,0.1754564958075347,0.24159730909249102
asthma_v2_copd_P16COPDMc_128.wav,0,0,2,0,0.2724420973079338,0.15160858196977206,0.15500063121687763,0.1834204732365342,0.23752821626888243
asthma_v2_copd_P16COPDPr_121.wav,0,0,2,0,0.2585350793130342,0.15753246639152324,0.16095911648237735,0.18845866942512646,0.23451466838793883
asthma_v2_copd_P16COPDPr_125.wav,0,0,2,0,0.2882414490728326,0.1450836077017863,0.14842951620022843,0.17772096600681062,0.2405244610183419
asthma_v2_copd_P16COPDPr_127.wav,0,0,2,0,0.29292715714988754,0.14318837296580705,0.146519329523091,0.17603623960174167,0.2413289007594728
asthma_v2_copd_P17COPDMc_132.wav,0,0,2,0,0.26008643451514885,0.15686291861266904,0.16028601105827955,0.18789577586862968,0.23486885994527287
asthma_v2_copd_P17COPDMc_136.wav,0,0,2,0,0.2940615750994143,0.14273219962269595,0.14605945418044672,0.17562877602225677,0.2415179950751863
asthma_v2_copd_P17COPDPr_131.wav,0,0,2,0,0.29014360455708843,0.14431209108239554,0.14765199641727825,0.17703672760277783,0.24085558034045984
asthma_v2_copd_P17COPDPr_135.wav,0,0,2,0,0.27244869029235763,0.15160581458499545,0.1549978460334148,0.1834180891825586,0.2375295599066735
asthma_v2_copd_P19COPDMc_146.wav,0,0,2,2,0.033692134334403226,0.30316156622956797,0.3042144334123283,0.25987088779249934,0.09906097823120114
asthma_v2_copd_P1COPDMc_4.wav,0,0,2,3,0.11898255261122975,0.23018962031037143,0.23338187327454507,0.2386784771134253,0.17876747669042845
asthma_v2_copd_P1COPDMc_6.wav,0,0,2,2,0.03639476771329893,0.29980450921492074,0.30102387146822823,0.259817895019276,0.10295895658427605
asthma_v2_copd_P20COPDMc_156.wav,0,0,2,0,0.26746409429637197,0.15370902128870575,0.15711414164634596,0.1852217909727245,0.23649095179585183
asthma_v2_copd_P20COPDPr_159.wav,0,0,2,2,0.04531881927148228,0.2896245595722136,0.29129787117083084,0.2590088821620929,0.11474986782338042
asthma_v2_copd_P21COPDMc_166.wav,0,0,2,3,0.17960054857345503,0.19502242562981667,0.1984941272169597,0.2172026414531823,0.20968025712658622
asthma_v2_copd_P21COPDPr_161.wav,0,0,2,1,0.0030699832411016387,0.37156046356136735,0.36640989549958897,0.23087148395726237,0.02808817374067954
asthma_v2_copd_P22COPDMc_170.wav,0,0,2,3,0.1214629419673979,0.22859178523137216,0.23180476810230263,0.23783293832768873,0.18030756637123857
asthma_v2_copd_P22COPDMc_174.wav,0,0,2,4,0.20263334957977605,0.18330809591530858,0.18679983261053157,0.2088240716108361,0.21843465028354772
asthma_v2_copd_P23COPDMc_178.wav,0,0,2,3,0.15363314132275585,0.20920269134401348,0.21260391702735074,0.2265568915766949,0.19800335872918487
asthma_v2_copd_P23COPDMc_180.wav,0,0,2,4,0.2000165348993046,0.18460273327193283,0.1880938613157019,0.20977791527243556,0.21750895524062508
asthma_v2_copd_P24COPDMc_190.wav,0,0,2,3,0.16899691099551592,0.20067679791737986,0.2041267157619414,0.22103905037239355,0.20516052495276932
asthma_v2_copd_P25COPDPr_195.wav,0,0,2,3,0.15972443731122749,0.20577249824147584,0.20919566652304342,0.22437622593690335,0.2009311719873499
asthma_v2_copd_P25COPDPr_197.wav,0,0,2,1,1.2265743454386133e-52,0.6858295856606587,0.31417011170860504,3.0263073650989544e-07,5.527772445252215e-30
asthma_v2_copd_P26COPDMc_206.wav,0,0,2,2,0.07121008542238971,0.2651685574313288,0.2676681678819925,0.2535377373695986,0.14241545189469046
asthma_v2_copd_P26COPDPr_201.wav,0,0,2,2,0.03937882586876304,0.29625867015804397,0.2976445615116521,0.25964423927063196,0.10707370319090886
asthma_v2_copd_P27COPDMc_214.wav,0,0,2,2,0.0520764076276316,0.28263781702546736,0.2845823847662312,0.25792625746417813,0.12277713311649165
asthma_v2_copd_P27COPDMc_216.wav,0,0,2,1,0.0019545003272667155,0.3799396176499777,0.37348446271403424,0.22262733074864946,0.021994088560071873
asthma_v2_copd_P27COPDPr_211.wav,0,0,2,1,1.6603895636742092e-13,0.5343696376991002,0.44862573332546024,0.017004574662166694,5.4313107028658336e-08
asthma_v2_copd_P2COPDMc_14.wav,0,0,2,0,0.294654353971209,0.14249424075141887,0.14581954835424843,0.17541592489777685,0.24161593202534684
asthma_v2_copd_P2COPDPr_13.wav,0,0,2,0,0.2946413334659787,0.1424994645489735,0.14582481500887268,0.17542059973391835,0.24161378724225688
asthma_v2_copd_P30COPDMc_236.wav,0,0,2,1,3.0754841683056875e-14,0.5388344536097818,0.44726371768751383,0.013901807614535229,2.1088138531031187e-08
asthma_v2_copd_P30COPDPr_239.wav,0,0,2,1,0.003075762761927446,0.3715237292483742,0.3663785334296946,0.23090524498620252,0.02811672957380138
asthma_v2_copd_P31COPDMc_246.wav,0,0,2,0,0.28325001720350523,0.14712228756841159,0.15048350476730152,0.17951853388479685,0.23962565657598495
asthma_v2_copd_P31COPDPr_241.wav,0,0,2,1,0.00120131702013138,0.3881262524957651,0.3802346263206296,0.21356072551649158,0.016877078646982287
asthma_v2_copd_P31COPDPr_245.wav,0,0,2,0,0.294091302811773,0.1427202593521199,0.14604741647446767,0.17561810052666915,0.24152292083497034
asthma_v2_copd_P31COPDPr_247.wav,0,0,2,0,0.27974102720092325,0.14856792526962964,0.1519395082657283,0.18078396068776678,0.23896757857595202
asthma_v2_copd_P33COPDPr_257.wav,0,0,2,0,0.2601479873070312,0.15683639916984354,0.16025934883805132,0.18787344629424862,0.2348828183908253
asthma_v2_copd_P33COPDPr_259.wav,0,0,2,2,0.09687838306842286,0.24525122960787765,0.24820446216993397,0.24596920533852706,0.1636967198152383
asthma_v2_copd_P33COPDPr_263.wav,0,0,2,2,0.05992704232735293,0.2751136698212344,0.27731754659445434,0.2563173154615534,0.13132442579540496
asthma_v2_copd_P34COPDMc_272.wav,0,0,2,2,0.0782315742387963,0.2593943488507087,0.2620433507540092,0.25160602540410526,0.14872470075238045
asthma_v2_copd_P36COPDMc_282.wav,0,0,2,3,0.18477822246185074,0.19232402725923212,0.19580328822291057,0.21532345889188412,0.21177100316412237
asthma_v2_copd_P36COPDMc_288.wav,0,0,2,2,0.04350327180433873,0.29159801226816257,0.29318898911434665,0.259239025153532,0.11247070165962011
asthma_v2_copd_P37COPDMc_296.wav,0,0,2,1,4.958181409550507e-06,0.4506790428819767,0.4251327184406911,0.12336531650143169,0.0008179639944911025
asthma_v2_copd_P39COPDMc_308.wav,0,0,2,3,0.15845454259393538,0.2064820310036598,0.2099009241271356,0.22483168163861977,0.2003308206366496
asthma_v2_copd_P39COPDPr_307.wav,0,0,2,3,0.16672278270754792,0.20191301847887808,0.20535707727344357,0.22185924259538856,0.2041478789447419
asthma_v2_copd_P40COPDPr_317.wav,0,0,2,4,0.21628342662137776,0.17669347241021208,0.18018232421945055,0.20384526038807727,0.22299551636088236
asthma_v2_copd_P41COPDMc_324.wav,0,0,2,0,0.2652866555280349,0.15463472063907577,0.15804532277648858,0.1860104688999295,0.2360228321564713
asthma_v2_copd_P41COPDPr_323.wav,0,0,2,0,0.2884198978815482,0.14501110304019743,0.14835645227204347,0.17765675614135124,0.24055579066485966
asthma_v2_copd_P41COPDPr_327.wav,0,0,2,4,0.19480714672246427,0.18720669485281452,0.19069541049650157,0.2116756864023893,0.21561506152583043
asthma_v2_copd_P42COPDMc_334.wav,0,0,2,2,0.02522903791476591,0.3148218957661782,0.315223366746365,0.25915885141367717,0.08556684815901382
asthma_v2_copd_P42COPDPr_331.wav,0,0,2,1,0.00888279613562995,0.34764193999576537,0.3454277922230806,0.24841343270600658,0.04963403893951758
asthma_v2_copd_P44COPDMc_352.wav,0,0,2,4,0.2165200490264242,0.17658078837527652,0.1800695055350142,0.2037589318299466,0.22307072523333837
asthma_v2_copd_P45COPDMc_356.wav,0,0,2,3,0.15442841824200235,0.20875095802146948,0.21215525824367687,0.22627278293478273,0.19839258255806846
asthma_v2_copd_P45COPDMc_360.wav,0,0,2,0,0.27964191470424266,0.14860890867580692,0.15198077959177797,0.1808197232404737,0.23894867378769877
asthma_v2_copd_P45COPDPr_355.wav,0,0,2,3,0.10409383869871641,0.2401585172244141,0.2432017314413102,0.24364539898875018,0.16890051364680905
asthma_v2_copd_P45COPDPr_357.wav,0,0,2,2,0.07798330461190679,0.259593797393717,0.26223789594542346,0.2516764679323484,0.1485085341166043
asthma_v2_copd_P47COPDPr_371.wav,0,0,2,4,0.2189002234026976,0.1754509317638766,0.17893814283907228,0.202890562872354,0.22382013912199952
asthma_v2_copd_P48COPDPr_379.wav,0,0,2,0,0.2911488099959985,0.14390556757149006,0.14724226358616974,0.1766753170394384,0.24102804180690326
asthma_v2_copd_P49COPDMc_390.wav,0,0,2,0,0.2917229766369936,0.14367373131012542,0.14700858283750273,0.17646893792292961,0.2411257712924486
asthma_v2_copd_P49COPDPr_391.wav,0,0,2,0,0.2922396843850961,0.14346532337584286,0.14679850798869792,0.17628324702392553,0.2412132372264375
asthma_v2_copd_P50COPDPr_397.wav,0,0,2,0,0.26865713261515706,0.15320362399276746,0.15660567934680106,0.1847898599663973,0.23674370407887727
asthma_v2_copd_P50COPDPr_399.wav,0,0,2,0,0.288454439506552,0.14499707161267486,0.14834231249546045,0.1776443277391923,0.24056184864612032
asthma_v2_copd_P5COPDPr_37.wav,0,0,2,3,0.15582079293178144,0.2079629076137803,0.21137243638926542,0.22577491581707043,0.1990689472481023
asthma_v2_copd_P5COPDPr_39.wav,0,0,2,0,0.27033656868260497,0.1524943230984477,0.15589199115499436,0.1841820687381607,0.23709504832579228
asthma_v2_copd_P7COPDMc_52.wav,0,0,2,0,0.2820280190744326,0.14762455217810566,0.15098941701282345,0.17995905699464118,0.23939895473999717
asthma_v2_copd_P7COPDPr_53.wav,0,0,2,0,0.2555790336182647,0.15881449002881395,0.16224769849887283,0.18953179392977937,0.23382698392426926
asthma_v2_copd_P8COPDPr_57.wav,0,0,2,0,0.274515594180079,0.15074010777589994,0.1541264970836082,0.1826709091285076,0.23794689183190523
asthma_v2_copd_P8COPDPr_59.wav,0,0,2,0,0.28215933182527425,0.1475705200825761,0.15093499487437642,0.17991171130843056,0.23942344190934262
asthma_v2_copd_P9COPDMc_68.wav,0,0,2,0,0.2927630157091607,0.1432544632592056,0.14658595284884704,0.17609520985872465,0.24130135832406208
asthma_v2_copd_P9COPDPr_69.wav,0,0,2,0,0.2919889562483451,0.14356642468822461,0.14690041898515027,0.17637334782251993,0.24117085225576007
asthma_v2_healthy_P10Healthy10S.wav,0,0,3,3,0.16150571166126126,0.2047820792356793,0.2082109877500139,0.2237366714666327,0.20176454988641276
asthma_v2_healthy_P11Healthy18S.wav,0,0,3,3,0.12811141011138188,0.22438878605945511,0.2276523334810857,0.235545941153184,0.18430152919489334
asthma_v2_healthy_P11Healthy30S.wav,0,0,3,3,0.13455645588090853,0.2204187310224106,0.2237249182170964,0.2333038245761549,0.18799607030342952
asthma_v2_healthy_P11Healthy73S.wav,0,0,3,4,0.19188553465967884,0.18868302574045942,0.1921696606355291,0.21273924126236696,0.21452253770196564
asthma_v2_healthy_P12Healthy67S.wav,0,0,3,3,0.12068351289100544,0.22909208506858628,0.2322986677494526,0.23809911673873418,0.17982661755222143
asthma_v2_healthy_P13Healthy28S.wav,0,0,3,4,0.19014784122544812,0.1895666647440137,0.19305180477621336,0.21337149622880813,0.21386219302551657
asthma_v2_healthy_P13Healthy48S.wav,0,0,3,0,0.2328755696646152,0.16894574453605016,0.17241884305730457,0.1977936715648433,0.22796617117718676
asthma_v2_healthy_P17Healthy22S.wav,0,0,3,4,0.20665182808097116,0.18133699228840525,0.18482891126452622,0.20735878620367462,0.21982348216242265
asthma_v2_healthy_P17Healthy58S.wav,0,0,3,3,0.18541529602029652,0.19199472791645145,0.1954747884140761,0.2150920227828348,0.21202316486634112
asthma_v2_healthy_P17Healthy83S.wav,0,0,3,4,0.19131244684743529,0.18897398607291419,0.19246014945395648,0.21294778542312764,0.21430563220256646
asthma_v2_healthy_P18Healthy17S.wav,0,0,3,3,0.1138523863934913,0.2335489512515306,0.23669483554437487,0.2404123167082648,0.17549151010233854
asthma_v2_healthy_P1Healthy55S.wav,0,0,3,2,0.09572355344931326,0.24608408677374716,0.2490216644265106,0.24633494149944238,0.16283575385098678
asthma_v2_healthy_P22Healthy88S.wav,0,0,3,0,0.23070163832275165,0.16994358877963073,0.17341944699982942,0.19858617369241643,0.22734915220537186
asthma_v2_healthy_P23Healthy98S.wav,0,0,3,3,0.15064460884148115,0.21091097951732715,0.21430006463383144,0.2276227837482232,0.19652156325913708
asthma_v2_healthy_P24Healthy58S.wav,0,0,3,0,0.23860218019146273,0.16634111329148826,0.16980600832741188,0.19570697500979445,0.22954372317984284
asthma_v2_healthy_P24Healthy63S.wav,0,0,3,0,0.2556854803278875,0.15876818181520055,0.1622011592062958,0.1894931386370677,0.23385204001354834
asthma_v2_healthy_P24Healthy95S.wav,0,0,3,0,0.2580098379902011,0.15775966251952214,0.16118749919350123,0.1886492938756847,0.2343937064210908
asthma_v2_healthy_P25Healthy20S.wav,0,0,3,0,0.279757175551304,0.14856124865278222,0.15193278471266763,0.18077813401644094,0.23897065706680526
asthma_v2_healthy_P2Healthy30S.wav,0,0,3,0,0.24728542611828247,0.16245590615519395,0.16590591028196983,0.19254616395218924,0.23180659349236438
asthma_v2_healthy_P3Healthy49S.wav,0,0,3,3,0.15800639441653352,0.20673311915232007,0.2101504666575961,0.22499231183229484,0.20011770794125555
asthma_v2_healthy_P3Healthy57S.wav,0,0,3,0,0.23751024823855124,0.16683511476584748,0.1703016762353152,0.19610474434216488,0.22924821641812115
asthma_v2_healthy_P3Healthy84S.wav,0,0,3,3,0.1554208613687743,0.20818889036913232,0.2115969372984229,0.22591797556694954,0.19887533539672098
asthma_v2_healthy_P4Healthy77S.wav,0,0,3,2,0.027151291167055593,0.31199224457006747,0.3125628623798721,0.2594647866402536,0.08882881524275137
asthma_v2_healthy_P6Healthy34S.wav,0,0,3,4,0.21082155290703347,0.17931294757524757,0.1828041284680585,0.20583787121300073,0.22122349983665962
asthma_v2_healthy_P6Healthy71S.wav,0,0,3,3,0.1055066362056177,0.23918266042767802,0.24224201587878758,0.2431832578942198,0.1698854295936968
asthma_v2_healthy_P8Healthy70S.wav,0,0,3,0,0.24214303292252973,0.1647476152604407,0.16820678466211564,0.19441753522328867,0.23048503193162515
asthma_v2_healthy_P9Healthy31S.wav,0,0,3,0,0.2737040183524606,0.15107958643098696,0.15446820588521315,0.18296423849885513,0.23778395083248424
asthma_v2_pneumonia_P10Pneumonia73G.wav,0,0,4,4,0.22572882308629036,0.17224536709963206,0.17572677366201273,0.20039957057069546,0.22589946558136925
asthma_v2_pneumonia_P10Pneumonia80J.wav,0,0,4,0,0.25345295026796627,0.159741666305354,0.1631794093506819,0.19030405018567792,0.23332192389031997
asthma_v2_pneumonia_P10Pneumonia93W.wav,0,0,4,3,0.17189145670305833,0.19911560065251446,0.20257235010341731,0.2199936630718627,0.2064269294691472
asthma_v2_pneumonia_P11Pneumonia18T.wav,0,0,4,0,0.2646224855943378,0.15491793148701885,0.15833017649893324,0.18625112292884877,0.23587828349086115
asthma_v2_pneumonia_P12Pneumonia97E.wav,0,0,4,0,0.23360158144824344,0.16861362464685872,0.17208575738398582,0.1975290450389516,0.2281699914819603
asthma_v2_pneumonia_P13Pneumonia20R.wav,0,0,4,0,0.23098415468955338,0.16981362615075063,0.17328913702940157,0.19848317339410246,0.22742990873619187
asthma_v2_pneumonia_P13Pneumonia60R.wav,0,0,4,0,0.22698515042090459,0.17166129292302404,0.17514140011020016,0.19994137122935404,0.2262707853165172
asthma_v2_pneumonia_P14Pneumonia19W.wav,0,0,4,0,0.22752009629020387,0.1714131208980111,0.17489265358649977,0.19974628142497988,0.22642784780030548
asthma_v2_pneumonia_P14Pneumonia62B.wav,0,0,4,4,0.19739445192203667,0.18590891323507028,0.18939903066467198,0.21073333625282187,0.21656426792539923
asthma_v2_pneumonia_P15Pneumonia16R.wav,0,0,4,4,0.21587212852501542,0.17688949643820903,0.180378575740581,0.20399531697562553,0.22286448232056905
asthma_v2_pneumonia_P15Pneumonia39Y.wav,0,0,4,0,0.22926950046804148,0.1706037228262719,0.17408128926774205,0.19910834566587607,0.22693714177206845
asthma_v2_pneumonia_P15Pneumonia56Z.wav,0,0,4,4,0.20337772236166785,0.18294143230630483,0.1864332707113113,0.20855268957950376,0.21869488504121237
asthma_v2_pneumonia_P16Pneumonia42Q.wav,0,0,4,0,0.26951711415202395,0.1528401029495163,0.15623992227712896,0.18447859607021883,0.23692426455111193
asthma_v2_pneumonia_P16Pneumonia80G.wav,0,0,4,4,0.20168376941606497,0.18377686924229336,0.18726843054377687,0.2091702345644179,0.21810069623344686
asthma_v2_pneumonia_P17Pneumonia49T.wav,0,0,4,0,0.25022100612067166,0.16115939432945592,0.1646037308573407,0.19147864024038527,0.23253722845214636
asthma_v2_pneumonia_P17Pneumonia91K.wav,0,0,4,4,0.22392384531796344,0.17308757532354654,0.1765707248811093,0.20105793215801165,0.2253599223193691
asthma_v2_pneumonia_P18Pneumonia23E.wav,0,0,4,3,0.14341273722518152,0.21511759171101932,0.21847325681276475,0.23018948210626688,0.1928069321447676
asthma_v2_pneumonia_P18Pneumonia84N.wav,0,0,4,2,0.05578142588481599,0.27901594256754664,0.2810893852074536,0.25720719455584695,0.12690605178433687
asthma_v2_pneumonia_P18Pneumonia88I.wav,0,0,4,0,0.26185010106055306,0.15610444502635917,0.15952339792959166,0.18725609904733767,0.23526595693615848
asthma_v2_pneumonia_P19Pneumonia41U.wav,0,0,4,0,0.27022129014644564,0.15254293052256296,0.15594090242454825,0.18422377931574385,0.2370710975906992
asthma_v2_pneumonia_P20Pneumonia58T.wav,0,0,4,0,0.27673983292270876,0.14981264051674764,0.1531928212531582,0.18186735593273257,0.23838734937465275
asthma_v2_pneumonia_P22Pneumonia47V.wav,0,0,4,3,0.17145036368353597,0.1993526309830187,0.20280838376260205,0.22015306580310604,0.20623555576773728
asthma_v2_pneumonia_P23Pneumonia60Y.wav,0,0,4,4,0.19343799172303597,0.18789709988201767,0.19138490714097223,0.21217417895641483,0.2151058222975593
asthma_v2_pneumonia_P24Pneumonia54A.wav,0,0,4,4,0.2210079422764924,0.1744558648309214,0.17794151553484264,0.20212162369199757,0.22447305366574594
asthma_v2_pneumonia_P24Pneumonia67G.wav,0,0,4,0,0.23596221018732821,0.16753758454359158,0.17100642678400768,0.19666876148785,0.2288250169972226
asthma_v2_pneumonia_P25Pneumonia16B.wav,0,0,4,0,0.26395080353434064,0.15520475227222102,0.15861864471779183,0.18649454036162624,0.23573125911402032
asthma_v2_pneumonia_P25Pneumonia93N.wav,0,0,4,3,0.17923758906018677,0.19521308478792213,0.19868418381795913,0.21733424626862768,0.20953089606530434
asthma_v2_pneumonia_P25Pneumonia97D.wav,0,0,4,3,0.12425743849102502,0.22681130713513015,0.2300464042572256,0.2368751555403205,0.1820096945762987
asthma_v2_pneumonia_P26Pneumonia83Z.wav,0,0,4,4,0.21061281220801123,0.17941376759094993,0.18290500726484044,0.20591401803806106,0.22115439489813732
asthma_v2_pneumonia_P26Pneumonia84P.wav,0,0,4,3,0.15493626784485512,0.2084631093575536,0.2118693392519165,0.22609125804039726,0.1986400255052776
asthma_v2_pneumonia_P27Pneumonia28K.wav,0,0,4,0,0.2777878587699113,0.14937710816552993,0.15275431505373838,0.18148891891484017,0.23859179909598013
asthma_v2_pneumonia_P28Pneumonia22W.wav,0,0,4,0,0.25934380116069156,0.15718315196310126,0.16060795728481278,0.18816520738011866,0.23469988221127577
asthma_v2_pneumonia_P28Pneumonia65J.wav,0,0,4,0,0.25162659416119915,0.16054158063548515,0.16398309458376376,0.19096771135159277,0.23288101926795907
asthma_v2_pneumonia_P2Pneumonia70H.wav,0,0,4,0,0.2677223907237928,0.15359949345161,0.15700395389264954,0.18512826489167034,0.23654589704027737
asthma_v2_pneumonia_P2Pneumonia93N.wav,0,0,4,4,0.21640300398075432,0.17663651923311782,0.18012530334076143,0.2038016341697735,0.22303353927559294
asthma_v2_pneumonia_P30Pneumonia15J.wav,0,0,4,0,0.2493662206979843,0.16153604495405455,0.16498206373145805,0.1917894219328089,0.23232624868369423
asthma_v2_pneumonia_P30Pneumonia70X.wav,0,0,4,4,0.21476128062624064,0.17741991913176142,0.1809095710130018,0.20440059302456542,0.2225086362044308
asthma_v2_pneumonia_P31Pneumonia92I.wav,0,0,4,4,0.20434071610882615,0.1824681253904202,0.1859600491626205,0.20820157158643793,0.21902953775169506
asthma_v2_pneumonia_P33Pneumonia70D.wav,0,0,4,0,0.23915988135319188,0.16608927820881111,0.1695533039011507,0.1955038383112291,0.22969369822561717
asthma_v2_pneumonia_P34Pneumonia36H.wav,0,0,4,0,0.23845351066047668,0.1664083004871618,0.1698734251955708,0.19576112894222195,0.22950363471456872
asthma_v2_pneumonia_P35Pneumonia99V.wav,0,0,4,0,0.2688784491368509,0.15311000893887614,0.1565114909773058,0.1847097491526085,0.2367903017943587
asthma_v2_pneumonia_P36Pneumonia57U.wav,0,0,4,0,0.2843703677259054,0.14666289888912126,0.15002073685581727,0.17911480574504254,0.2398311907841135
asthma_v2_pneumonia_P36Pneumonia83N.wav,0,0,4,4,0.20735093577691927,0.1809961408158646,0.18448800084319378,0.2071038135430306,0.22006110902099174
asthma_v2_pneumonia_P40Pneumonia18H.wav,0,0,4,0,0.2946203577647885,0.142507880238056,0.14583329973093853,0.17542813082097541,0.24161033144524147
asthma_v2_pneumonia_P42Pneumonia47W.wav,0,0,4,0,0.2929505624270042,0.14317895077498352,0.14650983127196882,0.17602783118357437,0.24133282434246917
asthma_v2_pneumonia_P44Pneumonia71M.wav,0,0,4,3,0.15640841667089658,0.20763140468553654,0.21104308184648532,0.22556463412195882,0.19935246267512266
asthma_v2_pneumonia_P46Pneumonia95A.wav,0,0,4,0,0.2533561585238315,0.15978397926749424,0.16322192506438765,0.19033921609097873,0.23329872105330796
asthma_v2_pneumonia_P47Pneumonia74Q.wav,0,0,4,0,0.23845124845795965,0.16640932300486946,0.1698744512012916,0.19576195297406537,0.22950302436181383
asthma_v2_pneumonia_P48Pneumonia82Z.wav,0,0,4,0,0.2533561585238315,0.15978397926749424,0.16322192506438765,0.19033921609097873,0.23329872105330796
asthma_v2_pneumonia_P4Pneumonia67J.wav,0,0,4,4,0.21726293688629822,0.17622743638406269,0.17971571298960196,0.20348789921501698,0.2233060145250201
asthma_v2_pneumonia_P5Pneumonia21J.wav,0,0,4,2,0.08978534485877558,0.25045036434266443,0.25330139132332063,0.24818478005123973,0.15827811942399972
asthma_v2_pneumonia_P5Pneumonia38U.wav,0,0,4,3,0.1601889784470842,0.2055136636887197,0.20893835762077734,0.22420951187469773,0.20114948836872107
asthma_v2_pneumonia_P5Pneumonia88J.wav,0,0,4,3,0.18946307168401758,0.1899160321811568,0.19340052935169735,0.21362057671968843,0.21359979006343974
asthma_v2_pneumonia_P6Pneumonia15U.wav,0,0,4,0,0.2315393594257156,0.16955847180730246,0.17303329020900524,0.1982807639955274,0.22758811456244926
asthma_v2_pneumonia_P6Pneumonia17Q.wav,0,0,4,0,0.23552191867466424,0.1677378372272237,0.17120731048161383,0.19682919867405074,0.22870373494244736
asthma_v2_pneumonia_P8Pneumonia14Z.wav,0,0,4,0,0.24787566117521256,0.16219454811889986,0.1656434376848282,0.1923314780362692,0.2319548749847902
asthma_v2_pneumonia_P9Pneumonia73J.wav,0,0,4,3,0.16706693953631555,0.20172538138263085,0.20517035521761098,0.22173518514981932,0.20430213871362324
asthma_v2_Bronchial_P10BronchialSc_46.wav,0,1,1,2,0.08997561292994506,0.2507360720072402,0.2595248644333096,0.24666474724346,0.15309870338604512
asthma_v2_Bronchial_P13BronchialSc_62.wav,0,1,1,0,0.23477189700463275,0.16336254850524912,0.17287414824264072,0.2005171385821153,0.22847426766536205
asthma_v2_Bronchial_P13BronchialSc_64.wav,0,1,1,4,0.19879609089786215,0.18130236111594852,0.19103205584441313,0.21313935292556987,0.21573013921620618
asthma_v2_Bronchial_P13BronchialTc_61.wav,0,1,1,0,0.2828060834255778,0.14179110110578627,0.15083354284461714,0.18337972568732075,0.24118954693669795
asthma_v2_Bronchial_P13BronchialTc_63.wav,0,1,1,0,0.2882378438595681,0.13949884823932887,0.1484787721165332,0.18143442750789987,0.24235010827666997
asthma_v2_Bronchial_P17BronchialSc_82.wav,0,1,1,4,0.20384874590212404,0.1786759609064626,0.18838398239774273,0.2113856936796473,0.2177056171140234
asthma_v2_Bronchial_P19BronchialSc_92.wav,0,1,1,2,0.09378578175526667,0.24769006617617131,0.2565918545195802,0.24576403073135222,0.15616826681762966
asthma_v2_Bronchial_P19BronchialTc_95.wav,0,1,1,4,0.19790419921140615,0.18176989294665294,0.1915030662916912,0.21344809209898113,0.2153747494512686
asthma_v2_Bronchial_P1BronchialSc_2.wav,0,1,1,1,1.106235671074146e-08,0.537011989802115,0.42599207024636315,0.03698041951549763,1.5509373667601124e-05
asthma_v2_Bronchial_P20BronchialSc_100.wav,0,1,1,4,0.21091046382326561,0.17506669336614802,0.18473908980657167,0.20892261461148642,0.22036113839252822
asthma_v2_Bronchial_P20BronchialSc_96.wav,0,1,1,3,0.14642927619953178,0.21106730072521734,0.22077584466288258,0.2306609958304112,0.1910665825819571
asthma_v2_Bronchial_P21BronchialSc_102.wav,0,1,1,0,0.24832279473647387,0.1570253090182485,0.1664218219914321,0.1957024022805566,0.23252767197328905
asthma_v2_Bronchial_P21BronchialSc_104.wav,0,1,1,4,0.19877757611282232,0.18131205451349114,0.19104182253390448,0.21314576461221776,0.21572278222756425
asthma_v2_Bronchial_P2BronchialSc_10.wav,0,1,1,2,0.0403383704731896,0.29989428034257876,0.30558369629568916,0.2522835161940614,0.10190013669448113
asthma_v2_Bronchial_P3BronchialSc_12.wav,0,1,1,2,0.01703058769875763,0.33758901396400864,0.3386523683171169,0.24287294277851812,0.06385508724159866
asthma_v2_Bronchial_P4BronchialSc_16.wav,0,1,1,0,0.23749933503119688,0.16206989065801886,0.17155958650586187,0.1995499782620951,0.22932120954282717
asthma_v2_Bronchial_P5BronchialTc_25.wav,0,1,1,2,0.0349523995105433,0.30705140398614605,0.3120444483188066,0.251519107114486,0.09443264107001803
asthma_v2_Bronchial_P6BronchialSc_26.wav,0,1,1,3,0.15624435298337042,0.205086863212655,0.2148410377801794,0.22749716864545924,0.1963305773783358
asthma_v2_Bronchial_P6BronchialTc_27.wav,0,1,1,3,0.15204588300769012,0.20761910020000515,0.21735663250591175,0.22885936138946597,0.19411902289692712
asthma_v2_Bronchial_P8BronchialSc_38.wav,0,1,1,2,0.05646485368142386,0.28133980444675455,0.28851369796508336,0.25227337239535325,0.12140827151138503
asthma_v2_Bronchial_P8BronchialSc_40.wav,0,1,1,3,0.15816673229099684,0.20393987626797275,0.2137003141373966,0.22686934900294128,0.1973237283006926
asthma_v2_asthma_P11WheezingIE_53.wav,0,1,0,0,0.282942024855125,0.14173339365617785,0.15077429077853746,0.18333104516272009,0.24121924554743968
asthma_v2_asthma_P11WheezingRL_51.wav,0,1,0,0,0.28491638189096796,0.14089724498642858,0.14991559164602555,0.18262399729981654,0.24164678417676141
asthma_v2_asthma_P13WheezingIE_61.wav,0,1,0,0,0.28583999289999157,0.14050735228883252,0.14951507524493957,0.18229322006273416,0.24184435950350233
asthma_v2_asthma_P17WheezingIE_81.wav,0,1,0,3,0.18841635219716701,0.1868189553428591,0.19658228820472817,0.21671572270624692,0.21146668154899875
asthma_v2_asthma_P17WheezingRL_83.wav,0,1,0,0,0.2889250349936503,0.13921081060597046,0.1481827102961427,0.18118830190463078,0.24249314219960572
asthma_v2_asthma_P18WheezingIU_90.wav,0,1,0,0,0.2845367696927581,0.1410577267649212,0.1500804261538714,0.18275994661284278,0.24156513077560662
asthma_v2_asthma_P18WheezingRL_87.wav,0,1,0,0,0.28835763222431976,0.1394486071938905,0.1484271341519507,0.18139152407570183,0.24237510235413726
asthma_v2_asthma_P1AsthmaIE_5.wav,0,1,0,0,0.25447762845355454,0.15421529562621322,0.1635546416082446,0.1935087630531739,0.23424367125881365
asthma_v2_asthma_P1AsthmaIU_2.wav,0,1,0,0,0.2880091310587042,0.13959481081630384,0.14857739969578626,0.18151634310682105,0.24230231532238458
asthma_v2_asthma_P21WheezingIE_101.wav,0,1,0,0,0.28445635069237546,0.14109174146768555,0.1501153619319071,0.18278874657098002,0.2415477993370519
asthma_v2_asthma_P21WheezingRS_104.wav,0,1,0,0,0.28885220333148903,0.13924131743219703,0.14821406876173168,0.18121438753551777,0.2424780229390646
asthma_v2_asthma_P22WheezingIU_110.wav,0,1,0,0,0.2888602756106303,0.13923793597383033,0.14821059292611283,0.18121149634232375,0.24247969914710277
asthma_v2_asthma_P23WheezingIU_114.wav,0,1,0,0,0.23792789859605615,0.16186757463963974,0.17135376895778248,0.19939791207469051,0.229452845731831
asthma_v2_asthma_P25WheezingRL_123.wav,0,1,0,0,0.2850738582872879,0.14083071132650593,0.1498472499732581,0.18256760023840063,0.24168058017454747
asthma_v2_asthma_P26WheezingIU_126.wav,0,1,0,0,0.28740813862166653,0.13984720493333788,0.14883678322108573,0.18173159244539783,0.24217628077851192
asthma_v2_asthma_P26WheezingRL_127.wav,0,1,0,0,0.28629137630114376,0.1403170964660168,0.1493196103476551,0.18213156053961424,0.2419403563455701
asthma_v2_asthma_P26WheezingRS_128.wav,0,1,0,3,0.17954087838226884,0.19167311305064527,0.2014524244408682,0.21974127530016463,0.207592308826053
asthma_v2_asthma_P28WheezingRL_139.wav,0,1,0,0,0.28890930117675084,0.13921740057703114,0.14818948427080114,0.18119393718300195,0.24248987679241485
asthma_v2_asthma_P2AsthmaIE_9.wav,0,1,0,4,0.2037412830479055,0.1787314328837058,0.18843994936338027,0.21142307032215302,0.21766426438285538
asthma_v2_asthma_P2AsthmaRS_8.wav,0,1,0,0,0.2871442091893887,0.13995815153134583,0.14895079307570996,0.18182611964689535,0.24212072655666006
asthma_v2_asthma_P30WheezingIU_150.wav,0,1,0,0,0.27573491149327073,0.14481724474739854,0.15393855795458572,0.18591134971543882,0.2395979360893061
asthma_v2_asthma_P30WheezingRL_147.wav,0,1,0,0,0.2886454730374817,0.1393279368107862,0.1483031039437347,0.181288430608819,0.24243505559917833
asthma_v2_asthma_P31WheezingIE_153.wav,0,1,0,0,0.2687072982088269,0.1478731974512589,0.15706990014256245,0.18842577710525146,0.23792382709210028
asthma_v2_asthma_P32WheezingIE_157.wav,0,1,0,0,0.28329393173932754,0.14158408974772063,0.1506209835257886,0.18320502615156095,0.24129596883560225
asthma_v2_asthma_P32WheezingRS_156.wav,0,1,0,0,0.28891925001465324,0.13921323356700374,0.1481852009127977,0.18119037387288178,0.24249194163266366
asthma_v2_asthma_P33WheezingIE_165.wav,0,1,0,0,0.2851368002841376,0.1408041249005676,0.14981994051517886,0.18254505871969035,0.24169407558042563
asthma_v2_asthma_P34WheezingIU_166.wav,0,1,0,4,0.21841831484744748,0.17130471005837075,0.18093288821135345,0.20629029113673697,0.22305379574609133
asthma_v2_asthma_P36WheezingRS_176.wav,0,1,0,0,0.28887981739270296,0.13922975021790104,0.14820217868251495,0.18120449719419127,0.2424837565126898
asthma_v2_asthma_P37WheezingIE_185.wav,0,1,0,4,0.2096637498674483,0.17569880869376017,0.18537792849727294,0.20935841655353718,0.21990109638798142
asthma_v2_asthma_P37WheezingIU_182.wav,0,1,0,0,0.2883187711609239,0.1394649046509943,0.14844388487423674,0.18140544257344607,0.24236699674039897
asthma_v2_asthma_P38WheezingRS_188.wav,0,1,0,0,0.2744800307623512,0.14535934347737503,0.15449434333306192,0.1863604763875732,0.23930580603963858
asthma_v2_asthma_P39WheezingRS_192.wav,0,1,0,0,0.28775651122141593,0.1397008606922445,0.148686389863736,0.18160682084414906,0.24224941737845448
asthma_v2_asthma_P44WheezingRS_216.wav,0,1,0,0,0.28892379813385693,0.13921132864553978,0.14818324280100023,0.18118874490266038,0.24249288551694273
asthma_v2_asthma_P44WheezingRS_220.wav,0,1,0,0,0.2868668794199862,0.14007480110415932,0.14907065735344566,0.1819254456165961,0.2420622165058129
asthma_v2_asthma_P46WheezingIU_226.wav,0,1,0,0,0.2888864950812945,0.13922695311650854,0.1481993034991428,0.18120210549115243,0.24248514281190192
asthma_v2_asthma_P46WheezingRS_228.wav,0,1,0,0,0.2888457521813229,0.13924401984688115,0.14821684659769124,0.181216698099778,0.24247668327432664
asthma_v2_asthma_P47WheezingRL_231.wav,0,1,0,0,0.27650257822503893,0.14448637836989736,0.153599271831915,0.18563657348376372,0.23977519808938488
asthma_v2_asthma_P48WheezingIE_237.wav,0,1,0,0,0.2861962804633371,0.14035716302626655,0.14936077526694233,0.1821656185609366,0.24192016268251743
asthma_v2_asthma_P48WheezingRL_239.wav,0,1,0,0,0.2770962832069447,0.14423088393464856,0.15333724138654448,0.18542405217731567,0.2399115392945466
asthma_v2_asthma_P4AsthmaIE_17.wav,0,1,0,0,0.2848831499337343,0.14091128844335932,0.14993001646881182,0.18263589862938942,0.24163964652470504
asthma_v2_asthma_P50WheezingIU_246.wav,0,1,0,0,0.2864296127603102,0.1402588686260922,0.1492597849899156,0.18208205179813072,0.24196968182555126
asthma_v2_asthma_P50WheezingIU_250.wav,0,1,0,0,0.2836140694858811,0.14144836642829053,0.1504816122108552,0.18309038205598055,0.24136556981899263
asthma_v2_asthma_P51WheezingRS_252.wav,0,1,0,0,0.2880333126135854,0.13958466250199902,0.14856696974697192,0.1815076822752221,0.24230737286222165
asthma_v2_asthma_P52WheezingIU_258.wav,0,1,0,4,0.22056111165651437,0.17024475625309138,0.17985918616569804,0.2055367053013976,0.2237982406232987
asthma_v2_asthma_P52WheezingRL_259.wav,0,1,0,0,0.28864339828953506,0.13932880632459077,0.1483039976909671,0.18128917370500172,0.24243462398990534
asthma_v2_asthma_P53WheezingIU_262.wav,0,1,0,0,0.28103995421588446,0.14254242432375455,0.15160483792323265,0.18401214484500006,0.24080063869212828
asthma_v2_asthma_P53WheezingRS_264.wav,0,1,0,3,0.19351405526003876,0.18408878170579876,0.19383749808435205,0.21496398650753276,0.21359567844227775
asthma_v2_asthma_P54WheezingIU_266.wav,0,1,0,3,0.19050713737640415,0.18569422677493636,0.19545202393755992,0.21599841372363887,0.21234819818746078
asthma_v2_asthma_P54WheezingRL_267.wav,0,1,0,2,0.08659623852773457,0.25349733022496224,0.26217685441830174,0.2474305392944829,0.1502990375345186
asthma_v2_asthma_P55WheezingIE_273.wav,0,1,0,4,0.20409909046492666,0.17854679845279095,0.1882536612017997,0.21129860853401403,0.21780184134646863
asthma_v2_asthma_P56WheezingIU_278.wav,0,1,0,0,0.26306331728008797,0.15036348556530277,0.15961843372989085,0.19044344889016093,0.23651131453455754
asthma_v2_asthma_P57WheezingIE_281.wav,0,1,0,0,0.2701190560345675,0.14725534627666584,0.15643715358564178,0.18792082708254182,0.23826761702058308
asthma_v2_asthma_P58WheezingRL_287.wav,0,1,0,0,0.24019372436620792,0.16080150027547382,0.17026891707706535,0.19859352101206706,0.2301423372691857
asthma_v2_asthma_P5AsthmaIU_22.wav,0,1,0,0,0.280277384501257,0.14286774691862947,0.15193872855786172,0.18428518811091102,0.24063095191134068
asthma_v2_asthma_P6AsthmaIE_29.wav,0,1,0,0,0.2888673108272358,0.13923498898765332,0.14820756368468227,0.18120897658650076,0.2424811599139277
asthma_v2_asthma_P7AsthmaRL_31.wav,0,1,0,0,0.2889063460048583,0.1392186383503819,0.1481907566027733,0.18119499561747934,0.2424892634245072
asthma_v2_asthma_P8AsthmaIE_37.wav,0,1,0,0,0.2875648283401553,0.13978136879995887,0.14876912670461834,0.18167547325190014,0.2422092029033675
asthma_v2_asthma_P9AsthmaRS_44.wav,0,1,0,0,0.28865109852749615,0.13932557922339367,0.1483006806484493,0.1812864157711174,0.2424362258295435
asthma_v2_copd_P10COPDMc_74.wav,0,1,2,0,0.2866043208771127,0.1401853037764314,0.14918419964491175,0.18201948064355683,0.24200669505798741
asthma_v2_copd_P10COPDMc_76.wav,0,1,2,0,0.2517281024286872,0.15546547633694605,0.16483071731771268,0.19448916127431587,0.23348654264233815
asthma_v2_copd_P11COPDMc_84.wav,0,1,2,0,0.27186261632060055,0.14649503904835584,0.1556582749741048,0.18729707597127374,0.23868699368566512
asthma_v2_copd_P11COPDMc_88.wav,0,1,2,0,0.27654449393579256,0.14446832914240954,0.15358076185338593,0.1856215697776449,0.2397848452907671
asthma_v2_copd_P12COPDMc_90.wav,0,1,2,0,0.2884026275561528,0.13942973891189273,0.14840774095486053,0.1813754085146589,0.24238448406243499
asthma_v2_copd_P12COPDMc_94.wav,0,1,2,0,0.2882019612073896,0.1395139005554269,0.14849424273003523,0.18144727923171478,0.24234261627543346
asthma_v2_copd_P12COPDPr_91.wav,0,1,2,0,0.28439040703310703,0.14111963810469086,0.15014401358256815,0.18281236249966074,0.24153357877997322
asthma_v2_copd_P13COPDMc_98.wav,0,1,2,1,0.002557551874590216,0.3917791132886294,0.38039643268566264,0.20341934318994442,0.021847558961173432
asthma_v2_copd_P13COPDPr_97.wav,0,1,2,1,8.850033166591472e-06,0.4785656886404519,0.42313801648762783,0.09748486147636012,0.0008025833623937031
asthma_v2_copd_P14COPDMc_106.wav,0,1,2,2,0.08754327412627536,0.25271764691927684,0.26142869311359024,0.2472192393088477,0.15109114653200983
asthma_v2_copd_P14COPDMc_108.wav,0,1,2,4,0.2158634747312891,0.17257638020788252,0.18222030731695807,0.20718749585668836,0.2221523418871819
asthma_v2_copd_P15COPDMc_116.wav,0,1,2,0,0.27645290733793604,0.14450776925287678,0.15362120857679887,0.18565435308157555,0.23976376175081276
asthma_v2_copd_P15COPDPr_115.wav,0,1,2,0,0.2852998197596296,0.140735283486875,0.14974922543183086,0.18248667607002717,0.2417289952516374
asthma_v2_copd_P15COPDPr_117.wav,0,1,2,0,0.2886263748967887,0.13933594087191048,0.14831133106584826,0.18129527083909702,0.24243108232635552
asthma_v2_copd_P17COPDPr_133.wav,0,1,2,0,0.2774379761257159,0.14408399554110377,0.15318658179899636,0.1853017358429964,0.23998971069118746
asthma_v2_copd_P18COPDMc_140.wav,0,1,2,0,0.28717772456908097,0.1399440592542086,0.14893631201717322,0.1818141160329293,0.24212778812660798
asthma_v2_copd_P18COPDPr_141.wav,0,1,2,0,0.277146674054138,0.14420921457380143,0.15331501630994263,0.18540601390148514,0.23992308116063282
asthma_v2_copd_P18COPDPr_143.wav,0,1,2,0,0.24353035198341538,0.15924244221129755,0.16868141276021778,0.1974077817245678,0.23113801132050135
asthma_v2_copd_P1COPDPr_1.wav,0,1,2,0,0.28889919133950387,0.13922163511447033,0.14819383703362066,0.18119755815673963,0.24248777835566554
asthma_v2_copd_P24COPDPr_191.wav,0,1,2,3,0.1721469112313979,0.19582021427882265,0.20560280921248547,0.22223489087836715,0.20419517439892695
asthma_v2_copd_P25COPDMc_194.wav,0,1,2,3,0.18715706332117532,0.18749977016155422,0.197266121216185,0.2171469567526123,0.21093008854847317
asthma_v2_copd_P26COPDMc_204.wav,0,1,2,1,0.005422226653159739,0.3734634288416947,0.3672676004514586,0.2202757990979377,0.03357094495574926
asthma_v2_copd_P27COPDMc_212.wav,0,1,2,3,0.1251294503544064,0.2248467423496038,0.23436328696040568,0.23723065801786222,0.178429862317722
asthma_v2_copd_P27COPDPr_209.wav,0,1,2,1,1.3833351738975143e-09,0.5505655520633816,0.42232425534667595,0.027105666081534172,4.52512507286288e-06
asthma_v2_copd_P27COPDPr_215.wav,0,1,2,1,0.006702191731185852,0.3676723393471105,0.36288787458883526,0.2248753519693706,0.03786224236349781
asthma_v2_copd_P28COPDMc_218.wav,0,1,2,1,6.272663052925902e-30,0.734418788984286,0.2655615513418389,1.9659673875229258e-05,3.586496520333839e-18
asthma_v2_copd_P28COPDPr_217.wav,0,1,2,1,0.002357337745146939,0.3935914100587225,0.38163119636767995,0.20157208874595434,0.020847967082496192
asthma_v2_copd_P28COPDPr_221.wav,0,1,2,2,0.0357358517285079,0.305971121336008,0.3110741009902735,0.2516633265303645,0.09555559941484622
asthma_v2_copd_P29COPDMc_226.wav,0,1,2,1,0.012955385599350605,0.3473213395030249,0.3467408195958555,0.23812723289225307,0.05485522240951573
asthma_v2_copd_P29COPDPr_229.wav,0,1,2,1,0.000567524730830556,0.4213099809586635,0.39889633202272695,0.1700730794163527,0.009153082871426273
asthma_v2_copd_P29COPDPr_231.wav,0,1,2,2,0.05145062465077681,0.2867361471809725,0.29352262090844006,0.2525602983583932,0.1157303089014174
asthma_v2_copd_P2COPDPr_9.wav,0,1,2,3,0.1203309591170772,0.22812370015074293,0.23757576431690394,0.23864033016313774,0.17532924625213822
asthma_v2_copd_P32COPDMc_256.wav,0,1,2,0,0.28840979638713965,0.13942673291731,0.14840465131871786,0.1813728409198495,0.242385978456983
asthma_v2_copd_P32COPDPr_251.wav,0,1,2,0,0.28878718060602543,0.13926855749543623,0.14824206891258193,0.1812376762706394,0.2424645167153171
asthma_v2_copd_P32COPDPr_253.wav,0,1,2,0,0.28856642187873416,0.13936106947233648,0.14833715977380904,0.18131674372604414,0.24241860514907612
asthma_v2_copd_P33COPDMc_262.wav,0,1,2,2,0.08560060802603385,0.2543220824091417,0.26296768381303753,0.24764979965203418,0.1494598260997527
asthma_v2_copd_P33COPDPr_261.wav,0,1,2,2,0.10114602288582986,0.24199175016949181,0.25108438492267665,0.24392468048157295,0.16185316154042856
asthma_v2_copd_P34COPDMc_266.wav,0,1,2,2,0.10479737373730769,0.2392486753485867,0.24842394286431263,0.24296898691860325,0.1645610211311898
asthma_v2_copd_P34COPDMc_268.wav,0,1,2,0,0.23752046961747733,0.1620599083887811,0.17154943193583005,0.199542479723688,0.22932771033422333
asthma_v2_copd_P34COPDPr_271.wav,0,1,2,2,0.11061752477686503,0.23498167446284082,0.2442739637183435,0.24139357878973333,0.16873325825221724
asthma_v2_copd_P35COPDMc_278.wav,0,1,2,3,0.11877185283390733,0.22920366693149735,0.2386328246170817,0.23909169992073304,0.17429995569678067
asthma_v2_copd_P35COPDPr_273.wav,0,1,2,3,0.12937309000795064,0.22200513541032368,0.2315715842676261,0.23595999989904745,0.18109019041505203
asthma_v2_copd_P37COPDPr_289.wav,0,1,2,2,0.043431877127167305,0.29603816070866884,0.3020726743833506,0.25251258164290846,0.10594470613790478
asthma_v2_copd_P38COPDMc_298.wav,0,1,2,4,0.2104308825797587,0.17530959875701912,0.18498460300353325,0.2090903037365226,0.22018461192316632
asthma_v2_copd_P38COPDMc_302.wav,0,1,2,1,2.0374925747889904e-06,0.4939983098066763,0.4264497966883568,0.07921175409992168,0.00033810191247053017
asthma_v2_copd_P39COPDMc_310.wav,0,1,2,3,0.18339806427776317,0.1895474250458382,0.1993213315034967,0.21843044147551524,0.2093027376973866
asthma_v2_copd_P40COPDMc_314.wav,0,1,2,2,0.020180329403023476,0.33108431289337625,0.3331311533967107,0.24548874715610064,0.07011545715078892
asthma_v2_copd_P40COPDMc_320.wav,0,1,2,3,0.17944045490542085,0.1917287949956216,0.2015082143221668,0.21977531587561827,0.20754721990117247
asthma_v2_copd_P41COPDPr_321.wav,0,1,2,0,0.28653893492330534,0.1402128326889351,0.1492124849398949,0.18204289844760424,0.24199284900026022
asthma_v2_copd_P42COPDMc_330.wav,0,1,2,0,0.2881072698737574,0.13955362810231778,0.1485350737960755,0.18148119382444372,0.24232283440340557
asthma_v2_copd_P43COPDPr_339.wav,0,1,2,0,0.22829635473359935,0.16646748092709066,0.1760283638676487,0.2028088235422172,0.2263989769294441
asthma_v2_copd_P43COPDPr_341.wav,0,1,2,0,0.24700392010961217,0.1576328859452602,0.16704126710148062,0.19617197304970158,0.2321499537939453
asthma_v2_copd_P44COPDMc_350.wav,0,1,2,1,0.00013738695522601702,0.44376031243235464,0.41040902314455596,0.14168755707286115,0.004005720395002131
asthma_v2_copd_P44COPDPr_349.wav,0,1,2,1,0.00017377212552610933,0.4403042251620912,0.40879317302978746,0.14613410497321278,0.004594724709382487
asthma_v2_copd_P44COPDPr_351.wav,0,1,2,1,0.00013220702988206545,0.44431704491934554,0.4106637713918123,0.14097018708535888,0.003916789573601231
asthma_v2_copd_P45COPDMc_358.wav,0,1,2,0,0.2779255755318582,0.14387458046559007,0.15297177316461338,0.18512718340460943,0.24010088743332894
asthma_v2_copd_P46COPDMc_362.wav,0,1,2,0,0.27778724723136516,0.14393396653360968,0.153032690778597,0.18517670329754518,0.2400693921588829
asthma_v2_copd_P46COPDMc_366.wav,0,1,2,0,0.2345284134754586,0.16347837696486267,0.17299189977111762,0.2006034260949967,0.22839788369356442
asthma_v2_copd_P46COPDMc_368.wav,0,1,2,0,0.28891343558652754,0.13921566889361145,0.14818770423763258,0.18119245638858184,0.24249073489364664
asthma_v2_copd_P46COPDPr_365.wav,0,1,2,0,0.28743107819580327,0.139837565011857,0.14882687687635995,0.18172337653547047,0.24218110338050924
asthma_v2_copd_P46COPDPr_367.wav,0,1,2,0,0.28673045218494914,0.1401322110252481,0.1491296471512441,0.18197430694365252,0.24203338269490607
asthma_v2_copd_P47COPDMc_370.wav,0,1,2,0,0.27231561567662327,0.14629799729435855,0.15545637681201296,0.18713499645314655,0.23879501376385864
asthma_v2_copd_P47COPDPr_373.wav,0,1,2,0,0.2323153412754511,0.16453443194437295,0.17406518659628176,0.2013872981276765,0.22769774205621757
asthma_v2_copd_P47COPDPr_375.wav,0,1,2,0,0.2778219767682216,0.14391905496625595,0.15301739479872192,0.18516427058438234,0.24007730288241821
asthma_v2_copd_P48COPDMc_378.wav,0,1,2,0,0.2856301649431126,0.14059585868669636,0.14960599929411453,0.18236836761395567,0.24179960946212095
asthma_v2_copd_P49COPDMc_392.wav,0,1,2,0,0.28730590072682033,0.13989017442960275,0.14888093977463746,0.1817682093509337,0.24215477571800575
asthma_v2_copd_P4COPDMc_28.wav,0,1,2,0,0.28622571063482305,0.14034476236058224,0.14934803473510064,0.1821550783257256,0.2419264139437685
asthma_v2_copd_P4COPDPr_25.wav,0,1,2,0,0.285018272360357,0.14085419367671603,0.14987137067183556,0.1825875072755443,0.24166865601554716
asthma_v2_copd_P50COPDMc_400.wav,0,1,2,0,0.2458418199663038,0.1581698547115758,0.16758857842647015,0.19658557064645782,0.23181417624919237
asthma_v2_copd_P50COPDPr_393.wav,0,1,2,0,0.28861356181493,0.1393413110442664,0.148316850880485,0.18129985999842316,0.24242841626189543
asthma_v2_copd_P5COPDMc_38.wav,0,1,2,0,0.26828884594141106,0.14805671746191487,0.15725781055938923,0.18857542856737483,0.2378211974699099
asthma_v2_copd_P5COPDMc_40.wav,0,1,2,4,0.20404198839356982,0.17857625167005645,0.18828337941283754,0.21131847370362178,0.2177799068199144
asthma_v2_copd_P6COPDMc_44.wav,0,1,2,0,0.270443143568162,0.14711379287197723,0.15629216275791452,0.1878048962084602,0.23834600459348607
asthma_v2_copd_P6COPDMc_48.wav,0,1,2,0,0.22921659267034677,0.16602311420850588,0.17557723368600994,0.20248357068685932,0.22669948874827808
asthma_v2_copd_P6COPDPr_47.wav,0,1,2,0,0.27914214915462576,0.14335308731158286,0.1524367616724146,0.18469164251837691,0.24037635934299992
asthma_v2_copd_P7COPDMc_50.wav,0,1,2,0,0.28176825010540624,0.1422322423772081,0.15128644178921824,0.18375136231436884,0.2409617034137986
asthma_v2_copd_P7COPDMc_56.wav,0,1,2,0,0.2869502205109738,0.14003973889904403,0.1490346295291112,0.1818955969787099,0.24207981408216112
asthma_v2_copd_P8COPDMc_64.wav,0,1,2,0,0.2616763655448642,0.15098046445894747,0.16024939789785533,0.1909389833345788,0.23615478876375434
asthma_v2_copd_P9COPDMc_66.wav,0,1,2,0,0.27996641707740216,0.14300056981134493,0.15207503574283962,0.18439652843936888,0.2405614489290444
asthma_v2_copd_P9COPDMc_72.wav,0,1,2,0,0.28836983805549943,0.13944348863148315,0.1484218732071949,0.18138715242738157,0.24237764767844086
asthma_v2_healthy_P10Healthy61S.wav,0,1,3,3,0.15966615629432918,0.20305055238199923,0.21281530471549334,0.22637795217681078,0.1980900344313675
asthma_v2_healthy_P11Healthy60S.wav,0,1,3,3,0.1539513723872839,0.20646514616394313,0.21621074551137268,0.2282426892494936,0.1951300466879067
asthma_v2_healthy_P12Healthy16S.wav,0,1,3,2,0.10017796000146373,0.24272801415509657,0.25179746190792024,0.24417349154536913,0.16112307239015028
asthma_v2_healthy_P12Healthy99S.wav,0,1,3,3,0.13941803848488624,0.2154747130629288,0.22513533679258038,0.23287311689477103,0.18709879476483363
asthma_v2_healthy_P13Healthy42S.wav,0,1,3,4,0.19770240006776196,0.1818758421000708,0.1916097877233384,0.21351791203983037,0.21529405806899848
asthma_v2_healthy_P13Healthy69S.wav,0,1,3,3,0.12745386313580703,0.22328390659533848,0.2328285802304977,0.2365373245768256,0.1798963254615312
asthma_v2_healthy_P15Healthy65S.wav,0,1,3,0,0.251643928742456,0.15550387909776553,0.16486990382922168,0.19451916420601156,0.2334631241245453
asthma_v2_healthy_P15Healthy93S.wav,0,1,3,1,0.0014027256782709098,0.4044859802780425,0.3887899656164022,0.18986252414954627,0.01545880427773819
asthma_v2_healthy_P16Healthy38S.wav,0,1,3,0,0.24579685526263267,0.15819066196578577,0.16760978368116025,0.19660157082747257,0.23180112826294877
asthma_v2_healthy_P18Healthy46S.wav,0,1,3,0,0.26746171835652727,0.1484199906307632,0.15762972850529947,0.1888712092087354,0.23761735329867464
asthma_v2_healthy_P18Healthy59S.wav,0,1,3,0,0.26643993881543016,0.14886971331281776,0.15809006859237423,0.189236548398226,0.23736373088115187
asthma_v2_healthy_P19Healthy62S.wav,0,1,3,0,0.25266757208309776,0.15503738503253248,0.1643938420212688,0.19415425133850722,0.2337469495245937
asthma_v2_healthy_P1Healthy88S.wav,0,1,3,2,0.07833293626150432,0.2605091618378934,0.2688808550131858,0.24915308907675554,0.14312395781066106
asthma_v2_healthy_P20Healthy70S.wav,0,1,3,3,0.16747783785093376,0.19849009163018028,0.20826963311739624,0.2237952493464647,0.20196718805502517
asthma_v2_healthy_P21Healthy38S.wav,0,1,3,0,0.23451253260570798,0.16348593417727475,0.1729995822270035,0.20060905376885727,0.22839289722115647
asthma_v2_healthy_P22Healthy36S.wav,0,1,3,0,0.24268801174710092,0.1596348234142285,0.16908106319745,0.1977072543092961,0.23088884733192452
asthma_v2_healthy_P23Healthy97S.wav,0,1,3,0,0.22956336982121633,0.16585593288344627,0.1754074826438004,0.20236096690262412,0.22681224774891298
asthma_v2_healthy_P24Healthy51S.wav,0,1,3,0,0.2299842963556955,0.16565320299546846,0.1752016182063506,0.2022121203111876,0.22694876213129783
asthma_v2_healthy_P25Healthy88S.wav,0,1,3,0,0.2697559208224079,0.1474140798332078,0.15659973076794548,0.18805072023557906,0.23817954834085978
asthma_v2_healthy_P26Healthy32S.wav,0,1,3,4,0.22388663444059992,0.16861152750107863,0.1782036739874488,0.20436532702673477,0.22493283704413788
asthma_v2_healthy_P26Healthy76S.wav,0,1,3,0,0.24409847335062668,0.1589782555796305,0.16841229025932528,0.1972057529167624,0.2313052278936552
asthma_v2_healthy_P2Healthy43S.wav,0,1,3,4,0.19779295790094534,0.18182828959853858,0.19156188933795162,0.21348658180062552,0.21533028136193888
asthma_v2_healthy_P2Healthy54S.wav,0,1,3,3,0.15732040414028645,0.20444388886760553,0.21420167174089957,0.22714605431015414,0.19688798094105425
asthma_v2_healthy_P2Healthy89S.wav,0,1,3,0,0.2478770152744825,0.157230452761217,0.16663099257961808,0.19586113770719818,0.23240040167748421
asthma_v2_healthy_P5Healthy10S.wav,0,1,3,3,0.15042396459946314,0.208607581788846,0.21833755572113278,0.22938214001279533,0.19324875787776266
asthma_v2_healthy_P6Healthy77S.wav,0,1,3,0,0.2500200504462256,0.1562462663303571,0.16562730503388165,0.19509784818274684,0.23300853000678887
asthma_v2_pneumonia_P11Pneumonia58A.wav,0,1,4,3,0.14827706792972992,0.2099250258923142,0.21964398931393922,0.2300710228764505,0.19208289398756603
asthma_v2_pneumonia_P11Pneumonia98J.wav,0,1,4,0,0.2734820491673212,0.14579156870005414,0.15493738455488618,0.18671761861812197,0.23907137895961633
asthma_v2_pneumonia_P12Pneumonia44H.wav,0,1,4,3,0.16825108921951595,0.19804510978983933,0.20782544476477396,0.22353765362794847,0.2023407025979222
asthma_v2_pneumonia_P13Pneumonia99T.wav,0,1,4,0,0.2776347157323523,0.14399947171279487,0.1530998834432836,0.18523130715234612,0.2400346219592231
asthma_v2_pneumonia_P14Pneumonia40M.wav,0,1,4,0,0.2449343360066305,0.1585902314004642,0.16801695595861021,0.19690844450507997,0.23155003212921516
asthma_v2_pneumonia_P15Pneumonia81V.wav,0,1,4,0,0.2381214947901803,0.1617762526702275,0.1712608599709704,0.19932921049792043,0.22951218207070143
asthma_v2_pneumonia_P16Pneumonia56J.wav,0,1,4,4,0.2156254098536633,0.17269531869198498,0.18234067706359042,0.20727102517154372,0.22206756921921772
asthma_v2_pneumonia_P16Pneumonia78M.wav,0,1,4,0,0.23953218906947732,0.16111213435436186,0.1705850792055579,0.19882844338833552,0.22994215398226733
asthma_v2_pneumonia_P17Pneumonia57K.wav,0,1,4,0,0.24365327817899984,0.15918524815230378,0.16862315296448543,0.19736407135263692,0.23117424935157413
asthma_v2_pneumonia_P19Pneumonia24H.wav,0,1,4,0,0.23053133944435178,0.16539005694056838,0.17493437337655376,0.20201863279342336,0.22712559744510266
asthma_v2_pneumonia_P19Pneumonia33O.wav,0,1,4,3,0.17199345607112454,0.19590732140001563,0.20568988110937264,0.2222863578931935,0.20412298352629374
asthma_v2_pneumonia_P20Pneumonia31P.wav,0,1,4,0,0.25840836006434154,0.15244217205489086,0.1617435295964363,0.1921060698460225,0.23529986843830883
asthma_v2_pneumonia_P21Pneumonia24G.wav,0,1,4,0,0.2335181444821177,0.1639597350663012,0.1734811797402816,0.20096135746573054,0.228079583245569
asthma_v2_pneumonia_P23Pneumonia97P.wav,0,1,4,0,0.24798187387811366,0.1571821778496232,0.16658177186218312,0.1958238009912777,0.23243037541880238
asthma_v2_pneumonia_P25Pneumonia30I.wav,0,1,4,0,0.2619334940730188,0.15086593105952809,0.16013228173565555,0.1908471250715846,0.236221168060213
asthma_v2_pneumonia_P26Pneumonia89E.wav,0,1,4,0,0.2640815953422835,0.14991177812725462,0.15915637493756593,0.19007955817017064,0.23677069342272536
asthma_v2_pneumonia_P28Pneumonia90E.wav,0,1,4,3,0.161168914022743,0.20216384780726368,0.21193243358382743,0.2258840053548014,0.19885079923136445
asthma_v2_pneumonia_P29Pneumonia14M.wav,0,1,4,0,0.23419279656070774,0.16363815090068098,0.17315431567364384,0.20072234998067007,0.22829238688429726
asthma_v2_pneumonia_P29Pneumonia24X.wav,0,1,4,0,0.2568847682762158,0.1531274946569702,0.16244370997683977,0.19264991465930062,0.23489411243067357
asthma_v2_pneumonia_P29Pneumonia51O.wav,0,1,4,0,0.24107116197585682,0.16039026944490684,0.1698502964640124,0.19828184056195536,0.23040643155326868
asthma_v2_pneumonia_P2Pneumonia36Z.wav,0,1,4,0,0.26070302002179097,0.15141464898685242,0.16069331786052357,0.1912866675400401,0.23590234559079312
asthma_v2_pneumonia_P30Pneumonia52T.wav,0,1,4,4,0.20092124445043233,0.1801931239982799,0.18991410558918334,0.21240270042286452,0.21656882553923992
asthma_v2_pneumonia_P30Pneumonia85D.wav,0,1,4,0,0.23516229049521542,0.1631769808475372,0.17268548605068598,0.2003787696437881,0.22859647296277322
asthma_v2_pneumonia_P31Pneumonia47D.wav,0,1,4,0,0.23587455865888207,0.16283888312782194,0.1723417071686734,0.20012625951447272,0.22881859153014983
asthma_v2_pneumonia_P31Pneumonia47J.wav,0,1,4,3,0.1729786268294394,0.19534884751857784,0.20513155817266215,0.22195573325803247,0.20458523422128816
asthma_v2_pneumonia_P32Pneumonia98Y.wav,0,1,4,4,0.22403651800529653,0.16853825020117633,0.1781293657729263,0.20431248137881478,0.224983384641786
asthma_v2_pneumonia_P32Pneumonia99W.wav,0,1,4,0,0.23694325492636767,0.16233272714032365,0.1718269423622631,0.1997472527309741,0.22914982284007146
asthma_v2_pneumonia_P33Pneumonia50P.wav,0,1,4,0,0.2481962802544016,0.1570835073640739,0.1664811647684504,0.19574745431282203,0.2324915933002521
asthma_v2_pneumonia_P34Pneumonia15R.wav,0,1,4,0,0.2596001008298905,0.1519078320585734,0.16119745248508485,0.1916805572120058,0.23561405741444555
asthma_v2_pneumonia_P34Pneumonia61E.wav,0,1,4,2,0.05742400737287237,0.2803391366225369,0.28758114555993897,0.25219560624831744,0.1224601041963344
asthma_v2_pneumonia_P35Pneumonia56D.wav,0,1,4,3,0.18615638495473552,0.18804260602112444,0.1978111830803811,0.21748918882235105,0.21050063712140774
asthma_v2_pneumonia_P35Pneumonia75E.wav,0,1,4,0,0.2763617841964375,0.1445470178992949,0.15366145824245594,0.18568697023664166,0.23974276942517006
asthma_v2_pneumonia_P38Pneumonia23A.wav,0,1,4,0,0.28772925146251066,0.139712307891558,0.14869815413866522,0.18161658411084472,0.2422437023964214
asthma_v2_pneumonia_P38Pneumonia34H.wav,0,1,4,0,0.2889338255309747,0.13920712886632752,0.14817892574729538,0.18118515345483766,0.2424949664005648
asthma_v2_pneumonia_P38Pneumonia61R.wav,0,1,4,0,0.28736184804054316,0.1398666591649024,0.14885677499066555,0.18174817160962453,0.2421665461942644
asthma_v2_pneumonia_P39Pneumonia16K.wav,0,1,4,0,0.2769180521681517,0.14430754767665852,0.1534158694631813,0.1854878524646043,0.2398706782274041
asthma_v2_pneumonia_P3Pneumonia74F.wav,0,1,4,3,0.17847281819740302,0.1922662141650911,0.20204658651275367,0.22010308146982543,0.20711129965492686
asthma_v2_pneumonia_P3Pneumonia75Z.wav,0,1,4,2,0.07039141552421142,0.2676445973154097,0.27565590721377536,0.2505679733916529,0.13574010655495056
asthma_v2_pneumonia_P41Pneumonia31S.wav,0,1,4,0,0.2822421949709001,0.14203066037612172,0.15107949804028464,0.18358165031813398,0.24106599629455955
asthma_v2_pneumonia_P43Pneumonia24U.wav,0,1,4,3,0.18851346222071735,0.1867665605688448,0.19652965073829198,0.21668244268826387,0.21150788378388197
asthma_v2_pneumonia_P43Pneumonia88Y.wav,0,1,4,4,0.210715735815274,0.1751652838196375,0.18483874235458855,0.20899070965576064,0.22028952835473922
asthma_v2_pneumonia_P44Pneumonia59U.wav,0,1,4,0,0.2799574449204099,0.14300440344840212,0.15207896982676378,0.18439974084257252,0.2405594409618516
asthma_v2_pneumonia_P44Pneumonia65N.wav,0,1,4,0,0.268275996281628,0.1480623557180098,0.1572635834547632,0.1885800238661463,0.23781804067945278
asthma_v2_pneumonia_P45Pneumonia59I.wav,0,1,4,0,0.24833319186388436,0.1570205269933418,0.16641694585963532,0.19569869977096127,0.2325306355121772
asthma_v2_pneumonia_P46Pneumonia49D.wav,0,1,4,0,0.2502896011607318,0.15612283531017096,0.1655013958512142,0.19500180899117484,0.23308435868670827
asthma_v2_pneumonia_P47Pneumonia14M.wav,0,1,4,0,0.26058152679510127,0.15146891354643524,0.1607487929739897,0.19133006103989944,0.23587070564457424
asthma_v2_pneumonia_P47Pneumonia69D.wav,0,1,4,3,0.1196781224673157,0.22857497891445588,0.2380175720985961,0.23882974212833485,0.17489958439129732
asthma_v2_pneumonia_P4Pneumonia55U.wav,0,1,4,3,0.1744518501076102,0.19451698889637847,0.20429959618393137,0.22146040116879903,0.20527116364328085
asthma_v2_pneumonia_P5Pneumonia94P.wav,0,1,4,2,0.10536051548634469,0.23883027108577612,0.24801762794115162,0.24281926218729016,0.1649723232994374
asthma_v2_pneumonia_P6Pneumonia37H.wav,0,1,4,0,0.23220944661376244,0.16458511200534512,0.1741166799246187,0.20142478706574418,0.22766397439052963
asthma_v2_pneumonia_P6Pneumonia84M.wav,0,1,4,4,0.2225285595969207,0.16927678901595167,0.17887817268758097,0.20484395731547475,0.22447252138407187
asthma_v2_pneumonia_P7Pneumonia22X.wav,0,1,4,0,0.23833114411382295,0.16167740783921836,0.17116029284319487,0.19925480635328802,0.22957634885047568
asthma_v2_pneumonia_P7Pneumonia62G.wav,0,1,4,0,0.24672447897512795,0.15776186813306706,0.16717274616117336,0.19627144112250108,0.2320694656081305
asthma_v2_pneumonia_P8Pneumonia16Z.wav,0,1,4,0,0.2760407703345623,0.14468534982910491,0.1538033126416251,0.1858018737797414,0.2396686934149663
asthma_v2_pneumonia_P8Pneumonia28V.wav,0,1,4,0,0.2663903341356553,0.1488915732003404,0.1581124421779513,0.18925428322612434,0.2373513672599286
asthma_v2_pneumonia_P9Pneumonia63O.wav,0,1,4,0,0.2452790425536719,0.1584304423007292,0.16785413560924833,0.19678581227703834,0.23165056725931227
asthma_v2_pneumonia_P9Pneumonia67I.wav,0,1,4,4,0.22488793387749628,0.16812253843133143,0.1777077550261335,0.20401221024311822,0.22526956242192067
asthma_v2_Bronchial_P10BronchialSc_48.wav,0,2,1,2,0.0867349397614486,0.25313291905854285,0.26412237545436146,0.23768102382993392,0.15832874189571308
asthma_v2_Bronchial_P10BronchialTc_47.wav,0,2,1,2,0.08514886220935239,0.2545516954901843,0.2654787111962209,0.23776146484157684,0.1570592662626656
asthma_v2_Bronchial_P11BronchialSc_52.wav,0,2,1,0,0.24900623461109148,0.15298819233666403,0.1645357847860014,0.20187384075338577,0.23159594751285734
asthma_v2_Bronchial_P11BronchialTc_53.wav,0,2,1,0,0.27902783618228283,0.139737148089463,0.15088256488153315,0.192806700653593,0.23754575019312787
asthma_v2_Bronchial_P11BronchialTc_55.wav,0,2,1,0,0.2934133371606129,0.13373731900626448,0.14466856251149324,0.1883616921237594,0.23981908919787007
asthma_v2_Bronchial_P12BronchialSc_60.wav,0,2,1,0,0.29359244707769555,0.13366394608399138,0.1445924478956145,0.18830600550487583,0.23984515343782278
asthma_v2_Bronchial_P14BronchialSc_66.wav,0,2,1,0,0.27417430990822267,0.14181045630136324,0.1530252635777677,0.19429315406553854,0.23669681614710786
asthma_v2_Bronchial_P16BronchialTc_79.wav,0,2,1,2,0.09658358060663162,0.2446613774948919,0.25598619916165694,0.23694074194199283,0.16582810079482682
asthma_v2_Bronchial_P17BronchialTc_81.wav,0,2,1,3,0.1459491683137162,0.208670315798596,0.2207686248951027,0.22897083287865733,0.1956410581139279
asthma_v2_Bronchial_P17BronchialTc_85.wav,0,2,1,3,0.17402702894801905,0.1915153957847067,0.2036519604543144,0.2225083868659621,0.20829722794699762
asthma_v2_Bronchial_P18BronchialTc_89.wav,0,2,1,2,0.03251285932857832,0.316494757496688,0.32259683716717646,0.2284376754657995,0.09995787054175764
asthma_v2_Bronchial_P1BronchialTc_3.wav,0,2,1,1,2.7211369183000032e-08,0.556068657715266,0.42717699856418045,0.016708777132921324,4.553937626294653e-05
asthma_v2_Bronchial_P20BronchialSc_98.wav,0,2,1,2,0.12717957145732223,0.22131311843954588,0.23325243123194833,0.23264434268524084,0.18561053618594267
asthma_v2_Bronchial_P20BronchialTc_97.wav,0,2,1,3,0.141604511272256,0.21150325375933574,0.2235759083615331,0.22987491163132082,0.1934414149755543
asthma_v2_Bronchial_P21BronchialTc_101.wav,0,2,1,0,0.25382423449056574,0.15079062777806962,0.1622783381116908,0.20044081919684203,0.23266598042283182
asthma_v2_Bronchial_P2BronchialSc_8.wav,0,2,1,3,0.1685114920259527,0.1947409623493851,0.20688527702735088,0.22385228529193282,0.20600998330537854
asthma_v2_Bronchial_P4BronchialSc_18.wav,0,2,1,2,0.0896720859059954,0.25054717707161894,0.26164574161486326,0.23750216085064352,0.1606328345568789
asthma_v2_Bronchial_P6BronchialSc_30.wav,0,2,1,3,0.16715078121678953,0.1955468672937977,0.20769205917136432,0.22417877442658898,0.20543151789145928
asthma_v2_Bronchial_P7BronchialSc_32.wav,0,2,1,2,0.08566145429712865,0.25409140548457326,0.26503888012554744,0.2377367453973839,0.15747151469536663
asthma_v2_Bronchial_P9BronchialTc_43.wav,0,2,1,3,0.18920110664951764,0.18296089820483558,0.19504463884120468,0.21865694899254537,0.21413640731189676
asthma_v2_Bronchial_P9BronchialTc_45.wav,0,2,1,2,0.08629344080365951,0.253526232370734,0.26449856289576895,0.23770458280323978,0.1579771811265978
asthma_v2_asthma_P10AsthmaIE_49.wav,0,2,0,0,0.2648863507468579,0.14585020354047462,0.15719335675249424,0.1971169181449756,0.2349531708151977
asthma_v2_asthma_P11WheezingIU_54.wav,0,2,0,3,0.16221354608218413,0.19850595683682076,0.2106507000244101,0.22534568425198373,0.20328411280460132
asthma_v2_asthma_P12WheezingRS_56.wav,0,2,0,0,0.29211916417457906,0.1342684334751484,0.1452194348149341,0.1887638222669052,0.23962914526843326
asthma_v2_asthma_P13WheezingIU_62.wav,0,2,0,0,0.2928808666814032,0.13395563623903692,0.144895020038173,0.18852719405131887,0.23974128299006792
asthma_v2_asthma_P14WheezingIU_66.wav,0,2,0,0,0.2845921739625817,0.13739104891370227,0.1484550788724353,0.1910940480010961,0.23846765025018457
asthma_v2_asthma_P14WheezingRS_68.wav,0,2,0,0,0.28205947818744015,0.1384548770957931,0.14955618804740217,0.19187468116935003,0.23805477550001453
asthma_v2_asthma_P15WheezingIE_73.wav,0,2,0,0,0.28828008010762507,0.13585387521896156,0.14686293465710262,0.1899542045911062,0.23904890542520454
asthma_v2_asthma_P17WheezingIE_85.wav,0,2,0,0,0.2935050124469456,0.13369975995002653,0.14462960037155598,0.18833319058336903,0.23983243664810278
asthma_v2_asthma_P17WheezingIU_82.wav,0,2,0,3,0.14023583712233925,0.21240679841428964,0.22447007794951498,0.2301534652972331,0.19273382121662308
asthma_v2_asthma_P1AsthmaRS_4.wav,0,2,0,0,0.2932045076571264,0.1338229070565037,0.14475734496047715,0.18842660871802963,0.23978863160786307
asthma_v2_asthma_P24WheezingRS_116.wav,0,2,0,0,0.26385492584427583,0.14630481173197238,0.15766183860254623,0.19742871133880352,0.23474971248240215
asthma_v2_asthma_P25WheezingIE_125.wav,0,2,0,0,0.2923496278884989,0.13417373098345098,0.14512122066492997,0.18869224248852576,0.23966317797459447
asthma_v2_asthma_P27WheezingIE_133.wav,0,2,0,0,0.29320532504768265,0.13382257196695227,0.14475699737223133,0.18842635464573093,0.23978875096740299
asthma_v2_asthma_P27WheezingRL_131.wav,0,2,0,0,0.29255541230915033,0.13408921473312116,0.14503356631466732,0.18862831656006662,0.2396934900829946
asthma_v2_asthma_P27WheezingRL_135.wav,0,2,0,0,0.29342679586281284,0.1337318044962998,0.14466284204591676,0.18835750798893366,0.23982104960603703
asthma_v2_asthma_P29WheezingIU_142.wav,0,2,0,0,0.2795047074597289,0.13953480395032017,0.15067332115308266,0.1926602726038724,0.23762689483299587
asthma_v2_asthma_P2AsthmaIU_6.wav,0,2,0,2,0.05675261321183331,0.2833500539184587,0.29258361012644235,0.2366179751173191,0.13069574762594663
asthma_v2_asthma_P2AsthmaRL_7.wav,0,2,0,0,0.2857125934498253,0.136922559376984,0.14796997362879502,0.1907481424099202,0.23864673113447546
asthma_v2_asthma_P30WheezingIE_149.wav,0,2,0,0,0.28441854337644124,0.13746376684565184,0.14853036501556352,0.19114762187572001,0.2384397028866234
asthma_v2_asthma_P30WheezingRS_148.wav,0,2,0,0,0.26272461906253297,0.14680440597463346,0.15817654606961248,0.1977699680264548,0.23452446086676626
asthma_v2_asthma_P31WheezingRS_152.wav,0,2,0,4,0.21119222295073445,0.1713059194017206,0.18324456738612316,0.21273953101650475,0.22151775924491715
asthma_v2_asthma_P32WheezingIU_158.wav,0,2,0,0,0.29352670161704947,0.13369087519604383,0.14462038359898435,0.1883264471875479,0.23983559240037433
asthma_v2_asthma_P32WheezingRS_160.wav,0,2,0,0,0.2935230986527,0.13369235108226193,0.14462191464129454,0.18832756739592912,0.2398350682278144
asthma_v2_asthma_P33WheezingIE_161.wav,0,2,0,0,0.2912070242542755,0.13464377471424074,0.14560864563218237,0.18904699215755222,0.23949356324174906
asthma_v2_asthma_P33WheezingIU_162.wav,0,2,0,0,0.29365579416353227,0.1336380034134989,0.14456553513006448,0.18828630851475328,0.23985435877815095
asthma_v2_asthma_P33WheezingRS_164.wav,0,2,0,0,0.2923941235284001,0.13415545290174483,0.1451022642478195,0.18867842103677182,0.23966973828526375
asthma_v2_asthma_P34WheezingIE_169.wav,0,2,0,0,0.2709256372049929,0.143212527024402,0.15447290826670435,0.19528403135898909,0.23610489614491167
asthma_v2_asthma_P34WheezingIU_170.wav,0,2,0,0,0.293651196080621,0.13363988634183718,0.14456748848067646,0.1882877382650436,0.2398536908318218
asthma_v2_asthma_P34WheezingRL_167.wav,0,2,0,0,0.2890788581334689,0.13552276987095535,0.14651981851931695,0.18970684286446093,0.23917171061179787
asthma_v2_asthma_P35WheezingRL_171.wav,0,2,0,0,0.2919075272220263,0.1343554465808579,0.1453096701092074,0.1888295428322274,0.2395978132556811
asthma_v2_asthma_P35WheezingRL_175.wav,0,2,0,0,0.2724657272470564,0.14254640436554764,0.15378526960585803,0.1948147058070845,0.23638789297445337
asthma_v2_asthma_P36WheezingIU_178.wav,0,2,0,0,0.23531583359245706,0.15939276928778642,0.1710992018004528,0.2058914086372081,0.22830078668209552
asthma_v2_asthma_P37WheezingRS_184.wav,0,2,0,0,0.2935053085654987,0.1336996386448322,0.14462947453354183,0.1883330985177182,0.23983247973840902
asthma_v2_asthma_P39WheezingIU_194.wav,0,2,0,0,0.29363573044578206,0.1336462197189363,0.14457405871434154,0.18829254718640043,0.23985144393453958
asthma_v2_asthma_P39WheezingRL_191.wav,0,2,0,0,0.29365941586391514,0.13363652033148093,0.14456399657881602,0.18828518236191247,0.23985488486387538
asthma_v2_asthma_P3AsthmaIE_13.wav,0,2,0,0,0.2358146846594233,0.15915509461447483,0.1708560525977614,0.20574652832410992,0.22842763980423053
asthma_v2_asthma_P40WheezingRS_196.wav,0,2,0,0,0.29336046203582494,0.1337589855788845,0.14469103812451115,0.18837812987395688,0.2398113843868226
asthma_v2_asthma_P41WheezingIU_202.wav,0,2,0,0,0.2909028860763817,0.1347691122812075,0.14573859743177547,0.18914136346940827,0.23944804074122705
asthma_v2_asthma_P41WheezingRS_204.wav,0,2,0,0,0.293524591515077,0.13369173955784705,0.1446212802634357,0.1883271032460303,0.23983528541761007
asthma_v2_asthma_P42WheezingIE_209.wav,0,2,0,0,0.2925284148164503,0.13410030026314385,0.1450450636753321,0.188636703806189,0.23968951743888486
asthma_v2_asthma_P44WheezingRL_219.wav,0,2,0,0,0.2935834277923216,0.13366764009690266,0.1445962800116803,0.1883088098588131,0.2398438422402825
asthma_v2_asthma_P45WheezingIE_221.wav,0,2,0,0,0.2935130412051883,0.13369647099395435,0.1446261885139715,0.18833069436985286,0.23983360491703304
asthma_v2_asthma_P47WheezingRS_232.wav,0,2,0,0,0.29100710632190957,0.13472615185355957,0.1456940564118287,0.18910902753743788,0.2394636578752642
asthma_v2_asthma_P48WheezingIU_238.wav,0,2,0,0,0.2923978816770369,0.13415390920656667,0.1451006632546926,0.1886772536395805,0.23967029222212335
asthma_v2_asthma_P48WheezingRS_240.wav,0,2,0,0,0.29264251457304624,0.13405345435904517,0.14499647697264337,0.18860125546201859,0.23970629863324658
asthma_v2_asthma_P49WheezingIE_241.wav,0,2,0,0,0.22620802978387253,0.16379199772256312,0.17559385879172354,0.2085146437115431,0.22589146999029774
asthma_v2_asthma_P4AsthmaIU_18.wav,0,2,0,0,0.28617213295647903,0.13673078391509627,0.14777136167862065,0.1906061703544151,0.23871955109538898
asthma_v2_asthma_P4AsthmaRL_19.wav,0,2,0,0,0.29365958003385745,0.13363645310439365,0.14456392683731817,0.18828513131386707,0.2398549087105638
asthma_v2_asthma_P4AsthmaRS_16.wav,0,2,0,0,0.293530247508291,0.13368942270138243,0.14461887682124186,0.1883253447207913,0.23983610824829346
asthma_v2_asthma_P50WheezingRL_247.wav,0,2,0,0,0.28067377853678294,0.13903976999608925,0.15016131197812557,0.19230101706215133,0.23782412242685078
asthma_v2_asthma_P51WheezingIU_254.wav,0,2,0,0,0.2894088108781458,0.1353861890817747,0.14637826572463755,0.1896046158890046,0.23922211842643734
asthma_v2_asthma_P53WheezingIE_261.wav,0,2,0,0,0.293500523183266,0.13370159899107648,0.1446315081311941,0.18833458632905428,0.23983178336540908
asthma_v2_asthma_P55WheezingRL_275.wav,0,2,0,0,0.27360924037884043,0.14205349843014578,0.15327628394440715,0.19446574520011467,0.23659523204649202
asthma_v2_asthma_P57WheezingRL_283.wav,0,2,0,3,0.19505036050440702,0.1797796816450649,0.19183206372804465,0.21711844537897787,0.21621944874350568
asthma_v2_asthma_P7AsthmaIE_33.wav,0,2,0,0,0.293652726321708,0.1336392597013181,0.14456683840376702,0.18828726244501026,0.23985391312819648
asthma_v2_asthma_P7AsthmaRL_35.wav,0,2,0,0,0.28882133001657406,0.13562944810389355,0.14663037306943094,0.18978661123628346,0.23913223757381796
asthma_v2_asthma_P8AsthmaRL_39.wav,0,2,0,3,0.147655904015355,0.20757170927340313,0.21967845359502222,0.22860772461500065,0.19648620850121906
asthma_v2_copd_P10COPDPr_77.wav,0,2,2,3,0.1756575257276889,0.19057417369616061,0.20270720759882235,0.2221050422614213,0.2089560507159068
asthma_v2_copd_P10COPDPr_79.wav,0,2,2,0,0.29200340936783953,0.13431601971292212,0.14526878373709948,0.1887997695247439,0.2396120176573951
asthma_v2_copd_P11COPDPr_87.wav,0,2,2,0,0.2933996980188594,0.13374290763308766,0.1446743598450187,0.18836593230896406,0.23981710219407026
asthma_v2_copd_P12COPDMc_96.wav,0,2,2,1,0.001764190219406446,0.421543991672901,0.40377018720444585,0.1512533801734876,0.02166825072975925
asthma_v2_copd_P12COPDPr_89.wav,0,2,2,0,0.29364978007805187,0.13364046620325462,0.14456809002875134,0.18828817856272237,0.2398534851272198
asthma_v2_copd_P12COPDPr_93.wav,0,2,2,0,0.2926300389856362,0.13405857582272834,0.14500178880908213,0.1886051315181829,0.2397044648643705
asthma_v2_copd_P13COPDMc_104.wav,0,2,2,4,0.20246783981323435,0.17583198238349773,0.18783679643904433,0.21512923721986074,0.2187341441443628
asthma_v2_copd_P13COPDPr_101.wav,0,2,2,4,0.2140009233103894,0.16987458524832524,0.18178975255981794,0.21195953984154461,0.22237519903992276
asthma_v2_copd_P14COPDPr_105.wav,0,2,2,3,0.18842602282989307,0.1833871131959843,0.19547457791587716,0.2188587030035414,0.213853583054704
asthma_v2_copd_P14COPDPr_109.wav,0,2,2,0,0.29365499397451156,0.13363833109171827,0.14456587506372023,0.18828655732980037,0.2398542425402496
asthma_v2_copd_P15COPDMc_118.wav,0,2,2,0,0.23373346835700595,0.16014889716248895,0.17187252941599815,0.206350170259182,0.22789493480532494
asthma_v2_copd_P16COPDMc_124.wav,0,2,2,4,0.20627020285949882,0.17384422158797797,0.18582149603698464,0.21409407614382733,0.21997000337171113
asthma_v2_copd_P16COPDMc_126.wav,0,2,2,0,0.28514551139809524,0.13715951526544068,0.1482153486381752,0.19092325986125747,0.2385563648370314
asthma_v2_copd_P18COPDMc_144.wav,0,2,2,1,0.004382482663799918,0.3968704114691326,0.387369740283529,0.17600605188506105,0.03537131369847753
asthma_v2_copd_P19COPDMc_148.wav,0,2,2,2,0.03264410329045973,0.3162777377941264,0.32240515935941594,0.22851617916643904,0.100156820389559
asthma_v2_copd_P19COPDMc_150.wav,0,2,2,3,0.17786803768875734,0.18930686615167364,0.2014342471948435,0.22155397803924434,0.2098368709254811
asthma_v2_copd_P1COPDMc_2.wav,0,2,2,0,0.29148012785337213,0.13453130613214387,0.1454920292374803,0.18896223048339228,0.23953430629361147
asthma_v2_copd_P20COPDMc_158.wav,0,2,2,1,0.011996519827846563,0.36231330238721554,0.36126478234348613,0.20422380597380516,0.06020158946764655
asthma_v2_copd_P20COPDMc_160.wav,0,2,2,2,0.032366542461032696,0.3167373799256683,0.32281104525197735,0.22834951305951615,0.09973551930180552
asthma_v2_copd_P21COPDMc_162.wav,0,2,2,2,0.05224266585648692,0.2887084430262071,0.2975291659000054,0.23580568549391145,0.12571403972338902
asthma_v2_copd_P21COPDMc_164.wav,0,2,2,2,0.12143265333500494,0.2254118896421378,0.23727441136614433,0.23363418478300546,0.18224686087370753
asthma_v2_copd_P22COPDPr_171.wav,0,2,2,3,0.1650561756214401,0.19679549252107403,0.20894120069088085,0.2246772811399118,0.2045298500266932
asthma_v2_copd_P23COPDPr_179.wav,0,2,2,4,0.20463707754907845,0.1746950563690881,0.18668441119390145,0.21453991421815738,0.21944354066977467
asthma_v2_copd_P24COPDPr_189.wav,0,2,2,3,0.17555075832349895,0.19063563787711366,0.2027689197460483,0.22213153591271223,0.20891314814062686
asthma_v2_copd_P25COPDMc_196.wav,0,2,2,3,0.19576887700209794,0.17939311836608562,0.19144126396987596,0.21692757365522622,0.21646916700671417
asthma_v2_copd_P25COPDPr_199.wav,0,2,2,1,7.970360978230776e-26,0.7414550531657712,0.2585418438815285,3.102952694605987e-06,5.844059091584907e-15
asthma_v2_copd_P26COPDMc_208.wav,0,2,2,1,0.0071764058571428735,0.38109549357126044,0.37584936892508547,0.18990330439168307,0.04597542725482795
asthma_v2_copd_P27COPDMc_210.wav,0,2,2,1,6.620718406564042e-13,0.6147685851179515,0.3834552333636314,0.0017760666906633119,1.148270918225352e-07
asthma_v2_copd_P28COPDMc_222.wav,0,2,2,2,0.016037966304774217,0.3504127207857614,0.3516029525372786,0.21198504055087758,0.0699613198213081
asthma_v2_copd_P28COPDPr_219.wav,0,2,2,1,4.323086498566249e-47,0.8816499820488399,0.11835001787050044,8.065961636656463e-11,5.448848478586327e-27
asthma_v2_copd_P29COPDMc_230.wav,0,2,2,2,0.0405126501617268,0.3041880273687057,0.3116206323734479,0.2323631925817481,0.11131549751437152
asthma_v2_copd_P29COPDMc_232.wav,0,2,2,2,0.03118668799590393,0.3187206636787763,0.3245587605375319,0.22761309377708866,0.0979207940106991
asthma_v2_copd_P2COPDMc_12.wav,0,2,2,0,0.2810972612578894,0.1388608064888398,0.14997617830795387,0.19217078322805287,0.23789497071726404
asthma_v2_copd_P2COPDPr_15.wav,0,2,2,0,0.29276207517824915,0.13400438037743687,0.14494557810513758,0.18856410704638982,0.23972385929278658
asthma_v2_copd_P31COPDMc_244.wav,0,2,2,1,2.0828141869769026e-07,0.5414163669211045,0.43291934061790965,0.025521273482407087,0.00014281069716011623
asthma_v2_copd_P31COPDMc_248.wav,0,2,2,0,0.29365977661854553,0.1336363726036028,0.1445638433256537,0.18828507018656568,0.23985493726563234
asthma_v2_copd_P32COPDMc_250.wav,0,2,2,3,0.14412504292478323,0.20985330442670208,0.22194158722299726,0.22935401902490146,0.1947260464006159
asthma_v2_copd_P32COPDPr_255.wav,0,2,2,0,0.2864897689712493,0.13659835498290537,0.14763420004615074,0.19050800512950897,0.23876967087018564
asthma_v2_copd_P36COPDPr_281.wav,0,2,2,1,2.0691170886793327e-06,0.5218878574430417,0.4366498651984976,0.040943219539901515,0.0005169887014704318
asthma_v2_copd_P36COPDPr_283.wav,0,2,2,3,0.18822804450984473,0.18349615899098684,0.19558455830066948,0.21891015512154713,0.21378108307695176
asthma_v2_copd_P36COPDPr_287.wav,0,2,2,1,0.00011833781540991636,0.4736330870111436,0.42949214284978665,0.09183493592403909,0.00492149639962078
asthma_v2_copd_P37COPDMc_290.wav,0,2,2,1,0.011965333319400868,0.36241545348316967,0.36134638626290444,0.2041527293388334,0.06012009759569149
asthma_v2_copd_P37COPDPr_293.wav,0,2,2,1,0.00024726219766816725,0.46170121159430627,0.42491937626181503,0.10573880070931553,0.007393349236894932
asthma_v2_copd_P38COPDMc_300.wav,0,2,2,1,4.273251904518901e-06,0.5148072142897199,0.436953041981927,0.04745996943712832,0.0007755010393202261
asthma_v2_copd_P39COPDMc_306.wav,0,2,2,0,0.26743498392111575,0.1447320722983695,0.15604061144459846,0.19634491310849836,0.23544741922741783
asthma_v2_copd_P39COPDPr_309.wav,0,2,2,3,0.16455419867058013,0.19709619720969607,0.20924187611895106,0.22479600248390474,0.20431172551686794
asthma_v2_copd_P3COPDMc_20.wav,0,2,2,0,0.26743028954207776,0.14473412504491392,0.15604272837736605,0.19634633710653782,0.23544651992910437
asthma_v2_copd_P3COPDMc_24.wav,0,2,2,3,0.17877971254243355,0.18878708319562362,0.20091184855695218,0.22132531275175457,0.2101960429532361
asthma_v2_copd_P3COPDPr_21.wav,0,2,2,0,0.29346421010764656,0.1337164754959951,0.14464694045131382,0.18834587615217654,0.23982649779286797
asthma_v2_copd_P3COPDPr_23.wav,0,2,2,0,0.28526243132314766,0.13711063291961398,0.14816473201871125,0.19088716166007177,0.23857504207845534
asthma_v2_copd_P40COPDMc_318.wav,0,2,2,0,0.22947898888781348,0.16219883468522697,0.1739674337911879,0.20757744198314884,0.22677730065262278
asthma_v2_copd_P40COPDPr_313.wav,0,2,2,2,0.08550144548782251,0.2542349053081032,0.26517602249011435,0.2377445940023913,0.15734303271156855
asthma_v2_copd_P40COPDPr_315.wav,0,2,2,4,0.2119628322626333,0.17091198891617934,0.1828442964049672,0.21252602599341153,0.22175485642280868
asthma_v2_copd_P41COPDPr_325.wav,0,2,2,0,0.2931953923524217,0.1338266439241354,0.14476122120747045,0.18842944204805012,0.23978730046792232
asthma_v2_copd_P42COPDMc_332.wav,0,2,2,1,0.004241667081858523,0.39784824298680566,0.3880593207830716,0.1750917095612214,0.03475905958704294
asthma_v2_copd_P42COPDPr_329.wav,0,2,2,0,0.29363084925583866,0.1336482186787124,0.14457613242694,0.18829406494292775,0.2398507346955811
asthma_v2_copd_P42COPDPr_335.wav,0,2,2,2,0.042109272782958625,0.30192534107956776,0.3095798993286859,0.23296933919629315,0.11341614761249469
asthma_v2_copd_P43COPDMc_340.wav,0,2,2,3,0.12989385017210658,0.21941679663295846,0.23138737334550213,0.2321529005599983,0.18714907928943447
asthma_v2_copd_P43COPDMc_342.wav,0,2,2,0,0.2519131632855308,0.15165889310392935,0.1631705895647276,0.2010103489682336,0.2322470050775786
asthma_v2_copd_P43COPDPr_337.wav,0,2,2,2,0.03326773346114469,0.31525427212694346,0.3215002679894686,0.22888188353968175,0.10109584288276154
asthma_v2_copd_P43COPDPr_343.wav,0,2,2,2,0.11280961642944319,0.2317917187330418,0.24350904601184498,0.23497672000109002,0.17691289882457997
asthma_v2_copd_P44COPDMc_346.wav,0,2,2,4,0.22030278978025122,0.16670696796248316,0.17856584789096513,0.21019188203671033,0.2242325123295901
asthma_v2_copd_P44COPDMc_348.wav,0,2,2,0,0.22983318247079443,0.16202722004924136,0.17379214810313667,0.20747562109935994,0.2268718282774677
asthma_v2_copd_P44COPDPr_345.wav,0,2,2,2,0.05475861186821659,0.2856847603239205,0.29474251234817195,0.23628771579139374,0.12852639966829718
asthma_v2_copd_P45COPDPr_353.wav,0,2,2,4,0.20273253962902357,0.1756928315594791,0.18769579558651064,0.21505750352520983,0.21882132969977694
asthma_v2_copd_P45COPDPr_359.wav,0,2,2,0,0.2784389299434532,0.13998736488838212,0.15114128233544646,0.19298743780101651,0.2374449850317016
asthma_v2_copd_P46COPDPr_363.wav,0,2,2,0,0.22810244803081808,0.16286746247680361,0.17465020110240628,0.20797253946506777,0.2264073489249043
asthma_v2_copd_P47COPDMc_372.wav,0,2,2,0,0.2843872744890679,0.1374768658428755,0.1485439263260478,0.19115726903468336,0.23843466430732546
asthma_v2_copd_P47COPDMc_374.wav,0,2,2,0,0.2708751805501205,0.14323439498898427,0.1544954783926086,0.1952993945877315,0.23609555148055522
asthma_v2_copd_P48COPDMc_380.wav,0,2,2,0,0.23272977427759053,0.16063026891797208,0.1723646789917691,0.2066405234483215,0.22763475436434666
asthma_v2_copd_P48COPDMc_382.wav,0,2,2,0,0.29297822544663044,0.1339156971932654,0.14485359375823317,0.18849693838370563,0.23975554521816542
asthma_v2_copd_P48COPDPr_377.wav,0,2,2,0,0.29239586821670815,0.13415473625272342,0.14510152099881357,0.18867787908306882,0.23966999544868609
asthma_v2_copd_P49COPDMc_386.wav,0,2,2,0,0.27928904208161953,0.139626284257143,0.1507679235857081,0.1927265030559401,0.23759024701958928
asthma_v2_copd_P49COPDPr_389.wav,0,2,2,0,0.2356077950013721,0.15925362542977495,0.1709568568935274,0.20580662946805656,0.22837509320726898
asthma_v2_copd_P4COPDMc_32.wav,0,2,2,0,0.2869758804368245,0.13639588618281484,0.1474244768202781,0.19035772001907192,0.23884603654101066
asthma_v2_copd_P4COPDPr_27.wav,0,2,2,3,0.12897150737600413,0.22005843180791218,0.23201872909465412,0.23232154876953887,0.18662978295189062
asthma_v2_copd_P4COPDPr_29.wav,0,2,2,2,0.12203527448729232,0.22497657662196796,0.23684785835704883,0.23353376830434613,0.18260652222934468
asthma_v2_copd_P6COPDPr_41.wav,0,2,2,3,0.19627576122702983,0.1791209584463657,0.19116606625097554,0.2167926806881261,0.21664453338750278
asthma_v2_copd_P6COPDPr_45.wav,0,2,2,0,0.2785160152733665,0.13995459151509945,0.15110739751799765,0.19296378590181573,0.23745820979172055
asthma_v2_copd_P7COPDPr_55.wav,0,2,2,0,0.2489855654525403,0.15299768147005596,0.16454552656132074,0.20187996803943792,0.2315912584766452
asthma_v2_copd_P9COPDPr_65.wav,0,2,2,2,0.087411319232551,0.25253274354954897,0.2635480624244674,0.23764321527429907,0.15886465951913378
asthma_v2_healthy_P12Healthy98S.wav,0,2,3,2,0.08211452271610649,0.25731203575122064,0.26811226188489395,0.23788186036079542,0.15457931928698357
asthma_v2_healthy_P13Healthy53S.wav,0,2,3,2,0.1282875833847762,0.22053603290513515,0.23248848047488496,0.2324455123257293,0.18624239090947434
asthma_v2_healthy_P14Healthy47S.wav,0,2,3,1,1.502530488650579e-08,0.5600032847651516,0.42520657433883696,0.014757511943386351,3.261392732012905e-05
asthma_v2_healthy_P14Healthy53S.wav,0,2,3,1,0.0005650174067180964,0.4465273165707419,0.4178762151862491,0.12338619455007815,0.011645256286212722
asthma_v2_healthy_P15Healthy14S.wav,0,2,3,0,0.2703355546695534,0.14346844599736885,0.1547370279174821,0.19546365033438418,0.23599532108121143
asthma_v2_healthy_P16Healthy18S.wav,0,2,3,4,0.2242898269674782,0.16473334077898327,0.17655415938355923,0.20906158482212073,0.22536108804785857
asthma_v2_healthy_P16Healthy19S.wav,0,2,3,0,0.24676278455056527,0.15402126396476565,0.16559606108942734,0.2025378595956438,0.231082030799598
asthma_v2_healthy_P19Healthy50S.wav,0,2,3,0,0.26171252415897495,0.14725300265181043,0.1586385941870074,0.19807515045896193,0.23432072854324523
asthma_v2_healthy_P20Healthy31S.wav,0,2,3,4,0.20364997985764394,0.17521144145113957,0.18720791478483412,0.21480849248208408,0.21912217142429832
asthma_v2_healthy_P21Healthy15S.wav,0,2,3,0,0.2794667581743199,0.13955089758058087,0.15068996437723486,0.19267192774894706,0.23762045211891733
asthma_v2_healthy_P21Healthy95S.wav,0,2,3,3,0.1608065801561354,0.19935947695507591,0.21150301140139635,0.22567294563064424,0.20265798585674805
asthma_v2_healthy_P22Healthy45S.wav,0,2,3,0,0.27563510020016074,0.14118376701493154,0.15237785107059776,0.1938465211290841,0.236956760585226
asthma_v2_healthy_P24Healthy62S.wav,0,2,3,0,0.25263110265035393,0.15133218717433128,0.162834908260105,0.2007965616354431,0.23240524027976675
asthma_v2_healthy_P25Healthy42S.wav,0,2,3,0,0.26789688795484323,0.14453021345467,0.15583242931082747,0.19620476248497398,0.23553570679468538
asthma_v2_healthy_P25Healthy72S.wav,0,2,3,4,0.22521961707756358,0.16427639611390246,0.17608807707320845,0.20879672209226985,0.22561918764305552
asthma_v2_healthy_P25Healthy97S.wav,0,2,3,3,0.13339033363433558,0.21700956811359753,0.22901600597837435,0.23149866529253182,0.18908542698116076
asthma_v2_healthy_P26Healthy48S.wav,0,2,3,0,0.23587552980358414,0.15912612815202923,0.17082641670504994,0.20572884897041277,0.2284430763689239
asthma_v2_healthy_P4Healthy22S.wav,0,2,3,0,0.23351469381563636,0.16025370459389265,0.1719796948703436,0.20641350093768873,0.2278384057824386
asthma_v2_healthy_P5Healthy57S.wav,0,2,3,0,0.23910579562958478,0.15759538029952977,0.16925960570452542,0.20478772340802243,0.22925149495833763
asthma_v2_healthy_P6Healthy51S.wav,0,2,3,0,0.26978235486051205,0.14370872034962615,0.15498496846544382,0.1956319395518554,0.23589201677256255
asthma_v2_healthy_P7Healthy39S.wav,0,2,3,2,0.08478271180248839,0.2548815319617429,0.26579376764479595,0.2377783634961439,0.15676362509482888
asthma_v2_healthy_P7Healthy84S.wav,0,2,3,0,0.23904768893000194,0.15762279373355453,0.16928767681459436,0.2048046958905831,0.22923714463126607
asthma_v2_healthy_P8Healthy35S.wav,0,2,3,0,0.27344990704620836,0.14212209238230367,0.15334712366869388,0.19451439288774358,0.23656648401505043
asthma_v2_healthy_P8Healthy82S.wav,0,2,3,3,0.19346417338011615,0.1806362825457046,0.1926977244721811,0.21753837789507852,0.21566344170691962
asthma_v2_healthy_P9Healthy22S.wav,0,2,3,2,0.05860949765913617,0.28122186771361973,0.2906103043369185,0.23688735939204167,0.13267097089828395
asthma_v2_healthy_P9Healthy29S.wav,0,2,3,0,0.28043976970693946,0.13913874327361053,0.15026368998078835,0.19237295972000784,0.23778483731865374
asthma_v2_pneumonia_P10Pneumonia52A.wav,0,2,4,0,0.23305991506473456,0.16047178191310038,0.17220265828421397,0.20654507405946962,0.22772057067848145
asthma_v2_pneumonia_P10Pneumonia88R.wav,0,2,4,4,0.21404245758071416,0.16985351078574093,0.1817683232612777,0.2119479683727411,0.2223877399995261
asthma_v2_pneumonia_P11Pneumonia65P.wav,0,2,4,0,0.26289793239904474,0.14672770611850341,0.15809753504200222,0.197717671376723,0.23455915506372674
asthma_v2_pneumonia_P12Pneumonia23P.wav,0,2,4,3,0.19592231725278364,0.1793106846623762,0.1913579149607635,0.2168867607936785,0.21652232233039817
asthma_v2_pneumonia_P13Pneumonia26N.wav,0,2,4,3,0.18958913687185217,0.18274793873529946,0.19482977620784547,0.2185557548928811,0.21427739329212184
asthma_v2_pneumonia_P13Pneumonia94T.wav,0,2,4,4,0.1972693260470402,0.178588786776031,0.19062782320169278,0.21652769889575932,0.21698636507947675
asthma_v2_pneumonia_P14Pneumonia22X.wav,0,2,4,0,0.2541352785959157,0.15064972932200393,0.16213350713487285,0.20034798662899247,0.23273349831821488
asthma_v2_pneumonia_P17Pneumonia63G.wav,0,2,4,4,0.22522186802643918,0.1642752913906616,0.1760869501105842,0.2087960803069598,0.2256198101653553
asthma_v2_pneumonia_P19Pneumonia75B.wav,0,2,4,0,0.2571408591574762,0.14929423966291466,0.16073961353517996,0.19944902769308592,0.23337625995134337
asthma_v2_pneumonia_P1Pneumonia97M.wav,0,2,4,4,0.22097379304247994,0.1663731874737879,0.17822579120350915,0.21000228753655895,0.22442494074366406
asthma_v2_pneumonia_P20Pneumonia37V.wav,0,2,4,0,0.24102538039311822,0.15669225051635888,0.16833456801967103,0.20422615389279733,0.2297216471780545
asthma_v2_pneumonia_P20Pneumonia42B.wav,0,2,4,0,0.24089298429966693,0.1567543860119125,0.16839822575102378,0.2042649401668669,0.22968946377052987
asthma_v2_pneumonia_P21Pneumonia12C.wav,0,2,4,0,0.22879924905308463,0.1625286736393026,0.17430428036287607,0.2077726660160325,0.22659513092870423
asthma_v2_pneumonia_P21Pneumonia78P.wav,0,2,4,3,0.16811985443054578,0.1949724979702953,0.2071171082389234,0.2239464655012063,0.2058440738590293
asthma_v2_pneumonia_P22Pneumonia29K.wav,0,2,4,4,0.21468087133975558,0.1695299136718073,0.1814392445132124,0.21176997151709498,0.22257999895812988
asthma_v2_pneumonia_P23Pneumonia40O.wav,0,2,4,4,0.22038711484527637,0.16666498525831086,0.17852307937514406,0.21016806989842254,0.2242567506228461
asthma_v2_pneumonia_P24Pneumonia21G.wav,0,2,4,0,0.26413990335837184,0.14617908391564272,0.1575322854037983,0.19734260149668695,0.2348061258255002
asthma_v2_pneumonia_P24Pneumonia91X.wav,0,2,4,0,0.23652499392024484,0.15881724748309448,0.17051036759136665,0.20554002781589167,0.22860736318940225
asthma_v2_pneumonia_P25Pneumonia11Z.wav,0,2,4,4,0.20098970277742617,0.17661118429589856,0.18862614067827058,0.2155288891847501,0.21824408306365467
asthma_v2_pneumonia_P25Pneumonia42V.wav,0,2,4,0,0.2772461101281935,0.14049531133883847,0.15166637879797606,0.1933532024589774,0.2372389972760146
asthma_v2_pneumonia_P27Pneumonia62C.wav,0,2,4,4,0.22251940079502694,0.16560686201311908,0.17744480843834853,0.20956459316554513,0.2248643355879603
asthma_v2_pneumonia_P27Pneumonia77J.wav,0,2,4,0,0.23451802274381114,0.15977357761870162,0.17148871366619448,0.20612286421431333,0.22809682175697954
asthma_v2_pneumonia_P28Pneumonia56Y.wav,0,2,4,0,0.2688523459580637,0.14411342539308727,0.1554025133811602,0.19591463210341187,0.23571708316427684
asthma_v2_pneumonia_P28Pneumonia71A.wav,0,2,4,0,0.2573123823433204,0.14921720993415363,0.16066037031645422,0.19939762160379645,0.23341241580227534
asthma_v2_pneumonia_P29Pneumonia82U.wav,0,2,4,0,0.27196994987312045,0.1427605532856485,0.15400636250912195,0.19496587129427645,0.23629726303783266
asthma_v2_pneumonia_P2Pneumonia82A.wav,0,2,4,4,0.21194254632440834,0.17092234705445356,0.1828548224481705,0.21253165127472445,0.22174863289824306
asthma_v2_pneumonia_P32Pneumonia66M.wav,0,2,4,0,0.23486466503268624,0.15960801409014178,0.1713193763904938,0.20602233674701934,0.22818560773965896
asthma_v2_pneumonia_P32Pneumonia69E.wav,0,2,4,3,0.12888742881031331,0.22011706187969488,0.2320764046599758,0.23233683863220378,0.18658226601781225
asthma_v2_pneumonia_P33Pneumonia74T.wav,0,2,4,3,0.1922219940914933,0.18131023767326426,0.1933784892640418,0.21786583877316282,0.21522344019803777
asthma_v2_pneumonia_P33Pneumonia94P.wav,0,2,4,0,0.24293067725457665,0.15580058157760793,0.1674208111529375,0.20366710959335957,0.23018082042151825
asthma_v2_pneumonia_P34Pneumonia66M.wav,0,2,4,0,0.26726305636307396,0.14480726857409026,0.1561181574584842,0.19639706096630044,0.2354144566380511
asthma_v2_pneumonia_P34Pneumonia77O.wav,0,2,4,0,0.24865654876937845,0.1531488033486365,0.16470066507497963,0.20197747978431807,0.23151650302268736
asthma_v2_pneumonia_P35Pneumonia46U.wav,0,2,4,0,0.26243422110068265,0.14693299943976168,0.15830900700956024,0.19785757063520393,0.23446620181479153
asthma_v2_pneumonia_P36Pneumonia56V.wav,0,2,4,0,0.29082609570116463,0.1348007729049837,0.14577142225865133,0.18916518708370295,0.23943652205149737
asthma_v2_pneumonia_P36Pneumonia85U.wav,0,2,4,3,0.18946737450383166,0.18281473474326915,0.1948971721945136,0.21858752279437169,0.21423319576401387
asthma_v2_pneumonia_P37Pneumonia44I.wav,0,2,4,0,0.29307233944279404,0.13387709823981067,0.14481355664067322,0.18846768882507192,0.23976931685165015
asthma_v2_pneumonia_P39Pneumonia41F.wav,0,2,4,0,0.2911366925656998,0.13467275063014875,0.14563868904705696,0.1890688175416701,0.2394830502154243
asthma_v2_pneumonia_P3Pneumonia61R.wav,0,2,4,0,0.25073353027108913,0.15219706781991696,0.16372341755367945,0.20136116933850745,0.23198481501680698
asthma_v2_pneumonia_P40Pneumonia69N.wav,0,2,4,0,0.29048340671350537,0.13494213591809578,0.14591797665904158,0.18927148522900536,0.23938499548035197
asthma_v2_pneumonia_P40Pneumonia90Y.wav,0,2,4,0,0.28741901411377146,0.13621152934977895,0.14723349488489304,0.19022066660854667,0.23891529504300993
asthma_v2_pneumonia_P41Pneumonia25E.wav,0,2,4,0,0.28683952777306027,0.13645265350656874,0.14748328038489186,0.1903998809064363,0.2388246574290428
asthma_v2_pneumonia_P42Pneumonia63L.wav,0,2,4,3,0.1681292911331198,0.194966915037672,0.20711151859179158,0.22394419817505198,0.20584807706236455
asthma_v2_pneumonia_P42Pneumonia67F.wav,0,2,4,0,0.2890435147838671,0.13553740647565188,0.14653498733783776,0.18971779136318784,0.23916630003945544
asthma_v2_pneumonia_P44Pneumonia47J.wav,0,2,4,0,0.260077643378257,0.14798015526450933,0.15938731134228096,0.19856734679592997,0.2339875432190227
asthma_v2_pneumonia_P44Pneumonia49B.wav,0,2,4,0,0.25205118439083923,0.15159603625768003,0.16310601058257407,0.2009692651677801,0.23227750360112653
asthma_v2_pneumonia_P45Pneumonia51F.wav,0,2,4,0,0.22811728664893474,0.1628602407519366,0.17464282804839604,0.2079682857490638,0.22641135880166877
asthma_v2_pneumonia_P46Pneumonia99Y.wav,0,2,4,0,0.2418652931518502,0.15629859698739507,0.16793121917285217,0.20397991122145048,0.229924979466452
asthma_v2_pneumonia_P47Pneumonia24N.wav,0,2,4,3,0.13447609149669443,0.21626997064422873,0.22828657478425501,0.2312908468225186,0.18967651625230317
asthma_v2_pneumonia_P48Pneumonia31K.wav,0,2,4,3,0.16132096826686873,0.19904689137904216,0.21119092488595548,0.22555357717617477,0.20288763829195874
asthma_v2_pneumonia_P48Pneumonia61T.wav,0,2,4,3,0.16698238206190852,0.19564688967966234,0.20779216070980294,0.22421903649279334,0.20535953105583288
asthma_v2_pneumonia_P4Pneumonia17R.wav,0,2,4,4,0.2202647157118824,0.1667259272419436,0.17858516170080185,0.21020263224081928,0.22422156310455288
asthma_v2_pneumonia_P4Pneumonia27H.wav,0,2,4,0,0.24317040588889452,0.15568872159603614,0.16730614816101477,0.2035966544512097,0.2302380699028449
asthma_v2_pneumonia_P5Pneumonia20K.wav,0,2,4,3,0.17754505708739757,0.18949141310827905,0.201619681317958,0.22163479434215563,0.2097090541442098
asthma_v2_pneumonia_P7Pneumonia76F.wav,0,2,4,4,0.20585492576667108,0.17406016232597782,0.18604054411632037,0.21420761919594908,0.2198367485950817
asthma_v2_pneumonia_P8Pneumonia11O.wav,0,2,4,0,0.2576477380428114,0.1490667052534106,0.16050553117210867,0.19929708230917145,0.23348294322249785
asthma_v2_pneumonia_P8Pneumonia23N.wav,0,2,4,0,0.28778949467067577,0.13605755283953017,0.14707397069538844,0.19010604331016165,0.238972938484244
asthma_v2_pneumonia_P9Pneumonia74S.wav,0,2,4,0,0.26450300992752623,0.14601902162428487,0.1573673402841713,0.1972328428491955,0.23487778531482217
asthma_v2_Bronchial_P12BronchialSc_56.wav,0,3,1,0,0.27796497677488374,0.14588134025683533,0.15413071682625903,0.1848472923630561,0.23717567377896573
asthma_v2_Bronchial_P14BronchialSc_68.wav,0,3,1,0,0.292884636189752,0.13985945184973092,0.14798144118934703,0.17967178006247395,0.23960269070869608
asthma_v2_Bronchial_P14BronchialTc_67.wav,0,3,1,0,0.23014277457819574,0.16660429256113599,0.17516357722554357,0.20144293318122955,0.22664642245389505
asthma_v2_Bronchial_P14BronchialTc_69.wav,0,3,1,3,0.17303463212744577,0.19491268044106944,0.2035481037904086,0.22097037565383132,0.20753420798724492
asthma_v2_Bronchial_P15BronchialSc_72.wav,0,3,1,4,0.21941872304491283,0.17158866513162657,0.18019159419928074,0.20514956417671065,0.22365145344746928
asthma_v2_Bronchial_P15BronchialTc_75.wav,0,3,1,3,0.16433921538241805,0.19965983493535663,0.20826506271870343,0.2238723240860114,0.2038635628775105
asthma_v2_Bronchial_P16BronchialSc_76.wav,0,3,1,2,0.045095153086084784,0.2890894570057892,0.29399040325451836,0.2543985118554827,0.117426474798125
asthma_v2_Bronchial_P16BronchialTc_77.wav,0,3,1,2,0.03785056675101606,0.29783479657619555,0.3019381402944899,0.25438573051971813,0.1079907658585804
asthma_v2_Bronchial_P18BronchialTc_87.wav,0,3,1,0,0.27433264697713844,0.14737711705302192,0.1556555841753043,0.18610834976466487,0.2365263020298704
asthma_v2_Bronchial_P2BronchialSc_6.wav,0,3,1,1,2.9289913003297346e-42,0.8039388763765192,0.1960602709677586,8.526557222220197e-07,9.923042131686998e-24
asthma_v2_Bronchial_P2BronchialTc_7.wav,0,3,1,2,0.05829256958464846,0.2750937365242482,0.28106840538203476,0.2531294176337481,0.13241587087532064
asthma_v2_Bronchial_P3BronchialTc_13.wav,0,3,1,0,0.24948476152386304,0.15794288159227604,0.1663973657474571,0.19473717294958431,0.23143781818681938
asthma_v2_Bronchial_P4BronchialTc_19.wav,0,3,1,1,3.289215193448042e-06,0.4812128670475078,0.41987451843852885,0.09815812626486485,0.0007511990339049605
asthma_v2_Bronchial_P5BronchialTc_21.wav,0,3,1,0,0.22589812182709126,0.16856088332412494,0.17713877458659455,0.20291131693206027,0.22549090333012903
asthma_v2_Bronchial_P5BronchialTc_23.wav,0,3,1,2,0.031556091188706725,0.3063054719919506,0.30953220992458924,0.2537413622208136,0.09886486467393989
asthma_v2_Bronchial_P6BronchialSc_28.wav,0,3,1,3,0.12607848225583349,0.2223938623865195,0.23066252453721056,0.23618010589432387,0.18468502492611266
asthma_v2_Bronchial_P6BronchialTc_29.wav,0,3,1,2,0.08465066300193365,0.25183946041812716,0.2591273716739917,0.24784194737373103,0.15654055753221638
asthma_v2_Bronchial_P7BronchialTc_35.wav,0,3,1,3,0.18023521172941845,0.19108050910508098,0.19973088186216126,0.21854756292007885,0.21040583438326052
asthma_v2_Bronchial_P8BronchialTc_37.wav,0,3,1,3,0.18273258923570485,0.1897712689766848,0.19842485759579162,0.2177035972432049,0.21136768694861383
asthma_v2_Bronchial_P9BronchialSc_44.wav,0,3,1,3,0.13197633351829344,0.21866409276510418,0.2270109774776029,0.23434751707930976,0.1880010791596897
asthma_v2_Bronchial_P9BronchialTc_41.wav,0,3,1,3,0.13584504597225242,0.2162668880102606,0.22465908877580193,0.2331300117115795,0.1900989655301055
asthma_v2_asthma_P10AsthmaIU_46.wav,0,3,0,0,0.25941582998178603,0.15364808582674114,0.16203730552441362,0.19128882686765258,0.2336099517994066
asthma_v2_asthma_P10AsthmaRS_48.wav,0,3,0,0,0.2934382017806674,0.13963969172533464,0.14775672332557713,0.17947992407329993,0.23968545909512085
asthma_v2_asthma_P11WheezingRL_55.wav,0,3,0,0,0.28847946085890336,0.14161748398519136,0.14977835408553808,0.1811990278012111,0.23892567326915612
asthma_v2_asthma_P13WheezingRS_64.wav,0,3,0,0,0.2933210379729734,0.1396861831739218,0.1478042654150375,0.1795205297562599,0.23966798368180736
asthma_v2_asthma_P14WheezingIU_70.wav,0,3,0,0,0.23582797096879948,0.1640159728813513,0.17254774908433482,0.19947405508984764,0.2281342519756668
asthma_v2_asthma_P15WheezingIU_74.wav,0,3,0,0,0.2722485756734736,0.1482407411333198,0.1565355382438536,0.18683200696253557,0.23614313798681735
asthma_v2_asthma_P15WheezingRL_71.wav,0,3,0,0,0.2927884787623846,0.13989765162064022,0.14802050053119267,0.17970510798661313,0.23958826109916942
asthma_v2_asthma_P17WheezingRS_84.wav,0,3,0,0,0.29200268279829644,0.14021011050065013,0.1483399658025714,0.17997747898368266,0.23946976191479924
asthma_v2_asthma_P19WheezingIE_93.wav,0,3,0,0,0.2512026382640626,0.15719284820858898,0.1656365623351864,0.19414082193073806,0.231827129261424
asthma_v2_asthma_P20WheezingIE_97.wav,0,3,0,0,0.27933931638337417,0.14531848634394204,0.1535566519813167,0.18437023606925385,0.23741530922211324
asthma_v2_asthma_P20WheezingRL_99.wav,0,3,0,0,0.29375376477848864,0.1395145312211694,0.14762872956105097,0.17937056206295832,0.2397324123763328
asthma_v2_asthma_P21WheezingIE_105.wav,0,3,0,0,0.2876114183383307,0.1419658533804721,0.1501342630768626,0.18150006986707837,0.23878839533725632
asthma_v2_asthma_P22WheezingIU_106.wav,0,3,0,0,0.2435692309023311,0.16054905552702126,0.16903887976169132,0.19678999361983132,0.23005284018912495
asthma_v2_asthma_P23WheezingIE_113.wav,0,3,0,0,0.2803254703201122,0.14491564883731076,0.15314570224097157,0.18402795673452096,0.2375852218670847
asthma_v2_asthma_P23WheezingRS_112.wav,0,3,0,0,0.29112066678967813,0.1405614496657976,0.14869913088694828,0.18028323511111308,0.23933551754646298
asthma_v2_asthma_P24WheezingRL_119.wav,0,3,0,0,0.28248456986274556,0.14403667530392592,0.15224877229604986,0.18327866448642108,0.2379513180508576
asthma_v2_asthma_P25WheezingIE_121.wav,0,3,0,0,0.2844322288940795,0.1432472920916575,0.1514429644065284,0.18260287742797365,0.23827463717976102
asthma_v2_asthma_P25WheezingIU_122.wav,0,3,0,0,0.2935203359929135,0.13960710713113816,0.14772340178875393,0.17945145905310356,0.23969769603409077
asthma_v2_asthma_P28WheezingIE_137.wav,0,3,0,0,0.2937804740230441,0.13950394146484257,0.1476178997624184,0.17936130588396465,0.23973637886573038
asthma_v2_asthma_P28WheezingIU_138.wav,0,3,0,0,0.28462158601222254,0.14317072252761673,0.15136478665846587,0.1825371822946208,0.23830572250707405
asthma_v2_asthma_P28WheezingRS_136.wav,0,3,0,0,0.2937323599668823,0.13952301829182925,0.14763740897534539,0.17937797999751376,0.2397292327684294
asthma_v2_asthma_P28WheezingRS_140.wav,0,3,0,0,0.2872160996874853,0.1421247199205574,0.15029654973848863,0.18163717852505204,0.2387254521284166
asthma_v2_asthma_P29WheezingIE_141.wav,0,3,0,3,0.11754681862390066,0.22796250087912767,0.2360963613690497,0.23877368588202552,0.1796206332458964
asthma_v2_asthma_P29WheezingRS_144.wav,0,3,0,4,0.20751259321727739,0.17728799406774595,0.18592546603866766,0.20924957037096947,0.2200243763053395
asthma_v2_asthma_P2AsthmaIU_10.wav,0,3,0,0,0.29359059351698114,0.13957923878466275,0.14769490278647182,0.17942711035831682,0.23970815455356748
asthma_v2_asthma_P31WheezingIU_154.wav,0,3,0,0,0.2937990309350683,0.139496584319577,0.14761037582019923,0.17935487494355462,0.23973913398160085
asthma_v2_asthma_P33WheezingRL_163.wav,0,3,0,0,0.29357054453612375,0.1395871909911159,0.1477030349854249,0.1794340585796366,0.23970517090769894
asthma_v2_asthma_P37WheezingIE_181.wav,0,3,0,0,0.2820103798799294,0.14422936683925128,0.15244543029724217,0.18344321481508297,0.23787160816849415
asthma_v2_asthma_P38WheezingIE_189.wav,0,3,0,0,0.27592741880012284,0.14671892917145035,0.1549847214786402,0.18555464798755364,0.23681428256223291
asthma_v2_asthma_P38WheezingRL_187.wav,0,3,0,0,0.2892437921285027,0.14131127050812248,0.14946546825348037,0.18093397874410197,0.23904549036579262
asthma_v2_asthma_P3AsthmaRL_15.wav,0,3,0,0,0.29352556041477684,0.13960503466993496,0.14772128244008556,0.17944964845096611,0.2396984740242364
asthma_v2_asthma_P41WheezingIE_205.wav,0,3,0,0,0.2884616015808489,0.14162464490330404,0.149785670534217,0.18120522119427507,0.238922861787355
asthma_v2_asthma_P41WheezingRL_203.wav,0,3,0,0,0.2782686573162815,0.1457568241326792,0.1540037330169683,0.1847418755776712,0.23722890995639978
asthma_v2_asthma_P42WheezingIU_206.wav,0,3,0,0,0.29380290422218475,0.13949504873749136,0.14760880542122573,0.17935353264911225,0.2397397089699859
asthma_v2_asthma_P42WheezingIU_210.wav,0,3,0,0,0.2926543914681044,0.13995093248494922,0.148074979228936,0.1797515830287354,0.23956811378927506
asthma_v2_asthma_P44WheezingIU_218.wav,0,3,0,0,0.27666327698439974,0.1464160051075785,0.15467589742519194,0.1852991774994761,0.2369456429833536
asthma_v2_asthma_P46WheezingIU_230.wav,0,3,0,3,0.15768626406591768,0.20338617141667892,0.21195840768524002,0.22607202103186871,0.20089713580029478
asthma_v2_asthma_P46WheezingRL_227.wav,0,3,0,0,0.2852557487599954,0.14291451570736505,0.15110317947710733,0.18231717651409457,0.23840937954143762
asthma_v2_asthma_P47WheezingRL_235.wav,0,3,0,0,0.26004839072100705,0.15337784946867308,0.16176267276436082,0.19106913622801225,0.23374195081794674
asthma_v2_asthma_P48WheezingRS_236.wav,0,3,0,0,0.29378909388431934,0.13950052396540552,0.14761440478641907,0.17935831864921672,0.23973765871463928
asthma_v2_asthma_P49WheezingIE_245.wav,0,3,0,0,0.2931081377184382,0.13977069299140732,0.14789068255535076,0.1795943166664372,0.23963617006836657
asthma_v2_asthma_P49WheezingRL_243.wav,0,3,0,0,0.29381966650960056,0.13948840339797228,0.14760200939700624,0.17934772365733295,0.23974219703808788
asthma_v2_asthma_P50WheezingRS_248.wav,0,3,0,0,0.29374000930163496,0.1395199852641187,0.147634307213419,0.1793753290833315,0.2397303691374958
asthma_v2_asthma_P51WheezingRL_251.wav,0,3,0,0,0.29376518242536054,0.13951000424742496,0.14762409997869838,0.17936660523464226,0.23973410811387383
asthma_v2_asthma_P52WheezingRS_256.wav,0,3,0,0,0.2870983612906604,0.1421720613675902,0.15034490816467833,0.18167801499821182,0.23870665417885917
asthma_v2_asthma_P52WheezingRS_260.wav,0,3,0,0,0.27686668433223066,0.14633235640768197,0.15459061213451575,0.18522856199781362,0.23698178512775794
asthma_v2_asthma_P54WheezingRS_268.wav,0,3,0,3,0.11626330737299768,0.2288192001396791,0.2369303560326931,0.23915728014574697,0.1788298563088831
asthma_v2_asthma_P56WheezingRS_276.wav,0,3,0,4,0.21657949681227648,0.17293149900297786,0.18154405759967396,0.2061289325390997,0.22281601404597198
asthma_v2_asthma_P56WheezingRS_280.wav,0,3,0,0,0.2653600512048376,0.15112393486654954,0.15947076405438496,0.18922431776513007,0.23482093210909785
asthma_v2_asthma_P57WheezingIU_282.wav,0,3,0,0,0.26670782670497767,0.15055632112031722,0.1588932101969167,0.18875621904173043,0.2350864229360579
asthma_v2_asthma_P57WheezingRS_284.wav,0,3,0,4,0.21924059716664634,0.1716726190095832,0.18027617680340924,0.20521103437182966,0.22359957264853159
asthma_v2_asthma_P5AsthmaRS_24.wav,0,3,0,0,0.2773389769257961,0.14613827565715995,0.15439272188656028,0.1850646031990147,0.2370654223314689
asthma_v2_asthma_P6AsthmaRS_28.wav,0,3,0,0,0.2849219622111177,0.1430493245970407,0.15124083358470447,0.18243297303537745,0.23835490657175967
asthma_v2_asthma_P7AsthmaIU_34.wav,0,3,0,0,0.2934602579462858,0.13963094096523487,0.14774777470244968,0.1794722800991817,0.23968874628684803
asthma_v2_asthma_P7AsthmaRS_32.wav,0,3,0,0,0.28722888732213225,0.14211957885680573,0.15029129817465012,0.18163274328474702,0.23872749236166482
asthma_v2_asthma_P8AsthmaRS_36.wav,0,3,0,0,0.2910140482352913,0.1406039642607056,0.1487425887176399,0.1803201974308735,0.23931920135548967
asthma_v2_asthma_P9AsthmaIU_42.wav,0,3,0,0,0.29371964620186697,0.13952805951846417,0.14764256443671767,0.17938238602086123,0.2397273438220899
asthma_v2_copd_P10COPDPr_73.wav,0,3,2,0,0.29376086970245785,0.13951171418268732,0.14762584867251521,0.179368099824192,0.23973346761814743
asthma_v2_copd_P10COPDPr_75.wav,0,3,2,0,0.25122201021288115,0.15718440754367838,0.16562799894942717,0.19413409662856987,0.2318314866654435
asthma_v2_copd_P11COPDMc_82.wav,0,3,2,0,0.23478828817381,0.16448659754210934,0.1730236192614435,0.19983427891338057,0.2278672161092566
asthma_v2_copd_P11COPDPr_81.wav,0,3,2,0,0.25481454450445645,0.15562566272934855,0.16404601364997004,0.192886741765205,0.23262703735101997
asthma_v2_copd_P11COPDPr_85.wav,0,3,2,0,0.29231002477287543,0.14008783913389108,0.14821495790847478,0.1798709453419439,0.23951623284281473
asthma_v2_copd_P12COPDPr_95.wav,0,3,2,1,0.000608545503834168,0.4122658576656717,0.3904698630519359,0.18400090332152158,0.012654830457036807
asthma_v2_copd_P14COPDPr_107.wav,0,3,2,0,0.29256602974162094,0.1399860521188097,0.1481108877089209,0.1797822099149764,0.239554820515672
asthma_v2_copd_P16COPDMc_122.wav,0,3,2,0,0.24633970199885571,0.1593239245706016,0.16779753991175853,0.19582873388175231,0.23071009963703182
asthma_v2_copd_P16COPDPr_123.wav,0,3,2,0,0.28482614015155805,0.14308804284810678,0.15128036748816492,0.18246621615471037,0.23833923335745988
asthma_v2_copd_P17COPDMc_130.wav,0,3,2,0,0.28625437746450233,0.1425117685288307,0.15069188319579582,0.1819707585464751,0.23857121226439595
asthma_v2_copd_P17COPDMc_134.wav,0,3,2,0,0.22669080050285548,0.16819390091875241,0.1767684467054281,0.20263721638633303,0.22570963548663103
asthma_v2_copd_P18COPDMc_138.wav,0,3,2,0,0.29328665206795407,0.13969982993401917,0.1478182203887972,0.17953244706826296,0.23966285054096662
asthma_v2_copd_P18COPDPr_139.wav,0,3,2,0,0.2928043167844315,0.13989135922910895,0.14801406659330263,0.1796996185379868,0.23959063885517015
asthma_v2_copd_P19COPDMc_152.wav,0,3,2,3,0.15897759388223862,0.20265622730436197,0.21123558043926607,0.22564660062185388,0.2014839977522795
asthma_v2_copd_P19COPDPr_145.wav,0,3,2,1,0.006462065854151994,0.36155339766431227,0.35572387043335224,0.23205510651795758,0.044205559530225924
asthma_v2_copd_P1COPDMc_8.wav,0,3,2,3,0.1475510586138481,0.20923292193810172,0.21773640403812664,0.22938208256137363,0.19609753284855003
asthma_v2_copd_P20COPDMc_154.wav,0,3,2,3,0.13719655519493273,0.21543826337732253,0.22384524120072566,0.23270202699175388,0.19081791323526506
asthma_v2_copd_P20COPDPr_155.wav,0,3,2,0,0.25785729771898497,0.15431557991331013,0.1627155124782459,0.1918300960584189,0.23328151383104018
asthma_v2_copd_P21COPDMc_168.wav,0,3,2,3,0.18367678889039007,0.18927886641989994,0.19793341799881042,0.2173840590438185,0.21172686764708118
asthma_v2_copd_P21COPDPr_163.wav,0,3,2,2,0.03192849392381364,0.30577664155176765,0.3090612937921646,0.25380044334946256,0.0994331273827915
asthma_v2_copd_P21COPDPr_165.wav,0,3,2,3,0.17295740191838502,0.1949542563428849,0.2035894717742321,0.22099627058805354,0.20750259937644452
asthma_v2_copd_P22COPDMc_172.wav,0,3,2,3,0.1552266149993691,0.2047856671114261,0.21334335696658152,0.22688015473256873,0.19976420619005458
asthma_v2_copd_P22COPDMc_176.wav,0,3,2,1,0.000765741333448922,0.40821223333469586,0.38804731147437915,0.18866455426625692,0.01431015959121905
asthma_v2_copd_P22COPDPr_175.wav,0,3,2,3,0.1559582957540115,0.20436808925666328,0.21293024393871451,0.22664006156016694,0.20010330949044378
asthma_v2_copd_P23COPDMc_182.wav,0,3,2,1,0.009191545658729011,0.351474758544601,0.34782236435074954,0.23844703621234098,0.053064295233579487
asthma_v2_copd_P23COPDPr_177.wav,0,3,2,3,0.13865837281147275,0.21454702197350561,0.22296938997690205,0.2322376334967289,0.1915875817413906
asthma_v2_copd_P23COPDPr_183.wav,0,3,2,1,0.01115393355943876,0.34550607050231597,0.3430166601111122,0.24170150160765788,0.05862183421947532
asthma_v2_copd_P24COPDMc_186.wav,0,3,2,2,0.05575603588014459,0.27762729406418135,0.28342478921466563,0.25347170796806273,0.12972017287294585
asthma_v2_copd_P24COPDMc_188.wav,0,3,2,3,0.16719833654601526,0.19808396932325043,0.20670067450188084,0.22292128926716145,0.20509573036169199
asthma_v2_copd_P24COPDMc_192.wav,0,3,2,3,0.17338839676185822,0.1947223667282355,0.20335872919890416,0.22085173408112593,0.20767877322987616
asthma_v2_copd_P25COPDMc_198.wav,0,3,2,1,2.2777425185530704e-24,0.6854598111360963,0.31423970190487993,0.00030048695894782033,7.595071570713626e-14
asthma_v2_copd_P26COPDPr_203.wav,0,3,2,1,0.005855738849049843,0.36420929547473835,0.357758534907857,0.23018306555104054,0.04199336521731441
asthma_v2_copd_P26COPDPr_205.wav,0,3,2,1,0.0015434895272208131,0.39491196307213455,0.37963365560966444,0.20311698450127746,0.020793907289702648
asthma_v2_copd_P26COPDPr_207.wav,0,3,2,2,0.0448429858546215,0.2893790643854806,0.2942552382013913,0.25440832030800015,0.11711439125050649
asthma_v2_copd_P28COPDMc_220.wav,0,3,2,1,2.244450813139039e-44,0.8154265638311976,0.18457301169514567,4.244736566558952e-07,6.713663049069283e-25
asthma_v2_copd_P28COPDMc_224.wav,0,3,2,2,0.04195912774561761,0.2927627447703567,0.2973413128170872,0.25447155935850246,0.11346525530843594
asthma_v2_copd_P28COPDPr_223.wav,0,3,2,2,0.01850321867981128,0.32813097254702045,0.3285517045344114,0.24897569337796835,0.07583841086078855
asthma_v2_copd_P29COPDMc_228.wav,0,3,2,1,0.0016056702792496143,0.3941150158213561,0.37910767695712594,0.20393671372206915,0.02123492322019921
asthma_v2_copd_P29COPDPr_225.wav,0,3,2,2,0.04485679666091746,0.2893631779335314,0.2942407134685759,0.2544078000998457,0.11713151183712961
asthma_v2_copd_P2COPDMc_10.wav,0,3,2,3,0.12371672549873759,0.22391416851145768,0.2321481984004878,0.2369052733285372,0.18331563426077976
asthma_v2_copd_P2COPDMc_16.wav,0,3,2,0,0.2934457794700126,0.13963668523924458,0.14775364886383757,0.17947729788161088,0.23968658854529434
asthma_v2_copd_P30COPDMc_238.wav,0,3,2,1,5.424746196194653e-08,0.5182027455305555,0.4242117639195702,0.05750561003152172,7.982627089057805e-05
asthma_v2_copd_P30COPDMc_240.wav,0,3,2,1,0.005419467993267093,0.36625094697297517,0.3593084933632596,0.2286910563363999,0.04033003533409827
asthma_v2_copd_P30COPDPr_233.wav,0,3,2,0,0.2386841096641181,0.1627292623082611,0.17124614704315538,0.19848413914268165,0.22885634184178374
asthma_v2_copd_P30COPDPr_237.wav,0,3,2,1,2.486274195222619e-07,0.505673582459715,0.42384445504556423,0.07029813804316483,0.0001835758241364523
asthma_v2_copd_P31COPDMc_242.wav,0,3,2,2,0.0564964181271218,0.2768809872304569,0.28273142851122013,0.2533759128294906,0.13051525330171063
asthma_v2_copd_P32COPDPr_249.wav,0,3,2,0,0.2915887615690421,0.14037490863817462,0.1485084416400932,0.18012096289122512,0.23940692526146493
asthma_v2_copd_P33COPDMc_264.wav,0,3,2,1,0.010183222746897331,0.3483559643472789,0.34532245204015644,0.24019662142684065,0.055941739438826514
asthma_v2_copd_P34COPDMc_270.wav,0,3,2,2,0.10663552210497973,0.23541793919313225,0.24333601456853532,0.24197103170488615,0.17263949242846663
asthma_v2_copd_P34COPDPr_267.wav,0,3,2,0,0.23454474577471207,0.16459701409383315,0.1731352508547413,0.19991865019211877,0.22780433908459463
asthma_v2_copd_P34COPDPr_269.wav,0,3,2,4,0.19555124431351137,0.18320292997656135,0.19185844000877691,0.21334641781504965,0.21604096788610055
asthma_v2_copd_P35COPDMc_276.wav,0,3,2,1,0.003239225805809889,0.3789163446967003,0.36863396677574706,0.21842521616321103,0.030785246558531786
asthma_v2_copd_P35COPDMc_280.wav,0,3,2,1,0.0006157066741260205,0.4120627100706644,0.3903500838987656,0.18423715492205056,0.012734344434393356
asthma_v2_copd_P35COPDPr_275.wav,0,3,2,2,0.07470470148436632,0.2600529291597256,0.26693778665385054,0.25013525395617375,0.14816932874588376
asthma_v2_copd_P36COPDPr_285.wav,0,3,2,1,9.270275796151571e-06,0.4700088707188693,0.4167854638225287,0.11187638893850557,0.0013200062443001436
asthma_v2_copd_P37COPDMc_294.wav,0,3,2,1,2.0390729635236743e-05,0.4608369940310186,0.4137227379042444,0.12339462490734865,0.002025252427753089
asthma_v2_copd_P38COPDPr_303.wav,0,3,2,3,0.18063955950993146,0.19086785129627426,0.19951881140404595,0.2184110383553725,0.2105627394343758
asthma_v2_copd_P39COPDPr_311.wav,0,3,2,3,0.1835371455044735,0.18935160203007234,0.19800601981838978,0.21743133282128288,0.21167389982578158
asthma_v2_copd_P3COPDMc_18.wav,0,3,2,0,0.28947114614665564,0.14122028202890663,0.14937248901635095,0.18085514330729122,0.23908093950079565
asthma_v2_copd_P3COPDMc_22.wav,0,3,2,0,0.28745543861440537,0.14202852084685047,0.1501982810238404,0.1815541676977181,0.23876359181718573
asthma_v2_copd_P40COPDMc_316.wav,0,3,2,4,0.20153874044482736,0.18021741132520538,0.1888661180363084,0.21129887370029962,0.21807885649335926
asthma_v2_copd_P40COPDPr_319.wav,0,3,2,4,0.20097389823128717,0.1804969104663208,0.1891464542267643,0.21149232292437178,0.21789041415125582
asthma_v2_copd_P41COPDMc_322.wav,0,3,2,0,0.24661150921828195,0.15920416351516015,0.1676761558498387,0.1957344103158793,0.23077376110083977
asthma_v2_copd_P42COPDPr_333.wav,0,3,2,1,0.00018199531660757597,0.4316307980872806,0.40106733002357237,0.16050345441181113,0.006616422160728185
asthma_v2_copd_P44COPDPr_347.wav,0,3,2,0,0.22812871130945883,0.16753007437065928,0.1760983989610984,0.20213986101902884,0.22610295433975464
asthma_v2_copd_P46COPDPr_361.wav,0,3,2,0,0.2762122675758696,0.14660161006726696,0.1548651223469835,0.1854557546100325,0.23686524539984738
asthma_v2_copd_P47COPDPr_369.wav,0,3,2,0,0.2933153337379477,0.13968844694941784,0.14780658032393684,0.17952250670044984,0.23966713228824763
asthma_v2_copd_P48COPDMc_384.wav,0,3,2,0,0.28028128353688075,0.1449336803762042,0.15316409847137943,0.18404329272519176,0.2375776448903438
asthma_v2_copd_P48COPDPr_383.wav,0,3,2,0,0.2845243812616695,0.1432100249180498,0.1514049148448068,0.1825709061359885,0.23828977283948527
asthma_v2_copd_P4COPDMc_26.wav,0,3,2,0,0.2839218255128619,0.14345383735151127,0.15165383449484227,0.18277996181783845,0.2381905408229462
asthma_v2_copd_P4COPDMc_30.wav,0,3,2,0,0.27593980783034905,0.1467138250440485,0.15497951828637363,0.18555034674565815,0.23681650209357064
asthma_v2_copd_P50COPDMc_394.wav,0,3,2,0,0.2840508798157067,0.14340159141589412,0.15160049641079432,0.18273518559790866,0.2382118467596962
asthma_v2_copd_P50COPDPr_395.wav,0,3,2,0,0.2913871631857159,0.14045522515861114,0.1485905461192701,0.18019084885414047,0.23937621668226228
asthma_v2_copd_P5COPDPr_35.wav,0,3,2,0,0.25499814286289196,0.15554635148348073,0.16396548924313858,0.1928229882037596,0.23266702820672924
asthma_v2_copd_P6COPDMc_42.wav,0,3,2,0,0.2255323726488726,0.16873046142951187,0.17730987599792725,0.20303777039865828,0.22538951952503
asthma_v2_copd_P6COPDMc_46.wav,0,3,2,0,0.2838576207045275,0.143479835235298,0.15168037537787027,0.18280223830020506,0.23817993038209925
asthma_v2_copd_P7COPDPr_49.wav,0,3,2,0,0.29359989189854035,0.13957555079871767,0.14769113131599423,0.17942388789615352,0.23970953809059423
asthma_v2_copd_P8COPDMc_62.wav,0,3,2,0,0.28411340779936334,0.14337628300813618,0.1515746585123524,0.1827134913169144,0.2382221593632337
asthma_v2_copd_P8COPDPr_63.wav,0,3,2,0,0.2690497115329705,0.14957411225044237,0.1578934488374268,0.18794288150712476,0.23553984587203555
asthma_v2_copd_P9COPDMc_70.wav,0,3,2,0,0.28966255560529,0.1411437129250424,0.1492942417546022,0.18078877340154592,0.2391107163135194
asthma_v2_healthy_P10Healthy14S.wav,0,3,3,0,0.2353274890434733,0.1642423717078367,0.17277668479762126,0.19964746798283411,0.22800598646823458
asthma_v2_healthy_P10Healthy65S.wav,0,3,3,4,0.1951086613420476,0.18342563489514419,0.19208146236515278,0.21349748545732358,0.21588675594033185
asthma_v2_healthy_P10Healthy93S.wav,0,3,3,3,0.18062692278946108,0.19087449330072864,0.1995254354458574,0.21841530575452148,0.21055784270943137
asthma_v2_healthy_P12Healthy93S.wav,0,3,3,3,0.14869683885013768,0.20856112552812164,0.2170735840505592,0.2290106418282347,0.19665780974294683
asthma_v2_healthy_P14Healthy28S.wav,0,3,3,3,0.1210132506579157,0.22567408749118414,0.23386600337616414,0.23772876657989372,0.18171789189484233
asthma_v2_healthy_P14Healthy54S.wav,0,3,3,2,0.0947871960400495,0.24400640195689582,0.2516227163547023,0.24524864923814924,0.16433503641020322
asthma_v2_healthy_P14Healthy89S.wav,0,3,3,0,0.2617050613794025,0.1526719494604589,0.16104512779628785,0.19049375692041226,0.23408410444343852
asthma_v2_healthy_P15Healthy55S.wav,0,3,3,2,0.08281409720466842,0.2533136800308755,0.2605338008587752,0.248286279025973,0.15505214287970787
asthma_v2_healthy_P15Healthy61S.wav,0,3,3,4,0.22207735788472066,0.17034019812634132,0.17893335913957284,0.20423167687719612,0.2244174079721689
asthma_v2_healthy_P16Healthy41S.wav,0,3,3,3,0.18971131952288126,0.18616458959044901,0.19482213984247,0.21533633955685538,0.21396561148734444
asthma_v2_healthy_P19Healthy79S.wav,0,3,3,2,0.08473650336411313,0.25177099514241763,0.25906200754354275,0.24782096993081074,0.15660952401911574
asthma_v2_healthy_P20Healthy59S.wav,0,3,3,0,0.2814856621294219,0.14444282140302053,0.15266325906540845,0.1836253071198478,0.23778295028230126
asthma_v2_healthy_P23Healthy24S.wav,0,3,3,0,0.22716124050551303,0.16797645188496046,0.17654898384200815,0.20247451662981544,0.22583880713770296
asthma_v2_healthy_P23Healthy72S.wav,0,3,3,3,0.15237602770623232,0.20642291931768547,0.21496207479816706,0.22781298627717245,0.19842599190074267
asthma_v2_healthy_P26Healthy22S.wav,0,3,3,0,0.26656186020409256,0.15061771169478336,0.15895568304303173,0.18880691454731677,0.23505783051077553
asthma_v2_healthy_P26Healthy46S.wav,0,3,3,0,0.2750889053857164,0.14706470932496002,0.15533718507322786,0.18584577185152967,0.23666342836456608
asthma_v2_healthy_P27Healthy30S.wav,0,3,3,0,0.275436147762759,0.1469214387192022,0.15519115188158436,0.18572521083088409,0.23672605080557033
asthma_v2_healthy_P27Healthy92S.wav,0,3,3,0,0.27872971830210463,0.1455679360340856,0.15381108801296736,0.1845818317165611,0.23730942593428137
asthma_v2_healthy_P3Healthy44S.wav,0,3,3,2,0.07886491648934074,0.25654693544256424,0.26361148068314166,0.24921103405741601,0.15176563332753737
asthma_v2_healthy_P3Healthy60S.wav,0,3,3,2,0.10303673328432848,0.23796829966656619,0.245802878521453,0.24299049481138793,0.17020159371626442
asthma_v2_healthy_P4Healthy62S.wav,0,3,3,2,0.0329072830194703,0.3044047479573554,0.3078376139143382,0.2539418461913789,0.10090850891745715
asthma_v2_healthy_P5Healthy87S.wav,0,3,3,1,0.0073509107143300036,0.3579764514954869,0.35295159943371557,0.23445281198128864,0.047268226375178975
asthma_v2_healthy_P5Healthy92S.wav,0,3,3,2,0.06150042355556044,0.2719793548685095,0.27816200817548475,0.25264298688656306,0.13571522651388226
asthma_v2_healthy_P7Healthy85S.wav,0,3,3,0,0.24340366068524355,0.1606225295450053,0.16911330299909058,0.19684743106726338,0.2300130757033973
asthma_v2_healthy_P8Healthy33S.wav,0,3,3,2,0.09190016781147664,0.24618787750574112,0.2537179937969733,0.24600962281228853,0.16218433807352042
asthma_v2_healthy_P9Healthy61S.wav,0,3,3,0,0.2769889015149273,0.14628211405463312,0.15453938525237915,0.18518613317460736,0.23700346600345304
asthma_v2_healthy_P9Healthy79S.wav,0,3,3,0,0.23620330885445734,0.16384636690340196,0.17237622624931073,0.19934399337542938,0.2282301046174006
asthma_v2_pneumonia_P11Pneumonia12W.wav,0,3,4,0,0.2640791479281789,0.15166498516868807,0.160021150275246,0.18966919655971645,0.23456552006817055
asthma_v2_pneumonia_P11Pneumonia41N.wav,0,3,4,3,0.13858383229191326,0.2145923430562677,0.2230139409868003,0.23226135012926316,0.19154853353575563
asthma_v2_pneumonia_P12Pneumonia46L.wav,0,3,4,0,0.265542836126833,0.15104685432493628,0.1593923424265486,0.18916083390256747,0.23485713321911472
asthma_v2_pneumonia_P14Pneumonia73T.wav,0,3,4,3,0.18868180078689378,0.18669195423896703,0.19534937001085947,0.21568633383973623,0.21359054112354345
asthma_v2_pneumonia_P15Pneumonia58S.wav,0,3,4,0,0.26856518272678936,0.14977690625890505,0.158099903349878,0.18811115484187907,0.23544685282254846
asthma_v2_pneumonia_P16Pneumonia18Z.wav,0,3,4,4,0.20362592181494368,0.17918842194152254,0.18783369326010904,0.21058355726356684,0.21876840571985784
asthma_v2_pneumonia_P16Pneumonia66X.wav,0,3,4,0,0.28045353679062845,0.1448633978383328,0.15309239362061147,0.183983508777191,0.23760716297323634
asthma_v2_pneumonia_P19Pneumonia90X.wav,0,3,4,4,0.19669479976481316,0.18262880382656066,0.19128337329360515,0.21295589903527712,0.2164371240797439
asthma_v2_pneumonia_P1Pneumonia10T.wav,0,3,4,0,0.23695608709484936,0.16350667485916517,0.1720326529783237,0.19908311564194317,0.2284214694257187
asthma_v2_pneumonia_P1Pneumonia93D.wav,0,3,4,0,0.23873694713994,0.1627055430326114,0.17122214571653946,0.19846582169804886,0.2288695424128603
asthma_v2_pneumonia_P21Pneumonia56M.wav,0,3,4,0,0.2310383730339118,0.16619412100379738,0.1747492654453342,0.2011329259303363,0.22688531458662042
asthma_v2_pneumonia_P22Pneumonia27A.wav,0,3,4,0,0.2683543378770332,0.14986522153875892,0.15818980682136932,0.18818438040299923,0.2354062533598393
asthma_v2_pneumonia_P22Pneumonia55C.wav,0,3,4,3,0.165090089789503,0.1992445213578213,0.20785291545184043,0.2236228748224383,0.20418959857839702
asthma_v2_pneumonia_P23Pneumonia90V.wav,0,3,4,4,0.1922046426186528,0.18489398064295948,0.19355123493533088,0.2144876821148243,0.21486245968823248
asthma_v2_pneumonia_P24Pneumonia95T.wav,0,3,4,0,0.2744803284020395,0.14731606949259052,0.1555933693526384,0.1860570729251033,0.23655315982762837
asthma_v2_pneumonia_P26Pneumonia72P.wav,0,3,4,0,0.23599239232630168,0.1639416556786947,0.1724725936854607,0.1994170810296325,0.22817627727991033
asthma_v2_pneumonia_P27Pneumonia37T.wav,0,3,4,0,0.23478373458936855,0.16448866142524338,0.17302570591045355,0.1998358564635595,0.22786604161137497
asthma_v2_pneumonia_P27Pneumonia48G.wav,0,3,4,0,0.24212871297228908,0.16118928380726397,0.16968729204805083,0.1972896790347762,0.22970503213761997
asthma_v2_pneumonia_P29Pneumonia17N.wav,0,3,4,0,0.26304639289478476,0.15210236024742624,0.16046597299076074,0.19002789066642578,0.23435738320060245
asthma_v2_pneumonia_P2Pneumonia11Q.wav,0,3,4,0,0.2423707940299875,0.16108153760392102,0.16957818232318098,0.1972057126659637,0.22976377337694676
asthma_v2_pneumonia_P2Pneumonia28R.wav,0,3,4,0,0.23062085473882848,0.16638522434864972,0.17494230806455374,0.2012774555747869,0.22677415727318107
asthma_v2_pneumonia_P30Pneumonia10C.wav,0,3,4,0,0.23114841859266944,0.1661437849224057,0.17469841557654642,0.20109482997177855,0.22691455093659976
asthma_v2_pneumonia_P30Pneumonia30W.wav,0,3,4,0,0.2620612374672721,0.15252053194389495,0.16089118213802003,0.1903700516071808,0.23415699684363214
asthma_v2_pneumonia_P31Pneumonia14Q.wav,0,3,4,0,0.24202103908960992,0.16123722780958805,0.16973584098258804,0.19732702510445374,0.2296788670137603
asthma_v2_pneumonia_P31Pneumonia43V.wav,0,3,4,0,0.25392267620335984,0.15601141499022692,0.16443762419287702,0.1931964297839778,0.23243185482955828
asthma_v2_pneumonia_P32Pneumonia59Q.wav,0,3,4,0,0.23953326327236096,0.1623484373277,0.17086076067414313,0.19818974042836313,0.22906779829743273
asthma_v2_pneumonia_P33Pneumonia94C.wav,0,3,4,0,0.23759047722205853,0.16322089096529066,0.17174356036136967,0.1988632396782439,0.2285818317730373
asthma_v2_pneumonia_P34Pneumonia99G.wav,0,3,4,0,0.26857446366385795,0.14977301976632984,0.15809594688303705,0.18810793161921804,0.23544863806755706
asthma_v2_pneumonia_P35Pneumonia57I.wav,0,3,4,0,0.25300572684588407,0.1564088497951181,0.16484102129144812,0.1935148108976542,0.23222959116989547
asthma_v2_pneumonia_P36Pneumonia79Z.wav,0,3,4,3,0.11391955090476323,0.23039706628078813,0.2384650033327568,0.23985287919435447,0.17736550028733744
asthma_v2_pneumonia_P36Pneumonia86S.wav,0,3,4,0,0.2938153713024356,0.13949010619269336,0.14760375080489826,0.17934921216548838,0.23974155953448445
asthma_v2_pneumonia_P37Pneumonia73X.wav,0,3,4,0,0.29379424288261746,0.13949848258183573,0.14761231712108436,0.17935653425252487,0.2397384231619375
asthma_v2_pneumonia_P37Pneumonia83S.wav,0,3,4,0,0.2918235970501011,0.14028139376464568,0.1484128413470514,0.1800395572881164,0.23944261055008542
asthma_v2_pneumonia_P37Pneumonia95J.wav,0,3,4,3,0.1497440557264812,0.207949596759527,0.21646998086756608,0.22867050404268258,0.19716586260374303
asthma_v2_pneumonia_P38Pneumonia41S.wav,0,3,4,0,0.29353241394817214,0.13960231599572376,0.14771850225553768,0.1794472732576489,0.23969949454291756
asthma_v2_pneumonia_P38Pneumonia64N.wav,0,3,4,0,0.29379409396875145,0.13949854162025419,0.14761237749803402,0.179356585858935,0.23973840105402544
asthma_v2_pneumonia_P3Pneumonia41L.wav,0,3,4,2,0.0695133899136391,0.26458624340056036,0.2712211886694074,0.25120627733343903,0.14347290068295412
asthma_v2_pneumonia_P3Pneumonia96L.wav,0,3,4,3,0.16561395192698583,0.19895538565749243,0.20756592419420875,0.22344870713838325,0.2044160310829297
asthma_v2_pneumonia_P40Pneumonia32Q.wav,0,3,4,3,0.1730467176855994,0.19490617526259557,0.20354163105434864,0.2209663232377968,0.20753915275965962
asthma_v2_pneumonia_P40Pneumonia91V.wav,0,3,4,0,0.2937279419099232,0.1395247701121156,0.1476392004933576,0.17937951109793188,0.23972857638667167
asthma_v2_pneumonia_P40Pneumonia92J.wav,0,3,4,0,0.2924580754317531,0.14002896779359442,0.1481547665914821,0.17981962824016226,0.23953856194300804
asthma_v2_pneumonia_P41Pneumonia71Q.wav,0,3,4,0,0.2934783876242856,0.13962374834003802,0.1477404194194637,0.17946599693967305,0.2396914476765397
asthma_v2_pneumonia_P41Pneumonia72U.wav,0,3,4,0,0.29304289361966496,0.13979659895901775,0.14791717256042905,0.17961692937623328,0.23962640548465497
asthma_v2_pneumonia_P43Pneumonia53X.wav,0,3,4,3,0.15806114830761156,0.20317392497717185,0.2117482637430013,0.22594859747095178,0.20106806550126344
asthma_v2_pneumonia_P43Pneumonia89T.wav,0,3,4,4,0.19633165805524538,0.18281091735493427,0.19146580422191078,0.21307993914184306,0.21631168122606653
asthma_v2_pneumonia_P44Pneumonia36U.wav,0,3,4,0,0.2253646829267147,0.16880826280728203,0.17738837147451988,0.20309574306572276,0.22534293972576047
asthma_v2_pneumonia_P45Pneumonia25T.wav,0,3,4,0,0.2573931706605681,0.15451482005370457,0.16291790985058224,0.1919912798152982,0.23318281961984677
asthma_v2_pneumonia_P45Pneumonia29L.wav,0,3,4,4,0.20929077927257722,0.17642523106322194,0.1850585434283577,0.20863846697267102,0.22058697926317217
asthma_v2_pneumonia_P46Pneumonia80D.wav,0,3,4,3,0.15766434388569703,0.20339859043745057,0.21197070284173677,0.2260792358020479,0.20088712703306774
asthma_v2_pneumonia_P47Pneumonia19A.wav,0,3,4,0,0.2810057884962715,0.14463824598577868,0.15286267024431038,0.18379184453464606,0.23770145073899326
asthma_v2_pneumonia_P47Pneumonia98K.wav,0,3,4,3,0.16427608817497885,0.19969479859319142,0.2082997551797594,0.2238932852327221,0.20383607281934818
asthma_v2_pneumonia_P4Pneumonia39Q.wav,0,3,4,0,0.23700793766213635,0.1634833002680282,0.1720090092526535,0.19906514541628814,0.22843460740089394
asthma_v2_pneumonia_P4Pneumonia78E.wav,0,3,4,4,0.21964263900750972,0.17148318469958168,0.18008531879559664,0.20507228710092407,0.22371657039638776
asthma_v2_pneumonia_P6Pneumonia39O.wav,0,3,4,0,0.23469163921447578,0.16453040803752156,0.17306791256676907,0.19986776182570104,0.2278422783555325
asthma_v2_pneumonia_P7Pneumonia22C.wav,0,3,4,3,0.15099129939708827,0.2072243128908639,0.21575379491709754,0.22826460693877368,0.19776598585617666
asthma_v2_pneumonia_P7Pneumonia34I.wav,0,3,4,4,0.19650443782891167,0.18272424575406812,0.1913789837694387,0.2130209252340048,0.21637140741357672
asthma_v2_pneumonia_P8Pneumonia20O.wav,0,3,4,3,0.16139212608824574,0.20130007022266402,0.2098917964734176,0.22484912023340178,0.20256688698227088
asthma_v2_Bronchial_P10BronchialTc_49.wav,0,4,1,1,6.211456160520807e-05,0.43605953725011654,0.41693005258545285,0.14349299080057434,0.003455304802251079
asthma_v2_Bronchial_P11BronchialTc_51.wav,0,4,1,1,0.0001390062015974235,0.4265378917176687,0.4104603457789428,0.15749492246438493,0.005367833837406306
asthma_v2_Bronchial_P12BronchialSc_58.wav,0,4,1,0,0.28716187165619034,0.14520718664129642,0.14953127495435173,0.1802229927977363,0.23787667395042528
asthma_v2_Bronchial_P15BronchialTc_71.wav,0,4,1,4,0.21329834570872658,0.17791257446497338,0.1824986405995471,0.2059575138818971,0.2203329253448557
asthma_v2_Bronchial_P15BronchialTc_73.wav,0,4,1,0,0.24761422930036298,0.162031019484542,0.16652179633593547,0.19401615089972263,0.22981680397943707
asthma_v2_Bronchial_P16BronchialSc_78.wav,0,4,1,1,1.785869459421715e-15,0.5552543766241114,0.43871913356259196,0.006026484884442108,4.9288527317058585e-09
asthma_v2_Bronchial_P16BronchialSc_80.wav,0,4,1,2,0.10584046988478785,0.23943683020335838,0.2437097646780085,0.2412426037833493,0.16977033145049583
asthma_v2_Bronchial_P17BronchialTc_83.wav,0,4,1,3,0.160922790466104,0.20511380558926104,0.20970810860393038,0.22383881993675964,0.20041647540394483
asthma_v2_Bronchial_P18BronchialSc_86.wav,0,4,1,0,0.2395744315575143,0.16563591518306137,0.17015376784292954,0.1968199423524704,0.22781594306402436
asthma_v2_Bronchial_P18BronchialSc_88.wav,0,4,1,2,0.06126099792970232,0.2751696476732229,0.2785897714720288,0.25200321460842195,0.13297636831662402
asthma_v2_Bronchial_P1BronchialTc_1.wav,0,4,1,1,2.54978947996596e-17,0.5648685043863959,0.43174575820231387,0.0033857369493475818,4.619427486151231e-10
asthma_v2_Bronchial_P2BronchialTc_9.wav,0,4,1,3,0.15969351110703725,0.20580518143762896,0.21039691056305082,0.22424869703296293,0.19985569985932009
asthma_v2_Bronchial_P3BronchialSc_14.wav,0,4,1,3,0.14846422754728703,0.21225532295302166,0.21681585610419227,0.2279606292808932,0.19450396411460585
asthma_v2_Bronchial_P4BronchialSc_20.wav,0,4,1,1,0.007201814524629511,0.3577310058104546,0.35546903200494717,0.23447898715081564,0.04511916050915315
asthma_v2_Bronchial_P4BronchialTc_17.wav,0,4,1,0,0.25573786512075847,0.15845519987137147,0.16291605260871744,0.19118166648410953,0.2317092159150431
asthma_v2_Bronchial_P5BronchialSc_24.wav,0,4,1,2,0.0348870660520477,0.30386184135649535,0.30605780337957456,0.2537787371216516,0.10141455209023074
asthma_v2_Bronchial_P7BronchialTc_31.wav,0,4,1,3,0.13012207374891568,0.22336962469756133,0.22784452049026324,0.23386740641220444,0.18479637465105533
asthma_v2_Bronchial_P7BronchialTc_33.wav,0,4,1,3,0.12898189948932978,0.22408689295270323,0.2285548083576244,0.23422664490820927,0.1841497542921332
asthma_v2_Bronchial_P8BronchialSc_36.wav,0,4,1,3,0.18424095618557682,0.19249421714191536,0.1971104935845446,0.21596108867904115,0.21019324440892212
asthma_v2_Bronchial_P9BronchialSc_42.wav,0,4,1,3,0.14167260979556578,0.2162817387948308,0.22081603525923912,0.23017331442254646,0.1910563017278177
asthma_v2_asthma_P10AsthmaIU_50.wav,0,4,0,0,0.2875348219882775,0.14505519622427715,0.14937748370365087,0.18009312217326093,0.23793937591053366
asthma_v2_asthma_P10AsthmaRL_47.wav,0,4,0,0,0.2870007453624523,0.1452728876186027,0.1495977527754043,0.1802791030720485,0.2378495111714923
asthma_v2_asthma_P12WheezingIE_57.wav,0,4,0,0,0.2521412398764099,0.1600302544328592,0.16450466131170596,0.19243670022632742,0.23088714415269745
asthma_v2_asthma_P12WheezingIU_58.wav,0,4,0,4,0.20754983773819236,0.1807076699143364,0.185303919066794,0.20794765407148422,0.218490919209193
asthma_v2_asthma_P12WheezingRL_59.wav,0,4,0,0,0.2691678663574669,0.1526835103866813,0.15708973437708523,0.18649545903060655,0.23456342984816006
asthma_v2_asthma_P12WheezingRS_60.wav,0,4,0,0,0.2875367395026882,0.14505441507273945,0.14937669328338962,0.18009245446423552,0.23793969767694725
asthma_v2_asthma_P14WheezingIE_69.wav,0,4,0,0,0.28743911354557783,0.14509418959605877,0.1494169395759577,0.18012644960257845,0.23792330767982736
asthma_v2_asthma_P15WheezingRL_75.wav,0,4,0,0,0.2874879670797272,0.1450742848065253,0.1493967987382287,0.18010943785338693,0.2379315115221319
asthma_v2_asthma_P15WheezingRS_72.wav,0,4,0,0,0.28747061696194415,0.14508135367445807,0.14940395144507623,0.1801154794880344,0.2379285984304871
asthma_v2_asthma_P16WheezingIE_77.wav,0,4,0,0,0.2855716401520646,0.14585658265103016,0.1501883068428901,0.1807768252847497,0.23760664506926546
asthma_v2_asthma_P16WheezingRS_76.wav,0,4,0,0,0.2859517213847095,0.1457011755193908,0.1500310809854367,0.1806444430310226,0.23767157907944045
asthma_v2_asthma_P19WheezingRS_92.wav,0,4,0,0,0.2870526990171453,0.14525170056168402,0.14957631530997353,0.18026101070699715,0.23785827440420013
asthma_v2_asthma_P20WheezingIU_98.wav,0,4,0,0,0.287413169624976,0.14510476095541486,0.14942763626351685,0.1801354838265272,0.23791894932956498
asthma_v2_asthma_P20WheezingRS_100.wav,0,4,0,0,0.2863945137538555,0.14552028176896462,0.14984806340817602,0.180490226944821,0.23774691412418278
asthma_v2_asthma_P21WheezingIU_102.wav,0,4,0,0,0.24525051910633408,0.1630839267063348,0.1675829348557991,0.194840670184952,0.2292419491465799
asthma_v2_asthma_P21WheezingRL_103.wav,0,4,0,0,0.2837878150103039,0.14658759495979004,0.1509278013192778,0.18139821849731594,0.2372985702133123
asthma_v2_asthma_P22WheezingIE_109.wav,0,4,0,0,0.282478358192061,0.1471259446808846,0.15147232073661626,0.18185445409766285,0.23706892229277518
asthma_v2_asthma_P22WheezingRS_108.wav,0,4,0,0,0.2875337352417735,0.14505563894133705,0.1493779316736923,0.18009350059576307,0.23793919354743412
asthma_v2_asthma_P23WheezingRL_111.wav,0,4,0,0,0.28479471148519103,0.1461746346014548,0.15051006402499523,0.18104744996063873,0.23747313992772018
asthma_v2_asthma_P23WheezingRL_115.wav,0,4,0,0,0.28673714305184345,0.14538042160995104,0.14970655615180176,0.18037090205000342,0.23780497713640023
asthma_v2_asthma_P24WheezingRS_120.wav,0,4,0,0,0.2875264234753738,0.1450586176229792,0.1493809456972162,0.18009604667117937,0.2379379665332515
asthma_v2_asthma_P25WheezingRS_124.wav,0,4,0,0,0.28730225086502115,0.14514996338450317,0.14947337430505359,0.18017410846086807,0.23790030298455397
asthma_v2_asthma_P26WheezingIE_129.wav,0,4,0,0,0.287554462211752,0.14504719539295288,0.14936938793229626,0.18008628314343197,0.2379426713195668
asthma_v2_asthma_P29WheezingIE_145.wav,0,4,0,0,0.23835320440877214,0.16618941030007864,0.170711142144848,0.1972456315428823,0.22750061160341886
asthma_v2_asthma_P31WheezingRL_155.wav,0,4,0,0,0.2824550710285281,0.14713553194636628,0.1514820172835421,0.1818625683666507,0.2370648113749129
asthma_v2_asthma_P32WheezingRL_159.wav,0,4,0,0,0.2875664289852648,0.14504232065185835,0.14936445533917012,0.18008211613685457,0.23794467888685217
asthma_v2_asthma_P34WheezingRS_168.wav,0,4,0,3,0.1687514529139047,0.2007748410714668,0.20538198638036959,0.2212143767562459,0.2038773428780131
asthma_v2_asthma_P35WheezingIE_173.wav,0,4,0,0,0.2848983068936806,0.1461321959476948,0.15046713228578415,0.18101136338363122,0.2374910014892092
asthma_v2_asthma_P35WheezingIU_174.wav,0,4,0,0,0.28704756585696845,0.14525379379808584,0.14957843329068887,0.18026279827534678,0.23785740877891004
asthma_v2_asthma_P35WheezingRS_172.wav,0,4,0,0,0.2875632697737539,0.14504360756497536,0.149365757525521,0.18008321622010037,0.23794414891564938
asthma_v2_asthma_P36WheezingIE_177.wav,0,4,0,0,0.2797888624345839,0.14823630371907054,0.15259519825261933,0.18279173553694059,0.23658790005678565
asthma_v2_asthma_P37WheezingRL_183.wav,0,4,0,0,0.2580569409750779,0.15744631454361466,0.16189817841408644,0.19037239083750823,0.23222617522971284
asthma_v2_asthma_P38WheezingIU_190.wav,0,4,0,0,0.2850903924821851,0.14605353082257055,0.15038755209644525,0.18094445328154932,0.23752407131724987
asthma_v2_asthma_P39WheezingRL_195.wav,0,4,0,0,0.2844133101162171,0.14633095752130568,0.15066819973164217,0.18118031199503346,0.23740722063580144
asthma_v2_asthma_P3AsthmaRL_11.wav,0,4,0,0,0.24385381607274245,0.1637087785118814,0.16821254586619647,0.19532780391946317,0.22889705562971657
asthma_v2_asthma_P40WheezingIE_197.wav,0,4,0,0,0.27889967670741633,0.14860478723174134,0.15296777448918855,0.18310167486173384,0.2364260867099201
asthma_v2_asthma_P41WheezingIE_201.wav,0,4,0,0,0.28753833293966863,0.14505376594529737,0.14937603645364678,0.18009189960426333,0.23793996505712384
asthma_v2_asthma_P42WheezingRL_207.wav,0,4,0,0,0.2809489249421647,0.14775660279239528,0.15211012324925452,0.18238742237489966,0.23679692664128577
asthma_v2_asthma_P42WheezingRS_208.wav,0,4,0,0,0.2875111120068435,0.14506485538491895,0.14938725746338968,0.18010137838078402,0.23793539676406375
asthma_v2_asthma_P43WheezingIU_214.wav,0,4,0,3,0.1687577814597876,0.2007713771427664,0.2053785304489472,0.22121224593543687,0.20388006501306183
asthma_v2_asthma_P43WheezingRL_211.wav,0,4,0,0,0.27752772254801106,0.14917469056273247,0.15354394705429547,0.18357994577686973,0.23617369405809122
asthma_v2_asthma_P43WheezingRL_215.wav,0,4,0,0,0.2859359823841275,0.1457076084267931,0.15003758928463784,0.18064992479092837,0.23766889511351316
asthma_v2_asthma_P43WheezingRS_212.wav,0,4,0,0,0.2861578796603424,0.14561693309323734,0.1499458504048334,0.18057264092106842,0.23770669592051835
asthma_v2_asthma_P45WheezingIE_225.wav,0,4,0,0,0.2875402656046919,0.1450529786274807,0.14937523979368786,0.18009122661988414,0.23794028935425549
asthma_v2_asthma_P45WheezingIU_222.wav,0,4,0,0,0.27887926964595117,0.14861325214065116,0.15297633305570088,0.18310878839307795,0.23642235676461884
asthma_v2_asthma_P45WheezingRL_223.wav,0,4,0,0,0.28558179921155996,0.14585242723099695,0.15018410286268621,0.1807732867989635,0.2376083838957933
asthma_v2_asthma_P46WheezingIE_229.wav,0,4,0,0,0.2755211835040502,0.1500111833939495,0.15438950806000215,0.18427954975784036,0.23579857528415768
asthma_v2_asthma_P47WheezingIE_233.wav,0,4,0,0,0.22806612469684037,0.17091602799524136,0.17546783022605678,0.20082838514822607,0.22472163193363545
asthma_v2_asthma_P49WheezingIU_242.wav,0,4,0,0,0.2812845790910728,0.1476180233564432,0.151969981621164,0.1822704475093045,0.23685696842201545
asthma_v2_asthma_P50WheezingIE_249.wav,0,4,0,0,0.28503369947231216,0.1460767451328328,0.15041103658959482,0.18096420125920204,0.23751431754605817
asthma_v2_asthma_P51WheezingIE_253.wav,0,4,0,0,0.28387107077448503,0.1465534162293422,0.15089322868230326,0.18136921333444858,0.23731307097942092
asthma_v2_asthma_P53WheezingIE_265.wav,0,4,0,3,0.1331166698706286,0.22150132342313444,0.22599355312966288,0.23291897178169094,0.1864694817948831
asthma_v2_asthma_P56WheezingRL_279.wav,0,4,0,3,0.173640479653939,0.19811907237516127,0.2027313099371109,0.21956417008374438,0.20594496795004438
asthma_v2_asthma_P57WheezingIE_285.wav,0,4,0,1,0.0005361747645778393,0.40819093001453355,0.3970876575131952,0.18298902509461115,0.011196212613082415
asthma_v2_asthma_P58WheezingRS_288.wav,0,4,0,0,0.2524081194406438,0.15991294309554593,0.1643863606514854,0.19234357751940054,0.23094899929292434
asthma_v2_asthma_P5AsthmaIE_25.wav,0,4,0,4,0.20210622688147917,0.1833936081708362,0.1879977142876199,0.20982796735967957,0.2166744833003851
asthma_v2_asthma_P6AsthmaIU_30.wav,0,4,0,0,0.2853785057210644,0.1459355982617142,0.15026824509025158,0.18084409652744682,0.23757355439952296
asthma_v2_asthma_P8AsthmaIU_38.wav,0,4,0,0,0.28434912457254347,0.1463572771156276,0.1506948239982658,0.18120267180843236,0.2373961025051308
asthma_v2_copd_P10COPDMc_78.wav,0,4,2,0,0.28754430580839363,0.14505133276301083,0.14937357439929877,0.1800898197579531,0.23794096727134365
asthma_v2_copd_P12COPDMc_92.wav,0,4,2,0,0.28749521752187396,0.14507133087194338,0.14939380976576955,0.18010691311851548,0.23793272872189775
asthma_v2_copd_P13COPDPr_99.wav,0,4,2,2,0.03705594379026432,0.30110685605940124,0.3034467425548973,0.2539193133673973,0.10447114422803978
asthma_v2_copd_P14COPDMc_110.wav,0,4,2,0,0.28700810811947736,0.1452698848970378,0.149594714570983,0.18027653905423358,0.23785075335826822
asthma_v2_copd_P15COPDMc_114.wav,0,4,2,0,0.28741626810854215,0.14510349838764766,0.14942635872876028,0.18013440486705345,0.23791946990799653
asthma_v2_copd_P17COPDPr_129.wav,0,4,2,0,0.28485801357082124,0.14614870132890465,0.15048382948755334,0.18102539916190746,0.23748405645081327
asthma_v2_copd_P18COPDMc_142.wav,0,4,2,0,0.23637514761912343,0.1670893022189735,0.17161718177549323,0.1979349915580968,0.2269833768283131
asthma_v2_copd_P18COPDPr_137.wav,0,4,2,0,0.2827870790708097,0.14699888921614082,0.15134381505847197,0.1817468843282288,0.23712333232634863
asthma_v2_copd_P19COPDPr_147.wav,0,4,2,2,0.07602338501104486,0.26212915625616534,0.2659337340658492,0.2490606205465746,0.14685310412036612
asthma_v2_copd_P19COPDPr_149.wav,0,4,2,3,0.1908711484680442,0.1890636319941271,0.19367798485676366,0.21369269332180071,0.21269454135926427
asthma_v2_copd_P19COPDPr_151.wav,0,4,2,2,0.09099676205271386,0.2502364674479887,0.25431559221627836,0.24536550863185522,0.15908566965116366
asthma_v2_copd_P1COPDPr_3.wav,0,4,2,0,0.28743754194315535,0.14509482996013678,0.14941758753255163,0.18012699686697936,0.23792304369717668
asthma_v2_copd_P1COPDPr_5.wav,0,4,2,2,0.07632977517434897,0.26187379014080076,0.26568498916870065,0.2489910826348627,0.14712036288128685
asthma_v2_copd_P1COPDPr_7.wav,0,4,2,2,0.06759555065949219,0.26938491276315846,0.2729871102233716,0.2508479818521351,0.1391844445018426
asthma_v2_copd_P20COPDPr_153.wav,0,4,2,3,0.17357350473484437,0.1981551836937186,0.20276736588887376,0.21958682951611516,0.20591711616644812
asthma_v2_copd_P20COPDPr_157.wav,0,4,2,0,0.22946518131945595,0.17026632748050802,0.17481432312178102,0.20034150354716657,0.22511266453108844
asthma_v2_copd_P21COPDPr_167.wav,0,4,2,3,0.14922481425991596,0.21181049250546777,0.2163736005350908,0.22771120269021242,0.19487989000931305
asthma_v2_copd_P22COPDPr_169.wav,0,4,2,3,0.18867887500220035,0.1901907839042405,0.1948061293083435,0.21444385960408693,0.21188035218112863
asthma_v2_copd_P22COPDPr_173.wav,0,4,2,4,0.21220471016643763,0.1784411376300554,0.1830292849070309,0.20633645587091673,0.21998841142555933
asthma_v2_copd_P23COPDMc_184.wav,0,4,2,1,0.008219036911379365,0.3542253728951284,0.35237452735990965,0.23681437619684553,0.04836668663673703
asthma_v2_copd_P23COPDPr_181.wav,0,4,2,3,0.16593144999314827,0.20232527673878042,0.20692848364751049,0.222162434795327,0.20265235482523375
asthma_v2_copd_P24COPDPr_185.wav,0,4,2,2,0.09474733025075596,0.24742461596697718,0.2515590419667395,0.2443600207003568,0.1619089911151704
asthma_v2_copd_P24COPDPr_187.wav,0,4,2,2,0.0651924860686318,0.27154293907756094,0.27507943941473123,0.25130761207335345,0.13687752336572248
asthma_v2_copd_P25COPDMc_200.wav,0,4,2,2,0.050353743429181794,0.28596429515102423,0.28899079046387305,0.2534780468801059,0.12121312407581497
asthma_v2_copd_P25COPDPr_193.wav,0,4,2,4,0.19242224548265346,0.18827033292889708,0.19288377750957542,0.21316059400864532,0.21326305007022867
asthma_v2_copd_P26COPDMc_202.wav,0,4,2,2,0.040126920999863785,0.2973626196137068,0.2998882740221297,0.2539979576493391,0.10862422771496061
asthma_v2_copd_P27COPDPr_213.wav,0,4,2,2,0.09762987419762412,0.2453034262503872,0.24947727248514506,0.24356942417433486,0.16402000289250873
asthma_v2_copd_P29COPDPr_227.wav,0,4,2,1,0.0013225713710219888,0.39361473009990916,0.3857160191458244,0.2010961566797997,0.01825052270344478
asthma_v2_copd_P2COPDPr_11.wav,0,4,2,0,0.287389280922741,0.145114495377909,0.14943748606979568,0.18014380240863487,0.23791493522091942
asthma_v2_copd_P30COPDMc_234.wav,0,4,2,0,0.23803743246323172,0.1663327856179098,0.17085551016438352,0.19735569125473798,0.22741858049973696
asthma_v2_copd_P30COPDPr_235.wav,0,4,2,0,0.24258501784867717,0.16427815942393192,0.16878618169262485,0.1957702761357694,0.2285803648989966
asthma_v2_copd_P31COPDPr_243.wav,0,4,2,1,0.0038393532027537636,0.37277068753748716,0.368487339282088,0.22257641646214904,0.032326203515522
asthma_v2_copd_P32COPDMc_252.wav,0,4,2,0,0.28426694360287263,0.14639098096180914,0.15072891776824565,0.18123130081175223,0.23738185685532037
asthma_v2_copd_P32COPDMc_254.wav,0,4,2,0,0.2874930311104759,0.14507222164277564,0.14939471110262037,0.18010767446617396,0.23793236167795406
asthma_v2_copd_P33COPDMc_258.wav,0,4,2,3,0.16672779217124847,0.20188604351650072,0.2064904390482561,0.22189500689603814,0.2030007183679566
asthma_v2_copd_P33COPDMc_260.wav,0,4,2,3,0.1424074397362859,0.21584126904070633,0.22037869540261992,0.2299352346421314,0.19143736117825647
asthma_v2_copd_P34COPDPr_265.wav,0,4,2,2,0.023954860373614162,0.3196051932154383,0.3208487041919279,0.25154531764777405,0.08404592457124567
asthma_v2_copd_P35COPDMc_274.wav,0,4,2,2,0.09004977339798784,0.25095612718214366,0.2550205297198025,0.24561495842967407,0.15835861127039186
asthma_v2_copd_P35COPDPr_277.wav,0,4,2,2,0.05978716764753876,0.2765621224418895,0.2799355200770689,0.25224421306998085,0.13147097676352204
asthma_v2_copd_P35COPDPr_279.wav,0,4,2,1,0.0016969890809830222,0.38915135427793685,0.3821163477320313,0.20616147813786181,0.020873830771187093
asthma_v2_copd_P36COPDMc_284.wav,0,4,2,3,0.1427821571133693,0.21561711664925787,0.22015611108564875,0.22981370001137857,0.19163091514034547
asthma_v2_copd_P36COPDMc_286.wav,0,4,2,1,1.010877294669967e-05,0.45467972997936185,0.42849684874302607,0.11553754717499563,0.0012757653296697037
asthma_v2_copd_P37COPDMc_292.wav,0,4,2,2,0.015667951641857785,0.33487736131175444,0.33495012937302915,0.24683416314882423,0.06767039452453431
asthma_v2_copd_P37COPDPr_291.wav,0,4,2,1,0.007364776398344838,0.3571467603764992,0.3549547757318907,0.23487961350158665,0.04565407399167854
asthma_v2_copd_P37COPDPr_295.wav,0,4,2,1,0.0003771792371899605,0.41331348787380345,0.40093326868763607,0.1761274556879473,0.009248608513423314
asthma_v2_copd_P38COPDMc_304.wav,0,4,2,3,0.19180945278049463,0.18858332990338067,0.19319715347469577,0.2133708713585118,0.213039192482917
asthma_v2_copd_P38COPDPr_297.wav,0,4,2,4,0.20941582073583093,0.17979579927431463,0.18438894976698128,0.20730212231219122,0.219097307910682
asthma_v2_copd_P38COPDPr_299.wav,0,4,2,3,0.15075054507619265,0.21092174920000706,0.21548981140004744,0.22720992698743597,0.19562796733631677
asthma_v2_copd_P38COPDPr_301.wav,0,4,2,1,1.4775689742619523e-05,0.45106653196400776,0.42637530694330195,0.12097163279772666,0.0015717526052210194
asthma_v2_copd_P39COPDMc_312.wav,0,4,2,2,0.07475699100302594,0.2631905872737091,0.2669672866607035,0.24934489720716177,0.14574023785539966
asthma_v2_copd_P39COPDPr_305.wav,0,4,2,3,0.11357105681884132,0.23412884281774274,0.23847936823707672,0.23896484315933983,0.17485588896699936
asthma_v2_copd_P3COPDPr_17.wav,0,4,2,0,0.2784444727832129,0.1487936937870106,0.15315876728233627,0.18326035421550205,0.23634271193193823
asthma_v2_copd_P3COPDPr_19.wav,0,4,2,0,0.286770368209097,0.1453668644944466,0.14969283914423856,0.18035933127315612,0.23781059687906164
asthma_v2_copd_P41COPDMc_326.wav,0,4,2,0,0.28305739742354896,0.14688770581541286,0.15123135962114576,0.18165269868426664,0.23717083845562587
asthma_v2_copd_P41COPDMc_328.wav,0,4,2,3,0.16123533738193743,0.2049384669697609,0.20953339946387786,0.22373450652461085,0.20055828965981295
asthma_v2_copd_P42COPDMc_336.wav,0,4,2,2,0.048983450112773226,0.2874098195110571,0.2903778871241446,0.2536049397877765,0.11962390346424871
asthma_v2_copd_P43COPDMc_338.wav,0,4,2,2,0.0367728490035766,0.30146098748304473,0.3037827234234293,0.253905215083483,0.1040782250064662
asthma_v2_copd_P43COPDMc_344.wav,0,4,2,2,0.031837184762132646,0.30791272192946034,0.30988539126149606,0.2534409452177431,0.09692375682916786
asthma_v2_copd_P45COPDMc_354.wav,0,4,2,4,0.21421141649598802,0.1774724133453975,0.18205669138818248,0.20564102791768843,0.22061845085274343
asthma_v2_copd_P46COPDMc_364.wav,0,4,2,0,0.2761479588333563,0.14974950870911255,0.15412501375105497,0.18406100317914115,0.23591651552733506
asthma_v2_copd_P47COPDMc_376.wav,0,4,2,0,0.2860938227820468,0.14564310478460532,0.14997232925793397,0.18059495084463303,0.23769579233078092
asthma_v2_copd_P48COPDPr_381.wav,0,4,2,0,0.28713792011270184,0.14521695175268137,0.14954115558898018,0.1802313335529426,0.23787263899269406
asthma_v2_copd_P49COPDMc_388.wav,0,4,2,0,0.24405935921486155,0.16361669697735595,0.1681197688850375,0.19525611940964951,0.22894805551309555
asthma_v2_copd_P49COPDPr_385.wav,0,4,2,0,0.28494597046560044,0.1461126732735716,0.15044738264593538,0.18099476034638454,0.23749921326850804
asthma_v2_copd_P49COPDPr_387.wav,0,4,2,0,0.2781851058605452,0.14890141051534178,0.1532676699833467,0.18335077009531608,0.2362950435454503
asthma_v2_copd_P4COPDPr_31.wav,0,4,2,0,0.2869352915538774,0.14529958337831733,0.1496247639072875,0.18030189692083287,0.23783846423968483
asthma_v2_copd_P50COPDMc_396.wav,0,4,2,0,0.2545063834375535,0.15899306701024907,0.16345861418091107,0.19161140097770765,0.23143053439357875
asthma_v2_copd_P50COPDMc_398.wav,0,4,2,4,0.1939682716899182,0.18748304114575243,0.1920954139609305,0.2126297381856741,0.2138235350177248
asthma_v2_copd_P51COPDPr_401.wav,0,4,2,0,0.27295647685436925,0.15108557640341436,0.15547531428532585,0.18517394295040643,0.23530868950648418
asthma_v2_copd_P5COPDMc_34.wav,0,4,2,0,0.28746343337167124,0.14508428052147646,0.14940691300210762,0.18011798095243967,0.23792739215230493
asthma_v2_copd_P5COPDMc_36.wav,0,4,2,3,0.14856400856387586,0.2121968976354709,0.21675777261465443,0.22792792493475816,0.19455339625124068
asthma_v2_copd_P5COPDPr_33.wav,0,4,2,0,0.28720471728895075,0.14518971956531251,0.1495136011859896,0.18020807253647408,0.23788388942327315
asthma_v2_copd_P6COPDPr_43.wav,0,4,2,0,0.2631476298204399,0.15524975946330224,0.1596812291080677,0.18859594741842042,0.2333254341897697
asthma_v2_copd_P7COPDMc_54.wav,0,4,2,0,0.25968681746832134,0.15674036025021504,0.16118579239510902,0.18980361896050474,0.2325834109258499
asthma_v2_copd_P7COPDPr_51.wav,0,4,2,3,0.16058688827272227,0.20530244717660004,0.20989606244739833,0.2239508827491637,0.2002637193541157
asthma_v2_copd_P8COPDMc_58.wav,0,4,2,0,0.28704182830924563,0.14525613352227149,0.1495808006717765,0.1802647963167152,0.2378564411799911
asthma_v2_copd_P8COPDMc_60.wav,0,4,2,0,0.2870675462248757,0.14524564618751823,0.14957018936103864,0.18025584033217595,0.23786077789439136
asthma_v2_copd_P8COPDPr_61.wav,0,4,2,0,0.2802064763458959,0.14806348014539275,0.15242044454229506,0.18264617989645845,0.23666341906995775
asthma_v2_copd_P9COPDPr_67.wav,0,4,2,0,0.24396069879894336,0.16366089052613858,0.1681642964605461,0.19529052803266528,0.22892358618170677
asthma_v2_copd_P9COPDPr_71.wav,0,4,2,0,0.2797699556048865,0.14824413163553138,0.15260311343309554,0.1827983254999368,0.23658447382654987
asthma_v2_healthy_P11Healthy38S.wav,0,4,3,0,0.22493451455508862,0.17237834713819503,0.176938332248612,0.201917687843751,0.22383111821435334
asthma_v2_healthy_P16Healthy26S.wav,0,4,3,3,0.19223799320292223,0.18836438731735664,0.1929779486047375,0.21322382766816567,0.213195843206818
asthma_v2_healthy_P17Healthy35S.wav,0,4,3,4,0.19237144319049526,0.18829626089812895,0.192909737893218,0.2131780295838433,0.2132445284343144
asthma_v2_healthy_P17Healthy71S.wav,0,4,3,3,0.15662212640119172,0.20754497748742068,0.21212957759499135,0.2252699163790481,0.19843340213734817
asthma_v2_healthy_P18Healthy79S.wav,0,4,3,3,0.15809717578757201,0.2067072053535221,0.21129535526704946,0.2247799918105332,0.19912027178132316
asthma_v2_healthy_P18Healthy98S.wav,0,4,3,3,0.1551143969261368,0.208405622285503,0.21298634805162592,0.22576966635869805,0.19772396637803624
asthma_v2_healthy_P19Healthy47S.wav,0,4,3,4,0.1997745995499988,0.18455604668177927,0.1891629598582442,0.2106319148957573,0.2158744790142205
asthma_v2_healthy_P19Healthy55S.wav,0,4,3,4,0.21511161200862142,0.17703946264592035,0.18162193323356285,0.20532891025804886,0.22089808185384632
asthma_v2_healthy_P1Healthy29S.wav,0,4,3,2,0.0765346390856843,0.26170335087066476,0.26551895065228714,0.24894442471633918,0.1472986346750246
asthma_v2_healthy_P1Healthy86S.wav,0,4,3,2,0.06540092257644962,0.27135405302332805,0.2748964079272804,0.2512687307530997,0.1370798857198424
asthma_v2_healthy_P1Healthy99S.wav,0,4,3,3,0.14320922837905528,0.2153620232041254,0.21990278193536772,0.22967508015039023,0.1918508863310615
asthma_v2_healthy_P20Healthy25S.wav,0,4,3,0,0.2676353187283245,0.1533336109207841,0.1577463741798973,0.18703011823532012,0.23425457793567406
asthma_v2_healthy_P20Healthy84S.wav,0,4,3,2,0.028645196243324917,0.3124087603535664,0.31411650134036495,0.2528775890315317,0.09195195303121187
asthma_v2_healthy_P21Healthy53S.wav,0,4,3,0,0.2813748363524516,0.14758077605163514,0.15193231369105595,0.18223899377335998,0.23687308013149735
asthma_v2_healthy_P21Healthy98S.wav,0,4,3,0,0.23618968976551905,0.1671738895574581,0.17170233682100913,0.19799961478303618,0.22693446907297757
asthma_v2_healthy_P22Healthy50S.wav,0,4,3,4,0.21196925806845474,0.17855512812484078,0.1831437147535745,0.2064180203631556,0.21991387868997436
asthma_v2_healthy_P22Healthy94S.wav,0,4,3,2,0.02297062929003198,0.3212231357806019,0.322355044487662,0.251170202420773,0.08228098802093103
asthma_v2_healthy_P23Healthy14S.wav,0,4,3,0,0.23036819997114746,0.16984814610308951,0.17439363620972043,0.20002717592783856,0.22536284178820415
asthma_v2_healthy_P27Healthy73S.wav,0,4,3,0,0.2738380418816445,0.15071561303646963,0.15510145057159722,0.1848664927544328,0.23547840175585583
asthma_v2_healthy_P2Healthy72S.wav,0,4,3,0,0.2801219443989735,0.14809845023352142,0.15245580573076303,0.18267564223042754,0.23664815740631462
asthma_v2_healthy_P4Healthy12S.wav,0,4,3,0,0.22373500481616326,0.1729414433451195,0.17750443669786348,0.20233472168575714,0.22348439345509655
asthma_v2_healthy_P4Healthy69S.wav,0,4,3,4,0.2011115180043211,0.18388863046389883,0.18849397604841128,0.21017105530582217,0.21633482017754674
asthma_v2_healthy_P5Healthy96S.wav,0,4,3,0,0.22580604470499807,0.17197025711511968,0.17652801238463914,0.2016146095158027,0.22408107627944035
asthma_v2_healthy_P6Healthy21S.wav,0,4,3,4,0.2048034826069573,0.18205790938273234,0.1866583463540863,0.20889685121182403,0.21758341044440016
asthma_v2_healthy_P7Healthy38S.wav,0,4,3,2,0.11116072878965254,0.2357628415420218,0.24009066669750817,0.23968313102753386,0.17330263194328357
asthma_v2_healthy_P7Healthy94S.wav,0,4,3,4,0.2026402927063259,0.18312837162255638,0.1877317867894501,0.2096436945047947,0.216855854376873
asthma_v2_healthy_P8Healthy48S.wav,0,4,3,0,0.26454380997772825,0.15465161028276286,0.15907733177060496,0.18810876915278665,0.2336184788161172
asthma_v2_pneumonia_P10Pneumonia97B.wav,0,4,4,4,0.2198365019543977,0.17478313880393712,0.179355413149765,0.20368924805298766,0.2223356980389125
asthma_v2_pneumonia_P12Pneumonia45B.wav,0,4,4,4,0.20373460630103024,0.18258607632529072,0.18718802066459483,0.20926597286518694,0.21722532384389726
asthma_v2_pneumonia_P12Pneumonia59Q.wav,0,4,4,0,0.2547338238841409,0.1588936175032554,0.16335830182745759,0.19153203471157945,0.2314822220735667
asthma_v2_pneumonia_P13Pneumonia33Z.wav,0,4,4,0,0.27020610773263937,0.15224431299129126,0.1566460641135062,0.18613327458056717,0.23477024058199603
asthma_v2_pneumonia_P14Pneumonia87C.wav,0,4,4,4,0.20944244529085101,0.17978282043915877,0.18437592526078328,0.2072929082027649,0.219105900806442
asthma_v2_pneumonia_P15Pneumonia12I.wav,0,4,4,3,0.16077232623917703,0.20519828007147103,0.2097922764588033,0.2238890232653606,0.20034809396518805
asthma_v2_pneumonia_P17Pneumonia51I.wav,0,4,4,4,0.22046161755499252,0.17448662354673947,0.17905746156784655,0.2034721470406476,0.22252215028977398
asthma_v2_pneumonia_P17Pneumonia86O.wav,0,4,4,3,0.1862706063312999,0.1914371139912538,0.19605314701018273,0.21526777850539608,0.2109713541618674
asthma_v2_pneumonia_P18Pneumonia15Q.wav,0,4,4,3,0.13024805698796754,0.2232905730183595,0.22776622702642388,0.23382764778362986,0.18486749518361925
asthma_v2_pneumonia_P18Pneumonia16E.wav,0,4,4,4,0.20671931915554265,0.18111496302130045,0.18571252588814116,0.20823481395022536,0.21821837798479027
asthma_v2_pneumonia_P18Pneumonia50S.wav,0,4,4,4,0.2152598758080608,0.17696825008574704,0.18155041876640746,0.20527749510541118,0.22094396023437343
asthma_v2_pneumonia_P19Pneumonia39Z.wav,0,4,4,0,0.2594180786761877,0.15685658473835104,0.16130308378361946,0.18989739943125403,0.2325248533705878
asthma_v2_pneumonia_P1Pneumonia39F.wav,0,4,4,2,0.03884528421335664,0.2989042257003415,0.3013547376222718,0.25398105030898843,0.10691470215504172
asthma_v2_pneumonia_P1Pneumonia41U.wav,0,4,4,0,0.2472130025684391,0.16220934301726328,0.16670153260355927,0.1941561179919601,0.22972000381877838
asthma_v2_pneumonia_P1Pneumonia94J.wav,0,4,4,0,0.24533050521835564,0.16304820366360964,0.1675469368938809,0.1948127714286916,0.22926158279546213
asthma_v2_pneumonia_P20Pneumonia27V.wav,0,4,4,0,0.24392046595055678,0.16367891515733207,0.16818245719187114,0.19530455948120834,0.22891360221903156
asthma_v2_pneumonia_P20Pneumonia84L.wav,0,4,4,4,0.20623986195985144,0.18135049784833215,0.18594880055282584,0.20840054595411248,0.21806029368487811
asthma_v2_pneumonia_P21Pneumonia69Q.wav,0,4,4,3,0.1269598943579007,0.22536713932704927,0.22982214161719822,0.23486106946712873,0.1829897552307232
asthma_v2_pneumonia_P21Pneumonia95A.wav,0,4,4,0,0.2361948342638655,0.1671715426509397,0.17169997418683863,0.19799782219334694,0.22693582670500922
asthma_v2_pneumonia_P22Pneumonia29M.wav,0,4,4,4,0.20205385585125746,0.18341963796012387,0.18802381087735798,0.20984603485398653,0.21665666045727425
asthma_v2_pneumonia_P22Pneumonia51X.wav,0,4,4,4,0.20814805874036535,0.18041484638902783,0.18501012418246224,0.20774075319015026,0.2186862174979943
asthma_v2_pneumonia_P23Pneumonia19A.wav,0,4,4,0,0.24201107343481132,0.16453627110256536,0.16904619646056246,0.19597041218746356,0.22843604681459728
asthma_v2_pneumonia_P23Pneumonia54P.wav,0,4,4,4,0.2127606308366499,0.1781722710281196,0.18275936870209347,0.20614384882105377,0.2201638806120832
asthma_v2_pneumonia_P24Pneumonia67Z.wav,0,4,4,2,0.09901358130207527,0.24429697109590828,0.24848884342010105,0.2431847816261439,0.16501582255577152
asthma_v2_pneumonia_P26Pneumonia12X.wav,0,4,4,0,0.24114234326690898,0.1649276081601231,0.16944038820024337,0.19627331880116683,0.2282163415715576
asthma_v2_pneumonia_P26Pneumonia66S.wav,0,4,4,4,0.21835310766015315,0.17548862736782966,0.18006422934496774,0.2042042742587557,0.22188976136829378
asthma_v2_pneumonia_P27Pneumonia25R.wav,0,4,4,3,0.1794225368338844,0.19502898946855257,0.19964456605938968,0.21760278791014454,0.20830111972802887
asthma_v2_pneumonia_P28Pneumonia43J.wav,0,4,4,0,0.2533476319622216,0.1595005255747525,0.16397043924170926,0.19201574554727274,0.2311656576740438
asthma_v2_pneumonia_P29Pneumonia18M.wav,0,4,4,0,0.26254446652786256,0.15550873167559082,0.15994266424950782,0.18880641904741485,0.2331977184996239
asthma_v2_pneumonia_P31Pneumonia16C.wav,0,4,4,0,0.24427009448705808,0.16352233478446948,0.16802469190522384,0.1951826227880807,0.22900025603516802
asthma_v2_pneumonia_P32Pneumonia75E.wav,0,4,4,3,0.18926023427399463,0.18989119781706493,0.19450631365593757,0.21424476489262873,0.21209748936037418
asthma_v2_pneumonia_P33Pneumonia88U.wav,0,4,4,0,0.2522454874129016,0.1599844222958439,0.1644584430458628,0.19240032507118557,0.2309113221742061
asthma_v2_pneumonia_P35Pneumonia16F.wav,0,4,4,0,0.24097487225251288,0.1650031399094741,0.16951646666676684,0.19633170899873256,0.22817381217251356
asthma_v2_pneumonia_P37Pneumonia73K.wav,0,4,4,0,0.26975527817587547,0.1524349024458937,0.1568386000121818,0.18629054106747223,0.23468067829857675
asthma_v2_pneumonia_P37Pneumonia84E.wav,0,4,4,0,0.2705554446467574,0.15209675696142871,0.15649699539927134,0.1860114156249424,0.23483938736760024
asthma_v2_pneumonia_P38Pneumonia35P.wav,0,4,4,0,0.2336185700434389,0.16835041987785362,0.17288658176061464,0.19889534499738715,0.2262490833207057
asthma_v2_pneumonia_P39Pneumonia49H.wav,0,4,4,0,0.28731890246902786,0.1451431767379771,0.14946650727144822,0.18016830992576144,0.23790310359578531
asthma_v2_pneumonia_P39Pneumonia78Z.wav,0,4,4,0,0.2856969448412904,0.14580533466717266,0.1501364597047796,0.18073318093951052,0.2376280798472468
asthma_v2_pneumonia_P39Pneumonia85Q.wav,0,4,4,0,0.28708207973686783,0.14523971991216234,0.1495641930173348,0.18025077920863936,0.23786322812499563
asthma_v2_pneumonia_P39Pneumonia87S.wav,0,4,4,0,0.2678263812527091,0.1532524453443218,0.15766439749004837,0.18696345998282032,0.23429331593010044
asthma_v2_pneumonia_P3Pneumonia54K.wav,0,4,4,0,0.23329364633897115,0.16849961628214122,0.17303673219036594,0.19900851686482673,0.22616148832369498
asthma_v2_pneumonia_P41Pneumonia17O.wav,0,4,4,0,0.26994339252765914,0.15235535408119308,0.15675824025401056,0.18622491910191474,0.23471809403522256
asthma_v2_pneumonia_P41Pneumonia41D.wav,0,4,4,0,0.2816272252172513,0.14747665780356814,0.15182701799646411,0.1821510405430243,0.23691805843969221
asthma_v2_pneumonia_P42Pneumonia27A.wav,0,4,4,0,0.2872766100676394,0.14516041418848066,0.14948394887745514,0.18018303730036728,0.23789598956605762
asthma_v2_pneumonia_P42Pneumonia46D.wav,0,4,4,0,0.28754994661605887,0.1450490348808785,0.14937124924935377,0.18008785554208998,0.23794191371161882
asthma_v2_pneumonia_P42Pneumonia69S.wav,0,4,4,0,0.28502168467685574,0.146081665230196,0.1504160139346123,0.18096838641301444,0.23751224974532156
asthma_v2_pneumonia_P43Pneumonia54I.wav,0,4,4,0,0.24831065794884347,0.1617218825670681,0.1662101923470671,0.19377319489188122,0.22998407224514025
asthma_v2_pneumonia_P43Pneumonia73N.wav,0,4,4,0,0.25588554314623824,0.15839079878970144,0.16285108487736566,0.191130132588298,0.23174244059839666
asthma_v2_pneumonia_P45Pneumonia10J.wav,0,4,4,4,0.21304063259760825,0.1780369957437903,0.18262355826445179,0.20604682382348097,0.22025198957066872
asthma_v2_pneumonia_P45Pneumonia72P.wav,0,4,4,0,0.2548905553506897,0.1588251153442873,0.16328920397236665,0.19147734242036707,0.23151778291228922
asthma_v2_pneumonia_P46Pneumonia15W.wav,0,4,4,0,0.2410783916388502,0.16495644775179705,0.16946943670280504,0.1962956162050668,0.22820010770148097
asthma_v2_pneumonia_P46Pneumonia22V.wav,0,4,4,3,0.16775108021642465,0.20132326313780022,0.20592909730852518,0.2215510229865014,0.20344553635074858
asthma_v2_pneumonia_P5Pneumonia95V.wav,0,4,4,3,0.15791888568990106,0.20680824765013553,0.21139598097447446,0.22483926114530917,0.19903762454017992
asthma_v2_pneumonia_P6Pneumonia32L.wav,0,4,4,4,0.21118416190306818,0.17893572063654306,0.18352574979558475,0.2066899407719127,0.21966442689289117
asthma_v2_pneumonia_P7Pneumonia61Q.wav,0,4,4,4,0.22015934889392053,0.17462994283304764,0.17920147787906168,0.2035771288261289,0.22243210156784118
asthma_v2_pneumonia_P9Pneumonia31T.wav,0,4,4,0,0.27596586452076666,0.14982549602571024,0.15420182146071437,0.18412449530646016,0.2358823226863484
asthma_v2_pneumonia_P9Pneumonia74V.wav,0,4,4,3,0.18796404887978144,0.19055982742855868,0.19517542143578323,0.2146885569301369,0.2116121453257397
