file_id,repeat,fold,y_true,y_pred,p_asthma,p_bronchial,p_copd,p_healthy,p_pneumonia
asthma_v2_Bronchial_P13BronchialTc_63.wav,1,0,1,0,0.7660364955312602,0.08402223662514102,0.04333697274031637,0.008695603250142498,0.09790869185313969
asthma_v2_Bronchial_P16BronchialSc_76.wav,1,0,1,1,0.012609328425169514,0.9370895385806916,0.02451458949490884,0.009721366283981025,0.016065177215249065
asthma_v2_Bronchial_P16BronchialSc_78.wav,1,0,1,0,0.3437022096446469,0.33962453937307724,0.2369991370761238,0.023776745950853787,0.05589736795529814
asthma_v2_Bronchial_P16BronchialTc_79.wav,1,0,1,1,0.005121169673079445,0.965462554641059,0.010874930630458973,0.013830926775183227,0.004710418280218964
asthma_v2_Bronchial_P19BronchialTc_93.wav,1,0,1,1,0.016270237489726547,0.9266244062385254,0.04191529647861502,0.006603083722421926,0.008586976070710977
asthma_v2_Bronchial_P21BronchialSc_102.wav,1,0,1,4,0.06792164887589272,0.2917246435224211,0.02167363641980754,0.15731587027727806,0.46136420090460056
asthma_v2_Bronchial_P2BronchialSc_6.wav,1,0,1,1,0.03037380628433744,0.89226191768277,0.04575141032607592,0.01698116971193051,0.014631695994886264
asthma_v2_Bronchial_P3BronchialSc_12.wav,1,0,1,1,0.018858931183120563,0.926513336550983,0.0223838160307029,0.02155381985249582,0.010690096382697667
asthma_v2_Bronchial_P3BronchialTc_11.wav,1,0,1,1,0.02249969176185236,0.9046954281167419,0.029532770388993986,0.030527031850140246,0.01274507788227159
asthma_v2_Bronchial_P4BronchialTc_17.wav,1,0,1,1,0.020388006107602566,0.9491371975296863,0.004723339706872254,0.013170854487266011,0.012580602168572763
asthma_v2_Bronchial_P5BronchialSc_22.wav,1,0,1,1,0.0011773664185863696,0.8583642997264973,0.01617714957333152,0.11696600207512589,0.007315182206458924
asthma_v2_Bronchial_P5BronchialTc_23.wav,1,0,1,1,0.0024093920896489968,0.9407608068677561,0.0125323234384351,0.034325674897370484,0.009971802706789308
asthma_v2_Bronchial_P6BronchialSc_28.wav,1,0,1,1,0.0016609497898430639,0.9739373594772209,0.009938626384394427,0.012379634478632823,0.0020834298699087925
asthma_v2_Bronchial_P6BronchialTc_27.wav,1,0,1,1,0.0019192524561788226,0.9568308542845725,0.011215302354985506,0.026619266367564023,0.003415324536699155
asthma_v2_Bronchial_P6BronchialTc_29.wav,1,0,1,1,0.0043452163955905124,0.9275494541996203,0.031414798284097094,0.014984807517980323,0.021705723602711616
asthma_v2_Bronchial_P7BronchialTc_31.wav,1,0,1,1,0.0007444305398741302,0.9836891613492439,0.005035514333762413,0.009150274574819107,0.0013806192023004828
asthma_v2_Bronchial_P8BronchialSc_36.wav,1,0,1,1,0.006176082786969845,0.9205570175090423,0.01813076823024728,0.03977066497420691,0.015365466499533667
asthma_v2_Bronchial_P8BronchialSc_38.wav,1,0,1,1,0.0010776563380416068,0.9770882380217178,0.009905338124594926,0.008707320292735604,0.0032214472229102967
asthma_v2_Bronchial_P8BronchialTc_39.wav,1,0,1,1,0.0013927474066277189,0.9681884644773091,0.013658455414588891,0.014773688879726342,0.001986643821748008
asthma_v2_Bronchial_P9BronchialSc_44.wav,1,0,1,1,0.005656580935817174,0.9539749339472524,0.009611978258409638,0.024235982044333474,0.006520524814187061
asthma_v2_Bronchial_P9BronchialTc_43.wav,1,0,1,1,0.01084110942780023,0.9325748500171461,0.017286195307216593,0.009599220321460218,0.029698624926376517
asthma_v2_asthma_P13WheezingRL_63.wav,1,0,0,0,0.8250121371198489,0.07761362551456416,0.01582391730097393,0.008787067876522362,0.07276325218809063
asthma_v2_asthma_P14WheezingIE_69.wav,1,0,0,0,0.6564857368460874,0.052803725859647585,0.028137486979549944,0.09357477123978104,0.16899827907493428
asthma_v2_asthma_P14WheezingRS_68.wav,1,0,0,0,0.7998698578396106,0.005192089104063959,0.0027956349441577368,0.003925327610632378,0.1882170905015353
asthma_v2_asthma_P15WheezingRS_72.wav,1,0,0,0,0.8169057262567081,0.004593480617778028,0.00242767208080781,0.003939366196776715,0.17213375484792884
asthma_v2_asthma_P17WheezingIU_82.wav,1,0,0,0,0.8307526169372168,0.056869445752492816,0.015716515559351836,0.006346059550943351,0.09031536219999503
asthma_v2_asthma_P18WheezingIU_86.wav,1,0,0,0,0.4942670433310412,0.0021747122533727074,0.01950802653064553,0.002071294759314481,0.4819789231256263
asthma_v2_asthma_P18WheezingIU_90.wav,1,0,0,0,0.9567531255570634,0.020638758390211846,0.0020740917450306497,0.0005185050838932025,0.020015519223800817
asthma_v2_asthma_P1AsthmaIU_2.wav,1,0,0,0,0.9407970014389538,0.00480830234609484,0.0034785545307794733,0.002052946725491226,0.048863194958680335
asthma_v2_asthma_P1AsthmaRS_4.wav,1,0,0,0,0.8910259060918841,0.07267217404867272,0.007320847016825558,0.0024482796440060085,0.026532793198611352
asthma_v2_asthma_P21WheezingIU_102.wav,1,0,0,0,0.8131362943242444,0.052175633464110346,0.001141013184422977,0.041764321436322915,0.09178273759089914
asthma_v2_asthma_P22WheezingIU_106.wav,1,0,0,0,0.7769547592287799,0.013850623376076307,0.004339843320802773,0.0006707722775217436,0.2041840017968195
asthma_v2_asthma_P22WheezingRL_107.wav,1,0,0,0,0.47203329914084835,0.02479574332199095,0.08443943677578829,0.08030815378260801,0.33842336697876424
asthma_v2_asthma_P25WheezingIE_121.wav,1,0,0,0,0.6534600580062124,0.043598333341828735,0.26244426843111474,0.005491758124796011,0.03500558209604775
asthma_v2_asthma_P25WheezingIU_122.wav,1,0,0,0,0.7453745727057524,0.009567235142350018,0.011017874498030076,0.0028886038408812683,0.23115171381298621
asthma_v2_asthma_P25WheezingRL_123.wav,1,0,0,0,0.7386720941441733,0.010769539410109176,0.022996831862176607,0.0025604241851145946,0.2250011103984263
asthma_v2_asthma_P27WheezingRS_132.wav,1,0,0,0,0.9470606565290136,0.0024598157089446688,0.02149076584130265,0.001703999441082133,0.027284762479656655
asthma_v2_asthma_P28WheezingRS_136.wav,1,0,0,0,0.7231826602968267,0.050074046089110376,0.012541785472273947,0.017064461791589748,0.19713704635019935
asthma_v2_asthma_P29WheezingIE_141.wav,1,0,0,0,0.8218618663615866,0.009291434740406706,0.0038634967885582253,0.0023626194839210155,0.16262058262552725
asthma_v2_asthma_P2AsthmaIE_9.wav,1,0,0,0,0.8945768195913709,0.015749003904383243,0.004878120338060852,0.003678801009933783,0.0811172551562513
asthma_v2_asthma_P2AsthmaIU_6.wav,1,0,0,2,0.13145120859462278,0.22085468913561102,0.525373508791923,0.059943373734584325,0.06237721974325922
asthma_v2_asthma_P32WheezingRS_156.wav,1,0,0,0,0.8749531617195144,0.014823203705133457,0.00800768891542078,0.023342685519515058,0.07887326014041637
asthma_v2_asthma_P33WheezingRL_163.wav,1,0,0,0,0.8885958678366064,0.010235394514135056,0.022443234564437628,0.0016834585435788554,0.07704204454124255
asthma_v2_asthma_P34WheezingIU_170.wav,1,0,0,0,0.8956886961067471,0.054640958930621604,0.004904192917640947,0.0034071217334490926,0.04135903031154127
asthma_v2_asthma_P34WheezingRS_168.wav,1,0,0,0,0.9324815580309189,0.014151267829132615,0.003186589939248725,0.005171775891167881,0.04500880830953182
asthma_v2_asthma_P35WheezingIU_174.wav,1,0,0,0,0.49177649144995733,0.39255925282955484,0.02856818123800618,0.025825046606448715,0.061271027876033266
asthma_v2_asthma_P35WheezingRL_175.wav,1,0,0,0,0.7366258181191718,0.1831857705652878,0.024060078414740754,0.003785265951167122,0.0523430669496329
asthma_v2_asthma_P36WheezingRS_176.wav,1,0,0,0,0.9525871612528759,0.012686827300148189,0.01907674571249335,0.0008918229546201948,0.014757442779861905
asthma_v2_asthma_P37WheezingIU_182.wav,1,0,0,0,0.9742441850848813,0.006344745316145721,0.004475004086924468,0.00048027326955668527,0.014455792242491548
asthma_v2_asthma_P39WheezingRL_195.wav,1,0,0,0,0.8973217576976198,0.05279014504840403,0.011376839798975332,0.0015013199566119067,0.03700993749838909
asthma_v2_asthma_P3AsthmaRS_12.wav,1,0,0,0,0.7896873642316832,0.008929248924482679,0.0579982991756364,0.006109142038460277,0.13727594562973736
asthma_v2_asthma_P40WheezingRS_196.wav,1,0,0,0,0.822138837385886,0.13169780877981743,0.032383337184776144,0.0017345732383612252,0.012045443411159235
asthma_v2_asthma_P42WheezingIU_206.wav,1,0,0,2,0.18599965485322364,0.0023635753628775003,0.8017965662496279,0.0040056921090769766,0.005834511425193982
asthma_v2_asthma_P42WheezingRL_207.wav,1,0,0,2,0.25569182269854984,0.012834294263629083,0.7121705687865285,0.0025082063036687583,0.01679510794762359
asthma_v2_asthma_P43WheezingRS_212.wav,1,0,0,0,0.8495846982808921,0.05145783150674529,0.06008815003430132,0.005815789223046332,0.033053530955014745
asthma_v2_asthma_P44WheezingIE_217.wav,1,0,0,0,0.8947088413353765,0.0035145228248248785,0.01784015660517907,0.0009355529794375533,0.08300092625518254
asthma_v2_asthma_P44WheezingIU_218.wav,1,0,0,0,0.8960749252486837,0.014868334550566362,0.03713682084374675,0.0016069303015049806,0.050312989055498115
asthma_v2_asthma_P44WheezingRS_216.wav,1,0,0,0,0.9114189062103311,0.012263347860377548,0.026404876444918873,0.012459660991960725,0.03745320849241156
asthma_v2_asthma_P45WheezingIE_221.wav,1,0,0,0,0.8778453129621804,0.0519083662839089,0.009762085406998773,0.011233990744354145,0.04925024460255803
asthma_v2_asthma_P45WheezingRL_223.wav,1,0,0,0,0.9014487921246862,0.03660153405972198,0.03416315950514787,0.0035405870991750054,0.024245927211269006
asthma_v2_asthma_P46WheezingIE_229.wav,1,0,0,0,0.8691472262946939,0.05475427057331648,0.02524098507103215,0.0044760509325783146,0.046381467128379025
asthma_v2_asthma_P47WheezingIE_233.wav,1,0,0,0,0.8586238089418091,0.0023828677733676276,0.05378184845591954,0.0014926855655093799,0.08371878926339456
asthma_v2_asthma_P48WheezingRS_236.wav,1,0,0,0,0.8297575291704016,0.02123209792254637,0.04725933697048496,0.0020442855148174485,0.09970675042174955
asthma_v2_asthma_P49WheezingIU_242.wav,1,0,0,0,0.6943661764525424,0.0798203692322107,0.02508614713131398,0.0033334536493748092,0.1973938535345579
asthma_v2_asthma_P4AsthmaIU_18.wav,1,0,0,0,0.9234979090526838,0.047436827593398324,0.003818616725615276,0.001482965210421859,0.023763681417880992
asthma_v2_asthma_P4AsthmaRL_19.wav,1,0,0,0,0.9202719396738939,0.047070531991301,0.0037873902250061585,0.0017587570529693194,0.027111381056829496
asthma_v2_asthma_P50WheezingIU_246.wav,1,0,0,0,0.8152495110836352,0.0025574571070063733,0.005013302115151807,0.024935897389506943,0.1522438323046994
asthma_v2_asthma_P51WheezingIE_253.wav,1,0,0,0,0.9158294811389998,0.005167954994282752,0.039607102276151024,0.004028725604817084,0.03536673598574951
asthma_v2_asthma_P53WheezingIE_265.wav,1,0,0,0,0.3020073817538509,0.22544273302722648,0.3831509800916631,0.03572868808402933,0.05367021704323019
asthma_v2_asthma_P54WheezingIU_270.wav,1,0,0,3,0.12337828444062433,0.23884555465675045,0.0316123436940695,0.28542526611037117,0.3207385510981847
asthma_v2_asthma_P56WheezingRS_280.wav,1,0,0,3,0.20600123983786647,0.007184480848769926,0.0066573992541898415,0.32514632381596004,0.45501055624321374
asthma_v2_asthma_P57WheezingRS_284.wav,1,0,0,0,0.27739406845333575,0.32277194075827037,0.007877597669435374,0.2274741045645546,0.16448228855440394
asthma_v2_asthma_P58WheezingIU_286.wav,1,0,0,4,0.0785962984353615,0.0021303074864331075,0.005193398169882533,0.0106800378266229,0.9033999580817004
asthma_v2_asthma_P7AsthmaRL_35.wav,1,0,0,0,0.8943838103073917,0.016198688032659295,0.0024543882180450586,0.002189505798870116,0.08477360764303377
asthma_v2_asthma_P8AsthmaRS_36.wav,1,0,0,0,0.900373269294711,0.06049255736732678,0.002176926015154619,0.0015944150719923408,0.035362832250815365
asthma_v2_asthma_P9AsthmaIE_41.wav,1,0,0,0,0.4979305049508516,0.00490271155389207,0.003361734471371072,0.0045816838160686,0.48922336520781645
asthma_v2_asthma_P9AsthmaIE_45.wav,1,0,0,0,0.8958383669533245,0.04679099589385375,0.004368276591620859,0.0023927738069319635,0.050609586754268736
asthma_v2_asthma_P9AsthmaIU_42.wav,1,0,0,0,0.6463201130476646,0.006410963494651919,0.004967670094591161,0.00972399816058402,0.3325772552025085
asthma_v2_asthma_P9AsthmaRL_43.wav,1,0,0,0,0.9401561212566956,0.0056431397695615275,0.006383905767694153,0.0027318335949438675,0.045084999611104896
asthma_v2_copd_P10COPDMc_78.wav,1,0,2,0,0.8198235265395156,0.1297564587792427,0.033719167849632484,0.003930844008795575,0.012770002822813402
asthma_v2_copd_P10COPDPr_73.wav,1,0,2,1,0.12710201623931414,0.8363710867531386,0.016590622541475173,0.008941451606760542,0.010994822859311361
asthma_v2_copd_P10COPDPr_79.wav,1,0,2,0,0.7370098015965966,0.17646448079319169,0.05244549635250768,0.003568245957184465,0.030511975300519946
asthma_v2_copd_P11COPDMc_86.wav,1,0,2,2,0.025507562936100316,0.009605171038111648,0.9367785407392487,0.013228982385233554,0.014879742901305885
asthma_v2_copd_P12COPDMc_90.wav,1,0,2,2,0.0013154664070762366,0.0022292765498223683,0.9944582225311941,0.001296988957073679,0.0007000455548336667
asthma_v2_copd_P15COPDMc_118.wav,1,0,2,0,0.5854097047088315,0.0053710336204168645,0.40075929168894087,0.0008356492773349218,0.007624320704475631
asthma_v2_copd_P15COPDPr_113.wav,1,0,2,2,0.21410625160597382,0.0390853164638268,0.7413639848070647,0.00274125095200357,0.002703196171130918
asthma_v2_copd_P15COPDPr_117.wav,1,0,2,0,0.3805020303483388,0.029902280113086786,0.5742069236795185,0.00159870957160893,0.01379005628744698
asthma_v2_copd_P17COPDMc_130.wav,1,0,2,2,6.066457533760411e-07,4.341872414639153e-07,0.9994310091022878,0.0004346567361178246,0.00013329332859948685
asthma_v2_copd_P17COPDMc_134.wav,1,0,2,2,0.0025342751782558588,0.0004867012689104781,0.9903373806105483,0.0004509397784340387,0.006190703163851173
asthma_v2_copd_P17COPDMc_136.wav,1,0,2,2,0.004531785680781244,0.0030040357864824507,0.9878223740436815,0.0008464733804369176,0.0037953311086179665
asthma_v2_copd_P17COPDPr_129.wav,1,0,2,2,0.0006807565416398532,0.00013764265327689086,0.9983611150821919,0.00021853241558925636,0.0006019533073019359
asthma_v2_copd_P17COPDPr_133.wav,1,0,2,2,0.0019011762915089085,0.0003616768813559324,0.9940173949592854,0.0003476779326948772,0.0033720739351545096
asthma_v2_copd_P18COPDMc_140.wav,1,0,2,2,0.0020657155221849347,0.00026956876843172627,0.9954455562255211,0.0002484332322351051,0.0019707262516267636
asthma_v2_copd_P18COPDPr_139.wav,1,0,2,2,0.011512747195142965,0.006085728155482032,0.9647337996898898,0.0010303084931337575,0.016637416466351435
asthma_v2_copd_P18COPDPr_143.wav,1,0,2,2,7.530649607470695e-07,5.234682586174762e-07,0.9990483891604627,7.618631924875131e-05,0.0008741479870692776
asthma_v2_copd_P19COPDPr_145.wav,1,0,2,2,0.00010023982252624251,0.0019745537730098935,0.9975090703670179,0.0002395646373224516,0.0001765714001231041
asthma_v2_copd_P19COPDPr_149.wav,1,0,2,2,0.005029746021099887,0.005707626118834404,0.9863531204995294,0.0003788205143837149,0.0025306868461527784
asthma_v2_copd_P1COPDMc_8.wav,1,0,2,2,1.6692399097126516e-07,1.1334501449837444e-07,0.9998562859857321,6.538418986707617e-05,7.804955539548367e-05
asthma_v2_copd_P20COPDPr_153.wav,1,0,2,2,0.0010167930379346303,0.00024367616021251016,0.9973334207852291,0.00024472604120803635,0.0011613839754158624
asthma_v2_copd_P20COPDPr_157.wav,1,0,2,2,0.050207065346389336,0.05743181479477669,0.8596227689238276,0.014466308484547356,0.018272042450458898
asthma_v2_copd_P22COPDMc_176.wav,1,0,2,2,0.003854796116240943,0.004321944863549554,0.9469410242266453,0.03642807729181046,0.008454157501753825
asthma_v2_copd_P23COPDMc_178.wav,1,0,2,2,0.012418723634211417,0.006600673666119306,0.8298116046223455,0.13738651105285132,0.013782487024472472
asthma_v2_copd_P23COPDPr_179.wav,1,0,2,2,0.0007717926552304293,0.0007090147754218485,0.996378342431173,0.0011574107050520554,0.0009834394331225565
asthma_v2_copd_P24COPDMc_192.wav,1,0,2,2,0.00038278509964869605,0.00040386177455711125,0.9972587403653707,0.001174718938317625,0.0007798938221057466
asthma_v2_copd_P24COPDPr_185.wav,1,0,2,2,0.003917041024743173,0.013300641707790804,0.9582218575158922,0.005281733063001371,0.01927872668857264
asthma_v2_copd_P25COPDPr_199.wav,1,0,2,2,0.0007032892454323707,0.003310464297094392,0.9943993510209512,0.0012355089529923898,0.00035138648352965775
asthma_v2_copd_P26COPDMc_202.wav,1,0,2,2,8.302846180138208e-08,9.530292812494798e-08,0.9997574241238623,0.00014468975721830491,9.770778752948873e-05
asthma_v2_copd_P26COPDMc_206.wav,1,0,2,2,0.002414397628500439,0.006252299657972824,0.9868262308754626,0.001327877383894802,0.0031791944541694132
asthma_v2_copd_P26COPDPr_203.wav,1,0,2,2,3.935289730032698e-08,4.634019406135916e-08,0.9998883144051577,8.412551613788528e-05,2.7474385613249033e-05
asthma_v2_copd_P26COPDPr_207.wav,1,0,2,2,0.0022381856140389076,0.005473389295878975,0.9872725466093111,0.00091911983240686,0.004096758648364409
asthma_v2_copd_P27COPDMc_212.wav,1,0,2,2,6.490674842434167e-08,7.504166512605639e-08,0.999946477731654,2.339690486576611e-05,2.998541506676703e-05
asthma_v2_copd_P27COPDMc_216.wav,1,0,2,2,1.180764083993419e-06,1.3875141621577012e-06,0.9987065727867087,0.0010258383668575973,0.0002650205681876246
asthma_v2_copd_P27COPDPr_211.wav,1,0,2,2,0.0034541050276238497,0.004416533801122937,0.9880623728513757,0.0027936434459630653,0.001273344873914695
asthma_v2_copd_P29COPDMc_228.wav,1,0,2,2,2.620179662826692e-07,4.4994255161202324e-07,0.9995807453575132,0.000326237579719988,9.230510224896195e-05
asthma_v2_copd_P29COPDMc_230.wav,1,0,2,2,4.379920111976798e-08,4.112312014862489e-08,0.9998657918246037,8.397249341455302e-05,5.0150759660358685e-05
asthma_v2_copd_P30COPDMc_238.wav,1,0,2,2,0.00045818080690609574,0.0013142424996827552,0.9976686563768273,0.00038272629357328537,0.00017619402301056704
asthma_v2_copd_P30COPDPr_237.wav,1,0,2,2,0.0005556181464003804,0.0014277670178281902,0.9973867908877512,0.0004085340757574091,0.00022128987226285838
asthma_v2_copd_P31COPDMc_244.wav,1,0,2,3,0.005888804990977311,0.005476948663461019,0.14337994466808882,0.8388565972341018,0.006397704443370773
asthma_v2_copd_P31COPDMc_246.wav,1,0,2,2,0.0032044601236381697,0.00033669227469993623,0.9956888958309166,0.00044040761320459233,0.0003295441575409182
asthma_v2_copd_P32COPDPr_255.wav,1,0,2,2,0.04005174506966077,0.0023137173125302667,0.9562957251290272,0.0004097191481571814,0.0009290933406244592
asthma_v2_copd_P33COPDPr_259.wav,1,0,2,2,0.00997925235699142,0.11220719971354066,0.7136181290140299,0.08950658186180245,0.0746888370536355
asthma_v2_copd_P33COPDPr_263.wav,1,0,2,2,0.007935379530702145,0.3333678008050696,0.6279995274639634,0.022600495291906476,0.008096796908358522
asthma_v2_copd_P34COPDPr_271.wav,1,0,2,2,0.0032413557578122574,0.013091762792428794,0.9794007042474403,0.000685682440673507,0.003580494761644985
asthma_v2_copd_P36COPDMc_286.wav,1,0,2,2,0.00035773008795688923,0.0005528580230630627,0.9964124252483871,0.0021457439365664276,0.0005312427040269358
asthma_v2_copd_P37COPDMc_294.wav,1,0,2,2,0.005108026065298203,0.006107554858134621,0.9849247318627172,0.002209654396822579,0.001650032817026953
asthma_v2_copd_P37COPDPr_291.wav,1,0,2,2,0.0008950904183986724,0.002871841618576477,0.9953215495329918,0.00046289936553162956,0.0004486190645013497
asthma_v2_copd_P37COPDPr_293.wav,1,0,2,2,0.0028425434163861277,0.0026289661144424255,0.9927751283921057,0.0008035997628389522,0.0009497623142264513
asthma_v2_copd_P38COPDMc_298.wav,1,0,2,2,0.12463174039655493,0.008394961013262951,0.8422180528971784,0.0011100441210788203,0.02364520157192483
asthma_v2_copd_P38COPDPr_301.wav,1,0,2,2,0.010633101421315792,0.00880556391571366,0.9752796110832541,0.0019057691530868172,0.0033759544266295477
asthma_v2_copd_P39COPDPr_311.wav,1,0,2,2,0.0002844939279509768,0.021822012202913396,0.9760144709351664,0.0007886930000906085,0.001090329933878519
asthma_v2_copd_P3COPDMc_18.wav,1,0,2,0,0.8839436473594514,0.013200955602226318,0.08454619029106165,0.0031759335356183653,0.015133273211642297
asthma_v2_copd_P3COPDMc_24.wav,1,0,2,2,0.0006477431491849171,0.0006352075050021747,0.9912146697913095,0.005107413860804328,0.002394965693699127
asthma_v2_copd_P3COPDPr_19.wav,1,0,2,2,0.0019386642993200218,0.0005398716201902804,0.9972236345341817,0.0001611256918719602,0.00013670385443597562
asthma_v2_copd_P40COPDPr_319.wav,1,0,2,4,0.22663457205134388,0.06156064225700313,0.15924648271552302,0.004583071041242204,0.5479752319348878
asthma_v2_copd_P41COPDMc_324.wav,1,0,2,2,0.0006966255891965746,0.0013321882044439583,0.9954021889817538,0.0012475831213547032,0.0013214141032511014
asthma_v2_copd_P41COPDPr_321.wav,1,0,2,2,0.0011748552579945405,0.0008453546312754489,0.9894424487539755,0.0008695893203044066,0.007667752036450222
asthma_v2_copd_P41COPDPr_327.wav,1,0,2,2,0.00038550674055105237,0.001114181309001161,0.997875193785473,0.00025705024399619194,0.00036806792097842273
asthma_v2_copd_P42COPDMc_330.wav,1,0,2,2,5.692588971608212e-07,4.6800483131298276e-07,0.9996986130461204,0.00019781459463899705,0.00010253509551190801
asthma_v2_copd_P42COPDPr_333.wav,1,0,2,2,9.940939594928483e-05,0.0007867312791920873,0.9976921908312448,0.0010313489170380554,0.0003903195765758266
asthma_v2_copd_P43COPDPr_339.wav,1,0,2,2,3.431293294503793e-08,3.30615641909946e-08,0.9999031818036657,3.896324823260323e-05,5.778757360448196e-05
asthma_v2_copd_P44COPDMc_346.wav,1,0,2,2,0.01597542826325328,0.005712425990085535,0.7574155645050521,0.010792621697292405,0.2101039595443168
asthma_v2_copd_P44COPDMc_350.wav,1,0,2,2,0.0008485861082686711,0.1005195930558803,0.8788393408869103,0.017570198751869562,0.0022222811970708622
asthma_v2_copd_P44COPDPr_349.wav,1,0,2,2,0.0022609702448361723,0.07910991356575507,0.8053059636054123,0.10672319951681354,0.006599953067182902
asthma_v2_copd_P45COPDPr_359.wav,1,0,2,2,0.009059956499482628,0.004369437022209557,0.6784518432078755,0.27054369557065194,0.03757506769978056
asthma_v2_copd_P46COPDPr_361.wav,1,0,2,4,0.006285462038203838,0.013817686310143986,0.5994824416915102,0.03176438864970538,0.3486500213104363
asthma_v2_copd_P46COPDPr_365.wav,1,0,2,2,0.005007576284784962,0.0004593731682445136,0.9166641185319789,0.022894998483774114,0.05497393353121741
asthma_v2_copd_P46COPDPr_367.wav,1,0,2,2,0.012933298705892552,0.008344078783285943,0.9474195073243991,0.00857392848916748,0.022729186697255047
asthma_v2_copd_P47COPDMc_370.wav,1,0,2,1,0.06861321038399633,0.19638290472519315,0.4465750656918184,0.04735431109189576,0.2410745081070964
asthma_v2_copd_P47COPDMc_372.wav,1,0,2,2,0.010333183990011539,0.010940092514775925,0.9725072834231957,0.0015746872715579367,0.004644752800458714
asthma_v2_copd_P49COPDMc_386.wav,1,0,2,2,0.0003031205239875081,0.005163940460227858,0.9775074983187901,0.009332796063514164,0.0076926446334804315
asthma_v2_copd_P4COPDPr_29.wav,1,0,2,2,0.0014423606060510504,0.003358072827248024,0.9888823246767231,0.0006148347885873114,0.005702407101390766
asthma_v2_copd_P50COPDMc_398.wav,1,0,2,2,0.0008862607813464311,0.0007695570542947139,0.9969599713022574,0.0004952247591175277,0.0008889861029839815
asthma_v2_copd_P50COPDPr_395.wav,1,0,2,2,0.001075001629505961,0.001452314437401129,0.993148957563336,0.0029061477535700063,0.0014175786161868503
asthma_v2_copd_P50COPDPr_397.wav,1,0,2,2,0.0032308600402894054,0.0003668197917363788,0.9921343909403807,0.0018603647826701101,0.002407564444923287
asthma_v2_copd_P5COPDPr_39.wav,1,0,2,2,0.002390122482091107,0.04502606197089034,0.9269296711296957,0.014083145392903227,0.011570999024419739
asthma_v2_copd_P6COPDPr_43.wav,1,0,2,2,0.0012988774870184845,0.0006545821201706449,0.9894894259088066,0.003834875233891981,0.004722239250112174
asthma_v2_copd_P7COPDMc_56.wav,1,0,2,2,0.0034187146328002824,0.004083231150008619,0.9873686615283482,0.0037110120050346676,0.0014183806838080158
asthma_v2_copd_P8COPDPr_61.wav,1,0,2,2,0.001984281806237225,0.0004624767866801735,0.9959390681229584,0.0007593377896970889,0.0008548354944268254
asthma_v2_copd_P9COPDPr_69.wav,1,0,2,2,0.001035116130980163,0.00021835329532660346,0.996430500130689,0.00036583700630761316,0.001950193436696882
asthma_v2_healthy_P10Healthy14S.wav,1,0,3,4,0.19848771209122984,0.015260034943951523,0.011751112024524049,0.07909932511499639,0.6954018158252985
asthma_v2_healthy_P10Healthy61S.wav,1,0,3,3,0.007084481803522201,0.006883480833966883,0.014220754114897247,0.7368369667037674,0.23497431654384623
asthma_v2_healthy_P11Healthy18S.wav,1,0,3,3,0.015097190568160508,0.09457152394029654,0.04543878031454248,0.791615422544737,0.053277082632263405
asthma_v2_healthy_P12Healthy99S.wav,1,0,3,3,0.006413727304429158,0.01160419004115931,0.03976177165752791,0.9328368613445477,0.009383449652335903
asthma_v2_healthy_P13Healthy53S.wav,1,0,3,3,0.058853359214128965,0.19942428166388282,0.10066502269921769,0.5925097259822689,0.0485476104405016
asthma_v2_healthy_P14Healthy47S.wav,1,0,3,3,0.06249176824552043,0.1642863468891303,0.12003958339761839,0.6062909791803247,0.04689132228740627
asthma_v2_healthy_P14Healthy54S.wav,1,0,3,3,0.003935890474935377,0.04284031589877656,0.009699169906752297,0.9041789090490685,0.03934571467046739
asthma_v2_healthy_P16Healthy18S.wav,1,0,3,3,0.028930050837357564,0.009604896022679088,0.0037123676249686136,0.7819619261612331,0.17579075935376157
asthma_v2_healthy_P17Healthy71S.wav,1,0,3,4,0.07409950359022488,0.02416519305151826,0.11865038363791874,0.14141611499645407,0.6416688047238842
asthma_v2_healthy_P17Healthy83S.wav,1,0,3,4,0.04458634715537745,0.04608153863592514,0.053394383746889755,0.09318813081525196,0.7627495996465556
asthma_v2_healthy_P18Healthy46S.wav,1,0,3,3,0.013823536061330152,0.10919777001537834,0.018035133837271056,0.8197525429372202,0.03919101714880049
asthma_v2_healthy_P19Healthy62S.wav,1,0,3,3,0.0017509251405265992,0.002038251685988111,0.0005261583687056744,0.9887360316814763,0.006948633123303129
asthma_v2_healthy_P19Healthy79S.wav,1,0,3,3,0.005487736799486301,0.001661760896303792,0.0011926910757240562,0.929141329167979,0.06251648206050697
asthma_v2_healthy_P20Healthy25S.wav,1,0,3,3,0.007990867154022656,0.006914729578367362,0.0015044761308347422,0.8060940613464019,0.17749586579037321
asthma_v2_healthy_P21Healthy95S.wav,1,0,3,3,0.06426516618358805,0.016111152959818836,0.002128017987921298,0.8817198443569751,0.03577581851169639
asthma_v2_healthy_P22Healthy94S.wav,1,0,3,3,0.06439500560895453,0.07267165046233878,0.004151371022732077,0.6882759954768024,0.17050597742917195
asthma_v2_healthy_P23Healthy97S.wav,1,0,3,3,0.027752093418420134,0.001753931082754314,0.0008912097781966074,0.5193474885390785,0.45025527718155034
asthma_v2_healthy_P24Healthy62S.wav,1,0,3,3,0.007064131141784628,0.01240682004260246,0.1813887623327368,0.7496236296793818,0.0495166568034947
asthma_v2_healthy_P25Healthy20S.wav,1,0,3,3,0.04933545742110475,0.007559215714370772,0.005143838317401351,0.5420940828362327,0.39586740571089
asthma_v2_healthy_P27Healthy30S.wav,1,0,3,3,0.0039062190976670765,0.011275462044309261,0.0015171957260168248,0.9750836006234018,0.00821752250860511
asthma_v2_healthy_P2Healthy30S.wav,1,0,3,3,0.015205314948467878,0.0026794321885528286,0.004640193501016004,0.7913152051136507,0.18615985424831255
asthma_v2_healthy_P2Healthy43S.wav,1,0,3,3,0.06345858205638841,0.018955850377051824,0.030129502123409757,0.7897334660982408,0.09772259934490916
asthma_v2_healthy_P3Healthy44S.wav,1,0,3,3,0.00769147539110427,0.009307142143957555,0.01742810098790399,0.9564530830639901,0.009120198413044124
asthma_v2_healthy_P3Healthy49S.wav,1,0,3,3,0.00746917747196749,0.03990786277407119,0.007988032240021611,0.8858157722070737,0.05881915530686614
asthma_v2_healthy_P6Healthy77S.wav,1,0,3,3,0.07571959246481699,0.007612733812458343,0.036625300523551875,0.5661548711282502,0.3138875020709227
asthma_v2_healthy_P7Healthy85S.wav,1,0,3,3,0.1454456164980727,0.005737056261556972,0.04610383338619871,0.4017670062593527,0.40094648759481966
asthma_v2_healthy_P9Healthy29S.wav,1,0,3,3,0.2096821104478019,0.009359528107169902,0.004035676116066501,0.4544776812792864,0.32244500404967524
asthma_v2_pneumonia_P10Pneumonia52A.wav,1,0,4,4,0.04515584275983171,0.014218323786150873,0.021356614576257187,0.00606181508557966,0.9132074037921803
asthma_v2_pneumonia_P10Pneumonia73G.wav,1,0,4,4,0.0680342877868311,0.0036794099644198177,0.015183068371978721,0.0017783035072442362,0.9113249303695263
asthma_v2_pneumonia_P11Pneumonia18T.wav,1,0,4,4,0.13009518171828138,0.012694453014756028,0.17116269535936665,0.007919714289808668,0.678127955617787
asthma_v2_pneumonia_P13Pneumonia20R.wav,1,0,4,4,0.13157808400896334,0.0018100873324603942,0.005489212008447941,0.0457843729011872,0.8153382437489411
asthma_v2_pneumonia_P14Pneumonia22X.wav,1,0,4,3,0.012404371092577726,0.0008996535006284815,0.0014093780716511138,0.9103376181517572,0.0749489791833856
asthma_v2_pneumonia_P14Pneumonia40M.wav,1,0,4,3,0.05319020541163337,0.006286476120266351,0.0010763429487347812,0.6147756719768741,0.32467130354249113
asthma_v2_pneumonia_P15Pneumonia16R.wav,1,0,4,4,0.133662239948349,0.022737986576565842,0.06853176172008037,0.008585979437523795,0.7664820323174809
asthma_v2_pneumonia_P15Pneumonia39Y.wav,1,0,4,3,0.040316642490688455,0.0009517148266514439,0.0010741941977577137,0.45113498055164886,0.5065224679332534
asthma_v2_pneumonia_P16Pneumonia18Z.wav,1,0,4,4,0.06298418191823242,0.001125910496566905,0.0015962937620439485,0.1351207726415793,0.7991728411815774
asthma_v2_pneumonia_P16Pneumonia56J.wav,1,0,4,4,0.08192787160123625,0.001264832384040127,0.0022964184412668444,0.2044281430975409,0.7100827344759164
asthma_v2_pneumonia_P17Pneumonia49T.wav,1,0,4,4,0.03968528894692044,0.004890804893220565,0.0002758975194774685,0.010952180258226196,0.9441958283821555
asthma_v2_pneumonia_P17Pneumonia51I.wav,1,0,4,4,0.01499209032489379,0.03481600263565084,0.400812968220196,0.0836621891123774,0.46571674970688204
asthma_v2_pneumonia_P18Pneumonia84N.wav,1,0,4,4,0.03526833487181619,0.0025429624917961244,0.000287628212454888,0.002459261203061895,0.9594418132208707
asthma_v2_pneumonia_P19Pneumonia33O.wav,1,0,4,4,0.01842639908183805,0.0019069453387864097,0.0001683315328674259,0.0020583296795301,0.9774399943669779
asthma_v2_pneumonia_P19Pneumonia41U.wav,1,0,4,4,0.1852039878227987,0.04275193364135726,0.0006293201029198403,0.011349942905181933,0.7600648155277423
asthma_v2_pneumonia_P1Pneumonia41U.wav,1,0,4,4,0.018982032050828775,0.0071047326205968915,0.00031629306653164943,0.005488084929234274,0.9681088573328084
asthma_v2_pneumonia_P20Pneumonia27V.wav,1,0,4,4,0.10720047588824282,0.0005082555602364256,0.0008516887177896098,0.022326832519148597,0.8691127473145823
asthma_v2_pneumonia_P22Pneumonia27A.wav,1,0,4,4,0.3981115814349384,0.013981348541698793,0.04119187813679318,0.032836784723253604,0.5138784071633159
asthma_v2_pneumonia_P23Pneumonia19A.wav,1,0,4,4,0.08451876981680853,0.008818354576248598,0.06757526132103545,0.04128330454759807,0.7978043097383094
asthma_v2_pneumonia_P23Pneumonia40O.wav,1,0,4,4,0.1619371919039776,0.015414659252901005,0.05510402260255387,0.02312721275733748,0.7444169134832301
asthma_v2_pneumonia_P23Pneumonia97P.wav,1,0,4,4,0.03455353141663782,0.01966204236645325,0.10813808620267203,0.19631669943777252,0.6413296405764646
asthma_v2_pneumonia_P24Pneumonia21G.wav,1,0,4,3,0.08175563521767004,0.3017437123567561,0.10859828644712843,0.34083823500058336,0.1670641309778619
asthma_v2_pneumonia_P24Pneumonia91X.wav,1,0,4,4,0.11453015988472694,0.016092547511721737,0.05268960992765139,0.07537293539232504,0.741314747283575
asthma_v2_pneumonia_P24Pneumonia95T.wav,1,0,4,3,0.059081433964264865,0.33778794586602623,0.025282148041735956,0.48515850350527456,0.09268996862269883
asthma_v2_pneumonia_P26Pneumonia66S.wav,1,0,4,3,0.018100985497060074,0.010406372396026773,0.031554014143619476,0.4656786162613178,0.4742600117019756
asthma_v2_pneumonia_P28Pneumonia43J.wav,1,0,4,3,0.01099448238128128,0.03189966050734599,0.018593667034019747,0.5747755562537633,0.36373663382358995
asthma_v2_pneumonia_P28Pneumonia56Y.wav,1,0,4,4,0.040704711519112056,0.02222572901931627,0.003063335833239459,0.02309969319457768,0.9109065304337546
asthma_v2_pneumonia_P29Pneumonia18M.wav,1,0,4,4,0.01566066807639984,0.014521083520248754,0.0027206529379705667,0.06081866033321914,0.9062789351321618
asthma_v2_pneumonia_P30Pneumonia10C.wav,1,0,4,4,0.043992625972933165,0.006090833994771877,0.0007552949630866858,0.01021563542245235,0.9389456096467558
asthma_v2_pneumonia_P30Pneumonia30W.wav,1,0,4,4,0.024747311161179654,0.007434984033238652,0.0012062143921781252,0.013374979621868123,0.9532365107915354
asthma_v2_pneumonia_P30Pneumonia52T.wav,1,0,4,4,0.031166205476918295,0.010470648184891186,0.0019131859007685314,0.011862377897200203,0.9445875825402216
asthma_v2_pneumonia_P31Pneumonia47J.wav,1,0,4,4,0.023070871558049398,0.007591728523653069,0.00038967449025592826,0.017691035382559235,0.9512566900454824
asthma_v2_pneumonia_P33Pneumonia88U.wav,1,0,4,4,0.01854758969534681,0.004240970548402561,0.0005344230254531773,0.0031032691514447713,0.9735737475793527
asthma_v2_pneumonia_P35Pneumonia57I.wav,1,0,4,4,0.025031215732372495,0.005105727550951041,0.0007204826231102186,0.005844277232496134,0.9632982968610702
asthma_v2_pneumonia_P36Pneumonia83N.wav,1,0,4,4,0.0200977621210226,0.007336647301030343,0.00129013969892838,0.006741096414933439,0.9645343544640852
asthma_v2_pneumonia_P38Pneumonia23A.wav,1,0,4,0,0.8960352077185351,0.043582238047873534,0.013920447859393165,0.003615948680261305,0.042846157693937195
asthma_v2_pneumonia_P39Pneumonia41F.wav,1,0,4,0,0.5362008187128752,0.06419649301162429,0.16382485182197604,0.0088996387594021,0.22687819769412243
asthma_v2_pneumonia_P39Pneumonia85Q.wav,1,0,4,0,0.5608307774998363,0.020239044240610373,0.06603551669161407,0.0038108599610260268,0.3490838016069133
asthma_v2_pneumonia_P3Pneumonia61R.wav,1,0,4,4,0.0491567579145014,0.004030124428920009,0.08879454368401153,0.17797963746598963,0.6800389365065774
asthma_v2_pneumonia_P40Pneumonia91V.wav,1,0,4,0,0.6391858412160619,0.03436466438149167,0.1210654870325887,0.007281584246098299,0.19810242312375928
asthma_v2_pneumonia_P41Pneumonia25E.wav,1,0,4,2,0.12370422460067387,0.004521130367765662,0.8513726754391855,0.001154942210385256,0.019247027381989572
asthma_v2_pneumonia_P41Pneumonia31S.wav,1,0,4,0,0.6066288140983196,0.01969481109535378,0.00801578796074209,0.0445281491462221,0.3211324376993623
asthma_v2_pneumonia_P41Pneumonia71Q.wav,1,0,4,0,0.8609538203007128,0.0021468040264487967,0.008109992983422586,0.006891768671695146,0.12189761401772091
asthma_v2_pneumonia_P42Pneumonia27A.wav,1,0,4,0,0.9040475609151537,0.0026054784168883616,0.008332283978442283,0.0007658889919836696,0.08424878769753229
asthma_v2_pneumonia_P42Pneumonia47W.wav,1,0,4,0,0.7441965067666094,0.08056402422211431,0.021455543355682692,0.02488253993219185,0.12890138572340165
asthma_v2_pneumonia_P43Pneumonia54I.wav,1,0,4,4,0.07862532053394483,0.00521349436286265,0.01608002505066801,0.006522351933179099,0.8935588081193454
asthma_v2_pneumonia_P45Pneumonia29L.wav,1,0,4,4,0.16590939755693995,0.004259595834509685,0.052831004449670295,0.009710755400947998,0.7672892467579319
asthma_v2_pneumonia_P45Pneumonia51F.wav,1,0,4,4,0.03925161560393889,0.009770147016547675,0.028349035594176633,0.09425636736417245,0.8283728344211646
asthma_v2_pneumonia_P45Pneumonia72P.wav,1,0,4,4,0.07015170870931925,0.008777259679949707,0.09739476589650022,0.14593159986812954,0.6777446658461014
asthma_v2_pneumonia_P46Pneumonia22V.wav,1,0,4,3,0.011980754301834564,0.01916417028218359,0.052740167410090605,0.34717538418268107,0.5689395238232096
asthma_v2_pneumonia_P5Pneumonia38U.wav,1,0,4,4,0.012501515527313682,0.025288846029730645,0.14450872959611438,0.06813695041462835,0.7495639584322127
asthma_v2_pneumonia_P6Pneumonia84M.wav,1,0,4,4,0.025126978470897277,0.0026662477375796827,0.030994198423959035,0.017105548598956466,0.9241070267686073
asthma_v2_pneumonia_P7Pneumonia22C.wav,1,0,4,4,0.056961883398423736,0.015621049092506435,0.16502825192521078,0.004660964653927925,0.757727850929931
asthma_v2_pneumonia_P7Pneumonia76F.wav,1,0,4,4,0.04816118753774356,0.008940094316708848,0.2799701874712278,0.02043376865039059,0.6424947620239294
asthma_v2_pneumonia_P8Pneumonia11O.wav,1,0,4,4,0.39386725828747343,0.005528297382350492,0.005747261769399016,0.019817260566189078,0.5750399219945878
asthma_v2_pneumonia_P9Pneumonia73J.wav,1,0,4,4,0.052960567916046974,0.00022824901806447044,0.0012468021408390546,0.007608467749170538,0.937955913175879
asthma_v2_pneumonia_P9Pneumonia74V.wav,1,0,4,4,0.0990709716291898,0.0006582511591855774,0.0014197912898932746,0.08387412703843167,0.8149768588832997
asthma_v2_Bronchial_P10BronchialSc_48.wav,1,1,1,1,0.001730358122289307,0.7858168488615425,0.20302709217345594,0.0035460083270876727,0.005879692515624675
asthma_v2_Bronchial_P10BronchialTc_49.wav,1,1,1,1,0.010766316326812356,0.9453790625989719,0.03187098710509689,0.003932476369600964,0.008051157599518115
asthma_v2_Bronchial_P11BronchialSc_52.wav,1,1,1,0,0.5200982670165999,0.1394481897007708,0.1304595754409294,0.02777310272340608,0.18222086511829375
asthma_v2_Bronchial_P11BronchialTc_53.wav,1,1,1,3,0.05071469469937727,0.08983823778550215,0.016368126461021287,0.6057682205950848,0.2373107204590141
asthma_v2_Bronchial_P12BronchialTc_59.wav,1,1,1,0,0.9135553335356538,0.0447985141181232,0.009396105084572295,0.0024586875426074353,0.029791359719043307
asthma_v2_Bronchial_P15BronchialSc_72.wav,1,1,1,1,0.0008586212894014696,0.9911637992746579,0.004914583358567694,0.001942521280199153,0.0011204747971740791
asthma_v2_Bronchial_P15BronchialTc_75.wav,1,1,1,1,0.003241423215778479,0.9548317218679668,0.0355613709133678,0.0011384373186045188,0.005227046684282872
asthma_v2_Bronchial_P16BronchialSc_80.wav,1,1,1,1,0.06264756498144015,0.8404649438291523,0.0323836630549503,0.0290491669548668,0.035454661179590743
asthma_v2_Bronchial_P17BronchialSc_82.wav,1,1,1,1,0.010314988841986427,0.8800834216337005,0.08954823741894001,0.0039899392064090475,0.01606341289896423
asthma_v2_Bronchial_P18BronchialTc_87.wav,1,1,1,1,0.0008307727243602152,0.9926819491003015,0.004082353366484455,0.0016218290928469517,0.0007830957160066278
asthma_v2_Bronchial_P18BronchialTc_89.wav,1,1,1,1,0.002693863184053687,0.9773292359624777,0.016370961764684156,0.0007731424437433022,0.002832796645041099
asthma_v2_Bronchial_P1BronchialSc_2.wav,1,1,1,1,0.00861063677337819,0.955124434873075,0.023237118894605554,0.005984256809989805,0.007043552648951627
asthma_v2_Bronchial_P20BronchialSc_100.wav,1,1,1,1,0.005394414410790007,0.9125935342267315,0.06231536087806378,0.0029804002253998488,0.01671629025901488
asthma_v2_Bronchial_P20BronchialTc_99.wav,1,1,1,1,0.04692636897223978,0.6280869223536778,0.22425084481336768,0.07715331082475188,0.02358255303596306
asthma_v2_Bronchial_P2BronchialSc_10.wav,1,1,1,1,0.015512879165175806,0.8990498236096848,0.05263215304409941,0.021281268828836755,0.011523875352202985
asthma_v2_Bronchial_P2BronchialSc_8.wav,1,1,1,1,0.004159084735776854,0.97471921887675,0.0021304567637014994,0.004288678240183399,0.014702561383587952
asthma_v2_Bronchial_P4BronchialSc_16.wav,1,1,1,1,0.030842788426961015,0.8775779372564438,0.020908294147074152,0.029837859900646677,0.04083312026887384
asthma_v2_Bronchial_P5BronchialTc_25.wav,1,1,1,1,0.013426223559859047,0.8873851331043712,0.07333272135821814,0.00915371578137357,0.016702206196178338
asthma_v2_Bronchial_P6BronchialSc_26.wav,1,1,1,1,0.0008373848803716593,0.9437642147887972,0.048195963838253024,0.002953652623799851,0.004248783868778319
asthma_v2_Bronchial_P7BronchialSc_34.wav,1,1,1,1,0.0010263335553348677,0.9664997776901549,0.016209673923839932,0.012271259294575468,0.003992955536095043
asthma_v2_Bronchial_P9BronchialTc_45.wav,1,1,1,1,0.0003587717675885988,0.9604377029255498,0.038284348870405924,0.0002585006596146772,0.0006606757768408598
asthma_v2_asthma_P12WheezingRS_60.wav,1,1,0,0,0.9302154920767561,0.045774519193997804,0.006442467639048555,0.0009331406185777274,0.016634380471619786
asthma_v2_asthma_P13WheezingIU_62.wav,1,1,0,0,0.9357880560645631,0.03188525311794892,0.004662438991992911,0.00335789572496321,0.024306356100531844
asthma_v2_asthma_P14WheezingIU_70.wav,1,1,0,4,0.4097383198770909,0.013012254638497598,0.006718287196754002,0.022221509925764438,0.5483096283618935
asthma_v2_asthma_P15WheezingRL_71.wav,1,1,0,0,0.5349369169173075,0.030229416401107403,0.014841840479258876,0.025793106699457467,0.3941987195028687
asthma_v2_asthma_P16WheezingRS_76.wav,1,1,0,0,0.875047810211027,0.0048480592842505416,0.00937959546540482,0.015735505737507233,0.09498902930181066
asthma_v2_asthma_P17WheezingIE_85.wav,1,1,0,4,0.46352558564484936,0.004639828616989506,0.04661621821884951,0.0021392685574433343,0.48307909896186807
asthma_v2_asthma_P19WheezingRL_91.wav,1,1,0,0,0.9551410087570903,0.0145652561333108,0.002728350298286422,0.00042108262454618075,0.027144302186766212
asthma_v2_asthma_P1AsthmaIE_1.wav,1,1,0,0,0.8941328922629945,0.007146680234634184,0.03271018418397409,0.005251462198419581,0.06075878111997773
asthma_v2_asthma_P1AsthmaIE_5.wav,1,1,0,0,0.889960523528756,0.09496203095185979,0.006622758958959374,0.0009697453238154075,0.007484941236609204
asthma_v2_asthma_P20WheezingIE_97.wav,1,1,0,0,0.5038485504583293,0.15480866760518042,0.05312149962875307,0.04556044415400315,0.24266083815373407
asthma_v2_asthma_P20WheezingRL_99.wav,1,1,0,0,0.7890901815989529,0.09613737884615074,0.002075888651205994,0.05128455310960882,0.06141199779408148
asthma_v2_asthma_P20WheezingRS_100.wav,1,1,0,3,0.46415239780288026,0.04658677333511157,0.004224450064161447,0.34799391131054563,0.13704246748730112
asthma_v2_asthma_P22WheezingIE_109.wav,1,1,0,0,0.8985885914051918,0.06327037650684089,0.003219143985589075,0.0011219237803103707,0.03379996432206807
asthma_v2_asthma_P24WheezingIU_118.wav,1,1,0,0,0.7858694672420744,0.006800906148147577,0.021736533365099873,0.00827384390399888,0.1773192493406791
asthma_v2_asthma_P24WheezingRS_120.wav,1,1,0,0,0.5101040967995631,0.040247029557747865,0.17869691740898758,0.011145457157441597,0.25980649907625974
asthma_v2_asthma_P25WheezingRS_124.wav,1,1,0,0,0.8894525707321975,0.013581551983230194,0.024511817446167147,0.015629049788522517,0.05682501004988251
asthma_v2_asthma_P26WheezingIE_129.wav,1,1,0,0,0.7236843294610334,0.11161093367709281,0.03438553057587258,0.02360087953657273,0.10671832674942866
asthma_v2_asthma_P26WheezingIU_130.wav,1,1,0,0,0.8865578228617816,0.013366198862991212,0.0192681113765331,0.0006384907552975134,0.08016937614339692
asthma_v2_asthma_P26WheezingRL_127.wav,1,1,0,0,0.5080343076556203,0.037348834486158944,0.3076363282559479,0.023342919759491345,0.12363760984278142
asthma_v2_asthma_P28WheezingRS_140.wav,1,1,0,0,0.8887143712318528,0.050378645423816766,0.0017293879414913456,0.023313790915034785,0.035863804487804164
asthma_v2_asthma_P29WheezingIE_145.wav,1,1,0,0,0.6560722880376774,0.003258298388994637,0.052016616857003234,0.00037507406015778054,0.2882777226561673
asthma_v2_asthma_P29WheezingRL_143.wav,1,1,0,0,0.5449929968369627,0.01543913908474794,0.0916926347228957,0.0018932794854942434,0.34598194986989933
asthma_v2_asthma_P2AsthmaRL_7.wav,1,1,0,0,0.8675414764435091,0.0067740381846172135,0.03412991058816614,0.004490122676331258,0.08706445210737636
asthma_v2_asthma_P2AsthmaRS_8.wav,1,1,0,0,0.9219248287126302,0.01106410157470269,0.003223190458019281,0.005925147974207758,0.05786273128043977
asthma_v2_asthma_P31WheezingIU_154.wav,1,1,0,0,0.8275139010461888,0.027262796361223744,0.021849484233816795,0.0043009909625539395,0.11907282739621648
asthma_v2_asthma_P32WheezingIE_157.wav,1,1,0,0,0.7304151883386393,0.04427513424920972,0.009655016006436212,0.010403673657156514,0.20525098774855807
asthma_v2_asthma_P32WheezingIU_158.wav,1,1,0,0,0.8325358282895606,0.0709234051536787,0.008960461940516452,0.009657808054822751,0.07792249656142125
asthma_v2_asthma_P34WheezingIU_166.wav,1,1,0,0,0.8311226247035302,0.015020388590287268,0.007225917122184657,0.0005259264524247029,0.14610514313157325
asthma_v2_asthma_P34WheezingRL_167.wav,1,1,0,0,0.9785830079733967,0.007652950445143048,0.0010360256843539388,0.0005074618984181992,0.012220553998688587
asthma_v2_asthma_P35WheezingRS_172.wav,1,1,0,0,0.8008712922628796,0.0013302571832469214,0.09270981006177133,0.0016273217823310783,0.10346131870977103
asthma_v2_asthma_P36WheezingRL_179.wav,1,1,0,0,0.662384942497715,0.23042147217317502,0.060643927488224385,0.001406962638640543,0.04514269520224498
asthma_v2_asthma_P37WheezingIE_181.wav,1,1,0,0,0.842370764863897,0.007725340113143306,0.10597089525162501,0.00042492376485499565,0.04350807600647972
asthma_v2_asthma_P39WheezingRL_191.wav,1,1,0,0,0.6960664481707834,0.008930226601537446,0.06758205849691086,0.0014124293569964497,0.22600883737377184
asthma_v2_asthma_P39WheezingRS_192.wav,1,1,0,0,0.7725466330412624,0.008520525603747449,0.0449757295092047,0.0008886686845321096,0.17306844316125317
asthma_v2_asthma_P3AsthmaRL_11.wav,1,1,0,0,0.8434717687716685,0.007310746954596596,0.03597243651316711,0.004802774859945071,0.10844227290062254
asthma_v2_asthma_P41WheezingIU_202.wav,1,1,0,0,0.9652067530868498,0.0010249482709370431,0.010275745917830835,0.0004682324405361256,0.02302432028384633
asthma_v2_asthma_P41WheezingRL_203.wav,1,1,0,2,0.19484452923714524,0.0012149649848115418,0.8022821398729667,0.0001134330128849256,0.0015449328921916627
asthma_v2_asthma_P42WheezingIE_209.wav,1,1,0,0,0.7193168994422089,0.00906385462796869,0.25098912314176786,0.00157749167424897,0.019052631113805743
asthma_v2_asthma_P43WheezingIE_213.wav,1,1,0,0,0.37146905201029073,0.03684884111497512,0.5508255915028004,0.02364275305649854,0.01721376231543544
asthma_v2_asthma_P43WheezingIU_214.wav,1,1,0,0,0.6822548332790439,0.007659135884304169,0.28299149374858273,0.007253995896615077,0.019840541191454397
asthma_v2_asthma_P43WheezingRL_215.wav,1,1,0,0,0.9426757555147324,0.0015900897699434816,0.02922259909152904,0.0004136824757322437,0.026097873148062865
asthma_v2_asthma_P45WheezingIE_225.wav,1,1,0,0,0.9239264689866806,0.02971592166401466,0.011351133840176891,0.0005168192109389341,0.03448965629818881
asthma_v2_asthma_P46WheezingIU_230.wav,1,1,0,0,0.8724325640170381,0.00744618685415492,0.041268390189277276,0.00274531651448819,0.0761075424250417
asthma_v2_asthma_P47WheezingIU_234.wav,1,1,0,0,0.8285655160662595,0.0027246665166015933,0.15345189815000804,0.0002645464737801862,0.014993372793350595
asthma_v2_asthma_P48WheezingRL_239.wav,1,1,0,0,0.8791426979726366,0.03041654948974995,0.030523367551243488,0.002792327316150413,0.05712505767021984
asthma_v2_asthma_P49WheezingRL_243.wav,1,1,0,0,0.9108385375054178,0.012445409801997641,0.06228415443086201,0.004183859413801427,0.010248038847921373
asthma_v2_asthma_P4AsthmaIE_17.wav,1,1,0,0,0.9094466424520427,0.050394983865438545,0.008152054925872,0.0013702063467082631,0.030636112409938403
asthma_v2_asthma_P4AsthmaRS_16.wav,1,1,0,0,0.9119997661912692,0.06281606839874296,0.0063298206276536885,0.0007486876429904703,0.018105657139343586
asthma_v2_asthma_P50WheezingIE_249.wav,1,1,0,0,0.9354239923422578,0.001626434069460206,0.008084453744371518,0.0013949305906256182,0.053470189253284846
asthma_v2_asthma_P54WheezingRL_267.wav,1,1,0,3,0.04666286511128312,0.0906582307681036,0.0673791500799269,0.5626346233785122,0.23266513066217398
asthma_v2_asthma_P55WheezingRL_271.wav,1,1,0,3,0.3819983798475867,0.034925240175246994,0.13756692522495717,0.2119983602069303,0.2335110945452789
asthma_v2_asthma_P55WheezingRS_272.wav,1,1,0,4,0.201541177937062,0.009237594757982234,0.1119253578817883,0.23772011703176024,0.4395757523914073
asthma_v2_asthma_P56WheezingIE_277.wav,1,1,0,4,0.26346567036483687,0.003618887704438174,0.006133958492963596,0.0008432063638953762,0.7259382770738663
asthma_v2_asthma_P5AsthmaIU_22.wav,1,1,0,0,0.7978576890909188,0.01213067978412882,0.004389429075609887,0.007547563568540969,0.17807463848080135
asthma_v2_asthma_P6AsthmaIU_26.wav,1,1,0,0,0.7828669697904007,0.08343740636024725,0.031245670376667176,0.007833012691588377,0.09461694078109617
asthma_v2_asthma_P6AsthmaIU_30.wav,1,1,0,0,0.9401969929820422,0.03554636971759424,0.006754306210254791,0.001235072617915686,0.016267258472193274
asthma_v2_asthma_P8AsthmaIE_37.wav,1,1,0,0,0.9308540661751428,0.025785224264527014,0.009504202992524751,0.0028244473847088432,0.03103205918309681
asthma_v2_asthma_P9AsthmaRS_44.wav,1,1,0,0,0.9357252094088562,0.039042115435179665,0.004639572093204605,0.0016365436458064876,0.018956559416953265
asthma_v2_copd_P10COPDMc_76.wav,1,1,2,0,0.45086730104234646,0.24320289594810254,0.1024943600916378,0.09706463227720574,0.10637081064070768
asthma_v2_copd_P10COPDMc_80.wav,1,1,2,0,0.929175068890764,0.00494568767045676,0.028121865089913232,0.0008136209599017198,0.03694375738896422
asthma_v2_copd_P10COPDPr_75.wav,1,1,2,3,0.5141665809807862,0.05746377177001173,0.04059214062831014,0.2289283643672625,0.1588491422536295
asthma_v2_copd_P11COPDMc_88.wav,1,1,2,2,0.010091452861918869,0.0021436802464179995,0.9866940956189237,0.0006150680840646978,0.0004557031886745331
asthma_v2_copd_P13COPDMc_102.wav,1,1,2,2,0.0029770688796343474,0.002156181122747714,0.9917054231840394,0.00020454871719825403,0.002956778096380414
asthma_v2_copd_P13COPDPr_99.wav,1,1,2,2,0.0009152967308862409,0.011921500114227225,0.9836650919775626,0.002473415532779907,0.0010246956445437757
asthma_v2_copd_P14COPDMc_106.wav,1,1,2,2,0.0010124387078474088,0.0027979671029906812,0.9940494880447155,0.00026866650768415056,0.0018714396367625306
asthma_v2_copd_P15COPDMc_116.wav,1,1,2,2,0.006869036687893305,0.001205830879647486,0.991318426561934,0.0001243950061196378,0.00048231086440562294
asthma_v2_copd_P15COPDPr_119.wav,1,1,2,2,0.006376094259335009,0.0026639722165597243,0.9872208307487602,0.001854888930969423,0.0018842138443758642
asthma_v2_copd_P16COPDMc_128.wav,1,1,2,2,0.0008415449335056852,0.0001927125247588358,0.9982239536446933,6.159387035039845e-05,0.0006801950266917796
asthma_v2_copd_P16COPDPr_121.wav,1,1,2,2,1.1490856855088423e-06,7.600734066099086e-07,0.9990017894250738,4.942999127120999e-06,0.0009913584167070097
asthma_v2_copd_P17COPDPr_135.wav,1,1,2,2,0.004035507758190655,0.0015988851186019273,0.9911953163349698,0.0004152450444031658,0.002755045743834365
asthma_v2_copd_P18COPDMc_138.wav,1,1,2,2,0.007983883388589028,0.0034586157447767246,0.9849879520326537,0.000527746163870497,0.0030418026701102656
asthma_v2_copd_P18COPDPr_141.wav,1,1,2,2,0.0011297025221405858,0.0001914675773334603,0.9980540122768842,0.00012530436231677507,0.0004995132613248111
asthma_v2_copd_P19COPDMc_146.wav,1,1,2,2,0.014047958128343453,0.011555867886433148,0.96864642412033,0.001447158516046024,0.004302591348847544
asthma_v2_copd_P19COPDMc_148.wav,1,1,2,2,0.012280859834904168,0.00908978674243069,0.9747895375460892,0.0007740781996264545,0.003065737676949503
asthma_v2_copd_P19COPDMc_150.wav,1,1,2,2,0.024882722337481487,0.0018037290465638108,0.9537268194503848,0.000511383617592248,0.01907534554797765
asthma_v2_copd_P1COPDMc_4.wav,1,1,2,2,0.007083034830280585,0.0016435580239463974,0.9113631019615691,0.004312020900040671,0.07559828428416324
asthma_v2_copd_P1COPDPr_1.wav,1,1,2,0,0.8923310496516659,0.008397303250396048,0.08451664181299236,0.0021891551364218217,0.012565850148523763
asthma_v2_copd_P1COPDPr_3.wav,1,1,2,2,0.019419880401459005,0.0009529268744829253,0.9723649316669183,0.0004533495604448354,0.006808911496695076
asthma_v2_copd_P20COPDMc_154.wav,1,1,2,2,5.409805124877037e-07,6.354424384187028e-07,0.999950940235425,1.0251871400483659e-05,3.7631470223741054e-05
asthma_v2_copd_P20COPDPr_159.wav,1,1,2,2,0.002570345176033173,0.00029237508962851576,0.9955672132514636,0.00030266844944726074,0.0012673980334273005
asthma_v2_copd_P21COPDMc_162.wav,1,1,2,2,0.005201132592121515,0.003249126029750203,0.9888535251339682,0.0005587740535231635,0.0021374421906367284
asthma_v2_copd_P21COPDMc_168.wav,1,1,2,2,0.0061286116703757575,0.0005480941960274713,0.9690673248003919,0.003917728533521148,0.020338240799683688
asthma_v2_copd_P22COPDMc_174.wav,1,1,2,2,0.008916719722273788,0.0018258148489659043,0.9145279204771547,0.018518295701308616,0.05621124925029683
asthma_v2_copd_P24COPDMc_188.wav,1,1,2,2,0.011510046443764757,0.008721489830733817,0.9363582545316945,0.021207502018224893,0.022202707175582138
asthma_v2_copd_P25COPDPr_193.wav,1,1,2,2,0.0008619613289195776,0.00023656547922854017,0.997813664351766,0.000636343513904857,0.0004514653261810949
asthma_v2_copd_P26COPDPr_205.wav,1,1,2,2,0.0004875458585352097,0.00012845877072965173,0.9990666547929454,7.23408440673485e-05,0.00024499973372218645
asthma_v2_copd_P28COPDMc_222.wav,1,1,2,2,2.0382459283295136e-07,4.148581182434339e-07,0.9999263014422847,2.071687632600031e-06,7.100818737163016e-05
asthma_v2_copd_P28COPDPr_217.wav,1,1,2,2,0.0003889576880622488,9.092040785583688e-05,0.9988870439302928,0.00044333305826130324,0.0001897449155275955
asthma_v2_copd_P29COPDPr_229.wav,1,1,2,2,1.8113778843814697e-07,2.7271104058305325e-07,0.9999533903705942,3.071511315778973e-05,1.5440667419021482e-05
asthma_v2_copd_P29COPDPr_231.wav,1,1,2,2,9.526894570274412e-08,7.687775809731002e-08,0.999945833707259,2.4212506105447767e-05,2.978163993187128e-05
asthma_v2_copd_P2COPDMc_10.wav,1,1,2,2,0.0008364405121742002,0.00011571134787765346,0.9986006314065853,0.00014647534945312068,0.0003007413839094913
asthma_v2_copd_P2COPDMc_12.wav,1,1,2,2,0.17429862893985348,0.004636830689633513,0.7989362811543872,0.0022558599929286853,0.019872399223196786
asthma_v2_copd_P2COPDPr_9.wav,1,1,2,2,0.001163245130172178,0.00010296064725483402,0.998012515517381,0.00030606780255483003,0.00041521090263709945
asthma_v2_copd_P30COPDPr_239.wav,1,1,2,2,6.04191679661729e-08,6.845690702608627e-08,0.9999769608312555,1.289246186338806e-05,1.0017830806021883e-05
asthma_v2_copd_P31COPDPr_245.wav,1,1,2,2,0.025841403774689627,0.001151051992990429,0.9715876697975623,0.00039597468385200324,0.00102389975090586
asthma_v2_copd_P32COPDMc_252.wav,1,1,2,2,0.1867364901479139,0.003942300267828085,0.797497820854906,0.00025766530267324223,0.011565723426678816
asthma_v2_copd_P32COPDPr_253.wav,1,1,2,2,0.050347541528468084,0.0020663143514876403,0.9443428176014039,0.001028187746270179,0.002215138772370153
asthma_v2_copd_P33COPDMc_264.wav,1,1,2,2,0.004063479552454991,0.034870410271342016,0.9591736246306374,0.00020349486101066075,0.001688990684555082
asthma_v2_copd_P34COPDMc_268.wav,1,1,2,2,0.009453118375971185,0.2208055913296869,0.7640577774555743,0.0010236584581760557,0.0046598543805914236
asthma_v2_copd_P34COPDMc_270.wav,1,1,2,2,0.002848516885126253,0.014039861831623758,0.9815443487044689,0.00024287363539571475,0.001324398943385313
asthma_v2_copd_P34COPDPr_269.wav,1,1,2,2,0.011755872382609115,0.26968828422663066,0.706282889763766,0.0036256688647414185,0.008647284762253033
asthma_v2_copd_P35COPDPr_273.wav,1,1,2,2,0.021132190022299092,0.005291586874046557,0.8392817441814643,0.003785250571690593,0.1305092283504994
asthma_v2_copd_P35COPDPr_275.wav,1,1,2,2,0.0009236128627272631,0.0024283620409587367,0.9928615729775784,0.0015032988250879842,0.0022831532936474813
asthma_v2_copd_P36COPDMc_284.wav,1,1,2,2,0.00601586213219314,0.0024619962416372434,0.9645362435503634,0.003348133267176365,0.02363776480862975
asthma_v2_copd_P36COPDPr_287.wav,1,1,2,2,0.0005888528921395932,0.0003354580175167916,0.9980756424185687,0.0006425332004591724,0.00035751347131539584
asthma_v2_copd_P37COPDPr_289.wav,1,1,2,2,0.0025943735342993136,0.009006080593011154,0.9854732569866057,0.0007598614934342428,0.002166427392649329
asthma_v2_copd_P37COPDPr_295.wav,1,1,2,2,0.02053209764917684,0.006062576928898016,0.9681848388902078,0.0020336908980427356,0.003186795633674613
asthma_v2_copd_P39COPDPr_305.wav,1,1,2,2,0.009433569223238856,0.00046602073248088924,0.9785727144828221,0.0023797472983099976,0.009147948263148235
asthma_v2_copd_P3COPDPr_21.wav,1,1,2,2,0.007882980509348443,0.002562799178392967,0.9883356638358501,0.000570382382929041,0.0006481740934793177
asthma_v2_copd_P40COPDMc_314.wav,1,1,2,2,0.0035769017454311113,0.014118292101816783,0.9800771698318765,0.0006739418568071301,0.001553694464068579
asthma_v2_copd_P41COPDMc_328.wav,1,1,2,2,0.0009396619609012571,0.0005947167912848885,0.997841434054154,0.0002282857072650508,0.0003959014863946779
asthma_v2_copd_P42COPDMc_336.wav,1,1,2,2,0.001708206195831802,0.0006936619580260256,0.9929810481520269,0.0010230000776314794,0.003594083616483162
asthma_v2_copd_P42COPDPr_331.wav,1,1,2,2,0.00029457540684800466,0.00039459718890893987,0.9989718341352539,0.00018020502960291088,0.0001587882393864157
asthma_v2_copd_P43COPDMc_342.wav,1,1,2,2,0.0013510539684804639,0.00018612222515718778,0.997354136585846,0.0001909883064615579,0.0009176989140548146
asthma_v2_copd_P45COPDPr_355.wav,1,1,2,2,4.6400727263826e-08,3.646691816362077e-08,0.9998992472147357,7.262646898379581e-05,2.8043448634951182e-05
asthma_v2_copd_P46COPDPr_363.wav,1,1,2,2,0.011755614755742215,0.00043266851549835606,0.9763415248589039,0.0015884034451539534,0.009881788424701558
asthma_v2_copd_P47COPDPr_369.wav,1,1,2,2,0.23418347816895546,0.023972080400385985,0.6457517598746977,0.005610158129428523,0.09048252342653193
asthma_v2_copd_P48COPDMc_380.wav,1,1,2,2,0.08715584474429806,0.12175235352577411,0.7647700780977318,0.007861380633053548,0.01846034299914262
asthma_v2_copd_P48COPDPr_383.wav,1,1,2,2,0.0009053225816077272,0.0022290457534117273,0.994343313559604,0.000540459592641225,0.0019818585127348593
asthma_v2_copd_P49COPDMc_390.wav,1,1,2,2,0.00017266419973728658,0.0026406538505775855,0.9940664195711407,0.0019548460932503216,0.0011654162852942221
asthma_v2_copd_P49COPDPr_385.wav,1,1,2,2,0.0013876259096343604,0.0017446384738334902,0.9911814163523789,0.0012417609365088847,0.004444558327644573
asthma_v2_copd_P4COPDMc_26.wav,1,1,2,2,0.0015133358398347126,0.0006319761943414731,0.9956231301484934,0.000986773765321275,0.001244784052009269
asthma_v2_copd_P50COPDMc_396.wav,1,1,2,2,0.00646734130789129,0.001719536327419278,0.9895296434304879,0.0005637012184819474,0.001719777715719195
asthma_v2_copd_P50COPDMc_400.wav,1,1,2,2,0.0005790986659201284,0.000361150568612831,0.9987346363034285,6.650198971973391e-05,0.00025861247231879906
asthma_v2_copd_P51COPDPr_401.wav,1,1,2,2,7.11231245102014e-07,7.008398069432933e-07,0.9999092854785684,7.0014092587136396e-06,8.230104112089235e-05
asthma_v2_copd_P5COPDMc_34.wav,1,1,2,2,0.04745698888048766,0.0016594700411200192,0.9054085471249784,0.008982541871281084,0.036492452082132545
asthma_v2_copd_P5COPDPr_33.wav,1,1,2,2,0.02273109015148682,0.0022949301460233064,0.9670948306524805,0.002022557984307373,0.005856591065702201
asthma_v2_copd_P5COPDPr_37.wav,1,1,2,2,0.0033543807497031218,0.005027450543366472,0.9835915993422949,0.002874638846487378,0.0051519305181479
asthma_v2_copd_P6COPDMc_46.wav,1,1,2,2,0.01579601696165211,0.0014294625493857106,0.9583711873695949,0.008282128237412015,0.016121204881955092
asthma_v2_copd_P7COPDMc_54.wav,1,1,2,2,0.006002167544115398,0.0023978929667347595,0.985129993142949,0.004151307211346706,0.002318639134853898
asthma_v2_copd_P7COPDPr_49.wav,1,1,2,2,0.010568107807775591,0.004788582547000461,0.9572961842985112,0.0029424179263998576,0.024404707420312963
asthma_v2_copd_P7COPDPr_55.wav,1,1,2,2,0.010943788214036534,0.16020837608203423,0.6923438454844605,0.12741689676118162,0.00908709345828687
asthma_v2_copd_P8COPDMc_58.wav,1,1,2,2,0.010969123617734994,0.0024293548935354365,0.9833184374889391,0.0009555826747658749,0.002327501325024574
asthma_v2_copd_P8COPDMc_60.wav,1,1,2,2,0.0011330155828137487,0.00013169812146133963,0.998243029139113,0.000152666752653073,0.0003395904039587474
asthma_v2_copd_P8COPDPr_59.wav,1,1,2,2,0.0016528613296651023,0.000454227560672908,0.9961114067685881,0.0002456100941921943,0.0015358942468818762
asthma_v2_copd_P9COPDMc_72.wav,1,1,2,2,0.001603993237066407,0.00016403880526273147,0.9971262908174886,0.00023190321058245137,0.0008737739296001192
asthma_v2_copd_P9COPDPr_65.wav,1,1,2,2,0.0012353546365756962,0.00010549124596721667,0.9960874193982847,0.0001512977347232585,0.002420436984449063
asthma_v2_copd_P9COPDPr_67.wav,1,1,2,2,0.007371611373705488,0.0006761374629746743,0.9825129671859104,0.0002035633253153632,0.009235720652094445
asthma_v2_healthy_P12Healthy98S.wav,1,1,3,3,0.01169862934321842,0.02995867001812239,0.034866511311085785,0.8584379847077448,0.0650382046198285
asthma_v2_healthy_P15Healthy61S.wav,1,1,3,3,0.03423676317954096,0.0046813356016637934,0.0030581380307432185,0.6140495512554812,0.3439742119325711
asthma_v2_healthy_P15Healthy65S.wav,1,1,3,3,0.011690488972170666,0.012664600915577513,0.03771769930485244,0.9046124984286501,0.03331471237874961
asthma_v2_healthy_P16Healthy38S.wav,1,1,3,3,0.02483971978810778,0.004885226136860283,0.0030480007716283722,0.5921895052609658,0.37503754804243755
asthma_v2_healthy_P16Healthy41S.wav,1,1,3,3,0.031355786097321856,0.005367611325818494,0.001406739820268222,0.6141089659254277,0.34776089683116396
asthma_v2_healthy_P17Healthy58S.wav,1,1,3,3,0.04152591564102554,0.006652205581319911,0.03860905732061976,0.6780085973063811,0.2352042241506536
asthma_v2_healthy_P1Healthy88S.wav,1,1,3,3,0.001481082410942173,0.006791886000681267,0.04804995976424433,0.9266982795072931,0.016978792316839186
asthma_v2_healthy_P1Healthy99S.wav,1,1,3,3,0.0048908945935306905,0.006854135149906352,0.08238080051562638,0.808379995673823,0.09749417406711366
asthma_v2_healthy_P20Healthy59S.wav,1,1,3,3,0.001519929128215396,0.0028768259505516955,0.001448593952879921,0.9410804325765211,0.05307421839183139
asthma_v2_healthy_P20Healthy70S.wav,1,1,3,3,0.001684609033099124,0.0020234076666233794,0.000330621621797466,0.9454309667020999,0.050530394976379546
asthma_v2_healthy_P21Healthy15S.wav,1,1,3,3,0.02196259766820767,0.0035973113842249055,0.017465054001758105,0.8896561283781143,0.06731890856769523
asthma_v2_healthy_P22Healthy88S.wav,1,1,3,3,0.016162342924094433,0.0012488655170833978,0.0017831051315166338,0.5931116234698433,0.38769406295746206
asthma_v2_healthy_P24Healthy95S.wav,1,1,3,3,0.013391383860757335,0.021875958202995958,0.1629259067114093,0.6535766803704008,0.14823007085443643
asthma_v2_healthy_P26Healthy32S.wav,1,1,3,3,0.09813268797831913,0.020084796887361717,0.12851849782910538,0.2987966588256382,0.45446735847957576
asthma_v2_healthy_P2Healthy72S.wav,1,1,3,4,0.03705611583488666,0.00233167692798036,0.012943020779599206,0.17842344301933177,0.769245743438202
asthma_v2_healthy_P2Healthy89S.wav,1,1,3,3,0.02102578364239652,0.001948028247895454,0.012955331753525064,0.60706601461293,0.3570048417432529
asthma_v2_healthy_P4Healthy22S.wav,1,1,3,3,0.0632763688234699,0.2607414229294833,0.051570859837334525,0.36516143105805304,0.2592499173516597
asthma_v2_healthy_P4Healthy77S.wav,1,1,3,3,0.02523212726721492,0.20805067905472646,0.09604320594134254,0.645019274751276,0.02565471298544009
asthma_v2_healthy_P5Healthy92S.wav,1,1,3,3,0.0016347318991061007,0.0009457790118349936,0.004492776756934455,0.9706601263480663,0.022266585984058083
asthma_v2_healthy_P5Healthy96S.wav,1,1,3,3,0.007796995826492586,0.0011993521494484897,0.003800443208279028,0.9211339099600903,0.06606929885568918
asthma_v2_healthy_P6Healthy51S.wav,1,1,3,4,0.33045402527707696,0.013017320507375385,0.012187267109403295,0.15377881630014664,0.49056257080599736
asthma_v2_healthy_P7Healthy39S.wav,1,1,3,3,0.002499837935590138,0.014338084045941505,0.0053943192892877,0.9697238013244156,0.008043957404765356
asthma_v2_healthy_P7Healthy84S.wav,1,1,3,3,0.09295543800647532,0.0021729487287663707,0.031260581150763966,0.4032487952206253,0.47036223689336903
asthma_v2_healthy_P8Healthy48S.wav,1,1,3,3,0.009498023061443542,0.004855307385184003,0.009533629955332794,0.9590415741853777,0.017071465412661774
asthma_v2_healthy_P9Healthy22S.wav,1,1,3,3,0.004449208556201966,0.0012915236023154186,0.002243136007683504,0.98620210297976,0.005814028854039066
asthma_v2_healthy_P9Healthy79S.wav,1,1,3,3,0.010936332427514005,0.0012950807300526855,0.0009096235721320532,0.8666594084783636,0.12019955479193781
asthma_v2_pneumonia_P10Pneumonia80J.wav,1,1,4,4,0.02688225394678184,0.01349193148699337,0.03459016202081177,0.007978953776622187,0.9170566987687906
asthma_v2_pneumonia_P10Pneumonia88R.wav,1,1,4,4,0.32300481374057843,0.010074668011041602,0.006663512866915663,0.003235246587665102,0.6570217587937995
asthma_v2_pneumonia_P12Pneumonia97E.wav,1,1,4,4,0.07611532970488974,0.03619650557585451,0.044497936078237994,0.024295076429253368,0.8188951522117645
asthma_v2_pneumonia_P13Pneumonia33Z.wav,1,1,4,4,0.0911470039573937,0.0023072758957978345,0.004130923898223848,0.018905800399783637,0.883508995848801
asthma_v2_pneumonia_P14Pneumonia62B.wav,1,1,4,0,0.49486667089285025,0.01841200732984412,0.004731263513257572,0.0020531423903325423,0.4799369158737154
asthma_v2_pneumonia_P16Pneumonia78M.wav,1,1,4,4,0.1456745615399387,0.0009057169485320087,0.0019038295288596135,0.05067221397791947,0.8008436780047501
asthma_v2_pneumonia_P1Pneumonia39F.wav,1,1,4,4,0.011359506561038167,0.006095205207963353,0.001261312120355375,0.0021223392519989144,0.9791616368586441
asthma_v2_pneumonia_P21Pneumonia12C.wav,1,1,4,4,0.203017534378315,0.03249719854618979,0.06865859334899901,0.08286527472952944,0.6129613989969669
asthma_v2_pneumonia_P21Pneumonia69Q.wav,1,1,4,4,0.02562969648377777,0.002420524930418294,0.0004513494298707479,0.004129120039199359,0.9673693091167338
asthma_v2_pneumonia_P21Pneumonia95A.wav,1,1,4,3,0.16251178641650893,0.041293270196071784,0.041677134194825355,0.36261289021774606,0.39190491897484825
asthma_v2_pneumonia_P22Pneumonia29K.wav,1,1,4,4,0.20340227010118525,0.002166003575388823,0.0007004405623851206,0.0008374649215296746,0.7928938208395112
asthma_v2_pneumonia_P25Pneumonia11Z.wav,1,1,4,3,0.05996458316744559,0.06322230363719723,0.06471250099101826,0.41544497267550423,0.39665563952883465
asthma_v2_pneumonia_P25Pneumonia16B.wav,1,1,4,4,0.03048614047135523,0.004242577498899037,0.009787528443533536,0.011311678358822817,0.9441720752273894
asthma_v2_pneumonia_P26Pneumonia72P.wav,1,1,4,4,0.027513362146252853,0.0020089223954747925,0.002164648688412273,0.032804339911871726,0.9355087268579881
asthma_v2_pneumonia_P26Pneumonia89E.wav,1,1,4,4,0.01722733719905002,0.0056544259410073764,0.0017492512239537788,0.1211295485380367,0.854239437097952
asthma_v2_pneumonia_P28Pneumonia71A.wav,1,1,4,4,0.021334925583593053,0.0058526907035514044,0.0013832164029547154,0.0014894643535795708,0.9699397029563215
asthma_v2_pneumonia_P28Pneumonia90E.wav,1,1,4,4,0.16023682113437296,0.10090524120322535,0.3157066717521413,0.006333732195531249,0.41681753371472874
asthma_v2_pneumonia_P2Pneumonia93N.wav,1,1,4,4,0.013617483283203386,0.002695008835658326,0.0009590336848782345,0.01175565643375624,0.9709728177625035
asthma_v2_pneumonia_P30Pneumonia70X.wav,1,1,4,4,0.025368673511826926,0.02636582016749053,0.0022480771528739997,0.06293698638844568,0.8830804427793629
asthma_v2_pneumonia_P30Pneumonia85D.wav,1,1,4,4,0.040063422624476694,0.010364184423023325,0.0012178711823274976,0.010856020634544985,0.9374985011356276
asthma_v2_pneumonia_P31Pneumonia16C.wav,1,1,4,4,0.01830663909672506,0.01567690365368675,0.010418623008702183,0.0019675268507683,0.9536303073901181
asthma_v2_pneumonia_P31Pneumonia43V.wav,1,1,4,4,0.13550630377083378,0.009208514028215771,0.00621843718864025,0.0036003406634362435,0.8454664043488738
asthma_v2_pneumonia_P32Pneumonia69E.wav,1,1,4,4,0.02209023809481337,0.01613165682085806,0.006331397854326674,0.004373250122645302,0.9510734571073567
asthma_v2_pneumonia_P32Pneumonia98Y.wav,1,1,4,4,0.015762656603542265,0.031287887104619945,0.003813745592257509,0.003795108540939683,0.9453406021586404
asthma_v2_pneumonia_P32Pneumonia99W.wav,1,1,4,4,0.025023211885286088,0.0369206852388838,0.006763861799484759,0.010713213492247246,0.920579027584098
asthma_v2_pneumonia_P34Pneumonia15R.wav,1,1,4,4,0.01404904294607221,0.013271883612593974,0.0014591711217264683,0.006180262027620557,0.9650396402919869
asthma_v2_pneumonia_P34Pneumonia66M.wav,1,1,4,4,0.09689244513251119,0.006633046984634356,0.0017840448287191862,0.021752980169895374,0.8729374828842403
asthma_v2_pneumonia_P34Pneumonia77O.wav,1,1,4,4,0.01940602552853043,0.008903995791027354,0.0004378601440153423,0.009916850763796833,0.9613352677726297
asthma_v2_pneumonia_P35Pneumonia56D.wav,1,1,4,4,0.02020874537616873,0.009103852528487227,0.001394122556301859,0.1872010339765536,0.7820922455624887
asthma_v2_pneumonia_P35Pneumonia75E.wav,1,1,4,4,0.016067102307651272,0.017576281839521306,0.007878811329152666,0.002014457352770749,0.9564633471709039
asthma_v2_pneumonia_P35Pneumonia99V.wav,1,1,4,4,0.06381022359402161,0.007024645167090579,0.0016976041372590233,0.017241865464926252,0.9102256616367025
asthma_v2_pneumonia_P36Pneumonia57U.wav,1,1,4,0,0.8850426424336527,0.05037883688528987,0.005761648066988309,0.006652059568827399,0.05216481304524166
asthma_v2_pneumonia_P36Pneumonia79Z.wav,1,1,4,4,0.018755227988734677,0.01804476544286827,0.0016625958032864977,0.012284957334023858,0.9492524534310868
asthma_v2_pneumonia_P36Pneumonia86S.wav,1,1,4,0,0.924228690250659,0.03878353872035055,0.0088058414069708,0.00956844186088181,0.018613487761137866
asthma_v2_pneumonia_P37Pneumonia73K.wav,1,1,4,0,0.6645846152505288,0.0771575405501232,0.00927795421157323,0.016404303970919097,0.23257558601685602
asthma_v2_pneumonia_P37Pneumonia73X.wav,1,1,4,0,0.9172847364261373,0.025228022796382043,0.006148658632027634,0.0029896032704377824,0.048348978875015255
asthma_v2_pneumonia_P37Pneumonia84E.wav,1,1,4,4,0.3125742958577849,0.027519176604661605,0.041556692063928945,0.06048530864146278,0.5578645268321617
asthma_v2_pneumonia_P37Pneumonia95J.wav,1,1,4,0,0.837132104104342,0.01322935238396782,0.01335115596746424,0.00821147013531859,0.12807591740890703
asthma_v2_pneumonia_P38Pneumonia34H.wav,1,1,4,0,0.7630625228702618,0.02038877975452527,0.010982143555112562,0.03277464923181878,0.1727919045882815
asthma_v2_pneumonia_P39Pneumonia87S.wav,1,1,4,4,0.14834382198054671,0.03158988317335036,0.03159117121927095,0.004409004499525016,0.7840661191273068
asthma_v2_pneumonia_P3Pneumonia54K.wav,1,1,4,4,0.07766388697459568,0.002344912008926373,0.006092470659285085,0.0006927588026311169,0.9132059715545621
asthma_v2_pneumonia_P3Pneumonia75Z.wav,1,1,4,2,0.010606966739253352,0.0029513763609837085,0.611851643981257,0.12025518706704937,0.25433482585145645
asthma_v2_pneumonia_P41Pneumonia72U.wav,1,1,4,0,0.905090209035541,0.020302962710535385,0.005446884121796159,0.0005169635064932042,0.06864298062563412
asthma_v2_pneumonia_P43Pneumonia89T.wav,1,1,4,3,0.015014810248198892,0.005625705968293555,0.3215071993923083,0.2635420276869349,0.39431025670426434
asthma_v2_pneumonia_P44Pneumonia36U.wav,1,1,4,4,0.08285443660550328,0.009558172994909596,0.1906741923365832,0.07244283258390574,0.644470365479098
asthma_v2_pneumonia_P44Pneumonia47J.wav,1,1,4,4,0.054145564862001394,0.00850220393569852,0.012381556477845404,0.007342019546942827,0.9176286551775114
asthma_v2_pneumonia_P44Pneumonia65N.wav,1,1,4,4,0.047440814063398354,0.014963918738392715,0.01805347028214944,0.14076455021533135,0.7787772467007287
asthma_v2_pneumonia_P45Pneumonia25T.wav,1,1,4,4,0.19131524171096884,0.003066181008321178,0.04561667240145178,0.04012736872868843,0.7198745361505701
asthma_v2_pneumonia_P45Pneumonia59I.wav,1,1,4,4,0.12633191552540238,0.00199647776024656,0.0681817226461263,0.045294739238644535,0.7581951448295797
asthma_v2_pneumonia_P46Pneumonia95A.wav,1,1,4,3,0.028333393375737904,0.01329784530709027,0.08750201293374313,0.6665027960319577,0.20436395235147098
asthma_v2_pneumonia_P47Pneumonia19A.wav,1,1,4,4,0.19582429957395517,0.059426237483884856,0.06184438061925366,0.10399828484097155,0.5789067974819347
asthma_v2_pneumonia_P47Pneumonia69D.wav,1,1,4,4,0.19577713785090542,0.011305727559799274,0.28984962612797643,0.024795661037142994,0.47827184742417567
asthma_v2_pneumonia_P47Pneumonia74Q.wav,1,1,4,4,0.11672500748460891,0.0025752641040838824,0.15024992855373662,0.010331235734380361,0.7201185641231902
asthma_v2_pneumonia_P47Pneumonia98K.wav,1,1,4,4,0.08659287214119736,0.028348004035645455,0.00919357933963836,0.10131934893450538,0.7745461955490134
asthma_v2_pneumonia_P4Pneumonia17R.wav,1,1,4,4,0.01879126818105696,0.0034336675868375153,0.29663078004342847,0.04334308091130315,0.6378012032773741
asthma_v2_pneumonia_P6Pneumonia15U.wav,1,1,4,4,0.23259058482157316,0.00383176997364888,0.060890569109334436,0.007019046773730233,0.6956680293217132
asthma_v2_pneumonia_P7Pneumonia61Q.wav,1,1,4,4,0.048188134123404135,0.002181536569067777,0.018489122570377593,0.01488648633930861,0.9162547203978418
asthma_v2_Bronchial_P10BronchialTc_47.wav,1,2,1,1,0.00663209401366661,0.8812228500709197,0.10410425235176982,0.004023661359601013,0.004017142204043184
asthma_v2_Bronchial_P11BronchialSc_54.wav,1,2,1,3,0.12170965576701426,0.09191909156137533,0.009460171407946787,0.26360877975805724,0.5133023015056063
asthma_v2_Bronchial_P11BronchialTc_55.wav,1,2,1,0,0.8932096201527807,0.025726230280516002,0.009365862016083797,0.0009780772947543261,0.07072021025586515
asthma_v2_Bronchial_P12BronchialSc_58.wav,1,2,1,0,0.917545319775978,0.019481546554141242,0.03091750634650999,0.007788137240588842,0.02426749008278207
asthma_v2_Bronchial_P12BronchialTc_57.wav,1,2,1,0,0.9551522044253932,0.016531597073895555,0.0020437765545658565,0.0004516503227783028,0.025820771623366857
asthma_v2_Bronchial_P14BronchialTc_67.wav,1,2,1,0,0.7399054576464271,0.22768265443158486,0.026153646833610652,0.00036284324695016454,0.005895397841427037
asthma_v2_Bronchial_P14BronchialTc_69.wav,1,2,1,0,0.7668189407450827,0.17267121960546114,0.030883783948463812,0.0007460052474164702,0.028880050453575782
asthma_v2_Bronchial_P15BronchialTc_73.wav,1,2,1,1,0.0048714777082334544,0.9905725626999887,0.001726957606494671,0.0014889732857246512,0.0013400286995586441
asthma_v2_Bronchial_P17BronchialSc_84.wav,1,2,1,1,0.012097485555363293,0.9793033475405574,0.004307875052472116,0.0015767361355218906,0.0027145557160848806
asthma_v2_Bronchial_P18BronchialSc_86.wav,1,2,1,1,0.0016561881200449957,0.9947694826059841,0.0015302540334912176,0.0014212117848621947,0.0006228634556174495
asthma_v2_Bronchial_P18BronchialSc_88.wav,1,2,1,1,0.014589129933098032,0.9637388550532188,0.015261098959653255,0.00082473165140096,0.005586184402628891
asthma_v2_Bronchial_P1BronchialSc_4.wav,1,2,1,1,0.031435342716188516,0.9356461090189833,0.022225452293578307,0.003950451601469789,0.0067426443697798585
asthma_v2_Bronchial_P1BronchialTc_1.wav,1,2,1,1,0.029959044637532777,0.9403621360112937,0.019901150075853573,0.003401926823565345,0.00637574245175467
asthma_v2_Bronchial_P1BronchialTc_5.wav,1,2,1,1,0.023701918821155073,0.9555389104161379,0.013595755762634524,0.002162546357653457,0.005000868642419027
asthma_v2_Bronchial_P20BronchialSc_98.wav,1,2,1,1,0.04344224449168045,0.8108974969702983,0.12910604399312098,0.0065111282996358835,0.0100430862452643
asthma_v2_Bronchial_P21BronchialTc_103.wav,1,2,1,1,0.03380042026025186,0.5268840254974719,0.028028065608416565,0.19534125476291472,0.215946233870945
asthma_v2_Bronchial_P2BronchialTc_7.wav,1,2,1,1,0.07570976862169723,0.7764704527900405,0.04687416227656804,0.04931399345756314,0.051631622854130726
asthma_v2_Bronchial_P3BronchialSc_14.wav,1,2,1,1,0.007583680355864214,0.9459259502899336,0.024647768707799337,0.015022476614580093,0.0068201240318223385
asthma_v2_Bronchial_P3BronchialTc_15.wav,1,2,1,1,0.007739671520260894,0.9525966966431364,0.016299419656959194,0.018860499151327325,0.004503713028316332
asthma_v2_Bronchial_P4BronchialSc_18.wav,1,2,1,1,0.020390065639865,0.9523849997830935,0.004975193094705046,0.007767071693686589,0.014482669788650308
asthma_v2_Bronchial_P7BronchialSc_32.wav,1,2,1,1,0.006382703004271775,0.9602216271289904,0.017933646075590996,0.012570454079173298,0.002891569711973727
asthma_v2_asthma_P11WheezingIE_53.wav,1,2,0,0,0.7898187932218699,0.06763988633402353,0.014781779330870796,0.006843033405896254,0.12091650770733957
asthma_v2_asthma_P11WheezingIU_54.wav,1,2,0,0,0.7912121936513551,0.07110431133827926,0.005502446862002473,0.013905099184095328,0.11827594896426787
asthma_v2_asthma_P11WheezingRL_55.wav,1,2,0,0,0.8212223889979898,0.07373263951249892,0.03176527006400942,0.011391219428522682,0.06188848199697926
asthma_v2_asthma_P13WheezingIE_65.wav,1,2,0,0,0.8270115809306148,0.044187871657315574,0.015401363731484468,0.0016218047579984879,0.11177737892258627
asthma_v2_asthma_P13WheezingRS_64.wav,1,2,0,0,0.8654918767783463,0.01425615580358258,0.029811277932108672,0.0014917160949718261,0.08894897339099075
asthma_v2_asthma_P14WheezingRL_67.wav,1,2,0,0,0.8879443329999454,0.003905308076117735,0.007121223928279179,0.0039655356421889314,0.09706359935346869
asthma_v2_asthma_P15WheezingIE_73.wav,1,2,0,0,0.9240599135599863,0.009316420847565867,0.0031554866231213595,0.0018412774452300261,0.06162690152409684
asthma_v2_asthma_P16WheezingIU_78.wav,1,2,0,0,0.803554829819992,0.005856499594460268,0.020810078202713075,0.004938286127491649,0.16484030625534302
asthma_v2_asthma_P16WheezingRL_79.wav,1,2,0,0,0.5051910596390413,0.0016696455030313798,0.014933229557251798,0.015321182494444465,0.4628848828062308
asthma_v2_asthma_P17WheezingRS_84.wav,1,2,0,0,0.9354803903288559,0.0072214766650374376,0.0032170752729371835,0.0012196244514204478,0.0528614332817488
asthma_v2_asthma_P18WheezingIE_89.wav,1,2,0,0,0.9400168078581732,0.02891560621547685,0.003127197101276614,0.001968793471870673,0.025971595353202717
asthma_v2_asthma_P18WheezingRL_87.wav,1,2,0,3,0.045257670682284507,0.021740388387777594,0.011213793442956888,0.8450537813531376,0.0767343661338432
asthma_v2_asthma_P19WheezingRS_92.wav,1,2,0,0,0.4432851743882443,0.026172910005346262,0.0148841529973541,0.19766191222424723,0.3179958503848078
asthma_v2_asthma_P1AsthmaRL_3.wav,1,2,0,4,0.4814710516899138,0.0013867540988802027,0.008024950618279075,0.024320052811549576,0.4847971907813776
asthma_v2_asthma_P21WheezingIE_101.wav,1,2,0,0,0.5291873861159426,0.053845541813776245,0.008622575385239192,0.0956405889201189,0.31270390776492324
asthma_v2_asthma_P21WheezingRS_104.wav,1,2,0,0,0.5676656218218726,0.04060944044833119,0.06654394527144109,0.006737171964550174,0.31844382049380515
asthma_v2_asthma_P23WheezingIU_114.wav,1,2,0,0,0.9091215332203905,0.01513562276714106,0.015545320932879794,0.00017202198781250398,0.06002550109177654
asthma_v2_asthma_P23WheezingRL_115.wav,1,2,0,0,0.699444391716503,0.12618869983836192,0.10037587266666191,0.009063451720713862,0.06492758405775943
asthma_v2_asthma_P25WheezingIE_125.wav,1,2,0,0,0.5950184275037198,0.030170088051959653,0.013384796069824078,0.16070878981726722,0.20071789855722927
asthma_v2_asthma_P26WheezingIU_126.wav,1,2,0,0,0.6999405346762869,0.023223664692807885,0.010664171286330909,0.19370869144986624,0.07246293789470792
asthma_v2_asthma_P30WheezingIU_146.wav,1,2,0,0,0.5798951149976905,0.0010617866202335382,0.0012463919281586098,0.0004288889704122713,0.4173678174835052
asthma_v2_asthma_P30WheezingRL_147.wav,1,2,0,0,0.7910841097614991,0.02214416826513098,0.011562677337116113,0.0009072854303695858,0.17430175920588412
asthma_v2_asthma_P31WheezingRL_151.wav,1,2,0,0,0.7083661524036274,0.022539780154745944,0.03508571271569532,0.001443471804859156,0.2325648829210722
asthma_v2_asthma_P31WheezingRS_152.wav,1,2,0,0,0.3597078704394554,0.05453864343192974,0.009069555704340704,0.1345899736101771,0.44209395681409686
asthma_v2_asthma_P32WheezingRS_160.wav,1,2,0,0,0.7099553504669339,0.009342471135782127,0.005650693082606971,0.003144403806385865,0.27190708150829124
asthma_v2_asthma_P33WheezingIU_162.wav,1,2,0,0,0.7722196022718957,0.024777283472152124,0.06697179559096662,0.002195627936411873,0.13383569072857357
asthma_v2_asthma_P33WheezingRS_164.wav,1,2,0,0,0.9113725907626921,0.007831164363543298,0.029781595491993346,0.0010443062712768877,0.049970343110494024
asthma_v2_asthma_P34WheezingIE_169.wav,1,2,0,0,0.9635880769307392,0.004180807224403236,0.001555695540215236,0.0022314096973108013,0.028444010607331267
asthma_v2_asthma_P35WheezingRL_171.wav,1,2,0,0,0.9281090216149268,0.00977630653199364,0.002556800153934684,0.0014735952681492962,0.058084276430995584
asthma_v2_asthma_P37WheezingIE_185.wav,1,2,0,0,0.8742647469224651,0.02994951330758845,0.06362595163447696,0.0023742301461231762,0.029785557989346453
asthma_v2_asthma_P38WheezingIU_190.wav,1,2,0,0,0.8633317300129636,0.02543622315600594,0.07822290266407658,0.0076534962253509845,0.025355647941602666
asthma_v2_asthma_P38WheezingRS_188.wav,1,2,0,0,0.8119878171998882,0.024821563097776084,0.12037861247982803,0.010705566097701074,0.03210644112480648
asthma_v2_asthma_P39WheezingIE_193.wav,1,2,0,0,0.9299293705031318,0.012622508627727399,0.016822831899031665,0.0005558327179597129,0.04006945625214958
asthma_v2_asthma_P3AsthmaIU_14.wav,1,2,0,0,0.9423573678490104,0.006353832698376696,0.0023530947760309812,0.0009118087182816625,0.04802389595830043
asthma_v2_asthma_P3AsthmaRL_15.wav,1,2,0,0,0.930119733316044,0.0033859447732055704,0.013434661842132288,0.0015803608505728494,0.0514792992180452
asthma_v2_asthma_P40WheezingIU_198.wav,1,2,0,0,0.951134138428703,0.017582831533268804,0.026675314485431728,0.00011186372174257385,0.004495851830853723
asthma_v2_asthma_P41WheezingRS_204.wav,1,2,0,0,0.8249136497228424,0.007475288715868984,0.06104751977165543,0.0012288684088769502,0.10533467338075637
asthma_v2_asthma_P43WheezingRL_211.wav,1,2,0,0,0.47483315690248873,0.017037129649327874,0.4721944236041988,0.01232380282520296,0.023611487018781595
asthma_v2_asthma_P46WheezingRL_227.wav,1,2,0,0,0.8592468976267216,0.019734089442435057,0.10145991693861058,0.001954031852907739,0.017605064139325173
asthma_v2_asthma_P46WheezingRS_228.wav,1,2,0,0,0.6280493022116631,0.12486863019564579,0.22670170432028403,0.0028535567096402417,0.01752680656276711
asthma_v2_asthma_P48WheezingIE_237.wav,1,2,0,0,0.8968778802494298,0.010043370345530893,0.026775778735328146,0.0011495344416056613,0.06515343622810539
asthma_v2_asthma_P48WheezingIU_238.wav,1,2,0,0,0.935898776542798,0.008499797101152819,0.030698316512916855,0.002028082533830373,0.022875027309302062
asthma_v2_asthma_P49WheezingIE_241.wav,1,2,0,0,0.7360635483835998,0.006840063801381665,0.00849962473669092,0.0019387173023552747,0.24665804577597256
asthma_v2_asthma_P4AsthmaRS_20.wav,1,2,0,0,0.8935302417259176,0.027440899862661725,0.006406333628120669,0.0018374549719459893,0.07078506981135402
asthma_v2_asthma_P50WheezingRS_248.wav,1,2,0,0,0.841979595217366,0.03123173395352393,0.013563470644227667,0.0009656574215747696,0.11225954276330777
asthma_v2_asthma_P51WheezingIU_254.wav,1,2,0,0,0.9027833096503287,0.03521570761076178,0.03307842220546389,0.0006607828031410056,0.028261777730304707
asthma_v2_asthma_P52WheezingIE_257.wav,1,2,0,0,0.8983197776527807,0.006230058123416641,0.07114530281814832,0.0010420345822156462,0.02326282682343885
asthma_v2_asthma_P52WheezingRL_259.wav,1,2,0,0,0.9324206665189039,0.008146517411968002,0.01214917627441771,0.0006277614564151678,0.046655878338295605
asthma_v2_asthma_P53WheezingIE_261.wav,1,2,0,0,0.7675071681079095,0.06543501934410428,0.044078901094067764,0.003458665623236684,0.11952024583068202
asthma_v2_asthma_P54WheezingIE_269.wav,1,2,0,4,0.24283703083125488,0.2676961134443098,0.06880854209656061,0.03280769528322687,0.38785061834464774
asthma_v2_asthma_P56WheezingRL_279.wav,1,2,0,0,0.7414212343215303,0.11047820232744468,0.06680319973476384,0.004490018334845294,0.07680734528141596
asthma_v2_asthma_P57WheezingIE_285.wav,1,2,0,4,0.39285060945885925,0.14304827980242835,0.007394420635020786,0.04699972434475876,0.40970696575893295
asthma_v2_asthma_P57WheezingRL_283.wav,1,2,0,4,0.13056643763137887,0.0067457675151704555,0.0029307719258610723,0.000990385053786384,0.8587666378738031
asthma_v2_asthma_P5AsthmaRS_24.wav,1,2,0,0,0.7939073454869767,0.0037723491827686964,0.0025235513371355874,0.0055561472751108785,0.19424060671800772
asthma_v2_asthma_P6AsthmaRS_28.wav,1,2,0,0,0.834189451086319,0.0036208163569840476,0.015717438548839315,0.0028049439101918107,0.14366735009766574
asthma_v2_asthma_P7AsthmaIE_33.wav,1,2,0,0,0.9409678229833306,0.02914172014143335,0.007807658802668023,0.0012035820573191923,0.020879216015249155
asthma_v2_asthma_P7AsthmaRL_31.wav,1,2,0,0,0.8115510879268655,0.002399019267876079,0.016473093007328313,0.006543000622767793,0.1630337991751622
asthma_v2_copd_P10COPDMc_74.wav,1,2,2,0,0.6251608148629653,0.1824259598531927,0.13111001279131085,0.031491408532705614,0.0298118039598255
asthma_v2_copd_P11COPDMc_84.wav,1,2,2,2,0.03404862383354738,0.0026903933609173183,0.9602279578071709,0.0013294222818016844,0.0017036027165625686
asthma_v2_copd_P11COPDPr_87.wav,1,2,2,2,0.0010890849859816545,0.002731856148574621,0.9956505386794644,0.00043977835107777996,8.874183490142466e-05
asthma_v2_copd_P12COPDMc_94.wav,1,2,2,2,0.004268602007175667,0.006313609018603884,0.9887061659118876,0.0005701951833372799,0.0001414278789957172
asthma_v2_copd_P12COPDPr_91.wav,1,2,2,2,0.04203031432957667,0.016508092952687084,0.9378163933425074,0.0028873936212833536,0.0007578057539452624
asthma_v2_copd_P12COPDPr_95.wav,1,2,2,2,0.0013674566766349045,0.006880768023496148,0.989200229716832,0.0020681814449264647,0.0004833641381105462
asthma_v2_copd_P13COPDMc_100.wav,1,2,2,2,0.0029230190663003994,0.027720827901035645,0.9524377996489755,0.014699973170336238,0.002218380213352191
asthma_v2_copd_P13COPDMc_104.wav,1,2,2,2,0.00126762000052393,0.0015350592752998373,0.9962291052435072,0.00012273726061549862,0.0008454782200536059
asthma_v2_copd_P13COPDPr_101.wav,1,2,2,2,0.012509199586136539,0.012002195523593351,0.9703243699162477,0.00017463631360785864,0.004989598660414199
asthma_v2_copd_P14COPDMc_110.wav,1,2,2,2,0.02362983341964716,0.005193197189719882,0.9292378385251777,0.0007678782817737124,0.0411712525836816
asthma_v2_copd_P16COPDMc_124.wav,1,2,2,2,2.82793477845616e-07,1.906461450313939e-07,0.9995268042216207,1.2065284735647363e-05,0.00046065705402092587
asthma_v2_copd_P16COPDMc_126.wav,1,2,2,2,1.3644821104090325e-07,8.469114462593806e-08,0.9999037132873166,3.17351238019477e-06,9.289206094750781e-05
asthma_v2_copd_P17COPDPr_131.wav,1,2,2,2,0.003582523497226309,0.0007696286443145406,0.9908103797694937,0.0036604406061178664,0.0011770274828474003
asthma_v2_copd_P19COPDPr_147.wav,1,2,2,2,0.006685786448242185,0.00782280317518992,0.9800851891142269,0.0011789567944272376,0.004227264467913301
asthma_v2_copd_P1COPDMc_6.wav,1,2,2,2,0.0018345844715196345,0.000552698566423906,0.9825833401102829,0.001206514085536238,0.013822862766237093
asthma_v2_copd_P1COPDPr_5.wav,1,2,2,2,0.0005290091119050356,0.0016681906388472775,0.9961717106494866,0.0003586317466609047,0.0012724578531003248
asthma_v2_copd_P1COPDPr_7.wav,1,2,2,2,0.0008245172148764839,0.0021990224422607473,0.9933112640556566,0.0013342599286764228,0.00233093635852971
asthma_v2_copd_P20COPDPr_155.wav,1,2,2,2,0.24129798419969783,0.020076282737096586,0.6784569324634913,0.005755232810297631,0.05441356778941655
asthma_v2_copd_P21COPDPr_165.wav,1,2,2,2,0.011506800655453177,0.04151542958394975,0.932658086402914,0.0006095908928418042,0.013710092464841414
asthma_v2_copd_P22COPDMc_170.wav,1,2,2,2,0.002099535873395271,0.001142206703254135,0.9895476669787363,0.0033613977299755873,0.003849192714639129
asthma_v2_copd_P22COPDMc_172.wav,1,2,2,2,0.0004969619314382555,0.0006416702958445873,0.9873247646608033,0.008471675895691467,0.0030649272162222058
asthma_v2_copd_P22COPDPr_169.wav,1,2,2,2,0.00101175838499077,0.0003068857315925796,0.9955618694293957,0.0010807605691714039,0.002038725884849517
asthma_v2_copd_P22COPDPr_175.wav,1,2,2,2,0.006503813850732745,0.002227713569762957,0.9008356494728248,0.02862715158262974,0.06180567152404987
asthma_v2_copd_P23COPDMc_180.wav,1,2,2,2,0.001454685586300535,0.0006719933109438537,0.9908084655249608,0.0049507948807544,0.0021140606970407234
asthma_v2_copd_P24COPDMc_186.wav,1,2,2,2,0.002221757516723778,0.005209241861144162,0.9854319093454008,0.003086190963073865,0.004050900313657228
asthma_v2_copd_P24COPDPr_189.wav,1,2,2,2,0.02129577638048145,0.01145617727815609,0.6065429010815914,0.15662361210883022,0.20408153315094082
asthma_v2_copd_P25COPDMc_194.wav,1,2,2,2,0.00020459082308112162,0.011543445850634236,0.9802134213158114,0.00734229097611278,0.0006962510343606738
asthma_v2_copd_P25COPDMc_196.wav,1,2,2,2,0.0007443623848597221,0.02269116245173715,0.9600837634670562,0.01494390706790701,0.0015368046284399293
asthma_v2_copd_P25COPDPr_195.wav,1,2,2,2,0.0005780971003885148,0.023199521706736996,0.9594050066981432,0.015280392346042181,0.001536982148689007
asthma_v2_copd_P26COPDMc_208.wav,1,2,2,2,0.0033712053374224593,0.0043255258428938044,0.9885173958647248,0.0020741006699451442,0.0017117722850139231
asthma_v2_copd_P26COPDPr_201.wav,1,2,2,2,7.389455791113225e-08,8.21333464204667e-08,0.9998482628444303,0.00011393235231997942,3.7648775345442285e-05
asthma_v2_copd_P28COPDMc_224.wav,1,2,2,2,0.000715878600576472,0.000978645929607622,0.9975837964951842,0.00031784442996449203,0.0004038345446672385
asthma_v2_copd_P28COPDPr_219.wav,1,2,2,2,0.001628324173920918,0.0018285730086984877,0.995439012487134,0.0005063699093181663,0.000597720420928403
asthma_v2_copd_P29COPDMc_232.wav,1,2,2,2,3.570628444367247e-08,2.990340858736408e-08,0.9999031433416765,6.770335967170205e-05,2.908768895866097e-05
asthma_v2_copd_P2COPDPr_13.wav,1,2,2,0,0.7257209405901744,0.0030083163350324666,0.23669695338369062,0.0038388036151857825,0.0307349860759169
asthma_v2_copd_P30COPDMc_236.wav,1,2,2,2,0.000836562481971851,0.0009344854263013487,0.9958281545602783,0.0020309705758041158,0.0003698269556444372
asthma_v2_copd_P30COPDPr_233.wav,1,2,2,2,0.001458640657107553,0.0001818924340001299,0.9948616011886319,0.0004888022886993499,0.003009063431560992
asthma_v2_copd_P31COPDMc_248.wav,1,2,2,0,0.4323177982466776,0.008103006758147948,0.545239967246242,0.0011541544507693029,0.013185073298162708
asthma_v2_copd_P31COPDPr_243.wav,1,2,2,3,0.005707422789041226,0.007922015851317445,0.20355945351844992,0.7741189359138436,0.008692171927347924
asthma_v2_copd_P32COPDMc_254.wav,1,2,2,2,0.019205262546270082,0.0006273080234676817,0.9794748433734064,0.00027323547866860365,0.0004193505781871242
asthma_v2_copd_P32COPDMc_256.wav,1,2,2,2,0.08869591202361161,0.003677299838694253,0.904667303372737,0.0010520962635625192,0.001907388501394431
asthma_v2_copd_P32COPDPr_249.wav,1,2,2,0,0.3715221136444627,0.020487279889143603,0.5705700553801721,0.006553333170830216,0.030867217915391168
asthma_v2_copd_P33COPDMc_260.wav,1,2,2,4,0.0166194168952187,0.06602721180624013,0.6362727812873645,0.03909639489807598,0.24198419511310088
asthma_v2_copd_P33COPDPr_257.wav,1,2,2,2,0.013201544828811435,0.000854797366133002,0.9854909523257357,0.0001258148196109786,0.0003268906597090848
asthma_v2_copd_P35COPDMc_276.wav,1,2,2,2,0.0008280757974269873,0.0008688514354457258,0.9976272445041989,0.00026345759077559097,0.00041237067215272005
asthma_v2_copd_P35COPDPr_279.wav,1,2,2,2,0.0006856776041664415,0.0007454978918123123,0.9975850866550885,0.0006158999544767094,0.00036783789445601114
asthma_v2_copd_P37COPDMc_290.wav,1,2,2,2,0.001446345099273042,0.010499488525742071,0.9863467239822865,0.0011990288890227632,0.0005084135036757259
asthma_v2_copd_P37COPDMc_292.wav,1,2,2,2,0.007388967385586881,0.016153584492271368,0.9735533885191621,0.0007390018623170664,0.0021650577406624612
asthma_v2_copd_P37COPDMc_296.wav,1,2,2,2,0.006577237435215799,0.0036979873213312214,0.9865207640681968,0.0019185602907107549,0.0012854508845454632
asthma_v2_copd_P38COPDPr_299.wav,1,2,2,2,0.03565611378928315,0.0035967406785248754,0.9487666517659501,0.0010611747369180496,0.010919319029324078
asthma_v2_copd_P39COPDMc_310.wav,1,2,2,2,0.000633721444786416,0.0059167573845166944,0.9915417079709308,0.0007469173856089001,0.0011608958141569165
asthma_v2_copd_P39COPDPr_307.wav,1,2,2,2,0.006145954308480766,0.003736064161775237,0.9629645612351313,0.0019318904407189489,0.025221529853893785
asthma_v2_copd_P39COPDPr_309.wav,1,2,2,2,0.0007718991091610334,0.007382275380242397,0.9897582575370858,0.0007481278235807748,0.0013394401499298813
asthma_v2_copd_P41COPDMc_322.wav,1,2,2,2,0.00046925573504882586,0.00021113081101374528,0.999069155010893,7.47011959207002e-05,0.0001757572471239729
asthma_v2_copd_P41COPDMc_326.wav,1,2,2,2,0.0016310399437749307,0.004566328926929393,0.9917537705015148,0.0008505181727107246,0.0011983424550698217
asthma_v2_copd_P41COPDPr_325.wav,1,2,2,2,0.0010237218348816781,0.0004989351055070633,0.9971439349360409,0.0008621981893653891,0.00047120993420496875
asthma_v2_copd_P42COPDPr_329.wav,1,2,2,2,0.0006454505405610703,0.0011717266093905136,0.9967361729532112,0.0007337557887377435,0.0007128941080993184
asthma_v2_copd_P43COPDMc_338.wav,1,2,2,2,0.00022522123589203592,0.0009004030255321773,0.9984485773045592,0.00011412592408706312,0.000311672509929739
asthma_v2_copd_P43COPDMc_344.wav,1,2,2,2,0.00024706386838689245,0.0011757870733240681,0.9977577065237694,0.0002269347587302889,0.0005925077757894761
asthma_v2_copd_P43COPDPr_341.wav,1,2,2,2,0.000763224998365556,0.00010296680215387268,0.9977319969666202,0.00015676661993127238,0.0012450446129292994
asthma_v2_copd_P44COPDMc_348.wav,1,2,2,4,0.016710156597366268,0.0042226624649433315,0.5649341230827778,0.014618381728225514,0.399514676126687
asthma_v2_copd_P44COPDPr_351.wav,1,2,2,2,0.0007623718723030908,0.04340754656612654,0.9474105798310855,0.007652739935838273,0.0007667617946467565
asthma_v2_copd_P45COPDMc_356.wav,1,2,2,2,2.9870995935979854e-07,2.1228842088003255e-07,0.9993694918948097,0.0005088249233689709,0.00012117218344099822
asthma_v2_copd_P45COPDMc_358.wav,1,2,2,3,0.06985336972410798,0.027122658008392263,0.5438822535754835,0.2640224266518839,0.09511929204013264
asthma_v2_copd_P45COPDPr_357.wav,1,2,2,2,2.138668693417601e-08,1.5599700146525938e-08,0.9998850816876763,8.950698001403645e-05,2.5374345922581207e-05
asthma_v2_copd_P46COPDMc_362.wav,1,2,2,2,0.005268385938449178,0.0021817092012721344,0.9839530940733604,0.0021342493512438152,0.006462561435674471
asthma_v2_copd_P46COPDMc_368.wav,1,2,2,2,0.02272267053017466,0.004406343383143245,0.9589678056673477,0.0007331606513876716,0.013170019767946578
asthma_v2_copd_P47COPDPr_371.wav,1,2,2,4,0.04478199951710256,0.06357259563576728,0.3045414072262981,0.005188390561552431,0.5819156070592792
asthma_v2_copd_P47COPDPr_375.wav,1,2,2,2,0.0008724575082958921,0.013961086970177642,0.9753932578525354,0.007615880011226618,0.0021573176577646767
asthma_v2_copd_P49COPDMc_388.wav,1,2,2,2,0.00034592209902778556,0.0017666451531327873,0.9876311579020981,0.004637399030300684,0.005618875815440653
asthma_v2_copd_P4COPDMc_32.wav,1,2,2,2,0.03292623258364594,0.0017472746853021486,0.9348744294677955,0.009862023028625919,0.020590040234630794
asthma_v2_copd_P4COPDPr_25.wav,1,2,2,2,0.0004393765108637441,0.0009814219028635648,0.9977793704648812,0.0004988110493750006,0.00030102007201662307
asthma_v2_copd_P5COPDMc_38.wav,1,2,2,2,0.0011561908145377123,0.008176056230556507,0.9866764115678712,0.0012888479629346004,0.0027024934240997903
asthma_v2_copd_P5COPDMc_40.wav,1,2,2,2,0.04347176912822302,0.009738970887864257,0.9295260695018629,0.007717142946520004,0.009546047535529636
asthma_v2_copd_P5COPDPr_35.wav,1,2,2,2,0.05733376113361825,0.03572155074207526,0.8977672157845215,0.00589845785026054,0.0032790144895249364
asthma_v2_copd_P6COPDMc_48.wav,1,2,2,4,0.022985875718252585,0.004270954712459503,0.3154029693902608,0.08095947351494331,0.5763807266640838
asthma_v2_copd_P7COPDMc_52.wav,1,2,2,2,0.013586110760901307,0.006031036564082339,0.9753511002674202,0.0015509542419100864,0.003480798165686071
asthma_v2_copd_P7COPDPr_53.wav,1,2,2,2,0.006496943227710856,0.0022802643230170156,0.9835843576297998,0.0057855424067323824,0.001852892412740179
asthma_v2_copd_P8COPDMc_64.wav,1,2,2,2,0.00796323080841627,0.0007980910664563413,0.985794183564556,0.0012985183133582083,0.0041459762472129255
asthma_v2_copd_P9COPDMc_66.wav,1,2,2,2,0.001291134758299063,5.474875487913276e-05,0.9979984756728933,0.00010082536863928857,0.0005548154452894691
asthma_v2_copd_P9COPDMc_68.wav,1,2,2,2,7.366120460220227e-07,5.015445426389188e-07,0.9995944278857083,7.467177952456926e-05,0.0003296621781785807
asthma_v2_healthy_P11Healthy38S.wav,1,2,3,3,0.008785098654461561,0.005931954677094992,0.008406537532766361,0.9655684067572881,0.011308002378389234
asthma_v2_healthy_P11Healthy60S.wav,1,2,3,3,0.007547429132309954,0.0011810012077303127,0.051445365802672734,0.8695720003680557,0.07025420348923145
asthma_v2_healthy_P13Healthy69S.wav,1,2,3,3,0.018519371139552245,0.026179009626538966,0.012190279203473015,0.8947046014475525,0.0484067385828833
asthma_v2_healthy_P14Healthy53S.wav,1,2,3,3,0.010581867270596134,0.005790706218055099,0.016811237477552043,0.9542892642358689,0.012526924797928144
asthma_v2_healthy_P15Healthy14S.wav,1,2,3,3,0.040339575944650416,0.17509811233063385,0.04038144342173584,0.5069000021993624,0.23728086610361734
asthma_v2_healthy_P15Healthy93S.wav,1,2,3,3,0.041105013907218414,0.032355247017081194,0.049643326811437676,0.8481059220003014,0.028790490263961206
asthma_v2_healthy_P17Healthy22S.wav,1,2,3,3,0.00961737631686506,0.01374596862549243,0.009393635249617737,0.7793302531903796,0.18791276661764533
asthma_v2_healthy_P17Healthy35S.wav,1,2,3,3,0.008795897364972454,0.01319019656139466,0.004151668266969576,0.7799055558020815,0.19395668200458166
asthma_v2_healthy_P19Healthy47S.wav,1,2,3,3,0.26539865569988685,0.20021951916266162,0.05330337491622094,0.24822637923279714,0.23285207098843325
asthma_v2_healthy_P19Healthy55S.wav,1,2,3,3,0.0021489611222821527,0.002104416115692911,0.000651390220883708,0.9533628352339226,0.04173239730721857
asthma_v2_healthy_P1Healthy55S.wav,1,2,3,3,0.0018268410754729728,0.001325942287454795,0.008027479715068854,0.9802123521762027,0.008607384745800662
asthma_v2_healthy_P1Healthy86S.wav,1,2,3,3,0.001139406883936309,0.01761873128677476,0.0417787414031244,0.9345616488025368,0.004901471623627557
asthma_v2_healthy_P21Healthy38S.wav,1,2,3,3,0.02104678621175898,0.005137562126072775,0.013276742471408453,0.751950270247971,0.20858863894278837
asthma_v2_healthy_P22Healthy50S.wav,1,2,3,3,0.09586018958055213,0.008743377761030017,0.004810536483718954,0.7439764317852604,0.1466094643894386
asthma_v2_healthy_P23Healthy24S.wav,1,2,3,3,0.02384003382362383,0.0010974959839977665,0.0007543678700257253,0.586534067598977,0.3877740347233759
asthma_v2_healthy_P24Healthy58S.wav,1,2,3,3,0.002441052548047657,0.006290705379708345,0.0008123164705997299,0.9612052653563933,0.02925066024525126
asthma_v2_healthy_P24Healthy63S.wav,1,2,3,3,0.007353732447061275,0.008085980452542373,0.051957065750194244,0.8308930316128549,0.10171018973734737
asthma_v2_healthy_P25Healthy42S.wav,1,2,3,3,0.0469736397061574,0.008000993698490527,0.012022627381098458,0.8296373605843308,0.10336537862992273
asthma_v2_healthy_P25Healthy72S.wav,1,2,3,3,0.11013280186373682,0.01630774201052003,0.042552862514244144,0.6264446354157848,0.2045619581957144
asthma_v2_healthy_P25Healthy88S.wav,1,2,3,3,0.007484570087766021,0.0027550267525659694,0.002171441634220242,0.9083641467629426,0.07922481476250501
asthma_v2_healthy_P26Healthy48S.wav,1,2,3,3,0.39278516230195437,0.08696868982714903,0.030485527692002544,0.3205976759912006,0.1691629441876933
asthma_v2_healthy_P26Healthy76S.wav,1,2,3,3,0.013745016434463731,0.0031773561761315205,0.0059732266408550885,0.8087024043658535,0.16840199638269626
asthma_v2_healthy_P27Healthy73S.wav,1,2,3,3,0.0014086280964027865,0.005851156614538754,0.0003828188561288341,0.9826739381971691,0.009683458235760398
asthma_v2_healthy_P27Healthy92S.wav,1,2,3,3,0.0014183011039834953,0.002265521592097538,0.0001912636769711087,0.9880630780850332,0.00806183554191475
asthma_v2_healthy_P3Healthy57S.wav,1,2,3,3,0.029167478758728913,0.021669634681568885,0.0039375875438037835,0.9035412053770278,0.04168409363887108
asthma_v2_healthy_P5Healthy87S.wav,1,2,3,3,0.006558703301985607,0.019341232780450076,0.010062983496887504,0.9380762635548375,0.025960816865839637
asthma_v2_pneumonia_P10Pneumonia93W.wav,1,2,4,4,0.032496322535662994,0.006471338890542601,0.04433635434882899,0.026301580534490374,0.8903944036904751
asthma_v2_pneumonia_P10Pneumonia97B.wav,1,2,4,4,0.28459710628974966,0.009611012699258802,0.03293332061067481,0.0012563110625415437,0.6716022493377753
asthma_v2_pneumonia_P11Pneumonia12W.wav,1,2,4,4,0.24913669484203307,0.01683660935032159,0.0048909192874580865,0.026051236060139978,0.7030845404600474
asthma_v2_pneumonia_P12Pneumonia23P.wav,1,2,4,4,0.028840193444447968,0.036573555348876324,0.03555947819662717,0.016615718424177906,0.8824110545858708
asthma_v2_pneumonia_P14Pneumonia87C.wav,1,2,4,4,0.07620223737163569,0.00329418322597317,0.012023241282712803,0.002524514598486676,0.9059558235211914
asthma_v2_pneumonia_P15Pneumonia58S.wav,1,2,4,4,0.0400320540746288,0.010169323855031285,0.0003400878160292986,0.0052671431161223055,0.9441913911381884
asthma_v2_pneumonia_P16Pneumonia42Q.wav,1,2,4,3,0.09689514055548458,0.0018711319607311414,0.0031549949911580184,0.365701686883164,0.5323770456094621
asthma_v2_pneumonia_P16Pneumonia66X.wav,1,2,4,4,0.1275947855279204,0.0011790668968494232,0.000968202167757268,0.1207905287299547,0.7494674166775178
asthma_v2_pneumonia_P17Pneumonia57K.wav,1,2,4,4,0.029678424920047096,0.0014396864548526086,9.292402546891457e-05,0.0009473462801273113,0.9678416183195043
asthma_v2_pneumonia_P17Pneumonia63G.wav,1,2,4,4,0.16143617422771914,0.0404830134341192,0.0013147460192147876,0.026674602570167953,0.7700914637487789
asthma_v2_pneumonia_P17Pneumonia91K.wav,1,2,4,4,0.01635515542056131,0.043474636705515685,0.4975094047624449,0.10837164971319486,0.3342891533982832
asthma_v2_pneumonia_P19Pneumonia75B.wav,1,2,4,4,0.1275474944573737,0.03052037388846673,0.00047625960418320746,0.042907066985199645,0.7985488050647769
asthma_v2_pneumonia_P19Pneumonia90X.wav,1,2,4,3,0.027114163011588078,0.019517129440247086,0.00029619874286460367,0.4970256881779073,0.45604682062739316
asthma_v2_pneumonia_P1Pneumonia93D.wav,1,2,4,4,0.034289770924432555,0.0013953391565454593,0.00021245586135009342,0.0008980572499099132,0.963204376807762
asthma_v2_pneumonia_P1Pneumonia94J.wav,1,2,4,4,0.04844219753835965,0.01727331103201492,0.0027170355808233708,0.017954714112219772,0.9136127417365826
asthma_v2_pneumonia_P20Pneumonia31P.wav,1,2,4,3,0.07881085982303228,0.0043852947778027715,0.002097085540833856,0.6709973485017218,0.24370941135660945
asthma_v2_pneumonia_P20Pneumonia37V.wav,1,2,4,3,0.07105549446227426,0.013525808187574512,0.004362706898810234,0.4998011671006709,0.4112548233506702
asthma_v2_pneumonia_P20Pneumonia58T.wav,1,2,4,4,0.23018993799175502,0.0023343089102761966,0.0020941136350212173,0.1800885684515297,0.5852930710114177
asthma_v2_pneumonia_P21Pneumonia56M.wav,1,2,4,4,0.030974177249666925,0.001991572919697231,0.00016433332695091162,0.004426892702561812,0.9624430238011235
asthma_v2_pneumonia_P21Pneumonia78P.wav,1,2,4,4,0.05659772262694004,0.00121641642091227,0.00020237878494243897,0.0003219880243262635,0.941661494142879
asthma_v2_pneumonia_P22Pneumonia51X.wav,1,2,4,4,0.09668847142455017,0.0028292688247388152,0.04324172730793512,0.013803818733830648,0.843436713708945
asthma_v2_pneumonia_P22Pneumonia55C.wav,1,2,4,4,0.20803251527123276,0.02011255900045857,0.03381379110066551,0.05152793939624946,0.6865131952313935
asthma_v2_pneumonia_P23Pneumonia54P.wav,1,2,4,4,0.16680277680566813,0.005476048023308839,0.06328244800555367,0.015473181867097131,0.7489655452983722
asthma_v2_pneumonia_P25Pneumonia30I.wav,1,2,4,4,0.1148854204825755,0.013032599363177369,0.0058057133878193605,0.2063496136519329,0.6599266531144952
asthma_v2_pneumonia_P25Pneumonia93N.wav,1,2,4,3,0.07495359435613212,0.012358131595556002,0.014416227651069372,0.47932166489556666,0.4189503815016762
asthma_v2_pneumonia_P25Pneumonia97D.wav,1,2,4,4,0.05400988442398274,0.011105311530698138,0.028810658868481696,0.18337695059912695,0.722697194577711
asthma_v2_pneumonia_P26Pneumonia83Z.wav,1,2,4,4,0.06989083217899156,0.0012571766335959763,0.0012840451444017565,0.003822755169192628,0.9237451908738181
asthma_v2_pneumonia_P26Pneumonia84P.wav,1,2,4,4,0.0381242433537183,0.006378404487566785,0.0020636461103841763,0.03363614258702117,0.9197975634613093
asthma_v2_pneumonia_P27Pneumonia37T.wav,1,2,4,4,0.03297798648302677,0.0023653589223723063,0.04573397546104061,0.0035739413278788124,0.9153487378056813
asthma_v2_pneumonia_P29Pneumonia24X.wav,1,2,4,4,0.024198611879849806,0.0036392499957633765,0.0003512246361400235,0.0012041503080256273,0.9706067631802211
asthma_v2_pneumonia_P29Pneumonia51O.wav,1,2,4,4,0.031213154707027145,0.016531864352125843,0.0012874107630744616,0.0194823375535224,0.9314852326242503
asthma_v2_pneumonia_P2Pneumonia36Z.wav,1,2,4,4,0.027354817973345418,0.012121414152290328,0.0006852308970230545,0.0035239368851989993,0.9563146000921423
asthma_v2_pneumonia_P33Pneumonia94P.wav,1,2,4,4,0.03275144719142091,0.0033674774640066276,0.0003227153370520389,0.0010445457860665944,0.9625138142214535
asthma_v2_pneumonia_P35Pneumonia46U.wav,1,2,4,4,0.06594536918670406,0.004209790794343995,0.0017582030909342298,0.0016521193522288707,0.9264345175757887
asthma_v2_pneumonia_P36Pneumonia56V.wav,1,2,4,0,0.9415087475944317,0.01340296748348738,0.0024173466552199047,0.0015057396134797003,0.041165198653381224
asthma_v2_pneumonia_P36Pneumonia85U.wav,1,2,4,4,0.02066716444640671,0.009838927409676828,0.001955615958774922,0.001502104023933795,0.9660361881612075
asthma_v2_pneumonia_P38Pneumonia61R.wav,1,2,4,0,0.9152684704426004,0.007778164500568047,0.013759467214552136,0.0015574465961173956,0.06163645124616165
asthma_v2_pneumonia_P39Pneumonia49H.wav,1,2,4,0,0.597708485306075,0.007280446591386725,0.00229409893109384,0.006743874138233785,0.3859730950332107
asthma_v2_pneumonia_P3Pneumonia41L.wav,1,2,4,4,0.036724962129258035,0.0019286456252712966,0.003862673236605375,0.000654220368571342,0.9568294986402941
asthma_v2_pneumonia_P40Pneumonia18H.wav,1,2,4,0,0.689126223188345,0.13875813292231368,0.02652049798331525,0.002530781241385961,0.1430643646646402
asthma_v2_pneumonia_P41Pneumonia17O.wav,1,2,4,4,0.38074165308630836,0.0036040828435185213,0.041041666729394986,0.0024062059906965337,0.5722063913500812
asthma_v2_pneumonia_P42Pneumonia67F.wav,1,2,4,0,0.7868730424797522,0.03947569407316124,0.09385108267891412,0.008234298458453807,0.07156588230971869
asthma_v2_pneumonia_P42Pneumonia69S.wav,1,2,4,0,0.8350355601159997,0.0014198445868748688,0.008999084307654222,0.002255078829789671,0.15229043215968113
asthma_v2_pneumonia_P44Pneumonia49B.wav,1,2,4,4,0.09327728519358475,0.012782946512803303,0.015128394977990154,0.005504406289385322,0.8733069670262364
asthma_v2_pneumonia_P44Pneumonia59U.wav,1,2,4,4,0.03204949509738834,0.016207030385743688,0.007942051553593572,0.23490831530417133,0.7088931076591031
asthma_v2_pneumonia_P44Pneumonia71M.wav,1,2,4,4,0.020778175793960886,0.012902737543525432,0.013517869652645453,0.014902660326087608,0.9378985566837806
asthma_v2_pneumonia_P45Pneumonia10J.wav,1,2,4,4,0.029356685835158543,0.006485893413707594,0.008801599461977856,0.2753255135296146,0.6800303077595414
asthma_v2_pneumonia_P46Pneumonia15W.wav,1,2,4,3,0.16776830448051955,0.015072480027238471,0.023259769461206666,0.243113906917132,0.5507855391139035
asthma_v2_pneumonia_P46Pneumonia49D.wav,1,2,4,4,0.12360698444250796,0.012106903513528196,0.011355716572642994,0.10721930332370157,0.7457110921476193
asthma_v2_pneumonia_P48Pneumonia61T.wav,1,2,4,4,0.01155553111255895,0.010659962389998438,0.03731666659512879,0.27312858494217856,0.6673392549601352
asthma_v2_pneumonia_P4Pneumonia27H.wav,1,2,4,4,0.05266745841080789,0.002741571984503266,0.023622441299126357,0.03014854568067675,0.8908199826248858
asthma_v2_pneumonia_P4Pneumonia39Q.wav,1,2,4,4,0.030971424718778947,0.0063570440601089006,0.06070843617226629,0.02613815244147946,0.8758249426073665
asthma_v2_pneumonia_P4Pneumonia55U.wav,1,2,4,4,0.021458593883693824,0.0035983713313045055,0.02974442840482078,0.019629313899031275,0.9255692924811496
asthma_v2_pneumonia_P4Pneumonia67J.wav,1,2,4,4,0.06294270484319237,0.005871823981131055,0.04426770031182021,0.008950727249601918,0.8779670436142542
asthma_v2_pneumonia_P5Pneumonia88J.wav,1,2,4,4,0.05809505163892455,0.010426501452026227,0.0338348779016057,0.009852865920455282,0.8877907030869882
asthma_v2_pneumonia_P5Pneumonia94P.wav,1,2,4,4,0.007962427541021671,0.001800080821108804,0.01636567620220838,0.0874828044044114,0.8863890110312497
asthma_v2_pneumonia_P8Pneumonia16Z.wav,1,2,4,3,0.016248045003621904,0.03421320427905899,0.011328546003644647,0.42833376921746963,0.5098764354962049
asthma_v2_Bronchial_P10BronchialSc_50.wav,1,3,1,1,0.035780775011915705,0.8929444472287841,0.032485012487002654,0.02243425056269266,0.01635551470960492
asthma_v2_Bronchial_P13BronchialTc_61.wav,1,3,1,0,0.6221655349955892,0.34039261965184464,0.0008627160881697039,0.008066625382239909,0.028512503882156336
asthma_v2_Bronchial_P14BronchialSc_66.wav,1,3,1,0,0.5317878204971666,0.4528639709921582,0.006902456296016571,0.001762453790801533,0.006683298423857254
asthma_v2_Bronchial_P14BronchialSc_68.wav,1,3,1,0,0.5869029709782735,0.04427941131057927,0.3511874950626391,0.0018500811532509121,0.015780041495257177
asthma_v2_Bronchial_P14BronchialSc_70.wav,1,3,1,1,0.00743055468787688,0.9564733462415579,0.012954845917508387,0.01735388481708946,0.005787368335967211
asthma_v2_Bronchial_P15BronchialSc_74.wav,1,3,1,1,0.010971636177503373,0.8615399403466297,0.10475256252231215,0.013494723973252482,0.009241136980302803
asthma_v2_Bronchial_P16BronchialTc_77.wav,1,3,1,1,0.011394014508013056,0.8707753236570476,0.040169070811888606,0.05144434635551533,0.02621724466753535
asthma_v2_Bronchial_P17BronchialTc_83.wav,1,3,1,1,0.02595478903902917,0.9226338319701269,0.02500251887923019,0.010317283582187807,0.016091576529426232
asthma_v2_Bronchial_P17BronchialTc_85.wav,1,3,1,1,0.004619213017404114,0.8612741004537495,0.09790994124774122,0.028234193530141716,0.007962551750963527
asthma_v2_Bronchial_P18BronchialSc_90.wav,1,3,1,1,0.017957763280681622,0.9145089242677892,0.041285688010790876,0.007459398162217318,0.018788226278520847
asthma_v2_Bronchial_P19BronchialSc_94.wav,1,3,1,1,0.03584994258088626,0.8556646274671663,0.0756596129374852,0.01314820052448051,0.01967761648998172
asthma_v2_Bronchial_P21BronchialSc_104.wav,1,3,1,1,0.01636936230985829,0.625110937276807,0.08333783182892969,0.1738949838157583,0.10128688476864679
asthma_v2_Bronchial_P21BronchialTc_101.wav,1,3,1,1,0.02506606306683449,0.8965978321975936,0.0277402904409704,0.02775402907660028,0.02284178521800099
asthma_v2_Bronchial_P4BronchialSc_20.wav,1,3,1,1,0.006566692480187771,0.9553474629261425,0.0024920907466445853,0.014488577773564857,0.0211051760734605
asthma_v2_Bronchial_P5BronchialSc_24.wav,1,3,1,1,0.01008428194980446,0.9376435384635418,0.0175081014445167,0.02063122908016656,0.014132849061970426
asthma_v2_Bronchial_P7BronchialTc_33.wav,1,3,1,1,0.005903334558314406,0.9543427309942654,0.021398034978459306,0.01399838792620058,0.0043575115427602566
asthma_v2_Bronchial_P7BronchialTc_35.wav,1,3,1,1,0.004112055872621498,0.9753101527391195,0.007481257730009809,0.006206447302567787,0.006890086355681428
asthma_v2_Bronchial_P8BronchialSc_40.wav,1,3,1,1,0.003044959445009119,0.9579142207888168,0.016041111075924774,0.020369391637570858,0.002630317052678309
asthma_v2_Bronchial_P8BronchialTc_37.wav,1,3,1,1,0.035060978334389654,0.8021700396924214,0.041072316000765094,0.044598759901948726,0.07709790607047498
asthma_v2_Bronchial_P9BronchialSc_42.wav,1,3,1,1,0.002611000631626313,0.9845302016676037,0.005712867314952838,0.004712381728423827,0.0024335486573932707
asthma_v2_Bronchial_P9BronchialTc_41.wav,1,3,1,1,0.0034633189438060086,0.9336364501895587,0.014671668361894147,0.044272116346361405,0.003956446158379993
asthma_v2_asthma_P10AsthmaIU_46.wav,1,3,0,0,0.8815077729290777,0.07111154874590223,0.004713533850524562,0.0028056334058225063,0.03986151106867314
asthma_v2_asthma_P10AsthmaRL_47.wav,1,3,0,0,0.9266779144204575,0.01333324852210239,0.006251390640236858,0.0029504938707084925,0.05078695254649476
asthma_v2_asthma_P11WheezingRL_51.wav,1,3,0,0,0.8285309790595339,0.13628451127600577,0.006509970735703184,0.003407743508242891,0.02526679542051422
asthma_v2_asthma_P11WheezingRS_52.wav,1,3,0,0,0.8942639065480216,0.06112650925550627,0.010286000671885011,0.00821148546164133,0.026112098062945753
asthma_v2_asthma_P12WheezingIE_57.wav,1,3,0,0,0.820749635194482,0.018228105276059607,0.0749728157740757,0.004891928493553428,0.08115751526182914
asthma_v2_asthma_P12WheezingRS_56.wav,1,3,0,0,0.7962842151546942,0.023373775045788973,0.09397522482604233,0.00477893826014846,0.08158784671332586
asthma_v2_asthma_P13WheezingIE_61.wav,1,3,0,0,0.801281676328973,0.07299679129246003,0.010656531679503284,0.00807883436065189,0.10698616633841174
asthma_v2_asthma_P15WheezingIU_74.wav,1,3,0,0,0.790931631245877,0.014990207423575853,0.005594355075398104,0.008495652278818972,0.1799881539763302
asthma_v2_asthma_P16WheezingRS_80.wav,1,3,0,0,0.9195092333324432,0.04435826381737866,0.005358985603561184,0.0023947208995262798,0.0283787963470905
asthma_v2_asthma_P17WheezingIE_81.wav,1,3,0,0,0.846748808801392,0.0605997823472721,0.01139415035124507,0.006135825733778994,0.07512143276631203
asthma_v2_asthma_P18WheezingRS_88.wav,1,3,0,0,0.5556992778505147,0.042612585071856314,0.0040506923803023676,0.029050162867528376,0.3685872818297983
asthma_v2_asthma_P19WheezingIE_93.wav,1,3,0,0,0.5131284179159321,0.026733603747599272,0.0027293021883721285,0.013075785676342324,0.4443328904717541
asthma_v2_asthma_P20WheezingIU_98.wav,1,3,0,0,0.7422361667710178,0.05236851687548545,0.011918177363735169,0.10806426295251263,0.08541287603724845
asthma_v2_asthma_P20WheezingRS_96.wav,1,3,0,0,0.9345977185286447,0.028233619867650016,0.0015673146779608116,0.001371250160637478,0.03423009676510694
asthma_v2_asthma_P23WheezingRS_112.wav,1,3,0,0,0.9611961642470546,0.011061245513673502,0.0017049247402722045,0.00023539995414898973,0.02580226554485093
asthma_v2_asthma_P24WheezingIE_117.wav,1,3,0,0,0.7999087375250725,0.004800875247004684,0.08438953329054152,0.000943465808349147,0.10995738812903247
asthma_v2_asthma_P24WheezingRL_119.wav,1,3,0,0,0.9444423506352779,0.007461962630241922,0.0022490013123634125,0.00021116901616122005,0.045635516405955465
asthma_v2_asthma_P27WheezingIU_134.wav,1,3,0,0,0.8354948445521412,0.012449424299052764,0.0015306395701229578,0.002625785137786053,0.14789930644089685
asthma_v2_asthma_P28WheezingRL_139.wav,1,3,0,0,0.7458129211613151,0.1038003097911236,0.06523633791369791,0.0023912695491228207,0.08275916158474053
asthma_v2_asthma_P30WheezingIE_149.wav,1,3,0,0,0.9432530918313614,0.011918756074902451,0.0013833946700256682,0.001423413299077362,0.04202134412463315
asthma_v2_asthma_P30WheezingRS_148.wav,1,3,0,0,0.9109773034670058,0.017829278291396678,0.0030719961691423373,0.0016253947460978017,0.06649602732635745
asthma_v2_asthma_P31WheezingIE_153.wav,1,3,0,4,0.23662243614159473,0.030042773614031317,0.011754078638425253,0.055972796281497345,0.6656079153244516
asthma_v2_asthma_P31WheezingRL_155.wav,1,3,0,0,0.7746532482930046,0.0035004657060221625,0.0018069702786148094,0.000984422320413707,0.2190548934019446
asthma_v2_asthma_P33WheezingIE_161.wav,1,3,0,0,0.7056182057675932,0.03836136829298522,0.012571308495189342,0.022666898691905565,0.22078221875232665
asthma_v2_asthma_P35WheezingIE_173.wav,1,3,0,0,0.8653824177922471,0.004124800271699591,0.06588360029293891,0.0027186196284000297,0.06189056201471446
asthma_v2_asthma_P36WheezingIU_178.wav,1,3,0,0,0.9570409142944669,0.0022259831756085797,0.010508167639234721,0.00019942964981526203,0.030025505240874505
asthma_v2_asthma_P36WheezingRS_180.wav,1,3,0,0,0.7835076988350228,0.14888109205996297,0.03981562761349375,0.0029411488373657824,0.024854432654154667
asthma_v2_asthma_P37WheezingRL_183.wav,1,3,0,0,0.9381009223457158,0.014164137340446456,0.029914911999211286,0.0007195101044590705,0.01710051821016701
asthma_v2_asthma_P38WheezingIE_189.wav,1,3,0,0,0.8585201389767179,0.02386776502118212,0.09598758947145115,0.0038637668926635414,0.017760739637985412
asthma_v2_asthma_P38WheezingIU_186.wav,1,3,0,0,0.869020484574286,0.026170418731719977,0.059789796393951176,0.008169247983820089,0.03685005231622275
asthma_v2_asthma_P39WheezingIU_194.wav,1,3,0,0,0.9021517190025264,0.060688741325658234,0.013406642848033,0.0017750244979792002,0.02197787232580293
asthma_v2_asthma_P3AsthmaIE_13.wav,1,3,0,0,0.9252850268060879,0.022880540709884697,0.007019712415688076,0.0052891969095224915,0.0395255231588165
asthma_v2_asthma_P41WheezingIE_201.wav,1,3,0,0,0.9089464351860448,0.020665931236791703,0.038612985155758395,0.004086658283474411,0.02768799013793043
asthma_v2_asthma_P41WheezingIE_205.wav,1,3,0,0,0.9545882943399485,0.005878047861189712,0.013918297587407003,0.0006928338524103583,0.02492252635904406
asthma_v2_asthma_P42WheezingRS_208.wav,1,3,0,0,0.936235433095376,0.005724944467987668,0.027347805074908436,0.0025119798440115977,0.02817983751771624
asthma_v2_asthma_P47WheezingRL_235.wav,1,3,0,0,0.8856215994048313,0.004393077308027235,0.027816170806565524,0.004100097890824431,0.07806905458975152
asthma_v2_asthma_P47WheezingRS_232.wav,1,3,0,0,0.9609866075357935,0.0021795486897781715,0.01839559865175263,0.0004369925123232164,0.0180012526103525
asthma_v2_asthma_P48WheezingRS_240.wav,1,3,0,0,0.9267675130431766,0.010623764444705405,0.024723594580977736,0.0012033300892219246,0.03668179784191819
asthma_v2_asthma_P49WheezingRS_244.wav,1,3,0,0,0.941642364903184,0.002145682102083085,0.04006824904410282,0.0016780356241731754,0.014465668326457081
asthma_v2_asthma_P50WheezingIU_250.wav,1,3,0,0,0.8810636002018232,0.00427077264484333,0.023907356498578617,0.004838621823752095,0.08591964883100274
asthma_v2_asthma_P51WheezingRL_251.wav,1,3,0,0,0.8805371406281319,0.016239542390476595,0.051866689351855816,0.004425890840426843,0.04693073678910893
asthma_v2_asthma_P51WheezingRL_255.wav,1,3,0,0,0.8881805326612486,0.015285484562826824,0.03273617856006804,0.001755447938893117,0.06204235627696354
asthma_v2_asthma_P51WheezingRS_252.wav,1,3,0,0,0.8735733396162437,0.011917339713173212,0.08902896176749346,0.002302539608960993,0.023177819294128515
asthma_v2_asthma_P52WheezingRS_256.wav,1,3,0,0,0.9325323441769852,0.012980794694027978,0.039174309655282354,0.0010833430081804815,0.014229208465524027
asthma_v2_asthma_P53WheezingIU_262.wav,1,3,0,0,0.9004669871059845,0.055371733217640835,0.005001931362481311,0.002488752391649015,0.03667059592224406
asthma_v2_asthma_P54WheezingIU_266.wav,1,3,0,3,0.027863652448325563,0.11180486778880463,0.11850315264928568,0.5642664223254272,0.17756190478815687
asthma_v2_asthma_P54WheezingRS_268.wav,1,3,0,3,0.07976968051330531,0.1661101693839603,0.06579304319195607,0.3904081419069576,0.2979189650038209
asthma_v2_asthma_P55WheezingRL_275.wav,1,3,0,0,0.6826362154137445,0.036496886024555766,0.008160742162494012,0.016401524847678647,0.2563046315515271
asthma_v2_asthma_P56WheezingRS_276.wav,1,3,0,0,0.6924311872197257,0.069753314983765,0.12077378536337606,0.01499075469273441,0.10205095774039892
asthma_v2_asthma_P58WheezingRL_287.wav,1,3,0,3,0.2775580877364333,0.0343308725135096,0.004666248465626713,0.19516616867020486,0.48827862261422567
asthma_v2_asthma_P58WheezingRS_288.wav,1,3,0,4,0.28565461576896356,0.01176682936000392,0.004576588908743477,0.01409804407359406,0.6839039218886952
asthma_v2_asthma_P5AsthmaIE_21.wav,1,3,0,0,0.9350017713867896,0.01773166757128676,0.002457788849738486,0.005933386562794652,0.0388753856293907
asthma_v2_asthma_P5AsthmaIE_25.wav,1,3,0,0,0.7711904883448364,0.007506002749476594,0.002935304217321702,0.03394774352780771,0.18442046116055724
asthma_v2_asthma_P5AsthmaRL_23.wav,1,3,0,0,0.8972420394964057,0.012498305550241149,0.002733694476596012,0.012282980400911045,0.07524298007584646
asthma_v2_asthma_P6AsthmaRL_27.wav,1,3,0,0,0.7355793899151337,0.007162967860473117,0.013732302685933503,0.01188060234703679,0.2316447371914229
asthma_v2_asthma_P7AsthmaIU_34.wav,1,3,0,0,0.9175762691631448,0.03557777024903107,0.008198086951514834,0.0024510964526924086,0.036196777183617135
asthma_v2_asthma_P8AsthmaIU_38.wav,1,3,0,0,0.8685074998674751,0.0634899184640072,0.008583127918707679,0.019836210311327068,0.03958324343848315
asthma_v2_copd_P10COPDPr_77.wav,1,3,2,3,0.398470613675057,0.0322894492126762,0.034335722342143486,0.3349961581161326,0.19990805665399067
asthma_v2_copd_P11COPDPr_83.wav,1,3,2,2,0.016179654676071395,0.0031792066566090006,0.978156523110984,0.0005005720320397689,0.001984043524295695
asthma_v2_copd_P12COPDMc_96.wav,1,3,2,2,2.1022315957483937e-07,4.346222687556237e-07,0.9999299424420892,5.7471035914882754e-05,1.1941676567797122e-05
asthma_v2_copd_P12COPDPr_89.wav,1,3,2,2,0.0024151957210431685,0.00041273581955106423,0.9967912372703215,0.00023129104022012533,0.00014954014886458226
asthma_v2_copd_P12COPDPr_93.wav,1,3,2,2,0.01833705031699846,0.007822495142013913,0.9716120866442642,0.0011417396727244752,0.001086628223998964
asthma_v2_copd_P13COPDMc_98.wav,1,3,2,2,0.004407700879868098,0.02518830372410579,0.9295851322592918,0.015007323833259744,0.025811539303474556
asthma_v2_copd_P13COPDPr_103.wav,1,3,2,2,0.003572580301672902,0.001865505736258517,0.992823400586294,0.0002328631486176609,0.0015056502271570203
asthma_v2_copd_P13COPDPr_97.wav,1,3,2,2,0.001733886037282396,0.0030641222270545074,0.9931300476730482,0.0016141643200706128,0.0004577797425440927
asthma_v2_copd_P14COPDMc_108.wav,1,3,2,2,0.022732784334308233,0.004596518292917943,0.9684794226963488,0.0015239280292082113,0.002667346647216826
asthma_v2_copd_P14COPDPr_107.wav,1,3,2,2,0.15011666973894872,0.0035888717298668865,0.8361013236312553,0.0002938760208451947,0.009899258879083724
asthma_v2_copd_P14COPDPr_109.wav,1,3,2,2,0.016545977204294942,0.004409502928465466,0.9650084389463697,0.0006974167498912001,0.013338664170978648
asthma_v2_copd_P14COPDPr_111.wav,1,3,2,0,0.422392008985217,0.012993606916921838,0.19765746628230557,0.0017075585432846745,0.3652493592722707
asthma_v2_copd_P15COPDMc_120.wav,1,3,2,2,0.1121255249648633,0.09355646476699922,0.7652490505527589,0.011000872195547956,0.018068087519830474
asthma_v2_copd_P16COPDMc_122.wav,1,3,2,2,3.9654146696244045e-07,2.7425285885531667e-07,0.9996625587609508,1.2796525697781156e-05,0.0003239739190254736
asthma_v2_copd_P16COPDPr_127.wav,1,3,2,2,3.4077796195330453e-07,2.2608736435622556e-07,0.9999123554335425,9.642939462579433e-06,7.743476166851148e-05
asthma_v2_copd_P18COPDMc_142.wav,1,3,2,2,0.004006526368590385,0.00104358449237907,0.9933905719938838,0.0004379071009021712,0.0011214100442445366
asthma_v2_copd_P19COPDMc_152.wav,1,3,2,2,0.007880179591302616,0.0008284562876436862,0.9875089252450742,0.0006333139351093867,0.0031491249408702074
asthma_v2_copd_P19COPDPr_151.wav,1,3,2,2,0.0015324354430175618,0.0014917175579732716,0.9959424277966193,0.00037119891108506985,0.0006622202913046382
asthma_v2_copd_P1COPDMc_2.wav,1,3,2,0,0.8139269067134172,0.012407608002705208,0.08159726182558387,0.04310903087506994,0.04895919258322397
asthma_v2_copd_P20COPDMc_156.wav,1,3,2,2,0.14384155749861616,0.013017773940476218,0.7478750848479111,0.009139620219528756,0.08612596349346789
asthma_v2_copd_P20COPDMc_160.wav,1,3,2,2,0.0009488194464483011,0.00012089869874594367,0.9974136500744056,0.0010531031932980344,0.0004635285871019949
asthma_v2_copd_P21COPDMc_166.wav,1,3,2,2,0.007295401959221903,0.01668648993212162,0.9711084432313165,0.0008420366491038938,0.004067628228236022
asthma_v2_copd_P21COPDPr_167.wav,1,3,2,2,0.0027305621507381136,0.0007993278376892792,0.9925870097938908,0.001978636175930029,0.0019044640417521005
asthma_v2_copd_P22COPDPr_171.wav,1,3,2,2,9.594943608491483e-05,8.009099123296841e-05,0.9871291811893733,0.010082990300101144,0.002611788083207762
asthma_v2_copd_P23COPDPr_177.wav,1,3,2,2,0.002819239952200545,0.0034228411672043773,0.9621540089360391,0.022959840574123248,0.008644069370433003
asthma_v2_copd_P23COPDPr_183.wav,1,3,2,2,0.002116931150311402,0.0060776886279844695,0.9520438731827588,0.03126955108296732,0.008491955955977747
asthma_v2_copd_P25COPDPr_197.wav,1,3,2,2,0.0007078760099315902,0.0005672730571107859,0.9973488805538636,0.001109804777221001,0.0002661656018734221
asthma_v2_copd_P26COPDMc_204.wav,1,3,2,2,7.027629981649647e-07,5.862497694635334e-07,0.9997273010806285,0.00019116820565584053,8.024170094814928e-05
asthma_v2_copd_P27COPDPr_209.wav,1,3,2,2,0.0005498106481759726,0.000321797884604346,0.9986833721745009,0.000300379437535842,0.0001446398551829322
asthma_v2_copd_P27COPDPr_213.wav,1,3,2,2,0.0008191627702274219,0.00041490174541377976,0.9981484215354942,0.0003058960578678051,0.00031161789099701275
asthma_v2_copd_P28COPDPr_223.wav,1,3,2,2,2.6050231114600397e-07,5.247299163534272e-07,0.9999059723252347,3.496338243863957e-05,5.827906009907764e-05
asthma_v2_copd_P29COPDMc_226.wav,1,3,2,2,0.0005714679919443015,0.0003161059009360169,0.9986236143147758,0.00027928533160524033,0.0002095264607387291
asthma_v2_copd_P29COPDPr_227.wav,1,3,2,2,1.3221316645111854e-07,1.8174843135712735e-07,0.9998991684277239,8.361831018340716e-05,1.6899300494870356e-05
asthma_v2_copd_P2COPDMc_14.wav,1,3,2,2,0.0036884409635688175,0.00025396297034989857,0.9953591391128518,0.0005101717921324374,0.0001882851610969972
asthma_v2_copd_P30COPDMc_234.wav,1,3,2,2,0.006329804169817808,0.00036343342197397863,0.9765404940705907,0.0012268811447342114,0.015539387192883405
asthma_v2_copd_P30COPDMc_240.wav,1,3,2,2,1.7480786805782288e-08,1.8140267757166158e-08,0.9999503159610194,3.83080229566418e-05,1.1340394969419294e-05
asthma_v2_copd_P30COPDPr_235.wav,1,3,2,2,0.006605562741760613,0.0005169412312735486,0.9638006028812223,0.0027424524055112654,0.026334440740231963
asthma_v2_copd_P31COPDPr_241.wav,1,3,2,2,3.318420166489724e-08,3.312085271170407e-08,0.9999274191355544,5.41266889554467e-05,1.8387870435722573e-05
asthma_v2_copd_P31COPDPr_247.wav,1,3,2,2,0.005686697437893567,0.0025682665476475792,0.9894558765087522,0.0013379666072084904,0.0009511928984981835
asthma_v2_copd_P33COPDMc_258.wav,1,3,2,3,0.07572062637870453,0.021875349159614733,0.1841860511785095,0.22357229060340755,0.4946456826797635
asthma_v2_copd_P33COPDMc_262.wav,1,3,2,2,0.005738325805842227,0.06680874399874084,0.9207396416673443,0.00338818123358051,0.0033251072944920856
asthma_v2_copd_P34COPDMc_266.wav,1,3,2,2,0.010612272098528844,0.017752669716271548,0.9689417968194793,0.0007653028869384353,0.0019279584787816714
asthma_v2_copd_P35COPDPr_277.wav,1,3,2,2,0.0028299117671666506,0.006218513011516102,0.9859553442791053,0.0030875211566302957,0.0019087097855814668
asthma_v2_copd_P36COPDMc_288.wav,1,3,2,2,0.009206180057356753,0.016150823928470465,0.9658060643473795,0.006108915785589682,0.0027280158812036464
asthma_v2_copd_P36COPDPr_281.wav,1,3,2,2,0.00040340105235276243,0.00011472356242609928,0.9988733538218676,0.0004425655257389263,0.00016595603761456208
asthma_v2_copd_P36COPDPr_283.wav,1,3,2,2,0.006639566873506157,0.009060456908342066,0.9212714032743698,0.013386519785546749,0.049642053158235395
asthma_v2_copd_P36COPDPr_285.wav,1,3,2,2,0.00034863150816237515,0.00019056928504601977,0.9982358165990665,0.000987662224543077,0.000237320383182217
asthma_v2_copd_P38COPDMc_300.wav,1,3,2,2,0.00429213747389568,0.001629988313011337,0.9904514983888801,0.002187851992957885,0.0014385238312550194
asthma_v2_copd_P38COPDMc_302.wav,1,3,2,2,0.0075996834915240995,0.0027402959903259465,0.9829213484510698,0.004672730605679907,0.002065941461400463
asthma_v2_copd_P38COPDPr_297.wav,1,3,2,2,0.046929943037815,0.003558135069219593,0.9284419094290043,0.0006567198089919642,0.020413292654969068
asthma_v2_copd_P39COPDMc_306.wav,1,3,2,2,0.008186585153981256,0.00735952720705985,0.9607822934193413,0.0018846468758789703,0.02178694734373878
asthma_v2_copd_P3COPDMc_20.wav,1,3,2,2,0.019565894866731014,0.0041036405282010545,0.9750296931086276,0.0005157910290529246,0.0007849804673871447
asthma_v2_copd_P3COPDPr_17.wav,1,3,2,2,0.24208990052952953,0.008002282565417386,0.7369118916726726,0.0038609580356056975,0.009134967196774795
asthma_v2_copd_P40COPDMc_316.wav,1,3,2,2,1.0797656791943206e-08,8.784887344227046e-09,0.9999748014095932,1.081881415268131e-05,1.4360193709958337e-05
asthma_v2_copd_P40COPDMc_320.wav,1,3,2,4,0.3479341941063746,0.05073463438846563,0.08356824295731682,0.002536067571378373,0.5152268609764645
asthma_v2_copd_P40COPDPr_315.wav,1,3,2,2,1.6003167892702212e-09,1.4746220992578842e-09,0.9999933211787464,3.7901121462470763e-06,2.8856341684246195e-06
asthma_v2_copd_P42COPDMc_332.wav,1,3,2,2,2.408278578135534e-07,3.240288249456828e-07,0.9997998433499575,0.00013522680225505775,6.436499110468366e-05
asthma_v2_copd_P43COPDMc_340.wav,1,3,2,2,0.0005431725924643676,6.300518324474141e-05,0.9987982865634919,7.385011939254492e-05,0.0005216855414064135
asthma_v2_copd_P43COPDPr_337.wav,1,3,2,2,0.0025098863896844477,0.005104914261946888,0.9904072950202887,0.00048227316374825895,0.0014956311643315897
asthma_v2_copd_P44COPDMc_352.wav,1,3,2,2,2.356058709685409e-06,2.2058873305286476e-06,0.9985184616953975,0.0009652756805851203,0.0005117006779773835
asthma_v2_copd_P44COPDPr_345.wav,1,3,2,2,5.955083776576967e-07,1.0441393337094034e-06,0.9996355527037871,6.312473888930651e-05,0.00029968290961225206
asthma_v2_copd_P45COPDMc_354.wav,1,3,2,2,0.0007869447831475373,0.000297611647634764,0.9857169559318237,0.0068613551350641165,0.006337132502329681
asthma_v2_copd_P45COPDMc_360.wav,1,3,2,3,0.014287865985703514,0.0038843595862280813,0.5588683389002876,0.344236731949938,0.07872270357784303
asthma_v2_copd_P46COPDMc_366.wav,1,3,2,2,0.0014478492924866727,0.0003636183217088544,0.9773299167957021,0.0016570464223889844,0.01920156916771356
asthma_v2_copd_P47COPDMc_374.wav,1,3,2,2,0.002393103030940668,0.03732084012444452,0.9422832231408599,0.011753363020913147,0.0062494706828416175
asthma_v2_copd_P47COPDMc_376.wav,1,3,2,2,0.00233393967421378,0.007832847065381265,0.8023757713698565,0.17621760761048794,0.011239834280060238
asthma_v2_copd_P47COPDPr_373.wav,1,3,2,2,0.027690210209787427,0.02658558376078956,0.8646431472702768,0.06499499733434089,0.016086061424805127
asthma_v2_copd_P48COPDPr_379.wav,1,3,2,2,0.009549752658222818,0.003583875754824827,0.9844007844706387,0.001005426690795691,0.0014601604255177437
asthma_v2_copd_P49COPDPr_387.wav,1,3,2,2,0.00024758314726272383,0.001625751350703898,0.9912556772080762,0.004236303216854577,0.0026346850771023734
asthma_v2_copd_P4COPDMc_28.wav,1,3,2,2,0.0004897568613639762,0.0011384085417374058,0.997122552476626,0.00045553464426497536,0.0007937474760077145
asthma_v2_copd_P4COPDMc_30.wav,1,3,2,2,0.00928729930094335,0.0015075109533579148,0.9848525924099435,0.0010557664521357866,0.003296830883619639
asthma_v2_copd_P4COPDPr_31.wav,1,3,2,2,0.005009860254423279,0.0015918834841696134,0.9906208568415946,0.0010616873340928167,0.0017157120857198224
asthma_v2_copd_P50COPDMc_394.wav,1,3,2,2,0.0004903195164866464,0.0006298029341682814,0.9980803796238228,0.0005409970769051246,0.00025850084861710524
asthma_v2_copd_P50COPDPr_399.wav,1,3,2,2,0.002422621996197838,0.0006308707616009308,0.9950708425944929,0.0006910559225810161,0.0011846087251276309
asthma_v2_copd_P6COPDMc_44.wav,1,3,2,2,0.0006442211827004558,0.00014398627327332983,0.9970595512550036,0.0012468605856547734,0.0009053807033677996
asthma_v2_copd_P6COPDPr_41.wav,1,3,2,2,0.002942492600604043,0.0004992759073478317,0.9897882560308895,0.0028046127599816897,0.003965362701176805
asthma_v2_copd_P6COPDPr_45.wav,1,3,2,4,0.08768892208898132,0.004132523848295653,0.3730405465909085,0.08011389630886,0.45502411116295444
asthma_v2_copd_P6COPDPr_47.wav,1,3,2,2,0.020204766500246666,0.0030254089275717597,0.9415253331356664,0.014574829018598445,0.020669662417916724
asthma_v2_copd_P7COPDPr_51.wav,1,3,2,2,0.012100400041183026,0.00089071013434879,0.9689251762646929,0.00753958018448367,0.010544133375291555
asthma_v2_copd_P9COPDPr_71.wav,1,3,2,2,0.0004388273081338008,0.00012485398836751353,0.9992158795665403,7.548331245565127e-05,0.0001449558245025122
asthma_v2_healthy_P10Healthy93S.wav,1,3,3,4,0.03998813270620401,0.012683653822861438,0.011470911496101605,0.1940223302932119,0.7418349716816208
asthma_v2_healthy_P13Healthy42S.wav,1,3,3,3,0.006850906585277961,0.004877777290048296,0.019637527020717985,0.9582286607644515,0.010405128339504436
asthma_v2_healthy_P13Healthy48S.wav,1,3,3,3,0.023703246677888323,0.024335837595616246,0.038819621811518976,0.8872144843691915,0.02592680954578529
asthma_v2_healthy_P14Healthy28S.wav,1,3,3,3,0.035872887152359895,0.039099026800378564,0.06967421326916802,0.8066229097049772,0.04873096307311647
asthma_v2_healthy_P14Healthy89S.wav,1,3,3,3,0.0029214522126798466,0.029511967295735568,0.014757228216748677,0.9350155430264314,0.01779380924840464
asthma_v2_healthy_P15Healthy55S.wav,1,3,3,3,0.05508622753346969,0.0743387479868159,0.07645817279578619,0.7391375702234501,0.054979281460478334
asthma_v2_healthy_P16Healthy26S.wav,1,3,3,3,0.021083611487455557,0.00946911520593707,0.0015783933899352278,0.7055455492053017,0.26232333071137065
asthma_v2_healthy_P18Healthy79S.wav,1,3,3,3,0.013081997514978785,0.001486991702102385,0.0388374782430403,0.9212438276803124,0.025349704859565916
asthma_v2_healthy_P1Healthy29S.wav,1,3,3,3,0.0025315007010960383,0.04660043723720622,0.09074595518415625,0.8433892664379555,0.01673284043958586
asthma_v2_healthy_P20Healthy31S.wav,1,3,3,3,0.0018848285759680173,0.0008744013394621223,0.00041488440476385196,0.9514875738589664,0.04533831182083926
asthma_v2_healthy_P20Healthy84S.wav,1,3,3,1,0.19685212443380376,0.40747177163756676,0.012756507982355962,0.280037214682993,0.10288238126328064
asthma_v2_healthy_P21Healthy98S.wav,1,3,3,3,0.12378358604199384,0.008684651456344466,0.0023195978783442078,0.8116082671949311,0.053603897428386345
asthma_v2_healthy_P22Healthy45S.wav,1,3,3,3,0.0057997038721231044,0.001785122266601513,0.0012768006717429922,0.9367851008125132,0.054353272377019354
asthma_v2_healthy_P23Healthy14S.wav,1,3,3,3,0.011443559108690013,0.0014360872109063954,0.0013091851063895999,0.837965963939324,0.1478452046346899
asthma_v2_healthy_P23Healthy72S.wav,1,3,3,3,0.011611172613997385,0.0014464016635862844,0.0019309661986394373,0.9391616498585211,0.04584980966525583
asthma_v2_healthy_P23Healthy98S.wav,1,3,3,3,0.011611172613997385,0.0014464016635862844,0.0019309661986394373,0.9391616498585211,0.04584980966525583
asthma_v2_healthy_P25Healthy97S.wav,1,3,3,3,0.06373815485449137,0.1937939840349712,0.010391504790614955,0.567258054435607,0.1648183018843156
asthma_v2_healthy_P2Healthy54S.wav,1,3,3,3,0.007620789547468756,0.14968020800257215,0.019456497535397264,0.7664900701634295,0.056752434751131856
asthma_v2_healthy_P3Healthy60S.wav,1,3,3,3,0.005606458053324247,0.0773491906837732,0.009608752622470474,0.8478067940355545,0.05962880460487734
asthma_v2_healthy_P3Healthy84S.wav,1,3,3,3,0.001620889637884075,0.014579812310808786,0.012325144154204326,0.9327228843835333,0.0387512695135693
asthma_v2_healthy_P4Healthy12S.wav,1,3,3,3,0.13798195221987147,0.03609365751457266,0.018575737513105168,0.30503954255055354,0.5023091102018975
asthma_v2_healthy_P4Healthy62S.wav,1,3,3,3,0.01370774732074714,0.08749492513306042,0.09091470053447587,0.7836426122832013,0.02424001472851555
asthma_v2_healthy_P5Healthy10S.wav,1,3,3,3,0.00522081007445505,0.010459513710907154,0.0026905056480820027,0.9144206212845033,0.06720854928205229
asthma_v2_healthy_P7Healthy38S.wav,1,3,3,3,0.004419063010356346,0.004618424818522953,0.004972655971012215,0.9734100160297272,0.012579840170381044
asthma_v2_healthy_P8Healthy70S.wav,1,3,3,3,0.053319303764000396,0.08785401262449828,0.07693498515980496,0.7123023617479451,0.0695893367037516
asthma_v2_healthy_P8Healthy82S.wav,1,3,3,3,0.033173965966236243,0.023226676593893863,0.035992754496881545,0.8734488225667485,0.03415778037624004
asthma_v2_healthy_P9Healthy61S.wav,1,3,3,3,0.2688416103286359,0.016548890435756195,0.00527775887421973,0.5185746961780864,0.19075704418330158
asthma_v2_pneumonia_P11Pneumonia41N.wav,1,3,4,4,0.14477964890084902,0.002597663020904812,0.003199398045320013,0.13413795531758727,0.7152853347153387
asthma_v2_pneumonia_P11Pneumonia65P.wav,1,3,4,4,0.3865840819277325,0.044134554061996414,0.009382845915848205,0.012573394796435284,0.5473251232979873
asthma_v2_pneumonia_P12Pneumonia45B.wav,1,3,4,4,0.09844976113888154,0.0463564023756119,0.09660916566493113,0.012925066863726317,0.7456596039568497
asthma_v2_pneumonia_P13Pneumonia26N.wav,1,3,4,4,0.30238560033057804,0.05184659977641962,0.010195567270910947,0.023393762182212174,0.6121784704398793
asthma_v2_pneumonia_P13Pneumonia60R.wav,1,3,4,4,0.063910391589757,0.0022515450921127035,0.002780770264935068,0.15186840768952617,0.7791888853636688
asthma_v2_pneumonia_P13Pneumonia99T.wav,1,3,4,0,0.6678121965530514,0.0330601522990296,0.005785918786507674,0.0030792137749588865,0.29026251858645213
asthma_v2_pneumonia_P15Pneumonia12I.wav,1,3,4,4,0.022292075241942582,0.012594289170241541,0.03417125963236634,0.0064844307974359005,0.9244579451580136
asthma_v2_pneumonia_P15Pneumonia56Z.wav,1,3,4,4,0.11935637255219707,0.02053139290026527,0.09596881578522894,0.006921899512656833,0.757221519249652
asthma_v2_pneumonia_P15Pneumonia81V.wav,1,3,4,4,0.057851344187608726,0.00642927396983411,0.0003017187596501014,0.002615866898157082,0.9328017961847498
asthma_v2_pneumonia_P16Pneumonia80G.wav,1,3,4,4,0.08957667946360748,0.0017944136413183,0.001596105388039915,0.14283916118982548,0.7641936403172087
asthma_v2_pneumonia_P17Pneumonia86O.wav,1,3,4,4,0.058387326331896326,0.017983420309883712,0.1606164254502504,0.058412949211887194,0.7045998786960823
asthma_v2_pneumonia_P18Pneumonia15Q.wav,1,3,4,4,0.020323233939133198,0.003866516145568808,0.00018125689164649812,0.004845984817240823,0.9707830082064106
asthma_v2_pneumonia_P18Pneumonia16E.wav,1,3,4,4,0.05286302151839915,0.008411811393084327,0.0003292426244064392,0.00598710454949305,0.9324088199146171
asthma_v2_pneumonia_P18Pneumonia23E.wav,1,3,4,4,0.011997238374355734,0.0028791775198346295,0.00012386553958931837,0.005619263677817449,0.9793804548884029
asthma_v2_pneumonia_P19Pneumonia39Z.wav,1,3,4,4,0.019578597581666985,0.016587262028691013,0.0005202451337841103,0.03474471422954699,0.9285691810263106
asthma_v2_pneumonia_P1Pneumonia97M.wav,1,3,4,4,0.09306041405377886,0.005749565989892046,0.0008661752978095373,0.006089264104622868,0.8942345805538968
asthma_v2_pneumonia_P20Pneumonia42B.wav,1,3,4,4,0.05791620496767765,0.0008978137319930316,0.0010692273648376745,0.06480279154371109,0.8753139623917804
asthma_v2_pneumonia_P21Pneumonia24G.wav,1,3,4,4,0.14705010992738704,0.053828376496733006,0.043892183518180874,0.16932396908793834,0.5859053609697604
asthma_v2_pneumonia_P22Pneumonia29M.wav,1,3,4,4,0.29367992694007,0.005452398548894585,0.020941713098528953,0.03865724097013833,0.6412687204423684
asthma_v2_pneumonia_P24Pneumonia67Z.wav,1,3,4,4,0.23072689094642637,0.02626101888047672,0.0009354363233235563,0.024990640680451343,0.717086013169322
asthma_v2_pneumonia_P27Pneumonia25R.wav,1,3,4,4,0.07607283304898015,0.01846001051769572,0.0041788833162370465,0.0034446895906337766,0.897843583526453
asthma_v2_pneumonia_P27Pneumonia28K.wav,1,3,4,4,0.051960826136908084,0.03927318371606055,0.011363184204940298,0.012664154449439186,0.884738651492652
asthma_v2_pneumonia_P27Pneumonia62C.wav,1,3,4,4,0.08394721405449498,0.029587607119697358,0.0035498573424562903,0.009663483576288339,0.8732518379070631
asthma_v2_pneumonia_P27Pneumonia77J.wav,1,3,4,4,0.03511265584613505,0.009817820018955262,0.27202046068859775,0.0034626678733537773,0.679586395572958
asthma_v2_pneumonia_P28Pneumonia65J.wav,1,3,4,4,0.31947921773081384,0.07522673381848595,0.008292205580451519,0.0034893824641226375,0.593512460406126
asthma_v2_pneumonia_P29Pneumonia17N.wav,1,3,4,4,0.0764933718817521,0.016925365658091142,0.001289136028225762,0.03551649348408019,0.8697756329478509
asthma_v2_pneumonia_P2Pneumonia11Q.wav,1,3,4,4,0.07794081165103701,0.0037037573841181524,0.0010913348817179615,0.0015058574534142749,0.9157582386297127
asthma_v2_pneumonia_P2Pneumonia70H.wav,1,3,4,4,0.039745683675672855,0.008275313116004648,0.0019755383114787644,0.00971339490022277,0.9402900699966213
asthma_v2_pneumonia_P2Pneumonia82A.wav,1,3,4,4,0.03084272481223478,0.01194054360349935,0.00018965324253590027,0.011864997655398621,0.9451620806863313
asthma_v2_pneumonia_P30Pneumonia15J.wav,1,3,4,4,0.08201521385359073,0.005749422502632897,0.0007448649805263462,0.0029626773318496245,0.9085278213314003
asthma_v2_pneumonia_P31Pneumonia14Q.wav,1,3,4,4,0.03413717027380437,0.024217681049207705,0.010199769686300061,0.010088988417759986,0.9213563905729276
asthma_v2_pneumonia_P32Pneumonia66M.wav,1,3,4,4,0.06736433588682392,0.011555187324282915,0.0006228649694331555,0.03941278298323056,0.8810448288362295
asthma_v2_pneumonia_P32Pneumonia75E.wav,1,3,4,4,0.04821418338659242,0.015241448344683087,0.0005367389033688752,0.011810135774854041,0.9241974935905017
asthma_v2_pneumonia_P33Pneumonia70D.wav,1,3,4,4,0.027916208948275206,0.0027391309230873824,0.0002871880492614789,0.0030791515596364223,0.9659783205197393
asthma_v2_pneumonia_P33Pneumonia74T.wav,1,3,4,4,0.030227381245763445,0.0049092024671054686,0.0002632528002140669,0.0026908257545104524,0.9619093377324066
asthma_v2_pneumonia_P34Pneumonia36H.wav,1,3,4,4,0.09766770159201088,0.015120284719811417,0.001127546905584952,0.026680030330262183,0.8594044364523304
asthma_v2_pneumonia_P34Pneumonia61E.wav,1,3,4,4,0.060086776658567514,0.009832756600382641,0.0004616255396457342,0.041659680094445956,0.8879591611069583
asthma_v2_pneumonia_P35Pneumonia16F.wav,1,3,4,4,0.022609883704924956,0.02941122427534462,0.005103377644630328,0.044371394208798445,0.8985041201663021
asthma_v2_pneumonia_P38Pneumonia64N.wav,1,3,4,0,0.8913927254286994,0.018215646220134503,0.023366729860270562,0.004097457079521645,0.06292744141137369
asthma_v2_pneumonia_P39Pneumonia78Z.wav,1,3,4,0,0.6416921149913739,0.008561834366700214,0.0037394537514838415,0.037872320089705105,0.30813427680073685
asthma_v2_pneumonia_P3Pneumonia74F.wav,1,3,4,4,0.1668661994186498,0.012807757104640024,0.015139915477576003,0.025545420499354463,0.7796407074997798
asthma_v2_pneumonia_P40Pneumonia69N.wav,1,3,4,4,0.16994159065993197,0.007676507574824057,0.0026231618493693107,0.009654248656053145,0.8101044912598214
asthma_v2_pneumonia_P40Pneumonia90Y.wav,1,3,4,0,0.7582846223073162,0.023074694501816876,0.0049610610145269,0.004448197982089176,0.2092314241942507
asthma_v2_pneumonia_P42Pneumonia46D.wav,1,3,4,0,0.788600062372309,0.011196071500572818,0.011333773521351575,0.0011717266956781495,0.18769836591008854
asthma_v2_pneumonia_P42Pneumonia63L.wav,1,3,4,0,0.6347201175796049,0.001825983219568255,0.005475405158863492,0.003370434953999705,0.35460805908796406
asthma_v2_pneumonia_P43Pneumonia73N.wav,1,3,4,4,0.05321533090248682,0.010229511554932593,0.0072761661343008,0.011261236360466307,0.9180177550478138
asthma_v2_pneumonia_P43Pneumonia88Y.wav,1,3,4,3,0.013579010061951474,0.0038352597703190435,0.1144668384190416,0.41222475768919004,0.4558941340594977
asthma_v2_pneumonia_P46Pneumonia99Y.wav,1,3,4,3,0.11536473579706183,0.007847974906971948,0.26646306736919684,0.17504631907092122,0.4352779028558484
asthma_v2_pneumonia_P4Pneumonia78E.wav,1,3,4,4,0.04512490779519723,0.0066301050468297795,0.02706511571551323,0.004419530268490561,0.9167603411739691
asthma_v2_pneumonia_P5Pneumonia21J.wav,1,3,4,4,0.013521892058632945,0.0063150920843270085,0.021820370447572773,0.02613833156031206,0.9322043138491553
asthma_v2_pneumonia_P5Pneumonia95V.wav,1,3,4,4,0.02093629164053765,0.0028868454803777253,0.010446748722090617,0.009317073368717876,0.9564130407882759
asthma_v2_pneumonia_P6Pneumonia17Q.wav,1,3,4,4,0.018815173693502846,0.003458803264289573,0.033022113130770206,0.11462306477876592,0.8300808451326712
asthma_v2_pneumonia_P6Pneumonia32L.wav,1,3,4,4,0.05203981230609952,0.00678989335172451,0.028486649320706634,0.00388659150642783,0.9087970535150415
asthma_v2_pneumonia_P7Pneumonia22X.wav,1,3,4,4,0.019726335876798066,0.008654653870698336,0.08679221299403639,0.11706004828561208,0.7677667489728548
asthma_v2_pneumonia_P8Pneumonia14Z.wav,1,3,4,4,0.27995799110841113,0.014362611473474856,0.01151495560801309,0.07113974703121205,0.623024694778889
asthma_v2_pneumonia_P8Pneumonia23N.wav,1,3,4,0,0.5203814626613361,0.007031019414002,0.013502802510088185,0.12779609581667925,0.33128861959789446
asthma_v2_pneumonia_P9Pneumonia74S.wav,1,3,4,0,0.6070178297615451,0.017501809764498482,0.007876127614248874,0.002072881365524263,0.3655313514941832
asthma_v2_Bronchial_P10BronchialSc_46.wav,1,4,1,1,0.015456699859760063,0.7705442907000275,0.187311089011626,0.006366491763937347,0.020321428664649352
asthma_v2_Bronchial_P11BronchialTc_51.wav,1,4,1,1,0.05759144939862696,0.881902889168328,0.042524144322754344,0.004882763336231499,0.013098753774059266
asthma_v2_Bronchial_P12BronchialSc_56.wav,1,4,1,0,0.9302661952151042,0.041822874277456505,0.00284369457937364,0.0006849064173097832,0.02438232951075584
asthma_v2_Bronchial_P12BronchialSc_60.wav,1,4,1,3,0.34794280243703696,0.015821306903393145,0.018055762071462873,0.4826565978056067,0.1355235307825005
asthma_v2_Bronchial_P13BronchialSc_62.wav,1,4,1,0,0.7695145084194861,0.13618351404300397,0.002174926129679457,0.026763871360737712,0.06536318004709281
asthma_v2_Bronchial_P13BronchialSc_64.wav,1,4,1,0,0.718330380607794,0.16253736671823907,0.005001653883415928,0.02351325118688851,0.09061734760366266
asthma_v2_Bronchial_P13BronchialTc_65.wav,1,4,1,0,0.7652612446936097,0.0825477038678723,0.0740201068462308,0.009795032871709556,0.06837591172057765
asthma_v2_Bronchial_P15BronchialTc_71.wav,1,4,1,1,0.004777202512414188,0.9864793980847627,0.0038769222845664226,0.0028287805035653135,0.0020376966146915523
asthma_v2_Bronchial_P17BronchialTc_81.wav,1,4,1,1,0.043030925831363885,0.8716955414156476,0.012886378579173685,0.00712423093172613,0.0652629232420886
asthma_v2_Bronchial_P19BronchialSc_92.wav,1,4,1,1,0.018525433694756305,0.9664447827833734,0.007160008605454702,0.001087788186914756,0.006781986729500869
asthma_v2_Bronchial_P19BronchialTc_91.wav,1,4,1,1,0.11370098766059857,0.3945744423465639,0.4431344436030785,0.006663981922404141,0.04192614446735473
asthma_v2_Bronchial_P19BronchialTc_95.wav,1,4,1,1,0.029121639041277375,0.9190111675021269,0.03441362409811153,0.005652001210128348,0.011801568148355937
asthma_v2_Bronchial_P1BronchialTc_3.wav,1,4,1,1,0.03697821613358312,0.9263343111849726,0.02205378508393849,0.005944442901088412,0.008689244696417481
asthma_v2_Bronchial_P20BronchialSc_96.wav,1,4,1,1,0.026513106849251882,0.9406964736009353,0.013272440336806647,0.004152626517442392,0.015365352695563921
asthma_v2_Bronchial_P20BronchialTc_97.wav,1,4,1,1,0.01965052536188439,0.8969526588107974,0.07613996967099192,0.0028207282707848496,0.004436117885541226
asthma_v2_Bronchial_P2BronchialTc_9.wav,1,4,1,1,0.021088291701674557,0.9342585663501739,0.007416882020229535,0.013662297262526926,0.0235739626653955
asthma_v2_Bronchial_P3BronchialTc_13.wav,1,4,1,1,0.03051749088990348,0.9271792549133794,0.021865037169156325,0.008799336016612914,0.011638881010947696
asthma_v2_Bronchial_P4BronchialTc_19.wav,1,4,1,1,0.052550240070210044,0.6439507034441369,0.07238917604192896,0.15369255544122373,0.07741732500250041
asthma_v2_Bronchial_P5BronchialTc_21.wav,1,4,1,1,0.01450422135781874,0.9084500691464932,0.003939325991542981,0.06043450540910343,0.012671878095041854
asthma_v2_Bronchial_P6BronchialSc_30.wav,1,4,1,1,0.005110804376139287,0.9730550978587805,0.015787726595542808,0.001655843670690333,0.004390527498847057
asthma_v2_asthma_P10AsthmaIE_49.wav,1,4,0,0,0.8509612962324179,0.008926328228831342,0.010301474366545278,0.004055698289295849,0.12575520288290984
asthma_v2_asthma_P10AsthmaIU_50.wav,1,4,0,0,0.8931819235710594,0.061212076294204616,0.010475021294621743,0.002008621033446892,0.03312235780666785
asthma_v2_asthma_P10AsthmaRS_48.wav,1,4,0,0,0.9123989230084805,0.04579462720710435,0.0073546459980754295,0.0008209944596578136,0.03363080932668215
asthma_v2_asthma_P12WheezingIU_58.wav,1,4,0,0,0.8806382899740278,0.01748752155186724,0.012523313177935595,0.004053705709018324,0.08529716958715103
asthma_v2_asthma_P12WheezingRL_59.wav,1,4,0,0,0.929982903645918,0.016295068492719156,0.010710559260396362,0.0017608139824620962,0.041250654618504454
asthma_v2_asthma_P14WheezingIU_66.wav,1,4,0,0,0.9326853380894634,0.040051138598996214,0.006819952821446549,0.0007139255612089643,0.019729644928884738
asthma_v2_asthma_P15WheezingRL_75.wav,1,4,0,4,0.42563398664065294,0.004126327317508799,0.012972115576317136,0.02032450895980753,0.5369430615057137
asthma_v2_asthma_P16WheezingIE_77.wav,1,4,0,0,0.5663204669119213,0.005135212599751946,0.012854594135900142,0.018971508021121627,0.3967182183313051
asthma_v2_asthma_P17WheezingRL_83.wav,1,4,0,0,0.9127398725444087,0.0478230886130236,0.0067798193867660604,0.0013570050219512259,0.031300214433850754
asthma_v2_asthma_P19WheezingIU_94.wav,1,4,0,0,0.6306430196634696,0.05559320084998401,0.035012145013879815,0.0013399364214285885,0.2774116980512382
asthma_v2_asthma_P19WheezingRL_95.wav,1,4,0,0,0.9548150501394991,0.00888284526960915,0.0024401206818988113,0.0001964403793617832,0.033665543529631275
asthma_v2_asthma_P21WheezingIE_105.wav,1,4,0,0,0.7870178067553871,0.01922541530267214,0.0584540519106426,0.008146371051186025,0.12715635498011196
asthma_v2_asthma_P21WheezingRL_103.wav,1,4,0,0,0.6834524541978364,0.011649092004464554,0.007769636408435411,0.061826799330791174,0.23530201805847237
asthma_v2_asthma_P22WheezingIU_110.wav,1,4,0,0,0.9363237304384852,0.03686740368852361,0.003842457898279265,0.0005439870046932694,0.022422420970018515
asthma_v2_asthma_P22WheezingRS_108.wav,1,4,0,0,0.7500653937893703,0.015400828163671722,0.0036127005280877167,0.007210756545313649,0.2237103209735569
asthma_v2_asthma_P23WheezingIE_113.wav,1,4,0,0,0.9211472281242259,0.012663045848588173,0.006355112493125188,0.0003119626905490718,0.05952265084351145
asthma_v2_asthma_P23WheezingRL_111.wav,1,4,0,0,0.9533051347720396,0.024401341833056815,0.004200857522951408,0.0004397373481560341,0.01765292852379615
asthma_v2_asthma_P24WheezingRS_116.wav,1,4,0,0,0.8639364624543443,0.0176687648951733,0.010709974484557284,0.0018210810763195117,0.10586371708960553
asthma_v2_asthma_P26WheezingRS_128.wav,1,4,0,0,0.7435193336476892,0.006764089671286624,0.00822259096241191,0.0006037238451304143,0.24089026187348186
asthma_v2_asthma_P27WheezingIE_133.wav,1,4,0,3,0.40714678835143375,0.009865836389705658,0.009088236124293329,0.4475771412917833,0.1263219978427841
asthma_v2_asthma_P27WheezingRL_131.wav,1,4,0,0,0.8328045241399135,0.005491343388530772,0.10897099426438504,0.0005095834037368833,0.05222355480343394
asthma_v2_asthma_P27WheezingRL_135.wav,1,4,0,0,0.7054662504431337,0.038032789102669745,0.016715466491103524,0.01520084977213107,0.2245846441909621
asthma_v2_asthma_P28WheezingIE_137.wav,1,4,0,0,0.66298051796188,0.017534320042662848,0.008027987352140943,0.20362508936092505,0.10783208528239142
asthma_v2_asthma_P28WheezingIU_138.wav,1,4,0,0,0.8756418391122027,0.025002851546154538,0.002761147467181605,0.01885322181280148,0.07774094006165948
asthma_v2_asthma_P29WheezingIU_142.wav,1,4,0,0,0.4611712868541972,0.35168876091233076,0.06734684545385106,0.020829383748412134,0.09896372303120901
asthma_v2_asthma_P29WheezingRS_144.wav,1,4,0,4,0.4227610962270708,0.0034341212096679363,0.012913909436100395,0.00012144575196430434,0.5607694273751966
asthma_v2_asthma_P2AsthmaIU_10.wav,1,4,0,0,0.8872613157536827,0.035889729546322954,0.010158586862874738,0.007568138091542726,0.0591222297455768
asthma_v2_asthma_P30WheezingIU_150.wav,1,4,0,0,0.8583378939656866,0.042811455470526304,0.0025782989530536956,0.0039881271500695915,0.09228422446066421
asthma_v2_asthma_P32WheezingRL_159.wav,1,4,0,0,0.4718443249540007,0.22249115438866093,0.016762158811727136,0.008532157486791826,0.28037020435881926
asthma_v2_asthma_P33WheezingIE_165.wav,1,4,0,0,0.7668632802132119,0.1260249819561942,0.02731009451874917,0.003371153041246609,0.0764304902705983
asthma_v2_asthma_P36WheezingIE_177.wav,1,4,0,0,0.9563012621805982,0.01337349944730844,0.015329960547720772,0.00022960335588264415,0.014765674468490086
asthma_v2_asthma_P37WheezingRS_184.wav,1,4,0,0,0.8262655923518654,0.08960177610125618,0.01764466702751593,0.007135779543180175,0.059352184976182054
asthma_v2_asthma_P38WheezingRL_187.wav,1,4,0,0,0.7075720587197387,0.02236145280343397,0.043215657834732295,0.025212583137996396,0.20163824750409856
asthma_v2_asthma_P40WheezingIE_197.wav,1,4,0,0,0.9219610156891942,0.038230203715900975,0.03363844695931293,0.00041122564886755775,0.005759107986724544
asthma_v2_asthma_P40WheezingRL_199.wav,1,4,0,0,0.9396624730146814,0.011827759300829932,0.03802764758425574,0.00017070682049455434,0.010311413279738271
asthma_v2_asthma_P40WheezingRS_200.wav,1,4,0,0,0.7366202249522618,0.029426901510157494,0.22487801239748348,0.0002671778408149266,0.008807683299282162
asthma_v2_asthma_P42WheezingIU_210.wav,1,4,0,0,0.7095215130872734,0.010742440094830148,0.26311315096115656,0.002110171546228879,0.014512724310511163
asthma_v2_asthma_P44WheezingRL_219.wav,1,4,0,0,0.6625341604397929,0.005560292155230699,0.3122728644702535,0.0006558787784022119,0.01897680415632061
asthma_v2_asthma_P44WheezingRS_220.wav,1,4,0,2,0.15673879400078922,0.0011895917476992528,0.8390749628456153,0.0002750873971929069,0.0027215640087033064
asthma_v2_asthma_P45WheezingIU_222.wav,1,4,0,0,0.9540682950583808,0.014862689329253907,0.012576107010856338,0.0005124264794592488,0.01798048212204974
asthma_v2_asthma_P45WheezingRS_224.wav,1,4,0,0,0.7355388840669207,0.014711772157317657,0.07400157563035531,0.0022409164823512006,0.17350685166305516
asthma_v2_asthma_P46WheezingIU_226.wav,1,4,0,0,0.8130558038701389,0.099141521376199,0.04075166736166643,0.00590479088692261,0.04114621650507334
asthma_v2_asthma_P47WheezingRL_231.wav,1,4,0,0,0.36018637529957337,0.12658917281983822,0.4542982958643569,0.0032941082511769326,0.05563204776505439
asthma_v2_asthma_P49WheezingIE_245.wav,1,4,0,0,0.9221059175303413,0.0024607104691896143,0.025645941603798433,0.009021845433442938,0.04076558496322765
asthma_v2_asthma_P50WheezingRL_247.wav,1,4,0,0,0.9384090954377419,0.0066740494840819425,0.009514698643467462,0.0033233310903692825,0.04207882534433916
asthma_v2_asthma_P52WheezingIU_258.wav,1,4,0,0,0.9204498165584014,0.004878330067313026,0.03642580688900148,0.001004168210583601,0.037241878274700504
asthma_v2_asthma_P52WheezingRS_260.wav,1,4,0,0,0.9268499061003965,0.010570670486369312,0.012982199032184623,0.001312302195377271,0.0482849221856725
asthma_v2_asthma_P53WheezingRL_263.wav,1,4,0,4,0.05623810128672298,0.05373184928243943,0.2732338773490787,0.039950319374635335,0.5768458527071237
asthma_v2_asthma_P53WheezingRS_264.wav,1,4,0,1,0.2671944315113893,0.4987733556661011,0.07858933059296093,0.08012200578296148,0.07532087644658722
asthma_v2_asthma_P55WheezingIE_273.wav,1,4,0,4,0.050360040446696376,0.0033251300464319043,0.15818318145025398,0.2102689560980469,0.5778626919585709
asthma_v2_asthma_P55WheezingIU_274.wav,1,4,0,4,0.046493405594961186,0.0037346925307050398,0.00641920097653202,0.2342557373538918,0.7090969635439103
asthma_v2_asthma_P56WheezingIU_278.wav,1,4,0,4,0.24590969885118275,0.02074157594003507,0.0011941530460572638,0.0014019707304291841,0.7307526014322958
asthma_v2_asthma_P57WheezingIE_281.wav,1,4,0,3,0.16645984476600506,0.003472156808595691,0.008353996405061835,0.4906372899098966,0.3310767121104404
asthma_v2_asthma_P57WheezingIU_282.wav,1,4,0,4,0.08326743147107647,0.0018762603862859252,0.0015507102849550683,0.14157406703297365,0.7717315308247089
asthma_v2_asthma_P6AsthmaIE_29.wav,1,4,0,0,0.9150181291993476,0.05190574406330806,0.009735605716841064,0.0010529438658690693,0.022287577154634548
asthma_v2_asthma_P7AsthmaRS_32.wav,1,4,0,4,0.13458856404199024,0.0020173865998471584,0.0031115164312285025,0.013020228880079624,0.8472623040468544
asthma_v2_asthma_P8AsthmaRL_39.wav,1,4,0,0,0.871749451024788,0.02281100796599865,0.03400307757703141,0.007644717975571524,0.06379174545661015
asthma_v2_asthma_P8AsthmaRS_40.wav,1,4,0,0,0.7355689070389568,0.030049648168493284,0.05724524224632238,0.006875965033841618,0.17026023751238606
asthma_v2_copd_P11COPDMc_82.wav,1,4,2,0,0.7314191494251131,0.02082922317295786,0.02960367640989018,0.004354669752424725,0.213793281239614
asthma_v2_copd_P11COPDPr_81.wav,1,4,2,0,0.8520023533062602,0.04129179314425667,0.025117960900808624,0.0028778961715465266,0.07870999647712801
asthma_v2_copd_P11COPDPr_85.wav,1,4,2,2,0.03613169722904305,0.024644357845574436,0.930678581126452,0.0006079266640333484,0.007937437134897028
asthma_v2_copd_P12COPDMc_92.wav,1,4,2,2,0.002779294207465197,0.0035621847389849946,0.9932022732933738,0.00018459745959128256,0.00027165030058469956
asthma_v2_copd_P14COPDMc_112.wav,1,4,2,0,0.3174382747837931,0.009965058332077198,0.6669901263659423,0.0006708659564507198,0.004935674561736581
asthma_v2_copd_P14COPDPr_105.wav,1,4,2,2,9.254583552289952e-07,1.9695569640061832e-06,0.9992936367355993,4.896634665463295e-06,0.0006985716144159207
asthma_v2_copd_P15COPDMc_114.wav,1,4,2,2,0.13891260634729585,0.025661309189721437,0.8320209411577062,0.0014758772869760107,0.001929266018300303
asthma_v2_copd_P15COPDPr_115.wav,1,4,2,2,0.04641828412176989,0.004839654892760948,0.9462989723092349,0.00038801402559125096,0.0020550746506428955
asthma_v2_copd_P16COPDPr_123.wav,1,4,2,2,1.0269723618863875e-06,7.791690065007069e-07,0.9987318610798687,2.2615221918679165e-06,0.0012640712565710978
asthma_v2_copd_P16COPDPr_125.wav,1,4,2,2,2.6418282401900456e-07,1.807736518450505e-07,0.9996524097736228,2.637198815399126e-06,0.00034450807108591254
asthma_v2_copd_P17COPDMc_132.wav,1,4,2,2,0.000963476382527378,0.00011273687255627754,0.9982367424201668,0.00010960725071464446,0.0005774370740349935
asthma_v2_copd_P18COPDMc_144.wav,1,4,2,2,0.0004155516335965803,0.0006005531151464492,0.9984624651457842,0.0003261041579640251,0.00019532594750878778
asthma_v2_copd_P18COPDPr_137.wav,1,4,2,2,0.007622889346831192,0.000414561715012621,0.9885821307850768,0.00021787545464398435,0.003162542698435368
asthma_v2_copd_P20COPDMc_158.wav,1,4,2,2,5.791325089456481e-07,2.7899374414295715e-07,0.999772810671852,1.4733654717669984e-05,0.00021159754717753784
asthma_v2_copd_P21COPDMc_164.wav,1,4,2,2,0.020285426968514868,0.01814291968047323,0.9556190694337745,0.0005096932081930341,0.005442890709044281
asthma_v2_copd_P21COPDPr_161.wav,1,4,2,2,0.0037804932480301045,0.0011248543119028976,0.9939939279773692,0.0002715596952516974,0.0008291647674459831
asthma_v2_copd_P21COPDPr_163.wav,1,4,2,2,0.0023546178916877005,0.001273924110937564,0.9954637532303345,0.00033858680579417817,0.0005691179612458513
asthma_v2_copd_P22COPDPr_173.wav,1,4,2,2,0.050243732408335594,0.010525055426279812,0.8982739833833345,0.015329037648897693,0.02562819113315293
asthma_v2_copd_P23COPDMc_182.wav,1,4,2,2,0.00492342281956638,0.01389425582090959,0.8870979194979179,0.06660931360405778,0.027475088257548127
asthma_v2_copd_P23COPDMc_184.wav,1,4,2,2,0.0013150341712854614,0.004188072466879197,0.9656686211916795,0.021970449571570128,0.00685782259858545
asthma_v2_copd_P23COPDPr_181.wav,1,4,2,2,0.0010847514433890131,0.0001382610596722688,0.9969865555086143,0.00071781434516751,0.0010726176431571362
asthma_v2_copd_P24COPDMc_190.wav,1,4,2,2,0.004638824133661548,0.0037403051011307515,0.8594073494881622,0.10521614296342191,0.02699737831362372
asthma_v2_copd_P24COPDPr_187.wav,1,4,2,2,0.001403926390676263,0.000780420336419164,0.9871444706336712,0.0011518444260363505,0.009519338213196697
asthma_v2_copd_P24COPDPr_191.wav,1,4,2,2,4.1319637101479225e-07,3.7101688494070015e-07,0.9997711939902907,0.00014117839206992798,8.684340438329621e-05
asthma_v2_copd_P25COPDMc_198.wav,1,4,2,2,0.0017241910412808896,0.0014188989014669467,0.9959532947117756,0.0005291047487935754,0.00037451059668288034
asthma_v2_copd_P25COPDMc_200.wav,1,4,2,2,2.321847375026353e-07,3.4217812608510425e-07,0.9997601344656307,5.3840843539781584e-05,0.00018545032796586004
asthma_v2_copd_P27COPDMc_210.wav,1,4,2,2,0.010062675205375606,0.0038116272908725124,0.9815278763139796,0.0025007877007418838,0.002097033489030167
asthma_v2_copd_P27COPDMc_214.wav,1,4,2,2,7.578276115372897e-07,1.0469607507510756e-06,0.9997649310418979,1.794757934304522e-05,0.00021531659039657558
asthma_v2_copd_P27COPDPr_215.wav,1,4,2,2,5.714810337383628e-07,7.634941587710329e-07,0.9989860888750574,0.0008912686419444779,0.00012130750780560721
asthma_v2_copd_P28COPDMc_218.wav,1,4,2,2,0.0005046452089931949,0.00023214439754448653,0.9988589845303342,0.00019815201358272473,0.00020607384954550822
asthma_v2_copd_P28COPDMc_220.wav,1,4,2,2,0.001983382864029926,0.0007660753586734664,0.9956099617006364,0.0008086690986915212,0.0008319109779688084
asthma_v2_copd_P28COPDPr_221.wav,1,4,2,2,3.7010132948135873e-07,7.435277615468718e-07,0.9997156073636224,1.2978706359496415e-05,0.0002703003009272318
asthma_v2_copd_P29COPDPr_225.wav,1,4,2,2,0.000940867487406954,0.00042375411801519016,0.9977341721273125,0.00031821130582957536,0.0005829949614362819
asthma_v2_copd_P2COPDMc_16.wav,1,4,2,2,0.009890385913534796,0.00037984263892169824,0.9888696757118476,0.0002899161773383319,0.0005701795583580111
asthma_v2_copd_P2COPDPr_11.wav,1,4,2,2,0.006722649866287542,0.0012748188508859835,0.9906519820498512,0.0005587630965067496,0.0007917861364686198
asthma_v2_copd_P2COPDPr_15.wav,1,4,2,2,0.009653240595229208,0.0005124791904844326,0.9894933476397461,0.00011442324853215247,0.00022650932600808488
asthma_v2_copd_P31COPDMc_242.wav,1,4,2,2,0.008584206416316131,0.006555726193429671,0.9069901667189515,0.02037844601893905,0.057491454652363876
asthma_v2_copd_P32COPDMc_250.wav,1,4,2,2,0.12431201156784806,0.013529007270504418,0.842289181415568,0.0009347032425913606,0.018935096503488073
asthma_v2_copd_P32COPDPr_251.wav,1,4,2,2,0.15094088098884348,0.010972761046077386,0.8307602771133761,0.0002605507185204997,0.00706553013318238
asthma_v2_copd_P33COPDPr_261.wav,1,4,2,2,0.014309465178083068,0.10391469977789115,0.866585317396236,0.006158752131931572,0.00903176551585813
asthma_v2_copd_P34COPDMc_272.wav,1,4,2,2,0.001382170132775953,0.028662715435308347,0.9685934231415283,3.340652975067457e-05,0.0013282847606368366
asthma_v2_copd_P34COPDPr_265.wav,1,4,2,2,0.0016045524465069306,0.021768353167715825,0.9754875259196188,6.287454767098289e-05,0.0010766939184872332
asthma_v2_copd_P34COPDPr_267.wav,1,4,2,2,0.019019858230459586,0.05868487845042177,0.916572165805803,0.0005681223886411985,0.005154975124674741
asthma_v2_copd_P35COPDMc_274.wav,1,4,2,2,0.0009911601183248322,0.0038833392638784824,0.9720634478151078,0.0033329763302841608,0.019729076472404714
asthma_v2_copd_P35COPDMc_278.wav,1,4,2,2,0.0004404527856376757,0.0007295415481272326,0.9977437603357029,0.0007229295025914285,0.0003633158279409322
asthma_v2_copd_P35COPDMc_280.wav,1,4,2,2,1.7805365295480203e-07,2.443037740109949e-07,0.9998994576027603,6.161857863515047e-05,3.850146117761826e-05
asthma_v2_copd_P36COPDMc_282.wav,1,4,2,2,0.08192342251118354,0.10500542796878667,0.6502114695677379,0.015466501499341652,0.14739317845295022
asthma_v2_copd_P38COPDMc_304.wav,1,4,2,2,0.009285804074547507,0.00043363129356057935,0.9396961380784988,0.005620578526442552,0.044963848026950415
asthma_v2_copd_P38COPDPr_303.wav,1,4,2,2,0.04154457985152785,0.002526361829849536,0.9130075541964646,0.0048299230919192785,0.038091581030238755
asthma_v2_copd_P39COPDMc_308.wav,1,4,2,2,0.0013401795621475153,0.0074993679225688675,0.9779437883739203,0.0006356483678342892,0.012581015773529235
asthma_v2_copd_P39COPDMc_312.wav,1,4,2,2,0.008693121164231191,0.04222746322565302,0.9410832310515664,0.002937313947149036,0.005058870611400568
asthma_v2_copd_P3COPDMc_22.wav,1,4,2,2,0.0654206672941173,0.0025890868411226915,0.9306663730777036,0.0002746469604133219,0.0010492258266429284
asthma_v2_copd_P3COPDPr_23.wav,1,4,2,2,0.021553221387102372,0.0012731357758143796,0.9764903678987995,0.0002230773631477391,0.000460197575136216
asthma_v2_copd_P40COPDMc_318.wav,1,4,2,0,0.4270245165235017,0.07945515485612903,0.08174710748607855,0.005344422025343124,0.4064287991089477
asthma_v2_copd_P40COPDPr_313.wav,1,4,2,2,0.00694554985100626,0.057195331500929855,0.9282476510666343,0.004329646715188305,0.0032818208662414245
asthma_v2_copd_P40COPDPr_317.wav,1,4,2,2,4.020855849256606e-09,4.708690914688793e-09,0.9999877616334698,8.924075865968803e-07,1.1337229397081558e-05
asthma_v2_copd_P41COPDPr_323.wav,1,4,2,2,5.619011041612798e-07,5.622154867988164e-07,0.9991508462323118,6.509854539601139e-05,0.0007829311057011934
asthma_v2_copd_P42COPDMc_334.wav,1,4,2,2,0.00039349317478117816,0.0002616947777967809,0.9962659748960853,0.002649952293289162,0.0004288848580476287
asthma_v2_copd_P42COPDPr_335.wav,1,4,2,2,0.0008240085538757865,0.0011348020942748647,0.9944934599460956,0.0009738242378288843,0.0025739051679247596
asthma_v2_copd_P43COPDPr_343.wav,1,4,2,2,0.0001532580829223334,0.0014761881495491186,0.9980106915169206,8.095957554491974e-05,0.0002789026750629848
asthma_v2_copd_P44COPDPr_347.wav,1,4,2,2,0.006428796389938066,0.0036329001723174976,0.8998833635747259,0.004934008212816523,0.08512093165020194
asthma_v2_copd_P45COPDPr_353.wav,1,4,2,2,2.0775056945266873e-06,2.0935646682174417e-06,0.9979926067488097,0.0002999438083777124,0.0017032783724497005
asthma_v2_copd_P46COPDMc_364.wav,1,4,2,4,0.00662049100126202,0.0006926336952343756,0.41728395357456344,0.018192858682472515,0.5572100630464679
asthma_v2_copd_P48COPDMc_378.wav,1,4,2,2,0.008093297410323858,0.0032094912256418885,0.9856091328385664,0.0007507108303373834,0.0023373676951304037
asthma_v2_copd_P48COPDMc_382.wav,1,4,2,2,0.0005500259094078567,0.0012684977238906002,0.9955286402472089,0.0009452413340467692,0.0017075947854459103
asthma_v2_copd_P48COPDMc_384.wav,1,4,2,2,0.00037527339031896906,0.0006234334875330412,0.9977405884594716,0.0005173841517801683,0.0007433205108961715
asthma_v2_copd_P48COPDPr_377.wav,1,4,2,2,0.0010329058465342877,0.0008694195886986923,0.9949382706636961,0.0022463495775114127,0.0009130543235594257
asthma_v2_copd_P48COPDPr_381.wav,1,4,2,2,0.0007056513225924845,0.00035052223941806787,0.9980634986365722,0.0003979349484936923,0.00048239285292362913
asthma_v2_copd_P49COPDMc_392.wav,1,4,2,2,3.525474654482065e-07,7.067896201133116e-07,0.9999243684542806,5.327057557336425e-05,2.1301633060560186e-05
asthma_v2_copd_P49COPDPr_389.wav,1,4,2,2,0.00017467897743087194,0.0008426583453584394,0.9967932581760569,0.0011342879519620828,0.0010551165491920645
asthma_v2_copd_P49COPDPr_391.wav,1,4,2,2,0.0001174360746613462,0.0007272147916011326,0.9988366975350836,0.000177286568423272,0.00014136503023072164
asthma_v2_copd_P4COPDPr_27.wav,1,4,2,2,7.148529140627539e-07,5.616943231345115e-07,0.9991770818321565,1.9154936821595525e-05,0.0008024866837847171
asthma_v2_copd_P50COPDPr_393.wav,1,4,2,2,0.00016443921639926583,0.0008719984734414797,0.9986088038844751,0.00021501950948772547,0.00013973891619635499
asthma_v2_copd_P5COPDMc_36.wav,1,4,2,2,0.0018693636826046139,0.003484142345031582,0.9373544611896728,0.005504629656084551,0.051787403126606325
asthma_v2_copd_P6COPDMc_42.wav,1,4,2,2,0.000585895701878434,0.0003710756718381988,0.9971279586629018,0.0006700816788549391,0.00124498828452652
asthma_v2_copd_P7COPDMc_50.wav,1,4,2,2,0.0030013595755341307,0.0005796743187210342,0.9906491602613378,0.0034187690270282784,0.00235103681737891
asthma_v2_copd_P8COPDMc_62.wav,1,4,2,2,4.4609130491889275e-07,2.904958427764698e-07,0.999861041341734,8.624922018618563e-06,0.00012959714909950923
asthma_v2_copd_P8COPDPr_57.wav,1,4,2,2,0.0016373459179619412,0.0001490347674268979,0.9946520887360708,0.0006118160758582482,0.002949714502682087
asthma_v2_copd_P8COPDPr_63.wav,1,4,2,2,0.00042859157439030906,6.103486302951558e-05,0.9986218387886148,5.629673025173619e-05,0.0008322380437139086
asthma_v2_copd_P9COPDMc_70.wav,1,4,2,2,2.2603402275786147e-07,1.8361435386157836e-07,0.9999184985939741,4.699373560174469e-06,7.639238408902107e-05
asthma_v2_healthy_P10Healthy10S.wav,1,4,3,4,0.06379776241478874,0.026601665817283612,0.023305385674917464,0.05748953202724624,0.8288056540657637
asthma_v2_healthy_P10Healthy65S.wav,1,4,3,3,0.005819558045137819,0.0004619122944776081,0.0026541040986865962,0.77686418666045,0.21420023890124787
asthma_v2_healthy_P11Healthy30S.wav,1,4,3,3,0.08630617724426676,0.26561755693594835,0.17873649135779288,0.41777328980651407,0.05156648465547794
asthma_v2_healthy_P11Healthy73S.wav,1,4,3,3,0.03596192094728413,0.0572719399660088,0.13975533245584087,0.7263158930006335,0.04069491363023288
asthma_v2_healthy_P12Healthy16S.wav,1,4,3,3,0.021635580907631742,0.014522623396041632,0.07435681375740288,0.8585637880349085,0.030921193904015022
asthma_v2_healthy_P12Healthy67S.wav,1,4,3,3,0.07197598200825038,0.07657923581784891,0.30575370033465055,0.36454934014597173,0.18114174169327843
asthma_v2_healthy_P12Healthy93S.wav,1,4,3,3,0.02183004739830364,0.010959467225499491,0.4250060433982606,0.40621152845267194,0.1359929135252641
asthma_v2_healthy_P13Healthy28S.wav,1,4,3,3,0.01894832551443294,0.009207725471401201,0.038425675091110424,0.9045634904400938,0.02885478348296136
asthma_v2_healthy_P16Healthy19S.wav,1,4,3,3,0.0270123231933107,0.004137375011815599,0.0024024381914730373,0.8838214915328705,0.0826263720705299
asthma_v2_healthy_P18Healthy17S.wav,1,4,3,3,0.011910088760959864,0.0013954128548131976,0.013584823272927716,0.9273469055982522,0.045762769513047044
asthma_v2_healthy_P18Healthy59S.wav,1,4,3,3,0.06906121512487491,0.11166643886962536,0.02191409475828047,0.7189419874414398,0.07841626380577955
asthma_v2_healthy_P18Healthy98S.wav,1,4,3,3,0.010975942625406137,0.0012894909529601961,0.0294217075897751,0.9124323300707213,0.04588052876113722
asthma_v2_healthy_P19Healthy50S.wav,1,4,3,3,0.008794369114458737,0.0012463909563714915,0.0002544148612922781,0.9844144654486754,0.005290359619202414
asthma_v2_healthy_P21Healthy53S.wav,1,4,3,3,0.030832788500993826,0.010397702290598458,0.08368332798453994,0.7964926398715919,0.07859354135227598
asthma_v2_healthy_P22Healthy36S.wav,1,4,3,3,0.01135087440724081,0.0010017419423084934,0.012494299640724875,0.9516722352607813,0.023480848748944676
asthma_v2_healthy_P24Healthy51S.wav,1,4,3,3,0.003942955114162331,0.0015785591993188026,0.0006003344852571548,0.9498646890938307,0.04401346210743117
asthma_v2_healthy_P26Healthy22S.wav,1,4,3,3,0.01419266732211589,0.0025279931405677364,0.008236685010109206,0.9388584327716413,0.03618422175556603
asthma_v2_healthy_P26Healthy46S.wav,1,4,3,3,0.10675435578985529,0.008155852660160022,0.02995986627923259,0.5409818693744973,0.314148055896255
asthma_v2_healthy_P4Healthy69S.wav,1,4,3,3,0.08558224320422177,0.022277734263282483,0.11280241829395896,0.2573010647794373,0.5220365394590997
asthma_v2_healthy_P5Healthy57S.wav,1,4,3,3,0.0015455552191969413,0.00020476314065830985,0.001128028879709047,0.9563135938172928,0.04080805894314269
asthma_v2_healthy_P6Healthy21S.wav,1,4,3,0,0.23944220092721738,0.028238581557020276,0.444461554517469,0.10883301290771441,0.17902465009057894
asthma_v2_healthy_P6Healthy34S.wav,1,4,3,3,0.02937895354052016,0.0006249209056295236,0.006044823721200487,0.6649452610967552,0.2990060407358945
asthma_v2_healthy_P6Healthy71S.wav,1,4,3,3,0.032103770847773175,0.030667648063533205,0.08035859580087147,0.7907584094633491,0.06611157582447295
asthma_v2_healthy_P7Healthy94S.wav,1,4,3,3,0.027213271313010722,0.009510923566277966,0.036508244690865305,0.8985985925333476,0.028168967896498434
asthma_v2_healthy_P8Healthy33S.wav,1,4,3,3,0.31215197714928633,0.09332022742528702,0.1464027858730928,0.3818514065658571,0.06627360298647696
asthma_v2_healthy_P8Healthy35S.wav,1,4,3,3,0.1498677121999386,0.05893934265522512,0.081654005352749,0.6463788777579383,0.0631600620341493
asthma_v2_healthy_P9Healthy31S.wav,1,4,3,3,0.4190917404018994,0.005071791290454357,0.0023010599493642186,0.323363671736746,0.2501717366215362
asthma_v2_pneumonia_P11Pneumonia58A.wav,1,4,4,4,0.06678726556421752,0.0011373346412855798,0.0017246728574314822,0.024071943777929525,0.9062787831591358
asthma_v2_pneumonia_P11Pneumonia98J.wav,1,4,4,4,0.11287352214358404,0.0016006713142007341,0.004319956250481965,0.11456117246904308,0.7666446778226904
asthma_v2_pneumonia_P12Pneumonia44H.wav,1,4,4,4,0.0980654945038313,0.029645571770810467,0.05104653310090516,0.009690000919628104,0.8115523997048247
asthma_v2_pneumonia_P12Pneumonia46L.wav,1,4,4,0,0.5783541914787245,0.025203321760819682,0.00454602845095189,0.00500427992989797,0.38689217837960577
asthma_v2_pneumonia_P12Pneumonia59Q.wav,1,4,4,4,0.09239258335116035,0.030698256513659636,0.02800722458276384,0.004103007597879837,0.8447989279545365
asthma_v2_pneumonia_P13Pneumonia94T.wav,1,4,4,4,0.0216236832894073,0.022162452172693935,0.018307060643121587,0.008534899677105707,0.9293719042176714
asthma_v2_pneumonia_P14Pneumonia19W.wav,1,4,4,4,0.3501644244764738,0.01267024233080835,0.025408110174700224,0.0008244216602449121,0.6109328013577731
asthma_v2_pneumonia_P14Pneumonia73T.wav,1,4,4,4,0.20214218473674517,0.005463244053720083,0.022546645482370106,0.0008488895644986666,0.7689990361626662
asthma_v2_pneumonia_P18Pneumonia50S.wav,1,4,4,4,0.052714515744586396,0.0034767032439764825,0.0001488173198786417,0.0006562038488288792,0.9430037598427297
asthma_v2_pneumonia_P18Pneumonia88I.wav,1,4,4,4,0.04486164269157033,0.004056787401518884,0.00015558482572033115,0.001362862455095509,0.9495631226260949
asthma_v2_pneumonia_P19Pneumonia24H.wav,1,4,4,4,0.022329692126041144,0.01355289491040094,0.00016447307468013414,0.013131293135131427,0.9508216467537464
asthma_v2_pneumonia_P1Pneumonia10T.wav,1,4,4,4,0.02038254154194092,0.002309447396326253,0.00018661089042990587,0.0002824060752684161,0.9768389940960347
asthma_v2_pneumonia_P20Pneumonia84L.wav,1,4,4,4,0.06962478095922879,0.002351696963800009,0.002826364442004785,0.20870256296326853,0.7164945946716981
asthma_v2_pneumonia_P22Pneumonia47V.wav,1,4,4,4,0.018941403564123962,0.0017292621780726188,5.54281482711271e-05,0.0018154968027137624,0.9774584093068185
asthma_v2_pneumonia_P23Pneumonia60Y.wav,1,4,4,4,0.07428736737292863,0.0026732001718044636,0.024900223742403173,0.011733048589098693,0.8864061601237652
asthma_v2_pneumonia_P23Pneumonia90V.wav,1,4,4,4,0.05099238710839208,0.004333447414787953,0.028949366329941047,0.01764069544882144,0.8980841036980576
asthma_v2_pneumonia_P24Pneumonia54A.wav,1,4,4,4,0.09488705868548729,0.00504901327401275,0.002796977368623693,0.0016153563161384733,0.895651594355738
asthma_v2_pneumonia_P24Pneumonia67G.wav,1,4,4,4,0.043386043365851175,0.0023861512510161996,0.021541072143677314,0.01575651842532741,0.916930214814128
asthma_v2_pneumonia_P25Pneumonia42V.wav,1,4,4,3,0.038610173842268274,0.01134909354073659,0.007836248093650302,0.7979819490367893,0.1442225354865556
asthma_v2_pneumonia_P26Pneumonia12X.wav,1,4,4,4,0.04203487642633047,0.00958347756699006,0.005745339455775329,0.20742266207532056,0.7352136444755837
asthma_v2_pneumonia_P27Pneumonia48G.wav,1,4,4,4,0.022861477190868444,0.0048269107088505766,0.06169766588310403,0.0006082706094298437,0.9100056756077469
asthma_v2_pneumonia_P28Pneumonia22W.wav,1,4,4,4,0.07257986675056703,0.011562445084768502,0.005702259690455828,0.00026622542100901235,0.9098892030531996
asthma_v2_pneumonia_P29Pneumonia14M.wav,1,4,4,4,0.04748207587954962,0.003729510134135872,0.0004836669292730168,0.0004344917847836246,0.9478702552722579
asthma_v2_pneumonia_P29Pneumonia82U.wav,1,4,4,4,0.04552031439441005,0.016872389204610566,0.0021563587301274153,0.021037776278615,0.9144131613922367
asthma_v2_pneumonia_P2Pneumonia28R.wav,1,4,4,4,0.0075357703970753915,0.0022599938153451612,0.00020491665591851758,0.0021159781100502924,0.9878833410216106
asthma_v2_pneumonia_P31Pneumonia47D.wav,1,4,4,4,0.04760992278434321,0.015464958177335314,0.0016640014160113406,0.001736366672019181,0.9335247509502907
asthma_v2_pneumonia_P31Pneumonia92I.wav,1,4,4,4,0.07636763231921365,0.010707298506256829,0.0012276804757816472,0.0007806909079281485,0.9109166977908199
asthma_v2_pneumonia_P32Pneumonia59Q.wav,1,4,4,4,0.012350975666068244,0.022371124516296123,0.0016796590684615901,0.19585326978683948,0.7677449709623347
asthma_v2_pneumonia_P33Pneumonia50P.wav,1,4,4,4,0.04077841883024679,0.003575536299132116,0.0002927198299906448,0.004956659297932751,0.9503966657426978
asthma_v2_pneumonia_P33Pneumonia94C.wav,1,4,4,4,0.048421772913512,0.003971191067951567,0.0002514576011071889,0.010541716866155942,0.9368138615512734
asthma_v2_pneumonia_P34Pneumonia99G.wav,1,4,4,4,0.05255450199744346,0.012280129269469083,0.0004435354729926951,0.0024948940402232484,0.9322269392198714
asthma_v2_pneumonia_P37Pneumonia44I.wav,1,4,4,0,0.7233614351844205,0.01645977586953373,0.015800841624813978,0.0441496740690712,0.20022827325216036
asthma_v2_pneumonia_P37Pneumonia83S.wav,1,4,4,0,0.5445541548478491,0.009694106529729424,0.008840749865127501,0.0060976833141428615,0.430813305443151
asthma_v2_pneumonia_P38Pneumonia35P.wav,1,4,4,0,0.8040933995948325,0.05554089916923585,0.0354260596975176,0.0033875963994076117,0.10155204513900642
asthma_v2_pneumonia_P38Pneumonia41S.wav,1,4,4,0,0.8263303441525767,0.01631136988569732,0.008825947359317108,0.0037268136152320344,0.14480552498717664
asthma_v2_pneumonia_P39Pneumonia16K.wav,1,4,4,0,0.8955052183263741,0.03586368708120943,0.01897510203359122,0.004522763813263637,0.04513322874556181
asthma_v2_pneumonia_P3Pneumonia96L.wav,1,4,4,4,0.027696934128727813,0.0008056614326498224,0.0011082556942693834,0.00018558461232257297,0.9702035641320305
asthma_v2_pneumonia_P40Pneumonia32Q.wav,1,4,4,4,0.21332367143221376,0.002929358002269999,0.001064397687003266,0.0006374021269788346,0.7820451707515342
asthma_v2_pneumonia_P40Pneumonia92J.wav,1,4,4,3,0.21811729909593836,0.00921921883417549,0.050797783357959675,0.6343059022392742,0.08755979647265241
asthma_v2_pneumonia_P41Pneumonia41D.wav,1,4,4,0,0.3895772727043382,0.005700859318872698,0.5358190221894487,0.0005938681920834164,0.06830897759525707
asthma_v2_pneumonia_P43Pneumonia24U.wav,1,4,4,3,0.012080577554030152,0.005425265334594215,0.5658430697731034,0.19107039226683897,0.22558069507143316
asthma_v2_pneumonia_P43Pneumonia53X.wav,1,4,4,4,0.019694742798190803,0.00809106690500995,0.01149794741856871,0.016124833663273736,0.9445914092149569
asthma_v2_pneumonia_P46Pneumonia80D.wav,1,4,4,3,0.00777582264998472,0.005781704878338262,0.07786428700524418,0.8050681521909666,0.10351003327546597
asthma_v2_pneumonia_P47Pneumonia14M.wav,1,4,4,4,0.05839896170530282,0.012374172242962238,0.006856833792939952,0.04274494844725815,0.8796250838115367
asthma_v2_pneumonia_P47Pneumonia24N.wav,1,4,4,4,0.06835786678060728,0.0034985646766444722,0.024943101495941866,0.0020941227923861614,0.9011063442544202
asthma_v2_pneumonia_P48Pneumonia31K.wav,1,4,4,3,0.00777582264998472,0.005781704878338262,0.07786428700524418,0.8050681521909666,0.10351003327546597
asthma_v2_pneumonia_P48Pneumonia82Z.wav,1,4,4,3,0.021149347397417497,0.013667970637793911,0.11285871650043452,0.6818071512499261,0.1705168142144279
asthma_v2_pneumonia_P5Pneumonia20K.wav,1,4,4,4,0.047918980430078674,0.002445142821415746,0.025825312490392896,0.020288258167072085,0.9035223060910406
asthma_v2_pneumonia_P6Pneumonia37H.wav,1,4,4,4,0.024322290862467316,0.005251248879464045,0.040800894388643656,0.11164368600922119,0.8179818798602038
asthma_v2_pneumonia_P6Pneumonia39O.wav,1,4,4,4,0.07323430683359063,0.004513945864037691,0.02472668586513234,0.002450602854808557,0.8950744585824307
asthma_v2_pneumonia_P7Pneumonia34I.wav,1,4,4,4,0.08144915646444434,0.0010350686593999612,0.01858149276775286,0.014112195634594425,0.8848220864738086
asthma_v2_pneumonia_P7Pneumonia62G.wav,1,4,4,4,0.030088079330952096,0.0017513305477190664,0.027770354463851794,0.03210690338579173,0.9082833322716855
asthma_v2_pneumonia_P8Pneumonia20O.wav,1,4,4,4,0.03946114049562597,0.0031890079904787535,0.015629537620006396,0.0028801313951448493,0.9388401824987439
asthma_v2_pneumonia_P8Pneumonia28V.wav,1,4,4,3,0.004461810074641301,0.0047755650611033046,0.00380858653780426,0.9185038121597736,0.06845022616667752
asthma_v2_pneumonia_P9Pneumonia31T.wav,1,4,4,4,0.19801183066252073,0.035586886329874966,0.09157569406341227,0.007333567189235006,0.6674920217549567
asthma_v2_pneumonia_P9Pneumonia63O.wav,1,4,4,4,0.01886724408903328,0.020398380523567832,0.005760762336034106,0.1826535756897992,0.7723200373615655
asthma_v2_pneumonia_P9Pneumonia67I.wav,1,4,4,4,0.050503951576068594,0.0008737459063912551,0.004655483023973179,0.04130274278079133,0.9026640767127756
