file_id,repeat,fold,y_true,y_pred,p_asthma,p_bronchial,p_copd,p_healthy,p_pneumonia
asthma_v2_Bronchial_P11BronchialSc_52.wav,1,0,1,0,0.4561565420751406,0.0692976968802662,0.12417148147728274,0.017712277801173307,0.33266200176613714
asthma_v2_Bronchial_P11BronchialSc_54.wav,1,0,1,3,0.1734866523787151,0.015736936151947992,0.03314221659125676,0.34640401687643263,0.43123017800164753
asthma_v2_Bronchial_P11BronchialTc_51.wav,1,0,1,1,0.030352236741202618,0.9087863519388564,0.0471382179188923,0.004654266042457452,0.009068927358591503
asthma_v2_Bronchial_P11BronchialTc_53.wav,1,0,1,3,0.08374841832253387,0.02476305417925555,0.0266814809167586,0.5928181368563393,0.27198890972511264
asthma_v2_Bronchial_P11BronchialTc_55.wav,1,0,1,0,0.9217582563632362,0.03812391123011592,0.007842357548586447,0.001218867576739105,0.031056607281322122
asthma_v2_Bronchial_P14BronchialSc_66.wav,1,0,1,0,0.753523145899241,0.19257068099674143,0.04025140094912195,0.001942969608252276,0.011711802546643448
asthma_v2_Bronchial_P14BronchialSc_68.wav,1,0,1,0,0.4308295405548079,0.018443562094324198,0.535312362912268,0.0005641456483125723,0.014850388790287387
asthma_v2_Bronchial_P14BronchialSc_70.wav,1,0,1,1,0.0023634723031751683,0.985097445796587,0.009939024899365701,0.0017853982650924323,0.0008146587357800359
asthma_v2_Bronchial_P14BronchialTc_67.wav,1,0,1,0,0.8967007475542854,0.06100138274917576,0.033641468279481286,0.0012002969932530087,0.007456104423804401
asthma_v2_Bronchial_P14BronchialTc_69.wav,1,0,1,0,0.8842585663094737,0.0562920971154296,0.03227385221622423,0.0014971768276596578,0.025678307531212998
asthma_v2_Bronchial_P19BronchialSc_92.wav,1,0,1,1,0.00818142130207488,0.9778055861018765,0.010563613740138823,0.0006429705817577986,0.0028064082741520225
asthma_v2_Bronchial_P19BronchialSc_94.wav,1,0,1,1,0.018551894859558864,0.8961208775596835,0.07335052831463613,0.0037508056356714632,0.00822589363045023
asthma_v2_Bronchial_P19BronchialTc_91.wav,1,0,1,1,0.07253228691078412,0.4338269214307477,0.4468441662463154,0.008902725573528425,0.03789389983862478
asthma_v2_Bronchial_P19BronchialTc_93.wav,1,0,1,1,0.015426079977196354,0.9303940120696805,0.04872048172657751,0.001142883013335331,0.004316543213210277
asthma_v2_Bronchial_P19BronchialTc_95.wav,1,0,1,1,0.011987125284279436,0.9348987984782904,0.043556514817890475,0.004489476157583517,0.005068085261956051
asthma_v2_Bronchial_P3BronchialSc_12.wav,1,0,1,1,0.019299427507327268,0.9381759602503045,0.026028922502227114,0.010277958946116663,0.00621773079402477
asthma_v2_Bronchial_P3BronchialSc_14.wav,1,0,1,1,0.019289694183304038,0.7895849610575737,0.09476069302380087,0.0769529964098675,0.019411655325453775
asthma_v2_Bronchial_P3BronchialTc_11.wav,1,0,1,1,0.0233418764666214,0.9195452252868265,0.03428615394262485,0.014803439175556304,0.008023305128370887
asthma_v2_Bronchial_P3BronchialTc_13.wav,1,0,1,1,0.03361394313975377,0.8595915419911686,0.0566645400513464,0.03401364631012226,0.016116328507608895
asthma_v2_Bronchial_P3BronchialTc_15.wav,1,0,1,1,0.021071504674846697,0.8134060363080408,0.06868447745775112,0.08327178276707452,0.013566198792287073
asthma_v2_asthma_P12WheezingIE_57.wav,1,0,0,0,0.8237263315280459,0.01646105273356414,0.06394784268578604,0.0037736779512482044,0.0920910951013558
asthma_v2_asthma_P12WheezingIU_58.wav,1,0,0,0,0.8656400200598234,0.019332272190528868,0.0195897018694668,0.005190058948392157,0.09024794693178871
asthma_v2_asthma_P12WheezingRL_59.wav,1,0,0,0,0.9202258313876844,0.02157041721586049,0.012602813512471733,0.0028835994945239215,0.04271733838945945
asthma_v2_asthma_P12WheezingRS_56.wav,1,0,0,0,0.8003948487770136,0.01883652510270913,0.06859264200255906,0.0038236141180962168,0.10835236999962161
asthma_v2_asthma_P12WheezingRS_60.wav,1,0,0,0,0.9156886167000191,0.04049095807848621,0.007015718542870441,0.0012480243121005868,0.03555668236652352
asthma_v2_asthma_P14WheezingIE_69.wav,1,0,0,0,0.6737263940122324,0.10329320662706251,0.03418238867513469,0.09474884614812516,0.09404916453744548
asthma_v2_asthma_P14WheezingIU_66.wav,1,0,0,0,0.9230184357763175,0.03932931792733754,0.00703178598348552,0.0006631836275666246,0.02995727668529286
asthma_v2_asthma_P14WheezingIU_70.wav,1,0,0,0,0.5351683966730141,0.008685801569147715,0.006084688290762241,0.02550734180280588,0.4245537716642704
asthma_v2_asthma_P14WheezingRL_67.wav,1,0,0,0,0.8641659452387257,0.020412692575205404,0.010680752192832833,0.009909615551895805,0.09483099444134047
asthma_v2_asthma_P14WheezingRS_68.wav,1,0,0,0,0.8450098011938234,0.009740714259770208,0.005116019228309818,0.0044371092174133485,0.1356963561006835
asthma_v2_asthma_P21WheezingIE_101.wav,1,0,0,0,0.6402351442155853,0.024376752538932074,0.007732373042303198,0.07869584507438057,0.24895988512879877
asthma_v2_asthma_P21WheezingIE_105.wav,1,0,0,0,0.6205668692687333,0.060616364690664025,0.05729617333520721,0.02217942907830857,0.23934116362708707
asthma_v2_asthma_P21WheezingIU_102.wav,1,0,0,0,0.8431467586309341,0.042709102734165234,0.002058151430848822,0.034544853820563916,0.07754113338348799
asthma_v2_asthma_P21WheezingRL_103.wav,1,0,0,0,0.7605412225356393,0.014993487827296722,0.0062818167425787745,0.05166062949440587,0.16652284340007972
asthma_v2_asthma_P21WheezingRS_104.wav,1,0,0,0,0.5243595051192934,0.058392973550244115,0.06922325285079364,0.01508476690244879,0.33293950157722035
asthma_v2_asthma_P30WheezingIE_149.wav,1,0,0,0,0.8882741665519855,0.029572537020043956,0.002480147315194395,0.0031697798616611996,0.07650336925111513
asthma_v2_asthma_P30WheezingIU_146.wav,1,0,0,4,0.44710384141185405,0.0010820133716036746,0.0017475486920252503,0.0006301419386277034,0.5494364545858895
asthma_v2_asthma_P30WheezingIU_150.wav,1,0,0,0,0.7097193554828888,0.13084009770477747,0.005864202557605223,0.013345021740976723,0.14023132251375162
asthma_v2_asthma_P30WheezingRL_147.wav,1,0,0,0,0.7997365127266626,0.02774585076384851,0.013442433472952056,0.0016965411065602831,0.15737866192997685
asthma_v2_asthma_P30WheezingRS_148.wav,1,0,0,0,0.7732578540848015,0.06271347404920402,0.006227156504902856,0.004858135872082911,0.15294337948900857
asthma_v2_asthma_P32WheezingIE_157.wav,1,0,0,0,0.6872537420405395,0.038032142945026916,0.00934801412635387,0.010480019162611475,0.2548860817254682
asthma_v2_asthma_P32WheezingIU_158.wav,1,0,0,0,0.8012744572303939,0.06580438194177954,0.009847973420609816,0.008533390735230064,0.11453979667198656
asthma_v2_asthma_P32WheezingRL_159.wav,1,0,0,0,0.4438223120197541,0.2661401686309898,0.023578486008535487,0.008416423630768256,0.2580426097099525
asthma_v2_asthma_P32WheezingRS_156.wav,1,0,0,0,0.7967571260955701,0.05187737769416636,0.008990331690833325,0.03224940058298255,0.11012576393644723
asthma_v2_asthma_P32WheezingRS_160.wav,1,0,0,0,0.6478972612379866,0.007978208969402758,0.004409187059089108,0.003992207563452643,0.335723135170069
asthma_v2_asthma_P35WheezingIE_173.wav,1,0,0,0,0.6946306458661251,0.0036412679024783096,0.14717159224348428,0.0010028778761627703,0.1535536161117499
asthma_v2_asthma_P35WheezingIU_174.wav,1,0,0,0,0.6969888455649171,0.11464064351253067,0.06267660446527754,0.01471327118947298,0.11098063526780182
asthma_v2_asthma_P35WheezingRL_171.wav,1,0,0,0,0.9258252124945435,0.014938447070021003,0.0038899560656340533,0.0025937087177366745,0.05275267565206475
asthma_v2_asthma_P35WheezingRL_175.wav,1,0,0,0,0.8825255643127904,0.02159616458843003,0.025211522570123004,0.0009419476755031239,0.0697248008531537
asthma_v2_asthma_P35WheezingRS_172.wav,1,0,0,0,0.5858575736291748,0.004222716951391488,0.17838483146008222,0.0014655763770110087,0.2300693015823405
asthma_v2_asthma_P41WheezingIE_201.wav,1,0,0,0,0.9344318421696874,0.013111772999705385,0.024903532244315414,0.004278952096497983,0.023273900489794157
asthma_v2_asthma_P41WheezingIE_205.wav,1,0,0,0,0.9350779615376447,0.006333929001539615,0.01965522546537984,0.0007715144797534034,0.038161369515682386
asthma_v2_asthma_P41WheezingIU_202.wav,1,0,0,0,0.9580177682038327,0.0021877826516443306,0.012397712828759639,0.0005577491528313277,0.026838987162931805
asthma_v2_asthma_P41WheezingRL_203.wav,1,0,0,2,0.2111340842686728,0.0007956060598121479,0.7856018087158587,0.00012453652782215628,0.0023439644278339744
asthma_v2_asthma_P41WheezingRS_204.wav,1,0,0,0,0.7717759130321267,0.009178525617430712,0.05208017656296142,0.0016349562508463423,0.16533042853663477
asthma_v2_asthma_P47WheezingIE_233.wav,1,0,0,0,0.7234228242805585,0.0028800162426160245,0.16860637235945963,0.0014746522811787462,0.10361613483618735
asthma_v2_asthma_P47WheezingIU_234.wav,1,0,0,0,0.8909099886976344,0.0020633421628888154,0.08203938933790669,0.0004268408267651399,0.024560438974805143
asthma_v2_asthma_P47WheezingRL_231.wav,1,0,0,0,0.46985500602317054,0.015243069394350203,0.4603459748070295,0.002061486818381928,0.05249446295706759
asthma_v2_asthma_P47WheezingRL_235.wav,1,0,0,0,0.816554615417,0.005388363383673,0.0529042594450051,0.0045066470782326555,0.12064611467608916
asthma_v2_asthma_P47WheezingRS_232.wav,1,0,0,0,0.9177088113843216,0.0021673110215042527,0.04230927092775006,0.0004300622112440618,0.037384544455180156
asthma_v2_asthma_P49WheezingIE_241.wav,1,0,0,0,0.7348211428945445,0.012071145576372597,0.008265684799710493,0.002898021913373127,0.24194400481599904
asthma_v2_asthma_P49WheezingIE_245.wav,1,0,0,0,0.9486146393766742,0.005532026072080767,0.014209661406336784,0.009262357220816853,0.022381315924091174
asthma_v2_asthma_P49WheezingIU_242.wav,1,0,0,0,0.6760021501486188,0.02042954251683283,0.028705319614019394,0.001737827519938641,0.2731251602005905
asthma_v2_asthma_P49WheezingRL_243.wav,1,0,0,0,0.9464299183834932,0.01764267152509482,0.028722756765445723,0.0014003156755395675,0.005804337650426615
asthma_v2_asthma_P49WheezingRS_244.wav,1,0,0,0,0.9638396223495153,0.0015110833025917378,0.022571332964340336,0.0005871910804305395,0.011490770303122125
asthma_v2_asthma_P7AsthmaIE_33.wav,1,0,0,0,0.8818721183494629,0.058490813662360586,0.014678588390097943,0.0033954142109753503,0.04156306538710294
asthma_v2_asthma_P7AsthmaIU_34.wav,1,0,0,0,0.8888281548973538,0.052680355482146356,0.010390041923512394,0.0029170196449406134,0.04518442805204659
asthma_v2_asthma_P7AsthmaRL_31.wav,1,0,0,0,0.8553330904398679,0.00947695824706903,0.014864724599399522,0.008793660850945389,0.11153156586271835
asthma_v2_asthma_P7AsthmaRL_35.wav,1,0,0,0,0.9263424863233188,0.023379303139681576,0.003114776968950603,0.002199259716142834,0.0449641738519061
asthma_v2_asthma_P7AsthmaRS_32.wav,1,0,0,4,0.17774833015999073,0.0030821866068663,0.005164379467402542,0.03061558199636152,0.783389521769379
asthma_v2_asthma_P8AsthmaIE_37.wav,1,0,0,0,0.8844461421834819,0.038065945972004696,0.012339826997563464,0.0046555918914091745,0.06049249295554099
asthma_v2_asthma_P8AsthmaIU_38.wav,1,0,0,0,0.788902717252842,0.13001166263361882,0.012419603458190417,0.015593149597361503,0.053072867057987215
asthma_v2_asthma_P8AsthmaRL_39.wav,1,0,0,0,0.7986904866615376,0.03917361284320631,0.03920043732732467,0.011393279093433113,0.1115421840744983
asthma_v2_asthma_P8AsthmaRS_36.wav,1,0,0,0,0.9037034809755845,0.07711667465947485,0.0025110230574266804,0.0010097142640763334,0.0156591070434376
asthma_v2_asthma_P8AsthmaRS_40.wav,1,0,0,0,0.7182692894203984,0.02252019766864027,0.048161601581534916,0.008704568323981483,0.20234434300544457
asthma_v2_copd_P15COPDMc_114.wav,1,0,2,2,0.18868003677833872,0.02232554010090986,0.7819752422160172,0.003151887826859224,0.0038672930778746503
asthma_v2_copd_P15COPDMc_116.wav,1,0,2,2,0.006256990773681204,0.0026710117591837285,0.9902020916065926,0.00029050649850908975,0.0005793993620337701
asthma_v2_copd_P15COPDMc_118.wav,1,0,2,0,0.5195496098512802,0.003983963054848984,0.47049323077540683,0.00036639390764326465,0.005606802410820695
asthma_v2_copd_P15COPDMc_120.wav,1,0,2,2,0.1362797090211148,0.10397870700330378,0.7305707147439926,0.008180000304688444,0.02099086892690035
asthma_v2_copd_P15COPDPr_113.wav,1,0,2,2,0.12824233566767435,0.006036097121498072,0.8644405025205771,0.0003554735659902326,0.0009255911242599625
asthma_v2_copd_P15COPDPr_115.wav,1,0,2,2,0.034521616863259955,0.005397243300135941,0.9565945590904009,0.000700120499716774,0.002786460246486513
asthma_v2_copd_P15COPDPr_117.wav,1,0,2,2,0.2300510284450732,0.0058074108298538036,0.7519450897932637,0.0005384541737731696,0.01165801675803617
asthma_v2_copd_P15COPDPr_119.wav,1,0,2,2,0.019063407873214408,0.007701250273740048,0.9644688319550204,0.003962831285067859,0.004803678612957467
asthma_v2_copd_P19COPDMc_146.wav,1,0,2,2,0.01956959495626089,0.032198944257545145,0.9259214069731081,0.0040228444051087905,0.018287209407977217
asthma_v2_copd_P19COPDMc_148.wav,1,0,2,2,0.013101575804197529,0.023910881536047205,0.9484703315224152,0.0022228980514344215,0.012294313085905261
asthma_v2_copd_P19COPDMc_150.wav,1,0,2,2,0.019013823560246307,0.002130438810474538,0.9530502882033972,0.0006921253447558656,0.025113324081126348
asthma_v2_copd_P19COPDMc_152.wav,1,0,2,2,0.002866458158021172,0.0005856514424611709,0.994239685006787,0.00025203907276438926,0.0020561663199661112
asthma_v2_copd_P19COPDPr_145.wav,1,0,2,2,0.00010642051975978481,0.0018565712781849167,0.9977260307306456,0.00015602351864678574,0.00015495395276299935
asthma_v2_copd_P19COPDPr_147.wav,1,0,2,2,0.017505256350284118,0.02044366534267787,0.9343643203395806,0.0028836681418235323,0.024803089825633878
asthma_v2_copd_P19COPDPr_149.wav,1,0,2,2,0.00812407710360469,0.0020645957743468074,0.9863064474983425,0.0002500866440016036,0.003254792979704542
asthma_v2_copd_P19COPDPr_151.wav,1,0,2,2,0.0015973222015248105,0.0019462412286711586,0.9944425107524922,0.0004626425207529051,0.0015512832965589984
asthma_v2_copd_P1COPDMc_2.wav,1,0,2,0,0.7932360121693608,0.017141676745230316,0.09576626596373707,0.028056141401841553,0.06579990371983006
asthma_v2_copd_P1COPDMc_4.wav,1,0,2,2,0.007761910565176185,0.0037218247647548474,0.775600341936399,0.01404404020298735,0.1988718825306825
asthma_v2_copd_P1COPDMc_6.wav,1,0,2,2,0.0028311363092490276,0.0006562680179640818,0.9704150638592456,0.004427291499145405,0.021670240314395975
asthma_v2_copd_P1COPDMc_8.wav,1,0,2,2,1.0721993682792728e-07,6.005391407673893e-08,0.9998172269353339,4.936551682914275e-05,0.00013324027398606113
asthma_v2_copd_P1COPDPr_1.wav,1,0,2,0,0.9585978671868864,0.008238535965229544,0.018850508463058694,0.0008946320185843676,0.013418456366240608
asthma_v2_copd_P1COPDPr_3.wav,1,0,2,2,0.013422900385298978,0.0013670109608343154,0.979004388768388,0.0006920290258036891,0.005513670859675048
asthma_v2_copd_P1COPDPr_5.wav,1,0,2,2,0.0008765101150606769,0.0008743290999123632,0.9956918954833657,0.000763366573252859,0.001793898728408326
asthma_v2_copd_P1COPDPr_7.wav,1,0,2,2,0.0011486138333914415,0.0008757570805816278,0.9931430521510357,0.002097957813398056,0.002734619121592832
asthma_v2_copd_P22COPDMc_170.wav,1,0,2,2,0.005254512825346967,0.0012606313255250155,0.966730056380328,0.008374039182327958,0.0183807602864717
asthma_v2_copd_P22COPDMc_172.wav,1,0,2,2,0.0008817166341306725,0.0010051969439640054,0.9727223017160601,0.015694471041739252,0.009696313664106056
asthma_v2_copd_P22COPDMc_174.wav,1,0,2,2,0.011323817644149357,0.0020946979745953835,0.7170157307374413,0.1493003277662525,0.1202654258775613
asthma_v2_copd_P22COPDMc_176.wav,1,0,2,2,0.001580420656406237,0.0019013435402724119,0.965931953379901,0.013937982654344252,0.016648299769075753
asthma_v2_copd_P22COPDPr_169.wav,1,0,2,2,0.0010579625645064999,0.0002417086447986708,0.9932208549858998,0.0019887283799377696,0.003490745424857503
asthma_v2_copd_P22COPDPr_171.wav,1,0,2,2,0.0006792602922104082,0.0005181151815893862,0.9710129976869236,0.020297653474101424,0.0074919733651752475
asthma_v2_copd_P22COPDPr_173.wav,1,0,2,2,0.06122973572020871,0.014570857933213738,0.7310598581392821,0.07614303468370297,0.11699651352359258
asthma_v2_copd_P22COPDPr_175.wav,1,0,2,2,0.010833923359137413,0.0027079807339991063,0.7436307910217927,0.11140012413816593,0.13142718074690513
asthma_v2_copd_P28COPDMc_218.wav,1,0,2,2,0.0005796293832542734,0.0010929812018012262,0.9975434138965852,0.0005064964235487965,0.00027747909481038916
asthma_v2_copd_P28COPDMc_220.wav,1,0,2,2,0.0020591281915809836,0.0025561100467238955,0.9937890563444837,0.0008128701495971382,0.0007828352676140657
asthma_v2_copd_P28COPDMc_222.wav,1,0,2,2,3.378649519675772e-07,6.827905635241302e-07,0.9998353597132262,1.3795407873717244e-05,0.00014982422338455923
asthma_v2_copd_P28COPDMc_224.wav,1,0,2,2,0.0009064861344384539,0.0003472767816859011,0.9980144185056844,0.0003276051377926063,0.0004042134403984709
asthma_v2_copd_P28COPDPr_217.wav,1,0,2,2,6.062175487740201e-07,8.954831774336655e-07,0.9991832169977513,0.0006253104202424586,0.00018997088128014207
asthma_v2_copd_P28COPDPr_219.wav,1,0,2,2,0.0018968228204694247,0.0030545050066704557,0.9936982941741628,0.000532956876558585,0.0008174211221387627
asthma_v2_copd_P28COPDPr_221.wav,1,0,2,2,0.00029472903294199633,0.001556882816299792,0.997349236627718,0.00017745533549394637,0.0006216961875464619
asthma_v2_copd_P28COPDPr_223.wav,1,0,2,2,0.00021496802637292886,0.0014796527433103724,0.9978471051940625,7.964875220836299e-05,0.00037862528404555823
asthma_v2_copd_P35COPDMc_274.wav,1,0,2,2,0.0017592423905283816,0.0068018488336211705,0.9522906063302402,0.007129122506259231,0.032019179939351
asthma_v2_copd_P35COPDMc_276.wav,1,0,2,2,0.0006012507981237867,0.0015643241586651975,0.9964244112052935,0.00038538331183800983,0.0010246305260791784
asthma_v2_copd_P35COPDMc_278.wav,1,0,2,2,0.00046750823143311464,0.0026599769718094433,0.9941072951032488,0.0017755285980968715,0.0009896910954120845
asthma_v2_copd_P35COPDMc_280.wav,1,0,2,2,6.370300867566309e-07,9.046521870593347e-07,0.9995523852757618,0.00033170831861539763,0.00011436472334890072
asthma_v2_copd_P35COPDPr_273.wav,1,0,2,2,0.040891046306897987,0.010533276615314226,0.6605792267148264,0.01839589336005226,0.269600557002909
asthma_v2_copd_P35COPDPr_275.wav,1,0,2,2,0.000938459151819142,0.004181833227070001,0.9820444157118712,0.00720561536665973,0.005629676542580251
asthma_v2_copd_P35COPDPr_277.wav,1,0,2,2,0.0025349900989021547,0.007489273128487258,0.9851548092594448,0.00253653094716377,0.0022843965660014225
asthma_v2_copd_P35COPDPr_279.wav,1,0,2,2,0.0008802703266654247,0.0007770115147522798,0.9968958346337546,0.0009976105182722924,0.0004492730065556793
asthma_v2_copd_P36COPDMc_282.wav,1,0,2,2,0.1439444945435296,0.055923489606551725,0.6548481934807242,0.017802351220415787,0.12748147114877886
asthma_v2_copd_P36COPDMc_284.wav,1,0,2,2,0.006659465250638318,0.0022948180482712656,0.9433020316572199,0.01048929288969931,0.03725439215417122
asthma_v2_copd_P36COPDMc_286.wav,1,0,2,2,0.0006371932803318355,0.0005598317449197624,0.997633632190272,0.0007628019503648793,0.0004065408341118232
asthma_v2_copd_P36COPDMc_288.wav,1,0,2,2,0.006091540794694529,0.018354589818087557,0.9695224094667116,0.003527887462362894,0.002503572458143385
asthma_v2_copd_P36COPDPr_281.wav,1,0,2,2,7.723701662878438e-07,1.451224685733962e-06,0.9996013212268055,0.00030654804041119703,8.990713793121915e-05
asthma_v2_copd_P36COPDPr_283.wav,1,0,2,2,0.013315108212625664,0.008168297313420276,0.8774350558804765,0.03556384893866334,0.06551768965481418
asthma_v2_copd_P36COPDPr_285.wav,1,0,2,2,0.0004163278534783277,0.00041622916634258966,0.9983199957900248,0.0006190659712055345,0.00022838121894868863
asthma_v2_copd_P36COPDPr_287.wav,1,0,2,2,0.0005618372401885925,0.000894914691276619,0.9965470463944799,0.0012371762843450234,0.0007590253897100602
asthma_v2_copd_P44COPDMc_346.wav,1,0,2,4,0.022206674112025915,0.01495415690051633,0.6270516182490543,0.024415607399592476,0.3113719433388113
asthma_v2_copd_P44COPDMc_348.wav,1,0,2,4,0.02125651046970977,0.014261279283864784,0.45177768598263346,0.047927105173562294,0.4647774190902298
asthma_v2_copd_P44COPDMc_350.wav,1,0,2,2,0.0007734119719869194,0.12669196270108712,0.8623416913306723,0.009110499160401556,0.0010824348358518844
asthma_v2_copd_P44COPDMc_352.wav,1,0,2,2,5.31185851956585e-06,4.007147667648304e-06,0.9969232434520132,0.0012888244396238614,0.0017786131021756265
asthma_v2_copd_P44COPDPr_345.wav,1,0,2,2,0.0003950924937213121,0.0017513681532726555,0.9946861655111872,0.000515746745842624,0.0026516270959763707
asthma_v2_copd_P44COPDPr_347.wav,1,0,2,2,0.013757192227062363,0.015695169860276983,0.6892970935432122,0.028068032212887267,0.25318251215656123
asthma_v2_copd_P44COPDPr_349.wav,1,0,2,2,0.002948934393929736,0.08272999076388526,0.7814643621273928,0.1260416775331413,0.006815035181651169
asthma_v2_copd_P44COPDPr_351.wav,1,0,2,2,0.000810975382137334,0.12359606697168245,0.8697211342251944,0.00506688430919206,0.0008049391117934707
asthma_v2_copd_P7COPDMc_50.wav,1,0,2,2,0.006192875627889365,0.0009046291940509245,0.9766678945630631,0.011052073454346325,0.005182527160650111
asthma_v2_copd_P7COPDMc_52.wav,1,0,2,2,0.013677652707141413,0.008002089708873106,0.9708476467750642,0.003469473241685942,0.004003137567235339
asthma_v2_copd_P7COPDMc_54.wav,1,0,2,2,0.008314805756714335,0.005631433874911944,0.9671979856091553,0.01565686176183202,0.0031989129973863653
asthma_v2_copd_P7COPDMc_56.wav,1,0,2,2,0.0045080953074915515,0.004522252015775044,0.9843557311406247,0.004595991095250217,0.0020179304408583358
asthma_v2_copd_P7COPDPr_49.wav,1,0,2,2,0.007257413227390882,0.004214354661218719,0.946470820468296,0.006855828665930701,0.03520158297716357
asthma_v2_copd_P7COPDPr_51.wav,1,0,2,2,0.01503861184286631,0.0008165742112211268,0.9629126875745451,0.008276295465774998,0.012955830905592415
asthma_v2_copd_P7COPDPr_53.wav,1,0,2,2,0.005210143102079146,0.002973001230408247,0.9804660314767909,0.009084516535542347,0.0022663076551791405
asthma_v2_copd_P7COPDPr_55.wav,1,0,2,1,0.030260639668755463,0.2171325490751657,0.49957832261284163,0.22507843664752614,0.027950051995711118
asthma_v2_copd_P8COPDMc_58.wav,1,0,2,2,0.00713617805610538,0.002572789565890951,0.987492169985571,0.0009193961681575136,0.0018794662242749467
asthma_v2_copd_P8COPDMc_60.wav,1,0,2,2,0.0005246718677303782,0.0003549689877873959,0.9983241073961342,0.00015411575401602128,0.0006421359943316946
asthma_v2_copd_P8COPDMc_62.wav,1,0,2,2,1.2082611836920632e-06,5.539543386136978e-07,0.999620795002339,3.50518168772049e-05,0.00034239096526156944
asthma_v2_copd_P8COPDMc_64.wav,1,0,2,2,0.008049497259490654,0.0008198808141851191,0.9804823705412778,0.0015157794181866018,0.009132471966859727
asthma_v2_copd_P8COPDPr_57.wav,1,0,2,2,0.0030089479024919394,0.0005517319585810353,0.9874826526793217,0.0019813400537814193,0.006975327405824233
asthma_v2_copd_P8COPDPr_59.wav,1,0,2,2,0.00094386831751684,0.0008555540630089722,0.9948174008425787,0.000320080524664101,0.0030630962522316912
asthma_v2_copd_P8COPDPr_61.wav,1,0,2,2,0.003488356983596691,0.0009157112009082706,0.9932630538470034,0.0008389179870930367,0.0014939599813986622
asthma_v2_copd_P8COPDPr_63.wav,1,0,2,2,0.0004633810484774245,0.00026865295937803424,0.9967943340422899,0.00015385466938054636,0.002319777280474011
asthma_v2_healthy_P1Healthy29S.wav,1,0,3,3,0.001998004216646614,0.06811181539550769,0.42137693931749426,0.5017617871514161,0.00675145391893519
asthma_v2_healthy_P1Healthy55S.wav,1,0,3,3,0.0027163246830600356,0.003685846873565143,0.03466791099120518,0.9431048498798686,0.015825067572301003
asthma_v2_healthy_P1Healthy86S.wav,1,0,3,3,0.002329187288139747,0.06706003650034467,0.3773351446055484,0.5453773439149957,0.007898287690971197
asthma_v2_healthy_P1Healthy88S.wav,1,0,3,3,0.003049203411970169,0.029448039563002983,0.31066220367325287,0.6372796236159627,0.01956092973581145
asthma_v2_healthy_P1Healthy99S.wav,1,0,3,3,0.005240638126438687,0.008135390758668107,0.08817071268078139,0.8263426873535823,0.07211057108052951
asthma_v2_healthy_P20Healthy25S.wav,1,0,3,3,0.012510925914802157,0.0009085849298110738,0.0017345275732617823,0.8423433642384345,0.14250259734369025
asthma_v2_healthy_P20Healthy31S.wav,1,0,3,3,0.0035111963383242673,0.00023512191561340102,0.0008053221654031427,0.9446524735913125,0.05079588598934652
asthma_v2_healthy_P20Healthy59S.wav,1,0,3,3,0.003756680908500131,0.0013117110579856479,0.0017072733750146767,0.9310729343021055,0.0621514003563942
asthma_v2_healthy_P20Healthy70S.wav,1,0,3,3,0.0029440259690273474,0.0010682735613788336,0.0003583406733892077,0.9504686165991593,0.04516074319704534
asthma_v2_healthy_P20Healthy84S.wav,1,0,3,3,0.35530317223177876,0.07932546544579887,0.018111598643115703,0.4183091668426625,0.1289505968366439
asthma_v2_healthy_P22Healthy36S.wav,1,0,3,3,0.010066440006066183,0.0006864411187934863,0.009059268853281958,0.9366375646789696,0.04355028534288881
asthma_v2_healthy_P22Healthy45S.wav,1,0,3,3,0.008584477110777441,0.00033637724243563326,0.002211748871957665,0.9397567871519958,0.04911060962283352
asthma_v2_healthy_P22Healthy50S.wav,1,0,3,3,0.1355477144205007,0.013188898360145083,0.006963645775979372,0.708500922189108,0.1357988192542672
asthma_v2_healthy_P22Healthy88S.wav,1,0,3,3,0.02585564745946657,0.0005341327418089976,0.001779652201449511,0.7828632869616547,0.18896728063562013
asthma_v2_healthy_P22Healthy94S.wav,1,0,3,3,0.19757570936770158,0.019330399776021037,0.005411130908624362,0.591906412914489,0.18577634703316415
asthma_v2_healthy_P23Healthy14S.wav,1,0,3,3,0.02585564745946657,0.0005341327418089976,0.001779652201449511,0.7828632869616547,0.18896728063562013
asthma_v2_healthy_P23Healthy24S.wav,1,0,3,3,0.04955003820352418,0.0007585550046525316,0.001267975144229042,0.4983547853342022,0.450068646313392
asthma_v2_healthy_P23Healthy72S.wav,1,0,3,3,0.01523827646811009,0.0005631851174326441,0.0022586789040659064,0.9576866426520171,0.024253216858374192
asthma_v2_healthy_P23Healthy97S.wav,1,0,3,3,0.04955003820352418,0.0007585550046525316,0.001267975144229042,0.4983547853342022,0.450068646313392
asthma_v2_healthy_P23Healthy98S.wav,1,0,3,3,0.01523827646811009,0.0005631851174326441,0.0022586789040659064,0.9576866426520171,0.024253216858374192
asthma_v2_healthy_P7Healthy38S.wav,1,0,3,3,0.008509168635248927,0.0033548145014529827,0.0066171602564965085,0.9688825474648274,0.012636309141974122
asthma_v2_healthy_P7Healthy39S.wav,1,0,3,3,0.005980930289745754,0.01507509452188911,0.014572685892140272,0.9563611314700013,0.008010157826223795
asthma_v2_healthy_P7Healthy84S.wav,1,0,3,3,0.13034893530299402,0.0032684623610885837,0.08007087263773757,0.32904999097594484,0.45726173872223475
asthma_v2_healthy_P7Healthy85S.wav,1,0,3,4,0.22473808083447047,0.006756693105166733,0.07581158448233556,0.19867328487880356,0.4940203566992238
asthma_v2_healthy_P7Healthy94S.wav,1,0,3,3,0.030760245910582778,0.013382888409056359,0.028750383368977405,0.8978388104228567,0.02926767188852646
asthma_v2_healthy_P8Healthy33S.wav,1,0,3,3,0.3439073182495882,0.19227488317781374,0.15027879295894866,0.26453997523447337,0.048999030379176016
asthma_v2_healthy_P8Healthy35S.wav,1,0,3,3,0.23116186570980887,0.17375778192453994,0.16949219308470645,0.34569624296649903,0.0798919163144456
asthma_v2_healthy_P8Healthy48S.wav,1,0,3,3,0.11788126609172543,0.045168151967941696,0.06272542455400176,0.7436039347164709,0.03062122266986003
asthma_v2_healthy_P8Healthy70S.wav,1,0,3,3,0.06671949493097415,0.09621909969726031,0.0988236788552149,0.6601502408833544,0.07808748563319619
asthma_v2_healthy_P8Healthy82S.wav,1,0,3,3,0.05618957455413522,0.03001660763373987,0.04806274881021047,0.8202323144585416,0.04549875454337304
asthma_v2_pneumonia_P11Pneumonia12W.wav,1,0,4,4,0.3635674773252548,0.02406884182382736,0.010459497979508105,0.040304105198963866,0.5616000776724459
asthma_v2_pneumonia_P11Pneumonia18T.wav,1,0,4,4,0.09817575066160548,0.010851650858096036,0.10373271940845954,0.005930170126959035,0.7813097089448799
asthma_v2_pneumonia_P11Pneumonia41N.wav,1,0,4,4,0.16955429972263258,0.0006902081958577223,0.003375379715877136,0.04246129624417396,0.7839188161214588
asthma_v2_pneumonia_P11Pneumonia58A.wav,1,0,4,4,0.0588600500688722,0.0004976882936235687,0.0027974363406094186,0.011635631820595196,0.9262091934762996
asthma_v2_pneumonia_P11Pneumonia65P.wav,1,0,4,4,0.34678738154110245,0.038181789728551616,0.012230005398418117,0.01647468633597254,0.5863261369959551
asthma_v2_pneumonia_P11Pneumonia98J.wav,1,0,4,4,0.11506774683414078,0.0017030173790584134,0.004000816066282965,0.06591050672082725,0.8133179129996909
asthma_v2_pneumonia_P16Pneumonia18Z.wav,1,0,4,3,0.13802932755811353,0.002185566882217787,0.0033811122908250753,0.2733255727089306,0.5830784205599131
asthma_v2_pneumonia_P16Pneumonia42Q.wav,1,0,4,3,0.2056915237490324,0.003138244335777404,0.008425098472857967,0.42709855916622186,0.35564657427611035
asthma_v2_pneumonia_P16Pneumonia56J.wav,1,0,4,3,0.17097154437654422,0.0023075954160541247,0.005645671412380397,0.3643383191427396,0.4567368696522817
asthma_v2_pneumonia_P16Pneumonia66X.wav,1,0,4,4,0.18547322847755163,0.002139002163952238,0.0017876226214419938,0.14150100323575193,0.6690991435013021
asthma_v2_pneumonia_P16Pneumonia78M.wav,1,0,4,4,0.3465792835545349,0.0032227383519441125,0.005060856809450119,0.1442564626319749,0.500880658652096
asthma_v2_pneumonia_P16Pneumonia80G.wav,1,0,4,4,0.193331574061884,0.0026102229993668663,0.003461944142881391,0.2029565323114995,0.5976397264843678
asthma_v2_pneumonia_P21Pneumonia12C.wav,1,0,4,4,0.1697374051061174,0.06687746693994656,0.08675814762647911,0.13057183034112693,0.5460551499863299
asthma_v2_pneumonia_P21Pneumonia24G.wav,1,0,4,3,0.2210638176914754,0.10558681716814469,0.0672154155086431,0.22679287508384166,0.3793410745478951
asthma_v2_pneumonia_P21Pneumonia56M.wav,1,0,4,4,0.03463498483409628,0.0006609355649238672,0.0002520502790796831,0.004416672770489994,0.9600353565514103
asthma_v2_pneumonia_P21Pneumonia69Q.wav,1,0,4,4,0.02659554640767264,0.0010142890289814408,0.0005079466593790574,0.0031846031555308007,0.9686976147484362
asthma_v2_pneumonia_P21Pneumonia78P.wav,1,0,4,4,0.05259670316234262,0.0005900226471194797,0.0005045920669952168,0.0004940102220046926,0.9458146719015378
asthma_v2_pneumonia_P21Pneumonia95A.wav,1,0,4,3,0.1403100972980185,0.05659951069221594,0.048859334989456875,0.4029488840161352,0.35128217300417336
asthma_v2_pneumonia_P25Pneumonia11Z.wav,1,0,4,3,0.11677826807432672,0.08808885348639578,0.06861912202574454,0.5682572637713137,0.1582564926422197
asthma_v2_pneumonia_P25Pneumonia16B.wav,1,0,4,4,0.051454878183610504,0.002342262068470676,0.008687956122011594,0.01948728277171054,0.9180276208541965
asthma_v2_pneumonia_P25Pneumonia30I.wav,1,0,4,3,0.1179963806823281,0.012601104990834259,0.00818602237814198,0.31294393826289435,0.5482725536858013
asthma_v2_pneumonia_P25Pneumonia42V.wav,1,0,4,3,0.049739859962336645,0.02357438069283083,0.01507338555977604,0.734299544878101,0.1773128289069557
asthma_v2_pneumonia_P25Pneumonia93N.wav,1,0,4,3,0.07794815738648224,0.015222975050701897,0.028996459414356607,0.5557209718765564,0.3221114362719026
asthma_v2_pneumonia_P25Pneumonia97D.wav,1,0,4,4,0.08580372041897355,0.0027153874899428815,0.04000579565036251,0.1320331948213707,0.7394419016193506
asthma_v2_pneumonia_P32Pneumonia59Q.wav,1,0,4,4,0.023477273582362845,0.004259272378117457,0.0024198510530429704,0.22331402483238058,0.7465295781540959
asthma_v2_pneumonia_P32Pneumonia66M.wav,1,0,4,4,0.07707839731090727,0.005007843117216498,0.0005433020596595864,0.026358898996845962,0.8910115585153705
asthma_v2_pneumonia_P32Pneumonia69E.wav,1,0,4,4,0.03511801020948278,0.01452064374922093,0.0042703299812220635,0.004563287958444908,0.9415277281016295
asthma_v2_pneumonia_P32Pneumonia75E.wav,1,0,4,4,0.0519018895093888,0.004156627566173652,0.0006697993978352803,0.006791816843744775,0.9364798666828578
asthma_v2_pneumonia_P32Pneumonia98Y.wav,1,0,4,4,0.03634339007972701,0.033132825143225526,0.003008214735993218,0.005130677190712459,0.9223848928503419
asthma_v2_pneumonia_P32Pneumonia99W.wav,1,0,4,4,0.04967967776972703,0.03852463505054913,0.004475678880706209,0.011393220992135524,0.8959267873068822
asthma_v2_pneumonia_P35Pneumonia16F.wav,1,0,4,4,0.03447326818493086,0.043278880218774234,0.0029848829570788553,0.02262507650769416,0.8966378921315219
asthma_v2_pneumonia_P35Pneumonia46U.wav,1,0,4,4,0.06425125318675065,0.0028420883871056834,0.0020875609428957875,0.001979344459231266,0.9288397530240163
asthma_v2_pneumonia_P35Pneumonia56D.wav,1,0,4,4,0.032128665248372566,0.0050914647048753625,0.0013516721540604243,0.19544904037564853,0.7659791575170432
asthma_v2_pneumonia_P35Pneumonia57I.wav,1,0,4,4,0.021576975542884663,0.0036238925688070354,0.0003985178703479827,0.0022795977286634702,0.9721210162892966
asthma_v2_pneumonia_P35Pneumonia75E.wav,1,0,4,4,0.027194339117917916,0.01232780427359855,0.0050227287504208025,0.001889526638374353,0.9535656012196881
asthma_v2_pneumonia_P35Pneumonia99V.wav,1,0,4,4,0.08812159853941358,0.004313562591535529,0.0016198523006126407,0.013773848162808659,0.8921711384056296
asthma_v2_pneumonia_P36Pneumonia56V.wav,1,0,4,0,0.9122866752981067,0.03371471250741709,0.003397423054940027,0.0030161337574753553,0.04758505538206069
asthma_v2_pneumonia_P36Pneumonia57U.wav,1,0,4,0,0.8735006598948855,0.052522723580747166,0.00438573486674201,0.005278058705434004,0.06431282295219123
asthma_v2_pneumonia_P36Pneumonia79Z.wav,1,0,4,4,0.03288222842295404,0.01764344172343102,0.001546301289840342,0.01681861809288261,0.9311094104708917
asthma_v2_pneumonia_P36Pneumonia83N.wav,1,0,4,4,0.021707435910586288,0.009044385681215,0.0008398113796775677,0.003896656789210835,0.96451171023931
asthma_v2_pneumonia_P36Pneumonia85U.wav,1,0,4,4,0.02378564346810589,0.008955597948118251,0.0019677412168701463,0.00121137001390861,0.964079647352997
asthma_v2_pneumonia_P36Pneumonia86S.wav,1,0,4,0,0.8290487493019962,0.091558966409873,0.0139723534640863,0.019747941521804143,0.04567198930224018
asthma_v2_pneumonia_P46Pneumonia15W.wav,1,0,4,3,0.2463906112752911,0.00941239078743186,0.03439939119237531,0.2007233357389861,0.5090742710059157
asthma_v2_pneumonia_P46Pneumonia22V.wav,1,0,4,3,0.014820818596918783,0.010658026549135075,0.05662150019933181,0.5058049868779962,0.41209466777661796
asthma_v2_pneumonia_P46Pneumonia49D.wav,1,0,4,4,0.20395685930434682,0.006941514559039247,0.01980861108213018,0.11700187817669236,0.6522911368777914
asthma_v2_pneumonia_P46Pneumonia80D.wav,1,0,4,3,0.007666879520506621,0.0034962869068037184,0.0629079456958898,0.8349707307632961,0.09095815711350387
asthma_v2_pneumonia_P46Pneumonia95A.wav,1,0,4,3,0.024953335744638847,0.0050459518539229,0.06619496983604868,0.7798367831312445,0.12396895943414511
asthma_v2_pneumonia_P46Pneumonia99Y.wav,1,0,4,4,0.1543715014333887,0.005403972063368607,0.2813716332044571,0.12068706439458836,0.4381658289041973
asthma_v2_pneumonia_P47Pneumonia14M.wav,1,0,4,4,0.11376561701956364,0.008594275546726161,0.008100050867308774,0.09682742970750594,0.7727126268588953
asthma_v2_pneumonia_P47Pneumonia19A.wav,1,0,4,4,0.24688021459786189,0.018574552992694823,0.06288355112463129,0.1175441472798929,0.5541175340049194
asthma_v2_pneumonia_P47Pneumonia24N.wav,1,0,4,4,0.16783909822140589,0.0026064126926568674,0.09171508333786127,0.005124049459398325,0.7327153562886775
asthma_v2_pneumonia_P47Pneumonia69D.wav,1,0,4,4,0.2482452176178361,0.010905549830039071,0.2699120430153358,0.02553526061104597,0.44540192892574276
asthma_v2_pneumonia_P47Pneumonia74Q.wav,1,0,4,4,0.19625400032489965,0.0031646943592852925,0.1811584092003574,0.013812211652401964,0.6056106844630551
asthma_v2_pneumonia_P47Pneumonia98K.wav,1,0,4,4,0.08406147152377265,0.01038086037642325,0.007585322037515989,0.13718648781709225,0.7607858582451962
asthma_v2_pneumonia_P48Pneumonia31K.wav,1,0,4,3,0.007666879520506621,0.0034962869068037184,0.0629079456958898,0.8349707307632961,0.09095815711350387
asthma_v2_pneumonia_P48Pneumonia61T.wav,1,0,4,3,0.014820818596918783,0.010658026549135075,0.05662150019933181,0.5058049868779962,0.41209466777661796
asthma_v2_pneumonia_P48Pneumonia82Z.wav,1,0,4,3,0.024953335744638847,0.0050459518539229,0.06619496983604868,0.7798367831312445,0.12396895943414511
asthma_v2_pneumonia_P5Pneumonia20K.wav,1,0,4,4,0.032822551431260547,0.00208801466957132,0.025770329614129738,0.0385116006712718,0.9008075036137664
asthma_v2_pneumonia_P5Pneumonia21J.wav,1,0,4,4,0.01767019998517094,0.006550533690262727,0.05102801866928437,0.06870345630292034,0.8560477913523616
asthma_v2_pneumonia_P5Pneumonia38U.wav,1,0,4,4,0.01344690006623299,0.016870966517778908,0.200006623602515,0.1074096498276305,0.6622658599858424
asthma_v2_pneumonia_P5Pneumonia88J.wav,1,0,4,4,0.047823939989847984,0.012289896517040306,0.028377835891726245,0.010321626135631704,0.9011867014657537
asthma_v2_pneumonia_P5Pneumonia94P.wav,1,0,4,4,0.008036856363946101,0.0015729807443162567,0.025985110997006032,0.1734470360309902,0.7909580158637413
asthma_v2_pneumonia_P5Pneumonia95V.wav,1,0,4,4,0.02769431971042106,0.0024957996917944363,0.020045829406149643,0.021388281042959964,0.9283757701486749
asthma_v2_Bronchial_P15BronchialSc_72.wav,1,1,1,1,0.005977052461150906,0.9795433725853644,0.006248204936075345,0.006466713757170512,0.0017646562602388173
asthma_v2_Bronchial_P15BronchialSc_74.wav,1,1,1,1,0.007108678099468213,0.6083427293336924,0.3797076001746734,0.002735359280669138,0.002105633111497025
asthma_v2_Bronchial_P15BronchialTc_71.wav,1,1,1,1,0.004997320161872677,0.980165208204064,0.005864688601157465,0.00709317055140324,0.0018796124815026551
asthma_v2_Bronchial_P15BronchialTc_73.wav,1,1,1,1,0.0051985147685019205,0.9685875524651145,0.01965826853151455,0.0050056529137716445,0.0015500113210972063
asthma_v2_Bronchial_P15BronchialTc_75.wav,1,1,1,1,0.007345751289082171,0.7005031889244359,0.28814846242312925,0.0018992595151029906,0.00210333784824975
asthma_v2_Bronchial_P20BronchialSc_100.wav,1,1,1,1,0.005610783819649076,0.9657077299614565,0.022843029410263258,0.0021553363252612466,0.0036831204833696527
asthma_v2_Bronchial_P20BronchialSc_96.wav,1,1,1,1,0.021009379411126034,0.9490886920960472,0.011835003661637457,0.005863097900949724,0.012203826930239664
asthma_v2_Bronchial_P20BronchialSc_98.wav,1,1,1,1,0.04596594763171686,0.28847073294146425,0.6416959194190337,0.014285752912238013,0.009581647095547043
asthma_v2_Bronchial_P20BronchialTc_97.wav,1,1,1,1,0.022540962332674528,0.7841631345921601,0.18004669351893252,0.008621565712607589,0.0046276438436251835
asthma_v2_Bronchial_P20BronchialTc_99.wav,1,1,1,1,0.07283640158918389,0.2752225971116356,0.5498133403872042,0.08302983366714035,0.01909782724483628
asthma_v2_Bronchial_P4BronchialSc_16.wav,1,1,1,1,0.19804040140151272,0.253984806301279,0.02568059586179517,0.22378215663816214,0.29851203979725155
asthma_v2_Bronchial_P4BronchialSc_18.wav,1,1,1,1,0.1260022116546557,0.396521125434721,0.042047003668118865,0.15478624262339866,0.2806434166191057
asthma_v2_Bronchial_P4BronchialSc_20.wav,1,1,1,1,0.029146248019702076,0.8674640430368443,0.017380691292337894,0.048970585927766826,0.03703843172334922
asthma_v2_Bronchial_P4BronchialTc_17.wav,1,1,1,1,0.1872213021942213,0.4764408730337175,0.03018569720084535,0.10881925059880836,0.19733287697240717
asthma_v2_Bronchial_P4BronchialTc_19.wav,1,1,1,3,0.05381390117921338,0.30965055250375545,0.06188047580925803,0.4052670287566701,0.1693880417511029
asthma_v2_Bronchial_P6BronchialSc_26.wav,1,1,1,1,0.005851875888052575,0.9651069445932448,0.019005109790248283,0.006967232055873682,0.003068837672580722
asthma_v2_Bronchial_P6BronchialSc_28.wav,1,1,1,1,0.0037682797027962242,0.9775194429333438,0.01099150242830254,0.006638406230617634,0.001082368704939757
asthma_v2_Bronchial_P6BronchialSc_30.wav,1,1,1,1,0.00499844508666071,0.9609291728035348,0.019305653054803293,0.005433217426843378,0.009333511628157237
asthma_v2_Bronchial_P6BronchialTc_27.wav,1,1,1,1,0.005957815930134879,0.9634182567444397,0.012178527689702463,0.016277056196911884,0.0021683434388111308
asthma_v2_Bronchial_P6BronchialTc_29.wav,1,1,1,1,0.007882863094595441,0.917382566398861,0.03721804486330654,0.012982201877135183,0.02453432376610219
asthma_v2_asthma_P16WheezingIE_77.wav,1,1,0,0,0.49304913914589843,0.004516773053207404,0.009675583092606006,0.038992211328635944,0.45376629337965224
asthma_v2_asthma_P16WheezingIU_78.wav,1,1,0,0,0.8902038802319261,0.010610237819123994,0.01881407222928751,0.005639454436401942,0.07473235528326057
asthma_v2_asthma_P16WheezingRL_79.wav,1,1,0,4,0.27489177574568546,0.0031534180681149194,0.014911697076539214,0.04249806898327133,0.664545040126389
asthma_v2_asthma_P16WheezingRS_76.wav,1,1,0,0,0.8128540915922237,0.0039816257989795465,0.006166887836425473,0.016012431784561312,0.16098496298780995
asthma_v2_asthma_P16WheezingRS_80.wav,1,1,0,0,0.9411678410031539,0.03888588972306849,0.006430853370588849,0.0012291552426584237,0.012286260660530056
asthma_v2_asthma_P19WheezingIE_93.wav,1,1,0,4,0.3575299122884305,0.019734175295291752,0.001329788502904575,0.007752264486239614,0.6136538594271334
asthma_v2_asthma_P19WheezingIU_94.wav,1,1,0,0,0.883912524235775,0.03684883728256894,0.015053642125887248,0.0007300797434358521,0.06345491661233327
asthma_v2_asthma_P19WheezingRL_91.wav,1,1,0,0,0.9730505337919608,0.015866578810834895,0.0018884857528653955,0.00017804908469744426,0.009016352559641587
asthma_v2_asthma_P19WheezingRL_95.wav,1,1,0,0,0.9786360723029117,0.00800920823807219,0.0012933930779420078,0.0001354469757699187,0.01192587940530402
asthma_v2_asthma_P19WheezingRS_92.wav,1,1,0,3,0.44500881462020436,0.03608990801943989,0.02075985995950046,0.28045795217552033,0.21768346522533516
asthma_v2_asthma_P23WheezingIE_113.wav,1,1,0,0,0.9551811666715174,0.008427875189183514,0.005015959184502623,0.0003488918620400882,0.031026107092756258
asthma_v2_asthma_P23WheezingIU_114.wav,1,1,0,0,0.9272515525907785,0.019069600986983636,0.023843202844542395,0.0002041249268141725,0.029631518650881365
asthma_v2_asthma_P23WheezingRL_111.wav,1,1,0,0,0.9544163890436418,0.029539720655880505,0.0031473731308419572,0.00035919761669450184,0.012537319552941512
asthma_v2_asthma_P23WheezingRL_115.wav,1,1,0,0,0.7857236760423507,0.10688311440449168,0.049647899312561285,0.00835968761146232,0.04938562262913405
asthma_v2_asthma_P23WheezingRS_112.wav,1,1,0,0,0.9690939961038613,0.0171770290303041,0.001672913595181877,0.00016392226116730712,0.011892139009485277
asthma_v2_asthma_P27WheezingIE_133.wav,1,1,0,3,0.3245842433336092,0.013903490990877157,0.004148320734635552,0.5692316262181514,0.08813231872272681
asthma_v2_asthma_P27WheezingIU_134.wav,1,1,0,0,0.8709742380019565,0.011161372264233136,0.0007178674484302047,0.001098344905123113,0.11604817738025705
asthma_v2_asthma_P27WheezingRL_131.wav,1,1,0,0,0.8677803921592001,0.003075298930864325,0.10681572692989692,0.00041728197075901173,0.02191130000927969
asthma_v2_asthma_P27WheezingRL_135.wav,1,1,0,0,0.8050043029149311,0.09259764525167276,0.016351731392947592,0.011474777638948396,0.0745715428015003
asthma_v2_asthma_P27WheezingRS_132.wav,1,1,0,0,0.9157578368049251,0.002272762971181027,0.052927698837691356,0.0007040925039928553,0.028337608882210184
asthma_v2_asthma_P2AsthmaIE_9.wav,1,1,0,0,0.9283818907584239,0.01794764606406306,0.004326270408497809,0.003336205210340501,0.04600798755867486
asthma_v2_asthma_P2AsthmaIU_10.wav,1,1,0,0,0.9243722391353215,0.027724311529524415,0.0057827128393075624,0.006849077933243824,0.035271658562602684
asthma_v2_asthma_P2AsthmaIU_6.wav,1,1,0,2,0.13032495259914992,0.08130627952469137,0.7015190594987243,0.038382084822207445,0.04846762355522747
asthma_v2_asthma_P2AsthmaRL_7.wav,1,1,0,0,0.8531271584696111,0.007334694831916006,0.05980469919224269,0.006850402386199321,0.0728830451200313
asthma_v2_asthma_P2AsthmaRS_8.wav,1,1,0,0,0.8326275549971824,0.013429416327015746,0.004785709352819029,0.015651267013838985,0.13350605230914364
asthma_v2_asthma_P31WheezingIE_153.wav,1,1,0,4,0.2373196096853734,0.030728999234731907,0.007520896692223599,0.03599381509983579,0.6884366792878354
asthma_v2_asthma_P31WheezingIU_154.wav,1,1,0,0,0.9559868206295052,0.011944245447715265,0.0035911441939840342,0.0012430753104745796,0.02723471441832087
asthma_v2_asthma_P31WheezingRL_151.wav,1,1,0,0,0.821410926838136,0.02858963963661846,0.020267142175456405,0.0009431250025214897,0.12878916634726753
asthma_v2_asthma_P31WheezingRL_155.wav,1,1,0,0,0.9015826101506148,0.0027891556776414752,0.001132567877295722,0.00029508819871061496,0.09420057809573724
asthma_v2_asthma_P31WheezingRS_152.wav,1,1,0,3,0.4277614863683376,0.05035821420869617,0.008465012059031097,0.1628694545570925,0.3505458328068429
asthma_v2_asthma_P40WheezingIE_197.wav,1,1,0,0,0.9005780343599757,0.04930770458233163,0.045609620816045256,0.0007617544763331593,0.003742885765314174
asthma_v2_asthma_P40WheezingIU_198.wav,1,1,0,0,0.8977723763872203,0.03999894767980156,0.05910519144946706,0.00036763005075929073,0.002755854432751741
asthma_v2_asthma_P40WheezingRL_199.wav,1,1,0,0,0.9375240145793575,0.010283214070634381,0.046750451468383455,0.00012196285103502382,0.005320357030589488
asthma_v2_asthma_P40WheezingRS_196.wav,1,1,0,0,0.8198843921765584,0.09655798859617483,0.07708002029614908,0.0016581563705565668,0.004819442560561205
asthma_v2_asthma_P40WheezingRS_200.wav,1,1,0,0,0.6819659299151721,0.03519220996786147,0.2762282744032222,0.00041766398734325043,0.006195921726400676
asthma_v2_asthma_P42WheezingIE_209.wav,1,1,0,0,0.5627697554078767,0.006238029050612977,0.4150606676229031,0.0007765188377221183,0.015155029080884728
asthma_v2_asthma_P42WheezingIU_206.wav,1,1,0,2,0.14259002663707562,0.0014435804363358887,0.8513330354808337,0.0011093444315397316,0.003524013014215117
asthma_v2_asthma_P42WheezingIU_210.wav,1,1,0,0,0.47128943856055255,0.006576373060240519,0.5102632969030776,0.0020121784010253773,0.009858713075104003
asthma_v2_asthma_P42WheezingRL_207.wav,1,1,0,2,0.23289647463564156,0.006103158252087655,0.7512451122106062,0.0005824754341231382,0.009172779467541765
asthma_v2_asthma_P42WheezingRS_208.wav,1,1,0,0,0.8996232372231612,0.004275000617338667,0.07005456938204407,0.001032363121430068,0.025014829656026197
asthma_v2_asthma_P52WheezingIE_257.wav,1,1,0,0,0.8997029735801653,0.006448033765646435,0.08478975561252149,0.0005630977927703801,0.008496139248896332
asthma_v2_asthma_P52WheezingIU_258.wav,1,1,0,0,0.9325752123556988,0.0021648371514050193,0.057341241391117334,0.00035364116258319465,0.007565067939195591
asthma_v2_asthma_P52WheezingRL_259.wav,1,1,0,0,0.9395050323729461,0.028595462255025083,0.015189056578790359,0.0013910507753976528,0.015319398017840961
asthma_v2_asthma_P52WheezingRS_256.wav,1,1,0,0,0.9439193908324651,0.010263961646884506,0.041293149576795384,0.000328793525173117,0.004194704418681786
asthma_v2_asthma_P52WheezingRS_260.wav,1,1,0,0,0.9424383478384422,0.013926540613812955,0.011453684979301819,0.0016638208132298796,0.030517605755213104
asthma_v2_asthma_P55WheezingIE_273.wav,1,1,0,4,0.028068253965266847,0.004091329622816968,0.16667076253654153,0.14326465318498663,0.6579050006903879
asthma_v2_asthma_P55WheezingIU_274.wav,1,1,0,4,0.03402682841420734,0.005324490595677696,0.011630394517284093,0.11113387186122915,0.8378844146116017
asthma_v2_asthma_P55WheezingRL_271.wav,1,1,0,0,0.32050620026461857,0.145526526865388,0.04392030504304,0.13510578360540376,0.3549411842215499
asthma_v2_asthma_P55WheezingRL_275.wav,1,1,0,0,0.658254797805536,0.06587510435005764,0.01899503599056234,0.00848535109554459,0.2483897107582993
asthma_v2_asthma_P55WheezingRS_272.wav,1,1,0,4,0.06849687636080401,0.014893494998441633,0.11808522848986429,0.11384750312166698,0.6846768970292229
asthma_v2_asthma_P5AsthmaIE_21.wav,1,1,0,0,0.8354127722079925,0.024814622896451404,0.006016032909978752,0.018872506087888485,0.11488406589768893
asthma_v2_asthma_P5AsthmaIE_25.wav,1,1,0,4,0.41003205299553397,0.007679906573855405,0.006565703899680013,0.06965650951606606,0.5060658270148644
asthma_v2_asthma_P5AsthmaIU_22.wav,1,1,0,4,0.3705028430534529,0.012515035075328607,0.008572278694379208,0.06156844583706286,0.5468413973397762
asthma_v2_asthma_P5AsthmaRL_23.wav,1,1,0,0,0.7581406968315757,0.010443906895531955,0.004546553415506604,0.02687844071198326,0.19999040214540204
asthma_v2_asthma_P5AsthmaRS_24.wav,1,1,0,0,0.525867896049782,0.007044393103456506,0.00357733403735889,0.035125708066517644,0.428384668742885
asthma_v2_asthma_P9AsthmaIE_41.wav,1,1,0,0,0.6061909362228173,0.005554569366755078,0.004714896883981847,0.004017960172949831,0.3795216373534959
asthma_v2_asthma_P9AsthmaIE_45.wav,1,1,0,0,0.9336564178161637,0.042234487659712314,0.004933834373401117,0.0013918796681555274,0.017783380482567113
asthma_v2_asthma_P9AsthmaIU_42.wav,1,1,0,4,0.26929510833279036,0.00560113023152313,0.006136928701926674,0.05151160522220573,0.6674552275115541
asthma_v2_asthma_P9AsthmaRL_43.wav,1,1,0,0,0.9393379127021617,0.006918468327346134,0.0067296876450534055,0.002755275308395841,0.04425865601704307
asthma_v2_asthma_P9AsthmaRS_44.wav,1,1,0,0,0.9310482604158907,0.04587014516843805,0.004159343466422592,0.001637289631283968,0.017284961317964902
asthma_v2_copd_P13COPDMc_100.wav,1,1,2,2,0.0034892778802945064,0.06383117364220187,0.9023697367743695,0.025956665103843993,0.004353146599290153
asthma_v2_copd_P13COPDMc_102.wav,1,1,2,2,0.0033251049517607893,0.0029270901780499388,0.9912229566270268,0.0002437836828829456,0.0022810645602794506
asthma_v2_copd_P13COPDMc_104.wav,1,1,2,2,0.0015289733496189923,0.0014616203567119406,0.9954186793130039,0.00015202964673888237,0.0014386973339263391
asthma_v2_copd_P13COPDMc_98.wav,1,1,2,2,0.004356079816478647,0.03995235285529211,0.9107035876270433,0.01450373812159313,0.03048424157959269
asthma_v2_copd_P13COPDPr_101.wav,1,1,2,2,0.01200354844326792,0.010905691787744696,0.9732247841193681,0.00010680741565025066,0.0037591682339692795
asthma_v2_copd_P13COPDPr_103.wav,1,1,2,2,0.006604992281709618,0.005751025575970648,0.9834699014897241,0.00025613622097814384,0.003917944431617521
asthma_v2_copd_P13COPDPr_97.wav,1,1,2,2,0.0008328797585127472,0.0038202258853480184,0.994184274535145,0.0009269824319737748,0.0002356373890205048
asthma_v2_copd_P13COPDPr_99.wav,1,1,2,2,0.001432995920419046,0.03818550413910257,0.9494683208627626,0.008704254877181001,0.002208924200534712
asthma_v2_copd_P20COPDMc_154.wav,1,1,2,2,0.0008360464783819037,0.0005385690985625772,0.997980502218157,0.00020837629844824634,0.0004365059064503581
asthma_v2_copd_P20COPDMc_156.wav,1,1,2,0,0.37875703892149054,0.01958308890150123,0.32010356658556344,0.0146436772831863,0.26691262830825846
asthma_v2_copd_P20COPDMc_158.wav,1,1,2,2,5.34598999406755e-07,2.4749141231765285e-07,0.999922999497544,1.981195746403899e-05,5.64064545801673e-05
asthma_v2_copd_P20COPDMc_160.wav,1,1,2,2,8.466791808788489e-07,4.231114417725056e-07,0.9997666324427757,0.00015315233084288958,7.8945435758837e-05
asthma_v2_copd_P20COPDPr_153.wav,1,1,2,2,0.00226490364207444,0.00030762521079039665,0.9954061860945421,0.00023999961695257067,0.001781285435640448
asthma_v2_copd_P20COPDPr_155.wav,1,1,2,0,0.5279037170663431,0.03513250212968094,0.2739989803440549,0.016604672035048892,0.1463601284248722
asthma_v2_copd_P20COPDPr_157.wav,1,1,2,2,0.20892424363248902,0.08819294089643626,0.5539538368169075,0.03923881871142416,0.10969015994274277
asthma_v2_copd_P20COPDPr_159.wav,1,1,2,2,0.0010451662576366246,6.669081720378107e-05,0.9984282829229624,0.00011438166206923001,0.00034547834012782134
asthma_v2_copd_P21COPDMc_162.wav,1,1,2,2,0.0021283543573935577,0.0014318066977927525,0.9953352688645827,0.00022167148909568471,0.0008828985911352294
asthma_v2_copd_P21COPDMc_164.wav,1,1,2,2,0.0289443656123741,0.03355442572888488,0.9299867092484152,0.000564308080546327,0.006950191329779695
asthma_v2_copd_P21COPDMc_166.wav,1,1,2,2,0.010169485224404787,0.05539864039759347,0.9247395231890312,0.00024136547996197577,0.009450985709008328
asthma_v2_copd_P21COPDMc_168.wav,1,1,2,2,0.004226597117567922,0.0004087208485917029,0.9870099423622432,0.003167749011111748,0.005186990660485637
asthma_v2_copd_P21COPDPr_161.wav,1,1,2,2,0.0026033621141825078,0.0011412691189521503,0.995439297665784,0.00016049632139416548,0.0006555747796875111
asthma_v2_copd_P21COPDPr_163.wav,1,1,2,2,0.0017664409190442185,0.0013990537144697062,0.9960929984793584,0.0002370818686203547,0.0005044250185073021
asthma_v2_copd_P21COPDPr_165.wav,1,1,2,2,0.01191047114220274,0.04905481054183127,0.9198626346520105,0.0002851874680809775,0.0188868961958742
asthma_v2_copd_P21COPDPr_167.wav,1,1,2,2,0.002108555862955665,0.0006795149392962433,0.9946682777231484,0.001174677008052655,0.0013689744665470347
asthma_v2_copd_P27COPDMc_210.wav,1,1,2,2,0.007108717597928951,0.002873957866981268,0.986842343663493,0.0018540237212969427,0.0013209571502999556
asthma_v2_copd_P27COPDMc_212.wav,1,1,2,2,2.7079960633215804e-08,3.020786340164216e-08,0.999988230808389,1.92326666914155e-06,9.788637118123218e-06
asthma_v2_copd_P27COPDMc_214.wav,1,1,2,2,3.7797499461519945e-07,4.276118977647459e-07,0.9999240968978723,1.226304221227295e-05,6.283447302323327e-05
asthma_v2_copd_P27COPDMc_216.wav,1,1,2,2,1.6587330579546567e-07,1.6995575926169699e-07,0.9998769991816665,8.955823133912124e-05,3.310675792923417e-05
asthma_v2_copd_P27COPDPr_209.wav,1,1,2,2,0.0004376958543986269,0.00022521026333399637,0.9991469114851422,0.00010881154732659507,8.137084979855665e-05
asthma_v2_copd_P27COPDPr_211.wav,1,1,2,2,0.0045343624721575155,0.0017157174899208162,0.9918066828721137,0.001011775335722135,0.0009314618300855855
asthma_v2_copd_P27COPDPr_213.wav,1,1,2,2,0.00048524043440321984,0.0005378632096656585,0.9986514903961954,6.75216610842248e-05,0.00025788429865117345
asthma_v2_copd_P27COPDPr_215.wav,1,1,2,2,5.5834846594244534e-08,8.794233041695578e-08,0.9997919341917432,0.0001697719189791995,3.81501121006444e-05
asthma_v2_copd_P29COPDMc_226.wav,1,1,2,2,9.607668315156663e-07,1.3107382992857996e-06,0.9999092949794159,2.5261273171076868e-05,6.317224228185991e-05
asthma_v2_copd_P29COPDMc_228.wav,1,1,2,2,3.496878414660861e-08,5.438364379976221e-08,0.9999680241451641,2.1204549075869877e-05,1.0681953332252712e-05
asthma_v2_copd_P29COPDMc_230.wav,1,1,2,2,9.592621841825237e-09,1.0709292480567942e-08,0.9999775419546485,6.159527252253228e-06,1.62782161849074e-05
asthma_v2_copd_P29COPDMc_232.wav,1,1,2,2,1.2408020136604624e-08,1.1743780829676873e-08,0.9999760759146431,1.1811094702778554e-05,1.2088838853370921e-05
asthma_v2_copd_P29COPDPr_225.wav,1,1,2,2,0.0005998745297473438,0.0005396941716494313,0.9984733221603447,0.00014228837440231204,0.00024482076385656267
asthma_v2_copd_P29COPDPr_227.wav,1,1,2,2,1.377201724734153e-08,2.093013680263736e-08,0.9999883163324902,7.314597512924647e-06,4.334367842799793e-06
asthma_v2_copd_P29COPDPr_229.wav,1,1,2,2,1.4560447825320826e-08,2.2514890114183292e-08,0.9999917374915063,5.326060161593438e-06,2.899372993928703e-06
asthma_v2_copd_P29COPDPr_231.wav,1,1,2,2,7.775212608920147e-09,7.48610034129931e-09,0.9999862995267033,6.731168184008109e-06,6.9540437997674525e-06
asthma_v2_copd_P33COPDMc_258.wav,1,1,2,3,0.11840966548708588,0.023432812211764933,0.21854718197766057,0.19098621036172106,0.448624129961768
asthma_v2_copd_P33COPDMc_260.wav,1,1,2,4,0.03769724914429186,0.12733419145604305,0.26484707182907896,0.08935133495067198,0.4807701526199143
asthma_v2_copd_P33COPDMc_262.wav,1,1,2,1,0.026537450653483226,0.5651092014262504,0.34051656776099043,0.04375908809854509,0.024077692060730474
asthma_v2_copd_P33COPDMc_264.wav,1,1,2,2,0.00362292425511927,0.029599439308603474,0.965129430359278,0.00016311927227235352,0.0014850868047269234
asthma_v2_copd_P33COPDPr_257.wav,1,1,2,2,0.0034296700316167814,0.00033083932915960445,0.9961203042395825,2.7689894250886088e-05,9.149650538991794e-05
asthma_v2_copd_P33COPDPr_259.wav,1,1,2,2,0.024093287148990367,0.16331810842318556,0.4682073588798065,0.16025700319224115,0.18412424235577643
asthma_v2_copd_P33COPDPr_261.wav,1,1,2,1,0.037084135367071724,0.4838425549157444,0.35646263545069845,0.07370482670579964,0.04890584756068572
asthma_v2_copd_P33COPDPr_263.wav,1,1,2,1,0.025545638693199507,0.6865089789257118,0.21661666097833907,0.04925265983030033,0.02207606157244894
asthma_v2_copd_P40COPDMc_314.wav,1,1,2,2,0.00406655324868001,0.06778896461505558,0.9233245772478605,0.001353279122101833,0.003466625766301768
asthma_v2_copd_P40COPDMc_316.wav,1,1,2,2,2.473674552204488e-09,2.3487914394096796e-09,0.9999900646436093,1.4444677550466596e-06,8.486066169802174e-06
asthma_v2_copd_P40COPDMc_318.wav,1,1,2,0,0.6897399620655968,0.05135055048219158,0.013999210463585413,0.0033657714111410553,0.2415445055774851
asthma_v2_copd_P40COPDMc_320.wav,1,1,2,0,0.5583901517009473,0.0507435197676835,0.02123428610537963,0.00107426614024037,0.3685577762857491
asthma_v2_copd_P40COPDPr_313.wav,1,1,2,2,0.00387575302068655,0.05823692454618345,0.9325743433014951,0.002768703605112304,0.0025442755265222996
asthma_v2_copd_P40COPDPr_315.wav,1,1,2,2,4.2658949904884297e-10,4.755913645342219e-10,0.9999970461447106,4.904325522133887e-07,2.4625205562461996e-06
asthma_v2_copd_P40COPDPr_317.wav,1,1,2,2,5.156074035303723e-09,5.0860897822394244e-09,0.9999958388857518,6.849636730946759e-07,3.4659084113935436e-06
asthma_v2_copd_P40COPDPr_319.wav,1,1,2,4,0.42132815322492967,0.07936863052798473,0.025535603378905463,0.0027999658621771276,0.4709676470060029
asthma_v2_copd_P46COPDMc_362.wav,1,1,2,2,0.008255711544379167,0.004188722544102284,0.9614973273337748,0.00486075586798405,0.021197482709760133
asthma_v2_copd_P46COPDMc_364.wav,1,1,2,4,0.007127582289691394,0.0004903788583225122,0.2970955979049889,0.009627659209754632,0.6856587817372422
asthma_v2_copd_P46COPDMc_366.wav,1,1,2,2,0.002112496202100064,0.00039042926409620527,0.9655140734172482,0.0013428401794357537,0.03064016093711986
asthma_v2_copd_P46COPDMc_368.wav,1,1,2,2,0.027546875493118635,0.006599972073624587,0.921622231050658,0.0006586738495191273,0.04357224753307952
asthma_v2_copd_P46COPDPr_361.wav,1,1,2,4,0.006563360685150198,0.010278962899875267,0.5112816596818717,0.016724339102756215,0.45515167763034636
asthma_v2_copd_P46COPDPr_363.wav,1,1,2,2,0.011922089686557563,0.0020721469197507725,0.9596101337880704,0.0012957541384374003,0.025099875467183806
asthma_v2_copd_P46COPDPr_365.wav,1,1,2,2,0.0053344828142641385,0.00038600483471866426,0.8675756014579677,0.018541223920838082,0.10816268697221115
asthma_v2_copd_P46COPDPr_367.wav,1,1,2,2,0.006307387659686256,0.006421687417429179,0.9618354270626363,0.0024730518981407636,0.02296244596210718
asthma_v2_copd_P4COPDMc_26.wav,1,1,2,2,0.0013962837637614717,0.0005506302819472043,0.9946376922255504,0.0018431967264283644,0.0015721970023125846
asthma_v2_copd_P4COPDMc_28.wav,1,1,2,2,0.0006440505361919403,0.0007164285008694095,0.996928334481722,0.0002312671628422891,0.001479919318374112
asthma_v2_copd_P4COPDMc_30.wav,1,1,2,2,0.01513845500090999,0.0031246432117716795,0.9723853619496546,0.0013451135792765868,0.008006426258387045
asthma_v2_copd_P4COPDMc_32.wav,1,1,2,2,0.04366209504909506,0.003996581368651604,0.909807024570316,0.018850402400319932,0.023683896611617447
asthma_v2_copd_P4COPDPr_25.wav,1,1,2,2,0.0004469415443753221,0.00044572102455831816,0.9986133122669313,0.00025928296164140334,0.00023474220249364942
asthma_v2_copd_P4COPDPr_27.wav,1,1,2,2,0.0003441780993446442,0.00012735250681636414,0.9983727398533943,5.5585104794568325e-05,0.001100144435650246
asthma_v2_copd_P4COPDPr_29.wav,1,1,2,2,0.002410391466317456,0.0016868862479538023,0.9924943621320039,0.00040658106123840203,0.003001779092486298
asthma_v2_copd_P4COPDPr_31.wav,1,1,2,2,0.011271876553613693,0.0037612991165133793,0.9773745015812026,0.0019525975130779563,0.0056397252355921265
asthma_v2_copd_P5COPDMc_34.wav,1,1,2,2,0.05775364695068731,0.0019166329009978104,0.8761334910034392,0.021992524979637957,0.042203704165237554
asthma_v2_copd_P5COPDMc_36.wav,1,1,2,2,0.0030606588252442305,0.004323303111466906,0.8682626010708469,0.00908192589839804,0.11527151109404381
asthma_v2_copd_P5COPDMc_38.wav,1,1,2,2,0.0010576307982042411,0.010166637519919636,0.9797913563642648,0.002568623686585631,0.0064157516310253985
asthma_v2_copd_P5COPDMc_40.wav,1,1,2,2,0.02895236935657037,0.017129698183650857,0.9304113918288832,0.00904183508483848,0.014464705546057248
asthma_v2_copd_P5COPDPr_33.wav,1,1,2,2,0.03120720537719829,0.0031138368077544914,0.9561708695668221,0.002444426836136778,0.00706366141208837
asthma_v2_copd_P5COPDPr_35.wav,1,1,2,2,0.07180100468935187,0.02870811817887435,0.8907241522954882,0.004787734099572972,0.003978990736712841
asthma_v2_copd_P5COPDPr_37.wav,1,1,2,2,0.0028852536543096784,0.023627614016191387,0.9487836631161095,0.008924451049231726,0.01577901816415744
asthma_v2_copd_P5COPDPr_39.wav,1,1,2,2,0.0028925154940126086,0.035542299486434115,0.9362216752612039,0.01436507501897467,0.010978434739374801
asthma_v2_healthy_P15Healthy14S.wav,1,1,3,3,0.02843719532134177,0.11590887806219406,0.02690276532783544,0.6702963830677647,0.158454778220864
asthma_v2_healthy_P15Healthy55S.wav,1,1,3,3,0.04186285644851382,0.07546887048172846,0.08575537695456717,0.7519506547373933,0.0449622413777975
asthma_v2_healthy_P15Healthy61S.wav,1,1,3,4,0.04338020619518137,0.007185823865591106,0.0014591144680995247,0.22760860991364937,0.7203662455574791
asthma_v2_healthy_P15Healthy65S.wav,1,1,3,3,0.013316262227618246,0.02212728109002492,0.049881378924570965,0.8789478821252301,0.03572719563255594
asthma_v2_healthy_P15Healthy93S.wav,1,1,3,3,0.032297507577816055,0.03527852791919165,0.05494234909604347,0.8555602794602688,0.02192133594667992
asthma_v2_healthy_P16Healthy18S.wav,1,1,3,4,0.04338020619518137,0.007185823865591106,0.0014591144680995247,0.22760860991364937,0.7203662455574791
asthma_v2_healthy_P16Healthy19S.wav,1,1,3,3,0.029623185823275725,0.005893937507943607,0.0011553951152735791,0.2869902655482785,0.676337216005229
asthma_v2_healthy_P16Healthy26S.wav,1,1,3,3,0.0400223716753645,0.010174561112438219,0.0012674931818895166,0.31187753941645474,0.6366580346138532
asthma_v2_healthy_P16Healthy38S.wav,1,1,3,3,0.029623185823275725,0.005893937507943607,0.0011553951152735791,0.2869902655482785,0.676337216005229
asthma_v2_healthy_P16Healthy41S.wav,1,1,3,3,0.0400223716753645,0.010174561112438219,0.0012674931818895166,0.31187753941645474,0.6366580346138532
asthma_v2_healthy_P17Healthy22S.wav,1,1,3,3,0.009351305795677502,0.020768226013282168,0.009762546775558706,0.828722003547188,0.13139591786829377
asthma_v2_healthy_P17Healthy35S.wav,1,1,3,3,0.007033548432608616,0.023592367975052996,0.004786191435827623,0.8641651804750483,0.1004227116814623
asthma_v2_healthy_P17Healthy58S.wav,1,1,3,3,0.030285071125260427,0.0338075135000173,0.09097980590854879,0.4251618131901599,0.4197657962760137
asthma_v2_healthy_P17Healthy71S.wav,1,1,3,4,0.02449941528176527,0.014148636317246955,0.19301296606338905,0.07709302676459051,0.6912459555730084
asthma_v2_healthy_P17Healthy83S.wav,1,1,3,4,0.022540858278750776,0.06803993781412646,0.06847763911608379,0.06318868780949517,0.7777528769815436
asthma_v2_healthy_P19Healthy47S.wav,1,1,3,1,0.18392012633241323,0.433736337845726,0.04981564283464994,0.1643793121037866,0.16814858088342421
asthma_v2_healthy_P19Healthy50S.wav,1,1,3,3,0.009954559807203231,0.01644261446745727,0.0006161095971462797,0.963935725512053,0.00905099061614019
asthma_v2_healthy_P19Healthy55S.wav,1,1,3,3,0.0017095954656267606,0.0032290628651147823,0.0004706315231967205,0.965149200514786,0.029441509631275693
asthma_v2_healthy_P19Healthy62S.wav,1,1,3,3,0.0004390905894954467,0.0010757531956508586,0.00014888878122950057,0.9956756748791203,0.002660592554504031
asthma_v2_healthy_P19Healthy79S.wav,1,1,3,3,0.002316915781388513,0.0014029000322991474,0.0005951408446887081,0.9333582515965914,0.06232679174503201
asthma_v2_healthy_P27Healthy30S.wav,1,1,3,3,0.0016722496173308264,0.009833487219588606,0.0012757947947309597,0.9835715238421712,0.0036469445261782672
asthma_v2_healthy_P27Healthy73S.wav,1,1,3,3,0.0023047383002973224,0.014957926030141074,0.001497801300765443,0.9755277844675634,0.005711749901233189
asthma_v2_healthy_P27Healthy92S.wav,1,1,3,3,0.002195352078559979,0.012143478266746426,0.0009911679229425378,0.9779954586225511,0.006674543109199995
asthma_v2_pneumonia_P10Pneumonia52A.wav,1,1,4,4,0.05096437295947316,0.009768351573834579,0.018843673878099293,0.0034791500998676496,0.9169444514887253
asthma_v2_pneumonia_P10Pneumonia73G.wav,1,1,4,4,0.08457205344590375,0.0030486383031729913,0.009009661013266381,0.0005338378944222887,0.9028358093432346
asthma_v2_pneumonia_P10Pneumonia80J.wav,1,1,4,4,0.035983345069560836,0.010054776125017427,0.029487261202198006,0.005558628985837542,0.9189159886173861
asthma_v2_pneumonia_P10Pneumonia88R.wav,1,1,4,4,0.17247959166031604,0.010719858271548168,0.00697476625255242,0.002810411038997681,0.8070153727765859
asthma_v2_pneumonia_P10Pneumonia93W.wav,1,1,4,4,0.027006729259293587,0.0040376661121655465,0.013526156517623454,0.009271589444991233,0.9461578586659262
asthma_v2_pneumonia_P10Pneumonia97B.wav,1,1,4,4,0.47530780151882446,0.01835772890631857,0.021356062447062795,0.0013258973507135486,0.4836525097770802
asthma_v2_pneumonia_P14Pneumonia19W.wav,1,1,4,4,0.46075078229362937,0.01004724220851644,0.0182531238428309,0.0006748554228490827,0.5102739962321738
asthma_v2_pneumonia_P14Pneumonia22X.wav,1,1,4,3,0.0023639515471379183,0.0007273327462444246,0.0007967262723385768,0.9120231930946757,0.0840887963396031
asthma_v2_pneumonia_P14Pneumonia40M.wav,1,1,4,3,0.01680045903030722,0.0053934739239981004,0.0007183240290250409,0.6539225210459901,0.32316522197067915
asthma_v2_pneumonia_P14Pneumonia62B.wav,1,1,4,4,0.27893556702933947,0.02329649842700969,0.0034657086110932442,0.0017780780546064335,0.692524147877951
asthma_v2_pneumonia_P14Pneumonia73T.wav,1,1,4,4,0.22459190124416853,0.004261664331217151,0.01526927598327601,0.0006178106696904857,0.7552593477716482
asthma_v2_pneumonia_P14Pneumonia87C.wav,1,1,4,4,0.11063099197355414,0.004585370694620763,0.009183385087349203,0.0011170563581389488,0.8744831958863369
asthma_v2_pneumonia_P17Pneumonia49T.wav,1,1,4,4,0.034005790848936304,0.004265344995075293,0.00012008985293306957,0.002201953542579065,0.9594068207604762
asthma_v2_pneumonia_P17Pneumonia51I.wav,1,1,4,4,0.015491328770789764,0.04265884554839251,0.4218227439090711,0.12154144162097114,0.39848564015077537
asthma_v2_pneumonia_P17Pneumonia57K.wav,1,1,4,4,0.021614725395233198,0.001126581217992778,6.133644592606121e-05,0.0001545226561536827,0.9770428342846942
asthma_v2_pneumonia_P17Pneumonia63G.wav,1,1,4,4,0.1357654422877249,0.038750883604486745,0.0016569498411161778,0.012582374525277159,0.8112443497413948
asthma_v2_pneumonia_P17Pneumonia86O.wav,1,1,4,4,0.04226257927621308,0.020435323009196975,0.1762162079207165,0.07403474609158478,0.6870511437022889
asthma_v2_pneumonia_P17Pneumonia91K.wav,1,1,4,2,0.010356914849250907,0.03459850890621587,0.6752051909211317,0.09465980510198338,0.18517958022141806
asthma_v2_pneumonia_P19Pneumonia24H.wav,1,1,4,4,0.02645209831104594,0.014109203634236742,0.0001606234016636296,0.005389191741129458,0.9538888829119242
asthma_v2_pneumonia_P19Pneumonia33O.wav,1,1,4,4,0.01240196316996465,0.0013505820050499849,4.357998636689671e-05,0.00017745580588851242,0.9860264190327298
asthma_v2_pneumonia_P19Pneumonia39Z.wav,1,1,4,4,0.015998852461561797,0.012078929379109052,0.00034099995609852563,0.010467817040646398,0.9611134011625845
asthma_v2_pneumonia_P19Pneumonia41U.wav,1,1,4,4,0.158678237579001,0.034454644145314635,0.0007337305262370742,0.0028057109557154333,0.8033276767937317
asthma_v2_pneumonia_P19Pneumonia75B.wav,1,1,4,4,0.07649666459002898,0.03675698694464383,0.0003443111124913904,0.013432470475620578,0.8729695668772153
asthma_v2_pneumonia_P19Pneumonia90X.wav,1,1,4,3,0.035059316830547985,0.06695770705338329,0.002977881668800559,0.2384959230295029,0.6565091714177654
asthma_v2_pneumonia_P23Pneumonia19A.wav,1,1,4,4,0.177740546209737,0.007798379000995448,0.24055168909939,0.038654352773126975,0.5352550329167506
asthma_v2_pneumonia_P23Pneumonia40O.wav,1,1,4,4,0.3118925006790844,0.013845385102393,0.2190296432824378,0.017701436090167843,0.43753103484591715
asthma_v2_pneumonia_P23Pneumonia54P.wav,1,1,4,4,0.3447113145442785,0.00790152184613853,0.20747960881191294,0.02579062230278136,0.4141169324948889
asthma_v2_pneumonia_P23Pneumonia60Y.wav,1,1,4,4,0.1829794139079559,0.005163098732804502,0.10868885855661249,0.026332742797619404,0.6768358860050079
asthma_v2_pneumonia_P23Pneumonia90V.wav,1,1,4,4,0.08508119963047371,0.008973751316568555,0.12317970118468759,0.039538770049763416,0.7432265778185067
asthma_v2_pneumonia_P23Pneumonia97P.wav,1,1,4,4,0.05301777941612042,0.0113495716897847,0.3009794868266714,0.17872611634215602,0.45592704572526765
asthma_v2_pneumonia_P31Pneumonia14Q.wav,1,1,4,4,0.02381932661384958,0.012147767238982072,0.0045660356764936965,0.0019287293059624222,0.9575381411647124
asthma_v2_pneumonia_P31Pneumonia16C.wav,1,1,4,4,0.022955471895044478,0.008083360790492133,0.0037870593424923146,0.0009812227702315972,0.9641928852017395
asthma_v2_pneumonia_P31Pneumonia43V.wav,1,1,4,4,0.17475776432660944,0.00993519697188503,0.002837864271266759,0.0009631310358894791,0.8115060433943491
asthma_v2_pneumonia_P31Pneumonia47D.wav,1,1,4,4,0.04070709112678507,0.011228068555675689,0.0014462895716188693,0.0012793476491584433,0.9453392030967618
asthma_v2_pneumonia_P31Pneumonia47J.wav,1,1,4,4,0.024580202712731744,0.005579686623273279,0.00019859175373339926,0.007224526531599313,0.9624169923786621
asthma_v2_pneumonia_P31Pneumonia92I.wav,1,1,4,4,0.09828842970097852,0.00908201609686765,0.0006110760128421118,0.0004586199807423663,0.8915598582085695
asthma_v2_pneumonia_P38Pneumonia23A.wav,1,1,4,0,0.9250049676533906,0.04435454020257653,0.014744305745942505,0.001377482834886781,0.014518703563203403
asthma_v2_pneumonia_P38Pneumonia34H.wav,1,1,4,0,0.7694339417365741,0.019152965666319494,0.008244210858112888,0.041914012961528864,0.16125486877746445
asthma_v2_pneumonia_P38Pneumonia35P.wav,1,1,4,0,0.8304046211426286,0.05461059078687585,0.047716450853595445,0.004968778067309331,0.06229955914959062
asthma_v2_pneumonia_P38Pneumonia41S.wav,1,1,4,0,0.8569268679310207,0.02474944294429421,0.006512023027757037,0.005231054727110802,0.10658061136981724
asthma_v2_pneumonia_P38Pneumonia61R.wav,1,1,4,0,0.9361319678670639,0.014819487477326539,0.01839133979053975,0.0017724261550905224,0.02888477870997909
asthma_v2_pneumonia_P38Pneumonia64N.wav,1,1,4,0,0.9366231107560299,0.012334929921288,0.01458524650727338,0.0018785641893179345,0.034578148626090814
asthma_v2_pneumonia_P40Pneumonia18H.wav,1,1,4,0,0.8187338076454282,0.09213094114073553,0.011063410634474163,0.0019982465709265165,0.07607359400843604
asthma_v2_pneumonia_P40Pneumonia32Q.wav,1,1,4,4,0.4054180309858793,0.0034552786775015987,0.0007824897673844731,0.0003830803629398921,0.589961120206295
asthma_v2_pneumonia_P40Pneumonia69N.wav,1,1,4,4,0.20629326882362942,0.0049568758620450026,0.0017378654777290726,0.0023337582212801748,0.7846782316153166
asthma_v2_pneumonia_P40Pneumonia90Y.wav,1,1,4,0,0.8789181142808078,0.020707524681161184,0.0013969923756986923,0.002369942358837769,0.09660742630349482
asthma_v2_pneumonia_P40Pneumonia91V.wav,1,1,4,0,0.7132222666493655,0.026446247866287985,0.037896313187579904,0.0015121983410353549,0.22092297395573143
asthma_v2_pneumonia_P40Pneumonia92J.wav,1,1,4,3,0.1356406810390894,0.026011014658166243,0.029219610999849713,0.7552270487291988,0.0539016445736956
asthma_v2_pneumonia_P42Pneumonia27A.wav,1,1,4,0,0.9602339992387502,0.004299379534672018,0.009621457084688258,0.00023850054299365186,0.025606663598895858
asthma_v2_pneumonia_P42Pneumonia46D.wav,1,1,4,0,0.868788072139324,0.010457076243783076,0.012301955928044324,0.0005711266662564032,0.10788176902259188
asthma_v2_pneumonia_P42Pneumonia47W.wav,1,1,4,0,0.8668328370583221,0.03281174171702159,0.020006684236034078,0.013727744331687294,0.06662099265693494
asthma_v2_pneumonia_P42Pneumonia63L.wav,1,1,4,0,0.8348307528936446,0.001371603261659048,0.003539840409954395,0.000670438655873269,0.15958736477886862
asthma_v2_pneumonia_P42Pneumonia67F.wav,1,1,4,0,0.8400279393002433,0.027633011579174808,0.09285092613553689,0.0033487610069454854,0.0361393619780994
asthma_v2_pneumonia_P42Pneumonia69S.wav,1,1,4,0,0.8795175349021458,0.0015845590116721287,0.006942922951608783,0.0023147285153881925,0.10964025461918503
asthma_v2_pneumonia_P45Pneumonia10J.wav,1,1,4,4,0.012363831862576467,0.011155192395591927,0.018187024877937927,0.11046632003189708,0.8478276308319967
asthma_v2_pneumonia_P45Pneumonia25T.wav,1,1,4,4,0.11125556607881174,0.004547965087467959,0.03628322786794953,0.022671451717047555,0.8252417892487235
asthma_v2_pneumonia_P45Pneumonia29L.wav,1,1,4,4,0.27191155205839707,0.008131137290902871,0.07212169086240107,0.013021354098169317,0.6348142656901296
asthma_v2_pneumonia_P45Pneumonia51F.wav,1,1,4,4,0.018406419707332776,0.009121014380777124,0.03217689811896263,0.06426810957231122,0.8760275582206158
asthma_v2_pneumonia_P45Pneumonia59I.wav,1,1,4,4,0.06806401850873905,0.0029275660209104426,0.07445521812997445,0.0232629185028425,0.8312902788375334
asthma_v2_pneumonia_P45Pneumonia72P.wav,1,1,4,4,0.03492216728474227,0.00742451898065363,0.08714852968050942,0.12603892798327468,0.7444658560708203
asthma_v2_Bronchial_P13BronchialSc_62.wav,1,2,1,0,0.8287851552474615,0.0582345355226272,0.002262325540879888,0.04022021817180062,0.07049776551723125
asthma_v2_Bronchial_P13BronchialSc_64.wav,1,2,1,0,0.7751644815990469,0.05860749146179476,0.0057179367991380585,0.061011897361243635,0.09949819277877649
asthma_v2_Bronchial_P13BronchialTc_61.wav,1,2,1,0,0.8044242820924616,0.0900366330251253,0.0026921091358056816,0.04840587551910683,0.054441100227500636
asthma_v2_Bronchial_P13BronchialTc_63.wav,1,2,1,0,0.5808635374396316,0.11090738631794818,0.088353723869522,0.013840377487752175,0.20603497488514572
asthma_v2_Bronchial_P13BronchialTc_65.wav,1,2,1,0,0.6549383397596411,0.18036938872173217,0.09182096701789244,0.009781122009916089,0.06309018249081814
asthma_v2_Bronchial_P16BronchialSc_76.wav,1,2,1,1,0.03244164117204381,0.902569096685977,0.03584926292532706,0.005844984025009719,0.023295015191642048
asthma_v2_Bronchial_P16BronchialSc_78.wav,1,2,1,0,0.37192770095056443,0.3066621437122742,0.2382047539886497,0.016357159316170853,0.066848242032341
asthma_v2_Bronchial_P16BronchialSc_80.wav,1,2,1,1,0.11132563108187207,0.6813601500046247,0.04323830335247726,0.04311190573545462,0.12096400982557133
asthma_v2_Bronchial_P16BronchialTc_77.wav,1,2,1,1,0.012574417190512227,0.9180556044580171,0.03512599658664188,0.015656316965495482,0.018587664799333336
asthma_v2_Bronchial_P16BronchialTc_79.wav,1,2,1,1,0.032457693635309606,0.8927458164513586,0.041167738296995195,0.01809585002772678,0.015532901588609918
asthma_v2_Bronchial_P1BronchialSc_2.wav,1,2,1,1,0.06110732796154889,0.8280513947721319,0.07006389532601892,0.022904322565482242,0.01787305937481853
asthma_v2_Bronchial_P1BronchialSc_4.wav,1,2,1,1,0.09183698931684842,0.7296841017409355,0.13182505190805624,0.022248895819141044,0.02440496121501885
asthma_v2_Bronchial_P1BronchialTc_1.wav,1,2,1,1,0.05407712429246515,0.8603852182903069,0.060199610048220824,0.009987245677538177,0.015350801691468715
asthma_v2_Bronchial_P1BronchialTc_3.wav,1,2,1,1,0.08822841354298984,0.7342061426751861,0.12325513721053456,0.030037011456077383,0.024273295115212267
asthma_v2_Bronchial_P1BronchialTc_5.wav,1,2,1,1,0.050349181222849,0.8715441886940407,0.05427318887339527,0.009366508850792477,0.014466932358922041
asthma_v2_Bronchial_P7BronchialSc_32.wav,1,2,1,1,0.015912759099146242,0.7859867723038305,0.10634403525480213,0.0856112841013791,0.0061451492408413745
asthma_v2_Bronchial_P7BronchialSc_34.wav,1,2,1,1,0.012842905336158006,0.8379162507530914,0.05451546906761851,0.08936898076288408,0.0053563940802477785
asthma_v2_Bronchial_P7BronchialTc_31.wav,1,2,1,1,0.0050673441498040326,0.975481582420481,0.011122001240009583,0.0069708281061607695,0.0013582440835446957
asthma_v2_Bronchial_P7BronchialTc_33.wav,1,2,1,1,0.0084662346964719,0.8922186284813011,0.0704310708837912,0.026283716143816985,0.0026003497946190755
asthma_v2_Bronchial_P7BronchialTc_35.wav,1,2,1,1,0.008612047862664084,0.9613611073976015,0.018312063653375177,0.007603371688798732,0.0041114093975604645
asthma_v2_Bronchial_P8BronchialSc_36.wav,1,2,1,1,0.03655588687613007,0.8132757543824933,0.07608592469377505,0.04339578311252381,0.030686650935077803
asthma_v2_Bronchial_P8BronchialSc_38.wav,1,2,1,1,0.005712010207795211,0.9609252006970835,0.024710916753726806,0.006217270107604731,0.0024346022337898413
asthma_v2_Bronchial_P8BronchialSc_40.wav,1,2,1,1,0.004812195597935566,0.9354350265110419,0.029865796490614584,0.028457974285724073,0.001429007114683656
asthma_v2_Bronchial_P8BronchialTc_37.wav,1,2,1,1,0.07116947754381447,0.6130785353388906,0.14820591023726745,0.060208442772975636,0.10733763410705205
asthma_v2_Bronchial_P8BronchialTc_39.wav,1,2,1,1,0.010212106395588188,0.9162667815569769,0.05358435232555098,0.016539541303337235,0.0033972184185469844
asthma_v2_Bronchial_P9BronchialSc_42.wav,1,2,1,1,0.006319844505354859,0.9691533841104621,0.017024338792578288,0.00542499485432062,0.0020774377372841176
asthma_v2_Bronchial_P9BronchialSc_44.wav,1,2,1,1,0.03372599639410062,0.8678773781032397,0.045670018285639526,0.03504355007931809,0.017683057137702015
asthma_v2_Bronchial_P9BronchialTc_41.wav,1,2,1,1,0.006691314119577192,0.9303625513057,0.020168221832953595,0.04037071653319964,0.0024071962085693874
asthma_v2_Bronchial_P9BronchialTc_43.wav,1,2,1,1,0.06052140726735737,0.78928256359244,0.07014663940721125,0.019569360276186738,0.06048002945680475
asthma_v2_Bronchial_P9BronchialTc_45.wav,1,2,1,1,0.009828042929424729,0.9389143482729452,0.04564648510088463,0.002482591867708337,0.0031285318290371184
asthma_v2_asthma_P18WheezingIE_89.wav,1,2,0,0,0.8658588734937975,0.043738156127358464,0.010053853142931717,0.005310210274043032,0.07503890696186899
asthma_v2_asthma_P18WheezingIU_86.wav,1,2,0,0,0.5091533129216397,0.004107438468703011,0.015319594789622063,0.0011896684450255276,0.47022998537500976
asthma_v2_asthma_P18WheezingIU_90.wav,1,2,0,0,0.9663715693060391,0.00829598925375452,0.0035100718586345155,0.0005371705988616557,0.021285198982710286
asthma_v2_asthma_P18WheezingRL_87.wav,1,2,0,3,0.08196834745827744,0.009677880758799273,0.031928075412056126,0.7523108431383806,0.12411485323248671
asthma_v2_asthma_P18WheezingRS_88.wav,1,2,0,0,0.6082587865245482,0.007743206541070623,0.003943570227832362,0.019781810689228442,0.3602726260173206
asthma_v2_asthma_P20WheezingIE_97.wav,1,2,0,0,0.5162925291639271,0.08699165506122739,0.05935854198361646,0.04620272508189973,0.29115454870932933
asthma_v2_asthma_P20WheezingIU_98.wav,1,2,0,0,0.6295600142717945,0.026169899755045047,0.028404614345679296,0.195005650399745,0.12085982122773632
asthma_v2_asthma_P20WheezingRL_99.wav,1,2,0,0,0.8379129726969051,0.04338784522004635,0.003252716007889774,0.03961956574631064,0.07582690032884794
asthma_v2_asthma_P20WheezingRS_100.wav,1,2,0,3,0.4046681894776507,0.04745932959253715,0.007968748153054189,0.37382867031645817,0.16607506246030013
asthma_v2_asthma_P20WheezingRS_96.wav,1,2,0,0,0.9248232904281187,0.014913012770098794,0.002933584926409331,0.002638519600651001,0.054691592274722214
asthma_v2_asthma_P26WheezingIE_129.wav,1,2,0,0,0.6344484557145037,0.09237630228513645,0.05849009522612846,0.020133957799708533,0.19455118897452325
asthma_v2_asthma_P26WheezingIU_126.wav,1,2,0,3,0.5632493138775756,0.028644403235528946,0.021774428339162388,0.2755546258175811,0.11077722873015172
asthma_v2_asthma_P26WheezingIU_130.wav,1,2,0,0,0.8621987566973065,0.011585419884627579,0.030286643934300302,0.0004858692101890695,0.09544331027357672
asthma_v2_asthma_P26WheezingRL_127.wav,1,2,0,0,0.6956447461321755,0.012705443093863232,0.10751294970103313,0.004791967393161791,0.17934489367976642
asthma_v2_asthma_P26WheezingRS_128.wav,1,2,0,0,0.7871356771644928,0.004460395919126609,0.01269482288819094,0.0009042045185396006,0.19480489950965005
asthma_v2_asthma_P28WheezingIE_137.wav,1,2,0,3,0.5673287375374895,0.01886570567634243,0.00711955514784163,0.2877108574102724,0.11897514422805416
asthma_v2_asthma_P28WheezingIU_138.wav,1,2,0,0,0.8447181437488833,0.017563229132852853,0.003481222971526551,0.05446481552171594,0.07977258862502133
asthma_v2_asthma_P28WheezingRL_139.wav,1,2,0,0,0.5402599588165355,0.10229668936529528,0.20566973034440605,0.007117650357882623,0.14465597111588038
asthma_v2_asthma_P28WheezingRS_136.wav,1,2,0,0,0.7331373442975921,0.02368852421154908,0.01765255923506029,0.011805883580890972,0.21371568867490762
asthma_v2_asthma_P28WheezingRS_140.wav,1,2,0,0,0.802875009483423,0.021841032700301685,0.006068911146218536,0.08851078819327053,0.08070425847678599
asthma_v2_asthma_P29WheezingIE_141.wav,1,2,0,0,0.775381270325772,0.01323169090708313,0.007383875676782148,0.004205614926145028,0.1997975481642174
asthma_v2_asthma_P29WheezingIE_145.wav,1,2,0,0,0.670126226899615,0.002438988417859912,0.03152973173615355,0.00013007971578263072,0.2957749732305889
asthma_v2_asthma_P29WheezingIU_142.wav,1,2,0,0,0.41529086814185706,0.16129831198876357,0.20439485743353328,0.05369298405388491,0.16532297838196078
asthma_v2_asthma_P29WheezingRL_143.wav,1,2,0,0,0.4493201653053643,0.013002943114957616,0.106268767217009,0.0006799031075207307,0.4307282212551486
asthma_v2_asthma_P29WheezingRS_144.wav,1,2,0,4,0.27970477995184073,0.0015805851401414464,0.014988689111809155,0.0001054592672444583,0.7036204865289639
asthma_v2_asthma_P38WheezingIE_189.wav,1,2,0,0,0.8253329004653649,0.022940568915264234,0.13291172468581255,0.004224309557727505,0.014590496375831125
asthma_v2_asthma_P38WheezingIU_186.wav,1,2,0,0,0.8489469909881653,0.020399366310186882,0.0674857193593918,0.011993304193667524,0.051174619148588084
asthma_v2_asthma_P38WheezingIU_190.wav,1,2,0,0,0.7572554707834402,0.02256250877633002,0.18156979366337095,0.009031468544132237,0.029580758232726545
asthma_v2_asthma_P38WheezingRL_187.wav,1,2,0,0,0.6888095961522649,0.03407453174137081,0.04173832828172204,0.032996178756888914,0.20238136506775317
asthma_v2_asthma_P38WheezingRS_188.wav,1,2,0,0,0.6350613167821024,0.03458404383497899,0.27290728435738176,0.013417034820843445,0.044030320204693246
asthma_v2_asthma_P44WheezingIE_217.wav,1,2,0,0,0.9274354204829984,0.0036478212467308565,0.012755464903598046,0.0005500288893379031,0.05561126447733496
asthma_v2_asthma_P44WheezingIU_218.wav,1,2,0,0,0.895393321427551,0.012778372601102019,0.030041553283987114,0.0009204133918951396,0.060866339295464936
asthma_v2_asthma_P44WheezingRL_219.wav,1,2,0,0,0.7744603532888951,0.006660353390376919,0.1841736373268953,0.0019479971455078492,0.03275765884832463
asthma_v2_asthma_P44WheezingRS_216.wav,1,2,0,0,0.8460809792423785,0.012069493160660012,0.057254972401174116,0.016645441033962042,0.06794911416182535
asthma_v2_asthma_P44WheezingRS_220.wav,1,2,0,2,0.24442175698234758,0.0020316655602910217,0.7471491813659284,0.0006271142700916799,0.0057702818213412575
asthma_v2_asthma_P45WheezingIE_221.wav,1,2,0,0,0.8715432025003036,0.035834333733135874,0.02374850142247547,0.01247358503754445,0.05640037730654071
asthma_v2_asthma_P45WheezingIE_225.wav,1,2,0,0,0.9254378081188376,0.018444356463612605,0.013459207346311737,0.001042930135397833,0.04161569793584034
asthma_v2_asthma_P45WheezingIU_222.wav,1,2,0,0,0.9545768069330851,0.014700321922671723,0.016830959473238757,0.0009985913349764546,0.012893320336027723
asthma_v2_asthma_P45WheezingRL_223.wav,1,2,0,0,0.8687069899585929,0.04250372837546121,0.0737112622220619,0.002011903250653888,0.013066116193230204
asthma_v2_asthma_P45WheezingRS_224.wav,1,2,0,0,0.7813094049999285,0.010504948823174574,0.09518152280502797,0.002426769993300162,0.11057735337856851
asthma_v2_asthma_P46WheezingIE_229.wav,1,2,0,0,0.7870321410152064,0.06641419206657681,0.08956104998626956,0.005241756399084245,0.05175086053286334
asthma_v2_asthma_P46WheezingIU_226.wav,1,2,0,0,0.7886730062366601,0.11769829503348801,0.05050515113110656,0.005163923792569559,0.03795962380617572
asthma_v2_asthma_P46WheezingIU_230.wav,1,2,0,0,0.7795061341691271,0.023260805347523943,0.08159999740613347,0.0044831203214190166,0.11114994275579694
asthma_v2_asthma_P46WheezingRL_227.wav,1,2,0,0,0.7727160624896129,0.07514119160177389,0.13129002178570806,0.0026957703192030673,0.018156953803701623
asthma_v2_asthma_P46WheezingRS_228.wav,1,2,0,0,0.42432759656729024,0.18850863925380237,0.3499641126783046,0.0038584191652879353,0.033341232335314844
asthma_v2_asthma_P53WheezingIE_261.wav,1,2,0,0,0.8153498850049014,0.10102533379564582,0.03177884200460041,0.003718817522060379,0.048127121672791824
asthma_v2_asthma_P53WheezingIE_265.wav,1,2,0,2,0.16448820298707317,0.16762218412532154,0.6070733594709053,0.023710442836250876,0.037105810580449095
asthma_v2_asthma_P53WheezingIU_262.wav,1,2,0,0,0.9193957538963977,0.03989504172863659,0.005845669141158102,0.0013199541940288782,0.03354358103977896
asthma_v2_asthma_P53WheezingRL_263.wav,1,2,0,4,0.048475079992073525,0.04827302307401122,0.06765961759894895,0.02856286035828955,0.8070294189766765
asthma_v2_asthma_P53WheezingRS_264.wav,1,2,0,1,0.20382507692947663,0.3802382057445992,0.19990948250259707,0.10000555681663145,0.1160216780066958
asthma_v2_asthma_P6AsthmaIE_29.wav,1,2,0,0,0.9076730639754111,0.0455438959745599,0.01385777906780796,0.001348233514417919,0.03157702746780323
asthma_v2_asthma_P6AsthmaIU_26.wav,1,2,0,0,0.8145615473208413,0.04118925265522223,0.025834065499438934,0.00557416557230895,0.11284096895218829
asthma_v2_asthma_P6AsthmaIU_30.wav,1,2,0,0,0.9344688225340192,0.03064860151970907,0.00557594977036119,0.001202192561845363,0.028104433614065196
asthma_v2_asthma_P6AsthmaRL_27.wav,1,2,0,0,0.6951342894287462,0.007129400111384198,0.01262758199526853,0.006519735536116583,0.27858899292848416
asthma_v2_asthma_P6AsthmaRS_28.wav,1,2,0,0,0.8712905845859987,0.00857182347223441,0.02388055703417561,0.0025657949688298273,0.09369123993876145
asthma_v2_copd_P14COPDMc_106.wav,1,2,2,2,0.0012636505810926086,0.004320218920086616,0.9922198885936523,0.00046227413351831423,0.0017339677716500885
asthma_v2_copd_P14COPDMc_108.wav,1,2,2,2,0.023111284686251163,0.00850389375480351,0.9644515867727942,0.0010223352635914387,0.0029108995225595943
asthma_v2_copd_P14COPDMc_110.wav,1,2,2,2,0.03996469700741418,0.015517624276633939,0.850482870248584,0.0013223153346189574,0.09271249313274905
asthma_v2_copd_P14COPDMc_112.wav,1,2,2,2,0.28526013217201057,0.00889683122218221,0.6983286539274658,0.0015751014583665092,0.005939281219974641
asthma_v2_copd_P14COPDPr_105.wav,1,2,2,2,0.0003133932872963835,0.0013631502010492385,0.9978862559195981,7.43808573301446e-05,0.0003628197347259988
asthma_v2_copd_P14COPDPr_107.wav,1,2,2,0,0.3480761331165268,0.014796254605072189,0.6163258808877956,0.0005315491897831135,0.020270182200822457
asthma_v2_copd_P14COPDPr_109.wav,1,2,2,2,0.04864955530260225,0.015249291489086497,0.9185905322693527,0.0007879075870438181,0.016722713351914824
asthma_v2_copd_P14COPDPr_111.wav,1,2,2,0,0.48521395723287153,0.018598053073926486,0.2591945469452566,0.004127886093542392,0.23286555665440317
asthma_v2_copd_P23COPDMc_178.wav,1,2,2,2,0.01993734607332537,0.006460598980011772,0.865840946791437,0.09789528535849278,0.009865822796733053
asthma_v2_copd_P23COPDMc_180.wav,1,2,2,2,0.001429762243127568,0.000335764303228947,0.9961073609096819,0.0012136347413815925,0.0009134778025805261
asthma_v2_copd_P23COPDMc_182.wav,1,2,2,2,0.007051584697105461,0.03347914999065751,0.8616703345049933,0.06738065767491853,0.030418273132325088
asthma_v2_copd_P23COPDMc_184.wav,1,2,2,2,0.001683294494304174,0.006824851109177992,0.9557038504197013,0.027554231219017355,0.008233772757799225
asthma_v2_copd_P23COPDPr_177.wav,1,2,2,2,0.006815177655222055,0.004615696888134488,0.9578290473923725,0.024784644619615343,0.005955433444655533
asthma_v2_copd_P23COPDPr_179.wav,1,2,2,2,0.0009894204092860876,0.00030871792877082454,0.9979534379146902,0.00034404787324625796,0.0004043758740065159
asthma_v2_copd_P23COPDPr_181.wav,1,2,2,2,0.001342291713345387,0.0002537874818529035,0.997024368781874,0.0006032788004940113,0.0007762732224339119
asthma_v2_copd_P23COPDPr_183.wav,1,2,2,2,0.0028253399961978855,0.01043079862582456,0.935136130800742,0.038132393787100864,0.013475336790134572
asthma_v2_copd_P30COPDMc_234.wav,1,2,2,2,0.011187220833177953,0.0006098334666663212,0.9695861870460984,0.0013045566498076074,0.01731220200424989
asthma_v2_copd_P30COPDMc_236.wav,1,2,2,2,0.0010778648604010822,0.0007528885514855307,0.9962901200424034,0.0014485022755192476,0.00043062427019076993
asthma_v2_copd_P30COPDMc_238.wav,1,2,2,2,0.0007195753720670511,0.0018669566239895381,0.9967719100434167,0.000373614333052574,0.00026794362747434937
asthma_v2_copd_P30COPDMc_240.wav,1,2,2,2,3.250078684373906e-08,4.1992014431080274e-08,0.999990089382048,6.388352190832152e-06,3.4477729597714866e-06
asthma_v2_copd_P30COPDPr_233.wav,1,2,2,2,0.0017778204978525292,0.00021224351824905856,0.9965752055208602,0.0002723333883224905,0.0011623970747159174
asthma_v2_copd_P30COPDPr_235.wav,1,2,2,2,0.008804079989142429,0.000588172968380974,0.9664281151597508,0.0014432137623406282,0.022736418120385012
asthma_v2_copd_P30COPDPr_237.wav,1,2,2,2,0.0008525834276709293,0.0021593794628911264,0.9961874022538564,0.0004438949988762924,0.00035673985670522224
asthma_v2_copd_P30COPDPr_239.wav,1,2,2,2,2.3952702001220118e-08,3.209625337868092e-08,0.9999858939231667,1.0619336852751413e-05,3.430691025130119e-06
asthma_v2_copd_P32COPDMc_250.wav,1,2,2,0,0.40896981399958804,0.03491593729532435,0.5321860079969465,0.0039462806281793305,0.019981960079961735
asthma_v2_copd_P32COPDMc_252.wav,1,2,2,0,0.3851946735121108,0.006131668240500072,0.5954319397371608,0.0004986012079195871,0.012743117302309006
asthma_v2_copd_P32COPDMc_254.wav,1,2,2,2,0.06364163490599162,0.0017095431884776194,0.933348030141639,0.00029414861237306056,0.0010066431515188962
asthma_v2_copd_P32COPDMc_256.wav,1,2,2,2,0.09605558273695301,0.002653653670544329,0.8988168473678115,0.000660974142639201,0.0018129420820520697
asthma_v2_copd_P32COPDPr_249.wav,1,2,2,2,0.1638921843043633,0.008853960358782584,0.7998841846401071,0.0039755504172842545,0.023394120279463044
asthma_v2_copd_P32COPDPr_251.wav,1,2,2,0,0.4088498690732285,0.018318032535507546,0.55584765981898,0.001017631887675297,0.015966806684608648
asthma_v2_copd_P32COPDPr_253.wav,1,2,2,2,0.21076064542207418,0.0053342442546328445,0.7786601528758302,0.0017624275284125533,0.003482529919050193
asthma_v2_copd_P32COPDPr_255.wav,1,2,2,2,0.1467002744727322,0.003657142810838986,0.8476238770559263,0.00030553263806324613,0.0017131730224393066
asthma_v2_copd_P34COPDMc_266.wav,1,2,2,2,0.019908546433347104,0.22991199205716056,0.7433802362738917,0.0010105495111036485,0.005788675724496784
asthma_v2_copd_P34COPDMc_268.wav,1,2,2,1,0.05831602564392025,0.6401818873502683,0.27892263741940243,0.004796500396152884,0.017782949190256254
asthma_v2_copd_P34COPDMc_270.wav,1,2,2,2,0.007410290584405198,0.12558266659284928,0.8616543842731461,0.0010662795639566059,0.004286378985642887
asthma_v2_copd_P34COPDMc_272.wav,1,2,2,2,0.009335029585635061,0.22651342393391535,0.7574465050573718,0.0002894728088905533,0.006415568614187331
asthma_v2_copd_P34COPDPr_265.wav,1,2,2,2,0.009207614081266658,0.2650232893071608,0.7208213506789873,0.00048337433177886345,0.004464371600806349
asthma_v2_copd_P34COPDPr_267.wav,1,2,2,1,0.08486741623856708,0.5742854351020219,0.3127696052771389,0.005719875622963848,0.0223576677593082
asthma_v2_copd_P34COPDPr_269.wav,1,2,2,1,0.05331282602592761,0.6499817140377104,0.26648379461160804,0.010483038446139977,0.01973862687861437
asthma_v2_copd_P34COPDPr_271.wav,1,2,2,2,0.02159712494496571,0.24491493344691567,0.7163284479793489,0.0018728335632683037,0.015286660065501426
asthma_v2_copd_P43COPDMc_338.wav,1,2,2,2,0.00025033843185736705,0.0016938870948583688,0.9974141021953659,0.0001586807443242258,0.00048299153359403045
asthma_v2_copd_P43COPDMc_340.wav,1,2,2,2,4.806742580902001e-07,3.2429755395741185e-07,0.9998777609766201,1.4938568720362225e-05,0.00010649548284754946
asthma_v2_copd_P43COPDMc_342.wav,1,2,2,2,0.0008334097089361782,0.00021062562970572082,0.9985436149446628,0.00013501942377300803,0.00027733029292243615
asthma_v2_copd_P43COPDMc_344.wav,1,2,2,2,0.0002899377485816836,0.0040662520851500895,0.9940622131794514,0.00045256486891095634,0.0011290321179059457
asthma_v2_copd_P43COPDPr_337.wav,1,2,2,2,0.002907864547945535,0.008089643868431728,0.9866027428405637,0.000406544504762696,0.001993204238296213
asthma_v2_copd_P43COPDPr_339.wav,1,2,2,2,5.55160782814772e-08,6.972763456146223e-08,0.9999665672690218,9.427651898259076e-06,2.3879835367222908e-05
asthma_v2_copd_P43COPDPr_341.wav,1,2,2,2,0.0008442592269467866,0.00018483900901805395,0.9985194142949517,0.00013700869413853697,0.0003144787749450253
asthma_v2_copd_P43COPDPr_343.wav,1,2,2,2,0.00015009828198282195,0.00220047678666449,0.9971957703269195,0.00014121349159173938,0.00031244111284161946
asthma_v2_copd_P47COPDMc_370.wav,1,2,2,1,0.04838805245477966,0.4294064375222254,0.2792295797770727,0.014113482478830158,0.22886244776709228
asthma_v2_copd_P47COPDMc_372.wav,1,2,2,2,0.009039486827111016,0.009057607632728823,0.9776190589262564,0.0007566551462885556,0.0035271914676151717
asthma_v2_copd_P47COPDMc_374.wav,1,2,2,2,0.005401140987189727,0.09731893568097853,0.8557695457884665,0.03373582435660563,0.0077745531867598585
asthma_v2_copd_P47COPDMc_376.wav,1,2,2,2,0.004817350949626132,0.016037034892507167,0.7936764743401116,0.1685087562649369,0.016960383552818155
asthma_v2_copd_P47COPDPr_369.wav,1,2,2,2,0.17736575147553177,0.028892598673853114,0.6342998130906528,0.0032963655807475684,0.15614547117921437
asthma_v2_copd_P47COPDPr_371.wav,1,2,2,4,0.040656365862058015,0.1880624024980099,0.16096663066754718,0.0032641223034318564,0.6070504786689529
asthma_v2_copd_P47COPDPr_373.wav,1,2,2,2,0.029570495977566287,0.03219058581186283,0.9132027691510519,0.016216962115004025,0.008819186944515042
asthma_v2_copd_P47COPDPr_375.wav,1,2,2,2,0.0029723516237669186,0.04561302744395934,0.9214599084589502,0.023139288966775647,0.006815423506547985
asthma_v2_copd_P50COPDMc_394.wav,1,2,2,2,0.0002429228731147009,0.0018751902334705312,0.997046391242567,0.0004499790472182943,0.00038551660362946567
asthma_v2_copd_P50COPDMc_396.wav,1,2,2,2,0.002159090703014523,0.004999016355542771,0.9911153087947175,0.0006383098596912391,0.0010882742870338537
asthma_v2_copd_P50COPDMc_398.wav,1,2,2,2,0.0008747506116543393,0.0014626199731500673,0.9968089412782628,0.0003686217602750267,0.00048506637665758585
asthma_v2_copd_P50COPDMc_400.wav,1,2,2,2,0.000490993740102077,0.0007414153427592236,0.9984803639771652,0.00012718648646121771,0.00016004045351238668
asthma_v2_copd_P50COPDPr_393.wav,1,2,2,2,0.00026731399464285585,0.002449077225722393,0.9962455933408063,0.0005699281778205249,0.0004680872610079086
asthma_v2_copd_P50COPDPr_395.wav,1,2,2,2,0.0007291307618030941,0.0013558092649788253,0.9962352716130914,0.0010394924248616408,0.000640295935265394
asthma_v2_copd_P50COPDPr_397.wav,1,2,2,2,0.0027336679035163073,0.0004290940910163035,0.9951244461222706,0.0007932247573075883,0.0009195671258891106
asthma_v2_copd_P50COPDPr_399.wav,1,2,2,2,0.0021744764124532823,0.000879961290105328,0.9959827945354848,0.0004507235640876576,0.0005120441978689152
asthma_v2_copd_P51COPDPr_401.wav,1,2,2,2,7.530030777998242e-07,8.26336438215088e-07,0.9999687618475376,1.353950435826562e-05,1.6119308588147785e-05
asthma_v2_copd_P9COPDMc_66.wav,1,2,2,2,0.0018336036626932007,0.0001250851852929693,0.9972960025609414,7.95765923203097e-05,0.0006657319987520439
asthma_v2_copd_P9COPDMc_68.wav,1,2,2,2,0.00037471870993492493,0.00022126850906740474,0.9989404469636808,0.00012455972330766452,0.00033900609400970317
asthma_v2_copd_P9COPDMc_70.wav,1,2,2,2,4.6317725020435117e-07,3.7512036262201433e-07,0.999967894233231,7.964439284996244e-06,2.3303029871440933e-05
asthma_v2_copd_P9COPDMc_72.wav,1,2,2,2,0.001384285879234296,0.00022427391785588582,0.9977703201914996,0.00021029987199303285,0.00041082013941715333
asthma_v2_copd_P9COPDPr_65.wav,1,2,2,2,0.0012050907512852827,0.00011148135035536662,0.998020017683391,0.00013289642693394715,0.0005305137880344693
asthma_v2_copd_P9COPDPr_67.wav,1,2,2,2,0.008132509555922039,0.001187240713142402,0.9822967549511602,0.00013893685602785495,0.008244557923747335
asthma_v2_copd_P9COPDPr_69.wav,1,2,2,2,0.0009423973286957822,0.0002944453797314349,0.9982486645818417,0.00016810459501853336,0.0003463881147124516
asthma_v2_copd_P9COPDPr_71.wav,1,2,2,2,0.0005339477834494713,0.0002400149501316085,0.9990459220595947,8.685768914889924e-05,9.325751767515302e-05
asthma_v2_healthy_P18Healthy17S.wav,1,2,3,3,0.017505256000619772,0.001949114643192379,0.030931574101358387,0.9090840863962236,0.040529968858606165
asthma_v2_healthy_P18Healthy46S.wav,1,2,3,1,0.053393057214572666,0.6210362178395818,0.03010646762134738,0.1790664317561462,0.11639782556835197
asthma_v2_healthy_P18Healthy59S.wav,1,2,3,1,0.050304522185346964,0.7497036078458598,0.01650482867933515,0.08754377824823599,0.09594326304122221
asthma_v2_healthy_P18Healthy79S.wav,1,2,3,3,0.019176819748167023,0.00242317983839467,0.11025138793863831,0.8274646641228569,0.04068394835194319
asthma_v2_healthy_P18Healthy98S.wav,1,2,3,3,0.018805437444918364,0.0025966623449710045,0.08065038155837158,0.8363170130837957,0.06163050556794361
asthma_v2_healthy_P24Healthy51S.wav,1,2,3,3,0.0053030826433210915,0.005624750167609736,0.0016748274242229023,0.9382287488186432,0.049168590946203364
asthma_v2_healthy_P24Healthy58S.wav,1,2,3,3,0.004036456628134519,0.005851750874302722,0.001990691742796839,0.9763385002654957,0.011782600489270314
asthma_v2_healthy_P24Healthy62S.wav,1,2,3,3,0.007965501376651066,0.012919083747923665,0.5566762419400216,0.39026899100489404,0.032170181930509696
asthma_v2_healthy_P24Healthy63S.wav,1,2,3,3,0.018136374166334956,0.011796059316562205,0.3846011077637889,0.5251284716783955,0.060337987074918456
asthma_v2_healthy_P24Healthy95S.wav,1,2,3,3,0.013747446697342689,0.02549855508002442,0.44661989691727855,0.3913389282976882,0.12279517300766629
asthma_v2_healthy_P2Healthy30S.wav,1,2,3,3,0.01781452359207348,0.0036677035306249468,0.014975901800052817,0.5558155625441499,0.40772630853309877
asthma_v2_healthy_P2Healthy43S.wav,1,2,3,3,0.08063004783689891,0.024778069240148456,0.036949537332927156,0.7130171115709056,0.1446252340191194
asthma_v2_healthy_P2Healthy54S.wav,1,2,3,3,0.007495488477005857,0.08668829217657567,0.013153520309119524,0.8737333503829282,0.01892934865437026
asthma_v2_healthy_P2Healthy72S.wav,1,2,3,4,0.04085055354513299,0.004245085741509188,0.01817396825031899,0.12396020666885915,0.8127701857941799
asthma_v2_healthy_P2Healthy89S.wav,1,2,3,3,0.024458221765237265,0.00329494573696691,0.028322515780478643,0.557542827570998,0.3863814891463195
asthma_v2_healthy_P6Healthy21S.wav,1,2,3,0,0.3002646781879474,0.07184568143866767,0.3419578314735958,0.10670040771236937,0.17923140118741973
asthma_v2_healthy_P6Healthy34S.wav,1,2,3,3,0.16819059937615025,0.005896313903285328,0.02249975534448457,0.35758450614585185,0.4458288252302277
asthma_v2_healthy_P6Healthy51S.wav,1,2,3,4,0.31622846569300683,0.01037135924307259,0.019846734194927166,0.22551033915031377,0.42804310171867943
asthma_v2_healthy_P6Healthy71S.wav,1,2,3,3,0.037051696580639296,0.039713001048691035,0.06821801515664823,0.8195309238020471,0.03548636341197415
asthma_v2_healthy_P6Healthy77S.wav,1,2,3,4,0.21407218295647015,0.013567484128910427,0.06943563214394578,0.203955124389493,0.4989695763811805
asthma_v2_pneumonia_P12Pneumonia23P.wav,1,2,4,4,0.028916779679002903,0.028149228899164325,0.04234138429734592,0.018346465095499247,0.8822461420289873
asthma_v2_pneumonia_P12Pneumonia44H.wav,1,2,4,4,0.07467445170620951,0.02447352228522949,0.12064494784493217,0.012810173123594804,0.767396905040034
asthma_v2_pneumonia_P12Pneumonia45B.wav,1,2,4,4,0.10038707552171228,0.05247645289098442,0.19589941648405124,0.00854452883420164,0.6426925262690505
asthma_v2_pneumonia_P12Pneumonia46L.wav,1,2,4,4,0.4421594944415085,0.013309781870934262,0.0050038345136697,0.007630236197060436,0.5318966529768271
asthma_v2_pneumonia_P12Pneumonia59Q.wav,1,2,4,4,0.0831366386200706,0.016554019941542812,0.04572930613071906,0.00596900190524189,0.8486110334024256
asthma_v2_pneumonia_P12Pneumonia97E.wav,1,2,4,4,0.05666918991269287,0.02873371418285285,0.04653940905061254,0.048912355632681065,0.8191453312211607
asthma_v2_pneumonia_P18Pneumonia15Q.wav,1,2,4,4,0.020211475017226435,0.002480867641447662,0.00011346101649144737,0.0018956286407479615,0.9752985676840865
asthma_v2_pneumonia_P18Pneumonia16E.wav,1,2,4,4,0.051092462319485145,0.004661775256337737,0.00022674855782873156,0.0024920507596719846,0.941526963106676
asthma_v2_pneumonia_P18Pneumonia23E.wav,1,2,4,4,0.016133533004210925,0.002285733816518384,9.676252026805632e-05,0.0030768343719918254,0.9784071362870107
asthma_v2_pneumonia_P18Pneumonia50S.wav,1,2,4,4,0.06538869007755314,0.0021955338931446498,0.00019775256176308984,0.0007194056920167178,0.9314986177755225
asthma_v2_pneumonia_P18Pneumonia84N.wav,1,2,4,4,0.029999088847975364,0.0019166312398395712,0.0001190057861984746,0.0007291585088472771,0.9672361156171394
asthma_v2_pneumonia_P18Pneumonia88I.wav,1,2,4,4,0.052683572267697966,0.003822292971357033,0.00018049688504309647,0.0012594883839694999,0.9420541494919322
asthma_v2_pneumonia_P20Pneumonia27V.wav,1,2,4,4,0.2811533757856244,0.0013477221520012096,0.002272070878258373,0.03706895088802348,0.6781578802960928
asthma_v2_pneumonia_P20Pneumonia31P.wav,1,2,4,3,0.11299388130803434,0.004409376452163764,0.0036757111303355036,0.7215810086874548,0.15734002242201164
asthma_v2_pneumonia_P20Pneumonia37V.wav,1,2,4,3,0.11664700137004756,0.008481349714491021,0.006761859165621139,0.6479121821859964,0.22019760756384396
asthma_v2_pneumonia_P20Pneumonia42B.wav,1,2,4,4,0.16052626491993205,0.0012430950788676412,0.002259419632418976,0.15023106414670778,0.6857401562220736
asthma_v2_pneumonia_P20Pneumonia58T.wav,1,2,4,4,0.24678798642140695,0.0018484520068830427,0.0017840205036107105,0.21969467412089363,0.5298848669472053
asthma_v2_pneumonia_P20Pneumonia84L.wav,1,2,4,3,0.11102503438364618,0.004869358878363838,0.004928206430229811,0.6713911933442919,0.20778620696346836
asthma_v2_pneumonia_P24Pneumonia21G.wav,1,2,4,3,0.13914089395077844,0.2860904082897919,0.14088473390062473,0.22277573718410074,0.21110822667470436
asthma_v2_pneumonia_P24Pneumonia54A.wav,1,2,4,4,0.0865128859288469,0.0035218472469995803,0.002001686718505427,0.00128853843482042,0.9066750416708278
asthma_v2_pneumonia_P24Pneumonia67G.wav,1,2,4,4,0.035289771768865094,0.0021289718349964113,0.023829180268367594,0.019132842167624755,0.9196192339601459
asthma_v2_pneumonia_P24Pneumonia67Z.wav,1,2,4,4,0.20177669393910524,0.01942149919855926,0.0009724289335219129,0.01797710872685702,0.7598522692019566
asthma_v2_pneumonia_P24Pneumonia91X.wav,1,2,4,4,0.08007090457530268,0.004852846728904126,0.03730903159621194,0.048891114030622615,0.8288761030689586
asthma_v2_pneumonia_P24Pneumonia95T.wav,1,2,4,3,0.10950115576508683,0.30912495247710037,0.039400323168492596,0.4299502789591576,0.11202328963016281
asthma_v2_pneumonia_P28Pneumonia22W.wav,1,2,4,4,0.3066087640787304,0.028119864406524177,0.012258736558272535,0.0008751902853358264,0.6521374446711371
asthma_v2_pneumonia_P28Pneumonia43J.wav,1,2,4,3,0.020145719416542678,0.07399718584366556,0.05720454154636975,0.6263208745987443,0.22233167859467762
asthma_v2_pneumonia_P28Pneumonia56Y.wav,1,2,4,4,0.05818579439492643,0.02223680288516627,0.0028069352354245635,0.01624518198569354,0.900525285498789
asthma_v2_pneumonia_P28Pneumonia65J.wav,1,2,4,0,0.6218603104331122,0.08548239562263454,0.011962719602748358,0.002826305257967516,0.27786826908353734
asthma_v2_pneumonia_P28Pneumonia71A.wav,1,2,4,4,0.026902296967004406,0.005406419316082774,0.0008418843746412797,0.0010879882018166947,0.9657614111404551
asthma_v2_pneumonia_P28Pneumonia90E.wav,1,2,4,1,0.2840968392500894,0.36378574189132146,0.182266584821135,0.00424877290771077,0.16560206112974357
asthma_v2_pneumonia_P29Pneumonia14M.wav,1,2,4,4,0.07395329849277398,0.003720877843987042,0.0007287085084800048,0.0005009280902507151,0.921096187064508
asthma_v2_pneumonia_P29Pneumonia17N.wav,1,2,4,4,0.07723247233290678,0.009922582817455635,0.0012400104068676584,0.02722443141384923,0.8843805030289207
asthma_v2_pneumonia_P29Pneumonia18M.wav,1,2,4,4,0.02130919945609054,0.030444830960950162,0.0063272148060763925,0.07115449392395237,0.8707642608529308
asthma_v2_pneumonia_P29Pneumonia24X.wav,1,2,4,4,0.02348549738933873,0.002727331504029541,0.000338417530841899,0.001216618645409785,0.9722321349303797
asthma_v2_pneumonia_P29Pneumonia51O.wav,1,2,4,4,0.02503164596265808,0.01668169971731997,0.0013452812482158732,0.01255340392362455,0.9443879691481809
asthma_v2_pneumonia_P29Pneumonia82U.wav,1,2,4,4,0.049529952394266316,0.015057221623005691,0.0020206368460711833,0.01922160031160894,0.9141705888250481
asthma_v2_pneumonia_P41Pneumonia17O.wav,1,2,4,0,0.4638743708323883,0.0030992228759331767,0.03408215782213151,0.002776867675292431,0.4961673807942545
asthma_v2_pneumonia_P41Pneumonia25E.wav,1,2,4,2,0.2752328304592252,0.010071742233510319,0.6273595781039722,0.0013089850327082488,0.08602686417058387
asthma_v2_pneumonia_P41Pneumonia31S.wav,1,2,4,4,0.3662538294366381,0.0270528744848273,0.014717646159823601,0.052753419513235665,0.5392222304054755
asthma_v2_pneumonia_P41Pneumonia41D.wav,1,2,4,0,0.6570176791114842,0.006313009909390254,0.2430643420476647,0.0018789738679323529,0.09172599506352835
asthma_v2_pneumonia_P41Pneumonia71Q.wav,1,2,4,0,0.9041436249699667,0.001506482514551125,0.011577621242918695,0.006211833396208128,0.07656043787635504
asthma_v2_pneumonia_P41Pneumonia72U.wav,1,2,4,0,0.8861562845095466,0.01278842600636886,0.006557551834777381,0.0005026741800350651,0.09399506346927232
asthma_v2_pneumonia_P43Pneumonia24U.wav,1,2,4,2,0.00942696902831294,0.0025922422428964038,0.7489010748907406,0.18750361267354415,0.05157610116450602
asthma_v2_pneumonia_P43Pneumonia53X.wav,1,2,4,4,0.02356049492562107,0.005255387573678893,0.01348471244143158,0.017144518851229546,0.9405548862080386
asthma_v2_pneumonia_P43Pneumonia54I.wav,1,2,4,4,0.1680210051741409,0.005262086307482302,0.02274487195719473,0.00518627459358524,0.798785761967597
asthma_v2_pneumonia_P43Pneumonia73N.wav,1,2,4,4,0.12056192381434483,0.0042416703696849115,0.009355490259809763,0.004671040524624546,0.861169875031536
asthma_v2_pneumonia_P43Pneumonia88Y.wav,1,2,4,3,0.012422116024256196,0.0029144954846348757,0.5118315368620341,0.3462236293507625,0.12660822227831237
asthma_v2_pneumonia_P43Pneumonia89T.wav,1,2,4,3,0.009551237094115619,0.002535247303163589,0.6588248764351405,0.2195016570665009,0.10958698210107928
asthma_v2_pneumonia_P44Pneumonia36U.wav,1,2,4,4,0.06003143507436793,0.055998852749500956,0.10191639512757718,0.08296145117331205,0.699091865875242
asthma_v2_pneumonia_P44Pneumonia47J.wav,1,2,4,4,0.12056192381434483,0.0042416703696849115,0.009355490259809763,0.004671040524624546,0.861169875031536
asthma_v2_pneumonia_P44Pneumonia49B.wav,1,2,4,4,0.1680210051741409,0.005262086307482302,0.02274487195719473,0.00518627459358524,0.798785761967597
asthma_v2_pneumonia_P44Pneumonia59U.wav,1,2,4,4,0.039353914909942604,0.06283747985267558,0.014527925381484586,0.2209153911808467,0.6623652886750506
asthma_v2_pneumonia_P44Pneumonia65N.wav,1,2,4,4,0.03984032056408151,0.04642775123601769,0.009910030627728496,0.15420600755530411,0.7496158900168682
asthma_v2_pneumonia_P44Pneumonia71M.wav,1,2,4,4,0.02356049492562107,0.005255387573678893,0.01348471244143158,0.017144518851229546,0.9405548862080386
asthma_v2_pneumonia_P8Pneumonia11O.wav,1,2,4,0,0.5406438558840534,0.007073675701949266,0.006987914023364398,0.006705026846826823,0.43858952754380665
asthma_v2_pneumonia_P8Pneumonia14Z.wav,1,2,4,4,0.3024697918480982,0.009928208874723508,0.009899834889431247,0.011218554600442637,0.6664836097873045
asthma_v2_pneumonia_P8Pneumonia16Z.wav,1,2,4,3,0.02366464390230834,0.04400550990364991,0.051908008442983114,0.3484453965090614,0.5319764412419972
asthma_v2_pneumonia_P8Pneumonia20O.wav,1,2,4,4,0.03368699972241677,0.0019953506918947814,0.011942917064475011,0.002094729195737026,0.9502800033254765
asthma_v2_pneumonia_P8Pneumonia23N.wav,1,2,4,0,0.5980064780498084,0.005171706870005642,0.017393595819858516,0.009165185171041609,0.37026303408928596
asthma_v2_pneumonia_P8Pneumonia28V.wav,1,2,4,3,0.007961168075471184,0.01440405500318069,0.030911661437856345,0.8635799775409648,0.08314313794252692
asthma_v2_Bronchial_P10BronchialSc_46.wav,1,3,1,2,0.0014402679549392376,0.03602584787935206,0.9508346439157888,0.004841251565249316,0.006857988684670576
asthma_v2_Bronchial_P10BronchialSc_48.wav,1,3,1,2,0.000642764497203746,0.02874608577760253,0.9633108899982433,0.004453145510714681,0.0028471142162359566
asthma_v2_Bronchial_P10BronchialSc_50.wav,1,3,1,1,0.015861346100349453,0.9496700835300509,0.021180946432802262,0.008910751339975443,0.00437687259682206
asthma_v2_Bronchial_P10BronchialTc_47.wav,1,3,1,2,0.00035560836064846307,0.014002961370190865,0.9820978074275525,0.002225871886627777,0.0013177509549804854
asthma_v2_Bronchial_P10BronchialTc_49.wav,1,3,1,1,0.01515515813327419,0.957353303399379,0.01733603241188203,0.006195968871675979,0.003959537183788751
asthma_v2_Bronchial_P12BronchialSc_56.wav,1,3,1,0,0.9373744187087228,0.005494848739138618,0.0029430976886197138,0.0002860418385806764,0.0539015930249383
asthma_v2_Bronchial_P12BronchialSc_58.wav,1,3,1,0,0.9223983492287894,0.008363580398576854,0.04414065033265764,0.008132252163491824,0.016965167876484794
asthma_v2_Bronchial_P12BronchialSc_60.wav,1,3,1,0,0.6588598309666586,0.02769998281566709,0.016868603772307644,0.15249578788816606,0.14407579455720088
asthma_v2_Bronchial_P12BronchialTc_57.wav,1,3,1,0,0.9568487573872497,0.005292495910534011,0.002666078770273222,0.0001892842009489803,0.03500338373099434
asthma_v2_Bronchial_P12BronchialTc_59.wav,1,3,1,0,0.8572914688278662,0.02351839904230002,0.008448269446255048,0.0008502643445337824,0.1098915983390452
asthma_v2_Bronchial_P2BronchialSc_10.wav,1,3,1,1,0.019306735689213747,0.9237016726813573,0.031726688821910494,0.01882989388204835,0.006435008925470179
asthma_v2_Bronchial_P2BronchialSc_6.wav,1,3,1,1,0.028604995015308363,0.9156973813069259,0.04070037097738348,0.00794206904037847,0.007055183660003749
asthma_v2_Bronchial_P2BronchialSc_8.wav,1,3,1,1,0.012476007635322129,0.9302808108947452,0.00396438875543791,0.0236870361396654,0.02959175657482931
asthma_v2_Bronchial_P2BronchialTc_7.wav,1,3,1,1,0.06959200236926423,0.7385384190156542,0.050916260269027354,0.08053451443348728,0.06041880391256695
asthma_v2_Bronchial_P2BronchialTc_9.wav,1,3,1,1,0.01485907823879969,0.8964873059838854,0.013079610379979194,0.04317656042463257,0.032397444972702846
asthma_v2_Bronchial_P5BronchialSc_22.wav,1,3,1,3,0.013639719698513448,0.1819663751629677,0.3068359059426702,0.42617738878349043,0.07138061041235866
asthma_v2_Bronchial_P5BronchialSc_24.wav,1,3,1,2,0.008865589569999586,0.1322786165128226,0.7948157358163098,0.04046975239335047,0.02357030570751775
asthma_v2_Bronchial_P5BronchialTc_21.wav,1,3,1,1,0.0033354030187112685,0.934907057232422,0.001983744298872419,0.04486308380953516,0.014910711640459103
asthma_v2_Bronchial_P5BronchialTc_23.wav,1,3,1,2,0.010572198928165185,0.21696674392124693,0.6244870698221147,0.10015756465170979,0.04781642267676361
asthma_v2_Bronchial_P5BronchialTc_25.wav,1,3,1,2,0.02515903153814517,0.10306568760910766,0.8385391206660535,0.016157419976245133,0.017078740210448487
asthma_v2_asthma_P10AsthmaIE_49.wav,1,3,0,0,0.8035208447268966,0.001333954732474989,0.011968049949818859,0.001792678434518207,0.1813844721562914
asthma_v2_asthma_P10AsthmaIU_46.wav,1,3,0,0,0.9251747617744871,0.005895499183768679,0.0066994331342084094,0.00042954600638561225,0.061800759901150346
asthma_v2_asthma_P10AsthmaIU_50.wav,1,3,0,0,0.8412929794733545,0.054853099005984896,0.011391745525372686,0.0018920602378140045,0.09057011575747402
asthma_v2_asthma_P10AsthmaRL_47.wav,1,3,0,0,0.9472426887977335,0.001191454109740698,0.006409823035716635,0.00047224506729859534,0.04468378898951058
asthma_v2_asthma_P10AsthmaRS_48.wav,1,3,0,0,0.9509380439952111,0.005053468806431368,0.005099106287224577,0.0003069758473197984,0.03860240506381316
asthma_v2_asthma_P11WheezingIE_53.wav,1,3,0,0,0.7201707787646634,0.0760493141628496,0.016277730970086633,0.003942562696270498,0.18355961340613014
asthma_v2_asthma_P11WheezingIU_54.wav,1,3,0,0,0.683080359363524,0.03519568272211292,0.009842892419410701,0.004214036173932931,0.2676670293210195
asthma_v2_asthma_P11WheezingRL_51.wav,1,3,0,0,0.8785000772548792,0.024273409169806234,0.008646353417258891,0.0006026953226602864,0.08797746483539541
asthma_v2_asthma_P11WheezingRL_55.wav,1,3,0,0,0.6297747855392035,0.20829719567979027,0.03803919559465209,0.04253788825909102,0.08135093492726338
asthma_v2_asthma_P11WheezingRS_52.wav,1,3,0,0,0.6740909030824425,0.22049331120483961,0.019758512676227684,0.0202547952821825,0.06540247775430776
asthma_v2_asthma_P17WheezingIE_81.wav,1,3,0,0,0.8671773693964998,0.004747836442111483,0.009347522724088187,0.0007109264879809925,0.11801634494931978
asthma_v2_asthma_P17WheezingIE_85.wav,1,3,0,4,0.41638139122582396,0.005671695872511728,0.09613033997176222,0.0027304376293056385,0.47908613530059607
asthma_v2_asthma_P17WheezingIU_82.wav,1,3,0,0,0.8581605014739719,0.004728512854760568,0.008720714863883655,0.0009689193226292073,0.12742135148475472
asthma_v2_asthma_P17WheezingRL_83.wav,1,3,0,0,0.9558655690178197,0.0032997843213589373,0.004273797973065767,0.0003628695497062526,0.03619797913804929
asthma_v2_asthma_P17WheezingRS_84.wav,1,3,0,0,0.9477114671532176,0.001791898770048941,0.004135310359780137,0.0003806079166926515,0.045980715800260266
asthma_v2_asthma_P24WheezingIE_117.wav,1,3,0,0,0.7743004666033755,0.002164285792586173,0.08585001475350305,0.00035817370236751033,0.13732705914816773
asthma_v2_asthma_P24WheezingIU_118.wav,1,3,0,0,0.7351798072143916,0.00982517070059672,0.020184176934363363,0.008952880466226184,0.22585796468442182
asthma_v2_asthma_P24WheezingRL_119.wav,1,3,0,0,0.9503142469478871,0.0038617341912205528,0.002146224680789591,0.00014199846709340752,0.04353579571300891
asthma_v2_asthma_P24WheezingRS_116.wav,1,3,0,0,0.8767903376900158,0.010111061469357526,0.010308729496613172,0.0019136729902218858,0.10087619835379127
asthma_v2_asthma_P24WheezingRS_120.wav,1,3,0,0,0.3965305084155313,0.03293488772465819,0.20528334903674791,0.008042391214213771,0.35720886360884846
asthma_v2_asthma_P33WheezingIE_161.wav,1,3,0,0,0.6263248135825897,0.026555018570463395,0.00868264998774282,0.010771254526412853,0.32766626333279153
asthma_v2_asthma_P33WheezingIE_165.wav,1,3,0,1,0.399568897554955,0.508625775871386,0.040454094277083866,0.004524026029660813,0.04682720626691428
asthma_v2_asthma_P33WheezingIU_162.wav,1,3,0,0,0.5448200784743112,0.029140035966441505,0.14464847934836597,0.003250699180405347,0.27814070703047583
asthma_v2_asthma_P33WheezingRL_163.wav,1,3,0,0,0.7413806358518186,0.014770309514484999,0.06510168749428581,0.001581685706139965,0.17716568143327077
asthma_v2_asthma_P33WheezingRS_164.wav,1,3,0,0,0.7956263756936189,0.008418297251399372,0.06359731002234227,0.0017150737497409506,0.13064294328289885
asthma_v2_asthma_P34WheezingIE_169.wav,1,3,0,0,0.9690142129218697,0.0016908373799670957,0.001280576663758548,0.0021094588298346292,0.025904914204570015
asthma_v2_asthma_P34WheezingIU_166.wav,1,3,0,0,0.7457207984791806,0.026184774767824073,0.009414646185445796,0.0005488110828622451,0.2181309694846875
asthma_v2_asthma_P34WheezingIU_170.wav,1,3,0,0,0.9231559485197005,0.006934090456932962,0.0040657832910881014,0.0005113575059853508,0.06533282022629287
asthma_v2_asthma_P34WheezingRL_167.wav,1,3,0,0,0.9782374292558897,0.006088255562822446,0.0011276041008298212,0.0004621448401452692,0.014084566240312674
asthma_v2_asthma_P34WheezingRS_168.wav,1,3,0,0,0.9492388157401547,0.00629659215541369,0.002308642911858858,0.0025234323322819163,0.03963251686029125
asthma_v2_asthma_P43WheezingIE_213.wav,1,3,0,0,0.5917786622685473,0.010701655305363387,0.3717512108035671,0.013247868797498894,0.012520602825023474
asthma_v2_asthma_P43WheezingIU_214.wav,1,3,0,0,0.7456552544369883,0.002708607241694857,0.22743628722148593,0.003900218350904992,0.02029963274892585
asthma_v2_asthma_P43WheezingRL_211.wav,1,3,0,0,0.492883572059042,0.011041966971487209,0.4693979763229842,0.007381349824113888,0.019295134822372578
asthma_v2_asthma_P43WheezingRL_215.wav,1,3,0,0,0.9473099457764045,0.0007090321140553734,0.03008822082428337,0.0002439716306280363,0.02164882965462879
asthma_v2_asthma_P43WheezingRS_212.wav,1,3,0,0,0.8929243094915562,0.01859048085129567,0.06538034200077374,0.004122420760827782,0.018982446895546547
asthma_v2_asthma_P4AsthmaIE_17.wav,1,3,0,0,0.9210900918301891,0.006696067588076945,0.0051904028256177315,0.00036160890775369114,0.06666182884836257
asthma_v2_asthma_P4AsthmaIU_18.wav,1,3,0,0,0.9342677047698208,0.00855422595222809,0.004381185642753796,0.0005001645168341657,0.052296719118363394
asthma_v2_asthma_P4AsthmaRL_19.wav,1,3,0,0,0.9393871163890489,0.0069481249974876124,0.0036516416695854806,0.00046456752878349533,0.04954854941509431
asthma_v2_asthma_P4AsthmaRS_16.wav,1,3,0,0,0.9455625873641383,0.007527471297722348,0.004012539344690321,0.00025237756516826145,0.04264502442828061
asthma_v2_asthma_P4AsthmaRS_20.wav,1,3,0,0,0.8941210579695815,0.008311918357625913,0.00784126918885407,0.0007272543725775341,0.08899850011136111
asthma_v2_asthma_P51WheezingIE_253.wav,1,3,0,0,0.7468870430679,0.006210601519953553,0.189539207405926,0.002742173597360038,0.05462097440886039
asthma_v2_asthma_P51WheezingIU_254.wav,1,3,0,0,0.813552916714689,0.12380402629341335,0.03633229723386564,0.0010968315680062856,0.025213928190025627
asthma_v2_asthma_P51WheezingRL_251.wav,1,3,0,0,0.6179720253772443,0.019368360701646957,0.23539618503541732,0.005445002785118235,0.12181842610057332
asthma_v2_asthma_P51WheezingRL_255.wav,1,3,0,0,0.8813479160871919,0.0226872851869537,0.030003330495719998,0.0011764485186980022,0.06478501971143655
asthma_v2_asthma_P51WheezingRS_252.wav,1,3,0,0,0.681812891683583,0.010031308921092063,0.2588684361156393,0.0016843837864405076,0.04760297949324543
asthma_v2_asthma_P54WheezingIE_269.wav,1,3,0,1,0.09115169845131887,0.4681922265933188,0.10435424907981068,0.04304072265080187,0.2932611032247496
asthma_v2_asthma_P54WheezingIU_266.wav,1,3,0,3,0.009703045889395573,0.18985532727183543,0.05783492057475756,0.6307252613926528,0.1118814448713587
asthma_v2_asthma_P54WheezingIU_270.wav,1,3,0,3,0.07209437241822984,0.24064882932263568,0.04444077194278223,0.3567283663001788,0.2860876600161734
asthma_v2_asthma_P54WheezingRL_267.wav,1,3,0,3,0.012193496591203749,0.1335649521504206,0.03175887201463955,0.7170488158159767,0.10543386342775911
asthma_v2_asthma_P54WheezingRS_268.wav,1,3,0,3,0.034491433964784574,0.256439779016559,0.052440805375209815,0.4357847832150648,0.2208431984283821
asthma_v2_asthma_P56WheezingIE_277.wav,1,3,0,4,0.16147516391295866,0.0040821928000587945,0.004539439481534709,0.0005474362470159612,0.829355767558432
asthma_v2_asthma_P56WheezingIU_278.wav,1,3,0,4,0.26815204425400196,0.01645886747798958,0.001599144658128274,0.002395601219474101,0.7113943423904058
asthma_v2_asthma_P56WheezingRL_279.wav,1,3,0,0,0.37840909144362206,0.2603227493827695,0.19093240551355775,0.009807911301154937,0.16052784235889594
asthma_v2_asthma_P56WheezingRS_276.wav,1,3,0,0,0.34517196241518167,0.13020196523913155,0.256327530317961,0.02331079814300966,0.24498774388471609
asthma_v2_asthma_P56WheezingRS_280.wav,1,3,0,3,0.23085521821564106,0.002071221237739157,0.006366725002037949,0.2503699610775909,0.5103368744669909
asthma_v2_copd_P11COPDMc_82.wav,1,3,2,0,0.732615502437906,0.019010844590653865,0.046848983219965445,0.0035742681164030424,0.19795040163507197
asthma_v2_copd_P11COPDMc_84.wav,1,3,2,2,0.06344149317081937,0.004729844276487956,0.9283852959324568,0.0014157332479295432,0.0020276333723063134
asthma_v2_copd_P11COPDMc_86.wav,1,3,2,2,0.14005073543502908,0.06791737377605865,0.7301721752273338,0.018419132039684594,0.04344058352189375
asthma_v2_copd_P11COPDMc_88.wav,1,3,2,2,0.013122548451120684,0.0046612856484909565,0.979598802116758,0.00211422672516573,0.0005031370584648505
asthma_v2_copd_P11COPDPr_81.wav,1,3,2,0,0.8161141545886327,0.055560479252551094,0.041762049584099376,0.0028194335635355096,0.08374388301118112
asthma_v2_copd_P11COPDPr_83.wav,1,3,2,2,0.11195577617214365,0.11331566783550662,0.7583006531860669,0.004590878326770554,0.011837024479512182
asthma_v2_copd_P11COPDPr_85.wav,1,3,2,2,0.2576308483352813,0.1439863516368958,0.5570937111640464,0.008416479314149827,0.032872609549626834
asthma_v2_copd_P11COPDPr_87.wav,1,3,2,2,0.0038868283397911064,0.010187005061122892,0.9847605383531494,0.0008913902435483185,0.00027423800238812334
asthma_v2_copd_P12COPDMc_90.wav,1,3,2,2,0.02563108916557323,0.037169637213011336,0.9298065173915094,0.004740524882370706,0.0026522313475350456
asthma_v2_copd_P12COPDMc_92.wav,1,3,2,2,0.024500353956891506,0.037936524936298455,0.9332601370604919,0.0021071698017820616,0.0021958142445360805
asthma_v2_copd_P12COPDMc_94.wav,1,3,2,2,0.026447077010109402,0.06456067092434756,0.9048764311887241,0.0026045844821127955,0.0015112363947062334
asthma_v2_copd_P12COPDMc_96.wav,1,3,2,2,2.8246706113774883e-07,6.16387322905479e-07,0.9999507333967992,3.852028343515329e-05,9.847465381628104e-06
asthma_v2_copd_P12COPDPr_89.wav,1,3,2,2,0.009595659631467367,0.009923207949624476,0.9791617049727408,0.0007942660267897206,0.0005251614193776204
asthma_v2_copd_P12COPDPr_91.wav,1,3,2,2,0.08176782158998133,0.034750557269521316,0.8784458333349755,0.0035170527284727254,0.001518735077049141
asthma_v2_copd_P12COPDPr_93.wav,1,3,2,0,0.15108411386495935,0.3318851081496876,0.48180816200699833,0.018640362276236645,0.01658225370211787
asthma_v2_copd_P12COPDPr_95.wav,1,3,2,2,0.0019475980679154886,0.0032987522061201386,0.9926635476851517,0.0015927514887205726,0.0004973505520921591
asthma_v2_copd_P17COPDMc_130.wav,1,3,2,2,0.00045825749899158324,4.7121831331741726e-05,0.9990151999803923,0.00035043345401877883,0.0001289872352655722
asthma_v2_copd_P17COPDMc_132.wav,1,3,2,2,0.0014056662405476815,0.00010704172073179167,0.9976602664861983,0.00018283915158571736,0.0006441864009365765
asthma_v2_copd_P17COPDMc_134.wav,1,3,2,2,0.0033799967866209434,0.00022829617005556315,0.9930278869019695,0.0005143788910628745,0.002849441250290962
asthma_v2_copd_P17COPDMc_136.wav,1,3,2,2,0.005994802765271248,0.0010491392407632086,0.990055940167996,0.0007601841225276136,0.0021399337034419836
asthma_v2_copd_P17COPDPr_129.wav,1,3,2,2,0.0008991622817149971,3.389982044590452e-05,0.9987079398782193,0.00011025386488725066,0.00024874415473276205
asthma_v2_copd_P17COPDPr_131.wav,1,3,2,2,0.0041579437690723075,0.0005102932921716739,0.9903487250769965,0.003926985012246293,0.0010560528495134787
asthma_v2_copd_P17COPDPr_133.wav,1,3,2,2,0.002740836530240556,0.00020279336988593668,0.9948507143009412,0.00042964377927244226,0.0017760120196598603
asthma_v2_copd_P17COPDPr_135.wav,1,3,2,2,0.005014780571832804,0.0008732801147918132,0.9911301861690578,0.0006776144717742785,0.002304138672543111
asthma_v2_copd_P24COPDMc_186.wav,1,3,2,2,0.002335316412023364,0.0006540892477334615,0.9887304925469292,0.002031705335017991,0.006248396458295892
asthma_v2_copd_P24COPDMc_188.wav,1,3,2,2,0.007505804186598042,0.01224648573693249,0.8680370076444875,0.0879801623514334,0.02423054008054839
asthma_v2_copd_P24COPDMc_190.wav,1,3,2,3,0.004462339975308808,0.010154409910989835,0.6806935294477159,0.25168731643871284,0.053002404227272586
asthma_v2_copd_P24COPDMc_192.wav,1,3,2,2,0.0009446992507825078,0.0001789777398064881,0.9956351169959204,0.0016845288529842442,0.0015566771605060809
asthma_v2_copd_P24COPDPr_185.wav,1,3,2,2,0.004081494788587181,0.0011706402100319553,0.9743469828737618,0.002645073449281184,0.017755808678338047
asthma_v2_copd_P24COPDPr_187.wav,1,3,2,2,0.0024817928740232245,0.0004669214798717595,0.9809455479685125,0.0022077540132943232,0.013897983664298442
asthma_v2_copd_P24COPDPr_189.wav,1,3,2,3,0.015468253165842064,0.015652828167572946,0.5193153092571579,0.2397926813044514,0.20977092810497605
asthma_v2_copd_P24COPDPr_191.wav,1,3,2,2,0.0003735644384613244,0.0001320389514875873,0.9985593308450734,0.0006355550379660837,0.0002995107270112752
asthma_v2_copd_P25COPDMc_194.wav,1,3,2,2,0.00016754777216619948,0.0007268176202818061,0.9940953750339531,0.004681929229627597,0.00032833034397161166
asthma_v2_copd_P25COPDMc_196.wav,1,3,2,2,0.0003186876149362914,0.0007688119203931355,0.9870824770980159,0.011092404501228113,0.0007376188654265203
asthma_v2_copd_P25COPDMc_198.wav,1,3,2,2,0.0018683585697268055,0.0009077862493299066,0.995851506226798,0.0009171588450308683,0.0004551901091147018
asthma_v2_copd_P25COPDMc_200.wav,1,3,2,2,0.0003524845777212448,0.0001862667276273075,0.9991212664377022,0.00016967130914059445,0.00017031094780916935
asthma_v2_copd_P25COPDPr_193.wav,1,3,2,2,0.0008023325430243639,0.00018260847109683478,0.9947262154577564,0.0034570448700048445,0.0008317986581177562
asthma_v2_copd_P25COPDPr_195.wav,1,3,2,2,0.00022318040253267924,0.0008622834285260179,0.9872730260007647,0.010819723788830591,0.0008217863793457735
asthma_v2_copd_P25COPDPr_197.wav,1,3,2,2,0.0009511419499805657,0.00036975601429125183,0.9967960289565284,0.0015671319382882002,0.0003159411409114521
asthma_v2_copd_P25COPDPr_199.wav,1,3,2,2,0.0012668502314267822,0.000645884658053612,0.9968416076543118,0.0009085522983347333,0.0003371051578730421
asthma_v2_copd_P26COPDMc_202.wav,1,3,2,2,1.8134121099477948e-07,1.9268743470937683e-07,0.9997711864336185,0.00012482634883409301,0.00010361318890169797
asthma_v2_copd_P26COPDMc_204.wav,1,3,2,2,0.000480387984014798,5.875291930084745e-05,0.9990735805323188,0.000235175798691183,0.00015210276567418949
asthma_v2_copd_P26COPDMc_206.wav,1,3,2,2,0.0037131628327227643,0.002830914270242706,0.9898805821894159,0.0007783507121279199,0.002796989995490634
asthma_v2_copd_P26COPDMc_208.wav,1,3,2,2,0.0042153738457604804,0.00250137774820229,0.988272619292941,0.0018861713285828583,0.003124457784513337
asthma_v2_copd_P26COPDPr_201.wav,1,3,2,2,1.0522766265557804e-07,1.2686179841919205e-07,0.9998355505641624,9.131778933431566e-05,7.289955704214498e-05
asthma_v2_copd_P26COPDPr_203.wav,1,3,2,2,2.9059900564207677e-07,2.5926395760693427e-07,0.9998890581491203,8.441930840144512e-05,2.5972679514972236e-05
asthma_v2_copd_P26COPDPr_205.wav,1,3,2,2,0.00038099235103265366,7.675347814760284e-05,0.9993355812545817,8.548271198459276e-05,0.0001211902042535006
asthma_v2_copd_P26COPDPr_207.wav,1,3,2,2,0.0028816630304228682,0.001779114877119882,0.9916175596477227,0.0005802673938112056,0.0031413950509232395
asthma_v2_copd_P38COPDMc_298.wav,1,3,2,2,0.2720493596399742,0.012150992533963826,0.6623416563363752,0.002447606997823401,0.05101038449186356
asthma_v2_copd_P38COPDMc_300.wav,1,3,2,2,0.010928560601521396,0.002361283122251001,0.9819479589219425,0.0016753817499954025,0.0030868156042898717
asthma_v2_copd_P38COPDMc_302.wav,1,3,2,2,0.016813265077332266,0.0028797538138550425,0.9718708246733687,0.004131356777506405,0.004304799657937431
asthma_v2_copd_P38COPDMc_304.wav,1,3,2,2,0.01405018817709015,0.0004236532307145869,0.9529776195102377,0.010695311939846618,0.021853227142110816
asthma_v2_copd_P38COPDPr_297.wav,1,3,2,2,0.07671504931407507,0.00455542619852736,0.8921203890481468,0.0010074553367719833,0.02560168010247886
asthma_v2_copd_P38COPDPr_299.wav,1,3,2,2,0.11546918306681271,0.00724868235101136,0.8390050119788661,0.00294697898679392,0.035330143616515874
asthma_v2_copd_P38COPDPr_301.wav,1,3,2,2,0.021463066575269925,0.006494087150007225,0.9656350155552376,0.0015797004561125046,0.004828130263372613
asthma_v2_copd_P38COPDPr_303.wav,1,3,2,2,0.05251574537227217,0.002286824454320914,0.9064204048337261,0.008841010646684843,0.029936014692995856
asthma_v2_copd_P42COPDMc_330.wav,1,3,2,2,0.0005459661023597423,9.807093916795631e-05,0.9991183477808383,0.00014866360452348476,8.895157311046785e-05
asthma_v2_copd_P42COPDMc_332.wav,1,3,2,2,4.79000052093379e-07,4.669281923006784e-07,0.9995773636915163,0.0002602743450652752,0.00016141603517403548
asthma_v2_copd_P42COPDMc_334.wav,1,3,2,2,0.000552723891168738,0.0003616467416330397,0.9891298477814835,0.00883789154878462,0.0011178900369298844
asthma_v2_copd_P42COPDMc_336.wav,1,3,2,2,0.0022220110956912282,0.0007420286710890146,0.9876975014827788,0.003628006086811637,0.005710452663629186
asthma_v2_copd_P42COPDPr_329.wav,1,3,2,2,0.0007056898241692299,0.00034963838066989387,0.998147308317911,0.0004520116501795822,0.000345351827070327
asthma_v2_copd_P42COPDPr_331.wav,1,3,2,2,5.525092930672803e-07,6.782158200931644e-07,0.9993927203375933,0.0004923467221212111,0.00011370221517227238
asthma_v2_copd_P42COPDPr_333.wav,1,3,2,2,5.725135442032727e-07,5.23904076669201e-07,0.999164002771366,0.0006424418139528074,0.00019245899706028132
asthma_v2_copd_P42COPDPr_335.wav,1,3,2,2,0.0017785525054697926,0.000686694289639479,0.9907342639781225,0.0021854392657477983,0.004615049961020327
asthma_v2_copd_P45COPDMc_354.wav,1,3,2,2,0.001291424849054951,0.0007658031891816742,0.9631721838534428,0.006020345943464795,0.028750242164855628
asthma_v2_copd_P45COPDMc_356.wav,1,3,2,2,6.975259283106176e-07,4.918118778110986e-07,0.999125010215232,0.0006621275232106253,0.00021167292375131745
asthma_v2_copd_P45COPDMc_358.wav,1,3,2,3,0.0720369946905211,0.03377067706574064,0.4007259898497197,0.3991896758580643,0.09427666253595422
asthma_v2_copd_P45COPDMc_360.wav,1,3,2,3,0.025318868473096445,0.007098330969726512,0.3759990148090397,0.361013667606049,0.23057011814208875
asthma_v2_copd_P45COPDPr_353.wav,1,3,2,2,0.0005136653201777431,0.0005261934538573518,0.9861694538923326,0.0019715185223218427,0.010819168811310355
asthma_v2_copd_P45COPDPr_355.wav,1,3,2,2,7.606243180961182e-08,6.474865592227961e-08,0.9997446456787892,0.0002061962112982172,4.901729882495145e-05
asthma_v2_copd_P45COPDPr_357.wav,1,3,2,2,8.218608644619509e-08,6.506673030238065e-08,0.9997499219009529,0.00019437313097343356,5.5557715256892644e-05
asthma_v2_copd_P45COPDPr_359.wav,1,3,2,3,0.023920236679149737,0.006911354960967403,0.3459009484913867,0.42317679337020814,0.20009066649828813
asthma_v2_copd_P49COPDMc_386.wav,1,3,2,2,0.0004591020322904783,0.00129823907903146,0.9560088391189056,0.019828442118355216,0.02240537765141737
asthma_v2_copd_P49COPDMc_388.wav,1,3,2,2,0.00024186946948415077,0.000833447323407757,0.9611357109608595,0.01857065136306129,0.01921832088318748
asthma_v2_copd_P49COPDMc_390.wav,1,3,2,2,0.00015405192713951741,0.001677914141015499,0.9593096430544092,0.033047508763066225,0.005810882114369371
asthma_v2_copd_P49COPDMc_392.wav,1,3,2,2,0.0003039630103122891,0.0007204543731173761,0.9983316096663549,0.00044286882095359955,0.00020110412926211866
asthma_v2_copd_P49COPDPr_385.wav,1,3,2,2,0.0008249030995015252,0.0010592661758085052,0.9957625830651531,0.0013947190485156568,0.0009585286110210085
asthma_v2_copd_P49COPDPr_387.wav,1,3,2,2,0.00029729208560799975,0.0014205534450187104,0.9684234489215865,0.017832678348452,0.01202602719933482
asthma_v2_copd_P49COPDPr_389.wav,1,3,2,2,0.00024084257593296818,0.0013621487665483292,0.9675944659363277,0.0206311598881673,0.010171382833023844
asthma_v2_copd_P49COPDPr_391.wav,1,3,2,2,0.000291303200573049,0.0006934847921409457,0.9985863788252733,0.00026942167360887934,0.00015941150840340836
asthma_v2_copd_P6COPDMc_42.wav,1,3,2,2,0.003088117331925304,0.0006164220697541368,0.9904007674605818,0.002799300040052278,0.003095393097686343
asthma_v2_copd_P6COPDMc_44.wav,1,3,2,2,0.0015100719980844935,0.00038773390916680556,0.9913599481312728,0.0024095054014094787,0.004332740560066491
asthma_v2_copd_P6COPDMc_46.wav,1,3,2,2,0.016007724357397557,0.0027500434393765327,0.9023384941429381,0.0215206928848586,0.05738304517542903
asthma_v2_copd_P6COPDMc_48.wav,1,3,2,4,0.02407087285699231,0.0021713517003027613,0.14563905020990806,0.06879663805379693,0.7593220871790001
asthma_v2_copd_P6COPDPr_41.wav,1,3,2,2,0.004358732109245988,0.0005758723795777374,0.9819063841188047,0.0036477499463826377,0.009511261445988965
asthma_v2_copd_P6COPDPr_43.wav,1,3,2,2,0.0027609397084754055,0.000499064801262952,0.9838896413488801,0.004878472245200777,0.007971881896180939
asthma_v2_copd_P6COPDPr_45.wav,1,3,2,4,0.12516046778786794,0.005225645281100802,0.24921746269507983,0.06781650112594385,0.5525799231100075
asthma_v2_copd_P6COPDPr_47.wav,1,3,2,2,0.029822998005859844,0.002824593662496234,0.9096449235607433,0.019279855719561284,0.03842762905133924
asthma_v2_healthy_P10Healthy10S.wav,1,3,3,4,0.0834862593127177,0.003926656092811758,0.03169370075279108,0.022352819027326932,0.8585405648143527
asthma_v2_healthy_P10Healthy14S.wav,1,3,3,4,0.27629231741147703,0.0011402440387570478,0.014384380777314435,0.010776086630486901,0.6974069711419648
asthma_v2_healthy_P10Healthy61S.wav,1,3,3,3,0.0237858446785099,0.006345120201474132,0.04330785264586467,0.28891695606926043,0.637644226404891
asthma_v2_healthy_P10Healthy65S.wav,1,3,3,3,0.0201448986515337,0.001382283492857462,0.0060806886640684685,0.3679190281976909,0.6044731009938493
asthma_v2_healthy_P10Healthy93S.wav,1,3,3,4,0.06087607725434687,0.001516345679725101,0.018701885813755675,0.02935775487987893,0.8895479363722932
asthma_v2_healthy_P13Healthy28S.wav,1,3,3,3,0.0056881063496031755,0.006736623552207196,0.024506790763440554,0.9442837275241628,0.018784751810586236
asthma_v2_healthy_P13Healthy42S.wav,1,3,3,3,0.0035897705278676814,0.0026523266226958944,0.021127154282862763,0.9649652935727405,0.007665454993833021
asthma_v2_healthy_P13Healthy48S.wav,1,3,3,3,0.0221209183750415,0.028209084268347007,0.07395922310512673,0.84653994126312,0.029170832988365297
asthma_v2_healthy_P13Healthy53S.wav,1,3,3,3,0.056776016220474866,0.16588675752953344,0.14271735929840573,0.5824231344844835,0.05219673246710257
asthma_v2_healthy_P13Healthy69S.wav,1,3,3,3,0.023127324783373593,0.02437173078999255,0.018809155006440304,0.8131128122844778,0.1205789771357157
asthma_v2_healthy_P21Healthy15S.wav,1,3,3,3,0.03462547099753235,0.006376586752739383,0.012760950775310061,0.6818060175081311,0.26443097396628695
asthma_v2_healthy_P21Healthy38S.wav,1,3,3,3,0.03715076961088554,0.007308116784034367,0.011307074861494393,0.609546924021402,0.33468711472218426
asthma_v2_healthy_P21Healthy53S.wav,1,3,3,3,0.035070104720341284,0.01043038656383529,0.024672915638780265,0.7182775722393774,0.21154902083766602
asthma_v2_healthy_P21Healthy95S.wav,1,3,3,3,0.09575104222038,0.008281334799179528,0.0021726365072198724,0.8526421758142787,0.04115281065894156
asthma_v2_healthy_P21Healthy98S.wav,1,3,3,3,0.3042029554122108,0.014419203298070496,0.01000017752100304,0.5545621606877594,0.11681550308095633
asthma_v2_healthy_P3Healthy44S.wav,1,3,3,3,0.005053729218936617,0.0036373916864257793,0.01818492382425742,0.9632578553563791,0.009866099914000845
asthma_v2_healthy_P3Healthy49S.wav,1,3,3,3,0.009224981073752815,0.03813713879681082,0.011391491449069679,0.8570304875300425,0.08421590115032408
asthma_v2_healthy_P3Healthy57S.wav,1,3,3,3,0.02262457276742527,0.026313784921502412,0.0055776884815661185,0.8965219537907829,0.04896200003872298
asthma_v2_healthy_P3Healthy60S.wav,1,3,3,3,0.00479062769536813,0.04740465181230043,0.008780809148454277,0.8616268164441293,0.07739709489974805
asthma_v2_healthy_P3Healthy84S.wav,1,3,3,3,0.002728368520096007,0.016872843597984993,0.012396204114228435,0.9099426109901995,0.058059972777490844
asthma_v2_healthy_P5Healthy10S.wav,1,3,3,3,0.0059219483953121925,0.012105893301742712,0.0042060512576887485,0.8252262546237126,0.15253985242154378
asthma_v2_healthy_P5Healthy57S.wav,1,3,3,3,0.011411343803381612,0.0009830448724377394,0.007300598170799497,0.7993824910603428,0.18092252209303844
asthma_v2_healthy_P5Healthy87S.wav,1,3,3,3,0.006594632429546708,0.02492233999809559,0.01584897788086308,0.9085337745651595,0.04410027512633541
asthma_v2_healthy_P5Healthy92S.wav,1,3,3,3,0.0021797482980333914,0.0010973969912041117,0.0055850437053395355,0.9636452110524859,0.02749259995293703
asthma_v2_healthy_P5Healthy96S.wav,1,3,3,3,0.009810433505880217,0.0010859796843623126,0.003976849879964539,0.9167501787286826,0.06837655820111004
asthma_v2_healthy_P9Healthy22S.wav,1,3,3,3,0.0030699638625973384,0.0014125891408719822,0.002441175457892844,0.9873379408298354,0.005738330708802659
asthma_v2_healthy_P9Healthy29S.wav,1,3,3,4,0.3441900937156776,0.005593509628439918,0.0035574586362027674,0.05665955668342046,0.5899993813362596
asthma_v2_healthy_P9Healthy31S.wav,1,3,3,0,0.6155559054227172,0.0029077755813284602,0.002632541034584982,0.03752266822950281,0.34138110973186636
asthma_v2_healthy_P9Healthy61S.wav,1,3,3,4,0.39781610812487433,0.008248848706893998,0.003056617464303896,0.07542331249978876,0.5154551132041391
asthma_v2_healthy_P9Healthy79S.wav,1,3,3,3,0.03624365319926714,0.0012028257131450194,0.0038383123312156512,0.5047611136970942,0.4539540950592782
asthma_v2_pneumonia_P13Pneumonia20R.wav,1,3,4,4,0.17539081928422265,0.0045453847996360635,0.007908623416503427,0.15275137319896387,0.6594037993006738
asthma_v2_pneumonia_P13Pneumonia26N.wav,1,3,4,4,0.39045511014435685,0.04320256316233875,0.012789295791131177,0.031144700963154366,0.522408329939019
asthma_v2_pneumonia_P13Pneumonia33Z.wav,1,3,4,4,0.16236871619532967,0.002766975851060445,0.005860029837191791,0.06497928170953114,0.7640249964068869
asthma_v2_pneumonia_P13Pneumonia60R.wav,1,3,4,4,0.12777916443410048,0.002397465444943073,0.005016993958024323,0.19605230427586418,0.6687540718870684
asthma_v2_pneumonia_P13Pneumonia94T.wav,1,3,4,4,0.02608274237148728,0.017975296546039268,0.022879282760277526,0.014435773140360457,0.9186269051818352
asthma_v2_pneumonia_P13Pneumonia99T.wav,1,3,4,0,0.7144152740691105,0.030275703348930916,0.0049081480895816695,0.002629778709347138,0.24777109578302975
asthma_v2_pneumonia_P22Pneumonia27A.wav,1,3,4,0,0.5387198219493221,0.0027443544089381143,0.02434568862930639,0.008342082835133246,0.42584805217730054
asthma_v2_pneumonia_P22Pneumonia29K.wav,1,3,4,4,0.11683790700236563,0.0023270034437218,0.00045010393817356323,0.0004261601244981281,0.8799588254912408
asthma_v2_pneumonia_P22Pneumonia29M.wav,1,3,4,4,0.38102525677929255,0.0016622709685952361,0.02135721339881185,0.011680854672531622,0.5842744041807687
asthma_v2_pneumonia_P22Pneumonia47V.wav,1,3,4,4,0.01755349039196181,0.0019214911980561366,0.00010898812724069504,0.002393428425718806,0.9780226018570225
asthma_v2_pneumonia_P22Pneumonia51X.wav,1,3,4,4,0.07498123265637574,0.002187277573532733,0.023656828672706527,0.011743080776895872,0.8874315803204894
asthma_v2_pneumonia_P22Pneumonia55C.wav,1,3,4,4,0.3138158113586616,0.0040784479554807716,0.026652835279603205,0.015916304318536433,0.6395366010877179
asthma_v2_pneumonia_P27Pneumonia25R.wav,1,3,4,4,0.039239394697297404,0.013675606412071798,0.004625267517008636,0.0020962547277880916,0.9403634766458342
asthma_v2_pneumonia_P27Pneumonia28K.wav,1,3,4,4,0.01846554567308073,0.03097522780401057,0.013355987978822632,0.006235139600546199,0.9309680989435398
asthma_v2_pneumonia_P27Pneumonia37T.wav,1,3,4,4,0.028759474752702303,0.011024074711200073,0.49534771738482286,0.009419006455752365,0.45544972669552236
asthma_v2_pneumonia_P27Pneumonia48G.wav,1,3,4,4,0.03266663884445322,0.008251414647101912,0.5003160334442281,0.0026287840495242943,0.45613712901469267
asthma_v2_pneumonia_P27Pneumonia62C.wav,1,3,4,4,0.04060272580554216,0.02571366863778,0.0033353520957493713,0.005490951988516329,0.9248573014724122
asthma_v2_pneumonia_P27Pneumonia77J.wav,1,3,4,4,0.034929640923329355,0.012899139992162518,0.6533447593085047,0.004555857682642885,0.29427060209336087
asthma_v2_pneumonia_P30Pneumonia10C.wav,1,3,4,4,0.03467942118574249,0.00696197509282906,0.0007926877572938637,0.007430983754819083,0.9501349322093157
asthma_v2_pneumonia_P30Pneumonia15J.wav,1,3,4,4,0.059053776601279244,0.0026551615628598903,0.0008087478180524581,0.0010071891977981276,0.9364751248200102
asthma_v2_pneumonia_P30Pneumonia30W.wav,1,3,4,4,0.007910028941294814,0.00794409069845335,0.001290998524160222,0.016397226406517904,0.9664576554295736
asthma_v2_pneumonia_P30Pneumonia52T.wav,1,3,4,4,0.007967188746136845,0.011764463082095958,0.002205747790950956,0.007469979380491622,0.9705926210003246
asthma_v2_pneumonia_P30Pneumonia70X.wav,1,3,4,4,0.009334296955821601,0.05094105037313535,0.0011626652498631545,0.0448106164455778,0.8937513709756021
asthma_v2_pneumonia_P30Pneumonia85D.wav,1,3,4,4,0.03071944522125694,0.011269097945250389,0.001256325786458108,0.01018289981187886,0.9465722312351559
asthma_v2_pneumonia_P34Pneumonia15R.wav,1,3,4,4,0.012034789199176546,0.008695966961486171,0.0013017188744760299,0.004377385235424261,0.9735901397294369
asthma_v2_pneumonia_P34Pneumonia36H.wav,1,3,4,4,0.07521340386221545,0.011080047408525938,0.0011497338487242571,0.01812323259657129,0.8944335822839632
asthma_v2_pneumonia_P34Pneumonia61E.wav,1,3,4,4,0.0441279710448977,0.007801404464030004,0.0004254905819922138,0.03146505181773436,0.9161800820913454
asthma_v2_pneumonia_P34Pneumonia66M.wav,1,3,4,4,0.04405839680310098,0.013836560256294065,0.0011798630976470835,0.014313939587414346,0.9266112402555438
asthma_v2_pneumonia_P34Pneumonia77O.wav,1,3,4,4,0.012427905223983625,0.01115364927043515,0.0003957513137666655,0.006801579496704004,0.9692211146951105
asthma_v2_pneumonia_P34Pneumonia99G.wav,1,3,4,4,0.04875643999773059,0.010414736902708027,0.0008840623611329091,0.003529637194190049,0.9364151235442386
asthma_v2_pneumonia_P37Pneumonia44I.wav,1,3,4,0,0.8262524829510787,0.006069648089805359,0.02122300653954109,0.04199204522977288,0.10446281718980181
asthma_v2_pneumonia_P37Pneumonia73K.wav,1,3,4,0,0.6562615716562451,0.02478897778608946,0.013106516044418214,0.004284245363634979,0.3015586891496123
asthma_v2_pneumonia_P37Pneumonia73X.wav,1,3,4,0,0.9289634389444116,0.0035512542732000336,0.00455519089774817,0.0006599186670091922,0.06227019721763123
asthma_v2_pneumonia_P37Pneumonia83S.wav,1,3,4,0,0.7275662008702594,0.0077143059838738585,0.009644258410949848,0.003507426292474916,0.2515678084424418
asthma_v2_pneumonia_P37Pneumonia84E.wav,1,3,4,0,0.5787302760718424,0.028774224715108813,0.029666196063453137,0.07003417760031877,0.2927951255492775
asthma_v2_pneumonia_P37Pneumonia95J.wav,1,3,4,0,0.8210077538444055,0.005587217385872562,0.014546751485132087,0.00824566444336544,0.1506126128412246
asthma_v2_pneumonia_P7Pneumonia22C.wav,1,3,4,4,0.06306980771113954,0.02562024655743922,0.1762608442373912,0.0051903675807229,0.729858733913307
asthma_v2_pneumonia_P7Pneumonia22X.wav,1,3,4,4,0.0214207216712886,0.008369544498098895,0.08378611843837983,0.029093139838674214,0.8573304755535586
asthma_v2_pneumonia_P7Pneumonia34I.wav,1,3,4,4,0.08318073621474349,0.0005425295063892139,0.01659051851152779,0.010812801705112476,0.8888734140622271
asthma_v2_pneumonia_P7Pneumonia61Q.wav,1,3,4,4,0.06177043503068395,0.001103127292315867,0.01800723661589945,0.014706346212328808,0.904412854848772
asthma_v2_pneumonia_P7Pneumonia62G.wav,1,3,4,4,0.039395940578966726,0.0009649535250186444,0.03234812629614694,0.014671853520490252,0.912619126079377
asthma_v2_pneumonia_P7Pneumonia76F.wav,1,3,4,4,0.03152871064118285,0.004339059000592486,0.15215320945177285,0.017295401528630728,0.7946836193778207
asthma_v2_pneumonia_P9Pneumonia31T.wav,1,3,4,4,0.3901157039020702,0.0410140297301007,0.08566587107463816,0.017054596499388695,0.46614979879380225
asthma_v2_pneumonia_P9Pneumonia63O.wav,1,3,4,4,0.0036664143931884772,0.016645701293826993,0.0038126536114434393,0.13419546570794746,0.8416797649935938
asthma_v2_pneumonia_P9Pneumonia67I.wav,1,3,4,4,0.09348790077088205,0.0013805851641309568,0.005023466755551629,0.058247271974134374,0.8418607753353008
asthma_v2_pneumonia_P9Pneumonia73J.wav,1,3,4,4,0.06438847301963888,0.0002808639930487539,0.0012092091518266768,0.014295906461595832,0.91982554737389
asthma_v2_pneumonia_P9Pneumonia74S.wav,1,3,4,0,0.7478419739337556,0.006615777553662992,0.008083798839194774,0.0009264187404247822,0.23653203093296166
asthma_v2_pneumonia_P9Pneumonia74V.wav,1,3,4,4,0.12108812931844337,0.0009326569535033061,0.0017995521555585709,0.10277389473219796,0.7734057668402968
asthma_v2_Bronchial_P17BronchialSc_82.wav,1,4,1,1,0.04052433868540554,0.6931539405709062,0.2142968293087411,0.010292768434138445,0.0417321230008088
asthma_v2_Bronchial_P17BronchialSc_84.wav,1,4,1,1,0.0256315915549095,0.938127293752524,0.014182527996923848,0.009828392416739022,0.012230194278903662
asthma_v2_Bronchial_P17BronchialTc_81.wav,1,4,1,1,0.09887708947472448,0.8044748072978398,0.01769045634764072,0.006962225565412754,0.07199542131438168
asthma_v2_Bronchial_P17BronchialTc_83.wav,1,4,1,1,0.035736651195929246,0.7957290087034503,0.12945112498123804,0.009737994209297092,0.029345220910084742
asthma_v2_Bronchial_P17BronchialTc_85.wav,1,4,1,1,0.007098662754242162,0.9711236381307355,0.011730695421198317,0.0072225136938080785,0.002824490000015741
asthma_v2_Bronchial_P18BronchialSc_86.wav,1,4,1,1,0.005057258761541894,0.9851213993951612,0.0025041288735694204,0.005142698758157869,0.0021745142115694458
asthma_v2_Bronchial_P18BronchialSc_88.wav,1,4,1,1,0.013960389352292135,0.9462674006854657,0.025827852502079904,0.003817818918795247,0.010126538541366966
asthma_v2_Bronchial_P18BronchialSc_90.wav,1,4,1,1,0.02553615932785807,0.8799094169052758,0.062162119490908864,0.011087617181540168,0.021304687094417355
asthma_v2_Bronchial_P18BronchialTc_87.wav,1,4,1,1,0.006454028497318184,0.9838075497655427,0.0032113472334472076,0.004323812962384045,0.0022032615413076907
asthma_v2_Bronchial_P18BronchialTc_89.wav,1,4,1,1,0.023710598153290605,0.9335395466123373,0.019072648580823963,0.01138464085866584,0.012292565794882245
asthma_v2_Bronchial_P21BronchialSc_102.wav,1,4,1,4,0.14173415288950192,0.006590618113708118,0.046021466015289086,0.16038155927093828,0.6452722037105627
asthma_v2_Bronchial_P21BronchialSc_104.wav,1,4,1,3,0.0835983474311893,0.010922266652052011,0.11698398133732389,0.5380355437259754,0.2504598608534591
asthma_v2_Bronchial_P21BronchialTc_101.wav,1,4,1,1,0.029708410161318973,0.8798703741382131,0.04297380455998392,0.014072862307118362,0.033374548833365554
asthma_v2_Bronchial_P21BronchialTc_103.wav,1,4,1,3,0.08924714993648573,0.006738395279596301,0.08715979052792942,0.3525170233563081,0.46433764089968077
asthma_v2_asthma_P13WheezingIE_61.wav,1,4,0,0,0.7654147775786581,0.08621585228884886,0.0057167335711472405,0.01320057305899154,0.12945206350235405
asthma_v2_asthma_P13WheezingIE_65.wav,1,4,0,0,0.8368608324441109,0.07282052318134169,0.013369143645529023,0.004745119221551358,0.07220438150746693
asthma_v2_asthma_P13WheezingIU_62.wav,1,4,0,0,0.8791048693073373,0.05354048894157193,0.002595098328576485,0.007802589729380147,0.05695695369313464
asthma_v2_asthma_P13WheezingRL_63.wav,1,4,0,0,0.7966921004611641,0.10673711849454878,0.0105299312618831,0.011794422340406344,0.07424642744199748
asthma_v2_asthma_P13WheezingRS_64.wav,1,4,0,0,0.8829524764548635,0.0479628435932934,0.01808010588246727,0.0028241146746513404,0.04818045939472422
asthma_v2_asthma_P15WheezingIE_73.wav,1,4,0,0,0.8855201750371151,0.013212736292857987,0.0025634788801041954,0.004786951144830399,0.09391665864509197
asthma_v2_asthma_P15WheezingIU_74.wav,1,4,0,0,0.7787104308147046,0.011315253779881615,0.0034635228108948275,0.008062082963788637,0.1984487096307302
asthma_v2_asthma_P15WheezingRL_71.wav,1,4,0,0,0.5203927389434088,0.0155844710095593,0.007600166844861455,0.02356813632813611,0.4328544868740345
asthma_v2_asthma_P15WheezingRL_75.wav,1,4,0,0,0.5403431486923942,0.006609508982912146,0.010092153735532818,0.039284341145368516,0.4036708474437929
asthma_v2_asthma_P15WheezingRS_72.wav,1,4,0,0,0.8311596739728276,0.006547091937466284,0.0023531500209175945,0.011376014332015101,0.14856406973677336
asthma_v2_asthma_P1AsthmaIE_1.wav,1,4,0,0,0.8872459261830823,0.006477432136467342,0.0282219420165931,0.008309947324865419,0.06974475233899205
asthma_v2_asthma_P1AsthmaIE_5.wav,1,4,0,0,0.8709952549771932,0.11128912242411565,0.0033676184147362533,0.001953879456918115,0.012394124727036802
asthma_v2_asthma_P1AsthmaIU_2.wav,1,4,0,0,0.9463127994025587,0.007684776129029776,0.0026402851037366404,0.0028141175625499585,0.04054802180212502
asthma_v2_asthma_P1AsthmaRL_3.wav,1,4,0,4,0.45706447493778163,0.0016086751155497045,0.005766721703839214,0.02520163285569303,0.5103584953871363
asthma_v2_asthma_P1AsthmaRS_4.wav,1,4,0,0,0.8988403052754663,0.0706977188095925,0.005410554902097303,0.002429162138483776,0.02262225887436001
asthma_v2_asthma_P22WheezingIE_109.wav,1,4,0,0,0.8155991558778062,0.10468920224702895,0.0036111691469802028,0.0023747244138000883,0.07372574831438433
asthma_v2_asthma_P22WheezingIU_106.wav,1,4,0,0,0.7790650731448917,0.022663888823594304,0.0034652396759849205,0.0004316450735969159,0.19437415328193214
asthma_v2_asthma_P22WheezingIU_110.wav,1,4,0,0,0.9289685216883588,0.04656457579115153,0.0012954781286037848,0.0005911082522105001,0.022580316139675604
asthma_v2_asthma_P22WheezingRL_107.wav,1,4,0,0,0.5286435386692713,0.06447125305812815,0.06849283012231433,0.07734834695332439,0.26104403119696196
asthma_v2_asthma_P22WheezingRS_108.wav,1,4,0,0,0.6386360419665884,0.019027079779312703,0.0030004654704449303,0.0054363056050968075,0.3339001071785574
asthma_v2_asthma_P25WheezingIE_121.wav,1,4,0,0,0.8007259573305472,0.031453030620541875,0.12004439957794602,0.005376750788192004,0.04239986168277274
asthma_v2_asthma_P25WheezingIE_125.wav,1,4,0,0,0.43575211604986497,0.023077641441758983,0.0011301203837768576,0.1822609716443001,0.357779150480299
asthma_v2_asthma_P25WheezingIU_122.wav,1,4,0,0,0.7381820013556757,0.01333739354837755,0.007452277842758201,0.00758360938699253,0.2334447178661958
asthma_v2_asthma_P25WheezingRL_123.wav,1,4,0,0,0.6832389648777655,0.011430923687386015,0.010428722373801689,0.006149318806348036,0.28875207025469923
asthma_v2_asthma_P25WheezingRS_124.wav,1,4,0,0,0.805978271657322,0.016878783219430794,0.005679872236149548,0.0373677898134511,0.1340952830736468
asthma_v2_asthma_P36WheezingIE_177.wav,1,4,0,0,0.9492287136102826,0.014557869263659401,0.00808248996011668,0.00032717082861832294,0.027803756337323106
asthma_v2_asthma_P36WheezingIU_178.wav,1,4,0,0,0.9577659651787811,0.0015362120990043073,0.00330332757460592,0.00014747989663016072,0.037247015250978496
asthma_v2_asthma_P36WheezingRL_179.wav,1,4,0,0,0.7565276115091909,0.17403409187295488,0.015049654834692233,0.0018702065773829896,0.05251843520577917
asthma_v2_asthma_P36WheezingRS_176.wav,1,4,0,0,0.9569519458460954,0.01185246172885574,0.011558065143430989,0.0003023308387088571,0.01933519644290901
asthma_v2_asthma_P36WheezingRS_180.wav,1,4,0,0,0.6628181998083285,0.2862432844186284,0.013219569021277485,0.002269662399032486,0.035449284352733354
asthma_v2_asthma_P37WheezingIE_181.wav,1,4,0,0,0.8383153529537586,0.015461123931813855,0.08758388783068352,0.0007118790385423986,0.05792775624520171
asthma_v2_asthma_P37WheezingIE_185.wav,1,4,0,0,0.7552952391808245,0.1417978384442747,0.026613133971254033,0.006469808447580376,0.06982397995606646
asthma_v2_asthma_P37WheezingIU_182.wav,1,4,0,0,0.9620441951406217,0.005562050707109612,0.008174938237883728,0.00032165711776886973,0.023897158796616125
asthma_v2_asthma_P37WheezingRL_183.wav,1,4,0,0,0.9431038512618009,0.02101802246570773,0.010865968459650733,0.00036999445802363384,0.024642163354816872
asthma_v2_asthma_P37WheezingRS_184.wav,1,4,0,0,0.8261872091314459,0.126454546244168,0.0034708441052060186,0.0024079781242227188,0.04147942239495748
asthma_v2_asthma_P39WheezingIE_193.wav,1,4,0,0,0.8460395018744172,0.032687363353347085,0.014040256422824604,0.00041087754265533275,0.1068220008067558
asthma_v2_asthma_P39WheezingIU_194.wav,1,4,0,0,0.8300902528087575,0.11572397473586825,0.00735473105129375,0.0006685409032428568,0.046162500500837735
asthma_v2_asthma_P39WheezingRL_191.wav,1,4,0,0,0.6806731028347797,0.013088953553404212,0.02975995553321476,0.0007015212058556811,0.27577646687274576
asthma_v2_asthma_P39WheezingRL_195.wav,1,4,0,0,0.8423009693471707,0.07153086910267818,0.011975491033246926,0.0008732892857749694,0.07331938123112905
asthma_v2_asthma_P39WheezingRS_192.wav,1,4,0,0,0.7286052946484936,0.017378022202211192,0.024485034644771163,0.0008398751136473955,0.22869177339087637
asthma_v2_asthma_P3AsthmaIE_13.wav,1,4,0,0,0.9205124957416847,0.023731525894579792,0.0075413715450052005,0.0026567857922069546,0.045557821026523206
asthma_v2_asthma_P3AsthmaIU_14.wav,1,4,0,0,0.9276465128710741,0.017616022570552663,0.0020868071912296345,0.0024670892921742874,0.05018356807496967
asthma_v2_asthma_P3AsthmaRL_11.wav,1,4,0,0,0.7495234969317277,0.00841871824965858,0.044057277391858364,0.005295632379371276,0.19270487504738373
asthma_v2_asthma_P3AsthmaRL_15.wav,1,4,0,0,0.9336012479713971,0.014717700926755329,0.012185309190837943,0.0020471269729459168,0.037448614938063514
asthma_v2_asthma_P3AsthmaRS_12.wav,1,4,0,0,0.7796301159003131,0.012477420913936915,0.06268894467971046,0.0041524491064896685,0.14105106939954973
asthma_v2_asthma_P48WheezingIE_237.wav,1,4,0,0,0.8241374723415956,0.022969315868885246,0.005424194252456471,0.0012584929131358009,0.14621052462392653
asthma_v2_asthma_P48WheezingIU_238.wav,1,4,0,0,0.9051859034252085,0.017700798068310444,0.011873548230927717,0.0024477641394588883,0.06279198613609473
asthma_v2_asthma_P48WheezingRL_239.wav,1,4,0,0,0.8068284113364212,0.057774826521060335,0.010413287723168038,0.0028884528501081975,0.12209502156924246
asthma_v2_asthma_P48WheezingRS_236.wav,1,4,0,0,0.8409721240181667,0.023331822598661452,0.020428451067888004,0.0014256441870611168,0.11384195812822306
asthma_v2_asthma_P48WheezingRS_240.wav,1,4,0,0,0.8410134757211735,0.012181412233308406,0.03637798363849844,0.001218194055922217,0.10920893435109764
asthma_v2_asthma_P50WheezingIE_249.wav,1,4,0,0,0.8953499262583521,0.005306239841108632,0.005429676476035264,0.002628273594267919,0.09128588383023609
asthma_v2_asthma_P50WheezingIU_246.wav,1,4,0,0,0.7826067530427188,0.0023922580122784746,0.0015637913631264184,0.028027984496535645,0.18540921308534034
asthma_v2_asthma_P50WheezingIU_250.wav,1,4,0,0,0.9153417316205287,0.003267696738460554,0.006707721579442227,0.0034972721473117098,0.07118557791425688
asthma_v2_asthma_P50WheezingRL_247.wav,1,4,0,0,0.9282422069835408,0.011118153273633432,0.002701036802027616,0.005007257384745501,0.05293134555605261
asthma_v2_asthma_P50WheezingRS_248.wav,1,4,0,0,0.7583928170526807,0.0717537944814678,0.01679343411075059,0.0016157540003681817,0.15144420035473272
asthma_v2_asthma_P57WheezingIE_281.wav,1,4,0,3,0.25088617428359256,0.009891769324962553,0.007715327167964556,0.2367315814286925,0.49477514779478776
asthma_v2_asthma_P57WheezingIE_285.wav,1,4,0,4,0.317873622818667,0.08865818521080976,0.005305337848617194,0.10001450597022205,0.4881483481516842
asthma_v2_asthma_P57WheezingIU_282.wav,1,4,0,4,0.08188927370193204,0.0021798506870504128,0.001674973293400924,0.15639689480173985,0.7578590075158766
asthma_v2_asthma_P57WheezingRL_283.wav,1,4,0,4,0.11439685321943573,0.008924190287476989,0.0033050407163359875,0.0034019949860868517,0.8699719207906647
asthma_v2_asthma_P57WheezingRS_284.wav,1,4,0,3,0.2672064328436544,0.19009623806904796,0.008955278606254924,0.2856756157240281,0.24806643475701473
asthma_v2_asthma_P58WheezingIU_286.wav,1,4,0,4,0.03145465696079611,0.001224998866137216,0.0035893759201409367,0.015342029320430727,0.948388938932495
asthma_v2_asthma_P58WheezingRL_287.wav,1,4,0,4,0.15495067791433778,0.020940807397543466,0.002638715957044435,0.13731589164510694,0.6841539070859678
asthma_v2_asthma_P58WheezingRS_288.wav,1,4,0,4,0.11752175451536596,0.009760941671599693,0.0034287824955118937,0.00851982358213148,0.8607686977353907
asthma_v2_copd_P10COPDMc_74.wav,1,4,2,0,0.5676143544228917,0.37962340153427726,0.009041809434463125,0.01714391825821297,0.026576516350155253
asthma_v2_copd_P10COPDMc_76.wav,1,4,2,0,0.5121189987281938,0.1960343905997342,0.013773578190708846,0.1549399008265738,0.12313313165478926
asthma_v2_copd_P10COPDMc_78.wav,1,4,2,0,0.8785970747311758,0.08382385718396404,0.01424284026380329,0.002313223527266799,0.02102300429379005
asthma_v2_copd_P10COPDMc_80.wav,1,4,2,0,0.8940601648650706,0.010745512633195061,0.018172038367928425,0.0007999756812301659,0.07622230845257574
asthma_v2_copd_P10COPDPr_73.wav,1,4,2,1,0.2538496859029761,0.7153355217679167,0.004331958552385101,0.007957101141029516,0.01852573263569252
asthma_v2_copd_P10COPDPr_75.wav,1,4,2,3,0.47663147743728657,0.056204718642612034,0.004793932255038919,0.30775753507120124,0.15461233659386114
asthma_v2_copd_P10COPDPr_77.wav,1,4,2,3,0.4339810339938131,0.028546472951596173,0.003817667094861477,0.3710440886703295,0.16261073728939987
asthma_v2_copd_P10COPDPr_79.wav,1,4,2,0,0.8504511428269682,0.08272622031135161,0.01957181817316598,0.0010069794282581619,0.0462438392602562
asthma_v2_copd_P16COPDMc_122.wav,1,4,2,2,2.3200434041564654e-07,1.3042846329161695e-07,0.9996324364772963,2.2163377513710865e-06,0.00036498475214856587
asthma_v2_copd_P16COPDMc_124.wav,1,4,2,2,3.1934773169279353e-07,1.6935928065806152e-07,0.9994453661323389,3.643941395097775e-06,0.0005505012192535332
asthma_v2_copd_P16COPDMc_126.wav,1,4,2,2,1.346027040702403e-07,8.640219345179362e-08,0.9998291777406185,3.2091624615690256e-07,0.00017028033823752515
asthma_v2_copd_P16COPDMc_128.wav,1,4,2,2,0.0007221927814229057,0.0002553458090483405,0.998261356320065,2.5103488266226848e-05,0.0007360016011975807
asthma_v2_copd_P16COPDPr_121.wav,1,4,2,2,5.105856141272276e-07,2.704022933867542e-07,0.9993344295324941,4.523102483367295e-06,0.0006602663771150987
asthma_v2_copd_P16COPDPr_123.wav,1,4,2,2,1.9811415388529644e-07,1.0219735162007624e-07,0.9995899039976892,8.938366292595624e-07,0.0004089018541762664
asthma_v2_copd_P16COPDPr_125.wav,1,4,2,2,2.666374824270299e-07,1.3337169730492974e-07,0.999756883406965,4.368519604959616e-06,0.0002383480642501642
asthma_v2_copd_P16COPDPr_127.wav,1,4,2,2,4.334853053215733e-07,2.1027553121933298e-07,0.9998546367224834,6.106121712458339e-06,0.00013861339496734835
asthma_v2_copd_P18COPDMc_138.wav,1,4,2,2,0.00828462734961073,0.0027590330718763032,0.9856690762792357,0.0005511516989903074,0.0027361116002870586
asthma_v2_copd_P18COPDMc_140.wav,1,4,2,2,0.0023472512921823645,0.0002183635356203708,0.9961256530943449,5.066926968806465e-05,0.0012580628081642735
asthma_v2_copd_P18COPDMc_142.wav,1,4,2,2,0.005791424281879186,0.0021343707776947524,0.9889789974196621,0.0004241155479521358,0.0026710919728115427
asthma_v2_copd_P18COPDMc_144.wav,1,4,2,2,0.00042629433035327953,0.0014503864830860112,0.9974034091994749,0.0003498908475292218,0.0003700191395565769
asthma_v2_copd_P18COPDPr_137.wav,1,4,2,2,0.008862129086954721,0.0006290888330268827,0.9864219786388705,0.0001491531634494257,0.0039376502776983366
asthma_v2_copd_P18COPDPr_139.wav,1,4,2,2,0.015059298626736235,0.003963776857394685,0.969968292235126,0.00023871875557759164,0.010769913525165709
asthma_v2_copd_P18COPDPr_141.wav,1,4,2,2,0.0007817264207895166,0.00017386691066587884,0.9985365648527633,4.48851676422463e-05,0.00046295664813945914
asthma_v2_copd_P18COPDPr_143.wav,1,4,2,2,8.016979730062012e-07,4.7423961643730064e-07,0.9992128776685701,1.2482386324140414e-05,0.0007733640075161888
asthma_v2_copd_P2COPDMc_10.wav,1,4,2,2,0.0006417525882658764,0.00012987693921904782,0.9988573807454136,8.486201128449179e-05,0.0002861277158171257
asthma_v2_copd_P2COPDMc_12.wav,1,4,2,0,0.5752036898342405,0.017945587998930354,0.32812368078093523,0.015955984814559142,0.06277105657133475
asthma_v2_copd_P2COPDMc_14.wav,1,4,2,2,0.020101854556975236,0.0006461210508609177,0.9776059123688304,0.000710513963216121,0.0009355980601173882
asthma_v2_copd_P2COPDMc_16.wav,1,4,2,2,0.046565223916144406,0.0011027948024011124,0.9470197280328647,0.0023442042902812777,0.002968048958308606
asthma_v2_copd_P2COPDPr_11.wav,1,4,2,2,0.012347366424770806,0.001982962501255947,0.9813490119738874,0.002364660994369989,0.0019559981057158055
asthma_v2_copd_P2COPDPr_13.wav,1,4,2,0,0.8504497330506232,0.006965258022836462,0.04993436782241165,0.012234315491118135,0.08041632561301051
asthma_v2_copd_P2COPDPr_15.wav,1,4,2,2,0.06925579509820391,0.003084331230536091,0.9241979660733408,0.0013744931776474977,0.0020874144202718166
asthma_v2_copd_P2COPDPr_9.wav,1,4,2,2,0.0009056737573928022,8.734705743788003e-05,0.9984394305955527,0.00015263071344716848,0.0004149178761694639
asthma_v2_copd_P31COPDMc_242.wav,1,4,2,2,0.008908295130082658,0.0064701692548270896,0.9120404793315677,0.009548251934714475,0.06303280434880797
asthma_v2_copd_P31COPDMc_244.wav,1,4,2,3,0.020374507470946993,0.010959406681524769,0.15101204191229456,0.7790871479216837,0.038566896013550206
asthma_v2_copd_P31COPDMc_246.wav,1,4,2,2,0.009289215258370417,0.00023297920519325637,0.9894979260889707,0.0002615190571724808,0.0007183603902929499
asthma_v2_copd_P31COPDMc_248.wav,1,4,2,0,0.46908909106706226,0.005993908104055144,0.5111666959445367,0.0013058615318603643,0.012444443352485273
asthma_v2_copd_P31COPDPr_241.wav,1,4,2,2,1.3517901085602212e-08,8.91030534642854e-09,0.9999637057895334,1.967311724656286e-05,1.6598665013602555e-05
asthma_v2_copd_P31COPDPr_243.wav,1,4,2,3,0.021419087979113103,0.022151002365130446,0.3794823840384352,0.5145893474054577,0.062358178211863506
asthma_v2_copd_P31COPDPr_245.wav,1,4,2,2,0.06148661672044398,0.0017610406151729596,0.934114396028634,0.0009984559419031719,0.0016394906938458267
asthma_v2_copd_P31COPDPr_247.wav,1,4,2,2,0.004212912671087914,0.0012755620440275289,0.9923908837903657,0.0007056963490219302,0.0014149451454971197
asthma_v2_copd_P37COPDMc_290.wav,1,4,2,2,0.0027110798337831197,0.0292595844909615,0.9644913899022726,0.0011606602197028958,0.002377285553280114
asthma_v2_copd_P37COPDMc_292.wav,1,4,2,2,0.007710068750294312,0.018395306438496392,0.9706894256742238,0.0005010845728239842,0.0027041145641614464
asthma_v2_copd_P37COPDMc_294.wav,1,4,2,2,0.005395396436858521,0.005986580356840089,0.9853904427473446,0.0010209753056149636,0.002206605153341458
asthma_v2_copd_P37COPDMc_296.wav,1,4,2,2,0.008419487698856679,0.005255407099784801,0.98293862889459,0.0011461791436369842,0.0022402971631314897
asthma_v2_copd_P37COPDPr_289.wav,1,4,2,2,0.004118411743836413,0.03401792738122565,0.9559416107123379,0.0009430369622876213,0.004979013200312567
asthma_v2_copd_P37COPDPr_291.wav,1,4,2,2,0.0024042043059410876,0.006621569697143277,0.9898286991521084,0.00022232161606765865,0.0009232052287397931
asthma_v2_copd_P37COPDPr_293.wav,1,4,2,2,0.00513558912205083,0.0050232956446175465,0.9878000012666174,0.0003028328205131378,0.0017382811462005041
asthma_v2_copd_P37COPDPr_295.wav,1,4,2,2,0.01605181925019968,0.008973155188141246,0.9695502737329578,0.0014738512519837928,0.003950900576717147
asthma_v2_copd_P39COPDMc_306.wav,1,4,2,4,0.019659472320349328,0.08394336051714732,0.5072885028725895,0.003021885884439656,0.38608677840547434
asthma_v2_copd_P39COPDMc_308.wav,1,4,2,2,0.012345633316422702,0.10228141416417975,0.6584759813842775,0.006805124220130798,0.2200918469149893
asthma_v2_copd_P39COPDMc_310.wav,1,4,2,2,0.0016891812252622315,0.04741023359035028,0.9226497402752528,0.0008813061603947876,0.027369538748739854
asthma_v2_copd_P39COPDMc_312.wav,1,4,2,2,0.00614921278324696,0.0066278489148243165,0.9786155242945129,0.00266395384016252,0.00594346016725349
asthma_v2_copd_P39COPDPr_305.wav,1,4,2,2,0.006493091424874169,0.0003278870578611539,0.9817578292016207,0.00273496736892109,0.008686224946722868
asthma_v2_copd_P39COPDPr_307.wav,1,4,2,4,0.016344731888130612,0.03991534045478575,0.22767959678284883,0.0033876059010936282,0.7126727249731409
asthma_v2_copd_P39COPDPr_309.wav,1,4,2,2,0.002283236032318016,0.06982082441388682,0.902363803529117,0.0009271911440435529,0.024604944880634572
asthma_v2_copd_P39COPDPr_311.wav,1,4,2,2,0.0011124197321394364,0.10405403153879599,0.8866805760469276,0.0006139213885063193,0.0075390512936307375
asthma_v2_copd_P3COPDMc_18.wav,1,4,2,0,0.9265364311326967,0.022726658270655738,0.021316500779641537,0.0057873470582021445,0.02363306275880419
asthma_v2_copd_P3COPDMc_20.wav,1,4,2,2,0.08373587523688619,0.021753389499240883,0.8878668815357385,0.002358720004700052,0.004285133723434602
asthma_v2_copd_P3COPDMc_22.wav,1,4,2,0,0.37857525978215806,0.03811350883992753,0.566518103647538,0.004333818422088119,0.012459309308288247
asthma_v2_copd_P3COPDMc_24.wav,1,4,2,2,0.0008352390527127549,0.000355932525582432,0.9927847512948724,0.00301697901965926,0.0030070981071732817
asthma_v2_copd_P3COPDPr_17.wav,1,4,2,0,0.6265192737956321,0.020992408744109584,0.31464807238767556,0.012533721599143304,0.025306523473439566
asthma_v2_copd_P3COPDPr_19.wav,1,4,2,2,0.007724065347093357,0.0009320544504722318,0.9907916770209807,0.00021928113433703473,0.0003329220471166695
asthma_v2_copd_P3COPDPr_21.wav,1,4,2,2,0.04635557873891773,0.02020995364625774,0.9251287288313818,0.004415373468719986,0.003890365314722637
asthma_v2_copd_P3COPDPr_23.wav,1,4,2,2,0.2580638004142023,0.04135565804899896,0.6839857196169016,0.00613229223456046,0.010462529685336905
asthma_v2_copd_P41COPDMc_322.wav,1,4,2,2,0.0005807931380633407,0.00011320253749498854,0.9988453622708857,0.00010349194601993817,0.0003571501075356788
asthma_v2_copd_P41COPDMc_324.wav,1,4,2,2,0.0011876002065745528,0.0004979400842047493,0.995932616890107,0.0011827876522852363,0.001199055166828459
asthma_v2_copd_P41COPDMc_326.wav,1,4,2,2,0.0012725415079772354,0.0011741479934974256,0.9959169565148901,0.0004947935317961212,0.0011415604518388712
asthma_v2_copd_P41COPDMc_328.wav,1,4,2,2,0.0008159766979683401,0.0005031380292805048,0.9979654851493793,0.00023556809054553837,0.0004798320328266494
asthma_v2_copd_P41COPDPr_321.wav,1,4,2,2,0.001427835825983117,0.0002295114711900207,0.9924623466968866,0.0009222242770285631,0.004958081728911514
asthma_v2_copd_P41COPDPr_323.wav,1,4,2,2,1.150506529117837e-06,7.028760515649169e-07,0.9988562233729568,0.00010757359534791494,0.0010343496491147654
asthma_v2_copd_P41COPDPr_325.wav,1,4,2,2,0.001923268650587701,0.00026808599643174066,0.9955836955269234,0.0011618779556860726,0.0010630718703712146
asthma_v2_copd_P41COPDPr_327.wav,1,4,2,2,7.568335689629187e-07,8.560914873505585e-07,0.9997099526475549,3.863793512323423e-05,0.0002497964922654966
asthma_v2_copd_P48COPDMc_378.wav,1,4,2,2,0.0113985893877086,0.007480492530074921,0.9760305963704254,0.0012680331933302663,0.003822288518460682
asthma_v2_copd_P48COPDMc_380.wav,1,4,2,2,0.10132179661031014,0.1568203103744152,0.7041118833345259,0.010894848938108742,0.02685116074264042
asthma_v2_copd_P48COPDMc_382.wav,1,4,2,2,0.0008730150947328168,0.0004817655387861747,0.9931879109233582,0.0022108930409334253,0.003246415402189294
asthma_v2_copd_P48COPDMc_384.wav,1,4,2,2,0.0008163939577021883,0.00047029118430516674,0.996675122300426,0.0006888266680014772,0.0013493658895649772
asthma_v2_copd_P48COPDPr_377.wav,1,4,2,2,0.0017020376873222302,0.002296386828903565,0.9899619607654275,0.0037538694246814688,0.0022857452936654835
asthma_v2_copd_P48COPDPr_379.wav,1,4,2,2,0.012714170877055396,0.004903260736644289,0.9796756054352047,0.0006823426197902528,0.0020246203313057016
asthma_v2_copd_P48COPDPr_381.wav,1,4,2,2,0.0014508909087590546,0.0006799897351627731,0.9958989891065052,0.0008434977556434723,0.001126632493929722
asthma_v2_copd_P48COPDPr_383.wav,1,4,2,2,0.0009519857863128616,0.0010890267187962997,0.9940116087461542,0.0009556048409480134,0.0029917739077885155
asthma_v2_healthy_P11Healthy18S.wav,1,4,3,3,0.03495099618712481,0.14654500809921564,0.059113647660546706,0.6746272134186825,0.08476313463443011
asthma_v2_healthy_P11Healthy30S.wav,1,4,3,3,0.09623881255684102,0.36354428869101724,0.12207489836289345,0.3627175842331871,0.055424416156061175
asthma_v2_healthy_P11Healthy38S.wav,1,4,3,3,0.048829531168647564,0.04440528040458168,0.036941261079114385,0.8319082580444667,0.03791566930318968
asthma_v2_healthy_P11Healthy60S.wav,1,4,3,3,0.005810176718554913,0.002192818684675995,0.03146659544118446,0.9003298312152822,0.06020057794030243
asthma_v2_healthy_P11Healthy73S.wav,1,4,3,3,0.0625951813410816,0.10900233594047769,0.1022260699698913,0.6691140676274459,0.05706234512110348
asthma_v2_healthy_P12Healthy16S.wav,1,4,3,3,0.010059649791046373,0.009912532164223494,0.02797558560062186,0.9329032451657031,0.01914898727840525
asthma_v2_healthy_P12Healthy67S.wav,1,4,3,4,0.07268416599499601,0.17016091046070864,0.3296545568894983,0.15961246916503719,0.2678878974897603
asthma_v2_healthy_P12Healthy93S.wav,1,4,3,2,0.019436701647419913,0.01733368200296136,0.6452889274635548,0.10858352177844934,0.20935716710761423
asthma_v2_healthy_P12Healthy98S.wav,1,4,3,3,0.019845317297193354,0.02535451930897663,0.02423053159864156,0.8443682456972099,0.08620138609797874
asthma_v2_healthy_P12Healthy99S.wav,1,4,3,3,0.021013770635546835,0.04371420924606507,0.4010902860486135,0.4117050272645046,0.12247670680527034
asthma_v2_healthy_P14Healthy28S.wav,1,4,3,3,0.03348771449188352,0.02522872074228691,0.03087572601957072,0.8723594739685436,0.03804836477771505
asthma_v2_healthy_P14Healthy47S.wav,1,4,3,3,0.08687988254788896,0.1585797035065345,0.09034390920005622,0.6096189350098674,0.05457756973565292
asthma_v2_healthy_P14Healthy53S.wav,1,4,3,3,0.012292919884215416,0.004479512570595144,0.0046893286628524496,0.9679835172846196,0.01055472159771739
asthma_v2_healthy_P14Healthy54S.wav,1,4,3,3,0.005109785963788907,0.05254042282998104,0.00489002145991301,0.8857634413430369,0.051696328403279736
asthma_v2_healthy_P14Healthy89S.wav,1,4,3,3,0.0048716055663422155,0.03126930504401321,0.005105902101469165,0.9433361260924688,0.015417061195706901
asthma_v2_healthy_P25Healthy20S.wav,1,4,3,3,0.05576728168884052,0.004247195512691766,0.004126309504636031,0.4811041975441896,0.45475501574964194
asthma_v2_healthy_P25Healthy42S.wav,1,4,3,3,0.10123249979462266,0.020242480570155465,0.02532651766152998,0.6161221659618654,0.2370763360118265
asthma_v2_healthy_P25Healthy72S.wav,1,4,3,3,0.143276483256635,0.0374760509809865,0.0674736710182105,0.44062696935839113,0.3111468253857764
asthma_v2_healthy_P25Healthy88S.wav,1,4,3,3,0.024729352879190366,0.005811502795241463,0.004994618812730818,0.8676981108345992,0.09676641467823817
asthma_v2_healthy_P25Healthy97S.wav,1,4,3,3,0.09788729771039115,0.1905894431039743,0.008916630045359513,0.6485311104506376,0.0540755186896377
asthma_v2_healthy_P26Healthy22S.wav,1,4,3,3,0.06560228990471012,0.008493947006315901,0.017107765662581553,0.7772166141917433,0.13157938323464888
asthma_v2_healthy_P26Healthy32S.wav,1,4,3,4,0.07219850146818593,0.008125931473061657,0.10316045156716236,0.03256872478035318,0.7839463907112366
asthma_v2_healthy_P26Healthy46S.wav,1,4,3,4,0.22585510354321767,0.008535930173633119,0.031016912192515442,0.12097378076657263,0.6136182733240609
asthma_v2_healthy_P26Healthy48S.wav,1,4,3,0,0.3890481393077953,0.09755304074307034,0.027802807881057497,0.2216996628965533,0.26389634917152394
asthma_v2_healthy_P26Healthy76S.wav,1,4,3,3,0.07261706048320676,0.008654882458467855,0.030360117833570312,0.3999156776741744,0.488452261550581
asthma_v2_healthy_P4Healthy12S.wav,1,4,3,4,0.1439835192416871,0.01988415763764093,0.015272810406819094,0.10617823071058137,0.7146812820032716
asthma_v2_healthy_P4Healthy22S.wav,1,4,3,4,0.12389910340286595,0.1576137529529157,0.0638360996244818,0.11714447043071362,0.5375065735890235
asthma_v2_healthy_P4Healthy62S.wav,1,4,3,3,0.02328924076469753,0.30554197938333827,0.20389594921145435,0.4368193447065836,0.030453485933925894
asthma_v2_healthy_P4Healthy69S.wav,1,4,3,4,0.07388803338203065,0.03903774254056744,0.12933562738007534,0.03732457175617429,0.7204140249411524
asthma_v2_healthy_P4Healthy77S.wav,1,4,3,1,0.023514940227970304,0.5014990190265322,0.1348581203957852,0.3155054244066998,0.024622495943012725
asthma_v2_pneumonia_P15Pneumonia12I.wav,1,4,4,4,0.02526206404883188,0.011621060629109033,0.04619053957297956,0.0030738145173139736,0.9138525212317656
asthma_v2_pneumonia_P15Pneumonia16R.wav,1,4,4,4,0.12157888650847541,0.012398072716340594,0.07143359067296656,0.00319801002384446,0.7913914400783729
asthma_v2_pneumonia_P15Pneumonia39Y.wav,1,4,4,3,0.038338874827323295,0.0009222931981976108,0.0009090798533836855,0.3438574622727152,0.6159722898483803
asthma_v2_pneumonia_P15Pneumonia56Z.wav,1,4,4,4,0.15512947428404245,0.014259593245546856,0.16434072322564347,0.004650657438469518,0.6616195518062978
asthma_v2_pneumonia_P15Pneumonia58S.wav,1,4,4,4,0.014637705436827523,0.002506385323527788,0.0002690656619642396,0.004469720284630848,0.9781171232930495
asthma_v2_pneumonia_P15Pneumonia81V.wav,1,4,4,4,0.024951287424931416,0.0014934699084928203,0.00023392526262889992,0.002678032671184561,0.9706432847327624
asthma_v2_pneumonia_P1Pneumonia10T.wav,1,4,4,4,0.014806377003505278,0.0004535761339136488,0.0002560469063875847,0.001231348497303004,0.9832526514588906
asthma_v2_pneumonia_P1Pneumonia39F.wav,1,4,4,4,0.014448152852481978,0.0027155197885067412,0.0008846341882467616,0.004268688295401626,0.9776830048753632
asthma_v2_pneumonia_P1Pneumonia41U.wav,1,4,4,4,0.008173548414779732,0.0029183892955626854,0.00017420556120512364,0.004686346540404658,0.9840475101880478
asthma_v2_pneumonia_P1Pneumonia93D.wav,1,4,4,4,0.02074159993214189,0.0005457310214285094,0.00022582322795748218,0.002602968681101053,0.9758838771373712
asthma_v2_pneumonia_P1Pneumonia94J.wav,1,4,4,4,0.03729823521872912,0.008277112885219172,0.002995041450322083,0.018241566397723896,0.9331880440480058
asthma_v2_pneumonia_P1Pneumonia97M.wav,1,4,4,4,0.038787759858140675,0.0013217034216399157,0.0005301051579401398,0.004778452939588541,0.9545819786226906
asthma_v2_pneumonia_P26Pneumonia12X.wav,1,4,4,4,0.03976854428257932,0.003292049633023253,0.004841005728034567,0.288481016734861,0.6636173836215018
asthma_v2_pneumonia_P26Pneumonia66S.wav,1,4,4,3,0.013334180225704312,0.0017811984304643422,0.008790008365434315,0.7623390508744073,0.2137555621039895
asthma_v2_pneumonia_P26Pneumonia72P.wav,1,4,4,4,0.03431238738875471,0.001201663031289288,0.0012560551412171496,0.1354121136239305,0.8278177808148084
asthma_v2_pneumonia_P26Pneumonia83Z.wav,1,4,4,4,0.06145777734456994,0.0007960374702473325,0.0008974718851348132,0.01206096928711424,0.9247877440129337
asthma_v2_pneumonia_P26Pneumonia84P.wav,1,4,4,4,0.03603704813488089,0.0017615284475832951,0.001775468223494729,0.05658058846116168,0.9038453667328795
asthma_v2_pneumonia_P26Pneumonia89E.wav,1,4,4,3,0.0243346518229647,0.0008961748857401702,0.0011821914566839343,0.537318421696296,0.43626856013831483
asthma_v2_pneumonia_P2Pneumonia11Q.wav,1,4,4,4,0.04856623776140154,0.001643663418479787,0.0009520223759072609,0.0014882611693392803,0.947349815274872
asthma_v2_pneumonia_P2Pneumonia28R.wav,1,4,4,4,0.0043664094999632435,0.0007924283169846703,0.00013631245079448546,0.002704859683422194,0.9919999900488353
asthma_v2_pneumonia_P2Pneumonia36Z.wav,1,4,4,4,0.012327856631632227,0.0030412685299554946,0.0006203134365609473,0.003747648998158424,0.9802629124036929
asthma_v2_pneumonia_P2Pneumonia70H.wav,1,4,4,4,0.02269941307378338,0.0009889520023565188,0.0014037624121810614,0.006534511780210496,0.9683733607314685
asthma_v2_pneumonia_P2Pneumonia82A.wav,1,4,4,4,0.013154156263173483,0.0020814142237228603,0.00011825923019138682,0.00740688907529568,0.9772392812076165
asthma_v2_pneumonia_P2Pneumonia93N.wav,1,4,4,4,0.008345058795264476,0.0008507241215655727,0.0005160019832243609,0.010065854250727648,0.9802223608492182
asthma_v2_pneumonia_P33Pneumonia50P.wav,1,4,4,4,0.024657652636433918,0.001438503103583347,0.0003031817501785226,0.010573054801522134,0.9630276077082818
asthma_v2_pneumonia_P33Pneumonia70D.wav,1,4,4,4,0.015032076890529966,0.0006506092812240677,0.00020695270247912898,0.002385848245398933,0.9817245128803679
asthma_v2_pneumonia_P33Pneumonia74T.wav,1,4,4,4,0.015032854639129878,0.0009980324338483293,0.0001952846198686212,0.002311324613092992,0.98146250369406
asthma_v2_pneumonia_P33Pneumonia88U.wav,1,4,4,4,0.010198165166314572,0.0019918539903924664,0.0003622951677138661,0.0024359769468406595,0.9850117087287387
asthma_v2_pneumonia_P33Pneumonia94C.wav,1,4,4,4,0.03681817561574164,0.0011193621005498508,0.00025013769486172685,0.017874977130065892,0.9439373474587807
asthma_v2_pneumonia_P33Pneumonia94P.wav,1,4,4,4,0.015652944254212493,0.00116582008057809,0.0002890509202936294,0.001710026112143139,0.981182158632773
asthma_v2_pneumonia_P39Pneumonia16K.wav,1,4,4,0,0.9072826172295857,0.03852850268331331,0.010739294297935149,0.0031764283754385975,0.04027315741372713
asthma_v2_pneumonia_P39Pneumonia41F.wav,1,4,4,4,0.3613784857262619,0.042642472256367095,0.08531432794475476,0.004142249628157222,0.5065224644444588
asthma_v2_pneumonia_P39Pneumonia49H.wav,1,4,4,4,0.4302440368804577,0.004846675258728661,0.0024101018542844756,0.03220770445802004,0.530291481548509
asthma_v2_pneumonia_P39Pneumonia78Z.wav,1,4,4,0,0.5091317178894187,0.007117374946106374,0.0013460437503514942,0.08033760732116409,0.40206725609295907
asthma_v2_pneumonia_P39Pneumonia85Q.wav,1,4,4,4,0.4177199973117511,0.016309242104136465,0.03136921204654942,0.003559855409552641,0.5310416931280104
asthma_v2_pneumonia_P39Pneumonia87S.wav,1,4,4,4,0.1218747950233259,0.03178108643620732,0.03217885915233595,0.007003542551957366,0.8071617168361734
asthma_v2_pneumonia_P3Pneumonia41L.wav,1,4,4,4,0.03527595933318213,0.0026640401973895113,0.005387945475516051,0.001979209449183329,0.9546928455447288
asthma_v2_pneumonia_P3Pneumonia54K.wav,1,4,4,4,0.05650908192782397,0.0017618152665419757,0.004518524991323923,0.0013138697377392938,0.935896708076571
asthma_v2_pneumonia_P3Pneumonia61R.wav,1,4,4,4,0.05419647775439704,0.001995458518829703,0.16370492945750545,0.10227748401905092,0.6778256502502163
asthma_v2_pneumonia_P3Pneumonia74F.wav,1,4,4,4,0.07640098416856478,0.005702699272375734,0.006847885793296569,0.030316253979499202,0.8807321767862635
asthma_v2_pneumonia_P3Pneumonia75Z.wav,1,4,4,2,0.00850064078742115,0.0037851311678889256,0.5939547695366743,0.19082523753135777,0.20293422097665798
asthma_v2_pneumonia_P3Pneumonia96L.wav,1,4,4,4,0.01874926523803176,0.000705904141752766,0.0014548036689424318,0.0006998422445088782,0.9783901847067642
asthma_v2_pneumonia_P4Pneumonia17R.wav,1,4,4,4,0.014243928411926983,0.001766448012347316,0.4739060036626493,0.06303837329046431,0.4470452466226119
asthma_v2_pneumonia_P4Pneumonia27H.wav,1,4,4,4,0.047707826437355785,0.0025528711579627223,0.036924456095872776,0.052257736556179324,0.8605571097526293
asthma_v2_pneumonia_P4Pneumonia39Q.wav,1,4,4,4,0.03220352027120822,0.008859389405111521,0.13725561941575767,0.03768167749712836,0.7839997934107941
asthma_v2_pneumonia_P4Pneumonia55U.wav,1,4,4,4,0.015896946555660853,0.0031444912367006184,0.048237186171755014,0.02966158608584699,0.9030597899500369
asthma_v2_pneumonia_P4Pneumonia67J.wav,1,4,4,4,0.066713864925105,0.004034174657526425,0.037531691936252366,0.005631276199559765,0.8860889922815564
asthma_v2_pneumonia_P4Pneumonia78E.wav,1,4,4,4,0.06122607251887371,0.0058540053633381935,0.0429567182259648,0.0031364197723912214,0.8868267841194324
asthma_v2_pneumonia_P6Pneumonia15U.wav,1,4,4,4,0.2544703476877962,0.0034514303880086726,0.04897809949363923,0.00737922309906583,0.6857208993314902
asthma_v2_pneumonia_P6Pneumonia17Q.wav,1,4,4,4,0.02017232360733473,0.001967262897050154,0.04389661125270257,0.195020432043755,0.7389433701991578
asthma_v2_pneumonia_P6Pneumonia32L.wav,1,4,4,4,0.08965625542887046,0.004186545883327283,0.03483286596002728,0.004175116009762905,0.8671492167180122
asthma_v2_pneumonia_P6Pneumonia37H.wav,1,4,4,4,0.035826987981005545,0.0074677064209175085,0.0666022550797085,0.1979974086741445,0.6921056418442241
asthma_v2_pneumonia_P6Pneumonia39O.wav,1,4,4,4,0.09554673750992698,0.0027288077354375158,0.03159351977141378,0.0026545637976711496,0.8674763711855504
asthma_v2_pneumonia_P6Pneumonia84M.wav,1,4,4,4,0.026584998306742994,0.0020435933133935774,0.05810550556385073,0.031404530879059686,0.8818613719369529
