file_id,repeat,fold,y_true,y_pred,p_asthma,p_bronchial,p_copd,p_healthy,p_pneumonia
asthma_v2_Bronchial_P10BronchialSc_50.wav,0,0,1,1,0.03111828720175513,0.920851847662148,0.02722719374310095,0.007378899399653441,0.013423771993342652
asthma_v2_Bronchial_P11BronchialSc_54.wav,0,0,1,4,0.041605109726658734,0.1028718612414911,0.01969012180987746,0.12182965476658893,0.7140032524553839
asthma_v2_Bronchial_P12BronchialTc_57.wav,0,0,1,0,0.9355937604966613,0.03535058385095726,0.004273874133314697,0.0005234078136021208,0.024258373705464614
asthma_v2_Bronchial_P12BronchialTc_59.wav,0,0,1,0,0.8623428493330689,0.05220848868065885,0.012114435609367563,0.0020084236911843403,0.07132580268572025
asthma_v2_Bronchial_P13BronchialTc_65.wav,0,0,1,0,0.6823113709911695,0.14469429284967916,0.09487637654460458,0.010383330861923737,0.06773462875262341
asthma_v2_Bronchial_P14BronchialSc_70.wav,0,0,1,1,0.005942330051015922,0.9769050491417656,0.006806034158363865,0.006325280726000289,0.004021305922854447
asthma_v2_Bronchial_P15BronchialSc_74.wav,0,0,1,1,0.009732662864237806,0.9155196641297046,0.06281049845219443,0.003586372567713851,0.008350801986149582
asthma_v2_Bronchial_P17BronchialSc_84.wav,0,0,1,1,0.014832754744565628,0.9682303942748871,0.005490332782167141,0.005135096033484306,0.006311422164895706
asthma_v2_Bronchial_P18BronchialSc_90.wav,0,0,1,1,0.016984069977984944,0.9337579547596304,0.0326329616482232,0.0029695055284165387,0.013655508085745276
asthma_v2_Bronchial_P19BronchialSc_94.wav,0,0,1,1,0.028319648313271297,0.8915704821842476,0.058506813400246695,0.00603636007652131,0.015566696025713063
asthma_v2_Bronchial_P19BronchialTc_91.wav,0,0,1,1,0.0966893839776029,0.4038484605226509,0.43538681655013967,0.012227651622830092,0.05184768732677652
asthma_v2_Bronchial_P19BronchialTc_93.wav,0,0,1,1,0.02726474686491256,0.9108158670116264,0.04574929384519593,0.0037505839903329407,0.012419508287931858
asthma_v2_Bronchial_P1BronchialSc_4.wav,0,0,1,1,0.034619469621817896,0.9164226474784526,0.027811885045125984,0.006763825565349024,0.01438217228925452
asthma_v2_Bronchial_P1BronchialTc_5.wav,0,0,1,1,0.025772423258835,0.9412986789919359,0.01754145761265294,0.004216474790279491,0.01117096534629687
asthma_v2_Bronchial_P20BronchialTc_99.wav,0,0,1,1,0.0714782056049616,0.6835788121229049,0.17675901574811825,0.03937833684819144,0.028805629675823518
asthma_v2_Bronchial_P21BronchialTc_103.wav,0,0,1,1,0.03580219043478875,0.48069529963257357,0.04889838873599794,0.15764538534157757,0.27695873585506237
asthma_v2_Bronchial_P3BronchialTc_11.wav,0,0,1,1,0.032580137653066624,0.9074339113508618,0.027587072210296045,0.017326757531093785,0.015072121254681561
asthma_v2_Bronchial_P3BronchialTc_15.wav,0,0,1,1,0.00866910679123624,0.9509527146472675,0.014999248709578169,0.017439250090614276,0.007939679761303787
asthma_v2_Bronchial_P5BronchialSc_22.wav,0,0,1,1,0.003809969343323636,0.9182966955384532,0.017633446423989958,0.05214928208282527,0.008110606611407962
asthma_v2_Bronchial_P7BronchialSc_34.wav,0,0,1,1,0.0042184422826893496,0.9623002643068651,0.011096203535363705,0.017160699887193535,0.005224389987888332
asthma_v2_Bronchial_P8BronchialTc_39.wav,0,0,1,1,0.0023605028153998696,0.9745408162283326,0.01448206270233211,0.006664135172648702,0.0019524830812868745
asthma_v2_asthma_P11WheezingRS_52.wav,0,0,0,0,0.8503514770092896,0.10748129023416747,0.010502325125054392,0.004864133021166128,0.026800774610322278
asthma_v2_asthma_P13WheezingIE_65.wav,0,0,0,0,0.824496708424923,0.040816354889424845,0.016778087035296055,0.0018484611041797113,0.11606038854617622
asthma_v2_asthma_P13WheezingRL_63.wav,0,0,0,0,0.815690988604248,0.054147607857466515,0.02007575921424321,0.00319314103082365,0.10689250329321856
asthma_v2_asthma_P14WheezingRL_67.wav,0,0,0,0,0.8770288073853769,0.011868199690893845,0.014160851248204107,0.004645209662523695,0.09229693201300151
asthma_v2_asthma_P16WheezingIU_78.wav,0,0,0,0,0.7860677922134917,0.009153465343492248,0.030279983449887787,0.005791628196320505,0.16870713079680782
asthma_v2_asthma_P16WheezingRL_79.wav,0,0,0,4,0.30193124419515494,0.002438485310108111,0.02377395220439063,0.018547583607810527,0.6533087346825359
asthma_v2_asthma_P16WheezingRS_80.wav,0,0,0,0,0.9102362772689472,0.028895480629887515,0.0080169688518007,0.0010814816109447106,0.05176979163842013
asthma_v2_asthma_P18WheezingIE_89.wav,0,0,0,0,0.9438215897863874,0.022373474647902052,0.004796839990243609,0.0023587974088544014,0.026649298166612167
asthma_v2_asthma_P18WheezingIU_86.wav,0,0,0,0,0.4817975620086084,0.003025908424538946,0.021601313646160566,0.001530797642195635,0.4920444182784966
asthma_v2_asthma_P18WheezingRS_88.wav,0,0,0,0,0.5441568508141096,0.0279956806141546,0.00474840704255016,0.010079103422840798,0.41301995810634506
asthma_v2_asthma_P19WheezingIU_94.wav,0,0,0,0,0.7723670094462789,0.0627894493892822,0.05472427735217439,0.0008363070869173929,0.10928295672534732
asthma_v2_asthma_P19WheezingRL_91.wav,0,0,0,0,0.970549296851008,0.009589066743293094,0.0024920748147064273,0.00024606956846209496,0.017123492022530492
asthma_v2_asthma_P19WheezingRL_95.wav,0,0,0,0,0.9728550995520007,0.0071057719145481675,0.002031698975453098,0.00018206501105734625,0.017825364546940795
asthma_v2_asthma_P1AsthmaIE_1.wav,0,0,0,0,0.8427832890806486,0.0077977317988404725,0.05449399808552113,0.008120129403388587,0.08680485163160098
asthma_v2_asthma_P1AsthmaRL_3.wav,0,0,0,4,0.3915682219528533,0.0020754518363142902,0.01288092950448839,0.027303871893868834,0.5661715248124753
asthma_v2_asthma_P20WheezingRS_96.wav,0,0,0,0,0.950365230708536,0.022042484110944824,0.0018806403608600806,0.0008539905006412159,0.024857654319017618
asthma_v2_asthma_P22WheezingRL_107.wav,0,0,0,0,0.4654837138195132,0.06013893496009288,0.08665681987063766,0.09938089359571099,0.2883396377540451
asthma_v2_asthma_P24WheezingIE_117.wav,0,0,0,0,0.8044689394253969,0.0034951543360862633,0.09511953444999689,0.0006280725744280907,0.09628829921409218
asthma_v2_asthma_P24WheezingIU_118.wav,0,0,0,0,0.7236511701736538,0.01161448932309229,0.02348011454650871,0.00957461901752512,0.23167960693922007
asthma_v2_asthma_P26WheezingIU_130.wav,0,0,0,0,0.8544034332473183,0.013483733359646232,0.024475949160917075,0.0004976528903665802,0.10713923134175216
asthma_v2_asthma_P27WheezingIU_134.wav,0,0,0,0,0.8279773382855534,0.011489082859155538,0.001202535760959105,0.0007682539702834177,0.1585627891240485
asthma_v2_asthma_P27WheezingRS_132.wav,0,0,0,0,0.9318316665167954,0.0025984068682185675,0.03922951929202344,0.001041296305074188,0.025299111017888207
asthma_v2_asthma_P29WheezingRL_143.wav,0,0,0,0,0.6175019239527652,0.013321737156080298,0.10006980460130306,0.0011650995480490193,0.26794143474180243
asthma_v2_asthma_P30WheezingIU_146.wav,0,0,0,0,0.5000712135194837,0.001181284739894495,0.001547621731794727,0.00045014630521020304,0.49674973370361664
asthma_v2_asthma_P31WheezingRL_151.wav,0,0,0,0,0.7323374277210769,0.03443064792601798,0.061724108295308264,0.001458704523948275,0.17004911153364907
asthma_v2_asthma_P36WheezingRL_179.wav,0,0,0,0,0.7632341439984487,0.06432203757881597,0.11107327580001604,0.0026481313565293067,0.05872241126618991
asthma_v2_asthma_P36WheezingRS_180.wav,0,0,0,0,0.7666895222556931,0.1765696221106985,0.03404293730504335,0.002170011399410503,0.020527906929154783
asthma_v2_asthma_P38WheezingIU_186.wav,0,0,0,0,0.9230874872505359,0.010801469099693916,0.03275716970179917,0.00535145192110421,0.028002422026866806
asthma_v2_asthma_P39WheezingIE_193.wav,0,0,0,0,0.927681096933586,0.02031973547092052,0.014030120259899314,0.0003775086248678205,0.037591538710726256
asthma_v2_asthma_P3AsthmaIU_14.wav,0,0,0,0,0.9389415413486484,0.012259022455248642,0.00507003104129838,0.001203295690239409,0.04252610946456488
asthma_v2_asthma_P3AsthmaRS_12.wav,0,0,0,0,0.7455978994658308,0.011107340580245194,0.07236584798405267,0.0059126306027637516,0.16501628136710755
asthma_v2_asthma_P40WheezingIU_198.wav,0,0,0,0,0.9198836997807736,0.027098660411751397,0.04765289350413678,0.0001927418067461281,0.005172004496592203
asthma_v2_asthma_P40WheezingRL_199.wav,0,0,0,0,0.9300890343435878,0.009148678781074024,0.049346507881114325,0.00018166657652922825,0.011234112417694427
asthma_v2_asthma_P40WheezingRS_200.wav,0,0,0,0,0.7127575214154418,0.027036393028137963,0.2504760610574866,0.00034068009622855697,0.009389344402705214
asthma_v2_asthma_P43WheezingIE_213.wav,0,0,0,0,0.7959808945122527,0.034684392779062566,0.1341885573996866,0.01826032122327819,0.016885834085719607
asthma_v2_asthma_P44WheezingIE_217.wav,0,0,0,0,0.9197738912535315,0.0036435489966025365,0.011315752799168374,0.00044552470427576714,0.06482128224642181
asthma_v2_asthma_P45WheezingRS_224.wav,0,0,0,0,0.7745783923492413,0.007463799398359457,0.09406474746486919,0.0020955893974489424,0.12179747139008129
asthma_v2_asthma_P47WheezingIU_234.wav,0,0,0,0,0.9046315883912438,0.005197777325450579,0.07928884854790638,0.0002493624991554646,0.010632423236243587
asthma_v2_asthma_P49WheezingRS_244.wav,0,0,0,0,0.9629014091662074,0.001614221724711015,0.022937658508415927,0.0009153412556391781,0.011631369345026333
asthma_v2_asthma_P4AsthmaRS_20.wav,0,0,0,0,0.8830776821582303,0.027560142641808807,0.010946736451149833,0.0020115307783363473,0.0764039079704747
asthma_v2_asthma_P51WheezingRL_255.wav,0,0,0,0,0.8822348600858902,0.016129673968111293,0.043630766694337395,0.0008324759909117662,0.057172223260749215
asthma_v2_asthma_P52WheezingIE_257.wav,0,0,0,0,0.887071950568527,0.005676029670071971,0.07187924450245092,0.0013570197431476921,0.03401575551580247
asthma_v2_asthma_P53WheezingRL_263.wav,0,0,0,4,0.054048330789993035,0.028734124762415738,0.244632102763062,0.06625181792316026,0.6063336237613692
asthma_v2_asthma_P54WheezingIE_269.wav,0,0,0,1,0.08175855427884525,0.3635879007581302,0.11810063615120826,0.04899728074872304,0.38755562806309324
asthma_v2_asthma_P54WheezingIU_270.wav,0,0,0,3,0.056238617113962705,0.23764697244005942,0.03452097168241655,0.3335846645214581,0.33800877424210324
asthma_v2_asthma_P55WheezingIU_274.wav,0,0,0,4,0.02257344021236159,0.003648247390319973,0.007795707471867404,0.11529069531135236,0.8506919096140987
asthma_v2_asthma_P55WheezingRL_271.wav,0,0,0,3,0.10817073960856437,0.19081355715385387,0.12962104862569362,0.329693794647834,0.24170085996405405
asthma_v2_asthma_P55WheezingRS_272.wav,0,0,0,4,0.05449702731455082,0.013262039127635966,0.1363515833479609,0.1224410739100002,0.6734482762998525
asthma_v2_asthma_P56WheezingIE_277.wav,0,0,0,4,0.18364655290524132,0.00779351375621086,0.00513050977156803,0.0006601750968695028,0.8027692484701102
asthma_v2_asthma_P58WheezingIU_286.wav,0,0,0,4,0.04668544974729425,0.002170296915616603,0.002969753371282424,0.0070744315218050505,0.9411000684440013
asthma_v2_asthma_P5AsthmaIE_21.wav,0,0,0,0,0.9396656428254682,0.014851124692721653,0.00578340456283709,0.004069733149468442,0.03563009476950486
asthma_v2_asthma_P5AsthmaRL_23.wav,0,0,0,0,0.9149691213891057,0.011616333094296463,0.00512418961666945,0.005402768058877247,0.06288758784105096
asthma_v2_asthma_P6AsthmaIU_26.wav,0,0,0,0,0.8214834122023176,0.039700289532090545,0.03269435027678642,0.009547360064462482,0.09657458792434281
asthma_v2_asthma_P6AsthmaRL_27.wav,0,0,0,0,0.6430914337996883,0.006340992404290095,0.015382403171493019,0.012086945927250065,0.3230982246972788
asthma_v2_asthma_P8AsthmaRS_40.wav,0,0,0,0,0.7015809497366317,0.029251671654498167,0.05260947796736896,0.006852153574725808,0.20970574706677514
asthma_v2_asthma_P9AsthmaIE_41.wav,0,0,0,0,0.6605660440393384,0.00593042704461466,0.00567807204984556,0.004736736440586081,0.3230887204256152
asthma_v2_asthma_P9AsthmaIE_45.wav,0,0,0,0,0.9266158147728085,0.023799925810640256,0.007878982792898868,0.0013107778968752017,0.04039449872677693
asthma_v2_asthma_P9AsthmaRL_43.wav,0,0,0,0,0.948069915003673,0.007913590925779134,0.009559137868754394,0.002611121345165927,0.03184623485662739
asthma_v2_copd_P10COPDMc_80.wav,0,0,2,0,0.9240834115401646,0.006045621330918431,0.03617588708092854,0.0010954368844703513,0.032599643163518134
asthma_v2_copd_P11COPDMc_86.wav,0,0,2,2,0.06871480582114964,0.019823742106469124,0.8723315011372407,0.013240259797720429,0.025889691137420096
asthma_v2_copd_P11COPDPr_83.wav,0,0,2,2,0.02270907536145807,0.014073166631064359,0.9594322843085976,0.0010473588726418659,0.002738114826238077
asthma_v2_copd_P13COPDMc_100.wav,0,0,2,2,0.003676848759738854,0.02985981848116412,0.947917370041685,0.015542997750910836,0.0030029649665016664
asthma_v2_copd_P13COPDMc_102.wav,0,0,2,2,0.004124212422529268,0.0022581522818575367,0.9900071775741223,0.00038903559035343663,0.003221422131137367
asthma_v2_copd_P13COPDPr_103.wav,0,0,2,2,0.005914530443456796,0.0028818579688717916,0.9882787630400718,0.00031890930115485884,0.0026059392464448704
asthma_v2_copd_P14COPDMc_112.wav,0,0,2,2,0.3227630894317306,0.015100748402462527,0.6522265200451473,0.003355469616586924,0.006554172504072658
asthma_v2_copd_P14COPDPr_111.wav,0,0,2,4,0.3617733351389434,0.020238404531933506,0.31985081695408735,0.007522387934597233,0.2906150554404385
asthma_v2_copd_P15COPDMc_120.wav,0,0,2,2,0.13197837335611745,0.08340927859179748,0.7528928497464096,0.009515546381615591,0.02220395192405942
asthma_v2_copd_P15COPDPr_113.wav,0,0,2,2,0.17892157402136324,0.019786177850134024,0.7983573419222872,0.0013363222930269365,0.0015985839131886586
asthma_v2_copd_P15COPDPr_119.wav,0,0,2,2,0.0150958781831564,0.00408144766422457,0.9716873633610389,0.005648609841306134,0.003486700950273628
asthma_v2_copd_P16COPDMc_128.wav,0,0,2,2,0.0007433839690454913,0.0002528962989724643,0.9983796464514499,0.00010182716489220804,0.0005222461156399431
asthma_v2_copd_P16COPDPr_121.wav,0,0,2,2,2.0018494993902977e-06,1.433375971690187e-06,0.9982936681209161,2.4953738609277404e-05,0.0016779429150035167
asthma_v2_copd_P16COPDPr_125.wav,0,0,2,2,4.987614974715193e-07,3.5228969967115625e-07,0.99952161091155,1.4837519300923196e-05,0.0004627005179519442
asthma_v2_copd_P16COPDPr_127.wav,0,0,2,2,5.10663293488857e-07,3.939214462807718e-07,0.9997536838630762,1.2681035108808855e-05,0.00023273051707514984
asthma_v2_copd_P17COPDMc_132.wav,0,0,2,2,0.0010130208703636298,0.0001517023815467616,0.9979821323362168,0.00013310134033237922,0.0007200430715401762
asthma_v2_copd_P17COPDMc_136.wav,0,0,2,2,0.003915746001615232,0.001880199643299467,0.9911592991288674,0.0006426983406450262,0.00240205688557288
asthma_v2_copd_P17COPDPr_131.wav,0,0,2,2,0.0016218811023372922,0.0005461639557255714,0.994610370474842,0.0023522129680184443,0.0008693714990760881
asthma_v2_copd_P17COPDPr_135.wav,0,0,2,2,0.0031681254902591175,0.0014023122654112522,0.9921842104462502,0.0005194185459145013,0.0027259332521651124
asthma_v2_copd_P19COPDMc_146.wav,0,0,2,2,0.013207517311977538,0.007577736711833441,0.9724920398075136,0.0021925718685369346,0.004530134300138253
asthma_v2_copd_P1COPDMc_4.wav,0,0,2,2,0.007433852034253583,0.002265139718968269,0.8489787374351064,0.008895449618959555,0.13242682119271224
asthma_v2_copd_P1COPDMc_6.wav,0,0,2,2,0.0021714275244543104,0.0004410014882975266,0.9878401116274157,0.001236788609186473,0.008310670750646046
asthma_v2_copd_P20COPDMc_156.wav,0,0,2,2,0.13571501425795773,0.017791586297524444,0.7553797351196843,0.007172579379279126,0.0839410849455546
asthma_v2_copd_P20COPDPr_159.wav,0,0,2,2,0.0020361234377049148,0.00016142119777420828,0.9962724781556019,0.00039349262832030004,0.0011364845805985906
asthma_v2_copd_P21COPDMc_166.wav,0,0,2,2,0.006472427603080436,0.024667037858281286,0.9612483721929631,0.0009341591691118708,0.006678003176563424
asthma_v2_copd_P21COPDPr_161.wav,0,0,2,2,0.003467472712950948,0.0012839355711075481,0.9937420931814441,0.0005002796406889979,0.001006218893808305
asthma_v2_copd_P22COPDMc_170.wav,0,0,2,2,0.003027437605150172,0.001128212622722015,0.9818897321489,0.00320569683765913,0.010748920785568838
asthma_v2_copd_P22COPDMc_174.wav,0,0,2,2,0.01075706622405399,0.0017345076200964422,0.900095577584354,0.02906272794157108,0.05835012062992459
asthma_v2_copd_P23COPDMc_178.wav,0,0,2,2,0.013074263753103934,0.003958586084276988,0.8540175388650441,0.11592522262946867,0.013024388668106764
asthma_v2_copd_P23COPDMc_180.wav,0,0,2,2,0.0019500093309082471,0.0005249272116473738,0.9909531864798959,0.003732581732676039,0.0028392952448721004
asthma_v2_copd_P24COPDMc_190.wav,0,0,2,2,0.0067513782889044695,0.006683733215532038,0.8433650955173769,0.08129248298804115,0.061907309990145654
asthma_v2_copd_P25COPDPr_195.wav,0,0,2,2,0.00032804852549239553,0.010155291665575005,0.9805226035493226,0.007789621754309543,0.0012044345053004646
asthma_v2_copd_P25COPDPr_197.wav,0,0,2,2,0.0009622651750760468,0.0005816627491616995,0.9970436819778584,0.0011126917562570577,0.0002996983416468875
asthma_v2_copd_P26COPDMc_206.wav,0,0,2,2,0.005039988021655769,0.0038270480380778148,0.9867352529696652,0.0009499537898129996,0.0034477571807884407
asthma_v2_copd_P26COPDPr_201.wav,0,0,2,2,9.838446735367922e-08,1.4921194310343763e-07,0.9998029190630731,9.145386044862765e-05,0.00010537948006779056
asthma_v2_copd_P27COPDMc_214.wav,0,0,2,2,0.0005618767216051388,0.00040527543674237086,0.9985332677368716,0.00013900404177724803,0.000360576063003569
asthma_v2_copd_P27COPDMc_216.wav,0,0,2,2,0.00040783905545988084,0.0001759593884260886,0.9978180692423584,0.001166331174696564,0.00043180113905913074
asthma_v2_copd_P27COPDPr_211.wav,0,0,2,2,0.005984924428469573,0.0026961354868095927,0.9879786793859766,0.0018712955598906478,0.0014689651388537167
asthma_v2_copd_P2COPDMc_14.wav,0,0,2,2,0.0072447095371952624,0.0003362684406145048,0.9914239104667185,0.0006737847118681267,0.0003213268436039461
asthma_v2_copd_P2COPDPr_13.wav,0,0,2,0,0.6737643061530495,0.003436593499577856,0.2835184692103615,0.003300586678507424,0.035980044458503634
asthma_v2_copd_P30COPDMc_236.wav,0,0,2,2,0.0014064185970670572,0.0007949142068887033,0.9948251912196264,0.002382992744625762,0.0005904832317921596
asthma_v2_copd_P30COPDPr_239.wav,0,0,2,2,3.9694859594524085e-08,5.20113819479714e-08,0.999940286165965,4.2111416061959886e-05,1.7510711731476455e-05
asthma_v2_copd_P31COPDMc_246.wav,0,0,2,2,0.008005782664980993,0.0002809714159422878,0.9906905677205218,0.00045759534923851255,0.0005650828493164332
asthma_v2_copd_P31COPDPr_241.wav,0,0,2,2,6.973593163066329e-08,9.144984732058081e-08,0.9999322578642778,4.08502695584728e-05,2.6730680384976925e-05
asthma_v2_copd_P31COPDPr_245.wav,0,0,2,2,0.03038698862539356,0.001053157095113445,0.967069604701195,0.0007725733910274499,0.0007176761872707021
asthma_v2_copd_P31COPDPr_247.wav,0,0,2,2,0.008669371123508617,0.002074389019589846,0.9862268339579716,0.0014581980033509068,0.0015712078955792041
asthma_v2_copd_P33COPDPr_257.wav,0,0,2,2,0.008397108266554335,0.000773418131512596,0.9903423104616124,0.00021208126375424252,0.00027508187656640577
asthma_v2_copd_P33COPDPr_259.wav,0,0,2,2,0.008283785854742163,0.058986091548341966,0.8088114665165254,0.06079517275580152,0.06312348332458903
asthma_v2_copd_P33COPDPr_263.wav,0,0,2,2,0.009813285879533252,0.18840755004041035,0.7839107982001583,0.011381186994018598,0.006487178885879698
asthma_v2_copd_P34COPDMc_272.wav,0,0,2,2,0.0021520110278793313,0.013875566900509008,0.9823442904129205,0.0001229549992818935,0.001505176659408994
asthma_v2_copd_P36COPDMc_282.wav,0,0,2,2,0.07300349128870982,0.07978765598113931,0.7612208959255096,0.011891735060347701,0.07409622174429357
asthma_v2_copd_P36COPDMc_288.wav,0,0,2,2,0.010603204318990998,0.012482403443841375,0.9694574358795893,0.0037212321397560202,0.003735724217822162
asthma_v2_copd_P37COPDMc_296.wav,0,0,2,2,0.00801736988716193,0.00291234950555015,0.9855544397002078,0.0016581596408425888,0.001857681266237601
asthma_v2_copd_P39COPDMc_308.wav,0,0,2,2,0.002250132387320512,0.008731665588056834,0.9684547420306051,0.0014845283348315433,0.019078931659186067
asthma_v2_copd_P39COPDPr_307.wav,0,0,2,2,0.007958405476114313,0.008113072807976454,0.8457992340917873,0.002789727701785217,0.1353395599223369
asthma_v2_copd_P40COPDPr_317.wav,0,0,2,2,3.054028953286655e-08,3.660680953712589e-08,0.9999627363123366,8.439239793955026e-06,2.8757300770463263e-05
asthma_v2_copd_P41COPDMc_324.wav,0,0,2,2,0.000790899545034921,0.0006386938819724717,0.9967179465797601,0.0009943266672748955,0.0008581333259570905
asthma_v2_copd_P41COPDPr_323.wav,0,0,2,2,0.0003323978799511715,0.00013913565199427143,0.998246591950636,0.00022717218034198238,0.0010547023370764777
asthma_v2_copd_P41COPDPr_327.wav,0,0,2,2,0.000604136110267124,0.0009849966539877471,0.9977701097116938,0.00021400901496139245,0.00042674850909005957
asthma_v2_copd_P42COPDMc_334.wav,0,0,2,2,0.0005935883755240028,0.0006350244746563474,0.9903030022745051,0.007177763879888459,0.0012906209954257812
asthma_v2_copd_P42COPDPr_331.wav,0,0,2,2,7.913630442343112e-07,1.7880978891697257e-06,0.9993270508195556,0.0005252619684920138,0.00014510775101892517
asthma_v2_copd_P44COPDMc_352.wav,0,0,2,2,0.0003485719534511122,0.00027954541204461763,0.9977889753973864,0.0005191152887542044,0.0010637919483639977
asthma_v2_copd_P45COPDMc_356.wav,0,0,2,2,3.3854914010068726e-07,2.763528148144472e-07,0.9993943881966845,0.00044309940521869786,0.00016189749614177988
asthma_v2_copd_P45COPDMc_360.wav,0,0,2,2,0.00994947462090381,0.003074766878317665,0.7484143006210567,0.18652988108786425,0.05203157679185783
asthma_v2_copd_P45COPDPr_355.wav,0,0,2,2,6.91430131051892e-08,6.849544886650505e-08,0.9997381016063103,0.00019770166166359422,6.405909356434822e-05
asthma_v2_copd_P45COPDPr_357.wav,0,0,2,2,4.407802551894259e-08,3.910804600350904e-08,0.9998362145404224,0.00011045345551425375,5.324881799188963e-05
asthma_v2_copd_P47COPDPr_371.wav,0,0,2,4,0.0357785974554733,0.08187504792999785,0.39938326296207005,0.009339350729999758,0.4736237409224594
asthma_v2_copd_P48COPDPr_379.wav,0,0,2,2,0.012428064768707664,0.0051168489018781245,0.9787872331737366,0.0012674121165388845,0.0024004410391388936
asthma_v2_copd_P49COPDMc_390.wav,0,0,2,2,0.0001814626072975982,0.0026155274446107222,0.9875754259059972,0.007614982932441548,0.002012601109652549
asthma_v2_copd_P49COPDPr_391.wav,0,0,2,2,0.0002543272789816532,0.0006396351290704888,0.9985664624896182,0.0003309676659932362,0.00020860743633636787
asthma_v2_copd_P50COPDPr_397.wav,0,0,2,2,0.0025234062662844053,0.00027039964916923567,0.993799217826023,0.0012619800565957671,0.002144996201927133
asthma_v2_copd_P50COPDPr_399.wav,0,0,2,2,0.002289648631482775,0.00039803038947439393,0.9953189163879514,0.0005492954330128758,0.001444109158078338
asthma_v2_copd_P5COPDPr_37.wav,0,0,2,2,0.002025987865940764,0.02132631336720304,0.9595659110804888,0.005442102237141419,0.011639685449225567
asthma_v2_copd_P5COPDPr_39.wav,0,0,2,2,0.0033023339053632056,0.03766745248123837,0.9354605533836473,0.009200409645240925,0.014369250584510437
asthma_v2_copd_P7COPDMc_52.wav,0,0,2,2,0.009014688048909909,0.00904982946080245,0.9755494331495606,0.002755629911782942,0.0036304194289441677
asthma_v2_copd_P7COPDPr_53.wav,0,0,2,2,0.004705266139319637,0.002253010319149253,0.9857966274248772,0.005160652436888947,0.0020844436797651028
asthma_v2_copd_P8COPDPr_57.wav,0,0,2,2,0.002259330355042467,0.00028176271193646943,0.9941779943475818,0.0007894306494573146,0.002491481935982128
asthma_v2_copd_P8COPDPr_59.wav,0,0,2,2,0.0012225151521617537,0.00042222754462357303,0.9962491564428558,0.00019687113793329192,0.0019092297224259493
asthma_v2_copd_P9COPDMc_68.wav,0,0,2,2,0.0005350175546435839,0.00010278369321550755,0.9985998739215091,0.00015460418535265182,0.0006077206452789978
asthma_v2_copd_P9COPDPr_69.wav,0,0,2,2,0.0009657691271204935,0.0001334856821284032,0.9978179174904455,0.00015119674120742774,0.0009316309590982524
asthma_v2_healthy_P10Healthy10S.wav,0,0,3,4,0.051916045824993366,0.03156533548693592,0.024717884210618088,0.0644776999416051,0.8273230345358472
asthma_v2_healthy_P11Healthy18S.wav,0,0,3,3,0.027061154070008798,0.11796757784398876,0.08737576714962177,0.683675614955526,0.08391988598085483
asthma_v2_healthy_P11Healthy30S.wav,0,0,3,3,0.08521851585213122,0.22718485337207955,0.19057482852977367,0.44460454283022155,0.05241725941579424
asthma_v2_healthy_P11Healthy73S.wav,0,0,3,3,0.03753776406913494,0.07027830715396263,0.14464386594869763,0.7069706518838607,0.04056941094434411
asthma_v2_healthy_P12Healthy67S.wav,0,0,3,3,0.08446918800722503,0.11084724016023151,0.22975391974126677,0.38869981283044414,0.18622983926083286
asthma_v2_healthy_P13Healthy28S.wav,0,0,3,3,0.01316454372578741,0.009332544789619625,0.046259429473405056,0.9124584421764778,0.018785039834710218
asthma_v2_healthy_P13Healthy48S.wav,0,0,3,3,0.020273739244091732,0.019676564740158834,0.03885491506289171,0.9010296700941751,0.02016511085868274
asthma_v2_healthy_P17Healthy22S.wav,0,0,3,3,0.013914851552615974,0.01974277067207389,0.037988840436804026,0.7727198912745271,0.15563364606397914
asthma_v2_healthy_P17Healthy58S.wav,0,0,3,3,0.02293779986789157,0.022036839344040677,0.0659217946409127,0.30697346557386745,0.5821301005732876
asthma_v2_healthy_P17Healthy83S.wav,0,0,3,4,0.018963601788569387,0.033850818910780706,0.05208382879421263,0.055233981064734705,0.8398677694417029
asthma_v2_healthy_P18Healthy17S.wav,0,0,3,3,0.012786115227176374,0.004212972049642997,0.01910870905451447,0.9140228458671349,0.049869357801531206
asthma_v2_healthy_P1Healthy55S.wav,0,0,3,3,0.003067176404686965,0.002845763936278442,0.019560239873210473,0.9606199832718851,0.013906836513939232
asthma_v2_healthy_P22Healthy88S.wav,0,0,3,3,0.010563248928686863,0.002128001724496783,0.0020814881575134184,0.8337189951525207,0.15150826603678247
asthma_v2_healthy_P23Healthy98S.wav,0,0,3,3,0.01116520865351839,0.00192024742809596,0.0030019824668697584,0.9646694888431184,0.019243072608397752
asthma_v2_healthy_P24Healthy58S.wav,0,0,3,3,0.004685314013760607,0.011353360686089957,0.002311062004508169,0.9612192500071034,0.02043101328853783
asthma_v2_healthy_P24Healthy63S.wav,0,0,3,3,0.018617763367568815,0.02200619239908252,0.1675433979011398,0.6952094260598762,0.09662322027233296
asthma_v2_healthy_P24Healthy95S.wav,0,0,3,3,0.017361404381294018,0.025892830587003396,0.17737325998486705,0.6164523310300529,0.16292017401678244
asthma_v2_healthy_P25Healthy20S.wav,0,0,3,3,0.02970671820676319,0.0063087867975315974,0.0048147851055196115,0.5563275568005085,0.4028421530896767
asthma_v2_healthy_P2Healthy30S.wav,0,0,3,3,0.008022551681071792,0.0018644411498703268,0.006112389972264704,0.8169724301886366,0.16702818700815641
asthma_v2_healthy_P3Healthy49S.wav,0,0,3,3,0.008765717703979799,0.03904725190362565,0.013571079482052752,0.8946374110494283,0.04397853986091313
asthma_v2_healthy_P3Healthy57S.wav,0,0,3,3,0.02662085200436788,0.03272161039511078,0.00540707798445131,0.9066317917077976,0.028618667908272628
asthma_v2_healthy_P3Healthy84S.wav,0,0,3,3,0.0016556865337980123,0.01600526904741492,0.00819438018137326,0.954261992505559,0.019882671731855085
asthma_v2_healthy_P4Healthy77S.wav,0,0,3,3,0.024899099209578685,0.21741331409561462,0.09993362506701198,0.628291753563924,0.029462208063871047
asthma_v2_healthy_P6Healthy34S.wav,0,0,3,3,0.03882240816223653,0.0011378729101821222,0.007076392018287948,0.7541648387766968,0.19879848813259635
asthma_v2_healthy_P6Healthy71S.wav,0,0,3,3,0.016980964821214736,0.03920590405097055,0.03526887875795945,0.8693469407714,0.039197311598455485
asthma_v2_healthy_P8Healthy70S.wav,0,0,3,3,0.0494565457006439,0.1010923003361967,0.09640894711079649,0.6697526619623212,0.08328954489004174
asthma_v2_healthy_P9Healthy31S.wav,0,0,3,3,0.46510925281464277,0.011809915086494769,0.00311754451064362,0.2822826439625376,0.23768064362568128
asthma_v2_pneumonia_P10Pneumonia73G.wav,0,0,4,4,0.03631270865404177,0.004392081986005821,0.009813564485344192,0.0008518948456379442,0.9486297500289705
asthma_v2_pneumonia_P10Pneumonia80J.wav,0,0,4,4,0.03418400646539088,0.01730297959906014,0.0504460064827198,0.0055629497321820235,0.8925040577206472
asthma_v2_pneumonia_P10Pneumonia93W.wav,0,0,4,4,0.02128091959425802,0.008536294459989914,0.031578400321674624,0.02550094472635195,0.9131034408977257
asthma_v2_pneumonia_P11Pneumonia18T.wav,0,0,4,4,0.1520073740717539,0.012286083624047116,0.27636306398102145,0.004326147451595905,0.5550173308715814
asthma_v2_pneumonia_P12Pneumonia97E.wav,0,0,4,4,0.08207449020722067,0.05395638933493093,0.0659504481612393,0.03522454673363354,0.7627941255629759
asthma_v2_pneumonia_P13Pneumonia20R.wav,0,0,4,4,0.09256223467520357,0.003996564874433162,0.007665039677014773,0.08961335009584435,0.8061628106775043
asthma_v2_pneumonia_P13Pneumonia60R.wav,0,0,4,4,0.06331954424792104,0.0018235676195685043,0.003393429813686172,0.12548388371745967,0.8059795746013644
asthma_v2_pneumonia_P14Pneumonia19W.wav,0,0,4,4,0.21872310042455786,0.005088292546136951,0.017363569011932145,0.0007027752147680454,0.758122262802605
asthma_v2_pneumonia_P14Pneumonia62B.wav,0,0,4,4,0.24959406079332888,0.02579124272440046,0.008631594823093267,0.0028924307927177496,0.7130906708664602
asthma_v2_pneumonia_P15Pneumonia16R.wav,0,0,4,4,0.19124741106590595,0.03640675529327273,0.1422903057185608,0.008426250347327016,0.6216292775749337
asthma_v2_pneumonia_P15Pneumonia39Y.wav,0,0,4,3,0.01855863990249866,0.0011156540398167493,0.0012558309571584323,0.4662507384083406,0.5128191366921853
asthma_v2_pneumonia_P15Pneumonia56Z.wav,0,0,4,4,0.20032194629764322,0.02791288392550999,0.2543848028753121,0.007929643906644569,0.50945072299489
asthma_v2_pneumonia_P16Pneumonia42Q.wav,0,0,4,3,0.07728977531258532,0.0023056398098794677,0.00438883798155685,0.3348497380178153,0.581166008878163
asthma_v2_pneumonia_P16Pneumonia80G.wav,0,0,4,4,0.05969528612543706,0.0013185133494548339,0.0013978485784137066,0.099667248786037,0.8379211031606579
asthma_v2_pneumonia_P17Pneumonia49T.wav,0,0,4,4,0.032067213253048954,0.004244717684768254,0.00027911166524336616,0.005328922266072501,0.9580800351308667
asthma_v2_pneumonia_P17Pneumonia91K.wav,0,0,4,4,0.009545050127727493,0.02882351385289438,0.5143076502593585,0.07964154308095227,0.36768224267906735
asthma_v2_pneumonia_P18Pneumonia23E.wav,0,0,4,4,0.009194679424440825,0.002100569173515078,0.00014656817419545631,0.0024631042235775417,0.9860950790042713
asthma_v2_pneumonia_P18Pneumonia84N.wav,0,0,4,4,0.021696512240492308,0.0023189567877940883,0.00028717659388765443,0.000862515925254371,0.9748348384525717
asthma_v2_pneumonia_P18Pneumonia88I.wav,0,0,4,4,0.04033493686004699,0.0027943782330621964,0.00028849858632813577,0.001575951666303092,0.9550062346542597
asthma_v2_pneumonia_P19Pneumonia41U.wav,0,0,4,4,0.11491007912020901,0.049528763786178084,0.0011647316256809053,0.010525398596827723,0.8238710268711041
asthma_v2_pneumonia_P20Pneumonia58T.wav,0,0,4,4,0.14236207452427457,0.0014282338277584602,0.0012586310640490287,0.08899284667392272,0.765958213909995
asthma_v2_pneumonia_P22Pneumonia47V.wav,0,0,4,4,0.018174702739738407,0.0020078094641549494,0.00012364457119893278,0.0016389867478124906,0.9780548564770952
asthma_v2_pneumonia_P23Pneumonia60Y.wav,0,0,4,4,0.06859943884447725,0.00443976898742072,0.03295136170067264,0.012913670843944746,0.8810957596234844
asthma_v2_pneumonia_P24Pneumonia54A.wav,0,0,4,4,0.0608165152479863,0.0036750686520273215,0.003899187258327194,0.00153677534228496,0.9300724534993745
asthma_v2_pneumonia_P24Pneumonia67G.wav,0,0,4,4,0.03782825860247823,0.0035220420294873257,0.027350806619079973,0.015116356452852687,0.9161825362961017
asthma_v2_pneumonia_P25Pneumonia16B.wav,0,0,4,4,0.030143702762228327,0.00406938188933542,0.010677228579340095,0.01342752651334158,0.9416821602557548
asthma_v2_pneumonia_P25Pneumonia93N.wav,0,0,4,3,0.07122895909452026,0.01211840734426528,0.0203158755327077,0.3256336654147232,0.5707030926137837
asthma_v2_pneumonia_P25Pneumonia97D.wav,0,0,4,4,0.03667589005425522,0.015467091596487832,0.039918703258729656,0.13842408624061633,0.7695142288499109
asthma_v2_pneumonia_P26Pneumonia83Z.wav,0,0,4,4,0.056608152914507284,0.0017167856670514219,0.001436237123249647,0.0030280358745096375,0.937210788420682
asthma_v2_pneumonia_P26Pneumonia84P.wav,0,0,4,4,0.032538233677034546,0.007700645509537013,0.002686851922429438,0.0236780841254821,0.933396184765517
asthma_v2_pneumonia_P27Pneumonia28K.wav,0,0,4,4,0.04549968861433758,0.0357026543551564,0.01930557422753056,0.010495973492038213,0.8889961093109372
asthma_v2_pneumonia_P28Pneumonia22W.wav,0,0,4,4,0.11201255988231577,0.02239807981338327,0.012259407402544848,0.0009111861410167299,0.8524187667607395
asthma_v2_pneumonia_P28Pneumonia65J.wav,0,0,4,4,0.2622735647726498,0.09334677448868911,0.013488444398846385,0.0024518141614334327,0.6284394021783816
asthma_v2_pneumonia_P2Pneumonia70H.wav,0,0,4,4,0.02747984754110019,0.00458371330019525,0.001843272140082858,0.0036319475539562493,0.9624612194646656
asthma_v2_pneumonia_P2Pneumonia93N.wav,0,0,4,4,0.010569227364486445,0.0033741223982447434,0.0008958715973038488,0.006937837420891564,0.9782229412190729
asthma_v2_pneumonia_P30Pneumonia15J.wav,0,0,4,4,0.040163837262242985,0.0032153669167123435,0.0006938489149855878,0.0007402252242590675,0.9551867216818
asthma_v2_pneumonia_P30Pneumonia70X.wav,0,0,4,4,0.02108002452149044,0.034833250013008764,0.0017827785571583436,0.024461158722869948,0.9178427881854724
asthma_v2_pneumonia_P31Pneumonia92I.wav,0,0,4,4,0.050049705132633224,0.008652748176419128,0.001280025308151804,0.0008203200946448883,0.939197201288151
asthma_v2_pneumonia_P33Pneumonia70D.wav,0,0,4,4,0.01694400066293496,0.001703156921032272,0.0002857267860503759,0.0008333938440873326,0.9802337217858953
asthma_v2_pneumonia_P34Pneumonia36H.wav,0,0,4,4,0.07263942854171611,0.010154773672596476,0.0012088991467799645,0.011187298982720464,0.9048095996561873
asthma_v2_pneumonia_P35Pneumonia99V.wav,0,0,4,4,0.04493259891863403,0.007626591820199169,0.0014851488232073768,0.008595043756224717,0.9373606166817344
asthma_v2_pneumonia_P36Pneumonia57U.wav,0,0,4,0,0.8609874458825765,0.02273452192956457,0.006955281129570552,0.0031669491481137913,0.10615580191017435
asthma_v2_pneumonia_P36Pneumonia83N.wav,0,0,4,4,0.017395263547447175,0.008989365291985088,0.0014008431111361935,0.003978689683854016,0.9682358383655774
asthma_v2_pneumonia_P40Pneumonia18H.wav,0,0,4,0,0.7147658859010512,0.14052046522674339,0.035188878833003916,0.002691579147513316,0.1068331908916882
asthma_v2_pneumonia_P42Pneumonia47W.wav,0,0,4,0,0.8553875930628001,0.022191642410727602,0.01798621260862757,0.012092071197921241,0.09234248071992356
asthma_v2_pneumonia_P44Pneumonia71M.wav,0,0,4,4,0.01624570035834929,0.012251244012786,0.013301811303034622,0.016164929876862084,0.9420363144489676
asthma_v2_pneumonia_P46Pneumonia95A.wav,0,0,4,3,0.01822994984102538,0.022975085033613115,0.08794050192969052,0.6633320353441783,0.20752242785149236
asthma_v2_pneumonia_P47Pneumonia74Q.wav,0,0,4,4,0.032525290161084894,0.004757147769510632,0.061527614871059406,0.009911009911797662,0.8912789372865474
asthma_v2_pneumonia_P48Pneumonia82Z.wav,0,0,4,3,0.01822994984102538,0.022975085033613115,0.08794050192969052,0.6633320353441783,0.20752242785149236
asthma_v2_pneumonia_P4Pneumonia67J.wav,0,0,4,4,0.0473235949248702,0.0073526668878668485,0.05120785040746584,0.005163131830276115,0.8889527559495212
asthma_v2_pneumonia_P5Pneumonia21J.wav,0,0,4,4,0.011742632956051435,0.010989225371909828,0.035290838624882644,0.023358749780931793,0.9186185532662242
asthma_v2_pneumonia_P5Pneumonia38U.wav,0,0,4,4,0.010917247913903068,0.030479595985849678,0.17118794559251307,0.06973200289101546,0.7176832076167184
asthma_v2_pneumonia_P5Pneumonia88J.wav,0,0,4,4,0.04702429626033984,0.01394339404758813,0.04810810451631085,0.00666583212881512,0.8842583730469458
asthma_v2_pneumonia_P6Pneumonia15U.wav,0,0,4,4,0.22842599711057468,0.004088610300002301,0.0712957937262685,0.005128646903741549,0.6910609519594132
asthma_v2_pneumonia_P6Pneumonia17Q.wav,0,0,4,4,0.013613238356050019,0.002500245078856878,0.022847357132746115,0.08910910365653639,0.8719300557758114
asthma_v2_pneumonia_P8Pneumonia14Z.wav,0,0,4,4,0.16122529428075746,0.012321992794315487,0.010676198143264619,0.029986035348165383,0.7857904794334977
asthma_v2_pneumonia_P9Pneumonia73J.wav,0,0,4,4,0.037002920280354054,0.0004937745733789657,0.0013619403971498105,0.007925517665660027,0.9532158470834572
asthma_v2_Bronchial_P10BronchialSc_46.wav,0,1,1,1,0.009681857118900902,0.8213152000958182,0.13000760010772594,0.013334604709223975,0.02566073796833078
asthma_v2_Bronchial_P13BronchialSc_62.wav,0,1,1,0,0.8349605738373381,0.06899450031183652,0.0036147735120428963,0.03162593345166046,0.060804218887122057
asthma_v2_Bronchial_P13BronchialSc_64.wav,0,1,1,0,0.7091466512647827,0.0997983109521172,0.008342273081433932,0.048209381982534036,0.13450338271913193
asthma_v2_Bronchial_P13BronchialTc_61.wav,0,1,1,0,0.7801499631394272,0.10103412159862679,0.0055996098099186055,0.047533291569023875,0.06568301388300325
asthma_v2_Bronchial_P13BronchialTc_63.wav,0,1,1,0,0.6606024718733546,0.09025842511672307,0.0745265185530308,0.01340287602512643,0.16120970843176485
asthma_v2_Bronchial_P17BronchialSc_82.wav,0,1,1,1,0.024672872434526576,0.8510609329568486,0.09468544705654182,0.010132463926820308,0.0194482836252629
asthma_v2_Bronchial_P19BronchialSc_92.wav,0,1,1,1,0.011852009436827913,0.9642666635303261,0.013242416982769324,0.0029876368445210452,0.0076512732055556915
asthma_v2_Bronchial_P19BronchialTc_95.wav,0,1,1,1,0.019564590107761175,0.904638800937339,0.05042104598108165,0.011179043556226056,0.014196519417591804
asthma_v2_Bronchial_P1BronchialSc_2.wav,0,1,1,1,0.01898318891048228,0.9348424059476493,0.023682164583520245,0.013878736617231073,0.008613503941116967
asthma_v2_Bronchial_P20BronchialSc_100.wav,0,1,1,1,0.005789259858981457,0.9407573286574014,0.039827490164973764,0.004691033971735059,0.008934887346908095
asthma_v2_Bronchial_P20BronchialSc_96.wav,0,1,1,1,0.017993466473811646,0.9351163324472314,0.021710711064326357,0.008445102389733882,0.016734387624896766
asthma_v2_Bronchial_P21BronchialSc_102.wav,0,1,1,4,0.04671891356917538,0.08746641431748846,0.02319647458356353,0.19519284527432462,0.6474253522554482
asthma_v2_Bronchial_P21BronchialSc_104.wav,0,1,1,3,0.020267593753551652,0.2315258331587675,0.125762838442742,0.3619475503510661,0.2604961842938726
asthma_v2_Bronchial_P2BronchialSc_10.wav,0,1,1,1,0.030185713436096957,0.8665919431802114,0.05027705690925842,0.03840069751494771,0.014544588959485509
asthma_v2_Bronchial_P3BronchialSc_12.wav,0,1,1,1,0.02259325064512659,0.9160496966752949,0.029791676852927145,0.02137302804158595,0.010192347785065467
asthma_v2_Bronchial_P4BronchialSc_16.wav,0,1,1,1,0.06551603701964036,0.8013794994908523,0.01977838797350399,0.05623467393081345,0.05709140158519001
asthma_v2_Bronchial_P5BronchialTc_25.wav,0,1,1,1,0.02533860809650266,0.8604607515928216,0.06815454564027563,0.025216258881535156,0.020829835788864822
asthma_v2_Bronchial_P6BronchialSc_26.wav,0,1,1,1,0.0036259797045342683,0.9470515523987136,0.0364213293032277,0.007185652771804672,0.005715485821719788
asthma_v2_Bronchial_P6BronchialTc_27.wav,0,1,1,1,0.003345217501005979,0.9594450976604603,0.017136090818572966,0.016416796533579605,0.0036567974863813265
asthma_v2_Bronchial_P8BronchialSc_38.wav,0,1,1,1,0.0019410735767315754,0.9759316679010086,0.014359333590711893,0.0052190390867109734,0.002548885844836861
asthma_v2_Bronchial_P8BronchialSc_40.wav,0,1,1,1,0.0018813761557238216,0.9589036893756171,0.020058613753119826,0.017191654464366664,0.0019646662511724673
asthma_v2_asthma_P11WheezingIE_53.wav,0,1,0,0,0.8585366554315522,0.053500083025120576,0.014638479368506244,0.008972621380156653,0.06435216079466445
asthma_v2_asthma_P11WheezingRL_51.wav,0,1,0,0,0.8503869627356629,0.12077635895634346,0.005873872294704774,0.002265065177251533,0.020697740836037468
asthma_v2_asthma_P13WheezingIE_61.wav,0,1,0,0,0.8260939957075911,0.06796799471140533,0.013464230020859268,0.007943489910719592,0.08453028964942459
asthma_v2_asthma_P17WheezingIE_81.wav,0,1,0,0,0.8440298782786629,0.05977948349608037,0.015738694803660275,0.004913456664510867,0.07553848675708531
asthma_v2_asthma_P17WheezingRL_83.wav,0,1,0,0,0.9303971059127226,0.04429787732406635,0.005813592638039895,0.0014035718549204167,0.018087852270250993
asthma_v2_asthma_P18WheezingIU_90.wav,0,1,0,0,0.9721099875901552,0.009658817057816902,0.004386163610507057,0.0012062644726160614,0.01263876726890444
asthma_v2_asthma_P18WheezingRL_87.wav,0,1,0,3,0.06252250431648272,0.014697690499389994,0.022575577757079773,0.7880925674220108,0.11211166000503658
asthma_v2_asthma_P1AsthmaIE_5.wav,0,1,0,0,0.8762314156733599,0.10854264481724608,0.004878911516729154,0.0009198260054259391,0.009427201987238771
asthma_v2_asthma_P1AsthmaIU_2.wav,0,1,0,0,0.9567157501254573,0.007032881545218501,0.004000413308505503,0.0019212404818245228,0.0303297145389941
asthma_v2_asthma_P21WheezingIE_101.wav,0,1,0,0,0.48627545332068184,0.01824114560099926,0.009575236849862683,0.11820686070117793,0.3677013035272782
asthma_v2_asthma_P21WheezingRS_104.wav,0,1,0,0,0.5383891329713381,0.010633631744567546,0.12220941107214414,0.01435046023579456,0.3144173639761557
asthma_v2_asthma_P22WheezingIU_110.wav,0,1,0,0,0.974994226327715,0.011850585790114778,0.0024624642764921457,0.0010939878630113417,0.009598735742666953
asthma_v2_asthma_P23WheezingIU_114.wav,0,1,0,0,0.9210237732692534,0.0078047664166467304,0.02755351124581822,0.0005345456839386042,0.04308340338434316
asthma_v2_asthma_P25WheezingRL_123.wav,0,1,0,0,0.7750405985864462,0.00927114972585484,0.024981347120561603,0.0019533771766553137,0.18875352739048185
asthma_v2_asthma_P26WheezingIU_126.wav,0,1,0,0,0.6328528606013849,0.02129978314824635,0.015430206892543782,0.2420732793352469,0.08834387002257828
asthma_v2_asthma_P26WheezingRL_127.wav,0,1,0,0,0.6240279450466909,0.015790187086197182,0.11120205600671858,0.014631640586484605,0.2343481712739089
asthma_v2_asthma_P26WheezingRS_128.wav,0,1,0,0,0.7134684228087043,0.005009066294298289,0.015534077130550371,0.0020790057618990587,0.26390942800454786
asthma_v2_asthma_P28WheezingRL_139.wav,0,1,0,0,0.5147495747581003,0.09797098132456121,0.2583172238147183,0.009549361405699576,0.11941285869692077
asthma_v2_asthma_P2AsthmaIE_9.wav,0,1,0,0,0.9263172816170255,0.019322976027715873,0.004835416858137066,0.0032331078904560403,0.04629121760666578
asthma_v2_asthma_P2AsthmaRS_8.wav,0,1,0,0,0.910640190225369,0.012375313015954084,0.0033605434751672256,0.005314717767559295,0.0683092355159503
asthma_v2_asthma_P30WheezingIU_150.wav,0,1,0,0,0.8492847594556188,0.029739465047568678,0.003474717129655881,0.018301244275653963,0.09919981409150268
asthma_v2_asthma_P30WheezingRL_147.wav,0,1,0,0,0.8083693711525765,0.021336513175156845,0.01915849569530874,0.002001771168654512,0.14913384880830313
asthma_v2_asthma_P31WheezingIE_153.wav,0,1,0,4,0.19655769870377557,0.006889951693579283,0.017080962467569242,0.10278726551940615,0.6766841216156699
asthma_v2_asthma_P32WheezingIE_157.wav,0,1,0,0,0.742105944568768,0.023376866721506233,0.008251876702098667,0.008537620530195985,0.2177276914774312
asthma_v2_asthma_P32WheezingRS_156.wav,0,1,0,0,0.7841236362000168,0.017336405135142643,0.009957272189140694,0.029701583013131475,0.1588811034625679
asthma_v2_asthma_P33WheezingIE_165.wav,0,1,0,0,0.7478220579114035,0.11111096746744734,0.043705760342424495,0.011609891312503446,0.08575132296622127
asthma_v2_asthma_P34WheezingIU_166.wav,0,1,0,0,0.7973225712965735,0.020492439051484488,0.013730578116440838,0.001379711896317782,0.16707469963918337
asthma_v2_asthma_P36WheezingRS_176.wav,0,1,0,0,0.9364328190435458,0.015369178958956111,0.03437112713332593,0.0006179669048877865,0.013208907959284021
asthma_v2_asthma_P37WheezingIE_185.wav,0,1,0,0,0.8217232629788567,0.08562333860268653,0.05111401964971862,0.005572207423684522,0.0359671713450532
asthma_v2_asthma_P37WheezingIU_182.wav,0,1,0,0,0.9747370262451949,0.0067888512159595595,0.007535911831701116,0.0002927585884842604,0.010645452118660179
asthma_v2_asthma_P38WheezingRS_188.wav,0,1,0,0,0.7869347958868891,0.03641942248804102,0.1208845970676394,0.015242770477352598,0.0405184140800779
asthma_v2_asthma_P39WheezingRS_192.wav,0,1,0,0,0.8063758194511297,0.01188719423423612,0.04015523743729359,0.0015957093224303251,0.13998603955491012
asthma_v2_asthma_P44WheezingRS_216.wav,0,1,0,0,0.919525714613613,0.00927392109404614,0.023742163839898002,0.0076275335691920534,0.03983066688325038
asthma_v2_asthma_P44WheezingRS_220.wav,0,1,0,2,0.19660570335519287,0.0017210645133309698,0.7962536202120726,0.001277874606800568,0.004141737312603148
asthma_v2_asthma_P46WheezingIU_226.wav,0,1,0,0,0.8243763662851826,0.13623055255340283,0.0173881517550082,0.0037926406612178295,0.018212288745188553
asthma_v2_asthma_P46WheezingRS_228.wav,0,1,0,0,0.2585346954435199,0.20431789386064006,0.5002190776123834,0.0064484895454474745,0.030479843538008932
asthma_v2_asthma_P47WheezingRL_231.wav,0,1,0,2,0.22330535856193964,0.07934258873786543,0.6322224801687785,0.0072845743510150315,0.057844998180401445
asthma_v2_asthma_P48WheezingIE_237.wav,0,1,0,0,0.8917945674674665,0.023362249003178397,0.01747241443847136,0.0020336490465056225,0.06533712004437818
asthma_v2_asthma_P48WheezingRL_239.wav,0,1,0,0,0.8674410515017824,0.05400108023580999,0.02831261069755489,0.003786416014678438,0.04645884155017429
asthma_v2_asthma_P4AsthmaIE_17.wav,0,1,0,0,0.9187477704203678,0.04359274498999588,0.007692969946492886,0.001695309809445337,0.028271204833698
asthma_v2_asthma_P50WheezingIU_246.wav,0,1,0,0,0.8276129321548502,0.0023302087738816413,0.007433237281642184,0.024843317819045817,0.1377803039705802
asthma_v2_asthma_P50WheezingIU_250.wav,0,1,0,0,0.9081013719463908,0.0024904280714797807,0.01897819062307007,0.003059354787956478,0.06737065457110274
asthma_v2_asthma_P51WheezingRS_252.wav,0,1,0,0,0.8945156571308114,0.010571029114408128,0.07284930124722126,0.001820261503997634,0.02024375100356169
asthma_v2_asthma_P52WheezingIU_258.wav,0,1,0,0,0.9355385353749167,0.004503292155813021,0.03805028692950208,0.000802946366447907,0.02110493917332059
asthma_v2_asthma_P52WheezingRL_259.wav,0,1,0,0,0.9305323322823618,0.026785290257338536,0.01918505108784753,0.0012690066686211758,0.02222831970383126
asthma_v2_asthma_P53WheezingIU_262.wav,0,1,0,0,0.9218065979838362,0.04632501540882393,0.006583626594941726,0.0016764159857577884,0.023608344026640412
asthma_v2_asthma_P53WheezingRS_264.wav,0,1,0,0,0.4545047790390321,0.3061090433736547,0.08729670471887167,0.08057863101036543,0.07151084185807631
asthma_v2_asthma_P54WheezingIU_266.wav,0,1,0,3,0.021424128770230838,0.04802469325126944,0.12824629459535655,0.6295121483136163,0.17279273506952683
asthma_v2_asthma_P54WheezingRL_267.wav,0,1,0,3,0.024206686269384287,0.02888214794817112,0.07157473680938299,0.7150906144636899,0.16024581450937156
asthma_v2_asthma_P55WheezingIE_273.wav,0,1,0,3,0.046584701198099154,0.005152004204858511,0.11854333435820522,0.30358488002247697,0.5261350802163606
asthma_v2_asthma_P56WheezingIU_278.wav,0,1,0,4,0.35132689400135947,0.0173982597320698,0.0011668797041136467,0.004036244854474444,0.6260717217079826
asthma_v2_asthma_P57WheezingIE_281.wav,0,1,0,3,0.15159405721886104,0.006437619431416169,0.008555381760680597,0.41300419551808715,0.42040874607095485
asthma_v2_asthma_P58WheezingRL_287.wav,0,1,0,4,0.29614373277272055,0.029675642046532377,0.0055608362542863745,0.10008912245204092,0.5685306664744201
asthma_v2_asthma_P5AsthmaIU_22.wav,0,1,0,0,0.8016083698277768,0.010578150319415964,0.004327091653048052,0.007150727861914337,0.17633566033784476
asthma_v2_asthma_P6AsthmaIE_29.wav,0,1,0,0,0.9244315531561631,0.04180341439508467,0.013764731675789472,0.001317434029424534,0.01868286674353818
asthma_v2_asthma_P7AsthmaRL_31.wav,0,1,0,0,0.8529262732560401,0.007667587166218221,0.019052968481173802,0.009429779878945548,0.1109233912176222
asthma_v2_asthma_P8AsthmaIE_37.wav,0,1,0,0,0.9114630133235687,0.032935125411456344,0.00881744827650809,0.004583236084216003,0.0422011769042508
asthma_v2_asthma_P9AsthmaRS_44.wav,0,1,0,0,0.9083191842666498,0.051799512369938905,0.004491947784704659,0.0025192431468859565,0.032870112431820746
asthma_v2_copd_P10COPDMc_74.wav,0,1,2,0,0.6032626207340758,0.27771354575767854,0.06353662839354067,0.027239602477998493,0.0282476026367069
asthma_v2_copd_P10COPDMc_76.wav,0,1,2,0,0.42806004618792326,0.2107608696649741,0.13049690886158616,0.1323303616741814,0.0983518136113352
asthma_v2_copd_P11COPDMc_84.wav,0,1,2,2,0.016403797370364483,0.0021475194976827857,0.9788084802648681,0.0011860954471654822,0.001454107419919259
asthma_v2_copd_P11COPDMc_88.wav,0,1,2,2,0.01440628755570043,0.0031723020470361945,0.9778799112682358,0.003820965961108133,0.000720533167919388
asthma_v2_copd_P12COPDMc_90.wav,0,1,2,2,0.0021021002667828905,0.0026428783617195102,0.9926278142149901,0.0018977742427982896,0.0007294329137091232
asthma_v2_copd_P12COPDMc_94.wav,0,1,2,2,0.0024456229272669908,0.004110779923460271,0.9922509639655798,0.0009413401645426317,0.0002512930191504634
asthma_v2_copd_P12COPDPr_91.wav,0,1,2,2,0.03849455386515778,0.014338075932261142,0.9401332967821207,0.005611123948174864,0.001422949472285392
asthma_v2_copd_P13COPDMc_98.wav,0,1,2,2,0.004232664460014931,0.028872447271652696,0.9156384487244247,0.012414939409742044,0.03884150013416548
asthma_v2_copd_P13COPDPr_97.wav,0,1,2,2,0.0012338512640970255,0.006012082992229502,0.9893971689041865,0.0026078314188278306,0.0007490654206591772
asthma_v2_copd_P14COPDMc_106.wav,0,1,2,2,0.0006639531192629989,0.004365594339660106,0.9901170850078673,0.0006296475984804337,0.004223719934729083
asthma_v2_copd_P14COPDMc_108.wav,0,1,2,2,0.013535661046001726,0.0037472077965235106,0.9790871906070902,0.0015245722763017257,0.0021053682740831505
asthma_v2_copd_P15COPDMc_116.wav,0,1,2,2,0.004356432342471942,0.0015223747081799155,0.9933490102466355,0.00042475145530236445,0.0003474312474105117
asthma_v2_copd_P15COPDPr_115.wav,0,1,2,2,0.044191110382340665,0.007323165619980683,0.945183255895859,0.0009120408451838797,0.0023904272566358086
asthma_v2_copd_P15COPDPr_117.wav,0,1,2,0,0.40364327836110026,0.025531159182320216,0.5543735663661793,0.0013282113944993897,0.015123784695900998
asthma_v2_copd_P17COPDPr_133.wav,0,1,2,2,0.0012998406426926383,0.0002925897044243684,0.9956481106892965,0.00032354641079510623,0.0024359125527914313
asthma_v2_copd_P18COPDMc_140.wav,0,1,2,2,0.002187712122394536,0.0002363833360587819,0.9945896474793477,0.00018460889900499784,0.002801648163193548
asthma_v2_copd_P18COPDPr_141.wav,0,1,2,2,0.0009301428358082535,0.00026384005172135446,0.9978603533661402,0.00019819590116142068,0.0007474678451688176
asthma_v2_copd_P18COPDPr_143.wav,0,1,2,2,1.758357832361903e-06,1.3102490508131218e-06,0.998366565277782,0.00010684647818387691,0.0015235196371508148
asthma_v2_copd_P1COPDPr_1.wav,0,1,2,0,0.9358726665296233,0.008530461421423198,0.04179570914755971,0.0016821048324898262,0.01211905806890376
asthma_v2_copd_P24COPDPr_191.wav,0,1,2,2,5.20864330847268e-07,5.45323733658248e-07,0.9993198090417208,0.0004579982730739387,0.00022112649714058245
asthma_v2_copd_P25COPDMc_194.wav,0,1,2,2,0.00014246874521885606,0.010038066623074984,0.9832469947219294,0.0058610238470452655,0.0007114460627310348
asthma_v2_copd_P26COPDMc_204.wav,0,1,2,2,2.9780701958179663e-07,2.698081624158679e-07,0.9995320802253409,0.0002635089069061413,0.0002038432525711611
asthma_v2_copd_P27COPDMc_212.wav,0,1,2,2,6.059559307570726e-08,7.319335651321134e-08,0.9998931714294556,4.014930090149325e-05,6.654548069338479e-05
asthma_v2_copd_P27COPDPr_209.wav,0,1,2,2,0.0004075414299633888,0.000872941396829565,0.9976925375512679,0.0007136359175248827,0.00031334370441435134
asthma_v2_copd_P27COPDPr_215.wav,0,1,2,2,3.3211923609489343e-06,4.435635937309773e-06,0.9972952673736415,0.0024370734959776558,0.00025990230208245693
asthma_v2_copd_P28COPDMc_218.wav,0,1,2,2,1.3590048728388389e-06,1.7280488327359513e-06,0.999227732889467,0.0005220379459080987,0.0002471421109192695
asthma_v2_copd_P28COPDPr_217.wav,0,1,2,2,8.890986791025073e-07,9.293593445387238e-07,0.9987155141063198,0.0009761745053041631,0.000306492930352456
asthma_v2_copd_P28COPDPr_221.wav,0,1,2,2,0.0002574418675842148,0.0013055662430623686,0.9975679924674912,0.00018226956366459057,0.0006867298581979082
asthma_v2_copd_P29COPDMc_226.wav,0,1,2,2,0.0004144995193163953,0.0007344182901800794,0.997902020261332,0.0004678614690817177,0.0004812004600898218
asthma_v2_copd_P29COPDPr_229.wav,0,1,2,2,6.121395834450817e-08,8.865962648065818e-08,0.9998458477770642,0.0001074738505217404,4.6528498829144683e-05
asthma_v2_copd_P29COPDPr_231.wav,0,1,2,2,2.5240761833782653e-08,2.4351106835835454e-08,0.9998425336829662,8.370932242581747e-05,7.37074027394087e-05
asthma_v2_copd_P2COPDPr_9.wav,0,1,2,2,1.458496140067209e-06,7.25069939049556e-07,0.9992726692419648,0.00043854585537269513,0.0002866013365835563
asthma_v2_copd_P32COPDMc_256.wav,0,1,2,2,0.04729270815163561,0.0018891317942682298,0.9480663070800156,0.0014409116001148801,0.0013109413739658797
asthma_v2_copd_P32COPDPr_251.wav,0,1,2,2,0.11978645609845177,0.006949644065434637,0.8631613326311401,0.0005558598096757588,0.009546707395297614
asthma_v2_copd_P32COPDPr_253.wav,0,1,2,2,0.038935016150323624,0.0018054571999062306,0.9537636655020232,0.0032496209385701152,0.002246240209176625
asthma_v2_copd_P33COPDMc_262.wav,0,1,2,2,0.010687485096221637,0.16092027690865449,0.7929548640759461,0.02137506161319222,0.014062312305985465
asthma_v2_copd_P33COPDPr_261.wav,0,1,2,2,0.014422140647076104,0.11718569518908092,0.8037453793778161,0.043109272020800636,0.021537512765226495
asthma_v2_copd_P34COPDMc_266.wav,0,1,2,2,0.007416979279006626,0.04158053708280653,0.9472997648016136,0.0008502960274954569,0.0028524228090775596
asthma_v2_copd_P34COPDMc_268.wav,0,1,2,2,0.007505558659952676,0.10158746445736637,0.8861394125797577,0.0014512241615101222,0.0033163401414131096
asthma_v2_copd_P34COPDPr_271.wav,0,1,2,2,0.0037048623445783513,0.020488941249880266,0.9704133355417542,0.0007696556876099272,0.004623205176177342
asthma_v2_copd_P35COPDMc_278.wav,0,1,2,2,0.00047333435719903755,0.001951847992621758,0.9948228493387147,0.0017395847545669213,0.0010123835568975512
asthma_v2_copd_P35COPDPr_273.wav,0,1,2,2,0.01680370223603046,0.0021783444774075467,0.8259188765430118,0.006601134244342216,0.14849794249920803
asthma_v2_copd_P37COPDPr_289.wav,0,1,2,2,0.0019530586827100976,0.012267990535278306,0.981484561825055,0.001260832423604995,0.0030335565333518572
asthma_v2_copd_P38COPDMc_298.wav,0,1,2,2,0.11237443356492005,0.00715267529407651,0.8536314457508671,0.0008375395622111958,0.026003905827925125
asthma_v2_copd_P38COPDMc_302.wav,0,1,2,2,0.00581979942745245,0.00289206830766198,0.9841139207281332,0.004775549288325939,0.002398662248426363
asthma_v2_copd_P39COPDMc_310.wav,0,1,2,2,0.0004403681138837983,0.004566689117644624,0.9915947425360349,0.0011691763462518795,0.0022290238861848643
asthma_v2_copd_P40COPDMc_314.wav,0,1,2,2,0.002101473256729956,0.010276256714476491,0.9843902921781765,0.0015862547558071686,0.0016457230948095285
asthma_v2_copd_P40COPDMc_320.wav,0,1,2,4,0.27252813337778536,0.03752301829947849,0.12469019931782624,0.0023408369965907906,0.5629178120083191
asthma_v2_copd_P41COPDPr_321.wav,0,1,2,2,0.0008299292804021479,0.00033033546073975783,0.9914472446492307,0.001032879329873257,0.006359611279753985
asthma_v2_copd_P42COPDMc_330.wav,0,1,2,2,4.5030684763562253e-07,3.90119901338448e-07,0.9996797828866402,0.00016505548476689324,0.00015432120184376158
asthma_v2_copd_P43COPDPr_339.wav,0,1,2,2,3.6348966639719694e-08,3.466331458048024e-08,0.9998424772844104,5.538042769598587e-05,0.00010207127561219193
asthma_v2_copd_P43COPDPr_341.wav,0,1,2,2,0.0007255713535753505,0.00021596880772788924,0.996845482647406,0.00023541400439570549,0.001977563186894998
asthma_v2_copd_P44COPDMc_350.wav,0,1,2,2,0.0011386663701343166,0.08080749744901604,0.8987127569943814,0.01600725762013819,0.0033338215663302044
asthma_v2_copd_P44COPDPr_349.wav,0,1,2,2,0.0020714000638722,0.06231024189043387,0.819539317042142,0.1089129551353426,0.007166085868209151
asthma_v2_copd_P44COPDPr_351.wav,0,1,2,2,0.001595735665836442,0.07745910391232058,0.8935987281199608,0.023218266940167764,0.004128165361714523
asthma_v2_copd_P45COPDMc_358.wav,0,1,2,3,0.057057045243047326,0.041510482368053755,0.5079244784407856,0.310288499434536,0.08321949451357745
asthma_v2_copd_P46COPDMc_362.wav,0,1,2,2,0.00459362220299267,0.0029627290198082205,0.9702000491966685,0.007547345154074866,0.014696254426455687
asthma_v2_copd_P46COPDMc_366.wav,0,1,2,2,0.0011352125932182365,0.000407033140984886,0.9626751100622148,0.002744177046021219,0.03303846715756104
asthma_v2_copd_P46COPDMc_368.wav,0,1,2,2,0.013205520057768774,0.005773845948398793,0.9604658100089463,0.0008031994906539839,0.01975162449423226
asthma_v2_copd_P46COPDPr_365.wav,0,1,2,2,0.0027036294199744605,0.0003640142994965173,0.913784277047648,0.020590525916745886,0.06255755331613512
asthma_v2_copd_P46COPDPr_367.wav,0,1,2,2,0.017883552097609095,0.012963555707707287,0.894244456916162,0.021254419888995613,0.053654015389526105
asthma_v2_copd_P47COPDMc_370.wav,0,1,2,4,0.038580071931849126,0.14813809968335812,0.5028852098182235,0.030298665495815193,0.2800979530707542
asthma_v2_copd_P47COPDPr_373.wav,0,1,2,2,0.030731941625101566,0.038932204453361055,0.831623479281554,0.07571159126878392,0.023000783371199228
asthma_v2_copd_P47COPDPr_375.wav,0,1,2,2,0.0006417104642532718,0.010920438826422135,0.9758089615379685,0.009543568305043795,0.0030853208663120233
asthma_v2_copd_P48COPDMc_378.wav,0,1,2,2,0.011308515847279243,0.011039074667502384,0.9669508034414166,0.004069901678179626,0.006631704365622323
asthma_v2_copd_P49COPDMc_392.wav,0,1,2,2,0.00021826451229387962,0.0021828263054189433,0.9959040387307357,0.0010487909603537331,0.0006460794911977564
asthma_v2_copd_P4COPDMc_28.wav,0,1,2,2,0.0004572202243093342,0.0009458269601718512,0.9954023656039358,0.0009155265456546449,0.00227906066592798
asthma_v2_copd_P4COPDPr_25.wav,0,1,2,2,0.00048170583906966805,0.0009259416865558818,0.9968126324575916,0.0010575653347009762,0.0007221546820819855
asthma_v2_copd_P50COPDMc_400.wav,0,1,2,2,0.0002978098476884453,0.0005129827439064859,0.9983883336190291,0.000244571335848378,0.0005563024535278126
asthma_v2_copd_P50COPDPr_393.wav,0,1,2,2,0.00040129082921433733,0.0033084143974647234,0.9938344474594077,0.0016440067278318152,0.000811840586081275
asthma_v2_copd_P5COPDMc_38.wav,0,1,2,2,0.00038662149009135457,0.004523696620486153,0.9907860536374067,0.0013986378498458212,0.002904990402169988
asthma_v2_copd_P5COPDMc_40.wav,0,1,2,2,0.05822633105273543,0.023574599343477293,0.8811241823621276,0.019109936643139945,0.017964950598519557
asthma_v2_copd_P6COPDMc_44.wav,0,1,2,2,3.0703854622950396e-06,2.3976657574282443e-06,0.9979152617599346,0.0011574221859044082,0.0009218480029412927
asthma_v2_copd_P6COPDMc_48.wav,0,1,2,4,0.016404629822905806,0.003509016948619717,0.403148780759176,0.06910432592056791,0.5078332465487304
asthma_v2_copd_P6COPDPr_47.wav,0,1,2,2,0.01249292916975433,0.004661249118807469,0.9380753224498409,0.013600275612566349,0.031170223649030736
asthma_v2_copd_P7COPDMc_50.wav,0,1,2,2,0.008193143935453168,0.00259490855365858,0.9479859240131517,0.026439392944441392,0.0147866305532952
asthma_v2_copd_P7COPDMc_56.wav,0,1,2,2,0.0043547676113516514,0.004248702181328055,0.984501646460556,0.004659942916313168,0.00223494083045136
asthma_v2_copd_P8COPDMc_64.wav,0,1,2,2,0.007367813088307101,0.000729401915225189,0.9788950598594114,0.001826882275964047,0.011180842861092485
asthma_v2_copd_P9COPDMc_66.wav,0,1,2,2,0.001483943995463646,9.319476387528345e-05,0.995972688316623,0.00015060960437937723,0.0022995633196586313
asthma_v2_copd_P9COPDMc_72.wav,0,1,2,2,0.0013365126286816007,0.00016383307098158067,0.9952359049039062,0.0005951859227481031,0.0026685634736822355
asthma_v2_healthy_P10Healthy61S.wav,0,1,3,3,0.005029113195501867,0.0034245161161582023,0.023708934602230038,0.8548953135466215,0.11294212253948832
asthma_v2_healthy_P11Healthy60S.wav,0,1,3,3,0.005494144418309909,0.0021625213081616916,0.0779272686284739,0.8395468578639239,0.07486920778113064
asthma_v2_healthy_P12Healthy16S.wav,0,1,3,3,0.00867532124582103,0.023469938103847694,0.05038710001650012,0.8833124621055003,0.03415517852833095
asthma_v2_healthy_P12Healthy99S.wav,0,1,3,3,0.0050317712201498,0.008699787049192583,0.048409270590731426,0.9184001723369315,0.019458998802994763
asthma_v2_healthy_P13Healthy42S.wav,0,1,3,3,0.0036382225996394223,0.0034106016257716663,0.0285809137404683,0.9546084023206253,0.009761859713495333
asthma_v2_healthy_P13Healthy69S.wav,0,1,3,3,0.027138177951079274,0.04139247221900857,0.01741951858412533,0.8094900258343561,0.10455980541143087
asthma_v2_healthy_P15Healthy65S.wav,0,1,3,3,0.0130062415564835,0.022792012039393173,0.05166047632607369,0.8724422384632914,0.04009903161475845
asthma_v2_healthy_P15Healthy93S.wav,0,1,3,3,0.03515012538491699,0.042229684227413265,0.05753801972383546,0.8308243740798372,0.03425779658399746
asthma_v2_healthy_P16Healthy38S.wav,0,1,3,3,0.01799206525007218,0.003504438443007659,0.004024902656925318,0.8367474409639365,0.13773115268605834
asthma_v2_healthy_P18Healthy46S.wav,0,1,3,3,0.06154486045982702,0.33943740486699175,0.0441490341549935,0.3836142033695211,0.1712544971486666
asthma_v2_healthy_P18Healthy59S.wav,0,1,3,3,0.09097132623299564,0.4080310395617036,0.036315641641026096,0.28598314826692783,0.17869884429734711
asthma_v2_healthy_P19Healthy62S.wav,0,1,3,3,0.0004480715721863964,0.0009807321120085984,0.00022946961858920275,0.9922807120233544,0.006061014673861274
asthma_v2_healthy_P1Healthy88S.wav,0,1,3,3,0.001113795179872129,0.008716372252382212,0.04532245010727061,0.9311615302960995,0.013685852164375779
asthma_v2_healthy_P20Healthy70S.wav,0,1,3,3,0.0006751557093598609,0.0016511345584327246,0.0003966244141979533,0.9705030458697002,0.026774039448309347
asthma_v2_healthy_P21Healthy38S.wav,0,1,3,3,0.012918581085588547,0.008113965870085801,0.025793981372330254,0.7965540762540763,0.15661939541791917
asthma_v2_healthy_P22Healthy36S.wav,0,1,3,3,0.003059275223376037,0.0026472312348364366,0.015217498901717762,0.9349806641301956,0.04409533050987426
asthma_v2_healthy_P23Healthy97S.wav,0,1,3,3,0.018916174211769474,0.0008996331873156791,0.001240822126537954,0.5566099993501079,0.42233337112426916
asthma_v2_healthy_P24Healthy51S.wav,0,1,3,3,0.002167168409912719,0.003023463889357625,0.0009517184311148163,0.9372591017566269,0.056598547512988116
asthma_v2_healthy_P25Healthy88S.wav,0,1,3,3,0.004707383965503848,0.00531248067491262,0.003987817710854434,0.9255331826533205,0.06045913499540872
asthma_v2_healthy_P26Healthy32S.wav,0,1,3,4,0.04430564102485179,0.00758740066454469,0.06666525838613999,0.14054907183598372,0.74089262808848
asthma_v2_healthy_P26Healthy76S.wav,0,1,3,3,0.015053436237435894,0.0037488827776968043,0.009561044555674107,0.6898850681380985,0.2817515682910947
asthma_v2_healthy_P2Healthy43S.wav,0,1,3,3,0.030710479949555853,0.01317526041798342,0.04037709010964773,0.7009948518549478,0.21474231766786495
asthma_v2_healthy_P2Healthy54S.wav,0,1,3,3,0.00495764973916072,0.06967333484839933,0.02705254801032351,0.8480570224282492,0.05025944497386712
asthma_v2_healthy_P2Healthy89S.wav,0,1,3,3,0.009411071236303165,0.001302268593150006,0.007407455430697183,0.8420314513531885,0.13984775338666125
asthma_v2_healthy_P5Healthy10S.wav,0,1,3,3,0.004259424857582811,0.007481535138246067,0.0036733676131833534,0.9284635541550705,0.05612211823591703
asthma_v2_healthy_P6Healthy77S.wav,0,1,3,3,0.036522331973338866,0.004699965344055684,0.026339005477953283,0.5563576869935509,0.376081010211101
asthma_v2_pneumonia_P11Pneumonia58A.wav,0,1,4,4,0.057088407824201874,0.0007791977429222452,0.003537274105667701,0.0352781857912027,0.9033169345360055
asthma_v2_pneumonia_P11Pneumonia98J.wav,0,1,4,4,0.10430598972689288,0.002500255597960187,0.0073452228235841195,0.18506248281721316,0.7007860490343498
asthma_v2_pneumonia_P12Pneumonia44H.wav,0,1,4,4,0.05620651103402496,0.010165615481395045,0.06987660617296498,0.013915751778320594,0.8498355155332941
asthma_v2_pneumonia_P13Pneumonia99T.wav,0,1,4,0,0.5303236949651784,0.01890330956183173,0.007821432665468394,0.005131636088552089,0.43781992671896935
asthma_v2_pneumonia_P14Pneumonia40M.wav,0,1,4,3,0.02174836237997448,0.0018962021345271666,0.0007193479404395608,0.7452348690602034,0.23040121848485526
asthma_v2_pneumonia_P15Pneumonia81V.wav,0,1,4,4,0.038385868474867996,0.003151562777294279,0.0004067174758361432,0.0013629736890056192,0.9566928775829958
asthma_v2_pneumonia_P16Pneumonia56J.wav,0,1,4,4,0.061434315493900646,0.0011922368845467756,0.003221026151936577,0.22935411726825272,0.7047983042013636
asthma_v2_pneumonia_P16Pneumonia78M.wav,0,1,4,4,0.1736666519257695,0.0010291642785867055,0.0025361461146355246,0.06336357768446552,0.759404459996543
asthma_v2_pneumonia_P17Pneumonia57K.wav,0,1,4,4,0.02500058887720525,0.0016707520023087046,0.0001656261136867048,0.0015469304225306454,0.9716161025842689
asthma_v2_pneumonia_P19Pneumonia24H.wav,0,1,4,4,0.035933726809085305,0.013789459594108083,0.0002863261810623006,0.03644794583907765,0.9135425415766668
asthma_v2_pneumonia_P19Pneumonia33O.wav,0,1,4,4,0.012645105341080818,0.0016738615503560982,0.0001852444131803371,0.001406899801412934,0.9840888888939698
asthma_v2_pneumonia_P20Pneumonia31P.wav,0,1,4,3,0.05713875040059703,0.0035959429284685225,0.0017575847187482811,0.5998476013273903,0.3376601206247956
asthma_v2_pneumonia_P21Pneumonia24G.wav,0,1,4,4,0.1348754668516438,0.04331691684264429,0.03962908890975756,0.14482230809390606,0.6373562193020484
asthma_v2_pneumonia_P23Pneumonia97P.wav,0,1,4,4,0.03073115173984811,0.01105113278133461,0.13714584138274985,0.15851030027394045,0.6625615738221269
asthma_v2_pneumonia_P25Pneumonia30I.wav,0,1,4,4,0.06501320602808379,0.00497945327592453,0.0029175236699849226,0.12745237869526416,0.7996374383307424
asthma_v2_pneumonia_P26Pneumonia89E.wav,0,1,4,3,0.018177678377879362,0.003585626933522252,0.002356708554791367,0.38035071388320135,0.5955292722506057
asthma_v2_pneumonia_P28Pneumonia90E.wav,0,1,4,4,0.15425751591936887,0.2747626530833793,0.18763485442732314,0.005663774184868471,0.3776812023850602
asthma_v2_pneumonia_P29Pneumonia14M.wav,0,1,4,4,0.053532464207913466,0.004066245524959005,0.0008767016391398896,0.0009708701037657952,0.9405537185242219
asthma_v2_pneumonia_P29Pneumonia24X.wav,0,1,4,4,0.01893262684922747,0.0028083864121834726,0.000619514062771097,0.002279857995810432,0.9753596146800074
asthma_v2_pneumonia_P29Pneumonia51O.wav,0,1,4,4,0.018018663051115127,0.013566008009432034,0.0025990178539550485,0.02039416230910046,0.9454221487763974
asthma_v2_pneumonia_P2Pneumonia36Z.wav,0,1,4,4,0.01977786639259541,0.006504747504649915,0.0010661591624697277,0.0037082175483588256,0.968943009391926
asthma_v2_pneumonia_P30Pneumonia52T.wav,0,1,4,4,0.024848122089798,0.010537998851048789,0.002192336399374224,0.012391098354140786,0.9500304443056382
asthma_v2_pneumonia_P30Pneumonia85D.wav,0,1,4,4,0.04686574870168133,0.007412198988103835,0.0018270952598776217,0.012596090799271476,0.9312988662510657
asthma_v2_pneumonia_P31Pneumonia47D.wav,0,1,4,4,0.03966091946721576,0.009457637086421763,0.0034123214348793793,0.004473980734110772,0.9429951412773723
asthma_v2_pneumonia_P31Pneumonia47J.wav,0,1,4,4,0.02477868861676044,0.005191645839997553,0.0005456149594468097,0.02427087295129277,0.9452131776325025
asthma_v2_pneumonia_P32Pneumonia98Y.wav,0,1,4,4,0.03166078557610434,0.015294443800751553,0.005843782538649367,0.008608217935784451,0.9385927701487102
asthma_v2_pneumonia_P32Pneumonia99W.wav,0,1,4,4,0.0395991039290029,0.020621949453887498,0.008895502816393586,0.022441263058038886,0.9084421807426771
asthma_v2_pneumonia_P33Pneumonia50P.wav,0,1,4,4,0.04906828771384608,0.003945582512772622,0.0005770837721232263,0.008513863820105268,0.9378951821811524
asthma_v2_pneumonia_P34Pneumonia15R.wav,0,1,4,4,0.02326563690728522,0.01001866018733628,0.0019250031921347354,0.011273550830866234,0.9535171488823776
asthma_v2_pneumonia_P34Pneumonia61E.wav,0,1,4,4,0.05121871652116911,0.0047202078525761205,0.0006758485634929202,0.02596146943527788,0.9174237576274838
asthma_v2_pneumonia_P35Pneumonia56D.wav,0,1,4,4,0.020664727281603068,0.014398478242038175,0.00232203070290186,0.22685671455640202,0.7357580492170552
asthma_v2_pneumonia_P35Pneumonia75E.wav,0,1,4,4,0.019963146856005715,0.014303129311859866,0.005607435777365247,0.0037799210080319634,0.956346367046737
asthma_v2_pneumonia_P38Pneumonia23A.wav,0,1,4,0,0.8956447303142931,0.041809296900456,0.022130400292842634,0.0025451208868580905,0.03787045160554986
asthma_v2_pneumonia_P38Pneumonia34H.wav,0,1,4,0,0.7309030684367547,0.018839455844129663,0.011669511994122457,0.040922603724218805,0.19766536000077428
asthma_v2_pneumonia_P38Pneumonia61R.wav,0,1,4,0,0.923175001928195,0.01313410846503505,0.022037724459039072,0.0019951074829263012,0.03965805766480439
asthma_v2_pneumonia_P39Pneumonia16K.wav,0,1,4,0,0.8940128165982584,0.0375183567721664,0.013861617661199989,0.006510792285508498,0.04809641668286662
asthma_v2_pneumonia_P3Pneumonia74F.wav,0,1,4,4,0.12299717348230021,0.010683641713043061,0.012743848625308488,0.014407843493807046,0.8391674926855411
asthma_v2_pneumonia_P3Pneumonia75Z.wav,0,1,4,2,0.006121304791294836,0.002415720691786562,0.6475365648005069,0.15734963156864365,0.1865767781477681
asthma_v2_pneumonia_P41Pneumonia31S.wav,0,1,4,4,0.3918011914387047,0.014084679935162629,0.016812428512698416,0.0687516321188794,0.5085500679945547
asthma_v2_pneumonia_P43Pneumonia24U.wav,0,1,4,2,0.006415653561287347,0.003910991367875672,0.5091397140589635,0.21349231142417785,0.2670413295876954
asthma_v2_pneumonia_P43Pneumonia88Y.wav,0,1,4,3,0.006388178252550033,0.0041279999676016215,0.30066286940418113,0.3311186655580735,0.3577022868175937
asthma_v2_pneumonia_P44Pneumonia59U.wav,0,1,4,4,0.029159251686289942,0.03057367790559874,0.011521902037835194,0.27852780725334153,0.6502173611169345
asthma_v2_pneumonia_P44Pneumonia65N.wav,0,1,4,4,0.04298386271069338,0.03203949683626836,0.011906078493579683,0.2459418302065808,0.6671287317528777
asthma_v2_pneumonia_P45Pneumonia59I.wav,0,1,4,4,0.07422704671686875,0.002498862495146757,0.0583249228881924,0.034309961288688684,0.8306392066111032
asthma_v2_pneumonia_P46Pneumonia49D.wav,0,1,4,4,0.11264753706514305,0.009160017839213833,0.009390117790700415,0.15937980623098158,0.7094225210739611
asthma_v2_pneumonia_P47Pneumonia14M.wav,0,1,4,4,0.098308324408866,0.022314383616883742,0.007727256498027666,0.14131887461627632,0.7303311608599459
asthma_v2_pneumonia_P47Pneumonia69D.wav,0,1,4,4,0.12201284529196661,0.006931384362549859,0.13186718691360866,0.01802406809821108,0.7211645153336637
asthma_v2_pneumonia_P4Pneumonia55U.wav,0,1,4,4,0.014538092203012156,0.003371956612906984,0.06587659596080461,0.030002117809659355,0.8862112374136167
asthma_v2_pneumonia_P5Pneumonia94P.wav,0,1,4,4,0.004326486221312304,0.0012076118661809372,0.02148409935987962,0.08949456838314836,0.8834872341694788
asthma_v2_pneumonia_P6Pneumonia37H.wav,0,1,4,4,0.020978005756522946,0.008010391901193913,0.09854610490816555,0.2207498407553105,0.651715656678807
asthma_v2_pneumonia_P6Pneumonia84M.wav,0,1,4,4,0.021399333999512094,0.0022625160068828233,0.05950511457271995,0.022344945142737282,0.8944880902781479
asthma_v2_pneumonia_P7Pneumonia22X.wav,0,1,4,4,0.016947627795565953,0.007813554975447664,0.1844360389401738,0.15266968743406253,0.63813309085475
asthma_v2_pneumonia_P7Pneumonia62G.wav,0,1,4,4,0.027716664649816675,0.002804697869544605,0.08721088191574597,0.07450046087507878,0.807767294689814
asthma_v2_pneumonia_P8Pneumonia16Z.wav,0,1,4,3,0.009698243091523227,0.015408972037537818,0.013487846063984236,0.4532429248365622,0.5081620139703922
asthma_v2_pneumonia_P8Pneumonia28V.wav,0,1,4,3,0.0018832520013230061,0.006137477499957874,0.0055853342479037695,0.9112053355226519,0.07518860072816377
asthma_v2_pneumonia_P9Pneumonia63O.wav,0,1,4,4,0.007566060211722128,0.008485095721531171,0.008707129388335993,0.24738628554682274,0.7278554291315882
asthma_v2_pneumonia_P9Pneumonia67I.wav,0,1,4,4,0.058063401919305646,0.0012136597772394106,0.00612149327211286,0.05582784622337263,0.8787735988079695
asthma_v2_Bronchial_P10BronchialSc_48.wav,0,2,1,1,0.0021559584781327802,0.5120086201038463,0.477378191270981,0.0042232017848546095,0.004234028362185491
asthma_v2_Bronchial_P10BronchialTc_47.wav,0,2,1,1,0.0016860869472815761,0.35590345277375884,0.6357355129470745,0.003370014750075874,0.0033049325818092987
asthma_v2_Bronchial_P11BronchialSc_52.wav,0,2,1,0,0.5236872034051983,0.11740096217046352,0.07704896180402458,0.017048195571434013,0.26481467704887923
asthma_v2_Bronchial_P11BronchialTc_53.wav,0,2,1,3,0.07055802856339222,0.05385587724120381,0.014458404606774295,0.49651407080294585,0.36461361878568405
asthma_v2_Bronchial_P11BronchialTc_55.wav,0,2,1,0,0.8991394538343506,0.05006435369799596,0.009927190607527314,0.0016626079864538758,0.03920639387367241
asthma_v2_Bronchial_P12BronchialSc_60.wav,0,2,1,0,0.5278242796180451,0.029871541203463012,0.012673669273243265,0.313464171009119,0.11616633889612954
asthma_v2_Bronchial_P14BronchialSc_66.wav,0,2,1,1,0.3134403915630001,0.6774580258822334,0.0047966275336355476,0.00039714829942105354,0.003907806721710116
asthma_v2_Bronchial_P16BronchialTc_79.wav,0,2,1,1,0.010810643008876466,0.9551968610158659,0.01834870010900625,0.006099497426300811,0.009544298439950956
asthma_v2_Bronchial_P17BronchialTc_81.wav,0,2,1,1,0.07094272589520371,0.8341535794935068,0.02240549936800179,0.011478570585310734,0.061019624657977174
asthma_v2_Bronchial_P17BronchialTc_85.wav,0,2,1,1,0.005353038686936611,0.9196004041278842,0.053708242982221446,0.01485612818059063,0.006482186022367219
asthma_v2_Bronchial_P18BronchialTc_89.wav,0,2,1,1,0.0060127745895277905,0.9747144575450658,0.012550977602076163,0.0008748740959345477,0.00584691616739568
asthma_v2_Bronchial_P1BronchialTc_3.wav,0,2,1,1,0.0163890899469108,0.9331385549457267,0.03355915481961025,0.006274134697005093,0.010639065590747586
asthma_v2_Bronchial_P20BronchialSc_98.wav,0,2,1,1,0.02501440436756747,0.6460039861301576,0.3075528202451202,0.007248709590935099,0.014180079666219845
asthma_v2_Bronchial_P20BronchialTc_97.wav,0,2,1,1,0.007983098953694178,0.8466367279258479,0.13822950630326425,0.0030621993827881517,0.004088467434405411
asthma_v2_Bronchial_P21BronchialTc_101.wav,0,2,1,1,0.016339196805184444,0.9109401724846606,0.040488035416558744,0.011505662100280385,0.020726933193315474
asthma_v2_Bronchial_P2BronchialSc_8.wav,0,2,1,1,0.00725827357187559,0.9631869584661122,0.0028500086609520026,0.00610006513829741,0.020604694162762657
asthma_v2_Bronchial_P4BronchialSc_18.wav,0,2,1,1,0.01369450644670359,0.9422107655595148,0.012612008401508557,0.009878269049514643,0.021604450542758575
asthma_v2_Bronchial_P6BronchialSc_30.wav,0,2,1,1,0.0020224875247250628,0.9530499184908887,0.03360565463293095,0.0024288692973653847,0.008893070054089795
asthma_v2_Bronchial_P7BronchialSc_32.wav,0,2,1,1,0.0031868677786105522,0.9315367001410203,0.036954417827410255,0.02343123243094922,0.004890781822009452
asthma_v2_Bronchial_P9BronchialTc_43.wav,0,2,1,1,0.01146476334383497,0.9152075834756965,0.03001183614566768,0.004750358070631571,0.038565458964169
asthma_v2_Bronchial_P9BronchialTc_45.wav,0,2,1,1,0.0009496609325160396,0.9604686573019027,0.03659148083820581,0.0003485556759798389,0.0016416452513955844
asthma_v2_asthma_P10AsthmaIE_49.wav,0,2,0,0,0.7506713793885474,0.02034961806894535,0.010168215521183258,0.007657518592890007,0.21115326842843393
asthma_v2_asthma_P11WheezingIU_54.wav,0,2,0,0,0.7576960450403115,0.10067182532190527,0.009485871333186707,0.019783912911900948,0.11236234539269564
asthma_v2_asthma_P12WheezingRS_56.wav,0,2,0,0,0.8305595598226831,0.014403538855122397,0.05642795673238824,0.0033244433229762597,0.09528450126683007
asthma_v2_asthma_P13WheezingIU_62.wav,0,2,0,0,0.8952364475281329,0.03984163193796216,0.00421728464676011,0.0037937116988544383,0.05691092418829044
asthma_v2_asthma_P14WheezingIU_66.wav,0,2,0,0,0.911944067595607,0.03889306895160288,0.008061741613243084,0.001110110109462043,0.03999101173008486
asthma_v2_asthma_P14WheezingRS_68.wav,0,2,0,0,0.8385188163893708,0.005758207798742941,0.0037762301664778977,0.00509638217833004,0.14685036346707808
asthma_v2_asthma_P15WheezingIE_73.wav,0,2,0,0,0.8807226929176232,0.012291812357821522,0.004195102123234997,0.003049191285456059,0.09974120131586428
asthma_v2_asthma_P17WheezingIE_85.wav,0,2,0,0,0.5073521436913822,0.007284063567296109,0.0692303056884945,0.0038325294812399653,0.4123009575715872
asthma_v2_asthma_P17WheezingIU_82.wav,0,2,0,0,0.812239079243345,0.054898060791181966,0.012676967163736006,0.004356912754611636,0.11582898004712533
asthma_v2_asthma_P1AsthmaRS_4.wav,0,2,0,0,0.890994734511863,0.05336980232036045,0.015094790060123837,0.001781575550827292,0.03875909755682539
asthma_v2_asthma_P24WheezingRS_116.wav,0,2,0,0,0.8712661855571266,0.017726855269859648,0.008951300497304087,0.0031060114841563974,0.09894964719155307
asthma_v2_asthma_P25WheezingIE_125.wav,0,2,0,0,0.6306799024214788,0.026529352316093956,0.010515000764064813,0.0667213596162381,0.2655543848821245
asthma_v2_asthma_P27WheezingIE_133.wav,0,2,0,0,0.565961120691103,0.010499387488580982,0.006172394975076298,0.2912874974131584,0.12607959943208108
asthma_v2_asthma_P27WheezingRL_131.wav,0,2,0,0,0.8786678028723458,0.003929368083336271,0.07186129831374098,0.0013533553412210175,0.04418817538935626
asthma_v2_asthma_P27WheezingRL_135.wav,0,2,0,0,0.8044543541865281,0.06073176820936106,0.011432263435329208,0.0086432932722189,0.11473832089656233
asthma_v2_asthma_P29WheezingIU_142.wav,0,2,0,0,0.6591761605999359,0.18243264768190082,0.07763467834568075,0.010975064444154714,0.06978144892832806
asthma_v2_asthma_P2AsthmaIU_6.wav,0,2,0,2,0.13699074492181612,0.20617360808678825,0.5557113407386721,0.04381950370788299,0.05730480254484044
asthma_v2_asthma_P2AsthmaRL_7.wav,0,2,0,0,0.8777145147818803,0.0038657111845472754,0.027049927133002197,0.006749994932718104,0.08461985196785213
asthma_v2_asthma_P30WheezingIE_149.wav,0,2,0,0,0.9333312057225988,0.015575952487372577,0.0014629253277523874,0.0022223940894911223,0.047407522372784824
asthma_v2_asthma_P30WheezingRS_148.wav,0,2,0,0,0.8868373473874309,0.03136117707526446,0.0031399788233772647,0.002000785706656426,0.0766607110072711
asthma_v2_asthma_P31WheezingRS_152.wav,0,2,0,0,0.46335097894899374,0.04797944854744872,0.010445736541968467,0.12492613293882958,0.3532977030227594
asthma_v2_asthma_P32WheezingIU_158.wav,0,2,0,0,0.8678721230418464,0.05220697508931226,0.006506335537469011,0.009130394805269395,0.06428417152610309
asthma_v2_asthma_P32WheezingRS_160.wav,0,2,0,0,0.6108473410664763,0.01413126933259981,0.004607125664736408,0.004718169062904416,0.36569609487328314
asthma_v2_asthma_P33WheezingIE_161.wav,0,2,0,0,0.6659291857895294,0.04250126993282199,0.007419219470169541,0.018035130219457778,0.26611519458802146
asthma_v2_asthma_P33WheezingIU_162.wav,0,2,0,0,0.7723525197564537,0.030275693317326928,0.05721182932554011,0.002793921236975624,0.1373660363637035
asthma_v2_asthma_P33WheezingRS_164.wav,0,2,0,0,0.8928977709183359,0.010487883846417592,0.022809937348721877,0.0015615955491250376,0.07224281233739951
asthma_v2_asthma_P34WheezingIE_169.wav,0,2,0,0,0.9595759538506315,0.004524917604788178,0.0012582979224004668,0.0037738984854375976,0.030866932136742124
asthma_v2_asthma_P34WheezingIU_170.wav,0,2,0,0,0.8991603727780908,0.03621541552391943,0.005853374914701315,0.0025377759121704055,0.05623306087111793
asthma_v2_asthma_P34WheezingRL_167.wav,0,2,0,0,0.9666381241952089,0.013323443619259452,0.0016570415730832108,0.000817097258375783,0.017564293354072932
asthma_v2_asthma_P35WheezingRL_171.wav,0,2,0,0,0.8997031057492736,0.012397965510468057,0.003297113963554146,0.002938575110843253,0.08166323966586093
asthma_v2_asthma_P35WheezingRL_175.wav,0,2,0,0,0.8523554178290891,0.08375725199409313,0.01898325847828831,0.00132093753220341,0.043583134166326
asthma_v2_asthma_P36WheezingIU_178.wav,0,2,0,0,0.9555483244722808,0.002181211893872686,0.007406816500899535,0.00021199182470278121,0.034651655308244086
asthma_v2_asthma_P37WheezingRS_184.wav,0,2,0,0,0.883965449462874,0.07407581502944229,0.008963521039493976,0.0024760688946719625,0.0305191455735182
asthma_v2_asthma_P39WheezingIU_194.wav,0,2,0,0,0.8839761835823241,0.08553657744151628,0.009883738562046437,0.0006991905673061189,0.019904309846807158
asthma_v2_asthma_P39WheezingRL_191.wav,0,2,0,0,0.7814990956570769,0.011237901089411377,0.05351987996090077,0.00128957610992164,0.15245354718268922
asthma_v2_asthma_P3AsthmaIE_13.wav,0,2,0,0,0.9219265461725341,0.02121337339720707,0.006496547623077852,0.0027570718437968105,0.047606460963384105
asthma_v2_asthma_P40WheezingRS_196.wav,0,2,0,0,0.9024737749041342,0.05239693649169092,0.03636432665853272,0.0005437944703307127,0.008221167475311382
asthma_v2_asthma_P41WheezingIU_202.wav,0,2,0,0,0.9563872157992266,0.0017817619499826162,0.009006056552379349,0.0006250916470655347,0.03219987405134607
asthma_v2_asthma_P41WheezingRS_204.wav,0,2,0,0,0.8059617613981367,0.017130794454387574,0.0425026389844071,0.0015555534728180782,0.13284925169025058
asthma_v2_asthma_P42WheezingIE_209.wav,0,2,0,0,0.7651749431424988,0.006777898899662368,0.2030199002218712,0.0018391363326063722,0.02318812140336162
asthma_v2_asthma_P44WheezingRL_219.wav,0,2,0,0,0.6176962878862184,0.004231398095628706,0.3516625076240875,0.0020554369369062482,0.024354369457159047
asthma_v2_asthma_P45WheezingIE_221.wav,0,2,0,0,0.9096651958059819,0.035908685687777595,0.00877235703043735,0.007619551640615417,0.03803420983518751
asthma_v2_asthma_P47WheezingRS_232.wav,0,2,0,0,0.9382945164757738,0.0016943337122312257,0.02974528369778938,0.0004923499643926278,0.02977351614981277
asthma_v2_asthma_P48WheezingIU_238.wav,0,2,0,0,0.9336281942315352,0.012232756108707459,0.026364236311023557,0.0026266030672354697,0.025148210281498284
asthma_v2_asthma_P48WheezingRS_240.wav,0,2,0,0,0.8806188223675702,0.012204416131941953,0.03334155388476167,0.0014683919958570944,0.07236681561986917
asthma_v2_asthma_P49WheezingIE_241.wav,0,2,0,0,0.7623740096558272,0.01902998469007126,0.008769290441497497,0.0030406547598251427,0.2067860604527784
asthma_v2_asthma_P4AsthmaIU_18.wav,0,2,0,0,0.9230793968095575,0.04170424874070756,0.00423028663070645,0.0012883395936132333,0.029697728225415086
asthma_v2_asthma_P4AsthmaRL_19.wav,0,2,0,0,0.9228984666126917,0.03485569934334831,0.004672957723290501,0.0012948990741453485,0.03627797724652433
asthma_v2_asthma_P4AsthmaRS_16.wav,0,2,0,0,0.9048387560591947,0.04752892350577128,0.0055244721341059155,0.0010601009188619505,0.041047747382066
asthma_v2_asthma_P50WheezingRL_247.wav,0,2,0,0,0.9381183316713186,0.007050554265286633,0.008823996626774416,0.005700849217317765,0.04030626821930248
asthma_v2_asthma_P51WheezingIU_254.wav,0,2,0,0,0.8723643343143087,0.05755311438507396,0.031126108232213286,0.0009291638598740743,0.0380272792085299
asthma_v2_asthma_P53WheezingIE_261.wav,0,2,0,0,0.8119229179048763,0.07441586989383048,0.04241418247733559,0.00412914508573735,0.06711788463822038
asthma_v2_asthma_P55WheezingRL_275.wav,0,2,0,0,0.7655976658973637,0.02093516017758855,0.006363348702902219,0.012748351415322073,0.19435547380682355
asthma_v2_asthma_P57WheezingRL_283.wav,0,2,0,4,0.1673659217658668,0.010197208034404328,0.004120091712381906,0.0012397598917868093,0.8170770185955603
asthma_v2_asthma_P7AsthmaIE_33.wav,0,2,0,0,0.9120478628786803,0.03362497932490444,0.01129038596982711,0.0014673328294745258,0.04156943899711313
asthma_v2_asthma_P7AsthmaRL_35.wav,0,2,0,0,0.9067754444801772,0.01736456911554011,0.0025048063475756805,0.0025138387004183292,0.07084134135628882
asthma_v2_asthma_P8AsthmaRL_39.wav,0,2,0,0,0.8557346027369714,0.023343657502001153,0.028672669787552115,0.008638164934328606,0.08361090503914644
asthma_v2_copd_P10COPDPr_77.wav,0,2,2,0,0.5698389668596514,0.025341218404873536,0.03852477964170844,0.1875600071234755,0.17873502797029148
asthma_v2_copd_P10COPDPr_79.wav,0,2,2,0,0.8295120769187584,0.09102232841753492,0.055320090350388804,0.0012126396199013442,0.022932864693416474
asthma_v2_copd_P11COPDPr_87.wav,0,2,2,2,0.0007973444599205271,0.002148180172855159,0.9964812563505469,0.0004462940364284653,0.00012692498024922114
asthma_v2_copd_P12COPDMc_96.wav,0,2,2,2,1.2242796076464147e-07,2.710676330185735e-07,0.9999136773603595,6.69761462527436e-05,1.895299779412447e-05
asthma_v2_copd_P12COPDPr_89.wav,0,2,2,2,0.001591407842483319,0.0011056553863036187,0.9969538550564605,0.00021827177225163,0.0001308099425008107
asthma_v2_copd_P12COPDPr_93.wav,0,2,2,2,0.014063541106654278,0.027797996937505436,0.956489527738135,0.0009032959258274278,0.0007456382918781152
asthma_v2_copd_P13COPDMc_104.wav,0,2,2,2,0.0010926633723644227,0.0015416640596845803,0.9946030030238903,0.0002235439801753005,0.002539125563885508
asthma_v2_copd_P13COPDPr_101.wav,0,2,2,2,0.010626301024761945,0.0094839711920312,0.974174987497844,0.00033115216208461063,0.00538358812327867
asthma_v2_copd_P14COPDPr_105.wav,0,2,2,2,0.00029136485094957297,0.0010609441049385133,0.997979573415313,6.993436275680413e-05,0.0005981832660422306
asthma_v2_copd_P14COPDPr_109.wav,0,2,2,2,0.005629459314889959,0.003947574697231802,0.9865276859424417,0.00044184119210519135,0.003453438853331499
asthma_v2_copd_P15COPDMc_118.wav,0,2,2,0,0.6443710780618503,0.0055522134655822345,0.3428657647308237,0.0006672918164044885,0.006543651925339076
asthma_v2_copd_P16COPDMc_124.wav,0,2,2,2,6.871180227513928e-07,4.5303483536193643e-07,0.9989915134195299,1.986045743314884e-05,0.0009874859701786331
asthma_v2_copd_P16COPDMc_126.wav,0,2,2,2,1.3955427003659077e-07,9.42561998044097e-08,0.9997175428098319,4.488269293346733e-06,0.0002777351104046993
asthma_v2_copd_P18COPDMc_144.wav,0,2,2,2,0.00041433521089653813,0.001387072928739816,0.9961540864778525,0.0016970709410244768,0.0003474344414863837
asthma_v2_copd_P19COPDMc_148.wav,0,2,2,2,0.008446124487113288,0.008578212011621133,0.9786608631800056,0.0011009289891937954,0.00321387133206607
asthma_v2_copd_P19COPDMc_150.wav,0,2,2,2,0.01920454290464,0.002558920368924074,0.9429271060563292,0.0005587221527998583,0.0347507085173068
asthma_v2_copd_P1COPDMc_2.wav,0,2,2,0,0.8438585962165106,0.009433932589960522,0.07440366837724023,0.021524383984567984,0.050779418831720796
asthma_v2_copd_P20COPDMc_158.wav,0,2,2,2,4.5153368109048613e-07,2.0248760278352384e-07,0.9998116608030131,5.907615419021316e-05,0.0001286090215128059
asthma_v2_copd_P20COPDMc_160.wav,0,2,2,2,0.000675276711593719,0.00018103491660229255,0.9978653737035379,0.0008602887513573351,0.00041802591690848516
asthma_v2_copd_P21COPDMc_162.wav,0,2,2,2,0.002642618231326725,0.004296052375590472,0.9907633123784891,0.0007171092903892617,0.0015809077242045153
asthma_v2_copd_P21COPDMc_164.wav,0,2,2,2,0.022563644556377518,0.014823238943264223,0.953730287516074,0.0010780579488377403,0.007804771035446379
asthma_v2_copd_P22COPDPr_171.wav,0,2,2,2,0.0003715964714043561,0.0003048046483969898,0.9923262857039924,0.005266102019243789,0.0017312111569623956
asthma_v2_copd_P23COPDPr_179.wav,0,2,2,2,0.0009489204247808838,0.0003126547895931215,0.9967465524802678,0.0008637587383442195,0.0011281135670140902
asthma_v2_copd_P24COPDPr_189.wav,0,2,2,2,0.020434475860537992,0.008930284795704149,0.7299660881098626,0.09261031278789003,0.14805883844600554
asthma_v2_copd_P25COPDMc_196.wav,0,2,2,2,0.0002142556003417185,0.003435201950007448,0.9882827512875526,0.007678352690724423,0.0003894384713738672
asthma_v2_copd_P25COPDPr_199.wav,0,2,2,2,0.0011280025114534745,0.0010736845257220832,0.9964697923947953,0.0010180952381210078,0.0003104253299082387
asthma_v2_copd_P26COPDMc_208.wav,0,2,2,2,0.003209149310260749,0.003944312938822412,0.9872593275930043,0.002377590017174209,0.003209620140738597
asthma_v2_copd_P27COPDMc_210.wav,0,2,2,2,0.007617693909483148,0.005101618839607736,0.9789997577155354,0.006258004389815133,0.002022925145558864
asthma_v2_copd_P28COPDMc_222.wav,0,2,2,2,1.6899738465610405e-07,3.355404852782616e-07,0.9999410109706476,9.565138041480623e-06,4.8919353440944626e-05
asthma_v2_copd_P28COPDPr_219.wav,0,2,2,2,0.0019980303080602895,0.0011799930076291797,0.995342200162767,0.0007791395136351909,0.000700637007908369
asthma_v2_copd_P29COPDMc_230.wav,0,2,2,2,3.87768543954571e-08,3.138381469334713e-08,0.9999041165525216,6.181300498011711e-05,3.4000281829237356e-05
asthma_v2_copd_P29COPDMc_232.wav,0,2,2,2,4.687227587105505e-08,3.7274023911225787e-08,0.9998507709009242,9.593531576541136e-05,5.320963701074064e-05
asthma_v2_copd_P2COPDMc_12.wav,0,2,2,2,0.19004856673589848,0.004620683045642884,0.790169861472329,0.0037242193409343133,0.011436669405194909
asthma_v2_copd_P2COPDPr_15.wav,0,2,2,2,0.013912490368843516,0.0009357169324138808,0.9840761729573038,0.0005692907675828336,0.0005063289738558396
asthma_v2_copd_P31COPDMc_244.wav,0,2,2,3,0.006277547933467462,0.001839939066417914,0.10793683112171579,0.8795924534171159,0.004353228461283188
asthma_v2_copd_P31COPDMc_248.wav,0,2,2,0,0.32904738280003604,0.005648444961728595,0.6573774201733796,0.0011837916076629287,0.006742960457193087
asthma_v2_copd_P32COPDMc_250.wav,0,2,2,2,0.1578564613277672,0.026912052523831095,0.7989947776517795,0.004204729673768927,0.01203197882285343
asthma_v2_copd_P32COPDPr_255.wav,0,2,2,2,0.06639579511754413,0.001984294369327468,0.9300407608996314,0.0003599191499086204,0.0012192304635883274
asthma_v2_copd_P36COPDPr_281.wav,0,2,2,2,9.780926156605224e-07,1.1441542506711777e-06,0.9992024514182338,0.0006731269029678453,0.000122299431932064
asthma_v2_copd_P36COPDPr_283.wav,0,2,2,2,0.008557407516963822,0.006614221190334662,0.9160224615035215,0.014114713570079939,0.05469119621909966
asthma_v2_copd_P36COPDPr_287.wav,0,2,2,2,0.0003874733717818154,0.0005173131840440692,0.995660392590275,0.002898694029480814,0.0005361268244187906
asthma_v2_copd_P37COPDMc_290.wav,0,2,2,2,0.0012238574883778424,0.006794664996738494,0.9895824065002778,0.0015453958188971883,0.0008536751957088238
asthma_v2_copd_P37COPDPr_293.wav,0,2,2,2,0.0035021494831957824,0.001859380431615638,0.992843416806671,0.0007236920189507475,0.0010713612595667533
asthma_v2_copd_P38COPDMc_300.wav,0,2,2,2,0.0030700561763908215,0.0015149849155843683,0.993029882706607,0.0011132623953260612,0.001271813806091777
asthma_v2_copd_P39COPDMc_306.wav,0,2,2,2,0.004949310719804718,0.006305031717994174,0.9636469127890758,0.001120209999128941,0.023978534773996675
asthma_v2_copd_P39COPDPr_309.wav,0,2,2,2,0.0006901825868756964,0.005919210019696614,0.9896975719351822,0.000839912213321984,0.002853123244923232
asthma_v2_copd_P3COPDMc_20.wav,0,2,2,2,0.026808235805422128,0.00965803552126828,0.9621374935042896,0.000544732050814286,0.000851503118205782
asthma_v2_copd_P3COPDMc_24.wav,0,2,2,2,0.0006416327736468425,0.0006449746182087061,0.9866847159460107,0.008789912987450653,0.003238763674683245
asthma_v2_copd_P3COPDPr_21.wav,0,2,2,2,0.010246064056882087,0.0038317146154588904,0.9841310023316232,0.0011262873110691894,0.000664931684966557
asthma_v2_copd_P3COPDPr_23.wav,0,2,2,2,0.02484077783903169,0.0041678259930960195,0.9693946663980896,0.0007454564503837572,0.0008512733193989306
asthma_v2_copd_P40COPDMc_318.wav,0,2,2,0,0.44736778434412466,0.0687940383941356,0.10298747450345011,0.004647417988856836,0.3762032847694328
asthma_v2_copd_P40COPDPr_313.wav,0,2,2,2,0.00303838227901755,0.019175452659118214,0.9717652542743856,0.00381107377258379,0.002209837014894917
asthma_v2_copd_P40COPDPr_315.wav,0,2,2,2,9.81280090832368e-10,8.738613456602327e-10,0.9999891788063877,4.913314075737009e-06,5.906024395158019e-06
asthma_v2_copd_P41COPDPr_325.wav,0,2,2,2,0.0012006539114636958,0.0005792088725805339,0.9951695007421418,0.002006574037931242,0.0010440624358825994
asthma_v2_copd_P42COPDMc_332.wav,0,2,2,2,2.3621438226436826e-07,3.146831834733589e-07,0.9997366607796772,0.00017124093589114954,9.154738686614308e-05
asthma_v2_copd_P42COPDPr_329.wav,0,2,2,2,0.0005467703722235641,0.0010130613917550151,0.9969591414218151,0.0007064407125057614,0.0007745861017008479
asthma_v2_copd_P42COPDPr_335.wav,0,2,2,2,0.0011533705887354622,0.000871132314621117,0.993375645457825,0.0015790638711146688,0.0030207877677036065
asthma_v2_copd_P43COPDMc_340.wav,0,2,2,2,0.00044169155718087725,5.507749312925892e-05,0.9982130866756,9.081476684495136e-05,0.0011993295072447385
asthma_v2_copd_P43COPDMc_342.wav,0,2,2,2,0.0011623528970260094,0.00014763094289804439,0.9959738766061907,0.00021794744932869195,0.0024981921045567983
asthma_v2_copd_P43COPDPr_337.wav,0,2,2,2,0.002236954662866426,0.006859041356526915,0.9888012302338207,0.00038039322899877245,0.001722380517787595
asthma_v2_copd_P43COPDPr_343.wav,0,2,2,2,0.0001480425241655004,0.00117296600754742,0.9983413477753649,9.583288450026668e-05,0.00024181080842180686
asthma_v2_copd_P44COPDMc_346.wav,0,2,2,2,0.017282674595588757,0.004873276253944819,0.8085335268045484,0.005924382694899448,0.16338613965101859
asthma_v2_copd_P44COPDMc_348.wav,0,2,2,4,0.01982218178595213,0.006498306676491921,0.678416884349409,0.018750503333838025,0.27651212385430907
asthma_v2_copd_P44COPDPr_345.wav,0,2,2,2,0.0003346314023339019,0.0013214051274568254,0.9969046140596521,0.00028324150922557007,0.0011561079013316896
asthma_v2_copd_P45COPDPr_353.wav,0,2,2,2,0.00027496480504968576,0.00038520780237508655,0.9943827333846026,0.0011381222827852072,0.003818971725187533
asthma_v2_copd_P45COPDPr_359.wav,0,2,2,2,0.01229045082496665,0.001801376580997582,0.6978869774017527,0.22452253353647134,0.06349866165581178
asthma_v2_copd_P46COPDPr_363.wav,0,2,2,2,0.007731720610739624,0.00041897896019243644,0.9829348095009085,0.0007032912789363222,0.008211199649222659
asthma_v2_copd_P47COPDMc_372.wav,0,2,2,2,0.011971952177028436,0.0030285681269572795,0.9800392174133491,0.0008670510659334012,0.004093211216731294
asthma_v2_copd_P47COPDMc_374.wav,0,2,2,2,0.0017324793037748326,0.03495091966477705,0.936729898930219,0.02141630232034334,0.005170399780885723
asthma_v2_copd_P48COPDMc_380.wav,0,2,2,2,0.0706164982823505,0.12570576776024803,0.7746680411516289,0.008771439525501513,0.020238253280271214
asthma_v2_copd_P48COPDMc_382.wav,0,2,2,2,0.0005312337849236997,0.0021869490298122986,0.9930639044559231,0.0024061334972251725,0.0018117792321158451
asthma_v2_copd_P48COPDPr_377.wav,0,2,2,2,0.0009113066963862309,0.00517690993466168,0.9817079955894702,0.009138025027296557,0.0030657627521852924
asthma_v2_copd_P49COPDMc_386.wav,0,2,2,2,0.00037073636673632044,0.0023749116268665426,0.9810704651509286,0.00845261842370159,0.007731268431767008
asthma_v2_copd_P49COPDPr_389.wav,0,2,2,2,0.0001989804103798005,0.0022034271700952057,0.9900214553244925,0.005081362510734344,0.0024947745842981515
asthma_v2_copd_P4COPDMc_32.wav,0,2,2,2,0.030330802666291543,0.0018467313948916035,0.9352501242810791,0.012743393766135208,0.019828947891602607
asthma_v2_copd_P4COPDPr_27.wav,0,2,2,2,1.0855373118068363e-06,8.100174609336081e-07,0.9989085783302772,0.00012773052504347736,0.0009617955899063874
asthma_v2_copd_P4COPDPr_29.wav,0,2,2,2,0.0015451264662239015,0.0020647700785923835,0.9922993080155256,0.0004790836538141621,0.003611711785843611
asthma_v2_copd_P6COPDPr_41.wav,0,2,2,2,0.0021524080940633064,0.0005273123468231715,0.9894957493285057,0.002633360919291766,0.005191169311315944
asthma_v2_copd_P6COPDPr_45.wav,0,2,2,4,0.08198053850473776,0.0024483441867405873,0.4845152179519565,0.05056151499340171,0.38049438436316346
asthma_v2_copd_P7COPDPr_55.wav,0,2,2,2,0.00869786147777207,0.10893884975123316,0.7176942249020394,0.15435992703526963,0.010309136833685938
asthma_v2_copd_P9COPDPr_65.wav,0,2,2,2,0.000853481838315829,0.00010231633275338787,0.9967908083933501,0.00012843365931155978,0.002124959776269283
asthma_v2_healthy_P12Healthy98S.wav,0,2,3,3,0.011185525630722809,0.02216686398606107,0.03348491247352051,0.8992481408023295,0.03391455710736658
asthma_v2_healthy_P13Healthy53S.wav,0,2,3,3,0.06981183724379943,0.11999751643303233,0.11468805963552495,0.644449298307364,0.05105328838027908
asthma_v2_healthy_P14Healthy47S.wav,0,2,3,3,0.06448945256090698,0.08837268619164605,0.11719789416324056,0.6849425564854333,0.04499741059877288
asthma_v2_healthy_P14Healthy53S.wav,0,2,3,3,0.008505644292868438,0.0020690691413785007,0.01541483436059524,0.966742781832603,0.007267670372555021
asthma_v2_healthy_P15Healthy14S.wav,0,2,3,3,0.029196310957617422,0.10785115557664644,0.04343492484998551,0.6141531710975313,0.2053644375182196
asthma_v2_healthy_P16Healthy18S.wav,0,2,3,3,0.03924915368453381,0.003284209508453094,0.0036476421909208794,0.567935195209733,0.38588379940635914
asthma_v2_healthy_P16Healthy19S.wav,0,2,3,3,0.03796167784195213,0.0028120148341767687,0.003141559357199673,0.6914732986783706,0.26461144928830094
asthma_v2_healthy_P19Healthy50S.wav,0,2,3,3,0.013278160697195573,0.001278310821250166,0.00026677465342617103,0.9780962874884969,0.007080466339631199
asthma_v2_healthy_P20Healthy31S.wav,0,2,3,3,0.0017365011177033717,0.000147524777778425,0.0005041778686792797,0.9759140173789831,0.021697778856855882
asthma_v2_healthy_P21Healthy15S.wav,0,2,3,3,0.01611434454716048,0.0014248651845910466,0.011327053385377551,0.9296652957022987,0.04146844118057237
asthma_v2_healthy_P21Healthy95S.wav,0,2,3,3,0.09214108470617069,0.004112444088817306,0.0015516728079415475,0.8650630293470666,0.037131769050004114
asthma_v2_healthy_P22Healthy45S.wav,0,2,3,3,0.0050572668803532455,0.0003089349156258545,0.0018709785747281287,0.9689344021235954,0.023828417505697235
asthma_v2_healthy_P24Healthy62S.wav,0,2,3,3,0.0106166181694234,0.008367493992813687,0.15894733013728346,0.7583511477833011,0.06371740991717843
asthma_v2_healthy_P25Healthy42S.wav,0,2,3,3,0.05620881723862335,0.0039418762391933435,0.015435528416228694,0.8318362263936112,0.09257755171234318
asthma_v2_healthy_P25Healthy72S.wav,0,2,3,3,0.11214577097165325,0.008945085966521344,0.048411315692318095,0.6397125885438825,0.19078523882562493
asthma_v2_healthy_P25Healthy97S.wav,0,2,3,3,0.07884713377838655,0.07762414889129696,0.009635578661737719,0.7402503919307716,0.0936427467378071
asthma_v2_healthy_P26Healthy48S.wav,0,2,3,0,0.4976627496378461,0.05121898517699749,0.03753793450660031,0.21044108515276,0.20313924552579585
asthma_v2_healthy_P4Healthy22S.wav,0,2,3,3,0.05792945514564262,0.14906724797133833,0.05608187311082198,0.4876731442068463,0.24924827956535098
asthma_v2_healthy_P5Healthy57S.wav,0,2,3,3,0.005149162594952465,0.0005346210651681246,0.0017221860419367261,0.9512646986321485,0.04132933166579418
asthma_v2_healthy_P6Healthy51S.wav,0,2,3,4,0.419363522216671,0.015279301075785687,0.012888241121721536,0.08883652697423829,0.4636324086115837
asthma_v2_healthy_P7Healthy39S.wav,0,2,3,3,0.0017237917792273523,0.00454130427801185,0.004584944375736133,0.9861529047155846,0.0029970548514400837
asthma_v2_healthy_P7Healthy84S.wav,0,2,3,3,0.1319807801962843,0.0038822830690755025,0.04253202043930012,0.46316827340479344,0.3584366428905466
asthma_v2_healthy_P8Healthy35S.wav,0,2,3,3,0.060662591172871545,0.019050316794371417,0.03020147776793976,0.8672240578317859,0.02286155643303139
asthma_v2_healthy_P8Healthy82S.wav,0,2,3,3,0.015596799028807428,0.0037677066226738227,0.013999473067569703,0.9556180070560746,0.011018014224874613
asthma_v2_healthy_P9Healthy22S.wav,0,2,3,3,0.004527181809225883,0.0004930680288969484,0.0020631093984781012,0.9905752830700105,0.0023413576933882805
asthma_v2_healthy_P9Healthy29S.wav,0,2,3,3,0.26808810791824583,0.007763060683069896,0.003642211064967353,0.39903401218970214,0.321472608144015
asthma_v2_pneumonia_P10Pneumonia52A.wav,0,2,4,4,0.04263239141037329,0.015543988049899092,0.01911075132699149,0.0037477317192146143,0.9189651374935215
asthma_v2_pneumonia_P10Pneumonia88R.wav,0,2,4,4,0.30696710849462866,0.011432890519271101,0.008652616040311341,0.004031260060532247,0.6689161248852569
asthma_v2_pneumonia_P11Pneumonia65P.wav,0,2,4,4,0.45041356276810096,0.046091668752178024,0.011806536766025237,0.006776008801109862,0.48491222291258584
asthma_v2_pneumonia_P12Pneumonia23P.wav,0,2,4,4,0.031452089537204624,0.04245535390400861,0.0397292951547427,0.013719898306775894,0.8726433630972682
asthma_v2_pneumonia_P13Pneumonia26N.wav,0,2,4,4,0.352678509496009,0.03552706547052464,0.016268747794858658,0.015885913428634962,0.5796397638099726
asthma_v2_pneumonia_P13Pneumonia94T.wav,0,2,4,4,0.03655683948443174,0.03160507046842367,0.03479092977621974,0.0177264116196433,0.8793207486512815
asthma_v2_pneumonia_P14Pneumonia22X.wav,0,2,4,3,0.029461042725664483,0.0007870741524422482,0.0029453896171989596,0.8893662076047397,0.07744028589995447
asthma_v2_pneumonia_P17Pneumonia63G.wav,0,2,4,4,0.1332426939573694,0.03861444079082601,0.00258499889512103,0.04225185069092651,0.783306015665757
asthma_v2_pneumonia_P19Pneumonia75B.wav,0,2,4,4,0.14287405257354224,0.01890906874153457,0.0015027456361005785,0.05684005957348714,0.7798740734753352
asthma_v2_pneumonia_P1Pneumonia97M.wav,0,2,4,4,0.081563608426895,0.004034712262535511,0.0011699657845923282,0.004770862415585561,0.9084608511103915
asthma_v2_pneumonia_P20Pneumonia37V.wav,0,2,4,4,0.07011954448889024,0.015480193683241827,0.0055628028676633036,0.17202146136190846,0.736815997598296
asthma_v2_pneumonia_P20Pneumonia42B.wav,0,2,4,4,0.07459051155206424,0.0008636138057987212,0.001272552022988971,0.03384907938266882,0.8894242432364791
asthma_v2_pneumonia_P21Pneumonia12C.wav,0,2,4,4,0.12427532153375614,0.031762167139700245,0.042267505649850344,0.03972396803028991,0.7619710376464034
asthma_v2_pneumonia_P21Pneumonia78P.wav,0,2,4,4,0.09376749721606126,0.001781296710516892,0.0004656711144386277,0.0009907711736262248,0.902994763785357
asthma_v2_pneumonia_P22Pneumonia29K.wav,0,2,4,4,0.29523187159772324,0.003649525012885001,0.0008485804727602611,0.0013152251101380987,0.6989547978064932
asthma_v2_pneumonia_P23Pneumonia40O.wav,0,2,4,4,0.1572263546363062,0.01379293452545093,0.045824441953214154,0.012984352756158965,0.7701719161288696
asthma_v2_pneumonia_P24Pneumonia21G.wav,0,2,4,1,0.07049094875247917,0.18790648664463902,0.11741398686078681,0.35238730885190955,0.27180126889018513
asthma_v2_pneumonia_P24Pneumonia91X.wav,0,2,4,4,0.13024672338671095,0.01111206553696192,0.042134982409969685,0.04603763562567917,0.7704685930406785
asthma_v2_pneumonia_P25Pneumonia11Z.wav,0,2,4,3,0.08265657341136042,0.07809740385418704,0.06143684506309575,0.3820228795950532,0.39578629807630356
asthma_v2_pneumonia_P25Pneumonia42V.wav,0,2,4,3,0.034315543367949876,0.017958637523822145,0.009378869025724037,0.8732330854527915,0.06511386462971239
asthma_v2_pneumonia_P27Pneumonia62C.wav,0,2,4,4,0.10634123233265952,0.023545151595573185,0.004696735686815328,0.01046250692431261,0.8549543734606395
asthma_v2_pneumonia_P27Pneumonia77J.wav,0,2,4,4,0.03436197641893131,0.007094698949807738,0.3396354065135546,0.002298326042098118,0.6166095920756085
asthma_v2_pneumonia_P28Pneumonia56Y.wav,0,2,4,4,0.049267893464988805,0.03077197790804201,0.003423083330644893,0.022790670764917434,0.893746374531407
asthma_v2_pneumonia_P28Pneumonia71A.wav,0,2,4,4,0.04213442928831447,0.009529381926893357,0.0019736087853315875,0.004765879377799192,0.9415967006216613
asthma_v2_pneumonia_P29Pneumonia82U.wav,0,2,4,4,0.048489761205440456,0.012174497503407803,0.0028391754395451535,0.020960376589980047,0.9155361892616266
asthma_v2_pneumonia_P2Pneumonia82A.wav,0,2,4,4,0.044462509122378494,0.014992938917025534,0.0003134576104047984,0.012382458993853243,0.927848635356338
asthma_v2_pneumonia_P32Pneumonia66M.wav,0,2,4,4,0.067487087269278,0.008520775795225156,0.0009457670039117509,0.029223040740536287,0.8938233291910489
asthma_v2_pneumonia_P32Pneumonia69E.wav,0,2,4,4,0.045811494573123425,0.022870900259741218,0.004438299518160033,0.00585996572791907,0.9210193399210559
asthma_v2_pneumonia_P33Pneumonia74T.wav,0,2,4,4,0.03800298231812087,0.006688916687721195,0.0003700543423575224,0.002294377323310801,0.9526436693284899
asthma_v2_pneumonia_P33Pneumonia94P.wav,0,2,4,4,0.040322712223354026,0.005897494432847056,0.0007888824318540148,0.001985057210312526,0.9510058537016324
asthma_v2_pneumonia_P34Pneumonia66M.wav,0,2,4,4,0.11439290958791316,0.01195491308863172,0.001777731559932406,0.02144201504900788,0.8504324307145146
asthma_v2_pneumonia_P34Pneumonia77O.wav,0,2,4,4,0.03403487199781929,0.017352266007244814,0.000780870966448454,0.012989405266369632,0.9348425857621177
asthma_v2_pneumonia_P35Pneumonia46U.wav,0,2,4,4,0.06915376233487303,0.007775807223472998,0.00412357336597489,0.005177920199085368,0.9137689368765939
asthma_v2_pneumonia_P36Pneumonia56V.wav,0,2,4,0,0.8955911654676855,0.02400727731204713,0.0026104824752400703,0.002715890165565287,0.07507518457946243
asthma_v2_pneumonia_P36Pneumonia85U.wav,0,2,4,4,0.02611464902468623,0.015086415846937738,0.0028095477968002784,0.0021614920814224453,0.9538278952501534
asthma_v2_pneumonia_P37Pneumonia44I.wav,0,2,4,0,0.6831314887903837,0.013065135683359767,0.015317538891690633,0.02673285438303028,0.2617529822515357
asthma_v2_pneumonia_P39Pneumonia41F.wav,0,2,4,4,0.30995731002670013,0.056004308474828325,0.08071622100977184,0.002767368030626651,0.5505547924580732
asthma_v2_pneumonia_P3Pneumonia61R.wav,0,2,4,4,0.05801482165848896,0.003057363369880545,0.07934919872515872,0.15079750939398762,0.7087811068524842
asthma_v2_pneumonia_P40Pneumonia69N.wav,0,2,4,4,0.1594701070914385,0.007529422759596066,0.0031062812556837027,0.007351206472971528,0.8225429824203103
asthma_v2_pneumonia_P40Pneumonia90Y.wav,0,2,4,0,0.7309758723503226,0.030286951638252128,0.004131732658577913,0.003947929744007598,0.23065751360884026
asthma_v2_pneumonia_P41Pneumonia25E.wav,0,2,4,2,0.1080988889970004,0.007016670859744032,0.8465139529450024,0.0007516516566916746,0.03761883554156173
asthma_v2_pneumonia_P42Pneumonia63L.wav,0,2,4,0,0.791784846015511,0.001880236047304106,0.006918002473832438,0.0010162227460427345,0.19840069271730978
asthma_v2_pneumonia_P42Pneumonia67F.wav,0,2,4,0,0.8528016525598214,0.02909775706004201,0.05807609555347581,0.004820562054265586,0.05520393277239509
asthma_v2_pneumonia_P44Pneumonia47J.wav,0,2,4,4,0.08378989525129722,0.011264956225698489,0.011554011439960332,0.005515908886915309,0.8878752281961283
asthma_v2_pneumonia_P44Pneumonia49B.wav,0,2,4,4,0.08936448746427658,0.012722829343147944,0.01693380755347158,0.004243266864250087,0.8767356087748542
asthma_v2_pneumonia_P45Pneumonia51F.wav,0,2,4,4,0.0340358912048208,0.003331449074398635,0.018899096765000376,0.15287037636677248,0.7908631865890076
asthma_v2_pneumonia_P46Pneumonia99Y.wav,0,2,4,4,0.12819250507726668,0.005664237840862914,0.3324353808320584,0.12454236102725748,0.40916551522255457
asthma_v2_pneumonia_P47Pneumonia24N.wav,0,2,4,4,0.10365270222361801,0.0032504121845018737,0.0486851287037591,0.0016418848629644136,0.8427698720251566
asthma_v2_pneumonia_P48Pneumonia31K.wav,0,2,4,3,0.00974549932327224,0.005174005833359279,0.07261502399966638,0.7562976755808823,0.1561677952628198
asthma_v2_pneumonia_P48Pneumonia61T.wav,0,2,4,3,0.013941329883122196,0.011293941027457432,0.06294712897794166,0.31347265679931324,0.5983449433121655
asthma_v2_pneumonia_P4Pneumonia17R.wav,0,2,4,4,0.02104349518632569,0.003279521505005036,0.23889065099792237,0.06997597615045324,0.6668103561602936
asthma_v2_pneumonia_P4Pneumonia27H.wav,0,2,4,4,0.05419308808898225,0.0029483157292588204,0.024354038511335958,0.024443392480093105,0.8940611651903297
asthma_v2_pneumonia_P5Pneumonia20K.wav,0,2,4,4,0.03828387104000114,0.002936316424140038,0.02034723512854219,0.012197716050323984,0.9262348613569928
asthma_v2_pneumonia_P7Pneumonia76F.wav,0,2,4,4,0.042062523278664464,0.009938666501537467,0.2145296596360126,0.0228088616064216,0.7106602889773639
asthma_v2_pneumonia_P8Pneumonia11O.wav,0,2,4,0,0.5154886484841094,0.00940753792860029,0.005505696084264769,0.0140266288439781,0.4555714886590479
asthma_v2_pneumonia_P8Pneumonia23N.wav,0,2,4,0,0.49310092184778215,0.004836943498608913,0.010290460817310844,0.055391077865761466,0.4363805959705365
asthma_v2_pneumonia_P9Pneumonia74S.wav,0,2,4,0,0.6785011890233105,0.012822242969760695,0.010336118934111599,0.0010296007610761152,0.2973108483117411
asthma_v2_Bronchial_P12BronchialSc_56.wav,0,3,1,0,0.9389344456784773,0.03438920803785062,0.0016508563832559665,0.0011259576978989345,0.023899532202517313
asthma_v2_Bronchial_P14BronchialSc_68.wav,0,3,1,0,0.49933665259982185,0.014948416182170958,0.4750991210317592,0.0005803306515388027,0.010035479534708864
asthma_v2_Bronchial_P14BronchialTc_67.wav,0,3,1,0,0.7431084613468153,0.20893252724499586,0.035989908184830874,0.0013044568156577584,0.010664646407700214
asthma_v2_Bronchial_P14BronchialTc_69.wav,0,3,1,0,0.8173223951562673,0.12797625574263302,0.023156100582084883,0.0016659400887399413,0.029879308430275076
asthma_v2_Bronchial_P15BronchialSc_72.wav,0,3,1,1,0.004558488282534034,0.9797190787599945,0.004200464003324926,0.009372113523645514,0.002149855430500972
asthma_v2_Bronchial_P15BronchialTc_75.wav,0,3,1,1,0.01115592579363148,0.9517819838656769,0.02875001637746774,0.003182111385249956,0.005129962577973932
asthma_v2_Bronchial_P16BronchialSc_76.wav,0,3,1,1,0.014243580643643559,0.9149947375892783,0.034191941445451214,0.006526936699682364,0.030042803621944603
asthma_v2_Bronchial_P16BronchialTc_77.wav,0,3,1,1,0.007789196391779704,0.9149602877048412,0.032482104098175923,0.022588237271786413,0.022180174533416606
asthma_v2_Bronchial_P18BronchialTc_87.wav,0,3,1,1,0.0033156344497830225,0.9837005238477649,0.004506007022925482,0.007070001036018706,0.0014078336435078733
asthma_v2_Bronchial_P2BronchialSc_6.wav,0,3,1,1,0.0558608957633684,0.8495249715929377,0.07128266979589942,0.010211880710855216,0.013119582136939452
asthma_v2_Bronchial_P2BronchialTc_7.wav,0,3,1,1,0.11959180331559909,0.6397986689148788,0.0643247859783586,0.09162532793356272,0.084659413857601
asthma_v2_Bronchial_P3BronchialTc_13.wav,0,3,1,1,0.02322677733456228,0.9329338121326244,0.020470669948390186,0.01351614876562683,0.009852591818796236
asthma_v2_Bronchial_P4BronchialTc_19.wav,0,3,1,1,0.05538438093566827,0.41973115933159066,0.0724114548057069,0.35646304191296824,0.09600996301406567
asthma_v2_Bronchial_P5BronchialTc_21.wav,0,3,1,1,0.010018011208589707,0.8809985106376369,0.003804620668762737,0.090267730349919,0.014911127135091606
asthma_v2_Bronchial_P5BronchialTc_23.wav,0,3,1,1,0.007099721917763507,0.9514353901886321,0.01483406653046965,0.015811496875692544,0.01081932448744212
asthma_v2_Bronchial_P6BronchialSc_28.wav,0,3,1,1,0.0040221512880118295,0.9679467723961365,0.015153288870657427,0.010555012991140846,0.0023227744540538758
asthma_v2_Bronchial_P6BronchialTc_29.wav,0,3,1,1,0.00943072548287622,0.9012858351116796,0.046915445633590985,0.016710800845486245,0.025657192926367024
asthma_v2_Bronchial_P7BronchialTc_35.wav,0,3,1,1,0.0035063598280652077,0.976163115448003,0.009515327346838142,0.0068480399500075026,0.003967157427086044
asthma_v2_Bronchial_P8BronchialTc_37.wav,0,3,1,1,0.03323370440308375,0.8166765857763257,0.052148850740975146,0.034251939248943236,0.06368891983067199
asthma_v2_Bronchial_P9BronchialSc_44.wav,0,3,1,1,0.012440930471787183,0.9390560864555201,0.017487080195759445,0.02250941201026784,0.008506490866665144
asthma_v2_Bronchial_P9BronchialTc_41.wav,0,3,1,1,0.003309797564704059,0.9194059389300057,0.021737711772499193,0.052914512291998096,0.0026320394407925046
asthma_v2_asthma_P10AsthmaIU_46.wav,0,3,0,0,0.9350797181657158,0.028525179394326746,0.0033847958239213256,0.001451184433509053,0.03155912218252715
asthma_v2_asthma_P10AsthmaRS_48.wav,0,3,0,0,0.9307043486782975,0.03669370155526819,0.005427752479524433,0.0012637228299318863,0.02591047445697783
asthma_v2_asthma_P11WheezingRL_55.wav,0,3,0,0,0.8357381360269234,0.099690438635732,0.022439953287063732,0.01640405726659789,0.025727414783683063
asthma_v2_asthma_P13WheezingRS_64.wav,0,3,0,0,0.9162052531629215,0.03749211657751201,0.015371957190958081,0.0018800446196629598,0.029050628448945497
asthma_v2_asthma_P14WheezingIU_70.wav,0,3,0,4,0.4331602501832299,0.009050249190456173,0.005334842560334656,0.010256582686231166,0.5421980753797481
asthma_v2_asthma_P15WheezingIU_74.wav,0,3,0,0,0.872547701135719,0.007812734866362492,0.003526594622313453,0.004444206010376667,0.11166876336522853
asthma_v2_asthma_P15WheezingRL_71.wav,0,3,0,0,0.6075302273102563,0.017891157648631154,0.012251541660940885,0.010408847322392294,0.3519182260577799
asthma_v2_asthma_P17WheezingRS_84.wav,0,3,0,0,0.9543076066521655,0.008747491368992789,0.003147260797519447,0.0019011329881283442,0.03189650819319379
asthma_v2_asthma_P19WheezingIE_93.wav,0,3,0,0,0.5237985332955257,0.013762176252177115,0.0014172489431005528,0.0052467756330422995,0.45577526587615436
asthma_v2_asthma_P20WheezingIE_97.wav,0,3,0,0,0.45884533176008657,0.11213582817806797,0.08862569234063443,0.05800733733900233,0.2823858103822087
asthma_v2_asthma_P20WheezingRL_99.wav,0,3,0,0,0.7993865793532976,0.09411466008312368,0.0015796631089979286,0.04942858728658213,0.0554905101679988
asthma_v2_asthma_P21WheezingIE_105.wav,0,3,0,0,0.7599872875329016,0.04435169432875974,0.05174304446204743,0.013530179175051199,0.1303877945012403
asthma_v2_asthma_P22WheezingIU_106.wav,0,3,0,0,0.8277666158881254,0.020509093446832,0.003932088077691239,0.00048279932459270467,0.14730940326275857
asthma_v2_asthma_P23WheezingIE_113.wav,0,3,0,0,0.9301717856826693,0.0072432244206755226,0.003892716455543542,0.0002677527740353697,0.05842452066707617
asthma_v2_asthma_P23WheezingRS_112.wav,0,3,0,0,0.9676348621930304,0.011779539282569397,0.001167972606736455,0.000180997389104509,0.01923662852855929
asthma_v2_asthma_P24WheezingRL_119.wav,0,3,0,0,0.9161906787039004,0.007916371742033418,0.002575531991730694,0.00024474309091302733,0.07307267447142282
asthma_v2_asthma_P25WheezingIE_121.wav,0,3,0,0,0.7824127007213397,0.022932427600047146,0.15714385563878783,0.0022953439156316357,0.03521567212419319
asthma_v2_asthma_P25WheezingIU_122.wav,0,3,0,0,0.9061526118221938,0.006970885158910507,0.00812525616368446,0.0014939545399421487,0.0772572923152693
asthma_v2_asthma_P28WheezingIE_137.wav,0,3,0,0,0.7143422276793784,0.04928799843469307,0.003937960757142783,0.16421192855433808,0.06821988457444743
asthma_v2_asthma_P28WheezingIU_138.wav,0,3,0,0,0.8172852630889582,0.08064613468990811,0.00172397596052553,0.02727703574171311,0.07306759051889505
asthma_v2_asthma_P28WheezingRS_136.wav,0,3,0,0,0.781751739016101,0.06265794252137066,0.009452220913423712,0.013815254526971642,0.13232284302213282
asthma_v2_asthma_P28WheezingRS_140.wav,0,3,0,0,0.8324607375752218,0.06864680470380614,0.0016306786806489324,0.047880582461655774,0.049381196578667186
asthma_v2_asthma_P29WheezingIE_141.wav,0,3,0,0,0.8253924336588011,0.01222304775639577,0.0037158582134760657,0.0014329296185306786,0.1572357307527961
asthma_v2_asthma_P29WheezingRS_144.wav,0,3,0,0,0.5194054869791558,0.002059300366214536,0.015042535463823805,0.0001606052136512324,0.4633320719771545
asthma_v2_asthma_P2AsthmaIU_10.wav,0,3,0,0,0.9342928053196141,0.028177952921010857,0.0052541908898809065,0.005331000398196162,0.02694405047129814
asthma_v2_asthma_P31WheezingIU_154.wav,0,3,0,0,0.9435678190786879,0.013704127026636715,0.007169599998514959,0.0013521429798693334,0.034206310916291255
asthma_v2_asthma_P33WheezingRL_163.wav,0,3,0,0,0.9335448026362041,0.008874390032618269,0.014176413632515173,0.0006807061919950412,0.04272368750666722
asthma_v2_asthma_P37WheezingIE_181.wav,0,3,0,0,0.901059703225454,0.0059999482556513445,0.04620686181997361,0.00034660366917539653,0.04638688302974578
asthma_v2_asthma_P38WheezingIE_189.wav,0,3,0,0,0.9051277595212404,0.01600568774460636,0.05508809284786277,0.0028386690189827735,0.020939790867307784
asthma_v2_asthma_P38WheezingRL_187.wav,0,3,0,0,0.7840921533673412,0.05134546414480949,0.018407050859374996,0.023326672680767803,0.12282865894770667
asthma_v2_asthma_P3AsthmaRL_15.wav,0,3,0,0,0.9537084654611309,0.01192316241283208,0.00930429381797006,0.0019562277595617157,0.02310785054850504
asthma_v2_asthma_P41WheezingIE_205.wav,0,3,0,0,0.9572599449394404,0.0036779418050340907,0.013904944609510722,0.0003848033026700169,0.02477236534334472
asthma_v2_asthma_P41WheezingRL_203.wav,0,3,0,2,0.17279438532951827,0.0004668664231156231,0.8250624949433265,0.00012762730831112305,0.001548625995728658
asthma_v2_asthma_P42WheezingIU_206.wav,0,3,0,2,0.19062567361527327,0.002256725543590704,0.7950670050686192,0.004066313453298544,0.007984282319218234
asthma_v2_asthma_P42WheezingIU_210.wav,0,3,0,0,0.7729607212009375,0.007371864902350379,0.1994966879983714,0.0028574485689887895,0.01731327732935195
asthma_v2_asthma_P44WheezingIU_218.wav,0,3,0,0,0.9109591935924952,0.017750232101328752,0.026532436732360838,0.001287263784109698,0.0434708737897054
asthma_v2_asthma_P46WheezingIU_230.wav,0,3,0,0,0.8538854577363695,0.005300564124248743,0.041849028383473055,0.0024942707728850136,0.09647067898302361
asthma_v2_asthma_P46WheezingRL_227.wav,0,3,0,0,0.8945999208850313,0.01416443341821207,0.059864224817511295,0.001807427294368831,0.029563993584876817
asthma_v2_asthma_P47WheezingRL_235.wav,0,3,0,0,0.8959696828564037,0.002143281479397834,0.025178969179659887,0.0014241847892952585,0.07528388169524354
asthma_v2_asthma_P48WheezingRS_236.wav,0,3,0,0,0.8569472672409103,0.007096864869535761,0.04265646006840128,0.001123245525441882,0.09217616229571075
asthma_v2_asthma_P49WheezingIE_245.wav,0,3,0,0,0.9431626863021818,0.0035782670412505837,0.015671904440166296,0.009837227844356311,0.027749914372045274
asthma_v2_asthma_P49WheezingRL_243.wav,0,3,0,0,0.9321523301685201,0.008909403084032909,0.04898399376042308,0.0020949798862985895,0.007859293100725476
asthma_v2_asthma_P50WheezingRS_248.wav,0,3,0,0,0.8547617837561623,0.030591399204392293,0.012816767341605934,0.0017454882655957471,0.10008456143224369
asthma_v2_asthma_P51WheezingRL_251.wav,0,3,0,0,0.9042335804070843,0.013917614511414265,0.033306246364456504,0.0029232490400433325,0.045619309677001584
asthma_v2_asthma_P52WheezingRS_256.wav,0,3,0,0,0.958020560686008,0.005822743374511139,0.024978715380331563,0.0005183321044851405,0.010659648454663837
asthma_v2_asthma_P52WheezingRS_260.wav,0,3,0,0,0.9504853824948011,0.007685586095105546,0.007714713316431292,0.0013639600999337995,0.03275035799372848
asthma_v2_asthma_P54WheezingRS_268.wav,0,3,0,3,0.11085444512171028,0.1456623367563529,0.05557029173932719,0.4506839494847376,0.23722897689787234
asthma_v2_asthma_P56WheezingRS_276.wav,0,3,0,0,0.72749541320212,0.05360744884735448,0.09374894833897336,0.012174427948864293,0.112973761662688
asthma_v2_asthma_P56WheezingRS_280.wav,0,3,0,3,0.22468672578824533,0.006293572854610064,0.006647910496663871,0.255709410804871,0.5066623800556098
asthma_v2_asthma_P57WheezingIU_282.wav,0,3,0,4,0.11570183657109007,0.0032811208184228124,0.0020397967483595137,0.12171867019655835,0.7572585756655692
asthma_v2_asthma_P57WheezingRS_284.wav,0,3,0,0,0.35830437428221457,0.26097710905431387,0.007926132201793253,0.1973264291928384,0.1754659552688401
asthma_v2_asthma_P5AsthmaRS_24.wav,0,3,0,0,0.8044610736840924,0.005038445972603008,0.0017616185905104797,0.005057847274321509,0.18368101447847263
asthma_v2_asthma_P6AsthmaRS_28.wav,0,3,0,0,0.9182532308851311,0.006618411027724146,0.015079913396500081,0.0028743423569053505,0.057174102333739575
asthma_v2_asthma_P7AsthmaIU_34.wav,0,3,0,0,0.9550267574189993,0.01935233759797061,0.003967478473526712,0.0015993500271833075,0.02005407648232003
asthma_v2_asthma_P7AsthmaRS_32.wav,0,3,0,4,0.17562576110869485,0.002669563355557247,0.004027153906818029,0.016990127020629388,0.8006873946083003
asthma_v2_asthma_P8AsthmaRS_36.wav,0,3,0,0,0.9367729750749241,0.03854460889370718,0.0016221554832484065,0.001212613685649762,0.02184764686247046
asthma_v2_asthma_P9AsthmaIU_42.wav,0,3,0,0,0.5973772117319639,0.00777740067744833,0.004415873638624631,0.008465565598599643,0.38196394835336384
asthma_v2_copd_P10COPDPr_73.wav,0,3,2,0,0.5157075809028678,0.4149715306505377,0.040105183618960344,0.006684014038828877,0.022531690788805223
asthma_v2_copd_P10COPDPr_75.wav,0,3,2,0,0.5210402131363063,0.06995981409912837,0.08309860535234109,0.12217833876328678,0.20372302864893785
asthma_v2_copd_P11COPDMc_82.wav,0,3,2,0,0.8148913304998695,0.007065420736008461,0.025720796981453083,0.0029364449470116404,0.14938600683565753
asthma_v2_copd_P11COPDPr_81.wav,0,3,2,0,0.8879474990676032,0.01731859582196868,0.02146730868846106,0.0016424063566047808,0.0716241900653623
asthma_v2_copd_P11COPDPr_85.wav,0,3,2,2,0.12809353123796116,0.011765883459277433,0.839268240480944,0.0018667384941270908,0.01900560632769043
asthma_v2_copd_P12COPDPr_95.wav,0,3,2,2,0.00153545586157058,0.003008909279389253,0.9920186479319144,0.0027521665201937365,0.0006848204069324093
asthma_v2_copd_P14COPDPr_107.wav,0,3,2,2,0.13532624258409412,0.0021307950171498536,0.8492695214360602,0.0002567406164494521,0.013016700346246598
asthma_v2_copd_P16COPDMc_122.wav,0,3,2,2,4.3998429044502746e-07,2.8626133286635746e-07,0.9993269321573518,1.4122260498419395e-05,0.0006582193365267193
asthma_v2_copd_P16COPDPr_123.wav,0,3,2,2,1.1477126675046215e-06,7.48333508865619e-07,0.9986808829186891,1.0695977923624996e-05,0.001306525057210965
asthma_v2_copd_P17COPDMc_130.wav,0,3,2,2,3.1815421311403907e-07,2.234108047321983e-07,0.9996727763168739,0.00021857223223009577,0.00010810988587797871
asthma_v2_copd_P17COPDMc_134.wav,0,3,2,2,0.0028242620773785013,0.00019732759666742442,0.9933418199513125,0.00037510405082640327,0.003261486323815408
asthma_v2_copd_P18COPDMc_138.wav,0,3,2,2,0.0071131385577611695,0.0017457559382136213,0.9882678493980557,0.00045547399236484787,0.002417782113604541
asthma_v2_copd_P18COPDPr_139.wav,0,3,2,2,0.013397558690475346,0.003174276518228134,0.96842591030909,0.0004237468500823228,0.01457850763212424
asthma_v2_copd_P19COPDMc_152.wav,0,3,2,2,0.006422703241956075,0.0004966380962270992,0.9895488488686335,0.0004882731216210714,0.0030435366715624995
asthma_v2_copd_P19COPDPr_145.wav,0,3,2,2,1.0277512605727179e-07,1.9170841507322733e-07,0.9999162349114847,4.971874835999767e-05,3.375185661420443e-05
asthma_v2_copd_P1COPDMc_8.wav,0,3,2,2,1.2215160688362072e-07,7.65744115350058e-08,0.999855021320179,6.156607834921977e-05,8.321387545347022e-05
asthma_v2_copd_P20COPDMc_154.wav,0,3,2,2,2.764827454491488e-07,2.3909863435175636e-07,0.9998446578663508,7.786051069512997e-05,7.696604157427936e-05
asthma_v2_copd_P20COPDPr_155.wav,0,3,2,2,0.3056398892938657,0.019087487013114083,0.6093924404367885,0.007695181556817928,0.058185001699413715
asthma_v2_copd_P21COPDMc_168.wav,0,3,2,2,0.004121795269939752,0.0005290682477845914,0.9679665882958821,0.010582759314067526,0.016799788872325968
asthma_v2_copd_P21COPDPr_163.wav,0,3,2,2,0.002468864195090781,0.0012712770627882034,0.9949674425806161,0.0006589988537078502,0.0006334173077969758
asthma_v2_copd_P21COPDPr_165.wav,0,3,2,2,0.009200023899255037,0.02620966829578124,0.9563338258329087,0.0005181870601493019,0.00773829491190579
asthma_v2_copd_P22COPDMc_172.wav,0,3,2,2,0.0004600963408168828,0.00045903481836085227,0.9874495435710718,0.008857915688391945,0.002773409581358573
asthma_v2_copd_P22COPDMc_176.wav,0,3,2,2,0.002981865274288053,0.001774412303883431,0.9397923736834858,0.036478664974067994,0.018972683764274675
asthma_v2_copd_P22COPDPr_175.wav,0,3,2,2,0.007404802750014184,0.0022511052464834922,0.8879646896605987,0.06384453449052353,0.03853486785238032
asthma_v2_copd_P23COPDMc_182.wav,0,3,2,2,0.007696784367185349,0.042026678483374075,0.7938348284849134,0.11585843602661243,0.040583272637914655
asthma_v2_copd_P23COPDPr_177.wav,0,3,2,2,0.003528536847580284,0.0021672071388935898,0.9439076361681215,0.03539579209594193,0.015000827749462627
asthma_v2_copd_P23COPDPr_183.wav,0,3,2,2,0.0021587919760492663,0.007596928672438449,0.9212026426967672,0.05404375304848931,0.01499788360625572
asthma_v2_copd_P24COPDMc_186.wav,0,3,2,2,0.0017859782265827278,0.0046778877107289864,0.9815361526298607,0.0036698952462550973,0.008330086186572301
asthma_v2_copd_P24COPDMc_188.wav,0,3,2,2,0.009567755692337263,0.010454072650669485,0.8485946411090101,0.10612808604976076,0.025255444498222503
asthma_v2_copd_P24COPDMc_192.wav,0,3,2,2,0.0005377160642104021,0.0002065211620012803,0.9964338866543109,0.0015499600941606545,0.001271916025316677
asthma_v2_copd_P25COPDMc_198.wav,0,3,2,2,0.0012683788865990562,0.001334934126688615,0.9961015139166789,0.0009501161248063498,0.0003450569452271051
asthma_v2_copd_P26COPDPr_203.wav,0,3,2,2,5.3291081952639467e-08,5.2624195154592884e-08,0.9998551823776051,0.00010457976308191469,4.0131944035891464e-05
asthma_v2_copd_P26COPDPr_205.wav,0,3,2,2,2.7664707456362303e-07,2.4861310421622754e-07,0.9997118905797153,8.491647514941612e-05,0.00020266768495654487
asthma_v2_copd_P26COPDPr_207.wav,0,3,2,2,0.0024397507915929852,0.0021543681752959226,0.9916929526087246,0.000629342566759636,0.003083585857626631
asthma_v2_copd_P28COPDMc_220.wav,0,3,2,2,0.0017880295317434618,0.0009280446315511203,0.9948806113341558,0.00160481730719232,0.0007984971953572549
asthma_v2_copd_P28COPDMc_224.wav,0,3,2,2,0.0009479006144293153,0.0004226910388405607,0.9978929511584633,0.00034904995536964894,0.0003874072328972413
asthma_v2_copd_P28COPDPr_223.wav,0,3,2,2,1.8720558151627289e-07,3.7671104987335374e-07,0.9998261169437276,3.890961699589128e-05,0.00013440952264507774
asthma_v2_copd_P29COPDMc_228.wav,0,3,2,2,2.1377418510282326e-07,2.817900142049782e-07,0.9995930091491751,0.00029682428704054823,0.00010967099958496134
asthma_v2_copd_P29COPDPr_225.wav,0,3,2,2,0.0013226389622304825,0.00035484815217937793,0.9969563439216532,0.0007837365337050878,0.0005824324302318494
asthma_v2_copd_P2COPDMc_10.wav,0,3,2,2,5.030996728133013e-07,3.087046068992722e-07,0.9997948252567638,0.00011006023016619426,9.430270879035057e-05
asthma_v2_copd_P2COPDMc_16.wav,0,3,2,2,0.006360572976412952,0.0002177691895318143,0.9916015138011477,0.0009286830612950972,0.0008914609716121528
asthma_v2_copd_P30COPDMc_238.wav,0,3,2,2,0.0005731279551766423,0.0004160708049945771,0.9985686424040373,0.0003009919887642125,0.00014116684702709096
asthma_v2_copd_P30COPDMc_240.wav,0,3,2,2,9.337379856645085e-09,9.542772391472969e-09,0.9999223295843147,5.582192526793502e-05,2.1829610265121132e-05
asthma_v2_copd_P30COPDPr_233.wav,0,3,2,2,0.0014384429758206277,0.00012603781245411024,0.9946605519837772,0.0007417248635541824,0.003033242364393897
asthma_v2_copd_P30COPDPr_237.wav,0,3,2,2,0.0007058792483264694,0.00048673893465697536,0.9982925921113964,0.00033866760663134397,0.00017612209898899662
asthma_v2_copd_P31COPDMc_242.wav,0,3,2,2,0.010739255201262106,0.0039115080212221215,0.8625003674952704,0.040572235152579655,0.08227663412966582
asthma_v2_copd_P32COPDPr_249.wav,0,3,2,0,0.3407886330802785,0.00766449596305977,0.6139489547553031,0.004720468622583901,0.03287744757877405
asthma_v2_copd_P33COPDMc_264.wav,0,3,2,2,0.002864318947302096,0.030292125687290814,0.9648330347487637,0.0003029401782621839,0.0017075804383811927
asthma_v2_copd_P34COPDMc_270.wav,0,3,2,2,0.0019394818216081364,0.010350599171180924,0.9860029209259913,0.00045093485737397293,0.0012560632238456
asthma_v2_copd_P34COPDPr_267.wav,0,3,2,2,0.018730068060160233,0.11733139984321557,0.8566805909893311,0.0018625098095580474,0.00539543129773482
asthma_v2_copd_P34COPDPr_269.wav,0,3,2,2,0.013786379943485923,0.1572556990718216,0.8178930286098811,0.005062708717779613,0.006002183657032178
asthma_v2_copd_P35COPDMc_276.wav,0,3,2,2,0.0010267124281231035,0.00047165234924327555,0.9973538290717298,0.0004066445096466908,0.0007411616412570987
asthma_v2_copd_P35COPDMc_280.wav,0,3,2,2,3.7327888210872704e-07,4.1317996475682095e-07,0.9995357013038998,0.0003522460190234649,0.00011126621822980233
asthma_v2_copd_P35COPDPr_275.wav,0,3,2,2,0.0005592074891242281,0.0017401089035304462,0.9899074895189219,0.00570214065659383,0.0020910534318296487
asthma_v2_copd_P36COPDPr_285.wav,0,3,2,2,1.2525751173035992e-06,1.916220765941532e-06,0.9988335710968197,0.0009562856643149995,0.0002069744429820784
asthma_v2_copd_P37COPDMc_294.wav,0,3,2,2,0.004292964087301162,0.0019405146061451642,0.9913980769392827,0.001409143658336149,0.0009593007089347562
asthma_v2_copd_P38COPDPr_303.wav,0,3,2,2,0.041402501477387686,0.0016688974660660507,0.9272051859614073,0.0063830584776784815,0.023340356617460093
asthma_v2_copd_P39COPDPr_311.wav,0,3,2,2,0.00019355464490217493,0.007002411769066599,0.9916932147085663,0.0004057401596345668,0.0007050787178304968
asthma_v2_copd_P3COPDMc_18.wav,0,3,2,0,0.8319638951160246,0.006472104095465899,0.14318340895191733,0.002499165484050741,0.01588142635254116
asthma_v2_copd_P3COPDMc_22.wav,0,3,2,2,0.025960525827745023,0.0019544435545759483,0.9702994112724236,0.0005280628640080755,0.001257556481247368
asthma_v2_copd_P40COPDMc_316.wav,0,3,2,2,3.406297590803346e-09,2.718176721321932e-09,0.9999602328467524,1.1400766221880216e-05,2.8360262551399387e-05
asthma_v2_copd_P40COPDPr_319.wav,0,3,2,4,0.21051336402346724,0.07394179457957914,0.1918624955729643,0.0025283530012678206,0.5211539928227216
asthma_v2_copd_P41COPDMc_322.wav,0,3,2,2,0.0004341951205590498,0.00011480226962611712,0.9990254425605972,9.64541105459232e-05,0.0003291059386720615
asthma_v2_copd_P42COPDPr_333.wav,0,3,2,2,4.017733506798662e-07,5.274240232450254e-07,0.9992320367413016,0.0005347639292723592,0.00023227013205202125
asthma_v2_copd_P44COPDPr_347.wav,0,3,2,2,0.007477422220938157,0.005352505785381205,0.858748375310728,0.010074224757719684,0.1183474719252328
asthma_v2_copd_P46COPDPr_361.wav,0,3,2,4,0.005919824751652535,0.010166952576633529,0.6481566821159822,0.026025994742947246,0.3097305458127848
asthma_v2_copd_P47COPDPr_369.wav,0,3,2,2,0.19702564205626186,0.014345626492845338,0.7022705093311853,0.0037980980413985627,0.08256012407830862
asthma_v2_copd_P48COPDMc_384.wav,0,3,2,2,0.0005706971204197186,0.0005446136670560221,0.9965484686258386,0.0013959688330232732,0.0009402517536624353
asthma_v2_copd_P48COPDPr_383.wav,0,3,2,2,0.00047234094870717474,0.0008980709253926654,0.9964336307472871,0.0009733681462591718,0.0012225892323536609
asthma_v2_copd_P4COPDMc_26.wav,0,3,2,2,0.0007277688790586264,0.00031002945117778965,0.9938894090643984,0.003630621789547369,0.0014421708158179447
asthma_v2_copd_P4COPDMc_30.wav,0,3,2,2,0.00576850916343027,0.0007478319673926339,0.990218160129273,0.0004745322315360587,0.0027909665083680206
asthma_v2_copd_P50COPDMc_394.wav,0,3,2,2,1.067832576513458e-06,1.124616153815951e-06,0.9996761382250459,0.00026106821933772153,6.060110688613618e-05
asthma_v2_copd_P50COPDPr_395.wav,0,3,2,2,0.0009066958307565151,0.0005052232588497102,0.9965142144814652,0.001321921422550617,0.0007519450063779686
asthma_v2_copd_P5COPDPr_35.wav,0,3,2,2,0.07306328204530894,0.02200085446365142,0.8950230050377287,0.006051231177047598,0.003861627276262956
asthma_v2_copd_P6COPDMc_42.wav,0,3,2,2,0.0012527422811041528,0.0004077750068537754,0.994239463331523,0.00217026320436166,0.00192975617615724
asthma_v2_copd_P6COPDMc_46.wav,0,3,2,2,0.011613161376103888,0.0010333998488714147,0.9558174673070694,0.014770981583311759,0.016764989884643665
asthma_v2_copd_P7COPDPr_49.wav,0,3,2,2,0.008430497731341292,0.0038335053811849313,0.9646381835959308,0.0036873564608746736,0.019410456830668086
asthma_v2_copd_P8COPDMc_62.wav,0,3,2,2,3.8636851192641755e-07,1.993526554452484e-07,0.999792954188856,3.569715431393091e-05,0.00017076293566252725
asthma_v2_copd_P8COPDPr_63.wav,0,3,2,2,0.0006707045005120665,0.00011015715296265077,0.9979244044618365,0.00011138731564796448,0.0011833465690405964
asthma_v2_copd_P9COPDMc_70.wav,0,3,2,2,2.614812663343613e-07,1.67685350177124e-07,0.9998537795545939,2.3963568381541188e-05,0.00012182771040786572
asthma_v2_healthy_P10Healthy14S.wav,0,3,3,4,0.2532463525029068,0.010861861286150605,0.00782454802062088,0.04262147773973206,0.6854457604505895
asthma_v2_healthy_P10Healthy65S.wav,0,3,3,3,0.009876580396542916,0.001608954094978191,0.0048660161109404364,0.6638244976923389,0.3198239517051994
asthma_v2_healthy_P10Healthy93S.wav,0,3,3,4,0.051447905692125484,0.010126482462461192,0.013803856670043054,0.06916610520931465,0.8554556499660557
asthma_v2_healthy_P12Healthy93S.wav,0,3,3,3,0.013412985488289246,0.01031457975437073,0.28348036344735583,0.5727160087871082,0.12007606252287634
asthma_v2_healthy_P14Healthy28S.wav,0,3,3,3,0.031998572537390246,0.024435033858736563,0.07986505829812215,0.8362324717221578,0.027468863583593725
asthma_v2_healthy_P14Healthy54S.wav,0,3,3,3,0.004064665714692514,0.079456406725435,0.014531223480267164,0.8574999321540386,0.044447771925566294
asthma_v2_healthy_P14Healthy89S.wav,0,3,3,3,0.00300900571131276,0.08005130946110843,0.01810516063478787,0.8883102755908772,0.01052424860191396
asthma_v2_healthy_P15Healthy55S.wav,0,3,3,3,0.05477804246551568,0.06552870160524545,0.10193122925783378,0.7374690168147838,0.040293009856621195
asthma_v2_healthy_P15Healthy61S.wav,0,3,3,3,0.029954552972254547,0.007467401140361093,0.003662160283324509,0.7150572854699055,0.2438586001341545
asthma_v2_healthy_P16Healthy41S.wav,0,3,3,3,0.024624222100047076,0.007890923706709617,0.0014792470760838614,0.7289869327387511,0.2370186743784084
asthma_v2_healthy_P19Healthy79S.wav,0,3,3,3,0.0025780831491687057,0.0006147860907284653,0.0008362736902690022,0.9662055056801351,0.029765351389698706
asthma_v2_healthy_P20Healthy59S.wav,0,3,3,3,0.0008737216846343963,0.003908845765903577,0.001162247359848342,0.9726171400480602,0.021438045141553428
asthma_v2_healthy_P23Healthy24S.wav,0,3,3,3,0.021769826142929046,0.0010024837504463272,0.0008008171605500504,0.45850993039757154,0.5179169425485032
asthma_v2_healthy_P23Healthy72S.wav,0,3,3,3,0.009475248714398385,0.0011743279704012283,0.00195720239216225,0.9573754474124891,0.030017773510549024
asthma_v2_healthy_P26Healthy22S.wav,0,3,3,3,0.01342200324399026,0.004771190228442213,0.006962929244325633,0.9341309634031297,0.040712913880112285
asthma_v2_healthy_P26Healthy46S.wav,0,3,3,3,0.1690269177672673,0.01942624775764438,0.03263724236883318,0.5468316505695734,0.23207794153668185
asthma_v2_healthy_P27Healthy30S.wav,0,3,3,3,0.0018667157772059766,0.006264135644989846,0.0009047221561964792,0.9864258618863462,0.00453856453526141
asthma_v2_healthy_P27Healthy92S.wav,0,3,3,3,0.0017585379200985088,0.004522600914994671,0.00036883789599382894,0.9867407333631277,0.006609289905785061
asthma_v2_healthy_P3Healthy44S.wav,0,3,3,3,0.008366578241332166,0.008844166662739704,0.05959511498525688,0.9154593571940802,0.007734782916590971
asthma_v2_healthy_P3Healthy60S.wav,0,3,3,3,0.005242275357801859,0.0437496660638285,0.007396140819744981,0.9043249940888696,0.03928692366975487
asthma_v2_healthy_P4Healthy62S.wav,0,3,3,3,0.01208166772105581,0.0614964408401784,0.15654995803732424,0.7514566106186533,0.018415322782788287
asthma_v2_healthy_P5Healthy87S.wav,0,3,3,3,0.007657000347265615,0.007791759044014575,0.01481827127402885,0.9387454631548924,0.030987506179798698
asthma_v2_healthy_P5Healthy92S.wav,0,3,3,3,0.0011002314092590105,0.0011176041605038987,0.0045386750211932015,0.9791436830328092,0.014099806376234491
asthma_v2_healthy_P7Healthy85S.wav,0,3,3,3,0.1334100580830264,0.0034027763335939213,0.038926375122422016,0.4382833431244571,0.38597744733650097
asthma_v2_healthy_P8Healthy33S.wav,0,3,3,3,0.20017264082126135,0.039144972951910925,0.07937629712093833,0.6180807690615466,0.06322532004434238
asthma_v2_healthy_P9Healthy61S.wav,0,3,3,3,0.16180701388476607,0.009515670104485612,0.0012809579334520451,0.513461942484501,0.3139344155927951
asthma_v2_healthy_P9Healthy79S.wav,0,3,3,3,0.01524385977377536,0.0019398259949133859,0.0015659481570097097,0.7947016168457481,0.18654874922855327
asthma_v2_pneumonia_P11Pneumonia12W.wav,0,3,4,4,0.3341484818918217,0.017864212100812727,0.004805370301149819,0.02535171061231902,0.6178302250938965
asthma_v2_pneumonia_P11Pneumonia41N.wav,0,3,4,4,0.10832568319954591,0.0006342770831219252,0.0018667084342025048,0.03663791045604455,0.8525354208270849
asthma_v2_pneumonia_P12Pneumonia46L.wav,0,3,4,4,0.4642495506027264,0.0397143888892241,0.0038440812169373622,0.006816486424877779,0.4853754928662342
asthma_v2_pneumonia_P14Pneumonia73T.wav,0,3,4,4,0.12237595044046026,0.0019290454648901176,0.009847757215796544,0.0007717649082786994,0.8650754819705742
asthma_v2_pneumonia_P15Pneumonia58S.wav,0,3,4,4,0.022038480994776316,0.004743833157013901,0.0003767289883957115,0.003395032813547492,0.9694459240462667
asthma_v2_pneumonia_P16Pneumonia18Z.wav,0,3,4,4,0.04231930975520849,0.0006297701308496329,0.0009893514059185335,0.06605313501438169,0.8900084336936415
asthma_v2_pneumonia_P16Pneumonia66X.wav,0,3,4,4,0.06045134441557936,0.0006134743683902045,0.00044292962567673145,0.04397836511964454,0.8945138864707095
asthma_v2_pneumonia_P19Pneumonia90X.wav,0,3,4,3,0.02017257330567129,0.03837376942841734,0.0007763472194982252,0.5276696226348006,0.4130076874116127
asthma_v2_pneumonia_P1Pneumonia10T.wav,0,3,4,4,0.016267258813703098,0.0012332201266839118,0.00035916059326585,0.0003676167286624943,0.9817727437376851
asthma_v2_pneumonia_P1Pneumonia93D.wav,0,3,4,4,0.02454402274658565,0.0009347259953908736,0.00028226846354781213,0.0009468911844357264,0.9732920916100399
asthma_v2_pneumonia_P21Pneumonia56M.wav,0,3,4,4,0.016537008064856248,0.0012202689260012148,0.00015702888107397607,0.003371959616735359,0.9787137345113334
asthma_v2_pneumonia_P22Pneumonia27A.wav,0,3,4,0,0.5479816346646508,0.013201357717923995,0.032860990283976044,0.01993629337946073,0.38601972395398865
asthma_v2_pneumonia_P22Pneumonia55C.wav,0,3,4,4,0.3538201806469052,0.013435236232439392,0.03538943718028971,0.037970346712217336,0.559384799228148
asthma_v2_pneumonia_P23Pneumonia90V.wav,0,3,4,4,0.04211738826801048,0.004834212100327581,0.02463063327263156,0.02599023589434298,0.902427530464687
asthma_v2_pneumonia_P24Pneumonia95T.wav,0,3,4,3,0.04254638986669724,0.11061405799383893,0.01866583747472382,0.5326340298663209,0.2955396847984194
asthma_v2_pneumonia_P26Pneumonia72P.wav,0,3,4,4,0.028461790833389247,0.002806462496125782,0.0016702609550342442,0.04530389602256629,0.9217575896928842
asthma_v2_pneumonia_P27Pneumonia37T.wav,0,3,4,4,0.03627887422297068,0.0037763052119670773,0.18656304119755593,0.004345321911079119,0.7690364574564273
asthma_v2_pneumonia_P27Pneumonia48G.wav,0,3,4,4,0.03322412508911884,0.0035160941459253955,0.20337799477390128,0.001065028334019411,0.7588167576570348
asthma_v2_pneumonia_P29Pneumonia17N.wav,0,3,4,4,0.07166591724954237,0.014120092632418643,0.0012161092242277698,0.02497980919566802,0.8880180716981431
asthma_v2_pneumonia_P2Pneumonia11Q.wav,0,3,4,4,0.08052620221697408,0.0022434298378340286,0.0015724587146004635,0.0006588090569886284,0.9149991001736028
asthma_v2_pneumonia_P2Pneumonia28R.wav,0,3,4,4,0.006628331526059333,0.0007595095240281825,0.00025079564452223235,0.0019360042056973032,0.9904253590996928
asthma_v2_pneumonia_P30Pneumonia10C.wav,0,3,4,4,0.04395972472188199,0.005130431060322716,0.0005290701858365457,0.006810366628022644,0.943570407403936
asthma_v2_pneumonia_P30Pneumonia30W.wav,0,3,4,4,0.017819830177961397,0.0076461653618400275,0.001274254527583686,0.019248548906083334,0.9540112010265315
asthma_v2_pneumonia_P31Pneumonia14Q.wav,0,3,4,4,0.03256275301207811,0.018085719610651255,0.007967547920341543,0.004124126936280629,0.9372598525206486
asthma_v2_pneumonia_P31Pneumonia43V.wav,0,3,4,4,0.16147413088258347,0.012055813461718188,0.006501729866870702,0.0034803243937984773,0.8164880013950291
asthma_v2_pneumonia_P32Pneumonia59Q.wav,0,3,4,4,0.013858957550848195,0.02176615218271249,0.0017161569082130665,0.22211498546096847,0.740543747897258
asthma_v2_pneumonia_P33Pneumonia94C.wav,0,3,4,4,0.043042495925332915,0.0035293532797636587,0.0002702233436429854,0.00968985744837872,0.9434680700028816
asthma_v2_pneumonia_P34Pneumonia99G.wav,0,3,4,4,0.05435969592257642,0.009116918317663227,0.000737064007955062,0.004329728621353135,0.9314565931304521
asthma_v2_pneumonia_P35Pneumonia57I.wav,0,3,4,4,0.019618525181422763,0.003727596967276933,0.0005513909542214573,0.0024854578762002195,0.9736170290208788
asthma_v2_pneumonia_P36Pneumonia79Z.wav,0,3,4,4,0.029609056094951538,0.013952283840724472,0.0013497108913123328,0.010713436660571788,0.9443755125124398
asthma_v2_pneumonia_P36Pneumonia86S.wav,0,3,4,0,0.9144440193273375,0.04418803715659854,0.00664706988503664,0.009909655225168863,0.02481121840585849
asthma_v2_pneumonia_P37Pneumonia73X.wav,0,3,4,0,0.9458615716734118,0.014532142030433947,0.0027669747545788726,0.0027322525808084774,0.03410705896076671
asthma_v2_pneumonia_P37Pneumonia83S.wav,0,3,4,4,0.4658596018139745,0.0095527675895948,0.006895300895608113,0.006479703165823496,0.511212626534999
asthma_v2_pneumonia_P37Pneumonia95J.wav,0,3,4,0,0.8794433564419819,0.008765225820621768,0.008092022307683557,0.008647990546970062,0.09505140488274265
asthma_v2_pneumonia_P38Pneumonia41S.wav,0,3,4,0,0.8159026293890675,0.015701388134411985,0.007591570439644863,0.0052842324477421114,0.15552017958913317
asthma_v2_pneumonia_P38Pneumonia64N.wav,0,3,4,0,0.9533722585155275,0.011470358514449441,0.010119508921277815,0.0020324306550754956,0.02300544339366979
asthma_v2_pneumonia_P3Pneumonia41L.wav,0,3,4,4,0.03520024685454147,0.0021089657134101725,0.007615966223356208,0.0007819249728003442,0.9542928962358915
asthma_v2_pneumonia_P3Pneumonia96L.wav,0,3,4,4,0.030323206346261,0.0006088462412024621,0.0027914046519066905,0.0003371434455747335,0.9659393993150553
asthma_v2_pneumonia_P40Pneumonia32Q.wav,0,3,4,4,0.3167993351771638,0.002976119095865718,0.001577456024493749,0.0007562868582274789,0.6778908028442491
asthma_v2_pneumonia_P40Pneumonia91V.wav,0,3,4,0,0.6911619713168695,0.021840798736813032,0.07790604325853501,0.002134617955036711,0.20695656873274593
asthma_v2_pneumonia_P40Pneumonia92J.wav,0,3,4,3,0.15327504861048868,0.02433128624720673,0.02983808251138903,0.7221500145440964,0.07040556808681911
asthma_v2_pneumonia_P41Pneumonia71Q.wav,0,3,4,0,0.9107727139250373,0.0019525322412547318,0.006291588513779549,0.003594994695402101,0.07738817062452627
asthma_v2_pneumonia_P41Pneumonia72U.wav,0,3,4,0,0.9162726105678343,0.02027027827249325,0.0040442195587172625,0.00032187058052621204,0.05909102102042883
asthma_v2_pneumonia_P43Pneumonia53X.wav,0,3,4,4,0.013888743325401952,0.005219677167766299,0.013501672862038707,0.015785745673331988,0.9516041609714613
asthma_v2_pneumonia_P43Pneumonia89T.wav,0,3,4,3,0.015505968234064787,0.007689958437457993,0.2570795235265717,0.36184704026993747,0.35787750953196795
asthma_v2_pneumonia_P44Pneumonia36U.wav,0,3,4,4,0.06701656407696768,0.02520956697672226,0.11318304155498182,0.05666570232439942,0.7379251250669285
asthma_v2_pneumonia_P45Pneumonia25T.wav,0,3,4,4,0.13165231510476624,0.0021856546007332214,0.025794149884637182,0.021338205440647014,0.8190296749692164
asthma_v2_pneumonia_P45Pneumonia29L.wav,0,3,4,4,0.3051013692123328,0.004004276160424317,0.05349221908194685,0.010880434129062594,0.6265217014162335
asthma_v2_pneumonia_P46Pneumonia80D.wav,0,3,4,3,0.005799631483439484,0.006837057172327387,0.057769965622076404,0.7856757189377058,0.1439176267844508
asthma_v2_pneumonia_P47Pneumonia19A.wav,0,3,4,4,0.17280056830756274,0.16370588396936595,0.0516169586135347,0.0982717512712134,0.5136048378383231
asthma_v2_pneumonia_P47Pneumonia98K.wav,0,3,4,4,0.06693755041762676,0.04743207653038822,0.009390684415363396,0.13140056220412122,0.7448391264325003
asthma_v2_pneumonia_P4Pneumonia39Q.wav,0,3,4,4,0.029125584272283764,0.006619316846646501,0.05667846126248879,0.015843842306393213,0.8917327953121879
asthma_v2_pneumonia_P4Pneumonia78E.wav,0,3,4,4,0.041710498202325204,0.003918873879150193,0.02342598240374237,0.0030858469731668684,0.9278587985416152
asthma_v2_pneumonia_P6Pneumonia39O.wav,0,3,4,4,0.07459569047060657,0.003876385543160487,0.02923820347226526,0.002484395292748511,0.8898053252212191
asthma_v2_pneumonia_P7Pneumonia22C.wav,0,3,4,4,0.07425889548843556,0.01599305464515152,0.1776292980041911,0.004107009004916547,0.7280117428573053
asthma_v2_pneumonia_P7Pneumonia34I.wav,0,3,4,4,0.11950346540813236,0.0011010299695260299,0.01937295653155,0.013842606998612984,0.8461799410921785
asthma_v2_pneumonia_P8Pneumonia20O.wav,0,3,4,4,0.032789624063531655,0.0017027358783920441,0.01673772242833951,0.0029814032945791337,0.9457885143351579
asthma_v2_Bronchial_P10BronchialTc_49.wav,0,4,1,1,0.0431238827691214,0.9027856189531579,0.03634991317565542,0.006368307098102424,0.011372278003962325
asthma_v2_Bronchial_P11BronchialTc_51.wav,0,4,1,1,0.06230866814069088,0.8540330551447846,0.06062785002949369,0.007341461275327621,0.015688965409703298
asthma_v2_Bronchial_P12BronchialSc_58.wav,0,4,1,0,0.9016386983668634,0.025403285295703477,0.03529210072710817,0.014215908147555571,0.023450007462769786
asthma_v2_Bronchial_P15BronchialTc_71.wav,0,4,1,1,0.004601381618986123,0.9846447537787779,0.0035899407803759776,0.004915752649282324,0.002248171172577774
asthma_v2_Bronchial_P15BronchialTc_73.wav,0,4,1,1,0.005558590005219904,0.9874160343221332,0.0024061704892456544,0.0029128211498145127,0.0017063840335868861
asthma_v2_Bronchial_P16BronchialSc_78.wav,0,4,1,1,0.2540249103620838,0.40079441227236196,0.2810522094605802,0.009580753181639224,0.05454771472333475
asthma_v2_Bronchial_P16BronchialSc_80.wav,0,4,1,1,0.09245913311766492,0.7790628088818974,0.02751348565387506,0.04188004335627067,0.059084528990292234
asthma_v2_Bronchial_P17BronchialTc_83.wav,0,4,1,1,0.023832961970498803,0.9404255230866687,0.02094344759429715,0.0040173915229186315,0.010780675825616598
asthma_v2_Bronchial_P18BronchialSc_86.wav,0,4,1,1,0.0030270219058138328,0.9887000089539724,0.002412325292357872,0.004447770946736575,0.0014128729011196623
asthma_v2_Bronchial_P18BronchialSc_88.wav,0,4,1,1,0.017007219667923658,0.9496500949681921,0.02371635553142438,0.0016118460643301448,0.00801448376812983
asthma_v2_Bronchial_P1BronchialTc_1.wav,0,4,1,1,0.04024540743564718,0.9093166058953907,0.033515746838661126,0.006243310440803916,0.01067892938949684
asthma_v2_Bronchial_P2BronchialTc_9.wav,0,4,1,1,0.014592599076603636,0.9454409287011203,0.007280246908746181,0.010002849086965585,0.022683376226564564
asthma_v2_Bronchial_P3BronchialSc_14.wav,0,4,1,1,0.011597099993317527,0.9195151558662182,0.03642987698197505,0.016623259524388877,0.01583460763409997
asthma_v2_Bronchial_P4BronchialSc_20.wav,0,4,1,1,0.007094377795834955,0.9765034340946971,0.001895415190288445,0.005578393077749172,0.008928379841429933
asthma_v2_Bronchial_P4BronchialTc_17.wav,0,4,1,1,0.039243944643656214,0.9264006081012283,0.006613432091695742,0.006743264930155918,0.020998750233263627
asthma_v2_Bronchial_P5BronchialSc_24.wav,0,4,1,1,0.008945697978983659,0.9557648501487084,0.017979854368271236,0.008076015317325734,0.0092335821867107
asthma_v2_Bronchial_P7BronchialTc_31.wav,0,4,1,1,0.0019971108957069664,0.9915888626700613,0.0038096007879667893,0.001807796544183037,0.0007966291020819364
asthma_v2_Bronchial_P7BronchialTc_33.wav,0,4,1,1,0.004253618970495485,0.9727572807025485,0.016248335207558723,0.0050470222591541755,0.0016937428602433878
asthma_v2_Bronchial_P8BronchialSc_36.wav,0,4,1,1,0.011284685055342742,0.9546077655959507,0.013449214936676845,0.012869723035889295,0.007788611376140418
asthma_v2_Bronchial_P9BronchialSc_42.wav,0,4,1,1,0.0021188696697809466,0.9898070055262936,0.005125413496501967,0.0018788087800226151,0.0010699025274009933
asthma_v2_asthma_P10AsthmaIU_50.wav,0,4,0,0,0.885264834485574,0.05386622150122293,0.0162210474699208,0.002928378151953313,0.041719518391329216
asthma_v2_asthma_P10AsthmaRL_47.wav,0,4,0,0,0.9365420583740472,0.006529208630835848,0.010203638082296846,0.0019220011300182702,0.044803093782801964
asthma_v2_asthma_P12WheezingIE_57.wav,0,4,0,0,0.8743351867815834,0.006883658886819513,0.032882098242346836,0.0015705022137480057,0.08432855387550242
asthma_v2_asthma_P12WheezingIU_58.wav,0,4,0,0,0.8828322276251636,0.006242836332028118,0.01420269665025256,0.002718546710644056,0.094003692681912
asthma_v2_asthma_P12WheezingRL_59.wav,0,4,0,0,0.9292631649585769,0.00807607429817116,0.011949055038258173,0.0017735814361467062,0.04893812426884681
asthma_v2_asthma_P12WheezingRS_60.wav,0,4,0,0,0.9164475902031975,0.045031324970460807,0.005609216087368055,0.0010855278460498578,0.0318263408929237
asthma_v2_asthma_P14WheezingIE_69.wav,0,4,0,0,0.609234231873824,0.038699701280266674,0.04037940498190291,0.09783113239299887,0.21385552947100706
asthma_v2_asthma_P15WheezingRL_75.wav,0,4,0,4,0.4334723042103672,0.0030672975078681495,0.0126011257829566,0.03165245404188569,0.5192068184569224
asthma_v2_asthma_P15WheezingRS_72.wav,0,4,0,0,0.8625559318833248,0.004564244759432262,0.003150629702062905,0.003080112303088012,0.12664908135209205
asthma_v2_asthma_P16WheezingIE_77.wav,0,4,0,0,0.5323136916180402,0.0038673557965179673,0.0142966920974035,0.04269651233880971,0.4068257481492285
asthma_v2_asthma_P16WheezingRS_76.wav,0,4,0,0,0.6800317393210933,0.002511438900941234,0.007778362415861819,0.021813106164957827,0.2878653531971459
asthma_v2_asthma_P19WheezingRS_92.wav,0,4,0,0,0.46568032060012426,0.019639601141933465,0.01833156867857179,0.11210299751763485,0.3842455120617356
asthma_v2_asthma_P20WheezingIU_98.wav,0,4,0,0,0.7619698618628391,0.04237813278540389,0.013113915846067848,0.10230071829030994,0.08023737121537902
asthma_v2_asthma_P20WheezingRS_100.wav,0,4,0,3,0.4627443490020029,0.08648875331247857,0.00916974175845887,0.292713312625384,0.14888384330167548
asthma_v2_asthma_P21WheezingIU_102.wav,0,4,0,0,0.8360545247778931,0.05048015558869628,0.0015815126505099835,0.02463617654493606,0.08724763043796475
asthma_v2_asthma_P21WheezingRL_103.wav,0,4,0,0,0.6744774729804625,0.02107769080877651,0.008198749633143054,0.05648505806459309,0.2397610285130252
asthma_v2_asthma_P22WheezingIE_109.wav,0,4,0,0,0.870008320191217,0.06360867348606683,0.002361312296462462,0.0005400020829720357,0.06348169194328196
asthma_v2_asthma_P22WheezingRS_108.wav,0,4,0,0,0.6874721389384589,0.011764110825546957,0.0037875202645280747,0.010248802708176838,0.2867274272632895
asthma_v2_asthma_P23WheezingRL_111.wav,0,4,0,0,0.957347021547623,0.020721506941767276,0.0035824304019621968,0.00017643853303262583,0.018172602575615083
asthma_v2_asthma_P23WheezingRL_115.wav,0,4,0,0,0.6666770573764629,0.10722768527069228,0.14573168115200827,0.009053199435323,0.07131037676551334
asthma_v2_asthma_P24WheezingRS_120.wav,0,4,0,0,0.642459541434655,0.02516221224903995,0.15858306910420433,0.0032142223110694333,0.1705809549010318
asthma_v2_asthma_P25WheezingRS_124.wav,0,4,0,0,0.8819880130961351,0.009654034211255763,0.02880555394453679,0.01023774037134347,0.06931465837672904
asthma_v2_asthma_P26WheezingIE_129.wav,0,4,0,0,0.714290063968528,0.11223708811305311,0.03467891059706659,0.03056526079686996,0.10822867652448238
asthma_v2_asthma_P29WheezingIE_145.wav,0,4,0,0,0.7012182886488165,0.004786406768386931,0.029887834233417114,8.618216228443343e-05,0.2640212881870948
asthma_v2_asthma_P31WheezingRL_155.wav,0,4,0,0,0.8476932547748517,0.0027660249891078422,0.0020907770568291124,0.000464404693781298,0.14698553848543017
asthma_v2_asthma_P32WheezingRL_159.wav,0,4,0,0,0.5410039114439026,0.22181679325906825,0.026934191227692725,0.006597840515907986,0.20364726355342871
asthma_v2_asthma_P34WheezingRS_168.wav,0,4,0,0,0.9447933383923913,0.009247808811135445,0.00391527086237602,0.00112967928924325,0.04091390264485377
asthma_v2_asthma_P35WheezingIE_173.wav,0,4,0,0,0.7745210221127754,0.0018604917401292566,0.13592597778564564,0.00098517310676187,0.08670733525468807
asthma_v2_asthma_P35WheezingIU_174.wav,0,4,0,0,0.5898177706210044,0.23629107426316348,0.042480169823879296,0.012331263192153637,0.11907972209979942
asthma_v2_asthma_P35WheezingRS_172.wav,0,4,0,0,0.6540601631089705,0.0012924832670208866,0.19359373139641417,0.0007536413611665471,0.1502999808664278
asthma_v2_asthma_P36WheezingIE_177.wav,0,4,0,0,0.9639857841428898,0.010314533467479011,0.015614694208265691,0.00015123582382457212,0.009933752357541148
asthma_v2_asthma_P37WheezingRL_183.wav,0,4,0,0,0.942215207950983,0.018672921818099826,0.02524337221620545,0.00036006290397190403,0.013508435110739923
asthma_v2_asthma_P38WheezingIU_190.wav,0,4,0,0,0.8613296088596133,0.02373791563939643,0.07433650130245738,0.007105234641745932,0.033490739556786976
asthma_v2_asthma_P39WheezingRL_195.wav,0,4,0,0,0.9263266434821698,0.03976388460304884,0.012108470107828326,0.0005775975754214231,0.021223404231531504
asthma_v2_asthma_P3AsthmaRL_11.wav,0,4,0,0,0.8013822177944968,0.003963982454723521,0.029238186855239195,0.004268281475482967,0.1611473314200574
asthma_v2_asthma_P40WheezingIE_197.wav,0,4,0,0,0.9472418361641846,0.026452880498356934,0.021858334380406658,0.0002115746351562918,0.004235374321895673
asthma_v2_asthma_P41WheezingIE_201.wav,0,4,0,0,0.8937819679426461,0.03657657634830933,0.04337908972158096,0.002650039702019264,0.02361232628544426
asthma_v2_asthma_P42WheezingRL_207.wav,0,4,0,0,0.37329391233238146,0.007009163206982331,0.6061626420573447,0.0008659825447598339,0.012668299858531996
asthma_v2_asthma_P42WheezingRS_208.wav,0,4,0,0,0.8837223332807963,0.003995232019006906,0.07776245241576685,0.0015496221499430684,0.032970360134487
asthma_v2_asthma_P43WheezingIU_214.wav,0,4,0,0,0.8328408466919905,0.005466990044910711,0.13973299029699457,0.002902417835224539,0.019056755130879507
asthma_v2_asthma_P43WheezingRL_211.wav,0,4,0,0,0.4531140074691849,0.016243800595815257,0.49759766521114046,0.005798887730706493,0.027245638993152625
asthma_v2_asthma_P43WheezingRL_215.wav,0,4,0,0,0.9406091046188925,0.002324881785719144,0.040290266205850196,0.00036144632271193684,0.01641430106682602
asthma_v2_asthma_P43WheezingRS_212.wav,0,4,0,0,0.8496648077668556,0.03041484563218234,0.07761308817354293,0.0036018263355482648,0.03870543209187089
asthma_v2_asthma_P45WheezingIE_225.wav,0,4,0,0,0.8910075641202777,0.029897684505176544,0.020579414364468113,0.0007094869934033384,0.05780585001667425
asthma_v2_asthma_P45WheezingIU_222.wav,0,4,0,0,0.9580553283009572,0.00970282266310903,0.014400841561345168,0.0008413395352574581,0.016999667939331498
asthma_v2_asthma_P45WheezingRL_223.wav,0,4,0,0,0.8955374877959581,0.02331760021538035,0.057684623279691066,0.0020334026206553215,0.02142688608831511
asthma_v2_asthma_P46WheezingIE_229.wav,0,4,0,0,0.9153061077083915,0.031705314616810365,0.0245534335392073,0.001740325111633475,0.026694819023957355
asthma_v2_asthma_P47WheezingIE_233.wav,0,4,0,0,0.818319406621683,0.002246166889404021,0.10254053797405482,0.0007341087651644528,0.07615977974969325
asthma_v2_asthma_P49WheezingIU_242.wav,0,4,0,0,0.6810787121178193,0.04679437978437243,0.03508560905005289,0.0012353005094580096,0.23580599853829715
asthma_v2_asthma_P50WheezingIE_249.wav,0,4,0,0,0.9276114194794987,0.0022146598406786095,0.011680385853302966,0.0007124970304744028,0.05778103779604559
asthma_v2_asthma_P51WheezingIE_253.wav,0,4,0,0,0.9332643955353365,0.003944821941468152,0.04550206139740427,0.001117544051774962,0.016171177074016267
asthma_v2_asthma_P53WheezingIE_265.wav,0,4,0,0,0.4093764451233925,0.19913371685119452,0.3317233294657663,0.02083807272938137,0.03892843583026535
asthma_v2_asthma_P56WheezingRL_279.wav,0,4,0,0,0.7089952781289948,0.06317298799318463,0.12785046287527077,0.002340330742962326,0.09764094025958722
asthma_v2_asthma_P57WheezingIE_285.wav,0,4,0,0,0.2930048940670203,0.1001237595305714,0.008603852110692185,0.08167421179472051,0.5165932824969959
asthma_v2_asthma_P58WheezingRS_288.wav,0,4,0,4,0.21412755114703122,0.006256371210915761,0.00268135329951066,0.007311750102692378,0.7696229742398499
asthma_v2_asthma_P5AsthmaIE_25.wav,0,4,0,0,0.7755172910428698,0.0021220530802563346,0.003238099350072768,0.012674186029019215,0.20644837049778195
asthma_v2_asthma_P6AsthmaIU_30.wav,0,4,0,0,0.940289200182838,0.01764521118881381,0.008497649725184802,0.001945440827512593,0.03162249807565078
asthma_v2_asthma_P8AsthmaIU_38.wav,0,4,0,0,0.8988278128631284,0.006971310982233036,0.017035056674388416,0.018975853104212834,0.058189966376037495
asthma_v2_copd_P10COPDMc_78.wav,0,4,2,0,0.8811281905794489,0.05480718571747161,0.05028882118823353,0.0018136969972756605,0.011962105517570253
asthma_v2_copd_P12COPDMc_92.wav,0,4,2,2,0.004330636900100752,0.0030987694750244433,0.9919716376563293,0.0003226456085751117,0.00027631035997035993
asthma_v2_copd_P13COPDPr_99.wav,0,4,2,2,0.0009870052174018598,0.014484222035584816,0.9800375036313429,0.003410927593660842,0.0010803415220098198
asthma_v2_copd_P14COPDMc_110.wav,0,4,2,2,0.025858441631561535,0.003958477357028805,0.9349025999326284,0.00036569578527167443,0.03491478529350992
asthma_v2_copd_P15COPDMc_114.wav,0,4,2,2,0.16046735192365874,0.021043118965436817,0.8101560434441967,0.005323684529941018,0.003009801136766597
asthma_v2_copd_P17COPDPr_129.wav,0,4,2,2,9.283417482783791e-07,4.160754740679355e-07,0.9997527619360885,2.6730171942546477e-05,0.0002191634747465476
asthma_v2_copd_P18COPDMc_142.wav,0,4,2,2,0.004056506471455712,0.0009341274687065039,0.9938117824133386,0.00021800291786333071,0.0009795807286355168
asthma_v2_copd_P18COPDPr_137.wav,0,4,2,2,0.007587504436235481,0.0002108524264177455,0.988454656587152,0.0002037681946459631,0.0035432183555486533
asthma_v2_copd_P19COPDPr_147.wav,0,4,2,2,0.009667443376959229,0.006791596170777424,0.9764523270977181,0.0008083294896064131,0.00628030386493873
asthma_v2_copd_P19COPDPr_149.wav,0,4,2,2,0.005570680929734126,0.0035816216364799812,0.9886486003492214,0.00016349484428100717,0.002035602240283413
asthma_v2_copd_P19COPDPr_151.wav,0,4,2,2,0.0019144298901175017,0.001400412581527934,0.9955652771695546,0.00020810213897699297,0.0009117782198230643
asthma_v2_copd_P1COPDPr_3.wav,0,4,2,2,0.018288077780436358,0.00058885501759194,0.9766521723827503,0.000213116814457217,0.0042577780047640835
asthma_v2_copd_P1COPDPr_5.wav,0,4,2,2,0.0013348987594397693,0.0013634150025228298,0.994918510860286,0.0004681792636928435,0.001914996114058426
asthma_v2_copd_P1COPDPr_7.wav,0,4,2,2,0.002139823265323955,0.0018554033958289682,0.9896186882575289,0.0019187877842957945,0.004467297297022584
asthma_v2_copd_P20COPDPr_153.wav,0,4,2,2,0.0024389100959456016,0.00022492996740174382,0.9941854684080337,0.00023048098324051673,0.0029202105453782993
asthma_v2_copd_P20COPDPr_157.wav,0,4,2,2,0.06259763706684918,0.03559296298285676,0.8622415699895009,0.01200843014566893,0.027559399815124248
asthma_v2_copd_P21COPDPr_167.wav,0,4,2,2,0.00401715333757795,0.000832845557867832,0.9915166036889714,0.0011927620365102815,0.002440635379072486
asthma_v2_copd_P22COPDPr_169.wav,0,4,2,2,0.001822276235714246,0.00018260027200726935,0.9940917987124562,0.0006035871676056987,0.0032997376122169916
asthma_v2_copd_P22COPDPr_173.wav,0,4,2,2,0.04102342331663821,0.01718838025439817,0.9124798122015846,0.006903776181199029,0.022404608046180198
asthma_v2_copd_P23COPDMc_184.wav,0,4,2,2,0.0017695263071536946,0.003524506445968541,0.9802025249422531,0.009561807082391988,0.004941635222232711
asthma_v2_copd_P23COPDPr_181.wav,0,4,2,2,0.002348731066135823,0.0002950094839937951,0.9927359184065601,0.0009238102763936872,0.0036965307669165073
asthma_v2_copd_P24COPDPr_185.wav,0,4,2,2,0.006443870418318393,0.005409635540882741,0.954335748141398,0.0024574669021975907,0.03135327899720302
asthma_v2_copd_P24COPDPr_187.wav,0,4,2,2,0.0034516660009977626,0.0015076664965099032,0.972931652594365,0.0015714394897246057,0.020537575418402572
asthma_v2_copd_P25COPDMc_200.wav,0,4,2,2,0.0006231005431096272,0.00015439116702563278,0.9987073881880717,0.00021509113321551424,0.0003000289685776197
asthma_v2_copd_P25COPDPr_193.wav,0,4,2,2,0.0008412466324746838,0.00018909263078198898,0.9978358286720217,0.0005534747067790845,0.0005803573579428005
asthma_v2_copd_P26COPDMc_202.wav,0,4,2,2,2.8626298297072203e-07,2.470816383790451e-07,0.9997787103217268,5.9843751370729005e-05,0.00016091258228116307
asthma_v2_copd_P27COPDPr_213.wav,0,4,2,2,0.002263930947545155,0.0005944068302161461,0.995543047317256,0.0003911824846265818,0.0012074324203561451
asthma_v2_copd_P29COPDPr_227.wav,0,4,2,2,2.60942629640874e-07,3.1850111241755687e-07,0.9999425660266812,2.8592939153298786e-05,2.8261590423416493e-05
asthma_v2_copd_P2COPDPr_11.wav,0,4,2,2,0.00530835437812833,0.0010389056290246244,0.9914273065492393,0.0012291287786802203,0.0009963046649274132
asthma_v2_copd_P30COPDMc_234.wav,0,4,2,2,0.023445560205819695,0.00048577653688897115,0.9362786271786282,0.0026695114902987593,0.03712052458836473
asthma_v2_copd_P30COPDPr_235.wav,0,4,2,2,0.015591426590677622,0.00044256813894019427,0.9312738585971995,0.003148508894685831,0.049543637778496796
asthma_v2_copd_P31COPDPr_243.wav,0,4,2,3,0.005620940933730436,0.0060921257148010225,0.2882164675441488,0.6894298278191515,0.010640637988168545
asthma_v2_copd_P32COPDMc_252.wav,0,4,2,2,0.1874508876774373,0.0035221042696369958,0.8030030030806559,0.00013775814188974418,0.005886246830380513
asthma_v2_copd_P32COPDMc_254.wav,0,4,2,2,0.011512568992545578,0.00033126444069354714,0.9878404491744042,9.884941046832388e-05,0.00021686798188902303
asthma_v2_copd_P33COPDMc_258.wav,0,4,2,2,0.09322345867052885,0.02205620411923706,0.27574924389708794,0.12537666047662102,0.48359443283652515
asthma_v2_copd_P33COPDMc_260.wav,0,4,2,4,0.029349807204266647,0.07918573648812598,0.591134300404705,0.019402181332265733,0.2809279745706372
asthma_v2_copd_P34COPDPr_265.wav,0,4,2,2,0.0018531685490755952,0.00871793452419226,0.9885777225373809,0.00010030825251464232,0.0007508661368368477
asthma_v2_copd_P35COPDMc_274.wav,0,4,2,2,0.0011183820822558666,0.0017193192023053905,0.987168391419928,0.0016764392098318327,0.008317468085678745
asthma_v2_copd_P35COPDPr_277.wav,0,4,2,2,0.0037964882438797296,0.005279534817823012,0.9870067266131048,0.0016223049070308209,0.0022949454181621326
asthma_v2_copd_P35COPDPr_279.wav,0,4,2,2,0.0012255851555238854,0.0004702939561635984,0.9972763490831132,0.0005269506517402559,0.0005008211534592896
asthma_v2_copd_P36COPDMc_284.wav,0,4,2,2,0.012713049245088195,0.004564150512646753,0.9152586796910885,0.006631752638679153,0.06083236791249745
asthma_v2_copd_P36COPDMc_286.wav,0,4,2,2,0.0007436201920874129,0.00022600470278615504,0.9978707146632874,0.0007439617591275859,0.00041569868271170975
asthma_v2_copd_P37COPDMc_292.wav,0,4,2,2,0.009477271348770706,0.011808556548986483,0.9754086311529491,0.0008193311388067426,0.002486209810486728
asthma_v2_copd_P37COPDPr_291.wav,0,4,2,2,0.0028599996819172004,0.0036362786354086907,0.9922131587851851,0.0004567595568212028,0.0008338033406679476
asthma_v2_copd_P37COPDPr_295.wav,0,4,2,2,0.02395371005863493,0.004427606798500044,0.9653594627704533,0.0018509502278315022,0.004408270144580169
asthma_v2_copd_P38COPDMc_304.wav,0,4,2,2,0.027340354045997228,0.0007216258128770817,0.8456256221146697,0.009883786132878354,0.11642861189357756
asthma_v2_copd_P38COPDPr_297.wav,0,4,2,2,0.06004226873445252,0.005061539789523845,0.8955251522224661,0.000673466049190433,0.038697573204367244
asthma_v2_copd_P38COPDPr_299.wav,0,4,2,2,0.04294629409273703,0.0041985469089214685,0.9258294246564978,0.0013767087796710876,0.02564902556217252
asthma_v2_copd_P38COPDPr_301.wav,0,4,2,2,0.01861620448653891,0.00487119815556122,0.9701605856592316,0.0010097702348287635,0.0053422414638395685
asthma_v2_copd_P39COPDMc_312.wav,0,4,2,2,0.003775779109484244,0.00603736886996619,0.9879851872317124,0.0009061842036732892,0.0012954805851637613
asthma_v2_copd_P39COPDPr_305.wav,0,4,2,2,0.02241983746799467,0.000722644817563136,0.9220760417197964,0.007607731120813195,0.0471737448738327
asthma_v2_copd_P3COPDPr_17.wav,0,4,2,2,0.1627311404614971,0.007007920536363663,0.8203472824468647,0.0022155591679604973,0.0076980973873139345
asthma_v2_copd_P3COPDPr_19.wav,0,4,2,2,0.004516392961017663,0.00037889859009229465,0.9948594909729689,9.754923905927029e-05,0.00014766823686202763
asthma_v2_copd_P41COPDMc_326.wav,0,4,2,2,0.001344705150816312,0.0016771732716136236,0.9959585759312788,0.00034193026605475646,0.0006776153802367837
asthma_v2_copd_P41COPDMc_328.wav,0,4,2,2,0.0007779033448476783,0.00036207256039180106,0.9984059317999713,0.00021065159793622767,0.00024344069685325553
asthma_v2_copd_P42COPDMc_336.wav,0,4,2,2,0.0016746625489441084,0.0008133937787190398,0.991810548687681,0.0018117641253212245,0.0038896308593345135
asthma_v2_copd_P43COPDMc_338.wav,0,4,2,2,0.000657089184362001,0.0006098013700800349,0.9978079905762985,0.00015158781289323703,0.0007735310563659897
asthma_v2_copd_P43COPDMc_344.wav,0,4,2,2,0.0004474705421265493,0.0014752251600264517,0.996583495033116,0.0002262170873228675,0.001267592177408131
asthma_v2_copd_P45COPDMc_354.wav,0,4,2,2,0.0009637996216249175,0.00023635404789136636,0.9878428274947348,0.0038185871546536957,0.007138431681095073
asthma_v2_copd_P46COPDMc_364.wav,0,4,2,4,0.008363488535457377,0.00042823443858643653,0.325193197587348,0.007467628753950901,0.6585474506846573
asthma_v2_copd_P47COPDMc_376.wav,0,4,2,2,0.0026547351385756497,0.004344809189412627,0.7560404335553603,0.22433029981286035,0.012629722303791512
asthma_v2_copd_P48COPDPr_381.wav,0,4,2,2,0.0011719940366528851,0.0005021106275866339,0.9967351767242262,0.0007482953570481732,0.0008424232544859625
asthma_v2_copd_P49COPDMc_388.wav,0,4,2,2,0.0005109720258225754,0.0013457055233107777,0.9805350979162302,0.004645645811620689,0.012962578723015993
asthma_v2_copd_P49COPDPr_385.wav,0,4,2,2,0.0017543866455130004,0.0011262848982384291,0.9917417819943792,0.0019745950972977783,0.0034029513645715903
asthma_v2_copd_P49COPDPr_387.wav,0,4,2,2,0.0004766140450409276,0.0015719377430382022,0.9914131467942205,0.0025241666887616454,0.004014134728938752
asthma_v2_copd_P4COPDPr_31.wav,0,4,2,2,0.008126811367198637,0.00104638269567482,0.9871568977234569,0.0007776088911253952,0.002892299322544441
asthma_v2_copd_P50COPDMc_396.wav,0,4,2,2,0.004264567702333809,0.0033289953312087475,0.9907033756707488,0.0006115538044075548,0.001091507491300947
asthma_v2_copd_P50COPDMc_398.wav,0,4,2,2,0.000962603995396878,0.000303507157095615,0.9977956504311847,0.00021758264262888909,0.0007206557736939082
asthma_v2_copd_P51COPDPr_401.wav,0,4,2,2,3.9579555986163375e-07,3.007383817122382e-07,0.9999060890094921,1.019988685633081e-05,8.30145697099939e-05
asthma_v2_copd_P5COPDMc_34.wav,0,4,2,2,0.06284054483182831,0.0007426796127244794,0.8664769505637344,0.011516284037234524,0.058423540954477916
asthma_v2_copd_P5COPDMc_36.wav,0,4,2,2,0.006301916972828126,0.001824820898999679,0.9521414326207576,0.005234559095956317,0.034497270411458406
asthma_v2_copd_P5COPDPr_33.wav,0,4,2,2,0.025555059901376034,0.001093458825284525,0.9662059023576063,0.0014619290063413286,0.005683649909391442
asthma_v2_copd_P6COPDPr_43.wav,0,4,2,2,0.0020011176859585783,0.00025218578801192214,0.9930923630480115,0.0011673262397644067,0.003487007238253703
asthma_v2_copd_P7COPDMc_54.wav,0,4,2,2,0.0070224596108417955,0.0016854356650220054,0.9817825781889,0.0072269992078135194,0.0022825273274226163
asthma_v2_copd_P7COPDPr_51.wav,0,4,2,2,0.015454911955205448,0.0005960543069403111,0.9661170985105428,0.005233406804825418,0.012598528422486136
asthma_v2_copd_P8COPDMc_58.wav,0,4,2,2,0.006182072263608594,0.0013568077569045458,0.9909640914926636,0.0004941116519708222,0.0010029168348525484
asthma_v2_copd_P8COPDMc_60.wav,0,4,2,2,0.000657672997834517,6.95369370778371e-05,0.9989320682445583,9.08310135244832e-05,0.0002498908070045165
asthma_v2_copd_P8COPDPr_61.wav,0,4,2,2,0.002698989853341586,0.00015479920830644136,0.9959195296774049,0.00043002266495453985,0.0007966585959923285
asthma_v2_copd_P9COPDPr_67.wav,0,4,2,2,0.00547245320766444,0.0004480995279854806,0.9891115006762002,9.008831085842762e-05,0.004877858277291509
asthma_v2_copd_P9COPDPr_71.wav,0,4,2,2,6.527226639659809e-07,3.831301614106703e-07,0.9998488400951149,6.569052782219488e-06,0.0001435549992774718
asthma_v2_healthy_P11Healthy38S.wav,0,4,3,3,0.008909249872868053,0.0044000402145066555,0.008036539551615759,0.9705896437891111,0.008064526571898252
asthma_v2_healthy_P16Healthy26S.wav,0,4,3,3,0.031144132982043507,0.00584420884770434,0.0018329185971954602,0.7607178673624454,0.20046087221061118
asthma_v2_healthy_P17Healthy35S.wav,0,4,3,3,0.010327313876470913,0.00827094686897966,0.004967856894250263,0.8684026189075248,0.10803126345277421
asthma_v2_healthy_P17Healthy71S.wav,0,4,3,4,0.09241935432260584,0.01375788011391252,0.10304677417614799,0.12081022976263267,0.6699657616247009
asthma_v2_healthy_P18Healthy79S.wav,0,4,3,3,0.02023261784651684,0.001050708755417406,0.12363410421227569,0.8011912205473367,0.053891348638453414
asthma_v2_healthy_P18Healthy98S.wav,0,4,3,3,0.019601228552976028,0.0011065594449107359,0.06932353445064812,0.8304728638348674,0.07949581371659771
asthma_v2_healthy_P19Healthy47S.wav,0,4,3,3,0.19076997409846702,0.2570941757526004,0.0603665099041282,0.2140617393739249,0.27770760087087926
asthma_v2_healthy_P19Healthy55S.wav,0,4,3,3,0.003344105645508123,0.0011146529577550264,0.000713873994845848,0.9674831628290997,0.02734420457279155
asthma_v2_healthy_P1Healthy29S.wav,0,4,3,3,0.00304601107684408,0.04704554788385142,0.24738489689599466,0.6898408567940191,0.01268268734929087
asthma_v2_healthy_P1Healthy86S.wav,0,4,3,3,0.003162752082119317,0.0340597023453287,0.20359987014870806,0.7443299409237136,0.014847734500130022
asthma_v2_healthy_P1Healthy99S.wav,0,4,3,3,0.007262362372404848,0.0054141468811211135,0.0572032673276476,0.8118638169218533,0.11825640649697297
asthma_v2_healthy_P20Healthy25S.wav,0,4,3,3,0.007925497360795338,0.0018545623515599367,0.0008811331216358208,0.8229538103364895,0.16638499682951924
asthma_v2_healthy_P20Healthy84S.wav,0,4,3,1,0.16527938665067263,0.45204497286369294,0.011774600223692044,0.28392104132737056,0.0869799989345719
asthma_v2_healthy_P21Healthy53S.wav,0,4,3,3,0.03144335095179414,0.0034112288214257313,0.0495124512661783,0.8543413306518168,0.061291638308785146
asthma_v2_healthy_P21Healthy98S.wav,0,4,3,3,0.11686964299434693,0.005389112974215684,0.0026954290779696616,0.8301042851547519,0.04494152979871598
asthma_v2_healthy_P22Healthy50S.wav,0,4,3,3,0.12305296174306005,0.004646140591413969,0.005622810110165616,0.7573195541626987,0.10935853339266148
asthma_v2_healthy_P22Healthy94S.wav,0,4,3,3,0.17583679654264192,0.08737351966130429,0.00591860010090237,0.4438821023756034,0.28698898131954814
asthma_v2_healthy_P23Healthy14S.wav,0,4,3,3,0.015670399474514124,0.000707669209140344,0.0013756492825608454,0.78982526983154,0.19242101220224467
asthma_v2_healthy_P27Healthy73S.wav,0,4,3,3,0.0034742010987205405,0.006051361393792544,0.0007921596737883839,0.9815908977696655,0.008091380064033279
asthma_v2_healthy_P2Healthy72S.wav,0,4,3,3,0.055346727721505076,0.002093603433434497,0.01165432317394645,0.33071320516116315,0.6001921405099508
asthma_v2_healthy_P4Healthy12S.wav,0,4,3,3,0.16257728804785423,0.036248570157912954,0.022429553861320766,0.20786919497469994,0.5708753929582117
asthma_v2_healthy_P4Healthy69S.wav,0,4,3,4,0.08073956231754197,0.05108550405988989,0.06602913636465416,0.06814384308389754,0.7340019541740165
asthma_v2_healthy_P5Healthy96S.wav,0,4,3,3,0.007827859330645223,0.000486668732045365,0.0027959838913252494,0.9683264229958871,0.02056306505009701
asthma_v2_healthy_P6Healthy21S.wav,0,4,3,0,0.21671665333896573,0.04013094713815087,0.43695201005217305,0.14947915929509625,0.156721230175614
asthma_v2_healthy_P7Healthy38S.wav,0,4,3,3,0.0032873920875307275,0.0018352565567763318,0.0027841665276505264,0.9855463675256254,0.006546817302417162
asthma_v2_healthy_P7Healthy94S.wav,0,4,3,3,0.012504847507157869,0.00635666461139863,0.012994747352197255,0.9523069258452403,0.015836814684005888
asthma_v2_healthy_P8Healthy48S.wav,0,4,3,3,0.014915538692495615,0.004523023720047329,0.013455896500864959,0.9493652047451203,0.017740336341472072
asthma_v2_pneumonia_P10Pneumonia97B.wav,0,4,4,4,0.3837921469090706,0.02150029031537759,0.037983907003774124,0.0014264091092681271,0.5552972466625098
asthma_v2_pneumonia_P12Pneumonia45B.wav,0,4,4,4,0.15278053075728718,0.05717975336657926,0.1396540418693469,0.008209101813685955,0.6421765721931012
asthma_v2_pneumonia_P12Pneumonia59Q.wav,0,4,4,4,0.10653870427228422,0.025637538340480187,0.03988636494967164,0.002322421483114674,0.8256149709544494
asthma_v2_pneumonia_P13Pneumonia33Z.wav,0,4,4,4,0.1294784764501472,0.0028131442822831748,0.006239423906391348,0.02176614451647242,0.8397028108447058
asthma_v2_pneumonia_P14Pneumonia87C.wav,0,4,4,4,0.1328945896527816,0.007272716753095714,0.022200964964565775,0.0022041915529462976,0.8354275370766107
asthma_v2_pneumonia_P15Pneumonia12I.wav,0,4,4,4,0.033898229643879584,0.010729518982506622,0.04020821932219752,0.004581216915236575,0.9105828151361799
asthma_v2_pneumonia_P17Pneumonia51I.wav,0,4,4,4,0.022433372778898543,0.019994761981875074,0.32956723299332324,0.14060528258980043,0.4873993496561029
asthma_v2_pneumonia_P17Pneumonia86O.wav,0,4,4,4,0.06318232620893956,0.009058246044085776,0.23487946416388988,0.05910910670860717,0.6337708568744775
asthma_v2_pneumonia_P18Pneumonia15Q.wav,0,4,4,4,0.01951518080221037,0.00259506499927545,0.00013104712760113487,0.0029882835902615636,0.9747704234806516
asthma_v2_pneumonia_P18Pneumonia16E.wav,0,4,4,4,0.04246225606587246,0.005444064636811274,0.00024825893694775317,0.0034583576777355994,0.9483870626826328
asthma_v2_pneumonia_P18Pneumonia50S.wav,0,4,4,4,0.056913325976700554,0.0029959642511727894,0.00018428481644271693,0.0010741898897778483,0.9388322350659059
asthma_v2_pneumonia_P19Pneumonia39Z.wav,0,4,4,4,0.021818151817406713,0.0131623634661496,0.000476014617601869,0.02014628984797724,0.9443971802508646
asthma_v2_pneumonia_P1Pneumonia39F.wav,0,4,4,4,0.01717979476116753,0.005255188094135128,0.0008670193533119814,0.002414297510309347,0.974283700281076
asthma_v2_pneumonia_P1Pneumonia41U.wav,0,4,4,4,0.014798383895742518,0.005372671855372313,0.00019839476843448058,0.0030801817856361017,0.9765503676948145
asthma_v2_pneumonia_P1Pneumonia94J.wav,0,4,4,4,0.04657107479679187,0.013427588101496626,0.003051060587629485,0.015664593039980815,0.9212856834741011
asthma_v2_pneumonia_P20Pneumonia27V.wav,0,4,4,4,0.08748109192581593,0.0003589934510756567,0.000898124251455602,0.038783051226053356,0.8724787391455996
asthma_v2_pneumonia_P20Pneumonia84L.wav,0,4,4,3,0.11018235561953553,0.0036486908867102374,0.00525499177152065,0.29440902457512175,0.5865049371471118
asthma_v2_pneumonia_P21Pneumonia69Q.wav,0,4,4,4,0.031734272588159175,0.003924071830916315,0.0002558469330599802,0.0026111840537787027,0.961474624594086
asthma_v2_pneumonia_P21Pneumonia95A.wav,0,4,4,4,0.1258396846824824,0.01732286060191399,0.025948776638308593,0.20124047429545178,0.6296482037818427
asthma_v2_pneumonia_P22Pneumonia29M.wav,0,4,4,4,0.35708833958941755,0.005087176874680447,0.04482450970194442,0.030894073820809557,0.5621059000131482
asthma_v2_pneumonia_P22Pneumonia51X.wav,0,4,4,4,0.09572171770831096,0.0031191410876719025,0.048544339557650404,0.009904905653157657,0.842709895993209
asthma_v2_pneumonia_P23Pneumonia19A.wav,0,4,4,4,0.08903818118593752,0.004089034796394134,0.07046294032755437,0.015661159553828023,0.8207486841362858
asthma_v2_pneumonia_P23Pneumonia54P.wav,0,4,4,4,0.17778240131916592,0.005366477256444868,0.07911542617402295,0.011275601102055936,0.7264600941483107
asthma_v2_pneumonia_P24Pneumonia67Z.wav,0,4,4,4,0.18167974396104142,0.018098830942260113,0.0005857628094942858,0.009011705220662483,0.7906239570665419
asthma_v2_pneumonia_P26Pneumonia12X.wav,0,4,4,4,0.04618507158302426,0.007470280047632273,0.007257334734460177,0.08078999750296975,0.8582973161319135
asthma_v2_pneumonia_P26Pneumonia66S.wav,0,4,4,3,0.022637060744029353,0.005570999781063532,0.030065480249907833,0.47131237622121097,0.4704140830037881
asthma_v2_pneumonia_P27Pneumonia25R.wav,0,4,4,4,0.0755489860150078,0.009322145984588812,0.00211006190135266,0.0010370590241074475,0.9119817470749432
asthma_v2_pneumonia_P28Pneumonia43J.wav,0,4,4,3,0.011048357842781333,0.02468098819317138,0.01550898926773993,0.6174947774063011,0.331266887290006
asthma_v2_pneumonia_P29Pneumonia18M.wav,0,4,4,4,0.018600598391001134,0.015369164792884426,0.003046935407357631,0.04938274709396113,0.9136005543147959
asthma_v2_pneumonia_P31Pneumonia16C.wav,0,4,4,4,0.04065896015543937,0.013911192953718555,0.010889892743397684,0.0034517849357362357,0.9310881692117081
asthma_v2_pneumonia_P32Pneumonia75E.wav,0,4,4,4,0.04472730728368784,0.008354210006728648,0.00030698227417479563,0.005184057055847129,0.9414274433795614
asthma_v2_pneumonia_P33Pneumonia88U.wav,0,4,4,4,0.021864548004164718,0.00478505187483567,0.00034565853748476225,0.0022321708926293436,0.9707725706908856
asthma_v2_pneumonia_P35Pneumonia16F.wav,0,4,4,4,0.03412266072847319,0.03212303235342768,0.005956925015141727,0.028025930067110398,0.8997714518358467
asthma_v2_pneumonia_P37Pneumonia73K.wav,0,4,4,0,0.8232033794422792,0.031412998461832584,0.008562410275700453,0.006852672405272047,0.12996853941491554
asthma_v2_pneumonia_P37Pneumonia84E.wav,0,4,4,4,0.39490821354245725,0.01610188671541055,0.026104177341427264,0.08102450465218035,0.48186121774852464
asthma_v2_pneumonia_P38Pneumonia35P.wav,0,4,4,0,0.8077843288152589,0.04852339746397732,0.04090221178188078,0.004274869127104515,0.09851519281177823
asthma_v2_pneumonia_P39Pneumonia49H.wav,0,4,4,0,0.5662391298702062,0.007888658658043802,0.0034872039471788956,0.011560952708270641,0.41082405481630047
asthma_v2_pneumonia_P39Pneumonia78Z.wav,0,4,4,0,0.6716871647500601,0.004753619197066646,0.0050948675143945585,0.03935367241147434,0.27911067612700413
asthma_v2_pneumonia_P39Pneumonia85Q.wav,0,4,4,4,0.34705035985794286,0.01991779422309018,0.028355333070619267,0.0012159071678417262,0.6034606056805059
asthma_v2_pneumonia_P39Pneumonia87S.wav,0,4,4,4,0.3012803050291421,0.03810580364187649,0.052600939243620956,0.004818512003138262,0.6031944400822222
asthma_v2_pneumonia_P3Pneumonia54K.wav,0,4,4,4,0.10245471003145616,0.001845265561224774,0.0035710320380350946,0.00046230675037143773,0.8916666856189124
asthma_v2_pneumonia_P41Pneumonia17O.wav,0,4,4,0,0.5196358252818436,0.003282623093905089,0.06935569914673409,0.0025250009779788697,0.40520085149953833
asthma_v2_pneumonia_P41Pneumonia41D.wav,0,4,4,0,0.41365980886687437,0.0037184584872795665,0.5230646964272389,0.0002886289188402471,0.05926840729976735
asthma_v2_pneumonia_P42Pneumonia27A.wav,0,4,4,0,0.9535059234093546,0.0025467507705195166,0.009564649484441448,0.0003027228124930008,0.034079953523191354
asthma_v2_pneumonia_P42Pneumonia46D.wav,0,4,4,0,0.8250350531518361,0.007359348394732225,0.012404196447150552,0.0005173202880561467,0.15468408171822506
asthma_v2_pneumonia_P42Pneumonia69S.wav,0,4,4,0,0.8952353948181069,0.0010190422706096935,0.013158960502390757,0.0019481896454025184,0.08863841276349022
asthma_v2_pneumonia_P43Pneumonia54I.wav,0,4,4,4,0.08381332748348007,0.005468005702313675,0.01820626169852363,0.004693912790661221,0.8878184923250215
asthma_v2_pneumonia_P43Pneumonia73N.wav,0,4,4,4,0.0732733468728517,0.004899562629842978,0.008541245587952382,0.005361422755763849,0.9079244221535893
asthma_v2_pneumonia_P45Pneumonia10J.wav,0,4,4,4,0.037661902842159194,0.00791515903586684,0.01462850572836637,0.1016835990543017,0.8381108333393058
asthma_v2_pneumonia_P45Pneumonia72P.wav,0,4,4,4,0.10918224767420075,0.004780816415146684,0.07657223208815224,0.09015964219401225,0.7193050616284878
asthma_v2_pneumonia_P46Pneumonia15W.wav,0,4,4,4,0.1626397052204132,0.007587415103844545,0.018533077499016507,0.03396595178792339,0.7772738503888024
asthma_v2_pneumonia_P46Pneumonia22V.wav,0,4,4,4,0.015147858904871983,0.006868318817599101,0.0382694937124434,0.2198813915526095,0.7198329370124762
asthma_v2_pneumonia_P5Pneumonia95V.wav,0,4,4,4,0.037672344795688525,0.002540206338132874,0.015288158813441652,0.011087060438960164,0.9334122296137765
asthma_v2_pneumonia_P6Pneumonia32L.wav,0,4,4,4,0.05351940983377828,0.0053228708074641,0.024588839541777447,0.002762074483738051,0.9138068053332423
asthma_v2_pneumonia_P7Pneumonia61Q.wav,0,4,4,4,0.06012459021447423,0.0017147254033087753,0.01801637626312798,0.019465554396611403,0.9006787537224777
asthma_v2_pneumonia_P9Pneumonia31T.wav,0,4,4,4,0.24458164332288554,0.03888078780178857,0.10424991904872843,0.009801792881101534,0.6024858569454962
asthma_v2_pneumonia_P9Pneumonia74V.wav,0,4,4,4,0.09152723296149937,0.0005616598870804278,0.0013681836256632068,0.08684459244319825,0.8196983310825583
