file_id,repeat,fold,y_true,y_pred,p_asthma,p_bronchial,p_copd,p_healthy,p_pneumonia
asthma_v2_Bronchial_P10BronchialTc_49.wav,3,0,1,1,0.01432985531847155,0.9383385442636422,0.02709730734626948,0.008204254958159846,0.012030038113456699
asthma_v2_Bronchial_P11BronchialSc_52.wav,3,0,1,0,0.437275799536981,0.1805284135296332,0.0835610313693882,0.027668500418716768,0.2709662551452811
asthma_v2_Bronchial_P11BronchialSc_54.wav,3,0,1,4,0.12273794210181559,0.05483178127467293,0.015188665797865417,0.18745782329647637,0.6197837875291702
asthma_v2_Bronchial_P13BronchialSc_62.wav,3,0,1,0,0.6061769422904169,0.3256401620011143,0.0011790411242555779,0.02463934756935973,0.0423645070148533
asthma_v2_Bronchial_P14BronchialSc_70.wav,3,0,1,1,0.0030576331174462564,0.971458643838245,0.013149564862115127,0.00943363657328798,0.0029005216089054643
asthma_v2_Bronchial_P15BronchialTc_73.wav,3,0,1,1,0.0033067574080250005,0.9787612172493908,0.004984245866958586,0.009193774447014202,0.003754005028611269
asthma_v2_Bronchial_P15BronchialTc_75.wav,3,0,1,1,0.008170436095002134,0.9479810646843362,0.027366474660982524,0.005118329524033069,0.011363695035646054
asthma_v2_Bronchial_P16BronchialSc_78.wav,3,0,1,0,0.3077230427157728,0.40466568802701935,0.20926244124033416,0.016972521644942243,0.06137630637193152
asthma_v2_Bronchial_P17BronchialSc_84.wav,3,0,1,1,0.005286247079113529,0.9764813039725974,0.007479367985065198,0.005920189968017824,0.004832890995206064
asthma_v2_Bronchial_P17BronchialTc_85.wav,3,0,1,1,0.003083436174056712,0.9296992958660856,0.04108298619934324,0.019258266314411163,0.006876015446103076
asthma_v2_Bronchial_P18BronchialTc_89.wav,3,0,1,1,0.00662787546649623,0.9656516468829018,0.014771109333563959,0.004358399167370457,0.008590969149667806
asthma_v2_Bronchial_P21BronchialSc_104.wav,3,0,1,1,0.02495638384605813,0.5255903909415792,0.09651343299743374,0.21671192523458824,0.13622786698034076
asthma_v2_Bronchial_P4BronchialSc_16.wav,3,0,1,1,0.059326281825946646,0.8264059353343065,0.016232595370976693,0.05442557947735352,0.04360960799141676
asthma_v2_Bronchial_P5BronchialSc_24.wav,3,0,1,1,0.006096018693854604,0.9153082798851936,0.04379026274477482,0.02150164874452879,0.013303789931648028
asthma_v2_Bronchial_P5BronchialTc_25.wav,3,0,1,1,0.018898247254604164,0.8055343830740489,0.13020312530761102,0.024714915217787927,0.02064932914594836
asthma_v2_Bronchial_P6BronchialTc_29.wav,3,0,1,1,0.007262916132498361,0.8780467851967515,0.06670543964053093,0.015239809634380213,0.03274504939583885
asthma_v2_Bronchial_P7BronchialTc_31.wav,3,0,1,1,0.0012738142188974575,0.9825367739109948,0.008090819886373082,0.0055959351194253245,0.002502656864309391
asthma_v2_Bronchial_P8BronchialSc_36.wav,3,0,1,1,0.014035916246504007,0.8220933207308047,0.06512335039468646,0.0533180715802969,0.045429341047708204
asthma_v2_Bronchial_P8BronchialTc_37.wav,3,0,1,1,0.03884268674245438,0.7016307146983587,0.09672137609874785,0.05499039894786877,0.10781482351257023
asthma_v2_Bronchial_P9BronchialSc_42.wav,3,0,1,1,0.0015751737580858953,0.9760736599769997,0.01189879222380088,0.005997778413032566,0.004454595628081015
asthma_v2_Bronchial_P9BronchialTc_43.wav,3,0,1,1,0.021647665167400507,0.8250437534925407,0.055055372699330855,0.01878523170872316,0.07946797693200473
asthma_v2_asthma_P10AsthmaIU_50.wav,3,0,0,0,0.8483192385275459,0.09405781222731091,0.011125465646368859,0.004010522848605397,0.042486960750168924
asthma_v2_asthma_P11WheezingRL_51.wav,3,0,0,0,0.8652441286796053,0.11607044309694817,0.0031502958322376334,0.0020135095882914456,0.013521622802917608
asthma_v2_asthma_P11WheezingRL_55.wav,3,0,0,0,0.7532260570038086,0.16886098160733243,0.02061461063660565,0.016559472630133798,0.04073887812211959
asthma_v2_asthma_P12WheezingIE_57.wav,3,0,0,0,0.8955301188839645,0.012286363586472922,0.025539225813793816,0.0032322269345805587,0.06341206478118806
asthma_v2_asthma_P13WheezingRS_64.wav,3,0,0,0,0.8969125842111492,0.04222575043521168,0.017790182344312837,0.0023182608777506187,0.040753222131575825
asthma_v2_asthma_P14WheezingIE_69.wav,3,0,0,0,0.5759592411253084,0.07010705597101205,0.025200600890366083,0.11400705057790742,0.2147260514354063
asthma_v2_asthma_P14WheezingIU_66.wav,3,0,0,0,0.9343169932123516,0.038828400159603996,0.0047405279864279285,0.0011595652538348537,0.020954513387781662
asthma_v2_asthma_P14WheezingIU_70.wav,3,0,0,0,0.6447745587603909,0.013299104144195556,0.0046459749586433416,0.017396335796019263,0.31988402634075064
asthma_v2_asthma_P15WheezingIU_74.wav,3,0,0,0,0.8379780299881575,0.011784210864618422,0.003028677035822122,0.0068562659816141635,0.14035281612978748
asthma_v2_asthma_P15WheezingRS_72.wav,3,0,0,0,0.8882294902948784,0.005956284796966002,0.0022700062956692467,0.0054322382636194195,0.0981119803488669
asthma_v2_asthma_P17WheezingIE_85.wav,3,0,0,0,0.5209559965673964,0.004677687622960666,0.04698601339896932,0.004135132976203556,0.4232451694344701
asthma_v2_asthma_P17WheezingIU_82.wav,3,0,0,0,0.8599096686860721,0.052402761120050184,0.008049215306313707,0.004372594875262891,0.07526576001230138
asthma_v2_asthma_P18WheezingRS_88.wav,3,0,0,0,0.49449588348343226,0.026057533747129658,0.0027542417971318746,0.02345112168851857,0.4532412192837877
asthma_v2_asthma_P19WheezingRS_92.wav,3,0,0,0,0.4327966397319906,0.0249497101839497,0.011587974915043528,0.17974604877255324,0.35091962639646285
asthma_v2_asthma_P22WheezingIU_106.wav,3,0,0,0,0.7935406003204836,0.022881190810937445,0.0038523257108640124,0.0006383800212752854,0.17908750313643973
asthma_v2_asthma_P22WheezingIU_110.wav,3,0,0,0,0.9554620845754304,0.029399313985723676,0.0028183019505548666,0.0004892346501253902,0.011831064838165832
asthma_v2_asthma_P22WheezingRS_108.wav,3,0,0,0,0.7188920244677882,0.014144207547940643,0.002510313057459413,0.013999831433916516,0.2504536234928953
asthma_v2_asthma_P24WheezingIE_117.wav,3,0,0,0,0.8814914236874078,0.0025604839382352826,0.032052639797664456,0.0005262449513085574,0.0833692076253843
asthma_v2_asthma_P25WheezingRL_123.wav,3,0,0,0,0.7575549112264696,0.00900135764454084,0.026877219878092665,0.0026801447046257104,0.2038863665462711
asthma_v2_asthma_P25WheezingRS_124.wav,3,0,0,0,0.8658953078307079,0.009968077800283368,0.04186192105728171,0.01813449991442146,0.06414019339730544
asthma_v2_asthma_P27WheezingIU_134.wav,3,0,0,0,0.8113547861500635,0.008516896261832366,0.0013732557168909185,0.002045383159022707,0.17670967871219018
asthma_v2_asthma_P27WheezingRL_135.wav,3,0,0,0,0.7742800895509194,0.076592366581633,0.010981579047547953,0.009485162734606459,0.12866080208529326
asthma_v2_asthma_P27WheezingRS_132.wav,3,0,0,0,0.9449995183808028,0.002444321189327277,0.023427739205410594,0.0019451629285775604,0.027183258295881602
asthma_v2_asthma_P28WheezingIE_137.wav,3,0,0,0,0.679465977709026,0.07587188126647176,0.0033647915700259516,0.13798681675418806,0.10331053270028834
asthma_v2_asthma_P29WheezingIE_141.wav,3,0,0,0,0.8815087247030787,0.014631843302211529,0.0039287778736693596,0.0017014523819963703,0.09822920173904386
asthma_v2_asthma_P2AsthmaIU_6.wav,3,0,0,1,0.14042017979087243,0.2622203812195971,0.4748264572599741,0.04949619990625458,0.07303678182330224
asthma_v2_asthma_P34WheezingIU_166.wav,3,0,0,0,0.7907315153465957,0.0168884430362659,0.008544611679442558,0.0007534384543118905,0.1830819914833841
asthma_v2_asthma_P34WheezingIU_170.wav,3,0,0,0,0.8997234985477943,0.053564463544316106,0.00460773126674083,0.003158449094506607,0.03894585754664216
asthma_v2_asthma_P36WheezingIE_177.wav,3,0,0,0,0.9709866116234261,0.010104204992640184,0.009085432528811326,0.00043810318011186874,0.009385647675010562
asthma_v2_asthma_P37WheezingRL_183.wav,3,0,0,0,0.9391235097296124,0.03105472837256751,0.014606147960987045,0.0010783430491519465,0.014137270887680981
asthma_v2_asthma_P38WheezingRL_187.wav,3,0,0,0,0.7643634305913654,0.06930987993590464,0.010291977501895212,0.030216201569716616,0.12581851040111855
asthma_v2_asthma_P39WheezingIU_194.wav,3,0,0,0,0.8753702866753031,0.09141572514365422,0.005396765163342715,0.0012749831233084552,0.026542239894391438
asthma_v2_asthma_P40WheezingIU_198.wav,3,0,0,0,0.9540417068062824,0.026853574184302658,0.014155019247090356,0.0003044083071288471,0.0046452914551953625
asthma_v2_asthma_P41WheezingIU_202.wav,3,0,0,0,0.9689355451600712,0.0011838661154842476,0.008998690316687138,0.000760235642189858,0.020121662765568024
asthma_v2_asthma_P42WheezingIE_209.wav,3,0,0,0,0.7104807272819814,0.006645226811291344,0.2499352293164755,0.0021011463344579153,0.030837670255793728
asthma_v2_asthma_P42WheezingRS_208.wav,3,0,0,0,0.8856642269073081,0.0029137551532075006,0.07849351645283636,0.0021081837997845793,0.0308203176868636
asthma_v2_asthma_P43WheezingIU_214.wav,3,0,0,0,0.8437809723834239,0.004033721132707766,0.12734730754821524,0.0052907507161712155,0.019547248219481644
asthma_v2_asthma_P44WheezingRS_216.wav,3,0,0,0,0.9080061656258257,0.01192303468464269,0.014034474310247928,0.013799235831657224,0.05223708954762696
asthma_v2_asthma_P45WheezingRS_224.wav,3,0,0,0,0.81652619244526,0.020730822961554787,0.03598496714759647,0.002197419846883572,0.12456059759870522
asthma_v2_asthma_P46WheezingIU_226.wav,3,0,0,0,0.7066379965663131,0.2580901992608905,0.005455947180723205,0.004599207011629354,0.025216649980444036
asthma_v2_asthma_P47WheezingRL_235.wav,3,0,0,0,0.8938008224566936,0.0032207786253908243,0.02385024159215417,0.002285166124026487,0.07684299120173525
asthma_v2_asthma_P49WheezingRS_244.wav,3,0,0,0,0.9709266487406102,0.001242015354362304,0.010933130356599886,0.0005644644600607252,0.01633374108836674
asthma_v2_asthma_P4AsthmaRS_16.wav,3,0,0,0,0.9195727252435092,0.05271927675283353,0.003560827397086379,0.001204579789799943,0.022942590816771063
asthma_v2_asthma_P50WheezingIU_246.wav,3,0,0,0,0.8651707648878573,0.001686746796111393,0.008059243560675076,0.0200673377624894,0.10501590699286707
asthma_v2_asthma_P50WheezingIU_250.wav,3,0,0,0,0.9235139777761778,0.0019667183872573765,0.010291575968166723,0.003258616416455776,0.060969111451942275
asthma_v2_asthma_P51WheezingIU_254.wav,3,0,0,0,0.8472850169954206,0.09203330816632849,0.030389537660342258,0.0019814007693483857,0.02831073640856038
asthma_v2_asthma_P53WheezingIE_261.wav,3,0,0,0,0.827963963623053,0.09636221621632667,0.0287257063190433,0.0041606872426498374,0.04278742659892679
asthma_v2_asthma_P56WheezingIE_277.wav,3,0,0,4,0.18588762188990351,0.0024835700794095753,0.002053787590027937,0.0009498168436367691,0.8086252035970223
asthma_v2_asthma_P56WheezingRS_276.wav,3,0,0,0,0.7383040311709888,0.020301242947931546,0.08548277434987825,0.013219875505285377,0.14269207602591583
asthma_v2_asthma_P57WheezingIU_282.wav,3,0,0,4,0.09528094277065412,0.0017060667892722856,0.0007582448385571759,0.09140092832309338,0.8108538172784231
asthma_v2_asthma_P5AsthmaIE_21.wav,3,0,0,0,0.9368021325868902,0.02008667502315031,0.0019426227024013345,0.004669298411505777,0.03649927127605244
asthma_v2_asthma_P5AsthmaIU_22.wav,3,0,0,0,0.8110084215968021,0.016006720143606493,0.0032354849890823822,0.0063202124009978135,0.16342916086951126
asthma_v2_asthma_P6AsthmaIU_26.wav,3,0,0,0,0.8157702107578311,0.05128221607655466,0.028861225515004505,0.014098327820892789,0.08998801982971673
asthma_v2_asthma_P6AsthmaRS_28.wav,3,0,0,0,0.8868600765406123,0.007147082259744815,0.010872751303745843,0.0029331728559685473,0.09218691703992865
asthma_v2_asthma_P7AsthmaIU_34.wav,3,0,0,0,0.9286135681258904,0.033039715443914194,0.004537130512652387,0.0017880408843043325,0.03202154503323853
asthma_v2_asthma_P8AsthmaIE_37.wav,3,0,0,0,0.8679965237415014,0.05088371391880413,0.009053545525212427,0.006385424400651569,0.06568079241383046
asthma_v2_asthma_P8AsthmaRS_36.wav,3,0,0,0,0.9139814946276631,0.06742442715214392,0.00130150338213747,0.0014326886101511819,0.015859886227904265
asthma_v2_asthma_P9AsthmaIE_45.wav,3,0,0,0,0.9343284040217648,0.04231873055082173,0.002510154716181874,0.001903359502118378,0.01893935120911345
asthma_v2_copd_P10COPDMc_74.wav,3,0,2,0,0.47958248511463064,0.4325368780196538,0.044499674446277004,0.019515841625799463,0.02386512079363932
asthma_v2_copd_P10COPDMc_78.wav,3,0,2,0,0.8143429437774852,0.1396154529160805,0.02912733777783313,0.0032502527034611985,0.013664012825139847
asthma_v2_copd_P10COPDPr_77.wav,3,0,2,0,0.53882724351775,0.04717014727530213,0.02264753019573779,0.10304833120215719,0.2883067478090528
asthma_v2_copd_P10COPDPr_79.wav,3,0,2,0,0.754353996044854,0.18089591356832352,0.038374771839564406,0.0023083293299972344,0.024066989217260717
asthma_v2_copd_P11COPDMc_82.wav,3,0,2,0,0.7830897799029625,0.024001514949117817,0.03192534026623557,0.008996394011356835,0.15198697087032711
asthma_v2_copd_P11COPDMc_86.wav,3,0,2,2,0.0318347608845444,0.01167932716725617,0.9417218367742272,0.003731801817057425,0.011032273356914875
asthma_v2_copd_P14COPDPr_105.wav,3,0,2,2,0.00012092199677295903,0.0014761983537182864,0.9977391293211676,0.00010365683849946943,0.000560093489841634
asthma_v2_copd_P14COPDPr_111.wav,3,0,2,0,0.5185097004537447,0.019984558541268377,0.23415500598779473,0.006325813308571162,0.22102492170862054
asthma_v2_copd_P15COPDMc_114.wav,3,0,2,2,0.2281801330143154,0.09018102805844964,0.6685641520463045,0.008725231502281898,0.004349455378648701
asthma_v2_copd_P15COPDMc_118.wav,3,0,2,0,0.6002233230820236,0.004520902833283256,0.3870581893673057,0.0005763068671350845,0.007621277850252378
asthma_v2_copd_P16COPDPr_127.wav,3,0,2,2,2.5140299515167755e-07,1.6961037080834388e-07,0.9998724547590272,4.918177077720085e-06,0.0001222060505291365
asthma_v2_copd_P17COPDPr_129.wav,3,0,2,2,9.831088371979765e-07,5.234136870283848e-07,0.9996240868643747,5.260913335780385e-05,0.00032179747974317067
asthma_v2_copd_P17COPDPr_133.wav,3,0,2,2,0.0010910325216532937,0.00041095939749497185,0.996975599911359,0.00016334564407369318,0.0013590625254187398
asthma_v2_copd_P18COPDMc_138.wav,3,0,2,2,0.0033355805107518916,0.0033629337097330785,0.9912841342582377,0.00046227013825718644,0.0015550813830198498
asthma_v2_copd_P18COPDMc_144.wav,3,0,2,2,0.0002470964537467123,0.003172508252187394,0.9953374557843861,0.0008661680683157834,0.0003767714413637825
asthma_v2_copd_P19COPDMc_152.wav,3,0,2,2,0.0047330682343639284,0.0008078570421250477,0.9910257240015966,0.00035013125071434555,0.003083219471200174
asthma_v2_copd_P19COPDPr_145.wav,3,0,2,2,7.297332276821818e-05,0.001737337076810122,0.9978542441203522,0.0001413748642084005,0.00019407061586117764
asthma_v2_copd_P19COPDPr_147.wav,3,0,2,2,0.007046601237255505,0.00665508186673311,0.9797513195434029,0.001049417041625092,0.005497580310983029
asthma_v2_copd_P1COPDMc_2.wav,3,0,2,0,0.7842446845450006,0.016987844752301258,0.05391220391319895,0.017646762968716197,0.127208503820783
asthma_v2_copd_P1COPDPr_1.wav,3,0,2,0,0.9557896924670837,0.007709185162293072,0.019748700126941642,0.0022581118505366417,0.01449431039314461
asthma_v2_copd_P1COPDPr_3.wav,3,0,2,2,0.019169856138351194,0.0007253803696770688,0.9767986871529816,0.0004632441884428514,0.0028428321505470457
asthma_v2_copd_P20COPDPr_157.wav,3,0,2,2,0.06858156492119803,0.03790292399357066,0.8485689345553199,0.01668169987920461,0.028264876650706452
asthma_v2_copd_P21COPDMc_168.wav,3,0,2,2,0.0030222952368903436,0.0005206740059232693,0.978374035950432,0.005411786003327037,0.012671208803427396
asthma_v2_copd_P22COPDPr_169.wav,3,0,2,2,0.0007209810729878223,0.0002160328438925389,0.9963994276979975,0.0007605933570543813,0.0019029650280677159
asthma_v2_copd_P23COPDMc_178.wav,3,0,2,2,0.007135577383372353,0.003911559762538996,0.9285198958445232,0.054787695192623546,0.005645271816941902
asthma_v2_copd_P23COPDMc_180.wav,3,0,2,2,0.0010297887984117122,0.00041007232514928856,0.9943607073819528,0.00251793347009412,0.0016814980243919594
asthma_v2_copd_P23COPDMc_182.wav,3,0,2,2,0.005820994113521119,0.03742603811806023,0.8601268491665331,0.07422009176034425,0.02240602684154088
asthma_v2_copd_P23COPDPr_179.wav,3,0,2,2,0.0008505720662973887,0.0004574399715087284,0.9969682469773825,0.0008000747836338048,0.0009236662011772044
asthma_v2_copd_P24COPDPr_191.wav,3,0,2,2,5.232621703089037e-07,5.103558605094638e-07,0.9996055173864841,0.00025057986478414464,0.00014286913070113904
asthma_v2_copd_P25COPDMc_200.wav,3,0,2,2,3.581160638346677e-07,3.781888278351461e-07,0.9996552949261406,0.00012200193011432788,0.00022196683885343776
asthma_v2_copd_P25COPDPr_199.wav,3,0,2,2,0.0005750750791183976,0.0036953470433859037,0.9942455843930404,0.0010176310679321484,0.0004663624165230534
asthma_v2_copd_P27COPDMc_216.wav,3,0,2,2,5.420278419858553e-07,5.550987233773467e-07,0.999148166378955,0.0006303280832832633,0.00022040841119630526
asthma_v2_copd_P27COPDPr_209.wav,3,0,2,2,0.0003262534239572082,0.0009364041876980716,0.9981905298096937,0.00034343643119802013,0.00020337614745274743
asthma_v2_copd_P28COPDMc_224.wav,3,0,2,2,0.0009736395684308356,0.0007946252808204067,0.9975091411043813,0.00021886050661522883,0.0005037335397526095
asthma_v2_copd_P2COPDPr_11.wav,3,0,2,2,0.0025516397412303,0.001536544461378297,0.9936343267664822,0.0016474202026050177,0.0006300688283039147
asthma_v2_copd_P30COPDMc_238.wav,3,0,2,2,0.0003617221779481959,0.0013757675158377503,0.9977027587844344,0.00030801983115219533,0.0002517316906276617
asthma_v2_copd_P30COPDPr_235.wav,3,0,2,2,0.007223914843736582,0.00045203427137379553,0.9568815694211754,0.002231755221582158,0.033210726242132164
asthma_v2_copd_P32COPDMc_252.wav,3,0,2,2,0.30474833538951634,0.0037561315012424874,0.6845213276356911,0.00035328026741667364,0.006620925206133718
asthma_v2_copd_P32COPDMc_254.wav,3,0,2,2,0.018223518868818997,0.00048764876006087766,0.9807945709619117,0.00020221825182422257,0.0002920431573840629
asthma_v2_copd_P34COPDMc_266.wav,3,0,2,2,0.0057831877713375055,0.05515689432865404,0.9366078773558639,0.000385757692116202,0.0020662828520282006
asthma_v2_copd_P34COPDMc_272.wav,3,0,2,2,0.0014907844621767814,0.05759511696799263,0.9386711160319242,9.06773921550646e-05,0.0021523051457513283
asthma_v2_copd_P34COPDPr_271.wav,3,0,2,2,0.003612502201842613,0.02964572212955768,0.9617906299951238,0.00040674100141249654,0.004544404672063448
asthma_v2_copd_P35COPDMc_276.wav,3,0,2,2,0.0010734651786491387,0.0009380193748836086,0.9968956263220518,0.0003062198694103723,0.000786669255005103
asthma_v2_copd_P36COPDMc_284.wav,3,0,2,2,0.007584211264204767,0.002600001648747267,0.9638769866218715,0.004041056534387507,0.021897743930788617
asthma_v2_copd_P36COPDMc_286.wav,3,0,2,2,2.250158870950042e-06,3.5186501098826363e-06,0.9985636905996343,0.0011340540173173622,0.00029648657406753276
asthma_v2_copd_P36COPDPr_281.wav,3,0,2,2,4.0615077887533527e-07,5.5808621493141e-07,0.9995914746413863,0.000304125873498293,0.00010343524812168664
asthma_v2_copd_P37COPDMc_292.wav,3,0,2,2,0.006020580560140051,0.019629643566147867,0.9694894191897554,0.001154668366894798,0.0037056883170618923
asthma_v2_copd_P37COPDPr_291.wav,3,0,2,2,0.0021856856709551475,0.006935010814051117,0.9888522334356067,0.0005830159474089511,0.001444054131977758
asthma_v2_copd_P38COPDPr_299.wav,3,0,2,2,0.029764721422365165,0.003614259323897362,0.9525984751055813,0.0010976652888099684,0.012924878859346582
asthma_v2_copd_P38COPDPr_303.wav,3,0,2,2,0.042681827286634194,0.001445385928202523,0.9254637545580586,0.004467067765537465,0.02594196446156713
asthma_v2_copd_P39COPDPr_309.wav,3,0,2,2,0.0005759781009638034,0.008242012213087836,0.9875465256061166,0.0009235067994954386,0.0027119772803366714
asthma_v2_copd_P39COPDPr_311.wav,3,0,2,2,0.00024615725736119534,0.01809231480700561,0.9786325784399789,0.0005535299654715578,0.0024754195301825792
asthma_v2_copd_P3COPDMc_20.wav,3,0,2,2,0.0196603440940787,0.01517446503539326,0.9636379199862527,0.0006444696028334401,0.0008828012814420483
asthma_v2_copd_P40COPDMc_316.wav,3,0,2,2,3.3279212960315586e-09,2.9272085674515516e-09,0.9999579494706399,6.74819943540666e-06,3.529607479495842e-05
asthma_v2_copd_P42COPDMc_336.wav,3,0,2,2,0.0006473855880614899,0.0006461757650137069,0.993968480278587,0.0017941954835274797,0.0029437628848106696
asthma_v2_copd_P42COPDPr_335.wav,3,0,2,2,0.0006195856565730088,0.0008086374026883651,0.9948418756948632,0.001283289487111743,0.0024466117587637194
asthma_v2_copd_P43COPDMc_340.wav,3,0,2,2,7.04325859484261e-07,5.038495973690748e-07,0.9991843286542056,2.1327202415744045e-05,0.0007931359679216476
asthma_v2_copd_P43COPDPr_337.wav,3,0,2,2,0.0030618845081297336,0.008971910683269108,0.9845130326571272,0.0006568637843830975,0.002796308367090675
asthma_v2_copd_P44COPDMc_350.wav,3,0,2,2,0.0008058601136331058,0.10401568533696955,0.8747206564468055,0.017280441206818643,0.003177356895772785
asthma_v2_copd_P44COPDPr_345.wav,3,0,2,2,0.00022498848193486194,0.001106889915793807,0.9976424150063536,0.00020463660161339247,0.0008210699943037513
asthma_v2_copd_P44COPDPr_351.wav,3,0,2,2,0.0010334619011327757,0.10096226666876985,0.8754991836300199,0.019603488158761114,0.0029015996413162865
asthma_v2_copd_P45COPDMc_354.wav,3,0,2,2,0.0006465787697572042,0.0005105832770043552,0.9773167533839016,0.0028333649083352626,0.01869271966100171
asthma_v2_copd_P45COPDPr_353.wav,3,0,2,2,5.7218608172597454e-05,5.19809009886017e-05,0.9892657459267302,0.0006998486157754475,0.009925205948333325
asthma_v2_copd_P46COPDMc_362.wav,3,0,2,2,0.007420011432066092,0.0030139948891963197,0.9785867830352782,0.003313358822883466,0.007665851820576443
asthma_v2_copd_P46COPDMc_368.wav,3,0,2,2,0.01845520323298649,0.0024462261188788583,0.9667197032150675,0.0008114138152764045,0.01156745361779058
asthma_v2_copd_P46COPDPr_361.wav,3,0,2,4,0.007113096141570427,0.013824879497339114,0.6614104100137698,0.018619301352393397,0.299032312994927
asthma_v2_copd_P46COPDPr_367.wav,3,0,2,2,0.011909745107385135,0.003102956350816847,0.9680466450557706,0.004094289460002946,0.012846364026024414
asthma_v2_copd_P48COPDPr_383.wav,3,0,2,2,0.000584083236641633,0.003012704733073907,0.9935910978894869,0.0009004900551082088,0.0019116240856892656
asthma_v2_copd_P49COPDMc_386.wav,3,0,2,2,0.00022714102675063953,0.0035173854454781106,0.9863654829446332,0.005231303423693411,0.004658687159444526
asthma_v2_copd_P49COPDMc_388.wav,3,0,2,2,0.0002312683898084759,0.0034827513289692764,0.9838105452185816,0.004695232501348069,0.007780202561292377
asthma_v2_copd_P4COPDMc_26.wav,3,0,2,2,0.0007744568434430228,0.001137267727645643,0.9940718330346457,0.002885423500985653,0.0011310188932798105
asthma_v2_copd_P4COPDMc_30.wav,3,0,2,2,0.007851960978085295,0.0017068292773726455,0.9860358426089105,0.000814505236249527,0.0035908618993822587
asthma_v2_copd_P4COPDMc_32.wav,3,0,2,2,0.042602869979132256,0.0033739629712264047,0.9140062506263891,0.014101324612109296,0.025915591811142977
asthma_v2_copd_P4COPDPr_25.wav,3,0,2,2,0.00021711305836901313,0.0007843553013903141,0.9981836932009993,0.0005645883382302105,0.00025025010101115483
asthma_v2_copd_P4COPDPr_27.wav,3,0,2,2,0.00017258778543389783,0.0004407514515981044,0.99843153071122,9.685372949669297e-05,0.0008582763222513008
asthma_v2_copd_P6COPDMc_42.wav,3,0,2,2,0.0014673652520447312,0.0010409266879576392,0.9946967878391885,0.0014153417026837357,0.0013795785181259048
asthma_v2_copd_P6COPDMc_46.wav,3,0,2,2,0.01572745244260146,0.0034513740296716147,0.9435062926659619,0.014121163090395364,0.023193717771369814
asthma_v2_copd_P6COPDPr_47.wav,3,0,2,2,0.014028992878977192,0.004742048017631769,0.9479629129979903,0.011088867699823656,0.022177178405576783
asthma_v2_copd_P7COPDMc_54.wav,3,0,2,2,0.004236019559670362,0.0030950439995340836,0.9845309299529447,0.006151971419727886,0.001986035068123056
asthma_v2_copd_P7COPDPr_55.wav,3,0,2,2,0.012360336077919577,0.20173621987853363,0.6328746411752344,0.1349957073342761,0.018033095534036144
asthma_v2_healthy_P11Healthy60S.wav,3,0,3,3,0.009217964665959526,0.003126399869571861,0.06049822593059581,0.8433690924274718,0.08378831710640075
asthma_v2_healthy_P11Healthy73S.wav,3,0,3,3,0.01649539802168399,0.026757789287951722,0.05765347939241801,0.8843344433546424,0.014758889943304262
asthma_v2_healthy_P12Healthy16S.wav,3,0,3,3,0.015871672701597554,0.020146600968308972,0.03724637610222571,0.9096455017543542,0.017089848473513313
asthma_v2_healthy_P13Healthy28S.wav,3,0,3,3,0.009693618858812182,0.006266617729324459,0.022736877484675677,0.9449822780716296,0.01632060785555806
asthma_v2_healthy_P13Healthy69S.wav,3,0,3,3,0.05988085915233565,0.06321627660469108,0.034341557707861334,0.7386609056762439,0.10390040085886787
asthma_v2_healthy_P15Healthy93S.wav,3,0,3,3,0.042991678668491976,0.04072070627485003,0.06092858120958649,0.8253819484828249,0.029977085364246862
asthma_v2_healthy_P16Healthy38S.wav,3,0,3,3,0.031084589159602376,0.00655653134100476,0.0033203663512110884,0.6576712471516926,0.3013672659964892
asthma_v2_healthy_P16Healthy41S.wav,3,0,3,3,0.034147805434322456,0.007640805366769892,0.0019339459119832611,0.6772858814796612,0.2789915618072637
asthma_v2_healthy_P17Healthy22S.wav,3,0,3,3,0.010196554556438368,0.014271619123446152,0.022599116704669332,0.8689796711891957,0.08395303842625064
asthma_v2_healthy_P17Healthy58S.wav,3,0,3,3,0.0898476791967422,0.013486175981354546,0.05337694536826715,0.44130560514164624,0.40198359431198993
asthma_v2_healthy_P17Healthy83S.wav,3,0,3,4,0.04949478006165833,0.027348615273114094,0.048968946013974564,0.11875003880921546,0.7554376198420377
asthma_v2_healthy_P18Healthy98S.wav,3,0,3,3,0.019125896731075065,0.004068748968856675,0.03122701249234893,0.8753468318757157,0.07023150993200332
asthma_v2_healthy_P20Healthy25S.wav,3,0,3,3,0.01030173996914308,0.005709175395680243,0.0015482825179144299,0.7329273804303871,0.2495134216868754
asthma_v2_healthy_P21Healthy53S.wav,3,0,3,3,0.0690085819127503,0.0155881812346392,0.04210232452231706,0.7768368727120076,0.09646403961828567
asthma_v2_healthy_P23Healthy72S.wav,3,0,3,3,0.012620508187852339,0.001779509896975422,0.0021194011339727916,0.9283704316265705,0.055110149154628876
asthma_v2_healthy_P23Healthy97S.wav,3,0,3,4,0.02141707154167971,0.0008224727207226121,0.0005614775456309974,0.3325381030539902,0.6446608751379764
asthma_v2_healthy_P24Healthy62S.wav,3,0,3,3,0.010866816353104195,0.012339952208192163,0.2672456415635171,0.630424224337984,0.07912336553720309
asthma_v2_healthy_P25Healthy72S.wav,3,0,3,3,0.09103812623577193,0.02011353223587242,0.04142081365810936,0.7478267648682034,0.09960076300204261
asthma_v2_healthy_P2Healthy30S.wav,3,0,3,3,0.013748646904052848,0.001639203511640476,0.004305268633065008,0.6284190653921939,0.3518878155590475
asthma_v2_healthy_P6Healthy51S.wav,3,0,3,4,0.36413646501279856,0.01874138604582074,0.008888955519223207,0.04690703984476752,0.5613261535773904
asthma_v2_healthy_P6Healthy71S.wav,3,0,3,3,0.01861617230554414,0.035971441330867444,0.025522158722838535,0.8840674290510856,0.0358227985896644
asthma_v2_healthy_P7Healthy38S.wav,3,0,3,3,0.0032810242204669893,0.0020754687129939543,0.0030809317749169304,0.9885266052349142,0.0030359700567081627
asthma_v2_healthy_P7Healthy84S.wav,3,0,3,4,0.18123803818583256,0.004646207194696903,0.05999367058029788,0.12159166578105632,0.6325304182581162
asthma_v2_healthy_P7Healthy85S.wav,3,0,3,4,0.31249620560820185,0.011404173243501296,0.05095156631429096,0.0742867316885046,0.5508613231455011
asthma_v2_healthy_P8Healthy35S.wav,3,0,3,3,0.1225951463609273,0.0449476130176738,0.048255356375053744,0.7462960090838355,0.03790587516250928
asthma_v2_healthy_P9Healthy61S.wav,3,0,3,3,0.2505527289058105,0.0152738065839471,0.003768075553967783,0.4227777831338381,0.3076276058224363
asthma_v2_healthy_P9Healthy79S.wav,3,0,3,3,0.013816287395905872,0.0017521583078063906,0.0010600971270014433,0.8588996416682275,0.1244718155010587
asthma_v2_pneumonia_P11Pneumonia58A.wav,3,0,4,4,0.04820382771884177,0.001532654860104175,0.001544254116423579,0.004638917670679289,0.9440803456339513
asthma_v2_pneumonia_P11Pneumonia65P.wav,3,0,4,4,0.3383202072349136,0.0552103468889296,0.008808072953456895,0.009902242067428107,0.5877591308552716
asthma_v2_pneumonia_P12Pneumonia59Q.wav,3,0,4,4,0.1321885036120305,0.017693074751122303,0.033627609760905466,0.004313787578584758,0.812177024297357
asthma_v2_pneumonia_P13Pneumonia99T.wav,3,0,4,0,0.5901099493495862,0.03868602508330923,0.005535250431952609,0.0028037363636620413,0.36286503877149034
asthma_v2_pneumonia_P14Pneumonia19W.wav,3,0,4,4,0.2722154879166408,0.003940237510103181,0.014136942157418722,0.0014917706230985046,0.7082155617927389
asthma_v2_pneumonia_P14Pneumonia62B.wav,3,0,4,4,0.32129767893862665,0.023212695797087998,0.004758869621462826,0.0027323318243829813,0.6479984238184396
asthma_v2_pneumonia_P17Pneumonia63G.wav,3,0,4,4,0.14398925823841902,0.03104209053210506,0.0014098393722800687,0.0477535072804588,0.775805304576737
asthma_v2_pneumonia_P17Pneumonia91K.wav,3,0,4,4,0.012430361799298458,0.03271565914589246,0.4992176400543125,0.10371829306087169,0.351918045939625
asthma_v2_pneumonia_P19Pneumonia41U.wav,3,0,4,4,0.21196515259791968,0.010071746648246659,0.0005772937667186145,0.01348722147412223,0.763898585512993
asthma_v2_pneumonia_P19Pneumonia90X.wav,3,0,4,3,0.026079113056610505,0.018406468983714418,0.0004310548712913643,0.41587394331610916,0.5392094197722742
asthma_v2_pneumonia_P1Pneumonia93D.wav,3,0,4,4,0.029067746337697885,0.0009653968692698182,0.00018860683967041172,0.001515696465287628,0.9682625534880741
asthma_v2_pneumonia_P23Pneumonia40O.wav,3,0,4,4,0.14907209426391788,0.013394682184367112,0.031015839515837827,0.016415118452270127,0.7901022655836071
asthma_v2_pneumonia_P23Pneumonia54P.wav,3,0,4,4,0.15470672664828433,0.00904479711099455,0.035091147243848014,0.021736064148557246,0.7794212648483161
asthma_v2_pneumonia_P24Pneumonia95T.wav,3,0,4,3,0.05141804835195456,0.21037006649863982,0.030209824314183762,0.5691503445759184,0.13885171625930373
asthma_v2_pneumonia_P25Pneumonia42V.wav,3,0,4,3,0.060304599371297576,0.040565600098162576,0.014268424773669316,0.7551223759478,0.12973899980907083
asthma_v2_pneumonia_P26Pneumonia66S.wav,3,0,4,3,0.014694018309555149,0.004573828282619251,0.02323255515915607,0.3730690497663305,0.5844305484823388
asthma_v2_pneumonia_P26Pneumonia83Z.wav,3,0,4,4,0.06935125300309164,0.0008716076200418052,0.0010686784178816967,0.0053406711864387385,0.9233677897725459
asthma_v2_pneumonia_P26Pneumonia84P.wav,3,0,4,4,0.03304650150928772,0.0035115913006499052,0.0027052259333005526,0.022126921525807933,0.9386097597309541
asthma_v2_pneumonia_P27Pneumonia62C.wav,3,0,4,4,0.07543511319267451,0.01332416301259398,0.002483481304305226,0.007757001099588973,0.9010002413908373
asthma_v2_pneumonia_P2Pneumonia28R.wav,3,0,4,4,0.007151536947195731,0.0013144913508524943,0.0001637861362413545,0.00225651618763317,0.9891136693780774
asthma_v2_pneumonia_P2Pneumonia36Z.wav,3,0,4,4,0.023428564842023297,0.012206792413368955,0.000579472597174403,0.003828224657910797,0.9599569454895226
asthma_v2_pneumonia_P30Pneumonia70X.wav,3,0,4,4,0.026276963082803903,0.02582959214742838,0.0015645824753971118,0.04440365346611206,0.9019252088282587
asthma_v2_pneumonia_P32Pneumonia69E.wav,3,0,4,4,0.04154925554120084,0.013602296878988005,0.004080261111842501,0.006990232546309761,0.9337779539216593
asthma_v2_pneumonia_P32Pneumonia75E.wav,3,0,4,4,0.04318500988297461,0.006946302287977854,0.0003860765964251856,0.00854588631884232,0.94093672491378
asthma_v2_pneumonia_P32Pneumonia98Y.wav,3,0,4,4,0.037826475563275376,0.01924767731440841,0.0038907905769559616,0.008461042928598748,0.9305740136167613
asthma_v2_pneumonia_P33Pneumonia50P.wav,3,0,4,4,0.05165605503575001,0.003362855089256643,0.0003147553442499296,0.00885937451890981,0.9358069600118338
asthma_v2_pneumonia_P34Pneumonia36H.wav,3,0,4,4,0.0748839746795156,0.008059649211593531,0.000884300452464968,0.019103522676519494,0.8970685529799062
asthma_v2_pneumonia_P34Pneumonia66M.wav,3,0,4,4,0.07278303662970494,0.00882605212495954,0.0009163305301817746,0.018381557993526573,0.8990930227216273
asthma_v2_pneumonia_P35Pneumonia57I.wav,3,0,4,4,0.02278736147619694,0.003888792389288164,0.00042228040183679174,0.0038842595513137895,0.9690173061813641
asthma_v2_pneumonia_P36Pneumonia57U.wav,3,0,4,0,0.8613165113893679,0.05275336986002132,0.0024900518990323825,0.006508182843459585,0.07693188400811876
asthma_v2_pneumonia_P36Pneumonia85U.wav,3,0,4,4,0.019673679384534053,0.00892052250564777,0.0018239663172484133,0.0018420584817494846,0.9677397733108203
asthma_v2_pneumonia_P37Pneumonia73K.wav,3,0,4,0,0.7164263501766757,0.07611528194872709,0.006291932356344789,0.014895251215299315,0.18627118430295347
asthma_v2_pneumonia_P37Pneumonia83S.wav,3,0,4,0,0.6695371948147548,0.010563375120346089,0.006774674123199805,0.0075560363945180314,0.30556871954718184
asthma_v2_pneumonia_P39Pneumonia78Z.wav,3,0,4,0,0.6667633319482995,0.0081398852473976,0.0026995703246857116,0.029466626536159637,0.2929305859434575
asthma_v2_pneumonia_P40Pneumonia18H.wav,3,0,4,0,0.7692975909049994,0.11976263681229711,0.02588142693445789,0.0035067841450627598,0.08155156120318297
asthma_v2_pneumonia_P40Pneumonia90Y.wav,3,0,4,0,0.829559731355994,0.013970249448397191,0.004135447703383311,0.004080780821171792,0.14825379067105374
asthma_v2_pneumonia_P41Pneumonia25E.wav,3,0,4,2,0.23212595672485736,0.00788470022124252,0.6723671707711668,0.0015561173573404976,0.08606605492539274
asthma_v2_pneumonia_P42Pneumonia27A.wav,3,0,4,0,0.9327088410528381,0.003852375792806936,0.00882639748253993,0.0006820021763204124,0.05393038349549472
asthma_v2_pneumonia_P42Pneumonia46D.wav,3,0,4,0,0.8144604008135725,0.013400386112173989,0.00979918787124988,0.0014903834677583259,0.16084964173524524
asthma_v2_pneumonia_P42Pneumonia67F.wav,3,0,4,0,0.8610254455845876,0.03370706896090964,0.04214069726598482,0.005007364110023497,0.058119424078494436
asthma_v2_pneumonia_P42Pneumonia69S.wav,3,0,4,0,0.8058432875140006,0.001450862711605377,0.006782935347342884,0.0030092619020778777,0.1829136525249734
asthma_v2_pneumonia_P43Pneumonia73N.wav,3,0,4,4,0.05435886058396662,0.00454468212246412,0.005998614292017917,0.006725213463196794,0.9283726295383548
asthma_v2_pneumonia_P45Pneumonia72P.wav,3,0,4,4,0.09384745459655076,0.004399543759326741,0.0671655438279582,0.16237685968294796,0.6722105981332162
asthma_v2_pneumonia_P46Pneumonia49D.wav,3,0,4,4,0.10463750034875927,0.006075854751757512,0.009280190657459556,0.03974452074730468,0.8402619334947187
asthma_v2_pneumonia_P47Pneumonia19A.wav,3,0,4,4,0.23398512469289343,0.03796357556433244,0.0722344131219422,0.0727824180948677,0.5830344685259642
asthma_v2_pneumonia_P47Pneumonia69D.wav,3,0,4,4,0.1369647546562751,0.004643268734030691,0.10980351741518483,0.011369115097640667,0.7372193440968685
asthma_v2_pneumonia_P48Pneumonia61T.wav,3,0,4,3,0.015274045639075038,0.014879479585951186,0.07540949600919013,0.3118491262371409,0.5825878525286426
asthma_v2_pneumonia_P4Pneumonia55U.wav,3,0,4,4,0.017370432834868818,0.0032647894286355764,0.03469347512757417,0.03134051080158072,0.9133307918073408
asthma_v2_pneumonia_P5Pneumonia21J.wav,3,0,4,4,0.01617817881012146,0.005416060844988908,0.0314203638731193,0.03886260284495528,0.9081227936268151
asthma_v2_pneumonia_P6Pneumonia15U.wav,3,0,4,4,0.21683292125874343,0.0038144778873372164,0.07992457181281999,0.007594710348273905,0.6918333186928252
asthma_v2_pneumonia_P6Pneumonia17Q.wav,3,0,4,4,0.020717167748098654,0.002367979738634675,0.02859230596094217,0.06520754045595914,0.8831150060963656
asthma_v2_pneumonia_P6Pneumonia32L.wav,3,0,4,4,0.05075934792471808,0.004852170875529676,0.0272945452789412,0.0036471063462853066,0.9134468295745258
asthma_v2_pneumonia_P7Pneumonia22X.wav,3,0,4,4,0.023438893083854294,0.010712708970336033,0.13736688556416346,0.1467771233879084,0.6817043889937376
asthma_v2_pneumonia_P7Pneumonia34I.wav,3,0,4,4,0.07085355496291515,0.0005885188165647608,0.009851679953697772,0.01079569283546487,0.9079105534313573
asthma_v2_pneumonia_P7Pneumonia62G.wav,3,0,4,4,0.033137250863232416,0.002332247170014749,0.0428229363767195,0.05450329021848293,0.8672042753715506
asthma_v2_pneumonia_P7Pneumonia76F.wav,3,0,4,4,0.04259299997957838,0.007855627915880726,0.19373765094549605,0.027871490459466748,0.7279422306995782
asthma_v2_pneumonia_P9Pneumonia67I.wav,3,0,4,4,0.04932595916964498,0.001208102002854412,0.004163804190028309,0.010040889538528965,0.9352612450989436
asthma_v2_Bronchial_P10BronchialSc_48.wav,3,1,1,1,0.005877426335375791,0.7769665885606959,0.20364096034439524,0.00916952828558514,0.004345496473947693
asthma_v2_Bronchial_P11BronchialTc_55.wav,3,1,1,0,0.9174452648691656,0.026764341887946293,0.0066988370552190325,0.0010966729618623887,0.047994883225807236
asthma_v2_Bronchial_P12BronchialTc_57.wav,3,1,1,0,0.9397326227834899,0.029001107054314686,0.002465304304065611,0.00048684054738858877,0.02831412531074102
asthma_v2_Bronchial_P14BronchialSc_66.wav,3,1,1,1,0.4141944773021453,0.5751610567064619,0.004797143507779657,0.0012975309881937728,0.004549791495419395
asthma_v2_Bronchial_P17BronchialSc_82.wav,3,1,1,1,0.02559444843359812,0.8870573954895656,0.06839432702249681,0.009127885989683358,0.009825943064655975
asthma_v2_Bronchial_P17BronchialTc_81.wav,3,1,1,1,0.059162869644284403,0.8945723516471003,0.012950897997340387,0.010822651242528956,0.02249122946874602
asthma_v2_Bronchial_P18BronchialSc_90.wav,3,1,1,1,0.013902566628038028,0.9518925254223629,0.0277742460865405,0.002153046784669706,0.004277615078389005
asthma_v2_Bronchial_P19BronchialSc_92.wav,3,1,1,1,0.012014110905607016,0.9715076228761904,0.010353313848337127,0.0024910170884254175,0.0036339352814400913
asthma_v2_Bronchial_P19BronchialSc_94.wav,3,1,1,1,0.026033144588660455,0.875273926211789,0.08130713474904824,0.008915770075124965,0.008470024375376934
asthma_v2_Bronchial_P19BronchialTc_91.wav,3,1,1,1,0.08472736650071727,0.3080569016632953,0.5737686559052212,0.008206997420265608,0.025240078510500835
asthma_v2_Bronchial_P2BronchialSc_8.wav,3,1,1,1,0.012331602977335713,0.9601216422064286,0.0024627679422648346,0.011786281007884574,0.013297705866086244
asthma_v2_Bronchial_P3BronchialSc_14.wav,3,1,1,1,0.009979925071703932,0.9109332249349663,0.043372088586345836,0.023881045816912753,0.011833715590071419
asthma_v2_Bronchial_P3BronchialTc_13.wav,3,1,1,1,0.017778958478607894,0.9349233626811715,0.02746987882828035,0.00942738541754019,0.010400414594400026
asthma_v2_Bronchial_P4BronchialTc_17.wav,3,1,1,1,0.02492527286967485,0.9431825008219137,0.005781709331966992,0.011055096249573567,0.015055420726871311
asthma_v2_Bronchial_P6BronchialSc_28.wav,3,1,1,1,0.0024287652476550443,0.9591581535198146,0.02034152155187379,0.01630274173034692,0.0017688179503092625
asthma_v2_Bronchial_P6BronchialTc_27.wav,3,1,1,1,0.0028702029882540277,0.9532825498551977,0.015178450434010277,0.025867835417957775,0.0028009613045806565
asthma_v2_Bronchial_P7BronchialSc_32.wav,3,1,1,1,0.0057959061837472466,0.8597738944238649,0.06884997790387694,0.06048212188218157,0.0050980996063292525
asthma_v2_Bronchial_P7BronchialTc_33.wav,3,1,1,1,0.0023093157640541977,0.9349785436730906,0.04585314141231193,0.01544258417658925,0.0014164149739540532
asthma_v2_Bronchial_P8BronchialSc_38.wav,3,1,1,1,0.0017294051511005468,0.9672033326541593,0.024507969614688825,0.004977144942184464,0.0015821476378669085
asthma_v2_Bronchial_P8BronchialTc_39.wav,3,1,1,1,0.001966531965268712,0.9555365243296211,0.02712873248603391,0.014047544605065016,0.001320666614011277
asthma_v2_Bronchial_P9BronchialTc_45.wav,3,1,1,1,0.0014614192287437952,0.9503088544704626,0.04593960193927173,0.0015254067848477196,0.000764717576674162
asthma_v2_asthma_P10AsthmaRS_48.wav,3,1,0,0,0.9144558030203068,0.014549928400369873,0.00875342627539686,0.0010284686196047556,0.061212373684321864
asthma_v2_asthma_P12WheezingIU_58.wav,3,1,0,0,0.818101878934836,0.011402521930292807,0.01894100035867941,0.004982423061608366,0.14657217571458322
asthma_v2_asthma_P12WheezingRL_59.wav,3,1,0,0,0.922859671451676,0.010146169363114658,0.012287525259245861,0.0016042220987176673,0.053102411827245545
asthma_v2_asthma_P13WheezingIE_65.wav,3,1,0,0,0.8581295355213691,0.034930575616105124,0.014686105859821705,0.002129099928915033,0.09012468307378928
asthma_v2_asthma_P13WheezingIU_62.wav,3,1,0,0,0.8801317391336446,0.027634727572470156,0.00455094058640307,0.002552519293328973,0.08513007341415324
asthma_v2_asthma_P15WheezingRL_71.wav,3,1,0,0,0.49482894134722033,0.013960578225776654,0.012548280101062105,0.008295491430153788,0.47036670889578747
asthma_v2_asthma_P15WheezingRL_75.wav,3,1,0,4,0.4728137437099781,0.004041542768265539,0.01407845013128328,0.023020206106448355,0.48604605728402467
asthma_v2_asthma_P16WheezingRS_76.wav,3,1,0,0,0.7668313303083302,0.0030904665551820215,0.007754618513190001,0.014246390509632507,0.20807719411366563
asthma_v2_asthma_P17WheezingRS_84.wav,3,1,0,0,0.9093641190525054,0.006589920956824647,0.0050572525362898545,0.0014739310293952809,0.07751477642498512
asthma_v2_asthma_P19WheezingRL_95.wav,3,1,0,0,0.9525722669638296,0.008429922902299554,0.001436976450390568,0.00028949980021495975,0.03727133388326527
asthma_v2_asthma_P1AsthmaIU_2.wav,3,1,0,0,0.920221538204388,0.0035292752839311842,0.0051314814215066866,0.001817968882389231,0.06929973620778494
asthma_v2_asthma_P1AsthmaRL_3.wav,3,1,0,4,0.4625062391066066,0.0010853433448661225,0.008311644260214192,0.024924579728932958,0.50317219355938
asthma_v2_asthma_P20WheezingRL_99.wav,3,1,0,0,0.8421346881357371,0.07449499818681622,0.001444545833653185,0.031711126626902196,0.05021464121689125
asthma_v2_asthma_P21WheezingRS_104.wav,3,1,0,0,0.5667834619670136,0.040901527286505424,0.055446668440498226,0.0075270334866710704,0.32934130881931145
asthma_v2_asthma_P22WheezingIE_109.wav,3,1,0,0,0.8461099054631531,0.0720296062869985,0.0021713396321683676,0.0013814546985353848,0.07830769391914431
asthma_v2_asthma_P23WheezingIE_113.wav,3,1,0,0,0.902218972844978,0.007444422392826873,0.004594699542577212,0.00029410479306993535,0.0854478004265483
asthma_v2_asthma_P25WheezingIU_122.wav,3,1,0,0,0.7987750461111681,0.006910078727024653,0.01790681186111607,0.0018315196575489179,0.17457654364314243
asthma_v2_asthma_P26WheezingRL_127.wav,3,1,0,0,0.6063499390389228,0.020998591443525668,0.12186080023046274,0.009217652276584764,0.2415730170105043
asthma_v2_asthma_P27WheezingRL_131.wav,3,1,0,0,0.8608618359938242,0.003371228663629422,0.0699532823753913,0.000831237714879723,0.06498241525227556
asthma_v2_asthma_P28WheezingRS_136.wav,3,1,0,0,0.5869545047111315,0.08681157483714186,0.01435883846866387,0.018631478461490582,0.29324360352157214
asthma_v2_asthma_P29WheezingRS_144.wav,3,1,0,4,0.34290157693013457,0.0018174318656201211,0.015033596514190888,0.00011281663953310891,0.6401345780505213
asthma_v2_asthma_P2AsthmaRS_8.wav,3,1,0,0,0.8763912839070366,0.005198782381409047,0.0037767375662840215,0.0034154821958287396,0.1112177139494416
asthma_v2_asthma_P30WheezingRL_147.wav,3,1,0,0,0.732730445545567,0.04245244896077319,0.019689251779143102,0.0015117710637343868,0.20361608265078224
asthma_v2_asthma_P31WheezingIU_154.wav,3,1,0,0,0.8846164103868753,0.024434130130388292,0.007818478233568,0.0018186655353136588,0.08131231571385462
asthma_v2_asthma_P31WheezingRL_151.wav,3,1,0,0,0.5984778184987969,0.04741933786556568,0.050484179688312585,0.0026045195807903004,0.30101414436653445
asthma_v2_asthma_P31WheezingRS_152.wav,3,1,0,4,0.33320461530493284,0.05387464202919076,0.00770071899740375,0.144878251270231,0.46034177239824176
asthma_v2_asthma_P32WheezingIE_157.wav,3,1,0,0,0.7793312443672807,0.023985887536872644,0.005823623358418305,0.005000358014020559,0.18585888672340764
asthma_v2_asthma_P32WheezingRL_159.wav,3,1,0,0,0.484350435442027,0.306786671626551,0.016430999579022946,0.005165834400448009,0.18726605895195111
asthma_v2_asthma_P32WheezingRS_156.wav,3,1,0,0,0.7785735370105209,0.04664664345813625,0.01053739802285079,0.031361118366025655,0.1328813031424662
asthma_v2_asthma_P32WheezingRS_160.wav,3,1,0,0,0.6125231575410331,0.00836456888754559,0.0050171607701506036,0.004006090327062806,0.3700890224742081
asthma_v2_asthma_P33WheezingIE_165.wav,3,1,0,0,0.5793841309619967,0.3161282074655043,0.020700934495913943,0.0018132286804101684,0.08197349839617478
asthma_v2_asthma_P33WheezingRS_164.wav,3,1,0,0,0.907543897180436,0.006527953192248295,0.023275140062308252,0.0010849923938837066,0.06156801717112375
asthma_v2_asthma_P35WheezingRL_171.wav,3,1,0,0,0.8688567469340338,0.008720200878061789,0.00435722135165232,0.0019497850431187947,0.11611604579313313
asthma_v2_asthma_P38WheezingIU_186.wav,3,1,0,0,0.9227803728996024,0.01966734032203857,0.030871101772867345,0.005954277038612692,0.02072690796687954
asthma_v2_asthma_P38WheezingIU_190.wav,3,1,0,0,0.8064403969964757,0.03815220915378486,0.12145751487771678,0.00961980630039632,0.024330072671626
asthma_v2_asthma_P3AsthmaIE_13.wav,3,1,0,0,0.9349148941752455,0.008458388488276496,0.008842074846431914,0.0022074098014174255,0.045577232688628545
asthma_v2_asthma_P41WheezingRS_204.wav,3,1,0,0,0.8633189519738795,0.0070290962748380025,0.05547045445365948,0.0014023114911965308,0.07277918580642628
asthma_v2_asthma_P43WheezingRS_212.wav,3,1,0,0,0.8004790676595899,0.04569339179169262,0.11818193968750736,0.004496808547403922,0.03114879231380605
asthma_v2_asthma_P44WheezingIU_218.wav,3,1,0,0,0.8879856264882131,0.012601756667908253,0.03765365850306042,0.0008829277675504386,0.060876030573267924
asthma_v2_asthma_P45WheezingIU_222.wav,3,1,0,0,0.9515653364526672,0.010366214222752211,0.015778345707141175,0.0009719243465788457,0.021318179270860514
asthma_v2_asthma_P46WheezingIE_229.wav,3,1,0,0,0.9126323441271365,0.027415855259689453,0.03280485273691025,0.0022949094678029135,0.02485203840846132
asthma_v2_asthma_P47WheezingIE_233.wav,3,1,0,0,0.7764452462347384,0.0023765051529551695,0.12122641298196518,0.0010348379328789837,0.09891699769746215
asthma_v2_asthma_P47WheezingIU_234.wav,3,1,0,0,0.8364489546684424,0.003689156132753169,0.1352845324157944,0.00047165233626801824,0.024105704446741538
asthma_v2_asthma_P47WheezingRS_232.wav,3,1,0,0,0.8902151240396408,0.001545700449372357,0.04690573068813908,0.00034369836869289693,0.060989746454155
asthma_v2_asthma_P49WheezingIE_245.wav,3,1,0,0,0.9489853104878295,0.003126456182312593,0.013974410632500668,0.008928341720251398,0.024985480977105814
asthma_v2_asthma_P4AsthmaIE_17.wav,3,1,0,0,0.8871179848139161,0.025114513666470658,0.0063479760777572095,0.0012746903805167535,0.08014483506133918
asthma_v2_asthma_P51WheezingIE_253.wav,3,1,0,0,0.9022314599123415,0.00511990134347138,0.05224651544236683,0.002511359409692154,0.0378907638921282
asthma_v2_asthma_P51WheezingRL_251.wav,3,1,0,0,0.8701004059218117,0.011236408552979756,0.05758673712445517,0.0028041058045800145,0.058272342596173116
asthma_v2_asthma_P52WheezingIE_257.wav,3,1,0,0,0.9023382416091044,0.00533493994129776,0.0671120394613417,0.0012705125458465447,0.023944266442409615
asthma_v2_asthma_P52WheezingRS_256.wav,3,1,0,0,0.9383535965830284,0.009099865513603193,0.03978033917388794,0.0006688482090231986,0.012097350520457266
asthma_v2_asthma_P53WheezingIE_265.wav,3,1,0,0,0.3597042500179003,0.22248627606937532,0.3540467668758687,0.022379805238870305,0.04138290179798504
asthma_v2_asthma_P56WheezingRL_279.wav,3,1,0,0,0.7427698537319363,0.12966664894698227,0.06159728712884103,0.0027016952402812927,0.0632645149519588
asthma_v2_asthma_P57WheezingRL_283.wav,3,1,0,4,0.167708179425734,0.005236241977231323,0.004151533098465326,0.0017097711342244628,0.8211942743643449
asthma_v2_asthma_P58WheezingRL_287.wav,3,1,0,0,0.33596574921009614,0.04364843330590602,0.007429264034361398,0.1485303442085757,0.46442620924106076
asthma_v2_asthma_P5AsthmaIE_25.wav,3,1,0,0,0.6473637062550457,0.004548536564127284,0.0042770980210117045,0.021069585493650476,0.322741073666165
asthma_v2_asthma_P5AsthmaRL_23.wav,3,1,0,0,0.8547222742509211,0.0067851408904399,0.004168369432359288,0.00698686871065052,0.12733734671562905
asthma_v2_asthma_P6AsthmaIU_30.wav,3,1,0,0,0.9432885430556457,0.011495660514410951,0.0064232337645079044,0.001120694396535841,0.03767186826889978
asthma_v2_asthma_P7AsthmaRL_31.wav,3,1,0,0,0.7779709602728457,0.008929672194868388,0.027008223005546637,0.014647851321556753,0.17144329320518248
asthma_v2_copd_P10COPDPr_73.wav,3,1,2,0,0.48348580269844593,0.42496163549755855,0.05898511598045824,0.006256500961406049,0.026310944862131348
asthma_v2_copd_P11COPDMc_88.wav,3,1,2,2,0.010901240733697453,0.0019431664959241569,0.9859111378508673,0.0008822030028597121,0.0003622519166515425
asthma_v2_copd_P11COPDPr_83.wav,3,1,2,2,0.019530368532684025,0.015656980637965244,0.9613219039570633,0.0006732477473089951,0.0028174991249786804
asthma_v2_copd_P11COPDPr_87.wav,3,1,2,2,0.0008488803963004862,0.001932925467959807,0.9968804017003833,0.00022606970259150857,0.00011172273276478128
asthma_v2_copd_P12COPDMc_90.wav,3,1,2,2,0.003599015518628241,0.0024730806668845752,0.9926870408673761,0.0007103909265639003,0.0005304720205469913
asthma_v2_copd_P12COPDMc_92.wav,3,1,2,2,0.005085425176432626,0.004567181442966395,0.9893928535416979,0.00043614330427530797,0.0005183965346275706
asthma_v2_copd_P12COPDPr_89.wav,3,1,2,2,0.0020895616442657126,0.0012119653645581735,0.9963157433250882,0.00020181740458491017,0.0001809122615030311
asthma_v2_copd_P12COPDPr_91.wav,3,1,2,2,0.04152018007848195,0.010703697738582648,0.9453832591188096,0.0016361518284031913,0.0007567112357224923
asthma_v2_copd_P13COPDMc_98.wav,3,1,2,2,0.004441733364201458,0.0299243511096001,0.93064961728201,0.011140211651078107,0.0238440865931104
asthma_v2_copd_P13COPDPr_101.wav,3,1,2,2,0.02837758985577954,0.016157045117666167,0.9446051395466146,0.0005565197987888985,0.010303705681150415
asthma_v2_copd_P14COPDMc_106.wav,3,1,2,2,0.0007564616738829842,0.0049674628560491514,0.9905410433491604,0.0005348469447325457,0.0032001851761748407
asthma_v2_copd_P16COPDMc_124.wav,3,1,2,2,1.301048142987659e-06,8.626259166561629e-07,0.9987497741870479,7.494791856537364e-06,0.001240567347035645
asthma_v2_copd_P16COPDMc_126.wav,3,1,2,2,3.1948409858266384e-07,2.0023839166450985e-07,0.999592758807819,1.3515879976315927e-06,0.00040536988169302094
asthma_v2_copd_P17COPDMc_136.wav,3,1,2,2,0.00722640727612552,0.0020255381877813186,0.9859409800658921,0.0007564635995365757,0.0040506108706642886
asthma_v2_copd_P17COPDPr_131.wav,3,1,2,2,0.0022525657317093877,0.0007326497393652504,0.9935405934600776,0.002560275029573006,0.0009139160392750036
asthma_v2_copd_P17COPDPr_135.wav,3,1,2,2,0.006297923876511803,0.0017452775983011972,0.9868670680453985,0.0007087257791193382,0.004381004700669126
asthma_v2_copd_P18COPDPr_143.wav,3,1,2,2,0.0004106550141632661,5.659854232441016e-05,0.9979179594033413,0.00016314609967385966,0.001451640940497097
asthma_v2_copd_P19COPDMc_148.wav,3,1,2,2,0.006464316151982716,0.007683493300612533,0.9835125744945493,0.0006504836469120195,0.0016891324059438843
asthma_v2_copd_P1COPDMc_8.wav,3,1,2,2,3.3664818963181975e-07,2.0160998300378185e-07,0.9998465393212052,1.6771725777372455e-05,0.0001361506948446948
asthma_v2_copd_P20COPDPr_153.wav,3,1,2,2,0.000858349505059451,0.00012949070570783303,0.9978640213391263,0.00014192692711802047,0.0010062115229884303
asthma_v2_copd_P21COPDPr_165.wav,3,1,2,2,0.009859149044022669,0.039248950066540625,0.9391643048537405,0.0006392598916625708,0.011088336144033558
asthma_v2_copd_P22COPDMc_174.wav,3,1,2,2,0.016505940717412425,0.0046986102599863725,0.8139843427985065,0.04858816763886857,0.11622293858522596
asthma_v2_copd_P22COPDPr_175.wav,3,1,2,2,0.016265347476672763,0.005006378564458333,0.8080057346477066,0.03681401029528972,0.13390852901587252
asthma_v2_copd_P23COPDMc_184.wav,3,1,2,2,0.002006660594168555,0.00555805172265533,0.9618938219550542,0.023725728984721736,0.006815736743400067
asthma_v2_copd_P24COPDMc_188.wav,3,1,2,2,0.01824134614587743,0.025007221949523546,0.8475286634049624,0.04791620064212458,0.06130656785751189
asthma_v2_copd_P24COPDMc_190.wav,3,1,2,2,0.008702343651948056,0.0151724899073958,0.7850019668830821,0.1028872031599125,0.08823599639766173
asthma_v2_copd_P24COPDMc_192.wav,3,1,2,2,0.001028881105438724,0.0003095150608552051,0.9961971970955245,0.0007496266929177244,0.0017147800452635615
asthma_v2_copd_P24COPDPr_185.wav,3,1,2,2,0.005719769884083033,0.007333636985339605,0.9579527178404719,0.0032746494499564308,0.02571922584014884
asthma_v2_copd_P24COPDPr_189.wav,3,1,2,2,0.0384589888117631,0.02669199488345376,0.4227857776533092,0.12976811101116092,0.3822951276403129
asthma_v2_copd_P26COPDMc_206.wav,3,1,2,2,0.0037019250789852884,0.0057052970168731554,0.9858899895655958,0.0007058684364926536,0.003996919902053161
asthma_v2_copd_P26COPDPr_207.wav,3,1,2,2,0.003462874596228839,0.0035207555648731252,0.9887058942020087,0.0004102504648014956,0.0039002251720878425
asthma_v2_copd_P27COPDPr_211.wav,3,1,2,2,0.005302314146999062,0.0025500082218062768,0.9894054750521065,0.0016121509911421069,0.0011300515879460538
asthma_v2_copd_P27COPDPr_215.wav,3,1,2,2,1.0706808980179898e-06,1.700565456417982e-06,0.9985802975222509,0.001294665345054187,0.00012226588634050442
asthma_v2_copd_P28COPDPr_219.wav,3,1,2,2,0.002210755158886725,0.0010190628870074487,0.9957190976391199,0.00047411452480463696,0.0005769697901812132
asthma_v2_copd_P28COPDPr_223.wav,3,1,2,2,0.0004485874293746526,0.000844679297240021,0.9982267101257436,8.447228239174606e-05,0.0003955508652500406
asthma_v2_copd_P29COPDMc_226.wav,3,1,2,2,8.344936918745479e-07,1.1465287979648126e-06,0.9998911058838117,4.520184127919809e-05,6.171125241932072e-05
asthma_v2_copd_P29COPDMc_228.wav,3,1,2,2,1.3233758593501628e-07,2.0654877001306635e-07,0.9998540575902777,0.00010509637645754881,4.050714690879339e-05
asthma_v2_copd_P29COPDPr_227.wav,3,1,2,2,5.975473307566706e-08,1.0183639180331043e-07,0.9999433232502923,3.9482638001240914e-05,1.703252058151791e-05
asthma_v2_copd_P30COPDMc_240.wav,3,1,2,2,2.154699777457316e-08,2.3814687654459287e-08,0.9999794722394737,9.340091349531072e-06,1.1142307491340153e-05
asthma_v2_copd_P31COPDMc_242.wav,3,1,2,2,0.014651065475117298,0.01663684790839923,0.8224615758937579,0.0403054648210904,0.10594504590163528
asthma_v2_copd_P31COPDMc_244.wav,3,1,2,3,0.007508869269374691,0.006514027648803448,0.21518144322090033,0.7593218059259048,0.01147385393501678
asthma_v2_copd_P31COPDMc_248.wav,3,1,2,0,0.3947106631738935,0.008369293996476778,0.5781129905282674,0.0010113603719990375,0.017795691929363
asthma_v2_copd_P31COPDPr_241.wav,3,1,2,2,5.41199121615764e-08,5.7744567497707146e-08,0.9999659145071392,1.267393087782201e-05,2.1299697503324007e-05
asthma_v2_copd_P32COPDPr_249.wav,3,1,2,0,0.38308706175742613,0.019556879318384488,0.5535424336128478,0.0044297483138722475,0.039383876997468974
asthma_v2_copd_P32COPDPr_253.wav,3,1,2,2,0.09678290005058326,0.002926837010203867,0.8956344207268486,0.0012833327709524428,0.0033725094414121404
asthma_v2_copd_P32COPDPr_255.wav,3,1,2,2,0.07745408593946361,0.00202780037480499,0.9187441474372122,0.0002422575796695782,0.0015317086688494837
asthma_v2_copd_P33COPDMc_260.wav,3,1,2,4,0.026334113265787846,0.09969221161569006,0.5171171321361666,0.03856896492730992,0.3182875780550457
asthma_v2_copd_P33COPDPr_257.wav,3,1,2,2,0.008354165528090466,0.0005366461471361734,0.9907448053520069,6.925394768909889e-05,0.0002951290250773646
asthma_v2_copd_P35COPDMc_280.wav,3,1,2,2,4.286560967692032e-07,5.240757947605069e-07,0.9997847051664489,0.00016268772444208708,5.165437721733993e-05
asthma_v2_copd_P35COPDPr_273.wav,3,1,2,2,0.04529426146716598,0.008401323499354423,0.7363925332915227,0.013653367376338687,0.19625851436561856
asthma_v2_copd_P35COPDPr_275.wav,3,1,2,2,0.0012508116817978618,0.004443632031411589,0.986928482272518,0.0039587132231714665,0.003418360791101038
asthma_v2_copd_P36COPDMc_282.wav,3,1,2,2,0.14902680875052465,0.15292735755750975,0.4671236807260171,0.01655935563662986,0.21436279732931873
asthma_v2_copd_P36COPDPr_287.wav,3,1,2,2,0.00042675195229651964,0.00026281749488334767,0.998298107371329,0.00072306394695616,0.0002892592345349052
asthma_v2_copd_P38COPDMc_300.wav,3,1,2,2,0.004139344601131474,0.0017116183346639943,0.991715322243217,0.0010179340895827068,0.0014157807314048908
asthma_v2_copd_P38COPDMc_302.wav,3,1,2,2,0.008372698056680481,0.002935003863338655,0.9843451114352542,0.002368994722850856,0.0019781919218757552
asthma_v2_copd_P38COPDPr_297.wav,3,1,2,2,0.027450599272555675,0.0029331387379116715,0.9436499720685542,0.00025414831077805243,0.025712141610200346
asthma_v2_copd_P3COPDMc_18.wav,3,1,2,0,0.8201466585041991,0.012707396065502858,0.14217888471135937,0.003459014292226012,0.021508046426712307
asthma_v2_copd_P40COPDPr_313.wav,3,1,2,2,0.003974074647323247,0.013683483256701412,0.9776558450454694,0.0030892766289367735,0.001597320421568794
asthma_v2_copd_P40COPDPr_317.wav,3,1,2,2,1.580164566945872e-08,1.4311799155893759e-08,0.999982008657475,1.7293049854601844e-06,1.6231924094798544e-05
asthma_v2_copd_P40COPDPr_319.wav,3,1,2,4,0.17039314752588655,0.07434871179541881,0.1948237515930967,0.0035056620404722402,0.5569287270451253
asthma_v2_copd_P41COPDMc_324.wav,3,1,2,2,0.0010332620442015748,0.0005730208274312567,0.9968948760278733,0.000592383070680083,0.0009064580298140076
asthma_v2_copd_P41COPDPr_323.wav,3,1,2,2,1.9857530803507167e-06,1.688825759158524e-06,0.9984996408554664,8.426850854611105e-05,0.001412416057148011
asthma_v2_copd_P43COPDMc_338.wav,3,1,2,2,0.00028240455315697513,0.0005839954003270006,0.998703291099853,0.00010272589062617199,0.00032758305603666993
asthma_v2_copd_P43COPDMc_342.wav,3,1,2,2,0.0014013477213111365,0.00010286092046129315,0.9962651272271525,0.0002036195486611692,0.0020270445824137244
asthma_v2_copd_P44COPDMc_346.wav,3,1,2,2,0.02310308519053618,0.006107162011081501,0.7433969491495598,0.01002855804197019,0.21736424560685272
asthma_v2_copd_P44COPDPr_349.wav,3,1,2,2,0.0007407967902509763,0.021831672102736385,0.9594147089153496,0.016294375851287176,0.0017184463403754225
asthma_v2_copd_P46COPDMc_366.wav,3,1,2,2,0.002599877164063853,0.00040463591764798324,0.9568840212947322,0.004402350761211802,0.03570911486234416
asthma_v2_copd_P47COPDMc_370.wav,3,1,2,1,0.06722462234580612,0.3017729294619526,0.39761968165831885,0.02130209658787722,0.212080669946045
asthma_v2_copd_P47COPDPr_373.wav,3,1,2,2,0.0249409788408061,0.02105379072500093,0.9310459892836307,0.013176532638752654,0.009782708511809464
asthma_v2_copd_P50COPDMc_396.wav,3,1,2,2,0.0035708892246270455,0.003993063634213912,0.9904582609623844,0.0007453562815694847,0.001232429897205349
asthma_v2_copd_P50COPDMc_400.wav,3,1,2,2,0.0007382169243024517,0.00029151149523835455,0.9983443910266436,0.0001157107336775747,0.0005101698201379885
asthma_v2_copd_P6COPDMc_44.wav,3,1,2,2,0.0005078870068492738,0.00015150992448125268,0.9978987069426655,0.00044767776432779436,0.00099421836167585
asthma_v2_copd_P6COPDMc_48.wav,3,1,2,4,0.046955559296932806,0.008926952666496044,0.2548536288292103,0.11396563662118744,0.5752982225861731
asthma_v2_copd_P6COPDPr_41.wav,3,1,2,2,0.0028422418543411613,0.00043577567556780646,0.9880960106331412,0.0022167456051165545,0.006409226231833438
asthma_v2_copd_P6COPDPr_45.wav,3,1,2,4,0.10148716711031405,0.003671747115392615,0.42072005957912917,0.057405640689470835,0.4167153855056933
asthma_v2_copd_P7COPDPr_51.wav,3,1,2,2,0.010941277918515135,0.0007945210470960056,0.9699322120122638,0.005181773324079758,0.013150215698045404
asthma_v2_copd_P8COPDMc_64.wav,3,1,2,2,0.010745556303631242,0.0008148417582521886,0.9683674068560962,0.0022250138246232482,0.017847181257396885
asthma_v2_copd_P8COPDPr_57.wav,3,1,2,2,0.0039891143112171954,0.00026531144996413784,0.9859488748995066,0.0017126620123281966,0.008084037326984102
asthma_v2_copd_P8COPDPr_63.wav,3,1,2,2,0.0009467234473483497,0.00012654335113795856,0.9973738084495797,0.0001417292140276756,0.0014111955379066308
asthma_v2_copd_P9COPDMc_72.wav,3,1,2,2,0.0017525227048023639,0.00010671511646491674,0.9963534462839836,0.00032719043305491126,0.001460125461694321
asthma_v2_healthy_P10Healthy93S.wav,3,1,3,4,0.05391072805072259,0.012556386409237716,0.016647087742258492,0.15939512671085712,0.7574906710869241
asthma_v2_healthy_P11Healthy18S.wav,3,1,3,3,0.03508819305180405,0.10625733319700417,0.0868193768078025,0.695369466986558,0.07646562995683163
asthma_v2_healthy_P11Healthy30S.wav,3,1,3,3,0.08058235047065046,0.20796849523248695,0.11397547980056323,0.5446897364638225,0.05278393803247681
asthma_v2_healthy_P12Healthy93S.wav,3,1,3,3,0.01806214551040755,0.016419964343548216,0.25710401001762667,0.6026756306257506,0.10573824950266701
asthma_v2_healthy_P14Healthy54S.wav,3,1,3,3,0.006149253456849244,0.039456607125585914,0.011376119352931804,0.9079540189038005,0.03506400116083255
asthma_v2_healthy_P15Healthy55S.wav,3,1,3,3,0.0638196692496043,0.08872248030614778,0.09863785624529214,0.6936534572636247,0.05516653693533143
asthma_v2_healthy_P19Healthy47S.wav,3,1,3,1,0.19993685383303958,0.4058345363149715,0.027360951143637565,0.178370777718594,0.18849688098975742
asthma_v2_healthy_P19Healthy55S.wav,3,1,3,3,0.002964792885407936,0.003912571467092961,0.001200559398539185,0.9522623367952981,0.03965973945366156
asthma_v2_healthy_P20Healthy59S.wav,3,1,3,3,0.002967442278512008,0.010624515754873581,0.0017208180284427762,0.9492509805167865,0.03543624342138502
asthma_v2_healthy_P20Healthy84S.wav,3,1,3,1,0.15793831693035518,0.477231549735044,0.01027388149054681,0.29074584406245907,0.06381040778159512
asthma_v2_healthy_P21Healthy15S.wav,3,1,3,3,0.0269844001452009,0.006655769380930297,0.02446188608513133,0.8467774018532414,0.09512054253549583
asthma_v2_healthy_P22Healthy36S.wav,3,1,3,3,0.011254694820393929,0.0027629264178034275,0.012880598142088766,0.911750593530361,0.061351187089352846
asthma_v2_healthy_P23Healthy24S.wav,3,1,3,3,0.03313076849265605,0.0017257508370663302,0.0011304817340385763,0.5695413140671108,0.3944716848691283
asthma_v2_healthy_P23Healthy98S.wav,3,1,3,3,0.01562744942025507,0.0017483539749469606,0.002148808312646156,0.9272939516041547,0.0531814366879974
asthma_v2_healthy_P24Healthy63S.wav,3,1,3,3,0.02212584050918039,0.024095723078715894,0.14140073497327804,0.6876374253381992,0.12474027610062684
asthma_v2_healthy_P24Healthy95S.wav,3,1,3,3,0.016329159359814993,0.03098842072641903,0.09949455244656198,0.7033556664644522,0.14983220100275205
asthma_v2_healthy_P26Healthy22S.wav,3,1,3,3,0.025051130095833225,0.008691473619201614,0.011458418304156368,0.879436666377512,0.0753623116032962
asthma_v2_healthy_P27Healthy73S.wav,3,1,3,3,0.004419218351536699,0.014862491292622331,0.0008230699232978945,0.9652316711452161,0.01466354928732702
asthma_v2_healthy_P2Healthy54S.wav,3,1,3,3,0.008358247728539455,0.1028198627462907,0.014988081510049702,0.8339585527574506,0.03987525525766972
asthma_v2_healthy_P4Healthy62S.wav,3,1,3,1,0.016837143200745235,0.3281887375882107,0.28598838059084797,0.3404266834145622,0.028559055205634034
asthma_v2_healthy_P4Healthy77S.wav,3,1,3,1,0.01569901462325816,0.554739132564597,0.18130669519619871,0.2278192900757634,0.02043586754018275
asthma_v2_healthy_P5Healthy57S.wav,3,1,3,3,0.004632615205130843,0.0008982729087034016,0.002650080891710432,0.9407284413559859,0.05109058963846942
asthma_v2_healthy_P6Healthy21S.wav,3,1,3,3,0.23517423405392046,0.05636494201831,0.34533456062990553,0.1735540432975233,0.1895722200003408
asthma_v2_healthy_P8Healthy82S.wav,3,1,3,3,0.02429887777204648,0.014874173239184595,0.026248429006127904,0.9040680945993896,0.030510425383250894
asthma_v2_healthy_P9Healthy29S.wav,3,1,3,3,0.2617895867609391,0.016114947040527672,0.008670554533783065,0.25617959844121674,0.45724531322353357
asthma_v2_healthy_P9Healthy31S.wav,3,1,3,0,0.4174863279978224,0.010336837154444164,0.003803130708384171,0.15128292626095172,0.41709077787839777
asthma_v2_pneumonia_P10Pneumonia93W.wav,3,1,4,4,0.030103234697397268,0.009606007718852876,0.04801539120218935,0.039349102461730144,0.8729262639198303
asthma_v2_pneumonia_P12Pneumonia23P.wav,3,1,4,4,0.0334054923762028,0.03691376679122719,0.05215757277542175,0.01566811081464499,0.8618550572425029
asthma_v2_pneumonia_P12Pneumonia44H.wav,3,1,4,4,0.05939401818633053,0.0282854484384634,0.0473333872974647,0.01609756958493142,0.8488895764928098
asthma_v2_pneumonia_P13Pneumonia26N.wav,3,1,4,4,0.24627140605325015,0.05820058229622846,0.012942011022166095,0.03713734849587688,0.6454486521324787
asthma_v2_pneumonia_P13Pneumonia60R.wav,3,1,4,4,0.10121353151709246,0.0018565076701864906,0.003664061430297198,0.14574917413273547,0.7475167252496883
asthma_v2_pneumonia_P14Pneumonia22X.wav,3,1,4,3,0.021932853477463654,0.0012062877226974931,0.002342934586340578,0.8763428108940674,0.09817511331943077
asthma_v2_pneumonia_P14Pneumonia87C.wav,3,1,4,4,0.07233339841690418,0.006381295902804269,0.011819405011402368,0.004085034559823807,0.9053808661090655
asthma_v2_pneumonia_P15Pneumonia12I.wav,3,1,4,4,0.03497870807467762,0.01662909930046536,0.05302443258949589,0.008127399389505135,0.8872403606458559
asthma_v2_pneumonia_P15Pneumonia16R.wav,3,1,4,4,0.13256020360540194,0.020082452794748115,0.04737135973367406,0.007333519807314238,0.7926524640588613
asthma_v2_pneumonia_P16Pneumonia66X.wav,3,1,4,4,0.08873585564641334,0.0009242245453745869,0.0009936412801615658,0.061769726072390715,0.8475765524556595
asthma_v2_pneumonia_P16Pneumonia78M.wav,3,1,4,4,0.15665811614505196,0.0011143404457307762,0.002313483376932444,0.07647928925366977,0.7634347707786151
asthma_v2_pneumonia_P18Pneumonia84N.wav,3,1,4,4,0.04617181653864011,0.0030884724000927615,0.00031450776702327644,0.0009402848122443962,0.9494849184819996
asthma_v2_pneumonia_P21Pneumonia24G.wav,3,1,4,4,0.16959790785425796,0.05953861915498619,0.05417539505887728,0.15008899844796927,0.5665990794839091
asthma_v2_pneumonia_P21Pneumonia78P.wav,3,1,4,4,0.09894062550547979,0.0019551935672351504,0.0005618456932048612,0.0005244434236213286,0.8980178918104589
asthma_v2_pneumonia_P21Pneumonia95A.wav,3,1,4,4,0.16247928811976747,0.03503813484951305,0.037874430396077095,0.22714792772239883,0.5374602189122436
asthma_v2_pneumonia_P22Pneumonia29K.wav,3,1,4,4,0.2754335610064355,0.0039508463412992875,0.0006034354942561853,0.0006629581636589059,0.71934919899435
asthma_v2_pneumonia_P22Pneumonia51X.wav,3,1,4,4,0.18237158712001944,0.004878310794844415,0.07370471442264621,0.025499809588246533,0.7135455780742432
asthma_v2_pneumonia_P23Pneumonia19A.wav,3,1,4,4,0.1450436843020103,0.005863564240101371,0.09042957544233343,0.0405322127874839,0.7181309632280712
asthma_v2_pneumonia_P23Pneumonia60Y.wav,3,1,4,4,0.16600251997463814,0.004468614890419014,0.056291449492758876,0.028228024009534725,0.7450093916326491
asthma_v2_pneumonia_P23Pneumonia90V.wav,3,1,4,4,0.1033345271592262,0.010351891051064125,0.07377751749366639,0.05708823086112008,0.755447833434923
asthma_v2_pneumonia_P24Pneumonia67G.wav,3,1,4,4,0.10778808050332908,0.004986288902426111,0.05349083311713292,0.0436272249824868,0.7901075724946247
asthma_v2_pneumonia_P25Pneumonia30I.wav,3,1,4,4,0.11707389098503708,0.007447562604649923,0.004142965479915302,0.1022336586083885,0.7691019223220094
asthma_v2_pneumonia_P25Pneumonia97D.wav,3,1,4,4,0.08554647059913265,0.026882512093945588,0.04401101250366379,0.15768658029316196,0.6858734245100957
asthma_v2_pneumonia_P26Pneumonia89E.wav,3,1,4,3,0.03370047216613328,0.01446883077186561,0.0025622248795007067,0.31197697122327334,0.6372915009592272
asthma_v2_pneumonia_P27Pneumonia37T.wav,3,1,4,4,0.03623542056950806,0.0039288981473549174,0.10685352186040052,0.007221214984350749,0.8457609444383856
asthma_v2_pneumonia_P28Pneumonia65J.wav,3,1,4,0,0.4430827224487744,0.10348839045879578,0.013317523543575637,0.0033644380011660585,0.4367469255476883
asthma_v2_pneumonia_P28Pneumonia90E.wav,3,1,4,1,0.19580576032073385,0.4063718474888614,0.19290374894526585,0.0028264431398529613,0.2020922001052857
asthma_v2_pneumonia_P29Pneumonia51O.wav,3,1,4,4,0.031061505360068572,0.02678034046377057,0.0020769077393020083,0.02658338660316442,0.9134978598336948
asthma_v2_pneumonia_P2Pneumonia82A.wav,3,1,4,4,0.055323100420060306,0.012293246708518868,0.0002962580103003798,0.009526651574747112,0.9225607432863735
asthma_v2_pneumonia_P2Pneumonia93N.wav,3,1,4,4,0.02579671142711168,0.007154166378611347,0.0013508700505666035,0.02155425756596129,0.9441439945777489
asthma_v2_pneumonia_P30Pneumonia30W.wav,3,1,4,4,0.03932177736117141,0.016713128243654504,0.0019873995516714146,0.031194206663369018,0.9107834881801331
asthma_v2_pneumonia_P30Pneumonia85D.wav,3,1,4,4,0.06344957233592892,0.014468913015317735,0.0014978829031309445,0.013851656493993397,0.9067319752516291
asthma_v2_pneumonia_P32Pneumonia59Q.wav,3,1,4,4,0.024048504156778783,0.04813427399277447,0.0036050321469502694,0.26598192771597684,0.6582302619875195
asthma_v2_pneumonia_P32Pneumonia99W.wav,3,1,4,4,0.08264900039802736,0.043722737830957696,0.007425661767553185,0.021644022027600664,0.8445585779758612
asthma_v2_pneumonia_P33Pneumonia94C.wav,3,1,4,4,0.0828467397130974,0.006357319317236466,0.00037644283386431223,0.013913654409510277,0.8965058437262914
asthma_v2_pneumonia_P34Pneumonia99G.wav,3,1,4,4,0.08931322739640915,0.014432152685715599,0.0008998934379358136,0.004799407982153449,0.8905553184977861
asthma_v2_pneumonia_P35Pneumonia16F.wav,3,1,4,4,0.04455052609305692,0.046409447526192506,0.004905002475896848,0.03970110072304559,0.864433923181808
asthma_v2_pneumonia_P35Pneumonia46U.wav,3,1,4,4,0.06761632460361207,0.004266464180610397,0.003006257298612257,0.0028061953389352245,0.92230475857823
asthma_v2_pneumonia_P36Pneumonia83N.wav,3,1,4,4,0.034573325016093934,0.012721545416070542,0.001301848200996182,0.006464966455697643,0.9449383149111418
asthma_v2_pneumonia_P37Pneumonia95J.wav,3,1,4,0,0.7918783314651271,0.011022888488170662,0.012950238545564789,0.00866750236124752,0.17548103913988994
asthma_v2_pneumonia_P38Pneumonia61R.wav,3,1,4,0,0.9136287235789251,0.007943503721871772,0.01671013014364244,0.0017415108373893145,0.05997613171817149
asthma_v2_pneumonia_P39Pneumonia41F.wav,3,1,4,4,0.30331020648154766,0.04380080390364225,0.06749202270769634,0.002671703764713087,0.5827252631424006
asthma_v2_pneumonia_P3Pneumonia54K.wav,3,1,4,4,0.07721203745999981,0.001484977585833454,0.007020666631619389,0.0007219243765332995,0.9135603939460143
asthma_v2_pneumonia_P40Pneumonia69N.wav,3,1,4,4,0.17100739750223035,0.004624997105205675,0.002830694933625297,0.004726339911245784,0.8168105705476931
asthma_v2_pneumonia_P41Pneumonia31S.wav,3,1,4,0,0.543777874173907,0.08455087432890389,0.009200301461779784,0.04193974197369123,0.3205312080617182
asthma_v2_pneumonia_P43Pneumonia89T.wav,3,1,4,3,0.02366293420336885,0.011103608811396505,0.2922992989089415,0.2845541260060553,0.3883800320702383
asthma_v2_pneumonia_P44Pneumonia36U.wav,3,1,4,4,0.07210990263328015,0.03545048500485643,0.1132975651986086,0.05390945213994906,0.7252325950233061
asthma_v2_pneumonia_P44Pneumonia59U.wav,3,1,4,4,0.046409421340945646,0.04371275670159769,0.013374324843873504,0.18921060254603972,0.707292894567543
asthma_v2_pneumonia_P45Pneumonia59I.wav,3,1,4,4,0.10936897018464597,0.0017824613171471173,0.06249577040884294,0.04839180517562322,0.7779609929137411
asthma_v2_pneumonia_P47Pneumonia98K.wav,3,1,4,4,0.08041693418180232,0.045568183431272245,0.008202281410722082,0.12323406463675635,0.742578536339447
asthma_v2_pneumonia_P48Pneumonia82Z.wav,3,1,4,3,0.0322665185161831,0.024934462407653346,0.09692858634510104,0.6911086066450115,0.1547618260860511
asthma_v2_pneumonia_P5Pneumonia38U.wav,3,1,4,4,0.01671017549194567,0.025519744909833816,0.16378007024551075,0.05197148280109759,0.7420185265516124
asthma_v2_pneumonia_P7Pneumonia22C.wav,3,1,4,4,0.06135481555374179,0.018739247560811537,0.15734481359653615,0.005235477615998175,0.7573256456729128
asthma_v2_pneumonia_P8Pneumonia16Z.wav,3,1,4,3,0.023789235913811234,0.042215838393045844,0.0393278906291912,0.41252847190846836,0.48213856315548353
asthma_v2_pneumonia_P8Pneumonia20O.wav,3,1,4,4,0.04188006780499895,0.002775934644334098,0.020254361089653717,0.005308444347331484,0.9297811921136816
asthma_v2_pneumonia_P8Pneumonia28V.wav,3,1,4,3,0.006827139369233385,0.01430963047745713,0.01256803775726512,0.857308007767715,0.10898718462832963
asthma_v2_pneumonia_P9Pneumonia74V.wav,3,1,4,4,0.10784457671663783,0.0009344873207537971,0.0015349100804095963,0.11694614045881992,0.7727398854233789
asthma_v2_Bronchial_P12BronchialSc_56.wav,3,2,1,0,0.9260790480850684,0.034250737291168926,0.0025530726659581003,0.0007044061116960514,0.03641273584610895
asthma_v2_Bronchial_P13BronchialTc_63.wav,3,2,1,0,0.7140611494200119,0.02081477565920668,0.08092561338874153,0.006180364236721245,0.17801809729531867
asthma_v2_Bronchial_P14BronchialSc_68.wav,3,2,1,2,0.2683859661445469,0.003301460378420217,0.7156028863502051,0.000640854560129945,0.012068832566697902
asthma_v2_Bronchial_P14BronchialTc_67.wav,3,2,1,0,0.6722619769255569,0.2694489906900642,0.03850982595228126,0.0009150065443475805,0.018864199887750135
asthma_v2_Bronchial_P14BronchialTc_69.wav,3,2,1,0,0.8029796768607388,0.1277392120069442,0.022316971433280788,0.0006010427430329582,0.04636309695600342
asthma_v2_Bronchial_P16BronchialTc_79.wav,3,2,1,1,0.007696650002858847,0.9713302015288323,0.010476078165727504,0.0052719375294892805,0.005225132773092355
asthma_v2_Bronchial_P17BronchialTc_83.wav,3,2,1,1,0.018215422785946067,0.9357660814395782,0.029103508428552558,0.004799066963126453,0.012115920382796552
asthma_v2_Bronchial_P18BronchialSc_86.wav,3,2,1,1,0.0008697921628058357,0.9890651110267729,0.005002607367907052,0.004032745097560875,0.0010297443449531708
asthma_v2_Bronchial_P1BronchialTc_5.wav,3,2,1,1,0.031911325302114164,0.9115095268374585,0.0383841436473156,0.005116081666416845,0.013078922546695215
asthma_v2_Bronchial_P20BronchialSc_100.wav,3,2,1,1,0.003747309445631502,0.9652174654632661,0.01844492227378997,0.0020919311850761267,0.010498371632235985
asthma_v2_Bronchial_P20BronchialSc_98.wav,3,2,1,1,0.04122745671799719,0.7949374554095221,0.13609775588416684,0.010857588963775498,0.01687974302453816
asthma_v2_Bronchial_P21BronchialSc_102.wav,3,2,1,4,0.06233564147399185,0.2861147244809845,0.043678260111883443,0.11026853715664445,0.49760283677649597
asthma_v2_Bronchial_P2BronchialSc_6.wav,3,2,1,1,0.05610250813360472,0.8382526404840162,0.07780607566052025,0.007302211820291585,0.020536563901567176
asthma_v2_Bronchial_P2BronchialTc_9.wav,3,2,1,1,0.009364121743437297,0.9466160368948366,0.006005637379477179,0.009028617939182403,0.02898558604306676
asthma_v2_Bronchial_P3BronchialTc_11.wav,3,2,1,1,0.030398597023864177,0.9020177750449575,0.03668618902407848,0.017015541328341165,0.013881897578758226
asthma_v2_Bronchial_P3BronchialTc_15.wav,3,2,1,1,0.005923108751834551,0.956128686451581,0.01809779826035827,0.013316157741732032,0.006534248794494269
asthma_v2_Bronchial_P4BronchialSc_18.wav,3,2,1,1,0.013493146995806267,0.9486408321580676,0.009649203768955419,0.009577896019699418,0.018638921057471204
asthma_v2_Bronchial_P5BronchialSc_22.wav,3,2,1,1,0.0025674905570050306,0.9276437598919481,0.018599271268508723,0.04324457391191886,0.00794490437061897
asthma_v2_Bronchial_P5BronchialTc_21.wav,3,2,1,1,0.005169156156497097,0.9417975712386184,0.0020864394660925125,0.036892583474546214,0.014054249664246055
asthma_v2_Bronchial_P7BronchialSc_34.wav,3,2,1,1,0.0030602001890485987,0.9623897644033963,0.01227386476081572,0.017383769736298214,0.004892400910441071
asthma_v2_Bronchial_P9BronchialTc_41.wav,3,2,1,1,0.0016198110632876358,0.955708104479221,0.01153567731676648,0.028928820602821665,0.0022075865379033643
asthma_v2_asthma_P11WheezingIE_53.wav,3,2,0,0,0.8447351875306466,0.04943714642929298,0.014278189663540213,0.005425718948737173,0.08612375742778293
asthma_v2_asthma_P11WheezingIU_54.wav,3,2,0,0,0.6952059417946227,0.08327563160357618,0.008153483598839033,0.012414571279722343,0.2009503717232395
asthma_v2_asthma_P13WheezingRL_63.wav,3,2,0,0,0.825104064157383,0.07396193181805025,0.01771669880141733,0.004299512138082612,0.07891779308506663
asthma_v2_asthma_P14WheezingRL_67.wav,3,2,0,0,0.892805169497837,0.00715143841453373,0.005650035417456106,0.00319856387682661,0.09119479279334688
asthma_v2_asthma_P16WheezingIE_77.wav,3,2,0,0,0.6964443270578013,0.005211918718374952,0.006725802380624325,0.008220947607310868,0.2833970042358882
asthma_v2_asthma_P17WheezingIE_81.wav,3,2,0,0,0.8517307543124661,0.04868663263149192,0.012947741252759399,0.0021945022270247173,0.08444036957625768
asthma_v2_asthma_P17WheezingRL_83.wav,3,2,0,0,0.9435885300071873,0.02950497093513647,0.0047397778857561565,0.0004843889957719225,0.02168233217614836
asthma_v2_asthma_P18WheezingIE_89.wav,3,2,0,0,0.9340602456403145,0.025829461125905253,0.005235161975932503,0.002554444512461973,0.032320686745385935
asthma_v2_asthma_P18WheezingIU_90.wav,3,2,0,0,0.9651300636559373,0.015498163566428599,0.002711773509012283,0.00012881369470078106,0.016531185573920977
asthma_v2_asthma_P19WheezingIE_93.wav,3,2,0,0,0.5347759849888573,0.009631087881414596,0.0021464413864030942,0.004550742748208082,0.4488957429951167
asthma_v2_asthma_P1AsthmaRS_4.wav,3,2,0,0,0.918825500220729,0.049902897823412604,0.008335290164726072,0.0008406849730676778,0.02209562681806469
asthma_v2_asthma_P20WheezingRS_96.wav,3,2,0,0,0.9543324256604624,0.015525485885448746,0.0016802765641809336,0.000690841895882224,0.02777096999402548
asthma_v2_asthma_P23WheezingRL_111.wav,3,2,0,0,0.9777306439484234,0.007108298626434208,0.002079318941486628,0.00018508899539734666,0.012896649488258562
asthma_v2_asthma_P24WheezingRS_116.wav,3,2,0,0,0.9103802222174557,0.010546967552242548,0.009091601837359119,0.0011518409886781353,0.06882936740426447
asthma_v2_asthma_P25WheezingIE_125.wav,3,2,0,0,0.5038379827109621,0.02875269560882705,0.008200643685789938,0.13495506496240833,0.3242536130320126
asthma_v2_asthma_P26WheezingIE_129.wav,3,2,0,0,0.7315253582935455,0.06877774657749713,0.0312522070803406,0.0337085208172278,0.1347361672313889
asthma_v2_asthma_P26WheezingIU_126.wav,3,2,0,0,0.7294610580699684,0.025017279742771095,0.014391083581708188,0.16122439537081185,0.0699061832347405
asthma_v2_asthma_P26WheezingIU_130.wav,3,2,0,0,0.8904339851395393,0.01301014257868658,0.015576578207672515,0.00033169026357756797,0.08064760381052424
asthma_v2_asthma_P26WheezingRS_128.wav,3,2,0,0,0.8431720284711566,0.004671201270264346,0.009433745455902814,0.0007618845361331352,0.14196114026654297
asthma_v2_asthma_P28WheezingIU_138.wav,3,2,0,0,0.8362628596267035,0.058417798988885994,0.002214684718614123,0.014073663596198683,0.08903099306959796
asthma_v2_asthma_P29WheezingIU_142.wav,3,2,0,0,0.49733014719942414,0.1048911338022564,0.16744601723649033,0.033907146690462145,0.19642555507136708
asthma_v2_asthma_P2AsthmaIE_9.wav,3,2,0,0,0.9259575535419328,0.007962299850787629,0.0032513180084568897,0.0013824247913449528,0.06144640380747738
asthma_v2_asthma_P31WheezingIE_153.wav,3,2,0,4,0.3303320642297306,0.02722958023434819,0.014336257296021698,0.02494507275356683,0.6031570254863327
asthma_v2_asthma_P32WheezingIU_158.wav,3,2,0,0,0.8928917131170604,0.03442331937050679,0.007155793434793797,0.004422580754034152,0.061106593323605095
asthma_v2_asthma_P34WheezingRL_167.wav,3,2,0,0,0.9764247006685141,0.007658830872636779,0.0011704771189912908,0.00024526668322360156,0.014500724656634108
asthma_v2_asthma_P35WheezingIE_173.wav,3,2,0,0,0.8761374916721165,0.0016098891265300527,0.04773098534668165,0.0006222080964240886,0.07389942575824755
asthma_v2_asthma_P35WheezingRL_175.wav,3,2,0,0,0.9159718987344543,0.015658597894388896,0.010733150420821716,0.00037832038140286624,0.05725803256893245
asthma_v2_asthma_P36WheezingRL_179.wav,3,2,0,0,0.7491702053245997,0.13495999296181208,0.048776071731794636,0.0022577816746154385,0.06483594830717798
asthma_v2_asthma_P36WheezingRS_176.wav,3,2,0,0,0.9447848184592383,0.005686064065254124,0.029133106099621945,0.00020046997308788538,0.020195541402797494
asthma_v2_asthma_P37WheezingIE_181.wav,3,2,0,0,0.8778218002255241,0.004039327637272194,0.0623570485041442,0.00018258276110639292,0.05559924087195307
asthma_v2_asthma_P38WheezingIE_189.wav,3,2,0,0,0.8896748475180449,0.023017971020313388,0.05222181260745077,0.0023750177375872175,0.032710351116604044
asthma_v2_asthma_P38WheezingRS_188.wav,3,2,0,0,0.6837303024051745,0.014574689070145235,0.2333960354549243,0.010128429208372309,0.05817054386138351
asthma_v2_asthma_P39WheezingIE_193.wav,3,2,0,0,0.911499342792294,0.0023792045968133524,0.01892847596289875,0.0001295510372771685,0.06706342561071672
asthma_v2_asthma_P39WheezingRS_192.wav,3,2,0,0,0.8275769571438321,0.004540507311780612,0.021265233820380827,0.00026423142447076314,0.14635307029953587
asthma_v2_asthma_P3AsthmaIU_14.wav,3,2,0,0,0.9489910313308477,0.009292030615650182,0.0022489262929632154,0.0006389879782755689,0.03882902378226309
asthma_v2_asthma_P40WheezingRS_196.wav,3,2,0,0,0.9034042117842813,0.03392048123534711,0.048790309473819404,0.0005372225848517785,0.013347774921700535
asthma_v2_asthma_P43WheezingRL_211.wav,3,2,0,0,0.5248839351621616,0.02718068869136272,0.3818935976122064,0.010034014989472375,0.05600776354479708
asthma_v2_asthma_P43WheezingRL_215.wav,3,2,0,0,0.9456353976400751,0.001600961140291488,0.01861779778073736,0.0002145831474155357,0.03393126029148067
asthma_v2_asthma_P45WheezingIE_221.wav,3,2,0,0,0.8933036260550061,0.02839791396309727,0.00797110434627412,0.004123334902948679,0.06620402073267359
asthma_v2_asthma_P46WheezingRL_227.wav,3,2,0,0,0.8343037054559403,0.019329916199466567,0.07917716715117606,0.0015603714630545622,0.06562883973036256
asthma_v2_asthma_P46WheezingRS_228.wav,3,2,0,0,0.4702527472266678,0.020521534874803543,0.471364848332719,0.0012220258125321792,0.03663884375327735
asthma_v2_asthma_P47WheezingRL_231.wav,3,2,0,2,0.21105416123956638,0.00796196319775751,0.6992098045386109,0.0023154235366278845,0.07945864748743711
asthma_v2_asthma_P48WheezingRS_236.wav,3,2,0,0,0.822191710971919,0.005794752753762217,0.04722644453244218,0.0005353718979139139,0.12425171984396269
asthma_v2_asthma_P51WheezingRL_255.wav,3,2,0,0,0.8528166548157358,0.005626914925052735,0.036826985853492526,0.0005209004291647957,0.10420854397655405
asthma_v2_asthma_P51WheezingRS_252.wav,3,2,0,0,0.9245528341809972,0.006466047744773024,0.0547942910657043,0.0007628647295344544,0.01342396227899101
asthma_v2_asthma_P53WheezingRS_264.wav,3,2,0,0,0.31162011617905877,0.35334176117721294,0.11569030583622888,0.10494636491284624,0.11440145189465353
asthma_v2_asthma_P54WheezingIE_269.wav,3,2,0,1,0.10789058287886473,0.3486450059169999,0.0818347928711064,0.036356096531905316,0.4252735218011239
asthma_v2_asthma_P54WheezingIU_266.wav,3,2,0,3,0.03601973397662452,0.12146982931215924,0.10495086871403445,0.6514304076972692,0.08612916029991284
asthma_v2_asthma_P54WheezingIU_270.wav,3,2,0,3,0.06568575653594773,0.24282687023041993,0.030102583250158698,0.3612989960685302,0.3000857939149435
asthma_v2_asthma_P55WheezingRL_275.wav,3,2,0,0,0.7247893666848111,0.029825544929958793,0.007284448262126317,0.006869304806664423,0.23123133531643908
asthma_v2_asthma_P55WheezingRS_272.wav,3,2,0,4,0.10861185328598762,0.017211935701450524,0.08436472580215573,0.09371717789724684,0.6960943073131594
asthma_v2_asthma_P57WheezingIE_281.wav,3,2,0,3,0.2556572735911776,0.012178053347876283,0.009173409514917444,0.33459745903811494,0.3883938045079136
asthma_v2_asthma_P58WheezingIU_286.wav,3,2,0,4,0.10038217228171215,0.0014439965285882085,0.006042775387986885,0.005369817411697312,0.8867612383900155
asthma_v2_asthma_P5AsthmaRS_24.wav,3,2,0,0,0.8183862431093002,0.0042696101205462345,0.0019071598021294894,0.004333219181413359,0.17110376778661068
asthma_v2_asthma_P7AsthmaIE_33.wav,3,2,0,0,0.9440644635544739,0.019464029132836617,0.006535424097444102,0.0016849677930850574,0.02825111542216013
asthma_v2_asthma_P7AsthmaRL_35.wav,3,2,0,0,0.9271745245681354,0.008604914767398178,0.002448854976499057,0.0011555828394450973,0.060616122848522073
asthma_v2_asthma_P9AsthmaRL_43.wav,3,2,0,0,0.9502139948791233,0.004371186335723939,0.004596712025185776,0.0013247803160716112,0.03949332644389493
asthma_v2_copd_P10COPDMc_76.wav,3,2,2,0,0.3744268696474465,0.23210646413535993,0.11432557631025755,0.10346252556700311,0.1756785643399326
asthma_v2_copd_P10COPDMc_80.wav,3,2,2,0,0.903249318474348,0.003250880293626752,0.03195775534857705,0.0003783565068954016,0.06116368937655295
asthma_v2_copd_P10COPDPr_75.wav,3,2,2,3,0.380055909441602,0.08558889733523371,0.04266627423751591,0.24990471073025602,0.24178420825539215
asthma_v2_copd_P11COPDPr_81.wav,3,2,2,0,0.7824967519276397,0.025054765366977323,0.03648495672061537,0.0007241723532426177,0.15523935363152497
asthma_v2_copd_P12COPDMc_94.wav,3,2,2,2,0.0019784052674032514,0.0013261318061080969,0.9957749386139866,0.0004815943944588485,0.0004389299180432538
asthma_v2_copd_P13COPDMc_102.wav,3,2,2,2,0.004067408125206876,0.003637111313317612,0.9890610269269576,0.0002711996155052663,0.0029632540190128007
asthma_v2_copd_P13COPDPr_103.wav,3,2,2,2,0.0057429165781784286,0.004807448563947546,0.9862710291244772,0.00021294998778695513,0.0029656557456099967
asthma_v2_copd_P14COPDMc_112.wav,3,2,2,0,0.5404720615508567,0.015137528179603822,0.42726800325168984,0.002993206383006672,0.014129200634843107
asthma_v2_copd_P15COPDMc_120.wav,3,2,2,2,0.16805157342749824,0.12127394333338831,0.6724490375808955,0.010666089855020561,0.027559355803196947
asthma_v2_copd_P15COPDPr_113.wav,3,2,2,2,0.15396361075164156,0.020192529841753237,0.8215874359755855,0.0014622212295181264,0.0027942022015017207
asthma_v2_copd_P15COPDPr_119.wav,3,2,2,2,0.031629715107394006,0.00916385434136783,0.946358242274906,0.006139660112990252,0.00670852816334203
asthma_v2_copd_P16COPDMc_122.wav,3,2,2,2,9.005186593848532e-07,5.899947316771302e-07,0.9994862007627148,6.506719226762279e-06,0.00050580200466743
asthma_v2_copd_P17COPDMc_132.wav,3,2,2,2,0.0018035496744873035,0.00034213440099654593,0.9967774931375378,0.00014169637992778424,0.000935126407050527
asthma_v2_copd_P17COPDMc_134.wav,3,2,2,2,0.0042540449259384164,0.0005614809444291734,0.9907922091201322,0.00034823387544226104,0.004044031134057642
asthma_v2_copd_P18COPDMc_142.wav,3,2,2,2,0.00866729900039033,0.005629542049635781,0.980203029625903,0.0007860023814624731,0.004714126942608764
asthma_v2_copd_P18COPDPr_137.wav,3,2,2,2,0.013050831612608524,0.0010208171303411366,0.978488667937849,0.00028770530888866223,0.0071519780103125865
asthma_v2_copd_P18COPDPr_141.wav,3,2,2,2,0.0017405613996099281,0.00034959437543754206,0.9970118434698882,0.0001457470436260794,0.0007522537114382221
asthma_v2_copd_P19COPDMc_146.wav,3,2,2,2,0.014999756451592718,0.012445194011114614,0.9642176340791841,0.0021679211196895106,0.00616949433841904
asthma_v2_copd_P19COPDMc_150.wav,3,2,2,2,0.02860037102153146,0.009966269393580023,0.9060589076256844,0.0006959882704363041,0.054678463688767776
asthma_v2_copd_P1COPDPr_5.wav,3,2,2,2,0.0005897764254564897,0.001013329565503389,0.9965424451041116,0.00046159873593323646,0.0013928501689952303
asthma_v2_copd_P20COPDMc_154.wav,3,2,2,2,0.0007282345465800407,0.0006032569962828812,0.9980406738103206,0.0002239198064567124,0.0004039148403598506
asthma_v2_copd_P20COPDPr_155.wav,3,2,2,2,0.33798642792828415,0.023145967693373813,0.5750258472896088,0.00705773535514739,0.05678402173358568
asthma_v2_copd_P20COPDPr_159.wav,3,2,2,2,0.0026381664389586628,0.0003404557417408391,0.9952151501717712,0.0003210942584104588,0.001485133389118805
asthma_v2_copd_P21COPDMc_164.wav,3,2,2,2,0.030155396465418944,0.05423046114320326,0.8994432724768601,0.0015289497839996045,0.014641920130517933
asthma_v2_copd_P21COPDMc_166.wav,3,2,2,2,0.013599756652640335,0.07804517890986888,0.8889243993952517,0.001322147676877926,0.01810851736536145
asthma_v2_copd_P21COPDPr_161.wav,3,2,2,2,0.0069046029898547365,0.004682705580274161,0.9849838229949988,0.0009386003849784651,0.002490268049893764
asthma_v2_copd_P21COPDPr_163.wav,3,2,2,2,0.005138601173514998,0.0061098860467863935,0.985486674179559,0.001246140087322567,0.002018698512816966
asthma_v2_copd_P22COPDPr_173.wav,3,2,2,2,0.04939772931895991,0.028586604840053733,0.8774698424799661,0.011938895553494991,0.03260692780752485
asthma_v2_copd_P23COPDPr_177.wav,3,2,2,2,0.00424284700106805,0.004196464060606024,0.9503766508299152,0.025471508864731898,0.015712529243678677
asthma_v2_copd_P23COPDPr_181.wav,3,2,2,2,0.002375060839301896,0.001053081624624193,0.9929799585578827,0.0015663450798942776,0.0020255538982969184
asthma_v2_copd_P23COPDPr_183.wav,3,2,2,2,0.004440217345542329,0.024083369854132543,0.9347566950931245,0.021694854875186975,0.015024862832013592
asthma_v2_copd_P24COPDMc_186.wav,3,2,2,2,0.004270190812842198,0.014769087896578813,0.9662496828969538,0.004079234812286915,0.010631803581338306
asthma_v2_copd_P25COPDMc_194.wav,3,2,2,2,0.0004114824010546895,0.019420157729618914,0.973731363557889,0.005576010923175232,0.0008609853882624132
asthma_v2_copd_P25COPDMc_196.wav,3,2,2,2,0.0011143323841281212,0.03588056654630574,0.9482684810816647,0.012856587372128187,0.0018800326157730157
asthma_v2_copd_P25COPDMc_198.wav,3,2,2,2,0.0030504610084750067,0.007821035186721064,0.9867431048808086,0.001433830068328649,0.0009515688556666953
asthma_v2_copd_P26COPDMc_204.wav,3,2,2,2,0.0005550427956139583,0.0002611689824199075,0.9982086211148693,0.0005476870053934589,0.00042748010170338356
asthma_v2_copd_P26COPDPr_201.wav,3,2,2,2,4.3887958017264446e-07,5.408620102280022e-07,0.9995016808687859,0.00022556127511819176,0.00027177811450549593
asthma_v2_copd_P27COPDMc_210.wav,3,2,2,2,0.014850316317946716,0.013738747552147962,0.963634032190212,0.003969866138480224,0.0038070378012132556
asthma_v2_copd_P27COPDMc_214.wav,3,2,2,2,0.000916540349176157,0.0014704067780867372,0.9959222110483156,0.0004891271485411115,0.0012017146758804928
asthma_v2_copd_P28COPDMc_218.wav,3,2,2,2,0.0008726690829253032,0.0012082360883163383,0.9967400957526106,0.0006817067893098927,0.0004972922868379824
asthma_v2_copd_P29COPDPr_231.wav,3,2,2,2,1.7008157328972472e-07,1.4959765976335286e-07,0.99978795207271,0.00011931240434296025,9.24158437139967e-05
asthma_v2_copd_P2COPDMc_10.wav,3,2,2,2,0.0010701025436544763,0.0002646597816457952,0.9979514439030118,0.00021150756747078336,0.0005022862042173548
asthma_v2_copd_P2COPDPr_13.wav,3,2,2,0,0.646776146628558,0.002799423812292425,0.2653410959136288,0.004888095744216501,0.0801952379013041
asthma_v2_copd_P30COPDMc_236.wav,3,2,2,2,0.0020663297544060246,0.0020294716431105983,0.9925498463167347,0.0024681009787667434,0.0008862513069817613
asthma_v2_copd_P30COPDPr_239.wav,3,2,2,2,7.733789007328202e-08,9.664337920111343e-08,0.9999305172133928,4.7245905635498315e-05,2.2062899702564376e-05
asthma_v2_copd_P31COPDMc_246.wav,3,2,2,2,0.006067708051865213,0.0004211019060462961,0.9922862060362808,0.0003510535814120691,0.0008739304243953515
asthma_v2_copd_P31COPDPr_243.wav,3,2,2,3,0.008170314216764825,0.014046668888874111,0.32812626323663385,0.6294973064648111,0.020159447192916
asthma_v2_copd_P32COPDMc_256.wav,3,2,2,2,0.11951143900519835,0.002819085844645885,0.8725668018994499,0.0011787088963471895,0.003923964354358468
asthma_v2_copd_P33COPDMc_262.wav,3,2,2,2,0.009817268892759282,0.15937942106639136,0.8217188852252852,0.0024899608203996634,0.006594463995164448
asthma_v2_copd_P34COPDPr_269.wav,3,2,2,2,0.01756141035757922,0.15669872455982992,0.8120182797730635,0.0048262775135981895,0.008895307795929105
asthma_v2_copd_P35COPDPr_277.wav,3,2,2,2,0.004264748206563372,0.013794010280089631,0.9749059760349281,0.0037721193173143475,0.003263146161104526
asthma_v2_copd_P36COPDPr_285.wav,3,2,2,2,0.0005429008308314918,0.0006678261634060879,0.9971722156374068,0.0012020424572414309,0.00041501491111405395
asthma_v2_copd_P37COPDMc_290.wav,3,2,2,2,0.0021320893783128006,0.015106038944580074,0.9803349054120013,0.0011929571514897944,0.0012340091136156407
asthma_v2_copd_P37COPDMc_296.wav,3,2,2,2,0.010769557311671014,0.005913915462109778,0.9786749512251846,0.0018763775991538615,0.002765198401880526
asthma_v2_copd_P37COPDPr_293.wav,3,2,2,2,0.006753597825137292,0.0033105788258717345,0.9874644664157698,0.0006548276893116967,0.001816529243909537
asthma_v2_copd_P39COPDMc_308.wav,3,2,2,2,0.002352954105776479,0.012266849400178215,0.9730628125349513,0.001516039495692822,0.01080134446340105
asthma_v2_copd_P40COPDMc_320.wav,3,2,2,4,0.3545204570759595,0.03628824192330511,0.12686275950549059,0.001257923253950803,0.48107061824129416
asthma_v2_copd_P40COPDPr_315.wav,3,2,2,2,8.287108170808237e-09,8.985009143304922e-09,0.9999720552242802,6.333864312321011e-06,2.159363928997249e-05
asthma_v2_copd_P41COPDMc_328.wav,3,2,2,2,0.0011649678645616205,0.0012879657078128035,0.9963642896014048,0.000477851074128998,0.000704925752091916
asthma_v2_copd_P41COPDPr_325.wav,3,2,2,2,0.00213698155812244,0.0011801339607058943,0.9943703795500687,0.0009583550229954977,0.0013541499081072732
asthma_v2_copd_P41COPDPr_327.wav,3,2,2,2,0.0006943328853674412,0.00183674633036601,0.9965249022910415,0.00026450889898194986,0.0006795095942427611
asthma_v2_copd_P42COPDMc_330.wav,3,2,2,2,0.0005570733377127764,0.00039411739458699354,0.998353133884456,0.00039164730972560103,0.00030402807351888133
asthma_v2_copd_P42COPDPr_329.wav,3,2,2,2,0.0009509831387525273,0.0010555740320622234,0.9949340417455512,0.0011971902662620665,0.001862210817371883
asthma_v2_copd_P42COPDPr_331.wav,3,2,2,2,0.0002788756985019345,0.0018183150380339744,0.9969048949716242,0.0005455505981707059,0.00045236369366878713
asthma_v2_copd_P43COPDPr_339.wav,3,2,2,2,1.454261694861464e-07,1.4580024976434294e-07,0.9998001967478026,6.27745160223026e-05,0.0001367375097558643
asthma_v2_copd_P45COPDPr_357.wav,3,2,2,2,9.858143090766233e-08,8.645705392526427e-08,0.9997175314502031,0.00022621684013241015,5.6066671179731146e-05
asthma_v2_copd_P46COPDPr_363.wav,3,2,2,2,0.011058175207977623,0.0018607767251855596,0.9593265215419828,0.002106357563302091,0.02564816896155175
asthma_v2_copd_P47COPDMc_376.wav,3,2,2,2,0.0024720931797574666,0.010944597927731515,0.7454518407148129,0.22342474865365375,0.017706719524044713
asthma_v2_copd_P48COPDPr_379.wav,3,2,2,2,0.022974550404068175,0.010467522959258414,0.9607604587023664,0.0016239295702133768,0.004173538364093464
asthma_v2_copd_P49COPDMc_392.wav,3,2,2,2,0.00031475953953780794,0.002794038056075241,0.9952902444904709,0.0008700898969356412,0.0007308680169802887
asthma_v2_copd_P49COPDPr_387.wav,3,2,2,2,0.0003721286585232556,0.003254856789049921,0.9903243517262006,0.0037235502995102976,0.002325112526716268
asthma_v2_copd_P50COPDMc_394.wav,3,2,2,2,0.0007216338145375151,0.0038831921789552882,0.9933386867246371,0.001056106961429371,0.001000380320440759
asthma_v2_copd_P50COPDPr_395.wav,3,2,2,2,0.0019628546897937846,0.002662617162579082,0.990883567247697,0.002367873011478068,0.002123087888451841
asthma_v2_copd_P50COPDPr_397.wav,3,2,2,2,0.00414447089040594,0.0006331825035254044,0.9888303962915059,0.001710964943663859,0.004680985370898951
asthma_v2_copd_P51COPDPr_401.wav,3,2,2,2,0.00034869185910679676,0.00031996438235405743,0.9990380907712796,9.782176238795032e-05,0.0001954312248713321
asthma_v2_copd_P5COPDMc_40.wav,3,2,2,2,0.033906694010855255,0.024559620532915938,0.905961139126795,0.015535824102179099,0.020036722227254736
asthma_v2_copd_P5COPDPr_35.wav,3,2,2,2,0.09704400380743787,0.059541286344201534,0.8250030000246127,0.008521707385417647,0.009890002438330062
asthma_v2_copd_P8COPDMc_58.wav,3,2,2,2,0.020626564478228634,0.00922502356784245,0.9622450683210021,0.0026195244388277205,0.005283819194098881
asthma_v2_copd_P8COPDMc_60.wav,3,2,2,2,0.0016156575777202219,0.00030941411516834035,0.9972370843631655,0.00021570373925858225,0.0006221402046872716
asthma_v2_copd_P9COPDPr_69.wav,3,2,2,2,0.001506078350540132,0.0002582598976755544,0.9964749235849061,0.00031564120518453513,0.001445096961693314
asthma_v2_copd_P9COPDPr_71.wav,3,2,2,2,0.0009893479569576813,0.0002420098798765294,0.9981627494454981,0.00015265935576674043,0.00045323336190122767
asthma_v2_healthy_P10Healthy10S.wav,3,2,3,4,0.05862979809210176,0.0441549115518914,0.02072482139623407,0.04033876740021405,0.836151701559559
asthma_v2_healthy_P10Healthy14S.wav,3,2,3,4,0.19772498766589147,0.010859432697192745,0.0072101718385263825,0.02965265760232895,0.7545527501960605
asthma_v2_healthy_P12Healthy67S.wav,3,2,3,3,0.06845548740431892,0.10844959433810752,0.2172899550327489,0.39943170103842407,0.20637326218640067
asthma_v2_healthy_P12Healthy98S.wav,3,2,3,3,0.013196202681257447,0.04227808634610348,0.030072061082007273,0.8416723959927674,0.07278125389786431
asthma_v2_healthy_P14Healthy28S.wav,3,2,3,3,0.023193666412677266,0.03422520792747162,0.05114895845590397,0.8559764004879614,0.03545576671598566
asthma_v2_healthy_P14Healthy47S.wav,3,2,3,3,0.07067100575259674,0.14722181576232563,0.09395412249898027,0.6407245648925446,0.04742849109355271
asthma_v2_healthy_P14Healthy53S.wav,3,2,3,3,0.00742243909318831,0.008496157704309256,0.020790300160761218,0.9519355769355436,0.011355526106197692
asthma_v2_healthy_P15Healthy65S.wav,3,2,3,3,0.012491582071664547,0.02323771197407328,0.04189961098373362,0.886166731927849,0.036204363042679856
asthma_v2_healthy_P17Healthy71S.wav,3,2,3,4,0.03329762506433534,0.015312384586973333,0.06386000693362327,0.13147552585375552,0.7560544575613127
asthma_v2_healthy_P18Healthy79S.wav,3,2,3,3,0.021742665238033646,0.004083388042244249,0.04745614056443319,0.8922732337574555,0.03444457239783363
asthma_v2_healthy_P19Healthy50S.wav,3,2,3,3,0.009520159980210914,0.007999786514396375,0.00034541671843303455,0.97700418858198,0.005130448204979672
asthma_v2_healthy_P19Healthy79S.wav,3,2,3,3,0.0018737641434900078,0.0009991246630156642,0.0009224083704082116,0.9788032849417124,0.017401417881373796
asthma_v2_healthy_P1Healthy86S.wav,3,2,3,3,0.004052582695459534,0.09453775907068371,0.17577761939429642,0.7097289703802308,0.0159030684593294
asthma_v2_healthy_P1Healthy88S.wav,3,2,3,3,0.0049421557037480175,0.04908505849721913,0.15457031155157888,0.7550566753273493,0.03634579892010475
asthma_v2_healthy_P21Healthy38S.wav,3,2,3,3,0.021623683682039332,0.0066079837930733435,0.02770778262001139,0.8699649083803777,0.0740956415244983
asthma_v2_healthy_P22Healthy88S.wav,3,2,3,3,0.01092503256365184,0.0019218328883825657,0.001591354268500505,0.8706765448632107,0.11488523541625467
asthma_v2_healthy_P25Healthy20S.wav,3,2,3,3,0.04033683042315913,0.005407250459901231,0.005653037645420772,0.5588105557242299,0.3897923257472888
asthma_v2_healthy_P25Healthy42S.wav,3,2,3,3,0.016207616727943727,0.010179703024085893,0.012473209651063995,0.9191073110426777,0.04203215955422807
asthma_v2_healthy_P25Healthy97S.wav,3,2,3,3,0.04273815828390555,0.2428413526034073,0.01153733867730449,0.6522562950375627,0.050626855397819935
asthma_v2_healthy_P26Healthy46S.wav,3,2,3,3,0.20112676230316384,0.018406714837214334,0.034365702357287566,0.43907356900700667,0.3070272514953276
asthma_v2_healthy_P27Healthy92S.wav,3,2,3,3,0.0010307650616391266,0.004370984780334793,0.00033982522929573575,0.9890952902762781,0.00516313465245237
asthma_v2_healthy_P3Healthy84S.wav,3,2,3,3,0.0014301358364818908,0.014459896530495632,0.00930226424797862,0.95576734936298,0.01904035402206316
asthma_v2_healthy_P4Healthy12S.wav,3,2,3,3,0.191933172400477,0.0744193372622127,0.03776273100831927,0.22294774843409598,0.4729370108948948
asthma_v2_healthy_P4Healthy69S.wav,3,2,3,4,0.0803240110429649,0.09653416044474322,0.13180356669981186,0.07135345804833239,0.6199848037641478
asthma_v2_healthy_P5Healthy10S.wav,3,2,3,3,0.0026105908755952472,0.007239927641859687,0.0013659854617958402,0.9554931937979211,0.033290302222828104
asthma_v2_healthy_P7Healthy94S.wav,3,2,3,3,0.010857085721035007,0.015717155622905016,0.023619345408996302,0.9212874904611964,0.028518922785866988
asthma_v2_pneumonia_P10Pneumonia73G.wav,3,2,4,4,0.05322172413365431,0.0025755138830709182,0.014177165990119115,0.0005085205052265222,0.9295170754879292
asthma_v2_pneumonia_P10Pneumonia80J.wav,3,2,4,4,0.02999887690024845,0.016386150243351043,0.03185804130127936,0.003985296170860303,0.9177716353842607
asthma_v2_pneumonia_P11Pneumonia98J.wav,3,2,4,4,0.08679685080613549,0.0023373929003894173,0.004438410876817557,0.055922385463679225,0.8505049599529783
asthma_v2_pneumonia_P12Pneumonia97E.wav,3,2,4,4,0.06366612217970301,0.033009183633677795,0.03600741819098868,0.013851700896342458,0.8534655750992883
asthma_v2_pneumonia_P13Pneumonia20R.wav,3,2,4,4,0.08242076717308695,0.001347547829644879,0.007056153301565506,0.0746150845517053,0.8345604471439972
asthma_v2_pneumonia_P15Pneumonia39Y.wav,3,2,4,3,0.03276771813124909,0.0013725226554071035,0.0014356426391621234,0.5032410237268864,0.46118309284729514
asthma_v2_pneumonia_P16Pneumonia80G.wav,3,2,4,4,0.07343491354565142,0.001103412082392371,0.0010954502819507834,0.07215681666625677,0.8522094074237484
asthma_v2_pneumonia_P17Pneumonia86O.wav,3,2,4,4,0.0747552036677941,0.016405895821836148,0.21721573893006282,0.03833681731749364,0.6532863442628135
asthma_v2_pneumonia_P18Pneumonia15Q.wav,3,2,4,4,0.016249841758316667,0.0014405428190082383,0.0002555375672860649,0.0027567725601519047,0.979297305295237
asthma_v2_pneumonia_P18Pneumonia23E.wav,3,2,4,4,0.008817498020547345,0.0009853136925846036,0.00016755796497974987,0.002568358620554601,0.9874612717013334
asthma_v2_pneumonia_P19Pneumonia24H.wav,3,2,4,4,0.024206598156721347,0.009337933117782594,0.0003534431468404236,0.010562500216822101,0.9555395253618334
asthma_v2_pneumonia_P19Pneumonia33O.wav,3,2,4,4,0.013958119346474228,0.0011751448336255947,0.00019915523776161835,0.0009835994563973625,0.9836839811257412
asthma_v2_pneumonia_P20Pneumonia37V.wav,3,2,4,4,0.05426772070142002,0.012921079251341581,0.00225750212945333,0.15126331204569934,0.7792903858720857
asthma_v2_pneumonia_P20Pneumonia42B.wav,3,2,4,4,0.04849434188191587,0.0004704704772858954,0.000614359622058385,0.032968179289950675,0.9174526487287893
asthma_v2_pneumonia_P23Pneumonia97P.wav,3,2,4,4,0.03628435468709223,0.02240354045614552,0.08780272719624818,0.04380720946210388,0.8097021681984102
asthma_v2_pneumonia_P24Pneumonia67Z.wav,3,2,4,4,0.20171790632256745,0.01758642200079022,0.001185795686131232,0.01921846910042501,0.760291406890086
asthma_v2_pneumonia_P25Pneumonia93N.wav,3,2,4,3,0.05150388046562777,0.009299530594746454,0.012151203178390406,0.44504135186738986,0.48200403389384533
asthma_v2_pneumonia_P26Pneumonia72P.wav,3,2,4,4,0.026333208669010615,0.002859949294054138,0.0028420862777204783,0.04691213255341995,0.9210526232057947
asthma_v2_pneumonia_P27Pneumonia25R.wav,3,2,4,4,0.06791061041789608,0.007749552280492919,0.004329057572517246,0.0017598885604225491,0.9182508911686711
asthma_v2_pneumonia_P27Pneumonia77J.wav,3,2,4,4,0.03153877426550585,0.005328520890079025,0.24338929000898607,0.0018805483237577477,0.7178628665116714
asthma_v2_pneumonia_P28Pneumonia22W.wav,3,2,4,4,0.12961117006685652,0.010904023025816133,0.009083738688934006,0.0005690453947157683,0.8498320228236778
asthma_v2_pneumonia_P28Pneumonia43J.wav,3,2,4,3,0.005802612038029668,0.023460893222915717,0.01230577207434118,0.664112270743994,0.2943184519207192
asthma_v2_pneumonia_P29Pneumonia17N.wav,3,2,4,4,0.0713954219108193,0.011012212565457183,0.0017810318553542004,0.025351804140369066,0.8904595295280003
asthma_v2_pneumonia_P29Pneumonia24X.wav,3,2,4,4,0.021562717538887055,0.0027388007525650693,0.0008006789718125619,0.002056980119634212,0.9728408226171014
asthma_v2_pneumonia_P2Pneumonia70H.wav,3,2,4,4,0.0347597318093035,0.002858658179025193,0.002644093567140245,0.0048307352448692786,0.9549067811996617
asthma_v2_pneumonia_P30Pneumonia10C.wav,3,2,4,4,0.04688095952267483,0.0048018661419163364,0.0011108962367056467,0.008035757126363152,0.9391705209723402
asthma_v2_pneumonia_P30Pneumonia15J.wav,3,2,4,4,0.06844563820173959,0.002224746021286044,0.0009524454713732507,0.0011859724462458057,0.9271911978593553
asthma_v2_pneumonia_P30Pneumonia52T.wav,3,2,4,4,0.021985509004081166,0.00808854506193534,0.003200038323858703,0.007869392522321661,0.9588565150878031
asthma_v2_pneumonia_P31Pneumonia16C.wav,3,2,4,4,0.027018704460711723,0.00983157856648097,0.008184752431320344,0.0023763100600204114,0.9525886544814666
asthma_v2_pneumonia_P31Pneumonia47D.wav,3,2,4,4,0.04145780095527232,0.009297145992351725,0.0034424641487666233,0.002924073304595507,0.9428785155990138
asthma_v2_pneumonia_P31Pneumonia92I.wav,3,2,4,4,0.10280280949147762,0.0058926863567161395,0.0019115177629921163,0.0013730065210767193,0.8880199798677375
asthma_v2_pneumonia_P33Pneumonia74T.wav,3,2,4,4,0.022990362839905853,0.0013957309418135104,0.00038309117070896786,0.0009725823848865114,0.974258232662685
asthma_v2_pneumonia_P33Pneumonia94P.wav,3,2,4,4,0.022574670221618912,0.001570035047086695,0.0006691984010241999,0.0007339220396765656,0.9744521742905938
asthma_v2_pneumonia_P34Pneumonia15R.wav,3,2,4,4,0.01998794299923632,0.007004117613473093,0.0017837460296400915,0.006702674931620611,0.96452151842603
asthma_v2_pneumonia_P34Pneumonia61E.wav,3,2,4,4,0.06031339375893176,0.005618242024733116,0.0007220483640471367,0.02466514103458722,0.9086811748177009
asthma_v2_pneumonia_P35Pneumonia56D.wav,3,2,4,4,0.0168208810138901,0.007338303052909684,0.0016869328171237815,0.17948510997551043,0.7946687731405659
asthma_v2_pneumonia_P35Pneumonia75E.wav,3,2,4,4,0.019732680813328688,0.01056079814036188,0.004097439078213535,0.002340539432536607,0.9632685425355595
asthma_v2_pneumonia_P36Pneumonia56V.wav,3,2,4,0,0.9072648548147448,0.011308033632930023,0.0026041469542447478,0.0014356661408425884,0.07738729845723764
asthma_v2_pneumonia_P38Pneumonia23A.wav,3,2,4,0,0.9071728065650059,0.038259280794316154,0.017250199890802818,0.001364173458353807,0.03595353929152159
asthma_v2_pneumonia_P38Pneumonia35P.wav,3,2,4,0,0.7740096088658137,0.05483269590828835,0.0376887016090748,0.0030913423401044545,0.1303776512767183
asthma_v2_pneumonia_P39Pneumonia85Q.wav,3,2,4,4,0.28064341048830654,0.00716860787300533,0.016425369451810952,0.0010166100440189636,0.6947460021428581
asthma_v2_pneumonia_P40Pneumonia92J.wav,3,2,4,3,0.23425032027439674,0.04580899071691246,0.06779834824148062,0.5454162982668583,0.1067260425003517
asthma_v2_pneumonia_P41Pneumonia17O.wav,3,2,4,4,0.4619372626259911,0.002994675778864639,0.03520176378345026,0.0017993139230581203,0.49806698388863613
asthma_v2_pneumonia_P42Pneumonia63L.wav,3,2,4,0,0.8277514842139718,0.0005465302189235341,0.007792936556325461,0.0008775988481062013,0.16303145016267281
asthma_v2_pneumonia_P43Pneumonia24U.wav,3,2,4,2,0.012620238021511864,0.003129609285656413,0.6629807043664517,0.18933314080084337,0.13193630752553695
asthma_v2_pneumonia_P43Pneumonia54I.wav,3,2,4,4,0.093301288514377,0.0075268703754825615,0.015860620556843705,0.004089835502855401,0.8792213850504417
asthma_v2_pneumonia_P43Pneumonia88Y.wav,3,2,4,3,0.0161893176839229,0.004007744834932867,0.4816199680806704,0.26302323074184214,0.23515973865863182
asthma_v2_pneumonia_P44Pneumonia65N.wav,3,2,4,4,0.020522739148137143,0.023238499238696798,0.007425818327304593,0.04912729097494748,0.899685652310914
asthma_v2_pneumonia_P45Pneumonia29L.wav,3,2,4,4,0.20770222442996228,0.0028905969703262907,0.04658211148366613,0.009167791095213007,0.733657276020832
asthma_v2_pneumonia_P46Pneumonia15W.wav,3,2,4,4,0.10758764404182489,0.012653414072005657,0.02373789134216638,0.07636727146683975,0.7796537790771634
asthma_v2_pneumonia_P46Pneumonia22V.wav,3,2,4,3,0.013655502045998474,0.022424302555665746,0.0872270179664387,0.41148254682454705,0.4652106306073501
asthma_v2_pneumonia_P46Pneumonia95A.wav,3,2,4,3,0.021873784291637298,0.025257241139120076,0.07569953372673739,0.7061953088529298,0.1709741319895751
asthma_v2_pneumonia_P46Pneumonia99Y.wav,3,2,4,4,0.09984289131681562,0.005749955614585547,0.2936885496541278,0.1011738505134943,0.4995447529009768
asthma_v2_pneumonia_P48Pneumonia31K.wav,3,2,4,3,0.008434470351221527,0.015118018840808465,0.0819200113181358,0.8106930399437621,0.08383445954607219
asthma_v2_pneumonia_P5Pneumonia20K.wav,3,2,4,4,0.03448957138864879,0.0021469843427327326,0.0236348152938771,0.009543554610706407,0.9301850743640351
asthma_v2_pneumonia_P9Pneumonia63O.wav,3,2,4,4,0.010082980126597982,0.014043441086095414,0.006422267861194181,0.1988620008070724,0.7705893101190404
asthma_v2_pneumonia_P9Pneumonia74S.wav,3,2,4,0,0.565674588121629,0.004652699130080085,0.008374692464068252,0.0002564023542477791,0.4210416179299752
asthma_v2_Bronchial_P10BronchialTc_47.wav,3,3,1,1,0.0030491257384212024,0.761792499843615,0.21587913166628867,0.012247121090005725,0.0070321216616692946
asthma_v2_Bronchial_P11BronchialTc_53.wav,3,3,1,3,0.048376321952105825,0.1703706242095792,0.009402581865165252,0.4739335182141544,0.2979169537589954
asthma_v2_Bronchial_P12BronchialTc_59.wav,3,3,1,0,0.8952332849232919,0.049839572156064875,0.011329838151911971,0.0034023277735091917,0.04019497699522179
asthma_v2_Bronchial_P13BronchialSc_64.wav,3,3,1,0,0.6907981987897743,0.1519317548815324,0.003973027522486812,0.0457009458445487,0.10759607296165775
asthma_v2_Bronchial_P13BronchialTc_61.wav,3,3,1,0,0.6492363999884456,0.25649578814835633,0.0015983330989175057,0.03157372451243095,0.06109575425184977
asthma_v2_Bronchial_P13BronchialTc_65.wav,3,3,1,0,0.7054655767930079,0.14330894179849482,0.08312481268882338,0.011901934659364476,0.056198734060309584
asthma_v2_Bronchial_P15BronchialTc_71.wav,3,3,1,1,0.002316224968581618,0.9829612254427338,0.004524535487871832,0.007829283163457783,0.0023687309373553625
asthma_v2_Bronchial_P16BronchialTc_77.wav,3,3,1,1,0.007839064015392293,0.9090049340130495,0.028662348282106582,0.03647007043710412,0.018023583252347666
asthma_v2_Bronchial_P18BronchialSc_88.wav,3,3,1,1,0.011848162501962424,0.9268195733948613,0.047553565536172265,0.003410507223015347,0.010368191343988375
asthma_v2_Bronchial_P19BronchialTc_93.wav,3,3,1,1,0.019196712504103538,0.8746346667213447,0.09252611732241774,0.004583720929925965,0.00905878252220813
asthma_v2_Bronchial_P1BronchialSc_2.wav,3,3,1,1,0.015356153868711666,0.9459786945887719,0.018660699538586397,0.010473834152491585,0.009530617851438494
asthma_v2_Bronchial_P1BronchialSc_4.wav,3,3,1,1,0.02210344023411493,0.9254242370291667,0.031490925083146624,0.008771521468439547,0.012209876185132714
asthma_v2_Bronchial_P1BronchialTc_1.wav,3,3,1,1,0.021358762685248927,0.9281068831223919,0.029536169638575104,0.009004471834164973,0.011993712719619224
asthma_v2_Bronchial_P20BronchialTc_99.wav,3,3,1,1,0.06123930984202871,0.6167343977340635,0.21744567362533687,0.07765862003492516,0.026921998763646114
asthma_v2_Bronchial_P21BronchialTc_103.wav,3,3,1,1,0.02509504693706805,0.4078418202603237,0.03585991177131166,0.23756150219586794,0.2936417188354288
asthma_v2_Bronchial_P4BronchialTc_19.wav,3,3,1,1,0.03726546079902197,0.6228580164020134,0.0650746222916982,0.1773697564378755,0.09743214406939107
asthma_v2_Bronchial_P5BronchialTc_23.wav,3,3,1,1,0.003421096718690692,0.9591783080101792,0.014935532779112606,0.01446550434890963,0.007999558143107663
asthma_v2_Bronchial_P6BronchialSc_26.wav,3,3,1,1,0.0019980804610405943,0.9512920243452273,0.03269502995918958,0.008170401741322778,0.005844463493219779
asthma_v2_Bronchial_P6BronchialSc_30.wav,3,3,1,1,0.002312112941159604,0.962110486669345,0.022246364248340107,0.005781374040292607,0.007549662100862496
asthma_v2_Bronchial_P8BronchialSc_40.wav,3,3,1,1,0.0010949880065408333,0.9544431844302341,0.024794490148944536,0.01756386915259953,0.002103468261681266
asthma_v2_Bronchial_P9BronchialSc_44.wav,3,3,1,1,0.006164451194439521,0.9588848287892925,0.013820333236302423,0.014409239702207326,0.0067211470777581855
asthma_v2_asthma_P10AsthmaIE_49.wav,3,3,0,0,0.803873577869797,0.017559467165675312,0.016210846137354726,0.007448355338407398,0.15490775348876504
asthma_v2_asthma_P10AsthmaIU_46.wav,3,3,0,0,0.9004314616529084,0.050973671306898484,0.006947664933198977,0.002200077547870266,0.039447124559123845
asthma_v2_asthma_P12WheezingRS_56.wav,3,3,0,0,0.8424692553066895,0.017553089688354066,0.05918713672877241,0.0016750640986261203,0.07911545417755814
asthma_v2_asthma_P12WheezingRS_60.wav,3,3,0,0,0.916906494590229,0.05191552701400024,0.006509951409737719,0.0013903668698992387,0.0232776601161338
asthma_v2_asthma_P13WheezingIE_61.wav,3,3,0,0,0.8233398905518085,0.055608114093086636,0.012373230126207372,0.007267737258944039,0.10141102796995352
asthma_v2_asthma_P14WheezingRS_68.wav,3,3,0,0,0.8317247461972883,0.007741766927219184,0.005011062210590487,0.0052205962443271775,0.15030182842057432
asthma_v2_asthma_P15WheezingIE_73.wav,3,3,0,0,0.9061634160349963,0.013624022191880525,0.005273524860225313,0.0024754690022107174,0.07246356791068743
asthma_v2_asthma_P16WheezingIU_78.wav,3,3,0,0,0.8238768462136182,0.013883767158579573,0.028896791863670838,0.007395622661519527,0.12594697210261183
asthma_v2_asthma_P18WheezingIU_86.wav,3,3,0,0,0.5311739281351118,0.005502149695664703,0.020903234571081033,0.002404588214676054,0.44001609938346675
asthma_v2_asthma_P18WheezingRL_87.wav,3,3,0,3,0.06026846610481646,0.011035259204136581,0.015280154625312911,0.8427483459245125,0.07066777414122137
asthma_v2_asthma_P1AsthmaIE_1.wav,3,3,0,0,0.8798670421305824,0.00900729995681156,0.03886630418790797,0.006794371422740292,0.06546498230195805
asthma_v2_asthma_P20WheezingRS_100.wav,3,3,0,3,0.47097236897146644,0.05719439268200804,0.006936554338644871,0.2990085969471351,0.16588808706074548
asthma_v2_asthma_P21WheezingIE_101.wav,3,3,0,0,0.5310904828563939,0.03656297404517413,0.007418761965690039,0.0796303787953727,0.3452974023373692
asthma_v2_asthma_P21WheezingIU_102.wav,3,3,0,0,0.8359390950227079,0.021338152631330303,0.0015503856236158658,0.04191534412803821,0.09925702259430777
asthma_v2_asthma_P23WheezingIU_114.wav,3,3,0,0,0.8985841302975146,0.017733895961102357,0.022300282956970466,0.00033773868549143203,0.06104395209892134
asthma_v2_asthma_P23WheezingRS_112.wav,3,3,0,0,0.9566237237065236,0.011911512771957365,0.0021041626516155737,0.0003961026532340596,0.02896449821666925
asthma_v2_asthma_P24WheezingIU_118.wav,3,3,0,0,0.6602339719747713,0.01091415184422891,0.02502632821462431,0.013929049488631651,0.2898964984777441
asthma_v2_asthma_P28WheezingRS_140.wav,3,3,0,0,0.865314699162945,0.027234776287161637,0.0017396914504243912,0.04130408416275376,0.06440674893671564
asthma_v2_asthma_P29WheezingIE_145.wav,3,3,0,0,0.6760149503461036,0.004404912202165284,0.032095228920310255,0.00020145750986090745,0.28728345102155967
asthma_v2_asthma_P29WheezingRL_143.wav,3,3,0,0,0.6222693515312135,0.01561123754707162,0.09934867826090546,0.0012273765602108205,0.2615433561005983
asthma_v2_asthma_P2AsthmaIU_10.wav,3,3,0,0,0.9143905335855828,0.031138210929782622,0.009376884360016434,0.00822396878037318,0.03687040234424512
asthma_v2_asthma_P2AsthmaRL_7.wav,3,3,0,0,0.8377610746478197,0.007511306011270917,0.051860192433708506,0.007881148523164185,0.09498627838403678
asthma_v2_asthma_P30WheezingIE_149.wav,3,3,0,0,0.9240559857904677,0.011231190298708999,0.001374961097554793,0.0032411720799941928,0.06009669073327402
asthma_v2_asthma_P30WheezingIU_146.wav,3,3,0,0,0.5434787298731408,0.0015164577268579659,0.0012871736105000144,0.000913998110123081,0.4528036406793781
asthma_v2_asthma_P30WheezingIU_150.wav,3,3,0,0,0.8421904283646516,0.03406515616958861,0.002371099157583273,0.013173325751023375,0.10819999055715326
asthma_v2_asthma_P31WheezingRL_155.wav,3,3,0,0,0.7650018017356988,0.003258081936754957,0.002130285850463186,0.0009975110198673861,0.22861231945721586
asthma_v2_asthma_P33WheezingIE_161.wav,3,3,0,0,0.6809535582053562,0.03122833196167018,0.01456206067927477,0.022250259458788543,0.2510057896949103
asthma_v2_asthma_P33WheezingIU_162.wav,3,3,0,0,0.7482074762994918,0.029965683612551013,0.05949326955928073,0.003844286144564925,0.15848928438411147
asthma_v2_asthma_P33WheezingRL_163.wav,3,3,0,0,0.8389184717723682,0.01831293071010492,0.02656543034532865,0.001434713926536061,0.1147684532456618
asthma_v2_asthma_P35WheezingRS_172.wav,3,3,0,0,0.7860244002119129,0.004561951163244966,0.09114580549879989,0.0017089319845137675,0.11655891114152833
asthma_v2_asthma_P36WheezingIU_178.wav,3,3,0,0,0.9559486044630936,0.0023618636177732675,0.011636032132353787,0.00023303286779116308,0.029820466918988032
asthma_v2_asthma_P36WheezingRS_180.wav,3,3,0,0,0.729177397941636,0.21458969592371527,0.036861260433053815,0.00267471486381445,0.01669693083778046
asthma_v2_asthma_P37WheezingIU_182.wav,3,3,0,0,0.967245677763632,0.00663100386689676,0.0095176828411179,0.0003895765670202693,0.0162160589613331
asthma_v2_asthma_P3AsthmaRS_12.wav,3,3,0,0,0.793731931867614,0.01425589256603648,0.05822235309246239,0.006728317999201791,0.1270615044746852
asthma_v2_asthma_P40WheezingRS_200.wav,3,3,0,0,0.769818638678219,0.029455361189510112,0.19131672310444126,0.0004046683342340009,0.009004608693595687
asthma_v2_asthma_P41WheezingIE_201.wav,3,3,0,0,0.9052273950124567,0.025521631081753947,0.0396717761369077,0.004551262042811774,0.025027935726070004
asthma_v2_asthma_P41WheezingIE_205.wav,3,3,0,0,0.9458048043578349,0.00840115975465972,0.02105388858719241,0.0006085191463401599,0.024131628153973104
asthma_v2_asthma_P44WheezingRL_219.wav,3,3,0,0,0.719614008088312,0.0051184158967360295,0.2522753971726663,0.0014679137664067366,0.02152426507587912
asthma_v2_asthma_P44WheezingRS_220.wav,3,3,0,2,0.259186748332224,0.0014195133787570288,0.7347122235570447,0.0005584999369037474,0.004123014795070401
asthma_v2_asthma_P45WheezingIE_225.wav,3,3,0,0,0.8944249860344938,0.027072261468308465,0.017683434656220322,0.0016095427101256918,0.05920977513085175
asthma_v2_asthma_P45WheezingRL_223.wav,3,3,0,0,0.8544918952737001,0.059372383343600815,0.062138053006037086,0.003495287430378296,0.02050238094628384
asthma_v2_asthma_P48WheezingIE_237.wav,3,3,0,0,0.862110257822051,0.01999810474156357,0.024211522008153408,0.0021798544886113443,0.0915002609396208
asthma_v2_asthma_P48WheezingIU_238.wav,3,3,0,0,0.9286919291709769,0.012557046555697166,0.024269403144197486,0.0027665054155876813,0.03171511571354108
asthma_v2_asthma_P48WheezingRL_239.wav,3,3,0,0,0.8580029214202021,0.042789411020953814,0.0342005689806208,0.004890452364322227,0.060116646213900775
asthma_v2_asthma_P48WheezingRS_240.wav,3,3,0,0,0.8573028640829973,0.016077382040242335,0.03647693563346665,0.0015792082556301025,0.08856360998766383
asthma_v2_asthma_P49WheezingIU_242.wav,3,3,0,0,0.723827358550934,0.03208565769248752,0.03602233659891175,0.0027878142119052585,0.2052768329457616
asthma_v2_asthma_P49WheezingRL_243.wav,3,3,0,0,0.9329273894695747,0.009545961191292333,0.04665914902401156,0.0017644942460210858,0.009103006069100118
asthma_v2_asthma_P4AsthmaIU_18.wav,3,3,0,0,0.9265340596796601,0.04593443084784063,0.00595083036302517,0.0013188308346362583,0.020261848274837627
asthma_v2_asthma_P50WheezingIE_249.wav,3,3,0,0,0.8988350630843508,0.004020618616655356,0.015838485146536414,0.0018599736288039972,0.07944585952365353
asthma_v2_asthma_P50WheezingRS_248.wav,3,3,0,0,0.8064142950505142,0.04285934410211438,0.015374482163898497,0.0018506437850720613,0.13350123489840082
asthma_v2_asthma_P53WheezingIU_262.wav,3,3,0,0,0.9106727274456878,0.04467344837528487,0.008287738029003766,0.0016913776781739267,0.034674708471850016
asthma_v2_asthma_P55WheezingRL_271.wav,3,3,0,0,0.31337256790295426,0.18910469197667193,0.08109481512023071,0.12293690194748234,0.2934910230526608
asthma_v2_asthma_P57WheezingRS_284.wav,3,3,0,0,0.32163476699885435,0.24304222165469483,0.009858817418376558,0.19922090880071044,0.2262432851273642
asthma_v2_asthma_P7AsthmaRS_32.wav,3,3,0,4,0.18602623992776587,0.003804616338627464,0.0054325864708584535,0.01898694629255664,0.7857496109701914
asthma_v2_asthma_P9AsthmaIE_41.wav,3,3,0,0,0.5837479612452671,0.007283926450651644,0.007364496146111853,0.005757985210959791,0.3958456309470095
asthma_v2_asthma_P9AsthmaIU_42.wav,3,3,0,0,0.6528088062423193,0.011182394454841336,0.007461675131277276,0.022432954642003726,0.30611416952955894
asthma_v2_asthma_P9AsthmaRS_44.wav,3,3,0,0,0.9098124459583988,0.04433414638692503,0.006520918595394449,0.003005983859922786,0.03632650519935874
asthma_v2_copd_P12COPDPr_93.wav,3,3,2,2,0.013182538822861085,0.026898505039608,0.9580393796627211,0.0012559008553113414,0.0006236756194985352
asthma_v2_copd_P12COPDPr_95.wav,3,3,2,2,0.0016852877950631051,0.007876227657123598,0.9882394284103763,0.0015899852462517297,0.0006090708911854519
asthma_v2_copd_P13COPDMc_100.wav,3,3,2,2,0.004108282385561896,0.055016530623060944,0.9189770673853022,0.01705177994480841,0.004846339661266509
asthma_v2_copd_P13COPDPr_97.wav,3,3,2,2,0.0019294112637651196,0.00679214473939611,0.9892555220365142,0.0015059568152174063,0.0005169651451070978
asthma_v2_copd_P13COPDPr_99.wav,3,3,2,2,0.0012610693185275028,0.032802237463124675,0.9567330008032306,0.006680243015760817,0.002523449399356419
asthma_v2_copd_P14COPDMc_108.wav,3,3,2,2,0.028258021812680965,0.003588589002164806,0.9650909078032501,0.0006643762589693388,0.0023981051229349276
asthma_v2_copd_P14COPDPr_109.wav,3,3,2,2,0.011397208182325817,0.0046974004256456064,0.9773069438217287,0.00028921262480824595,0.006309234945491801
asthma_v2_copd_P15COPDPr_115.wav,3,3,2,2,0.050680962874072887,0.007597167527273178,0.9388768486687202,0.0006793234881143724,0.002165697441819268
asthma_v2_copd_P15COPDPr_117.wav,3,3,2,2,0.3003769049289673,0.03606684168490858,0.6507487414034354,0.001352949869289506,0.011454562113399009
asthma_v2_copd_P16COPDPr_121.wav,3,3,2,2,1.7866192470286249e-06,1.2795139504339646e-06,0.9984454474790059,6.182328475963366e-06,0.0015453040593206195
asthma_v2_copd_P16COPDPr_123.wav,3,3,2,2,1.3450875040066435e-06,9.514492615342681e-07,0.9985691723099211,2.6503104518969966e-06,0.001425880842861625
asthma_v2_copd_P16COPDPr_125.wav,3,3,2,2,4.1859992058897057e-07,2.84929137946791e-07,0.9995779522287936,3.1338258979553488e-06,0.00041821041624984
asthma_v2_copd_P17COPDMc_130.wav,3,3,2,2,3.488726004660118e-07,2.8670347583650623e-07,0.9998539650609614,7.587858652687865e-05,6.952077643546727e-05
asthma_v2_copd_P18COPDMc_140.wav,3,3,2,2,0.0030593697863204204,0.00030003503127330896,0.9945499078577041,0.00019350414931322373,0.0018971831753890032
asthma_v2_copd_P18COPDPr_139.wav,3,3,2,2,0.013551680847941125,0.005912237204266367,0.9670858318638088,0.0006405526180043458,0.012809697465979444
asthma_v2_copd_P19COPDPr_149.wav,3,3,2,2,0.0070093299636553655,0.0038989130347070224,0.9865666480762333,0.000123629270445513,0.0024014796549588577
asthma_v2_copd_P20COPDMc_156.wav,3,3,2,2,0.14181500961631854,0.017660782198569692,0.7447161685679488,0.004669125467034908,0.09113891415012815
asthma_v2_copd_P20COPDMc_158.wav,3,3,2,2,0.0007390878950061388,7.299831498478142e-05,0.9988424424733036,6.209487214425862e-05,0.00028337644456126297
asthma_v2_copd_P21COPDPr_167.wav,3,3,2,2,0.0023723767868188785,0.0006728747777598004,0.9946885393658608,0.0008842758379335139,0.0013819332316270198
asthma_v2_copd_P24COPDPr_187.wav,3,3,2,2,0.0016770025443143975,0.0013355637683427136,0.9859848388949547,0.0011093180784251045,0.009893276713963409
asthma_v2_copd_P26COPDMc_208.wav,3,3,2,2,0.003737181209413315,0.003251121811755093,0.9895171129927373,0.0012631567317377647,0.0022314272543564767
asthma_v2_copd_P26COPDPr_203.wav,3,3,2,2,5.084870483763474e-08,5.912871224354438e-08,0.9999762317880401,1.1088802747986618e-05,1.256943179475059e-05
asthma_v2_copd_P28COPDMc_220.wav,3,3,2,2,0.0017974865229920234,0.0009079297170050965,0.9961987077622005,0.0005011906124429564,0.0005946853853595306
asthma_v2_copd_P28COPDPr_217.wav,3,3,2,2,2.3994432825919313e-07,2.815623978753031e-07,0.9997146263629573,0.00018514065070394012,9.971147961256727e-05
asthma_v2_copd_P28COPDPr_221.wav,3,3,2,2,9.765934648421457e-07,1.9132091539251538e-06,0.9997696677032804,2.1918346867090768e-05,0.00020552414723360856
asthma_v2_copd_P29COPDMc_230.wav,3,3,2,2,6.166588032780561e-08,5.805796788429219e-08,0.9999662665303094,9.280187537882812e-06,2.4333558304700582e-05
asthma_v2_copd_P29COPDMc_232.wav,3,3,2,2,3.6390038099764225e-08,3.4884486461716415e-08,0.9999554294296489,1.0767401901363964e-05,3.37318939250197e-05
asthma_v2_copd_P29COPDPr_225.wav,3,3,2,2,0.001077662070528044,0.0003977770181501799,0.9977104864842931,0.0003536147217805852,0.0004604597052481661
asthma_v2_copd_P2COPDMc_16.wav,3,3,2,2,0.01673826672362877,0.000406660339016021,0.9815092527975603,0.0005500257435466845,0.000795794396248326
asthma_v2_copd_P2COPDPr_15.wav,3,3,2,2,0.018682440995679832,0.0008116888703000723,0.9798832032507387,0.00022061412296838246,0.0004020527603127119
asthma_v2_copd_P2COPDPr_9.wav,3,3,2,2,0.0007273475706868125,7.788938370873257e-05,0.998794280797806,0.00017479651253206078,0.00022568573526608862
asthma_v2_copd_P31COPDPr_245.wav,3,3,2,2,0.02212851465493958,0.0006813413795931889,0.9763284110623962,0.00026586520704302173,0.0005958676960281246
asthma_v2_copd_P32COPDMc_250.wav,3,3,2,2,0.13917851618860033,0.020075585978050287,0.8215879051564015,0.0027924787512130806,0.016365513925734525
asthma_v2_copd_P33COPDMc_258.wav,3,3,2,2,0.08208843104919337,0.013384681700082635,0.3877211517645417,0.14652601817817212,0.3702797173080098
asthma_v2_copd_P33COPDPr_259.wav,3,3,2,2,0.006411034029070046,0.03937642623061761,0.847204000005663,0.03298078558482889,0.07402775414982062
asthma_v2_copd_P33COPDPr_261.wav,3,3,2,2,0.009887391581463015,0.07110570304066884,0.8960961230538398,0.011702298411684825,0.011208483912343378
asthma_v2_copd_P34COPDMc_268.wav,3,3,2,2,0.008016881805845344,0.08589885917122196,0.9024289778030921,0.0008170839126826817,0.002838197307158213
asthma_v2_copd_P34COPDMc_270.wav,3,3,2,2,0.0021389311307035493,0.008254562886247268,0.9885207231386434,0.0001888493961358093,0.0008969334482704322
asthma_v2_copd_P34COPDPr_265.wav,3,3,2,2,0.0018462255399473956,0.013052476241586557,0.9842721341853217,8.866702586965414e-05,0.0007404970072749109
asthma_v2_copd_P35COPDMc_278.wav,3,3,2,2,0.0006552064177051887,0.0013887323433925368,0.9968607348484837,0.0006207789122761938,0.0004745474781422207
asthma_v2_copd_P36COPDPr_283.wav,3,3,2,2,0.008901031949207707,0.008306445073946036,0.9392504267776455,0.009244039140465302,0.0342980570587352
asthma_v2_copd_P37COPDPr_289.wav,3,3,2,2,0.002247954192093859,0.009798265649489737,0.9858127685531382,0.0006867026079055295,0.0014543089973727903
asthma_v2_copd_P39COPDMc_306.wav,3,3,2,2,0.01725199550588783,0.012269084644886274,0.9210351732569583,0.001603651877101689,0.0478400947151659
asthma_v2_copd_P39COPDPr_307.wav,3,3,2,2,0.021175872255046985,0.013565129446158041,0.8219788561881443,0.0027964653265597768,0.14048367678409077
asthma_v2_copd_P3COPDMc_24.wav,3,3,2,2,0.0008657017574637446,0.0004617505044941578,0.9956034096234113,0.0014728907647233312,0.0015962473499075544
asthma_v2_copd_P3COPDPr_17.wav,3,3,2,2,0.26391257184789213,0.009753785159672571,0.7141685716930877,0.0034724450298235037,0.00869262626952424
asthma_v2_copd_P3COPDPr_21.wav,3,3,2,2,0.006669012540507963,0.0016584641391842886,0.9911296742206067,0.00032342226303134797,0.00021942683666977783
asthma_v2_copd_P40COPDMc_318.wav,3,3,2,0,0.49848159654548957,0.047169713817826,0.0865494014123102,0.0061596088240670425,0.3616396794003075
asthma_v2_copd_P41COPDMc_322.wav,3,3,2,2,0.000505520622574416,0.00023347316503147323,0.9988969506037295,6.540349826480872e-05,0.0002986521103997193
asthma_v2_copd_P41COPDMc_326.wav,3,3,2,2,0.0012514745395960127,0.00232731534524486,0.9949180543681323,0.0004701625583091222,0.0010329931887176644
asthma_v2_copd_P41COPDPr_321.wav,3,3,2,2,0.0010612357436813175,0.0006099707791189501,0.9945203230154911,0.00032681659850311253,0.003481653863205689
asthma_v2_copd_P42COPDPr_333.wav,3,3,2,2,2.3821123237832285e-07,3.739414586407297e-07,0.9998312426996657,8.515285649925894e-05,8.299229114398556e-05
asthma_v2_copd_P43COPDPr_341.wav,3,3,2,2,0.0008228512580449427,0.0001665401621927774,0.9970111342112724,0.0001310426184711391,0.0018684317500189266
asthma_v2_copd_P43COPDPr_343.wav,3,3,2,2,5.471202818580393e-07,1.318097189442289e-06,0.9999291454535498,5.392939608276868e-06,6.359638937076266e-05
asthma_v2_copd_P44COPDPr_347.wav,3,3,2,2,0.009730689197076717,0.0045457761089587635,0.8303898719728452,0.00795303787018657,0.14738062485093253
asthma_v2_copd_P47COPDMc_372.wav,3,3,2,2,0.009576332202386614,0.0047794114710935295,0.980173675964681,0.0006571101300896693,0.004813470231749149
asthma_v2_copd_P47COPDMc_374.wav,3,3,2,2,0.0015085887855347364,0.025899544571810755,0.9627800379510887,0.006620525447045162,0.003191303244520661
asthma_v2_copd_P47COPDPr_369.wav,3,3,2,0,0.2791387276645131,0.026775773278733192,0.5721356558142946,0.007836002074482496,0.11411384116797685
asthma_v2_copd_P47COPDPr_371.wav,3,3,2,4,0.047146611240247056,0.0995599594197724,0.23608541960542853,0.010891396965426108,0.6063166127691262
asthma_v2_copd_P48COPDMc_382.wav,3,3,2,2,0.0015228826142501938,0.002538196273666843,0.9910750304507724,0.001152625138470586,0.0037112655228401627
asthma_v2_copd_P48COPDPr_381.wav,3,3,2,2,0.0016410664632970481,0.0008525557333245181,0.9960978738799415,0.0005398328131526928,0.0008686711102843566
asthma_v2_copd_P49COPDPr_385.wav,3,3,2,2,0.002419620271680186,0.002320584620985363,0.9892675386193006,0.0016157876000674162,0.004376468887966363
asthma_v2_copd_P49COPDPr_389.wav,3,3,2,2,0.00023924354767534785,0.0020655596229853706,0.9938184094433306,0.0013703040242667053,0.0025064833617420086
asthma_v2_copd_P4COPDMc_28.wav,3,3,2,2,0.0006883640556643699,0.0013524953613700836,0.9961775350281304,0.0002771930426753799,0.001504412512159453
asthma_v2_copd_P4COPDPr_29.wav,3,3,2,2,0.0020008098407977132,0.002740841799235112,0.9915358456029854,0.0005257264437563885,0.0031967763132253637
asthma_v2_copd_P4COPDPr_31.wav,3,3,2,2,0.007226116601512598,0.0024743949693835543,0.9871003012818701,0.0007515522804182327,0.002447634866815744
asthma_v2_copd_P50COPDPr_393.wav,3,3,2,2,0.0004644951502417257,0.0012847848941799182,0.9974791311124062,0.00043263369844785996,0.00033895514472434335
asthma_v2_copd_P5COPDMc_34.wav,3,3,2,2,0.04197702257061388,0.001521863352380605,0.9101087574858846,0.010237988380155058,0.03615436821096583
asthma_v2_copd_P5COPDMc_38.wav,3,3,2,2,0.0010021036930429703,0.007738106194849383,0.9860708092098508,0.0015940518843547801,0.003594929017902019
asthma_v2_copd_P5COPDPr_33.wav,3,3,2,2,0.018045337491237774,0.0022654845164515693,0.9734389095998629,0.0016075376041543106,0.004642730788293294
asthma_v2_copd_P5COPDPr_37.wav,3,3,2,2,0.0023450761938306024,0.016604481774031107,0.965493387613108,0.0057983325215382065,0.009758721897492136
asthma_v2_copd_P5COPDPr_39.wav,3,3,2,2,0.0021842348562553906,0.01875072737193666,0.9594970311870065,0.010204837499435975,0.009363169085365159
asthma_v2_copd_P7COPDMc_50.wav,3,3,2,2,0.005969853541082072,0.0009224095403681657,0.9847145916135276,0.004570739645605642,0.0038224056594164477
asthma_v2_copd_P7COPDMc_52.wav,3,3,2,2,0.014252274907838527,0.010748185895548788,0.9689956725141786,0.0018417647397582094,0.004162101942676017
asthma_v2_copd_P7COPDPr_49.wav,3,3,2,2,0.009804627600611814,0.004964919633767316,0.948894629949064,0.0041733236342105465,0.03216249918234579
asthma_v2_copd_P8COPDPr_61.wav,3,3,2,2,0.0025831933267441744,0.0003507058416617179,0.9958757454995999,0.0004222177186148648,0.0007681376133792732
asthma_v2_copd_P9COPDMc_66.wav,3,3,2,2,0.0019380934691932495,0.0001293760677774793,0.9965681584868517,0.00014298597984848394,0.0012213859963291487
asthma_v2_copd_P9COPDMc_70.wav,3,3,2,2,5.004982598186789e-07,3.653962340456335e-07,0.9998871166069672,5.395378402109308e-06,0.00010662212013682754
asthma_v2_copd_P9COPDPr_65.wav,3,3,2,2,0.0012559437567650578,0.00011410383725748482,0.99609068860668,0.00017003006290150868,0.0023692337363961104
asthma_v2_copd_P9COPDPr_67.wav,3,3,2,2,0.00801386503591828,0.0011045511738275973,0.9822299776362621,0.0001712462054305019,0.0084803599485615
asthma_v2_healthy_P10Healthy61S.wav,3,3,3,3,0.012936777422232967,0.009921911343968809,0.02187486682229824,0.5256186874669161,0.42964775694458396
asthma_v2_healthy_P10Healthy65S.wav,3,3,3,3,0.009912121804962972,0.0020576116254401207,0.004229461106477945,0.626359966669297,0.3574408387938222
asthma_v2_healthy_P11Healthy38S.wav,3,3,3,3,0.009423035951284759,0.010312873956922401,0.011008460729688266,0.9487254823687642,0.020530146993340225
asthma_v2_healthy_P13Healthy42S.wav,3,3,3,3,0.004091909919062442,0.003928698576025457,0.014017581997825468,0.9660955975075104,0.011866211999576354
asthma_v2_healthy_P13Healthy53S.wav,3,3,3,3,0.06584833384823635,0.16047136458739372,0.11691340606169003,0.6008321711507938,0.05593472435188635
asthma_v2_healthy_P14Healthy89S.wav,3,3,3,3,0.005084485293381561,0.05094203667425864,0.02542715626769847,0.8892393096346162,0.02930701213004552
asthma_v2_healthy_P15Healthy14S.wav,3,3,3,3,0.030780411220347813,0.19264813376979187,0.047690891296848885,0.47130405477598114,0.25757650893703044
asthma_v2_healthy_P16Healthy26S.wav,3,3,3,3,0.025079107598290934,0.007766720185730837,0.0012475758934974528,0.7085354458202442,0.2573711505022362
asthma_v2_healthy_P18Healthy46S.wav,3,3,3,3,0.014687544432164261,0.04198932061138254,0.012573423947637961,0.8747478727295406,0.056001838279274525
asthma_v2_healthy_P1Healthy29S.wav,3,3,3,3,0.001627700186065815,0.0218684957389543,0.06540184412964636,0.8873884330968049,0.023713526848528548
asthma_v2_healthy_P20Healthy31S.wav,3,3,3,3,0.0023134076929094724,0.0012422496242732574,0.0004684858145153561,0.9422943070333735,0.05368154983492854
asthma_v2_healthy_P20Healthy70S.wav,3,3,3,3,0.0022024166533909507,0.0024829892494680067,0.0003356117777357897,0.9467548227310165,0.048224159588388577
asthma_v2_healthy_P21Healthy95S.wav,3,3,3,3,0.04699197779496095,0.010140894248869664,0.0014769317042531266,0.9000405022751129,0.04134969397680327
asthma_v2_healthy_P21Healthy98S.wav,3,3,3,3,0.05501722611239834,0.009942261927161555,0.0018655835069750753,0.8764009072286506,0.05677402122481443
asthma_v2_healthy_P22Healthy45S.wav,3,3,3,3,0.005644173904965174,0.0021193993057690595,0.0013948923958423962,0.9373003343711992,0.05354120002222454
asthma_v2_healthy_P22Healthy94S.wav,3,3,3,3,0.10389045738020984,0.05523426088131291,0.002620262126279775,0.6671375758118742,0.17111744380032304
asthma_v2_healthy_P23Healthy14S.wav,3,3,3,3,0.013843856337246134,0.001733966113987473,0.001289385835361593,0.7076750155608477,0.275457776152557
asthma_v2_healthy_P24Healthy51S.wav,3,3,3,3,0.004176961602295415,0.004581954739598473,0.000971938943823241,0.8988960010816603,0.09137314363262278
asthma_v2_healthy_P25Healthy88S.wav,3,3,3,3,0.005183585859154051,0.002357200699938027,0.0018928859550085013,0.9381631166280894,0.05240321085781003
asthma_v2_healthy_P26Healthy48S.wav,3,3,3,3,0.35832836567493487,0.08015432649392425,0.0366092827161623,0.343667537821769,0.18124048729320963
asthma_v2_healthy_P26Healthy76S.wav,3,3,3,3,0.011964809467998227,0.0036253174321454404,0.0040600044299175814,0.8384068837210092,0.14194298494892957
asthma_v2_healthy_P2Healthy72S.wav,3,3,3,3,0.05566280070813242,0.004669353226373242,0.017456032343785174,0.3424662523671284,0.5797455613545807
asthma_v2_healthy_P3Healthy57S.wav,3,3,3,3,0.02556374326993469,0.03272647623276217,0.004738520258542389,0.8549358856233857,0.08203537461537501
asthma_v2_healthy_P5Healthy87S.wav,3,3,3,3,0.009438541460514106,0.015178076970849932,0.01928672204973994,0.8941585294451374,0.061938130073758584
asthma_v2_healthy_P6Healthy34S.wav,3,3,3,3,0.03585965222356899,0.001357532678616707,0.0056850022725567625,0.7173615350934728,0.23973627773178488
asthma_v2_healthy_P8Healthy48S.wav,3,3,3,3,0.012933167957710446,0.007929968125921007,0.014093549149878504,0.9389743656553687,0.026068949111121443
asthma_v2_healthy_P9Healthy22S.wav,3,3,3,3,0.003574641236964402,0.0021445913890007573,0.0021896988979456067,0.9839885038713749,0.008102564604714403
asthma_v2_pneumonia_P12Pneumonia45B.wav,3,3,4,4,0.10012559796187308,0.04159144807073569,0.10870493220065323,0.013080921183646722,0.7364971005830913
asthma_v2_pneumonia_P12Pneumonia46L.wav,3,3,4,4,0.4786316025689161,0.023463673445711226,0.00438529125241751,0.008571665868203009,0.4849477668647522
asthma_v2_pneumonia_P14Pneumonia73T.wav,3,3,4,4,0.15499656321454466,0.004376289187545076,0.018042257321518082,0.00211565667745391,0.8204692335989383
asthma_v2_pneumonia_P15Pneumonia58S.wav,3,3,4,4,0.037940343418972435,0.009061186437475815,0.00038888864460542426,0.010288794084846105,0.9423207874141004
asthma_v2_pneumonia_P16Pneumonia18Z.wav,3,3,4,4,0.08135021681384441,0.0017503135655468445,0.0016099376643057075,0.14734993794116466,0.7679395940151382
asthma_v2_pneumonia_P16Pneumonia42Q.wav,3,3,4,3,0.12803116703083392,0.003270403725104581,0.004423113655851799,0.33696807288171404,0.5273072427064958
asthma_v2_pneumonia_P16Pneumonia56J.wav,3,3,4,4,0.10089205671353627,0.002253986429174689,0.002638617935303764,0.26405511326349207,0.6301602256584937
asthma_v2_pneumonia_P17Pneumonia49T.wav,3,3,4,4,0.04540043907218378,0.006005945166467758,0.00021518579688532236,0.016197914639752363,0.9321805153247108
asthma_v2_pneumonia_P17Pneumonia51I.wav,3,3,4,4,0.01875083133960975,0.03592030675204989,0.2555183968563265,0.08416581352727043,0.6056446515247432
asthma_v2_pneumonia_P17Pneumonia57K.wav,3,3,4,4,0.0358545257702815,0.001747576951887039,0.00011108421886559509,0.003006047874607847,0.9592807651843581
asthma_v2_pneumonia_P18Pneumonia50S.wav,3,3,4,4,0.06443054030474472,0.00329231975689933,0.00021690843254491604,0.002935347312179783,0.9291248841936309
asthma_v2_pneumonia_P18Pneumonia88I.wav,3,3,4,4,0.056927981721458035,0.0037103288367045756,0.00019917640764712416,0.005072983236800324,0.9340895297973898
asthma_v2_pneumonia_P19Pneumonia39Z.wav,3,3,4,4,0.027390114985957007,0.013134963947490216,0.0005396332896744292,0.0417484166639989,0.9171868711128793
asthma_v2_pneumonia_P19Pneumonia75B.wav,3,3,4,4,0.12675089953263413,0.021586869473730164,0.00043632046776515297,0.06225070613011521,0.7889752043957551
asthma_v2_pneumonia_P1Pneumonia10T.wav,3,3,4,4,0.0277015437370926,0.0021872116884881568,0.00023804237985092426,0.001241356581087572,0.9686318456134809
asthma_v2_pneumonia_P1Pneumonia39F.wav,3,3,4,4,0.03036732429148812,0.007210901195104942,0.0008424753332659376,0.006738405072467903,0.9548408941076734
asthma_v2_pneumonia_P1Pneumonia41U.wav,3,3,4,4,0.02379322965519487,0.008727263212968388,0.0003550268388932163,0.009929998119962822,0.9571944821729805
asthma_v2_pneumonia_P1Pneumonia94J.wav,3,3,4,4,0.06284272303618811,0.013473843044291025,0.0035744954552902088,0.03703927677979245,0.8830696616844381
asthma_v2_pneumonia_P1Pneumonia97M.wav,3,3,4,4,0.07314021615937837,0.0033268278960642706,0.0005943195216773987,0.0045271038169306535,0.9184115326059494
asthma_v2_pneumonia_P21Pneumonia56M.wav,3,3,4,4,0.038617469132773176,0.002486936695870056,0.00022370171222766436,0.007996892335518065,0.950675000123611
asthma_v2_pneumonia_P21Pneumonia69Q.wav,3,3,4,4,0.040600287523775695,0.0035309457962509326,0.00034493800182518544,0.007309134367484424,0.9482146943106635
asthma_v2_pneumonia_P22Pneumonia29M.wav,3,3,4,4,0.3152995746274021,0.005921938930389463,0.0421491398047596,0.05540487055424136,0.5812244760832074
asthma_v2_pneumonia_P22Pneumonia47V.wav,3,3,4,4,0.03379857589711148,0.001836870194173203,0.00010060176601192664,0.005848315150081403,0.9584156369926218
asthma_v2_pneumonia_P24Pneumonia21G.wav,3,3,4,3,0.05467370741767313,0.10424971934478904,0.08187915953731752,0.2620413641250463,0.49715604957517445
asthma_v2_pneumonia_P25Pneumonia16B.wav,3,3,4,4,0.050014663356374535,0.0057247437048404196,0.01815126114233581,0.025398653483464307,0.900710678312985
asthma_v2_pneumonia_P27Pneumonia28K.wav,3,3,4,4,0.057433419411529435,0.030450603096088102,0.00955532958013866,0.019734961443289265,0.8828256864689545
asthma_v2_pneumonia_P28Pneumonia71A.wav,3,3,4,4,0.045175580325786724,0.006498301149067384,0.0012342658626066857,0.003965247150760648,0.9431266055117785
asthma_v2_pneumonia_P33Pneumonia70D.wav,3,3,4,4,0.03706212637314438,0.0017973888918871527,0.000275503195390442,0.0027215821612014664,0.9581433993783764
asthma_v2_pneumonia_P34Pneumonia77O.wav,3,3,4,4,0.03162470390993622,0.010390583537353275,0.0004599410757869194,0.019567079728014445,0.9379576917489091
asthma_v2_pneumonia_P36Pneumonia79Z.wav,3,3,4,4,0.03825045892974935,0.015802706620072826,0.001604853850952297,0.02783927655743295,0.9165027040417926
asthma_v2_pneumonia_P37Pneumonia44I.wav,3,3,4,0,0.6956893020135132,0.021762942748959766,0.02013338617627274,0.062236919380232215,0.20017744968102205
asthma_v2_pneumonia_P37Pneumonia73X.wav,3,3,4,0,0.9079743186671023,0.023076837363207973,0.005285654510734628,0.002635356942936053,0.06102783251601914
asthma_v2_pneumonia_P38Pneumonia34H.wav,3,3,4,0,0.731183139970343,0.018097275014447044,0.012910806116887382,0.04230485105455551,0.1955039278437671
asthma_v2_pneumonia_P38Pneumonia64N.wav,3,3,4,0,0.8960997993719091,0.012704001769521219,0.02053963741922587,0.0018330495416879903,0.06882351189765584
asthma_v2_pneumonia_P39Pneumonia16K.wav,3,3,4,0,0.8943942562393074,0.03599372025076087,0.016136810346553458,0.0072539190965309535,0.04622129406684742
asthma_v2_pneumonia_P3Pneumonia41L.wav,3,3,4,4,0.06628461402227823,0.003736588569347122,0.004757156415129027,0.0021896120511684532,0.9230320289420773
asthma_v2_pneumonia_P3Pneumonia61R.wav,3,3,4,4,0.04922211837163623,0.004972536890745165,0.07352053753391957,0.11591268380044621,0.7563721234032528
asthma_v2_pneumonia_P3Pneumonia74F.wav,3,3,4,4,0.14124278252991354,0.011430447337156592,0.007961105009271354,0.026469133705984024,0.8128965314176742
asthma_v2_pneumonia_P3Pneumonia96L.wav,3,3,4,4,0.04092719967141276,0.001314286097033671,0.0014534660882972673,0.0006344273224691318,0.955670620820787
asthma_v2_pneumonia_P40Pneumonia32Q.wav,3,3,4,4,0.18356055375802863,0.002811484922333721,0.0012775307137288768,0.002344533162872082,0.8100058974430365
asthma_v2_pneumonia_P41Pneumonia41D.wav,3,3,4,0,0.41433235892946424,0.004930209366569295,0.5172715648589534,0.0009074321804580818,0.06255843466455495
asthma_v2_pneumonia_P43Pneumonia53X.wav,3,3,4,4,0.025353186647761018,0.012293128897683133,0.012926483557783456,0.01980155482200733,0.929625646074765
asthma_v2_pneumonia_P44Pneumonia47J.wav,3,3,4,4,0.07880496335624182,0.011389173515342674,0.00851231695496842,0.01171678999516569,0.8895767561782812
asthma_v2_pneumonia_P45Pneumonia10J.wav,3,3,4,3,0.02758985606363204,0.0060300589927914875,0.012777135020707249,0.3521920696237061,0.6014108802991633
asthma_v2_pneumonia_P45Pneumonia51F.wav,3,3,4,3,0.0370984804337011,0.006476000156195046,0.023604417753521865,0.3358763789817509,0.596944722674831
asthma_v2_pneumonia_P46Pneumonia80D.wav,3,3,4,3,0.00699159331328317,0.007530687440639872,0.042948595043777626,0.7046399956270456,0.23788912857525363
asthma_v2_pneumonia_P47Pneumonia14M.wav,3,3,4,4,0.10091333225695034,0.013175569842100273,0.008645439908843243,0.08446865719627049,0.7927970007958357
asthma_v2_pneumonia_P47Pneumonia74Q.wav,3,3,4,4,0.09219376841874581,0.004502204828795083,0.04541894605198066,0.009099148174164892,0.8487859325263134
asthma_v2_pneumonia_P4Pneumonia27H.wav,3,3,4,4,0.04679705678914962,0.0044677071262178136,0.028363196606081702,0.030888681291156628,0.8894833581873941
asthma_v2_pneumonia_P4Pneumonia39Q.wav,3,3,4,4,0.03242741513977259,0.008847539818683837,0.06594906297067048,0.02338338943318256,0.8693925926376903
asthma_v2_pneumonia_P4Pneumonia78E.wav,3,3,4,4,0.05369138003231799,0.010997672937339473,0.026380092224571997,0.007543816016474602,0.9013870387892958
asthma_v2_pneumonia_P5Pneumonia88J.wav,3,3,4,4,0.06537067818548264,0.018158452244181007,0.030923816426737357,0.01828217176855742,0.8672648813750412
asthma_v2_pneumonia_P5Pneumonia95V.wav,3,3,4,4,0.035705592949163166,0.004651507984085263,0.018140767374701234,0.015878722656826334,0.9256234090352238
asthma_v2_pneumonia_P6Pneumonia84M.wav,3,3,4,4,0.0327590705693088,0.004086530087449,0.028035281695718225,0.016149906783092357,0.9189692108644318
asthma_v2_pneumonia_P8Pneumonia11O.wav,3,3,4,4,0.4756917533413002,0.010457499710461267,0.006234419071786423,0.02984383534046938,0.4777724925359828
asthma_v2_pneumonia_P8Pneumonia23N.wav,3,3,4,4,0.4013175653309073,0.005713430082897295,0.012853024561352096,0.08296771723619148,0.4971482627886521
asthma_v2_pneumonia_P9Pneumonia31T.wav,3,3,4,4,0.25731866300455575,0.026631150661267627,0.073248609302679,0.011897593711727357,0.6309039833197699
asthma_v2_Bronchial_P10BronchialSc_46.wav,3,4,1,1,0.015996187354969757,0.7908542216136376,0.16175736211561018,0.013945301045403771,0.01744692787037876
asthma_v2_Bronchial_P10BronchialSc_50.wav,3,4,1,1,0.0332286130555164,0.9114234146571166,0.03076292831324135,0.01714954651543695,0.007435497458688601
asthma_v2_Bronchial_P11BronchialTc_51.wav,3,4,1,1,0.04599768315716497,0.887735088029966,0.043521301047865765,0.013376818106320257,0.00936910965868325
asthma_v2_Bronchial_P12BronchialSc_58.wav,3,4,1,0,0.9289006768884299,0.023708771463520656,0.027950062864843014,0.011290656389091627,0.008149832394114707
asthma_v2_Bronchial_P12BronchialSc_60.wav,3,4,1,3,0.4331807978793878,0.02168281313442856,0.012698494468141827,0.43358006902136054,0.09885782549668129
asthma_v2_Bronchial_P15BronchialSc_72.wav,3,4,1,1,0.003954257680877099,0.9811649958471542,0.0035305359407620572,0.00938992989930973,0.0019602806318968088
asthma_v2_Bronchial_P15BronchialSc_74.wav,3,4,1,1,0.00814832476611634,0.9050746190990651,0.07880854544338241,0.005567119188201663,0.0024013915032347335
asthma_v2_Bronchial_P16BronchialSc_76.wav,3,4,1,1,0.007344791444361214,0.9683716909444979,0.01199017890249884,0.003838128962559468,0.008455209746082614
asthma_v2_Bronchial_P16BronchialSc_80.wav,3,4,1,1,0.05647769066679137,0.8281061268320816,0.02969339626052754,0.03784490254032604,0.047877883700273356
asthma_v2_Bronchial_P18BronchialTc_87.wav,3,4,1,1,0.002491367785470597,0.9885694564992965,0.0014944413577194493,0.006225325917823852,0.0012194084396896295
asthma_v2_Bronchial_P19BronchialTc_95.wav,3,4,1,1,0.022050345868191483,0.9262693453399704,0.027409965496133906,0.015015058778688492,0.00925528451701565
asthma_v2_Bronchial_P1BronchialTc_3.wav,3,4,1,1,0.030095207780674656,0.9236159748389554,0.023357801823570567,0.01625208202892391,0.006678933527875026
asthma_v2_Bronchial_P20BronchialSc_96.wav,3,4,1,1,0.020663336967842557,0.9457471120296629,0.01226594872744812,0.010238194887990193,0.011085407387056117
asthma_v2_Bronchial_P20BronchialTc_97.wav,3,4,1,1,0.019853720680899162,0.8980520348147448,0.06836674535671743,0.00927253861610421,0.004454960531534073
asthma_v2_Bronchial_P21BronchialTc_101.wav,3,4,1,1,0.02411225275366739,0.9198443611814394,0.026349402254486887,0.016099195611977226,0.013594788198429224
asthma_v2_Bronchial_P2BronchialSc_10.wav,3,4,1,1,0.03472629963140834,0.878157104932898,0.04140413334258783,0.03607979270738338,0.009632669385722301
asthma_v2_Bronchial_P2BronchialTc_7.wav,3,4,1,1,0.07466121115970094,0.7868060575086212,0.057787039089810234,0.04490233152226273,0.035843360719605255
asthma_v2_Bronchial_P3BronchialSc_12.wav,3,4,1,1,0.02750377683138947,0.9227423102102758,0.022784436169486773,0.020370135257280656,0.006599341531567677
asthma_v2_Bronchial_P4BronchialSc_20.wav,3,4,1,1,0.004615882573624277,0.9796233848028172,0.002008249239492538,0.006976268264173544,0.006776215119892436
asthma_v2_Bronchial_P7BronchialTc_35.wav,3,4,1,1,0.003321942955339719,0.9849088130143301,0.005971831233035091,0.00399248139494191,0.0018049314023532784
asthma_v2_asthma_P10AsthmaRL_47.wav,3,4,0,0,0.9334296042995847,0.010001342478631678,0.008910648147852994,0.002624426325792903,0.045033978748137755
asthma_v2_asthma_P11WheezingRS_52.wav,3,4,0,0,0.8792420405326221,0.07668088595450717,0.011883198852138857,0.010371582000616669,0.02182229266011537
asthma_v2_asthma_P16WheezingRL_79.wav,3,4,0,4,0.42770665772399824,0.0019470007324952532,0.018925956318934043,0.027329892222825235,0.5240904930017471
asthma_v2_asthma_P16WheezingRS_80.wav,3,4,0,0,0.9355348514537954,0.03711155456886971,0.005960769260711039,0.0016682752651730128,0.01972454945145082
asthma_v2_asthma_P19WheezingIU_94.wav,3,4,0,0,0.7910818299811566,0.03984109181615301,0.04994529915820469,0.001134018571248152,0.1179977604732375
asthma_v2_asthma_P19WheezingRL_91.wav,3,4,0,0,0.9580283334630296,0.01344228919744129,0.004251885564552667,0.00029880911443433113,0.023978682660542233
asthma_v2_asthma_P1AsthmaIE_5.wav,3,4,0,0,0.8904125437165028,0.09279183962534657,0.006170555699767745,0.0008031699495615542,0.009821891008821424
asthma_v2_asthma_P20WheezingIE_97.wav,3,4,0,0,0.4026019986812183,0.12155541225463631,0.09237151184213932,0.052459222776621565,0.3310118544453841
asthma_v2_asthma_P20WheezingIU_98.wav,3,4,0,0,0.7026053713822272,0.04704000222533879,0.023611167359240282,0.12662593444314107,0.10011752459005244
asthma_v2_asthma_P21WheezingIE_105.wav,3,4,0,0,0.7265393431088735,0.030039137932677075,0.07073087093875549,0.009077169581759708,0.16361347843793442
asthma_v2_asthma_P21WheezingRL_103.wav,3,4,0,0,0.6592168552774116,0.009478929502688676,0.007701174162566872,0.05170792822234687,0.27189511283498574
asthma_v2_asthma_P22WheezingRL_107.wav,3,4,0,0,0.34011739365324417,0.06929702711876126,0.1002234128511791,0.09680056719324359,0.3935615991835724
asthma_v2_asthma_P23WheezingRL_115.wav,3,4,0,0,0.633836978720347,0.11437042491812795,0.17657093707103888,0.016580503715961075,0.05864115557452507
asthma_v2_asthma_P24WheezingRL_119.wav,3,4,0,0,0.9310499025649895,0.0047394600784324906,0.0022550575614921115,0.0001919726279051125,0.06176360716718061
asthma_v2_asthma_P24WheezingRS_120.wav,3,4,0,0,0.48895846952763866,0.03513689040022279,0.252704662874309,0.010270023549321107,0.21292995364850817
asthma_v2_asthma_P25WheezingIE_121.wav,3,4,0,0,0.4899343445658203,0.03516587230813338,0.43463198502312256,0.004054570051185537,0.036213228051737746
asthma_v2_asthma_P27WheezingIE_133.wav,3,4,0,3,0.414865753870701,0.006330527374506551,0.00527696998180344,0.47923196604262347,0.09429478273036532
asthma_v2_asthma_P28WheezingRL_139.wav,3,4,0,0,0.5930593538511567,0.2501565511499464,0.06593582313068366,0.0026010172666443565,0.08824725460156882
asthma_v2_asthma_P30WheezingRS_148.wav,3,4,0,0,0.8922311180631434,0.026524211670305956,0.0032780230484280135,0.0017322936970019449,0.07623435352112053
asthma_v2_asthma_P34WheezingIE_169.wav,3,4,0,0,0.9689631134599751,0.0019914861303752395,0.0013635974301005667,0.0015925203601813405,0.026089282619367864
asthma_v2_asthma_P34WheezingRS_168.wav,3,4,0,0,0.9466524722719191,0.006337950780483274,0.003342368876320294,0.0020943075550760577,0.041572900516201244
asthma_v2_asthma_P35WheezingIU_174.wav,3,4,0,0,0.7068718183926259,0.1587334092739818,0.061586509651851605,0.011303768159906994,0.061504494521633604
asthma_v2_asthma_P37WheezingIE_185.wav,3,4,0,0,0.8113302919847487,0.08851550068870556,0.05345030608040985,0.004999612662565838,0.041704288583569935
asthma_v2_asthma_P37WheezingRS_184.wav,3,4,0,0,0.858769455702528,0.07587678346763267,0.017970523448760902,0.006714871717891831,0.04066836566318677
asthma_v2_asthma_P39WheezingRL_191.wav,3,4,0,0,0.7886433931462014,0.010820369985954896,0.06445707806612783,0.0017169215694888675,0.1343622372322268
asthma_v2_asthma_P39WheezingRL_195.wav,3,4,0,0,0.922824993865053,0.03812041429903117,0.012687470992332979,0.000905114730816841,0.025462006112766215
asthma_v2_asthma_P3AsthmaRL_11.wav,3,4,0,0,0.7230179814191732,0.006672250959801164,0.049626541772430734,0.0050210606916356575,0.2156621651569595
asthma_v2_asthma_P3AsthmaRL_15.wav,3,4,0,0,0.9302722007293648,0.007738833002514127,0.013872283139533346,0.0023290908377739668,0.045787592290813924
asthma_v2_asthma_P40WheezingIE_197.wav,3,4,0,0,0.9319169445035168,0.03576683748675673,0.024970935865603092,0.0004493956972113343,0.0068958864469116764
asthma_v2_asthma_P40WheezingRL_199.wav,3,4,0,0,0.958164350723521,0.007592360419210226,0.020747227861363265,0.00024707567550449796,0.013248985320400811
asthma_v2_asthma_P41WheezingRL_203.wav,3,4,0,2,0.20481896868607585,0.001669703814004717,0.7911127021914054,0.00016119940041096258,0.002237425908102874
asthma_v2_asthma_P42WheezingIU_206.wav,3,4,0,2,0.11360829643284999,0.002935471816023697,0.874539853671926,0.0022534880326175615,0.006662890046582753
asthma_v2_asthma_P42WheezingIU_210.wav,3,4,0,0,0.6294423491460334,0.00857489266492476,0.33920641683783836,0.005605380273234501,0.017170961077969366
asthma_v2_asthma_P42WheezingRL_207.wav,3,4,0,2,0.16278310780924002,0.008232916751421912,0.815154557665816,0.0015390980164782882,0.01229031975704362
asthma_v2_asthma_P43WheezingIE_213.wav,3,4,0,0,0.6296968233261679,0.01891768987490664,0.32696019792958436,0.011354679053678285,0.01307060981566265
asthma_v2_asthma_P44WheezingIE_217.wav,3,4,0,0,0.926020217922455,0.003572352965682364,0.01753849494457567,0.0006909906584320514,0.05217794350885471
asthma_v2_asthma_P46WheezingIU_230.wav,3,4,0,0,0.8575820943216007,0.010658550500393632,0.045958986393103675,0.003639220087784869,0.08216114869711741
asthma_v2_asthma_P49WheezingIE_241.wav,3,4,0,0,0.7979524094124555,0.009703606824186533,0.010549545979335046,0.0025166501237819947,0.17927778766024033
asthma_v2_asthma_P4AsthmaRL_19.wav,3,4,0,0,0.9355903500740201,0.034004993499544486,0.005319230972847726,0.0014710358855025715,0.02361438956808539
asthma_v2_asthma_P4AsthmaRS_20.wav,3,4,0,0,0.9222599536913539,0.03707451093678288,0.006327230888136928,0.0028353831243037426,0.03150292135942266
asthma_v2_asthma_P50WheezingRL_247.wav,3,4,0,0,0.9341459401465577,0.007607270643694062,0.015943068714359826,0.00501065431394121,0.03729306618144741
asthma_v2_asthma_P52WheezingIU_258.wav,3,4,0,0,0.9360262415872435,0.0023165936691336535,0.033581405422015,0.0014004780119540455,0.026675281309654054
asthma_v2_asthma_P52WheezingRL_259.wav,3,4,0,0,0.8980539878895729,0.02565007063311526,0.016118649689699453,0.001465156993813333,0.05871213479379895
asthma_v2_asthma_P52WheezingRS_260.wav,3,4,0,0,0.8870952946466674,0.011802562590659045,0.016981708582614937,0.0016696356842936266,0.08245079849576549
asthma_v2_asthma_P53WheezingRL_263.wav,3,4,0,4,0.053939998815531534,0.026614226718940273,0.1157122235016108,0.03829072627007235,0.7654428246938448
asthma_v2_asthma_P54WheezingRL_267.wav,3,4,0,3,0.02002030356053606,0.07906955056157433,0.06189007402973387,0.6460634830541504,0.19295658879400537
asthma_v2_asthma_P54WheezingRS_268.wav,3,4,0,3,0.051721605197390524,0.14980878834960967,0.07098811935084894,0.35542022417980396,0.3720612629223471
asthma_v2_asthma_P55WheezingIE_273.wav,3,4,0,3,0.032423046978306246,0.0038442191356610846,0.06874602839886464,0.26022473208968055,0.6347619733974874
asthma_v2_asthma_P55WheezingIU_274.wav,3,4,0,4,0.03810606226576752,0.0029339098889383805,0.005309930839399193,0.23541896997295056,0.7182311270329442
asthma_v2_asthma_P56WheezingIU_278.wav,3,4,0,4,0.2457925266496015,0.012344941074955368,0.0007704192233085622,0.0018543853141306647,0.7392377277380039
asthma_v2_asthma_P56WheezingRS_280.wav,3,4,0,3,0.1941060680687498,0.0042567270122934224,0.007655673025950343,0.43980601116679213,0.3541755207262142
asthma_v2_asthma_P57WheezingIE_285.wav,3,4,0,4,0.21902782552906563,0.08459412938053738,0.00744688953556514,0.06331180215736351,0.6256193533974682
asthma_v2_asthma_P58WheezingRS_288.wav,3,4,0,4,0.1737241499339176,0.005818064358529808,0.0032800378876566704,0.0038822670276742505,0.8132954807922214
asthma_v2_asthma_P6AsthmaIE_29.wav,3,4,0,0,0.9230371831892269,0.04014230588907205,0.009855049925460886,0.0015546957553082804,0.025410765240931905
asthma_v2_asthma_P6AsthmaRL_27.wav,3,4,0,0,0.7424771869353759,0.004741439943354825,0.010390040667033737,0.009545375440280097,0.23284595701395558
asthma_v2_asthma_P8AsthmaIU_38.wav,3,4,0,0,0.9381474818328792,0.006027002624359555,0.01936822334188979,0.012085474087587193,0.024371818113284132
asthma_v2_asthma_P8AsthmaRL_39.wav,3,4,0,0,0.8799846837417286,0.018685991418148105,0.033565081308419134,0.007258804812516173,0.06050543871918786
asthma_v2_asthma_P8AsthmaRS_40.wav,3,4,0,0,0.6974464177775928,0.027452729011955425,0.04951554064684779,0.0058428522929462896,0.21974246027065822
asthma_v2_copd_P11COPDMc_84.wav,3,4,2,2,0.020499649266821424,0.0016243602016954549,0.9762902375022076,0.0004114721900994655,0.0011742808391760637
asthma_v2_copd_P11COPDPr_85.wav,3,4,2,2,0.06399736785637455,0.03191037284216257,0.8920655656002252,0.0011790612844780552,0.010847632416759316
asthma_v2_copd_P12COPDMc_96.wav,3,4,2,2,2.2787800862118286e-07,5.05028838632349e-07,0.9999691703136357,2.3614345006339308e-05,6.482434510488662e-06
asthma_v2_copd_P13COPDMc_104.wav,3,4,2,2,0.0014237885058883122,0.0009431892161261869,0.9953751254571742,0.00017648389616773728,0.0020814129246435227
asthma_v2_copd_P14COPDMc_110.wav,3,4,2,2,0.027844509693671773,0.005413363774370726,0.9291610722436481,0.0007061905173305071,0.036874863770978615
asthma_v2_copd_P14COPDPr_107.wav,3,4,2,2,0.18633388797745454,0.007383517947763961,0.7924881336424398,0.00031750584469157747,0.013476954587650558
asthma_v2_copd_P15COPDMc_116.wav,3,4,2,2,0.005907338600431668,0.0017187390207891488,0.99186376239276,0.0002137277790948122,0.0002964322069244081
asthma_v2_copd_P16COPDMc_128.wav,3,4,2,2,8.858945424378263e-07,6.417456419335909e-07,0.999819125977741,4.441474647780488e-06,0.00017490490742681867
asthma_v2_copd_P19COPDPr_151.wav,3,4,2,2,0.0015831447356860328,0.0010214899465502984,0.9966700811448373,0.00022798413829406005,0.0004973000346322928
asthma_v2_copd_P1COPDMc_4.wav,3,4,2,2,0.00545026158711404,0.0013109362709823908,0.8691399029832559,0.00804035541444815,0.11605854374419969
asthma_v2_copd_P1COPDMc_6.wav,3,4,2,2,0.0014602849997437176,0.00030898071634410696,0.9826291782002721,0.000507032250634052,0.015094523833005689
asthma_v2_copd_P1COPDPr_7.wav,3,4,2,2,0.0006678074960316492,0.001119083637186267,0.995619344213733,0.0006886578925362431,0.0019051067605129395
asthma_v2_copd_P20COPDMc_160.wav,3,4,2,2,0.0009954193375245632,7.259866980344083e-05,0.9979803779160874,0.00047790149745847836,0.00047370257912620565
asthma_v2_copd_P21COPDMc_162.wav,3,4,2,2,0.0035568256361483215,0.001674022825949845,0.9930547857092953,0.000534804819871654,0.001179561008734673
asthma_v2_copd_P22COPDMc_170.wav,3,4,2,2,0.001964035985263996,0.0007255868803252747,0.9924520332411145,0.0021082616668814044,0.00275008222641458
asthma_v2_copd_P22COPDMc_172.wav,3,4,2,2,0.0005038599645074163,0.000523733903131283,0.9907169864997496,0.006227675576612359,0.0020277440559993477
asthma_v2_copd_P22COPDMc_176.wav,3,4,2,2,0.0014690025535506884,0.0010044483025461882,0.9814567449855445,0.006273454370818758,0.00979634978753963
asthma_v2_copd_P22COPDPr_171.wav,3,4,2,2,0.0004697654666271632,0.0004041418201522271,0.9840820295180664,0.011781441056595147,0.0032626221385591825
asthma_v2_copd_P25COPDPr_193.wav,3,4,2,2,0.0005482506080664457,0.00019877565097173587,0.9975660127499114,0.0012981486059774293,0.0003888123850728854
asthma_v2_copd_P25COPDPr_195.wav,3,4,2,2,0.00020774507845442824,0.004734095305318831,0.9892281066561455,0.005252778499502198,0.0005772744605790598
asthma_v2_copd_P25COPDPr_197.wav,3,4,2,2,0.000549865956979312,0.00030964307242266565,0.9984737555266724,0.0005188638679016566,0.000147871576023913
asthma_v2_copd_P26COPDMc_202.wav,3,4,2,2,1.284723342587619e-07,1.4514941897441726e-07,0.999853435384098,7.871923698313678e-05,6.75717571658104e-05
asthma_v2_copd_P26COPDPr_205.wav,3,4,2,2,0.0004700296859865813,9.128582190359526e-05,0.9991877639851723,7.212927981695169e-05,0.00017879122712075564
asthma_v2_copd_P27COPDMc_212.wav,3,4,2,2,8.125960287722791e-08,1.0597722150805905e-07,0.999980248453729,1.017970809085974e-05,9.384601355845224e-06
asthma_v2_copd_P27COPDPr_213.wav,3,4,2,2,0.0011152517785352452,0.00061661578023844,0.9975608297298666,0.0002588864342030764,0.00044841627715659215
asthma_v2_copd_P28COPDMc_222.wav,3,4,2,2,9.095012271553649e-08,1.8246735702325856e-07,0.999974802315423,4.56852432306191e-06,2.035574277404398e-05
asthma_v2_copd_P29COPDPr_229.wav,3,4,2,2,8.256047443501805e-08,1.240606854735204e-07,0.9999605280371641,3.0117390637675205e-05,9.147951038402758e-06
asthma_v2_copd_P2COPDMc_12.wav,3,4,2,2,0.15780766433603455,0.0030258540035204545,0.8247194603641917,0.002606939579780495,0.011840081716472904
asthma_v2_copd_P2COPDMc_14.wav,3,4,2,2,0.0040827061842666785,0.00024572111350833534,0.9950393624080268,0.00040164651958148756,0.00023056377461663392
asthma_v2_copd_P30COPDMc_234.wav,3,4,2,2,0.009416905729085323,0.0004362425117524001,0.9645671758073278,0.0013016346257628574,0.024278041326071517
asthma_v2_copd_P30COPDPr_233.wav,3,4,2,2,0.0017893850206271975,0.00017065125590246625,0.9954512299378934,0.0003610148293134862,0.002227718956263444
asthma_v2_copd_P30COPDPr_237.wav,3,4,2,2,0.0008451602443401243,0.0008284882217638288,0.9978483637742988,0.00027869293883747763,0.000199294820759768
asthma_v2_copd_P31COPDPr_247.wav,3,4,2,2,0.0024142308649262997,0.0009808604983232718,0.9954391941089675,0.0006310405759856121,0.0005346739517971594
asthma_v2_copd_P32COPDPr_251.wav,3,4,2,2,0.09747405129194343,0.006914513041721496,0.888479076222502,0.0004004260472986894,0.006731933396534314
asthma_v2_copd_P33COPDMc_264.wav,3,4,2,2,0.002094850151823438,0.01974277777830007,0.977041267646663,0.00020985977844098334,0.0009112446447724638
asthma_v2_copd_P33COPDPr_263.wav,3,4,2,2,0.008428043238671802,0.18792432999714428,0.7925933142188364,0.00782398922790443,0.003230323317443116
asthma_v2_copd_P34COPDPr_267.wav,3,4,2,2,0.013646876851145328,0.09988598199883798,0.8820047160572229,0.0013136594215175932,0.003148765671275755
asthma_v2_copd_P35COPDMc_274.wav,3,4,2,2,0.0009077009582062305,0.0017777109895051077,0.9854304000596852,0.0017406687892584463,0.010143519203345322
asthma_v2_copd_P35COPDPr_279.wav,3,4,2,2,0.0008013373050882679,0.00034307637426862997,0.9981118385276481,0.0004192646133727157,0.0003244831796217229
asthma_v2_copd_P36COPDMc_288.wav,3,4,2,2,0.006188619768040854,0.009878318160795452,0.978059287576393,0.004159069215114636,0.0017147052796560455
asthma_v2_copd_P37COPDMc_294.wav,3,4,2,2,0.006836643714821449,0.0028388468864413347,0.987613808005221,0.0013571220048415912,0.0013535793886747813
asthma_v2_copd_P37COPDPr_295.wav,3,4,2,2,0.019288347057383116,0.0038813432921670802,0.9720516844988263,0.002267272028917846,0.002511353122705877
asthma_v2_copd_P38COPDMc_298.wav,3,4,2,2,0.09743565970087584,0.00470593040581495,0.8819069646940746,0.0006500756348089975,0.015301369564425554
asthma_v2_copd_P38COPDMc_304.wav,3,4,2,2,0.019274258189046087,0.000682091940960769,0.9055237411963865,0.009886926989537633,0.06463298168406907
asthma_v2_copd_P38COPDPr_301.wav,3,4,2,2,0.016241761587996333,0.004078774807597084,0.9755728840399988,0.0012247022004816836,0.002881877363925734
asthma_v2_copd_P39COPDMc_310.wav,3,4,2,2,0.0006207216863286341,0.0020346537759852235,0.995836171521783,0.0004901081400332616,0.0010183448758699343
asthma_v2_copd_P39COPDMc_312.wav,3,4,2,2,0.0023437217566684753,0.02221645044830751,0.971707176888787,0.0016777708961520344,0.0020548800100847926
asthma_v2_copd_P39COPDPr_305.wav,3,4,2,2,0.01974281187393009,0.0005953100882173724,0.9549758894060271,0.0062360698470463796,0.018449918784778835
asthma_v2_copd_P3COPDMc_22.wav,3,4,2,2,0.04803218594069936,0.0028909625098122982,0.9478246772912859,0.000446353372976443,0.0008058208852256537
asthma_v2_copd_P3COPDPr_19.wav,3,4,2,2,0.0022932416162485393,0.0003002068875127904,0.9972017523282455,0.00010292981541627412,0.00010186935257714041
asthma_v2_copd_P3COPDPr_23.wav,3,4,2,2,0.01905527355256835,0.001784971151797369,0.9783638593414424,0.0004018636158136748,0.0003940323383782498
asthma_v2_copd_P40COPDMc_314.wav,3,4,2,2,0.00144181291298759,0.03581705999340261,0.9603751421829325,0.0010036774126737302,0.0013623074980032791
asthma_v2_copd_P42COPDMc_332.wav,3,4,2,2,1.7132686653603405e-07,2.5591376022152273e-07,0.9999003158092663,6.42579506780103e-05,3.4998999428925374e-05
asthma_v2_copd_P42COPDMc_334.wav,3,4,2,2,9.209326154100942e-06,1.0134875242590826e-05,0.9960520025917827,0.0033472521941563327,0.0005814010126643249
asthma_v2_copd_P43COPDMc_344.wav,3,4,2,2,0.00017265468209197646,0.0018474665293421962,0.9968622508749219,0.00027269101755081706,0.0008449368960930731
asthma_v2_copd_P44COPDMc_348.wav,3,4,2,4,0.01454890974320559,0.004427443984150947,0.6345981193750428,0.014210990092901086,0.33221453680469926
asthma_v2_copd_P44COPDMc_352.wav,3,4,2,2,0.00025421200695403926,0.00039794138940692865,0.9979768259948661,0.0007541513569459574,0.0006168692518271941
asthma_v2_copd_P45COPDMc_356.wav,3,4,2,2,2.638242924986011e-07,1.9895536848933888e-07,0.9995634027419371,0.0003044863550253569,0.00013164812337656626
asthma_v2_copd_P45COPDMc_358.wav,3,4,2,3,0.06825466980681652,0.030130118362045887,0.45292134066397854,0.37603682609340416,0.07265704507375481
asthma_v2_copd_P45COPDMc_360.wav,3,4,2,3,0.014758314271260136,0.006224294080561755,0.47634602184369873,0.39187488784835833,0.11079648195612112
asthma_v2_copd_P45COPDPr_355.wav,3,4,2,2,3.4987997671161595e-08,3.127934672162281e-08,0.9998598277485452,0.00010632284809304581,3.3783136017379744e-05
asthma_v2_copd_P45COPDPr_359.wav,3,4,2,3,0.01501306106689737,0.006314928468373976,0.4382275158524417,0.4291870542523459,0.11125744035994131
asthma_v2_copd_P46COPDMc_364.wav,3,4,2,4,0.004188836892007958,0.0003485768769612172,0.34535984550150556,0.005840114961364168,0.644262625768161
asthma_v2_copd_P46COPDPr_365.wav,3,4,2,2,0.003225908504581607,0.00018961823559335587,0.9146993355159873,0.01355338615290754,0.06833175159093025
asthma_v2_copd_P47COPDPr_375.wav,3,4,2,2,0.001060494825913371,0.013978361312995879,0.971092909237635,0.01094532975359947,0.0029229048698564647
asthma_v2_copd_P48COPDMc_378.wav,3,4,2,2,0.008540733903296977,0.005715146026035951,0.9824659565142568,0.0014445753192543734,0.0018335882371557793
asthma_v2_copd_P48COPDMc_380.wav,3,4,2,2,0.06662007353082593,0.1149324490637261,0.7965117399402337,0.0113387170185601,0.010597020446654089
asthma_v2_copd_P48COPDMc_384.wav,3,4,2,2,0.00039967236243135056,0.0005827188993463491,0.9975148291155693,0.0008212257982823504,0.000681553824370489
asthma_v2_copd_P48COPDPr_377.wav,3,4,2,2,0.0008500344191399783,0.002367707552867092,0.9889622266425276,0.006376723708178985,0.0014433076772865337
asthma_v2_copd_P49COPDMc_390.wav,3,4,2,2,0.0001130854380476507,0.0023675999697939693,0.9903664745928131,0.005861867196090312,0.0012909728032549602
asthma_v2_copd_P49COPDPr_391.wav,3,4,2,2,0.0001722406615870721,0.0005693213028943532,0.9989500087833949,0.00015901877548925276,0.0001494104766344821
asthma_v2_copd_P50COPDMc_398.wav,3,4,2,2,0.0005552765557811106,0.0004270781275688684,0.998565807115811,0.00023408218357543812,0.00021775601726321835
asthma_v2_copd_P50COPDPr_399.wav,3,4,2,2,0.0019534892569696457,0.0003222465440584625,0.9965036930563137,0.0007013493362723178,0.00051922180638589
asthma_v2_copd_P5COPDMc_36.wav,3,4,2,2,0.0014794303826789691,0.0015755722849998218,0.969812144482659,0.003808703921650841,0.023324148928011313
asthma_v2_copd_P6COPDPr_43.wav,3,4,2,2,0.0009596464927358926,0.00036190091498408076,0.993984952762569,0.002040675739372494,0.0026528240903386313
asthma_v2_copd_P7COPDMc_56.wav,3,4,2,2,0.005084984995547232,0.002492927787129254,0.9894674517593489,0.002101977723409851,0.0008526577345648055
asthma_v2_copd_P7COPDPr_53.wav,3,4,2,2,0.0034286466632679796,0.001447701924102538,0.9912156261802593,0.00284711936943886,0.0010609058629309723
asthma_v2_copd_P8COPDMc_62.wav,3,4,2,2,4.432124310737829e-07,2.8520043260950523e-07,0.9999423283204953,1.6119746771537128e-05,4.082351986954975e-05
asthma_v2_copd_P8COPDPr_59.wav,3,4,2,2,0.0011811391239444295,0.00024953771453683246,0.9977754023469232,0.0001543357286414998,0.000639585085954306
asthma_v2_copd_P9COPDMc_68.wav,3,4,2,2,5.7540863850402e-07,4.495165646878287e-07,0.9996232623512786,7.996420598690228e-05,0.00029574851753124857
asthma_v2_healthy_P12Healthy99S.wav,3,4,3,3,0.00455344234947865,0.005317269786962076,0.028174121237155462,0.949604588856945,0.012350577769458793
asthma_v2_healthy_P13Healthy48S.wav,3,4,3,3,0.013131647444738498,0.012620747978622743,0.028331800265497985,0.9304244949270825,0.015491309384058434
asthma_v2_healthy_P15Healthy61S.wav,3,4,3,3,0.0205353718615129,0.0068986868959249265,0.0027838985257360198,0.5271119978958625,0.4426700448209644
asthma_v2_healthy_P16Healthy18S.wav,3,4,3,3,0.0205353718615129,0.0068986868959249265,0.0027838985257360198,0.5271119978958625,0.4426700448209644
asthma_v2_healthy_P16Healthy19S.wav,3,4,3,3,0.01556398646083017,0.006317755550272811,0.0023720589679407677,0.6737848261938101,0.30196137282714636
asthma_v2_healthy_P17Healthy35S.wav,3,4,3,3,0.004759328406717441,0.009164069014942516,0.0029630211420982253,0.888072769985555,0.09504081145068688
asthma_v2_healthy_P18Healthy17S.wav,3,4,3,3,0.004952938797377336,0.0007762410898844766,0.007920104630997514,0.9682495848964701,0.018101130585270846
asthma_v2_healthy_P18Healthy59S.wav,3,4,3,3,0.050215974517965965,0.15739509610636931,0.02263482662263781,0.6755128088214438,0.09424129393158306
asthma_v2_healthy_P19Healthy62S.wav,3,4,3,3,0.000821114626690144,0.0004626861096877938,0.000140463807347861,0.993719264038967,0.004856471417307089
asthma_v2_healthy_P1Healthy55S.wav,3,4,3,3,0.002375839334123497,0.002337387835087895,0.020354330349482027,0.9485950224475835,0.02633742003372296
asthma_v2_healthy_P1Healthy99S.wav,3,4,3,3,0.00668970657456859,0.0079484212492002,0.0807665055925849,0.7638795343957511,0.14071583218789505
asthma_v2_healthy_P22Healthy50S.wav,3,4,3,3,0.07994153341445172,0.003779839346768957,0.004628124007319499,0.8249347583703408,0.08671574486111931
asthma_v2_healthy_P24Healthy58S.wav,3,4,3,3,0.0014180543066072394,0.006987125221331174,0.0008670873647754678,0.9734123029043925,0.01731543020289349
asthma_v2_healthy_P26Healthy32S.wav,3,4,3,3,0.056336106559163705,0.01729277583529737,0.09996156436296079,0.300290712166214,0.5261188410763642
asthma_v2_healthy_P27Healthy30S.wav,3,4,3,3,0.0013155273141143634,0.0027689231870664664,0.00046551137860857157,0.9909921251963909,0.004457912923819763
asthma_v2_healthy_P2Healthy43S.wav,3,4,3,3,0.03875247656024306,0.01272359769422968,0.04100967907279479,0.6736518133887526,0.23386243328397993
asthma_v2_healthy_P2Healthy89S.wav,3,4,3,3,0.008039115992651205,0.0010003189338256406,0.0038123518390104708,0.8751689062699969,0.11197930696451587
asthma_v2_healthy_P3Healthy44S.wav,3,4,3,3,0.006135216691715812,0.004703443029421465,0.01973646518546797,0.9608209757355202,0.00860389935787471
asthma_v2_healthy_P3Healthy49S.wav,3,4,3,3,0.005857737111609279,0.02442759689681709,0.012889877095399689,0.8901047267874778,0.06672006210869637
asthma_v2_healthy_P3Healthy60S.wav,3,4,3,3,0.0061300010873358785,0.037432298339624026,0.012402519248306983,0.8794681225723998,0.06456705875233314
asthma_v2_healthy_P4Healthy22S.wav,3,4,3,3,0.05466397514042707,0.1561578769984951,0.07041695728477297,0.4042935232101259,0.3144676673661792
asthma_v2_healthy_P5Healthy92S.wav,3,4,3,3,0.0010693900115197475,0.00044273022343399116,0.0028821107346411697,0.9842999800470026,0.011305788983402428
asthma_v2_healthy_P5Healthy96S.wav,3,4,3,3,0.006087464458931066,0.0005244305539048161,0.002365239985092836,0.9527985394178354,0.03822432558423568
asthma_v2_healthy_P6Healthy77S.wav,3,4,3,3,0.0457070365004599,0.0023623538265203897,0.0342568344949308,0.6880836367314792,0.22959013844660933
asthma_v2_healthy_P7Healthy39S.wav,3,4,3,3,0.0015933089873381152,0.007687551598136494,0.0052368473615052175,0.9815893385672614,0.0038929534857588192
asthma_v2_healthy_P8Healthy33S.wav,3,4,3,3,0.11897771871996647,0.04010339920284836,0.11147965623161495,0.6867561593460628,0.04268306649950756
asthma_v2_healthy_P8Healthy70S.wav,3,4,3,3,0.03061152001978932,0.057075961711053,0.05432200876488339,0.8142996681504002,0.04369084135387391
asthma_v2_pneumonia_P10Pneumonia52A.wav,3,4,4,4,0.04297539323982293,0.011057828110277486,0.01862221264756938,0.00439449866114595,0.9229500673411843
asthma_v2_pneumonia_P10Pneumonia88R.wav,3,4,4,4,0.17510065017148255,0.00774218952215941,0.006521728421021269,0.0031724787981000494,0.8074629530872366
asthma_v2_pneumonia_P10Pneumonia97B.wav,3,4,4,4,0.34126527777460236,0.0182392468792695,0.05534653406980477,0.0013573379089749772,0.5837916033673486
asthma_v2_pneumonia_P11Pneumonia12W.wav,3,4,4,4,0.314372810205388,0.01713540523444844,0.008620410546546503,0.033296324541942306,0.6265750494716745
asthma_v2_pneumonia_P11Pneumonia18T.wav,3,4,4,4,0.12617253454308996,0.010609911473754063,0.10353568371386036,0.004916129503821628,0.7547657407654742
asthma_v2_pneumonia_P11Pneumonia41N.wav,3,4,4,4,0.1191359075643371,0.0007659549985962853,0.0027432760624391582,0.08625088286852661,0.7911039785061013
asthma_v2_pneumonia_P13Pneumonia33Z.wav,3,4,4,4,0.09650790384191651,0.0015148663733029566,0.0039848146266950515,0.039700751588935705,0.8582916635691498
asthma_v2_pneumonia_P13Pneumonia94T.wav,3,4,4,4,0.032252671647207194,0.018794722081498162,0.022612984551315697,0.013137403417064281,0.9132022183029145
asthma_v2_pneumonia_P14Pneumonia40M.wav,3,4,4,3,0.022960162823921146,0.003727965705206452,0.0008489740563432019,0.6794489972389092,0.29301390017562023
asthma_v2_pneumonia_P15Pneumonia56Z.wav,3,4,4,4,0.1173716277785049,0.01696017463984189,0.07131520235015362,0.0047856903615956774,0.789567304869904
asthma_v2_pneumonia_P15Pneumonia81V.wav,3,4,4,4,0.030050317053188065,0.0034783560723778985,0.00021552667248835164,0.001032639927509996,0.9652231602744358
asthma_v2_pneumonia_P18Pneumonia16E.wav,3,4,4,4,0.023174908232366884,0.004316495179733202,0.00025857766270145883,0.003029021995791635,0.969220996929407
asthma_v2_pneumonia_P20Pneumonia27V.wav,3,4,4,4,0.1602340615330576,0.0007430019606285729,0.0019371869822454072,0.05090596272155114,0.7861797868025174
asthma_v2_pneumonia_P20Pneumonia31P.wav,3,4,4,3,0.06990086062820633,0.0016885032753347073,0.0025679913581557238,0.6986654111819832,0.22717723355631983
asthma_v2_pneumonia_P20Pneumonia58T.wav,3,4,4,4,0.18329103839588018,0.0015760398297865901,0.0023359488755597645,0.19305935004065675,0.6197376228581168
asthma_v2_pneumonia_P20Pneumonia84L.wav,3,4,4,3,0.054050351761876586,0.001915897198530489,0.003638704858817174,0.6049608130186824,0.3354342331620936
asthma_v2_pneumonia_P21Pneumonia12C.wav,3,4,4,4,0.11144903613578207,0.014858432468026159,0.0497862760604257,0.05211869007606307,0.7717875652597032
asthma_v2_pneumonia_P22Pneumonia27A.wav,3,4,4,0,0.4684403970722966,0.010909056943077176,0.05938325136711445,0.051011584541831675,0.41025571007568
asthma_v2_pneumonia_P22Pneumonia55C.wav,3,4,4,4,0.27599116276525526,0.01493373374155788,0.06251645402513088,0.0790362377091652,0.5675224117588905
asthma_v2_pneumonia_P24Pneumonia54A.wav,3,4,4,4,0.11425477447795562,0.005078569504138173,0.002684106591896905,0.0020315211461377357,0.8759510282798715
asthma_v2_pneumonia_P24Pneumonia91X.wav,3,4,4,4,0.0919651597161989,0.006336365476004529,0.05252376039329014,0.035985288131764374,0.8131894262827417
asthma_v2_pneumonia_P25Pneumonia11Z.wav,3,4,4,3,0.06324855997755052,0.05602031754426916,0.06661545824581158,0.4056789016589798,0.4084367625733893
asthma_v2_pneumonia_P26Pneumonia12X.wav,3,4,4,4,0.022307312372974574,0.0077407923697439185,0.004650202579686973,0.0937302201103249,0.8715714725672699
asthma_v2_pneumonia_P27Pneumonia48G.wav,3,4,4,4,0.016404505537651794,0.0027038486679649754,0.057352106163274755,0.00048118598894900414,0.9230583536421598
asthma_v2_pneumonia_P28Pneumonia56Y.wav,3,4,4,4,0.034721160703713554,0.01654318639628461,0.002035218838878976,0.01412953799904602,0.932570896062077
asthma_v2_pneumonia_P29Pneumonia14M.wav,3,4,4,4,0.03375402490170932,0.002835949396510906,0.0005102040330867661,0.0004000534429665678,0.9624997682257261
asthma_v2_pneumonia_P29Pneumonia18M.wav,3,4,4,4,0.005359578422028921,0.01189029164031307,0.0016097562719124658,0.04130255500851035,0.939837818657235
asthma_v2_pneumonia_P29Pneumonia82U.wav,3,4,4,4,0.040868486872829804,0.012825398734589329,0.001339458906419073,0.01634604500573022,0.9286206104804314
asthma_v2_pneumonia_P2Pneumonia11Q.wav,3,4,4,4,0.06787011225232167,0.0026943563612874455,0.0008241525929636037,0.0007232001208682077,0.9278881786725589
asthma_v2_pneumonia_P31Pneumonia14Q.wav,3,4,4,4,0.023973297958880476,0.015351585955300387,0.008282309322659841,0.0045970673650342865,0.947795739398125
asthma_v2_pneumonia_P31Pneumonia43V.wav,3,4,4,4,0.15742264906721956,0.01313586660965304,0.005566855933418963,0.0030322157400447585,0.8208424126496637
asthma_v2_pneumonia_P31Pneumonia47J.wav,3,4,4,4,0.01547566225055651,0.004797894790254142,0.00022490567783462547,0.012435472728577241,0.9670660645527777
asthma_v2_pneumonia_P32Pneumonia66M.wav,3,4,4,4,0.0532778043890276,0.0075274459513658895,0.00044788950768365367,0.01974515877413149,0.9190017013777915
asthma_v2_pneumonia_P33Pneumonia88U.wav,3,4,4,4,0.010114128933652367,0.003675321336131126,0.00025709551507414413,0.001375029997521948,0.9845784242176204
asthma_v2_pneumonia_P35Pneumonia99V.wav,3,4,4,4,0.048737300937900595,0.006681777037428377,0.0008661194854090802,0.015399721319205882,0.9283150812200558
asthma_v2_pneumonia_P36Pneumonia86S.wav,3,4,4,0,0.9093154302265978,0.014352770254255208,0.0208625557647952,0.01709670821361993,0.03837253554073207
asthma_v2_pneumonia_P37Pneumonia84E.wav,3,4,4,4,0.3394349399006125,0.020499498860592432,0.03274690863650515,0.06937469536522216,0.537943957237068
asthma_v2_pneumonia_P38Pneumonia41S.wav,3,4,4,0,0.8211664735745371,0.017322042716336125,0.007729299060063774,0.006304682655294141,0.14747750199376922
asthma_v2_pneumonia_P39Pneumonia49H.wav,3,4,4,0,0.7429558512620221,0.005810024312776777,0.0025331898728209994,0.008255595576465392,0.24044533897591483
asthma_v2_pneumonia_P39Pneumonia87S.wav,3,4,4,4,0.2102993736709852,0.03517473189991112,0.034857229853192784,0.0049295176092637805,0.714739146966647
asthma_v2_pneumonia_P3Pneumonia75Z.wav,3,4,4,2,0.005689368666926856,0.0017142247813396248,0.6213222818515376,0.14925572793141212,0.2220183967687835
asthma_v2_pneumonia_P40Pneumonia91V.wav,3,4,4,0,0.5982346927451908,0.032826046558542044,0.1605560364221102,0.006222833751748964,0.2021603905224078
asthma_v2_pneumonia_P41Pneumonia71Q.wav,3,4,4,0,0.9456521957301003,0.0007782704099322141,0.005797178125932756,0.0043029293641549645,0.043469426369879445
asthma_v2_pneumonia_P41Pneumonia72U.wav,3,4,4,0,0.9108536937610814,0.02017802968105626,0.008063549951299558,0.00037977731118018235,0.06052494929538272
asthma_v2_pneumonia_P42Pneumonia47W.wav,3,4,4,0,0.81614455903872,0.027245100347698167,0.022697159595088064,0.011173669259189885,0.12273951175930409
asthma_v2_pneumonia_P44Pneumonia49B.wav,3,4,4,4,0.0591427445055726,0.006588192200720339,0.015524953277244164,0.007398442401094799,0.9113456676153677
asthma_v2_pneumonia_P44Pneumonia71M.wav,3,4,4,4,0.009183749244436193,0.006558363115987949,0.013906285825329556,0.012540609679339954,0.9578109921349065
asthma_v2_pneumonia_P45Pneumonia25T.wav,3,4,4,4,0.06276821000509644,0.002128651124201196,0.017415439819616522,0.013620814607601792,0.9040668844434843
asthma_v2_pneumonia_P47Pneumonia24N.wav,3,4,4,4,0.054730473570893654,0.002928432230354776,0.03146207122142313,0.0018416557354381297,0.9090373672418907
asthma_v2_pneumonia_P4Pneumonia17R.wav,3,4,4,4,0.01211638821803178,0.0016408539409236444,0.1976293930000382,0.04126851028001515,0.7473448545609912
asthma_v2_pneumonia_P4Pneumonia67J.wav,3,4,4,4,0.04560753250359738,0.0031867613646502095,0.041085369614706456,0.006600347459936507,0.9035199890571097
asthma_v2_pneumonia_P5Pneumonia94P.wav,3,4,4,4,0.0032472717231658366,0.0008648939034987521,0.008752363852874267,0.06230861253361534,0.9248268579868458
asthma_v2_pneumonia_P6Pneumonia37H.wav,3,4,4,4,0.024250047602275046,0.00622406709465721,0.048520918527501324,0.17414189994487494,0.7468630668306915
asthma_v2_pneumonia_P6Pneumonia39O.wav,3,4,4,4,0.059985583151463066,0.002083700893739586,0.025820234380665795,0.002032648737181271,0.9100778328369503
asthma_v2_pneumonia_P7Pneumonia61Q.wav,3,4,4,4,0.034678905410226925,0.0012405163824212786,0.013881671299081234,0.0136805590090148,0.9365183478992557
asthma_v2_pneumonia_P8Pneumonia14Z.wav,3,4,4,4,0.24510642886778997,0.003214665292664542,0.008845656782820373,0.05684531882355541,0.6859879302331696
asthma_v2_pneumonia_P9Pneumonia73J.wav,3,4,4,4,0.03453186603672976,0.0001899790802185192,0.0010430746208652851,0.008900633780301627,0.9553344464818846
