file_id,repeat,fold,y_true,y_pred,p_asthma,p_bronchial,p_copd,p_healthy,p_pneumonia
asthma_v2_Bronchial_P11BronchialSc_52.wav,1,0,1,4,0.08862267235168583,0.05186414359881298,0.5266939711005365,0.09854969193661829,0.23426952101234666
asthma_v2_Bronchial_P11BronchialSc_54.wav,1,0,1,4,0.16153575889097185,0.025696039009038735,0.3697413592443595,0.10209824194759097,0.34092860090803884
asthma_v2_Bronchial_P11BronchialTc_51.wav,1,0,1,1,0.0008733549772746411,0.9343448565983505,0.03241602740706114,0.026240065771266415,0.006125695246047271
asthma_v2_Bronchial_P11BronchialTc_53.wav,1,0,1,4,0.16640780284734683,0.029068381233342395,0.33832047827706135,0.11116583833946767,0.35503749930278183
asthma_v2_Bronchial_P11BronchialTc_55.wav,1,0,1,0,0.6037258681057704,0.01103896256380136,0.14123748078498458,0.10772823908013858,0.1362694494653048
asthma_v2_Bronchial_P14BronchialSc_66.wav,1,0,1,0,0.5873924905361795,0.015661335926150256,0.07371458351560858,0.09499441946409304,0.22823717055796888
asthma_v2_Bronchial_P14BronchialSc_68.wav,1,0,1,0,0.400667470585137,0.022135958549676468,0.3075387523338629,0.09162153404999511,0.17803628448132874
asthma_v2_Bronchial_P14BronchialSc_70.wav,1,0,1,1,0.002363376892557274,0.6326287134328746,0.30618487575225084,0.03585886223697437,0.022964171685342698
asthma_v2_Bronchial_P14BronchialTc_67.wav,1,0,1,0,0.5711863975433089,0.014286346636223031,0.08024627886090353,0.08890257627860267,0.24537840068096245
asthma_v2_Bronchial_P14BronchialTc_69.wav,1,0,1,0,0.6445112707575772,0.022021317583533224,0.08128898719415825,0.08259505492697497,0.16958336953775668
asthma_v2_Bronchial_P19BronchialSc_92.wav,1,0,1,1,0.0035698693199339424,0.3867820318028712,0.5503856525222599,0.0238898448874745,0.03537260146746038
asthma_v2_Bronchial_P19BronchialSc_94.wav,1,0,1,1,0.0010865257427392914,0.6002820743507856,0.3617665260225783,0.019237548344833502,0.017627325539063484
asthma_v2_Bronchial_P19BronchialTc_91.wav,1,0,1,2,0.004137721496321961,0.23896734731885877,0.7052815167539817,0.02704012342052174,0.02457329101031577
asthma_v2_Bronchial_P19BronchialTc_93.wav,1,0,1,1,0.0025762800438979697,0.4672840050673732,0.48102946112636175,0.02039742791727392,0.028712825845092788
asthma_v2_Bronchial_P19BronchialTc_95.wav,1,0,1,1,0.0023923553143315613,0.5870001757968568,0.3467622192160178,0.02914089944607782,0.03470435022671579
asthma_v2_Bronchial_P3BronchialSc_12.wav,1,0,1,1,0.015670319317279375,0.5603416824703553,0.2819951062082452,0.10250883809794384,0.03948405390617663
asthma_v2_Bronchial_P3BronchialSc_14.wav,1,0,1,1,0.08849925121558146,0.46169629146067187,0.07970270839525649,0.21998487722281582,0.15011687170567417
asthma_v2_Bronchial_P3BronchialTc_11.wav,1,0,1,1,0.030378972433482105,0.502874850147439,0.27073030913959173,0.13810289105670653,0.057912977222780763
asthma_v2_Bronchial_P3BronchialTc_13.wav,1,0,1,1,0.12825357023637457,0.3395663726962202,0.11006080626521515,0.230352251636577,0.19176699916561318
asthma_v2_Bronchial_P3BronchialTc_15.wav,1,0,1,1,0.11063361075389577,0.4013963507891378,0.08560365350918522,0.23861943355310286,0.16374695139467849
asthma_v2_asthma_P12WheezingIE_57.wav,1,0,0,0,0.40732552519643334,0.008523456280030884,0.15547750113404843,0.14187060663252263,0.2868029107569648
asthma_v2_asthma_P12WheezingIU_58.wav,1,0,0,0,0.4950790155715695,0.009533164827540373,0.10213934619069787,0.1394905331541105,0.2537579402560814
asthma_v2_asthma_P12WheezingRL_59.wav,1,0,0,0,0.5382850671894234,0.011164544364223643,0.10756723534092927,0.1386456622075759,0.20433749089784795
asthma_v2_asthma_P12WheezingRS_56.wav,1,0,0,0,0.37772975273803266,0.0075536248870210765,0.14961959281607096,0.13143108477146798,0.3336659447874075
asthma_v2_asthma_P12WheezingRS_60.wav,1,0,0,0,0.6652204863146395,0.01248820067255884,0.08729148425006229,0.10416527189945282,0.13083455686328646
asthma_v2_asthma_P14WheezingIE_69.wav,1,0,0,0,0.6403939814812509,0.016749384221117686,0.10418956912987659,0.11911566232665764,0.11955140284109692
asthma_v2_asthma_P14WheezingIU_66.wav,1,0,0,0,0.5455031405960281,0.009882810267932248,0.1507860310947271,0.11919693107697789,0.17463108696433488
asthma_v2_asthma_P14WheezingIU_70.wav,1,0,0,0,0.6708631519348234,0.1192651160601325,0.021645917944242952,0.09594335153823796,0.09228246252256368
asthma_v2_asthma_P14WheezingRL_67.wav,1,0,0,0,0.5398780472707844,0.012015949113075937,0.15440912906745652,0.1281838154002772,0.1655130591484059
asthma_v2_asthma_P14WheezingRS_68.wav,1,0,0,0,0.6917516440596626,0.025086881587759492,0.035933076053088056,0.11452802465434143,0.13270037364514872
asthma_v2_asthma_P21WheezingIE_101.wav,1,0,0,0,0.3413264177736029,0.020159516132517208,0.21922393453719577,0.14264719758211444,0.2766429339745697
asthma_v2_asthma_P21WheezingIE_105.wav,1,0,0,4,0.3278782583361885,0.03052209667857934,0.18111214336170506,0.09367186400938429,0.36681563761414304
asthma_v2_asthma_P21WheezingIU_102.wav,1,0,0,0,0.57699444922367,0.020921657846878994,0.03661780358293814,0.11392252662433101,0.25154356272218203
asthma_v2_asthma_P21WheezingRL_103.wav,1,0,0,4,0.3321115358384027,0.01732894164623794,0.20291179691640782,0.14006557215827106,0.3075821534406807
asthma_v2_asthma_P21WheezingRS_104.wav,1,0,0,4,0.3334429890912252,0.026560757664291258,0.182767556830813,0.08654208350469406,0.37068661290897703
asthma_v2_asthma_P30WheezingIE_149.wav,1,0,0,0,0.5516407618773198,0.03379082998897419,0.07907050947623412,0.10541058222371746,0.2300873164337546
asthma_v2_asthma_P30WheezingIU_146.wav,1,0,0,4,0.2561747277677415,0.025701811535505756,0.17821820820824588,0.09779589372726548,0.44210935876124136
asthma_v2_asthma_P30WheezingIU_150.wav,1,0,0,0,0.6127732356860224,0.05727539151372074,0.05243467896853148,0.09666587338922858,0.18085082044249662
asthma_v2_asthma_P30WheezingRL_147.wav,1,0,0,0,0.3740202699829333,0.027984232342806132,0.20575048943571003,0.11469943988083883,0.27754556835771127
asthma_v2_asthma_P30WheezingRS_148.wav,1,0,0,0,0.5528159292026317,0.07599485701587945,0.060706455280655575,0.09488887209349489,0.21559388640733845
asthma_v2_asthma_P32WheezingIE_157.wav,1,0,0,0,0.5935660838244818,0.08012912922691824,0.018467904603107665,0.1031993484397461,0.2046375339057465
asthma_v2_asthma_P32WheezingIU_158.wav,1,0,0,0,0.6217835309255312,0.08165239061063044,0.01743988022109963,0.08753132814116686,0.19159287010157186
asthma_v2_asthma_P32WheezingRL_159.wav,1,0,0,4,0.278579968373667,0.10002107661726381,0.10572910067603965,0.13926607837328808,0.3764037759597413
asthma_v2_asthma_P32WheezingRS_156.wav,1,0,0,0,0.4424543852139386,0.01944401654820306,0.12058696669502779,0.16331325991427637,0.2542013716285547
asthma_v2_asthma_P32WheezingRS_160.wav,1,0,0,0,0.4175546691203603,0.03760956717628093,0.05575852236307972,0.1224686302173407,0.3666086111229383
asthma_v2_asthma_P35WheezingIE_173.wav,1,0,0,4,0.2112896457432898,0.020315899114965105,0.48744191918532587,0.04342692846366226,0.23752560749275714
asthma_v2_asthma_P35WheezingIU_174.wav,1,0,0,0,0.45470700496726074,0.010038033990931068,0.19904663012441576,0.09488709144763857,0.2413212394697537
asthma_v2_asthma_P35WheezingRL_171.wav,1,0,0,0,0.7049688572350906,0.021787485519647445,0.040621658178294925,0.10351779761371678,0.1291042014532506
asthma_v2_asthma_P35WheezingRL_175.wav,1,0,0,0,0.45242386421708725,0.013465075920657028,0.19429275110934896,0.08573602758379936,0.2540822811691073
asthma_v2_asthma_P35WheezingRS_172.wav,1,0,0,0,0.18945191266049394,0.016631957961451452,0.5523452126892471,0.0398685932680328,0.20170232342077438
asthma_v2_asthma_P41WheezingIE_201.wav,1,0,0,0,0.5156538772675509,0.015663568862846537,0.06585847284911123,0.0784294679345786,0.3243946130859127
asthma_v2_asthma_P41WheezingIE_205.wav,1,0,0,0,0.2744579372145563,0.022044476868287147,0.48769932993022536,0.044696465744108856,0.17110179024282246
asthma_v2_asthma_P41WheezingIU_202.wav,1,0,0,0,0.4985624401288442,0.028458480100763357,0.07130170397738793,0.06511100028116461,0.3365663755118397
asthma_v2_asthma_P41WheezingRL_203.wav,1,0,0,0,0.3958987917819887,0.017910172074112662,0.13912307438263996,0.07384528619886256,0.37322267556239624
asthma_v2_asthma_P41WheezingRS_204.wav,1,0,0,0,0.3341769712182166,0.017440319470266717,0.403396827383953,0.05464947472619672,0.19033640720136694
asthma_v2_asthma_P47WheezingIE_233.wav,1,0,0,4,0.21309433857054028,0.020814058792962293,0.34653536627259957,0.05236787139386323,0.36718836497003454
asthma_v2_asthma_P47WheezingIU_234.wav,1,0,0,4,0.2385991029193835,0.017807776310296168,0.4185947924236537,0.054610214430864806,0.27038811391580136
asthma_v2_asthma_P47WheezingRL_231.wav,1,0,0,0,0.39986405536300007,0.038835942588932484,0.29521251219448363,0.11590306252235796,0.1501844273312261
asthma_v2_asthma_P47WheezingRL_235.wav,1,0,0,0,0.3508211557072285,0.023073191426211854,0.2323674610412939,0.07369156106182176,0.3200466307634439
asthma_v2_asthma_P47WheezingRS_232.wav,1,0,0,4,0.1903297934902856,0.01836505126962303,0.32149563411018023,0.046107855662952356,0.4237016654669591
asthma_v2_asthma_P49WheezingIE_241.wav,1,0,0,0,0.4045197857262687,0.01554148770093316,0.22242707385706653,0.0878096416852231,0.26970201103050834
asthma_v2_asthma_P49WheezingIE_245.wav,1,0,0,0,0.4504879324820939,0.015737518959297498,0.14597513494949405,0.11165795180140412,0.2761414618077106
asthma_v2_asthma_P49WheezingIU_242.wav,1,0,0,0,0.3554902725794458,0.012471391990421849,0.2800740024369468,0.08100308894474509,0.27096124404844035
asthma_v2_asthma_P49WheezingRL_243.wav,1,0,0,0,0.410472882792653,0.021794446259159935,0.17372229801730985,0.11734684272881343,0.2766635302020637
asthma_v2_asthma_P49WheezingRS_244.wav,1,0,0,0,0.6069184319185522,0.02363101575877351,0.03806296118516518,0.08306154117683637,0.24832604996067298
asthma_v2_asthma_P7AsthmaIE_33.wav,1,0,0,0,0.7242992127875468,0.040803694940185306,0.0270939881126102,0.08989132252333892,0.11791178163631906
asthma_v2_asthma_P7AsthmaIU_34.wav,1,0,0,0,0.6911100466396032,0.01838754514342946,0.04009120761723805,0.10426804575042689,0.14614315484930274
asthma_v2_asthma_P7AsthmaRL_31.wav,1,0,0,0,0.4822364444199885,0.009920287955396415,0.15914763942920238,0.1306612453236714,0.21803438287174143
asthma_v2_asthma_P7AsthmaRL_35.wav,1,0,0,0,0.713613988390168,0.020656060318213012,0.04269548988526296,0.10231911617080024,0.12071534523555638
asthma_v2_asthma_P7AsthmaRS_32.wav,1,0,0,0,0.5877442156647433,0.015605222655051992,0.03309130691763639,0.1328878554556796,0.23067139930688907
asthma_v2_asthma_P8AsthmaIE_37.wav,1,0,0,0,0.5690556883619008,0.012109862009718989,0.1603083613857758,0.11858610451293139,0.13993998372967317
asthma_v2_asthma_P8AsthmaIU_38.wav,1,0,0,0,0.5951877161283664,0.012209547803142429,0.1299977314733831,0.11858158183578497,0.14402342275932287
asthma_v2_asthma_P8AsthmaRL_39.wav,1,0,0,0,0.6948254758450502,0.026631461151743294,0.03449664113398503,0.11226112584760191,0.13178529602161967
asthma_v2_asthma_P8AsthmaRS_36.wav,1,0,0,0,0.7432478497011146,0.023179565634301354,0.04023071116041079,0.09120439139822425,0.10213748210594882
asthma_v2_asthma_P8AsthmaRS_40.wav,1,0,0,0,0.5571609888199932,0.011869796590827212,0.13603571040722132,0.12639381988354315,0.1685396842984151
asthma_v2_copd_P15COPDMc_114.wav,1,0,2,0,0.528429430940643,0.017385790913220008,0.21555290800461768,0.09967285676577717,0.138959013375742
asthma_v2_copd_P15COPDMc_116.wav,1,0,2,0,0.5874690675548639,0.020987801524647517,0.07375030097735494,0.051620404780691444,0.26617242516244194
asthma_v2_copd_P15COPDMc_118.wav,1,0,2,0,0.43819637351290347,0.02071205169833336,0.0643863240204135,0.08168661104308482,0.39501863972526485
asthma_v2_copd_P15COPDMc_120.wav,1,0,2,0,0.44786653217866756,0.08285629135897057,0.08413356899821556,0.053157083143807314,0.33198652432033887
asthma_v2_copd_P15COPDPr_113.wav,1,0,2,0,0.7305159352166,0.03891016289053725,0.023912567435304278,0.058872735640262186,0.14778859881729609
asthma_v2_copd_P15COPDPr_115.wav,1,0,2,0,0.3872464250728531,0.02577441590133568,0.2547545041079326,0.052590399902596424,0.2796342550152821
asthma_v2_copd_P15COPDPr_117.wav,1,0,2,4,0.3205105489779413,0.031802616702112596,0.243886052878137,0.0757353841926543,0.3280653972491551
asthma_v2_copd_P15COPDPr_119.wav,1,0,2,0,0.3380299569537255,0.04801532268823412,0.26553686925190634,0.09106825424052603,0.25734959686560854
asthma_v2_copd_P19COPDMc_146.wav,1,0,2,2,0.002649872045765422,0.12756202495764668,0.8434075089671971,0.011304207344057397,0.015076386685333128
asthma_v2_copd_P19COPDMc_148.wav,1,0,2,2,0.0015221555875265646,0.16546464688493598,0.8141361001160311,0.008880892255788133,0.009996205155718078
asthma_v2_copd_P19COPDMc_150.wav,1,0,2,2,0.006309215273373185,0.039533104568290046,0.9248300353835784,0.009191547855292642,0.020136096919465305
asthma_v2_copd_P19COPDMc_152.wav,1,0,2,2,0.008471301788613992,0.03586015116223256,0.9005101946075662,0.02392286817187291,0.031235484269714724
asthma_v2_copd_P19COPDPr_145.wav,1,0,2,2,0.0007539555522148213,0.12190923205314498,0.8651155439864546,0.00720355859235027,0.005017709815835397
asthma_v2_copd_P19COPDPr_147.wav,1,0,2,2,0.005456094088440446,0.08468332203352055,0.8663849726081454,0.0164911301657662,0.026984481104127492
asthma_v2_copd_P19COPDPr_149.wav,1,0,2,2,0.004023202781343041,0.06901468906695626,0.9045819397203693,0.008451515353834775,0.013928653077496763
asthma_v2_copd_P19COPDPr_151.wav,1,0,2,2,0.0013974858886876686,0.1206926201041019,0.8631996444483918,0.0069891832544404986,0.007721066304378144
asthma_v2_copd_P1COPDMc_2.wav,1,0,2,0,0.5091471354097453,0.011143808441966234,0.1826341144033306,0.11326471387743721,0.1838102278675212
asthma_v2_copd_P1COPDMc_4.wav,1,0,2,4,0.0990217499236248,0.04469942309044089,0.5374475537063977,0.08527241725356051,0.23355885602597612
asthma_v2_copd_P1COPDMc_6.wav,1,0,2,2,0.04223713635874333,0.031185593570000416,0.7878489944717677,0.05821886000855761,0.08050941559093097
asthma_v2_copd_P1COPDMc_8.wav,1,0,2,2,0.002658267391127895,0.036639401889275384,0.9397226633377909,0.010784687274551412,0.010194980107254078
asthma_v2_copd_P1COPDPr_1.wav,1,0,2,0,0.434226324766623,0.01915303693754299,0.24000437601084507,0.08293936801842616,0.22367689426656287
asthma_v2_copd_P1COPDPr_3.wav,1,0,2,4,0.21543902520875854,0.06974541980310434,0.39134351135769474,0.0637515175344404,0.2597205260960025
asthma_v2_copd_P1COPDPr_5.wav,1,0,2,2,0.029447665557870366,0.03772175039026109,0.8124940408368073,0.05186993211673993,0.06846661109832133
asthma_v2_copd_P1COPDPr_7.wav,1,0,2,2,0.03386688157085904,0.03632934869537223,0.7957399582220492,0.056340100668751454,0.07772371084296809
asthma_v2_copd_P22COPDMc_170.wav,1,0,2,2,0.042379634574213475,0.03135924773035778,0.7178092697644944,0.04623120173431024,0.16222064619662385
asthma_v2_copd_P22COPDMc_172.wav,1,0,2,2,0.05066692418412492,0.0258518656463262,0.69205953171116,0.0466204512976411,0.184801227160748
asthma_v2_copd_P22COPDMc_174.wav,1,0,2,4,0.15985095678139769,0.016677426687862335,0.39412920531620516,0.07941396675357408,0.34992844446096094
asthma_v2_copd_P22COPDMc_176.wav,1,0,2,3,0.02768384550199717,0.18827091991349446,0.5009559989968471,0.1844947738728021,0.09859446171485943
asthma_v2_copd_P22COPDPr_169.wav,1,0,2,2,0.05842183249841765,0.02789098144537199,0.7162347010853007,0.0622740261002714,0.13517845887063834
asthma_v2_copd_P22COPDPr_171.wav,1,0,2,2,0.05519058998234756,0.023863448375861487,0.6830770662125379,0.049169391199366023,0.18869950422988685
asthma_v2_copd_P22COPDPr_173.wav,1,0,2,4,0.14897779927892252,0.01871198079188603,0.44091535500815554,0.07380262086803034,0.3175922440530059
asthma_v2_copd_P22COPDPr_175.wav,1,0,2,4,0.14975345647001906,0.019211698113190966,0.4032940020573708,0.07798503384045832,0.34975580951896107
asthma_v2_copd_P28COPDMc_218.wav,1,0,2,2,0.009136616366015796,0.02574814212174591,0.9312783780852966,0.017849852493254346,0.015987010933687627
asthma_v2_copd_P28COPDMc_220.wav,1,0,2,2,0.015234613090847064,0.01793308712397681,0.9302385668629755,0.017688728458639478,0.018905004463561196
asthma_v2_copd_P28COPDMc_222.wav,1,0,2,2,0.0012611776443363174,0.12112377329751536,0.8615848889907197,0.00895572845755311,0.007074431609875727
asthma_v2_copd_P28COPDMc_224.wav,1,0,2,2,0.001837006654229981,0.029683433874115008,0.9561737268093597,0.0055805998311512965,0.006725232831143819
asthma_v2_copd_P28COPDPr_217.wav,1,0,2,2,0.016117528014041975,0.0188679953903482,0.9065617094609396,0.02327139974041537,0.035181367394255016
asthma_v2_copd_P28COPDPr_219.wav,1,0,2,2,0.013942682882563057,0.018281380356058242,0.9318319170018432,0.017524330040404885,0.01841968971913051
asthma_v2_copd_P28COPDPr_221.wav,1,0,2,2,0.0010468080318419301,0.22777339973843674,0.7557127478142274,0.008731805241180139,0.006735239174313926
asthma_v2_copd_P28COPDPr_223.wav,1,0,2,2,0.0011166844860828777,0.17463135688754994,0.8083460693499709,0.00906898521175261,0.006836904064643639
asthma_v2_copd_P35COPDMc_274.wav,1,0,2,2,0.046390772482297525,0.04319284239430619,0.6811758374588256,0.06009584904827623,0.16914469861629475
asthma_v2_copd_P35COPDMc_276.wav,1,0,2,2,0.004535813960908244,0.04410129270859963,0.9152596255994903,0.02005021685884333,0.01605305087215849
asthma_v2_copd_P35COPDMc_278.wav,1,0,2,2,0.003544976091300167,0.05127925593169371,0.9060554238869621,0.023391773311608355,0.015728570778435515
asthma_v2_copd_P35COPDMc_280.wav,1,0,2,2,0.004545687789975071,0.021691077178725517,0.9561811936313622,0.008746900806143732,0.008835140593793343
asthma_v2_copd_P35COPDPr_273.wav,1,0,2,2,0.0847394339677544,0.024923064741227137,0.6594485267061013,0.05297174214095909,0.177917232443958
asthma_v2_copd_P35COPDPr_275.wav,1,0,2,2,0.05093067770588672,0.040645695098256926,0.6784666835211616,0.06462667949417461,0.16533026418052027
asthma_v2_copd_P35COPDPr_277.wav,1,0,2,2,0.002442000200543829,0.06042033982983033,0.9051442645480507,0.02020223395775272,0.011791161463822131
asthma_v2_copd_P35COPDPr_279.wav,1,0,2,2,0.00359102272888503,0.025752210583822443,0.9537335499748885,0.009185948277793718,0.007737268434610597
asthma_v2_copd_P36COPDMc_282.wav,1,0,2,2,0.047869982942694386,0.04158104341011709,0.7247985662545505,0.04781357139036827,0.1379368360022696
asthma_v2_copd_P36COPDMc_284.wav,1,0,2,2,0.03291200186802722,0.061773077524021586,0.7125338403061363,0.06439882399757095,0.1283822563042442
asthma_v2_copd_P36COPDMc_286.wav,1,0,2,2,0.012312213340831976,0.020641281348808032,0.9239804121751464,0.0154040872103692,0.027662005924844517
asthma_v2_copd_P36COPDMc_288.wav,1,0,2,1,0.0034635314803030896,0.4084500507543879,0.533577074187178,0.02755991185550764,0.02694943172262322
asthma_v2_copd_P36COPDPr_281.wav,1,0,2,2,0.0051919439454854496,0.0188424904026718,0.9561291888834651,0.009905346135951943,0.009931030632425793
asthma_v2_copd_P36COPDPr_283.wav,1,0,2,2,0.058124424684615685,0.046956569267239956,0.6473755668919232,0.06415611617842311,0.18338732297779808
asthma_v2_copd_P36COPDPr_285.wav,1,0,2,2,0.012305316716484155,0.024495417373902803,0.9159525682738346,0.017018769688029463,0.030227927947748676
asthma_v2_copd_P36COPDPr_287.wav,1,0,2,2,0.01316619700908364,0.020104134619054647,0.9204257365806986,0.016178315940801165,0.030125615850362386
asthma_v2_copd_P44COPDMc_346.wav,1,0,2,3,0.1583004150785362,0.0702145948588528,0.45384432210190273,0.12328494740913248,0.1943557205515761
asthma_v2_copd_P44COPDMc_348.wav,1,0,2,4,0.17253360708534157,0.05988240161050867,0.42034259360295295,0.12022709169998776,0.227014306001209
asthma_v2_copd_P44COPDMc_350.wav,1,0,2,2,0.01272131660962249,0.0837827232868692,0.8050657229504717,0.06457749615718687,0.03385274099584949
asthma_v2_copd_P44COPDMc_352.wav,1,0,2,2,0.01749162169340847,0.02890483648888653,0.8602566757599385,0.020524625186718198,0.07282224087104805
asthma_v2_copd_P44COPDPr_345.wav,1,0,2,2,0.05951414311007393,0.07611361655893416,0.5749413022527475,0.08842121896491748,0.20100971911332696
asthma_v2_copd_P44COPDPr_347.wav,1,0,2,4,0.15228249250219816,0.06467612130987536,0.4544616987599911,0.11296214818766295,0.2156175392402722
asthma_v2_copd_P44COPDPr_349.wav,1,0,2,2,0.012269411245644705,0.0952786762166696,0.7924077438408391,0.06929802462001275,0.03074614407683439
asthma_v2_copd_P44COPDPr_351.wav,1,0,2,2,0.022490508919677302,0.0681640533223186,0.7822862935204277,0.07791855978928999,0.04914058444828637
asthma_v2_copd_P7COPDMc_50.wav,1,0,2,0,0.1895486100074255,0.02930495900242272,0.4746049200750121,0.1457477078888775,0.16079380302626212
asthma_v2_copd_P7COPDMc_52.wav,1,0,2,2,0.015337301252191293,0.05063607929427381,0.842943864812042,0.058723185534906935,0.03235956910658552
asthma_v2_copd_P7COPDMc_54.wav,1,0,2,2,0.014580101138813605,0.06095737942935326,0.8082410401580409,0.08396834113849418,0.03225313813529809
asthma_v2_copd_P7COPDMc_56.wav,1,0,2,2,0.0019148394577278138,0.11875039498422804,0.8389381761434276,0.03142907739963038,0.008967512014986533
asthma_v2_copd_P7COPDPr_49.wav,1,0,2,0,0.1763705092872639,0.03897241521458118,0.4855886216992066,0.12281784177185205,0.1762506120270958
asthma_v2_copd_P7COPDPr_51.wav,1,0,2,3,0.11079673987601966,0.035018404573778666,0.590782330458681,0.12761357889500213,0.13578894619651874
asthma_v2_copd_P7COPDPr_53.wav,1,0,2,2,0.009965134412517132,0.08293558417162249,0.8249417646927971,0.05280230847102907,0.029355208252034068
asthma_v2_copd_P7COPDPr_55.wav,1,0,2,3,0.01879809547696855,0.15289190023155086,0.6221112953520559,0.15862542885149558,0.04757328008792918
asthma_v2_copd_P8COPDMc_58.wav,1,0,2,2,0.032782354981124286,0.03487007617326449,0.8212949792804964,0.06366983393892761,0.04738275562618734
asthma_v2_copd_P8COPDMc_60.wav,1,0,2,2,0.09723238131512998,0.023595055814110606,0.7308402494826695,0.06666963342595358,0.08166267996213611
asthma_v2_copd_P8COPDMc_62.wav,1,0,2,2,0.026773909123944433,0.02570704042652507,0.8679499402220868,0.041857085037946044,0.03771202518949758
asthma_v2_copd_P8COPDMc_64.wav,1,0,2,2,0.023237534704139615,0.019216866106563448,0.8920783392128167,0.02964518829341853,0.03582207168306194
asthma_v2_copd_P8COPDPr_57.wav,1,0,2,2,0.05023919591002425,0.02504893200050673,0.8015106098458659,0.05791066029708482,0.06529060194651855
asthma_v2_copd_P8COPDPr_59.wav,1,0,2,2,0.07733316974851695,0.041438767380278886,0.6909010002313895,0.08988008500359769,0.1004469776362172
asthma_v2_copd_P8COPDPr_61.wav,1,0,2,2,0.044093834621471824,0.025237899284471205,0.8226082989552103,0.059929651229547846,0.048130315909298664
asthma_v2_copd_P8COPDPr_63.wav,1,0,2,2,0.06241457217227774,0.02753358272193665,0.7567779533061296,0.059691851833328716,0.09358203996632729
asthma_v2_healthy_P1Healthy29S.wav,1,0,3,3,0.18439213718248318,0.10549084283658738,0.2446011704388213,0.2242091851789978,0.24130666436311046
asthma_v2_healthy_P1Healthy55S.wav,1,0,3,3,0.08907736286428954,0.1452404523215205,0.300278321347276,0.24527377506611506,0.22013008840079892
asthma_v2_healthy_P1Healthy86S.wav,1,0,3,3,0.1961115821731489,0.10218597248762283,0.22976994289111374,0.23335383323947884,0.2385786692086356
asthma_v2_healthy_P1Healthy88S.wav,1,0,3,3,0.20423176536016527,0.09949100147197774,0.23406062062565886,0.23098941968786718,0.23122719285433138
asthma_v2_healthy_P1Healthy99S.wav,1,0,3,3,0.07239376882788977,0.13319039655914555,0.3375518692134251,0.251546037939779,0.20531792745976069
asthma_v2_healthy_P20Healthy25S.wav,1,0,3,4,0.22633935301172103,0.015352834959305265,0.2030698660801041,0.13469122340111006,0.4205467225477595
asthma_v2_healthy_P20Healthy31S.wav,1,0,3,4,0.28428822825593514,0.011763887642531884,0.11922196801551804,0.14867014397147738,0.43605577211453783
asthma_v2_healthy_P20Healthy59S.wav,1,0,3,4,0.26409696455492243,0.012649688509636972,0.11970461369260617,0.136576426626858,0.46697230661597666
asthma_v2_healthy_P20Healthy70S.wav,1,0,3,4,0.26935479395382644,0.012922063328586548,0.12324818115692619,0.1448356065270564,0.449639355033604
asthma_v2_healthy_P20Healthy84S.wav,1,0,3,4,0.22599520906264794,0.021198866210699694,0.2350613956280112,0.15917073655013153,0.35857379254850963
asthma_v2_healthy_P22Healthy36S.wav,1,0,3,4,0.2989804650070066,0.010312068830583472,0.1274976268476581,0.13848158451491785,0.4247282547998339
asthma_v2_healthy_P22Healthy45S.wav,1,0,3,4,0.2844661747980107,0.013346671539875897,0.1398754894095262,0.13459979940611588,0.4277118648464711
asthma_v2_healthy_P22Healthy50S.wav,1,0,3,0,0.369141857200934,0.041112818606023685,0.10575164595144705,0.17217236688035564,0.3118213113612395
asthma_v2_healthy_P22Healthy88S.wav,1,0,3,4,0.3375288323273064,0.01412863602617624,0.13505459457106708,0.14536837811823836,0.36791955895721157
asthma_v2_healthy_P22Healthy94S.wav,1,0,3,4,0.2159970112805517,0.020800342378768284,0.22816670931111596,0.15062003117249956,0.38441590585706464
asthma_v2_healthy_P23Healthy14S.wav,1,0,3,4,0.3375288323273064,0.01412863602617624,0.13505459457106708,0.14536837811823836,0.36791955895721157
asthma_v2_healthy_P23Healthy24S.wav,1,0,3,4,0.33442310187980734,0.012925319964806517,0.11482998569934634,0.147054342207213,0.39076725024882714
asthma_v2_healthy_P23Healthy72S.wav,1,0,3,0,0.3191727997584879,0.01489661209324854,0.1930318819216615,0.15813600654435342,0.3147626996822487
asthma_v2_healthy_P23Healthy97S.wav,1,0,3,4,0.33442310187980734,0.012925319964806517,0.11482998569934634,0.147054342207213,0.39076725024882714
asthma_v2_healthy_P23Healthy98S.wav,1,0,3,0,0.3191727997584879,0.01489661209324854,0.1930318819216615,0.15813600654435342,0.3147626996822487
asthma_v2_healthy_P7Healthy38S.wav,1,0,3,3,0.08636983286716057,0.26963769807790544,0.25146589640539524,0.2805009922280906,0.11202558042144777
asthma_v2_healthy_P7Healthy39S.wav,1,0,3,0,0.3722410320641669,0.15160172912992165,0.11834634635683855,0.2218031246050107,0.13600776784406207
asthma_v2_healthy_P7Healthy84S.wav,1,0,3,0,0.5255435825133319,0.033374238747606005,0.1079959285232486,0.14257958943079452,0.19050666078501916
asthma_v2_healthy_P7Healthy85S.wav,1,0,3,0,0.5210774541908442,0.03606049695636963,0.11835502381809215,0.14332965076053272,0.18117737427416133
asthma_v2_healthy_P7Healthy94S.wav,1,0,3,3,0.12275490901422996,0.2285673488038433,0.24352562665657917,0.28356854865070935,0.12158356687463834
asthma_v2_healthy_P8Healthy33S.wav,1,0,3,0,0.3716067211674778,0.22364036302778112,0.06042138768872916,0.20501912875386538,0.13931239936214657
asthma_v2_healthy_P8Healthy35S.wav,1,0,3,0,0.28971756430082335,0.2550453434627805,0.08820910662601014,0.21119901981984185,0.1558289657905438
asthma_v2_healthy_P8Healthy48S.wav,1,0,3,0,0.22354166910573295,0.33145104392893726,0.07590941237125998,0.22995907619755468,0.13913879839651505
asthma_v2_healthy_P8Healthy70S.wav,1,0,3,1,0.0059590379316708094,0.7402611652126392,0.17058297334196137,0.06295396996316363,0.020242853550565446
asthma_v2_healthy_P8Healthy82S.wav,1,0,3,1,0.017697949793693855,0.6464770330831647,0.1691726232449362,0.1204662113307637,0.0461861825474417
asthma_v2_pneumonia_P11Pneumonia12W.wav,1,0,4,0,0.4100791708649153,0.03056227419128199,0.1911215130559431,0.13368389607871045,0.23455314580914904
asthma_v2_pneumonia_P11Pneumonia18T.wav,1,0,4,2,0.08315593996982959,0.07670879149858816,0.6728289843196119,0.05794845255410107,0.10935783165786947
asthma_v2_pneumonia_P11Pneumonia41N.wav,1,0,4,0,0.4323259813736562,0.01280536234460132,0.13486031572004145,0.13981947501924658,0.28018886554245465
asthma_v2_pneumonia_P11Pneumonia58A.wav,1,0,4,0,0.42229343454520674,0.02005914193566989,0.11200181339158538,0.1283921481395049,0.3172534619880336
asthma_v2_pneumonia_P11Pneumonia65P.wav,1,0,4,0,0.3808186555900177,0.02026117575919687,0.217067122437122,0.11424360092865703,0.2676094452850065
asthma_v2_pneumonia_P11Pneumonia98J.wav,1,0,4,0,0.44995380640632043,0.014568233230194353,0.11345648766988446,0.12148081705195057,0.30054065564165044
asthma_v2_pneumonia_P16Pneumonia18Z.wav,1,0,4,0,0.5377119735991106,0.013487442510588529,0.05804079892777654,0.15944845364399227,0.23131133131853196
asthma_v2_pneumonia_P16Pneumonia42Q.wav,1,0,4,0,0.5518834760603496,0.013285560649111162,0.054013483880154305,0.14893049804389305,0.23188698136649225
asthma_v2_pneumonia_P16Pneumonia56J.wav,1,0,4,0,0.5265690886078183,0.012662857376843951,0.056514877569439216,0.15638200095671165,0.24787117548918675
asthma_v2_pneumonia_P16Pneumonia66X.wav,1,0,4,0,0.5609180296809801,0.013266454436045228,0.04858710211495348,0.1444644844432071,0.23276392932481435
asthma_v2_pneumonia_P16Pneumonia78M.wav,1,0,4,0,0.5148848974508439,0.011839375814571944,0.08150065215430595,0.1552326004397949,0.23654247414048335
asthma_v2_pneumonia_P16Pneumonia80G.wav,1,0,4,0,0.5459805611679922,0.013802667508961277,0.05385432089504023,0.15748390345972432,0.2288785469682821
asthma_v2_pneumonia_P21Pneumonia12C.wav,1,0,4,0,0.17522856799322672,0.13229369223399204,0.35713905193716683,0.15419072461235572,0.1811479632232586
asthma_v2_pneumonia_P21Pneumonia24G.wav,1,0,4,0,0.16557379519694643,0.16470130855758583,0.30025456930535743,0.17963463241751482,0.18983569452259563
asthma_v2_pneumonia_P21Pneumonia56M.wav,1,0,4,4,0.1953852150428361,0.013046984439445228,0.1535755777256004,0.11441044038572741,0.5235817824063909
asthma_v2_pneumonia_P21Pneumonia69Q.wav,1,0,4,4,0.1570666170249625,0.021788149179075886,0.11221474406065779,0.10288458463149969,0.6060459051038043
asthma_v2_pneumonia_P21Pneumonia78P.wav,1,0,4,4,0.17943351278791225,0.015991719338119464,0.1310590350229938,0.10225021316530968,0.5712655196856647
asthma_v2_pneumonia_P21Pneumonia95A.wav,1,0,4,0,0.29553625680953677,0.1123800153946171,0.21011433467742124,0.18266163588881892,0.19930775722960578
asthma_v2_pneumonia_P25Pneumonia11Z.wav,1,0,4,3,0.21454432286947558,0.21276433603952125,0.07189080257417939,0.28316536785853896,0.21763517065828508
asthma_v2_pneumonia_P25Pneumonia16B.wav,1,0,4,4,0.2185741123058931,0.020344465266204655,0.11250299193683504,0.12439514599745945,0.5241832844936077
asthma_v2_pneumonia_P25Pneumonia30I.wav,1,0,4,0,0.4370842702548982,0.05379010833748215,0.06295596057877176,0.19846467719316768,0.24770498363568022
asthma_v2_pneumonia_P25Pneumonia42V.wav,1,0,4,0,0.34599510918346027,0.12455617128406067,0.08701809135385476,0.23170469690631715,0.21072593127230724
asthma_v2_pneumonia_P25Pneumonia93N.wav,1,0,4,0,0.37566774337737935,0.08555796573932112,0.08058636065876783,0.2468182874037523,0.21136964282077964
asthma_v2_pneumonia_P25Pneumonia97D.wav,1,0,4,4,0.1634309342227264,0.015758246378393275,0.22247445570225266,0.11932017900949855,0.4790161846871292
asthma_v2_pneumonia_P32Pneumonia59Q.wav,1,0,4,4,0.17592826527867222,0.017107341002413786,0.17494755009202867,0.10918048573595644,0.522836357890929
asthma_v2_pneumonia_P32Pneumonia66M.wav,1,0,4,4,0.20829080960313845,0.016576259019163774,0.12457468352320872,0.1210169266387214,0.5295413212157679
asthma_v2_pneumonia_P32Pneumonia69E.wav,1,0,4,4,0.1409060632106539,0.028273402045774845,0.08092989859309317,0.1228733269076415,0.6270173092428367
asthma_v2_pneumonia_P32Pneumonia75E.wav,1,0,4,4,0.16498547519958887,0.02265038880858418,0.1737696043158315,0.11786304393775855,0.5207314877382366
asthma_v2_pneumonia_P32Pneumonia98Y.wav,1,0,4,4,0.17160439979959746,0.023304173243480577,0.08089709482778418,0.12810886443704145,0.5960854676920962
asthma_v2_pneumonia_P32Pneumonia99W.wav,1,0,4,4,0.18047588957194363,0.019455471983739446,0.07608795777833778,0.1267509684878266,0.5972297121781527
asthma_v2_pneumonia_P35Pneumonia16F.wav,1,0,4,4,0.191026336280451,0.016904425402689806,0.07714082257526325,0.13291674432252737,0.5820116714190685
asthma_v2_pneumonia_P35Pneumonia46U.wav,1,0,4,4,0.17251216271969907,0.020700551100795644,0.16499172081639704,0.09469371776086792,0.5471018476022402
asthma_v2_pneumonia_P35Pneumonia56D.wav,1,0,4,4,0.16809918442715588,0.01899772712427783,0.22622688793149354,0.10086655558731644,0.4858096449297566
asthma_v2_pneumonia_P35Pneumonia57I.wav,1,0,4,4,0.19816906335932835,0.016534516461790202,0.07770154664537629,0.1251388111729361,0.5824560623605688
asthma_v2_pneumonia_P35Pneumonia75E.wav,1,0,4,4,0.14361034897029779,0.02100817763400083,0.12819551808969515,0.10487998311823989,0.6023059721877666
asthma_v2_pneumonia_P35Pneumonia99V.wav,1,0,4,4,0.20668919320164478,0.016829275919501157,0.14294035191586232,0.1061409355147253,0.5274002434482665
asthma_v2_pneumonia_P36Pneumonia56V.wav,1,0,4,0,0.7358516042113492,0.05696545166895311,0.02542973793106833,0.08949959125542739,0.09225361493320217
asthma_v2_pneumonia_P36Pneumonia57U.wav,1,0,4,0,0.7466383283481841,0.04272303274424994,0.029147357277166247,0.09115503205372649,0.09033624957667334
asthma_v2_pneumonia_P36Pneumonia79Z.wav,1,0,4,4,0.16304195510864816,0.022024674360916666,0.09497433121875701,0.12235325394698303,0.5976057853646951
asthma_v2_pneumonia_P36Pneumonia83N.wav,1,0,4,4,0.17130226876738458,0.01655800121986966,0.0903513149296755,0.11571843343300346,0.606069981650067
asthma_v2_pneumonia_P36Pneumonia85U.wav,1,0,4,4,0.15786905904808424,0.016000860963840766,0.09700423786161312,0.11352188684464873,0.615603955281813
asthma_v2_pneumonia_P36Pneumonia86S.wav,1,0,4,0,0.5793352591234789,0.013396475103395358,0.15858581098706873,0.118997996207335,0.12968445857872182
asthma_v2_pneumonia_P46Pneumonia15W.wav,1,0,4,2,0.12987262822931403,0.02787221018829258,0.5382736771163427,0.10620740725919586,0.19777407720685508
asthma_v2_pneumonia_P46Pneumonia22V.wav,1,0,4,4,0.1593271849390869,0.03855547026257716,0.3239712793074264,0.11443973601652091,0.3637063294743887
asthma_v2_pneumonia_P46Pneumonia49D.wav,1,0,4,4,0.15014185359628474,0.025267487486264565,0.4871374891646549,0.10693019556748533,0.2305229741853106
asthma_v2_pneumonia_P46Pneumonia80D.wav,1,0,4,4,0.17585742312490651,0.035794999454089,0.3400143075625155,0.1298961631945032,0.3184371066639856
asthma_v2_pneumonia_P46Pneumonia95A.wav,1,0,4,4,0.18880516794265498,0.022658002022927934,0.40243211617951874,0.10407677231774012,0.2820279415371583
asthma_v2_pneumonia_P46Pneumonia99Y.wav,1,0,4,2,0.06345750005245179,0.035168574853131455,0.6884358204255999,0.09463991678988465,0.11829818787893187
asthma_v2_pneumonia_P47Pneumonia14M.wav,1,0,4,4,0.19319657902672216,0.019703937658989316,0.3794804128136479,0.0882438189182544,0.3193752515823862
asthma_v2_pneumonia_P47Pneumonia19A.wav,1,0,4,4,0.15677816808147718,0.026590573925009325,0.45007062993972036,0.08469188547951205,0.2818687425742808
asthma_v2_pneumonia_P47Pneumonia24N.wav,1,0,4,4,0.19419754276147538,0.017380746247647953,0.42974439906116646,0.10981451939875028,0.24886279253095978
asthma_v2_pneumonia_P47Pneumonia69D.wav,1,0,4,4,0.15541822909536124,0.019131390293493422,0.48948005010574686,0.09289351112501322,0.24307681938038544
asthma_v2_pneumonia_P47Pneumonia74Q.wav,1,0,4,4,0.17431313546426203,0.019460755527552828,0.43628276746322536,0.10188696375949872,0.2680563777854612
asthma_v2_pneumonia_P47Pneumonia98K.wav,1,0,4,4,0.17869992944927604,0.02149060884246992,0.39255043423715724,0.09088207795843323,0.3163769495126638
asthma_v2_pneumonia_P48Pneumonia31K.wav,1,0,4,4,0.17585742312490651,0.035794999454089,0.3400143075625155,0.1298961631945032,0.3184371066639856
asthma_v2_pneumonia_P48Pneumonia61T.wav,1,0,4,4,0.1593271849390869,0.03855547026257716,0.3239712793074264,0.11443973601652091,0.3637063294743887
asthma_v2_pneumonia_P48Pneumonia82Z.wav,1,0,4,4,0.18880516794265498,0.022658002022927934,0.40243211617951874,0.10407677231774012,0.2820279415371583
asthma_v2_pneumonia_P5Pneumonia20K.wav,1,0,4,0,0.3955425427709348,0.04648659474810936,0.1508544894371074,0.16015916133824587,0.24695721170560267
asthma_v2_pneumonia_P5Pneumonia21J.wav,1,0,4,0,0.3473290861249999,0.11664059063513492,0.10962217921328805,0.21478618881294487,0.21162195521363236
asthma_v2_pneumonia_P5Pneumonia38U.wav,1,0,4,0,0.2843033382143236,0.1522055232386751,0.11204407414072318,0.22680648853841545,0.2246405758678627
asthma_v2_pneumonia_P5Pneumonia88J.wav,1,0,4,2,0.12907027034100105,0.13111380116935792,0.4858440478829618,0.10307657362731443,0.1508953069793647
asthma_v2_pneumonia_P5Pneumonia94P.wav,1,0,4,0,0.30756320629153383,0.12837022269055412,0.11414621731957536,0.2209352202226514,0.22898513347568536
asthma_v2_pneumonia_P5Pneumonia95V.wav,1,0,4,0,0.3535560418711603,0.07344130255710529,0.15434265906011937,0.1896171283351547,0.22904286817646063
asthma_v2_Bronchial_P15BronchialSc_72.wav,1,1,1,1,0.006133537336789386,0.4855470283420214,0.405846814195223,0.05708577856511299,0.04538684156085277
asthma_v2_Bronchial_P15BronchialSc_74.wav,1,1,1,2,0.001479790186272501,0.24929434830016695,0.7254613191714285,0.014435287536331755,0.009329254805800434
asthma_v2_Bronchial_P15BronchialTc_71.wav,1,1,1,1,0.0059111709840670166,0.485964320373274,0.4136089582720569,0.05215324466289502,0.04236230570770731
asthma_v2_Bronchial_P15BronchialTc_73.wav,1,1,1,2,0.001780950217607475,0.28821879368918146,0.6787521121868898,0.0182540304321395,0.01299411347418187
asthma_v2_Bronchial_P15BronchialTc_75.wav,1,1,1,2,0.00178271797681305,0.2760538818042818,0.6939513758686253,0.01689890265041918,0.011313121699860585
asthma_v2_Bronchial_P20BronchialSc_100.wav,1,1,1,1,0.00423930221685737,0.3175531404707839,0.6278825377969564,0.024913876657816025,0.02541114285758647
asthma_v2_Bronchial_P20BronchialSc_96.wav,1,1,1,1,0.0030457454987279,0.44902249448493675,0.47669104583252003,0.029781239644255567,0.041459474539559844
asthma_v2_Bronchial_P20BronchialSc_98.wav,1,1,1,1,0.0020402238701004998,0.679802181808631,0.2615135195487401,0.03882301213952474,0.01782106263300372
asthma_v2_Bronchial_P20BronchialTc_97.wav,1,1,1,1,0.0017773591643182461,0.5160877223425444,0.4475067581103911,0.021941251135910528,0.012686909246835614
asthma_v2_Bronchial_P20BronchialTc_99.wav,1,1,1,1,0.003822873072088496,0.6799221474881825,0.21560107368120332,0.0698108076332448,0.030843098125280608
asthma_v2_Bronchial_P4BronchialSc_16.wav,1,1,1,0,0.20185600662816225,0.07981946011959529,0.13648750107777832,0.22361493991718595,0.35822209225727847
asthma_v2_Bronchial_P4BronchialSc_18.wav,1,1,1,3,0.1494140266047167,0.12150620156845103,0.14847397218704475,0.23883087669609995,0.34177492294368766
asthma_v2_Bronchial_P4BronchialSc_20.wav,1,1,1,3,0.10796230277095883,0.23777684537969154,0.10465618342893511,0.32996973697419385,0.2196349314462209
asthma_v2_Bronchial_P4BronchialTc_17.wav,1,1,1,0,0.19880792127434263,0.09112600091977216,0.12004058900570047,0.2187583551224303,0.37126713367775477
asthma_v2_Bronchial_P4BronchialTc_19.wav,1,1,1,3,0.11176120314126099,0.19951282696463973,0.10618229481421906,0.37069653398036484,0.21184714109951513
asthma_v2_Bronchial_P6BronchialSc_26.wav,1,1,1,1,0.014016228989113226,0.70994416543241,0.06242038605177872,0.15663658362593166,0.05698263590076638
asthma_v2_Bronchial_P6BronchialSc_28.wav,1,1,1,1,0.009551651187996961,0.7325883739145856,0.05381997863757717,0.15736091288521017,0.046679083374629546
asthma_v2_Bronchial_P6BronchialSc_30.wav,1,1,1,1,0.02611717276771636,0.6231538487043884,0.07758210065925665,0.193741959880348,0.07940491798829055
asthma_v2_Bronchial_P6BronchialTc_27.wav,1,1,1,1,0.01965360618249294,0.6447253139790976,0.06537407780017565,0.1935450226791099,0.07670197935912366
asthma_v2_Bronchial_P6BronchialTc_29.wav,1,1,1,1,0.0239869113314823,0.6605073680764145,0.06646587747638509,0.17670636512884313,0.07233347798687481
asthma_v2_asthma_P16WheezingIE_77.wav,1,1,0,0,0.7009432789375553,0.026470482931792036,0.02617486864747885,0.10376158662787524,0.14264978285529878
asthma_v2_asthma_P16WheezingIU_78.wav,1,1,0,0,0.46711969123340014,0.014717830261347707,0.16387282851182788,0.11262468560818027,0.2416649643852443
asthma_v2_asthma_P16WheezingRL_79.wav,1,1,0,0,0.5137708307425135,0.01725929586385913,0.06623240832543577,0.15149078751176642,0.25124667755642527
asthma_v2_asthma_P16WheezingRS_76.wav,1,1,0,0,0.5675333027900205,0.017688674823070315,0.09566378971396974,0.11866618754996225,0.20044804512297756
asthma_v2_asthma_P16WheezingRS_80.wav,1,1,0,0,0.6000847097181882,0.01711766971525538,0.11223931247014969,0.10699363460229806,0.1635646734941088
asthma_v2_asthma_P19WheezingIE_93.wav,1,1,0,0,0.5001794248310495,0.03126139736703243,0.07028374309218627,0.13418062578042222,0.2640948089293093
asthma_v2_asthma_P19WheezingIU_94.wav,1,1,0,4,0.15479531135724878,0.05165194511614971,0.34342639698067046,0.05762653559468998,0.39249981095124103
asthma_v2_asthma_P19WheezingRL_91.wav,1,1,0,0,0.40684007561532276,0.041976552043484716,0.08112431177684436,0.09204084448751829,0.37801821607683
asthma_v2_asthma_P19WheezingRL_95.wav,1,1,0,4,0.2911334821334884,0.037728451822951106,0.2212571651663991,0.07885716296150005,0.3710237379156618
asthma_v2_asthma_P19WheezingRS_92.wav,1,1,0,0,0.3974893812408008,0.019027016741835108,0.18429120233445162,0.10310474403545061,0.296087655647462
asthma_v2_asthma_P23WheezingIE_113.wav,1,1,0,4,0.26634794734462,0.07680248476526863,0.14663991697830792,0.10497059513646596,0.40523905577533786
asthma_v2_asthma_P23WheezingIU_114.wav,1,1,0,4,0.23059072666277203,0.059328662987819705,0.20904754718747795,0.07684657197810621,0.42418649118382423
asthma_v2_asthma_P23WheezingRL_111.wav,1,1,0,0,0.3920515981490214,0.0720446441076147,0.08064006307837347,0.12215547660231238,0.3331082180626783
asthma_v2_asthma_P23WheezingRL_115.wav,1,1,0,4,0.36548457635556136,0.02574800777218902,0.056031632398057224,0.09310122188521505,0.4596345615889771
asthma_v2_asthma_P23WheezingRS_112.wav,1,1,0,4,0.34254917970427795,0.04583740971520409,0.114031500278552,0.1050248531301475,0.39255705717181855
asthma_v2_asthma_P27WheezingIE_133.wav,1,1,0,0,0.4167447783365705,0.019592707521040136,0.14646685413823535,0.12025296016207444,0.29694269984207966
asthma_v2_asthma_P27WheezingIU_134.wav,1,1,0,0,0.5088070953430589,0.043193044846724496,0.059265519368376776,0.12128343759386706,0.26745090284797296
asthma_v2_asthma_P27WheezingRL_131.wav,1,1,0,0,0.35977604725347023,0.0828803712979015,0.12177609673093831,0.08772097995670418,0.3478465047609857
asthma_v2_asthma_P27WheezingRL_135.wav,1,1,0,4,0.224587620645178,0.08247708492303098,0.2944623981962268,0.10186306252474134,0.2966098337108231
asthma_v2_asthma_P27WheezingRS_132.wav,1,1,0,4,0.22747276915022951,0.02924115462401952,0.3052684218247264,0.06832042781106772,0.36969722658995713
asthma_v2_asthma_P2AsthmaIE_9.wav,1,1,0,0,0.528397175051458,0.017239243573337275,0.13594677147210446,0.12752731688046437,0.19088949302263575
asthma_v2_asthma_P2AsthmaIU_10.wav,1,1,0,0,0.639603935551793,0.02066583566189755,0.11155264746553908,0.10440621229237465,0.12377136902839579
asthma_v2_asthma_P2AsthmaIU_6.wav,1,1,0,0,0.322502159788899,0.05847961662238354,0.07928400997351981,0.37331851195196425,0.16641570166323297
asthma_v2_asthma_P2AsthmaRL_7.wav,1,1,0,0,0.3635300874196034,0.012707146550270868,0.18904520390763097,0.10806951017288804,0.32664805194960694
asthma_v2_asthma_P2AsthmaRS_8.wav,1,1,0,0,0.5834496784432278,0.016695564399400235,0.09555667884789548,0.11497106881370198,0.18932700949577416
asthma_v2_asthma_P31WheezingIE_153.wav,1,1,0,4,0.27182570867242345,0.023881263874301215,0.19135302365608833,0.09488767736633386,0.4180523264308533
asthma_v2_asthma_P31WheezingIU_154.wav,1,1,0,4,0.2755749779142835,0.03640917165495237,0.18441353971495134,0.12580339027563442,0.3777989204401787
asthma_v2_asthma_P31WheezingRL_151.wav,1,1,0,4,0.19493324288666514,0.028751253846760222,0.4585891912098535,0.060207794013329555,0.2575185180433914
asthma_v2_asthma_P31WheezingRL_155.wav,1,1,0,0,0.48162676241835606,0.03775177385885132,0.029417411776810804,0.12015560827686836,0.33104844366911346
asthma_v2_asthma_P31WheezingRS_152.wav,1,1,0,4,0.3119370567809466,0.029523117904235157,0.1482588948533788,0.11869844206144751,0.39158248839999205
asthma_v2_asthma_P40WheezingIE_197.wav,1,1,0,0,0.5001450858059805,0.06324246319004928,0.13210929877345962,0.07375226744295792,0.23075088478755298
asthma_v2_asthma_P40WheezingIU_198.wav,1,1,0,0,0.43238433085608224,0.04218531906889818,0.19230930825570433,0.06842428722718105,0.2646967545921339
asthma_v2_asthma_P40WheezingRL_199.wav,1,1,0,0,0.3536786707215824,0.06314580354301791,0.24975657347800104,0.06439927066029341,0.2690196815971052
asthma_v2_asthma_P40WheezingRS_196.wav,1,1,0,0,0.4737225944619394,0.04305382306895955,0.17514559598295162,0.06739922844073613,0.24067875804541317
asthma_v2_asthma_P40WheezingRS_200.wav,1,1,0,0,0.29220936382642576,0.051338541035367356,0.34391396919024464,0.05006349831673039,0.2624746276312321
asthma_v2_asthma_P42WheezingIE_209.wav,1,1,0,0,0.4500761759208147,0.02268998818664894,0.13695931694065727,0.05825057355448908,0.3320239453973903
asthma_v2_asthma_P42WheezingIU_206.wav,1,1,0,0,0.443935779162517,0.03857952562657771,0.21332963112262135,0.10288760143938824,0.20126746264889536
asthma_v2_asthma_P42WheezingIU_210.wav,1,1,0,0,0.499546128331672,0.022489759737042318,0.13934895337233594,0.07770106547186169,0.26091409308708835
asthma_v2_asthma_P42WheezingRL_207.wav,1,1,0,0,0.6781702730243024,0.10001093679291026,0.04339103088083019,0.047385327993483085,0.13104243130847412
asthma_v2_asthma_P42WheezingRS_208.wav,1,1,0,0,0.5978479105044225,0.03167668553922262,0.07001992187542606,0.05872731826377508,0.24172816381715378
asthma_v2_asthma_P52WheezingIE_257.wav,1,1,0,0,0.41469916524596256,0.031698316098178296,0.30896611021507087,0.05493605631477626,0.18970035212601175
asthma_v2_asthma_P52WheezingIU_258.wav,1,1,0,0,0.40197632227367486,0.027205788441610215,0.3237226345019538,0.05370526245829713,0.19338999232446363
asthma_v2_asthma_P52WheezingRL_259.wav,1,1,0,0,0.46934484920422465,0.014125320245273097,0.17416563358049322,0.10427757660798004,0.23808662036202902
asthma_v2_asthma_P52WheezingRS_256.wav,1,1,0,0,0.41253824874484696,0.03171612317833195,0.3417243163353119,0.049184529992145,0.16483678174936403
asthma_v2_asthma_P52WheezingRS_260.wav,1,1,0,0,0.4865353890067731,0.01589504400040227,0.12267775857824195,0.13359952186943755,0.24129228654514448
asthma_v2_asthma_P55WheezingIE_273.wav,1,1,0,4,0.2335453133793405,0.017998664779374462,0.33467298944619867,0.08760387258098246,0.32617915981410367
asthma_v2_asthma_P55WheezingIU_274.wav,1,1,0,4,0.20200457699711996,0.021168188774672587,0.3200809486593762,0.09276637212499829,0.36397991344383274
asthma_v2_asthma_P55WheezingRL_271.wav,1,1,0,4,0.12857606234673033,0.03935078770873206,0.38669144243994763,0.11102494483680649,0.33435676266778314
asthma_v2_asthma_P55WheezingRL_275.wav,1,1,0,4,0.20520390056364496,0.02162392464999096,0.23728802745896554,0.055164158539101296,0.4807199887882971
asthma_v2_asthma_P55WheezingRS_272.wav,1,1,0,4,0.2195104343517806,0.022095825542548894,0.3897255143863786,0.08303280264396076,0.28563542307533113
asthma_v2_asthma_P5AsthmaIE_21.wav,1,1,0,0,0.6214269765389983,0.016506258479635008,0.06336495074338461,0.10730217113679998,0.191399643101182
asthma_v2_asthma_P5AsthmaIE_25.wav,1,1,0,0,0.44218623673540425,0.0147805715954861,0.13113221752207155,0.1330291183360428,0.2788718558109953
asthma_v2_asthma_P5AsthmaIU_22.wav,1,1,0,0,0.6142285423808541,0.02006470821187793,0.048273709665858276,0.12913822923080598,0.18829481051060357
asthma_v2_asthma_P5AsthmaRL_23.wav,1,1,0,0,0.5348122472795962,0.016865874620208086,0.0908584249223712,0.13642154586423888,0.22104190731358583
asthma_v2_asthma_P5AsthmaRS_24.wav,1,1,0,0,0.5208945854846211,0.016992423977144493,0.07755530273766874,0.14280742824145504,0.24175025955911073
asthma_v2_asthma_P9AsthmaIE_41.wav,1,1,0,0,0.673110597775183,0.04664876886068099,0.015228831678885174,0.10362025812459787,0.16139154356065277
asthma_v2_asthma_P9AsthmaIE_45.wav,1,1,0,0,0.722701334346608,0.033784098677088634,0.0288526701013524,0.10050684005441908,0.11415505682053202
asthma_v2_asthma_P9AsthmaIU_42.wav,1,1,0,0,0.6817216143104146,0.02393485522230714,0.025844075320046605,0.10055100682046575,0.16794844832676584
asthma_v2_asthma_P9AsthmaRL_43.wav,1,1,0,0,0.49730684894927135,0.015291398938150626,0.16060533674779243,0.10849224689862352,0.21830416846616216
asthma_v2_asthma_P9AsthmaRS_44.wav,1,1,0,0,0.643865798838857,0.018666133675196032,0.1105111218913636,0.09611187172851453,0.13084507386606914
asthma_v2_copd_P13COPDMc_100.wav,1,1,2,1,0.005866174933715214,0.47235263009786715,0.2984037326535767,0.18643120998981097,0.03694625232503025
asthma_v2_copd_P13COPDMc_102.wav,1,1,2,2,0.04275510283274662,0.05933019993640928,0.7361448285529286,0.025122979724829957,0.1366468889530854
asthma_v2_copd_P13COPDMc_104.wav,1,1,2,1,0.018081945844257426,0.25224302892070816,0.6011454723575447,0.056991065479527675,0.07153848739796172
asthma_v2_copd_P13COPDMc_98.wav,1,1,2,1,0.01846991726522721,0.32926460381972145,0.41328519665011193,0.16567443503192494,0.07330584723301463
asthma_v2_copd_P13COPDPr_101.wav,1,1,2,2,0.0317336761470395,0.08635709324628152,0.7584187888623868,0.02400605277409173,0.0994843889702008
asthma_v2_copd_P13COPDPr_103.wav,1,1,2,2,0.030715684402786936,0.056854692656980316,0.7987370691119208,0.02615797405860413,0.087534579769708
asthma_v2_copd_P13COPDPr_97.wav,1,1,2,2,0.0004587845693871516,0.15725459182534982,0.8248547213600984,0.013475738315064942,0.003956163930099486
asthma_v2_copd_P13COPDPr_99.wav,1,1,2,1,0.008421422760293323,0.47483885639081624,0.28182755465129483,0.18353243453750706,0.051379731660088516
asthma_v2_copd_P20COPDMc_154.wav,1,1,2,2,0.004141960410466207,0.05914730840652384,0.9021425732734811,0.015786649093454116,0.018781508816074776
asthma_v2_copd_P20COPDMc_156.wav,1,1,2,4,0.1135562853895337,0.07303624486372001,0.43471059564460796,0.1134720300570518,0.2652248440450863
asthma_v2_copd_P20COPDMc_158.wav,1,1,2,2,0.010980131348789196,0.0213597966466917,0.9377613515079027,0.011139759103406085,0.01875896139320998
asthma_v2_copd_P20COPDMc_160.wav,1,1,2,2,0.008820079326063086,0.024078694537458287,0.9396390090773874,0.01091075387382384,0.016551463185267457
asthma_v2_copd_P20COPDPr_153.wav,1,1,2,2,0.007874728776175259,0.05003577988591463,0.8916511969813291,0.019734156143877666,0.030704138212703815
asthma_v2_copd_P20COPDPr_155.wav,1,1,2,4,0.11065765665537008,0.06258522846285162,0.4943952119618409,0.09656896710665538,0.235792935813282
asthma_v2_copd_P20COPDPr_157.wav,1,1,2,2,0.054891272996210876,0.07983146801530663,0.6260364096410085,0.08689998778234835,0.15234086156512552
asthma_v2_copd_P20COPDPr_159.wav,1,1,2,2,0.012205975249953404,0.020899160199060067,0.9368036032079899,0.010723094736053587,0.019368166606943155
asthma_v2_copd_P21COPDMc_162.wav,1,1,2,2,0.0016268777788010563,0.030654444872201477,0.961328580520705,0.00230629325541367,0.0040838035728785645
asthma_v2_copd_P21COPDMc_164.wav,1,1,2,2,0.0036082354591179962,0.09645322480153795,0.8796370764837842,0.006585323683939835,0.013716139571619962
asthma_v2_copd_P21COPDMc_166.wav,1,1,2,2,0.003728251244522663,0.08965821419009587,0.8842236873324593,0.00622280787755919,0.01616703935536248
asthma_v2_copd_P21COPDMc_168.wav,1,1,2,2,0.07858507426608573,0.03493632576777709,0.6588031413661494,0.05525666402693937,0.1724187945730484
asthma_v2_copd_P21COPDPr_161.wav,1,1,2,2,0.0014226350532100269,0.04503684002408894,0.9480245674720795,0.002298740245610977,0.0032172172050105967
asthma_v2_copd_P21COPDPr_163.wav,1,1,2,2,0.0013156425567037347,0.04119939388553957,0.9522082304264776,0.002335307324558021,0.0029414258067211488
asthma_v2_copd_P21COPDPr_165.wav,1,1,2,2,0.005032493050880239,0.08853255387914974,0.8790361898073494,0.00682712611204477,0.020571637150575837
asthma_v2_copd_P21COPDPr_167.wav,1,1,2,2,0.048994594306979916,0.042873996763439046,0.7266364111251841,0.05153325024572779,0.1299617475586692
asthma_v2_copd_P27COPDMc_210.wav,1,1,2,2,0.00743525296018718,0.019489831362674084,0.9522117180130981,0.007370587728772374,0.013492609935267798
asthma_v2_copd_P27COPDMc_212.wav,1,1,2,2,0.0020857121289136657,0.033075394395462504,0.9545426830205862,0.0027801602358161863,0.007516050219221465
asthma_v2_copd_P27COPDMc_214.wav,1,1,2,2,0.0021648410085496122,0.030919907488201604,0.9558235464231285,0.002856457035387503,0.008235248044732909
asthma_v2_copd_P27COPDMc_216.wav,1,1,2,2,0.01762280535337077,0.02445766163458583,0.9093639225727099,0.012594677913939055,0.035960932525394174
asthma_v2_copd_P27COPDPr_209.wav,1,1,2,2,0.0068741451132593966,0.023942956344554425,0.9469672522158038,0.00846618464751777,0.013749461678864839
asthma_v2_copd_P27COPDPr_211.wav,1,1,2,2,0.007062324466113344,0.020018623100861898,0.9524967156788073,0.007606215859547423,0.01281612089467002
asthma_v2_copd_P27COPDPr_213.wav,1,1,2,2,0.002246558852726696,0.03129465213434255,0.9548146053035609,0.0028160720625881163,0.008828111646781918
asthma_v2_copd_P27COPDPr_215.wav,1,1,2,2,0.010541548394668398,0.032376730835739345,0.9185377265498053,0.01134461720183006,0.0271993770179569
asthma_v2_copd_P29COPDMc_226.wav,1,1,2,2,0.0021533852844423888,0.03223812349018161,0.955715900550595,0.003151204751534272,0.0067413859232465425
asthma_v2_copd_P29COPDMc_228.wav,1,1,2,2,0.0029022514907787603,0.03313656864547802,0.9531100648810381,0.003314051615624036,0.0075370633670810315
asthma_v2_copd_P29COPDMc_230.wav,1,1,2,2,0.00598534279493014,0.022334791408758766,0.9530346443424548,0.004426347200559406,0.0142188742532966
asthma_v2_copd_P29COPDMc_232.wav,1,1,2,2,0.007329741155364534,0.02024215910338855,0.9520196220137541,0.004771927527551803,0.015636550199941087
asthma_v2_copd_P29COPDPr_225.wav,1,1,2,2,0.001852498437466342,0.03239348483574926,0.9567634136757013,0.002729127486560224,0.0062614755645227105
asthma_v2_copd_P29COPDPr_227.wav,1,1,2,2,0.0037661227466863133,0.02941733597282772,0.9549860245898634,0.003901339930557388,0.007929176760065403
asthma_v2_copd_P29COPDPr_229.wav,1,1,2,2,0.004498736622196768,0.02672689146957357,0.9561050925003448,0.003966964394498671,0.008702315013386424
asthma_v2_copd_P29COPDPr_231.wav,1,1,2,2,0.006363548884128248,0.019726386102585213,0.9543627930852919,0.004216872402412238,0.015330399525582225
asthma_v2_copd_P33COPDMc_258.wav,1,1,2,0,0.42669749112072053,0.026156233629783233,0.18423393701550878,0.1465024862961255,0.2164098519378619
asthma_v2_copd_P33COPDMc_260.wav,1,1,2,0,0.2281314567072494,0.2582033878672475,0.07047234053498702,0.27363274153603373,0.16956007335448292
asthma_v2_copd_P33COPDMc_262.wav,1,1,2,1,0.1692343279841095,0.40135354969188036,0.04923244900010776,0.22115600296304083,0.1590236703608614
asthma_v2_copd_P33COPDMc_264.wav,1,1,2,1,0.0014388506899162823,0.38010910844512086,0.5925372633632843,0.012719161650740832,0.013195615850937994
asthma_v2_copd_P33COPDPr_257.wav,1,1,2,0,0.40874997050760825,0.0287721350530577,0.24113744319179292,0.06655711596269191,0.25478333528484937
asthma_v2_copd_P33COPDPr_259.wav,1,1,2,1,0.17384868602991968,0.312760707416026,0.07633031599390255,0.2714734947888315,0.16558679577132043
asthma_v2_copd_P33COPDPr_261.wav,1,1,2,1,0.15747039197279064,0.4301936860691637,0.05156852691994158,0.21807286689074656,0.14269452814735734
asthma_v2_copd_P33COPDPr_263.wav,1,1,2,1,0.17540383551747965,0.3873998319984189,0.04644601026392382,0.23156864465808527,0.1591816775620922
asthma_v2_copd_P40COPDMc_314.wav,1,1,2,4,0.034938966591966616,0.10188822034470905,0.5343590049428648,0.0541588949082265,0.27465491321223273
asthma_v2_copd_P40COPDMc_316.wav,1,1,2,2,0.004082988238254795,0.040849099069348596,0.928812004560695,0.009816846685934837,0.016439061445766977
asthma_v2_copd_P40COPDMc_318.wav,1,1,2,4,0.21450784122206087,0.053212502805436525,0.19488373718388385,0.12250356415536555,0.4148923546332536
asthma_v2_copd_P40COPDMc_320.wav,1,1,2,4,0.15359035379023667,0.07573692719414628,0.2773895222704993,0.10605647612463681,0.3872267206204808
asthma_v2_copd_P40COPDPr_313.wav,1,1,2,4,0.05137338301865019,0.08537132256160199,0.4456476108409752,0.06650590318378564,0.35110178039498685
asthma_v2_copd_P40COPDPr_315.wav,1,1,2,2,0.003729860928028219,0.04100977684501391,0.9327353112468276,0.008575476843413775,0.013949574136716198
asthma_v2_copd_P40COPDPr_317.wav,1,1,2,2,0.005380748080736641,0.039473679869209216,0.9228641857707542,0.012569843695917925,0.019711542583382032
asthma_v2_copd_P40COPDPr_319.wav,1,1,2,4,0.21295301716728135,0.1087213327095376,0.1312290461756217,0.15957082481951657,0.3875257791280431
asthma_v2_copd_P46COPDMc_362.wav,1,1,2,2,0.18851089298658255,0.030201052953945196,0.4863445336212219,0.09335714921857773,0.2015863712196727
asthma_v2_copd_P46COPDMc_364.wav,1,1,2,4,0.18316209458278182,0.05969361743557273,0.3965323094810007,0.12486111139669397,0.23575086710395074
asthma_v2_copd_P46COPDMc_366.wav,1,1,2,2,0.10541718652021931,0.061671131779744946,0.5533405477393554,0.11815919935573621,0.16141193460494427
asthma_v2_copd_P46COPDMc_368.wav,1,1,2,2,0.016202905944409846,0.05347538592695778,0.8675675374949853,0.020760520939299167,0.041993649694348004
asthma_v2_copd_P46COPDPr_361.wav,1,1,2,3,0.1253980173064171,0.10447449166547827,0.3423901148965805,0.19681829211346208,0.2309190840180619
asthma_v2_copd_P46COPDPr_363.wav,1,1,2,2,0.08416754504975414,0.0318839632459992,0.7193957356282571,0.05802942327792694,0.10652333279806295
asthma_v2_copd_P46COPDPr_365.wav,1,1,2,0,0.2153102676941129,0.03246393420359052,0.44472819109233824,0.1002349539470941,0.20726265306286454
asthma_v2_copd_P46COPDPr_367.wav,1,1,2,2,0.0650552284815472,0.02865421423288982,0.7701972938563758,0.033545979204738126,0.10254728422444918
asthma_v2_copd_P4COPDMc_26.wav,1,1,2,2,0.03634126914068875,0.07214605744770336,0.7007367576210555,0.10893844784684852,0.08183746794370432
asthma_v2_copd_P4COPDMc_28.wav,1,1,2,3,0.07224105173847781,0.12099208007951377,0.45490617970531083,0.22878398852523232,0.12307669995146527
asthma_v2_copd_P4COPDMc_30.wav,1,1,2,2,0.11254422996064152,0.03946188956446582,0.5882430275959283,0.0977288706655737,0.1620219822133908
asthma_v2_copd_P4COPDMc_32.wav,1,1,2,4,0.22666549998405203,0.026648859241171337,0.3471810303118977,0.1160167291052849,0.28348788135759395
asthma_v2_copd_P4COPDPr_25.wav,1,1,2,2,0.05160078459644509,0.05583260522163461,0.7085627572877602,0.10415872095485415,0.07984513193930581
asthma_v2_copd_P4COPDPr_27.wav,1,1,2,3,0.06890820500403927,0.09105751733087795,0.5353221195978387,0.1927740400429882,0.11193811802425552
asthma_v2_copd_P4COPDPr_29.wav,1,1,2,3,0.06701774345716419,0.09187111783696522,0.5013801933757415,0.21595564599180384,0.12377529933832544
asthma_v2_copd_P4COPDPr_31.wav,1,1,2,4,0.12726594247367135,0.04433691508943029,0.4859438805870381,0.11880031268296373,0.22365294916689654
asthma_v2_copd_P5COPDMc_34.wav,1,1,2,4,0.26838993398742894,0.02566984609966555,0.25272979938421103,0.13011425835634244,0.3230961621723519
asthma_v2_copd_P5COPDMc_36.wav,1,1,2,2,0.024517401459727195,0.09459127142789427,0.7148479204053644,0.06614856751960266,0.09989483918741109
asthma_v2_copd_P5COPDMc_38.wav,1,1,2,2,0.039516048107151626,0.08713403827110319,0.6501611433681702,0.08781730292833291,0.13537146732524216
asthma_v2_copd_P5COPDMc_40.wav,1,1,2,2,0.0668174280206525,0.03729972018564071,0.7153154627599125,0.06901456202478565,0.11155282700900893
asthma_v2_copd_P5COPDPr_33.wav,1,1,2,4,0.2166237081698505,0.02387953628889024,0.38656652930094826,0.10660505515870973,0.2663251710816012
asthma_v2_copd_P5COPDPr_35.wav,1,1,2,2,0.00810061034870733,0.08393367397304789,0.8400610000365607,0.034948690023342326,0.032956025618342245
asthma_v2_copd_P5COPDPr_37.wav,1,1,2,2,0.022534546273247098,0.11097317518929967,0.6859708884841715,0.082456703657683,0.09806468639559839
asthma_v2_copd_P5COPDPr_39.wav,1,1,2,2,0.028575074565875033,0.11092904188991576,0.652635673873587,0.09205362470559908,0.1158065849650228
asthma_v2_healthy_P15Healthy14S.wav,1,1,3,3,0.05518149694157165,0.25546325716126383,0.13416056821251257,0.34279068764448123,0.21240399004017063
asthma_v2_healthy_P15Healthy55S.wav,1,1,3,1,0.009689183256746994,0.41103772648412457,0.2842312448774593,0.24741965411085048,0.047622191270818216
asthma_v2_healthy_P15Healthy61S.wav,1,1,3,4,0.21918966656026498,0.029903323384952194,0.17856993953249184,0.12488887605748979,0.4474481944648011
asthma_v2_healthy_P15Healthy65S.wav,1,1,3,1,0.015676508909254684,0.2580329343369295,0.5189413044923833,0.15567629034115688,0.05167296192027563
asthma_v2_healthy_P15Healthy93S.wav,1,1,3,1,0.011098924241893484,0.31501495548652775,0.4430565694572665,0.17578697378390787,0.0550425770304044
asthma_v2_healthy_P16Healthy18S.wav,1,1,3,4,0.21918966656026498,0.029903323384952194,0.17856993953249184,0.12488887605748979,0.4474481944648011
asthma_v2_healthy_P16Healthy19S.wav,1,1,3,4,0.24825514285051378,0.022477411518250032,0.19434576597905617,0.1247875919302098,0.41013408772197024
asthma_v2_healthy_P16Healthy26S.wav,1,1,3,4,0.23310215088031208,0.025079691433125502,0.14289329158149247,0.13267229384270499,0.4662525722623653
asthma_v2_healthy_P16Healthy38S.wav,1,1,3,4,0.24825514285051378,0.022477411518250032,0.19434576597905617,0.1247875919302098,0.41013408772197024
asthma_v2_healthy_P16Healthy41S.wav,1,1,3,4,0.23310215088031208,0.025079691433125502,0.14289329158149247,0.13267229384270499,0.4662525722623653
asthma_v2_healthy_P17Healthy22S.wav,1,1,3,4,0.19833021733556683,0.021707391392747473,0.08680289861814458,0.1055964938095893,0.5875629988439517
asthma_v2_healthy_P17Healthy35S.wav,1,1,3,4,0.2038965034036965,0.03052478463065223,0.07802895246583423,0.11945035749640752,0.5680994020034094
asthma_v2_healthy_P17Healthy58S.wav,1,1,3,4,0.11797532646231194,0.023641588333964937,0.5185818945297193,0.05532086743013928,0.2844803232438642
asthma_v2_healthy_P17Healthy71S.wav,1,1,3,4,0.11261260870661725,0.021068552802365963,0.5452087400113017,0.050948185969101764,0.27016191251061317
asthma_v2_healthy_P17Healthy83S.wav,1,1,3,4,0.09764265426831911,0.024137881904130427,0.531373107364608,0.041829589317694066,0.3050167671452486
asthma_v2_healthy_P19Healthy47S.wav,1,1,3,4,0.09792223026350484,0.07639136257455408,0.29017458177417044,0.05768153242968267,0.47783029295808815
asthma_v2_healthy_P19Healthy50S.wav,1,1,3,4,0.3177562009412526,0.02053714740178513,0.11397719025381747,0.13127301009048914,0.4164564513126556
asthma_v2_healthy_P19Healthy55S.wav,1,1,3,0,0.320983389469316,0.04078543648109098,0.06756634313814025,0.19823824709614032,0.37242658381531246
asthma_v2_healthy_P19Healthy62S.wav,1,1,3,4,0.35953476330480727,0.025731564659124843,0.07307703719963403,0.1494102096893509,0.3922464251470832
asthma_v2_healthy_P19Healthy79S.wav,1,1,3,4,0.23769012085688918,0.01660013181722331,0.13308851110217154,0.12502922105892955,0.48759201516478684
asthma_v2_healthy_P27Healthy30S.wav,1,1,3,4,0.31992239441760845,0.021644095101661567,0.10676181422228789,0.11978534853629788,0.4318863477221439
asthma_v2_healthy_P27Healthy73S.wav,1,1,3,4,0.29729851666678675,0.02607363673146265,0.10261277167317333,0.12351375971184517,0.45050131521673226
asthma_v2_healthy_P27Healthy92S.wav,1,1,3,4,0.24668023064215835,0.0204303440866761,0.15525633908692266,0.09561231675941877,0.48202076942482386
asthma_v2_pneumonia_P10Pneumonia52A.wav,1,1,4,2,0.04665153322464232,0.22226668136075364,0.5918880201877027,0.06231862222336001,0.07687514300354135
asthma_v2_pneumonia_P10Pneumonia73G.wav,1,1,4,4,0.1689398640991861,0.12948716119316897,0.19248714603855666,0.1519101798541523,0.35717564881493535
asthma_v2_pneumonia_P10Pneumonia80J.wav,1,1,4,1,0.04130203678907607,0.2816122419946849,0.5167890963250785,0.07706320106171602,0.08323342382944429
asthma_v2_pneumonia_P10Pneumonia88R.wav,1,1,4,4,0.2754331383369973,0.02999126914508939,0.31235451857467955,0.09256162824020692,0.2896594457030267
asthma_v2_pneumonia_P10Pneumonia93W.wav,1,1,4,3,0.14821285734243184,0.19967485005462282,0.12241143792778549,0.2364622912515354,0.2932385634236244
asthma_v2_pneumonia_P10Pneumonia97B.wav,1,1,4,4,0.1870717491773804,0.10101304444947014,0.1332355917262439,0.14272044684652566,0.4359591678003797
asthma_v2_pneumonia_P14Pneumonia19W.wav,1,1,4,4,0.203975664765824,0.1316804732395246,0.1401402574876975,0.15640543708895252,0.36779816741800164
asthma_v2_pneumonia_P14Pneumonia22X.wav,1,1,4,0,0.38791189756672984,0.01742710400467868,0.12130160098239151,0.14530437296513524,0.328055024481065
asthma_v2_pneumonia_P14Pneumonia40M.wav,1,1,4,0,0.3616885355056385,0.022401585435851423,0.11750052297080563,0.13929134130734233,0.3591180147803622
asthma_v2_pneumonia_P14Pneumonia62B.wav,1,1,4,0,0.29630692835396427,0.034963330752048036,0.2856017493049674,0.10673113291597319,0.27639685867304786
asthma_v2_pneumonia_P14Pneumonia73T.wav,1,1,4,4,0.2192601955180985,0.12186154533885168,0.13048105676976887,0.17818081316267687,0.35021638921060405
asthma_v2_pneumonia_P14Pneumonia87C.wav,1,1,4,0,0.23599579459232628,0.11423936368045749,0.12153420876101081,0.18661014396661477,0.3416204889995906
asthma_v2_pneumonia_P17Pneumonia49T.wav,1,1,4,4,0.17212072482576754,0.02045961768477933,0.10110612011759941,0.07309047555613941,0.6332230618157144
asthma_v2_pneumonia_P17Pneumonia51I.wav,1,1,4,3,0.04101809885629601,0.16599635052816428,0.5538193648174728,0.1487848297664216,0.09038135603164515
asthma_v2_pneumonia_P17Pneumonia57K.wav,1,1,4,4,0.1539924048044141,0.02325914737369162,0.11551681048488516,0.07204951351021459,0.6351821238267948
asthma_v2_pneumonia_P17Pneumonia63G.wav,1,1,4,4,0.14277689635483456,0.029634726571488745,0.1036864411253588,0.062191420217395044,0.6617105157309228
asthma_v2_pneumonia_P17Pneumonia86O.wav,1,1,4,2,0.057766114583553026,0.08107277256031858,0.6760293576791001,0.09312317876475866,0.09200857641226969
asthma_v2_pneumonia_P17Pneumonia91K.wav,1,1,4,2,0.036228815854470166,0.14798218792333154,0.6083855399825291,0.12465093046086644,0.08275252577880308
asthma_v2_pneumonia_P19Pneumonia24H.wav,1,1,4,4,0.14353922282581472,0.023127888059648237,0.20603306674675081,0.06190941933042938,0.5653904030373569
asthma_v2_pneumonia_P19Pneumonia33O.wav,1,1,4,4,0.12164027119209113,0.02290690499333724,0.13634204212644108,0.06446360594811354,0.6546471757400171
asthma_v2_pneumonia_P19Pneumonia39Z.wav,1,1,4,4,0.14965201316636165,0.019427680908907938,0.13209308006985654,0.06463299459822937,0.6341942312566446
asthma_v2_pneumonia_P19Pneumonia41U.wav,1,1,4,4,0.13326263761936316,0.032981758902284414,0.2642910045316689,0.07275201662926242,0.4967125823174208
asthma_v2_pneumonia_P19Pneumonia75B.wav,1,1,4,4,0.16190840931223666,0.020800057770643046,0.16917373468046168,0.0670524640116136,0.581065334225045
asthma_v2_pneumonia_P19Pneumonia90X.wav,1,1,4,4,0.17054087467813828,0.020566417483461347,0.18676888846596315,0.08202775074721085,0.5400960686252266
asthma_v2_pneumonia_P23Pneumonia19A.wav,1,1,4,0,0.34604737523886797,0.06684594895710291,0.2579400110663136,0.13186016021371447,0.19730650452400153
asthma_v2_pneumonia_P23Pneumonia40O.wav,1,1,4,0,0.3490304499856717,0.061716855552509574,0.2651047971618667,0.13194264501175904,0.19220525228819293
asthma_v2_pneumonia_P23Pneumonia54P.wav,1,1,4,0,0.3795189857091157,0.03899540174361891,0.27567667567706766,0.09957978370513759,0.20622915316506032
asthma_v2_pneumonia_P23Pneumonia60Y.wav,1,1,4,0,0.3461759428032578,0.05668100312774417,0.264712210655416,0.12648780073911253,0.2059430426744692
asthma_v2_pneumonia_P23Pneumonia90V.wav,1,1,4,0,0.27064041677574935,0.10661032415192072,0.22022743425299895,0.220512893896719,0.18200893092261147
asthma_v2_pneumonia_P23Pneumonia97P.wav,1,1,4,0,0.2626489378153902,0.11504677547750673,0.20094954344085425,0.2163225402597087,0.2050322030065402
asthma_v2_pneumonia_P31Pneumonia14Q.wav,1,1,4,4,0.12285294209414663,0.03869382172476008,0.06622500628692701,0.11075361103812965,0.6614746188560364
asthma_v2_pneumonia_P31Pneumonia16C.wav,1,1,4,4,0.12227359468885253,0.036221991869974816,0.07202099594901064,0.09161439235437216,0.6778690251377897
asthma_v2_pneumonia_P31Pneumonia43V.wav,1,1,4,4,0.13133216937827596,0.05246133615485236,0.21275871143400002,0.08546310131768979,0.5179846817151815
asthma_v2_pneumonia_P31Pneumonia47D.wav,1,1,4,4,0.15909625246115872,0.024413410333866455,0.07092833610766587,0.0939357135285398,0.6516262875687692
asthma_v2_pneumonia_P31Pneumonia47J.wav,1,1,4,4,0.15102803090013175,0.028340338637924477,0.128975134492572,0.08512453126042405,0.6065319647089477
asthma_v2_pneumonia_P31Pneumonia92I.wav,1,1,4,4,0.14645104731963013,0.04126980909510933,0.1811139228696896,0.09019137733742504,0.5409738433781456
asthma_v2_pneumonia_P38Pneumonia23A.wav,1,1,4,0,0.5393139673894197,0.016093781604760563,0.15394353314531922,0.10562051484936388,0.18502820301113634
asthma_v2_pneumonia_P38Pneumonia34H.wav,1,1,4,0,0.6862756006908014,0.020495891771814698,0.042216498962776815,0.10222225893583786,0.14878974963876893
asthma_v2_pneumonia_P38Pneumonia35P.wav,1,1,4,0,0.5241754528203892,0.019038394833734335,0.11596502345914284,0.14780445627102404,0.19301667261570957
asthma_v2_pneumonia_P38Pneumonia41S.wav,1,1,4,0,0.7506340648166742,0.04884974654299875,0.01682061783756965,0.0774678171062528,0.10622775369650438
asthma_v2_pneumonia_P38Pneumonia61R.wav,1,1,4,0,0.4725057900437454,0.015303789348037004,0.1409893419295363,0.11973308685689257,0.25146799182178864
asthma_v2_pneumonia_P38Pneumonia64N.wav,1,1,4,0,0.5375268976354157,0.015109722262559116,0.07584138170540373,0.11914633363601854,0.25237566476060264
asthma_v2_pneumonia_P40Pneumonia18H.wav,1,1,4,4,0.23766163389264094,0.1060286052018181,0.23133850430101824,0.117850162662056,0.3071210939424668
asthma_v2_pneumonia_P40Pneumonia32Q.wav,1,1,4,0,0.34114709564535295,0.044380189293711125,0.04794364613685732,0.19808432867371864,0.36844474025036
asthma_v2_pneumonia_P40Pneumonia69N.wav,1,1,4,4,0.2152868248544528,0.01817813146945703,0.09423987225126561,0.07890408331217254,0.5933910881126518
asthma_v2_pneumonia_P40Pneumonia90Y.wav,1,1,4,0,0.4703554829164393,0.11696240927029465,0.04694418957449848,0.13527997059780789,0.23045794764095967
asthma_v2_pneumonia_P40Pneumonia91V.wav,1,1,4,4,0.20348075444028338,0.04219013419175915,0.0957091668944426,0.09881634816360223,0.5598035963099126
asthma_v2_pneumonia_P40Pneumonia92J.wav,1,1,4,4,0.2841527951567586,0.018214733769213082,0.17393598399665441,0.09066883033586948,0.4330276567415042
asthma_v2_pneumonia_P42Pneumonia27A.wav,1,1,4,0,0.526867385918609,0.15598576097165148,0.0911015895626684,0.07831954492020782,0.1477257186268633
asthma_v2_pneumonia_P42Pneumonia46D.wav,1,1,4,0,0.34982971284985676,0.10265984889498235,0.2839171949372236,0.08188840091975542,0.181704842398182
asthma_v2_pneumonia_P42Pneumonia47W.wav,1,1,4,0,0.3881546950783412,0.01761296366034165,0.2225882550811924,0.07372035379048304,0.29792373238964154
asthma_v2_pneumonia_P42Pneumonia63L.wav,1,1,4,0,0.4572112669865971,0.04027288994133284,0.08659292219068332,0.12768272172804762,0.28824019915333887
asthma_v2_pneumonia_P42Pneumonia67F.wav,1,1,4,0,0.4910996183305147,0.029568701874366568,0.20188453949932758,0.10458414698371374,0.17286299331207788
asthma_v2_pneumonia_P42Pneumonia69S.wav,1,1,4,0,0.6171071292540385,0.11083986702042976,0.05901020522068135,0.07568908284878029,0.13735371565607007
asthma_v2_pneumonia_P45Pneumonia10J.wav,1,1,4,4,0.15198321656448305,0.02752363983479502,0.4194228895066256,0.06090978601610247,0.3401604680779937
asthma_v2_pneumonia_P45Pneumonia25T.wav,1,1,4,4,0.1535807600101666,0.030895526825996156,0.5063303273850215,0.06637098313106223,0.24282240264775354
asthma_v2_pneumonia_P45Pneumonia29L.wav,1,1,4,4,0.15325083626461175,0.029886898586877927,0.5031088401011716,0.07073002780577613,0.24302339724156258
asthma_v2_pneumonia_P45Pneumonia51F.wav,1,1,4,4,0.13064490680943164,0.028491268137957756,0.5093081084208134,0.052553044444937955,0.2790026721868591
asthma_v2_pneumonia_P45Pneumonia59I.wav,1,1,4,2,0.14140991156156446,0.030583118418721304,0.5472429854757173,0.0633508510630669,0.21741313348092994
asthma_v2_pneumonia_P45Pneumonia72P.wav,1,1,4,4,0.14378000434578958,0.025358977163351615,0.4972316486548014,0.060970236438682365,0.2726591333973751
asthma_v2_Bronchial_P13BronchialSc_62.wav,1,2,1,0,0.47676180706259386,0.020014543361059865,0.06433416771256639,0.1207595389666541,0.318129942897126
asthma_v2_Bronchial_P13BronchialSc_64.wav,1,2,1,0,0.548655222097052,0.025801668133161933,0.06563589257848404,0.12557817426094306,0.23432904293035905
asthma_v2_Bronchial_P13BronchialTc_61.wav,1,2,1,0,0.528289465990139,0.028187723821385506,0.04634736975618515,0.12189465231419709,0.2752807881180931
asthma_v2_Bronchial_P13BronchialTc_63.wav,1,2,1,0,0.2663425635014464,0.03357903218371594,0.28055396197120397,0.1558373003713705,0.2636871419722636
asthma_v2_Bronchial_P13BronchialTc_65.wav,1,2,1,0,0.4937870210252414,0.011436908904334601,0.17064279699035081,0.08617653347436728,0.237956739605706
asthma_v2_Bronchial_P16BronchialSc_76.wav,1,2,1,2,0.008887748237418494,0.07319921571706028,0.853552221569256,0.01525368362748138,0.049107130848783445
asthma_v2_Bronchial_P16BronchialSc_78.wav,1,2,1,2,0.015127546093586014,0.04898050862999061,0.8508290458691627,0.02958100801450115,0.05548189139275949
asthma_v2_Bronchial_P16BronchialSc_80.wav,1,2,1,2,0.061220284928239305,0.10540138090988174,0.5676439360366008,0.07326949369756237,0.1924649044277157
asthma_v2_Bronchial_P16BronchialTc_77.wav,1,2,1,2,0.012161136505496354,0.06053883712729234,0.849367860726286,0.01730244919158781,0.06062971644933737
asthma_v2_Bronchial_P16BronchialTc_79.wav,1,2,1,1,0.027059502166876137,0.20590500199112555,0.5677966493055916,0.06992495940148355,0.12931388713492303
asthma_v2_Bronchial_P1BronchialSc_2.wav,1,2,1,1,0.004101144957612483,0.5210720736171847,0.3081870875869977,0.1405349371463228,0.026104756691882152
asthma_v2_Bronchial_P1BronchialSc_4.wav,1,2,1,3,0.005807610626471207,0.43479332623644007,0.2964713804795665,0.22977053853188134,0.03315714412564061
asthma_v2_Bronchial_P1BronchialTc_1.wav,1,2,1,1,0.004087576992149249,0.41688503536087657,0.3842090965044301,0.1707255127450527,0.02409277839749138
asthma_v2_Bronchial_P1BronchialTc_3.wav,1,2,1,1,0.005340770694607974,0.47975723155637684,0.2900445233435224,0.1938034367938717,0.031054037611621448
asthma_v2_Bronchial_P1BronchialTc_5.wav,1,2,1,1,0.004334648360441445,0.5225546990811816,0.2876239139084874,0.16056980268964013,0.024916935960249624
asthma_v2_Bronchial_P7BronchialSc_32.wav,1,2,1,1,0.010030655097731605,0.668112496709857,0.07142118116962014,0.1892855588539885,0.06115010816880256
asthma_v2_Bronchial_P7BronchialSc_34.wav,1,2,1,1,0.008098053944039584,0.6743551966437973,0.06919668831001712,0.19791568991053954,0.05043437119160669
asthma_v2_Bronchial_P7BronchialTc_31.wav,1,2,1,1,0.011822862515152115,0.6999215173191636,0.06313834837025663,0.16742881376925606,0.057688458026171625
asthma_v2_Bronchial_P7BronchialTc_33.wav,1,2,1,1,0.00666536574711614,0.6968382583629908,0.07534092268044958,0.1748848411357716,0.04627061207367195
asthma_v2_Bronchial_P7BronchialTc_35.wav,1,2,1,1,0.0151488863288051,0.6742145018070453,0.0710217151002993,0.1730580459123016,0.06655685085154903
asthma_v2_Bronchial_P8BronchialSc_36.wav,1,2,1,1,0.036868653742962096,0.4949759281290878,0.11027038546669105,0.23125109822861858,0.12663393443264034
asthma_v2_Bronchial_P8BronchialSc_38.wav,1,2,1,1,0.011723205244362633,0.6793504955196915,0.06479730273484005,0.18715934307768659,0.05696965342341909
asthma_v2_Bronchial_P8BronchialSc_40.wav,1,2,1,1,0.008273975589267742,0.6587841959641324,0.0780424918949584,0.20129249714155076,0.05360683941009101
asthma_v2_Bronchial_P8BronchialTc_37.wav,1,2,1,1,0.04514476779602675,0.3986066752745522,0.14703944481287962,0.25181640623712814,0.1573927058794132
asthma_v2_Bronchial_P8BronchialTc_39.wav,1,2,1,1,0.010988086937964039,0.6156307274219036,0.09716124388109842,0.20679414880667124,0.06942579295236281
asthma_v2_Bronchial_P9BronchialSc_42.wav,1,2,1,1,0.012863231812715138,0.6848865840412285,0.06254837985894081,0.17678420338440884,0.06291760090270669
asthma_v2_Bronchial_P9BronchialSc_44.wav,1,2,1,3,0.04555770374870302,0.39013875263818204,0.1261964357187308,0.28853686360376535,0.1495702442906186
asthma_v2_Bronchial_P9BronchialTc_41.wav,1,2,1,1,0.017437671083455973,0.5232980772635951,0.10503700056395485,0.26814639870206897,0.0860808523869252
asthma_v2_Bronchial_P9BronchialTc_43.wav,1,2,1,1,0.046192084135487796,0.45090119502044,0.12178805390651344,0.2367773380159887,0.14434132892156998
asthma_v2_Bronchial_P9BronchialTc_45.wav,1,2,1,1,0.010862983606949117,0.6657753548251545,0.09908048150815933,0.15566340071717885,0.06861777934255842
asthma_v2_asthma_P18WheezingIE_89.wav,1,2,0,4,0.2978500225250601,0.01764947303768689,0.18687207247738505,0.09612323081227479,0.40150520114759347
asthma_v2_asthma_P18WheezingIU_86.wav,1,2,0,4,0.15576393719562118,0.036696287894311855,0.3810475595706385,0.05944629560041429,0.36704591973901424
asthma_v2_asthma_P18WheezingIU_90.wav,1,2,0,0,0.5304576205535482,0.04125422636101338,0.06370865114474884,0.09080992596870514,0.2737695759719843
asthma_v2_asthma_P18WheezingRL_87.wav,1,2,0,4,0.309143805659324,0.011575215078706362,0.22029392276527235,0.09649868662159015,0.3624883698751071
asthma_v2_asthma_P18WheezingRS_88.wav,1,2,0,4,0.3200448937073375,0.01683820691834103,0.17896218044890863,0.10402082878284577,0.3801338901425672
asthma_v2_asthma_P20WheezingIE_97.wav,1,2,0,1,0.1084755287766242,0.30718520310712183,0.15585828327195161,0.1485590122671995,0.2799219725771024
asthma_v2_asthma_P20WheezingIU_98.wav,1,2,0,0,0.46429737427971696,0.024609074208238997,0.12416541409383024,0.211687903552307,0.17524023386590667
asthma_v2_asthma_P20WheezingRL_99.wav,1,2,0,0,0.5040723323421301,0.018739730770851566,0.04273156415877384,0.10227803874104541,0.33217833398719887
asthma_v2_asthma_P20WheezingRS_100.wav,1,2,0,4,0.2863514323432868,0.018356542826070972,0.16450767931759744,0.14502611691455017,0.3857582285984944
asthma_v2_asthma_P20WheezingRS_96.wav,1,2,0,4,0.3084567869647976,0.019894332141010614,0.18834229410656733,0.09157705774288563,0.3917295290447385
asthma_v2_asthma_P26WheezingIE_129.wav,1,2,0,0,0.38922908980595144,0.015720332956210333,0.10895047192670021,0.1631393664427909,0.3229607388683473
asthma_v2_asthma_P26WheezingIU_126.wav,1,2,0,0,0.4413926974954782,0.017377163176981528,0.14497266839994946,0.1844745775904011,0.21178289333718975
asthma_v2_asthma_P26WheezingIU_130.wav,1,2,0,0,0.6211512292275769,0.1040634629315754,0.030908304667354284,0.054526037914267404,0.18935096525922548
asthma_v2_asthma_P26WheezingRL_127.wav,1,2,0,4,0.30680295088693904,0.021618906371397285,0.20621207041995868,0.1592304885035579,0.3061355838181471
asthma_v2_asthma_P26WheezingRS_128.wav,1,2,0,0,0.48123032936613624,0.03831548748470207,0.047227719330023114,0.12129137143454194,0.311935092384597
asthma_v2_asthma_P28WheezingIE_137.wav,1,2,0,0,0.4698082050286793,0.01313359537262321,0.1653059813711314,0.12195566635086084,0.22979655187670517
asthma_v2_asthma_P28WheezingIU_138.wav,1,2,0,0,0.656311821689681,0.03361312474745912,0.04663683058837788,0.09674421155382013,0.16669401142066165
asthma_v2_asthma_P28WheezingRL_139.wav,1,2,0,0,0.34573616653652733,0.05957492704079064,0.16584528678777583,0.2260883840857016,0.20275523554920472
asthma_v2_asthma_P28WheezingRS_136.wav,1,2,0,4,0.3257568339760133,0.016018242080809406,0.15175744994747775,0.0894959668508301,0.41697150714486964
asthma_v2_asthma_P28WheezingRS_140.wav,1,2,0,0,0.5655755296980648,0.03368517760708948,0.06717952140987055,0.16371917493987068,0.16984059634510437
asthma_v2_asthma_P29WheezingIE_141.wav,1,2,0,0,0.45391879918980454,0.21402012605000895,0.0530727974228618,0.14043895762816086,0.13854931970916406
asthma_v2_asthma_P29WheezingIE_145.wav,1,2,0,4,0.15880291703430324,0.05108028244214389,0.30641677380424975,0.06925309024160908,0.41444693647769415
asthma_v2_asthma_P29WheezingIU_142.wav,1,2,0,0,0.214736514579332,0.05002417856899961,0.2852044688529185,0.22981480221220943,0.2202200357865403
asthma_v2_asthma_P29WheezingRL_143.wav,1,2,0,4,0.1121057339964026,0.03028413022542098,0.28623341245322115,0.04471451270416902,0.5266622106207862
asthma_v2_asthma_P29WheezingRS_144.wav,1,2,0,4,0.12411520258318225,0.03616261204168059,0.3066593042935657,0.05895271774961794,0.4741101633319535
asthma_v2_asthma_P38WheezingIE_189.wav,1,2,0,0,0.7057866874844605,0.0223004319418314,0.04932715898416883,0.058711912936763276,0.16387380865277595
asthma_v2_asthma_P38WheezingIU_186.wav,1,2,0,0,0.6308464164988765,0.01788913475467427,0.055930033331602805,0.06055348537675591,0.23478093003809095
asthma_v2_asthma_P38WheezingIU_190.wav,1,2,0,0,0.3832181607549486,0.014935246124096064,0.25560143052704515,0.10264580568485028,0.24359935690906
asthma_v2_asthma_P38WheezingRL_187.wav,1,2,0,0,0.3720854192858864,0.01552386018282233,0.22784070639271017,0.10260690310710505,0.28194311103147623
asthma_v2_asthma_P38WheezingRS_188.wav,1,2,0,0,0.4044743757774196,0.019096794197375512,0.2387003288447289,0.11597539643844383,0.22175310474203186
asthma_v2_asthma_P44WheezingIE_217.wav,1,2,0,0,0.7047751478116814,0.08675048621876402,0.039820770662052314,0.0327354523310424,0.1359181429764595
asthma_v2_asthma_P44WheezingIU_218.wav,1,2,0,0,0.6659015553180093,0.10382725704848324,0.05301637924108799,0.03572495387123562,0.14152985452118383
asthma_v2_asthma_P44WheezingRL_219.wav,1,2,0,0,0.48668387085614084,0.06301524304924505,0.15532886011251507,0.04852894421647692,0.24644308176562213
asthma_v2_asthma_P44WheezingRS_216.wav,1,2,0,0,0.5052285703393723,0.013887768112040315,0.13371383866714484,0.10669040932279306,0.2404794135586494
asthma_v2_asthma_P44WheezingRS_220.wav,1,2,0,0,0.3269884653061237,0.019761341987333748,0.3226579539846677,0.05905546608418824,0.27153677263768666
asthma_v2_asthma_P45WheezingIE_221.wav,1,2,0,0,0.5881846288258745,0.013021511536605402,0.11668464814013288,0.08167811778134902,0.2004310937160385
asthma_v2_asthma_P45WheezingIE_225.wav,1,2,0,0,0.4743279488247594,0.014995035109952632,0.16302316973888833,0.058860808506091794,0.2887930378203077
asthma_v2_asthma_P45WheezingIU_222.wav,1,2,0,0,0.6760700105837861,0.03770400439811437,0.0700182235845503,0.054905083952746465,0.16130267748080265
asthma_v2_asthma_P45WheezingRL_223.wav,1,2,0,0,0.716316594116329,0.03351595248019418,0.05874350985997113,0.04819829694304699,0.14322564660045878
asthma_v2_asthma_P45WheezingRS_224.wav,1,2,0,0,0.27647606524021157,0.055586881787281155,0.40470127526524696,0.0520584746395879,0.21117730306767243
asthma_v2_asthma_P46WheezingIE_229.wav,1,2,0,0,0.6931592904644054,0.03372184897262345,0.07619779771118829,0.08386135539296162,0.1130597074588217
asthma_v2_asthma_P46WheezingIU_226.wav,1,2,0,0,0.5798477126241811,0.012275933263270443,0.16707501326794935,0.08186776065412613,0.1589335801904731
asthma_v2_asthma_P46WheezingIU_230.wav,1,2,0,0,0.6093226911908849,0.14894372891069652,0.06802479856176949,0.0728908712133246,0.10081791012332446
asthma_v2_asthma_P46WheezingRL_227.wav,1,2,0,0,0.749580168147401,0.03404726875462873,0.05644376743809307,0.05241868025280604,0.10751011540707085
asthma_v2_asthma_P46WheezingRS_228.wav,1,2,0,0,0.5002649959820543,0.05177473247816101,0.18650772280907293,0.12395933874873687,0.13749320998197428
asthma_v2_asthma_P53WheezingIE_261.wav,1,2,0,0,0.5824231194772489,0.010636176956770285,0.15896026459473658,0.07979987209891228,0.16818056687233193
asthma_v2_asthma_P53WheezingIE_265.wav,1,2,0,2,0.029027750129103476,0.035202745872939104,0.7783097264505334,0.05528839580315231,0.10217138174427125
asthma_v2_asthma_P53WheezingIU_262.wav,1,2,0,0,0.6248162517302914,0.014004150596906927,0.10703995920917934,0.09581562832769686,0.1583240101359253
asthma_v2_asthma_P53WheezingRL_263.wav,1,2,0,4,0.09688757010565992,0.026577115313701823,0.5358353348034747,0.06015190098973549,0.28054807878742805
asthma_v2_asthma_P53WheezingRS_264.wav,1,2,0,2,0.046126210577328276,0.033934439208778595,0.6866346480562576,0.07031958228239167,0.16298511987524372
asthma_v2_asthma_P6AsthmaIE_29.wav,1,2,0,0,0.5477265560922486,0.009784978366361557,0.17165961676038483,0.08070023392973502,0.1901286148512696
asthma_v2_asthma_P6AsthmaIU_26.wav,1,2,0,0,0.6073447443841351,0.012270335349613106,0.07004058910727504,0.09190854684242214,0.2184357843165547
asthma_v2_asthma_P6AsthmaIU_30.wav,1,2,0,0,0.5453950998616087,0.010414189786004582,0.1544150754381372,0.09033475752881476,0.19944087738543467
asthma_v2_asthma_P6AsthmaRL_27.wav,1,2,0,0,0.6207387697902065,0.015127331047635537,0.050387651226904896,0.09117712104307106,0.22256912689218183
asthma_v2_asthma_P6AsthmaRS_28.wav,1,2,0,0,0.48321806076042817,0.01083726610009557,0.12395708729362402,0.11386897473235778,0.26811861111349444
asthma_v2_copd_P14COPDMc_106.wav,1,2,2,1,0.0112455654271806,0.2064431177243168,0.626657634795567,0.07748874791748703,0.07816493413544845
asthma_v2_copd_P14COPDMc_108.wav,1,2,2,0,0.3970706404950268,0.07722440789345776,0.17376858925986224,0.0856620893636754,0.2662742729879775
asthma_v2_copd_P14COPDMc_110.wav,1,2,2,0,0.21541599912885587,0.1213875593457117,0.37003233888615994,0.08793273118777264,0.20523137145149983
asthma_v2_copd_P14COPDMc_112.wav,1,2,2,0,0.4816120897062269,0.022759882261481127,0.20690093117037175,0.06460765699717082,0.22411943986474922
asthma_v2_copd_P14COPDPr_105.wav,1,2,2,1,0.018202535580810766,0.21999237384832665,0.5763019623542477,0.06741570706412899,0.11808742115248594
asthma_v2_copd_P14COPDPr_107.wav,1,2,2,4,0.2717363504017248,0.07118839280425365,0.32115627447233647,0.06678723737092836,0.2691317449507573
asthma_v2_copd_P14COPDPr_109.wav,1,2,2,2,0.15074195880263808,0.12842962516121093,0.47129121373196875,0.06393568129866534,0.18560152100551686
asthma_v2_copd_P14COPDPr_111.wav,1,2,2,4,0.13199561576621524,0.17816321953255032,0.3797710901386876,0.05004444981564883,0.26002562474689783
asthma_v2_copd_P23COPDMc_178.wav,1,2,2,3,0.02829293547723032,0.1473416434965735,0.3307134860789475,0.36828394466491904,0.12536799028232923
asthma_v2_copd_P23COPDMc_180.wav,1,2,2,2,0.026345872614403118,0.033696661005643315,0.7773065121822219,0.04753165181972554,0.11511930237800622
asthma_v2_copd_P23COPDMc_182.wav,1,2,2,3,0.11946164824541572,0.05531338362630228,0.3741127212803515,0.19576257355574517,0.25534967329218544
asthma_v2_copd_P23COPDMc_184.wav,1,2,2,4,0.123064616924236,0.04995614153280743,0.3915755811230296,0.16893372291406514,0.2664699375058621
asthma_v2_copd_P23COPDPr_177.wav,1,2,2,3,0.022103313741446945,0.15666296758102705,0.461553368825948,0.24011192347410443,0.11956842637747389
asthma_v2_copd_P23COPDPr_179.wav,1,2,2,2,0.035986431186876215,0.03759413676558292,0.7243624655306812,0.05834675678913148,0.14371020972772827
asthma_v2_copd_P23COPDPr_181.wav,1,2,2,2,0.03210396397749681,0.03032668222590291,0.7661265028395661,0.04786987204316529,0.12357297891386876
asthma_v2_copd_P23COPDPr_183.wav,1,2,2,4,0.1164386923019163,0.051856697112987404,0.4091043821866339,0.16551739160687645,0.25708283679158583
asthma_v2_copd_P30COPDMc_234.wav,1,2,2,2,0.07684934753905297,0.021089395811514703,0.637258647768559,0.05228695186317018,0.21251565701770334
asthma_v2_copd_P30COPDMc_236.wav,1,2,2,2,0.003915288027593042,0.012673661795906404,0.9622303121146597,0.00755510330816419,0.013625634753676705
asthma_v2_copd_P30COPDMc_238.wav,1,2,2,2,0.0046365069130289635,0.010770621727668957,0.9637863205715396,0.005839145376356886,0.014967405411405546
asthma_v2_copd_P30COPDMc_240.wav,1,2,2,2,0.006721849573244779,0.012952781431307906,0.9484504764577586,0.00795948209531192,0.02391541044237698
asthma_v2_copd_P30COPDPr_233.wav,1,2,2,2,0.061698080292897604,0.026325113241800053,0.6813514680670838,0.05618182560363726,0.17444351279458079
asthma_v2_copd_P30COPDPr_235.wav,1,2,2,2,0.08389937318095286,0.024043650489757675,0.6258001610493605,0.06299937511195024,0.20325744016797886
asthma_v2_copd_P30COPDPr_237.wav,1,2,2,2,0.004757767572546307,0.010470083979910146,0.9638295827677588,0.00573069623501923,0.015211869444765803
asthma_v2_copd_P30COPDPr_239.wav,1,2,2,2,0.006660762542366301,0.014046671415894746,0.9479736428133206,0.008780653012766235,0.022538270215652165
asthma_v2_copd_P32COPDMc_250.wav,1,2,2,0,0.48152575907165723,0.037651489860426025,0.04429298009865076,0.10565239070698254,0.3308773802622834
asthma_v2_copd_P32COPDMc_252.wav,1,2,2,0,0.4283188892528012,0.04546222521913268,0.1392264093343487,0.11486691732730094,0.2721255588664167
asthma_v2_copd_P32COPDMc_254.wav,1,2,2,0,0.41057469113462075,0.03173870349898927,0.17473388627382105,0.08631985417746932,0.2966328649150997
asthma_v2_copd_P32COPDMc_256.wav,1,2,2,0,0.4320249064787606,0.01805584800729315,0.2104803937884414,0.06988862953261903,0.2695502221928857
asthma_v2_copd_P32COPDPr_249.wav,1,2,2,0,0.4091108102106619,0.029336272677743375,0.1512575125229826,0.17675017846061966,0.23354522612799203
asthma_v2_copd_P32COPDPr_251.wav,1,2,2,0,0.4731121449524643,0.0446294566898404,0.17511172301118558,0.07650764334008758,0.23063903200642238
asthma_v2_copd_P32COPDPr_253.wav,1,2,2,0,0.49868824266601103,0.02426594326600576,0.07380224349502233,0.10144781478973314,0.3017957557832277
asthma_v2_copd_P32COPDPr_255.wav,1,2,2,0,0.5576770745377181,0.03497679117603983,0.06497627525773829,0.081301782116056,0.261068076912448
asthma_v2_copd_P34COPDMc_266.wav,1,2,2,1,0.0007618769320451995,0.5833994513313957,0.38828819517567775,0.010203430695518287,0.01734704586536293
asthma_v2_copd_P34COPDMc_268.wav,1,2,2,1,0.0009137427628466137,0.37783210229540837,0.6024583676829427,0.005568042779940574,0.01322774447886185
asthma_v2_copd_P34COPDMc_270.wav,1,2,2,1,0.0003316968689594868,0.5378776915194626,0.4451247336510625,0.008143423253451066,0.008522454707064087
asthma_v2_copd_P34COPDMc_272.wav,1,2,2,1,0.0012754961640016249,0.3896905277673484,0.5766211816404331,0.010219672378738488,0.02219312204947867
asthma_v2_copd_P34COPDPr_265.wav,1,2,2,1,0.0006283632647727955,0.5442429181348254,0.4305368240279925,0.00953891411591279,0.015052980456496614
asthma_v2_copd_P34COPDPr_267.wav,1,2,2,1,0.000928821354402606,0.4732601729486046,0.5032964668852202,0.007371324247987135,0.015143214563785428
asthma_v2_copd_P34COPDPr_269.wav,1,2,2,1,0.00046129394565970456,0.47715351815666535,0.5069373932912884,0.006318353226696146,0.009129441379690741
asthma_v2_copd_P34COPDPr_271.wav,1,2,2,1,0.0007810554727747696,0.4102467227443131,0.568391025597577,0.007418943539930366,0.013162252645404942
asthma_v2_copd_P43COPDMc_338.wav,1,2,2,2,0.0011413280889276583,0.06391328658519484,0.9142273548319748,0.008850963463927677,0.011867067029974853
asthma_v2_copd_P43COPDMc_340.wav,1,2,2,2,0.02236685864281098,0.025298690223725686,0.8580682223941569,0.03447804720204191,0.05978818153726447
asthma_v2_copd_P43COPDMc_342.wav,1,2,2,2,0.02788764650540485,0.023063769781839598,0.8563632268118324,0.02935199655484375,0.06333336034607963
asthma_v2_copd_P43COPDMc_344.wav,1,2,2,4,0.05420829172645961,0.07869324232542756,0.5266064013019762,0.10995402760614884,0.23053803703998751
asthma_v2_copd_P43COPDPr_337.wav,1,2,2,2,0.0009707022612078619,0.06510623834666573,0.9169471727674231,0.007998749017095519,0.008977137607608009
asthma_v2_copd_P43COPDPr_339.wav,1,2,2,2,0.0026930485043876566,0.040725435634882935,0.924035391426399,0.012110628788197636,0.020435495646132926
asthma_v2_copd_P43COPDPr_341.wav,1,2,2,2,0.029207040770878278,0.01986250338098686,0.8609382610631958,0.02675725474014491,0.06323494004479431
asthma_v2_copd_P43COPDPr_343.wav,1,2,2,2,0.03986872841975892,0.09275476717954384,0.6027650086157084,0.07935262395018904,0.18525887183479992
asthma_v2_copd_P47COPDMc_370.wav,1,2,2,2,0.0246347316764908,0.0931967623072607,0.7028432899275691,0.04772285173156862,0.13160236435711062
asthma_v2_copd_P47COPDMc_372.wav,1,2,2,2,0.009270355193295566,0.05023301929083467,0.8602613945331168,0.035088214891064735,0.04514701609168827
asthma_v2_copd_P47COPDMc_374.wav,1,2,2,3,0.0229791169160679,0.19152192488256664,0.40062190425183347,0.28487888452862453,0.0999981694209074
asthma_v2_copd_P47COPDMc_376.wav,1,2,2,3,0.022793751216068612,0.13919528536935427,0.5247404144349486,0.2238722069026619,0.08939834207696702
asthma_v2_copd_P47COPDPr_369.wav,1,2,2,2,0.04181156122997111,0.057528591258081796,0.7359917332960486,0.04575617744774818,0.11891193676815053
asthma_v2_copd_P47COPDPr_371.wav,1,2,2,2,0.04420982889748761,0.05461124748535833,0.7018118015412679,0.044254021790996016,0.15511310028488998
asthma_v2_copd_P47COPDPr_373.wav,1,2,2,2,0.007049156403681163,0.06027020052068127,0.8153204983109393,0.08801781058432276,0.029342334180375344
asthma_v2_copd_P47COPDPr_375.wav,1,2,2,3,0.02331767797609805,0.16025784792911518,0.5013010938030327,0.21712664567830237,0.09799673461345183
asthma_v2_copd_P50COPDMc_394.wav,1,2,2,2,0.010044030249121184,0.04179275633727624,0.8556561404286599,0.04686478265104173,0.04564229033390098
asthma_v2_copd_P50COPDMc_396.wav,1,2,2,2,0.006135207993130563,0.048111478458240486,0.8746400465751131,0.039807555245278195,0.03130571172823743
asthma_v2_copd_P50COPDMc_398.wav,1,2,2,3,0.03323757527580443,0.06236666464709834,0.6513046520902265,0.13843448679318804,0.1146566211936826
asthma_v2_copd_P50COPDMc_400.wav,1,2,2,3,0.0338655037523535,0.05869494688365842,0.6598885680192389,0.13141074335481762,0.11614023798993199
asthma_v2_copd_P50COPDPr_393.wav,1,2,2,2,0.0055659509429903005,0.04460764686922639,0.8834278136119893,0.03736620703505925,0.02903238154073484
asthma_v2_copd_P50COPDPr_395.wav,1,2,2,2,0.025763963883749033,0.027621455153850363,0.8184490734593183,0.05042882847078213,0.07773667903229993
asthma_v2_copd_P50COPDPr_397.wav,1,2,2,2,0.05769789814755495,0.02907742533447614,0.6925892040154775,0.1043656626349007,0.11626980986759086
asthma_v2_copd_P50COPDPr_399.wav,1,2,2,2,0.05562818701567174,0.03567729518809525,0.6774296170343903,0.10724555916660274,0.12401934159523972
asthma_v2_copd_P51COPDPr_401.wav,1,2,2,2,0.03704133759973835,0.051002546588886706,0.6697761021569741,0.1218319019023268,0.12034811175207395
asthma_v2_copd_P9COPDMc_66.wav,1,2,2,2,0.08369448548483309,0.018485123344483347,0.7540331335615601,0.043920644398645556,0.09986661321047799
asthma_v2_copd_P9COPDMc_68.wav,1,2,2,2,0.02785782971164924,0.044427426356260326,0.8098020386185968,0.05341094471451675,0.06450176059897698
asthma_v2_copd_P9COPDMc_70.wav,1,2,2,2,0.0707407165456587,0.030757254425604733,0.7320876407329429,0.06431060723449006,0.10210378106130341
asthma_v2_copd_P9COPDMc_72.wav,1,2,2,2,0.09025073731529855,0.023190188210221275,0.728404239185899,0.049172253792024424,0.10898258149655708
asthma_v2_copd_P9COPDPr_65.wav,1,2,2,2,0.08915027573785718,0.02672361659383485,0.680346771898461,0.06784103182642362,0.13593830394342354
asthma_v2_copd_P9COPDPr_67.wav,1,2,2,2,0.014979390558256051,0.01986987260722702,0.9115309632138414,0.015113536806825447,0.038506236813849834
asthma_v2_copd_P9COPDPr_69.wav,1,2,2,2,0.08403516520003593,0.02870848218845826,0.7171364846975933,0.06047291840383062,0.10964694951008182
asthma_v2_copd_P9COPDPr_71.wav,1,2,2,2,0.09815421195766412,0.02452118105327159,0.7052817048259837,0.05868150494215159,0.11336139722092915
asthma_v2_healthy_P18Healthy17S.wav,1,2,3,2,0.06711450020395697,0.017157745127158515,0.6761868431911356,0.08897597064880072,0.15056494082894822
asthma_v2_healthy_P18Healthy46S.wav,1,2,3,4,0.0918125819380245,0.0730224320054847,0.2502899050699027,0.07894872120447041,0.5059263597821169
asthma_v2_healthy_P18Healthy59S.wav,1,2,3,4,0.1074879434484817,0.05773735502706895,0.25444969376912335,0.08048418697726788,0.49984082077805814
asthma_v2_healthy_P18Healthy79S.wav,1,2,3,2,0.06096563586986482,0.016670210101999764,0.7107874065963059,0.07624811775415796,0.1353286296776716
asthma_v2_healthy_P18Healthy98S.wav,1,2,3,2,0.0591192586408033,0.017784179623934575,0.6987593453655173,0.07242171409330418,0.15191550227644046
asthma_v2_healthy_P24Healthy51S.wav,1,2,3,4,0.24022841812317092,0.03566288247104848,0.09134040698414522,0.16446383768696418,0.4683044547346709
asthma_v2_healthy_P24Healthy58S.wav,1,2,3,4,0.20527806794768147,0.025281894328760296,0.12608274497865488,0.1453492476812146,0.498008045063689
asthma_v2_healthy_P24Healthy62S.wav,1,2,3,4,0.2651100793724168,0.021191698422362047,0.140413385478476,0.12310287207093917,0.4501819646558054
asthma_v2_healthy_P24Healthy63S.wav,1,2,3,4,0.19492517842981372,0.027677760083769883,0.18878402070560069,0.1349783683260104,0.4536346724548055
asthma_v2_healthy_P24Healthy95S.wav,1,2,3,4,0.2349111311065058,0.03002133301254779,0.1503393722207935,0.12195853631815907,0.46276962734199417
asthma_v2_healthy_P2Healthy30S.wav,1,2,3,4,0.2747865705091997,0.012551761494905458,0.1533683494586445,0.14119467355891815,0.4180986449783324
asthma_v2_healthy_P2Healthy43S.wav,1,2,3,3,0.12926522344843308,0.11363887581726695,0.17827350168264885,0.3423662815337865,0.23645611751786452
asthma_v2_healthy_P2Healthy54S.wav,1,2,3,3,0.10056736040341066,0.2461488468601912,0.09115399993999691,0.38745916899464167,0.17467062380175988
asthma_v2_healthy_P2Healthy72S.wav,1,2,3,4,0.2856990087584624,0.013508367191326398,0.1531254181342358,0.12649833500639318,0.4211688709095821
asthma_v2_healthy_P2Healthy89S.wav,1,2,3,4,0.3071546504169387,0.011680846059898754,0.15307156306206957,0.13721430359056963,0.3908786368705233
asthma_v2_healthy_P6Healthy21S.wav,1,2,3,3,0.08851636432146964,0.1180508226893125,0.2828884947096839,0.2639901843102719,0.2465541339692625
asthma_v2_healthy_P6Healthy34S.wav,1,2,3,0,0.31918480773964364,0.04366977522041229,0.126937739310363,0.2751396169979052,0.23506806073167605
asthma_v2_healthy_P6Healthy51S.wav,1,2,3,0,0.5186664919277427,0.02409517523815611,0.11564946012755835,0.1480679847078294,0.19352088799871348
asthma_v2_healthy_P6Healthy71S.wav,1,2,3,3,0.04548458118563019,0.25827220229807996,0.08699831395223749,0.4565506639441079,0.15269423861994447
asthma_v2_healthy_P6Healthy77S.wav,1,2,3,0,0.3110610860855667,0.038300642599559793,0.152319290273908,0.25528384471219356,0.24303513632877208
asthma_v2_pneumonia_P12Pneumonia23P.wav,1,2,4,1,0.022398123916776015,0.40259349040310394,0.3503002578287039,0.1206466243482772,0.10406150350313889
asthma_v2_pneumonia_P12Pneumonia44H.wav,1,2,4,3,0.14943438028933678,0.18613166174600676,0.12971927047889592,0.23199896702519868,0.30271572046056217
asthma_v2_pneumonia_P12Pneumonia45B.wav,1,2,4,4,0.1377356023211988,0.19148192571394626,0.14255456361380958,0.1975056506432259,0.33072225770781966
asthma_v2_pneumonia_P12Pneumonia46L.wav,1,2,4,0,0.3703657692636872,0.03091309562526418,0.1953188060769086,0.12685935569686546,0.2765429733372747
asthma_v2_pneumonia_P12Pneumonia59Q.wav,1,2,4,4,0.14198341700120448,0.12743520913430637,0.24553399088702976,0.1526895481897661,0.3323578347876935
asthma_v2_pneumonia_P12Pneumonia97E.wav,1,2,4,0,0.13952148389123187,0.1355366856093629,0.293317046987261,0.2264896503641311,0.20513513314801343
asthma_v2_pneumonia_P18Pneumonia15Q.wav,1,2,4,4,0.14795106594848983,0.01998427884575525,0.11193508718292837,0.09729401493156677,0.6228355530912597
asthma_v2_pneumonia_P18Pneumonia16E.wav,1,2,4,4,0.13470198612171017,0.02658290922225332,0.10577591659741369,0.10219683737912959,0.630742350679493
asthma_v2_pneumonia_P18Pneumonia23E.wav,1,2,4,4,0.1504026051375025,0.018321772387605576,0.11171124282730013,0.09766898838258699,0.6218953912650049
asthma_v2_pneumonia_P18Pneumonia50S.wav,1,2,4,4,0.1439693742801786,0.025029945509933874,0.12235597612443237,0.09581455519342875,0.6128301488920262
asthma_v2_pneumonia_P18Pneumonia84N.wav,1,2,4,4,0.1456578820312035,0.023078813631271247,0.10365446595279694,0.10583527753922506,0.6217735608455033
asthma_v2_pneumonia_P18Pneumonia88I.wav,1,2,4,4,0.1738677832139106,0.01810673142397157,0.12049715258152784,0.09722164939174473,0.5903066833888452
asthma_v2_pneumonia_P20Pneumonia27V.wav,1,2,4,0,0.6584115488448941,0.02796906539382659,0.03320759274554129,0.12288312036390663,0.15752867265183165
asthma_v2_pneumonia_P20Pneumonia31P.wav,1,2,4,0,0.7248961245277514,0.041785562154586925,0.026511198343687606,0.08833694849817235,0.11847016647580172
asthma_v2_pneumonia_P20Pneumonia37V.wav,1,2,4,0,0.7137542984449712,0.06501203684269106,0.02596510282602463,0.08528435685820016,0.10998420502811279
asthma_v2_pneumonia_P20Pneumonia42B.wav,1,2,4,0,0.6639543994607029,0.06141874169536524,0.02920527110253149,0.10557605780366817,0.1398455299377326
asthma_v2_pneumonia_P20Pneumonia58T.wav,1,2,4,0,0.6988558596196461,0.03862367576580785,0.02712455042667452,0.09123696896642997,0.14415894522144157
asthma_v2_pneumonia_P20Pneumonia84L.wav,1,2,4,0,0.7055201204664048,0.04551602595167268,0.026620793189492394,0.09951899276522783,0.12282406762720255
asthma_v2_pneumonia_P24Pneumonia21G.wav,1,2,4,3,0.08801567384054991,0.2218512754334552,0.09644435777419749,0.3850719695431092,0.20861672340868856
asthma_v2_pneumonia_P24Pneumonia54A.wav,1,2,4,4,0.16258750682716214,0.02081510157429859,0.10867900254351713,0.0964935654184402,0.6114248236365822
asthma_v2_pneumonia_P24Pneumonia67G.wav,1,2,4,0,0.4006363739006235,0.038900984687689655,0.2050257473507408,0.12996125769346972,0.22547563636747625
asthma_v2_pneumonia_P24Pneumonia67Z.wav,1,2,4,4,0.14234122870411048,0.021102313660450664,0.19011343603821196,0.1058383238501503,0.5406046977470765
asthma_v2_pneumonia_P24Pneumonia91X.wav,1,2,4,0,0.38508550131312913,0.046241731746811975,0.19360331595465638,0.15140578410096864,0.22366366688443398
asthma_v2_pneumonia_P24Pneumonia95T.wav,1,2,4,3,0.08727622011587707,0.21289737492590044,0.10174227664364285,0.38056349887410856,0.21752062944047157
asthma_v2_pneumonia_P28Pneumonia22W.wav,1,2,4,4,0.06240184434378638,0.06200932414032661,0.38672457244787345,0.05372563987520123,0.4351386191928121
asthma_v2_pneumonia_P28Pneumonia43J.wav,1,2,4,4,0.17393440390366446,0.01718911134887483,0.12660557373731177,0.12117988406170553,0.5610910269484436
asthma_v2_pneumonia_P28Pneumonia56Y.wav,1,2,4,4,0.12042607377381988,0.030491064168740603,0.22862449282681613,0.07300072616514991,0.5474576430654734
asthma_v2_pneumonia_P28Pneumonia65J.wav,1,2,4,4,0.07113380206135202,0.07899694960975413,0.38511183306485786,0.06522314264067697,0.3995342726233588
asthma_v2_pneumonia_P28Pneumonia71A.wav,1,2,4,4,0.11962865087785,0.029485846705970112,0.18503633688083956,0.08438632063616773,0.5814628448991725
asthma_v2_pneumonia_P28Pneumonia90E.wav,1,2,4,1,0.022312063482362463,0.16908311644180607,0.6036868488253468,0.043624189796605435,0.16129378145387946
asthma_v2_pneumonia_P29Pneumonia14M.wav,1,2,4,4,0.10489599257583346,0.032760417743652175,0.2249572866464381,0.09630726751949528,0.5410790355145807
asthma_v2_pneumonia_P29Pneumonia17N.wav,1,2,4,4,0.17874733563055464,0.023243441845686948,0.15628889497735832,0.10124291619129486,0.5404774113551054
asthma_v2_pneumonia_P29Pneumonia18M.wav,1,2,4,4,0.13832218032674995,0.0242681476132354,0.18757308585233298,0.11068659659293965,0.5391499896147419
asthma_v2_pneumonia_P29Pneumonia24X.wav,1,2,4,4,0.117562077305499,0.038643412161813745,0.19014016092519903,0.10515450704535116,0.5484998425621372
asthma_v2_pneumonia_P29Pneumonia51O.wav,1,2,4,4,0.10857697737713191,0.04210897395557688,0.20773270974530242,0.10386553356198586,0.5377158053600033
asthma_v2_pneumonia_P29Pneumonia82U.wav,1,2,4,4,0.1522838815486225,0.021758950971367826,0.19269641477868543,0.09018181074866674,0.5430789419526577
asthma_v2_pneumonia_P41Pneumonia17O.wav,1,2,4,0,0.3681360322390397,0.25880573130568213,0.06732328998270593,0.11457951880309468,0.19115542766947777
asthma_v2_pneumonia_P41Pneumonia25E.wav,1,2,4,4,0.26462622802466546,0.07021436905395949,0.1913448130452551,0.15096553478372404,0.3228490550923961
asthma_v2_pneumonia_P41Pneumonia31S.wav,1,2,4,0,0.3501707710505556,0.022752864215037274,0.16992144320604738,0.17621964286097225,0.28093527866738716
asthma_v2_pneumonia_P41Pneumonia41D.wav,1,2,4,0,0.32918697272521014,0.05131932678339114,0.20169064002370615,0.10871968367101631,0.30908337679667613
asthma_v2_pneumonia_P41Pneumonia71Q.wav,1,2,4,0,0.586771621159693,0.026288477366580396,0.07872108461320847,0.08787459320077184,0.22034422365974593
asthma_v2_pneumonia_P41Pneumonia72U.wav,1,2,4,0,0.376814825245454,0.1680878514604982,0.07463837037175172,0.12462733102199533,0.2558316219003007
asthma_v2_pneumonia_P43Pneumonia24U.wav,1,2,4,4,0.14786793917259916,0.024336888140984433,0.3858821970123464,0.10837383511931759,0.33353914055475253
asthma_v2_pneumonia_P43Pneumonia53X.wav,1,2,4,4,0.0719110620457823,0.051166643301942226,0.48221429535259164,0.13508642075847646,0.25962157854120765
asthma_v2_pneumonia_P43Pneumonia54I.wav,1,2,4,4,0.18824438013687,0.028257045093450547,0.28876944684607053,0.16083332934210076,0.33389579858150825
asthma_v2_pneumonia_P43Pneumonia73N.wav,1,2,4,4,0.14250527679727434,0.03296807234569261,0.34243281456241825,0.14748718678226772,0.33460664951234714
asthma_v2_pneumonia_P43Pneumonia88Y.wav,1,2,4,4,0.15511100738421846,0.027491888323070507,0.3591076828624698,0.11448791114634234,0.34380151028389916
asthma_v2_pneumonia_P43Pneumonia89T.wav,1,2,4,4,0.14559215601498784,0.027911500048248904,0.37080898375265114,0.11422112840216471,0.3414662317819476
asthma_v2_pneumonia_P44Pneumonia36U.wav,1,2,4,2,0.049219820598589,0.03810231406760361,0.6706236343078931,0.0491684939753966,0.19288573705051784
asthma_v2_pneumonia_P44Pneumonia47J.wav,1,2,4,4,0.14250527679727434,0.03296807234569261,0.34243281456241825,0.14748718678226772,0.33460664951234714
asthma_v2_pneumonia_P44Pneumonia49B.wav,1,2,4,4,0.18824438013687,0.028257045093450547,0.28876944684607053,0.16083332934210076,0.33389579858150825
asthma_v2_pneumonia_P44Pneumonia59U.wav,1,2,4,4,0.10011365827583785,0.030153267018793808,0.46199824759722985,0.07407187285994173,0.33366295424819714
asthma_v2_pneumonia_P44Pneumonia65N.wav,1,2,4,4,0.09650488802976773,0.03448237950931057,0.4345254327752589,0.077967336216276,0.35651996346938697
asthma_v2_pneumonia_P44Pneumonia71M.wav,1,2,4,4,0.0719110620457823,0.051166643301942226,0.48221429535259164,0.13508642075847646,0.25962157854120765
asthma_v2_pneumonia_P8Pneumonia11O.wav,1,2,4,0,0.4504086412266839,0.0124627471660809,0.13878616608848632,0.1312262380946077,0.2671162074241412
asthma_v2_pneumonia_P8Pneumonia14Z.wav,1,2,4,0,0.4556800418051313,0.013283331933297792,0.09806230402949408,0.1344234665861001,0.2985508556459767
asthma_v2_pneumonia_P8Pneumonia16Z.wav,1,2,4,4,0.18218177848954636,0.016516682715629376,0.19551454514395747,0.0905480502322769,0.5152389434185898
asthma_v2_pneumonia_P8Pneumonia20O.wav,1,2,4,0,0.13869445082448298,0.09108444435823375,0.47091227294328125,0.1259059114278283,0.17340292044617361
asthma_v2_pneumonia_P8Pneumonia23N.wav,1,2,4,0,0.495769050083061,0.011504799682450518,0.1030471094490596,0.1099316998686921,0.2797473409167369
asthma_v2_pneumonia_P8Pneumonia28V.wav,1,2,4,4,0.21820641064370785,0.018651857633536658,0.12322906296891968,0.12466705988792512,0.515245608865911
asthma_v2_Bronchial_P10BronchialSc_46.wav,1,3,1,3,0.08810432086411553,0.10862374106301184,0.44706652463005037,0.17769910745352216,0.17850630598930015
asthma_v2_Bronchial_P10BronchialSc_48.wav,1,3,1,3,0.06386826370815356,0.10859599813326672,0.4964494733142665,0.17651989034597762,0.15456637449833568
asthma_v2_Bronchial_P10BronchialSc_50.wav,1,3,1,1,0.0012667109133239348,0.927308945304211,0.04069088025342613,0.022818597266535536,0.00791486626250335
asthma_v2_Bronchial_P10BronchialTc_47.wav,1,3,1,3,0.06406965364906148,0.11636546162707187,0.5092194786787827,0.158358452244594,0.15198695380049015
asthma_v2_Bronchial_P10BronchialTc_49.wav,1,3,1,1,0.0006864447859604109,0.9330959692339386,0.03796203228323194,0.022320871980147067,0.005934681716722031
asthma_v2_Bronchial_P12BronchialSc_56.wav,1,3,1,0,0.8032899964453966,0.01012365750217587,0.03050689890420724,0.04862968925405398,0.10744975789416629
asthma_v2_Bronchial_P12BronchialSc_58.wav,1,3,1,0,0.6658473100719438,0.00879407651244765,0.0967411328889075,0.10201688981571871,0.1266005907109823
asthma_v2_Bronchial_P12BronchialSc_60.wav,1,3,1,0,0.39777296794144856,0.011595102552013983,0.11805734016796537,0.17210628242655238,0.30046830691201964
asthma_v2_Bronchial_P12BronchialTc_57.wav,1,3,1,0,0.7691983262394045,0.008083292975591018,0.04406590216145661,0.06027612489903589,0.11837635372451166
asthma_v2_Bronchial_P12BronchialTc_59.wav,1,3,1,0,0.824836376573726,0.010360703431983042,0.03245815163833951,0.04435179110070348,0.08799297725524842
asthma_v2_Bronchial_P2BronchialSc_10.wav,1,3,1,1,0.029912418749170167,0.5182742203283461,0.2862590899447038,0.10609263891351597,0.05946163206426415
asthma_v2_Bronchial_P2BronchialSc_6.wav,1,3,1,1,0.0010971709270835488,0.6958004361814958,0.22769414457327072,0.06532847790043045,0.010079770417719604
asthma_v2_Bronchial_P2BronchialSc_8.wav,1,3,1,1,0.2141343107856843,0.3872316427751732,0.09225435185337386,0.10585099585690345,0.20052869872886575
asthma_v2_Bronchial_P2BronchialTc_7.wav,1,3,1,1,0.1718465839801568,0.443193793242877,0.09308427169966298,0.10926618823922933,0.1826091628380738
asthma_v2_Bronchial_P2BronchialTc_9.wav,1,3,1,1,0.21716431474871759,0.3793614949760237,0.08607427213366942,0.10483373173547339,0.21256618640611571
asthma_v2_Bronchial_P5BronchialSc_22.wav,1,3,1,3,0.12491251870065244,0.1642773016364918,0.2584825153594342,0.24229171764449617,0.21003594665892555
asthma_v2_Bronchial_P5BronchialSc_24.wav,1,3,1,3,0.17326465382582176,0.1404690152870136,0.22075958710935312,0.22841132566698027,0.2370954181108311
asthma_v2_Bronchial_P5BronchialTc_21.wav,1,3,1,0,0.23559792457931975,0.23496122579563755,0.10578526609442185,0.18396560213529045,0.23968998139533043
asthma_v2_Bronchial_P5BronchialTc_23.wav,1,3,1,3,0.1526992600476078,0.15053930633751578,0.2473451920500795,0.2257158561390437,0.22370038542575316
asthma_v2_Bronchial_P5BronchialTc_25.wav,1,3,1,3,0.2226698004481156,0.11796952649989834,0.18748044308573178,0.21436386531589482,0.2575163646503593
asthma_v2_asthma_P10AsthmaIE_49.wav,1,3,0,0,0.5958288898560017,0.010755164300294778,0.07828497884479811,0.13436403706071798,0.1807669299381872
asthma_v2_asthma_P10AsthmaIU_46.wav,1,3,0,0,0.8223116930018854,0.014454489955880202,0.025038828931615263,0.03782473267045176,0.10037025544016732
asthma_v2_asthma_P10AsthmaIU_50.wav,1,3,0,0,0.7334181304607228,0.008983233828295892,0.08671009712435798,0.07684880486674273,0.09403973371988074
asthma_v2_asthma_P10AsthmaRL_47.wav,1,3,0,0,0.5406923218795341,0.0075605467164650214,0.1245990382892821,0.13077600159638894,0.19637209151833
asthma_v2_asthma_P10AsthmaRS_48.wav,1,3,0,0,0.6604835346551722,0.007266215919037558,0.07312314172871401,0.09151296463103505,0.1676141430660411
asthma_v2_asthma_P11WheezingIE_53.wav,1,3,0,0,0.8498502945448912,0.011550715358387151,0.02953996639762422,0.03823030806991319,0.07082871562918398
asthma_v2_asthma_P11WheezingIU_54.wav,1,3,0,0,0.8294511058495683,0.033345861380909274,0.02152348288612425,0.030559247266470864,0.08512030261692738
asthma_v2_asthma_P11WheezingRL_51.wav,1,3,0,0,0.8566571873272009,0.017138937818892072,0.024217168780186767,0.029721258715029026,0.07226544735869109
asthma_v2_asthma_P11WheezingRL_55.wav,1,3,0,0,0.6871799050269618,0.011920993496559404,0.08565173606879196,0.10718697171764686,0.10806039369004027
asthma_v2_asthma_P11WheezingRS_52.wav,1,3,0,0,0.8093659635074404,0.009767820594723114,0.038821460551486955,0.05572410883930129,0.0863206465070483
asthma_v2_asthma_P17WheezingIE_81.wav,1,3,0,0,0.6390533206713369,0.009783314755100922,0.08568783570519374,0.11611557472472478,0.14935995414364395
asthma_v2_asthma_P17WheezingIE_85.wav,1,3,0,4,0.11226851938125271,0.031631355407857,0.44801889131168904,0.06728188155116742,0.34079935234803377
asthma_v2_asthma_P17WheezingIU_82.wav,1,3,0,0,0.5869117072547204,0.009741006579311677,0.11158649331035714,0.13614627036105956,0.1556145224945512
asthma_v2_asthma_P17WheezingRL_83.wav,1,3,0,0,0.5799080972442444,0.007681613594294381,0.13875827607412325,0.11680400006662173,0.15684801302071608
asthma_v2_asthma_P17WheezingRS_84.wav,1,3,0,0,0.6839313460406101,0.008117183027406306,0.05018089417077844,0.08525008538635209,0.1725204913748531
asthma_v2_asthma_P24WheezingIE_117.wav,1,3,0,4,0.21974163808769562,0.03219791807739151,0.10963065863454878,0.10497614792455731,0.5334536372758071
asthma_v2_asthma_P24WheezingIU_118.wav,1,3,0,4,0.28203128630186347,0.02416471602280393,0.26693608148780723,0.10178713931142115,0.325080776876104
asthma_v2_asthma_P24WheezingRL_119.wav,1,3,0,4,0.22890301512397285,0.037346697532449964,0.349073428564787,0.08381005570159748,0.3008668030771929
asthma_v2_asthma_P24WheezingRS_116.wav,1,3,0,4,0.317453890044419,0.040998583374120746,0.05746640478025742,0.0706383031163717,0.5134428186848312
asthma_v2_asthma_P24WheezingRS_120.wav,1,3,0,3,0.2839200770609295,0.03758415104803562,0.1551142077730205,0.2044501666705754,0.318931397447439
asthma_v2_asthma_P33WheezingIE_161.wav,1,3,0,0,0.4123350632567745,0.044819045461037585,0.047886439654275095,0.08519338975231716,0.40976606187559583
asthma_v2_asthma_P33WheezingIE_165.wav,1,3,0,4,0.1395712092486124,0.04046704373100596,0.35766581009996834,0.06980292129033813,0.39249301563007466
asthma_v2_asthma_P33WheezingIU_162.wav,1,3,0,4,0.21391513942201976,0.08824726659783357,0.12952526188771807,0.08580867128083972,0.48250366081158913
asthma_v2_asthma_P33WheezingRL_163.wav,1,3,0,4,0.22762346802065742,0.027676319571124208,0.10789038283024091,0.12288571301276932,0.5139241165652082
asthma_v2_asthma_P33WheezingRS_164.wav,1,3,0,0,0.346458481069467,0.07710323178665793,0.08843294435814919,0.08396223606453197,0.404043106721194
asthma_v2_asthma_P34WheezingIE_169.wav,1,3,0,0,0.33126118335329224,0.02174974594121075,0.1760508036909601,0.10499787229353286,0.3659403947210039
asthma_v2_asthma_P34WheezingIU_166.wav,1,3,0,4,0.13759627149701392,0.08468432480484435,0.2586720538410979,0.06884853836807055,0.45019881148897395
asthma_v2_asthma_P34WheezingIU_170.wav,1,3,0,0,0.6857805197565414,0.007977580618767618,0.09327399070508573,0.08908322516967469,0.1238846837499299
asthma_v2_asthma_P34WheezingRL_167.wav,1,3,0,0,0.34803271124453494,0.02556705519418331,0.19666693334113028,0.09458366357277263,0.33514963664737873
asthma_v2_asthma_P34WheezingRS_168.wav,1,3,0,0,0.3474584588695503,0.024271925607151378,0.16988874777267685,0.09629472506775634,0.3620861426828652
asthma_v2_asthma_P43WheezingIE_213.wav,1,3,0,0,0.4874925599180006,0.017229613734988235,0.15533623998020626,0.13151433407893204,0.20842725228787268
asthma_v2_asthma_P43WheezingIU_214.wav,1,3,0,0,0.6502767012155163,0.029967427579951838,0.050750786335915385,0.042172579406221454,0.22683250546239514
asthma_v2_asthma_P43WheezingRL_211.wav,1,3,0,0,0.6340607248032227,0.011427930469608865,0.07084335276129741,0.07601640401610406,0.20765158794976715
asthma_v2_asthma_P43WheezingRL_215.wav,1,3,0,0,0.5669894676533385,0.06202735385511147,0.0821060708722598,0.02882674932101615,0.260050358298274
asthma_v2_asthma_P43WheezingRS_212.wav,1,3,0,0,0.37374748300052985,0.016334596344117557,0.24831086029601276,0.13422971737451983,0.22737734298482007
asthma_v2_asthma_P4AsthmaIE_17.wav,1,3,0,0,0.7605382910242927,0.008525458919340402,0.038504763010097635,0.06008466108128475,0.13234682596498437
asthma_v2_asthma_P4AsthmaIU_18.wav,1,3,0,0,0.6562096831269476,0.008616690710837078,0.08631506345648052,0.10274679221084473,0.1461117704948899
asthma_v2_asthma_P4AsthmaRL_19.wav,1,3,0,0,0.6640704708790591,0.008127534942841855,0.10098889654474186,0.09708852657367235,0.12972457105968455
asthma_v2_asthma_P4AsthmaRS_16.wav,1,3,0,0,0.7573117808925993,0.00742718383939366,0.0399311516339724,0.05903046693989439,0.13629941669414025
asthma_v2_asthma_P4AsthmaRS_20.wav,1,3,0,0,0.8137321205122617,0.010390997662941003,0.028175327725922836,0.042738627554597536,0.10496292654427669
asthma_v2_asthma_P51WheezingIE_253.wav,1,3,0,0,0.47745588674343736,0.05506979831178202,0.13118766361678555,0.048895061319924896,0.28739159000807
asthma_v2_asthma_P51WheezingIU_254.wav,1,3,0,4,0.20405279613594365,0.028583718029845953,0.47475636859344317,0.04455203562600196,0.24805508161476547
asthma_v2_asthma_P51WheezingRL_251.wav,1,3,0,0,0.33048529187130016,0.07199574682183942,0.197244015234628,0.05056344008949237,0.34971150598274003
asthma_v2_asthma_P51WheezingRL_255.wav,1,3,0,4,0.22762451473695755,0.05118144021941411,0.3618088773352777,0.04205805723990597,0.3173271104684449
asthma_v2_asthma_P51WheezingRS_252.wav,1,3,0,0,0.36335752553047734,0.023929952575895082,0.1494382080571654,0.08098598172560423,0.38228833211085794
asthma_v2_asthma_P54WheezingIE_269.wav,1,3,0,4,0.04734826081228199,0.04880440639960008,0.5502305778771539,0.09769320551936247,0.2559235493916012
asthma_v2_asthma_P54WheezingIU_266.wav,1,3,0,4,0.17820470092673593,0.02425565638956881,0.15771965688383013,0.20418848394433908,0.43563150185552624
asthma_v2_asthma_P54WheezingIU_270.wav,1,3,0,4,0.11025544623792584,0.03436216661556076,0.3248541450030238,0.17055744013638705,0.35997080200710263
asthma_v2_asthma_P54WheezingRL_267.wav,1,3,0,4,0.18778363494750538,0.03095774858125753,0.13823692200225798,0.2280795570910635,0.41494213737791563
asthma_v2_asthma_P54WheezingRS_268.wav,1,3,0,3,0.18774427571502403,0.04801520790166851,0.1399513382751865,0.25244309734118875,0.3718460807669322
asthma_v2_asthma_P56WheezingIE_277.wav,1,3,0,4,0.10219706690489318,0.03962393162664757,0.22349024717464092,0.12938323736653026,0.5053055169272881
asthma_v2_asthma_P56WheezingIU_278.wav,1,3,0,4,0.12586794145265354,0.02794387343733299,0.21444840268285842,0.1236833600137789,0.5080564224133762
asthma_v2_asthma_P56WheezingRL_279.wav,1,3,0,4,0.08016279736630347,0.05049090158242498,0.3619744754759532,0.12263516059866611,0.3847366649766521
asthma_v2_asthma_P56WheezingRS_276.wav,1,3,0,4,0.07124239027067716,0.03706960159015664,0.42648060132018134,0.1276454008051803,0.33756200601380404
asthma_v2_asthma_P56WheezingRS_280.wav,1,3,0,3,0.29855825161112404,0.01612954288763979,0.1700554886083272,0.181450140088443,0.33380657680446585
asthma_v2_copd_P11COPDMc_82.wav,1,3,2,0,0.5670696674884477,0.014767710549634048,0.1145319799940833,0.057594180984019416,0.24603646098381526
asthma_v2_copd_P11COPDMc_84.wav,1,3,2,0,0.5294802762998297,0.02146317215636412,0.10273989360228304,0.12328356092176573,0.22303309701975754
asthma_v2_copd_P11COPDMc_86.wav,1,3,2,0,0.5175108782504045,0.03371605149990288,0.0902838591364508,0.15521211461888196,0.20327709649435968
asthma_v2_copd_P11COPDMc_88.wav,1,3,2,0,0.6665841139436265,0.013041771618854326,0.058225583230234704,0.07260429038002973,0.18954424082725468
asthma_v2_copd_P11COPDPr_81.wav,1,3,2,0,0.5559189684934132,0.014972262601552093,0.12844875288556212,0.05675452100086692,0.24390549501860614
asthma_v2_copd_P11COPDPr_83.wav,1,3,2,0,0.4343514325494303,0.0360129830522171,0.16578055690252508,0.14733390009519767,0.2165211274006302
asthma_v2_copd_P11COPDPr_85.wav,1,3,2,0,0.3693331686469864,0.048709641934940914,0.19925851598172623,0.1707255553373723,0.2119731180989741
asthma_v2_copd_P11COPDPr_87.wav,1,3,2,0,0.5581617143324091,0.023109086181805467,0.14035430982549216,0.09403032612583699,0.18434456353445608
asthma_v2_copd_P12COPDMc_90.wav,1,3,2,0,0.49355810397765165,0.030700844601190002,0.16294232791128463,0.13618209921142152,0.1766166242984526
asthma_v2_copd_P12COPDMc_92.wav,1,3,2,0,0.6182706743051412,0.05464157285023601,0.08411656087619335,0.08055016993543179,0.16242102203299752
asthma_v2_copd_P12COPDMc_94.wav,1,3,2,0,0.6646160857885782,0.027599949908125903,0.0706896544261761,0.07828829068240105,0.15880601919471876
asthma_v2_copd_P12COPDMc_96.wav,1,3,2,2,0.0003992692493638741,0.1335125204249995,0.8482756343219249,0.011620547240224493,0.006192028763487072
asthma_v2_copd_P12COPDPr_89.wav,1,3,2,0,0.4408335042580479,0.02859128835542671,0.21974851594027187,0.1294170217120138,0.18140966973423978
asthma_v2_copd_P12COPDPr_91.wav,1,3,2,0,0.6690479397348408,0.021379478924568585,0.061055078946361925,0.07814015011629956,0.170377352277929
asthma_v2_copd_P12COPDPr_93.wav,1,3,2,0,0.6332160102607581,0.02659385087259196,0.09390626427609296,0.09742148229235349,0.14886239229820364
asthma_v2_copd_P12COPDPr_95.wav,1,3,2,1,0.00040672412656861314,0.3028484921345239,0.6736815432233748,0.01564642476440165,0.0074168157511309545
asthma_v2_copd_P17COPDMc_130.wav,1,3,2,2,0.00850758480588985,0.0460453303810279,0.8694604368335421,0.04377848206994845,0.032208165909591344
asthma_v2_copd_P17COPDMc_132.wav,1,3,2,3,0.1855069257671001,0.02312280448057105,0.509757408358837,0.1026887417749398,0.17892411961855212
asthma_v2_copd_P17COPDMc_134.wav,1,3,2,3,0.2103689433176558,0.02071600768033292,0.45617060647742025,0.11219582721892044,0.20054861530567109
asthma_v2_copd_P17COPDMc_136.wav,1,3,2,0,0.2482852140781739,0.02743677519329801,0.4077879158430641,0.09077306881938159,0.22571702606608235
asthma_v2_copd_P17COPDPr_129.wav,1,3,2,2,0.030315424341430176,0.021214250957429247,0.8570411104831409,0.03917867898197409,0.05225053523602576
asthma_v2_copd_P17COPDPr_131.wav,1,3,2,2,0.007148153954010769,0.0428338974264186,0.8766558208726147,0.04455579208062457,0.02880633566633114
asthma_v2_copd_P17COPDPr_133.wav,1,3,2,3,0.2178552288361054,0.02029804311363982,0.4501932727815499,0.10629917843616515,0.2053542768325394
asthma_v2_copd_P17COPDPr_135.wav,1,3,2,0,0.21671827693268406,0.028978842048734358,0.4280440651355758,0.10481578189039582,0.22144303399261042
asthma_v2_copd_P24COPDMc_186.wav,1,3,2,3,0.06530197223192638,0.042340410416668285,0.5988355557338152,0.12077596833227702,0.17274609328531296
asthma_v2_copd_P24COPDMc_188.wav,1,3,2,4,0.11643502714390805,0.04485171646148213,0.26693360493753393,0.11533407545246917,0.45644557600460695
asthma_v2_copd_P24COPDMc_190.wav,1,3,2,4,0.11435431138755152,0.04103040744425956,0.25643979749368495,0.101501118972371,0.486674364702133
asthma_v2_copd_P24COPDMc_192.wav,1,3,2,2,0.024366651675930218,0.03453548226559673,0.7627190306217091,0.06089662223269041,0.11748221320407362
asthma_v2_copd_P24COPDPr_185.wav,1,3,2,2,0.055486804764827195,0.04868745791195866,0.6442017596609543,0.10388150820209509,0.14774246946016492
asthma_v2_copd_P24COPDPr_187.wav,1,3,2,3,0.06859822187024736,0.04064619199647302,0.593196022322621,0.11641197558826169,0.18114758822239702
asthma_v2_copd_P24COPDPr_189.wav,1,3,2,4,0.12011436475767479,0.03461145889797389,0.26143937313778615,0.09751091334974568,0.4863238898568194
asthma_v2_copd_P24COPDPr_191.wav,1,3,2,2,0.02539091945426167,0.03874059053937802,0.7396395476336426,0.07122298906957163,0.12500595330314615
asthma_v2_copd_P25COPDMc_194.wav,1,3,2,2,0.01283601865070471,0.08773498199107464,0.72994704538211,0.08662662563725125,0.08285532833885975
asthma_v2_copd_P25COPDMc_196.wav,1,3,2,2,0.008188234116032696,0.08277915925634843,0.7825069893291209,0.0648254675041741,0.061700149794323846
asthma_v2_copd_P25COPDMc_198.wav,1,3,2,2,0.005922225756073745,0.014958986481327667,0.9486540085226955,0.0134339700713482,0.017030809168554643
asthma_v2_copd_P25COPDMc_200.wav,1,3,2,2,0.0016558107178749582,0.032495602672327664,0.9475314773244288,0.004401535658638383,0.013915573626730095
asthma_v2_copd_P25COPDPr_193.wav,1,3,2,2,0.01829382006339528,0.03725595607794444,0.7945412381916781,0.05461693471676459,0.09529205095021755
asthma_v2_copd_P25COPDPr_195.wav,1,3,2,2,0.00980919613443962,0.0863753643358958,0.7623981824767118,0.07044473103101101,0.07097252602194183
asthma_v2_copd_P25COPDPr_197.wav,1,3,2,2,0.004822238355117734,0.016484102932227886,0.9501198465194352,0.013720629966321757,0.014853182226897221
asthma_v2_copd_P25COPDPr_199.wav,1,3,2,2,0.004364637566103494,0.01530362823932856,0.953653034540455,0.01177637626058891,0.014902323393523594
asthma_v2_copd_P26COPDMc_202.wav,1,3,2,2,0.0023261073910743786,0.021799122752838802,0.9544914962365333,0.004830797753890144,0.01655247586566354
asthma_v2_copd_P26COPDMc_204.wav,1,3,2,2,0.005517029899249291,0.013087585814108774,0.9424191534345827,0.010331865054841469,0.02864436579721813
asthma_v2_copd_P26COPDMc_206.wav,1,3,2,1,0.0006077947808919582,0.29648704281256916,0.6924822487232719,0.004887325477070036,0.0055355882061969746
asthma_v2_copd_P26COPDMc_208.wav,1,3,2,1,0.000497434130037902,0.386957824140173,0.6003167800510223,0.006229137921538984,0.005998823757227633
asthma_v2_copd_P26COPDPr_201.wav,1,3,2,2,0.0015861365898390894,0.029137258510900512,0.952127186178597,0.0038533401640882666,0.01329607855657524
asthma_v2_copd_P26COPDPr_203.wav,1,3,2,2,0.005658580040242646,0.01643920418232603,0.9350238281889244,0.01190213125534377,0.030976256333163317
asthma_v2_copd_P26COPDPr_205.wav,1,3,2,2,0.005226876412319272,0.014656703338330803,0.9392348304576195,0.010346188267926387,0.03053540152380409
asthma_v2_copd_P26COPDPr_207.wav,1,3,2,1,0.0006332634017989448,0.36476177458493514,0.6214726686800379,0.0062404074046360095,0.006891885928591965
asthma_v2_copd_P38COPDMc_298.wav,1,3,2,2,0.046418596187998463,0.054689108898027715,0.660221055750655,0.04977497697825598,0.18889626218506322
asthma_v2_copd_P38COPDMc_300.wav,1,3,2,2,0.006358623088038479,0.03231352264788978,0.9204165302119389,0.012159762811795123,0.02875156124033762
asthma_v2_copd_P38COPDMc_302.wav,1,3,2,2,0.007072850404645406,0.024032094375795787,0.9327139362229437,0.010671330796504523,0.02550978820011008
asthma_v2_copd_P38COPDMc_304.wav,1,3,2,2,0.014459129162136151,0.03430527592009096,0.8058382096558506,0.04683628491052021,0.0985611003514022
asthma_v2_copd_P38COPDPr_297.wav,1,3,2,2,0.02830344873237787,0.07170415954245044,0.708713649138836,0.04523468532701828,0.14604405725931754
asthma_v2_copd_P38COPDPr_299.wav,1,3,2,2,0.05384962362497688,0.06617452024171601,0.6255690568054697,0.07549789649715669,0.17890890283068067
asthma_v2_copd_P38COPDPr_301.wav,1,3,2,2,0.006526484605226057,0.029361766670791104,0.9264490005586348,0.009249310755232826,0.028413437410114914
asthma_v2_copd_P38COPDPr_303.wav,1,3,2,2,0.0056152060041282864,0.0447549202371925,0.8684486834448811,0.03170960112403544,0.04947158918976275
asthma_v2_copd_P42COPDMc_330.wav,1,3,2,2,0.00400495682326183,0.042446814251594404,0.9096415293777603,0.02657026897182876,0.017336430575554476
asthma_v2_copd_P42COPDMc_332.wav,1,3,2,2,0.024797163385281564,0.02107430636033255,0.8014088383216112,0.05883940327698776,0.09388028865578701
asthma_v2_copd_P42COPDMc_334.wav,1,3,2,3,0.06870825984968375,0.03093963080353071,0.5631366569059019,0.13263776199611554,0.20457769044476803
asthma_v2_copd_P42COPDMc_336.wav,1,3,2,2,0.08314684817749333,0.024635397903383323,0.5428236113100293,0.12412118720788931,0.22527295540120448
asthma_v2_copd_P42COPDPr_329.wav,1,3,2,2,0.004468719953382476,0.040064501691416135,0.908114203880718,0.02711780657211608,0.02023476790236747
asthma_v2_copd_P42COPDPr_331.wav,1,3,2,2,0.025983314308082643,0.025080556062986623,0.7770643994310108,0.06477579477425151,0.1070959354236681
asthma_v2_copd_P42COPDPr_333.wav,1,3,2,2,0.017537038018210882,0.02403233487694485,0.829446078425435,0.062006504082720966,0.06697804459668835
asthma_v2_copd_P42COPDPr_335.wav,1,3,2,2,0.07503060898646488,0.026499570799034065,0.5710555404572214,0.12255895492582261,0.20485532483145727
asthma_v2_copd_P45COPDMc_354.wav,1,3,2,2,0.01063888922708915,0.03767368960365712,0.8381521517415627,0.01839601226105328,0.09513925716663754
asthma_v2_copd_P45COPDMc_356.wav,1,3,2,2,0.008731750924225956,0.021239111274877837,0.90183543992858,0.022576106631389068,0.04561759124092732
asthma_v2_copd_P45COPDMc_358.wav,1,3,2,4,0.17033595459231568,0.015404470364269599,0.32963480422900804,0.13143002927497527,0.35319474153943137
asthma_v2_copd_P45COPDMc_360.wav,1,3,2,4,0.13561402243244053,0.01651309992945713,0.3558594173285667,0.11936449980864033,0.3726489605008954
asthma_v2_copd_P45COPDPr_353.wav,1,3,2,2,0.01019706824320228,0.03977481176547903,0.83923608900373,0.017929236081862667,0.09286279490572566
asthma_v2_copd_P45COPDPr_355.wav,1,3,2,2,0.006608435593086348,0.02691548925106275,0.9045755726154079,0.021959340519511046,0.03994116202093172
asthma_v2_copd_P45COPDPr_357.wav,1,3,2,2,0.006928681639649535,0.023196523287620677,0.9060986302992571,0.022509803393690044,0.041266361379782665
asthma_v2_copd_P45COPDPr_359.wav,1,3,2,4,0.14981952003050067,0.015149631089503901,0.34023599919827,0.1323846656398272,0.3624101840418981
asthma_v2_copd_P49COPDMc_386.wav,1,3,2,3,0.06574599481982991,0.08840209573737245,0.47088423584828176,0.1932147249765501,0.1817529486179659
asthma_v2_copd_P49COPDMc_388.wav,1,3,2,3,0.0546260719406729,0.08668798643254998,0.5252985153354083,0.17007314229705525,0.16331428399431402
asthma_v2_copd_P49COPDMc_390.wav,1,3,2,3,0.05219092330274636,0.10540116829894802,0.4815070525232305,0.18439472442560137,0.17650613144947386
asthma_v2_copd_P49COPDMc_392.wav,1,3,2,2,0.012570627055364198,0.04066403630689033,0.83482734555391,0.0618244351315263,0.050113555952309166
asthma_v2_copd_P49COPDPr_385.wav,1,3,2,3,0.07803173040177601,0.04299425363568171,0.5125343865653836,0.17809470767727292,0.18834492171988604
asthma_v2_copd_P49COPDPr_387.wav,1,3,2,3,0.06939919870030806,0.07197093110854327,0.4860975074478263,0.1935911111142083,0.17894125162911378
asthma_v2_copd_P49COPDPr_389.wav,1,3,2,3,0.06268057284950318,0.07208312731160883,0.48889373403795233,0.19478704250056092,0.18155552330037467
asthma_v2_copd_P49COPDPr_391.wav,1,3,2,2,0.01579961562535186,0.04496952290621084,0.8005743087619016,0.08579232147543371,0.05286423123110158
asthma_v2_copd_P6COPDMc_42.wav,1,3,2,3,0.08253822253649394,0.034957306934649164,0.5109658328822139,0.14879171196803245,0.22274692567861043
asthma_v2_copd_P6COPDMc_44.wav,1,3,2,4,0.12011715321384739,0.03063874537241439,0.4361396742042792,0.14177064481815213,0.2713337823913066
asthma_v2_copd_P6COPDMc_46.wav,1,3,2,3,0.2677295793444544,0.021980204397782952,0.2803073229615774,0.21944775055455165,0.21053514274163304
asthma_v2_copd_P6COPDMc_48.wav,1,3,2,3,0.28293611673362495,0.027468172612946394,0.250488432863066,0.20861283267819442,0.2304944451121684
asthma_v2_copd_P6COPDPr_41.wav,1,3,2,3,0.08281691591901895,0.026965284941844057,0.5562662508579576,0.13370526957612783,0.20024627870505138
asthma_v2_copd_P6COPDPr_43.wav,1,3,2,3,0.12054970878491034,0.027826475709665018,0.445812081832787,0.15919899758352857,0.2466127360891092
asthma_v2_copd_P6COPDPr_45.wav,1,3,2,3,0.32533562104224634,0.013581408929174678,0.23572175610603718,0.1979092702721599,0.22745194365038193
asthma_v2_copd_P6COPDPr_47.wav,1,3,2,3,0.22301859886946263,0.021458612188633056,0.3572199030803988,0.19796915104974597,0.2003337348117595
asthma_v2_healthy_P10Healthy10S.wav,1,3,3,0,0.5877307953353225,0.049583379668431696,0.07383287074492795,0.10640734857770633,0.18244560567361126
asthma_v2_healthy_P10Healthy14S.wav,1,3,3,0,0.6346908430865815,0.02571432779596388,0.06294922557255409,0.09157116399116234,0.18507443955373856
asthma_v2_healthy_P10Healthy61S.wav,1,3,3,0,0.5314395638425551,0.05921162761317254,0.08176725878151209,0.13327646250914166,0.19430508725361847
asthma_v2_healthy_P10Healthy65S.wav,1,3,3,0,0.5458538298883835,0.04520479800186698,0.07076715592390143,0.13231691130835446,0.2058573048774937
asthma_v2_healthy_P10Healthy93S.wav,1,3,3,0,0.5577861512668492,0.04516237790904918,0.07635089775907122,0.12131389096640992,0.19938668209862076
asthma_v2_healthy_P13Healthy28S.wav,1,3,3,3,0.05188410613349936,0.12240823144753168,0.3440705348091254,0.27357312542563095,0.20806400218421303
asthma_v2_healthy_P13Healthy42S.wav,1,3,3,1,0.0029486438860191607,0.4012384137106713,0.49771699313033907,0.07819613113740612,0.019899818135564087
asthma_v2_healthy_P13Healthy48S.wav,1,3,3,1,0.010120327671734878,0.3987474099087309,0.3271700776233714,0.21966111267776334,0.04430107211839984
asthma_v2_healthy_P13Healthy53S.wav,1,3,3,1,0.006640396108995598,0.4694672453036309,0.3345811909772922,0.15451283525542997,0.03479833235465114
asthma_v2_healthy_P13Healthy69S.wav,1,3,3,0,0.433029117366485,0.1142994795734622,0.11374423499520227,0.1344961821746212,0.20443098589022982
asthma_v2_healthy_P21Healthy15S.wav,1,3,3,4,0.23717256035542247,0.010950285105386863,0.13717598195308942,0.1838225893842286,0.43087858320187233
asthma_v2_healthy_P21Healthy38S.wav,1,3,3,4,0.23204389829624306,0.012226432604829736,0.1408972989712026,0.20684370282644043,0.4079886673012843
asthma_v2_healthy_P21Healthy53S.wav,1,3,3,4,0.19886050070201108,0.016160576329413156,0.21746650392384145,0.1844930913622782,0.3830193276824562
asthma_v2_healthy_P21Healthy95S.wav,1,3,3,3,0.28360660015252387,0.018107623492627133,0.14202484364272533,0.21997225553537048,0.3362886771767531
asthma_v2_healthy_P21Healthy98S.wav,1,3,3,0,0.3572300733348855,0.024003781511942265,0.09048296619636204,0.1557251502406215,0.37255802871618876
asthma_v2_healthy_P3Healthy44S.wav,1,3,3,1,0.0044101023088820345,0.4588817538572845,0.40205623968046555,0.11093312347874058,0.02371878067462752
asthma_v2_healthy_P3Healthy49S.wav,1,3,3,3,0.31968239068120435,0.07323704618189232,0.1300099886296441,0.20452053228637732,0.2725500422208816
asthma_v2_healthy_P3Healthy57S.wav,1,3,3,3,0.25908546729977583,0.058453289535200154,0.1716386971994231,0.22073533233052017,0.2900872136350809
asthma_v2_healthy_P3Healthy60S.wav,1,3,3,3,0.22639673713816133,0.21204946050995158,0.10968190248598765,0.20774399378295516,0.24412790608294457
asthma_v2_healthy_P3Healthy84S.wav,1,3,3,3,0.2335507080115976,0.09191301388420121,0.16455787952851506,0.23218508559407877,0.2777933129816073
asthma_v2_healthy_P5Healthy10S.wav,1,3,3,0,0.2937269831656143,0.18295030769030043,0.0841599825109784,0.17978845764766058,0.2593742689854465
asthma_v2_healthy_P5Healthy57S.wav,1,3,3,3,0.3094860552281908,0.07536620588110635,0.15912874061821256,0.1976322679850342,0.25838673028745657
asthma_v2_healthy_P5Healthy87S.wav,1,3,3,3,0.211055630383433,0.15611507018136386,0.09555523664895435,0.29964099983102227,0.2376330629552263
asthma_v2_healthy_P5Healthy92S.wav,1,3,3,3,0.1750535004143964,0.11465923866476643,0.18311131389842103,0.27470192918736236,0.25247401783505374
asthma_v2_healthy_P5Healthy96S.wav,1,3,3,3,0.21468079432386836,0.10019478485484051,0.18761678066708953,0.22610012236146154,0.27140751779274
asthma_v2_healthy_P9Healthy22S.wav,1,3,3,1,0.0255351239577186,0.43043195523759586,0.21159158606896872,0.27065485841791115,0.06178647631780593
asthma_v2_healthy_P9Healthy29S.wav,1,3,3,0,0.7814351722977171,0.019339505269255347,0.022688996551020784,0.04337543210391797,0.1331608937780887
asthma_v2_healthy_P9Healthy31S.wav,1,3,3,0,0.7914055434539901,0.02280731770867421,0.021868547927342503,0.04031480078226049,0.12360379012773264
asthma_v2_healthy_P9Healthy61S.wav,1,3,3,0,0.7683466543703689,0.020548585972766018,0.02317001889667724,0.05106780358067077,0.13686693717951715
asthma_v2_healthy_P9Healthy79S.wav,1,3,3,0,0.5366161300843975,0.035358533908174415,0.07810875160736842,0.1452772955802768,0.20463928881978327
asthma_v2_pneumonia_P13Pneumonia20R.wav,1,3,4,0,0.3246939982629144,0.01461956155942161,0.14311553721290304,0.1750514775562842,0.34251942540847674
asthma_v2_pneumonia_P13Pneumonia26N.wav,1,3,4,3,0.2546244527868489,0.019771454629228746,0.29436770043987015,0.16334674421157033,0.26788964793248193
asthma_v2_pneumonia_P13Pneumonia33Z.wav,1,3,4,0,0.334689419923924,0.015304397933822487,0.12946642041221598,0.14209399631725925,0.37844576541277847
asthma_v2_pneumonia_P13Pneumonia60R.wav,1,3,4,0,0.3650387440816041,0.012834619984455026,0.12399113615057444,0.16572124560851217,0.33241425417485454
asthma_v2_pneumonia_P13Pneumonia94T.wav,1,3,4,1,0.034898259229979696,0.35192118849965387,0.4271700278000273,0.0834077911156889,0.10260273335465007
asthma_v2_pneumonia_P13Pneumonia99T.wav,1,3,4,4,0.2768961923495109,0.03811330574754687,0.2599560457987242,0.11152181383735561,0.3135126422668623
asthma_v2_pneumonia_P22Pneumonia27A.wav,1,3,4,0,0.6376300463430221,0.009387988451018812,0.07235102938141909,0.11429821496178806,0.1663327208627517
asthma_v2_pneumonia_P22Pneumonia29K.wav,1,3,4,4,0.12627480285568093,0.028844090293026155,0.13001479510887276,0.11970708874402612,0.5951592229983943
asthma_v2_pneumonia_P22Pneumonia29M.wav,1,3,4,0,0.6257554585382858,0.010286445733629393,0.06635940503064812,0.12513887801214535,0.17245981268529126
asthma_v2_pneumonia_P22Pneumonia47V.wav,1,3,4,4,0.10557885918203704,0.025143704226069978,0.09460052762300675,0.11511409444358191,0.659562814525304
asthma_v2_pneumonia_P22Pneumonia51X.wav,1,3,4,0,0.3525802297174721,0.03249176884304299,0.2567910000467229,0.11917356453074333,0.2389634368620186
asthma_v2_pneumonia_P22Pneumonia55C.wav,1,3,4,0,0.6757815144964542,0.01063194730284445,0.047064475564265996,0.10071999799833402,0.16580206463810165
asthma_v2_pneumonia_P27Pneumonia25R.wav,1,3,4,4,0.08928027067169993,0.03391565436030691,0.20051138914786257,0.09359171426493236,0.5827009715551981
asthma_v2_pneumonia_P27Pneumonia28K.wav,1,3,4,4,0.058365129680686516,0.048616574453096285,0.2906063879877962,0.0658019961792165,0.5366099116992046
asthma_v2_pneumonia_P27Pneumonia37T.wav,1,3,4,2,0.05572108131163139,0.037568145931228064,0.5935775635766886,0.08885542413956314,0.22427778504088897
asthma_v2_pneumonia_P27Pneumonia48G.wav,1,3,4,2,0.04077779270892162,0.04281127968334385,0.6469629837493153,0.06391261390187329,0.20553532995654572
asthma_v2_pneumonia_P27Pneumonia62C.wav,1,3,4,4,0.08788943360421757,0.036616354820597295,0.22067375899862834,0.08667216624343334,0.5681482863331231
asthma_v2_pneumonia_P27Pneumonia77J.wav,1,3,4,2,0.053898243370823176,0.04051202012326873,0.5822454094892209,0.0843602886587069,0.23898403835798038
asthma_v2_pneumonia_P30Pneumonia10C.wav,1,3,4,4,0.12500800453970312,0.021154372226204445,0.1272648485360752,0.1319758441884347,0.594596930509583
asthma_v2_pneumonia_P30Pneumonia15J.wav,1,3,4,4,0.11318109860752691,0.031160955807865584,0.14287065066481117,0.1120659862101689,0.6007213087096274
asthma_v2_pneumonia_P30Pneumonia30W.wav,1,3,4,4,0.08774524155796491,0.028163098511818255,0.24043239284749526,0.11389734082945752,0.5297619262532642
asthma_v2_pneumonia_P30Pneumonia52T.wav,1,3,4,4,0.08424475536564434,0.033912199668913734,0.2250363155566249,0.10507292601998065,0.5517338033888362
asthma_v2_pneumonia_P30Pneumonia70X.wav,1,3,4,4,0.08775253733189171,0.0345899976731188,0.26531212508263846,0.10458576989211926,0.5077595700202322
asthma_v2_pneumonia_P30Pneumonia85D.wav,1,3,4,4,0.11240538080129082,0.03003034802940255,0.15470839642498874,0.11826492315654588,0.5845909515877716
asthma_v2_pneumonia_P34Pneumonia15R.wav,1,3,4,4,0.10460193993288054,0.0230887845789053,0.07693104828967312,0.10644457293074287,0.6889336542677984
asthma_v2_pneumonia_P34Pneumonia36H.wav,1,3,4,4,0.11330167961845715,0.025100293226787626,0.1809657232377018,0.11552415290921478,0.5651081510078387
asthma_v2_pneumonia_P34Pneumonia61E.wav,1,3,4,4,0.1037766174734309,0.02488497621514601,0.1865752637544356,0.1311106627289524,0.5536524798280351
asthma_v2_pneumonia_P34Pneumonia66M.wav,1,3,4,4,0.08878071325749443,0.03490253106695116,0.27077907469175067,0.11968366889201083,0.48585401209179324
asthma_v2_pneumonia_P34Pneumonia77O.wav,1,3,4,4,0.12138535815188244,0.024145585816296892,0.09862454322991185,0.12418291955412976,0.6316615932477789
asthma_v2_pneumonia_P34Pneumonia99G.wav,1,3,4,4,0.12908631275596802,0.024014328356343498,0.08315254278899799,0.11895261124842853,0.644794204850262
asthma_v2_pneumonia_P37Pneumonia44I.wav,1,3,4,0,0.5972022467756165,0.010038197026069173,0.0661381376105539,0.13756105126170126,0.18906036732605935
asthma_v2_pneumonia_P37Pneumonia73K.wav,1,3,4,0,0.7937576358853813,0.03828284800144116,0.022691002228768797,0.03303241853384091,0.1122360953505679
asthma_v2_pneumonia_P37Pneumonia73X.wav,1,3,4,0,0.7848379625044836,0.008494242906159188,0.037180625645774346,0.05639333237622695,0.1130938365673559
asthma_v2_pneumonia_P37Pneumonia83S.wav,1,3,4,0,0.7752303026572748,0.03054275448028758,0.01859189773186864,0.03109598681485623,0.14453905831571248
asthma_v2_pneumonia_P37Pneumonia84E.wav,1,3,4,0,0.551466863453476,0.011484953504178804,0.07002685745560659,0.1646237620834205,0.20239756350331822
asthma_v2_pneumonia_P37Pneumonia95J.wav,1,3,4,0,0.6869877319830996,0.011784083491059399,0.04574871396513163,0.10393131339987317,0.15154815716083603
asthma_v2_pneumonia_P7Pneumonia22C.wav,1,3,4,2,0.14850562900882042,0.1018789531322584,0.505480928681922,0.07941682100452384,0.1647176681724753
asthma_v2_pneumonia_P7Pneumonia22X.wav,1,3,4,0,0.4291839710977084,0.0838524860679873,0.10175883693089946,0.1271999454911694,0.25800476041223547
asthma_v2_pneumonia_P7Pneumonia34I.wav,1,3,4,0,0.4030878515550632,0.033152169608411435,0.13830376097316993,0.13155781304498934,0.29389840481836643
asthma_v2_pneumonia_P7Pneumonia61Q.wav,1,3,4,0,0.48438645366717725,0.028767918332454075,0.10613910967556424,0.12073702563379661,0.25996949269100766
asthma_v2_pneumonia_P7Pneumonia62G.wav,1,3,4,0,0.42237078326775274,0.0546813284229977,0.13780797185653132,0.12729912345012506,0.25784079300259305
asthma_v2_pneumonia_P7Pneumonia76F.wav,1,3,4,2,0.08808864535107272,0.1209424268307025,0.5756516221198373,0.07008618441231476,0.14523112128607268
asthma_v2_pneumonia_P9Pneumonia31T.wav,1,3,4,4,0.17577892785452537,0.01994372387647116,0.41182165231644585,0.12317134686113256,0.2692843490914251
asthma_v2_pneumonia_P9Pneumonia63O.wav,1,3,4,4,0.1269269897169697,0.024508582188307013,0.11640349853522877,0.14232663834103115,0.589834291218463
asthma_v2_pneumonia_P9Pneumonia67I.wav,1,3,4,0,0.3502529729322522,0.0132064560838312,0.12000364525887158,0.16889718526653136,0.3476397404585139
asthma_v2_pneumonia_P9Pneumonia73J.wav,1,3,4,0,0.36057856656953385,0.01683353061429645,0.10706491522341699,0.13738345107799554,0.37813953651475707
asthma_v2_pneumonia_P9Pneumonia74S.wav,1,3,4,4,0.23882112296746819,0.021678301019371113,0.314981465620697,0.11235018316836601,0.3121689272240976
asthma_v2_pneumonia_P9Pneumonia74V.wav,1,3,4,0,0.426688018836398,0.012950455839516832,0.09631786163834956,0.15418528370190165,0.30985837998383375
asthma_v2_Bronchial_P17BronchialSc_82.wav,1,4,1,2,0.00611955072289677,0.23006291521334543,0.7122214333241237,0.016910962425609733,0.03468513831402454
asthma_v2_Bronchial_P17BronchialSc_84.wav,1,4,1,1,0.01291253084559009,0.2908584309759404,0.6030565119400529,0.029198893558758664,0.06397363267965823
asthma_v2_Bronchial_P17BronchialTc_81.wav,1,4,1,2,0.06038547887448845,0.08693244000016742,0.6579691742588498,0.04273957640273793,0.15197333046375663
asthma_v2_Bronchial_P17BronchialTc_83.wav,1,4,1,1,0.007979437938537582,0.34385424943890147,0.5839956749426681,0.0218863443473956,0.04228429333249722
asthma_v2_Bronchial_P17BronchialTc_85.wav,1,4,1,2,0.002079296484536201,0.16542445022480534,0.8036723796231035,0.011615256497361077,0.01720861717019373
asthma_v2_Bronchial_P18BronchialSc_86.wav,1,4,1,2,0.006130925921559014,0.16989564491076833,0.7656620986888071,0.022080777057524033,0.03623055342134178
asthma_v2_Bronchial_P18BronchialSc_88.wav,1,4,1,2,0.0039468415382531525,0.15292766348977496,0.8024669659623012,0.011408580694693148,0.029249948314977455
asthma_v2_Bronchial_P18BronchialSc_90.wav,1,4,1,2,0.008827008166036878,0.11410998845470852,0.8077478263730684,0.01835896599617282,0.0509562110100133
asthma_v2_Bronchial_P18BronchialTc_87.wav,1,4,1,2,0.009033793020459662,0.1544136978913055,0.7635989311988832,0.026865230052981554,0.046088347836370266
asthma_v2_Bronchial_P18BronchialTc_89.wav,1,4,1,2,0.004785621519133719,0.13675939984657298,0.8087656894641149,0.013801438902127865,0.03588785026805033
asthma_v2_Bronchial_P21BronchialSc_102.wav,1,4,1,4,0.2049186170877621,0.028549374776660648,0.2502525800598037,0.12949181992861872,0.38678760814715496
asthma_v2_Bronchial_P21BronchialSc_104.wav,1,4,1,4,0.18619892521960113,0.05577602623089956,0.1953421109842699,0.16546446444313506,0.397218473122094
asthma_v2_Bronchial_P21BronchialTc_101.wav,1,4,1,2,0.00847902764684421,0.19818151291558217,0.7275332358771616,0.02140531795369474,0.0444009056067176
asthma_v2_Bronchial_P21BronchialTc_103.wav,1,4,1,4,0.19537838323904083,0.05330995919430733,0.20484264963834775,0.15813735819865923,0.388331649729645
asthma_v2_asthma_P13WheezingIE_61.wav,1,4,0,0,0.6764853671174809,0.07696679542303962,0.009599647645307421,0.10862382627795772,0.12832436353621457
asthma_v2_asthma_P13WheezingIE_65.wav,1,4,0,0,0.5684733669843157,0.021443644741122488,0.06040977075829057,0.14058410397367907,0.20908911354259252
asthma_v2_asthma_P13WheezingIU_62.wav,1,4,0,0,0.6979327363679377,0.040640170589706634,0.015475890893934134,0.10913091397516933,0.136820288173252
asthma_v2_asthma_P13WheezingRL_63.wav,1,4,0,0,0.665760950931132,0.08447324823123652,0.011197895438627295,0.11507342202264248,0.12349448337636157
asthma_v2_asthma_P13WheezingRS_64.wav,1,4,0,0,0.4678198998237245,0.014824948593025312,0.15410854535793614,0.13397889859017567,0.22926770763513826
asthma_v2_asthma_P15WheezingIE_73.wav,1,4,0,0,0.6316543377862996,0.035012526071294146,0.01705689774229809,0.13725360950496007,0.17902262889514778
asthma_v2_asthma_P15WheezingIU_74.wav,1,4,0,0,0.6125596206759082,0.04078673676708086,0.014817473927665232,0.14645530486306832,0.18538086376627771
asthma_v2_asthma_P15WheezingRL_71.wav,1,4,0,0,0.5429216110974225,0.23549139083062387,0.006354864158533757,0.11317578925942628,0.10205634465399359
asthma_v2_asthma_P15WheezingRL_75.wav,1,4,0,0,0.5932295409235256,0.023129767013159823,0.01750201524130407,0.1476368498371002,0.21850182698491036
asthma_v2_asthma_P15WheezingRS_72.wav,1,4,0,0,0.6331063458510753,0.03291792958175514,0.01476487827426463,0.1322175149169988,0.18699333137590626
asthma_v2_asthma_P1AsthmaIE_1.wav,1,4,0,0,0.3649473815733227,0.010971429881177684,0.1828356889473313,0.13649173129589243,0.3047537683022759
asthma_v2_asthma_P1AsthmaIE_5.wav,1,4,0,0,0.6623342373285126,0.03939366383301355,0.02144700228758006,0.1210694052468318,0.15575569130406222
asthma_v2_asthma_P1AsthmaIU_2.wav,1,4,0,0,0.4702161164025698,0.014479605280774648,0.09831580088004802,0.14387539109001388,0.27311308634659326
asthma_v2_asthma_P1AsthmaRL_3.wav,1,4,0,0,0.38771559420986484,0.014781844051600065,0.09684947651022283,0.16737843459952653,0.333274650628786
asthma_v2_asthma_P1AsthmaRS_4.wav,1,4,0,0,0.5555657128224677,0.01702136970884735,0.11030138996440483,0.12421294803953327,0.1928985794647468
asthma_v2_asthma_P22WheezingIE_109.wav,1,4,0,0,0.4791327424988058,0.04963342076942705,0.05028848584650614,0.12883508865853024,0.2921102622267305
asthma_v2_asthma_P22WheezingIU_106.wav,1,4,0,4,0.24291489819876538,0.03363917880060158,0.31062984920956044,0.09590704893659792,0.31690902485447453
asthma_v2_asthma_P22WheezingIU_110.wav,1,4,0,0,0.40170440752740344,0.05338531660390495,0.06620742689393287,0.11953029943130926,0.3591725495434493
asthma_v2_asthma_P22WheezingRL_107.wav,1,4,0,3,0.17633838522229764,0.08922284952567895,0.33235354225269975,0.14050738441232088,0.2615778385870025
asthma_v2_asthma_P22WheezingRS_108.wav,1,4,0,0,0.3389773771148211,0.02606122826677921,0.18788145251228547,0.13748646329179554,0.3095934788143184
asthma_v2_asthma_P25WheezingIE_121.wav,1,4,0,0,0.49756257859225955,0.12076296281286468,0.021048604230478895,0.09679150077594371,0.2638343535884534
asthma_v2_asthma_P25WheezingIE_125.wav,1,4,0,0,0.6179767800713324,0.09300217460632103,0.0065699121808898454,0.12526716593918213,0.15718396720227493
asthma_v2_asthma_P25WheezingIU_122.wav,1,4,0,0,0.5774461773025965,0.15224772811509177,0.008331173081091655,0.09799658060227322,0.16397834089894733
asthma_v2_asthma_P25WheezingRL_123.wav,1,4,0,0,0.5714395744089759,0.08071918114173798,0.00961249698006548,0.11397082305684683,0.22425792441237394
asthma_v2_asthma_P25WheezingRS_124.wav,1,4,0,0,0.6024413333966482,0.08083581619258084,0.008092197695163943,0.12263127099724104,0.185999381718366
asthma_v2_asthma_P36WheezingIE_177.wav,1,4,0,0,0.5639064596795288,0.04261716127262954,0.0730972982130257,0.07641436762588501,0.2439647132089309
asthma_v2_asthma_P36WheezingIU_178.wav,1,4,0,0,0.4602147564909254,0.0342025030938207,0.10973236596282629,0.07787656252101385,0.3179738119314139
asthma_v2_asthma_P36WheezingRL_179.wav,1,4,0,0,0.434648969697916,0.016711815143162313,0.20975467326669064,0.09891965458381408,0.23996488730841675
asthma_v2_asthma_P36WheezingRS_176.wav,1,4,0,0,0.3385954156570246,0.01848447631099775,0.28073384681336394,0.07398130817073714,0.2882049530478764
asthma_v2_asthma_P36WheezingRS_180.wav,1,4,0,0,0.5780171021994069,0.0390239096620924,0.05598329532477487,0.10378907152860542,0.22318662128512035
asthma_v2_asthma_P37WheezingIE_181.wav,1,4,0,4,0.22727938966116873,0.03720274511599498,0.3916301099571002,0.053279412335153535,0.29060834293058274
asthma_v2_asthma_P37WheezingIE_185.wav,1,4,0,0,0.4814526010138489,0.3722666279057936,0.010491666829816304,0.059165153932504655,0.07662395031803673
asthma_v2_asthma_P37WheezingIU_182.wav,1,4,0,0,0.40574167964492985,0.031291976354435175,0.21367523046356235,0.06809658484388642,0.2811945286931862
asthma_v2_asthma_P37WheezingRL_183.wav,1,4,0,0,0.40039626036221404,0.021277986989840847,0.21474105530679397,0.0758265325770296,0.28775816476412164
asthma_v2_asthma_P37WheezingRS_184.wav,1,4,0,0,0.5720637649963006,0.036531325053253405,0.09026541250450457,0.12932878756155555,0.1718107098843858
asthma_v2_asthma_P39WheezingIE_193.wav,1,4,0,0,0.35864228194206443,0.034150902540172105,0.30675375481885736,0.06945017980869791,0.23100288089020782
asthma_v2_asthma_P39WheezingIU_194.wav,1,4,0,0,0.4602233042415559,0.02687787404377825,0.18161363084762713,0.10254100951199742,0.22874418135504174
asthma_v2_asthma_P39WheezingRL_191.wav,1,4,0,0,0.4692545780109267,0.03754771567976576,0.16219945452876,0.0675204658537648,0.2634777859267831
asthma_v2_asthma_P39WheezingRL_195.wav,1,4,0,0,0.5967759580727399,0.05523979882677981,0.057247193630840174,0.0855379910907603,0.20519905837887975
asthma_v2_asthma_P39WheezingRS_192.wav,1,4,0,0,0.46879722684352115,0.04693158836433899,0.15148022223000418,0.07100423776506774,0.2617867247970677
asthma_v2_asthma_P3AsthmaIE_13.wav,1,4,0,0,0.45823313755580153,0.017213530218351425,0.13628695988624587,0.1478535380353997,0.24041283430420146
asthma_v2_asthma_P3AsthmaIU_14.wav,1,4,0,0,0.5651534521169792,0.018371421924334375,0.06237787885590084,0.13808960939916587,0.21600763770362003
asthma_v2_asthma_P3AsthmaRL_11.wav,1,4,0,0,0.4193357495078089,0.01700222257515183,0.14606475242116992,0.15833629947184857,0.2592609760240209
asthma_v2_asthma_P3AsthmaRL_15.wav,1,4,0,0,0.4409296632984849,0.013704409112118556,0.16164537953094307,0.13523991121533893,0.24848063684311444
asthma_v2_asthma_P3AsthmaRS_12.wav,1,4,0,0,0.407466391889298,0.016392349598706175,0.15687291312278046,0.15509376328677799,0.2641745821024375
asthma_v2_asthma_P48WheezingIE_237.wav,1,4,0,0,0.6262128728499924,0.11191265739742536,0.032583838993790984,0.07383962835129171,0.15545100240749973
asthma_v2_asthma_P48WheezingIU_238.wav,1,4,0,0,0.6387436226360375,0.05643500342033011,0.04667335498978496,0.08438360337399206,0.17376441557985547
asthma_v2_asthma_P48WheezingRL_239.wav,1,4,0,0,0.6487645249137292,0.10322334253311256,0.026174330745571735,0.08084963445034044,0.14098816735724595
asthma_v2_asthma_P48WheezingRS_236.wav,1,4,0,0,0.4765268917910909,0.0370580383355423,0.1830938280534576,0.08674667947926677,0.2165745623406428
asthma_v2_asthma_P48WheezingRS_240.wav,1,4,0,0,0.23407588287848013,0.022382361399564458,0.4934677988447153,0.052722904156305476,0.19735105272093473
asthma_v2_asthma_P50WheezingIE_249.wav,1,4,0,0,0.5121557425297502,0.0412673726933848,0.05638307250291412,0.1023950225468001,0.28779878972715073
asthma_v2_asthma_P50WheezingIU_246.wav,1,4,0,0,0.5663084350632865,0.040511737677169334,0.02114108262367038,0.11919710902514045,0.25284163561073364
asthma_v2_asthma_P50WheezingIU_250.wav,1,4,0,0,0.5103090218806627,0.047636912185167,0.0478652590958065,0.10331126166369023,0.29087754517467346
asthma_v2_asthma_P50WheezingRL_247.wav,1,4,0,0,0.5980434602907119,0.06266541720065939,0.014955326174206189,0.10151638656570316,0.22281940976871908
asthma_v2_asthma_P50WheezingRS_248.wav,1,4,0,0,0.3889566057596044,0.10106078021820378,0.11906237585470872,0.10037960210864019,0.29054063605884256
asthma_v2_asthma_P57WheezingIE_281.wav,1,4,0,0,0.35183042834078376,0.019262698543346325,0.13184320544518355,0.14712107100726474,0.34994259666342176
asthma_v2_asthma_P57WheezingIE_285.wav,1,4,0,4,0.19487521573096336,0.02580401555374721,0.17746349912658407,0.17235936918703038,0.42949790040167485
asthma_v2_asthma_P57WheezingIU_282.wav,1,4,0,4,0.2743641052183729,0.019861698132246478,0.1552942967052811,0.15400556144799238,0.3964743384961071
asthma_v2_asthma_P57WheezingRL_283.wav,1,4,0,4,0.20258524225552102,0.08139578849277952,0.0862890695091229,0.1915629625897899,0.43816693715278643
asthma_v2_asthma_P57WheezingRS_284.wav,1,4,0,4,0.22349000803503472,0.1012725902810771,0.10683733698130235,0.18851858990661488,0.3798814747959713
asthma_v2_asthma_P58WheezingIU_286.wav,1,4,0,4,0.17854663523910735,0.04797569478612098,0.2579391341852246,0.12638347227637323,0.38915506351317397
asthma_v2_asthma_P58WheezingRL_287.wav,1,4,0,4,0.20181083458729496,0.04891527567301325,0.22730827255528827,0.13776810871934542,0.3841975084650578
asthma_v2_asthma_P58WheezingRS_288.wav,1,4,0,4,0.19016670735081923,0.03575545899696824,0.24011013248218188,0.135471067775382,0.398496633394649
asthma_v2_copd_P10COPDMc_74.wav,1,4,2,0,0.6548791588030283,0.04292469730362031,0.02816597027788929,0.11998874896107298,0.1540414246543891
asthma_v2_copd_P10COPDMc_76.wav,1,4,2,0,0.6772795450008862,0.05358165612305262,0.010608036174566413,0.11613976171731542,0.1423910009841794
asthma_v2_copd_P10COPDMc_78.wav,1,4,2,0,0.6913594701435728,0.03212865350222792,0.034365890918665674,0.07833905017819826,0.16380693525733564
asthma_v2_copd_P10COPDMc_80.wav,1,4,2,0,0.46563105858143444,0.023558313377868626,0.1488372445403829,0.07961938421391918,0.2823539992863949
asthma_v2_copd_P10COPDPr_73.wav,1,4,2,0,0.7180336996569655,0.05721040268445664,0.00950811454250914,0.09244582179316924,0.1228019613228997
asthma_v2_copd_P10COPDPr_75.wav,1,4,2,0,0.6732806174332606,0.03668563267509401,0.014393657110746555,0.12268972114977549,0.1529503716311232
asthma_v2_copd_P10COPDPr_77.wav,1,4,2,0,0.6450901677587169,0.030236338784074543,0.022752946954976535,0.1328174525589065,0.16910309394332554
asthma_v2_copd_P10COPDPr_79.wav,1,4,2,0,0.47996936623494063,0.022784713390524205,0.1744359950744053,0.07840798957395743,0.24440193572617244
asthma_v2_copd_P16COPDMc_122.wav,1,4,2,2,0.06659483689830553,0.06482454986365971,0.688125869978857,0.061694230711863265,0.11876051254731472
asthma_v2_copd_P16COPDMc_124.wav,1,4,2,2,0.09550448256020752,0.05354022382579166,0.626354774367774,0.0683398775759405,0.15626064167028686
asthma_v2_copd_P16COPDMc_126.wav,1,4,2,2,0.04475962010224988,0.0515610036417648,0.7989083949832877,0.0320938276269646,0.07267715364573293
asthma_v2_copd_P16COPDMc_128.wav,1,4,2,2,0.04841200322139933,0.06260533845050209,0.7754266775113475,0.03349419026399014,0.08006179055276091
asthma_v2_copd_P16COPDPr_121.wav,1,4,2,2,0.08886724030012264,0.06339870304870261,0.6359379774912134,0.07063921760447504,0.14115686155548618
asthma_v2_copd_P16COPDPr_123.wav,1,4,2,2,0.07025017670437486,0.05358457787019002,0.7170656250684259,0.046725863018758855,0.11237375733825053
asthma_v2_copd_P16COPDPr_125.wav,1,4,2,2,0.11846937736608561,0.05459143752529185,0.5959415902719072,0.06941220549354411,0.1615853893431708
asthma_v2_copd_P16COPDPr_127.wav,1,4,2,2,0.08698930570667895,0.05085534300993034,0.6817141520826882,0.052171355434974524,0.1282698437657281
asthma_v2_copd_P18COPDMc_138.wav,1,4,2,0,0.22718747548024595,0.03696357581109823,0.424664207081428,0.09055843427825351,0.22062630734897426
asthma_v2_copd_P18COPDMc_140.wav,1,4,2,2,0.12692896817505558,0.031645044812398666,0.6764753529088514,0.049979191503360706,0.11497144260033398
asthma_v2_copd_P18COPDMc_142.wav,1,4,2,2,0.023662123787472174,0.02481595889101549,0.8810594422803337,0.022461545987363454,0.0480009290538151
asthma_v2_copd_P18COPDMc_144.wav,1,4,2,2,0.0006258367986186964,0.07647833197728737,0.9141658178069393,0.0035404699182662617,0.005189543498888416
asthma_v2_copd_P18COPDPr_137.wav,1,4,2,2,0.15563680493410845,0.034000802376104894,0.6024127708966333,0.06532005956168456,0.1426295622314692
asthma_v2_copd_P18COPDPr_139.wav,1,4,2,2,0.1612469511227519,0.061113194121967016,0.5480054862151141,0.06923684465207265,0.16039752388809425
asthma_v2_copd_P18COPDPr_141.wav,1,4,2,2,0.05277189046284878,0.039349831797527456,0.7985577265728914,0.036500436661894634,0.07282011450483808
asthma_v2_copd_P18COPDPr_143.wav,1,4,2,2,0.07361028678697827,0.08864041943007342,0.6322911846456578,0.0894670851230346,0.11599102401425583
asthma_v2_copd_P2COPDMc_10.wav,1,4,2,2,0.0017095229160608405,0.03463711127748158,0.9498317854257312,0.004891737148780009,0.008929843231946146
asthma_v2_copd_P2COPDMc_12.wav,1,4,2,0,0.6265898481508169,0.03936061483429935,0.029901709200114576,0.1094545043271223,0.19469332348764704
asthma_v2_copd_P2COPDMc_14.wav,1,4,2,0,0.4870005564740858,0.029989375899663176,0.13800614397365843,0.09235509258431682,0.25264883106827546
asthma_v2_copd_P2COPDMc_16.wav,1,4,2,0,0.5302688409292222,0.04139964260091918,0.11831505228465317,0.09479417271321229,0.21522229147199298
asthma_v2_copd_P2COPDPr_11.wav,1,4,2,0,0.4981951937891701,0.04227928882200941,0.12901298666829214,0.11291140060038568,0.21760113012014268
asthma_v2_copd_P2COPDPr_13.wav,1,4,2,0,0.6442107612456066,0.0316721421100417,0.024381151714429738,0.10569096324018688,0.19404498168973472
asthma_v2_copd_P2COPDPr_15.wav,1,4,2,0,0.6357985632401031,0.04654617091289273,0.033939670605779244,0.08908994586396436,0.19462564937726048
asthma_v2_copd_P2COPDPr_9.wav,1,4,2,2,0.002354337687879344,0.031029610910959807,0.9510248872461148,0.005487372536371147,0.010103791618674904
asthma_v2_copd_P31COPDMc_242.wav,1,4,2,2,0.04025083713627866,0.16377746297933865,0.6300651686516626,0.07615488510634558,0.08975164612637429
asthma_v2_copd_P31COPDMc_244.wav,1,4,2,3,0.0946098896735713,0.18367798780626052,0.3634103038916874,0.20162339357352366,0.1566784250549573
asthma_v2_copd_P31COPDMc_246.wav,1,4,2,0,0.4305308993236089,0.047750778055421356,0.1356810548165895,0.10688424376657553,0.2791530240378043
asthma_v2_copd_P31COPDMc_248.wav,1,4,2,0,0.43517188390886474,0.04210746680518526,0.0957533557081327,0.11822266164599804,0.308744631931819
asthma_v2_copd_P31COPDPr_241.wav,1,4,2,2,0.007724480223916808,0.012651527382321214,0.9481692151620315,0.008964553579456783,0.0224902236522739
asthma_v2_copd_P31COPDPr_243.wav,1,4,2,3,0.06797364110119365,0.1991490095422514,0.4325742269417221,0.16684254011695823,0.13346058229787466
asthma_v2_copd_P31COPDPr_245.wav,1,4,2,0,0.5213286599060184,0.04684867514079263,0.09349574641262352,0.11691136987725669,0.2214155486633091
asthma_v2_copd_P31COPDPr_247.wav,1,4,2,0,0.4857270121805196,0.04352729032848719,0.0766025236992488,0.08923417649492522,0.3049089972968192
asthma_v2_copd_P37COPDMc_290.wav,1,4,2,2,0.008128565643950385,0.19556641848259218,0.7324615359285839,0.022885547680240606,0.04095793226463307
asthma_v2_copd_P37COPDMc_292.wav,1,4,2,2,0.0018228638317430346,0.02531819987898538,0.9630776718621739,0.003098129796739819,0.006683134630357277
asthma_v2_copd_P37COPDMc_294.wav,1,4,2,2,0.0014218582551268734,0.025999721138754435,0.9628414026357601,0.0035196079266202806,0.006217410043738433
asthma_v2_copd_P37COPDMc_296.wav,1,4,2,2,0.0025577851741279433,0.01767328035872727,0.9682415870217314,0.0036583771764600146,0.007868970268953859
asthma_v2_copd_P37COPDPr_289.wav,1,4,2,2,0.0070623948142089854,0.21279731808942842,0.7264679547170371,0.01811638557445634,0.0355559468048693
asthma_v2_copd_P37COPDPr_291.wav,1,4,2,2,0.0017707048128425933,0.02750606917485752,0.9603910061743748,0.003457700467537626,0.006874519370387242
asthma_v2_copd_P37COPDPr_293.wav,1,4,2,2,0.0029758475305291434,0.019486011801218363,0.9655430423489201,0.003820263157889128,0.008174835161443099
asthma_v2_copd_P37COPDPr_295.wav,1,4,2,2,0.0021678601868371223,0.018904993454389507,0.96814726281023,0.0034107526911959832,0.007369130857347359
asthma_v2_copd_P39COPDMc_306.wav,1,4,2,2,0.00681462675185599,0.050720833978397786,0.8917629240674537,0.012099798344409203,0.03860181685788367
asthma_v2_copd_P39COPDMc_308.wav,1,4,2,2,0.00296947517338684,0.054568317042897496,0.9100602945495083,0.007598218309506886,0.02480369492470034
asthma_v2_copd_P39COPDMc_310.wav,1,4,2,2,0.0027570391719199984,0.077553849689419,0.88862949559751,0.011719446167461981,0.019340169373689414
asthma_v2_copd_P39COPDMc_312.wav,1,4,2,4,0.05810591205333014,0.07131579588072706,0.519882180801118,0.07571676131290217,0.27497934995192286
asthma_v2_copd_P39COPDPr_305.wav,1,4,2,2,0.01628326766829264,0.033761477526142655,0.8635669424453627,0.03312087636790972,0.0532674359922925
asthma_v2_copd_P39COPDPr_307.wav,1,4,2,2,0.0053354929871968024,0.04447273370774042,0.9058854731773784,0.010023653506373029,0.034282646621311245
asthma_v2_copd_P39COPDPr_309.wav,1,4,2,2,0.003709979042765962,0.06975209036745442,0.8922362405139639,0.01264080783291624,0.02166088224289949
asthma_v2_copd_P39COPDPr_311.wav,1,4,2,2,0.0015604679900497562,0.08391618190417148,0.8919266737626709,0.008772292807059474,0.013824383536048443
asthma_v2_copd_P3COPDMc_18.wav,1,4,2,0,0.630045362152602,0.05522438591567832,0.013146944575532424,0.1090040272023805,0.19257928015380676
asthma_v2_copd_P3COPDMc_20.wav,1,4,2,0,0.5226537451154312,0.02254259329322018,0.13634109950228876,0.10490722507359977,0.2135553370154606
asthma_v2_copd_P3COPDMc_22.wav,1,4,2,0,0.6691223890100796,0.02834496803648722,0.02586801035988867,0.09420731527508903,0.18245731731845558
asthma_v2_copd_P3COPDMc_24.wav,1,4,2,2,0.05026782699181871,0.14342607983112318,0.5807457549772843,0.12418764132721732,0.10137269687255605
asthma_v2_copd_P3COPDPr_17.wav,1,4,2,0,0.5830660948691365,0.034700692806358936,0.06192661296054536,0.10781898171946208,0.21248761764449678
asthma_v2_copd_P3COPDPr_19.wav,1,4,2,0,0.5093715744793845,0.027186984111550908,0.14677242136800528,0.08891564870395988,0.22775337133709941
asthma_v2_copd_P3COPDPr_21.wav,1,4,2,0,0.6970515780172873,0.025218684170081003,0.02237001288263484,0.09291637760734077,0.1624433473226559
asthma_v2_copd_P3COPDPr_23.wav,1,4,2,0,0.6740350533861955,0.027631746614568308,0.0252226556590271,0.09896118342414002,0.17414936091606878
asthma_v2_copd_P41COPDMc_322.wav,1,4,2,2,0.06065030723485895,0.044195698584663365,0.7484904240966167,0.053009484896256336,0.0936540851876043
asthma_v2_copd_P41COPDMc_324.wav,1,4,2,2,0.039086489112544844,0.10216484537615206,0.7093337334526106,0.06229000054205359,0.08712493151663928
asthma_v2_copd_P41COPDMc_326.wav,1,4,2,2,0.0021375244207719117,0.054466144300784884,0.9235773317759668,0.00652288180191687,0.01329611770055938
asthma_v2_copd_P41COPDMc_328.wav,1,4,2,2,0.0014471031077023951,0.08146186812843342,0.8965578463359959,0.01015176668654874,0.010381415741319422
asthma_v2_copd_P41COPDPr_321.wav,1,4,2,2,0.04302833884010587,0.062075103722743795,0.7595261169721633,0.049261964390696376,0.08610847607429041
asthma_v2_copd_P41COPDPr_323.wav,1,4,2,2,0.02527015959207202,0.06628351069237061,0.8121284368275271,0.035283773069438265,0.06103411981859164
asthma_v2_copd_P41COPDPr_325.wav,1,4,2,2,0.052254404740485046,0.05239593507807016,0.7573012009012123,0.04878161527193142,0.08926684400830123
asthma_v2_copd_P41COPDPr_327.wav,1,4,2,2,0.0011870930256553138,0.07371880958847879,0.9080960033167625,0.007707701100974526,0.009290392968128775
asthma_v2_copd_P48COPDMc_378.wav,1,4,2,2,0.018955475550018544,0.05083677800359137,0.860874358377161,0.03373209330334064,0.03560129476588831
asthma_v2_copd_P48COPDMc_380.wav,1,4,2,2,0.0004779123370037485,0.25565835204516973,0.7335533134062857,0.00664053784575493,0.0036698843657856557
asthma_v2_copd_P48COPDMc_382.wav,1,4,2,2,0.08010591163865673,0.053474581447902396,0.5833363406877904,0.09681789925070615,0.18626526697494386
asthma_v2_copd_P48COPDMc_384.wav,1,4,2,2,0.12322611964834884,0.0464992778861695,0.5156575688479467,0.11032099651178844,0.20429603710574645
asthma_v2_copd_P48COPDPr_377.wav,1,4,2,3,0.06254199881553228,0.14095348766386462,0.5444370084321573,0.12491846236519329,0.1271490427232527
asthma_v2_copd_P48COPDPr_379.wav,1,4,2,2,0.011432601615389794,0.0505813021933652,0.8853178675595081,0.02553786469895228,0.02713036393278485
asthma_v2_copd_P48COPDPr_381.wav,1,4,2,2,0.0747180002259512,0.0632269827997131,0.6346659699283423,0.0942327222566529,0.13315632478934047
asthma_v2_copd_P48COPDPr_383.wav,1,4,2,2,0.07145765352735271,0.056391535756135536,0.5862719301836434,0.09703729717731836,0.1888415833555497
asthma_v2_healthy_P11Healthy18S.wav,1,4,3,3,0.178101797535006,0.138018274569319,0.24627790697910176,0.2513963364634709,0.18620568445310245
asthma_v2_healthy_P11Healthy30S.wav,1,4,3,1,0.002186043553853272,0.7835221928653567,0.15942780031182568,0.043702529211377725,0.011161434057586893
asthma_v2_healthy_P11Healthy38S.wav,1,4,3,1,0.009268261847486432,0.6599513130527247,0.20097959330477913,0.09840901136032931,0.03139182043468051
asthma_v2_healthy_P11Healthy60S.wav,1,4,3,3,0.1724611236298093,0.11430503176612175,0.2632821169145404,0.22991319200213217,0.2200385356873965
asthma_v2_healthy_P11Healthy73S.wav,1,4,3,1,0.006626784420316035,0.716671097744828,0.17654711458564998,0.07629086970687708,0.023864133542328733
asthma_v2_healthy_P12Healthy16S.wav,1,4,3,3,0.17975303512809512,0.2798256516857845,0.11564811148545641,0.23412705417340834,0.19064614752725595
asthma_v2_healthy_P12Healthy67S.wav,1,4,3,1,0.05857475211827536,0.24667997558990887,0.49396907447474553,0.09569365880040719,0.10508253901666294
asthma_v2_healthy_P12Healthy93S.wav,1,4,3,1,0.08160920545048314,0.1886358298748188,0.4818134953780549,0.11036945210845561,0.13757201718818798
asthma_v2_healthy_P12Healthy98S.wav,1,4,3,1,0.15088360864915845,0.40024144259176486,0.07002555112926467,0.21721051205240555,0.16163888557740633
asthma_v2_healthy_P12Healthy99S.wav,1,4,3,1,0.04792287150321614,0.24951813730070516,0.5038220686769191,0.10163205573645191,0.09710486678270816
asthma_v2_healthy_P14Healthy28S.wav,1,4,3,1,0.025179076071837395,0.311725581069021,0.45924412360710887,0.11967247936481519,0.08417873988721776
asthma_v2_healthy_P14Healthy47S.wav,1,4,3,1,0.010593530475639027,0.372670940017162,0.4937417719839477,0.07728380885088726,0.04570994867236395
asthma_v2_healthy_P14Healthy53S.wav,1,4,3,1,0.011689556065215337,0.345779711037699,0.5297841593611717,0.0733660352463431,0.0393805382895706
asthma_v2_healthy_P14Healthy54S.wav,1,4,3,1,0.06339535423371735,0.4883198321764898,0.06688450604511323,0.23336155351652693,0.14803875402815303
asthma_v2_healthy_P14Healthy89S.wav,1,4,3,1,0.06686506292465509,0.39445810410759724,0.1185714611619791,0.23782625288910955,0.18227911891665918
asthma_v2_healthy_P25Healthy20S.wav,1,4,3,4,0.253088139812602,0.014930820379761523,0.17627237260853063,0.1311639377415456,0.4245447294575603
asthma_v2_healthy_P25Healthy42S.wav,1,4,3,4,0.23364008248104634,0.02072911199929086,0.3032091396613724,0.12969308819131434,0.31272857766697604
asthma_v2_healthy_P25Healthy72S.wav,1,4,3,4,0.24470379679079232,0.019393934393716533,0.2837426883876771,0.13615729330227067,0.3160022871255437
asthma_v2_healthy_P25Healthy88S.wav,1,4,3,4,0.2608491923978636,0.01587631917923243,0.157184966369129,0.13385439831488408,0.43223512373889084
asthma_v2_healthy_P25Healthy97S.wav,1,4,3,4,0.15657373359561935,0.04562547829908551,0.16969007818989307,0.15113089885583098,0.476979811059571
asthma_v2_healthy_P26Healthy22S.wav,1,4,3,4,0.246802268207597,0.017498418081226305,0.24793997374990207,0.13991137849907523,0.3478479614621996
asthma_v2_healthy_P26Healthy32S.wav,1,4,3,0,0.35393422312693706,0.025542560660117862,0.16404310655480367,0.1459504629249286,0.31052964673321287
asthma_v2_healthy_P26Healthy46S.wav,1,4,3,0,0.33434104389730224,0.020043948010781912,0.1733494442550542,0.13633120294954465,0.335934360887317
asthma_v2_healthy_P26Healthy48S.wav,1,4,3,0,0.281520054233705,0.026230494632647355,0.2627239998911986,0.15524533189473125,0.2742801193477178
asthma_v2_healthy_P26Healthy76S.wav,1,4,3,0,0.32975422362359436,0.022297430147421877,0.15723381284460053,0.15425595975285986,0.3364585736315236
asthma_v2_healthy_P4Healthy12S.wav,1,4,3,0,0.3575763128490232,0.05981031237025428,0.13376895813434375,0.15392692273751782,0.294917493908861
asthma_v2_healthy_P4Healthy22S.wav,1,4,3,0,0.320960637596664,0.11467726725306193,0.1067728165426368,0.1764465472859764,0.2811427313216608
asthma_v2_healthy_P4Healthy62S.wav,1,4,3,1,0.04924844768303609,0.3736480098688477,0.29383677417487003,0.18411336182258356,0.09915340645066276
asthma_v2_healthy_P4Healthy69S.wav,1,4,3,0,0.41685082796340617,0.07112290459917482,0.06611301075753834,0.16978063671210733,0.2761326199677733
asthma_v2_healthy_P4Healthy77S.wav,1,4,3,1,0.05206101229816069,0.34765412303485216,0.29888990829054723,0.1921071535376503,0.10928780283878954
asthma_v2_pneumonia_P15Pneumonia12I.wav,1,4,4,1,0.03634646249977704,0.26978818897614987,0.5656348647903966,0.043561905560568166,0.08466857817310833
asthma_v2_pneumonia_P15Pneumonia16R.wav,1,4,4,2,0.11059510593966933,0.08364938342454874,0.6026207874555566,0.054783422783103934,0.14835130039712155
asthma_v2_pneumonia_P15Pneumonia39Y.wav,1,4,4,0,0.38574726593731085,0.017053235111861118,0.08282710472480599,0.17488402937400127,0.3394883648520208
asthma_v2_pneumonia_P15Pneumonia56Z.wav,1,4,4,2,0.10375293893809717,0.06223830461008498,0.6578261374049362,0.04510986430625361,0.1310727547406284
asthma_v2_pneumonia_P15Pneumonia58S.wav,1,4,4,4,0.1509493431145527,0.0171909136112823,0.15287404367731566,0.1090522371327555,0.569933462464094
asthma_v2_pneumonia_P15Pneumonia81V.wav,1,4,4,4,0.15198200686009147,0.022987843295698075,0.12287157609102355,0.10886999206770971,0.5932885816854775
asthma_v2_pneumonia_P1Pneumonia10T.wav,1,4,4,4,0.16008964948765297,0.016285676181886706,0.11275549108369591,0.13353315710003769,0.577336026146727
asthma_v2_pneumonia_P1Pneumonia39F.wav,1,4,4,4,0.1408270144783376,0.017635769605218246,0.0952887261180464,0.13600672748005063,0.610241762318347
asthma_v2_pneumonia_P1Pneumonia41U.wav,1,4,4,4,0.1315147729820259,0.02052506751594202,0.14722668306366493,0.12195998746535848,0.5787734889730085
asthma_v2_pneumonia_P1Pneumonia93D.wav,1,4,4,4,0.13559503979888735,0.02075655938234676,0.17699648567437104,0.10404486538854008,0.5626070497558547
asthma_v2_pneumonia_P1Pneumonia94J.wav,1,4,4,4,0.12461626916380904,0.02554863227622788,0.2546765643780176,0.0947580095481755,0.5004005246337699
asthma_v2_pneumonia_P1Pneumonia97M.wav,1,4,4,4,0.13443572530622838,0.024224319474444637,0.21367404665688372,0.104957156830761,0.5227087517316825
asthma_v2_pneumonia_P26Pneumonia12X.wav,1,4,4,4,0.21767686455201074,0.02308348397138475,0.11258947067207109,0.15274740776109785,0.4939027730434357
asthma_v2_pneumonia_P26Pneumonia66S.wav,1,4,4,4,0.19222058779902448,0.014429923563184593,0.1390442123654335,0.13596911535300005,0.5183361609193573
asthma_v2_pneumonia_P26Pneumonia72P.wav,1,4,4,4,0.1950079074679048,0.017807968829938247,0.1450399402234184,0.1364271903602678,0.5057169931184703
asthma_v2_pneumonia_P26Pneumonia83Z.wav,1,4,4,4,0.2106745731724378,0.033716971819685,0.1265365014388638,0.15880713267603405,0.4702648208929794
asthma_v2_pneumonia_P26Pneumonia84P.wav,1,4,4,4,0.1853444575793155,0.025132857183633145,0.12909476167288278,0.1412617155645882,0.5191662079995799
asthma_v2_pneumonia_P26Pneumonia89E.wav,1,4,4,4,0.21686072049651417,0.013792405130147086,0.13024929812172628,0.14143121580369009,0.49766636044792206
asthma_v2_pneumonia_P2Pneumonia11Q.wav,1,4,4,4,0.17633948831529542,0.019455845071969517,0.08997201507257337,0.12567001954703474,0.5885626319931266
asthma_v2_pneumonia_P2Pneumonia28R.wav,1,4,4,4,0.11842596595356383,0.021551691099683596,0.25760588709983345,0.09735298840463594,0.5050634674422833
asthma_v2_pneumonia_P2Pneumonia36Z.wav,1,4,4,4,0.15516870920465095,0.015356100132418109,0.09714333671879606,0.1245468888417461,0.6077849651023889
asthma_v2_pneumonia_P2Pneumonia70H.wav,1,4,4,4,0.12299189146593636,0.023801420576446065,0.2313270628202688,0.09523200448228682,0.5266476206550618
asthma_v2_pneumonia_P2Pneumonia82A.wav,1,4,4,4,0.14411271911230336,0.016641333350636417,0.15143252296332863,0.11930778485459369,0.5685056397191378
asthma_v2_pneumonia_P2Pneumonia93N.wav,1,4,4,4,0.1350639965228344,0.01895554019388649,0.2161410563346645,0.09947538924479236,0.5303640177038226
asthma_v2_pneumonia_P33Pneumonia50P.wav,1,4,4,4,0.16410327412909115,0.020066261940055653,0.14148966255119885,0.12292678204474888,0.5514140193349053
asthma_v2_pneumonia_P33Pneumonia70D.wav,1,4,4,4,0.1731959936848773,0.018716026989198057,0.14180453210921054,0.12736770677961295,0.5389157404371016
asthma_v2_pneumonia_P33Pneumonia74T.wav,1,4,4,4,0.15427527046717587,0.01670069007099931,0.11210966781114437,0.1258852150684838,0.5910291565821963
asthma_v2_pneumonia_P33Pneumonia88U.wav,1,4,4,4,0.1434839486698742,0.016221912055232292,0.14325257413952563,0.1127526521858411,0.5842889129495266
asthma_v2_pneumonia_P33Pneumonia94C.wav,1,4,4,4,0.1663540218206205,0.018556280241820267,0.16588124135487378,0.11692273386188978,0.5322857227207957
asthma_v2_pneumonia_P33Pneumonia94P.wav,1,4,4,4,0.162959855388394,0.016732773994296003,0.11954687362145515,0.1269992208317389,0.5737612761641158
asthma_v2_pneumonia_P39Pneumonia16K.wav,1,4,4,0,0.589017542829638,0.02324015979670966,0.07211876493157814,0.13666960556563795,0.17895392687643655
asthma_v2_pneumonia_P39Pneumonia41F.wav,1,4,4,4,0.2406564048719801,0.058724452515288454,0.10795476528305549,0.16502080386913906,0.4276435734605374
asthma_v2_pneumonia_P39Pneumonia49H.wav,1,4,4,0,0.4661162090727484,0.04058125497744402,0.02625853158363257,0.17183938099328794,0.29520462337288716
asthma_v2_pneumonia_P39Pneumonia78Z.wav,1,4,4,0,0.6426546979341994,0.07200792208681617,0.007910292186459342,0.124171357514637,0.15325573027788786
asthma_v2_pneumonia_P39Pneumonia85Q.wav,1,4,4,4,0.28375651722071504,0.06911444088243375,0.0856178302499627,0.15980238609109085,0.4017088255557976
asthma_v2_pneumonia_P39Pneumonia87S.wav,1,4,4,1,0.14245293320059987,0.5799422000123002,0.02091425946300846,0.11936705297418833,0.13732355434990298
asthma_v2_pneumonia_P3Pneumonia41L.wav,1,4,4,4,0.1150656532117363,0.028287266739922184,0.18109433799032393,0.12331631938279121,0.5522364226752263
asthma_v2_pneumonia_P3Pneumonia54K.wav,1,4,4,4,0.13781796459465875,0.0249692415161343,0.17508427532416795,0.1282883866638859,0.5338401319011531
asthma_v2_pneumonia_P3Pneumonia61R.wav,1,4,4,4,0.2765325835571719,0.029642436935269415,0.2448535469179099,0.13577678772934068,0.3131946448603082
asthma_v2_pneumonia_P3Pneumonia74F.wav,1,4,4,4,0.12783511803908162,0.040466874625729975,0.23776218496651322,0.13618896200855524,0.45774686036011974
asthma_v2_pneumonia_P3Pneumonia75Z.wav,1,4,4,3,0.14858518042766317,0.08212001076289226,0.3298577996892203,0.17941137233623805,0.26002563678398644
asthma_v2_pneumonia_P3Pneumonia96L.wav,1,4,4,4,0.14189125915282508,0.02237111676494355,0.14719037508421917,0.1346551542695444,0.5538920947284683
asthma_v2_pneumonia_P4Pneumonia17R.wav,1,4,4,3,0.21575249815110273,0.07168047875744131,0.25522390894923913,0.17894689509465583,0.278396219047561
asthma_v2_pneumonia_P4Pneumonia27H.wav,1,4,4,0,0.3899322442708908,0.07815621574442284,0.08766959296386898,0.17540660342444495,0.26883534359637234
asthma_v2_pneumonia_P4Pneumonia39Q.wav,1,4,4,0,0.3427910392109446,0.11645974403198059,0.09750131030420066,0.18695119620313624,0.2562967102497378
asthma_v2_pneumonia_P4Pneumonia55U.wav,1,4,4,0,0.3133779293184434,0.12938858405798453,0.09073061659045724,0.21049522630136747,0.25600764373174734
asthma_v2_pneumonia_P4Pneumonia67J.wav,1,4,4,0,0.2018966771771002,0.14205810474230737,0.381738879466362,0.09343447448263384,0.1808718641315964
asthma_v2_pneumonia_P4Pneumonia78E.wav,1,4,4,2,0.1662442144114025,0.1357568804676099,0.4385990563540856,0.08667041357833664,0.17272943518856512
asthma_v2_pneumonia_P6Pneumonia15U.wav,1,4,4,0,0.2604175010157796,0.06606580692856001,0.3729780752464524,0.08518040279874249,0.2153582140104655
asthma_v2_pneumonia_P6Pneumonia17Q.wav,1,4,4,0,0.3114163354103613,0.15868645379902685,0.07129799741326753,0.20590668055182898,0.25269253282551546
asthma_v2_pneumonia_P6Pneumonia32L.wav,1,4,4,0,0.23467803585734168,0.09731449117599646,0.3718980972889925,0.08835928564203548,0.20775009003563397
asthma_v2_pneumonia_P6Pneumonia37H.wav,1,4,4,0,0.36862145047273887,0.14929491333945547,0.059095997817530777,0.19485835187670458,0.22812928649357025
asthma_v2_pneumonia_P6Pneumonia39O.wav,1,4,4,0,0.20686423227946568,0.11422452065920101,0.3902938739085337,0.08904073675830004,0.1995766363944992
asthma_v2_pneumonia_P6Pneumonia84M.wav,1,4,4,0,0.34689559080434723,0.10864362232158267,0.0879336145617215,0.19518207206563926,0.26134510024670965
