file_id,repeat,fold,y_true,y_pred,p_asthma,p_bronchial,p_copd,p_healthy,p_pneumonia
asthma_v2_Bronchial_P14BronchialSc_66.wav,3,0,1,0,0.743346891571844,0.22393479764036167,0.019646723551171776,0.0008964388072871225,0.01217514842933557
asthma_v2_Bronchial_P14BronchialSc_68.wav,3,0,1,0,0.7350146904020172,0.03630647049293471,0.2144935724997704,0.001673302426145314,0.01251196417913249
asthma_v2_Bronchial_P14BronchialSc_70.wav,3,0,1,1,0.00973276385188647,0.9659925480343088,0.00780176239273272,0.012467213998499291,0.004005711722573089
asthma_v2_Bronchial_P14BronchialTc_67.wav,3,0,1,0,0.8703361342112454,0.09037054977379978,0.02907793985193787,0.0013615605445341245,0.008853815618482808
asthma_v2_Bronchial_P14BronchialTc_69.wav,3,0,1,0,0.8617805814605214,0.06755996481271972,0.030134141149622054,0.0014881478250117987,0.03903716475212504
asthma_v2_Bronchial_P17BronchialSc_82.wav,3,0,1,1,0.03961302562178801,0.8024895599803957,0.1202857787778807,0.010449100796260125,0.027162534823675446
asthma_v2_Bronchial_P17BronchialSc_84.wav,3,0,1,1,0.029971468459147815,0.9333376295308428,0.014074474232530982,0.011054207042113181,0.011562220735365392
asthma_v2_Bronchial_P17BronchialTc_81.wav,3,0,1,1,0.10000880376539414,0.8271580007720502,0.02631758695733338,0.007557165401931037,0.03895844310329157
asthma_v2_Bronchial_P17BronchialTc_83.wav,3,0,1,1,0.04783040298469333,0.8263715735878308,0.08695558113292089,0.010893507882440253,0.027948934412114625
asthma_v2_Bronchial_P17BronchialTc_85.wav,3,0,1,1,0.006529915523742954,0.8560643245155746,0.10767619385214834,0.023819750656591678,0.005909815451942337
asthma_v2_Bronchial_P18BronchialSc_86.wav,3,0,1,1,0.004406597421053565,0.9729236075974252,0.007943471467591905,0.012206845583945308,0.002519477929983987
asthma_v2_Bronchial_P18BronchialSc_88.wav,3,0,1,1,0.026570973310376417,0.9048031852044298,0.05050713569604664,0.004683487281934424,0.013435218507212368
asthma_v2_Bronchial_P18BronchialSc_90.wav,3,0,1,1,0.028685215966490114,0.8681082407273,0.0868204751947859,0.004851649402933248,0.01153441870849062
asthma_v2_Bronchial_P18BronchialTc_87.wav,3,0,1,1,0.005722113520252218,0.9729940730012536,0.00768388693732455,0.011402962008363311,0.002196964532806261
asthma_v2_Bronchial_P18BronchialTc_89.wav,3,0,1,1,0.019072196129321768,0.9486539797093805,0.021806874297207464,0.00475265049204225,0.005714299372048027
asthma_v2_Bronchial_P5BronchialSc_22.wav,3,0,1,1,0.015324153654159177,0.7672953000419538,0.07980282678874877,0.10824851836475143,0.029329201150386654
asthma_v2_Bronchial_P5BronchialSc_24.wav,3,0,1,1,0.03443453940323015,0.7167577943095537,0.13309934694938924,0.07516463071565069,0.04054368862217611
asthma_v2_Bronchial_P5BronchialTc_21.wav,3,0,1,1,0.005768520412320071,0.9134665228487522,0.004437047511261603,0.05986631387490571,0.01646159535276043
asthma_v2_Bronchial_P5BronchialTc_23.wav,3,0,1,1,0.023234273333428597,0.7545994025059974,0.09744774620080901,0.07915753143458516,0.045561046525179824
asthma_v2_Bronchial_P5BronchialTc_25.wav,3,0,1,1,0.08718629799619984,0.47192187910283423,0.2891746605268027,0.07510026027483763,0.0766169020993259
asthma_v2_Bronchial_P6BronchialSc_26.wav,3,0,1,1,0.0077812371284752425,0.9310271638921666,0.04777708337215859,0.005382687239179976,0.008031828368019585
asthma_v2_Bronchial_P6BronchialSc_28.wav,3,0,1,1,0.0056811288175691085,0.9684629743435054,0.011458985097605632,0.009927505678579022,0.004469406062741176
asthma_v2_Bronchial_P6BronchialSc_30.wav,3,0,1,1,0.006246564936126835,0.9502518670896241,0.03130841990888335,0.0027488828181615782,0.009444265247204034
asthma_v2_Bronchial_P6BronchialTc_27.wav,3,0,1,1,0.008230548461044002,0.9628808858560192,0.012406968429299387,0.010782470165113514,0.005699127088524223
asthma_v2_Bronchial_P6BronchialTc_29.wav,3,0,1,1,0.01417834164288456,0.8330811156838119,0.09732191725201554,0.013213614974075399,0.042205010447212456
asthma_v2_asthma_P10AsthmaIE_49.wav,3,0,0,0,0.8647199537671431,0.017228128936469165,0.007401594803696363,0.00585082551835998,0.1047994969743313
asthma_v2_asthma_P10AsthmaIU_46.wav,3,0,0,0,0.9152495505617857,0.04844681985028321,0.003969016433072328,0.0019992174177606084,0.030335395737098144
asthma_v2_asthma_P10AsthmaIU_50.wav,3,0,0,0,0.8979288426833233,0.05716037540762718,0.007937973171457025,0.0033354997408378685,0.033637308996754614
asthma_v2_asthma_P10AsthmaRL_47.wav,3,0,0,0,0.9435302484482748,0.018349164670886754,0.005026906404324004,0.003013434644484037,0.03008024583203052
asthma_v2_asthma_P10AsthmaRS_48.wav,3,0,0,0,0.9252511210520139,0.03784488146237484,0.004776228299967373,0.0012096564538529538,0.030918112731791052
asthma_v2_asthma_P15WheezingIE_73.wav,3,0,0,0,0.8756824287331214,0.013632405861605914,0.003613922029058241,0.002070539641028345,0.10500070373518589
asthma_v2_asthma_P15WheezingIU_74.wav,3,0,0,0,0.7567801412517157,0.010864075533158506,0.003975131442878073,0.003723186351172819,0.22465746542107468
asthma_v2_asthma_P15WheezingRL_71.wav,3,0,0,4,0.42633922238339955,0.01213278104515285,0.0097484231049713,0.010650347117044864,0.5411292263494314
asthma_v2_asthma_P15WheezingRL_75.wav,3,0,0,4,0.5035760588426738,0.005503099225320162,0.010200905395840319,0.025474089489610784,0.4552458470465548
asthma_v2_asthma_P15WheezingRS_72.wav,3,0,0,0,0.7940890392858312,0.006841480916922553,0.0030692692480697695,0.004645870834573551,0.19135433971460258
asthma_v2_asthma_P27WheezingIE_133.wav,3,0,0,3,0.5434877341316618,0.027154910949177765,0.007698755235389332,0.28884938755641937,0.13280921212735175
asthma_v2_asthma_P27WheezingIU_134.wav,3,0,0,0,0.8158907162457617,0.01124815923062946,0.001203838947992153,0.001016433919992499,0.17064085165562456
asthma_v2_asthma_P27WheezingRL_131.wav,3,0,0,0,0.8944668342588596,0.005098956244604202,0.05992495986252114,0.0010525916079591362,0.0394566580260559
asthma_v2_asthma_P27WheezingRL_135.wav,3,0,0,0,0.643954944205026,0.11280232521018142,0.02688086395011511,0.00848197219896572,0.20787989443571175
asthma_v2_asthma_P27WheezingRS_132.wav,3,0,0,0,0.9114485210719214,0.004112933143587775,0.0359435732707463,0.0038175300932977527,0.04467744242044695
asthma_v2_asthma_P30WheezingIE_149.wav,3,0,0,0,0.9167967079827384,0.017657085970711695,0.0011032377899036576,0.0008064246276571302,0.06363654362898913
asthma_v2_asthma_P30WheezingIU_146.wav,3,0,0,0,0.5588618940894224,0.0022554950143792362,0.001342550966719216,0.001101414533954436,0.43643864539552474
asthma_v2_asthma_P30WheezingIU_150.wav,3,0,0,0,0.8093862847289894,0.07157251565088266,0.002218284307075402,0.0010526457309970436,0.1157702695820554
asthma_v2_asthma_P30WheezingRL_147.wav,3,0,0,0,0.8261489787903182,0.03141516365760911,0.011251351870023973,0.0008660263713468576,0.130318479310702
asthma_v2_asthma_P30WheezingRS_148.wav,3,0,0,0,0.8892642187888308,0.02799039695439345,0.0023290276241746547,0.0003882155360780714,0.08002814109652324
asthma_v2_asthma_P35WheezingIE_173.wav,3,0,0,0,0.6512324807029595,0.0038747638592611993,0.23131627018913178,0.0018195415896606172,0.11175694365898754
asthma_v2_asthma_P35WheezingIU_174.wav,3,0,0,0,0.658532673157484,0.1435422183041836,0.02720848444492643,0.016834475052990672,0.1538821490404151
asthma_v2_asthma_P35WheezingRL_171.wav,3,0,0,0,0.8640514841185674,0.014512938032733099,0.003282350995599388,0.0023031920370677533,0.1158500348160322
asthma_v2_asthma_P35WheezingRL_175.wav,3,0,0,0,0.8503983550197212,0.026656088359669598,0.025674573240514618,0.0016864413479640587,0.09558454203213057
asthma_v2_asthma_P35WheezingRS_172.wav,3,0,0,0,0.5396896562895366,0.003828865397890939,0.3102790173415417,0.0012397689977875555,0.14496269197324282
asthma_v2_asthma_P41WheezingIE_201.wav,3,0,0,0,0.9510233578357795,0.01423092969097095,0.014163458525843865,0.001877058009873582,0.01870519593753203
asthma_v2_asthma_P41WheezingIE_205.wav,3,0,0,0,0.9448983159599273,0.006416805424939227,0.018499209480808965,0.0007569748149894969,0.029428694319335043
asthma_v2_asthma_P41WheezingIU_202.wav,3,0,0,0,0.9730450201294222,0.0015227275615591889,0.007167364990145051,0.0002952911720863596,0.017969596146787364
asthma_v2_asthma_P41WheezingRL_203.wav,3,0,0,2,0.2848494109645274,0.0012570367954632075,0.7119791464673981,0.00036168880832615713,0.0015527169642849288
asthma_v2_asthma_P41WheezingRS_204.wav,3,0,0,0,0.7280216265055645,0.010267754514233627,0.05066395389634497,0.0015140578357504824,0.2095326072481065
asthma_v2_asthma_P45WheezingIE_221.wav,3,0,0,0,0.8790010311014256,0.03886562211707073,0.01125203239204164,0.012322268743075205,0.05855904564638689
asthma_v2_asthma_P45WheezingIE_225.wav,3,0,0,0,0.88912409198422,0.028375557948912344,0.012914388769430128,0.00047101419546722906,0.06911494710197039
asthma_v2_asthma_P45WheezingIU_222.wav,3,0,0,0,0.9612394897352303,0.007545883578885392,0.01053326326340404,0.0009045615239486759,0.019776801898531652
asthma_v2_asthma_P45WheezingRL_223.wav,3,0,0,0,0.8861019630232915,0.017384353263124337,0.07379231881078817,0.002603729912338308,0.02011763499045767
asthma_v2_asthma_P45WheezingRS_224.wav,3,0,0,0,0.7301815786737086,0.014456726625485304,0.10189458413637562,0.0034185317698992926,0.15004857879453126
asthma_v2_asthma_P49WheezingIE_241.wav,3,0,0,0,0.6951519223141747,0.010390204503411757,0.004357228113211457,0.0009550743662992532,0.289145570702903
asthma_v2_asthma_P49WheezingIE_245.wav,3,0,0,0,0.9656747484133692,0.0032004284292900705,0.01040550315898266,0.006927949451898268,0.0137913705464595
asthma_v2_asthma_P49WheezingIU_242.wav,3,0,0,0,0.6671718838731975,0.028393116256968665,0.018684439581217384,0.0008673803656774489,0.2848831799229391
asthma_v2_asthma_P49WheezingRL_243.wav,3,0,0,0,0.9377625577165043,0.009047214103934534,0.04472553043196715,0.0026366586183240366,0.005828039129269995
asthma_v2_asthma_P49WheezingRS_244.wav,3,0,0,0,0.9737933469010381,0.0014498891724893225,0.016012166227660236,0.000925335975523665,0.007819261723288506
asthma_v2_asthma_P56WheezingIE_277.wav,3,0,0,4,0.13728718528242487,0.005882569029445174,0.004201577256753324,0.0013415964754431228,0.8512870719559332
asthma_v2_asthma_P56WheezingIU_278.wav,3,0,0,4,0.26278437815628797,0.02693205236533406,0.0020245398698070204,0.006815465510248655,0.7014435640983228
asthma_v2_asthma_P56WheezingRL_279.wav,3,0,0,0,0.40701975125868706,0.18910222968907817,0.30762099611121535,0.023915237125191335,0.07234178581582787
asthma_v2_asthma_P56WheezingRS_276.wav,3,0,0,0,0.503782642735222,0.05764111978651205,0.19757928775222164,0.04080898906213598,0.20018796066390812
asthma_v2_asthma_P56WheezingRS_280.wav,3,0,0,3,0.17316669376812582,0.007044271722603004,0.0069287139099270855,0.3969639523196227,0.41589636827972104
asthma_v2_asthma_P58WheezingIU_286.wav,3,0,0,4,0.04367469578854485,0.00300884413360105,0.006319748787083035,0.009267695489567455,0.9377290158012034
asthma_v2_asthma_P58WheezingRL_287.wav,3,0,0,3,0.20989655940073584,0.04759329273661766,0.007043012887226429,0.15694092904443982,0.5785262059309801
asthma_v2_asthma_P58WheezingRS_288.wav,3,0,0,4,0.14534078290896785,0.009122528302986103,0.005197653369207445,0.00989922135071527,0.8304398140681233
asthma_v2_copd_P11COPDMc_82.wav,3,0,2,0,0.6435855896896914,0.01064554874589027,0.05305846385340403,0.005769667699870942,0.2869407300111435
asthma_v2_copd_P11COPDMc_84.wav,3,0,2,2,0.2610940716074071,0.009660087178895873,0.7121032831003649,0.009729077258522104,0.007413480854809915
asthma_v2_copd_P11COPDMc_86.wav,3,0,2,0,0.27264383657410524,0.0497970916912784,0.5262821859715173,0.061971948070803966,0.08930493769229499
asthma_v2_copd_P11COPDMc_88.wav,3,0,2,2,0.05533533786494088,0.004696001148024973,0.9314885590075284,0.007032588817036584,0.0014475131624689997
asthma_v2_copd_P11COPDPr_81.wav,3,0,2,0,0.7535436333513126,0.024917780162500607,0.044700437217404965,0.0022492060566869894,0.1745889432120947
asthma_v2_copd_P11COPDPr_83.wav,3,0,2,2,0.20038909572323033,0.03450781313871315,0.7443878036540857,0.005520111934038896,0.015195175549931885
asthma_v2_copd_P11COPDPr_85.wav,3,0,2,0,0.32849783422213796,0.06493609744573879,0.5668418385154355,0.0064110691215327545,0.033313160695155074
asthma_v2_copd_P11COPDPr_87.wav,3,0,2,2,0.002625165677369999,0.0020800517863054087,0.9935920436891482,0.0014252698499767165,0.0002774689971995902
asthma_v2_copd_P12COPDMc_90.wav,3,0,2,2,0.035393012778650305,0.008011085561496392,0.9486849716736158,0.0052486719839309,0.0026622580023069227
asthma_v2_copd_P12COPDMc_92.wav,3,0,2,2,0.02603674377461812,0.004402493390929091,0.9662189780302066,0.001969946033258732,0.0013718387709873365
asthma_v2_copd_P12COPDMc_94.wav,3,0,2,2,0.021530854137518905,0.004964582830707265,0.9708304681032807,0.0020099072648579216,0.0006641876636351363
asthma_v2_copd_P12COPDMc_96.wav,3,0,2,2,1.849280185719941e-07,4.147238093559467e-07,0.9999194844170478,7.325388447187715e-05,6.662046652384642e-06
asthma_v2_copd_P12COPDPr_89.wav,3,0,2,2,0.01126084892595646,0.001735946711651362,0.9855990202773681,0.0009362757398312822,0.0004679083451926404
asthma_v2_copd_P12COPDPr_91.wav,3,0,2,2,0.14548094523735094,0.010697788319308314,0.8357922269097383,0.005930355228091445,0.002098684305510971
asthma_v2_copd_P12COPDPr_93.wav,3,0,2,2,0.17007029877076882,0.03556782441960326,0.7827499847360336,0.007073941052872912,0.004537951020721401
asthma_v2_copd_P12COPDPr_95.wav,3,0,2,2,0.0006413869377962459,0.0026244052509644756,0.995439937936827,0.000991128255867098,0.00030314161854495884
asthma_v2_copd_P22COPDMc_170.wav,3,0,2,2,0.0027246769521194897,0.0003221462061445382,0.9944305726915154,0.00125201087544955,0.0012705932747709991
asthma_v2_copd_P22COPDMc_172.wav,3,0,2,2,0.003741887862734022,0.0033638633633567756,0.9384396476372,0.0406212027884441,0.013833398348265292
asthma_v2_copd_P22COPDMc_174.wav,3,0,2,2,0.04610278199401909,0.013256895543700803,0.6639499626708278,0.13326338781991154,0.1434269719715405
asthma_v2_copd_P22COPDMc_176.wav,3,0,2,2,0.005707080194232087,0.002801497654467263,0.9826251975804088,0.00344208357054057,0.00542414100035155
asthma_v2_copd_P22COPDPr_169.wav,3,0,2,2,0.0038042259225041118,0.0007459772440447515,0.9905489440097632,0.0014460344664944396,0.0034548183571932243
asthma_v2_copd_P22COPDPr_171.wav,3,0,2,2,0.005238576988619035,0.004174225978794873,0.8724334878612549,0.09151617156393352,0.02663753760739759
asthma_v2_copd_P22COPDPr_173.wav,3,0,2,2,0.039612013194928054,0.009446949542675838,0.9337972821689564,0.005940092382740802,0.011203662710698656
asthma_v2_copd_P22COPDPr_175.wav,3,0,2,2,0.033994997055732286,0.009134958009133994,0.8117518361710917,0.0645877186451272,0.08053049011891483
asthma_v2_copd_P2COPDMc_10.wav,3,0,2,2,1.912345184751239e-07,1.2486649705867083e-07,0.9998666429557937,6.141209822784381e-05,7.16288449628186e-05
asthma_v2_copd_P2COPDMc_12.wav,3,0,2,0,0.6586378765753067,0.009847042989504467,0.2965236047037811,0.011454837284550597,0.023536638446857314
asthma_v2_copd_P2COPDMc_14.wav,3,0,2,2,0.010498123909526896,0.0005543590394218405,0.9877516357382612,0.0008642759170610195,0.00033160539572873814
asthma_v2_copd_P2COPDMc_16.wav,3,0,2,2,0.03231938856723325,0.0011121166607006385,0.962869857882444,0.0023308451362172443,0.001367791753405131
asthma_v2_copd_P2COPDPr_11.wav,3,0,2,2,0.01685048394870114,0.002768608468846689,0.9732032493906272,0.005453982959080649,0.0017236752327444529
asthma_v2_copd_P2COPDPr_13.wav,3,0,2,0,0.7774258634906154,0.0033675901253078415,0.16692615574501357,0.011619337276251671,0.040661053362811644
asthma_v2_copd_P2COPDPr_15.wav,3,0,2,2,0.028873515844279204,0.001483214101340845,0.968317226620222,0.0007172170191416952,0.0006088264150162991
asthma_v2_copd_P2COPDPr_9.wav,3,0,2,2,0.0005858469353886404,4.628062930356793e-05,0.9988736247868467,0.00021472692167094396,0.00027952072679032644
asthma_v2_copd_P30COPDMc_234.wav,3,0,2,2,0.01744131131972723,0.000609859578978085,0.9586242006181481,0.0023092977442910586,0.021015330738855358
asthma_v2_copd_P30COPDMc_236.wav,3,0,2,2,0.0008921561660894162,0.00018668830574556205,0.9982793928713894,0.00043181850270274336,0.00020994415407291357
asthma_v2_copd_P30COPDMc_238.wav,3,0,2,2,0.0008974088102656275,0.00038301692126234757,0.9982876732502074,0.00022447467387033066,0.00020742634439421847
asthma_v2_copd_P30COPDMc_240.wav,3,0,2,2,3.75968283066342e-07,2.552631012303372e-07,0.9998403813994825,0.00011995851221662383,3.9028856916545216e-05
asthma_v2_copd_P30COPDPr_233.wav,3,0,2,2,0.001419593564319766,0.00010827440926102101,0.9977180216325516,0.00026075557770254877,0.0004933548161651603
asthma_v2_copd_P30COPDPr_235.wav,3,0,2,2,0.015289020462138066,0.0009321992488989794,0.9157945579560757,0.004709667117830764,0.06327455521505684
asthma_v2_copd_P30COPDPr_237.wav,3,0,2,2,0.0013688859159488658,0.0005153305891847898,0.9973063566611051,0.00044962843554679534,0.00035979839821453414
asthma_v2_copd_P30COPDPr_239.wav,3,0,2,2,1.702174614084593e-07,1.32921118320096e-07,0.9999524918964021,4.032503090419371e-05,6.8799341139896415e-06
asthma_v2_copd_P3COPDMc_18.wav,3,0,2,0,0.9621406074170104,0.008265341826814791,0.019473784782375488,0.0028220489301753154,0.007298217043623873
asthma_v2_copd_P3COPDMc_20.wav,3,0,2,2,0.13754647896790761,0.010516029014929422,0.8465220005728106,0.002539363405655078,0.0028761280386969575
asthma_v2_copd_P3COPDMc_22.wav,3,0,2,2,0.22091222373503341,0.008208590307681026,0.7658140107345202,0.0019457724813122684,0.003119402741452998
asthma_v2_copd_P3COPDMc_24.wav,3,0,2,2,0.000565669686954741,0.0008867703146203138,0.9919873497682737,0.00417116631047854,0.0023890439196729125
asthma_v2_copd_P3COPDPr_17.wav,3,0,2,0,0.6934225011377237,0.02453749123719375,0.25285833680557324,0.009739226722145606,0.019442444097363752
asthma_v2_copd_P3COPDPr_19.wav,3,0,2,2,0.011160012697896833,0.0005324161361064688,0.9876064704966215,0.000403745860549055,0.0002973548088258804
asthma_v2_copd_P3COPDPr_21.wav,3,0,2,2,0.019755711946973616,0.004250457284599239,0.9732371949668578,0.001994547882757843,0.0007620879188113746
asthma_v2_copd_P3COPDPr_23.wav,3,0,2,2,0.11515601367881496,0.008175956687876044,0.8721399088068208,0.002622150141068036,0.0019059706854201738
asthma_v2_copd_P41COPDMc_322.wav,3,0,2,2,0.0006362602459481257,0.00041799907770027385,0.9985701731624078,0.0001875656308262919,0.00018800188311724755
asthma_v2_copd_P41COPDMc_324.wav,3,0,2,2,0.0008930304811107589,0.0016865671367698961,0.9960231868902886,0.0008366258103396945,0.0005605896814909529
asthma_v2_copd_P41COPDMc_326.wav,3,0,2,2,0.0007568876667916382,0.0017329471402122395,0.9963431953227501,0.0006578454142774772,0.000509124455968295
asthma_v2_copd_P41COPDMc_328.wav,3,0,2,2,0.0008972546761740278,0.0011453931500111218,0.9969570840989097,0.0005284669755997821,0.00047180109930545014
asthma_v2_copd_P41COPDPr_321.wav,3,0,2,2,0.0008595810923007677,0.0008641356556230005,0.9971049633571972,0.000434714682539785,0.0007366052123391513
asthma_v2_copd_P41COPDPr_323.wav,3,0,2,2,4.814185776478687e-07,5.903495186179503e-07,0.9996364424811408,0.0001276341160596891,0.00023485163470346793
asthma_v2_copd_P41COPDPr_325.wav,3,0,2,2,0.0014449710174622736,0.0015954364645802152,0.9953338012289549,0.0010259862886461944,0.0005998050003561805
asthma_v2_copd_P41COPDPr_327.wav,3,0,2,2,8.659999324285467e-07,1.1986043755854494e-06,0.9998293863299883,0.0001127634110939501,5.5785654609716106e-05
asthma_v2_copd_P42COPDMc_330.wav,3,0,2,2,3.5919523129499765e-07,4.4718082303648873e-07,0.9998787833257979,9.037460376844037e-05,3.0035694379520926e-05
asthma_v2_copd_P42COPDMc_332.wav,3,0,2,2,0.0006596172385635381,0.0002685579732546801,0.9977905398909112,0.0008717310130737381,0.00040955388419670414
asthma_v2_copd_P42COPDMc_334.wav,3,0,2,2,0.0011248989790654188,0.00033376850029489055,0.996372928410984,0.0015713147198211902,0.0005970893898344678
asthma_v2_copd_P42COPDMc_336.wav,3,0,2,2,0.0060054627646047,0.0011506094271813072,0.9637729229127029,0.019620419242340655,0.009450585653170463
asthma_v2_copd_P42COPDPr_329.wav,3,0,2,2,0.0005077949021946581,0.0008889014832042441,0.9970743533293108,0.0009618372933129781,0.0005671129919775914
asthma_v2_copd_P42COPDPr_331.wav,3,0,2,2,5.655269962515521e-07,4.707219560307081e-07,0.9998586266911316,0.00011320966571132249,2.712739420513231e-05
asthma_v2_copd_P42COPDPr_333.wav,3,0,2,2,0.0004338231479155309,0.00022194060243258153,0.9978800713679952,0.0007515547331694764,0.0007126101484873278
asthma_v2_copd_P42COPDPr_335.wav,3,0,2,2,0.0048973525965739775,0.0010110722059854034,0.9780972784394373,0.00879542678231043,0.007198869975692835
asthma_v2_copd_P45COPDMc_354.wav,3,0,2,2,0.005196086213539827,0.0020237769609854584,0.9206853935142524,0.038681439958439305,0.03341330335278279
asthma_v2_copd_P45COPDMc_356.wav,3,0,2,2,0.0005244747853901648,9.331885373377487e-05,0.9971848149632822,0.0016121015734406909,0.0005852898241530625
asthma_v2_copd_P45COPDMc_358.wav,3,0,2,2,0.09328978425540867,0.03615615166902681,0.7190068551266731,0.11044747523570905,0.04109973371318299
asthma_v2_copd_P45COPDMc_360.wav,3,0,2,3,0.06347364853824007,0.013946813494402934,0.2715124576174845,0.4603147020387196,0.19075237831115327
asthma_v2_copd_P45COPDPr_353.wav,3,0,2,2,0.0018167549163726133,0.0008255607002521295,0.9700506054978709,0.015150256881170904,0.012156822004333524
asthma_v2_copd_P45COPDPr_355.wav,3,0,2,2,7.378132079171904e-08,5.651417619835425e-08,0.9998302606493193,0.00013191903030455423,3.769002487905817e-05
asthma_v2_copd_P45COPDPr_357.wav,3,0,2,2,4.7458913414371523e-07,3.2485975919750483e-07,0.9993661355721724,0.000502378165688958,0.000130686813245156
asthma_v2_copd_P45COPDPr_359.wav,3,0,2,3,0.05360177449869483,0.011531867725928102,0.28638843194689784,0.49846012468587125,0.15001780114260815
asthma_v2_copd_P48COPDMc_378.wav,3,0,2,2,0.008389003496580387,0.005341022847869872,0.9809890829510522,0.002466022095725659,0.002814868608771602
asthma_v2_copd_P48COPDMc_380.wav,3,0,2,2,0.07364385689667455,0.1033989695524245,0.8000172163993003,0.008667737506512316,0.014272219645088758
asthma_v2_copd_P48COPDMc_382.wav,3,0,2,2,0.0003377157192156096,0.00230891149745595,0.9947465777779998,0.0018589256184773021,0.000747869386851276
asthma_v2_copd_P48COPDMc_384.wav,3,0,2,2,0.0005066472515184298,0.0009308884467687683,0.9960278406264702,0.002026483791065991,0.0005081398841769111
asthma_v2_copd_P48COPDPr_377.wav,3,0,2,2,0.0005254083763141451,0.006237412160601646,0.9870952370141574,0.004876539399333673,0.0012654030495930402
asthma_v2_copd_P48COPDPr_379.wav,3,0,2,2,0.007887058314296168,0.004242348622476951,0.9854715851656211,0.0009490510350364472,0.0014499568625693504
asthma_v2_copd_P48COPDPr_381.wav,3,0,2,2,0.0004923550418130349,0.0007782910620617067,0.9976204227377532,0.0008331481491094326,0.0002757830092631007
asthma_v2_copd_P48COPDPr_383.wav,3,0,2,2,0.00037809562171549387,0.0015273712281684223,0.9965791554818982,0.0009617421332602264,0.0005536355349577318
asthma_v2_copd_P6COPDMc_42.wav,3,0,2,2,0.001875409222557971,0.0008950549987569591,0.9936030544718722,0.002347489042722498,0.0012789922640903425
asthma_v2_copd_P6COPDMc_44.wav,3,0,2,2,0.0020682115883651152,0.000493987398708591,0.9934417286690379,0.002583361952251784,0.0014127103916363089
asthma_v2_copd_P6COPDMc_46.wav,3,0,2,2,0.030635360689227797,0.007723490997636053,0.9219039001540225,0.013731032427978077,0.02600621573113586
asthma_v2_copd_P6COPDMc_48.wav,3,0,2,4,0.03934909008735548,0.010260498993518882,0.43627675197760346,0.06106488988692931,0.45304876905459285
asthma_v2_copd_P6COPDPr_41.wav,3,0,2,2,0.0034581787859214964,0.0007475427292431338,0.9910407169116335,0.002362952189448668,0.00239060938375338
asthma_v2_copd_P6COPDPr_43.wav,3,0,2,2,0.0021863682794209145,0.0008432026654001382,0.9910642514229513,0.0034149350902491194,0.002491242541978715
asthma_v2_copd_P6COPDPr_45.wav,3,0,2,4,0.1597637268944018,0.0074379208283945454,0.4204974101696861,0.06788678684752293,0.34441415525999464
asthma_v2_copd_P6COPDPr_47.wav,3,0,2,2,0.036815960358636435,0.0066176201154079526,0.8962072228920864,0.025764326044195034,0.034594870589673934
asthma_v2_healthy_P12Healthy16S.wav,3,0,3,3,0.02074273195088809,0.027173073693122347,0.06014606245553993,0.8705565378340816,0.021381594066368293
asthma_v2_healthy_P12Healthy67S.wav,3,0,3,4,0.08867521117551028,0.09896409845956117,0.5441220839318285,0.05552458378484131,0.21271402264825875
asthma_v2_healthy_P12Healthy93S.wav,3,0,3,2,0.028844639229879513,0.02474519526065624,0.7218385608256231,0.04892012835107733,0.17565147633276346
asthma_v2_healthy_P12Healthy98S.wav,3,0,3,3,0.024248615087311694,0.04129737068481366,0.043233741455640996,0.8201611663695372,0.07105910640269623
asthma_v2_healthy_P12Healthy99S.wav,3,0,3,3,0.022559786255839803,0.04554065036624799,0.6191389786782487,0.24009218565425278,0.07266839904541103
asthma_v2_healthy_P21Healthy15S.wav,3,0,3,3,0.06340695418109246,0.0078070551321208215,0.013110056488977884,0.7953513475366734,0.12032458666113548
asthma_v2_healthy_P21Healthy38S.wav,3,0,3,3,0.06728937558279417,0.007560985993370596,0.012295427779852226,0.784484606928848,0.12836960371513498
asthma_v2_healthy_P21Healthy53S.wav,3,0,3,3,0.071985336948716,0.013628762722048382,0.04733058875200038,0.7448577275601164,0.12219758401711883
asthma_v2_healthy_P21Healthy95S.wav,3,0,3,3,0.07234674895858423,0.009592412803400957,0.0015362402335577475,0.8836699038155822,0.03285469418887521
asthma_v2_healthy_P21Healthy98S.wav,3,0,3,3,0.1635142354375717,0.01449228864473822,0.005252565312222851,0.7553647765028387,0.061376134102628405
asthma_v2_healthy_P3Healthy44S.wav,3,0,3,3,0.0168519754500925,0.16510423437746902,0.2829760595660042,0.5082554280614017,0.02681230254503307
asthma_v2_healthy_P3Healthy49S.wav,3,0,3,3,0.023271987963178732,0.08571902472298444,0.029045818981474746,0.7903709234703454,0.07159224486201672
asthma_v2_healthy_P3Healthy57S.wav,3,0,3,3,0.04787316632969237,0.07608630189137879,0.012032941512500278,0.7955641749334246,0.06844341533300388
asthma_v2_healthy_P3Healthy60S.wav,3,0,3,3,0.02511215805390654,0.046736305038272925,0.010250235594269875,0.8575985422616483,0.060302759051902105
asthma_v2_healthy_P3Healthy84S.wav,3,0,3,3,0.005815266901003704,0.0265353567678643,0.017523190839451905,0.9084569414948097,0.04166924399687008
asthma_v2_healthy_P4Healthy12S.wav,3,0,3,4,0.14476455379098788,0.06691860870058605,0.021426658887522747,0.12972791356820948,0.637162265052694
asthma_v2_healthy_P4Healthy22S.wav,3,0,3,1,0.11928214367838104,0.364018999343268,0.07708594632380372,0.09670213030654753,0.34291078034799954
asthma_v2_healthy_P4Healthy62S.wav,3,0,3,1,0.020948464701767717,0.41630909220274404,0.5031604078909228,0.04398844655842159,0.01559358864614392
asthma_v2_healthy_P4Healthy69S.wav,3,0,3,4,0.07587033071127795,0.080158349017598,0.1353001661366572,0.05830944246743614,0.6503617116670309
asthma_v2_healthy_P4Healthy77S.wav,3,0,3,1,0.026151585637667035,0.7399328667846858,0.19386091690264584,0.031309088638230335,0.008745542036770833
asthma_v2_healthy_P5Healthy10S.wav,3,0,3,3,0.021747797309877432,0.01950676989025418,0.00399132421284562,0.7772236104509539,0.17753049813606878
asthma_v2_healthy_P5Healthy57S.wav,3,0,3,3,0.009511029449849367,0.001667936291791825,0.0028572484420910952,0.9239906372853705,0.06197314853089712
asthma_v2_healthy_P5Healthy87S.wav,3,0,3,3,0.017946049152288212,0.014628287463363573,0.019867973477177368,0.8681567436075538,0.07940094629961712
asthma_v2_healthy_P5Healthy92S.wav,3,0,3,3,0.010984970403170292,0.0015401061866117255,0.0070228191597564125,0.9474947084218022,0.03295739582865967
asthma_v2_healthy_P5Healthy96S.wav,3,0,3,3,0.04075648177716372,0.0035677097632371094,0.008634723973930421,0.889636890999874,0.05740419348579467
asthma_v2_pneumonia_P15Pneumonia12I.wav,3,0,4,4,0.03769303636188684,0.011851016106217038,0.036932701991545025,0.0033143136565671164,0.9102089318837842
asthma_v2_pneumonia_P15Pneumonia16R.wav,3,0,4,4,0.2069065634589759,0.0291852043053438,0.07800774252098107,0.006228531586101312,0.6796719581285976
asthma_v2_pneumonia_P15Pneumonia39Y.wav,3,0,4,3,0.03033433081515361,0.001251909471686063,0.0010271335583326331,0.6907974202227926,0.27658920593203495
asthma_v2_pneumonia_P15Pneumonia56Z.wav,3,0,4,4,0.20339496517397396,0.024179140168223163,0.1165187468902907,0.0061481328609629135,0.6497590149065494
asthma_v2_pneumonia_P15Pneumonia58S.wav,3,0,4,4,0.025604471500625565,0.008113775660854234,0.0004462948025821762,0.006146173086970104,0.959689284948968
asthma_v2_pneumonia_P15Pneumonia81V.wav,3,0,4,4,0.04818991046492311,0.005200086749115688,0.0002892558292337685,0.002205634491276526,0.9441151124654512
asthma_v2_pneumonia_P18Pneumonia15Q.wav,3,0,4,4,0.020436582165395664,0.003192755690486319,0.00016893066343428133,0.004070117771163403,0.9721316137095203
asthma_v2_pneumonia_P18Pneumonia16E.wav,3,0,4,4,0.04465994879111374,0.0065583296385582765,0.00027689036396455816,0.005517256493905149,0.9429875747124584
asthma_v2_pneumonia_P18Pneumonia23E.wav,3,0,4,4,0.011880871696638174,0.0022060466345894124,0.00013765246397720116,0.004519195967530391,0.9812562332372647
asthma_v2_pneumonia_P18Pneumonia50S.wav,3,0,4,4,0.059356227954188434,0.0041908344553624865,0.00021164869962284785,0.001769965522229142,0.9344713233685968
asthma_v2_pneumonia_P18Pneumonia84N.wav,3,0,4,4,0.03144200189455653,0.0035521936994490732,0.00024062737245195888,0.0018559815477742915,0.9629091954857681
asthma_v2_pneumonia_P18Pneumonia88I.wav,3,0,4,4,0.04733671774400227,0.004677522131540855,0.00023491288118829225,0.002816952287674184,0.9449338949555945
asthma_v2_pneumonia_P22Pneumonia27A.wav,3,0,4,0,0.61388646311986,0.01636360363021948,0.02153292319078869,0.03947361970576959,0.3087433903533621
asthma_v2_pneumonia_P22Pneumonia29K.wav,3,0,4,4,0.1052965425003223,0.0033430315383808852,0.00041320213038297475,0.0011886061925176143,0.8897586176383965
asthma_v2_pneumonia_P22Pneumonia29M.wav,3,0,4,0,0.5230078532033062,0.009025127656663207,0.020933365161934402,0.05477088829365777,0.3922627656844384
asthma_v2_pneumonia_P22Pneumonia47V.wav,3,0,4,4,0.023195784240385185,0.0020634026652553254,8.736318057234746e-05,0.003421494251545583,0.9712319556622416
asthma_v2_pneumonia_P22Pneumonia51X.wav,3,0,4,4,0.06595292418374854,0.0036226125303599906,0.022503545346952303,0.008792827580042004,0.8991280903588972
asthma_v2_pneumonia_P22Pneumonia55C.wav,3,0,4,0,0.4722103594917901,0.01721044104993982,0.02857833127467128,0.0468057211988603,0.43519514698473843
asthma_v2_pneumonia_P27Pneumonia25R.wav,3,0,4,4,0.0741958089412908,0.01605102661487705,0.004955865819337884,0.0025634144625549834,0.9022338841619395
asthma_v2_pneumonia_P27Pneumonia28K.wav,3,0,4,4,0.05377775836159758,0.038082469882667745,0.00738410688966576,0.010356425405847351,0.8903992394602215
asthma_v2_pneumonia_P27Pneumonia37T.wav,3,0,4,4,0.041219287108625144,0.010049390973682775,0.6441485885667934,0.009783007708796247,0.29479972564210283
asthma_v2_pneumonia_P27Pneumonia48G.wav,3,0,4,2,0.039432172803183334,0.007740352468047056,0.7499280038246819,0.0030912784362613767,0.19980819246782616
asthma_v2_pneumonia_P27Pneumonia62C.wav,3,0,4,4,0.09203306598433361,0.02824799880511798,0.003514098859260553,0.00751750986576749,0.8686873264855204
asthma_v2_pneumonia_P27Pneumonia77J.wav,3,0,4,2,0.02696020559771378,0.007339215640697757,0.8699685996593438,0.002765751669399875,0.0929662274328449
asthma_v2_pneumonia_P29Pneumonia14M.wav,3,0,4,4,0.03588253919849118,0.003589278256313815,0.000551115120131338,0.0013243402543963035,0.9586527271706672
asthma_v2_pneumonia_P29Pneumonia17N.wav,3,0,4,4,0.08874954798626211,0.015934672611668754,0.0011544541227218531,0.02075485583241572,0.8734064694469316
asthma_v2_pneumonia_P29Pneumonia18M.wav,3,0,4,4,0.016846947944020474,0.02430617341014545,0.0029276515558281555,0.0832094830990934,0.8727097439909124
asthma_v2_pneumonia_P29Pneumonia24X.wav,3,0,4,4,0.02277579039514485,0.005685386653235595,0.0007443983733299251,0.002378191907700181,0.9684162326705895
asthma_v2_pneumonia_P29Pneumonia51O.wav,3,0,4,4,0.02016751163796293,0.026374744162051614,0.0019092970456121169,0.025582498486038382,0.9259659486683348
asthma_v2_pneumonia_P29Pneumonia82U.wav,3,0,4,4,0.05236801613729202,0.01909374846871955,0.0016082459277050605,0.021636607900790767,0.9052933815654924
asthma_v2_pneumonia_P34Pneumonia15R.wav,3,0,4,4,0.028507350148510125,0.011897230202692533,0.0011322903985852564,0.006871583886105593,0.9515915453641065
asthma_v2_pneumonia_P34Pneumonia36H.wav,3,0,4,4,0.0842515003779965,0.011742786535008725,0.0008034516030052767,0.017738953561913046,0.8854633079220764
asthma_v2_pneumonia_P34Pneumonia61E.wav,3,0,4,4,0.06095149303779412,0.00795959756555584,0.00055948988308567,0.04051461961466673,0.8900147998988976
asthma_v2_pneumonia_P34Pneumonia66M.wav,3,0,4,4,0.0649792372422566,0.016945219166965616,0.0016156976889771253,0.02593623484861297,0.8905236110531874
asthma_v2_pneumonia_P34Pneumonia77O.wav,3,0,4,4,0.03184245991285901,0.012407940177940313,0.0004536145823956231,0.011209438318964324,0.9440865470078406
asthma_v2_pneumonia_P34Pneumonia99G.wav,3,0,4,4,0.05567942811674149,0.013042322692050735,0.000692168731697816,0.004153464492587274,0.9264326159669226
asthma_v2_pneumonia_P42Pneumonia27A.wav,3,0,4,0,0.948217005411956,0.004904910369982867,0.008802903782944243,0.0002864862298092269,0.03778869420530755
asthma_v2_pneumonia_P42Pneumonia46D.wav,3,0,4,0,0.8346061709261504,0.009855673055488796,0.016857520069660053,0.00047959716859352375,0.13820103878010684
asthma_v2_pneumonia_P42Pneumonia47W.wav,3,0,4,0,0.695546997877923,0.045240604085440846,0.010786271917839655,0.009288485375724263,0.23913764074307245
asthma_v2_pneumonia_P42Pneumonia63L.wav,3,0,4,0,0.7469085126193947,0.0014159146398801212,0.007033126814004611,0.002427669773469542,0.24221477615325118
asthma_v2_pneumonia_P42Pneumonia67F.wav,3,0,4,0,0.8875098678768533,0.017813066508830355,0.027392621359367795,0.00525437552064822,0.06203006873430022
asthma_v2_pneumonia_P42Pneumonia69S.wav,3,0,4,0,0.807952409661276,0.0027197965232083746,0.007688449211315816,0.0017761621165648357,0.1798631824876349
asthma_v2_pneumonia_P43Pneumonia24U.wav,3,0,4,3,0.04020561316177859,0.005796872560745088,0.2077895106054734,0.3885063598899714,0.35770164378203145
asthma_v2_pneumonia_P43Pneumonia53X.wav,3,0,4,4,0.028291318240342353,0.008774762227986899,0.017200048568692713,0.0486241922433859,0.897109678719592
asthma_v2_pneumonia_P43Pneumonia54I.wav,3,0,4,4,0.12311517928116085,0.008844462247179932,0.02272540208165708,0.013340373101273569,0.8319745832887288
asthma_v2_pneumonia_P43Pneumonia73N.wav,3,0,4,4,0.06569783868967674,0.006846991382528765,0.014824440896112172,0.02235484822677651,0.8902758808049057
asthma_v2_pneumonia_P43Pneumonia88Y.wav,3,0,4,3,0.033057879601917826,0.005119250062409538,0.11613430527537674,0.44045820329754215,0.40523036176275407
asthma_v2_pneumonia_P43Pneumonia89T.wav,3,0,4,3,0.02803617987951349,0.005051383806096316,0.16161185211626952,0.3648532887149364,0.44044729548318434
asthma_v2_pneumonia_P44Pneumonia36U.wav,3,0,4,4,0.05932027798462339,0.04627751016534576,0.11079686416500625,0.0791457290575218,0.704459618627503
asthma_v2_pneumonia_P44Pneumonia47J.wav,3,0,4,4,0.06569783868967674,0.006846991382528765,0.014824440896112172,0.02235484822677651,0.8902758808049057
asthma_v2_pneumonia_P44Pneumonia49B.wav,3,0,4,4,0.12311517928116085,0.008844462247179932,0.02272540208165708,0.013340373101273569,0.8319745832887288
asthma_v2_pneumonia_P44Pneumonia59U.wav,3,0,4,4,0.033722227059306685,0.048257761351121635,0.009031946676026269,0.16561756512214848,0.7433704997913972
asthma_v2_pneumonia_P44Pneumonia65N.wav,3,0,4,4,0.04201371896525715,0.051335300395462635,0.005760234474533058,0.1293588432962549,0.7715319028684925
asthma_v2_pneumonia_P44Pneumonia71M.wav,3,0,4,4,0.028291318240342353,0.008774762227986899,0.017200048568692713,0.0486241922433859,0.897109678719592
asthma_v2_pneumonia_P9Pneumonia31T.wav,3,0,4,4,0.22078452345827101,0.03789369338022675,0.05517253148249621,0.01045787193163427,0.6756913797473718
asthma_v2_pneumonia_P9Pneumonia63O.wav,3,0,4,4,0.021111377032332464,0.023548293523955807,0.00701103552087382,0.1596014839589066,0.7887278099639312
asthma_v2_pneumonia_P9Pneumonia67I.wav,3,0,4,4,0.056476862152349074,0.0020134434127228136,0.002534263629588319,0.07092513325886213,0.8680502975464776
asthma_v2_pneumonia_P9Pneumonia73J.wav,3,0,4,4,0.04203912913811919,0.0004254968169434078,0.0007178749320818178,0.01533446700129565,0.9414830321115598
asthma_v2_pneumonia_P9Pneumonia74S.wav,3,0,4,4,0.4290125358810522,0.008158940003006218,0.008124285062453825,0.0006876900709294251,0.5540165489825581
asthma_v2_pneumonia_P9Pneumonia74V.wav,3,0,4,4,0.09244655741411589,0.0012319739167565445,0.0011274474602167388,0.19767287542501977,0.7075211457838911
asthma_v2_Bronchial_P13BronchialSc_62.wav,3,1,1,0,0.8645547321253866,0.05894258117954686,0.003303064844502781,0.03339779312821368,0.03980182872235019
asthma_v2_Bronchial_P13BronchialSc_64.wav,3,1,1,0,0.7332404743493477,0.11187999764651442,0.005492879593331967,0.05591345165459427,0.09347319675621107
asthma_v2_Bronchial_P13BronchialTc_61.wav,3,1,1,0,0.8183780973798853,0.09345857423438456,0.004252203435828208,0.04372744662226467,0.040183678327637216
asthma_v2_Bronchial_P13BronchialTc_63.wav,3,1,1,0,0.7311918510042261,0.0740872485604065,0.07142583195803284,0.01174452141093491,0.11155054706639998
asthma_v2_Bronchial_P13BronchialTc_65.wav,3,1,1,0,0.7465981527477228,0.14297742346832376,0.0648237681628248,0.004566499794568471,0.04103415582656034
asthma_v2_Bronchial_P20BronchialSc_100.wav,3,1,1,1,0.011342347758913941,0.9636091381115987,0.008796358026114596,0.0029235703488089196,0.013328585754563634
asthma_v2_Bronchial_P20BronchialSc_96.wav,3,1,1,1,0.019509893965815,0.9547250144663385,0.007677504936119501,0.004736813926551475,0.013350772705175616
asthma_v2_Bronchial_P20BronchialSc_98.wav,3,1,1,1,0.06898294195042586,0.5065572722555485,0.37244536956294994,0.026138203503782802,0.025876212727293072
asthma_v2_Bronchial_P20BronchialTc_97.wav,3,1,1,1,0.017439905734018567,0.9173394622215119,0.05332655808362235,0.006090761867063489,0.005803312093783777
asthma_v2_Bronchial_P20BronchialTc_99.wav,3,1,1,1,0.09799593244657596,0.29947323441306967,0.5013231773799189,0.06782642691694366,0.03338122884349228
asthma_v2_Bronchial_P21BronchialSc_102.wav,3,1,1,4,0.13736847261879243,0.01688276370323993,0.05370419272126061,0.07783858480409313,0.714205986152614
asthma_v2_Bronchial_P21BronchialSc_104.wav,3,1,1,3,0.0634484697520904,0.01730500021186184,0.277733709432238,0.3922151600112368,0.24929766059257266
asthma_v2_Bronchial_P21BronchialTc_101.wav,3,1,1,1,0.01687869501058516,0.9543805211910091,0.012995270041883035,0.006305456600221996,0.009440057156300584
asthma_v2_Bronchial_P21BronchialTc_103.wav,3,1,1,3,0.07590984679370222,0.013992025713044724,0.095307093130311,0.22492432557522687,0.5898667087877151
asthma_v2_Bronchial_P4BronchialSc_16.wav,3,1,1,3,0.20932240325597729,0.2011824595118844,0.056131305561449886,0.26919146628662566,0.26417236538406313
asthma_v2_Bronchial_P4BronchialSc_18.wav,3,1,1,1,0.12452717234452639,0.3964045766186304,0.06402841268746706,0.23932874869066342,0.1757110896587127
asthma_v2_Bronchial_P4BronchialSc_20.wav,3,1,1,1,0.028315634461620606,0.7910993729707162,0.024459338673221403,0.1014287101567179,0.05469694373772423
asthma_v2_Bronchial_P4BronchialTc_17.wav,3,1,1,1,0.1937307000299444,0.38838987510062883,0.06342577782217525,0.17033072698377952,0.1841229200634719
asthma_v2_Bronchial_P4BronchialTc_19.wav,3,1,1,3,0.04441858279140892,0.1611255112446406,0.07900751458014142,0.5759718244658062,0.13947656691800336
asthma_v2_asthma_P16WheezingIE_77.wav,3,1,0,0,0.6030319605232772,0.00929854381994457,0.011757950182250477,0.008645439590498462,0.36726610588402897
asthma_v2_asthma_P16WheezingIU_78.wav,3,1,0,0,0.8167698687149986,0.01622463017488262,0.02110324060579201,0.002793583521785214,0.14310867698254148
asthma_v2_asthma_P16WheezingRL_79.wav,3,1,0,4,0.3296023871022276,0.004051940666457102,0.020329447115961987,0.012000910937294435,0.6340153141780589
asthma_v2_asthma_P16WheezingRS_76.wav,3,1,0,0,0.800279502425254,0.005928499460498882,0.009341252761522605,0.006455237595132153,0.17799550775759188
asthma_v2_asthma_P16WheezingRS_80.wav,3,1,0,0,0.9235820639116514,0.042387875371361336,0.006775341098737862,0.0011816684322940659,0.026073051185955414
asthma_v2_asthma_P22WheezingIE_109.wav,3,1,0,0,0.9363018472664408,0.02480142389050076,0.002009476599420317,0.003016863410354436,0.033870388833283686
asthma_v2_asthma_P22WheezingIU_106.wav,3,1,0,0,0.8434863528185025,0.015477363941203215,0.007360379989726632,0.0014722962322278813,0.13220360701833955
asthma_v2_asthma_P22WheezingIU_110.wav,3,1,0,0,0.9713992607701575,0.014695702417386164,0.002071492296460583,0.0012310427032178291,0.010602501812777847
asthma_v2_asthma_P22WheezingRL_107.wav,3,1,0,3,0.32484826391276056,0.020499833761170403,0.14496643932854425,0.1875387982275683,0.3221466647699564
asthma_v2_asthma_P22WheezingRS_108.wav,3,1,0,0,0.7432805514766269,0.008347638888397207,0.0044096265278107515,0.012138929217814627,0.23182325388935063
asthma_v2_asthma_P26WheezingIE_129.wav,3,1,0,0,0.7074474056950543,0.021035701258687804,0.08624567356175847,0.06007966060895302,0.12519155887554664
asthma_v2_asthma_P26WheezingIU_126.wav,3,1,0,0,0.6860163275373605,0.01255032565734112,0.013614115769538639,0.2354403373385075,0.05237889369725228
asthma_v2_asthma_P26WheezingIU_130.wav,3,1,0,0,0.9007076392548649,0.013692149080136929,0.0211765891196202,0.0015724378949632004,0.06285118465041453
asthma_v2_asthma_P26WheezingRL_127.wav,3,1,0,0,0.6621210553861291,0.009712065053267835,0.16407278655955107,0.015557472453869917,0.14853662054718247
asthma_v2_asthma_P26WheezingRS_128.wav,3,1,0,0,0.8064914307114027,0.0032612012779240727,0.01676620480871236,0.0015211265052974706,0.17196003669666335
asthma_v2_asthma_P2AsthmaIE_9.wav,3,1,0,0,0.8992462502049146,0.03039950561200674,0.0039093418607286014,0.00215530787174057,0.06428959445060939
asthma_v2_asthma_P2AsthmaIU_10.wav,3,1,0,0,0.9155261023489607,0.03476284826139789,0.005200817272230207,0.003772090908072773,0.040738141209338594
asthma_v2_asthma_P2AsthmaIU_6.wav,3,1,0,2,0.13147144325200424,0.07426873282468444,0.6927144564183452,0.055441128155263544,0.04610423934970257
asthma_v2_asthma_P2AsthmaRL_7.wav,3,1,0,0,0.8687435887781395,0.009966013614710695,0.04111031170002051,0.004271793492467442,0.07590829241466182
asthma_v2_asthma_P2AsthmaRS_8.wav,3,1,0,0,0.8428407513868176,0.01935543943176771,0.005040910268401304,0.005473615283635971,0.127289283629377
asthma_v2_asthma_P31WheezingIE_153.wav,3,1,0,4,0.3138976089521856,0.007099010047631786,0.014154592995981704,0.08086223493031795,0.583986553073883
asthma_v2_asthma_P31WheezingIU_154.wav,3,1,0,0,0.8925586331421835,0.009808869520790327,0.012729150361637282,0.003454705783363655,0.08144864119202512
asthma_v2_asthma_P31WheezingRL_151.wav,3,1,0,0,0.7955310355881874,0.01631647982797869,0.040939422834604944,0.0019423738825724932,0.14527068786665642
asthma_v2_asthma_P31WheezingRL_155.wav,3,1,0,0,0.8161532035921205,0.0022113931445108615,0.002254726392404091,0.00045786787018384315,0.17892280900078084
asthma_v2_asthma_P31WheezingRS_152.wav,3,1,0,0,0.4865326875895732,0.010661042330691163,0.007657273556052944,0.13717936466181013,0.3579696318618728
asthma_v2_asthma_P33WheezingIE_161.wav,3,1,0,0,0.7566609430836562,0.009588670057543125,0.014727428394971312,0.020239995457260962,0.19878296300656842
asthma_v2_asthma_P33WheezingIE_165.wav,3,1,0,0,0.7957885846101234,0.10889797932040773,0.022820153868777372,0.014103471041310876,0.058389811159381105
asthma_v2_asthma_P33WheezingIU_162.wav,3,1,0,0,0.7366853994484267,0.025290274478566303,0.07576432623164919,0.0035274484120547487,0.15873255142930276
asthma_v2_asthma_P33WheezingRL_163.wav,3,1,0,0,0.8360776609127974,0.015066799778012334,0.03249857318266515,0.0017410478539410497,0.11461591827258422
asthma_v2_asthma_P33WheezingRS_164.wav,3,1,0,0,0.8878251312348233,0.010674457348753955,0.024821302177044764,0.0016237361484016306,0.07505537309097655
asthma_v2_asthma_P37WheezingIE_181.wav,3,1,0,0,0.7653480267722913,0.02353113695852459,0.16077026602141342,0.0005897624755139617,0.04976080777225697
asthma_v2_asthma_P37WheezingIE_185.wav,3,1,0,0,0.7985322928425863,0.12101403770960173,0.04015913568179887,0.00347324914320971,0.036821284622803374
asthma_v2_asthma_P37WheezingIU_182.wav,3,1,0,0,0.9640595386901814,0.011051811442918813,0.014237868248897865,0.0003356817254359097,0.010315099892565915
asthma_v2_asthma_P37WheezingRL_183.wav,3,1,0,0,0.9171238157180549,0.018754414857764645,0.051932151935663834,0.0006786511037148536,0.011510966384801993
asthma_v2_asthma_P37WheezingRS_184.wav,3,1,0,0,0.8240028145808159,0.0779442585432962,0.013817815080772228,0.016618789699410837,0.06761632209570491
asthma_v2_asthma_P40WheezingIE_197.wav,3,1,0,0,0.8796363899036286,0.06186000374444636,0.04988059243300688,0.001071147386516116,0.007551866532402048
asthma_v2_asthma_P40WheezingIU_198.wav,3,1,0,0,0.8689472890798166,0.05094972555165874,0.07292781579531543,0.0006479255661782576,0.00652724400703103
asthma_v2_asthma_P40WheezingRL_199.wav,3,1,0,0,0.9016392347335713,0.02123799993802616,0.06450487953704952,0.0005304984313116929,0.012087387360041254
asthma_v2_asthma_P40WheezingRS_196.wav,3,1,0,0,0.8022444694533971,0.0926055290898991,0.09578120350650801,0.0012744956726629157,0.00809430227753288
asthma_v2_asthma_P40WheezingRS_200.wav,3,1,0,0,0.5676383677869574,0.044869349141543884,0.3779294526705945,0.0005155504927730479,0.009047279908131017
asthma_v2_asthma_P47WheezingIE_233.wav,3,1,0,0,0.857030207744293,0.004590495192377336,0.09040391216511033,0.0006884835792334654,0.04728690131898606
asthma_v2_asthma_P47WheezingIU_234.wav,3,1,0,0,0.8496598044494023,0.005776724966615859,0.12799774844015596,0.0003882276101300663,0.01617749453369567
asthma_v2_asthma_P47WheezingRL_231.wav,3,1,0,0,0.32508109935270446,0.06262255258525001,0.5592690467845501,0.0057302704582961475,0.04729703081919898
asthma_v2_asthma_P47WheezingRL_235.wav,3,1,0,0,0.9036622736837363,0.006144701105398749,0.03868292736775647,0.002043403557470588,0.049466694285637984
asthma_v2_asthma_P47WheezingRS_232.wav,3,1,0,0,0.9481656179472291,0.003937680554399827,0.024709046952722916,0.0005143928714960633,0.022673261674151887
asthma_v2_asthma_P52WheezingIE_257.wav,3,1,0,0,0.8590992498906422,0.010475689342132275,0.10240870250631895,0.001641400286533922,0.026374957974372858
asthma_v2_asthma_P52WheezingIU_258.wav,3,1,0,0,0.8982414118810764,0.0055136761177190415,0.06987276102355489,0.0012935675642495722,0.025078583413400038
asthma_v2_asthma_P52WheezingRL_259.wav,3,1,0,0,0.9260406787014857,0.03384048301174878,0.012707657297690743,0.0010348920305497855,0.02637628895852511
asthma_v2_asthma_P52WheezingRS_256.wav,3,1,0,0,0.9142646037465264,0.015760277339551355,0.05924530943067899,0.001001963237387289,0.009727846245855801
asthma_v2_asthma_P52WheezingRS_260.wav,3,1,0,0,0.9196498309617777,0.021052067674416416,0.011749370849780076,0.0011701229497990634,0.0463786075642265
asthma_v2_asthma_P55WheezingIE_273.wav,3,1,0,4,0.024158169110653317,0.0035209596844180627,0.08217375699676752,0.10587706189375674,0.784270052314404
asthma_v2_asthma_P55WheezingIU_274.wav,3,1,0,4,0.02274092820079203,0.0064046594424094,0.005567597830857315,0.04792475099408685,0.9173620635318543
asthma_v2_asthma_P55WheezingRL_271.wav,3,1,0,3,0.18655027446196695,0.11409425877894018,0.06781217666968038,0.23005494413957253,0.40148834594984023
asthma_v2_asthma_P55WheezingRL_275.wav,3,1,0,0,0.7102960720674197,0.05676421890634506,0.014028921097692819,0.011146522140048788,0.20776426578849347
asthma_v2_asthma_P55WheezingRS_272.wav,3,1,0,4,0.09923574816769676,0.03201541670770149,0.15345989895102613,0.08409822577841378,0.6311907103951618
asthma_v2_asthma_P5AsthmaIE_21.wav,3,1,0,0,0.8853544492339607,0.026092151121835584,0.005418827958068233,0.007187471734032062,0.07594709995210358
asthma_v2_asthma_P5AsthmaIE_25.wav,3,1,0,0,0.5398853684251202,0.009175581900959467,0.006877711974337317,0.06498568340862934,0.37907565429095375
asthma_v2_asthma_P5AsthmaIU_22.wav,3,1,0,0,0.5765343069650198,0.016341400118615915,0.007407488432631759,0.0192250077781027,0.3804917967056297
asthma_v2_asthma_P5AsthmaRL_23.wav,3,1,0,0,0.8195262044374931,0.015154113223584668,0.004886589353892061,0.01749787301985177,0.1429352199651781
asthma_v2_asthma_P5AsthmaRS_24.wav,3,1,0,0,0.6732488352551125,0.010056173305364133,0.0039402806866965095,0.023473380639035417,0.2892813301137912
asthma_v2_copd_P13COPDMc_100.wav,3,1,2,2,0.00855045487598189,0.1304210036389135,0.809720302130534,0.03713129375211307,0.014176945602457658
asthma_v2_copd_P13COPDMc_102.wav,3,1,2,2,0.0030542502983442283,0.0008303031971398811,0.9947451231994858,0.00020127260049385468,0.001169050704536131
asthma_v2_copd_P13COPDMc_104.wav,3,1,2,2,0.002033689460010543,0.0014620265142042193,0.9955319606021774,0.0001634580057649495,0.000808865417843162
asthma_v2_copd_P13COPDMc_98.wav,3,1,2,2,0.004330640461872059,0.044012881825766195,0.9348976256303916,0.007472321690337081,0.009286530391633343
asthma_v2_copd_P13COPDPr_101.wav,3,1,2,2,0.005264363107322712,0.0021483750077838292,0.9915037507431483,0.000108345948805999,0.0009751651929390776
asthma_v2_copd_P13COPDPr_103.wav,3,1,2,2,0.007729698928733501,0.0011878900300652023,0.9884768022605952,0.0004039930894004267,0.0022016156912059394
asthma_v2_copd_P13COPDPr_97.wav,3,1,2,2,0.0017966287405700354,0.01515917133393644,0.978910769203044,0.0030113268165052973,0.00112210390594469
asthma_v2_copd_P13COPDPr_99.wav,3,1,2,2,0.006036813695125764,0.11942779199366545,0.8245182474201834,0.03477614848115648,0.015240998409869193
asthma_v2_copd_P15COPDMc_114.wav,3,1,2,2,0.11396990282533159,0.03176788176459292,0.8478619230950923,0.004586609761512008,0.0018136825534711735
asthma_v2_copd_P15COPDMc_116.wav,3,1,2,2,0.00673210875124966,0.0035680269627195345,0.9891633194436291,0.000172942922336518,0.00036360192006541184
asthma_v2_copd_P15COPDMc_118.wav,3,1,2,0,0.6232532490236286,0.008192772008115594,0.36112854343150985,0.0009039106597635826,0.006521524876982432
asthma_v2_copd_P15COPDMc_120.wav,3,1,2,2,0.10719307682555494,0.06304484312509002,0.8081398598282086,0.007528369750301199,0.01409385047084538
asthma_v2_copd_P15COPDPr_113.wav,3,1,2,2,0.09749171631812201,0.017234918552208798,0.8833968783354642,0.0008178447598308545,0.0010586420343741691
asthma_v2_copd_P15COPDPr_115.wav,3,1,2,2,0.05665362501169897,0.010608095150963032,0.9284974144366042,0.0008994385271406305,0.003341426873593288
asthma_v2_copd_P15COPDPr_117.wav,3,1,2,2,0.21385187673394135,0.024133071745259416,0.7520153698782286,0.0006283730328328421,0.009371308609738043
asthma_v2_copd_P15COPDPr_119.wav,3,1,2,2,0.023235071940697672,0.006621338948020733,0.9640331386858514,0.0025605115276721045,0.003549938897758071
asthma_v2_copd_P17COPDMc_130.wav,3,1,2,2,0.0008974793475864663,0.0004712893100620444,0.9978934607378329,0.0002936266437806833,0.0004441439607379398
asthma_v2_copd_P17COPDMc_132.wav,3,1,2,2,0.0008382396294430272,0.00019248427854200626,0.9987124161646107,9.314821820689995e-05,0.00016371170919743315
asthma_v2_copd_P17COPDMc_134.wav,3,1,2,2,0.0016628151599239927,0.0002968368556698236,0.9973493731454248,0.00018052013556609978,0.0005104547034153259
asthma_v2_copd_P17COPDMc_136.wav,3,1,2,2,0.003070200169603519,0.002403771781312376,0.9933386546942422,0.0003830466555562168,0.0008043266992853475
asthma_v2_copd_P17COPDPr_129.wav,3,1,2,2,0.0008374863973556755,9.196963862038963e-05,0.9986028419753538,7.60142361815014e-05,0.00039168775248875647
asthma_v2_copd_P17COPDPr_131.wav,3,1,2,2,0.004470876750197316,0.002972886490847061,0.9885087039744229,0.002214199863898196,0.0018333329206344593
asthma_v2_copd_P17COPDPr_133.wav,3,1,2,2,0.0013011751836492396,0.00021750485931368977,0.9980330420559238,0.00013578824414865704,0.00031248965696448926
asthma_v2_copd_P17COPDPr_135.wav,3,1,2,2,0.0026314382084270884,0.001654393901491339,0.9946814213752417,0.000301714278865043,0.000731032235974946
asthma_v2_copd_P21COPDMc_162.wav,3,1,2,2,0.002894371361276901,0.003838740064024186,0.9910754615763819,0.00044357584377100926,0.001747851154545876
asthma_v2_copd_P21COPDMc_164.wav,3,1,2,2,0.023605236536273336,0.023495542755565212,0.9486139602954766,0.0006948803392759724,0.0035903800734090954
asthma_v2_copd_P21COPDMc_166.wav,3,1,2,2,0.024864328463448382,0.1455908806050926,0.8131055350112644,0.0009260826786254671,0.015513173241569625
asthma_v2_copd_P21COPDMc_168.wav,3,1,2,2,0.004209869077919376,0.0013036472138431483,0.9794241330539749,0.002189843396544444,0.012872507257717904
asthma_v2_copd_P21COPDPr_161.wav,3,1,2,2,0.003809369178490739,0.002927789927625565,0.9919476165533971,0.0003068518889094751,0.0010083724515769768
asthma_v2_copd_P21COPDPr_163.wav,3,1,2,2,0.0019828768609052665,0.0026504575430953254,0.9941085419381742,0.00031459305923262044,0.0009435305985926181
asthma_v2_copd_P21COPDPr_165.wav,3,1,2,2,0.029209821868910732,0.14662820252082234,0.7817205182749533,0.002741066229851602,0.03970039110546218
asthma_v2_copd_P21COPDPr_167.wav,3,1,2,2,0.0006082678747450169,0.0005127132401895066,0.9984299569005675,0.00018113208150269405,0.0002679299029952207
asthma_v2_copd_P25COPDMc_194.wav,3,1,2,2,0.00018160023349492342,0.012246727999359072,0.9842024615233563,0.002258006372337775,0.0011112038714518292
asthma_v2_copd_P25COPDMc_196.wav,3,1,2,2,0.005334871024177676,0.09386078898292777,0.8531103818621482,0.026584630895712995,0.02110932723503333
asthma_v2_copd_P25COPDMc_198.wav,3,1,2,2,0.001979532529077993,0.0011957266988549022,0.9962403871143709,0.00023566093078941194,0.00034869272690664794
asthma_v2_copd_P25COPDMc_200.wav,3,1,2,2,5.933599048285479e-07,6.997454746146317e-07,0.9999137485902383,1.7184796951748314e-05,6.777350743044203e-05
asthma_v2_copd_P25COPDPr_193.wav,3,1,2,2,0.0009714054846436484,0.002133945686975414,0.9946385595596734,0.0012741266993739186,0.0009819625693335298
asthma_v2_copd_P25COPDPr_195.wav,3,1,2,2,0.0031197896376475,0.08592180766141483,0.872763661513537,0.020549670846204206,0.017645070341196226
asthma_v2_copd_P25COPDPr_197.wav,3,1,2,2,0.002359032204993443,0.0013276107181769592,0.9957435435555771,0.00023981901960770647,0.0003299945016447697
asthma_v2_copd_P25COPDPr_199.wav,3,1,2,2,0.0017262832050360414,0.000845105030380169,0.9968663268616914,0.0002475973036738303,0.00031468759921846425
asthma_v2_copd_P33COPDMc_258.wav,3,1,2,4,0.08885727856472454,0.007996094014740145,0.24784618836916106,0.07522152209906832,0.5800789169523057
asthma_v2_copd_P33COPDMc_260.wav,3,1,2,4,0.04486946185761542,0.09662384979756931,0.14682518858475596,0.03778951708835906,0.6738919826717005
asthma_v2_copd_P33COPDMc_262.wav,3,1,2,1,0.09054377205846731,0.23534774941943584,0.41821106827840254,0.14088799445325953,0.11500941579043482
asthma_v2_copd_P33COPDMc_264.wav,3,1,2,2,0.002534776686809522,0.01870052722495607,0.9778550610243087,0.00012106959810653347,0.0007885654658192987
asthma_v2_copd_P33COPDPr_257.wav,3,1,2,2,0.010726736794705186,0.001428981575755832,0.9874598330087075,8.365104179451803e-05,0.00030079757903678163
asthma_v2_copd_P33COPDPr_259.wav,3,1,2,4,0.0374973151306306,0.12023031430461383,0.29262893554713304,0.08352336273850233,0.4661200722791201
asthma_v2_copd_P33COPDPr_261.wav,3,1,2,3,0.12549841640751339,0.22803986530367973,0.2673500644345527,0.16988005492182046,0.20923159893243382
asthma_v2_copd_P33COPDPr_263.wav,3,1,2,1,0.1017687862676908,0.2975844640265666,0.2786633554358367,0.19329417072895325,0.12868922354095308
asthma_v2_copd_P35COPDMc_274.wav,3,1,2,2,0.004509444144693186,0.0007729621364219174,0.967140502926623,0.0013787823181697263,0.026198308474091988
asthma_v2_copd_P35COPDMc_276.wav,3,1,2,2,0.000821596263768776,0.0018695597920909373,0.9965078496876489,0.0003742672060455314,0.00042672705044573413
asthma_v2_copd_P35COPDMc_278.wav,3,1,2,2,0.0009177179155196053,0.0025322247611246364,0.9947560437696934,0.0010978661196363606,0.0006961474340260107
asthma_v2_copd_P35COPDMc_280.wav,3,1,2,2,6.765667900578427e-07,5.351546812741271e-07,0.9999397337357774,3.468395934113422e-05,2.437058341021298e-05
asthma_v2_copd_P35COPDPr_273.wav,3,1,2,2,0.0027753255867346703,0.00014720298388445766,0.9959140333700522,0.00016662594232132703,0.00099681211700711
asthma_v2_copd_P35COPDPr_275.wav,3,1,2,2,0.0035142474399234526,0.0009332184009497104,0.9876535195510077,0.0033525891807773024,0.004546425427341707
asthma_v2_copd_P35COPDPr_277.wav,3,1,2,2,0.0033372696326747797,0.00464404916287399,0.9875108386031788,0.002736462755472651,0.001771379845799791
asthma_v2_copd_P35COPDPr_279.wav,3,1,2,2,0.0006978401737129134,0.0008668278564568524,0.9980723461641295,0.0001236831193874869,0.0002393026863131154
asthma_v2_copd_P37COPDMc_290.wav,3,1,2,2,0.004665862139626465,0.05791826714867209,0.9276793672960012,0.0044994787547973005,0.0052370246609028575
asthma_v2_copd_P37COPDMc_292.wav,3,1,2,2,0.006589190741914501,0.015593997873355435,0.9753557662363169,0.0004416882989865981,0.002019356849426319
asthma_v2_copd_P37COPDMc_294.wav,3,1,2,2,0.0016133098955208763,0.0015587297060740129,0.9961234382757144,0.00024320326961109934,0.00046131885307980277
asthma_v2_copd_P37COPDMc_296.wav,3,1,2,2,0.008576321254585873,0.0018677076623019346,0.9877937433629711,0.0004029059546961833,0.0013593217654448411
asthma_v2_copd_P37COPDPr_289.wav,3,1,2,2,0.005011533079566541,0.04140243695171028,0.9454929859199961,0.0024743438271296186,0.005618700221597565
asthma_v2_copd_P37COPDPr_291.wav,3,1,2,2,0.0013264217958183816,0.004286894669068122,0.9939056604058292,0.00014101305481032693,0.00034001007447420617
asthma_v2_copd_P37COPDPr_293.wav,3,1,2,2,0.005963903747700611,0.004294619946058075,0.9882382358354762,0.0002818187876925946,0.0012214216830723434
asthma_v2_copd_P37COPDPr_295.wav,3,1,2,2,0.01565180908864005,0.0027714414021467633,0.9788168627044287,0.0006283861661103688,0.0021315006386740634
asthma_v2_copd_P49COPDMc_386.wav,3,1,2,2,0.0010211364332888854,0.014455546219492512,0.9662961090620332,0.005903776480124478,0.012323431805060436
asthma_v2_copd_P49COPDMc_388.wav,3,1,2,2,0.00039854844560099006,0.007034211331841048,0.9632776645466802,0.007462413463377866,0.021827162212499838
asthma_v2_copd_P49COPDMc_390.wav,3,1,2,2,0.00032634565166091015,0.010846471029656659,0.9741363562251372,0.008727563958293692,0.005963263135251504
asthma_v2_copd_P49COPDMc_392.wav,3,1,2,2,0.00029040063140069465,0.0032461252330092615,0.9955542563740959,0.00031002048267487017,0.0005991972788192202
asthma_v2_copd_P49COPDPr_385.wav,3,1,2,2,0.0014975223303488022,0.000774125373474807,0.9952991118737057,0.000421242237283905,0.002007998185186657
asthma_v2_copd_P49COPDPr_387.wav,3,1,2,2,0.0007260498717759477,0.009433507598249968,0.9793338200771468,0.0048591485032562515,0.005647473949570935
asthma_v2_copd_P49COPDPr_389.wav,3,1,2,2,0.0006480445476146583,0.009546875977551788,0.9767155184995012,0.004881508175789597,0.008208052799543085
asthma_v2_copd_P49COPDPr_391.wav,3,1,2,2,0.0004678027507748471,0.002929000272100942,0.9956655140926703,0.0003199719306688251,0.0006177109537852448
asthma_v2_copd_P7COPDMc_50.wav,3,1,2,2,0.003111695996490759,0.0011757969858066347,0.9902081018194786,0.0021192039767610857,0.0033852012214632752
asthma_v2_copd_P7COPDMc_52.wav,3,1,2,2,0.009173986167881147,0.012171158749771592,0.9727805838886981,0.003130956669709634,0.0027433145239394775
asthma_v2_copd_P7COPDMc_54.wav,3,1,2,2,0.00915396353012767,0.00595658986000188,0.9588668281536399,0.021539833428136042,0.0044827850280945505
asthma_v2_copd_P7COPDMc_56.wav,3,1,2,2,0.006490853697053573,0.004821194206104193,0.9814098778345429,0.005090633197204838,0.0021874410650942564
asthma_v2_copd_P7COPDPr_49.wav,3,1,2,2,0.011676639560509332,0.004286971950795673,0.9630549953165427,0.0013591194143067187,0.019622273757845636
asthma_v2_copd_P7COPDPr_51.wav,3,1,2,2,0.0044353373100965605,0.0017331637425874163,0.986628010378676,0.0019865525044871013,0.005216936064152943
asthma_v2_copd_P7COPDPr_53.wav,3,1,2,2,0.006711213949285947,0.004250681820851432,0.9764764277257739,0.010035589820806452,0.0025260866832822974
asthma_v2_copd_P7COPDPr_55.wav,3,1,2,3,0.014094484779079128,0.3243615872774647,0.39418653719656715,0.25071239447841737,0.01664499626847164
asthma_v2_healthy_P10Healthy10S.wav,3,1,3,4,0.13762161865352435,0.044119667788919806,0.020424126645715242,0.023014569242963866,0.7748200176688771
asthma_v2_healthy_P10Healthy14S.wav,3,1,3,4,0.19934065779673726,0.02524131708208228,0.010901358230941736,0.01638313761206067,0.7481335292781776
asthma_v2_healthy_P10Healthy61S.wav,3,1,3,3,0.03811127328642261,0.0047181977129889755,0.01708027126471736,0.3599084090570444,0.5801818486788267
asthma_v2_healthy_P10Healthy65S.wav,3,1,3,3,0.022251558946100758,0.0021801245044820268,0.008090063268956987,0.46728234193320256,0.5001959113472578
asthma_v2_healthy_P10Healthy93S.wav,3,1,3,4,0.10549097740248106,0.018215630104333202,0.017402491240217616,0.029395199422953884,0.829495701830014
asthma_v2_healthy_P13Healthy28S.wav,3,1,3,3,0.013063620495348044,0.0019457064365452316,0.020627311602411276,0.9505544025224039,0.013808958943291368
asthma_v2_healthy_P13Healthy42S.wav,3,1,3,3,0.003963960071999505,0.0033323541507524752,0.01131387287287582,0.9766035608968845,0.004786252007487436
asthma_v2_healthy_P13Healthy48S.wav,3,1,3,3,0.03005635770718901,0.031265370504576374,0.04667722636528486,0.8635491201122528,0.02845192531069645
asthma_v2_healthy_P13Healthy53S.wav,3,1,3,3,0.06281856212172758,0.1066388455769754,0.12325431040483728,0.6613094329268904,0.04597884896956891
asthma_v2_healthy_P13Healthy69S.wav,3,1,3,3,0.015186496255253975,0.011985764168137137,0.015733734759310752,0.9080305564684995,0.04906344834879828
asthma_v2_healthy_P17Healthy22S.wav,3,1,3,3,0.008232518642891247,0.0032102549621844663,0.009839154395855287,0.8946794267620836,0.08403864523698529
asthma_v2_healthy_P17Healthy35S.wav,3,1,3,3,0.00800761199880381,0.0019267478513533235,0.002822564167731432,0.8906885200512373,0.09655455593087386
asthma_v2_healthy_P17Healthy58S.wav,3,1,3,4,0.1271266077780724,0.07399500829135686,0.033064043563378005,0.07847972985191777,0.687334610515275
asthma_v2_healthy_P17Healthy71S.wav,3,1,3,4,0.0663733377129538,0.023248273538869425,0.0485910378262009,0.041950816417740525,0.8198365345042352
asthma_v2_healthy_P17Healthy83S.wav,3,1,3,4,0.055875448724525725,0.05498914402696191,0.011903318586357785,0.02468425405294633,0.8525478346092084
asthma_v2_healthy_P26Healthy22S.wav,3,1,3,3,0.014940351845634895,0.002679676400928519,0.006261884877715883,0.947708992255531,0.028409094620189975
asthma_v2_healthy_P26Healthy32S.wav,3,1,3,4,0.07795522182311612,0.008608210079219018,0.04127136916718279,0.06349825502299676,0.8086669439074854
asthma_v2_healthy_P26Healthy46S.wav,3,1,3,3,0.2505108527930578,0.014595446495534268,0.03541729361603536,0.2329294720258524,0.46654693506952016
asthma_v2_healthy_P26Healthy48S.wav,3,1,3,3,0.24516583061945404,0.02718342183489488,0.02872598658279816,0.5536892776033907,0.14523548335946254
asthma_v2_healthy_P26Healthy76S.wav,3,1,3,3,0.03871703327298298,0.004487894725648903,0.01432996181795384,0.7301939029082273,0.212271207275187
asthma_v2_healthy_P2Healthy30S.wav,3,1,3,3,0.01648888507929895,0.0008350328414595425,0.015341436706637342,0.5645205454471667,0.4028140999254377
asthma_v2_healthy_P2Healthy43S.wav,3,1,3,3,0.03953713526150764,0.008729252736420407,0.01693229268419107,0.8565041893394191,0.07829712997846175
asthma_v2_healthy_P2Healthy54S.wav,3,1,3,3,0.021466706609699734,0.02806903420077995,0.007137529633111641,0.8912598893997381,0.05206684015667032
asthma_v2_healthy_P2Healthy72S.wav,3,1,3,4,0.05941409936795716,0.0013807112608710127,0.02443833590285615,0.14497857736485303,0.7697882761034626
asthma_v2_healthy_P2Healthy89S.wav,3,1,3,3,0.027520376009297683,0.0013788416459970983,0.034927909444663965,0.6173113208820056,0.3188615520180355
asthma_v2_pneumonia_P13Pneumonia20R.wav,3,1,4,4,0.1303367443009838,0.0021715229762977713,0.010933692574771487,0.18411488544550347,0.672443154702444
asthma_v2_pneumonia_P13Pneumonia26N.wav,3,1,4,4,0.250066964188677,0.023373001362141814,0.011796456232308097,0.013646875211719471,0.7011167030051539
asthma_v2_pneumonia_P13Pneumonia33Z.wav,3,1,4,4,0.14530000247755195,0.001637284887981743,0.005876109098362266,0.04813481657383567,0.7990517869622684
asthma_v2_pneumonia_P13Pneumonia60R.wav,3,1,4,4,0.07667398532037238,0.0009221702002182938,0.005091645770401504,0.18387137039878024,0.7334408283102273
asthma_v2_pneumonia_P13Pneumonia94T.wav,3,1,4,4,0.028050112711805558,0.01832881030317953,0.02246549140513942,0.018137845380914626,0.9130177401989608
asthma_v2_pneumonia_P13Pneumonia99T.wav,3,1,4,0,0.6310657276149877,0.034038430556160515,0.0057686523637539636,0.004897501429816491,0.32422968803528185
asthma_v2_pneumonia_P14Pneumonia19W.wav,3,1,4,4,0.39084944231661733,0.004202009487054256,0.02282887040531629,0.001045476251174652,0.5810742015398375
asthma_v2_pneumonia_P14Pneumonia22X.wav,3,1,4,3,0.015234625016734147,0.0011451256366111654,0.0035687341851109826,0.7271196942457367,0.25293182091580674
asthma_v2_pneumonia_P14Pneumonia40M.wav,3,1,4,3,0.052312665031258955,0.002137453560923464,0.0013491619949365199,0.6472223807278311,0.29697833868504986
asthma_v2_pneumonia_P14Pneumonia62B.wav,3,1,4,4,0.3247005347873764,0.026350288562056873,0.007810245734459955,0.0035725152086961793,0.6375664157074106
asthma_v2_pneumonia_P14Pneumonia73T.wav,3,1,4,4,0.19494543768293407,0.002584072572183728,0.018650158793658677,0.0008742931392147977,0.7829460378120086
asthma_v2_pneumonia_P14Pneumonia87C.wav,3,1,4,4,0.1124526110612007,0.001822337783547036,0.01767346978608481,0.0022345906861597053,0.8658169906830077
asthma_v2_pneumonia_P1Pneumonia10T.wav,3,1,4,4,0.015921166507493725,0.0008245676619420862,0.00028055183603703493,0.00028501585852890455,0.9826886981359986
asthma_v2_pneumonia_P1Pneumonia39F.wav,3,1,4,4,0.02139992365196636,0.0035217106856774115,0.0014855340480276985,0.0018700671534134378,0.9717227644609152
asthma_v2_pneumonia_P1Pneumonia41U.wav,3,1,4,4,0.010614502181020051,0.005353536213843998,0.00019106373418720558,0.0018757421774141852,0.9819651556935348
asthma_v2_pneumonia_P1Pneumonia93D.wav,3,1,4,4,0.030219898511056966,0.0007968574657212206,0.0002987279277505956,0.0005612008614507495,0.9681233152340207
asthma_v2_pneumonia_P1Pneumonia94J.wav,3,1,4,4,0.06424092866763463,0.007995633602850891,0.0032055848677606273,0.020187597231106195,0.9043702556306477
asthma_v2_pneumonia_P1Pneumonia97M.wav,3,1,4,4,0.06803166195281665,0.0023537677996949232,0.0009265986238759778,0.0015424477184925074,0.9271455239051198
asthma_v2_pneumonia_P26Pneumonia12X.wav,3,1,4,4,0.04384602309728377,0.002430373842321727,0.013030922586456583,0.16243303266518963,0.7782596478087482
asthma_v2_pneumonia_P26Pneumonia66S.wav,3,1,4,3,0.020445977441605465,0.0035917009934517408,0.05116132648746556,0.5030251554023607,0.4217758396751166
asthma_v2_pneumonia_P26Pneumonia72P.wav,3,1,4,4,0.04341705711033563,0.0014576486262680767,0.004510593084520874,0.07672364866220044,0.8738910525166751
asthma_v2_pneumonia_P26Pneumonia83Z.wav,3,1,4,4,0.11355169777498944,0.0009844459602570761,0.002382558858332771,0.004687455939647332,0.8783938414667734
asthma_v2_pneumonia_P26Pneumonia84P.wav,3,1,4,4,0.055766157846768416,0.002094085405456625,0.005261258756802485,0.028545878769626765,0.908332619221346
asthma_v2_pneumonia_P26Pneumonia89E.wav,3,1,4,4,0.02641071105117068,0.0008113756952534003,0.0034056310791307936,0.13501552606524622,0.8343567561091986
asthma_v2_pneumonia_P30Pneumonia10C.wav,3,1,4,4,0.040658989737277426,0.0011282234700724153,0.0007198858936429541,0.003890679085762602,0.9536022218132445
asthma_v2_pneumonia_P30Pneumonia15J.wav,3,1,4,4,0.06058413207188468,0.001415401788671262,0.0010576577622579257,0.0007292601178295452,0.9362135482593563
asthma_v2_pneumonia_P30Pneumonia30W.wav,3,1,4,4,0.022414327134097623,0.005133012917580409,0.0008205241365232744,0.010249202168185511,0.9613829336436134
asthma_v2_pneumonia_P30Pneumonia52T.wav,3,1,4,4,0.035509844844578926,0.006494068333537898,0.0012587056679464143,0.008408540133735824,0.948328841020201
asthma_v2_pneumonia_P30Pneumonia70X.wav,3,1,4,4,0.036034604827431614,0.01566356948775182,0.0015505908755677536,0.022606000071650163,0.924145234737599
asthma_v2_pneumonia_P30Pneumonia85D.wav,3,1,4,4,0.04653708639268416,0.0024327848073822864,0.00134223213766014,0.006219956374127406,0.9434679402881461
asthma_v2_pneumonia_P35Pneumonia16F.wav,3,1,4,4,0.031292501256616034,0.005118385454484793,0.006082271933374766,0.015932468087935685,0.9415743732675886
asthma_v2_pneumonia_P35Pneumonia46U.wav,3,1,4,4,0.05521238662713841,0.0017139760742395642,0.002423307247991259,0.001147345315329684,0.9395029847353014
asthma_v2_pneumonia_P35Pneumonia56D.wav,3,1,4,4,0.020762157610384854,0.004931918098201954,0.00210792252998936,0.09794953063730696,0.8742484711241165
asthma_v2_pneumonia_P35Pneumonia57I.wav,3,1,4,4,0.024325465548401887,0.0013033217438720552,0.0007347989911286179,0.0020569471406374673,0.9715794665759598
asthma_v2_pneumonia_P35Pneumonia75E.wav,3,1,4,4,0.02435546287990011,0.00803757658211982,0.005790601775497567,0.0022669480625539962,0.9595494106999286
asthma_v2_pneumonia_P35Pneumonia99V.wav,3,1,4,4,0.05295794435108625,0.002861076849206087,0.0012709099866392703,0.005266049451319512,0.9376440193617488
asthma_v2_pneumonia_P36Pneumonia56V.wav,3,1,4,0,0.9219302091016064,0.03861252070218262,0.002736502927518551,0.0011745527886137758,0.03554621448007879
asthma_v2_pneumonia_P36Pneumonia57U.wav,3,1,4,0,0.8921712808138093,0.057427107542507586,0.0037052795109197506,0.0014286394771614672,0.04526769265560183
asthma_v2_pneumonia_P36Pneumonia79Z.wav,3,1,4,4,0.039039091545785325,0.004464235991794196,0.0019460489824439044,0.012610073609974485,0.9419405498700021
asthma_v2_pneumonia_P36Pneumonia83N.wav,3,1,4,4,0.021586635932957298,0.0022652544530650785,0.0012362466477982854,0.003332842548332422,0.9715790204178469
asthma_v2_pneumonia_P36Pneumonia85U.wav,3,1,4,4,0.024553020191442586,0.0031906538544312813,0.004315559453237661,0.0012931456746432008,0.9666476208262453
asthma_v2_pneumonia_P36Pneumonia86S.wav,3,1,4,0,0.8850215302990719,0.042335406266467535,0.008746194991770276,0.00928660257384096,0.054610265868849615
asthma_v2_pneumonia_P40Pneumonia18H.wav,3,1,4,0,0.8246860643832881,0.04516431490266545,0.029275389250808026,0.0036972959408707513,0.09717693552236756
asthma_v2_pneumonia_P40Pneumonia32Q.wav,3,1,4,4,0.23171389748723326,0.001973807433140264,0.003320553321576823,0.0007212268409770453,0.7622705149170728
asthma_v2_pneumonia_P40Pneumonia69N.wav,3,1,4,4,0.17219615807583594,0.0026032395771799477,0.00624161664918577,0.005395408473820328,0.813563577223978
asthma_v2_pneumonia_P40Pneumonia90Y.wav,3,1,4,0,0.8521621085060906,0.006938544843352894,0.004947265125010816,0.0039211403213935256,0.13203094120415224
asthma_v2_pneumonia_P40Pneumonia91V.wav,3,1,4,0,0.44746379880971565,0.02453078309320462,0.208517955958185,0.005215264979913426,0.3142721971589816
asthma_v2_pneumonia_P40Pneumonia92J.wav,3,1,4,3,0.1638178066897196,0.0071946915754092285,0.050587622862759245,0.7040880202896476,0.07431185858246442
asthma_v2_pneumonia_P47Pneumonia14M.wav,3,1,4,4,0.10344150203073045,0.02903803350560648,0.011665081327486115,0.032280327897267945,0.8235750552389088
asthma_v2_pneumonia_P47Pneumonia19A.wav,3,1,4,4,0.16803888242623638,0.1596588153736904,0.043404499994937396,0.03652746211135441,0.5923703400937816
asthma_v2_pneumonia_P47Pneumonia24N.wav,3,1,4,4,0.060327422967326974,0.00376156238479548,0.10696426114592986,0.006150556700802711,0.822796196801145
asthma_v2_pneumonia_P47Pneumonia69D.wav,3,1,4,4,0.1226317744562031,0.010334810886021327,0.378088269128643,0.0184733656015164,0.4704717799276162
asthma_v2_pneumonia_P47Pneumonia74Q.wav,3,1,4,4,0.06993509151141031,0.0051807227212955125,0.19598888780256488,0.010057272424440204,0.7188380255402891
asthma_v2_pneumonia_P47Pneumonia98K.wav,3,1,4,4,0.0710087088173818,0.03570506848340758,0.00989679831465214,0.040791897459528374,0.8425975269250303
asthma_v2_Bronchial_P12BronchialSc_56.wav,3,2,1,0,0.9445095254478865,0.008636724908341699,0.0038670329119293934,0.0013164635014431465,0.04167025323039932
asthma_v2_Bronchial_P12BronchialSc_58.wav,3,2,1,0,0.95197833475252,0.005734279533762082,0.018821481113885496,0.007898801743812066,0.015567102856020342
asthma_v2_Bronchial_P12BronchialSc_60.wav,3,2,1,3,0.29287375821926825,0.011169953689162251,0.007476598912989928,0.5962874140940738,0.092192275084506
asthma_v2_Bronchial_P12BronchialTc_57.wav,3,2,1,0,0.9514055781984654,0.011681939124823517,0.003766049580823486,0.0006487441635042688,0.03249768893238308
asthma_v2_Bronchial_P12BronchialTc_59.wav,3,2,1,0,0.9166051686730324,0.026385802030263122,0.00980148933516829,0.0021535290600986517,0.045054010901437735
asthma_v2_Bronchial_P3BronchialSc_12.wav,3,2,1,1,0.0115275779596476,0.9485418875349746,0.02819375372361955,0.009090447865671838,0.002646332916086323
asthma_v2_Bronchial_P3BronchialSc_14.wav,3,2,1,1,0.004893489546358853,0.8557011171771538,0.08908111175833835,0.04713574750980058,0.003188534008348338
asthma_v2_Bronchial_P3BronchialTc_11.wav,3,2,1,1,0.013585456249085208,0.9345041227008519,0.03961006563782824,0.009078407671859393,0.0032219477403750735
asthma_v2_Bronchial_P3BronchialTc_13.wav,3,2,1,1,0.005645178036941518,0.9475931604066196,0.031015582630585237,0.013945008447909461,0.0018010704779443372
asthma_v2_Bronchial_P3BronchialTc_15.wav,3,2,1,1,0.005272026410157593,0.8711846883339897,0.05460760494089699,0.06610244177396414,0.002833238540991922
asthma_v2_Bronchial_P7BronchialSc_32.wav,3,2,1,1,0.005127428578666203,0.9252042352519404,0.04058534932210619,0.02735818916660767,0.001724797680679734
asthma_v2_Bronchial_P7BronchialSc_34.wav,3,2,1,1,0.0036369778378833196,0.90549208781249,0.037987734779645434,0.05105097399846658,0.0018322255715151371
asthma_v2_Bronchial_P7BronchialTc_31.wav,3,2,1,1,0.0014281681792125023,0.9833004881731847,0.009827100033634179,0.004860555490825158,0.0005836881231431816
asthma_v2_Bronchial_P7BronchialTc_33.wav,3,2,1,1,0.0021498202505360374,0.9434120178457386,0.038611490904526945,0.015231764792705535,0.0005949062064927083
asthma_v2_Bronchial_P7BronchialTc_35.wav,3,2,1,1,0.001965933679517447,0.9738230597240274,0.01865901746909569,0.004349724390464806,0.0012022647368948127
asthma_v2_Bronchial_P8BronchialSc_36.wav,3,2,1,1,0.009266804436825895,0.8799701202690597,0.07522298416553007,0.028849325950835142,0.006690765177749112
asthma_v2_Bronchial_P8BronchialSc_38.wav,3,2,1,1,0.001076756892437539,0.9801983790144143,0.015647011427315078,0.002368964382765059,0.000708888283068121
asthma_v2_Bronchial_P8BronchialSc_40.wav,3,2,1,1,0.0012057497541035766,0.9711484774314714,0.014956224070895936,0.012210550696779924,0.0004789980467490156
asthma_v2_Bronchial_P8BronchialTc_37.wav,3,2,1,1,0.023571315276813682,0.8375775670786868,0.09064609323275964,0.03055638566510757,0.01764863874663264
asthma_v2_Bronchial_P8BronchialTc_39.wav,3,2,1,1,0.0027079259735197166,0.9561283270272714,0.03012525972556758,0.01042177544757032,0.0006167118260709613
asthma_v2_asthma_P17WheezingIE_81.wav,3,2,0,0,0.8812708991014322,0.009039894479804416,0.01697498514472227,0.002678788444080881,0.09003543282996036
asthma_v2_asthma_P17WheezingIE_85.wav,3,2,0,4,0.45702547262518106,0.0032090716183655536,0.03598913976181231,0.00045491859441931944,0.5033213974002219
asthma_v2_asthma_P17WheezingIU_82.wav,3,2,0,0,0.883485489093597,0.009122900688177654,0.01685018519901112,0.002908963796018261,0.087632461223196
asthma_v2_asthma_P17WheezingRL_83.wav,3,2,0,0,0.9256911946042475,0.011216229806131383,0.008764471205886464,0.001064012507388743,0.05326409187634582
asthma_v2_asthma_P17WheezingRS_84.wav,3,2,0,0,0.9290547923215748,0.0044238635205510425,0.0063992309743532904,0.0017202769946060318,0.058401836188914924
asthma_v2_asthma_P20WheezingIE_97.wav,3,2,0,0,0.4692305024209193,0.08473673073599965,0.14478117232917062,0.03353198826125783,0.26771960625265306
asthma_v2_asthma_P20WheezingIU_98.wav,3,2,0,0,0.7937143756190606,0.022848600211868023,0.018746843404267015,0.09943119157698742,0.0652589891878169
asthma_v2_asthma_P20WheezingRL_99.wav,3,2,0,0,0.8639818919197061,0.02971334022306348,0.002806397087496487,0.041366033813514405,0.06213233695621968
asthma_v2_asthma_P20WheezingRS_100.wav,3,2,0,3,0.49801111199758497,0.04198536275192491,0.005222832284620441,0.25491259301197283,0.19986809995389684
asthma_v2_asthma_P20WheezingRS_96.wav,3,2,0,0,0.9159688498760181,0.025402731366567274,0.0020142216157319794,0.0011730980756438352,0.05544109906603881
asthma_v2_asthma_P23WheezingIE_113.wav,3,2,0,0,0.9005861553800687,0.004696923444923818,0.003910251699397926,6.221516109877088e-05,0.09074445431451097
asthma_v2_asthma_P23WheezingIU_114.wav,3,2,0,0,0.9132208784277319,0.014158381146030581,0.0168841486408616,6.905977648069123e-05,0.05566753200889481
asthma_v2_asthma_P23WheezingRL_111.wav,3,2,0,0,0.9596903486378815,0.01223412991315889,0.00244235631411383,0.0001287366560539805,0.02550442847879173
asthma_v2_asthma_P23WheezingRL_115.wav,3,2,0,0,0.68389247914046,0.11834115885801916,0.12591903138420413,0.01014821732138724,0.061699113295929635
asthma_v2_asthma_P23WheezingRS_112.wav,3,2,0,0,0.9543320573296128,0.010355494629836254,0.001699114322751806,9.714928445224804e-05,0.033516184433347196
asthma_v2_asthma_P24WheezingIE_117.wav,3,2,0,0,0.7663666122841015,0.001955894800124047,0.10162143630437946,0.0003636409151187439,0.12969241569627643
asthma_v2_asthma_P24WheezingIU_118.wav,3,2,0,0,0.705422598304995,0.006072236292758978,0.02156176140485546,0.004930056579710425,0.26201334741768006
asthma_v2_asthma_P24WheezingRL_119.wav,3,2,0,0,0.8563473131392638,0.003097834743029962,0.001980433489572584,6.750428415531028e-05,0.13850691434397847
asthma_v2_asthma_P24WheezingRS_116.wav,3,2,0,0,0.8790898260693149,0.010591664589422336,0.016200774066584312,0.0015142352988220204,0.0926034999758564
asthma_v2_asthma_P24WheezingRS_120.wav,3,2,0,0,0.6262433623919398,0.024032669035161536,0.22988721593921352,0.008441544452550721,0.11139520818113455
asthma_v2_asthma_P29WheezingIE_141.wav,3,2,0,0,0.8002022774305274,0.005078766022355352,0.0032805279065932108,0.0008357925848334472,0.19060263605569053
asthma_v2_asthma_P29WheezingIE_145.wav,3,2,0,0,0.6415585091189392,0.0027095136978176598,0.024612980988039504,6.0627704335415154e-05,0.3310583684908683
asthma_v2_asthma_P29WheezingIU_142.wav,3,2,0,0,0.3767038707937133,0.46517990046765856,0.08799877244324725,0.024100910384478376,0.0460165459109024
asthma_v2_asthma_P29WheezingRL_143.wav,3,2,0,0,0.5281146461580726,0.007582092252772217,0.08457241376189782,0.0003756437417272005,0.37935520408553036
asthma_v2_asthma_P29WheezingRS_144.wav,3,2,0,4,0.28683812630885047,0.0010061591485588759,0.010986169202082369,3.0289860116529216e-05,0.7011392554803919
asthma_v2_asthma_P34WheezingIE_169.wav,3,2,0,0,0.9430191049517411,0.0009782080437774389,0.0009423302935159985,0.00282994956400159,0.0522304071469636
asthma_v2_asthma_P34WheezingIU_166.wav,3,2,0,0,0.7430873377180861,0.0228304451709931,0.0070305808494893545,0.00010111181175300747,0.2269505244496784
asthma_v2_asthma_P34WheezingIU_170.wav,3,2,0,0,0.8936020443720448,0.025329678993308253,0.006798222416813798,0.0018092266141938667,0.07246082760363932
asthma_v2_asthma_P34WheezingRL_167.wav,3,2,0,0,0.9715109735594345,0.0037799958980158,0.0008357800824953987,0.0003982086347395416,0.023475041825314777
asthma_v2_asthma_P34WheezingRS_168.wav,3,2,0,0,0.929424479680357,0.002904878785735485,0.0019235897047443292,0.0028859073331699552,0.06286114449599343
asthma_v2_asthma_P3AsthmaIE_13.wav,3,2,0,0,0.940705458249157,0.000896777900079641,0.011871364393232924,0.0037047142023696237,0.04282168525516066
asthma_v2_asthma_P3AsthmaIU_14.wav,3,2,0,0,0.9343665031182486,0.0031929233991323464,0.003898038618793256,0.0014248196162515577,0.05711771524757413
asthma_v2_asthma_P3AsthmaRL_11.wav,3,2,0,0,0.7635701894653482,0.0028072738173025606,0.06765329511649919,0.007111152096551729,0.15885808950429833
asthma_v2_asthma_P3AsthmaRL_15.wav,3,2,0,0,0.9256383761401947,0.0020893045831322917,0.020853196302618286,0.0029075660797968136,0.048511556894257866
asthma_v2_asthma_P3AsthmaRS_12.wav,3,2,0,0,0.8041018297847871,0.0023826057378704265,0.08584012613523252,0.007305525681616402,0.10036991266049364
asthma_v2_asthma_P42WheezingIE_209.wav,3,2,0,0,0.6994792057528977,0.004671201434569896,0.26841054066616904,0.0010710585438002554,0.026367993602563238
asthma_v2_asthma_P42WheezingIU_206.wav,3,2,0,2,0.12579987115360686,0.0011030544203871132,0.8649882457155194,0.0021241924469910245,0.005984636263495756
asthma_v2_asthma_P42WheezingIU_210.wav,3,2,0,0,0.634611563762701,0.003980291544792281,0.3460155257266102,0.0024449728768282035,0.0129476460890687
asthma_v2_asthma_P42WheezingRL_207.wav,3,2,0,0,0.3815519891068412,0.005707239150159222,0.5857586924993362,0.0012922867946580051,0.02568979244900537
asthma_v2_asthma_P42WheezingRS_208.wav,3,2,0,0,0.8965832472455401,0.0018421015940566885,0.0689213974703322,0.0010418247968597425,0.03161142889321172
asthma_v2_asthma_P50WheezingIE_249.wav,3,2,0,0,0.8948421759646598,0.0018042240775620149,0.00930743561540437,0.0006731232286888653,0.09337304111368508
asthma_v2_asthma_P50WheezingIU_246.wav,3,2,0,0,0.7989964160374289,0.0008647433204380705,0.013196090379497392,0.03759853440204875,0.14934421586058724
asthma_v2_asthma_P50WheezingIU_250.wav,3,2,0,0,0.8612588870887591,0.002247136910828305,0.019065804479776207,0.0022692241414753096,0.11515894737916114
asthma_v2_asthma_P50WheezingRL_247.wav,3,2,0,0,0.9286015602332183,0.006265829876366519,0.013351341205292366,0.006071487840748869,0.04570978084437402
asthma_v2_asthma_P50WheezingRS_248.wav,3,2,0,0,0.8107541619330291,0.049569380219216426,0.011623394767645193,0.0012489942524617488,0.12680406882764733
asthma_v2_asthma_P51WheezingIE_253.wav,3,2,0,0,0.8189700923206245,0.003346425315212076,0.12446036876193994,0.002869610575295149,0.0503535030269283
asthma_v2_asthma_P51WheezingIU_254.wav,3,2,0,0,0.8768425520461375,0.06751053002070435,0.026508281716630465,0.0005242573271465694,0.02861437888938159
asthma_v2_asthma_P51WheezingRL_251.wav,3,2,0,0,0.7800348300760257,0.010862704008464605,0.12606307212901763,0.003598313603808096,0.07944108018268363
asthma_v2_asthma_P51WheezingRL_255.wav,3,2,0,0,0.9058390983840074,0.015500112512249663,0.025406300916207675,0.0005415768725740888,0.05271291131496117
asthma_v2_asthma_P51WheezingRS_252.wav,3,2,0,0,0.7653304076857812,0.005735545817263188,0.19370972542297035,0.0013167703531529458,0.033907550720832215
asthma_v2_asthma_P7AsthmaIE_33.wav,3,2,0,0,0.9219702651138834,0.02319607457042344,0.01466870397967228,0.002264444270755608,0.037900512065265325
asthma_v2_asthma_P7AsthmaIU_34.wav,3,2,0,0,0.9379715922135355,0.014745995053529417,0.009991851071893302,0.001971260274811368,0.03531930138623028
asthma_v2_asthma_P7AsthmaRL_31.wav,3,2,0,0,0.8770445650334969,0.0011454924611717578,0.013112330624284697,0.005609788167680633,0.10308782371336599
asthma_v2_asthma_P7AsthmaRL_35.wav,3,2,0,0,0.9220562200430015,0.004169985273917369,0.004528517770633666,0.002185473113592213,0.06705980379885554
asthma_v2_asthma_P7AsthmaRS_32.wav,3,2,0,4,0.22826544299553025,0.0010602171197517834,0.006127825546934785,0.014427358084633158,0.7501191562531501
asthma_v2_asthma_P8AsthmaIE_37.wav,3,2,0,0,0.8985700818127724,0.01847633225863336,0.015263016324337464,0.0045686273838057845,0.06312194222045082
asthma_v2_asthma_P8AsthmaIU_38.wav,3,2,0,0,0.9240821473782652,0.0028292314031344553,0.01471059072072454,0.011357600804868728,0.04702042969300727
asthma_v2_asthma_P8AsthmaRL_39.wav,3,2,0,0,0.8939014980392417,0.014944756843265492,0.03164791493120736,0.005032516929279799,0.05447331325700598
asthma_v2_asthma_P8AsthmaRS_36.wav,3,2,0,0,0.9385865779228265,0.009444637384243022,0.004183341693095643,0.001381193445667442,0.04640424955416772
asthma_v2_asthma_P8AsthmaRS_40.wav,3,2,0,0,0.6017250451340633,0.04942263306035404,0.10142566459039483,0.007512648036213934,0.23991400917897363
asthma_v2_copd_P14COPDMc_106.wav,3,2,2,2,0.005231725001941641,0.010467435802231112,0.953700916872376,0.0022634817836156714,0.028336440539835427
asthma_v2_copd_P14COPDMc_108.wav,3,2,2,2,0.021009369425569857,0.002656442420997244,0.9737848096252951,0.0006134857640990136,0.0019358927640389391
asthma_v2_copd_P14COPDMc_110.wav,3,2,2,2,0.047373450307611885,0.008411575713727004,0.8394106959312445,0.0009219244648424581,0.10388235358257406
asthma_v2_copd_P14COPDMc_112.wav,3,2,2,0,0.3892086927540037,0.008194394564785752,0.5954232776982965,0.0018569203566115354,0.005316714626302388
asthma_v2_copd_P14COPDPr_105.wav,3,2,2,2,0.000941765586831403,0.00363801892616142,0.9933032820592095,0.0001367215622180799,0.0019802118655799627
asthma_v2_copd_P14COPDPr_107.wav,3,2,2,2,0.22179124325126032,0.00827522586061538,0.7455123064034471,0.00021897403887057097,0.024202250445806893
asthma_v2_copd_P14COPDPr_109.wav,3,2,2,2,0.02093326677644681,0.009177055214976158,0.9484195893465007,0.00045970269655328286,0.021010385965522856
asthma_v2_copd_P14COPDPr_111.wav,3,2,2,4,0.3251585352705873,0.012155447854487864,0.3112620479631961,0.0010948993118873032,0.35032906959984117
asthma_v2_copd_P23COPDMc_178.wav,3,2,2,2,0.034091392471342276,0.021517484801759985,0.9221940123833035,0.00889566772626142,0.01330144261733298
asthma_v2_copd_P23COPDMc_180.wav,3,2,2,2,0.0021107016507447072,0.0004413928975198817,0.9937498586997795,0.0015330349204263373,0.002165011831529552
asthma_v2_copd_P23COPDMc_182.wav,3,2,2,2,0.00491959330271468,0.006069329074388673,0.9688553551212679,0.01094392386244733,0.009211798639181043
asthma_v2_copd_P23COPDMc_184.wav,3,2,2,2,0.002151428179188751,0.0051654672403204155,0.9650074652091661,0.019879438136854635,0.00779620123447049
asthma_v2_copd_P23COPDPr_177.wav,3,2,2,2,0.016209726409123607,0.010814532389123574,0.9441399028275305,0.009511249415712613,0.019324588958509744
asthma_v2_copd_P23COPDPr_179.wav,3,2,2,2,7.927629970567977e-07,7.167613226069394e-07,0.9998940708010803,4.1556022322625634e-05,6.286365227743483e-05
asthma_v2_copd_P23COPDPr_181.wav,3,2,2,2,0.0014387524199768985,0.00037199675377432126,0.995166257813905,0.0009422566849900699,0.002080736327353651
asthma_v2_copd_P23COPDPr_183.wav,3,2,2,2,0.004089580820605147,0.006384520789249182,0.9482294080276812,0.025806733881008643,0.015489756481455483
asthma_v2_copd_P26COPDMc_202.wav,3,2,2,2,3.473397421416582e-07,3.9327561911791787e-07,0.999604435226743,5.412170409260146e-05,0.000340702453803325
asthma_v2_copd_P26COPDMc_204.wav,3,2,2,2,0.0007747453162670904,0.00014986949243455777,0.9979529620753851,0.00022113699443637283,0.0009012861214770949
asthma_v2_copd_P26COPDMc_206.wav,3,2,2,2,0.007031726849186782,0.014522970395908705,0.9745638296033167,0.0011047167303243088,0.0027767564212635124
asthma_v2_copd_P26COPDMc_208.wav,3,2,2,2,0.007616439900959308,0.011244224687730653,0.9762496711639355,0.0011368152015523594,0.003752849045821971
asthma_v2_copd_P26COPDPr_201.wav,3,2,2,2,3.543527273408917e-07,4.290101321656471e-07,0.9997682288157117,3.8491939475723434e-05,0.00019249588195302317
asthma_v2_copd_P26COPDPr_203.wav,3,2,2,2,3.116724469293707e-07,2.1570374228750956e-07,0.9999411275676615,1.831619238097508e-05,4.002886376831372e-05
asthma_v2_copd_P26COPDPr_205.wav,3,2,2,2,0.0006994733777910932,0.0003064589314791803,0.9979588416497255,0.00014814761437750387,0.000887078426626416
asthma_v2_copd_P26COPDPr_207.wav,3,2,2,2,0.0053472418520717855,0.008166544828993805,0.9814858227232021,0.0004711865625666798,0.004529204033165712
asthma_v2_copd_P27COPDMc_210.wav,3,2,2,2,0.0037547901726139887,0.0013559163829591752,0.9934162566316572,0.0005925588213825587,0.0008804779913873503
asthma_v2_copd_P27COPDMc_212.wav,3,2,2,2,6.635558083786093e-08,7.721236200072921e-08,0.9999745884090553,4.116244131543031e-06,2.1151778870136868e-05
asthma_v2_copd_P27COPDMc_214.wav,3,2,2,2,0.0002782220613543494,0.0005606383185378515,0.998621775226906,8.6537677505816e-05,0.000452826715695842
asthma_v2_copd_P27COPDMc_216.wav,3,2,2,2,0.0006593713080712305,0.00036773636070226755,0.9967990976269799,0.001039164226878628,0.0011346304773681114
asthma_v2_copd_P27COPDPr_209.wav,3,2,2,2,5.503693953336988e-07,6.117254956402816e-07,0.9999801744379366,1.1579901186304328e-05,7.083565986049312e-06
asthma_v2_copd_P27COPDPr_211.wav,3,2,2,2,0.003925827682255231,0.0012704749055736646,0.9933188368726483,0.0005175254656290233,0.0009673350738937062
asthma_v2_copd_P27COPDPr_213.wav,3,2,2,2,0.0007100786160724298,0.0009333949402615706,0.9966837911053021,0.000176669632222361,0.0014960657061413173
asthma_v2_copd_P27COPDPr_215.wav,3,2,2,2,1.7732663677961687e-07,1.9820377389136429e-07,0.9997880790474868,0.0001590013531558211,5.254406894686886e-05
asthma_v2_copd_P29COPDMc_226.wav,3,2,2,2,1.5840104778625866e-06,1.5754231816576253e-06,0.9998217671206038,2.628317812028583e-05,0.0001487902676164929
asthma_v2_copd_P29COPDMc_228.wav,3,2,2,2,9.75161287881336e-08,1.336839543285239e-07,0.9998735749897008,3.240224708438407e-05,9.379156313169417e-05
asthma_v2_copd_P29COPDMc_230.wav,3,2,2,2,6.275430996439369e-08,5.0463686827293434e-08,0.9999682138173346,6.676897731943218e-06,2.4996066936775447e-05
asthma_v2_copd_P29COPDMc_232.wav,3,2,2,2,8.170384578708544e-08,6.565328270261966e-08,0.9998512092264747,2.198282386982172e-05,0.00012666059252680267
asthma_v2_copd_P29COPDPr_225.wav,3,2,2,2,0.0010859913943656212,0.0006489403091956454,0.9973845952407915,0.0002308856387167219,0.0006495874169303095
asthma_v2_copd_P29COPDPr_227.wav,3,2,2,2,6.584602920920375e-08,8.248922537632317e-08,0.9999789089686386,1.024757439403214e-05,1.0695121712824032e-05
asthma_v2_copd_P29COPDPr_229.wav,3,2,2,2,8.756045152175908e-08,1.2603849940135935e-07,0.9999695482614454,1.395829017022227e-05,1.627984943348697e-05
asthma_v2_copd_P29COPDPr_231.wav,3,2,2,2,3.901178192146929e-08,3.2255594505120995e-08,0.9999360262048045,9.845870444937134e-06,5.40566573741655e-05
asthma_v2_copd_P34COPDMc_266.wav,3,2,2,2,0.009676391081869446,0.2516170893024193,0.7362919624414889,0.0005333490136647161,0.0018812081605574262
asthma_v2_copd_P34COPDMc_268.wav,3,2,2,1,0.01232233615435366,0.5415151358633965,0.44226976198436635,0.0012654379116342795,0.002627328086249188
asthma_v2_copd_P34COPDMc_270.wav,3,2,2,2,0.003758003867204461,0.11484817224735275,0.8797816706751671,0.00034507867050211685,0.0012670745397733217
asthma_v2_copd_P34COPDMc_272.wav,3,2,2,2,0.002666376081388959,0.2427479351726884,0.7531826930755617,0.00010298723108545941,0.001300008439275525
asthma_v2_copd_P34COPDPr_265.wav,3,2,2,1,0.0038120926968378157,0.3093588743532972,0.6854739201217414,0.00025432139398509553,0.001100791434138318
asthma_v2_copd_P34COPDPr_267.wav,3,2,2,1,0.022399672646386228,0.5268016636558326,0.4438587612894629,0.002566569062071156,0.004373333346246995
asthma_v2_copd_P34COPDPr_269.wav,3,2,2,1,0.011239871713699815,0.4150883643028868,0.5670914586435378,0.002701295936493725,0.003879009403381745
asthma_v2_copd_P34COPDPr_271.wav,3,2,2,2,0.004851335339865426,0.13625851126274707,0.8553983598837489,0.00033570321824155305,0.0031560902953970426
asthma_v2_copd_P38COPDMc_298.wav,3,2,2,2,0.13584715068347025,0.005614484371127339,0.8306480735500241,0.0003493644028829505,0.027540926992495305
asthma_v2_copd_P38COPDMc_300.wav,3,2,2,2,0.01094232902383225,0.0015830479581194587,0.9846169738077537,0.0002452539148460728,0.002612395295448485
asthma_v2_copd_P38COPDMc_302.wav,3,2,2,2,0.05267391671071694,0.004467322890634921,0.9325554290597216,0.0012405751713991332,0.009062756167527452
asthma_v2_copd_P38COPDMc_304.wav,3,2,2,2,0.03996927778381092,0.0006782344912937087,0.7822321747449027,0.011352589779352953,0.16576772320063954
asthma_v2_copd_P38COPDPr_297.wav,3,2,2,2,0.008176298662684336,0.0008570745219657053,0.9880687974277498,4.897816983582701e-05,0.0028488512177646565
asthma_v2_copd_P38COPDPr_299.wav,3,2,2,2,0.07793618809073619,0.004412722201649235,0.8953045436184754,0.0005872177545160938,0.021759328334622824
asthma_v2_copd_P38COPDPr_301.wav,3,2,2,2,0.04264245366733407,0.00755151000445881,0.9393845205889533,0.0006820567183870649,0.009739459020866686
asthma_v2_copd_P38COPDPr_303.wav,3,2,2,2,0.0423465058318059,0.0020210422461059644,0.9418105711818899,0.0016009181111513,0.012220962629046983
asthma_v2_copd_P4COPDMc_26.wav,3,2,2,2,0.0015055569614257716,0.0013995928302626536,0.9920422007993697,0.0035017714152950023,0.0015508779936467942
asthma_v2_copd_P4COPDMc_28.wav,3,2,2,2,0.0005453550301255791,0.0008342491559539772,0.997168050983596,0.00021841209000909628,0.001233932740315738
asthma_v2_copd_P4COPDMc_30.wav,3,2,2,2,0.011487424370977805,0.0022888990109417285,0.9810900608098492,0.0013408486401476165,0.0037927671680837898
asthma_v2_copd_P4COPDMc_32.wav,3,2,2,2,0.032643669374330844,0.001540376488142364,0.9436345207136305,0.008969598393803785,0.01321183503009225
asthma_v2_copd_P4COPDPr_25.wav,3,2,2,2,0.00045340478357468905,0.0007910296543935086,0.9980108057512869,0.0004455033880252769,0.00029925642271955307
asthma_v2_copd_P4COPDPr_27.wav,3,2,2,2,7.741510760152708e-07,5.709175462713235e-07,0.9992321819863327,1.3769625893354937e-05,0.0007527033191516908
asthma_v2_copd_P4COPDPr_29.wav,3,2,2,2,0.0010662719109352078,0.0015963267145499291,0.9959136796152307,0.00027511656608201546,0.001148605193201997
asthma_v2_copd_P4COPDPr_31.wav,3,2,2,2,0.006623955720307821,0.0024757999026742924,0.9871136386217685,0.001016591896527051,0.002770013858722506
asthma_v2_copd_P50COPDMc_394.wav,3,2,2,2,0.0005201967039627633,0.001264828608065577,0.9976604716712506,0.000264163831843442,0.00029033918487741337
asthma_v2_copd_P50COPDMc_396.wav,3,2,2,2,0.008026053552182966,0.004891806170341528,0.9849487905830302,0.0007172318420645661,0.001416117852380898
asthma_v2_copd_P50COPDMc_398.wav,3,2,2,2,0.00042748621693272263,0.0010154694904669047,0.9980790440028042,0.0002033855850935557,0.0002746147047027825
asthma_v2_copd_P50COPDMc_400.wav,3,2,2,2,0.00025577597315957866,0.0009237913379057931,0.9984250619941182,0.0001457030138315344,0.00024966768098504057
asthma_v2_copd_P50COPDPr_393.wav,3,2,2,2,0.0005826586773459381,0.0015242379216556677,0.9973226486892649,0.00026744285437435165,0.00030301185735906596
asthma_v2_copd_P50COPDPr_395.wav,3,2,2,2,0.0012383722424940881,0.0007249574080337174,0.9967093460565551,0.0006255740194514631,0.0007017502734658209
asthma_v2_copd_P50COPDPr_397.wav,3,2,2,2,0.002584496326924565,0.00022112530411620758,0.99572747222485,0.0006644546328406399,0.0008024515112681926
asthma_v2_copd_P50COPDPr_399.wav,3,2,2,2,0.0015916015482090723,0.0007063454105202264,0.9968697755932567,0.0003015311967639391,0.0005307462512497583
asthma_v2_copd_P9COPDMc_66.wav,3,2,2,2,0.0016207142790884315,7.643812321225813e-05,0.9972868274557836,8.489580255165185e-05,0.0009311243393642117
asthma_v2_copd_P9COPDMc_68.wav,3,2,2,2,0.0004970580487614531,8.894587333253244e-05,0.9987427371082777,8.613884144271297e-05,0.0005851201281854271
asthma_v2_copd_P9COPDMc_70.wav,3,2,2,2,3.3998430526115604e-07,2.4830028500147346e-07,0.9999185225646742,1.946534553233607e-06,7.894261618208465e-05
asthma_v2_copd_P9COPDMc_72.wav,3,2,2,2,0.0011185286276219474,9.549024171046675e-05,0.9981821827362778,0.00015124714166352956,0.00045255125272601507
asthma_v2_copd_P9COPDPr_65.wav,3,2,2,2,0.0005927860900794541,5.2400750469995575e-05,0.9986663990634567,7.233131245356234e-05,0.0006160827835405793
asthma_v2_copd_P9COPDPr_67.wav,3,2,2,2,0.005261121763780849,0.0008342111382741173,0.9882771779523258,0.00020305164642801102,0.00542443749919127
asthma_v2_copd_P9COPDPr_69.wav,3,2,2,2,0.0008468713324344401,9.89076004008321e-05,0.9983431249528983,0.00011625125493710851,0.0005948448593293092
asthma_v2_copd_P9COPDPr_71.wav,3,2,2,2,7.635367515952857e-07,5.679872560126539e-07,0.9998749180003424,2.2143011223339836e-06,0.00012153617452750582
asthma_v2_healthy_P15Healthy14S.wav,3,2,3,3,0.02636540652996954,0.0802401476565109,0.03319731120528189,0.7864620627758908,0.07373507183234686
asthma_v2_healthy_P15Healthy55S.wav,3,2,3,3,0.09392902663904772,0.1333639535251116,0.29638312841258,0.4233137600097915,0.053010131413469025
asthma_v2_healthy_P15Healthy61S.wav,3,2,3,4,0.061768211384155766,0.004819102883827767,0.0028164747040503027,0.13012758274101294,0.800468628286953
asthma_v2_healthy_P15Healthy65S.wav,3,2,3,3,0.022022957459298328,0.02603633275431326,0.08993095129280117,0.8212207889977107,0.04078896949587649
asthma_v2_healthy_P15Healthy93S.wav,3,2,3,3,0.04498630781342994,0.025397690314917922,0.05130871425721573,0.8512320735281412,0.02707521408629505
asthma_v2_healthy_P16Healthy18S.wav,3,2,3,4,0.061768211384155766,0.004819102883827767,0.0028164747040503027,0.13012758274101294,0.800468628286953
asthma_v2_healthy_P16Healthy19S.wav,3,2,3,4,0.059019414927611126,0.0026780458665441316,0.0016888149306644072,0.20297875945288546,0.733634964822295
asthma_v2_healthy_P16Healthy26S.wav,3,2,3,3,0.05634596092767187,0.005225419197260779,0.0017541034660039528,0.26111950098841413,0.6755550154206497
asthma_v2_healthy_P16Healthy38S.wav,3,2,3,4,0.059019414927611126,0.0026780458665441316,0.0016888149306644072,0.20297875945288546,0.733634964822295
asthma_v2_healthy_P16Healthy41S.wav,3,2,3,3,0.05634596092767187,0.005225419197260779,0.0017541034660039528,0.26111950098841413,0.6755550154206497
asthma_v2_healthy_P19Healthy47S.wav,3,2,3,3,0.16396798795653572,0.2930157111474144,0.08428798390968593,0.3093859715010822,0.14934234548528116
asthma_v2_healthy_P19Healthy50S.wav,3,2,3,3,0.00915368126841896,0.0026434193702457153,0.0004173775616594635,0.9672791901456581,0.020506331654017967
asthma_v2_healthy_P19Healthy55S.wav,3,2,3,3,0.0015341763939689475,0.0010713120512962477,0.0003734349650022884,0.9802908842872808,0.01673019230245178
asthma_v2_healthy_P19Healthy62S.wav,3,2,3,3,0.0007935380070895157,0.00021935180176583112,0.00015685404654240684,0.9944211776113876,0.004409078533214654
asthma_v2_healthy_P19Healthy79S.wav,3,2,3,3,0.0037701895430509213,0.00023194256969718177,0.000673141522707225,0.9640494041820133,0.031275322182531616
asthma_v2_healthy_P20Healthy25S.wav,3,2,3,3,0.00920657733232521,0.0028094287616579343,0.0010400859698377577,0.775954552112762,0.21098935582341716
asthma_v2_healthy_P20Healthy31S.wav,3,2,3,3,0.002916630330167333,0.0003923785914149568,0.0005626724573273391,0.9476257108506313,0.048502607770459
asthma_v2_healthy_P20Healthy59S.wav,3,2,3,3,0.002633712909456388,0.003918122486852553,0.0015278636140231977,0.9088722659392822,0.0830480350503859
asthma_v2_healthy_P20Healthy70S.wav,3,2,3,3,0.004005244373731511,0.002496131817345525,0.0003769291896552765,0.9084442120404438,0.0846774825788237
asthma_v2_healthy_P20Healthy84S.wav,3,2,3,1,0.30847097975852655,0.5006124207159105,0.017537296774770787,0.08015137459371478,0.09322792815707742
asthma_v2_healthy_P27Healthy30S.wav,3,2,3,3,0.001604653565627284,0.0025210077443349917,0.0005979446092104196,0.9870105508511009,0.00826584322972628
asthma_v2_healthy_P27Healthy73S.wav,3,2,3,3,0.001667197985453015,0.0031904331809097073,0.0005776099179674674,0.9823086219722211,0.012256136943448535
asthma_v2_healthy_P27Healthy92S.wav,3,2,3,3,0.0024782386329242232,0.002847868057316621,0.0005002338363493061,0.967559843537828,0.02661381593558163
asthma_v2_healthy_P7Healthy38S.wav,3,2,3,3,0.006020443068115003,0.004632002479128708,0.011314368496285268,0.9602871952724398,0.017745990684031133
asthma_v2_healthy_P7Healthy39S.wav,3,2,3,3,0.01572975701890356,0.02924764415060439,0.04162882259285375,0.8972749547675205,0.016118821470117794
asthma_v2_healthy_P7Healthy84S.wav,3,2,3,3,0.11609630865780692,0.0016018308391310538,0.08554961864793723,0.2355480558874118,0.561204185967713
asthma_v2_healthy_P7Healthy85S.wav,3,2,3,4,0.2038704565238338,0.002333589482930195,0.07679875977627085,0.17977851674432196,0.5372186774726428
asthma_v2_healthy_P7Healthy94S.wav,3,2,3,3,0.04462469845443916,0.035245009193143884,0.09883792600884063,0.7786143348336508,0.04267803150992599
asthma_v2_pneumonia_P12Pneumonia23P.wav,3,2,4,4,0.028863384732441044,0.02247772531270949,0.03386347146131707,0.01485519373987102,0.8999402247536614
asthma_v2_pneumonia_P12Pneumonia44H.wav,3,2,4,4,0.11139591531389145,0.010051533260748447,0.04951019069938416,0.007203290168295046,0.821839070557681
asthma_v2_pneumonia_P12Pneumonia45B.wav,3,2,4,4,0.12379904050967327,0.03822293025897116,0.08535033376639267,0.007199407349384611,0.7454282881155782
asthma_v2_pneumonia_P12Pneumonia46L.wav,3,2,4,0,0.536753690610082,0.031056571464417718,0.0050449459821918135,0.003651463747159959,0.4234933281961484
asthma_v2_pneumonia_P12Pneumonia59Q.wav,3,2,4,4,0.09924864828876293,0.050994145902876174,0.08265796665356324,0.0011334510251687743,0.7659657881296287
asthma_v2_pneumonia_P12Pneumonia97E.wav,3,2,4,4,0.08534723491211547,0.05034208707662563,0.0794091081277707,0.05354318617935498,0.7313583837041331
asthma_v2_pneumonia_P16Pneumonia18Z.wav,3,2,4,3,0.243836952281047,0.0026733248263203467,0.0048217717002007185,0.595368994738175,0.15329895645425698
asthma_v2_pneumonia_P16Pneumonia42Q.wav,3,2,4,3,0.27835395730183254,0.0021566912826498077,0.008042631483774501,0.6052340216927874,0.10621269823895578
asthma_v2_pneumonia_P16Pneumonia56J.wav,3,2,4,3,0.23597641276599118,0.0013838995991300091,0.004896703215706245,0.6492629280770333,0.10848005634213924
asthma_v2_pneumonia_P16Pneumonia66X.wav,3,2,4,3,0.3798286958784898,0.0026068410098149617,0.003890526185450365,0.28999390164288197,0.3236800352833627
asthma_v2_pneumonia_P16Pneumonia78M.wav,3,2,4,0,0.5226551239215567,0.00540433210214471,0.009894708422427902,0.22089939870808215,0.24114643684578874
asthma_v2_pneumonia_P16Pneumonia80G.wav,3,2,4,3,0.36757035891513873,0.0033183701346122434,0.005649998044888652,0.4471042899975229,0.17635698290783744
asthma_v2_pneumonia_P17Pneumonia49T.wav,3,2,4,4,0.03782919627604742,0.003464923686803903,0.0001552331398412627,0.002113435070236051,0.9564372118270714
asthma_v2_pneumonia_P17Pneumonia51I.wav,3,2,4,4,0.022533512760963787,0.013293928023945209,0.49805205771358135,0.052770052376874675,0.4133504491246349
asthma_v2_pneumonia_P17Pneumonia57K.wav,3,2,4,4,0.0334226076820161,0.0012341858893573448,0.00011829254400146447,0.00019417386324974375,0.9650307400213753
asthma_v2_pneumonia_P17Pneumonia63G.wav,3,2,4,4,0.12263774968887863,0.04268593646241431,0.0020467091134741345,0.01158922105380296,0.8210403836814302
asthma_v2_pneumonia_P17Pneumonia86O.wav,3,2,4,4,0.05364889165879011,0.020916162035393447,0.4804008442372026,0.04929875957513132,0.395735342493483
asthma_v2_pneumonia_P17Pneumonia91K.wav,3,2,4,2,0.008771678098190076,0.011846730777927748,0.8246220384573809,0.0297280406538244,0.12503151201267693
asthma_v2_pneumonia_P20Pneumonia27V.wav,3,2,4,0,0.5074217661854609,0.0008355772418659036,0.0033967416417947835,0.09679293276947731,0.3915529821614012
asthma_v2_pneumonia_P20Pneumonia31P.wav,3,2,4,3,0.09368464486551543,0.0004664463348485196,0.001822051178337957,0.8523627607146215,0.051664096906676095
asthma_v2_pneumonia_P20Pneumonia37V.wav,3,2,4,3,0.10308664889965209,0.0015501405629493384,0.004079047009245153,0.7821512343809327,0.10913292914722074
asthma_v2_pneumonia_P20Pneumonia42B.wav,3,2,4,3,0.2600525124786166,0.0019886316790916655,0.005451360806758166,0.3673159834354255,0.3651915116001082
asthma_v2_pneumonia_P20Pneumonia58T.wav,3,2,4,3,0.384995112213072,0.0009654073967558959,0.002760367706257538,0.41212987999948214,0.1991492326844329
asthma_v2_pneumonia_P20Pneumonia84L.wav,3,2,4,3,0.08104766150205761,0.0005008230996027042,0.0020973501678686044,0.8562808450334076,0.060073320197063525
asthma_v2_pneumonia_P28Pneumonia22W.wav,3,2,4,4,0.3378649372777975,0.028245078518829254,0.018074652640862464,0.0005965644856522153,0.6152187670768584
asthma_v2_pneumonia_P28Pneumonia43J.wav,3,2,4,4,0.014620607970327241,0.029685324281901015,0.019763862516289588,0.24314364867281063,0.6927865565586713
asthma_v2_pneumonia_P28Pneumonia56Y.wav,3,2,4,4,0.04124134281132238,0.019818934379145,0.00289766568418605,0.009038699486408409,0.9270033576389382
asthma_v2_pneumonia_P28Pneumonia65J.wav,3,2,4,0,0.5950921806852527,0.06001394053044783,0.016175501686237284,0.001796808177047775,0.32692156892101465
asthma_v2_pneumonia_P28Pneumonia71A.wav,3,2,4,4,0.023722411460153206,0.004045207265107753,0.0009047482088823838,0.00040996804547436893,0.9709176650203826
asthma_v2_pneumonia_P28Pneumonia90E.wav,3,2,4,1,0.213017470530593,0.3845815725506319,0.2456668611898125,0.0024655434901778767,0.15426855223878436
asthma_v2_pneumonia_P38Pneumonia23A.wav,3,2,4,0,0.908747915194695,0.0287902589852857,0.02310736300154287,0.0015892353270901122,0.03776522749138615
asthma_v2_pneumonia_P38Pneumonia34H.wav,3,2,4,0,0.8290826657842811,0.0032556735051917146,0.010395685551696062,0.037679078088084,0.11958689707074681
asthma_v2_pneumonia_P38Pneumonia35P.wav,3,2,4,0,0.8291800634670234,0.0156167456680647,0.04737295026563016,0.003254980307210631,0.10457526029207088
asthma_v2_pneumonia_P38Pneumonia41S.wav,3,2,4,0,0.8834921752513929,0.009020604551804536,0.00935310972283219,0.0054511807515274565,0.09268292972244248
asthma_v2_pneumonia_P38Pneumonia61R.wav,3,2,4,0,0.8720515415579796,0.00919618680792466,0.03894573904033354,0.003182216941789022,0.07662431565197324
asthma_v2_pneumonia_P38Pneumonia64N.wav,3,2,4,0,0.9025969226261816,0.007745208983445245,0.017341701961146566,0.001617203301198519,0.07069896312802791
asthma_v2_pneumonia_P39Pneumonia16K.wav,3,2,4,0,0.8881911866372306,0.023699548480340966,0.025358911972533583,0.008027873267624322,0.05472247964227014
asthma_v2_pneumonia_P39Pneumonia41F.wav,3,2,4,0,0.37938375546517356,0.07032244656989306,0.16507558917515971,0.0039781275112078665,0.3812400812785658
asthma_v2_pneumonia_P39Pneumonia49H.wav,3,2,4,0,0.7246116900103081,0.0029067562199703244,0.003030216576673829,0.004963821272468815,0.26448751592057906
asthma_v2_pneumonia_P39Pneumonia78Z.wav,3,2,4,0,0.8670826595994293,0.002166397085508908,0.004617631204167377,0.062083001762282666,0.06405031034861175
asthma_v2_pneumonia_P39Pneumonia85Q.wav,3,2,4,4,0.4350200700509088,0.02171659710216081,0.05357818681833374,0.0021056811253279016,0.48757946490326853
asthma_v2_pneumonia_P39Pneumonia87S.wav,3,2,4,4,0.3099792534246198,0.03384280947928455,0.05646609064347252,0.006220515558144483,0.5934913308944786
asthma_v2_pneumonia_P45Pneumonia10J.wav,3,2,4,4,0.02496529689937547,0.005620825410950589,0.013167913983254334,0.23345431327137978,0.7227916504350395
asthma_v2_pneumonia_P45Pneumonia25T.wav,3,2,4,4,0.10052526975237251,0.0014755804408355525,0.04119268742113314,0.013299729130994344,0.8435067332546644
asthma_v2_pneumonia_P45Pneumonia29L.wav,3,2,4,4,0.2326021438915941,0.00340376422861115,0.06405534063089481,0.010179735615897257,0.6897590156330025
asthma_v2_pneumonia_P45Pneumonia51F.wav,3,2,4,4,0.040390735892566275,0.006126674798583751,0.028625207291388056,0.22161894764490167,0.7032384343725602
asthma_v2_pneumonia_P45Pneumonia59I.wav,3,2,4,4,0.05498042234061086,0.0007729059433875127,0.04052190280537287,0.018165083153565166,0.8855596857570637
asthma_v2_pneumonia_P45Pneumonia72P.wav,3,2,4,3,0.08954132618463218,0.004852718217305499,0.09892448732590167,0.37231049201213784,0.4343709762600234
asthma_v2_pneumonia_P5Pneumonia20K.wav,3,2,4,4,0.03272574248201866,0.002542537271861229,0.0375805739416728,0.014299569951577362,0.9128515763528696
asthma_v2_pneumonia_P5Pneumonia21J.wav,3,2,4,4,0.01982772002454221,0.009676038344566549,0.038931742516143814,0.024246326541466627,0.9073181725732808
asthma_v2_pneumonia_P5Pneumonia38U.wav,3,2,4,4,0.017847640210648063,0.015096088616229936,0.1076949484323122,0.05715093216610802,0.8022103905747016
asthma_v2_pneumonia_P5Pneumonia88J.wav,3,2,4,4,0.06653690689981356,0.004859068324814647,0.02645315307824249,0.004605696621260839,0.8975451750758684
asthma_v2_pneumonia_P5Pneumonia94P.wav,3,2,4,4,0.01751292728491522,0.0014133075531055062,0.014002880760794185,0.10282233582769262,0.8642485485734923
asthma_v2_pneumonia_P5Pneumonia95V.wav,3,2,4,4,0.023995625923900227,0.002629064961555436,0.01658000675206651,0.007930605901420869,0.9488646964610571
asthma_v2_Bronchial_P11BronchialSc_52.wav,3,3,1,4,0.2129078612198583,0.0568875290359868,0.0336760218833709,0.07544412054737028,0.6210844673134139
asthma_v2_Bronchial_P11BronchialSc_54.wav,3,3,1,4,0.05569987709683519,0.013310790764354612,0.004056704398007261,0.15862073199884275,0.7683118957419601
asthma_v2_Bronchial_P11BronchialTc_51.wav,3,3,1,1,0.015509059154571018,0.9403585997968774,0.025097660493192498,0.00923051469263883,0.00980416586271993
asthma_v2_Bronchial_P11BronchialTc_53.wav,3,3,1,3,0.030412187692383325,0.03070500165270711,0.006500177009717413,0.41388553002039435,0.518497103624798
asthma_v2_Bronchial_P11BronchialTc_55.wav,3,3,1,0,0.9464212467052013,0.029406124250409574,0.0033726941910890325,0.0011128493822173844,0.019687085471082656
asthma_v2_Bronchial_P15BronchialSc_72.wav,3,3,1,1,0.0012624272879287514,0.991363990215257,0.0025195705479084942,0.003801706945608038,0.0010523050032977053
asthma_v2_Bronchial_P15BronchialSc_74.wav,3,3,1,1,0.00632481251694671,0.5946705567414864,0.3860755174431859,0.006031213287276617,0.006897900011104425
asthma_v2_Bronchial_P15BronchialTc_71.wav,3,3,1,1,0.0012540135176173635,0.99025551833116,0.002576455565188961,0.004647029703322136,0.0012669828827119192
asthma_v2_Bronchial_P15BronchialTc_73.wav,3,3,1,1,0.001910387362452876,0.9813124083277761,0.011492705015112858,0.003595356166462536,0.001689143128195826
asthma_v2_Bronchial_P15BronchialTc_75.wav,3,3,1,1,0.00564077906262341,0.7403515530300173,0.24226439862296972,0.00480270395524209,0.00694056532914758
asthma_v2_Bronchial_P19BronchialSc_92.wav,3,3,1,1,0.003223707449855314,0.9859126283890829,0.005901405779777575,0.0015831914205459935,0.0033790669607384727
asthma_v2_Bronchial_P19BronchialSc_94.wav,3,3,1,1,0.014369326044967087,0.8957218300428432,0.06802828107083095,0.010456149664582918,0.011424413176775746
asthma_v2_Bronchial_P19BronchialTc_91.wav,3,3,1,1,0.04659971954179811,0.6505842260420172,0.25653843216974775,0.01522279557680191,0.03105482666963495
asthma_v2_Bronchial_P19BronchialTc_93.wav,3,3,1,1,0.008016206475303447,0.9538884837629124,0.029555268093093216,0.0032721657970761174,0.005267875871615018
asthma_v2_Bronchial_P19BronchialTc_95.wav,3,3,1,1,0.008286293668662409,0.9563222217112566,0.02181262971475292,0.007013702935421405,0.006565151969906675
asthma_v2_Bronchial_P1BronchialSc_2.wav,3,3,1,1,0.02221715848116924,0.8841234104997922,0.05044880962492167,0.030072892918570095,0.01313772847554678
asthma_v2_Bronchial_P1BronchialSc_4.wav,3,3,1,1,0.03969458921161694,0.7970002235221859,0.11041644151765688,0.03242005375757212,0.020468691990967913
asthma_v2_Bronchial_P1BronchialTc_1.wav,3,3,1,1,0.019926255133162884,0.9084174229292286,0.04390922707295217,0.0162093968941491,0.011537697970507122
asthma_v2_Bronchial_P1BronchialTc_3.wav,3,3,1,1,0.03437706010990214,0.8125045756540323,0.09096801343438303,0.043314085469018694,0.018836265332663648
asthma_v2_Bronchial_P1BronchialTc_5.wav,3,3,1,1,0.017701280270742886,0.9216401308909724,0.036413098498875106,0.013745222618227393,0.010500267721181983
asthma_v2_asthma_P12WheezingIE_57.wav,3,3,0,0,0.8497053491423299,0.016722707365699564,0.04216433364830515,0.0045326505264248656,0.08687495931724044
asthma_v2_asthma_P12WheezingIU_58.wav,3,3,0,0,0.9130980978386845,0.019361565905832004,0.01106709751617823,0.004871632417035288,0.05160160632227001
asthma_v2_asthma_P12WheezingRL_59.wav,3,3,0,0,0.9390499240779059,0.018565119152522482,0.005545466082897447,0.002135547702514074,0.03470394298415997
asthma_v2_asthma_P12WheezingRS_56.wav,3,3,0,0,0.7688877035878507,0.028665793761788648,0.07224787338475495,0.006219739249844097,0.12397889001576157
asthma_v2_asthma_P12WheezingRS_60.wav,3,3,0,0,0.9440053255635432,0.030433759992934656,0.003002688587170722,0.000981406565944879,0.021576819290406467
asthma_v2_asthma_P18WheezingIE_89.wav,3,3,0,0,0.9164969358126229,0.05262121356341311,0.002149914478474759,0.003933667923115793,0.024798268222373653
asthma_v2_asthma_P18WheezingIU_86.wav,3,3,0,0,0.6650761938787191,0.002213931090492939,0.014213717961432233,0.0014278770452856263,0.3170682800240698
asthma_v2_asthma_P18WheezingIU_90.wav,3,3,0,0,0.9575995807846577,0.02612695672040948,0.001563913187396255,0.0003859064416509308,0.014323642865885833
asthma_v2_asthma_P18WheezingRL_87.wav,3,3,0,3,0.032791351798708096,0.026293402752640548,0.014235710474984196,0.8548777755217309,0.0718017594519364
asthma_v2_asthma_P18WheezingRS_88.wav,3,3,0,0,0.43595802711504406,0.059800625724325346,0.004617899757038475,0.04750774146913177,0.45211570593446015
asthma_v2_asthma_P1AsthmaIE_1.wav,3,3,0,0,0.9151409483164572,0.004364781113763589,0.01834492051866941,0.004865153584149772,0.05728419646696019
asthma_v2_asthma_P1AsthmaIE_5.wav,3,3,0,0,0.9005146501646395,0.0917746163953387,0.0011313134462871233,0.0005553303163806287,0.006024089677353858
asthma_v2_asthma_P1AsthmaIU_2.wav,3,3,0,0,0.9622055162106897,0.006233572437063836,0.0015554528222753456,0.001572689392367209,0.02843276913760381
asthma_v2_asthma_P1AsthmaRL_3.wav,3,3,0,4,0.46240292844371217,0.0019252796381207756,0.00405712247560869,0.021825119505761523,0.5097895499367968
asthma_v2_asthma_P1AsthmaRS_4.wav,3,3,0,0,0.9387873917896309,0.03138124491215953,0.004999339572421837,0.0011911619146997721,0.023640861811087866
asthma_v2_asthma_P21WheezingIE_101.wav,3,3,0,0,0.7024619457466809,0.02684285107419699,0.003966926833459921,0.12511688732858642,0.1416113890170761
asthma_v2_asthma_P21WheezingIE_105.wav,3,3,0,0,0.459851561309288,0.07909908593556653,0.11608648939724073,0.011742117006388456,0.33322074635151616
asthma_v2_asthma_P21WheezingIU_102.wav,3,3,0,0,0.8492596169917106,0.044999897294522286,0.00033951040937401836,0.04675922855912347,0.05864174674526962
asthma_v2_asthma_P21WheezingRL_103.wav,3,3,0,0,0.825355921518967,0.015613296785573206,0.003155924012588583,0.06949676300929226,0.08637809467357878
asthma_v2_asthma_P21WheezingRS_104.wav,3,3,0,4,0.33024233047919344,0.06844051386941627,0.11299260039618127,0.007108247530829567,0.48121630772437946
asthma_v2_asthma_P28WheezingIE_137.wav,3,3,0,0,0.6558386844393905,0.05025341294962847,0.001374722199155095,0.2522634892940593,0.04026969111776688
asthma_v2_asthma_P28WheezingIU_138.wav,3,3,0,0,0.7511738176454812,0.13011092257662638,0.0007734760556540176,0.04838315045082561,0.06955863327141268
asthma_v2_asthma_P28WheezingRL_139.wav,3,3,0,0,0.4683163655796235,0.43464684576071,0.03458704697252447,0.004475122413244493,0.05797461927389758
asthma_v2_asthma_P28WheezingRS_136.wav,3,3,0,0,0.5744384179194336,0.08267452277306579,0.006556355567565995,0.025327666189423902,0.31100303755051084
asthma_v2_asthma_P28WheezingRS_140.wav,3,3,0,0,0.8200950020170478,0.09267087480658119,0.0010007300675857565,0.054469124263671606,0.031764268845113554
asthma_v2_asthma_P39WheezingIE_193.wav,3,3,0,0,0.8946252188811218,0.02693050727291756,0.0068583993637280835,0.0003755403777081268,0.07121033410452442
asthma_v2_asthma_P39WheezingIU_194.wav,3,3,0,0,0.8599799152927264,0.11889024051713712,0.0022668615785108124,0.001335513359010647,0.017527469252615238
asthma_v2_asthma_P39WheezingRL_191.wav,3,3,0,0,0.621403179378386,0.014201860545691667,0.04838490775920636,0.0017262049579912229,0.31428384735872467
asthma_v2_asthma_P39WheezingRL_195.wav,3,3,0,0,0.9121408168366265,0.04156865384164933,0.006682670720774015,0.00058366946424366,0.03902418913670662
asthma_v2_asthma_P39WheezingRS_192.wav,3,3,0,0,0.7255573104049511,0.015046443656449054,0.036877221881892346,0.0017361861402322746,0.22078283791647496
asthma_v2_asthma_P44WheezingIE_217.wav,3,3,0,0,0.9408683882630325,0.0011277917153437644,0.011311970428889581,0.0003431474716433665,0.04634870212109079
asthma_v2_asthma_P44WheezingIU_218.wav,3,3,0,0,0.8553158534654758,0.009981850705746025,0.055391069993085185,0.0008509711335861314,0.0784602547021068
asthma_v2_asthma_P44WheezingRL_219.wav,3,3,0,0,0.7453757799532302,0.0032821002034948183,0.2220753011778869,0.0015262617096398314,0.027740556955748414
asthma_v2_asthma_P44WheezingRS_216.wav,3,3,0,0,0.9504606673804753,0.010582532953634934,0.007525584934368847,0.012987145201231792,0.01844406953028904
asthma_v2_asthma_P44WheezingRS_220.wav,3,3,0,2,0.3782320858715813,0.0015258758087955966,0.6133368034538907,0.0012428654917379888,0.005662369373994643
asthma_v2_asthma_P46WheezingIE_229.wav,3,3,0,0,0.8479146507193341,0.08446261867352511,0.008863582532405545,0.005814034545260076,0.05294511352947524
asthma_v2_asthma_P46WheezingIU_226.wav,3,3,0,0,0.7748241761429747,0.1973583500736511,0.0031064187931964214,0.008629170250654234,0.01608188473952382
asthma_v2_asthma_P46WheezingIU_230.wav,3,3,0,0,0.8375269796273038,0.00950931932694515,0.042775135842126714,0.002166723943301801,0.10802184126032255
asthma_v2_asthma_P46WheezingRL_227.wav,3,3,0,0,0.8558893707399343,0.08654485714771136,0.015992067906994697,0.003703563781322346,0.03787014042403708
asthma_v2_asthma_P46WheezingRS_228.wav,3,3,0,0,0.37061293483360114,0.34986141339087135,0.21926991713655936,0.0061825713583591535,0.054073163280609106
asthma_v2_asthma_P4AsthmaIE_17.wav,3,3,0,0,0.9086876246957469,0.04648463555523114,0.002791264623065802,0.0013197009672004532,0.04071677415875569
asthma_v2_asthma_P4AsthmaIU_18.wav,3,3,0,0,0.9461830131695449,0.03889329804737264,0.0015797480677995422,0.0007181016689208978,0.012625839046361971
asthma_v2_asthma_P4AsthmaRL_19.wav,3,3,0,0,0.957077906752979,0.02387760566279532,0.0015097891664783293,0.000810768847074313,0.016723929570672928
asthma_v2_asthma_P4AsthmaRS_16.wav,3,3,0,0,0.919746137369125,0.0501911114915301,0.0022763899570746086,0.0007215838129510753,0.027064777369319483
asthma_v2_asthma_P4AsthmaRS_20.wav,3,3,0,0,0.9352550742931807,0.028388041097082647,0.0021098487527479305,0.0016502062973554705,0.0325968295596336
asthma_v2_asthma_P54WheezingIE_269.wav,3,3,0,4,0.07927657111253338,0.0037322230991837907,0.017546111407581888,0.043989072548089744,0.855456021832611
asthma_v2_asthma_P54WheezingIU_266.wav,3,3,0,3,0.03384093531472163,0.1825830802227584,0.061407434916586304,0.5896890471658448,0.13247950238008888
asthma_v2_asthma_P54WheezingIU_270.wav,3,3,0,3,0.06004642643688621,0.009369073336448267,0.006684416880822813,0.3549486812906191,0.5689514020552233
asthma_v2_asthma_P54WheezingRL_267.wav,3,3,0,3,0.03039677738193692,0.06551696900922617,0.01093337362260879,0.7074403291346313,0.185712550851597
asthma_v2_asthma_P54WheezingRS_268.wav,3,3,0,3,0.060592963782134496,0.09257158562948518,0.013261392409143497,0.5011938074793066,0.3323802506999304
asthma_v2_asthma_P6AsthmaIE_29.wav,3,3,0,0,0.9396391847506941,0.02485156596627676,0.006492910887321705,0.0008671878175026427,0.028149150578204694
asthma_v2_asthma_P6AsthmaIU_26.wav,3,3,0,0,0.8015435741168517,0.057783794732735365,0.022251501120836542,0.011321801537570146,0.10709932849200632
asthma_v2_asthma_P6AsthmaIU_30.wav,3,3,0,0,0.9568940979796094,0.02288118501411109,0.0017698810120720108,0.001002461160631756,0.0174523748335757
asthma_v2_asthma_P6AsthmaRL_27.wav,3,3,0,0,0.6411495097630912,0.008003607219391962,0.009038898490601684,0.005888283951192004,0.3359197005757234
asthma_v2_asthma_P6AsthmaRS_28.wav,3,3,0,0,0.9195989997418029,0.0077886265741766905,0.012020005380654767,0.005267171891468076,0.05532519641189726
asthma_v2_copd_P10COPDMc_74.wav,3,3,2,0,0.4323934923736432,0.490900808406139,0.013504353231692788,0.04216847262245199,0.021032873366072784
asthma_v2_copd_P10COPDMc_76.wav,3,3,2,3,0.4122542522369401,0.2662593788325209,0.014917771098560914,0.2034858956683829,0.10308270216359512
asthma_v2_copd_P10COPDMc_78.wav,3,3,2,0,0.8156795008339423,0.15060673845218042,0.013794011385503482,0.0027355310793306976,0.01718421824904299
asthma_v2_copd_P10COPDMc_80.wav,3,3,2,0,0.898906140714268,0.008371481846829159,0.018676748966960602,0.001092764652461782,0.07295286381948085
asthma_v2_copd_P10COPDPr_73.wav,3,3,2,1,0.09589271712908372,0.8882247817876521,0.003519807481709916,0.0055092536396124355,0.006853439961941751
asthma_v2_copd_P10COPDPr_75.wav,3,3,2,3,0.321555315050828,0.04989221480518579,0.0034966584849277886,0.5400755854404431,0.08498022621861516
asthma_v2_copd_P10COPDPr_77.wav,3,3,2,3,0.23813530552463086,0.0198053016533417,0.001962764611331982,0.682698940800209,0.05739768741048627
asthma_v2_copd_P10COPDPr_79.wav,3,3,2,0,0.7587366280872972,0.1523376472960515,0.02987598958818179,0.001850837738122146,0.057198897290347085
asthma_v2_copd_P18COPDMc_138.wav,3,3,2,2,0.0033811643054860448,0.003602699839272073,0.9914381885980035,0.00040623223055685846,0.0011717150266816038
asthma_v2_copd_P18COPDMc_140.wav,3,3,2,2,0.0033756885463598683,0.000808485967967128,0.9941171441780688,0.0002858175075412648,0.0014128638000629214
asthma_v2_copd_P18COPDMc_142.wav,3,3,2,2,0.002954401874030052,0.0009655550172680677,0.9947245306305476,0.0004506178106531694,0.0009048946675011337
asthma_v2_copd_P18COPDMc_144.wav,3,3,2,2,0.00020789775594734857,0.0031986173609960624,0.9956740327244382,0.00030725473828297986,0.0006121974203352984
asthma_v2_copd_P18COPDPr_137.wav,3,3,2,2,0.010806670691844336,0.00618709030343707,0.9770159432237004,0.0010694263265382821,0.004920869454480113
asthma_v2_copd_P18COPDPr_139.wav,3,3,2,2,0.015237730228650987,0.0244380283426623,0.949121009111608,0.0016693841508544833,0.009533848166224115
asthma_v2_copd_P18COPDPr_141.wav,3,3,2,2,0.0007918226488877236,0.00037367912830406065,0.9984522671054872,0.0001307623743661905,0.00025146874295503156
asthma_v2_copd_P18COPDPr_143.wav,3,3,2,2,1.018958887006895e-06,8.991562380985685e-07,0.999716357674633,2.9259047436091827e-05,0.0002524651628058665
asthma_v2_copd_P1COPDMc_2.wav,3,3,2,0,0.9122801157816345,0.008795266286043307,0.011927080424858079,0.044617531595648706,0.022380005911815652
asthma_v2_copd_P1COPDMc_4.wav,3,3,2,4,0.02521189196353393,0.006909042735025972,0.5659779265059904,0.010501637762249098,0.3913995010332006
asthma_v2_copd_P1COPDMc_6.wav,3,3,2,2,0.006586608181266184,0.001626880558129322,0.8331333817923733,0.009014722342784632,0.14963840712544646
asthma_v2_copd_P1COPDMc_8.wav,3,3,2,2,5.193987615966838e-07,3.567716801775865e-07,0.9998076407631347,4.979724728615797e-05,0.0001416858191374354
asthma_v2_copd_P1COPDPr_1.wav,3,3,2,0,0.9691643068898379,0.005674982265369945,0.01416981520953566,0.0011762627815113372,0.00981463285374532
asthma_v2_copd_P1COPDPr_3.wav,3,3,2,2,0.03295239433993951,0.0010282776943761893,0.9620521124660963,0.00048546524626789077,0.003481750253319779
asthma_v2_copd_P1COPDPr_5.wav,3,3,2,2,2.7133769495642733e-06,2.5605208945894156e-06,0.9984099560299738,2.832622328203128e-05,0.0015564438489000603
asthma_v2_copd_P1COPDPr_7.wav,3,3,2,2,0.0016185129199935094,0.0011043911466229045,0.9543958588813828,0.00424722108423568,0.03863401596776541
asthma_v2_copd_P24COPDMc_186.wav,3,3,2,2,0.0025010386118160667,0.005537453496783036,0.983618510456037,0.0014022417971170174,0.006940755638246674
asthma_v2_copd_P24COPDMc_188.wav,3,3,2,2,0.003134475286410579,0.002809135442426034,0.990122905442354,0.001956698515443059,0.001976785313365739
asthma_v2_copd_P24COPDMc_190.wav,3,3,2,2,0.00450104987489643,0.010357714011347842,0.8986796857967555,0.04537709447380771,0.04108445584319247
asthma_v2_copd_P24COPDMc_192.wav,3,3,2,2,0.0006974543846396401,0.0005906921255784613,0.9970667701252786,0.0004044302613185048,0.0012406531031847426
asthma_v2_copd_P24COPDPr_185.wav,3,3,2,2,0.0011727769294175168,0.0020620023502807253,0.9953010525659083,0.000345125810255209,0.0011190423441378872
asthma_v2_copd_P24COPDPr_187.wav,3,3,2,2,0.0023515502191428675,0.0026415132173984203,0.9806892368702508,0.0011631244370548155,0.013154575256153185
asthma_v2_copd_P24COPDPr_189.wav,3,3,2,2,0.013179634680620996,0.018993203319983363,0.7644283089464701,0.06308104446040609,0.14031780859251974
asthma_v2_copd_P24COPDPr_191.wav,3,3,2,2,1.8546742549176886e-07,3.1679530994018657e-07,0.9999585770271929,2.0109648134503915e-05,2.0811061937217387e-05
asthma_v2_copd_P28COPDMc_218.wav,3,3,2,2,0.0027931572980452795,0.002093196589178159,0.994482687836371,0.00027001366936652867,0.00036094460703890805
asthma_v2_copd_P28COPDMc_220.wav,3,3,2,2,0.005001866779490725,0.0035240894208673685,0.9907883407041238,0.0002792657842493923,0.000406437311268811
asthma_v2_copd_P28COPDMc_222.wav,3,3,2,2,0.001471632782438659,0.0009384945876973347,0.9966117714013499,0.00018107469070761717,0.000797026537806396
asthma_v2_copd_P28COPDMc_224.wav,3,3,2,2,4.858325472760146e-07,3.0839285150644607e-07,0.9998418812015144,3.803593946219314e-05,0.00011928863362461564
asthma_v2_copd_P28COPDPr_217.wav,3,3,2,2,4.139304821997032e-07,4.4240665642778107e-07,0.9996076900792616,0.00018809340024571178,0.00020336018335390503
asthma_v2_copd_P28COPDPr_219.wav,3,3,2,2,0.004814882004477501,0.004737275120943423,0.9896771973977625,0.0003143804303511806,0.0004562650464653421
asthma_v2_copd_P28COPDPr_221.wav,3,3,2,2,0.002122267002091498,0.0011976485746000398,0.995467777135968,0.00026983563746764595,0.0009424716498728124
asthma_v2_copd_P28COPDPr_223.wav,3,3,2,2,0.0011287915780792783,0.0010661553890916318,0.9964648066375428,0.0002699021885445536,0.0010703442067418634
asthma_v2_copd_P32COPDMc_250.wav,3,3,2,0,0.48711612707090846,0.03555699606832746,0.45101075509950267,0.011852950681795772,0.0144631710794654
asthma_v2_copd_P32COPDMc_252.wav,3,3,2,0,0.5147469751405263,0.0056490549347713,0.47452173294067385,0.00045238605649518195,0.004629850927533631
asthma_v2_copd_P32COPDMc_254.wav,3,3,2,2,0.0803326628666924,0.001327249533977101,0.9172203326015318,0.0005747094614630437,0.0005450455363356431
asthma_v2_copd_P32COPDMc_256.wav,3,3,2,2,0.12812048158648498,0.0032017524339709304,0.8651027015281394,0.0013984889665911472,0.0021765754848134047
asthma_v2_copd_P32COPDPr_249.wav,3,3,2,0,0.4725888460498746,0.019022014639000925,0.4766578034964142,0.015792295358629662,0.015939040456080817
asthma_v2_copd_P32COPDPr_251.wav,3,3,2,2,0.3031031461659195,0.011810199470904744,0.6785168655474096,0.0007161127276690679,0.00585367608809662
asthma_v2_copd_P32COPDPr_253.wav,3,3,2,2,0.3294352129890561,0.0052112840728841215,0.657039694689352,0.005967542636786202,0.002346265611921538
asthma_v2_copd_P32COPDPr_255.wav,3,3,2,2,0.19678001871828163,0.002373536964679128,0.7997477796875022,0.0003102094474155383,0.0007884551821213265
asthma_v2_copd_P39COPDMc_306.wav,3,3,2,2,0.005557179920296145,0.01641263237604316,0.9574877826238101,0.0011154539557164812,0.019426951124134412
asthma_v2_copd_P39COPDMc_308.wav,3,3,2,2,0.00334321569696221,0.04290172745554209,0.900453886613435,0.0029765304763751514,0.05032463975768574
asthma_v2_copd_P39COPDMc_310.wav,3,3,2,2,0.005726483315031011,0.08597078536059707,0.847685301686424,0.0058799998432706654,0.05473742979467741
asthma_v2_copd_P39COPDMc_312.wav,3,3,2,2,0.013359092827146568,0.07365414261955933,0.89648485184368,0.0036038774615706985,0.012898035248043564
asthma_v2_copd_P39COPDPr_305.wav,3,3,2,2,0.022824071818604318,0.000991599116721848,0.9127044894956817,0.009503623086089468,0.053976216482902774
asthma_v2_copd_P39COPDPr_307.wav,3,3,2,4,0.02178775837893809,0.02825119375268387,0.41322903216726437,0.005035399434675031,0.5316966162664385
asthma_v2_copd_P39COPDPr_309.wav,3,3,2,2,0.0008268308160256129,0.018994333060245977,0.9755661083758619,0.0010460693475539385,0.0035666584003123847
asthma_v2_copd_P39COPDPr_311.wav,3,3,2,2,0.0009056560956078412,0.12765384607178798,0.8635468232173844,0.002364771737959519,0.005528902877260176
asthma_v2_copd_P40COPDMc_314.wav,3,3,2,1,0.013240152943033464,0.4772379015370762,0.46586192270205784,0.008366023343170551,0.03529399947466173
asthma_v2_copd_P40COPDMc_316.wav,3,3,2,2,1.2259245366717324e-08,1.0293119444076056e-08,0.9998914385064489,5.044310041018051e-06,0.00010349463114518967
asthma_v2_copd_P40COPDMc_318.wav,3,3,2,2,0.2261688353824979,0.14658775523604553,0.49780843688343285,0.0076068233752850265,0.12182814912273872
asthma_v2_copd_P40COPDMc_320.wav,3,3,2,4,0.24209461150776415,0.0711302580070457,0.01775359143350176,0.0017672243903891702,0.6672543146612993
asthma_v2_copd_P40COPDPr_313.wav,3,3,2,1,0.018053912854957225,0.5218300529227089,0.40014583581968355,0.019540920769559177,0.04042927763309131
asthma_v2_copd_P40COPDPr_315.wav,3,3,2,2,1.1493371908878502e-09,1.2768666088810868e-09,0.9999947969616975,9.766766854033998e-07,4.223935413362454e-06
asthma_v2_copd_P40COPDPr_317.wav,3,3,2,2,4.162109988455713e-09,4.474394602749845e-09,0.9999859134462972,1.0169942827548812e-06,1.3060922915235258e-05
asthma_v2_copd_P40COPDPr_319.wav,3,3,2,4,0.12359688449872043,0.11457296856295988,0.03963704849514109,0.0038978905480319052,0.7182952078951462
asthma_v2_copd_P46COPDMc_362.wav,3,3,2,2,0.0031281463712336524,0.0004973310571322574,0.9814683814014104,0.002504573708895414,0.012401567461328445
asthma_v2_copd_P46COPDMc_364.wav,3,3,2,4,0.0049267931977297315,0.0017146636896883457,0.4091792367098778,0.0087598348815938,0.5754194715211104
asthma_v2_copd_P46COPDMc_366.wav,3,3,2,2,0.002936272499129045,0.0010547199438332424,0.929467964051858,0.003226988494177266,0.06331405501100248
asthma_v2_copd_P46COPDMc_368.wav,3,3,2,2,0.04411255202413225,0.0062552286330053355,0.9050854522066011,0.002908860597599488,0.04163790653866174
asthma_v2_copd_P46COPDPr_361.wav,3,3,2,4,0.0073557458297330664,0.019161584799185945,0.3948901571176906,0.036653362270821006,0.5419391499825692
asthma_v2_copd_P46COPDPr_363.wav,3,3,2,2,0.0042671902229387175,0.00041741559299421187,0.9824546746818065,0.001425728221679717,0.011434991280580831
asthma_v2_copd_P46COPDPr_365.wav,3,3,2,2,0.0029069142266803386,0.0003684431851507893,0.940360636998002,0.005408299276308474,0.05095570631385838
asthma_v2_copd_P46COPDPr_367.wav,3,3,2,2,0.007825136359447852,0.0015847784980800382,0.9521928798527957,0.007089709747685278,0.03130749554199139
asthma_v2_copd_P47COPDMc_370.wav,3,3,2,1,0.0927086732077302,0.2865230342818693,0.2675945391319088,0.07593786962024243,0.2772358837582491
asthma_v2_copd_P47COPDMc_372.wav,3,3,2,2,0.007226707999578456,0.002203766571275815,0.9840922885840687,0.0016274951994963542,0.004849741645580729
asthma_v2_copd_P47COPDMc_374.wav,3,3,2,2,0.002907239751975362,0.09804200984745427,0.8550896332732666,0.03332720717692686,0.010633909950376674
asthma_v2_copd_P47COPDMc_376.wav,3,3,2,2,0.003023811251085274,0.011869418302247255,0.6606841320326823,0.3128382862247946,0.01158435218919048
asthma_v2_copd_P47COPDPr_369.wav,3,3,2,0,0.5263998896231579,0.018985523164101736,0.272519440794262,0.012030042612213568,0.17006510380626458
asthma_v2_copd_P47COPDPr_371.wav,3,3,2,4,0.05291884422729192,0.12921958183175486,0.1922969130730954,0.014664737332391601,0.6108999235354662
asthma_v2_copd_P47COPDPr_373.wav,3,3,2,2,0.030773493829193966,0.030694788505236253,0.8546037171798473,0.0673433528667752,0.016584647618947086
asthma_v2_copd_P47COPDPr_375.wav,3,3,2,2,0.003488337846315399,0.08447081962206866,0.8647597547999378,0.034686655998699245,0.012594431732978924
asthma_v2_copd_P51COPDPr_401.wav,3,3,2,2,0.00014310623508002505,0.0005214827015237393,0.9991799297002857,6.92151301614085e-05,8.626623294899194e-05
asthma_v2_healthy_P18Healthy17S.wav,3,3,3,3,0.05719573066232578,0.002482757494099763,0.006936500463460902,0.8775020765323477,0.05588293484776596
asthma_v2_healthy_P18Healthy46S.wav,3,3,3,1,0.08421916857526864,0.4606840573372703,0.04550790954651181,0.26077620111892313,0.14881266342202643
asthma_v2_healthy_P18Healthy59S.wav,3,3,3,1,0.09007788289734302,0.5922714362857714,0.025518504121970032,0.19011145048619188,0.10202072620872371
asthma_v2_healthy_P18Healthy79S.wav,3,3,3,3,0.05969811790273392,0.0027125402457933104,0.02483109418009369,0.8350938058000286,0.07766444187135052
asthma_v2_healthy_P18Healthy98S.wav,3,3,3,3,0.056187971438982395,0.0025846400158930976,0.015150319230295821,0.8492676239952506,0.07680944531957809
asthma_v2_healthy_P1Healthy29S.wav,3,3,3,3,0.004934836281588799,0.10127914277870195,0.12130568396365253,0.7420980092804806,0.030382327695575903
asthma_v2_healthy_P1Healthy55S.wav,3,3,3,3,0.005900901546585087,0.005496183719094893,0.008681568851250264,0.9490171096854538,0.030904236197615943
asthma_v2_healthy_P1Healthy86S.wav,3,3,3,3,0.005553280451845436,0.059226863371094056,0.07556781929410777,0.8205147427711821,0.03913729411177041
asthma_v2_healthy_P1Healthy88S.wav,3,3,3,3,0.005660382771231786,0.0210828938071928,0.05909926236890164,0.8664669445010554,0.047690516551617906
asthma_v2_healthy_P1Healthy99S.wav,3,3,3,3,0.01350783609177504,0.006362016567605961,0.021944155602451984,0.7959201409050999,0.1622658508330672
asthma_v2_healthy_P24Healthy51S.wav,3,3,3,3,0.004525422533266646,0.005340701528527935,0.0006909599743272427,0.8415055903857739,0.14793732557810393
asthma_v2_healthy_P24Healthy58S.wav,3,3,3,3,0.003171043369983521,0.009871765784339787,0.0012024902456852123,0.9449431148010125,0.04081158579897895
asthma_v2_healthy_P24Healthy62S.wav,3,3,3,3,0.003005751263607662,0.011661304847714006,0.355890077804343,0.5550032731165019,0.07443959296783387
asthma_v2_healthy_P24Healthy63S.wav,3,3,3,3,0.002727509890336384,0.007726831938625466,0.039513129208509634,0.8238191413603841,0.12621338760214454
asthma_v2_healthy_P24Healthy95S.wav,3,3,3,3,0.0034549499488420714,0.026414473199998383,0.3040665015920917,0.5340218679974595,0.13204220726160837
asthma_v2_healthy_P25Healthy20S.wav,3,3,3,3,0.025716808949452438,0.0018560907194143108,0.001657346645871662,0.7140255930561226,0.2567441606291392
asthma_v2_healthy_P25Healthy42S.wav,3,3,3,3,0.025577359533088005,0.0037056716965626455,0.006682603485489264,0.8412729489254388,0.12276141635942117
asthma_v2_healthy_P25Healthy72S.wav,3,3,3,3,0.06373428041057409,0.004094336523605219,0.02129149433783935,0.7685670361843474,0.14231285254363413
asthma_v2_healthy_P25Healthy88S.wav,3,3,3,3,0.008545209645340338,0.002496567226118303,0.0023916815308571266,0.8730635297304093,0.11350301186727481
asthma_v2_healthy_P25Healthy97S.wav,3,3,3,3,0.03270579912936618,0.10667849306523998,0.005752633437123727,0.7403967574903774,0.11446631687789262
asthma_v2_pneumonia_P10Pneumonia52A.wav,3,3,4,4,0.0428103970857261,0.013460634700899646,0.019191808716767355,0.007900116073126998,0.9166370434234798
asthma_v2_pneumonia_P10Pneumonia73G.wav,3,3,4,4,0.056014260070207586,0.0038364113428617473,0.0067933518267447954,0.0022123128734294075,0.9311436638867563
asthma_v2_pneumonia_P10Pneumonia80J.wav,3,3,4,4,0.045831791644481826,0.014683536912922955,0.03725119394209302,0.020412629748105135,0.8818208477523971
asthma_v2_pneumonia_P10Pneumonia88R.wav,3,3,4,4,0.16008356153072273,0.004944116372567035,0.0018657649850467766,0.004807467800164048,0.8282990893114995
asthma_v2_pneumonia_P10Pneumonia93W.wav,3,3,4,4,0.07663352317993248,0.006556840716523998,0.012955240551971637,0.03418187160976024,0.8696725239418116
asthma_v2_pneumonia_P10Pneumonia97B.wav,3,3,4,4,0.41474017805280033,0.021118371164504223,0.012648442991536328,0.003604432409154934,0.5478885753820041
asthma_v2_pneumonia_P11Pneumonia12W.wav,3,3,4,4,0.2487119207339238,0.03126065353632126,0.0016229076910691293,0.038280803940678905,0.6801237140980069
asthma_v2_pneumonia_P11Pneumonia18T.wav,3,3,4,4,0.1458009519488881,0.008714983055796538,0.07175832627659952,0.007428308166393585,0.7662974305523221
asthma_v2_pneumonia_P11Pneumonia41N.wav,3,3,4,4,0.1913987097559818,0.0023094481535698885,0.001474058219852177,0.23723828482756568,0.5675794990430304
asthma_v2_pneumonia_P11Pneumonia58A.wav,3,3,4,4,0.04542929597052143,0.0016264324112299402,0.0006198249487010583,0.03310042685432135,0.9192240198152261
asthma_v2_pneumonia_P11Pneumonia65P.wav,3,3,4,4,0.19685500437108525,0.05583146454543808,0.002883716901671152,0.015105495092962386,0.7293243190888431
asthma_v2_pneumonia_P11Pneumonia98J.wav,3,3,4,4,0.06260207188483433,0.004544797899724416,0.0009922336575131693,0.12747188367062867,0.8043890128872995
asthma_v2_pneumonia_P21Pneumonia12C.wav,3,3,4,4,0.18700110798325972,0.10102421176238197,0.04495992841643932,0.12646709438690273,0.5405476574510162
asthma_v2_pneumonia_P21Pneumonia24G.wav,3,3,4,3,0.21450675749994275,0.15486005998283114,0.03042225362984349,0.32063249364287727,0.2795784352445053
asthma_v2_pneumonia_P21Pneumonia56M.wav,3,3,4,4,0.01661996919419391,0.0007731469458192102,8.5721369471289e-05,0.0053440804843277135,0.9771770820061877
asthma_v2_pneumonia_P21Pneumonia69Q.wav,3,3,4,4,0.019159121780635367,0.0010353216991428583,7.684544426330277e-05,0.0016806140532162471,0.9780480970227422
asthma_v2_pneumonia_P21Pneumonia78P.wav,3,3,4,4,0.047106992061338136,0.0004880080197074767,5.5044391242732226e-05,0.00037455048343994397,0.9519754050442717
asthma_v2_pneumonia_P21Pneumonia95A.wav,3,3,4,3,0.10858279946969596,0.08838637179800297,0.027700827745634628,0.44969445524025004,0.3256355457464167
asthma_v2_pneumonia_P25Pneumonia11Z.wav,3,3,4,3,0.12775875020556635,0.05714811586164923,0.027175615657118464,0.6851947166194449,0.10272280165622116
asthma_v2_pneumonia_P25Pneumonia16B.wav,3,3,4,4,0.02070378367732926,0.0036290764789621097,0.004220688247085347,0.02013268707431842,0.9513137645223048
asthma_v2_pneumonia_P25Pneumonia30I.wav,3,3,4,3,0.2778818686734943,0.014071778125387919,0.0029501185827049805,0.2779793488340479,0.4271168857843646
asthma_v2_pneumonia_P25Pneumonia42V.wav,3,3,4,3,0.01749913367648954,0.018805309469715897,0.002504015211668439,0.9257934939467585,0.03539804769536766
asthma_v2_pneumonia_P25Pneumonia93N.wav,3,3,4,3,0.14984132454168234,0.0162370927404435,0.01584847524809136,0.6155948034767228,0.2024783039930599
asthma_v2_pneumonia_P25Pneumonia97D.wav,3,3,4,4,0.0176010006630675,0.004204804676475697,0.006687381019546884,0.28152804450627955,0.6899787691346304
asthma_v2_pneumonia_P2Pneumonia11Q.wav,3,3,4,4,0.08359735216494564,0.0021259519875174234,0.0003121730875892438,0.0003816804344103207,0.9135828423255374
asthma_v2_pneumonia_P2Pneumonia28R.wav,3,3,4,4,0.007660148853831133,0.0005299650814302152,0.00010940881468370601,0.002434135033951931,0.989266342216103
asthma_v2_pneumonia_P2Pneumonia36Z.wav,3,3,4,4,0.02038182601433711,0.005153860322001029,0.0002933133327779686,0.0013013075854766403,0.9728696927454072
asthma_v2_pneumonia_P2Pneumonia70H.wav,3,3,4,4,0.03014504557427443,0.004383681274329264,0.0003606786663605208,0.002021736848653307,0.9630888576363822
asthma_v2_pneumonia_P2Pneumonia82A.wav,3,3,4,4,0.02487140714780598,0.004123295870604272,6.776170813973005e-05,0.003943045688198758,0.9669944895852514
asthma_v2_pneumonia_P2Pneumonia93N.wav,3,3,4,4,0.010398917941194838,0.0012838131901373117,0.0003024916304168825,0.008391653791463158,0.9796231234467877
asthma_v2_pneumonia_P31Pneumonia14Q.wav,3,3,4,4,0.022301391257887302,0.00915238731714034,0.0017502391093525763,0.0015278777029474747,0.9652681046126722
asthma_v2_pneumonia_P31Pneumonia16C.wav,3,3,4,4,0.021759005650680546,0.007726839237065089,0.0014957446833598676,0.0007357123875810709,0.9682826980413133
asthma_v2_pneumonia_P31Pneumonia43V.wav,3,3,4,4,0.19236817501486222,0.009882667545067189,0.0023361073400947705,0.0019626889879060024,0.7934503611120701
asthma_v2_pneumonia_P31Pneumonia47D.wav,3,3,4,4,0.02990508045101248,0.010534544562855361,0.0006911737211734887,0.0014613478184964002,0.9574078534464623
asthma_v2_pneumonia_P31Pneumonia47J.wav,3,3,4,4,0.024470147040317542,0.0036290214565235243,0.00015276743249125263,0.010160655724539468,0.9615874083461278
asthma_v2_pneumonia_P31Pneumonia92I.wav,3,3,4,4,0.08076097943808344,0.009248798659246372,0.0004919887887055781,0.0011572732632758574,0.9083409598506884
asthma_v2_pneumonia_P37Pneumonia44I.wav,3,3,4,0,0.8653497069319962,0.01729172232692095,0.011066393677615907,0.043871811133559924,0.0624203659299071
asthma_v2_pneumonia_P37Pneumonia73K.wav,3,3,4,0,0.7977429304697151,0.04958278007899601,0.0022752682993335506,0.007977230115403067,0.14242179103655195
asthma_v2_pneumonia_P37Pneumonia73X.wav,3,3,4,0,0.9343183986760153,0.012895349532435475,0.0014789987299971827,0.0023928346676072225,0.048914418393944795
asthma_v2_pneumonia_P37Pneumonia83S.wav,3,3,4,0,0.7531401684556834,0.011582771485311411,0.005733708208013291,0.004445217340025331,0.22509813451096658
asthma_v2_pneumonia_P37Pneumonia84E.wav,3,3,4,0,0.6338058302410249,0.06035227241614273,0.02251238248688996,0.12819551883670477,0.1551339960192373
asthma_v2_pneumonia_P37Pneumonia95J.wav,3,3,4,0,0.8365511336223934,0.013229714348909594,0.0054773647213107275,0.012955395575457438,0.13178639173192863
asthma_v2_pneumonia_P41Pneumonia17O.wav,3,3,4,0,0.49491052279611764,0.0027213807987779277,0.023918194681873374,0.002637151253835957,0.47581275046939564
asthma_v2_pneumonia_P41Pneumonia25E.wav,3,3,4,2,0.3273729035623356,0.012485832314213479,0.5956462505175318,0.002003218228368058,0.062491795377551
asthma_v2_pneumonia_P41Pneumonia31S.wav,3,3,4,0,0.47720691380412117,0.1172796044293208,0.011136602863752261,0.10865152211633446,0.2857253567864713
asthma_v2_pneumonia_P41Pneumonia41D.wav,3,3,4,0,0.8295050571191377,0.004655246438693133,0.1258859137167167,0.0010426337580626596,0.03891114896738954
asthma_v2_pneumonia_P41Pneumonia71Q.wav,3,3,4,0,0.948735604863989,0.0014190555476462656,0.002115275926539709,0.009900702324860346,0.037829361336964615
asthma_v2_pneumonia_P41Pneumonia72U.wav,3,3,4,0,0.9452806930753659,0.01175994674714809,0.0017226525461486277,0.0004126083695499728,0.04082409926178748
asthma_v2_pneumonia_P4Pneumonia17R.wav,3,3,4,4,0.02599166458315704,0.0038479401219142463,0.10424181452228805,0.05371663644875929,0.8122019443238814
asthma_v2_pneumonia_P4Pneumonia27H.wav,3,3,4,4,0.035531234765843446,0.0030788225988291067,0.014677869355359216,0.025100667984217513,0.9216114052957508
asthma_v2_pneumonia_P4Pneumonia39Q.wav,3,3,4,4,0.029094590347893242,0.006907321798310326,0.03463957196733645,0.015691528569584695,0.9136669873168751
asthma_v2_pneumonia_P4Pneumonia55U.wav,3,3,4,4,0.024960480047555876,0.0034169809068055473,0.014949399510324219,0.019481494279741194,0.937191645255573
asthma_v2_pneumonia_P4Pneumonia67J.wav,3,3,4,4,0.05648876036514169,0.0040210037584463105,0.027317863645914785,0.009431773774372829,0.9027405984561244
asthma_v2_pneumonia_P4Pneumonia78E.wav,3,3,4,4,0.05974894856295071,0.004986372000062594,0.0300584260939636,0.005824789965912655,0.8993814633771104
asthma_v2_pneumonia_P8Pneumonia11O.wav,3,3,4,0,0.7153378023189266,0.012561214285389125,0.0026308220144100783,0.03645535718407672,0.2330148041971973
asthma_v2_pneumonia_P8Pneumonia14Z.wav,3,3,4,0,0.4570862022508419,0.017728566916329565,0.006573424700059666,0.13036992768418212,0.3882418784485874
asthma_v2_pneumonia_P8Pneumonia16Z.wav,3,3,4,3,0.009670793392280946,0.023277536193082038,0.010098598952113796,0.44099832169116215,0.5159547497713608
asthma_v2_pneumonia_P8Pneumonia20O.wav,3,3,4,4,0.0581404012485799,0.002343890648894376,0.016320009981858077,0.004837935992638551,0.9183577621280292
asthma_v2_pneumonia_P8Pneumonia23N.wav,3,3,4,0,0.6803664228490723,0.005831766663220994,0.007181744833247379,0.10602361436098091,0.20059645129347847
asthma_v2_pneumonia_P8Pneumonia28V.wav,3,3,4,3,0.0025745476342121133,0.00821464903211957,0.0040484041746692324,0.8825716678109619,0.10259073134803733
asthma_v2_Bronchial_P10BronchialSc_46.wav,3,4,1,2,0.010414530687387432,0.18334311158982158,0.7537019177332391,0.019026269976291095,0.033514170013260826
asthma_v2_Bronchial_P10BronchialSc_48.wav,3,4,1,2,0.005234451963186733,0.18676540633421654,0.7784111788731553,0.012142769864048678,0.01744619296539309
asthma_v2_Bronchial_P10BronchialSc_50.wav,3,4,1,1,0.016849224314809202,0.8903082307322644,0.07409729613050202,0.006606257125949913,0.012138991696474376
asthma_v2_Bronchial_P10BronchialTc_47.wav,3,4,1,2,0.005122046288949169,0.2116069126938626,0.7577634124064456,0.010429983336924232,0.015077645273818743
asthma_v2_Bronchial_P10BronchialTc_49.wav,3,4,1,1,0.019362401840295942,0.9105639571693293,0.049114647483237225,0.007419714392098713,0.013539279115039066
asthma_v2_Bronchial_P16BronchialSc_76.wav,3,4,1,1,0.03485133827228532,0.7177350722020193,0.17949021694224315,0.02300145508876344,0.04492191749468876
asthma_v2_Bronchial_P16BronchialSc_78.wav,3,4,1,2,0.18454277050785253,0.18432888694572525,0.5944717006471247,0.01411920752851769,0.022537434370779874
asthma_v2_Bronchial_P16BronchialSc_80.wav,3,4,1,1,0.12022932601323125,0.7696272266603522,0.017327786252047266,0.03344221193723338,0.05937344913713558
asthma_v2_Bronchial_P16BronchialTc_77.wav,3,4,1,1,0.023628976079502026,0.7885886898431237,0.10621456265912914,0.03968408042187951,0.04188369099636575
asthma_v2_Bronchial_P16BronchialTc_79.wav,3,4,1,1,0.0324817048611208,0.9187977829811498,0.015945613751234804,0.0174901789046343,0.015284719501860082
asthma_v2_Bronchial_P2BronchialSc_10.wav,3,4,1,1,0.025608350547067695,0.8754053702662667,0.06011829896107719,0.019921967814760175,0.01894601241082853
asthma_v2_Bronchial_P2BronchialSc_6.wav,3,4,1,1,0.03628327837981153,0.8429847831457504,0.0889593842341239,0.00993738656464147,0.021835167675672854
asthma_v2_Bronchial_P2BronchialSc_8.wav,3,4,1,1,0.018689787246545304,0.8907438187444165,0.005019193512657971,0.021351405886124372,0.06419579461025586
asthma_v2_Bronchial_P2BronchialTc_7.wav,3,4,1,1,0.06451522968925388,0.7606233923505376,0.04863076227032573,0.02933454993565907,0.09689606575422335
asthma_v2_Bronchial_P2BronchialTc_9.wav,3,4,1,1,0.016855007456008264,0.872441796343767,0.0076989791846034114,0.02311367721801315,0.07989053979760835
asthma_v2_Bronchial_P9BronchialSc_42.wav,3,4,1,1,0.0019414374550237952,0.9690207208687723,0.019171580056615428,0.0063157317502762515,0.0035505298693119126
asthma_v2_Bronchial_P9BronchialSc_44.wav,3,4,1,1,0.0044819927282860345,0.9730177668621662,0.0069262782220153515,0.011300267365516637,0.004273694822015551
asthma_v2_Bronchial_P9BronchialTc_41.wav,3,4,1,1,0.0025478478886569217,0.9597557214964165,0.0047655206674273075,0.030540819795741036,0.002390090151757823
asthma_v2_Bronchial_P9BronchialTc_43.wav,3,4,1,1,0.009898616233570244,0.936176325549575,0.022643510995050825,0.008964163322880313,0.022317383898923283
asthma_v2_Bronchial_P9BronchialTc_45.wav,3,4,1,1,0.0011682701858942057,0.9677423259136932,0.028494852775878935,0.0011633934663999575,0.0014311576581334175
asthma_v2_asthma_P11WheezingIE_53.wav,3,4,0,0,0.6647914476652101,0.1922651947777227,0.02654028799488959,0.016242675049068504,0.1001603945131092
asthma_v2_asthma_P11WheezingIU_54.wav,3,4,0,0,0.5717463643337455,0.2120659287836959,0.013007340002400931,0.027696950583293883,0.17548341629686404
asthma_v2_asthma_P11WheezingRL_51.wav,3,4,0,0,0.7297149803781076,0.21044801021285747,0.009693547495483392,0.006376984175358771,0.04376647773819295
asthma_v2_asthma_P11WheezingRL_55.wav,3,4,0,0,0.6000331730214837,0.28002165170451576,0.044930651051750196,0.02297562885001482,0.05203889537223534
asthma_v2_asthma_P11WheezingRS_52.wav,3,4,0,0,0.6527876240277038,0.2767718112333351,0.01791776678922964,0.01124428542406247,0.04127851252566907
asthma_v2_asthma_P13WheezingIE_61.wav,3,4,0,0,0.6770313902316916,0.11767792183760607,0.020521638279328295,0.019355463723483582,0.16541358592789074
asthma_v2_asthma_P13WheezingIE_65.wav,3,4,0,0,0.7921471403781531,0.08126006289442755,0.024663678103131942,0.005829286818597338,0.09609983180568976
asthma_v2_asthma_P13WheezingIU_62.wav,3,4,0,0,0.822579654038462,0.07272729031732768,0.0076660896877685505,0.009586543248947355,0.08744042270749446
asthma_v2_asthma_P13WheezingRL_63.wav,3,4,0,0,0.6595163005502717,0.18449298468751274,0.028807295636521596,0.017064200217365134,0.11011921890832899
asthma_v2_asthma_P13WheezingRS_64.wav,3,4,0,0,0.8819694117107257,0.038431375307207825,0.023736621205676444,0.002910156180801493,0.052952435595588876
asthma_v2_asthma_P14WheezingIE_69.wav,3,4,0,0,0.6285078318182399,0.07797653196277729,0.04231038092608446,0.12093802405621895,0.1302672312366794
asthma_v2_asthma_P14WheezingIU_66.wav,3,4,0,0,0.9296561434116142,0.0318541939665797,0.007932801038999446,0.0013421440068092398,0.029214717575997168
asthma_v2_asthma_P14WheezingIU_70.wav,3,4,0,4,0.28956663179858033,0.004995892247416514,0.00253007355363352,0.008984001567005292,0.6939234008333643
asthma_v2_asthma_P14WheezingRL_67.wav,3,4,0,0,0.8609541602030009,0.009139097835113111,0.009550722491012508,0.00890991559201306,0.11144610387886025
asthma_v2_asthma_P14WheezingRS_68.wav,3,4,0,0,0.7698386291148875,0.00453091355452369,0.0024338749813074007,0.005342265411838974,0.21785431693744237
asthma_v2_asthma_P19WheezingIE_93.wav,3,4,0,4,0.2848931617821864,0.01836141779956916,0.0013007665979309151,0.004437663790151169,0.691006990030162
asthma_v2_asthma_P19WheezingIU_94.wav,3,4,0,0,0.7437986008851627,0.06182565842601819,0.020295900394286394,0.002887290268300859,0.17119255002623163
asthma_v2_asthma_P19WheezingRL_91.wav,3,4,0,0,0.9668211935233251,0.008746228336339059,0.0016970736001024511,0.0004778445110713851,0.02225766002916245
asthma_v2_asthma_P19WheezingRL_95.wav,3,4,0,0,0.9660034403629298,0.004927934531705507,0.0006947853704559326,0.00028048438635764494,0.02809335534855118
asthma_v2_asthma_P19WheezingRS_92.wav,3,4,0,0,0.47174303484221064,0.029880282111305556,0.017827808072613475,0.1864767675598983,0.2940721074139718
asthma_v2_asthma_P25WheezingIE_121.wav,3,4,0,0,0.7205032449297163,0.030325998441553023,0.18739435668127843,0.004273377137306462,0.057503022810145736
asthma_v2_asthma_P25WheezingIE_125.wav,3,4,0,4,0.3422154797596632,0.026499621301748304,0.011766360397513944,0.03702186046783846,0.5824966780732365
asthma_v2_asthma_P25WheezingIU_122.wav,3,4,0,0,0.6697551892518501,0.0050594683992809955,0.01274617041702697,0.002315509917127642,0.31012366201471464
asthma_v2_asthma_P25WheezingRL_123.wav,3,4,0,0,0.60814440169695,0.00653884467857901,0.027909340488962393,0.0022020493650931634,0.35520536377041545
asthma_v2_asthma_P25WheezingRS_124.wav,3,4,0,0,0.749463176705333,0.008167591478226027,0.03879938604124019,0.010294462133455234,0.19327538364174562
asthma_v2_asthma_P32WheezingIE_157.wav,3,4,0,0,0.6169054958526711,0.03005615641951353,0.009424657577934968,0.008483200495865189,0.3351304896540155
asthma_v2_asthma_P32WheezingIU_158.wav,3,4,0,0,0.7993512103899115,0.05451162512612023,0.011043666221257669,0.007705338207515595,0.1273881600551949
asthma_v2_asthma_P32WheezingRL_159.wav,3,4,0,0,0.4518519272420113,0.23678826978444356,0.014986171065743854,0.011904513806346032,0.2844691181014552
asthma_v2_asthma_P32WheezingRS_156.wav,3,4,0,0,0.8418078117168837,0.020591142302677515,0.0086486546753171,0.03622362705280014,0.09272876425232153
asthma_v2_asthma_P32WheezingRS_160.wav,3,4,0,0,0.5323796954878807,0.00969611250909962,0.005141543861996078,0.005112550952005677,0.44767009718901807
asthma_v2_asthma_P36WheezingIE_177.wav,3,4,0,0,0.9732307103373903,0.005329603319858064,0.008968146541330468,0.0007843754261167419,0.011687164375304902
asthma_v2_asthma_P36WheezingIU_178.wav,3,4,0,0,0.9739752146416614,0.0009790327090564602,0.005500824638158698,0.000492757994530397,0.019052170016593366
asthma_v2_asthma_P36WheezingRL_179.wav,3,4,0,0,0.5509627201388834,0.30287001648151146,0.1050336851025585,0.006130039034340161,0.03500353924270664
asthma_v2_asthma_P36WheezingRS_176.wav,3,4,0,0,0.948709158679409,0.007825596008995338,0.0319978006228479,0.0011880514238646824,0.010279393264882872
asthma_v2_asthma_P36WheezingRS_180.wav,3,4,0,0,0.5310345426247675,0.34860089951300693,0.06918796597781576,0.0034283359365834256,0.04774825594782666
asthma_v2_asthma_P38WheezingIE_189.wav,3,4,0,0,0.7407655071557367,0.04214274008142393,0.19941287194596025,0.004723007226115308,0.01295587359076369
asthma_v2_asthma_P38WheezingIU_186.wav,3,4,0,0,0.8258103112532668,0.03714835435263364,0.10993765930689771,0.011969484884727703,0.015134190202474383
asthma_v2_asthma_P38WheezingIU_190.wav,3,4,0,0,0.6047102852968969,0.0774635557700896,0.2630014501572315,0.02286347066864488,0.031961238107137115
asthma_v2_asthma_P38WheezingRL_187.wav,3,4,0,0,0.771813880028852,0.08650314064141214,0.0319188810910711,0.03656817239934604,0.07319592583931878
asthma_v2_asthma_P38WheezingRS_188.wav,3,4,0,0,0.4670779611350249,0.06840156226721195,0.4082489631011226,0.018483657133172994,0.03778785636346776
asthma_v2_asthma_P43WheezingIE_213.wav,3,4,0,0,0.5798572560983497,0.030242067425831267,0.3620164028028419,0.008300049545889285,0.019584224127088067
asthma_v2_asthma_P43WheezingIU_214.wav,3,4,0,0,0.7775901525811778,0.00677713112555262,0.18703662937145799,0.003490547749791963,0.02510553917201967
asthma_v2_asthma_P43WheezingRL_211.wav,3,4,0,2,0.10768249982700202,0.02801138001790292,0.8394694342391179,0.009055066389468827,0.015781619526508018
asthma_v2_asthma_P43WheezingRL_215.wav,3,4,0,0,0.9358386099611267,0.0016363168631249169,0.02228732372306642,0.0010168275204119803,0.03922092193227025
asthma_v2_asthma_P43WheezingRS_212.wav,3,4,0,0,0.5427297182337929,0.13639721332653032,0.2600814711966036,0.012126115867160657,0.04866548137591255
asthma_v2_asthma_P48WheezingIE_237.wav,3,4,0,0,0.8993385732531322,0.011134346729525126,0.020857481189464133,0.0029466658316025115,0.06572293299627624
asthma_v2_asthma_P48WheezingIU_238.wav,3,4,0,0,0.8964827794024216,0.012030875631053015,0.04403331564877441,0.004416486911578745,0.04303654240617218
asthma_v2_asthma_P48WheezingRL_239.wav,3,4,0,0,0.8653731807913917,0.03441482179765989,0.03911186077102013,0.005170030976355135,0.055930105663573385
asthma_v2_asthma_P48WheezingRS_236.wav,3,4,0,0,0.7723249118162212,0.014854050369354782,0.06632173804996847,0.00407817564218219,0.14242112412227348
asthma_v2_asthma_P48WheezingRS_240.wav,3,4,0,0,0.7982219433537906,0.011159962487986794,0.05535465589201248,0.002539875684145988,0.13272356258206383
asthma_v2_asthma_P53WheezingIE_261.wav,3,4,0,0,0.7124877318943851,0.162183094081522,0.04052385206331683,0.00788604216129097,0.07691927979948524
asthma_v2_asthma_P53WheezingIE_265.wav,3,4,0,0,0.28557090070882307,0.265576960520768,0.2697478981517825,0.07336855890688768,0.10573568171173839
asthma_v2_asthma_P53WheezingIU_262.wav,3,4,0,0,0.8983880966769041,0.046080075784403395,0.007505337774195374,0.0029332005128222638,0.04509328925167511
asthma_v2_asthma_P53WheezingRL_263.wav,3,4,0,4,0.0823964807459153,0.080473684095162,0.16354663014550624,0.15848146215480163,0.5151017428586148
asthma_v2_asthma_P53WheezingRS_264.wav,3,4,0,3,0.2513771234262719,0.23784460075530517,0.27048257002771076,0.16826756138334484,0.07202814440736716
asthma_v2_asthma_P57WheezingIE_281.wav,3,4,0,3,0.23477694964080303,0.011449956765010925,0.010298934831395804,0.45904165489648346,0.28443250386630664
asthma_v2_asthma_P57WheezingIE_285.wav,3,4,0,0,0.2625112449432802,0.10049111674614798,0.014322594456504533,0.1644152866644376,0.45825975718963013
asthma_v2_asthma_P57WheezingIU_282.wav,3,4,0,4,0.1762564341975539,0.003053830428628605,0.001833604286051481,0.15848372489656282,0.6603724061912032
asthma_v2_asthma_P57WheezingRL_283.wav,3,4,0,4,0.09645013142850763,0.004114169786037896,0.0021649974600086255,0.0013470185925170282,0.8959236827329289
asthma_v2_asthma_P57WheezingRS_284.wav,3,4,0,0,0.4587921700257407,0.20554305420320562,0.014176873834210596,0.11442747218638448,0.20706042975045882
asthma_v2_asthma_P9AsthmaIE_41.wav,3,4,0,4,0.4593395470068999,0.0036703519827881964,0.003122868410226192,0.005327485422257941,0.5285397471778277
asthma_v2_asthma_P9AsthmaIE_45.wav,3,4,0,0,0.8908093146933438,0.04904199071239894,0.005314757235768178,0.004482073870722091,0.050351863487767226
asthma_v2_asthma_P9AsthmaIU_42.wav,3,4,0,0,0.5978559672230271,0.00624305436580375,0.004905366789964286,0.005799055094065986,0.3851965565271387
asthma_v2_asthma_P9AsthmaRL_43.wav,3,4,0,0,0.9362891043597416,0.004303974856473633,0.005834882424151799,0.002901298923704961,0.050670739435928216
asthma_v2_asthma_P9AsthmaRS_44.wav,3,4,0,0,0.8723388409717706,0.06305326420467051,0.0074416908749111435,0.005088320761175843,0.052077883187471787
asthma_v2_copd_P16COPDMc_122.wav,3,4,2,2,4.866121528037124e-07,3.0232461910840253e-07,0.9995804198959654,2.757926573166337e-06,0.0004160332406894175
asthma_v2_copd_P16COPDMc_124.wav,3,4,2,2,6.028527518959223e-07,3.7493545429544564e-07,0.999395474315305,3.0892211898332616e-06,0.0006004586752987868
asthma_v2_copd_P16COPDMc_126.wav,3,4,2,2,0.0005188926206970258,8.062599159107159e-05,0.9987415013400893,6.793676636189848e-05,0.0005910432812607894
asthma_v2_copd_P16COPDMc_128.wav,3,4,2,2,0.0012049086570970827,0.00034598698401155817,0.997154582688987,0.0001670394409487598,0.0011274822289553473
asthma_v2_copd_P16COPDPr_121.wav,3,4,2,2,0.00039862057315500656,2.7030257119466177e-05,0.9987006238663804,3.291452184641543e-05,0.0008408107814988206
asthma_v2_copd_P16COPDPr_123.wav,3,4,2,2,6.580699078560285e-07,4.1479646486400094e-07,0.9994326782791383,2.2957101399546078e-06,0.0005639531443491908
asthma_v2_copd_P16COPDPr_125.wav,3,4,2,2,4.234014730105822e-07,2.381847730793132e-07,0.9998125358682514,2.323307567434268e-06,0.00018447923793529102
asthma_v2_copd_P16COPDPr_127.wav,3,4,2,2,4.871338666038983e-07,2.8614807164806353e-07,0.9999194715861207,1.7127194729095383e-06,7.804241246795361e-05
asthma_v2_copd_P19COPDMc_146.wav,3,4,2,2,0.02057431755328697,0.04424039576357769,0.9200695552580288,0.0026364057281517655,0.012479325696954903
asthma_v2_copd_P19COPDMc_148.wav,3,4,2,2,0.0199585686212655,0.050304629001673325,0.9129852313231125,0.0016551491288816994,0.01509642192506696
asthma_v2_copd_P19COPDMc_150.wav,3,4,2,2,0.025603812292777563,0.0078066911459651,0.8990175025044543,0.0021538766973159375,0.06541811735948712
asthma_v2_copd_P19COPDMc_152.wav,3,4,2,2,0.010399646367884787,0.0036543697273879036,0.9801570336242573,0.001022154764234848,0.004766795516234912
asthma_v2_copd_P19COPDPr_145.wav,3,4,2,2,0.0003106535107913572,0.006288153426949813,0.9918928619809559,0.00044729293933808714,0.0010610381419647187
asthma_v2_copd_P19COPDPr_147.wav,3,4,2,2,0.026486364136522944,0.03264499092537568,0.9042643122087839,0.0016427344575603365,0.034961598271757384
asthma_v2_copd_P19COPDPr_149.wav,3,4,2,2,0.004335480464233976,0.003893391421758575,0.9887784253412305,0.0004836544303874217,0.0025090483423899357
asthma_v2_copd_P19COPDPr_151.wav,3,4,2,2,0.008145224596422173,0.0076957545986417065,0.9797992486194614,0.0007442773952653865,0.003615494790209735
asthma_v2_copd_P20COPDMc_154.wav,3,4,2,2,0.003033685531296275,0.006091501067222779,0.985231849103364,0.001614887759609394,0.0040280765385078045
asthma_v2_copd_P20COPDMc_156.wav,3,4,2,0,0.2958503090244392,0.08209449070846958,0.2836841209752179,0.018389565335884414,0.3199815139559891
asthma_v2_copd_P20COPDMc_158.wav,3,4,2,2,0.002021020667067619,0.0003000634138154279,0.9967192524901202,0.0002169296519288527,0.0007427337770678885
asthma_v2_copd_P20COPDMc_160.wav,3,4,2,2,0.004169547888238118,0.0003318870213386135,0.9931688218053777,0.0008201498357960054,0.0015095934492496317
asthma_v2_copd_P20COPDPr_153.wav,3,4,2,2,0.010179131134079826,0.0018586843832837216,0.9703763817462839,0.0011944049292162589,0.016391397807135773
asthma_v2_copd_P20COPDPr_155.wav,3,4,2,2,0.14405850977202178,0.06551516593565203,0.7314553177884616,0.013359928763812576,0.04561107774005222
asthma_v2_copd_P20COPDPr_157.wav,3,4,2,1,0.1298586086586849,0.30855244618689004,0.3608579891766244,0.05279430096081895,0.1479366550169814
asthma_v2_copd_P20COPDPr_159.wav,3,4,2,2,0.004919964088777282,0.0004626871411043466,0.9923202578233224,0.0004653994093422211,0.0018316915374537589
asthma_v2_copd_P31COPDMc_242.wav,3,4,2,2,0.014684401911138865,0.005226782274511998,0.9424766883675523,0.025283893399025113,0.012328234047771612
asthma_v2_copd_P31COPDMc_244.wav,3,4,2,2,0.029592231618055582,0.005889600675392153,0.7591809820302786,0.1810120303884767,0.02432515528779721
asthma_v2_copd_P31COPDMc_246.wav,3,4,2,2,0.006810638614607966,0.0002370105280319189,0.99227710493445,0.0001143705236700766,0.0005608753992402821
asthma_v2_copd_P31COPDMc_248.wav,3,4,2,2,0.3282256703180753,0.006402719418851987,0.6532526235551394,0.0007867003093261192,0.011332286398607127
asthma_v2_copd_P31COPDPr_241.wav,3,4,2,2,3.0553006665277424e-07,1.9582776792000327e-07,0.9999623144932435,2.9195798158887308e-05,7.988350763155746e-06
asthma_v2_copd_P31COPDPr_243.wav,3,4,2,3,0.027301771550803832,0.005413779677262774,0.2351954280472661,0.7091436196429614,0.02294540108170578
asthma_v2_copd_P31COPDPr_245.wav,3,4,2,2,0.015390860563450291,0.0012027041633609632,0.9820677659077242,0.0005273438973241336,0.0008113254681403883
asthma_v2_copd_P31COPDPr_247.wav,3,4,2,2,0.0035079001596247422,0.0010214220006810565,0.9944395181043681,0.0003802489983424169,0.0006509107369837422
asthma_v2_copd_P36COPDMc_282.wav,3,4,2,2,0.07467070245030726,0.049169693172620516,0.793442721844158,0.02206982729310969,0.06064705523980446
asthma_v2_copd_P36COPDMc_284.wav,3,4,2,2,0.032976678744674914,0.013832751033412853,0.7037059400385116,0.048032765948044245,0.2014518642353563
asthma_v2_copd_P36COPDMc_286.wav,3,4,2,2,0.0017614560612423738,0.0008291080826639803,0.9954632311851069,0.001277000733811025,0.0006692039371759668
asthma_v2_copd_P36COPDMc_288.wav,3,4,2,2,0.006680955720829342,0.019851070926960715,0.9695777529986198,0.00177316369481984,0.0021170566587704236
asthma_v2_copd_P36COPDPr_281.wav,3,4,2,2,0.0004809142629906266,0.00020586140235891618,0.9989639928487819,0.0002285414559598246,0.00012069002990850522
asthma_v2_copd_P36COPDPr_283.wav,3,4,2,2,0.03246641345788682,0.027671169256060387,0.7668824204992584,0.07819150795273166,0.09478848883406266
asthma_v2_copd_P36COPDPr_285.wav,3,4,2,2,0.0011124054269635,0.0003816486424464003,0.9978119380351301,0.00042245755070084636,0.0002715503447593203
asthma_v2_copd_P36COPDPr_287.wav,3,4,2,2,0.0009850112666436514,0.0011591696942586812,0.9959742164290639,0.0013843037230833772,0.0004972988869502257
asthma_v2_copd_P43COPDMc_338.wav,3,4,2,2,0.0023118886879960913,0.0043531965106609815,0.9856940739432337,0.0012456584920448872,0.0063951823660645946
asthma_v2_copd_P43COPDMc_340.wav,3,4,2,2,4.793181769001031e-07,3.1462060259969007e-07,0.9997756345889238,7.850029394609787e-06,0.0002157214429019866
asthma_v2_copd_P43COPDMc_342.wav,3,4,2,2,0.0007818669021242875,0.00013677044468212555,0.9984739831283298,0.00011228096836780325,0.0004950985564962195
asthma_v2_copd_P43COPDMc_344.wav,3,4,2,2,0.0012000281208936388,0.0005423556307086736,0.9950866072474973,0.0006085817294043547,0.0025624272714960174
asthma_v2_copd_P43COPDPr_337.wav,3,4,2,2,0.0046314191676773645,0.007499634482849646,0.9843449122717173,0.0010280659543541037,0.00249596812340152
asthma_v2_copd_P43COPDPr_339.wav,3,4,2,2,1.5204620986009668e-07,1.2902929540171286e-07,0.9998974265757904,3.0226948642041743e-05,7.206540006226176e-05
asthma_v2_copd_P43COPDPr_341.wav,3,4,2,2,0.000642876706089564,0.000116565865146332,0.9987302076116211,9.416013904855229e-05,0.00041618967809468833
asthma_v2_copd_P43COPDPr_343.wav,3,4,2,2,5.637328401842157e-07,5.786426635068047e-07,0.9999684505494391,8.084998795994451e-06,2.232207626136231e-05
asthma_v2_copd_P44COPDMc_346.wav,3,4,2,2,0.006717619701371038,0.0007283036960956065,0.9866153795224335,0.0013823371362397974,0.004556359943860178
asthma_v2_copd_P44COPDMc_348.wav,3,4,2,2,0.029773069840389552,0.0036532729254362367,0.8006748134138402,0.028061657192308718,0.13783718662802505
asthma_v2_copd_P44COPDMc_350.wav,3,4,2,2,0.002100354686928941,0.03360897737297633,0.9485592960925759,0.013315937396412934,0.0024154344511056187
asthma_v2_copd_P44COPDMc_352.wav,3,4,2,2,9.56277114171226e-07,7.70472099799296e-07,0.9997069040972806,7.933150742649571e-05,0.00021203764607895777
asthma_v2_copd_P44COPDPr_345.wav,3,4,2,2,0.0016503003375947262,0.0009013845455779752,0.9947382846894515,0.0007315406177204,0.001978489809655621
asthma_v2_copd_P44COPDPr_347.wav,3,4,2,2,0.02591141054672186,0.0030350611250850854,0.9209382729563065,0.014044722774597203,0.03607053259728962
asthma_v2_copd_P44COPDPr_349.wav,3,4,2,2,0.003119755414111457,0.018989013776787852,0.9497662705060277,0.022984836238816305,0.005140124064256687
asthma_v2_copd_P44COPDPr_351.wav,3,4,2,2,0.0011307391477779897,0.009703889194082587,0.9841873578612303,0.0036982780658574087,0.0012797357310516638
asthma_v2_copd_P5COPDMc_34.wav,3,4,2,2,0.05668646421317408,0.0014205777718209844,0.8980820020217506,0.012492570842082865,0.0313183851511714
asthma_v2_copd_P5COPDMc_36.wav,3,4,2,2,0.008953995915241111,0.019773293447237793,0.797875080008484,0.01842589870015248,0.15497173192888483
asthma_v2_copd_P5COPDMc_38.wav,3,4,2,2,0.0022211471602554176,0.022114575706483446,0.9625341103060747,0.0035813329407263102,0.009548833886459874
asthma_v2_copd_P5COPDMc_40.wav,3,4,2,2,0.0185211082157095,0.014434205753380785,0.9507755034825808,0.009247121900881146,0.007022060647448142
asthma_v2_copd_P5COPDPr_33.wav,3,4,2,2,0.016429176411400608,0.002297707861659234,0.9753218695294052,0.0021813397030970368,0.003769906494437554
asthma_v2_copd_P5COPDPr_35.wav,3,4,2,2,0.029384944958891553,0.042273140432472364,0.9143999936753137,0.006603811710434171,0.007338109222888111
asthma_v2_copd_P5COPDPr_37.wav,3,4,2,2,0.0043829591371533595,0.04680458428020275,0.9176414464996882,0.01007660530783415,0.021094404775121756
asthma_v2_copd_P5COPDPr_39.wav,3,4,2,2,0.0061594803136838265,0.07327156095780282,0.8814857236287125,0.011947968769343483,0.027135266330457312
asthma_v2_copd_P8COPDMc_58.wav,3,4,2,2,0.00813253309733989,0.00574327854305443,0.9816173225209283,0.0020579328194923266,0.0024489330191855155
asthma_v2_copd_P8COPDMc_60.wav,3,4,2,2,0.0007304511554955994,8.845092259846518e-05,0.998878199619369,9.26324099711791e-05,0.0002102658925659041
asthma_v2_copd_P8COPDMc_62.wav,3,4,2,2,0.0006563945303224831,0.00016353832351872466,0.9988129411132605,0.0001243141284957346,0.00024281190440233937
asthma_v2_copd_P8COPDMc_64.wav,3,4,2,2,0.014297899941605881,0.0016501681695595051,0.9653829027964456,0.003346730246383768,0.015322298846005462
asthma_v2_copd_P8COPDPr_57.wav,3,4,2,2,0.003918792311529952,0.00028571057434608594,0.9918386718684948,0.0009498177228744769,0.003007007522754787
asthma_v2_copd_P8COPDPr_59.wav,3,4,2,2,0.0013202557381930158,0.0001812471178167694,0.9976005467303265,0.0001514058665640379,0.0007465445470997325
asthma_v2_copd_P8COPDPr_61.wav,3,4,2,2,0.0033694367035067853,0.0008891030492351166,0.9935787616046766,0.0008297996160338043,0.0013328990265472262
asthma_v2_copd_P8COPDPr_63.wav,3,4,2,2,0.0006861590095699373,6.230506857580846e-05,0.9988538355643503,6.926620140886228e-05,0.0003284341560952765
asthma_v2_healthy_P11Healthy18S.wav,3,4,3,3,0.09417868783352126,0.17705060731083444,0.09025768016502128,0.4423607374427359,0.19615228724788714
asthma_v2_healthy_P11Healthy30S.wav,3,4,3,1,0.06342848434742014,0.35977926253938225,0.3562784217591481,0.18248738706936024,0.03802644428468926
asthma_v2_healthy_P11Healthy38S.wav,3,4,3,3,0.06117717073173496,0.09895198508728957,0.07855750555502074,0.7203533737780141,0.040959964847940636
asthma_v2_healthy_P11Healthy60S.wav,3,4,3,3,0.026975887249148064,0.0033530521408981612,0.03333768205558277,0.7693751361535536,0.16695824240081794
asthma_v2_healthy_P11Healthy73S.wav,3,4,3,3,0.05868935106731811,0.17858269959436132,0.14928948805993195,0.5690226612681786,0.04441580001020988
asthma_v2_healthy_P14Healthy28S.wav,3,4,3,3,0.022482419454615498,0.018361888149049797,0.021822623089810513,0.9223766589946732,0.014956410311850861
asthma_v2_healthy_P14Healthy47S.wav,3,4,3,3,0.08920629444563212,0.125994526974707,0.25492015480243185,0.4755477156202731,0.05433130815695596
asthma_v2_healthy_P14Healthy53S.wav,3,4,3,3,0.02275099468338218,0.012794855602112272,0.0152219140668667,0.9328364783683885,0.016395757279250633
asthma_v2_healthy_P14Healthy54S.wav,3,4,3,3,0.006236304886370146,0.1988583967607142,0.013792046780069159,0.7550062713589313,0.026106980213915134
asthma_v2_healthy_P14Healthy89S.wav,3,4,3,3,0.004278345718720876,0.2748644168343321,0.015327985663983924,0.6972531211330932,0.008276130649870006
asthma_v2_healthy_P22Healthy36S.wav,3,4,3,3,0.020336051021968404,0.0032875090395605186,0.012101474239600632,0.9239570081678814,0.04031795753098888
asthma_v2_healthy_P22Healthy45S.wav,3,4,3,3,0.015478763880985576,0.0015094646693750492,0.0018781722878135746,0.9285201081778852,0.052613490983940595
asthma_v2_healthy_P22Healthy50S.wav,3,4,3,3,0.23552634005535805,0.01839511416178944,0.008708090256890524,0.6099604279274834,0.12741002759847872
asthma_v2_healthy_P22Healthy88S.wav,3,4,3,3,0.031101786147396605,0.0017562258606047805,0.0023832854362963235,0.8210527085999679,0.14370599395573425
asthma_v2_healthy_P22Healthy94S.wav,3,4,3,3,0.07851456979019214,0.0899981526687637,0.0016039425022616282,0.6647204898552664,0.16516284518351623
asthma_v2_healthy_P23Healthy14S.wav,3,4,3,3,0.031101786147396605,0.0017562258606047805,0.0023832854362963235,0.8210527085999679,0.14370599395573425
asthma_v2_healthy_P23Healthy24S.wav,3,4,3,3,0.04838568702595882,0.001257472507244829,0.0011954168806764937,0.47468440157897024,0.4744770220071497
asthma_v2_healthy_P23Healthy72S.wav,3,4,3,3,0.018396918723135886,0.000905669878339174,0.0019051231595032102,0.9457918820491373,0.03300040618988463
asthma_v2_healthy_P23Healthy97S.wav,3,4,3,3,0.04838568702595882,0.001257472507244829,0.0011954168806764937,0.47468440157897024,0.4744770220071497
asthma_v2_healthy_P23Healthy98S.wav,3,4,3,3,0.018396918723135886,0.000905669878339174,0.0019051231595032102,0.9457918820491373,0.03300040618988463
asthma_v2_healthy_P6Healthy21S.wav,3,4,3,0,0.2531211607916461,0.04674411332745768,0.4118156135735929,0.14975380831067153,0.13856530399663186
asthma_v2_healthy_P6Healthy34S.wav,3,4,3,3,0.07061163118418813,0.0016896292569864506,0.01061689781335297,0.5504902955687566,0.3665915461767155
asthma_v2_healthy_P6Healthy51S.wav,3,4,3,4,0.22234615669860852,0.017252496303633232,0.027841746915556083,0.1334951396114035,0.5990644604707986
asthma_v2_healthy_P6Healthy71S.wav,3,4,3,3,0.0624208345828118,0.05731838426719109,0.07758998910381074,0.7453559339844329,0.0573148580617534
asthma_v2_healthy_P6Healthy77S.wav,3,4,3,4,0.14093770198318617,0.008862787758924174,0.03768725518914374,0.2626296739343277,0.5498825811344179
asthma_v2_healthy_P8Healthy33S.wav,3,4,3,3,0.21326733629261832,0.10812141890782023,0.1824129266442056,0.38928083445306866,0.10691748370228754
asthma_v2_healthy_P8Healthy35S.wav,3,4,3,3,0.15949387969273168,0.07208728539495611,0.1146208583068414,0.566954713872701,0.08684326273276989
asthma_v2_healthy_P8Healthy48S.wav,3,4,3,3,0.13033044420534032,0.03357578462780436,0.1362167505074436,0.6212521807943465,0.07862483986506497
asthma_v2_healthy_P8Healthy70S.wav,3,4,3,3,0.08656665470684914,0.19044215131930217,0.13732683318602204,0.47851874664108546,0.10714561414674131
asthma_v2_healthy_P8Healthy82S.wav,3,4,3,3,0.08083943267088009,0.0819349019552434,0.060301155738237536,0.7081220881807279,0.0688024214549112
asthma_v2_healthy_P9Healthy22S.wav,3,4,3,3,0.01356987234674671,0.005634828726447296,0.004521927266666531,0.9692684271875469,0.00700494447259279
asthma_v2_healthy_P9Healthy29S.wav,3,4,3,4,0.1589295919196545,0.008879484417847168,0.002387189758511543,0.14057099319777483,0.6892327407062117
asthma_v2_healthy_P9Healthy31S.wav,3,4,3,4,0.3202339421470211,0.007339839356363981,0.0009926723718736187,0.07773684585137802,0.5936967002733631
asthma_v2_healthy_P9Healthy61S.wav,3,4,3,4,0.1687526099525173,0.014105349719882344,0.0018464606642854132,0.12734744781662977,0.6879481318466851
asthma_v2_healthy_P9Healthy79S.wav,3,4,3,3,0.03744942490425567,0.0030214111453685205,0.002283405363225371,0.6698042166110738,0.2874415419760768
asthma_v2_pneumonia_P19Pneumonia24H.wav,3,4,4,4,0.0612640517908944,0.03178722354924548,0.0003439063148721778,0.0644268724411952,0.8421779459037927
asthma_v2_pneumonia_P19Pneumonia33O.wav,3,4,4,4,0.017148158601971733,0.0033396929349852763,0.00010543665622781613,0.00203114392072118,0.977375567886094
asthma_v2_pneumonia_P19Pneumonia39Z.wav,3,4,4,4,0.030866367754501602,0.03313415998605789,0.0006615180368025644,0.046179514159818316,0.8891584400628194
asthma_v2_pneumonia_P19Pneumonia41U.wav,3,4,4,4,0.1646585694024272,0.0457072800488583,0.0003566444215440896,0.026584918136308977,0.7626925879908614
asthma_v2_pneumonia_P19Pneumonia75B.wav,3,4,4,4,0.12596360641982726,0.0689367510107458,0.0005572078763436948,0.07755847115113952,0.7269839635419434
asthma_v2_pneumonia_P19Pneumonia90X.wav,3,4,4,3,0.027834801965048124,0.04700741070480319,0.0008224226284861751,0.7074695064963683,0.21686585820529422
asthma_v2_pneumonia_P23Pneumonia19A.wav,3,4,4,2,0.21759409643881047,0.019742518393227312,0.4393369143176211,0.09360705030076796,0.2297194205495731
asthma_v2_pneumonia_P23Pneumonia40O.wav,3,4,4,2,0.32473478732627065,0.034477388597502295,0.33638390701587556,0.06537391300109426,0.23903000405925723
asthma_v2_pneumonia_P23Pneumonia54P.wav,3,4,4,0,0.3357795317416687,0.019364769636741257,0.33222021262736956,0.06974700822884229,0.24288847776537814
asthma_v2_pneumonia_P23Pneumonia60Y.wav,3,4,4,4,0.19194993706554428,0.013017690165443014,0.2531079881088479,0.05429076291675505,0.4876336217434101
asthma_v2_pneumonia_P23Pneumonia90V.wav,3,4,4,4,0.13976890509818682,0.022175146409270916,0.2522279747813708,0.10216445329378318,0.48366352041738847
asthma_v2_pneumonia_P23Pneumonia97P.wav,3,4,4,3,0.08895432992495077,0.019993146781211602,0.3194115745264806,0.3087244047974373,0.2629165439699198
asthma_v2_pneumonia_P24Pneumonia21G.wav,3,4,4,3,0.10278913275429742,0.13277176548060762,0.05417374642707442,0.42536911402558836,0.2848962413124327
asthma_v2_pneumonia_P24Pneumonia54A.wav,3,4,4,4,0.11987370178022376,0.005804502731602247,0.003031706967642654,0.0028750085196685383,0.8684150800008626
asthma_v2_pneumonia_P24Pneumonia67G.wav,3,4,4,4,0.12795770638598553,0.013345851112367326,0.41193449608559846,0.09504044177195925,0.35172150464408936
asthma_v2_pneumonia_P24Pneumonia67Z.wav,3,4,4,4,0.14522849948922137,0.03566394981576612,0.0005653599613314363,0.03929610325398182,0.7792460874796994
asthma_v2_pneumonia_P24Pneumonia91X.wav,3,4,4,4,0.17561421006882302,0.02947683504977692,0.28638581641073746,0.15058016130833854,0.3579429771623245
asthma_v2_pneumonia_P24Pneumonia95T.wav,3,4,4,3,0.09399123016618183,0.20752529593656965,0.02569746583754753,0.5444312769893871,0.12835473107031384
asthma_v2_pneumonia_P32Pneumonia59Q.wav,3,4,4,4,0.019471065341675052,0.034077575872898495,0.0019390688758825607,0.30777250454055133,0.6367397853689928
asthma_v2_pneumonia_P32Pneumonia66M.wav,3,4,4,4,0.061010783274497646,0.012407685843913569,0.0005259892978324218,0.025288201166774965,0.9007673404169816
asthma_v2_pneumonia_P32Pneumonia69E.wav,3,4,4,4,0.0355957325345256,0.021291217050767832,0.004672228195196038,0.006041629111812776,0.9323991931076975
asthma_v2_pneumonia_P32Pneumonia75E.wav,3,4,4,4,0.052282750376737915,0.019873135314711035,0.0004993039461641306,0.010855020803896814,0.9164897895584904
asthma_v2_pneumonia_P32Pneumonia98Y.wav,3,4,4,4,0.035492158036445516,0.03489571387775473,0.0041981476401946076,0.005313213741647011,0.920100766703958
asthma_v2_pneumonia_P32Pneumonia99W.wav,3,4,4,4,0.047798109420333135,0.040876718727565126,0.005290913487183025,0.013116690572661103,0.8929175677922577
asthma_v2_pneumonia_P33Pneumonia50P.wav,3,4,4,4,0.04896510119372609,0.006120993961074795,0.0004292177963694011,0.010119602525673314,0.9343650845231565
asthma_v2_pneumonia_P33Pneumonia70D.wav,3,4,4,4,0.023750326475474266,0.0025609517650214053,0.00031201800996521903,0.0014452985621052966,0.9719314051874339
asthma_v2_pneumonia_P33Pneumonia74T.wav,3,4,4,4,0.027348120465961367,0.005190691310427227,0.00024587782400337614,0.002108470186010384,0.9651068402135974
asthma_v2_pneumonia_P33Pneumonia88U.wav,3,4,4,4,0.021038990215790768,0.00868416931936178,0.0005638997087623981,0.0037962977418649654,0.9659166430142202
asthma_v2_pneumonia_P33Pneumonia94C.wav,3,4,4,4,0.06060165034970971,0.00728186782330628,0.0002575321076071354,0.01587209749782474,0.9159868522215526
asthma_v2_pneumonia_P33Pneumonia94P.wav,3,4,4,4,0.03326686693213139,0.0060961999572532325,0.00043154675508389747,0.0028322753978670375,0.9573731109576646
asthma_v2_pneumonia_P3Pneumonia41L.wav,3,4,4,4,0.0755503546583989,0.0035293061787364036,0.004490940088181407,0.001579508555112214,0.9148498905195712
asthma_v2_pneumonia_P3Pneumonia54K.wav,3,4,4,4,0.07781969678569464,0.001586776671326839,0.0029808950626464617,0.0007648776274892346,0.9168477538528429
asthma_v2_pneumonia_P3Pneumonia61R.wav,3,4,4,3,0.07327457897972668,0.006630874260071943,0.14664256211392315,0.21610374361110216,0.5573482410351761
asthma_v2_pneumonia_P3Pneumonia74F.wav,3,4,4,4,0.2158172925643572,0.01072911965635247,0.0036730613844556076,0.018989462462706636,0.7507910639321287
asthma_v2_pneumonia_P3Pneumonia75Z.wav,3,4,4,4,0.016341370945496,0.0030717084986122698,0.09383036166922397,0.16651219670136946,0.7202443621852987
asthma_v2_pneumonia_P3Pneumonia96L.wav,3,4,4,4,0.026352206084602994,0.0007376096379280711,0.000918495183331241,0.00040065788089885067,0.9715910312132388
asthma_v2_pneumonia_P46Pneumonia15W.wav,3,4,4,3,0.22444473308185064,0.01407366805258287,0.007141447015294597,0.3909457131681178,0.36339443868215454
asthma_v2_pneumonia_P46Pneumonia22V.wav,3,4,4,3,0.022671781257896106,0.014241980287920696,0.06708239570914194,0.44685931585437344,0.4491445268906683
asthma_v2_pneumonia_P46Pneumonia49D.wav,3,4,4,3,0.1882228425667152,0.01692051771865552,0.005254158306966882,0.2758364197316777,0.513766061675985
asthma_v2_pneumonia_P46Pneumonia80D.wav,3,4,4,3,0.006913572124459491,0.006683390831698746,0.03996112780039539,0.8409509631831129,0.10549094606033374
asthma_v2_pneumonia_P46Pneumonia95A.wav,3,4,4,3,0.021196444171196385,0.022020261060463685,0.10270919706547949,0.7809770644402757,0.0730970332625851
asthma_v2_pneumonia_P46Pneumonia99Y.wav,3,4,4,3,0.18905188812737253,0.009272831929177553,0.08491136516340675,0.26587572322240544,0.4508881915576379
asthma_v2_pneumonia_P48Pneumonia31K.wav,3,4,4,3,0.006913572124459491,0.006683390831698746,0.03996112780039539,0.8409509631831129,0.10549094606033374
asthma_v2_pneumonia_P48Pneumonia61T.wav,3,4,4,3,0.022671781257896106,0.014241980287920696,0.06708239570914194,0.44685931585437344,0.4491445268906683
asthma_v2_pneumonia_P48Pneumonia82Z.wav,3,4,4,3,0.021196444171196385,0.022020261060463685,0.10270919706547949,0.7809770644402757,0.0730970332625851
asthma_v2_pneumonia_P6Pneumonia15U.wav,3,4,4,4,0.18156203785533115,0.003914041856225179,0.05679974850294488,0.010757680305079521,0.7469664914804194
asthma_v2_pneumonia_P6Pneumonia17Q.wav,3,4,4,4,0.029567044516629434,0.0011341476195376235,0.01775694090393655,0.05198529497718886,0.8995565719827074
asthma_v2_pneumonia_P6Pneumonia32L.wav,3,4,4,4,0.07577670886544878,0.00692661762594278,0.03694429547128618,0.00881687064635301,0.8715355073909691
asthma_v2_pneumonia_P6Pneumonia37H.wav,3,4,4,4,0.04160192923282633,0.010159451733278561,0.04212685821902183,0.19289891978758936,0.7132128410272841
asthma_v2_pneumonia_P6Pneumonia39O.wav,3,4,4,4,0.085475296650285,0.002520598511532817,0.024602797146135003,0.005771484793704368,0.8816298228983429
asthma_v2_pneumonia_P6Pneumonia84M.wav,3,4,4,4,0.03391305021049053,0.0025295048590161504,0.024487056870958174,0.030095514802411114,0.9089748732571241
asthma_v2_pneumonia_P7Pneumonia22C.wav,3,4,4,4,0.0624596260765469,0.019553497551197747,0.11640030418559923,0.006496712916587298,0.7950898592700688
asthma_v2_pneumonia_P7Pneumonia22X.wav,3,4,4,4,0.02580933443529245,0.005798037410940346,0.051745013908960746,0.12716720523853525,0.7894804090062709
asthma_v2_pneumonia_P7Pneumonia34I.wav,3,4,4,4,0.0829011266691105,0.0011217324434008309,0.018038532053710518,0.021658383575964852,0.876280225257813
asthma_v2_pneumonia_P7Pneumonia61Q.wav,3,4,4,4,0.051744568998461804,0.0029302593887068637,0.025025483744530907,0.030776095083455267,0.8895235927848453
asthma_v2_pneumonia_P7Pneumonia62G.wav,3,4,4,4,0.04703724456891286,0.003488063331202281,0.046231567698597625,0.11406452417401473,0.7891786002272722
asthma_v2_pneumonia_P7Pneumonia76F.wav,3,4,4,4,0.03847395436527559,0.006722095407878081,0.1272932062820638,0.02232296834988034,0.8051877755949022
