file_id,repeat,fold,y_true,y_pred,p_asthma,p_bronchial,p_copd,p_healthy,p_pneumonia
asthma_v2_Bronchial_P11BronchialSc_52.wav,0,0,1,4,0.39724640966994773,0.11341018579022119,0.04414113753350041,0.05945172205844015,0.3857505449478907
asthma_v2_Bronchial_P11BronchialSc_54.wav,0,0,1,3,0.16333111281038992,0.026552574577450028,0.00562404901387297,0.451283967666765,0.3532082959315222
asthma_v2_Bronchial_P11BronchialTc_51.wav,0,0,1,1,0.01650523530816986,0.945114557001468,0.01610155586627588,0.005010244212911037,0.017268407611175193
asthma_v2_Bronchial_P11BronchialTc_53.wav,0,0,1,3,0.04114182315664659,0.042773362557700735,0.003015614826371236,0.7929917642670726,0.12007743519220844
asthma_v2_Bronchial_P11BronchialTc_55.wav,0,0,1,0,0.9302267765353325,0.03184543164709753,0.0060831146237873175,0.0009112471497973535,0.030933430043985563
asthma_v2_Bronchial_P14BronchialSc_66.wav,0,0,1,0,0.6386948800541559,0.31920211599059717,0.021684323210418487,0.0008427160558998636,0.019575964688928756
asthma_v2_Bronchial_P14BronchialSc_68.wav,0,0,1,0,0.6064371534169924,0.022660128816570743,0.3557313886618485,0.0010131943033362444,0.014158134801252093
asthma_v2_Bronchial_P14BronchialSc_70.wav,0,0,1,1,0.0036261074062499316,0.9887047779214535,0.0008353915524561994,0.002957873572302776,0.0038758495475373867
asthma_v2_Bronchial_P14BronchialTc_67.wav,0,0,1,0,0.8540414637950487,0.08752936298456196,0.04175106551392219,0.0013872551277780995,0.015290852578689106
asthma_v2_Bronchial_P14BronchialTc_69.wav,0,0,1,0,0.8375894011630746,0.05806414438919421,0.03355612359719052,0.0009734553535555381,0.06981687549698502
asthma_v2_Bronchial_P16BronchialSc_76.wav,0,0,1,1,0.08055643739206163,0.4141593970792215,0.30143165738742295,0.034477221020958286,0.16937528712033534
asthma_v2_Bronchial_P16BronchialSc_78.wav,0,0,1,0,0.416102590525407,0.23035769982819093,0.21583884935999234,0.02703399791377293,0.11066686237263704
asthma_v2_Bronchial_P16BronchialSc_80.wav,0,0,1,1,0.10722856040606392,0.8027748509935584,0.01634569898960168,0.014179509680967341,0.05947137992980877
asthma_v2_Bronchial_P16BronchialTc_77.wav,0,0,1,1,0.09143712703675885,0.5585730634131759,0.14272258637418633,0.06111798838581351,0.14614923479006547
asthma_v2_Bronchial_P16BronchialTc_79.wav,0,0,1,1,0.01701690619048418,0.9551202509231379,0.0062447923692110175,0.006187965335388587,0.01543008518177822
asthma_v2_Bronchial_P18BronchialSc_86.wav,0,0,1,1,0.0031723380778794887,0.9889460272268816,0.0012134042478859194,0.0033616686011116626,0.0033065618462415846
asthma_v2_Bronchial_P18BronchialSc_88.wav,0,0,1,1,0.00962871089502748,0.9398370080836737,0.031144488171143972,0.0021424080962898855,0.01724738475386485
asthma_v2_Bronchial_P18BronchialSc_90.wav,0,0,1,1,0.009735393559471919,0.9183533748137114,0.0509249609749546,0.0018769550864513485,0.019109315565410716
asthma_v2_Bronchial_P18BronchialTc_87.wav,0,0,1,1,0.0037271892784374997,0.9876156981458559,0.0022882514573272436,0.003633434078471829,0.00273542703990717
asthma_v2_Bronchial_P18BronchialTc_89.wav,0,0,1,1,0.006541169642452714,0.9769059283887589,0.006622303859710334,0.001819996750032271,0.008110601359046024
asthma_v2_Bronchial_P7BronchialSc_32.wav,0,0,1,1,0.004294343749104646,0.9582757253930929,0.00718791918223708,0.024718896237242088,0.005523115438323023
asthma_v2_Bronchial_P7BronchialSc_34.wav,0,0,1,1,0.0024341136580403586,0.9600791746288312,0.006500424236075061,0.027145742616939614,0.0038405448601139176
asthma_v2_Bronchial_P7BronchialTc_31.wav,0,0,1,1,0.001171063858571282,0.986083852824937,0.0013604525810670498,0.008197362656370076,0.0031872680790543738
asthma_v2_Bronchial_P7BronchialTc_33.wav,0,0,1,1,0.0019936537117477174,0.9732948248414042,0.009079134716469879,0.013461820277672665,0.0021705664527056174
asthma_v2_Bronchial_P7BronchialTc_35.wav,0,0,1,1,0.0011818548868948648,0.983777080868775,0.0030541368115468604,0.0049236286964870375,0.00706329873629617
asthma_v2_Bronchial_P9BronchialSc_42.wav,0,0,1,1,0.0008828223311247346,0.9857471744869212,0.003562746198092424,0.005908081507427578,0.0038991754764341685
asthma_v2_Bronchial_P9BronchialSc_44.wav,0,0,1,1,0.002259946681240189,0.9806234329824388,0.0009309191492409467,0.012000037163916483,0.00418566402316345
asthma_v2_Bronchial_P9BronchialTc_41.wav,0,0,1,1,0.0013824121513980336,0.96597691980089,0.0012631072964061482,0.029131565864449743,0.0022459948868562302
asthma_v2_Bronchial_P9BronchialTc_43.wav,0,0,1,1,0.004377582716194843,0.9635137199903668,0.0036003223281442847,0.0048834428741778135,0.02362493209111588
asthma_v2_Bronchial_P9BronchialTc_45.wav,0,0,1,1,0.0007584204427327789,0.9882450373230808,0.008884060859739286,0.0008379865214770374,0.0012744948529705385
asthma_v2_asthma_P15WheezingIE_73.wav,0,0,0,0,0.9159073896038068,0.012146252634476919,0.007842104657181891,0.001284920522399982,0.06281933258213414
asthma_v2_asthma_P15WheezingIU_74.wav,0,0,0,0,0.8659535847634836,0.011347242384989546,0.00971345819929338,0.002126696463924001,0.11085901818830937
asthma_v2_asthma_P15WheezingRL_71.wav,0,0,0,0,0.7336847772788343,0.022607864716480457,0.018276031490357725,0.007294985560443907,0.21813634095388346
asthma_v2_asthma_P15WheezingRL_75.wav,0,0,0,0,0.7145899315663151,0.006466352048762298,0.020807966192792748,0.007092083401969718,0.25104366679016027
asthma_v2_asthma_P15WheezingRS_72.wav,0,0,0,0,0.8760250229240901,0.006113407722344764,0.00595664391549011,0.0014563078505934603,0.11044861758748177
asthma_v2_asthma_P21WheezingIE_101.wav,0,0,0,0,0.6900906370976652,0.014721433939818866,0.004459888931936097,0.06962170966628553,0.22110633036429436
asthma_v2_asthma_P21WheezingIE_105.wav,0,0,0,0,0.3335955642471246,0.04028979171236078,0.2521391619073725,0.009558945333519349,0.3644165367996224
asthma_v2_asthma_P21WheezingIU_102.wav,0,0,0,0,0.8701627131452806,0.023070105940952004,0.000750247441625694,0.04235881327130283,0.06365812020083852
asthma_v2_asthma_P21WheezingRL_103.wav,0,0,0,0,0.708655843694898,0.010741802368752395,0.005022211116161777,0.0729494459963668,0.20263069682382107
asthma_v2_asthma_P21WheezingRS_104.wav,0,0,0,4,0.22507248564932505,0.04549995630517271,0.36275071086480615,0.004266203484570193,0.36241064369612597
asthma_v2_asthma_P27WheezingIE_133.wav,0,0,0,3,0.2637511297107926,0.009791854563256932,0.003177837894206077,0.6573524493934231,0.0659267284383213
asthma_v2_asthma_P27WheezingIU_134.wav,0,0,0,0,0.8389253164344943,0.006881743811891624,0.0019733544644724792,0.0004510560631747449,0.15176852922596704
asthma_v2_asthma_P27WheezingRL_131.wav,0,0,0,0,0.8825168545882238,0.006029760551214845,0.05458162823591415,0.0004780957017896702,0.05639366092285746
asthma_v2_asthma_P27WheezingRL_135.wav,0,0,0,0,0.6662125148199042,0.109834480877157,0.02371699215023133,0.01415349686589994,0.18608251528680766
asthma_v2_asthma_P27WheezingRS_132.wav,0,0,0,0,0.920326954770877,0.0031978836528517643,0.012329139975411041,0.0009639953471217444,0.06318202625373866
asthma_v2_asthma_P34WheezingIE_169.wav,0,0,0,0,0.9540288570620494,0.0047189594519305685,0.001501565136940979,0.0032805011829654496,0.03647011716611388
asthma_v2_asthma_P34WheezingIU_166.wav,0,0,0,0,0.8360019663247509,0.01776505393480635,0.02301656543290519,0.00023110207794550428,0.122985312229592
asthma_v2_asthma_P34WheezingIU_170.wav,0,0,0,0,0.903238255248684,0.037861729268049295,0.003928791376690769,0.001199343260407457,0.05377188084616851
asthma_v2_asthma_P34WheezingRL_167.wav,0,0,0,0,0.9627571913594568,0.008643382030215483,0.0013880008925967338,0.0005620522100030848,0.026649373507727597
asthma_v2_asthma_P34WheezingRS_168.wav,0,0,0,0,0.9241096744724467,0.011851271711165824,0.002926930768523499,0.00397319915473017,0.05713892389313391
asthma_v2_asthma_P35WheezingIE_173.wav,0,0,0,0,0.5715315837869674,0.0029366134836957083,0.33730071898995456,0.0015329616668296683,0.0866981220725526
asthma_v2_asthma_P35WheezingIU_174.wav,0,0,0,0,0.5852512796913939,0.16373693347473683,0.03464782805050858,0.007340130181885248,0.20902382860147564
asthma_v2_asthma_P35WheezingRL_171.wav,0,0,0,0,0.8942525732893577,0.015160411281475597,0.005581401329003812,0.0007948514186700758,0.084210762681493
asthma_v2_asthma_P35WheezingRL_175.wav,0,0,0,0,0.8274273194802727,0.016802328369211868,0.048405286961796926,0.0005240109085189629,0.10684105428019973
asthma_v2_asthma_P35WheezingRS_172.wav,0,0,0,0,0.466928248681142,0.0018007516943589327,0.40710990041540945,0.0007242353104689225,0.12343686389862073
asthma_v2_asthma_P37WheezingIE_181.wav,0,0,0,0,0.8590787379701966,0.006191423633554008,0.07746427752193707,0.00045030350669352496,0.05681525736761879
asthma_v2_asthma_P37WheezingIE_185.wav,0,0,0,0,0.9127260671956559,0.011362703899272698,0.029540814432027558,0.001111246715797865,0.04525916775724615
asthma_v2_asthma_P37WheezingIU_182.wav,0,0,0,0,0.97502162283478,0.0020978306659532623,0.004912968560348265,0.00035619559612326925,0.017611382342795016
asthma_v2_asthma_P37WheezingRL_183.wav,0,0,0,0,0.9397549763673513,0.005732083689039966,0.02797331271628349,0.0007338913676965143,0.02580573585962885
asthma_v2_asthma_P37WheezingRS_184.wav,0,0,0,0,0.8650514132301195,0.036268754327466624,0.0066200158697947015,0.006006728457058438,0.08605308811556062
asthma_v2_asthma_P39WheezingIE_193.wav,0,0,0,0,0.876169143368401,0.0034824149111584287,0.025521827029398366,0.0006198898178682855,0.09420672487317411
asthma_v2_asthma_P39WheezingIU_194.wav,0,0,0,0,0.933255824004597,0.014703444029438014,0.016702742252399216,0.0004770876105109344,0.034860902103055015
asthma_v2_asthma_P39WheezingRL_191.wav,0,0,0,4,0.47278239031778185,0.006343509479152491,0.11080130815030813,0.001932450072356946,0.40814034198040045
asthma_v2_asthma_P39WheezingRL_195.wav,0,0,0,0,0.9460421452296127,0.004521320251060784,0.01433049256266033,0.00036173654824159105,0.034744305408424506
asthma_v2_asthma_P39WheezingRS_192.wav,0,0,0,0,0.5495181525837876,0.0046948129711812,0.0651137022440115,0.0008987382536246787,0.379774593947395
asthma_v2_asthma_P49WheezingIE_241.wav,0,0,0,0,0.7105776477902864,0.007523820896603437,0.009067285656158799,0.0011351078958271516,0.27169613776112445
asthma_v2_asthma_P49WheezingIE_245.wav,0,0,0,0,0.9563744665989026,0.0019605732083712163,0.007500699445527378,0.008512475121550926,0.025651785625647815
asthma_v2_asthma_P49WheezingIU_242.wav,0,0,0,0,0.6273224829216303,0.021507303524058365,0.04817110416539645,0.0008355374809855473,0.302163571907929
asthma_v2_asthma_P49WheezingRL_243.wav,0,0,0,0,0.9634452314781965,0.009508123348946835,0.008466085283192518,0.0033184992647725814,0.015262060624891645
asthma_v2_asthma_P49WheezingRS_244.wav,0,0,0,0,0.9734171200968057,0.0009117621191513564,0.010212228737796945,0.00045201944216040064,0.015006869604085678
asthma_v2_asthma_P51WheezingIE_253.wav,0,0,0,0,0.8671996618855073,0.008613756579058024,0.07359524236896661,0.00272569819047085,0.0478656409759975
asthma_v2_asthma_P51WheezingIU_254.wav,0,0,0,0,0.8819755895351542,0.014954989472967762,0.03753066849880726,0.0008376063010683221,0.06470114619200279
asthma_v2_asthma_P51WheezingRL_251.wav,0,0,0,0,0.7972362234099004,0.017967062906904592,0.11815910262495646,0.0030211230423393288,0.06361648801589924
asthma_v2_asthma_P51WheezingRL_255.wav,0,0,0,0,0.9130413581559583,0.005575135785597761,0.0268101062398364,0.0006139396063227819,0.053959460212284927
asthma_v2_asthma_P51WheezingRS_252.wav,0,0,0,0,0.810622223125723,0.01082633071132048,0.1364948014693057,0.0017613172009911528,0.04029532749265959
asthma_v2_copd_P17COPDMc_130.wav,0,0,2,2,0.0014521430840275377,0.0012906332722615042,0.9787300774376146,0.010849576487745953,0.007677569718350317
asthma_v2_copd_P17COPDMc_132.wav,0,0,2,2,0.0007938768946276476,0.00034553800467910904,0.9983609962923317,8.431064116538193e-05,0.00041527816719613177
asthma_v2_copd_P17COPDMc_134.wav,0,0,2,2,0.0014444439269083048,0.00028214433106747483,0.9971104216842148,0.00012404992235907575,0.0010389401354504362
asthma_v2_copd_P17COPDMc_136.wav,0,0,2,2,0.002678906600983889,0.0015479783588784831,0.9944695969081858,0.00020538355823617127,0.0010981345737157864
asthma_v2_copd_P17COPDPr_129.wav,0,0,2,2,0.0010327225946174384,0.00026201894492945015,0.9941452733389072,0.00026349775832981785,0.004296487363216069
asthma_v2_copd_P17COPDPr_131.wav,0,0,2,2,0.005682843142704958,0.0038791201552404774,0.8420526639987337,0.12546442010634715,0.022920952596973715
asthma_v2_copd_P17COPDPr_133.wav,0,0,2,2,0.001498661177065354,0.00026221132480890995,0.997224383392087,0.000125581593979642,0.0008891625120592642
asthma_v2_copd_P17COPDPr_135.wav,0,0,2,2,0.0024335349633960246,0.0012451559993207747,0.9948479684943705,0.00017585241932333901,0.0012974881235893723
asthma_v2_copd_P23COPDMc_178.wav,0,0,2,2,0.025368265365263428,0.017766243132847047,0.9351372529861043,0.007161145039709819,0.014567093476075715
asthma_v2_copd_P23COPDMc_180.wav,0,0,2,2,0.0010489890572237459,0.0005384285677852136,0.9924927063335417,0.0008128182590843215,0.005107057782364807
asthma_v2_copd_P23COPDMc_182.wav,0,0,2,2,0.011300256025604869,0.010226260419026875,0.7140374054026702,0.08060820883269262,0.18382786932000542
asthma_v2_copd_P23COPDMc_184.wav,0,0,2,2,0.0026938033987153926,0.002642783534414029,0.9229503574762167,0.03780326140829644,0.033909794182357456
asthma_v2_copd_P23COPDPr_177.wav,0,0,2,2,0.006432438419787037,0.0068456233544355385,0.9709298854330257,0.004135365731139504,0.011656687061612074
asthma_v2_copd_P23COPDPr_179.wav,0,0,2,2,0.0010105482780298413,0.0010044994638384226,0.9916599237873831,0.000770633400229693,0.005554395070519077
asthma_v2_copd_P23COPDPr_181.wav,0,0,2,2,0.001087373838535692,0.0004997537181247459,0.9894974046070192,0.0006168454250301299,0.008298622411289792
asthma_v2_copd_P23COPDPr_183.wav,0,0,2,2,0.005199481191148213,0.004376088966137857,0.869916781417487,0.05175426481489144,0.06875338361033557
asthma_v2_copd_P31COPDMc_242.wav,0,0,2,2,0.03300395731691178,0.008071249837069028,0.8358219945243568,0.08773157542526891,0.03537122289639362
asthma_v2_copd_P31COPDMc_244.wav,0,0,2,2,0.0402702437568335,0.007411468408396289,0.7206882242406308,0.21044807603319132,0.021181987560947635
asthma_v2_copd_P31COPDMc_246.wav,0,0,2,2,0.015595077817522745,0.0004391757885315243,0.9812812900641942,0.00026180530739389435,0.002422651022357941
asthma_v2_copd_P31COPDMc_248.wav,0,0,2,0,0.7044508692313436,0.0061192179729643225,0.26371797166707606,0.0008866067230344713,0.024825334405581666
asthma_v2_copd_P31COPDPr_241.wav,0,0,2,2,1.1208598266477162e-07,7.8623897381619e-08,0.999878693796805,3.769126876237858e-05,8.342422455253106e-05
asthma_v2_copd_P31COPDPr_243.wav,0,0,2,3,0.035508844123656916,0.004933590881468028,0.27531313620430936,0.6585298555407924,0.025714573249773238
asthma_v2_copd_P31COPDPr_245.wav,0,0,2,2,0.08182017551015855,0.0026419876057918673,0.908781511073076,0.001858089901580271,0.0048982359093932785
asthma_v2_copd_P31COPDPr_247.wav,0,0,2,2,0.006526800565037713,0.0019435537967880312,0.9878689462563991,0.0006816922684077403,0.0029790071133672406
asthma_v2_copd_P32COPDMc_250.wav,0,0,2,0,0.3926814252020874,0.04056246115417917,0.5124775634231709,0.005825007547114866,0.04845354267344755
asthma_v2_copd_P32COPDMc_252.wav,0,0,2,0,0.5766071929068183,0.007045005517120739,0.3802590878978754,0.0006139275966391351,0.03547478608154687
asthma_v2_copd_P32COPDMc_254.wav,0,0,2,2,0.10394793210762103,0.0018219742338082638,0.8907558724938197,0.0005868681735051208,0.0028873529912458247
asthma_v2_copd_P32COPDMc_256.wav,0,0,2,2,0.09666048640685607,0.00248485447499593,0.8956374844552406,0.0008768004665638708,0.004340374196343445
asthma_v2_copd_P32COPDPr_249.wav,0,0,2,0,0.6748324261241876,0.012890224622171697,0.23758690041229513,0.007512095431377044,0.067178353409969
asthma_v2_copd_P32COPDPr_251.wav,0,0,2,2,0.24957234575228748,0.00827553136175648,0.7229267499580987,0.0005863736623027701,0.018638999265554568
asthma_v2_copd_P32COPDPr_253.wav,0,0,2,0,0.3822803868093777,0.00803279386456725,0.5872374361522903,0.004107455421085734,0.018341927752679323
asthma_v2_copd_P32COPDPr_255.wav,0,0,2,0,0.35842063554281467,0.00538922866546805,0.6275644682718028,0.0005818590191382718,0.008043808500776496
asthma_v2_copd_P36COPDMc_282.wav,0,0,2,4,0.10708262984944542,0.03729037505685487,0.5009436675500577,0.03171035823020153,0.3229729693134406
asthma_v2_copd_P36COPDMc_284.wav,0,0,2,2,0.004719713775507894,0.0005306662770885457,0.9003092275514033,0.006202835484763901,0.0882375569112366
asthma_v2_copd_P36COPDMc_286.wav,0,0,2,2,0.0008235753877033877,0.0007495505598089194,0.9951410913782559,0.0016458427691526732,0.0016399399050792873
asthma_v2_copd_P36COPDMc_288.wav,0,0,2,2,0.0027971348668126127,0.03311717392571303,0.9556860179016506,0.0023228287077591745,0.006076844598064537
asthma_v2_copd_P36COPDPr_281.wav,0,0,2,2,0.000631491686050891,0.00013832652256749275,0.9978764482042262,0.0005860181020750137,0.0007677154850801905
asthma_v2_copd_P36COPDPr_283.wav,0,0,2,2,0.011663219168949256,0.006267304966108042,0.6674351996516381,0.06337219794932476,0.25126207826397995
asthma_v2_copd_P36COPDPr_285.wav,0,0,2,2,0.0006599131529088203,0.00027240343876990957,0.9950225184361421,0.002318299981099339,0.0017268649910799007
asthma_v2_copd_P36COPDPr_287.wav,0,0,2,2,0.0006671659940741694,0.001162481585806341,0.9947405740528245,0.0018406137267681576,0.0015891646405267607
asthma_v2_copd_P41COPDMc_322.wav,0,0,2,2,4.2628343390995345e-07,4.26954337280911e-07,0.9998990897226723,6.11964633964744e-06,9.39373932167265e-05
asthma_v2_copd_P41COPDMc_324.wav,0,0,2,2,0.0005559094315635724,0.0007121050857561092,0.9979621823982456,0.000239622641084488,0.0005301804433502685
asthma_v2_copd_P41COPDMc_326.wav,0,0,2,2,0.0010073729819531018,0.005767587886341825,0.9872650151298875,0.0020303827822428402,0.003929641219574751
asthma_v2_copd_P41COPDMc_328.wav,0,0,2,2,0.0008420016994635384,0.002919521300047315,0.9921102938449436,0.0017452868524377415,0.002382896303107997
asthma_v2_copd_P41COPDPr_321.wav,0,0,2,2,0.00040025428797587785,0.0005798841367651684,0.9984802812730522,9.704478558291357e-05,0.00044253551662403216
asthma_v2_copd_P41COPDPr_323.wav,0,0,2,2,3.503235210670919e-07,5.81323615347453e-07,0.9996660511651464,3.2247688665783814e-05,0.00030076949905161226
asthma_v2_copd_P41COPDPr_325.wav,0,0,2,2,0.0009570591027815519,0.0007208435575955148,0.997405773255982,0.0003569898086879585,0.000559334274952733
asthma_v2_copd_P41COPDPr_327.wav,0,0,2,2,0.00020608485774356643,0.0009143871658226348,0.9967761537007364,0.0009793672673913388,0.0011240070083059085
asthma_v2_copd_P45COPDMc_354.wav,0,0,2,2,0.0004064593879200815,7.535405614350326e-05,0.9813123485009011,0.003099758552706993,0.015106079502328333
asthma_v2_copd_P45COPDMc_356.wav,0,0,2,2,0.00037667800445967875,5.800443259155845e-05,0.9979381786868841,0.00034912093226976347,0.001278017943795235
asthma_v2_copd_P45COPDMc_358.wav,0,0,2,3,0.15571970672732444,0.035120300667828286,0.08605719991869215,0.5553375819191988,0.16776521076695627
asthma_v2_copd_P45COPDMc_360.wav,0,0,2,3,0.042757628534990655,0.010064895593840046,0.31525205074595636,0.33614141686068966,0.2957840082645236
asthma_v2_copd_P45COPDPr_353.wav,0,0,2,2,2.4852220714372274e-05,1.8065934677209617e-05,0.9931251911290818,0.0004645215433261131,0.006367369172200645
asthma_v2_copd_P45COPDPr_355.wav,0,0,2,2,6.524361399113077e-07,4.828991327307024e-07,0.998894973223997,0.00021367230806253168,0.00089021913266761
asthma_v2_copd_P45COPDPr_357.wav,0,0,2,2,9.466342381872377e-08,6.710096339127661e-08,0.9996494202393166,4.3923566994422414e-05,0.0003064944293017061
asthma_v2_copd_P45COPDPr_359.wav,0,0,2,3,0.04612297226167377,0.011666196624471707,0.2600699043680744,0.35479181303551105,0.32734911371026965
asthma_v2_copd_P50COPDMc_394.wav,0,0,2,2,0.00020426780781296732,0.0009499507858020375,0.9954385967747026,0.0021089835755486626,0.0012982010561335313
asthma_v2_copd_P50COPDMc_396.wav,0,0,2,2,0.0019320834597171181,0.0009942343455392726,0.9703401054265801,0.020490585597824646,0.006242991170338765
asthma_v2_copd_P50COPDMc_398.wav,0,0,2,2,0.0002723942026126715,0.0009129145358397778,0.998116973749989,0.00017074059495552827,0.0005269769166029542
asthma_v2_copd_P50COPDMc_400.wav,0,0,2,2,0.0002526944846201691,0.0038315042075805234,0.9948170310722003,0.0002519427715724107,0.0008468274640267025
asthma_v2_copd_P50COPDPr_393.wav,0,0,2,2,0.000433866555219952,0.011466722448227447,0.9821279657120089,0.004381438333113149,0.0015900069514304972
asthma_v2_copd_P50COPDPr_395.wav,0,0,2,2,0.0011981744161409418,0.0010697252928593087,0.9848590013675486,0.006470817331002936,0.006402281592447967
asthma_v2_copd_P50COPDPr_397.wav,0,0,2,2,0.0017472433498085895,0.0008776596991354639,0.9927313708483194,0.0014331696106921704,0.0032105564920443808
asthma_v2_copd_P50COPDPr_399.wav,0,0,2,2,0.0012789495027491534,0.0024852227099671762,0.994039374154889,0.000556926027685973,0.0016395276047087306
asthma_v2_copd_P6COPDMc_42.wav,0,0,2,2,0.00266564666430515,0.004375640997554513,0.9776597865291755,0.0011996392316842737,0.014099286577280755
asthma_v2_copd_P6COPDMc_44.wav,0,0,2,2,0.0013632725648780682,0.0017548306498547802,0.9883740135240014,0.0005269920616613759,0.007980891199604602
asthma_v2_copd_P6COPDMc_46.wav,0,0,2,2,0.03527531420093393,0.015514567649829,0.8336074375682301,0.011514379606926297,0.10408830097408112
asthma_v2_copd_P6COPDMc_48.wav,0,0,2,4,0.022295978799776735,0.015832853660128918,0.5674318499944304,0.01292731017156229,0.3815120073741018
asthma_v2_copd_P6COPDPr_41.wav,0,0,2,2,0.0033970193208045078,0.0015074826142067678,0.9839041671994706,0.000619539638480659,0.010571791227037516
asthma_v2_copd_P6COPDPr_43.wav,0,0,2,2,0.002569730854058498,0.0018959588612434337,0.9805607281872657,0.0006827026626044237,0.014290879434827932
asthma_v2_copd_P6COPDPr_45.wav,0,0,2,4,0.09097674690712002,0.004948799387344394,0.49927995267822567,0.012634998682442396,0.39215950234486774
asthma_v2_copd_P6COPDPr_47.wav,0,0,2,4,0.07312754952868285,0.04717297343356092,0.31726894304584946,0.03150592726430673,0.5309246067275997
asthma_v2_healthy_P10Healthy10S.wav,0,0,3,4,0.1963099666963481,0.01969961825211219,0.02372750073805376,0.028268365128351174,0.7319945491851347
asthma_v2_healthy_P10Healthy14S.wav,0,0,3,4,0.2682953088322769,0.02398904326958237,0.01580572131099302,0.017369547453944017,0.674540379133204
asthma_v2_healthy_P10Healthy61S.wav,0,0,3,3,0.04720234428830529,0.00672383958809486,0.019490782346083552,0.6480372062390556,0.27854582753846086
asthma_v2_healthy_P10Healthy65S.wav,0,0,3,3,0.028180504279460818,0.0024017582814154638,0.0066827538612899764,0.7209160312744826,0.24181895230335132
asthma_v2_healthy_P10Healthy93S.wav,0,0,3,4,0.18049749556128517,0.012808010152023437,0.029675933860622287,0.04878466617843238,0.7282338942476366
asthma_v2_healthy_P13Healthy28S.wav,0,0,3,3,0.021256918586696438,0.00979179882117799,0.043709907518991266,0.8806000027901236,0.04464137228301051
asthma_v2_healthy_P13Healthy42S.wav,0,0,3,3,0.003089980136273855,0.005341164478580289,0.005722245656485512,0.9816301371603813,0.004216472568279335
asthma_v2_healthy_P13Healthy48S.wav,0,0,3,3,0.03702858371273702,0.05930581688069056,0.04641670571507718,0.8240857115001401,0.033163182191355466
asthma_v2_healthy_P13Healthy53S.wav,0,0,3,3,0.060348587536376494,0.14417337847432946,0.10070284744249551,0.6487642696359063,0.04601091691089214
asthma_v2_healthy_P13Healthy69S.wav,0,0,3,3,0.06978607841990621,0.05571317150482743,0.03684365965673415,0.754870065348132,0.08278702507040035
asthma_v2_healthy_P2Healthy30S.wav,0,0,3,3,0.01580484258242518,0.0013839167541073846,0.012601612998753025,0.5995645042543178,0.37064512341039635
asthma_v2_healthy_P2Healthy43S.wav,0,0,3,3,0.1004360269508451,0.10144195501328747,0.07031379115108186,0.5890752971188865,0.13873292976589907
asthma_v2_healthy_P2Healthy54S.wav,0,0,3,1,0.052824355849726834,0.4342517596699688,0.0192694461178624,0.441098190225044,0.05255624813739785
asthma_v2_healthy_P2Healthy72S.wav,0,0,3,4,0.06390901165122716,0.002621529405054487,0.035314717902716744,0.1843546940738392,0.7138000469671624
asthma_v2_healthy_P2Healthy89S.wav,0,0,3,3,0.024681672712790807,0.0021484209964228464,0.035736182369417925,0.6416880761671454,0.2957456477542232
asthma_v2_healthy_P3Healthy44S.wav,0,0,3,3,0.0043017596796268275,0.00886167881273777,0.007311589446472903,0.9721284714149725,0.007396500646190149
asthma_v2_healthy_P3Healthy49S.wav,0,0,3,3,0.00830241311906689,0.05851003837841889,0.009868716833842642,0.9089106848998324,0.014408146768839029
asthma_v2_healthy_P3Healthy57S.wav,0,0,3,3,0.031256841047910655,0.02943831751181093,0.006326112625373503,0.9111139083114422,0.021864820503462817
asthma_v2_healthy_P3Healthy60S.wav,0,0,3,3,0.06155437482896142,0.19339654397292524,0.021987872649877633,0.6391937396151597,0.08386746893307619
asthma_v2_healthy_P3Healthy84S.wav,0,0,3,3,0.001705562275875768,0.01632689067445789,0.0038829787659716646,0.9705422509954924,0.007542317288202316
asthma_v2_healthy_P6Healthy21S.wav,0,0,3,0,0.22252283693088032,0.07619185532881141,0.4154848213447336,0.12438397340552879,0.1614165129900457
asthma_v2_healthy_P6Healthy34S.wav,0,0,3,3,0.06719378816836498,0.0021308484963497906,0.023201510097848727,0.43576233387184,0.4717115193655965
asthma_v2_healthy_P6Healthy51S.wav,0,0,3,3,0.3577791754346855,0.016771238045563554,0.031051213292346003,0.3777119969333342,0.21668637629407086
asthma_v2_healthy_P6Healthy71S.wav,0,0,3,3,0.046754873061114824,0.05610418267166478,0.03273200250415172,0.815959740074014,0.04844920168905478
asthma_v2_healthy_P6Healthy77S.wav,0,0,3,4,0.12414745922883375,0.00996766840447742,0.0716034514153746,0.2523739792874115,0.5419074416639028
asthma_v2_pneumonia_P13Pneumonia20R.wav,0,0,4,4,0.23409785228333094,0.0026040096869932006,0.02441439050378672,0.132706291573992,0.6061774559518971
asthma_v2_pneumonia_P13Pneumonia26N.wav,0,0,4,4,0.27073841259445275,0.039662866998912444,0.005665667942484712,0.01958622590549187,0.6643468265586582
asthma_v2_pneumonia_P13Pneumonia33Z.wav,0,0,4,4,0.1855945574356608,0.0032222257135082854,0.014243671692615149,0.05080879962042839,0.7461307455377875
asthma_v2_pneumonia_P13Pneumonia60R.wav,0,0,4,4,0.13251863989440973,0.0013771186275674913,0.011199286427025302,0.18842340973253255,0.6664815453184652
asthma_v2_pneumonia_P13Pneumonia94T.wav,0,0,4,4,0.04095057731806821,0.02523033833940139,0.030449335717927854,0.020826424271398376,0.8825433243532042
asthma_v2_pneumonia_P13Pneumonia99T.wav,0,0,4,0,0.5306805059512,0.04299723365362234,0.010275257790066236,0.0011106308718470935,0.41493637173326436
asthma_v2_pneumonia_P14Pneumonia19W.wav,0,0,4,4,0.3427906081596548,0.01054613293442558,0.03196944211828865,0.0005773485830205152,0.614116468204611
asthma_v2_pneumonia_P14Pneumonia22X.wav,0,0,4,3,0.008472637068069163,0.0005880711057910628,0.0008980762935771031,0.8913937115467913,0.09864750398577123
asthma_v2_pneumonia_P14Pneumonia40M.wav,0,0,4,3,0.03853243114892134,0.006911752929355531,0.0009507292848228866,0.8518000218056105,0.10180506483128957
asthma_v2_pneumonia_P14Pneumonia62B.wav,0,0,4,4,0.4843864435004306,0.01646044484063449,0.005741479384558177,0.0015134395848012637,0.49189819268957546
asthma_v2_pneumonia_P14Pneumonia73T.wav,0,0,4,4,0.19325629788461657,0.00450691189809348,0.024502470410567082,0.000539225009727727,0.7771950947969952
asthma_v2_pneumonia_P14Pneumonia87C.wav,0,0,4,4,0.09156551985236067,0.007706933443937075,0.028857944763458498,0.0020107422462058433,0.869858859694038
asthma_v2_pneumonia_P1Pneumonia10T.wav,0,0,4,4,0.028998390007427915,0.000928748795381628,0.0010531934555491553,0.00025083784521084577,0.9687688298964305
asthma_v2_pneumonia_P1Pneumonia39F.wav,0,0,4,4,0.027683612657364097,0.0031809656716569666,0.0035075493200411967,0.0011747361650117157,0.9644531361859258
asthma_v2_pneumonia_P1Pneumonia41U.wav,0,0,4,4,0.02027307858377103,0.0006801948851746335,0.0004740347791062439,0.0008936833240746951,0.9776790084278731
asthma_v2_pneumonia_P1Pneumonia93D.wav,0,0,4,4,0.03416444209093677,0.0004433007636161512,0.0005570989032773676,0.0003402866543386121,0.9644948715878311
asthma_v2_pneumonia_P1Pneumonia94J.wav,0,0,4,4,0.08371056485970088,0.007406022967633784,0.007160327895816211,0.02015328042993797,0.881569803846911
asthma_v2_pneumonia_P1Pneumonia97M.wav,0,0,4,4,0.08112312992875749,0.0012567069252922179,0.0015810956637976985,0.0007452952022871165,0.9152937722798654
asthma_v2_pneumonia_P20Pneumonia27V.wav,0,0,4,4,0.2655107119947566,0.0010434911601343796,0.0025575733455570756,0.016968362963145807,0.7139198605364062
asthma_v2_pneumonia_P20Pneumonia31P.wav,0,0,4,3,0.18546423373369,0.007150384324655119,0.00311893401137324,0.422914977776328,0.38135147015395354
asthma_v2_pneumonia_P20Pneumonia37V.wav,0,0,4,3,0.17254745121732762,0.015538037382653889,0.006851944599941766,0.28908125143581576,0.515981315364261
asthma_v2_pneumonia_P20Pneumonia42B.wav,0,0,4,4,0.16364302867676736,0.0009930712429325442,0.0027783171297538173,0.04429094896408209,0.788294633986464
asthma_v2_pneumonia_P20Pneumonia58T.wav,0,0,4,4,0.24788456070717693,0.0017682955389651713,0.002052077297304468,0.08716472891555262,0.661130337541001
asthma_v2_pneumonia_P20Pneumonia84L.wav,0,0,4,3,0.1688830453006575,0.006965925328321496,0.004047888657638546,0.3572496984794577,0.4628534422339247
asthma_v2_pneumonia_P27Pneumonia25R.wav,0,0,4,4,0.11321959575616343,0.005241913333090176,0.008573093140056734,0.0005825672850382105,0.8723828304856517
asthma_v2_pneumonia_P27Pneumonia28K.wav,0,0,4,4,0.10182507592876022,0.015540617078656177,0.021241031264825586,0.006428946102061068,0.8549643296256968
asthma_v2_pneumonia_P27Pneumonia37T.wav,0,0,4,2,0.06832532006640123,0.0046146551808972395,0.7356929971374623,0.002113997074483649,0.18925303054075568
asthma_v2_pneumonia_P27Pneumonia48G.wav,0,0,4,2,0.07089123526418417,0.004627343387821046,0.6842766565376885,0.0013671563506262583,0.23883760845968008
asthma_v2_pneumonia_P27Pneumonia62C.wav,0,0,4,4,0.12584262340091631,0.010495038295511428,0.009432726866364377,0.0023089136499915633,0.8519206977872165
asthma_v2_pneumonia_P27Pneumonia77J.wav,0,0,4,2,0.0694269461487176,0.00421044572220933,0.7377106582738236,0.001149841476980799,0.18750210837826842
asthma_v2_pneumonia_P29Pneumonia14M.wav,0,0,4,4,0.046298567053686276,0.000860528704758452,0.0012516922589463678,0.0003452882732497353,0.951243923709359
asthma_v2_pneumonia_P29Pneumonia17N.wav,0,0,4,4,0.12605585942264944,0.007616508728658639,0.003111063111429065,0.013082748033826419,0.8501338207034363
asthma_v2_pneumonia_P29Pneumonia18M.wav,0,0,4,4,0.038237409713250424,0.012517688807777906,0.008692524595679478,0.05757613862921702,0.882976238254075
asthma_v2_pneumonia_P29Pneumonia24X.wav,0,0,4,4,0.03692088082824279,0.002867808544610891,0.002263622779168726,0.0007759941060089035,0.9571716937419685
asthma_v2_pneumonia_P29Pneumonia51O.wav,0,0,4,4,0.041752823905805904,0.008977285309802147,0.0032107471372401974,0.016703865856525467,0.9293552777906262
asthma_v2_pneumonia_P29Pneumonia82U.wav,0,0,4,4,0.11821761340047268,0.004853889904598727,0.0025892582635303864,0.013608040917183773,0.8607311975142141
asthma_v2_pneumonia_P37Pneumonia44I.wav,0,0,4,0,0.8282898591437661,0.014460205438543724,0.029276159607028066,0.045804175504442615,0.0821696003062193
asthma_v2_pneumonia_P37Pneumonia73K.wav,0,0,4,0,0.8188924335572397,0.04690261041288549,0.011902017361585377,0.004997732043622149,0.11730520662466709
asthma_v2_pneumonia_P37Pneumonia73X.wav,0,0,4,0,0.8781388982355764,0.019877752563045956,0.00741379352247378,0.001558301752072164,0.09301125392683181
asthma_v2_pneumonia_P37Pneumonia83S.wav,0,0,4,0,0.738205803793574,0.009520952634909235,0.011127590388968564,0.0049120235577808,0.23623362962476743
asthma_v2_pneumonia_P37Pneumonia84E.wav,0,0,4,0,0.5462647808656148,0.04256993863196367,0.04016406539579681,0.10687985583422217,0.2641213592724024
asthma_v2_pneumonia_P37Pneumonia95J.wav,0,0,4,0,0.8308072767053605,0.012055339523933164,0.04032373643606986,0.00617139535747675,0.11064225197715966
asthma_v2_pneumonia_P40Pneumonia18H.wav,0,0,4,0,0.669724898201584,0.15119584642627604,0.04893157224664602,0.003040126508486097,0.12710755661700776
asthma_v2_pneumonia_P40Pneumonia32Q.wav,0,0,4,4,0.15902022289238366,0.001864078811374857,0.0011375071201392025,0.0006301224883421448,0.8373480686877602
asthma_v2_pneumonia_P40Pneumonia69N.wav,0,0,4,4,0.07107339311725867,0.0016079899659226947,0.0012518221141419057,0.0020940199821198532,0.9239727748205568
asthma_v2_pneumonia_P40Pneumonia90Y.wav,0,0,4,0,0.813555730238848,0.026879719373117984,0.010394301443756897,0.0021808147487287466,0.14698943419554822
asthma_v2_pneumonia_P40Pneumonia91V.wav,0,0,4,0,0.5270408346286514,0.029333767521883655,0.1568071828931807,0.0026151426325402823,0.28420307232374437
asthma_v2_pneumonia_P40Pneumonia92J.wav,0,0,4,3,0.06774096496582274,0.019118383104674647,0.049850052104683386,0.7554591857527164,0.10783141407210256
asthma_v2_pneumonia_P47Pneumonia14M.wav,0,0,4,4,0.206642012178046,0.019291748639410557,0.01437061570504974,0.1595446841647453,0.6001509393127483
asthma_v2_pneumonia_P47Pneumonia19A.wav,0,0,4,4,0.3519048760128352,0.048184514115304354,0.02274971250233709,0.12408177314669448,0.45307912422282914
asthma_v2_pneumonia_P47Pneumonia24N.wav,0,0,4,4,0.08522364112489907,0.00283243001490789,0.16678241891969847,0.010025694597833871,0.7351358153426608
asthma_v2_pneumonia_P47Pneumonia69D.wav,0,0,4,4,0.16320767599615474,0.006949087763918582,0.320182143793716,0.02171077535443006,0.4879503170917805
asthma_v2_pneumonia_P47Pneumonia74Q.wav,0,0,4,4,0.06907567019377533,0.0013470969504164973,0.13834865171812918,0.01096266867072939,0.7802659124669495
asthma_v2_pneumonia_P47Pneumonia98K.wav,0,0,4,3,0.14683147860087495,0.02863737513437294,0.011857147264606318,0.23128808058358416,0.5813859184165616
asthma_v2_pneumonia_P6Pneumonia15U.wav,0,0,4,4,0.13255751893873904,0.0061612007621592284,0.14403308240813337,0.005283031750001739,0.7119651661409666
asthma_v2_pneumonia_P6Pneumonia17Q.wav,0,0,4,4,0.050850514754792284,0.0035315362941111417,0.11181066060249369,0.0318707331852077,0.8019365551633952
asthma_v2_pneumonia_P6Pneumonia32L.wav,0,0,4,4,0.06802416206091608,0.01294849582749552,0.11623855767259168,0.0030451481319036518,0.799743636307093
asthma_v2_pneumonia_P6Pneumonia37H.wav,0,0,4,4,0.044714899562837654,0.029548986039790597,0.1331009596347198,0.0648293112604535,0.7278058435021987
asthma_v2_pneumonia_P6Pneumonia39O.wav,0,0,4,4,0.06849685588485377,0.006234700607509357,0.05994379763931852,0.002035197067616118,0.8632894488007022
asthma_v2_pneumonia_P6Pneumonia84M.wav,0,0,4,4,0.04242540663162994,0.00376587573453884,0.07013895224086338,0.010277711372019415,0.8733920540209485
asthma_v2_pneumonia_P7Pneumonia22C.wav,0,0,4,4,0.07564428639314812,0.021099721789168982,0.20617047848765976,0.003885645346531277,0.6931998679834916
asthma_v2_pneumonia_P7Pneumonia22X.wav,0,0,4,4,0.029684285657038532,0.01149853884074095,0.22405695930985126,0.04009952058791591,0.6946606956044532
asthma_v2_pneumonia_P7Pneumonia34I.wav,0,0,4,4,0.0855393169500387,0.0019222934362158669,0.05866995191173782,0.0063460629511446825,0.8475223747508632
asthma_v2_pneumonia_P7Pneumonia61Q.wav,0,0,4,4,0.04846474858225017,0.002664593396508994,0.03233388408449683,0.010344754208308712,0.9061920197284351
asthma_v2_pneumonia_P7Pneumonia62G.wav,0,0,4,4,0.03838839151816597,0.0031723846199069442,0.0528377151815365,0.013912431993006664,0.8916890766873838
asthma_v2_pneumonia_P7Pneumonia76F.wav,0,0,4,4,0.030136188780972302,0.00985699465238987,0.30019560661540734,0.007151250151629884,0.6526599597996005
asthma_v2_Bronchial_P19BronchialSc_92.wav,0,1,1,1,0.012531639507059702,0.9768058229261412,0.003873980814321129,0.0019393027198801628,0.004849254032597705
asthma_v2_Bronchial_P19BronchialSc_94.wav,0,1,1,1,0.08436076013941299,0.59046257452948,0.24413914514764684,0.018069297237383295,0.06296822294607687
asthma_v2_Bronchial_P19BronchialTc_91.wav,0,1,1,1,0.08454699239658278,0.47941687151522194,0.37605888848632707,0.009790516305241226,0.05018673129662669
asthma_v2_Bronchial_P19BronchialTc_93.wav,0,1,1,1,0.01684293716339744,0.9673870883018655,0.007686272311132587,0.002327871467144164,0.005755830756460038
asthma_v2_Bronchial_P19BronchialTc_95.wav,0,1,1,1,0.05720830063206443,0.829990246669277,0.051709764671248645,0.02406375059071975,0.03702793743669017
asthma_v2_Bronchial_P1BronchialSc_2.wav,0,1,1,1,0.03744344007805055,0.7330040589896388,0.07225380182130353,0.13465907162039695,0.022639627490610357
asthma_v2_Bronchial_P1BronchialSc_4.wav,0,1,1,1,0.06107459116974513,0.7749177035940635,0.09878772290009039,0.03681330676525821,0.028406675570842616
asthma_v2_Bronchial_P1BronchialTc_1.wav,0,1,1,1,0.04352340045950434,0.7266712524014877,0.08083116887014717,0.12334184488433854,0.02563233338452251
asthma_v2_Bronchial_P1BronchialTc_3.wav,0,1,1,1,0.04441419558857925,0.742319528511262,0.08205410923560996,0.10571494900961054,0.025497217654937964
asthma_v2_Bronchial_P1BronchialTc_5.wav,0,1,1,1,0.03578706431967255,0.9141147166653867,0.024740972271745286,0.0118220464901467,0.013535200253048755
asthma_v2_Bronchial_P20BronchialSc_100.wav,0,1,1,1,0.007912275222391007,0.975278231686898,0.008977003932783743,0.0014964807192004456,0.006336008438726939
asthma_v2_Bronchial_P20BronchialSc_96.wav,0,1,1,1,0.06448721121086694,0.7871268930424681,0.061162689359084,0.01935410333936663,0.06786910304821427
asthma_v2_Bronchial_P20BronchialSc_98.wav,0,1,1,1,0.11618922644942493,0.5751843978681696,0.22872924258298688,0.026437246843781206,0.05345988625563739
asthma_v2_Bronchial_P20BronchialTc_97.wav,0,1,1,1,0.0230943286262201,0.952582378237977,0.014335850256687196,0.004043917557795252,0.005943525321320498
asthma_v2_Bronchial_P20BronchialTc_99.wav,0,1,1,1,0.13898199943561904,0.426130881320596,0.30619675003306407,0.06816254893351914,0.060527820277201876
asthma_v2_Bronchial_P4BronchialSc_16.wav,0,1,1,1,0.13663800333445225,0.20495941600400497,0.03476457155372547,0.2037209836971978,0.4199170254106197
asthma_v2_Bronchial_P4BronchialSc_18.wav,0,1,1,1,0.09670625674210295,0.5156936791701878,0.04684128811090721,0.14619558695744284,0.19456318901935943
asthma_v2_Bronchial_P4BronchialSc_20.wav,0,1,1,1,0.03091012167308785,0.81398159690819,0.028175555863201602,0.06589327270248169,0.0610394528530388
asthma_v2_Bronchial_P4BronchialTc_17.wav,0,1,1,1,0.12215973918287039,0.3860420751283779,0.03797300455426623,0.09585059382413874,0.35797458731034626
asthma_v2_Bronchial_P4BronchialTc_19.wav,0,1,1,3,0.04601518977299035,0.10181260880102752,0.056218286112537506,0.7420261832912833,0.05392773202216134
asthma_v2_asthma_P13WheezingIE_61.wav,0,1,0,0,0.8282326763499066,0.0752572709225876,0.0076612844472165745,0.007106853698379439,0.08174191458190982
asthma_v2_asthma_P13WheezingIE_65.wav,0,1,0,0,0.8811768027674616,0.06140778241264088,0.013732995148543505,0.0020164830750329073,0.04166593659632154
asthma_v2_asthma_P13WheezingIU_62.wav,0,1,0,0,0.9103158083247397,0.04323625201784447,0.0021944517732100963,0.003626579927706101,0.04062690795649972
asthma_v2_asthma_P13WheezingRL_63.wav,0,1,0,0,0.8181858633338732,0.09631398177096742,0.010559890470714615,0.005896592130751038,0.06904367229369338
asthma_v2_asthma_P13WheezingRS_64.wav,0,1,0,0,0.933284391429325,0.03747038694816863,0.006251943019960408,0.0010610906418313689,0.02193218796071462
asthma_v2_asthma_P17WheezingIE_81.wav,0,1,0,0,0.8486112142277918,0.05961002885580942,0.01043708508321588,0.004578742808622323,0.0767629290245605
asthma_v2_asthma_P17WheezingIE_85.wav,0,1,0,0,0.5470294564096294,0.004516029296380119,0.11624691760552353,0.0017685298510965873,0.3304390668373708
asthma_v2_asthma_P17WheezingIU_82.wav,0,1,0,0,0.8760607871622743,0.04906867880530987,0.008936545009020254,0.002678643276417419,0.06325534574697825
asthma_v2_asthma_P17WheezingRL_83.wav,0,1,0,0,0.9427359785375875,0.03485010322985654,0.0015516891321662922,0.0011044192570802333,0.019757809843309326
asthma_v2_asthma_P17WheezingRS_84.wav,0,1,0,0,0.9558771604439245,0.010610953450883281,0.003138165551036086,0.0014092448172500335,0.02896447573690582
asthma_v2_asthma_P22WheezingIE_109.wav,0,1,0,0,0.8133559993504346,0.10241128030551831,0.002453354233269494,0.0016920512411136737,0.0800873148696641
asthma_v2_asthma_P22WheezingIU_106.wav,0,1,0,0,0.6143400988075326,0.05068771480293709,0.005814950126222569,0.000888824441772362,0.3282684118215355
asthma_v2_asthma_P22WheezingIU_110.wav,0,1,0,0,0.9310243054762763,0.045912580741460124,0.000741295479596212,0.0002129891826436008,0.02210882912002384
asthma_v2_asthma_P22WheezingRL_107.wav,0,1,0,0,0.43379229752842885,0.037714828284736136,0.2574662908168046,0.06830352755512346,0.20272305581490713
asthma_v2_asthma_P22WheezingRS_108.wav,0,1,0,0,0.5331490674020402,0.03162640898713305,0.003727018271928532,0.01843381334705539,0.4130636919918429
asthma_v2_asthma_P26WheezingIE_129.wav,0,1,0,0,0.5033230843245668,0.17571716569385865,0.02779920849907431,0.12439036495248808,0.1687701765300123
asthma_v2_asthma_P26WheezingIU_126.wav,0,1,0,3,0.42351409024725123,0.02749342500711394,0.009905092087457061,0.4838222395930669,0.05526515306511083
asthma_v2_asthma_P26WheezingIU_130.wav,0,1,0,0,0.93887592257079,0.009885072712230894,0.005371883456693753,0.0005593700423834798,0.04530775121790185
asthma_v2_asthma_P26WheezingRL_127.wav,0,1,0,0,0.5885363650046941,0.020189538189319997,0.13037486680394927,0.04875413010811701,0.2121450998939193
asthma_v2_asthma_P26WheezingRS_128.wav,0,1,0,0,0.7619803357860402,0.004540443395355698,0.006327232823659697,0.005048624230805905,0.22210336376413836
asthma_v2_asthma_P28WheezingIE_137.wav,0,1,0,3,0.5756481719623574,0.031017302139225954,0.0013512191975635546,0.32575774862016516,0.06622555808068786
asthma_v2_asthma_P28WheezingIU_138.wav,0,1,0,0,0.8119857031626971,0.09942403446157538,0.000496298482668653,0.015430877133192862,0.07266308675986596
asthma_v2_asthma_P28WheezingRL_139.wav,0,1,0,0,0.603598875106231,0.308694907721892,0.019140061956318396,0.001972910290406316,0.0665932449251524
asthma_v2_asthma_P28WheezingRS_136.wav,0,1,0,0,0.47851572421928745,0.06603870648482238,0.032116580968534876,0.014311079552414573,0.4090179087749405
asthma_v2_asthma_P28WheezingRS_140.wav,0,1,0,0,0.7751100148130875,0.10408733713037592,0.0015718489913002093,0.04793994434255384,0.07129085472268246
asthma_v2_asthma_P2AsthmaIE_9.wav,0,1,0,0,0.9231748736020736,0.013737182772327482,0.0028794957698596566,0.003981835255067685,0.05622661260067142
asthma_v2_asthma_P2AsthmaIU_10.wav,0,1,0,0,0.9161858496301808,0.025566607462420485,0.0015148831884884135,0.008409940003831013,0.04832271971507941
asthma_v2_asthma_P2AsthmaIU_6.wav,0,1,0,2,0.1569519287246559,0.051088954449590065,0.6620638073535353,0.05665296579382412,0.07324234367839429
asthma_v2_asthma_P2AsthmaRL_7.wav,0,1,0,0,0.9355127714059034,0.003813760679483189,0.00987568718685897,0.0072783009445554075,0.04351947978319921
asthma_v2_asthma_P2AsthmaRS_8.wav,0,1,0,0,0.8932395343151729,0.009735059303073024,0.001337682591524716,0.009505797281191417,0.08618192650903808
asthma_v2_asthma_P31WheezingIE_153.wav,0,1,0,4,0.08525983897300515,0.021188901711290918,0.02875392922410045,0.02052202753397081,0.844275302557633
asthma_v2_asthma_P31WheezingIU_154.wav,0,1,0,0,0.8308002755350099,0.01901999890464056,0.0016163986466173758,0.007468449250353998,0.14109487766337808
asthma_v2_asthma_P31WheezingRL_151.wav,0,1,0,0,0.7608589728539671,0.026091378648182544,0.017279396539959697,0.0017457846589078517,0.19402446729898282
asthma_v2_asthma_P31WheezingRL_155.wav,0,1,0,0,0.8320887592304435,0.002072557639646128,0.0002495036538790401,0.00029967377272039996,0.16528950570331108
asthma_v2_asthma_P31WheezingRS_152.wav,0,1,0,4,0.19916365697303423,0.03502883740413519,0.016818319222481302,0.05577058433684125,0.6932186020635077
asthma_v2_asthma_P43WheezingIE_213.wav,0,1,0,2,0.1988414508752364,0.018216673837152413,0.7523943737038459,0.016966142169318937,0.013581359414446686
asthma_v2_asthma_P43WheezingIU_214.wav,0,1,0,0,0.4940230695213426,0.006024423806863986,0.4779041325796432,0.004371306043290768,0.017677068048858862
asthma_v2_asthma_P43WheezingRL_211.wav,0,1,0,0,0.37793745184692856,0.019267513941304385,0.5602080644352201,0.006730096147873297,0.03585687362867379
asthma_v2_asthma_P43WheezingRL_215.wav,0,1,0,0,0.9621841730640109,0.0018680358715446792,0.01992839879431149,0.0003204834075864617,0.015698908862546587
asthma_v2_asthma_P43WheezingRS_212.wav,0,1,0,0,0.7738182411484169,0.04880655236583936,0.14318174704306724,0.0027204812500797645,0.03147297819259655
asthma_v2_asthma_P44WheezingIE_217.wav,0,1,0,0,0.9664048528156551,0.0015667347224734103,0.003983355632299808,0.0005081149563341862,0.027536941873237405
asthma_v2_asthma_P44WheezingIU_218.wav,0,1,0,0,0.9397600486915002,0.005951267556682989,0.016551362265756143,0.0006091202445026897,0.03712820124155812
asthma_v2_asthma_P44WheezingRL_219.wav,0,1,0,0,0.4708188872895774,0.0040984447989267205,0.5043778104572372,0.0012122405691282797,0.019492616885130164
asthma_v2_asthma_P44WheezingRS_216.wav,0,1,0,0,0.9092873495364642,0.009966604528319541,0.010933838502852953,0.027413834295736277,0.04239837313662694
asthma_v2_asthma_P44WheezingRS_220.wav,0,1,0,2,0.036755097827248444,0.0002571090194522748,0.9618033473527734,0.00011429675934985378,0.0010701490411759952
asthma_v2_asthma_P52WheezingIE_257.wav,0,1,0,0,0.9114042679399934,0.004668680687150181,0.05500303909529797,0.0007174595922351838,0.028206552685323502
asthma_v2_asthma_P52WheezingIU_258.wav,0,1,0,0,0.9283009989058578,0.0020081971533693326,0.044772280655177334,0.0008596092642372502,0.02405891402135841
asthma_v2_asthma_P52WheezingRL_259.wav,0,1,0,0,0.9467589987464228,0.028406368586248825,0.006460264854122244,0.0004816522717347652,0.017892715541471284
asthma_v2_asthma_P52WheezingRS_256.wav,0,1,0,0,0.9546721980202816,0.008077315737487864,0.02406908012337871,0.0004143686635879884,0.01276703745526409
asthma_v2_asthma_P52WheezingRS_260.wav,0,1,0,0,0.9414176934651806,0.014359923390125108,0.01040152484346625,0.001032311970229089,0.03278854633099883
asthma_v2_asthma_P54WheezingIE_269.wav,0,1,0,4,0.05333792964456343,0.022436611487232756,0.022682068840058706,0.04290654976402535,0.8586368402641197
asthma_v2_asthma_P54WheezingIU_266.wav,0,1,0,3,0.019989849560594904,0.09487018778294444,0.0836076276722591,0.43119024238129844,0.3703420926029034
asthma_v2_asthma_P54WheezingIU_270.wav,0,1,0,3,0.05339195085496742,0.06662028324185176,0.016923609001192247,0.5429382049379143,0.32012595196407423
asthma_v2_asthma_P54WheezingRL_267.wav,0,1,0,3,0.00899457601473376,0.01890750798438979,0.023562024723564584,0.3486565720448109,0.5998793192325007
asthma_v2_asthma_P54WheezingRS_268.wav,0,1,0,3,0.02126488368552413,0.07945665872846094,0.019003931321615736,0.24982914688307448,0.6304453793813246
asthma_v2_asthma_P58WheezingIU_286.wav,0,1,0,4,0.07832793124080117,0.003927462487040877,0.009551465535076948,0.0035058532575436897,0.9046872874795374
asthma_v2_asthma_P58WheezingRL_287.wav,0,1,0,4,0.29221579481310334,0.07978066373701209,0.004823096044581918,0.07334376983497405,0.5498366755703287
asthma_v2_asthma_P58WheezingRS_288.wav,0,1,0,4,0.2031099852871938,0.011185023765576287,0.0052055224191764485,0.004584648810293195,0.7759148197177602
asthma_v2_asthma_P5AsthmaIE_21.wav,0,1,0,0,0.9116307842359536,0.014634167696591404,0.0010735757702790528,0.009899281467693376,0.06276219082948248
asthma_v2_asthma_P5AsthmaIE_25.wav,0,1,0,0,0.574657992949334,0.005582866860076329,0.0034845662937069764,0.06182927118594864,0.3544453027109344
asthma_v2_asthma_P5AsthmaIU_22.wav,0,1,0,0,0.6527186963487437,0.0077404775620479715,0.0025227060375209373,0.019252650795370082,0.31776546925631727
asthma_v2_asthma_P5AsthmaRL_23.wav,0,1,0,0,0.8475453700570593,0.007098106116091885,0.002297465463317584,0.020994330473212575,0.1220647278903185
asthma_v2_asthma_P5AsthmaRS_24.wav,0,1,0,0,0.7345978308930206,0.005801314328413455,0.0027060651181451574,0.019797500657407357,0.2370972890030134
asthma_v2_copd_P10COPDMc_74.wav,0,1,2,0,0.6877508554608369,0.2628427783928105,0.010117449833658672,0.011449294548678197,0.02783962176401576
asthma_v2_copd_P10COPDMc_76.wav,0,1,2,3,0.49758548825444504,0.1808826288429432,0.02011073323078829,0.17821820644359318,0.12320294322823057
asthma_v2_copd_P10COPDMc_78.wav,0,1,2,0,0.8858259502237597,0.07582709177462921,0.025794452435354467,0.0010031816921322937,0.011549323874124403
asthma_v2_copd_P10COPDMc_80.wav,0,1,2,0,0.9413962156684409,0.004446938998204295,0.01900037669735892,0.0007007044028395644,0.034455764233156175
asthma_v2_copd_P10COPDPr_73.wav,0,1,2,1,0.31051372793002907,0.664939860493366,0.00554739666084406,0.0036455240764800218,0.015353490839280656
asthma_v2_copd_P10COPDPr_75.wav,0,1,2,3,0.30323573267781656,0.0356607339214321,0.0061777796032733935,0.5478376411565481,0.1070881126409299
asthma_v2_copd_P10COPDPr_77.wav,0,1,2,3,0.21286075797061377,0.012080837075086314,0.0041383005925214504,0.7121369039846034,0.058783200377174764
asthma_v2_copd_P10COPDPr_79.wav,0,1,2,0,0.8599333850579657,0.07838834663251568,0.0333698725459732,0.0004931460822652932,0.027815249681280133
asthma_v2_copd_P12COPDMc_90.wav,0,1,2,2,0.0024044055656735432,0.002442189539555707,0.9942749053313882,0.0005268204235027401,0.0003516791398801145
asthma_v2_copd_P12COPDMc_92.wav,0,1,2,2,0.004143308775958289,0.0073030068367908344,0.9879560779768449,0.00031511147603823506,0.00028249493436762147
asthma_v2_copd_P12COPDMc_94.wav,0,1,2,2,0.0033378091398247635,0.007022678283983477,0.9890159793852665,0.0004595160910804571,0.00016401709984478408
asthma_v2_copd_P12COPDMc_96.wav,0,1,2,2,3.6461806097379243e-07,8.74951289416425e-07,0.999949459282645,2.5828811968880428e-05,2.3472336035775013e-05
asthma_v2_copd_P12COPDPr_89.wav,0,1,2,2,6.825748821514576e-07,4.758875240658797e-07,0.9999262155428378,4.0083197744232985e-05,3.254279701168361e-05
asthma_v2_copd_P12COPDPr_91.wav,0,1,2,2,0.09066651298268906,0.0539451739163265,0.8460454426692062,0.005844653538638551,0.0034982168931395894
asthma_v2_copd_P12COPDPr_93.wav,0,1,2,2,0.030071723911720687,0.07046349011549033,0.8935327229073013,0.004014946477085015,0.0019171165884025445
asthma_v2_copd_P12COPDPr_95.wav,0,1,2,2,0.0002966375580331261,0.004773822541070325,0.9941977694590546,0.00043888644133249343,0.00029288400050936147
asthma_v2_copd_P20COPDMc_154.wav,0,1,2,2,0.0002672959765253345,0.001132597236885888,0.9977273569545136,0.00020301597386005964,0.0006697338582152403
asthma_v2_copd_P20COPDMc_156.wav,0,1,2,2,0.08751203960418859,0.01405447189864506,0.7595542904916172,0.008044893397074232,0.1308343046084752
asthma_v2_copd_P20COPDMc_158.wav,0,1,2,2,0.00148370962530852,4.0023071942834454e-05,0.9966748476062987,0.00019350638245705827,0.0016079133139929088
asthma_v2_copd_P20COPDMc_160.wav,0,1,2,2,0.002132512562921497,0.00013064925003486222,0.9955905083150339,0.0006153793248972396,0.0015309505471124613
asthma_v2_copd_P20COPDPr_153.wav,0,1,2,2,0.0014624923819624436,0.0002281949411282728,0.9951276651479598,0.0001758736227863631,0.003005773906163154
asthma_v2_copd_P20COPDPr_155.wav,0,1,2,2,0.18129962444509523,0.03310876270263266,0.6684677115495257,0.017430051942997345,0.099693849359749
asthma_v2_copd_P20COPDPr_157.wav,0,1,2,2,0.06772339619536201,0.124796056464711,0.711713296963242,0.022091006013642375,0.07367624436304274
asthma_v2_copd_P20COPDPr_159.wav,0,1,2,2,0.003599400218593009,0.00013799599741800875,0.9939414561836049,0.0002405801134152278,0.0020805674869690794
asthma_v2_copd_P25COPDMc_194.wav,0,1,2,2,0.00016488644703151708,0.019970462393548476,0.9759618650079799,0.0016431634175286618,0.0022596227339114036
asthma_v2_copd_P25COPDMc_196.wav,0,1,2,2,0.0007345121067976568,0.015401072679463335,0.9801041343324205,0.0018030141372241887,0.001957266744094708
asthma_v2_copd_P25COPDMc_198.wav,0,1,2,2,0.0008198466363661403,0.0008703121150853148,0.9971073444129954,0.0005709321427882262,0.0006315646927646849
asthma_v2_copd_P25COPDMc_200.wav,0,1,2,2,3.5363587988645073e-09,3.623225115638176e-09,0.9999440433081784,2.246481603484035e-06,5.37030506341995e-05
asthma_v2_copd_P25COPDPr_193.wav,0,1,2,2,7.558020128963829e-07,8.707690322814569e-07,0.9997860490029897,5.629882884755886e-05,0.00015602559711768173
asthma_v2_copd_P25COPDPr_195.wav,0,1,2,2,7.31366184011602e-05,0.010124529978780624,0.9876485405074173,0.0008795618143405889,0.001274231081060578
asthma_v2_copd_P25COPDPr_197.wav,0,1,2,2,9.613586747522265e-07,8.233716210537642e-07,0.9994670505843737,0.0002738379683549523,0.00025732671697567983
asthma_v2_copd_P25COPDPr_199.wav,0,1,2,2,0.0004308574917645932,0.0006282261824315038,0.9981175167106524,0.000433576439481851,0.0003898231756699683
asthma_v2_copd_P27COPDMc_210.wav,0,1,2,2,0.0012245085479685304,0.0001510790452129298,0.9978511577883669,0.0003196520347273786,0.0004536025837244464
asthma_v2_copd_P27COPDMc_212.wav,0,1,2,2,6.059937306037042e-11,7.750184321948334e-11,0.9999987006749064,4.2179534784423635e-08,1.2570074576328472e-06
asthma_v2_copd_P27COPDMc_214.wav,0,1,2,2,6.790570041254789e-09,7.130685874861538e-09,0.9999599383161892,8.294185128671268e-07,3.921834404208052e-05
asthma_v2_copd_P27COPDMc_216.wav,0,1,2,2,3.4868455255021785e-07,2.5448473607388654e-07,0.9995022044303932,0.0003050268338679225,0.00019216556645019635
asthma_v2_copd_P27COPDPr_209.wav,0,1,2,2,4.168926714140289e-09,3.2869623814069588e-09,0.9999753073334492,7.5601039525782726e-06,1.712510670883587e-05
asthma_v2_copd_P27COPDPr_211.wav,0,1,2,2,0.0012371315649548492,0.0001700938980080061,0.9976551165454433,0.0003317316471055779,0.0006059263444882696
asthma_v2_copd_P27COPDPr_213.wav,0,1,2,2,1.0365566408662497e-08,1.0696807494122261e-08,0.9999478417899058,8.340412146809829e-07,5.130310650568311e-05
asthma_v2_copd_P27COPDPr_215.wav,0,1,2,2,3.7186342000514807e-07,3.5389531430362866e-07,0.999099895458042,0.0006022947965383247,0.00029708398668534607
asthma_v2_copd_P38COPDMc_298.wav,0,1,2,2,0.25076400110802904,0.008726284358422053,0.6788879903758305,0.001989624519355691,0.059632099638362746
asthma_v2_copd_P38COPDMc_300.wav,0,1,2,2,0.010721586704625962,0.0008120416831652726,0.9763645942715242,0.0005043331723708722,0.011597444168313653
asthma_v2_copd_P38COPDMc_302.wav,0,1,2,2,0.016166063572297537,0.0011934683218051301,0.9767887492268035,0.000920349363949047,0.004931369515144662
asthma_v2_copd_P38COPDMc_304.wav,0,1,2,2,0.01594837327227602,0.00031849142005504924,0.9432833084142778,0.004782771867985542,0.035667055025405875
asthma_v2_copd_P38COPDPr_297.wav,0,1,2,2,0.14195179407982295,0.009300531599031023,0.7281596553023744,0.0029824610999254608,0.11760555791884614
asthma_v2_copd_P38COPDPr_299.wav,0,1,2,2,0.1046322975912344,0.004492236859771725,0.8589633028700319,0.0015607137875037827,0.030351448891458126
asthma_v2_copd_P38COPDPr_301.wav,0,1,2,2,0.02898405976417388,0.0033398205465595414,0.9536850544979112,0.0008805451476334285,0.013110520043722044
asthma_v2_copd_P38COPDPr_303.wav,0,1,2,2,0.06224365386076484,0.0030468892652064945,0.8697383729284014,0.01520321208882773,0.04976787185679943
asthma_v2_copd_P40COPDMc_314.wav,0,1,2,2,0.009703081888218508,0.24319351963393473,0.6595078864655707,0.020294196190325627,0.06730131582195016
asthma_v2_copd_P40COPDMc_316.wav,0,1,2,2,2.4524557328011257e-10,2.3206015808235736e-10,0.999986844324339,3.444861271292966e-07,1.281071222821624e-05
asthma_v2_copd_P40COPDMc_318.wav,0,1,2,4,0.11023815811184248,0.06412086701719695,0.03206077517690827,0.006841331431382152,0.7867388682626701
asthma_v2_copd_P40COPDMc_320.wav,0,1,2,4,0.07116859657068245,0.03415368295633277,0.011953148221533623,0.000719111207117593,0.8820054610443336
asthma_v2_copd_P40COPDPr_313.wav,0,1,2,2,0.012958355216984543,0.2814921481278261,0.5972650684047184,0.036397984828048464,0.07188644342242267
asthma_v2_copd_P40COPDPr_315.wav,0,1,2,2,5.292643807388337e-11,7.130994068289202e-11,0.9999977665685291,7.660617104525958e-08,2.1567010636154624e-06
asthma_v2_copd_P40COPDPr_317.wav,0,1,2,2,2.5120318747542176e-09,3.0621448858802385e-09,0.9999944821397254,2.0183386723987708e-07,5.310452230656749e-06
asthma_v2_copd_P40COPDPr_319.wav,0,1,2,4,0.0488812730661678,0.058467301437321054,0.07277569413286668,0.002041144772025001,0.8178345865916195
asthma_v2_copd_P44COPDMc_346.wav,0,1,2,2,0.016593230150666133,0.0037164213687234356,0.8341249951001017,0.004378855023338244,0.1411864983571706
asthma_v2_copd_P44COPDMc_348.wav,0,1,2,2,0.01425507888886719,0.0018945114067378346,0.8312338010674846,0.005906307497594749,0.1467103011393155
asthma_v2_copd_P44COPDMc_350.wav,0,1,2,2,0.0030601204042239824,0.1249975206495846,0.8530732079911575,0.012984259234927615,0.005884891720106716
asthma_v2_copd_P44COPDMc_352.wav,0,1,2,2,2.835085943625155e-07,2.2354045582335614e-07,0.9992702084066206,0.00012799273663661778,0.0006012918076925517
asthma_v2_copd_P44COPDPr_345.wav,0,1,2,2,1.1888555310924903e-07,1.6137488231930132e-07,0.9996680674356373,1.857786323089034e-05,0.00031307444069657775
asthma_v2_copd_P44COPDPr_347.wav,0,1,2,2,0.00848415488424267,0.0010371563255323001,0.9704644675050141,0.0015790960264521808,0.018435125258758976
asthma_v2_copd_P44COPDPr_349.wav,0,1,2,2,0.002300717116804022,0.053639437367463114,0.9304256124382962,0.009426343752736486,0.00420788932470003
asthma_v2_copd_P44COPDPr_351.wav,0,1,2,2,0.0011843964929668784,0.03866673904031373,0.9514992383288651,0.005320972543392681,0.0033286535944615746
asthma_v2_copd_P46COPDMc_362.wav,0,1,2,2,0.0035482031694504417,0.001494832606729716,0.9612408804949084,0.0034943504195078883,0.0302217333094037
asthma_v2_copd_P46COPDMc_364.wav,0,1,2,2,0.0017063347646487275,0.0005610706444274729,0.9087565941962304,0.0011892214493050574,0.08778677894538842
asthma_v2_copd_P46COPDMc_366.wav,0,1,2,2,0.000339869136554335,0.0004409690800735516,0.9941748920174608,0.00042578868657578155,0.004618481079335805
asthma_v2_copd_P46COPDMc_368.wav,0,1,2,2,0.01594226566964904,0.004415062295486896,0.9540477888302251,0.0033700329765916663,0.022224850228047276
asthma_v2_copd_P46COPDPr_361.wav,0,1,2,2,0.0045012301389776264,0.07083287158250103,0.8485425613946024,0.014077257044218845,0.06204607983969978
asthma_v2_copd_P46COPDPr_363.wav,0,1,2,2,0.0016655391639790094,0.0009731055402029328,0.9883729676669684,0.0009583267421571776,0.008030060886692468
asthma_v2_copd_P46COPDPr_365.wav,0,1,2,2,0.0021122307011637834,0.00011899238693157028,0.9792551209679052,0.0014414481818853509,0.01707220776211431
asthma_v2_copd_P46COPDPr_367.wav,0,1,2,2,0.006793641860875943,0.0010921177773415551,0.9695989748702888,0.003008864550365485,0.019506400941127863
asthma_v2_copd_P5COPDMc_34.wav,0,1,2,2,0.1824010466826006,0.0032625791608913105,0.6601232760678839,0.015473788474001606,0.1387393096146224
asthma_v2_copd_P5COPDMc_36.wav,0,1,2,2,0.0017744835123032856,0.035167065229559306,0.9471279720487438,0.0023992790947625574,0.013531200114631017
asthma_v2_copd_P5COPDMc_38.wav,0,1,2,2,0.0043900152796501,0.2482227441593648,0.7325177194921839,0.001622995141016855,0.01324652592778434
asthma_v2_copd_P5COPDMc_40.wav,0,1,2,2,0.019965004370675988,0.004949862580944581,0.9419204406614514,0.015916331501496732,0.017248360885431267
asthma_v2_copd_P5COPDPr_33.wav,0,1,2,2,0.0686602941288811,0.011811702660244297,0.9032130288264754,0.0028304539913305313,0.013484520393068676
asthma_v2_copd_P5COPDPr_35.wav,0,1,2,2,0.035222310075346645,0.029597456412911737,0.9042646074938996,0.019126999873817024,0.011788626144024969
asthma_v2_copd_P5COPDPr_37.wav,0,1,2,1,0.004806459225168287,0.39796104106524455,0.5855160545055202,0.0041500061369974025,0.007566439067069308
asthma_v2_copd_P5COPDPr_39.wav,0,1,2,1,0.00729772712833312,0.5636922859947114,0.4203998576233245,0.002546491794070163,0.00606363745956081
asthma_v2_healthy_P12Healthy16S.wav,0,1,3,3,0.015424406210890985,0.005043600158814965,0.06818378267790264,0.9016669869850845,0.009681223967306722
asthma_v2_healthy_P12Healthy67S.wav,0,1,3,1,0.12047405162555479,0.3298208077060095,0.35106050433159885,0.05838171898669719,0.14026291735013982
asthma_v2_healthy_P12Healthy93S.wav,0,1,3,2,0.0238391317849384,0.028338302261424926,0.8713234233951008,0.027807898290327534,0.04869124426820865
asthma_v2_healthy_P12Healthy98S.wav,0,1,3,3,0.017368133638892856,0.007948981499241102,0.02771663509338887,0.920166224509043,0.02680002525943419
asthma_v2_healthy_P12Healthy99S.wav,0,1,3,2,0.01666720129464476,0.05162840532062039,0.7909370044968317,0.11253001362080808,0.028237375267095025
asthma_v2_healthy_P15Healthy14S.wav,0,1,3,3,0.04744416231215076,0.1210138569649731,0.05015182528461042,0.6724780339487197,0.1089121214895456
asthma_v2_healthy_P15Healthy55S.wav,0,1,3,3,0.09902091906844793,0.18697004615729076,0.2530241034586418,0.3872364005106588,0.07374853080496119
asthma_v2_healthy_P15Healthy61S.wav,0,1,3,4,0.021817574787099676,0.0050802440786218706,0.0027929632433072895,0.24048848507632092,0.7298207328146501
asthma_v2_healthy_P15Healthy65S.wav,0,1,3,3,0.023424123112746977,0.07294891657371311,0.10630475219986353,0.7453167202932557,0.05200548782042052
asthma_v2_healthy_P15Healthy93S.wav,0,1,3,3,0.044252745499966155,0.023194238085976076,0.029415593126778793,0.8655603942714516,0.03757702901582743
asthma_v2_healthy_P16Healthy18S.wav,0,1,3,4,0.021817574787099676,0.0050802440786218706,0.0027929632433072895,0.24048848507632092,0.7298207328146501
asthma_v2_healthy_P16Healthy19S.wav,0,1,3,3,0.01374710276690313,0.0026018218389614856,0.002020816267037203,0.33757893394676786,0.6440513251803301
asthma_v2_healthy_P16Healthy26S.wav,0,1,3,3,0.01263275546902756,0.004289190956169002,0.0013684798655025832,0.3768933094569206,0.6048162642523811
asthma_v2_healthy_P16Healthy38S.wav,0,1,3,3,0.01374710276690313,0.0026018218389614856,0.002020816267037203,0.33757893394676786,0.6440513251803301
asthma_v2_healthy_P16Healthy41S.wav,0,1,3,3,0.01263275546902756,0.004289190956169002,0.0013684798655025832,0.3768933094569206,0.6048162642523811
asthma_v2_healthy_P21Healthy15S.wav,0,1,3,3,0.050374178348255874,0.003904419201227986,0.009203372409045221,0.8129712875143765,0.12354674252709434
asthma_v2_healthy_P21Healthy38S.wav,0,1,3,3,0.049274546107205296,0.00441567585110503,0.00850908247974823,0.731617898976022,0.20618279658591954
asthma_v2_healthy_P21Healthy53S.wav,0,1,3,3,0.04379230103796154,0.0035339178579328304,0.01139194089662735,0.8776947777931411,0.0635870624143373
asthma_v2_healthy_P21Healthy95S.wav,0,1,3,3,0.05658635770650739,0.005990769193003422,0.0007125871849937092,0.8994384425563043,0.03727184335919083
asthma_v2_healthy_P21Healthy98S.wav,0,1,3,3,0.10994331107362794,0.008184122204733307,0.0008249153965101865,0.8400583442139127,0.040989307111215664
asthma_v2_healthy_P4Healthy12S.wav,0,1,3,3,0.08358347575925085,0.05373231458250849,0.045626229253043014,0.19089774367789294,0.6261602367273054
asthma_v2_healthy_P4Healthy22S.wav,0,1,3,1,0.060647606951480824,0.3533927630302364,0.13657452865549005,0.07831302602539741,0.3710720753373953
asthma_v2_healthy_P4Healthy62S.wav,0,1,3,3,0.06494322879019893,0.3858708651708498,0.1764419863165919,0.3134447839375523,0.05929913578480729
asthma_v2_healthy_P4Healthy69S.wav,0,1,3,4,0.022386336823425865,0.02784138010647858,0.3025513954134637,0.03537860965177075,0.6118422780048614
asthma_v2_healthy_P4Healthy77S.wav,0,1,3,1,0.04391707345161864,0.640492903586481,0.07697422381786867,0.21123639766758515,0.027379401476446474
asthma_v2_healthy_P5Healthy10S.wav,0,1,3,3,0.019390776004086542,0.005896682524184074,0.002946986573962703,0.8016847589067024,0.17008079599106396
asthma_v2_healthy_P5Healthy57S.wav,0,1,3,3,0.007562618309384331,0.0010238885993415652,0.0012830132396641958,0.9461996200860971,0.04393085976551273
asthma_v2_healthy_P5Healthy87S.wav,0,1,3,3,0.018401509746549628,0.0035140262198382895,0.010800762450174028,0.9358749207107937,0.03140878087264448
asthma_v2_healthy_P5Healthy92S.wav,0,1,3,3,0.007434836320180253,0.0008085636443003702,0.006684424757782358,0.9627037520511046,0.022368423226632735
asthma_v2_healthy_P5Healthy96S.wav,0,1,3,3,0.057640073610100234,0.0032819853259524997,0.013796585982306288,0.8732060589914561,0.05207529609018485
asthma_v2_pneumonia_P12Pneumonia23P.wav,0,1,4,4,0.027288335773167874,0.016921476660938573,0.029563168287137447,0.0034418873834229807,0.9227851318953332
asthma_v2_pneumonia_P12Pneumonia44H.wav,0,1,4,4,0.06750593265460857,0.017699466723042734,0.027650591332595946,0.009696443647012089,0.8774475656427405
asthma_v2_pneumonia_P12Pneumonia45B.wav,0,1,4,4,0.09745478921648018,0.05803675801837232,0.0670905589911333,0.011545265055749617,0.7658726287182647
asthma_v2_pneumonia_P12Pneumonia46L.wav,0,1,4,4,0.26428972970536163,0.05860965447353672,0.004332743797812332,0.002132687709686387,0.6706351843136025
asthma_v2_pneumonia_P12Pneumonia59Q.wav,0,1,4,4,0.0431257409532391,0.031297319461119175,0.056938488238299806,0.0014070453170809578,0.8672314060302608
asthma_v2_pneumonia_P12Pneumonia97E.wav,0,1,4,4,0.08232939588118995,0.045741199129054194,0.05431447249243921,0.005990351655135872,0.8116245808421808
asthma_v2_pneumonia_P17Pneumonia49T.wav,0,1,4,4,0.05770214148366264,0.003638116094004115,0.00035646263758678306,0.0031726593272361353,0.9351306204575102
asthma_v2_pneumonia_P17Pneumonia51I.wav,0,1,4,2,0.006789645692390821,0.01746716882260807,0.8257048985669494,0.011156561375749559,0.13888172554230194
asthma_v2_pneumonia_P17Pneumonia57K.wav,0,1,4,4,0.04296885745808261,0.0010050128784048575,0.00012480580601243607,0.00043410697729833175,0.9554672168802019
asthma_v2_pneumonia_P17Pneumonia63G.wav,0,1,4,4,0.21679376616454102,0.024769174560751485,0.002504786824684399,0.022448035713223912,0.7334842367367995
asthma_v2_pneumonia_P17Pneumonia86O.wav,0,1,4,2,0.014699179099554904,0.03160919934859645,0.7985061469817527,0.006172052968968946,0.14901342160112702
asthma_v2_pneumonia_P17Pneumonia91K.wav,0,1,4,2,0.003121480003737831,0.02094515793696082,0.9341153153714409,0.0037290467445234136,0.03808899994333688
asthma_v2_pneumonia_P23Pneumonia19A.wav,0,1,4,4,0.24669415759999366,0.008775813737698963,0.07216197900566299,0.020904213427077788,0.6514638362295665
asthma_v2_pneumonia_P23Pneumonia40O.wav,0,1,4,4,0.3606030639862996,0.015148430649626347,0.04308640074429319,0.010324722158868297,0.5708373824609128
asthma_v2_pneumonia_P23Pneumonia54P.wav,0,1,4,4,0.37759605618463066,0.007297280224503869,0.0483541450812176,0.017661945064518337,0.5490905734451299
asthma_v2_pneumonia_P23Pneumonia60Y.wav,0,1,4,4,0.19121587693322545,0.0054791780115621145,0.048402060481862096,0.02117511403601404,0.7337277705373365
asthma_v2_pneumonia_P23Pneumonia90V.wav,0,1,4,4,0.1343832655351201,0.009988881019453258,0.04553325690251084,0.015384746000442805,0.7947098505424732
asthma_v2_pneumonia_P23Pneumonia97P.wav,0,1,4,4,0.11656178774496533,0.020504770216306662,0.09120036975986683,0.07060428642987363,0.7011287858489873
asthma_v2_pneumonia_P25Pneumonia11Z.wav,0,1,4,3,0.23959211463158048,0.028529462450826572,0.0742376928525851,0.5111540736393031,0.14648665642570452
asthma_v2_pneumonia_P25Pneumonia16B.wav,0,1,4,4,0.02249818561315937,0.003975835931502337,0.010999083343465185,0.01090620016416998,0.951620694947703
asthma_v2_pneumonia_P25Pneumonia30I.wav,0,1,4,4,0.21386891505618402,0.007761022700364602,0.006399919305488992,0.11209535997739128,0.6598747829605711
asthma_v2_pneumonia_P25Pneumonia42V.wav,0,1,4,3,0.024572802431939027,0.009151459962221319,0.005628962230706852,0.8835314931388681,0.07711528223626461
asthma_v2_pneumonia_P25Pneumonia93N.wav,0,1,4,3,0.18038273166755128,0.010477183442163654,0.03337174021071301,0.4031191650203128,0.3726491796592597
asthma_v2_pneumonia_P25Pneumonia97D.wav,0,1,4,4,0.008479009135686444,0.0019080221197366313,0.003464994225815759,0.02101240455909903,0.9651355699596621
asthma_v2_pneumonia_P34Pneumonia15R.wav,0,1,4,4,0.046132186744795245,0.011358007966817603,0.0023117357717408406,0.004528372827467849,0.9356696966891784
asthma_v2_pneumonia_P34Pneumonia36H.wav,0,1,4,4,0.05652498779160312,0.007415738283320528,0.0005561997504717445,0.008452916237751984,0.9270501579368526
asthma_v2_pneumonia_P34Pneumonia61E.wav,0,1,4,4,0.034566419490375484,0.004718605297575341,0.00037187103625736605,0.018073284456756277,0.9422698197190358
asthma_v2_pneumonia_P34Pneumonia66M.wav,0,1,4,4,0.04989574172873494,0.00923612279406524,0.0009648255995304905,0.006996236993845927,0.9329070728838235
asthma_v2_pneumonia_P34Pneumonia77O.wav,0,1,4,4,0.047486025647805734,0.007729673425260784,0.0007038609637986983,0.007029452718152063,0.9370509872449825
asthma_v2_pneumonia_P34Pneumonia99G.wav,0,1,4,4,0.08786461166064427,0.009251410286417117,0.0010243924664442917,0.0018661459166786328,0.8999934396698157
asthma_v2_pneumonia_P38Pneumonia23A.wav,0,1,4,0,0.9078954888418141,0.04542720637369829,0.015646724174833225,0.0013646319578551672,0.029665948651799244
asthma_v2_pneumonia_P38Pneumonia34H.wav,0,1,4,0,0.7718663781207691,0.015920265366333463,0.004934133802375525,0.027224591424914818,0.18005463128560703
asthma_v2_pneumonia_P38Pneumonia35P.wav,0,1,4,0,0.7723556082076385,0.07233881602917089,0.04704097897156597,0.003376304187572872,0.10488829260405137
asthma_v2_pneumonia_P38Pneumonia41S.wav,0,1,4,0,0.8556495520864389,0.025886643797001972,0.005114225275357909,0.004612406061694875,0.1087371727795061
asthma_v2_pneumonia_P38Pneumonia61R.wav,0,1,4,0,0.9272081988246507,0.014821338843763557,0.027109239120696883,0.0015437706902915241,0.029317452520597236
asthma_v2_pneumonia_P38Pneumonia64N.wav,0,1,4,0,0.9432245910790318,0.011406960080256599,0.010529913812795591,0.0022546185080584923,0.03258391651985754
asthma_v2_pneumonia_P41Pneumonia17O.wav,0,1,4,0,0.5134995721091064,0.0065943784969612305,0.06518154630139472,0.0035939519551785467,0.41113055113735897
asthma_v2_pneumonia_P41Pneumonia25E.wav,0,1,4,2,0.07088924050504987,0.005159895632680378,0.9013165848311475,0.000820775451192878,0.02181350357992929
asthma_v2_pneumonia_P41Pneumonia31S.wav,0,1,4,4,0.34348279714767976,0.11483073422464196,0.010595261486094064,0.07123085908926124,0.45986034805232257
asthma_v2_pneumonia_P41Pneumonia41D.wav,0,1,4,0,0.35240557380534837,0.0037256914404258158,0.62609650055344,0.0004515639157254591,0.017320670285060735
asthma_v2_pneumonia_P41Pneumonia71Q.wav,0,1,4,0,0.9103746882473477,0.0015368024442642212,0.0030565105532413686,0.01083570615736183,0.07419629259778478
asthma_v2_pneumonia_P41Pneumonia72U.wav,0,1,4,0,0.9316827588257282,0.016034926575119388,0.002158184513866292,0.000307208274105226,0.0498169218111812
asthma_v2_pneumonia_P45Pneumonia10J.wav,0,1,4,3,0.05334069316436234,0.01052730116191867,0.021808520293588395,0.3215900917090001,0.5927333936711306
asthma_v2_pneumonia_P45Pneumonia25T.wav,0,1,4,4,0.0797249703480968,0.0023658697180258554,0.026901365593880726,0.01402405968115636,0.8769837346588402
asthma_v2_pneumonia_P45Pneumonia29L.wav,0,1,4,4,0.15890207267168446,0.0037216584428644887,0.04041074302169229,0.017278236454531935,0.7796872894092267
asthma_v2_pneumonia_P45Pneumonia51F.wav,0,1,4,3,0.07502717205705978,0.017137980126280244,0.06849145768735379,0.2830192048828166,0.5563241852464897
asthma_v2_pneumonia_P45Pneumonia59I.wav,0,1,4,4,0.03838081903530938,0.0009181126219889666,0.017896166579164353,0.012670014820437087,0.9301348869431003
asthma_v2_pneumonia_P45Pneumonia72P.wav,0,1,4,3,0.0868952946057172,0.01734329583772891,0.16582009791532665,0.23639776942730759,0.49354354221391955
asthma_v2_Bronchial_P10BronchialSc_46.wav,0,2,1,2,0.0009112559036092667,0.0149167147474213,0.9778887721955829,0.0015944348621176534,0.004688822291268828
asthma_v2_Bronchial_P10BronchialSc_48.wav,0,2,1,2,6.134138035818463e-05,0.008847057625563417,0.9891511877439416,0.0007148350237386875,0.0012255782263982673
asthma_v2_Bronchial_P10BronchialSc_50.wav,0,2,1,1,0.008530061970462154,0.8651515914649952,0.1133342842206463,0.006186418596982922,0.006797643746913654
asthma_v2_Bronchial_P10BronchialTc_47.wav,0,2,1,2,0.0004321496332588997,0.013971317289281398,0.9828563807453214,0.0009593544374706577,0.0017807978946675236
asthma_v2_Bronchial_P10BronchialTc_49.wav,0,2,1,1,0.009309906230424249,0.9385584458320999,0.04052098673162662,0.00659110301710827,0.005019558188741007
asthma_v2_Bronchial_P12BronchialSc_56.wav,0,2,1,0,0.957997642604441,0.005338923938456135,0.0020930422446398308,0.0010567571748754379,0.03351363403758744
asthma_v2_Bronchial_P12BronchialSc_58.wav,0,2,1,0,0.9447908451555826,0.009607479529763555,0.020348616545320136,0.01243844601471081,0.012814612754622666
asthma_v2_Bronchial_P12BronchialSc_60.wav,0,2,1,3,0.22286783720279477,0.02173654498355263,0.01192058845640509,0.6449079235141533,0.09856710584309442
asthma_v2_Bronchial_P12BronchialTc_57.wav,0,2,1,0,0.9670606709591784,0.005648882911715172,0.0021513726374722325,0.000624595435436319,0.024514478056197962
asthma_v2_Bronchial_P12BronchialTc_59.wav,0,2,1,0,0.9087112926054877,0.016163211860835254,0.006533543855259317,0.0018889559199031414,0.0667029957585148
asthma_v2_Bronchial_P3BronchialSc_12.wav,0,2,1,1,0.010165694341560288,0.9303657173492101,0.022042884501697505,0.029858332903979684,0.007567370903552557
asthma_v2_Bronchial_P3BronchialSc_14.wav,0,2,1,3,0.005073960560802032,0.15096559048946104,0.6050684594257938,0.21480133811991792,0.024090651404025033
asthma_v2_Bronchial_P3BronchialTc_11.wav,0,2,1,1,0.01040408691913345,0.9342435711628657,0.02821299494974515,0.019958714666502314,0.007180632301753484
asthma_v2_Bronchial_P3BronchialTc_13.wav,0,2,1,2,0.0054805782815840805,0.1468092039012453,0.7762585027553597,0.06139307425093268,0.010058640810878221
asthma_v2_Bronchial_P3BronchialTc_15.wav,0,2,1,1,0.006804587334929223,0.20573781955921744,0.5120567714613923,0.2534515770575412,0.0219492445869197
asthma_v2_Bronchial_P6BronchialSc_26.wav,0,2,1,1,0.005740766262583602,0.6547321250263723,0.2715923333469312,0.05292622320715789,0.01500855215695469
asthma_v2_Bronchial_P6BronchialSc_28.wav,0,2,1,1,0.001763707437189303,0.9789295517600246,0.011697955298064333,0.005649164057456413,0.001959621447265457
asthma_v2_Bronchial_P6BronchialSc_30.wav,0,2,1,1,0.0037927850224340432,0.8758608257454563,0.07272614717754271,0.025715500206486053,0.021904741848081003
asthma_v2_Bronchial_P6BronchialTc_27.wav,0,2,1,1,0.004866204914640513,0.937924489144203,0.029226778552455687,0.02272877841705105,0.005253748971649757
asthma_v2_Bronchial_P6BronchialTc_29.wav,0,2,1,1,0.010150689448319476,0.8429550746892309,0.046288703819572515,0.0516384772497533,0.048967054793123604
asthma_v2_Bronchial_P8BronchialSc_36.wav,0,2,1,1,0.012747674102821134,0.8955122380525644,0.02173010669261575,0.05047454572146062,0.019535435430537908
asthma_v2_Bronchial_P8BronchialSc_38.wav,0,2,1,1,0.001255614054678378,0.9668135311336323,0.01882669649649539,0.007402680494802228,0.00570147782039178
asthma_v2_Bronchial_P8BronchialSc_40.wav,0,2,1,1,0.0022013144887375134,0.9483622251723549,0.027584585126869104,0.018260474829411837,0.0035914003826264334
asthma_v2_Bronchial_P8BronchialTc_37.wav,0,2,1,1,0.023197311711553592,0.8490814939524427,0.025884872260777174,0.05553466937957235,0.04630165269565445
asthma_v2_Bronchial_P8BronchialTc_39.wav,0,2,1,1,0.0032500285690775215,0.9656888637877273,0.01636117631000637,0.012148769009696934,0.002551162323491767
asthma_v2_asthma_P14WheezingIE_69.wav,0,2,0,0,0.5314230478034044,0.018262062885493008,0.08497690798378138,0.19536472989001158,0.1699732514373098
asthma_v2_asthma_P14WheezingIU_66.wav,0,2,0,0,0.9543762786475247,0.005627908972671943,0.004664568290096682,0.0005383541756852939,0.03479288991402117
asthma_v2_asthma_P14WheezingIU_70.wav,0,2,0,4,0.44099451287712094,0.002374635077341831,0.004074429626431923,0.010716598125190081,0.5418398242939151
asthma_v2_asthma_P14WheezingRL_67.wav,0,2,0,0,0.8321558328752283,0.0016605841517675142,0.02035946202380567,0.013512815278217504,0.13231130567098093
asthma_v2_asthma_P14WheezingRS_68.wav,0,2,0,0,0.8237571951881891,0.0010711192841227318,0.0029075989204157093,0.0036009090281497263,0.16866317757912289
asthma_v2_asthma_P19WheezingIE_93.wav,0,2,0,4,0.29870704000555953,0.00748330145707884,0.0019379298979543746,0.012584402798210227,0.6792873258411973
asthma_v2_asthma_P19WheezingIU_94.wav,0,2,0,0,0.7209036929552057,0.05479360402034925,0.044357773066355674,0.0017510989292141106,0.1781938310288757
asthma_v2_asthma_P19WheezingRL_91.wav,0,2,0,0,0.946086065903769,0.005683113933523762,0.0010588254136511595,0.00017615892991168391,0.04699583581914445
asthma_v2_asthma_P19WheezingRL_95.wav,0,2,0,0,0.9688555544549787,0.001364411382291177,0.0005819790644059309,0.00023210714259032825,0.02896594795573377
asthma_v2_asthma_P19WheezingRS_92.wav,0,2,0,3,0.3048492848781374,0.006696601211446409,0.03824364295262126,0.3817988047271638,0.2684116662306313
asthma_v2_asthma_P24WheezingIE_117.wav,0,2,0,0,0.8033017207092336,0.0007556089163149086,0.006624702402134494,0.00024181703396837783,0.1890761509383489
asthma_v2_asthma_P24WheezingIU_118.wav,0,2,0,0,0.6566410479944959,0.003940223215918576,0.03704925652524783,0.00796803024947045,0.2944014420148673
asthma_v2_asthma_P24WheezingRL_119.wav,0,2,0,0,0.9236893994656721,0.0010159334232138152,0.002382951879022017,0.00013236018465662635,0.0727793550474354
asthma_v2_asthma_P24WheezingRS_116.wav,0,2,0,0,0.6297658032753733,0.008103241929960082,0.0019970285143054087,0.0009799930747179109,0.35915393320564337
asthma_v2_asthma_P24WheezingRS_120.wav,0,2,0,0,0.6373627054268224,0.013802052130655924,0.07293728353912902,0.011803709999996966,0.26409424890339567
asthma_v2_asthma_P30WheezingIE_149.wav,0,2,0,0,0.9033288478392111,0.002174335050058415,0.0009826749915648086,0.0019007853869172351,0.09161335673224837
asthma_v2_asthma_P30WheezingIU_146.wav,0,2,0,0,0.714754201595882,0.0004883972829589054,0.002358877518215367,0.00035254806849582896,0.28204597553444755
asthma_v2_asthma_P30WheezingIU_150.wav,0,2,0,0,0.7349695756298072,0.02260245204271824,0.0028295049678009423,0.007853878336851737,0.23174458902282208
asthma_v2_asthma_P30WheezingRL_147.wav,0,2,0,0,0.7778906348036619,0.025243968123155856,0.02695453025390008,0.0017225700486783416,0.16818829677060324
asthma_v2_asthma_P30WheezingRS_148.wav,0,2,0,0,0.8035072267053529,0.0052475294086087075,0.0021269719199431005,0.0015269254167388567,0.1875913465493565
asthma_v2_asthma_P32WheezingIE_157.wav,0,2,0,0,0.7060956527443559,0.01523892173625275,0.0039321550787673595,0.006130272624694154,0.26860299781592967
asthma_v2_asthma_P32WheezingIU_158.wav,0,2,0,0,0.79666610699042,0.040062787604463045,0.0040858216819124275,0.006824142711467567,0.15236114101173692
asthma_v2_asthma_P32WheezingRL_159.wav,0,2,0,0,0.27156052687767446,0.2589980907419281,0.04459172171676844,0.013234115170768893,0.41161554549286006
asthma_v2_asthma_P32WheezingRS_156.wav,0,2,0,0,0.9179683434073805,0.007715000086631947,0.004432593812788918,0.021933943774785736,0.047950118918413186
asthma_v2_asthma_P32WheezingRS_160.wav,0,2,0,4,0.3821862209813782,0.003620538372158381,0.0017458933634989726,0.003788059726787919,0.6086592875561764
asthma_v2_asthma_P36WheezingIE_177.wav,0,2,0,0,0.9599269586013884,0.004704353974467421,0.01129646414192759,0.00042661341884658817,0.02364560986337017
asthma_v2_asthma_P36WheezingIU_178.wav,0,2,0,0,0.9527967833752709,0.0003785833294321959,0.006098900107872141,0.0001871256491252419,0.040538607538299555
asthma_v2_asthma_P36WheezingRL_179.wav,0,2,0,0,0.5767888749693078,0.15174079475483587,0.12028307910882172,0.0035491365830752253,0.14763811458395976
asthma_v2_asthma_P36WheezingRS_176.wav,0,2,0,0,0.9553165370322102,0.00453876198628632,0.02054400962488852,0.0004814550379971002,0.019119236318617897
asthma_v2_asthma_P36WheezingRS_180.wav,0,2,0,0,0.464178793218527,0.4204323261377768,0.06183695612287048,0.0018436370138818626,0.05170828750694415
asthma_v2_asthma_P45WheezingIE_221.wav,0,2,0,0,0.8745401791161264,0.009255102021036755,0.029160486806188678,0.018366581279382215,0.06867765077726626
asthma_v2_asthma_P45WheezingIE_225.wav,0,2,0,0,0.8929848306861563,0.012039865967473504,0.010921655536031501,0.0009049363044401201,0.08314871150589848
asthma_v2_asthma_P45WheezingIU_222.wav,0,2,0,0,0.9350210398020468,0.008786810784982692,0.01651469106847075,0.001758523792448276,0.03791893455205161
asthma_v2_asthma_P45WheezingRL_223.wav,0,2,0,0,0.8315561178801291,0.04961627547711324,0.08686526903744737,0.003547162253323584,0.02841517535198659
asthma_v2_asthma_P45WheezingRS_224.wav,0,2,0,0,0.7540657522159531,0.0046300032711482485,0.09282743069660804,0.002446961680206481,0.1460298521360845
asthma_v2_asthma_P46WheezingIE_229.wav,0,2,0,0,0.8025457759204123,0.046307849367109265,0.06744969096636907,0.003870361026900439,0.07982632271920921
asthma_v2_asthma_P46WheezingIU_226.wav,0,2,0,0,0.7054727920768017,0.14385160499120656,0.08337067216392091,0.009055872424097932,0.05824905834397292
asthma_v2_asthma_P46WheezingIU_230.wav,0,2,0,0,0.7692356220675639,0.0115134009282134,0.07983027212995746,0.0029241741847363762,0.1364965306895286
asthma_v2_asthma_P46WheezingRL_227.wav,0,2,0,0,0.6543179384994262,0.06994149113894807,0.24064032615737244,0.0029023446824666824,0.032197899521786526
asthma_v2_asthma_P46WheezingRS_228.wav,0,2,0,0,0.5553854981892999,0.17717754371704855,0.21082523037354234,0.006644705073244316,0.04996702264686495
asthma_v2_asthma_P48WheezingIE_237.wav,0,2,0,0,0.8191920289702801,0.008383666012808808,0.015464072677163309,0.0016402358384730814,0.1553199965012745
asthma_v2_asthma_P48WheezingIU_238.wav,0,2,0,0,0.8909339252837054,0.007124101603498159,0.03642693018664298,0.00281064570644399,0.0627043972197096
asthma_v2_asthma_P48WheezingRL_239.wav,0,2,0,0,0.8105666417795913,0.025886617221191184,0.04395897375374886,0.003178455352491848,0.11640931189297707
asthma_v2_asthma_P48WheezingRS_236.wav,0,2,0,0,0.7553128836899926,0.017778111723654677,0.06370013150549741,0.0029392241315014545,0.16026964894935394
asthma_v2_asthma_P48WheezingRS_240.wav,0,2,0,0,0.8915963647127313,0.003065098632625692,0.022887623318672237,0.0015146262986355315,0.08093628703733527
asthma_v2_asthma_P57WheezingIE_281.wav,0,2,0,3,0.10132185170729384,0.005056504843809527,0.012959681158518565,0.6680005199955192,0.2126614422948591
asthma_v2_asthma_P57WheezingIE_285.wav,0,2,0,4,0.14386181944915014,0.09658559528731904,0.004885220263363451,0.07557272615910138,0.6790946388410657
asthma_v2_asthma_P57WheezingIU_282.wav,0,2,0,4,0.2149193593847618,0.0024700831777096973,0.0043353349303641335,0.19826464184567077,0.580010580661494
asthma_v2_asthma_P57WheezingRL_283.wav,0,2,0,4,0.094905761221545,0.003216356962526125,0.0020257589516064034,0.0009352967905474484,0.898916826073775
asthma_v2_asthma_P57WheezingRS_284.wav,0,2,0,1,0.30628179480745843,0.4823061619702517,0.00814396431648287,0.04447123945611676,0.1587968394496901
asthma_v2_copd_P13COPDMc_100.wav,0,2,2,2,0.0037018717205530936,0.025342819187198412,0.9352300787635485,0.018330500582577843,0.01739472974612222
asthma_v2_copd_P13COPDMc_102.wav,0,2,2,2,0.0030194062484686563,0.0014802113900219786,0.9903237369515311,0.00030080752123018737,0.00487583788874811
asthma_v2_copd_P13COPDMc_104.wav,0,2,2,2,0.002521316833489421,0.0016960648110211764,0.9810141500857574,0.0005359997092492097,0.01423246856048302
asthma_v2_copd_P13COPDMc_98.wav,0,2,2,2,0.0040001365993593795,0.02943837923888876,0.8862809619319222,0.021250643674724255,0.059029878555105636
asthma_v2_copd_P13COPDPr_101.wav,0,2,2,2,0.03057044921489422,0.010626573476855031,0.9324997361661733,0.00044374560231628105,0.025859495539761166
asthma_v2_copd_P13COPDPr_103.wav,0,2,2,2,0.003175157220751433,0.0009842614040471683,0.9929543966300879,0.00028323633542927276,0.002602948409684516
asthma_v2_copd_P13COPDPr_97.wav,0,2,2,2,0.0006609356800267344,0.006204598598026599,0.9896932710817208,0.001632037775332583,0.0018091568648930564
asthma_v2_copd_P13COPDPr_99.wav,0,2,2,2,0.0010588578723662793,0.007841384345700336,0.9629304746099164,0.018641099835887756,0.0095281833361294
asthma_v2_copd_P15COPDMc_114.wav,0,2,2,2,0.04946934892210827,0.021934018610855276,0.9232338275004134,0.003354370217717482,0.002008434748905363
asthma_v2_copd_P15COPDMc_116.wav,0,2,2,2,0.014062143673003666,0.004947672606158575,0.9792699296090493,0.00021274869438266795,0.0015075054174056052
asthma_v2_copd_P15COPDMc_118.wav,0,2,2,0,0.8422685099780591,0.0012140838328031853,0.14196522248450666,0.0003330087724355586,0.014219174932195681
asthma_v2_copd_P15COPDMc_120.wav,0,2,2,2,0.08256823647705669,0.027615401922065623,0.8674519481571663,0.0033415043595175255,0.01902290908419378
asthma_v2_copd_P15COPDPr_113.wav,0,2,2,2,0.2630612974064227,0.014565262940385765,0.7190281440012517,0.0004322856716576218,0.0029130099802819635
asthma_v2_copd_P15COPDPr_115.wav,0,2,2,2,0.11575686612896842,0.013521647866928225,0.860216145757561,0.0012487267520738705,0.009256613494468446
asthma_v2_copd_P15COPDPr_117.wav,0,2,2,0,0.32734363946285977,0.02287119151709011,0.6333686273106853,0.0008682905114408749,0.015548251197923933
asthma_v2_copd_P15COPDPr_119.wav,0,2,2,2,0.02201753411577915,0.009484353927223554,0.958254172097492,0.0026534201973221847,0.007590519662183152
asthma_v2_copd_P18COPDMc_138.wav,0,2,2,2,0.007867989820032707,0.0020884022227487943,0.9859620948171629,0.0003870846315489662,0.003694428508506417
asthma_v2_copd_P18COPDMc_140.wav,0,2,2,2,0.00726027800123895,0.00010731392997229421,0.9699520060273934,0.000889507857545853,0.021790894183849593
asthma_v2_copd_P18COPDMc_142.wav,0,2,2,2,0.0006453765467738892,0.0001839287799803577,0.9941935103203371,0.00044513982131334513,0.00453204453159532
asthma_v2_copd_P18COPDMc_144.wav,0,2,2,2,4.83648372072489e-05,0.0017615962702692404,0.9975155683142165,0.0001438705250134457,0.0005306000532937367
asthma_v2_copd_P18COPDPr_137.wav,0,2,2,2,0.011307461843416779,0.00017313930529438891,0.9776372428211556,0.0008189994974084913,0.010063156532724604
asthma_v2_copd_P18COPDPr_139.wav,0,2,2,2,0.013923836023329526,0.0009146656298775669,0.9697716942390494,0.0006159189133403685,0.014773885194403086
asthma_v2_copd_P18COPDPr_141.wav,0,2,2,2,0.0009085700246067788,0.00010138204155028777,0.9887803772395646,0.00037942168602022415,0.009830249008258343
asthma_v2_copd_P18COPDPr_143.wav,0,2,2,2,1.3413814308110366e-05,1.0397846302407315e-05,0.9954788123217431,6.61915485683353e-05,0.004431184469078285
asthma_v2_copd_P28COPDMc_218.wav,0,2,2,2,0.006108177886584249,0.0028608529052831506,0.9873311026284363,0.0008755993443011228,0.00282426723539531
asthma_v2_copd_P28COPDMc_220.wav,0,2,2,2,0.006241110156528271,0.002720265805240287,0.9882129509626217,0.0007894985142432271,0.00203617456136671
asthma_v2_copd_P28COPDMc_222.wav,0,2,2,2,0.0010073321659968936,0.0010764872655923499,0.9968598362399266,0.00012929480276268455,0.0009270495257211033
asthma_v2_copd_P28COPDMc_224.wav,0,2,2,2,2.7282061429437813e-07,1.408665142690781e-07,0.9998469149820892,6.255829123977731e-07,0.0001520457478699129
asthma_v2_copd_P28COPDPr_217.wav,0,2,2,2,5.501634216789761e-07,3.6226242527759406e-07,0.999530532729627,0.00021858291094286464,0.0002499719335833108
asthma_v2_copd_P28COPDPr_219.wav,0,2,2,2,0.0045854494539150055,0.0026630386651060093,0.9901682198357028,0.0007150430523395669,0.0018682489929363322
asthma_v2_copd_P28COPDPr_221.wav,0,2,2,2,0.0021527509471332947,0.0018554202323807251,0.9932017085631499,0.00016878301810714484,0.002621337239228877
asthma_v2_copd_P28COPDPr_223.wav,0,2,2,2,0.0006084026513892356,0.00108185969700046,0.9971350342160287,0.00012761544505743226,0.0010470879905239915
asthma_v2_copd_P29COPDMc_226.wav,0,2,2,2,2.0057010145847087e-07,9.058786086021757e-08,0.9998886251846961,5.900369688342231e-07,0.00011049362037241822
asthma_v2_copd_P29COPDMc_228.wav,0,2,2,2,2.5406629567115344e-07,2.1139791540626231e-07,0.9999334117816596,1.0201337851273363e-05,5.5921416278084854e-05
asthma_v2_copd_P29COPDMc_230.wav,0,2,2,2,2.6088364041932444e-08,1.501746599167421e-08,0.9999353636578489,1.1233125408817423e-06,6.347192378005107e-05
asthma_v2_copd_P29COPDMc_232.wav,0,2,2,2,5.757463142930724e-08,3.290694685192879e-08,0.9998775729854462,3.662915661505772e-06,0.00011867361731368062
asthma_v2_copd_P29COPDPr_225.wav,0,2,2,2,4.5545045413716573e-07,2.1175578141006724e-07,0.9998847903284726,1.1115437693424572e-06,0.00011343092152231214
asthma_v2_copd_P29COPDPr_227.wav,0,2,2,2,1.675814467073477e-07,1.1005243285724362e-07,0.9999472624608646,8.735809721237397e-06,4.372409553464843e-05
asthma_v2_copd_P29COPDPr_229.wav,0,2,2,2,2.4500230313801796e-07,1.8347409255551886e-07,0.9999779084742529,6.376030429973026e-06,1.5287018921357155e-05
asthma_v2_copd_P29COPDPr_231.wav,0,2,2,2,2.4642236185028784e-08,1.450723117412089e-08,0.9999387434847784,1.6212188577579921e-06,5.959614689635036e-05
asthma_v2_copd_P30COPDMc_234.wav,0,2,2,2,0.01674144808027456,0.00016618879535320918,0.9433554276955423,0.002149798769640461,0.03758713665918956
asthma_v2_copd_P30COPDMc_236.wav,0,2,2,2,8.73127832596474e-07,5.234976044740646e-07,0.9996770502123824,0.00019663485923953982,0.0001249183029409812
asthma_v2_copd_P30COPDMc_238.wav,0,2,2,2,0.00012814442551597427,0.0007821200286294799,0.9987759776667904,0.00012960482249499373,0.00018415305656892662
asthma_v2_copd_P30COPDMc_240.wav,0,2,2,2,9.346357543706089e-08,4.7999591170719634e-08,0.9999534007309326,7.2567981909172386e-06,3.9201007709767205e-05
asthma_v2_copd_P30COPDPr_233.wav,0,2,2,2,0.0037973296537207814,0.00013839236073553732,0.9847408253437443,0.0008580974089097267,0.010465355232889904
asthma_v2_copd_P30COPDPr_235.wav,0,2,2,2,0.013230239822902857,0.00025262936880967826,0.9034653170807447,0.00339600957292024,0.0796558041546229
asthma_v2_copd_P30COPDPr_237.wav,0,2,2,2,0.00016245578660564947,0.0007002959914760053,0.9988624744127865,0.00011580114060345292,0.00015897266852802776
asthma_v2_copd_P30COPDPr_239.wav,0,2,2,2,1.328443657428979e-07,7.497497665052007e-08,0.9999551101763412,9.079924806372884e-06,3.560207951004093e-05
asthma_v2_copd_P47COPDMc_370.wav,0,2,2,1,0.09485263125174281,0.354323567858331,0.3830707835879865,0.03710235132524292,0.13065066597669703
asthma_v2_copd_P47COPDMc_372.wav,0,2,2,2,0.003917806466919585,0.008562988951238098,0.9668262572426439,0.0041341411423849546,0.016558806196813054
asthma_v2_copd_P47COPDMc_374.wav,0,2,2,2,0.0003836342539195881,0.020980054806497058,0.9714186511685814,0.006305661207974111,0.0009119985630275867
asthma_v2_copd_P47COPDMc_376.wav,0,2,2,2,0.0014269063689806567,0.006341665562573317,0.9406301144000945,0.036859108673461365,0.014742204994889974
asthma_v2_copd_P47COPDPr_369.wav,0,2,2,0,0.5364446756986924,0.0072207082013103305,0.3604774414946574,0.010224567232905088,0.08563260737243501
asthma_v2_copd_P47COPDPr_371.wav,0,2,2,2,0.06515730568629785,0.10201025183268021,0.5725326570215723,0.007504617507968779,0.25279516795148116
asthma_v2_copd_P47COPDPr_373.wav,0,2,2,2,0.01949311062211994,0.022898455757364135,0.8779685815196042,0.06142328886378608,0.018216563237125612
asthma_v2_copd_P47COPDPr_375.wav,0,2,2,2,0.00038879983396913724,0.020149857038132393,0.9727586443434062,0.005630565509273375,0.0010721332752188168
asthma_v2_copd_P49COPDMc_386.wav,0,2,2,2,8.50338271777581e-05,0.0074452167928012545,0.9839358395003751,0.005084978591750257,0.0034489312878956875
asthma_v2_copd_P49COPDMc_388.wav,0,2,2,2,4.181837286045125e-05,0.004068306344938966,0.9878567985599148,0.0052470781067492705,0.002785998615536338
asthma_v2_copd_P49COPDMc_390.wav,0,2,2,2,0.00017832249588296606,0.016877368742796037,0.96477909440459,0.016111737313063455,0.002053477043667209
asthma_v2_copd_P49COPDMc_392.wav,0,2,2,2,0.00010216720330098503,0.0028646300580734856,0.9952183707827941,0.001077698473526912,0.0007371334823042886
asthma_v2_copd_P49COPDPr_385.wav,0,2,2,2,0.002001549588822888,0.0032318836211598164,0.9813122071621266,0.00442975759138422,0.00902460203650636
asthma_v2_copd_P49COPDPr_387.wav,0,2,2,2,5.390865333500667e-05,0.005352853289968814,0.9894736308720271,0.003522518139013635,0.001597089045655123
asthma_v2_copd_P49COPDPr_389.wav,0,2,2,2,9.40535422069516e-05,0.009889302585128542,0.9820865735523819,0.006159670779217407,0.0017703995410652954
asthma_v2_copd_P49COPDPr_391.wav,0,2,2,2,0.00024853106515156966,0.0006713392856394763,0.9970097100177553,0.000944114648545184,0.0011263049829081393
asthma_v2_copd_P4COPDMc_26.wav,0,2,2,2,0.0002978048304212967,0.0009909539310848645,0.9960599680347738,0.001704443430062767,0.0009468297736572796
asthma_v2_copd_P4COPDMc_28.wav,0,2,2,2,0.0003137561778443525,0.00034608353000842225,0.9970398427188335,0.00029168045615618406,0.0020086371171576865
asthma_v2_copd_P4COPDMc_30.wav,0,2,2,2,0.012747945232047824,0.0029214964350277326,0.9637067689491141,0.0033191995539931024,0.01730458982981736
asthma_v2_copd_P4COPDMc_32.wav,0,2,2,2,0.1798699849082898,0.0067158227623456265,0.5733398689220759,0.0440902603077366,0.19598406309955207
asthma_v2_copd_P4COPDPr_25.wav,0,2,2,2,0.00021676828472143897,0.0008769420455584858,0.9968190347483459,0.0012639549320519019,0.0008232999893223966
asthma_v2_copd_P4COPDPr_27.wav,0,2,2,2,5.0242811182301065e-06,3.3021073523737415e-06,0.9970784210610972,6.184653782497041e-05,0.0028514060126071483
asthma_v2_copd_P4COPDPr_29.wav,0,2,2,2,0.0011908420868441496,0.0008972531309161243,0.9925292584979386,0.00024302487266183084,0.005139621411639467
asthma_v2_copd_P4COPDPr_31.wav,0,2,2,2,0.009731217467435658,0.0024742421896232426,0.9733967437407303,0.0027125107963491576,0.011685285805861815
asthma_v2_copd_P51COPDPr_401.wav,0,2,2,2,9.731723582223464e-05,0.003982498595327,0.9944465846960334,0.0006539722863274896,0.000819627186489627
asthma_v2_copd_P8COPDMc_58.wav,0,2,2,2,0.003627605892304056,0.0035854479047575435,0.9846415695616177,0.0023787091433574506,0.005766667497962905
asthma_v2_copd_P8COPDMc_60.wav,0,2,2,2,4.484847069291643e-07,2.2455442774445302e-07,0.9996489673869443,2.477601994958508e-06,0.00034788197192610386
asthma_v2_copd_P8COPDMc_62.wav,0,2,2,2,4.579411924426627e-06,2.5843992970212343e-06,0.9977855147758597,2.497105094243591e-05,0.002182350361976239
asthma_v2_copd_P8COPDMc_64.wav,0,2,2,2,0.0017123361930701862,0.0003668966372130691,0.9913430634951318,0.0007909813474576518,0.005786722327127435
asthma_v2_copd_P8COPDPr_57.wav,0,2,2,2,0.0007480378977858545,0.00012691660633849865,0.9945890845373463,0.0008705218386523909,0.003665439119876873
asthma_v2_copd_P8COPDPr_59.wav,0,2,2,2,0.0005313681517302092,0.00012179248515230172,0.9969383789357823,9.295413004580192e-05,0.0023155062972897242
asthma_v2_copd_P8COPDPr_61.wav,0,2,2,2,0.0017778546368758246,0.00027455099908354135,0.9944753212145808,0.0010791994225892658,0.002393073726870828
asthma_v2_copd_P8COPDPr_63.wav,0,2,2,2,9.226595592297489e-07,5.030722940756433e-07,0.9992599985980475,2.0633594244535834e-06,0.0007365123106746768
asthma_v2_healthy_P17Healthy22S.wav,0,2,3,3,0.012245664278876457,0.007657479221388551,0.018446976431558598,0.8838153191265119,0.07783456094166448
asthma_v2_healthy_P17Healthy35S.wav,0,2,3,3,0.010039317195229564,0.008901186754683087,0.009731166171595638,0.859780372020803,0.11154795785768863
asthma_v2_healthy_P17Healthy58S.wav,0,2,3,0,0.43409992438160827,0.04280098063201749,0.03299337600260725,0.10343591400478268,0.38666980497898423
asthma_v2_healthy_P17Healthy71S.wav,0,2,3,4,0.2128477771520985,0.01268146923523324,0.07201390514677267,0.07108472038084736,0.6313721280850483
asthma_v2_healthy_P17Healthy83S.wav,0,2,3,4,0.20672888136954298,0.03765479715954582,0.02739070849731204,0.04682396948656761,0.6814016434870315
asthma_v2_healthy_P18Healthy17S.wav,0,2,3,3,0.09096123049438096,0.0021238822042576,0.034334287026744945,0.7808828334260968,0.09169776684852002
asthma_v2_healthy_P18Healthy46S.wav,0,2,3,1,0.05280954767896994,0.5534108869085858,0.030774710061654484,0.24312090339229725,0.11988395195849255
asthma_v2_healthy_P18Healthy59S.wav,0,2,3,1,0.047963267154655875,0.7581131696982488,0.016503414668106696,0.10715584533665545,0.07026430314233327
asthma_v2_healthy_P18Healthy79S.wav,0,2,3,3,0.0814199486751971,0.0019426434646095086,0.0880800288077803,0.7368503130862845,0.09170706596612876
asthma_v2_healthy_P18Healthy98S.wav,0,2,3,3,0.07598375837436128,0.0021697109202176335,0.058164216087906395,0.7576411204580296,0.10604119415948515
asthma_v2_healthy_P22Healthy36S.wav,0,2,3,3,0.015044196017039296,0.0015382245738296847,0.027060241122287578,0.9154049580358758,0.040952380250967375
asthma_v2_healthy_P22Healthy45S.wav,0,2,3,3,0.008633308086647792,0.0005633516707415228,0.00531769743148676,0.9435528895933787,0.04193275321774547
asthma_v2_healthy_P22Healthy50S.wav,0,2,3,3,0.10448174952878368,0.011858682264863819,0.007375467345157402,0.715607925264741,0.1606761755964541
asthma_v2_healthy_P22Healthy88S.wav,0,2,3,3,0.015511224451673723,0.0003982071481839552,0.003323780076648246,0.8571427476515673,0.1236240406719269
asthma_v2_healthy_P22Healthy94S.wav,0,2,3,3,0.17902495502940818,0.27296449500302755,0.019580135678430564,0.3179101452443758,0.21052026904475735
asthma_v2_healthy_P23Healthy14S.wav,0,2,3,3,0.015511224451673723,0.0003982071481839552,0.003323780076648246,0.8571427476515673,0.1236240406719269
asthma_v2_healthy_P23Healthy24S.wav,0,2,3,3,0.024601730356944462,0.0003920142529254894,0.001987614624087723,0.6588096663507257,0.31420897441531687
asthma_v2_healthy_P23Healthy72S.wav,0,2,3,3,0.0038580488397766204,9.093550049737812e-05,0.0029311594580314665,0.9733164347895648,0.01980342141212982
asthma_v2_healthy_P23Healthy97S.wav,0,2,3,3,0.024601730356944462,0.0003920142529254894,0.001987614624087723,0.6588096663507257,0.31420897441531687
asthma_v2_healthy_P23Healthy98S.wav,0,2,3,3,0.0038580488397766204,9.093550049737812e-05,0.0029311594580314665,0.9733164347895648,0.01980342141212982
asthma_v2_healthy_P8Healthy33S.wav,0,2,3,3,0.259352777272723,0.05670795030144176,0.22983471985705337,0.39714587407775287,0.05695867849102908
asthma_v2_healthy_P8Healthy35S.wav,0,2,3,3,0.1568426449748598,0.03961201816328355,0.2213036608086975,0.5139292424921537,0.06831243356100543
asthma_v2_healthy_P8Healthy48S.wav,0,2,3,3,0.09288736043306933,0.011427547255291952,0.10205449224043875,0.7385869811117214,0.05504361895947865
asthma_v2_healthy_P8Healthy70S.wav,0,2,3,3,0.06383159756381292,0.20172337620369876,0.10635890450306472,0.545989810051321,0.08209631167810268
asthma_v2_healthy_P8Healthy82S.wav,0,2,3,3,0.04527450891023406,0.06041731575275791,0.03597604337159136,0.8142435662873978,0.04408856567801866
asthma_v2_pneumonia_P11Pneumonia12W.wav,0,2,4,4,0.21236073968231275,0.013246422971529784,0.009234380685727333,0.03930524648572807,0.7258532101747016
asthma_v2_pneumonia_P11Pneumonia18T.wav,0,2,4,4,0.13054991496504847,0.011622603452632572,0.16455755868026695,0.009134920778375494,0.6841350021236766
asthma_v2_pneumonia_P11Pneumonia41N.wav,0,2,4,4,0.1584725541291852,0.00026984555084118327,0.0038647935447659997,0.1786854859737159,0.6587073208014915
asthma_v2_pneumonia_P11Pneumonia58A.wav,0,2,4,4,0.04132735731748056,0.0006166436831196963,0.0034312355369250447,0.026465719592449623,0.928159043870025
asthma_v2_pneumonia_P11Pneumonia65P.wav,0,2,4,4,0.2083261082577246,0.016938661529404056,0.010711750574099545,0.010445428618498818,0.7535780510202726
asthma_v2_pneumonia_P11Pneumonia98J.wav,0,2,4,4,0.07648468597312698,0.0011694708348846253,0.009897300784803428,0.1503519672818057,0.7620965751253791
asthma_v2_pneumonia_P15Pneumonia12I.wav,0,2,4,4,0.03223800547371233,0.010268289017065127,0.05823630575436326,0.007364314554492979,0.8918930852003663
asthma_v2_pneumonia_P15Pneumonia16R.wav,0,2,4,4,0.1327982783749856,0.01485233453606271,0.08422304481236687,0.00885957871524552,0.7592667635613395
asthma_v2_pneumonia_P15Pneumonia39Y.wav,0,2,4,3,0.04856659681534117,0.00048566636332367176,0.0024446556188193708,0.5260024722959851,0.4225006089065308
asthma_v2_pneumonia_P15Pneumonia56Z.wav,0,2,4,4,0.15725733758764052,0.013316596296950948,0.13655788765862778,0.009602316211225377,0.6832658622455554
asthma_v2_pneumonia_P15Pneumonia58S.wav,0,2,4,4,0.03593373415300295,0.00392294128307074,0.00075614282025701,0.0011516585312561088,0.9582355232124131
asthma_v2_pneumonia_P15Pneumonia81V.wav,0,2,4,4,0.04355884117083258,0.0027432044492584793,0.0006043993042076088,0.00040218650945590803,0.9526913685662454
asthma_v2_pneumonia_P19Pneumonia24H.wav,0,2,4,4,0.10706722503636755,0.015553023431507098,0.000400210800653615,0.007772909485235899,0.869206631246236
asthma_v2_pneumonia_P19Pneumonia33O.wav,0,2,4,4,0.013694959679577857,0.001024181535232224,0.0002830290502041189,0.00043159811586309207,0.9845662316191226
asthma_v2_pneumonia_P19Pneumonia39Z.wav,0,2,4,4,0.03406780883665338,0.013320897512080912,0.0014664704738813897,0.010948405008925449,0.940196418168459
asthma_v2_pneumonia_P19Pneumonia41U.wav,0,2,4,4,0.23844572872014452,0.02187113588931178,0.0005921210106748637,0.002255673908237802,0.7368353404716307
asthma_v2_pneumonia_P19Pneumonia75B.wav,0,2,4,4,0.18598696389409936,0.03913259286299913,0.0007434888036957858,0.007735764448672287,0.7664011899905335
asthma_v2_pneumonia_P19Pneumonia90X.wav,0,2,4,3,0.1022760280629153,0.08583074052930355,0.00721286356224372,0.39673929009811043,0.40794107774742705
asthma_v2_pneumonia_P26Pneumonia12X.wav,0,2,4,4,0.057770038674908895,0.012646006526356625,0.028751411468320096,0.23007738512466322,0.6707551582057515
asthma_v2_pneumonia_P26Pneumonia66S.wav,0,2,4,3,0.03338931801348982,0.005234996735252393,0.04352814490771691,0.6437165468324136,0.27413099351112746
asthma_v2_pneumonia_P26Pneumonia72P.wav,0,2,4,4,0.0672940835724501,0.007091334700266597,0.005055537861406797,0.14227908236773013,0.7782799614981462
asthma_v2_pneumonia_P26Pneumonia83Z.wav,0,2,4,4,0.08305796473791822,0.0010726994769068416,0.001090116342974041,0.005424848764126807,0.9093543706780743
asthma_v2_pneumonia_P26Pneumonia84P.wav,0,2,4,4,0.03831930191822229,0.006646493231410655,0.004505422501981597,0.02617291233298607,0.9243558700153996
asthma_v2_pneumonia_P26Pneumonia89E.wav,0,2,4,3,0.06087924696661982,0.012045285525944055,0.011265985895922847,0.4101121401395395,0.5056973414719739
asthma_v2_pneumonia_P31Pneumonia14Q.wav,0,2,4,4,0.025377437458252432,0.009168931896921362,0.007357060744199113,0.002057309515081648,0.9560392603855454
asthma_v2_pneumonia_P31Pneumonia16C.wav,0,2,4,4,0.02286884878807517,0.007399632375747082,0.008073896754309537,0.001152269490683166,0.9605053525911849
asthma_v2_pneumonia_P31Pneumonia43V.wav,0,2,4,4,0.12955819255627535,0.00910896523911899,0.010912052728258733,0.0015069560034463403,0.8489138334729008
asthma_v2_pneumonia_P31Pneumonia47D.wav,0,2,4,4,0.03730435360571582,0.012243406545086198,0.004083340825467492,0.0019241371603607193,0.9444447618633698
asthma_v2_pneumonia_P31Pneumonia47J.wav,0,2,4,4,0.023670129361752643,0.0062226704202730035,0.000736219237576764,0.00724601744805217,0.9621249635323453
asthma_v2_pneumonia_P31Pneumonia92I.wav,0,2,4,4,0.060536214105989,0.008558146327570054,0.004661438763563736,0.000828978673294203,0.9254152221295829
asthma_v2_pneumonia_P35Pneumonia16F.wav,0,2,4,4,0.029972722829098523,0.018758108017330168,0.007263179019371711,0.013248636727623051,0.9307573534065765
asthma_v2_pneumonia_P35Pneumonia46U.wav,0,2,4,4,0.06617053442350042,0.002283611686644754,0.004555956608722024,0.0010746557234952688,0.9259152415576376
asthma_v2_pneumonia_P35Pneumonia56D.wav,0,2,4,4,0.04645597785449426,0.02248879906798276,0.007104298944707192,0.16820959077763337,0.7557413333551826
asthma_v2_pneumonia_P35Pneumonia57I.wav,0,2,4,4,0.024274504808503274,0.004534927425711782,0.0009166297833977608,0.0015733682878594948,0.968700569694528
asthma_v2_pneumonia_P35Pneumonia75E.wav,0,2,4,4,0.025148486933948448,0.008904306991432461,0.005896728445503172,0.0011405630923623418,0.9589099145367537
asthma_v2_pneumonia_P35Pneumonia99V.wav,0,2,4,4,0.07793760227773673,0.004312627076682614,0.0022086996133753754,0.007139595770961208,0.9084014752612438
asthma_v2_pneumonia_P3Pneumonia41L.wav,0,2,4,4,0.0631015920269828,0.0014311150446922297,0.0055754649733041235,0.0009062559674086855,0.928985571987612
asthma_v2_pneumonia_P3Pneumonia54K.wav,0,2,4,4,0.09093551585272627,0.0012509615479502217,0.006225040153386122,0.0007728758699234588,0.9008156065760139
asthma_v2_pneumonia_P3Pneumonia61R.wav,0,2,4,4,0.033431967779254355,0.0027438394662664314,0.2881057241601904,0.1220881589330895,0.5536303096611994
asthma_v2_pneumonia_P3Pneumonia74F.wav,0,2,4,4,0.26478450471845183,0.004806952286584197,0.0069890270375425004,0.006385599439514644,0.7170339165179068
asthma_v2_pneumonia_P3Pneumonia75Z.wav,0,2,4,4,0.0056680548453124455,0.0003429212105929798,0.2506609868654706,0.05706231743250931,0.6862657196461148
asthma_v2_pneumonia_P3Pneumonia96L.wav,0,2,4,4,0.030414195466538074,0.00037866218361884033,0.0016539237397434805,0.0003759081875106154,0.9671773104225891
asthma_v2_pneumonia_P46Pneumonia15W.wav,0,2,4,0,0.5807989438981591,0.0054700719663418615,0.021895014114681154,0.06477483900173381,0.3270611310190843
asthma_v2_pneumonia_P46Pneumonia22V.wav,0,2,4,3,0.01678227080820723,0.01958238682272949,0.3961467503916538,0.30889297463632526,0.2585956173410843
asthma_v2_pneumonia_P46Pneumonia49D.wav,0,2,4,0,0.5123819957702267,0.004876907364610126,0.009324719118127475,0.043694182991159014,0.4297221947558771
asthma_v2_pneumonia_P46Pneumonia80D.wav,0,2,4,3,0.0037847951339989097,0.0061793860793606,0.2456858328951001,0.631637954298234,0.11271203159330649
asthma_v2_pneumonia_P46Pneumonia95A.wav,0,2,4,3,0.027308939425915262,0.011223641146665603,0.16148499247830908,0.6759058874299267,0.12407653951918354
asthma_v2_pneumonia_P46Pneumonia99Y.wav,0,2,4,0,0.24972457039937704,0.0034649594966445914,0.4412319021410034,0.09038695422707423,0.21519161373590076
asthma_v2_pneumonia_P48Pneumonia31K.wav,0,2,4,3,0.0037847951339989097,0.0061793860793606,0.2456858328951001,0.631637954298234,0.11271203159330649
asthma_v2_pneumonia_P48Pneumonia61T.wav,0,2,4,3,0.01678227080820723,0.01958238682272949,0.3961467503916538,0.30889297463632526,0.2585956173410843
asthma_v2_pneumonia_P48Pneumonia82Z.wav,0,2,4,3,0.027308939425915262,0.011223641146665603,0.16148499247830908,0.6759058874299267,0.12407653951918354
asthma_v2_pneumonia_P8Pneumonia11O.wav,0,2,4,0,0.6778994370095531,0.0014562810152610405,0.008117191922732641,0.04993391536519911,0.26259317468725407
asthma_v2_pneumonia_P8Pneumonia14Z.wav,0,2,4,0,0.4766932072637584,0.002300093278037369,0.010011356735104206,0.07429761781879156,0.4366977249043082
asthma_v2_pneumonia_P8Pneumonia16Z.wav,0,2,4,3,0.03553809929070167,0.02803603933338106,0.0620142942779834,0.5258904128625165,0.34852115423541713
asthma_v2_pneumonia_P8Pneumonia20O.wav,0,2,4,4,0.03767615658180916,0.0014403860354206745,0.054717070695951796,0.004203681091638588,0.9019627055951797
asthma_v2_pneumonia_P8Pneumonia23N.wav,0,2,4,0,0.6167654150973199,0.0007672091898739138,0.0183675360741447,0.11277807643971371,0.25132176319894767
asthma_v2_pneumonia_P8Pneumonia28V.wav,0,2,4,3,0.01030243144986687,0.004944790478900785,0.015801608857066204,0.9225033832414435,0.04644778597272242
asthma_v2_Bronchial_P15BronchialSc_72.wav,0,3,1,1,0.0017430957036068168,0.9920117841463162,0.0030588511238121923,0.0019486004555921107,0.001237668570672567
asthma_v2_Bronchial_P15BronchialSc_74.wav,0,3,1,1,0.005357784385751043,0.7335328099908243,0.25244197207341357,0.0034224419723330917,0.0052449915776778796
asthma_v2_Bronchial_P15BronchialTc_71.wav,0,3,1,1,0.002138631495335851,0.9882670191650925,0.0046236155229365155,0.0030917256414241872,0.0018790081752108614
asthma_v2_Bronchial_P15BronchialTc_73.wav,0,3,1,1,0.0023204253438116763,0.971896304770151,0.020470701697381674,0.003185650541915413,0.0021269176467398495
asthma_v2_Bronchial_P15BronchialTc_75.wav,0,3,1,1,0.0043763387760002385,0.8531029849209498,0.13452862131375948,0.0020132589233304763,0.005978796065959985
asthma_v2_Bronchial_P21BronchialSc_102.wav,0,3,1,3,0.22920105169200253,0.01699471467722668,0.23524295018046198,0.19396647549621504,0.3245948079540938
asthma_v2_Bronchial_P21BronchialSc_104.wav,0,3,1,3,0.04311735412384458,0.01011468674831862,0.5035087816114783,0.35814736084827076,0.08511181666808773
asthma_v2_Bronchial_P21BronchialTc_101.wav,0,3,1,1,0.0069495557361755654,0.9477247931237714,0.03304078612429686,0.0048858891415734605,0.007398975874182834
asthma_v2_Bronchial_P21BronchialTc_103.wav,0,3,1,3,0.08732643211253174,0.01616239724533417,0.443355401958957,0.2940444984152563,0.1591112702679208
asthma_v2_Bronchial_P5BronchialSc_22.wav,0,3,1,1,0.003191975691859451,0.6989754510408503,0.1548215383897765,0.12261326717383089,0.020397767703682422
asthma_v2_Bronchial_P5BronchialSc_24.wav,0,3,1,1,0.010821568512904544,0.5875296314077659,0.3331881618106351,0.04322263913652188,0.02523799913217289
asthma_v2_Bronchial_P5BronchialTc_21.wav,0,3,1,1,0.0018020504061411237,0.9388759680992472,0.0060896551919296165,0.04699065968910059,0.006241666613581581
asthma_v2_Bronchial_P5BronchialTc_23.wav,0,3,1,1,0.006069762135988284,0.650053386653213,0.26124226114311444,0.05871984714960855,0.0239147429180754
asthma_v2_Bronchial_P5BronchialTc_25.wav,0,3,1,1,0.044471712441692464,0.44644529500014857,0.4165461842926907,0.04146290654825756,0.051073901717210816
asthma_v2_asthma_P12WheezingIE_57.wav,0,3,0,0,0.8320284349357938,0.017523039509738058,0.04316002947132831,0.003753719473275492,0.10353477660986436
asthma_v2_asthma_P12WheezingIU_58.wav,0,3,0,0,0.8501296386107585,0.02207035087771601,0.014830277870758385,0.006102886943565234,0.10686684569720167
asthma_v2_asthma_P12WheezingRL_59.wav,0,3,0,0,0.9022709345105138,0.03315907288050044,0.01859735338406268,0.0020502313521698345,0.04392240787275322
asthma_v2_asthma_P12WheezingRS_56.wav,0,3,0,0,0.7846565386683351,0.01653516810506305,0.06916450258275876,0.003537994218910201,0.12610579642493283
asthma_v2_asthma_P12WheezingRS_60.wav,0,3,0,0,0.9000411235977213,0.05660726326640259,0.007909432789818123,0.001334154118641404,0.03410802622741644
asthma_v2_asthma_P18WheezingIE_89.wav,0,3,0,0,0.9058793089465729,0.020129844978272082,0.005560893628738449,0.004764089706431875,0.06366586273998473
asthma_v2_asthma_P18WheezingIU_86.wav,0,3,0,0,0.6575413991902087,0.0018020612857890673,0.05957536260966357,0.0010825024803620908,0.27999867443397686
asthma_v2_asthma_P18WheezingIU_90.wav,0,3,0,0,0.9648734221920398,0.016300074554115553,0.001790606054711135,0.0003300705890794879,0.016705826610054104
asthma_v2_asthma_P18WheezingRL_87.wav,0,3,0,3,0.06965997757637488,0.031159250983964087,0.040545919124561264,0.7446759588889987,0.11395889342610117
asthma_v2_asthma_P18WheezingRS_88.wav,0,3,0,4,0.41609838708233926,0.03243037072618471,0.010439910327366204,0.013073228366933651,0.5279581034971763
asthma_v2_asthma_P1AsthmaIE_1.wav,0,3,0,0,0.9042673989191439,0.00592017788399442,0.014217538186438308,0.004638205788353915,0.07095667922206964
asthma_v2_asthma_P1AsthmaIE_5.wav,0,3,0,0,0.8995722187149536,0.08772610831390912,0.0036815293338389437,0.0005706318195417958,0.008449511817755991
asthma_v2_asthma_P1AsthmaIU_2.wav,0,3,0,0,0.9480344949456451,0.010662247385802744,0.004786101571083403,0.002177436743168393,0.03433971935430058
asthma_v2_asthma_P1AsthmaRL_3.wav,0,3,0,4,0.43341910775349246,0.0025140607347814013,0.013892781154858425,0.02160500796349041,0.5285690423933773
asthma_v2_asthma_P1AsthmaRS_4.wav,0,3,0,0,0.9048927400355586,0.05874062545008825,0.007083427033656827,0.001446064049889984,0.02783714343080642
asthma_v2_asthma_P25WheezingIE_121.wav,0,3,0,0,0.5877635488519338,0.02035792612202497,0.2801484242487878,0.0026813384851210723,0.10904876229213238
asthma_v2_asthma_P25WheezingIE_125.wav,0,3,0,4,0.43820224337227903,0.014228405027437075,0.0017340033385508057,0.04227333540450927,0.503562012857224
asthma_v2_asthma_P25WheezingIU_122.wav,0,3,0,0,0.714069981936935,0.006382674662178801,0.010092435542966646,0.00296078534559167,0.26649412251232807
asthma_v2_asthma_P25WheezingRL_123.wav,0,3,0,0,0.6438308850278003,0.00904279927420525,0.02032340238250036,0.0036402480977353055,0.32316266521775894
asthma_v2_asthma_P25WheezingRS_124.wav,0,3,0,0,0.8145889185086184,0.010731661343346511,0.014753889601769602,0.01981254967243258,0.14011298087383292
asthma_v2_asthma_P33WheezingIE_161.wav,0,3,0,0,0.6361604409520879,0.004487677344700403,0.004277049510944712,0.015213685950525918,0.3398611462417412
asthma_v2_asthma_P33WheezingIE_165.wav,0,3,0,0,0.5614406592347595,0.24442887713645586,0.04703848949541594,0.011204173900518826,0.1358878002328499
asthma_v2_asthma_P33WheezingIU_162.wav,0,3,0,0,0.7119818536185131,0.028531505544489334,0.07838283157196159,0.00391810879318252,0.17718570047185347
asthma_v2_asthma_P33WheezingRL_163.wav,0,3,0,0,0.8552192827308276,0.012422732963983605,0.02542337766012653,0.001631113415111283,0.10530349322995132
asthma_v2_asthma_P33WheezingRS_164.wav,0,3,0,0,0.8942862554605885,0.007215692287536071,0.024055017080309007,0.0013992268958911917,0.07304380827567566
asthma_v2_asthma_P3AsthmaIE_13.wav,0,3,0,0,0.9180629752076257,0.040600761359162615,0.009348342112909133,0.0027017785243702267,0.029286142795932307
asthma_v2_asthma_P3AsthmaIU_14.wav,0,3,0,0,0.9293472339691041,0.02911079496693212,0.0045542666585069195,0.001617017951821837,0.03537068645363482
asthma_v2_asthma_P3AsthmaRL_11.wav,0,3,0,0,0.7529747993136967,0.017900919930249785,0.05585919030919988,0.006531440215887041,0.16673365023096662
asthma_v2_asthma_P3AsthmaRL_15.wav,0,3,0,0,0.9303664465536863,0.024984213121843145,0.007359773840646827,0.0010962847472919246,0.036193281736531836
asthma_v2_asthma_P3AsthmaRS_12.wav,0,3,0,0,0.8057036580616057,0.025093575406645613,0.046825505988178674,0.0037423751700628957,0.11863488537350717
asthma_v2_asthma_P40WheezingIE_197.wav,0,3,0,0,0.8935451765319877,0.056855895858842175,0.03887961263531434,0.0006843993330031933,0.010034915640852397
asthma_v2_asthma_P40WheezingIU_198.wav,0,3,0,0,0.8887626713491689,0.05393860602342391,0.04715129631107307,0.0005257043100597159,0.00962172200627469
asthma_v2_asthma_P40WheezingRL_199.wav,0,3,0,0,0.9046053310116355,0.012007869844269242,0.06928338786558716,0.00022806305472543938,0.013875348223782545
asthma_v2_asthma_P40WheezingRS_196.wav,0,3,0,0,0.785325253512202,0.11950212189093978,0.07648782644564049,0.002010271544119624,0.01667452660709784
asthma_v2_asthma_P40WheezingRS_200.wav,0,3,0,0,0.44854824992705083,0.03458219108752068,0.5073594854893917,0.00040983762045731755,0.009100235875579425
asthma_v2_asthma_P42WheezingIE_209.wav,0,3,0,0,0.642711685643334,0.010623201794501052,0.2920636976674045,0.004311949936979008,0.050289464957781145
asthma_v2_asthma_P42WheezingIU_206.wav,0,3,0,2,0.27819698121120434,0.0032423448245973508,0.7055881778230035,0.004084382743925079,0.008888113397269786
asthma_v2_asthma_P42WheezingIU_210.wav,0,3,0,0,0.6411835869983358,0.011842868960767593,0.3079269276790335,0.010501556140566868,0.028545060221296475
asthma_v2_asthma_P42WheezingRL_207.wav,0,3,0,2,0.2457148375901899,0.006184017647785449,0.730384826153511,0.0011134613883424097,0.01660285722017135
asthma_v2_asthma_P42WheezingRS_208.wav,0,3,0,0,0.8551987368791198,0.005850581577960073,0.059942966845183646,0.0037756053121776995,0.07523210938555873
asthma_v2_asthma_P50WheezingIE_249.wav,0,3,0,0,0.9435493202377496,0.001676139846590242,0.006133773053723665,0.0007735985685995251,0.047867168293336926
asthma_v2_asthma_P50WheezingIU_246.wav,0,3,0,0,0.8614932710772099,0.0012828348022496125,0.004209880380896368,0.009479410378300244,0.12353460336134413
asthma_v2_asthma_P50WheezingIU_250.wav,0,3,0,0,0.9371497914198221,0.0014497962874956522,0.008217854922380493,0.002223127780841013,0.050959429589460765
asthma_v2_asthma_P50WheezingRL_247.wav,0,3,0,0,0.9632634863171023,0.004737314445143667,0.0032782508902644216,0.0018812043872323515,0.02683974396025724
asthma_v2_asthma_P50WheezingRS_248.wav,0,3,0,0,0.8655326676807341,0.06814386764088752,0.016228774674036935,0.0015647224614131073,0.048529967542928286
asthma_v2_asthma_P55WheezingIE_273.wav,0,3,0,4,0.022315908455213026,0.004558695437405504,0.07523643203984037,0.15439853254394434,0.7434904315235971
asthma_v2_asthma_P55WheezingIU_274.wav,0,3,0,3,0.013363260394442753,0.0017456116369942284,0.0014160953246166335,0.4163872239059661,0.5670878087379803
asthma_v2_asthma_P55WheezingRL_271.wav,0,3,0,3,0.1992451265206084,0.09164234529735518,0.0483263566375762,0.3805097630228075,0.2802764085216524
asthma_v2_asthma_P55WheezingRL_275.wav,0,3,0,0,0.8403234525416347,0.025893957066913716,0.014713335006453176,0.009546014657090108,0.10952324072790845
asthma_v2_asthma_P55WheezingRS_272.wav,0,3,0,4,0.06901540815919059,0.005489281602887985,0.02104394761478625,0.15981929885402094,0.744632063769114
asthma_v2_asthma_P56WheezingIE_277.wav,0,3,0,4,0.3837628681708056,0.004523123409460121,0.004847879220278522,0.0007670248703944571,0.6060991043290613
asthma_v2_asthma_P56WheezingIU_278.wav,0,3,0,0,0.6291479726063279,0.0053710358496827865,0.0010456198686675314,0.0021904321246827034,0.3622449395506389
asthma_v2_asthma_P56WheezingRL_279.wav,0,3,0,0,0.7120165639211925,0.04887994381691394,0.06706379885457542,0.010338096325358832,0.1617015970819597
asthma_v2_asthma_P56WheezingRS_276.wav,0,3,0,0,0.5720892117782207,0.028524509535301865,0.06542225008254271,0.026525863446940388,0.30743816515699424
asthma_v2_asthma_P56WheezingRS_280.wav,0,3,0,4,0.3430944251005025,0.013009996923205399,0.014184929539129497,0.1889486552623208,0.4407619931748419
asthma_v2_asthma_P8AsthmaIE_37.wav,0,3,0,0,0.9188555634645003,0.02865448163955416,0.016079329212845356,0.001964587014806695,0.034446038668293336
asthma_v2_asthma_P8AsthmaIU_38.wav,0,3,0,0,0.838580488770785,0.0832880320472547,0.02561642792223586,0.015753891492461557,0.03676115976726274
asthma_v2_asthma_P8AsthmaRL_39.wav,0,3,0,0,0.8514951538908575,0.02793364746040576,0.030683518221954625,0.009105246583692281,0.08078243384308999
asthma_v2_asthma_P8AsthmaRS_36.wav,0,3,0,0,0.9107816853534364,0.07452924373682986,0.002002144584127657,0.000704332901628581,0.011982593423977459
asthma_v2_asthma_P8AsthmaRS_40.wav,0,3,0,0,0.606684998701549,0.04008162497984173,0.09497514648383185,0.0084306690081107,0.24982756082666674
asthma_v2_asthma_P9AsthmaIE_41.wav,0,3,0,0,0.6685865495604785,0.005610083401741999,0.006192286891011818,0.0032773242601953313,0.31633375588657203
asthma_v2_asthma_P9AsthmaIE_45.wav,0,3,0,0,0.9389826040741444,0.038138755484183634,0.003781935103014668,0.0014249069291420618,0.017671798409514956
asthma_v2_asthma_P9AsthmaIU_42.wav,0,3,0,0,0.6759334078873473,0.00996897830767326,0.0035725240868537895,0.0032096505725917796,0.3073154391455339
asthma_v2_asthma_P9AsthmaRL_43.wav,0,3,0,0,0.9372391344672607,0.011370010519377019,0.010436165221919827,0.003279519734759664,0.03767517005668253
asthma_v2_asthma_P9AsthmaRS_44.wav,0,3,0,0,0.9308256579420019,0.04154902579605247,0.004616897926356153,0.001408309750253817,0.02160010858533597
asthma_v2_copd_P11COPDMc_82.wav,0,3,2,0,0.7632669210448445,0.02034517742825909,0.027913521127879152,0.005305608640193485,0.1831687717588238
asthma_v2_copd_P11COPDMc_84.wav,0,3,2,2,0.1930106287964202,0.015771469424200872,0.7737218096143557,0.00797338240714515,0.009522709757877832
asthma_v2_copd_P11COPDMc_86.wav,0,3,2,2,0.2329329278261155,0.0695154241240635,0.5388234352681667,0.06107741060482933,0.09765080217682535
asthma_v2_copd_P11COPDMc_88.wav,0,3,2,2,0.0184909648506725,0.0035701777064446297,0.975726532779966,0.0014454601057989956,0.0007668645571176243
asthma_v2_copd_P11COPDPr_81.wav,0,3,2,0,0.8109043979811333,0.06923346816656803,0.02394428553681015,0.0028047567785655218,0.09311309153692306
asthma_v2_copd_P11COPDPr_83.wav,0,3,2,2,0.10084242725881469,0.0651327202632188,0.8186134399491538,0.003806131236092677,0.011605281292720301
asthma_v2_copd_P11COPDPr_85.wav,0,3,2,2,0.17357846414418937,0.08030478715061838,0.7192248093210766,0.004791298783788568,0.022100640600327078
asthma_v2_copd_P11COPDPr_87.wav,0,3,2,2,0.0010171873620662014,0.003992334823975471,0.9940856222858689,0.0006627635742981297,0.0002420919537917039
asthma_v2_copd_P19COPDMc_146.wav,0,3,2,2,0.022786952159330527,0.0815399125173207,0.855246052285894,0.004133309461163753,0.0362937735762912
asthma_v2_copd_P19COPDMc_148.wav,0,3,2,2,0.032171086546226475,0.1617315768012963,0.7505061591199653,0.003808804769055811,0.05178237276345592
asthma_v2_copd_P19COPDMc_150.wav,0,3,2,2,0.04872223758942034,0.010943184790768126,0.7884701763999225,0.0017257324774129382,0.15013866874247586
asthma_v2_copd_P19COPDMc_152.wav,0,3,2,2,0.0015497092997169709,0.0005723949494637998,0.9961089981592428,0.00014555100971841252,0.0016233465818578504
asthma_v2_copd_P19COPDPr_145.wav,0,3,2,2,7.877276491014126e-05,0.004267747798921913,0.994624679974894,0.00019702642578677917,0.0008317730354869953
asthma_v2_copd_P19COPDPr_147.wav,0,3,2,2,0.030139274200659413,0.06787723245786988,0.8270462188817399,0.0029173719739573173,0.07201990248577335
asthma_v2_copd_P19COPDPr_149.wav,0,3,2,2,0.12624589072460854,0.03430111382399112,0.7089882737489186,0.002863758448504775,0.12760096325397682
asthma_v2_copd_P19COPDPr_151.wav,0,3,2,2,0.01862437496046186,0.02784156283171722,0.9406611835725255,0.0017151611769639626,0.011157717458331082
asthma_v2_copd_P21COPDMc_162.wav,0,3,2,2,0.0003445611922078353,0.0005324993120262238,0.9987407528377802,7.218266805766845e-05,0.00031000398992794245
asthma_v2_copd_P21COPDMc_164.wav,0,3,2,2,0.09463141932646159,0.20186252907752714,0.6470907520230341,0.003341457333215163,0.053073842239761616
asthma_v2_copd_P21COPDMc_166.wav,0,3,2,2,0.035608966218602,0.043238798255119226,0.8997086191715988,0.0013981331874519634,0.0200454831672278
asthma_v2_copd_P21COPDMc_168.wav,0,3,2,2,0.0007457675803821162,0.0008895817926739612,0.9907604383825984,0.001309409930730998,0.006294802313614101
asthma_v2_copd_P21COPDPr_161.wav,0,3,2,2,0.0005265828503244909,0.000432367587241829,0.9985794712511807,9.575128777361388e-05,0.0003658270234795392
asthma_v2_copd_P21COPDPr_163.wav,0,3,2,2,6.773670459482662e-07,7.658608823357538e-07,0.9999181554467645,5.604824501518889e-06,7.4796500805646e-05
asthma_v2_copd_P21COPDPr_165.wav,0,3,2,2,0.03453675193576853,0.03389587370473266,0.905241000873919,0.0014561410391490577,0.02487023244643067
asthma_v2_copd_P21COPDPr_167.wav,0,3,2,2,0.0010940544282389026,0.0037243618910120504,0.9872439650052045,0.0020040650768080553,0.005933553598736524
asthma_v2_copd_P26COPDMc_202.wav,0,3,2,2,2.698910672993386e-08,2.0884402879332543e-08,0.9999517013072374,9.388412087706932e-06,3.8862407165214686e-05
asthma_v2_copd_P26COPDMc_204.wav,0,3,2,2,5.264615567476588e-07,3.309817492311112e-07,0.9996896884943843,5.197601466013755e-05,0.0002574780476496023
asthma_v2_copd_P26COPDMc_206.wav,0,3,2,2,0.030774911883413397,0.09085459830601526,0.847134735609808,0.003658056713451849,0.027577697487311634
asthma_v2_copd_P26COPDMc_208.wav,0,3,2,2,0.020302174659183582,0.04875315063160747,0.9083051065218266,0.0031629189840122686,0.019476649203369882
asthma_v2_copd_P26COPDPr_201.wav,0,3,2,2,1.6392719592272273e-08,1.3632227753897698e-08,0.9999862848169352,3.5844353762511062e-06,1.0100722741183922e-05
asthma_v2_copd_P26COPDPr_203.wav,0,3,2,2,2.0777722090475536e-07,1.3696153143543515e-07,0.9998012766892703,6.86084637081364e-05,0.00012977010826904748
asthma_v2_copd_P26COPDPr_205.wav,0,3,2,2,3.738996050512642e-07,2.3512152394436103e-07,0.9996618072148772,2.148180887467915e-05,0.0003161019551190131
asthma_v2_copd_P26COPDPr_207.wav,0,3,2,2,0.011165615687752633,0.03146185023381104,0.9407754404123738,0.0013176834053846495,0.015279410260677669
asthma_v2_copd_P2COPDMc_10.wav,0,3,2,2,6.796097810436619e-07,4.3422087274550744e-07,0.99971264988035,6.033884571629647e-05,0.00022589744327984227
asthma_v2_copd_P2COPDMc_12.wav,0,3,2,0,0.4258234020725299,0.010274854404930115,0.5093931218340646,0.014101059684391078,0.04040756200408444
asthma_v2_copd_P2COPDMc_14.wav,0,3,2,2,0.007684306588578325,0.0006403093149689581,0.9906735913016264,0.00046068877561877147,0.0005411040192078211
asthma_v2_copd_P2COPDMc_16.wav,0,3,2,2,0.010252039183468925,0.0007680095726642121,0.9868248989635572,0.0010995333986265079,0.0010555188816829871
asthma_v2_copd_P2COPDPr_11.wav,0,3,2,2,0.02082447522766223,0.004022534444988878,0.96642302808275,0.005723796476428757,0.0030061657681699654
asthma_v2_copd_P2COPDPr_13.wav,0,3,2,0,0.7732429947441598,0.0031325203497409096,0.14077321692677316,0.01098774206618413,0.07186352591314192
asthma_v2_copd_P2COPDPr_15.wav,0,3,2,2,0.010068345601768287,0.0016468955322783089,0.987194782523801,0.0004057372601951374,0.0006842390819572006
asthma_v2_copd_P2COPDPr_9.wav,0,3,2,2,0.0006662230099063549,0.00012334683302195253,0.9983274352161472,0.0003235213267624562,0.0005594736141616677
asthma_v2_copd_P34COPDMc_266.wav,0,3,2,1,0.007466832685831257,0.5788598890414152,0.4031799221763456,0.0007210365710603462,0.009772319525347675
asthma_v2_copd_P34COPDMc_268.wav,0,3,2,1,0.022783141481894132,0.7122349975296892,0.23721944282540924,0.0016335945487941555,0.026128823614213495
asthma_v2_copd_P34COPDMc_270.wav,0,3,2,2,0.005433522483033657,0.31994780532707273,0.6610785579699386,0.0005790006258274819,0.012961113594127797
asthma_v2_copd_P34COPDMc_272.wav,0,3,2,2,0.004746936411777113,0.3094797487889918,0.6690022861941782,0.0004259862937758368,0.016345042311276727
asthma_v2_copd_P34COPDPr_265.wav,0,3,2,1,0.004771957395844862,0.5919085346839562,0.393355227848669,0.00044327445601618137,0.009521005615513894
asthma_v2_copd_P34COPDPr_267.wav,0,3,2,1,0.02782423553493982,0.6158739841715711,0.3301834477158069,0.0015501590878608073,0.024568173489821106
asthma_v2_copd_P34COPDPr_269.wav,0,3,2,1,0.020830903819489426,0.5674051573744249,0.3715164801302089,0.004282876973699724,0.03596458170217696
asthma_v2_copd_P34COPDPr_271.wav,0,3,2,2,0.009101351790004299,0.28382364888375217,0.669611082476955,0.0009170026106883422,0.036546914238600084
asthma_v2_copd_P35COPDMc_274.wav,0,3,2,2,0.001034897175067436,0.0004259539020380373,0.9913837577111148,0.001800864957939219,0.005354526253840519
asthma_v2_copd_P35COPDMc_276.wav,0,3,2,2,0.0017616096949247797,0.0025688687618740658,0.9923826409285244,0.0009245921404825495,0.002362288474194259
asthma_v2_copd_P35COPDMc_278.wav,0,3,2,2,0.000532086170956976,0.0027991196148528658,0.9942638894170761,0.0015467466090390077,0.000858158188074897
asthma_v2_copd_P35COPDMc_280.wav,0,3,2,2,6.688065841686256e-07,4.6472786594308854e-07,0.9998285396361567,4.661292630363707e-05,0.00012371390308934114
asthma_v2_copd_P35COPDPr_273.wav,0,3,2,2,0.005120975982248227,0.000198834126160325,0.9732414524981052,0.001350113825669601,0.02008862356781614
asthma_v2_copd_P35COPDPr_275.wav,0,3,2,2,0.0005612151173429764,0.0004250845132503319,0.9940297300944951,0.003701975185779096,0.0012819950891325741
asthma_v2_copd_P35COPDPr_277.wav,0,3,2,2,0.002627170027574108,0.005795530828794545,0.9836477229535742,0.004337345420867077,0.003592230769189893
asthma_v2_copd_P35COPDPr_279.wav,0,3,2,2,0.0006958231338164422,0.00024571347875600055,0.998262099968384,0.00031201010510757574,0.00048435331393612203
asthma_v2_copd_P3COPDMc_18.wav,0,3,2,0,0.9581126092158515,0.00774492883482982,0.008038976072950984,0.004375757395913728,0.0217277284804539
asthma_v2_copd_P3COPDMc_20.wav,0,3,2,2,0.07384294457507902,0.012314735527282258,0.9094405954610598,0.0018333467195218605,0.0025683777170570944
asthma_v2_copd_P3COPDMc_22.wav,0,3,2,0,0.311839137243383,0.01572197226130189,0.6597072265622221,0.0032422225443135637,0.009489441388779546
asthma_v2_copd_P3COPDMc_24.wav,0,3,2,2,0.00014677170735909114,0.0008572898765726098,0.9976662871520385,0.0009005810672343718,0.0004290701967952708
asthma_v2_copd_P3COPDPr_17.wav,0,3,2,0,0.43916509196926284,0.018863245631764742,0.5116455893548133,0.010699297451617842,0.01962677559254126
asthma_v2_copd_P3COPDPr_19.wav,0,3,2,2,0.0067089614930957945,0.001145633807737035,0.9914791684362714,0.00027101663631741375,0.00039521962657839316
asthma_v2_copd_P3COPDPr_21.wav,0,3,2,2,0.018608102938671628,0.007259862175265728,0.9709390169284493,0.001749681075778832,0.0014433368818347599
asthma_v2_copd_P3COPDPr_23.wav,0,3,2,2,0.16744202082954185,0.014264974599187451,0.8092279708495949,0.003913022129024257,0.005152011592651405
asthma_v2_copd_P43COPDMc_338.wav,0,3,2,2,0.00033505477920358067,0.0005411144956363048,0.997717919616689,0.0001490454938192238,0.0012568656146517134
asthma_v2_copd_P43COPDMc_340.wav,0,3,2,2,1.4248678418642417e-06,1.1618900510570325e-06,0.9984983865973441,9.972562996616026e-06,0.0014890540817661976
asthma_v2_copd_P43COPDMc_342.wav,0,3,2,2,0.0006575287914403144,0.00048688361340685826,0.9982418292323544,0.00012147066984502197,0.000492287692953539
asthma_v2_copd_P43COPDMc_344.wav,0,3,2,2,1.669060248290221e-07,1.1775832548721101e-07,0.9995330184318425,3.97554800314654e-05,0.00042694142377571544
asthma_v2_copd_P43COPDPr_337.wav,0,3,2,2,0.0011021915337563264,0.0013939686130989282,0.9962287194049274,0.0002491413636056343,0.0010259790846119225
asthma_v2_copd_P43COPDPr_339.wav,0,3,2,2,8.725928486016583e-09,7.215605829088403e-09,0.999978964957071,6.6823864550391705e-06,1.4336714939700631e-05
asthma_v2_copd_P43COPDPr_341.wav,0,3,2,2,0.00048487692182135446,0.0003272701709456172,0.9987367456361541,8.522832782366939e-05,0.0003658789432553133
asthma_v2_copd_P43COPDPr_343.wav,0,3,2,2,1.0731222080282088e-07,9.399069701666276e-08,0.9999776344503519,1.124636642101637e-05,1.091788030939381e-05
asthma_v2_copd_P48COPDMc_378.wav,0,3,2,2,0.007778530019304991,0.012432669757934308,0.9686500434924241,0.006407710984828798,0.004731045745507849
asthma_v2_copd_P48COPDMc_380.wav,0,3,2,2,0.05694269699185479,0.11190771701544155,0.7962002963610489,0.01343892428096837,0.021510365350686445
asthma_v2_copd_P48COPDMc_382.wav,0,3,2,2,0.0004742138509459753,0.0020019684646486523,0.9945549999076251,0.0023690493717815394,0.0005997684049987733
asthma_v2_copd_P48COPDMc_384.wav,0,3,2,2,0.000909409188537997,0.0010748333106297072,0.9796210499857251,0.016312093852883926,0.0020826136622234784
asthma_v2_copd_P48COPDPr_377.wav,0,3,2,2,0.00032893604923635083,0.007691258848400035,0.9883210367326615,0.002769256344667841,0.0008895120250343156
asthma_v2_copd_P48COPDPr_379.wav,0,3,2,2,0.0034026557441662565,0.004437300893444111,0.9876043453260609,0.0024680208038282904,0.0020876772325007192
asthma_v2_copd_P48COPDPr_381.wav,0,3,2,2,0.0007544509897658803,0.0030060342220173393,0.9908270868751401,0.004614109840327957,0.0007983180727487474
asthma_v2_copd_P48COPDPr_383.wav,0,3,2,2,0.0005633033154676423,0.0011347476033976443,0.9919143951322604,0.0044078372663694096,0.0019797166825051365
asthma_v2_copd_P9COPDMc_66.wav,0,3,2,2,0.002254637699855526,0.00032640551364871773,0.9946758653008212,0.00028890323476063196,0.002454188250914075
asthma_v2_copd_P9COPDMc_68.wav,0,3,2,2,0.0003419977022617606,0.0006133986300299099,0.9984651523769198,0.00017854203006386314,0.00040090926072482174
asthma_v2_copd_P9COPDMc_70.wav,0,3,2,2,0.0003025530359847817,0.0004376316055884516,0.9990788385797731,7.604786112436089e-05,0.0001049289175292987
asthma_v2_copd_P9COPDMc_72.wav,0,3,2,2,0.0007686670537267062,0.0004151986980191931,0.9984393874078535,0.00013834549883325257,0.00023840134156695257
asthma_v2_copd_P9COPDPr_65.wav,0,3,2,2,1.2056439035155558e-06,8.494859413612094e-07,0.9992108960266365,4.848810740083114e-06,0.0007822000327785042
asthma_v2_copd_P9COPDPr_67.wav,0,3,2,2,0.01076799284797536,0.002676701152026824,0.9122465845834137,0.005871570830191624,0.06843715058639234
asthma_v2_copd_P9COPDPr_69.wav,0,3,2,2,0.0007199838929037019,0.0003622831269281502,0.9983311680987264,0.00015002855325445795,0.000436536328187045
asthma_v2_copd_P9COPDPr_71.wav,0,3,2,2,0.0004443185862317728,0.00034566643693191714,0.9990143115767424,8.648451699876321e-05,0.00010921888309518245
asthma_v2_healthy_P11Healthy18S.wav,0,3,3,3,0.08702503343067139,0.12689074461144068,0.3617832606875132,0.348129255631026,0.07617170563934918
asthma_v2_healthy_P11Healthy30S.wav,0,3,3,3,0.07160701314165835,0.3335829449151981,0.21289614589124575,0.33292329667400083,0.04899059937789692
asthma_v2_healthy_P11Healthy38S.wav,0,3,3,3,0.04001417853881071,0.10724974383281358,0.07838855850339092,0.7401234299874052,0.03422408913757958
asthma_v2_healthy_P11Healthy60S.wav,0,3,3,3,0.021931975597504032,0.00358630783668165,0.12114140705088045,0.7031385533680533,0.15020175614688097
asthma_v2_healthy_P11Healthy73S.wav,0,3,3,3,0.03779332900205676,0.23358476753682833,0.12613312653825207,0.5665977661166998,0.035891010806163255
asthma_v2_healthy_P19Healthy47S.wav,0,3,3,3,0.15836103357060463,0.1606011409916059,0.07926058544835587,0.2871048931794007,0.3146723468100328
asthma_v2_healthy_P19Healthy50S.wav,0,3,3,3,0.0044897087920048135,0.0014955904035404144,0.00052106169194537,0.9843627412205626,0.009130897891946918
asthma_v2_healthy_P19Healthy55S.wav,0,3,3,3,0.0009496179169096785,0.00091686520148856,0.00013597608829814495,0.9834652815800329,0.014532259213270789
asthma_v2_healthy_P19Healthy62S.wav,0,3,3,3,0.0006079675494889103,0.0007951199929770051,0.0001228911258289883,0.9933994376783247,0.005074583653380097
asthma_v2_healthy_P19Healthy79S.wav,0,3,3,3,0.002050160555129813,0.0006328366363218044,0.00045801136759517335,0.9744970046148067,0.022361986826146353
asthma_v2_healthy_P25Healthy20S.wav,0,3,3,3,0.03502544811227509,0.005325856525083315,0.00493243381715549,0.6954726599783974,0.259243601567089
asthma_v2_healthy_P25Healthy42S.wav,0,3,3,3,0.07833141706538506,0.022079072507977218,0.03325849114410008,0.6090445443773569,0.2572864749051808
asthma_v2_healthy_P25Healthy72S.wav,0,3,3,3,0.1209219952291086,0.02483696693214245,0.052098904719918925,0.5118121379728132,0.2903299951460171
asthma_v2_healthy_P25Healthy88S.wav,0,3,3,3,0.008775379562251573,0.008892872576149667,0.0041568273844534084,0.8963385656610386,0.08183635481610702
asthma_v2_healthy_P25Healthy97S.wav,0,3,3,3,0.06819564436998783,0.14961205225725308,0.01797748587758421,0.6698060406768608,0.09440877681831408
asthma_v2_healthy_P26Healthy22S.wav,0,3,3,3,0.048255615480079186,0.008913025616902508,0.031023610281346658,0.7832124923880662,0.12859525623360527
asthma_v2_healthy_P26Healthy32S.wav,0,3,3,4,0.0664400857072352,0.016826554203966518,0.06400717530953784,0.12314348085433759,0.7295827039249225
asthma_v2_healthy_P26Healthy46S.wav,0,3,3,3,0.38816427612437515,0.008912484187665881,0.022080657083430464,0.3208661914178564,0.25997639118667243
asthma_v2_healthy_P26Healthy48S.wav,0,3,3,3,0.3083630246898251,0.03397528959530525,0.01918147066260476,0.2724898282332226,0.36599038681904217
asthma_v2_healthy_P26Healthy76S.wav,0,3,3,3,0.030808782163218727,0.005338818630620813,0.010326935417642633,0.6917576966878753,0.2617677671006424
asthma_v2_healthy_P27Healthy30S.wav,0,3,3,3,0.0025623425236480936,0.004467405426188969,0.0008836950829357149,0.9829832163534887,0.009103340613738768
asthma_v2_healthy_P27Healthy73S.wav,0,3,3,3,0.00295117300034914,0.00611590058210083,0.0009952932532519732,0.9784911491262255,0.0114464840380725
asthma_v2_healthy_P27Healthy92S.wav,0,3,3,3,0.0025802705186119563,0.0030838328148004653,0.0005593923301028725,0.9821730062782256,0.011603498058258955
asthma_v2_healthy_P9Healthy22S.wav,0,3,3,3,0.003943259668895009,0.0018635308067833725,0.001773493835361755,0.988385268719551,0.004034446969408806
asthma_v2_healthy_P9Healthy29S.wav,0,3,3,4,0.2817867098139659,0.006294947959856701,0.0016057930552656025,0.14135720021116674,0.568955348959745
asthma_v2_healthy_P9Healthy31S.wav,0,3,3,0,0.6552465888585839,0.007036457251028561,0.001130374973671483,0.08747350158110734,0.2491130773356085
asthma_v2_healthy_P9Healthy61S.wav,0,3,3,4,0.31366933212633635,0.011294082072506845,0.001589744030584177,0.15672547165252568,0.516721370118047
asthma_v2_healthy_P9Healthy79S.wav,0,3,3,3,0.03488893477007299,0.0032628885725096077,0.004755791875536643,0.6912359150774007,0.26585646970448007
asthma_v2_pneumonia_P21Pneumonia12C.wav,0,3,4,4,0.17755204105032812,0.07762247708917737,0.14441551744957168,0.04016401540115529,0.5602459490097673
asthma_v2_pneumonia_P21Pneumonia24G.wav,0,3,4,0,0.21772086753538977,0.20299863687327416,0.1317471838633802,0.11947139490757197,0.3280619168203845
asthma_v2_pneumonia_P21Pneumonia56M.wav,0,3,4,4,0.0300516687169739,0.00039303974999633584,0.0002710504976498511,0.002739041513431935,0.9665451995219481
asthma_v2_pneumonia_P21Pneumonia69Q.wav,0,3,4,4,0.03371275230254405,0.0014164926343952504,0.00041043859078740115,0.0014451047501850855,0.9630152117220878
asthma_v2_pneumonia_P21Pneumonia78P.wav,0,3,4,4,0.09318401762491026,0.0005153028625788663,0.00034691479921813046,0.00029305940156065997,0.9056607053117319
asthma_v2_pneumonia_P21Pneumonia95A.wav,0,3,4,4,0.15995377960261686,0.12060371849847958,0.12705357053432834,0.17815246916703534,0.41423646219753985
asthma_v2_pneumonia_P22Pneumonia27A.wav,0,3,4,0,0.4786617477931242,0.029530158401646276,0.07557720307991347,0.03607093217423297,0.3801599585510833
asthma_v2_pneumonia_P22Pneumonia29K.wav,0,3,4,4,0.2736516040797466,0.002504585808479563,0.0008243429083177429,0.0006716477728089219,0.7223478194306472
asthma_v2_pneumonia_P22Pneumonia29M.wav,0,3,4,4,0.3374403235226943,0.017729905656978205,0.07084763065921647,0.056515368471423987,0.5174667716896872
asthma_v2_pneumonia_P22Pneumonia47V.wav,0,3,4,4,0.02334340083641727,0.0009050336035113767,0.0001546226645442291,0.001140272340412129,0.974456670555115
asthma_v2_pneumonia_P22Pneumonia51X.wav,0,3,4,4,0.08469337929528213,0.004413727471741879,0.030304336648396508,0.010792698574259612,0.8697958580103197
asthma_v2_pneumonia_P22Pneumonia55C.wav,0,3,4,4,0.283625316272431,0.02567226262640866,0.0856781604999878,0.05802848961066971,0.5469957709905028
asthma_v2_pneumonia_P24Pneumonia21G.wav,0,3,4,3,0.0402760741793053,0.17851096886496273,0.06922375930923502,0.5470977863838549,0.16489141126264228
asthma_v2_pneumonia_P24Pneumonia54A.wav,0,3,4,4,0.0815403605977,0.002194899460136711,0.0030653594185776397,0.0011241168454322716,0.9120752636781536
asthma_v2_pneumonia_P24Pneumonia67G.wav,0,3,4,4,0.05210677217617307,0.0037953569800947104,0.03826919713242629,0.012608998793831122,0.8932196749174747
asthma_v2_pneumonia_P24Pneumonia67Z.wav,0,3,4,4,0.16730348230484116,0.01169588478933755,0.0006838057962848904,0.01153348156483117,0.8087833455447052
asthma_v2_pneumonia_P24Pneumonia91X.wav,0,3,4,4,0.13617158031674856,0.01821415821502231,0.06512339425755254,0.03924077362404987,0.7412500935866271
asthma_v2_pneumonia_P24Pneumonia95T.wav,0,3,4,3,0.031820476495352884,0.2990851878188289,0.03187619568180834,0.5473663327864239,0.08985180721758587
asthma_v2_pneumonia_P2Pneumonia11Q.wav,0,3,4,4,0.09020416843858389,0.002093705158947835,0.0025907855581759,0.0007464002741423086,0.90436494057015
asthma_v2_pneumonia_P2Pneumonia28R.wav,0,3,4,4,0.015609026721777258,0.0004140466687009197,0.00032394703320430605,0.002211348762063093,0.9814416308142543
asthma_v2_pneumonia_P2Pneumonia36Z.wav,0,3,4,4,0.028625054256477215,0.0018750043903195972,0.0011663801931197607,0.0014338176886568735,0.9668997434714267
asthma_v2_pneumonia_P2Pneumonia70H.wav,0,3,4,4,0.03634138583082005,0.0010554934407961125,0.0023507838836460014,0.002562110960701758,0.9576902258840361
asthma_v2_pneumonia_P2Pneumonia82A.wav,0,3,4,4,0.0451736649716732,0.00175573426912114,0.0003113152406922406,0.0036357458800191237,0.9491235396384944
asthma_v2_pneumonia_P2Pneumonia93N.wav,0,3,4,4,0.0193222353800704,0.0005983573618968525,0.000826883475909128,0.009632678611082425,0.9696198451710412
asthma_v2_pneumonia_P30Pneumonia10C.wav,0,3,4,4,0.03298160129751137,0.0006187673340091656,0.0005681307118444819,0.00197145120905352,0.9638600494475814
asthma_v2_pneumonia_P30Pneumonia15J.wav,0,3,4,4,0.04221948693807413,0.0009544271046628355,0.0008686217885873357,0.0004074468105884135,0.9555500173580873
asthma_v2_pneumonia_P30Pneumonia30W.wav,0,3,4,4,0.06130567863968466,0.002821460138908871,0.002588858806510387,0.041973874627166494,0.8913101277877296
asthma_v2_pneumonia_P30Pneumonia52T.wav,0,3,4,4,0.08718019576325266,0.0027146671102382053,0.003140270974627123,0.011950460833197925,0.8950144053186843
asthma_v2_pneumonia_P30Pneumonia70X.wav,0,3,4,4,0.08596229088488333,0.014705388133088951,0.005463797211636056,0.0468449916709368,0.8470235320994546
asthma_v2_pneumonia_P30Pneumonia85D.wav,0,3,4,4,0.04557883300699343,0.001193392839605784,0.0010384352784037027,0.004386955472590431,0.9478023834024069
asthma_v2_pneumonia_P36Pneumonia56V.wav,0,3,4,0,0.9323747237427492,0.027012892633734447,0.002692048040877662,0.00197742355613958,0.035942912026499095
asthma_v2_pneumonia_P36Pneumonia57U.wav,0,3,4,0,0.8966642232817668,0.04944823163411316,0.003784428621280073,0.003301281921914077,0.04680183454092601
asthma_v2_pneumonia_P36Pneumonia79Z.wav,0,3,4,4,0.0536278056697279,0.002890162612675503,0.002792517025289453,0.009216887982031475,0.9314726267102756
asthma_v2_pneumonia_P36Pneumonia83N.wav,0,3,4,4,0.02846552113907284,0.0011602299402626564,0.0015927253408733865,0.002730348767907528,0.9660511748118839
asthma_v2_pneumonia_P36Pneumonia85U.wav,0,3,4,4,0.026406977761114423,0.002290295851429275,0.005482949619750897,0.001307584555724912,0.9645121922119806
asthma_v2_pneumonia_P36Pneumonia86S.wav,0,3,4,0,0.9044333020225903,0.04799621118591877,0.01737996206574806,0.006741174072688224,0.023449350653054764
asthma_v2_pneumonia_P42Pneumonia27A.wav,0,3,4,0,0.9361154382483104,0.003868645579482397,0.00901772681498028,0.0005016396821397761,0.050496549675087286
asthma_v2_pneumonia_P42Pneumonia46D.wav,0,3,4,0,0.7800756532703012,0.013089864491706715,0.013595259242486344,0.0013125109153815063,0.19192671208012438
asthma_v2_pneumonia_P42Pneumonia47W.wav,0,3,4,0,0.754011325575689,0.08201378543526705,0.022450975882694384,0.008908616956652486,0.13261529614969705
asthma_v2_pneumonia_P42Pneumonia63L.wav,0,3,4,0,0.8356952817068829,0.0010117271679073606,0.008127757168624655,0.0006672084528482953,0.15449802550373698
asthma_v2_pneumonia_P42Pneumonia67F.wav,0,3,4,0,0.7908371391198665,0.023978446921459572,0.05156189422588613,0.006887183861676372,0.12673533587111163
asthma_v2_pneumonia_P42Pneumonia69S.wav,0,3,4,0,0.9155237541581094,0.0009810095320084613,0.0033627104661868765,0.0014149837131532045,0.07871754213054204
asthma_v2_pneumonia_P4Pneumonia17R.wav,0,3,4,4,0.014459679424753218,0.0023933756945537076,0.3361291527897809,0.024444988257011777,0.6225728038339003
asthma_v2_pneumonia_P4Pneumonia27H.wav,0,3,4,4,0.028592656071569793,0.0033106097072075616,0.026929992204816906,0.01699977744737512,0.9241669645690306
asthma_v2_pneumonia_P4Pneumonia39Q.wav,0,3,4,4,0.024116198532027698,0.007210973427505328,0.12461701418493712,0.013504689301514583,0.8305511245540149
asthma_v2_pneumonia_P4Pneumonia55U.wav,0,3,4,4,0.01915384863382168,0.004336726667439477,0.01565986141691498,0.016155017092932145,0.9446945461888918
asthma_v2_pneumonia_P4Pneumonia67J.wav,0,3,4,4,0.049850605822092095,0.005893378064780066,0.02316796798682917,0.0100697832764835,0.9110182648498151
asthma_v2_pneumonia_P4Pneumonia78E.wav,0,3,4,4,0.04585625311441066,0.007798845643893257,0.017621788107338186,0.005415328820466886,0.9233077843138909
asthma_v2_Bronchial_P13BronchialSc_62.wav,0,4,1,0,0.7946308071092814,0.04674757608273484,0.0014230364159143081,0.025113890164658415,0.13208469022741104
asthma_v2_Bronchial_P13BronchialSc_64.wav,0,4,1,0,0.8044719954759868,0.04561506975674372,0.002428182805369287,0.03908357912650501,0.10840117283539503
asthma_v2_Bronchial_P13BronchialTc_61.wav,0,4,1,0,0.8001829583005873,0.07807027367742378,0.0021224067973161,0.027446484643257153,0.09217787658141569
asthma_v2_Bronchial_P13BronchialTc_63.wav,0,4,1,0,0.6278197282854262,0.08993220474147275,0.09860795854440758,0.007647746854543747,0.17599236157414952
asthma_v2_Bronchial_P13BronchialTc_65.wav,0,4,1,0,0.7413632265408375,0.08083230740403337,0.09540225412503037,0.007253828179289683,0.07514838375080893
asthma_v2_Bronchial_P17BronchialSc_82.wav,0,4,1,1,0.01563459008136336,0.824880648736026,0.1405512664434605,0.007373059566421171,0.011560435172728799
asthma_v2_Bronchial_P17BronchialSc_84.wav,0,4,1,1,0.013979327464285011,0.9570795069598352,0.013689664684335488,0.008210435924759825,0.007041064966784647
asthma_v2_Bronchial_P17BronchialTc_81.wav,0,4,1,1,0.048756314178346444,0.8490725994863716,0.030916166111517575,0.015064697318530544,0.05619022290523361
asthma_v2_Bronchial_P17BronchialTc_83.wav,0,4,1,1,0.03393299495172209,0.8084588843159864,0.12985817705042474,0.009765501692689242,0.01798444198917774
asthma_v2_Bronchial_P17BronchialTc_85.wav,0,4,1,1,0.002516011032478349,0.8933242312845218,0.0848757075965535,0.015570671422140473,0.003713378664305906
asthma_v2_Bronchial_P2BronchialSc_10.wav,0,4,1,1,0.03048356841878913,0.8521001617450021,0.03675555758074591,0.055492406329454146,0.025168305926008355
asthma_v2_Bronchial_P2BronchialSc_6.wav,0,4,1,1,0.024619905915774162,0.9263067668764365,0.032388854283474114,0.006770471600961807,0.009914001323353454
asthma_v2_Bronchial_P2BronchialSc_8.wav,0,4,1,1,0.02141308667709711,0.8888380077676177,0.004788952043425683,0.027605944255104032,0.057354009256755586
asthma_v2_Bronchial_P2BronchialTc_7.wav,0,4,1,1,0.0992680252421541,0.6557398265643629,0.08276036910862408,0.08477222381022875,0.07745955527463039
asthma_v2_Bronchial_P2BronchialTc_9.wav,0,4,1,1,0.02880522102442524,0.7922221435525466,0.0076667651854492955,0.06214315788913541,0.10916271234844344
asthma_v2_asthma_P10AsthmaIE_49.wav,0,4,0,0,0.8270206408030467,0.014014398741441746,0.0243795045966293,0.006531963950787994,0.12805349190809412
asthma_v2_asthma_P10AsthmaIU_46.wav,0,4,0,0,0.9164907589169228,0.048150688890062174,0.004946048891167573,0.0016109503989748042,0.02880155290287271
asthma_v2_asthma_P10AsthmaIU_50.wav,0,4,0,0,0.87717163737215,0.06139930238701633,0.014876982050122596,0.002866985382548732,0.043685092808162566
asthma_v2_asthma_P10AsthmaRL_47.wav,0,4,0,0,0.9078125107442946,0.02045732180209802,0.012705066079969777,0.001956755303654919,0.05706834606998273
asthma_v2_asthma_P10AsthmaRS_48.wav,0,4,0,0,0.8995361534634804,0.04188504355134344,0.010471775126512636,0.0011537233486201216,0.0469533045100436
asthma_v2_asthma_P11WheezingIE_53.wav,0,4,0,0,0.8076264129679355,0.09357322702268198,0.02219584860377075,0.007945712195851242,0.06865879920976051
asthma_v2_asthma_P11WheezingIU_54.wav,0,4,0,0,0.757034094218621,0.11860414264877614,0.006033167710078651,0.019463290865754067,0.09886530455677006
asthma_v2_asthma_P11WheezingRL_51.wav,0,4,0,0,0.8491207321396931,0.1218594028943619,0.006301682605832869,0.0017529573349637484,0.020965225025148596
asthma_v2_asthma_P11WheezingRL_55.wav,0,4,0,0,0.7214700733800071,0.15819378640708684,0.061453846420128994,0.025989830910071315,0.03289246288270579
asthma_v2_asthma_P11WheezingRS_52.wav,0,4,0,0,0.7339832556004067,0.187068799153199,0.02861128619403359,0.020022582377119406,0.030314076675241393
asthma_v2_asthma_P16WheezingIE_77.wav,0,4,0,0,0.6499775949077555,0.005822262880405715,0.00912859776054557,0.037859987535719335,0.29721155691557344
asthma_v2_asthma_P16WheezingIU_78.wav,0,4,0,0,0.8024370690270829,0.012162091522737173,0.02753106883641542,0.00446874231222905,0.15340102830153526
asthma_v2_asthma_P16WheezingRL_79.wav,0,4,0,0,0.591111568395667,0.0023566950220066346,0.006394968528380119,0.021470431764757027,0.3786663362891892
asthma_v2_asthma_P16WheezingRS_76.wav,0,4,0,0,0.7489686805548158,0.0036582489056411443,0.009829513361167117,0.028216000801101045,0.20932755637727493
asthma_v2_asthma_P16WheezingRS_80.wav,0,4,0,0,0.9248424274153185,0.035375025308133565,0.008609159897832877,0.0013056093854604059,0.02986777799325469
asthma_v2_asthma_P20WheezingIE_97.wav,0,4,0,0,0.23753421093696253,0.20653497308000593,0.369358279057331,0.02882229866931524,0.15775023825638523
asthma_v2_asthma_P20WheezingIU_98.wav,0,4,0,3,0.6430573838881958,0.018176691599598744,0.011907029095024132,0.24160978168013786,0.08524911373704318
asthma_v2_asthma_P20WheezingRL_99.wav,0,4,0,0,0.7477937498419838,0.045176269426419655,0.0020827375309237983,0.042203776633258756,0.1627434665674139
asthma_v2_asthma_P20WheezingRS_100.wav,0,4,0,3,0.34144573103388176,0.03683214446642633,0.0034508085990804607,0.419205255118118,0.19906606078249356
asthma_v2_asthma_P20WheezingRS_96.wav,0,4,0,0,0.8711208054330681,0.012652017163476496,0.001998445863618002,0.0028100642999216957,0.11141866723991553
asthma_v2_asthma_P23WheezingIE_113.wav,0,4,0,0,0.8874756331577022,0.006394635743415495,0.008635181654925826,0.0005232117814709921,0.09697133766248542
asthma_v2_asthma_P23WheezingIU_114.wav,0,4,0,0,0.8735948800346349,0.012925618774550484,0.045765125973824795,0.0004067873678514051,0.06730758784913841
asthma_v2_asthma_P23WheezingRL_111.wav,0,4,0,0,0.9556410116056342,0.006348353574067663,0.0021264048308598806,0.00044243993488666313,0.03544179005455133
asthma_v2_asthma_P23WheezingRL_115.wav,0,4,0,0,0.507129819134438,0.01902301109883119,0.0019896970924023296,0.04261906932107037,0.429238403353258
asthma_v2_asthma_P23WheezingRS_112.wav,0,4,0,0,0.9351487741600899,0.005440070357818336,0.0017133862924182592,0.0003796249857486365,0.05731814420392495
asthma_v2_asthma_P29WheezingIE_141.wav,0,4,0,0,0.7780884326558644,0.008521424652160344,0.004191492517436558,0.0016186533266710876,0.20757999684786774
asthma_v2_asthma_P29WheezingIE_145.wav,0,4,0,0,0.6465018507349922,0.004386597698691997,0.053537185478125006,0.00028273073294369095,0.2952916353552469
asthma_v2_asthma_P29WheezingIU_142.wav,0,4,0,0,0.3503128477172292,0.2467771604617383,0.1536962628444198,0.04331908992054372,0.20589463905606895
asthma_v2_asthma_P29WheezingRL_143.wav,0,4,0,0,0.541443778089216,0.01321866597216617,0.06287050693577781,0.0014697384560185352,0.38099731054682195
asthma_v2_asthma_P29WheezingRS_144.wav,0,4,0,4,0.3464094090312957,0.002269569426246783,0.019219372836312802,0.0002770887933555903,0.6318245599127889
asthma_v2_asthma_P38WheezingIE_189.wav,0,4,0,0,0.8230198967579802,0.013310764833115801,0.14111038216745517,0.002185541596683368,0.020373414644765442
asthma_v2_asthma_P38WheezingIU_186.wav,0,4,0,0,0.835272216827577,0.014343147507454043,0.09150295511244008,0.007603207956260964,0.05127847259626805
asthma_v2_asthma_P38WheezingIU_190.wav,0,4,0,0,0.7001704405775429,0.015456192856231375,0.2275363286479205,0.01763500752193734,0.03920203039636819
asthma_v2_asthma_P38WheezingRL_187.wav,0,4,0,0,0.7372370118162362,0.019148756683287745,0.05314016717590209,0.02179460328332429,0.1686794610412497
asthma_v2_asthma_P38WheezingRS_188.wav,0,4,0,0,0.32004788437006415,0.01594688647727234,0.6347176563843941,0.00984100296450777,0.019446569803761717
asthma_v2_asthma_P41WheezingIE_201.wav,0,4,0,0,0.8952835856261924,0.015833504367199023,0.016927292911493013,0.007791957761218895,0.06416365933389655
asthma_v2_asthma_P41WheezingIE_205.wav,0,4,0,0,0.9509590890058301,0.008965259741525131,0.008770939604330905,0.0008570081130251057,0.030447703535288667
asthma_v2_asthma_P41WheezingIU_202.wav,0,4,0,0,0.9494458437586374,0.0016631194456563456,0.007495129800306238,0.0006578911020352295,0.040738015893364725
asthma_v2_asthma_P41WheezingRL_203.wav,0,4,0,2,0.13924911373810903,0.0012437319104266023,0.856940605012299,0.0001689126086932938,0.002397636730472271
asthma_v2_asthma_P41WheezingRS_204.wav,0,4,0,0,0.8663495825392677,0.01046408754148195,0.03429501607368931,0.0013248163738635587,0.08756649747169762
asthma_v2_asthma_P47WheezingIE_233.wav,0,4,0,0,0.7465546336520829,0.0033856538564874675,0.18231399280549432,0.0014621628331942184,0.0662835568527411
asthma_v2_asthma_P47WheezingIU_234.wav,0,4,0,0,0.8235821166878359,0.005856304330581018,0.13876257120088026,0.0009279760530549048,0.030871031727647796
asthma_v2_asthma_P47WheezingRL_231.wav,0,4,0,0,0.35733834549469295,0.054652998526843896,0.49966277316872126,0.006311605290403961,0.08203427751933773
asthma_v2_asthma_P47WheezingRL_235.wav,0,4,0,0,0.8223725703663501,0.004760396775932284,0.12183190681018007,0.0020600082078467493,0.048975117839690635
asthma_v2_asthma_P47WheezingRS_232.wav,0,4,0,0,0.8968046638083172,0.0030317415456127695,0.052293053817014476,0.0008461626838239234,0.047024378145231936
asthma_v2_asthma_P4AsthmaIE_17.wav,0,4,0,0,0.8917147890748701,0.05017454566841633,0.008878181615263584,0.001393702347832092,0.04783878129361805
asthma_v2_asthma_P4AsthmaIU_18.wav,0,4,0,0,0.903377150075379,0.06674968815666744,0.008080156390749695,0.0010421286801249106,0.020750876697078927
asthma_v2_asthma_P4AsthmaRL_19.wav,0,4,0,0,0.9156476597038753,0.05129822556468324,0.005462808785139246,0.0011992175352542745,0.02639208841104828
asthma_v2_asthma_P4AsthmaRS_16.wav,0,4,0,0,0.89812649355061,0.058341978672927716,0.007233568887267104,0.0008733110790943197,0.035424647810100886
asthma_v2_asthma_P4AsthmaRS_20.wav,0,4,0,0,0.8903002464882013,0.04742397774128055,0.009685822790841587,0.002283331508784294,0.050306621470892196
asthma_v2_asthma_P53WheezingIE_261.wav,0,4,0,0,0.8147982029136511,0.09941659675337271,0.029259230277902663,0.003926423113045766,0.0525995469420277
asthma_v2_asthma_P53WheezingIE_265.wav,0,4,0,1,0.19143165600386888,0.3269804931916711,0.35873180221818873,0.06514239166140273,0.057713656924868746
asthma_v2_asthma_P53WheezingIU_262.wav,0,4,0,0,0.9197356106115752,0.04119025466799509,0.007827107089653835,0.0013025478185583667,0.0299444798122172
asthma_v2_asthma_P53WheezingRL_263.wav,0,4,0,4,0.18693859515399733,0.019720264094940414,0.1440094506655947,0.08020364161292917,0.5691280484725384
asthma_v2_asthma_P53WheezingRS_264.wav,0,4,0,1,0.2741109719809865,0.323423478552599,0.18584903958463797,0.10772035198838624,0.1088961578933901
asthma_v2_asthma_P6AsthmaIE_29.wav,0,4,0,0,0.9055173152464756,0.04942488730583382,0.010097381783283614,0.0012823777432459413,0.03367803792116096
asthma_v2_asthma_P6AsthmaIU_26.wav,0,4,0,0,0.7832576708803297,0.06270826156576759,0.06469040636384019,0.013375313004748575,0.07596834818531358
asthma_v2_asthma_P6AsthmaIU_30.wav,0,4,0,0,0.9288631880714473,0.04020822753055832,0.005913224599931069,0.001309599485640521,0.02370576031242304
asthma_v2_asthma_P6AsthmaRL_27.wav,0,4,0,0,0.7652073311074671,0.0069632810495259476,0.022322516451447103,0.012054965473314676,0.1934519059182455
asthma_v2_asthma_P6AsthmaRS_28.wav,0,4,0,0,0.78112190634179,0.005747616391006339,0.01731849526760705,0.0036675682054164546,0.19214441379417985
asthma_v2_asthma_P7AsthmaIE_33.wav,0,4,0,0,0.9151577553841239,0.030541893707147008,0.010285350328901861,0.0019080229301674568,0.0421069776496595
asthma_v2_asthma_P7AsthmaIU_34.wav,0,4,0,0,0.9113665503330297,0.031057292492117847,0.010597907158482274,0.0019456863571555615,0.04503256365921466
asthma_v2_asthma_P7AsthmaRL_31.wav,0,4,0,0,0.8249959445759159,0.004164288726640645,0.009444068328989294,0.010148990888162521,0.15124670748029176
asthma_v2_asthma_P7AsthmaRL_35.wav,0,4,0,0,0.9003363796398075,0.026696086682389663,0.0036766496286032824,0.00220072507108494,0.06709015897811425
asthma_v2_asthma_P7AsthmaRS_32.wav,0,4,0,4,0.13904272380168306,0.002563882055363221,0.002448057504620241,0.008480595213513313,0.8474647414248201
asthma_v2_copd_P14COPDMc_106.wav,0,4,2,2,0.0011274408217124272,0.005403102776028606,0.9822591905998241,0.0014186223292652492,0.009791643473169666
asthma_v2_copd_P14COPDMc_108.wav,0,4,2,2,0.08121247959623451,0.010008022237718375,0.8976646550196806,0.0020002312041285143,0.009114611942238157
asthma_v2_copd_P14COPDMc_110.wav,0,4,2,4,0.08883584570803327,0.026818991918209033,0.614574267181395,0.0038246857823874083,0.26594620940997515
asthma_v2_copd_P14COPDMc_112.wav,0,4,2,0,0.6226644174207956,0.021633097853038387,0.33600764319734855,0.0046423648735678565,0.015052476655249563
asthma_v2_copd_P14COPDPr_105.wav,0,4,2,2,0.0006544366567886345,0.005213741260140755,0.9888739605693269,0.000297536077053284,0.004960325436690805
asthma_v2_copd_P14COPDPr_107.wav,0,4,2,2,0.18333856992106637,0.009636379572292986,0.7780233887059304,0.0006625447786870235,0.028339117022022985
asthma_v2_copd_P14COPDPr_109.wav,0,4,2,2,0.042467721641497626,0.01688175588845559,0.8658785553770545,0.001669627238757037,0.07310233985423539
asthma_v2_copd_P14COPDPr_111.wav,0,4,2,4,0.31839798462514646,0.01827249385098005,0.27821472116749685,0.002549388794256671,0.3825654115621199
asthma_v2_copd_P16COPDMc_122.wav,0,4,2,2,0.0004610712944064726,0.0005003867302229781,0.9978379151824879,0.00011713397823680934,0.0010834928146457232
asthma_v2_copd_P16COPDMc_124.wav,0,4,2,2,5.588951691178011e-07,4.6860452261537276e-07,0.9992845881720932,1.0416033526920247e-05,0.0007039682946882258
asthma_v2_copd_P16COPDMc_126.wav,0,4,2,2,0.0002558642569476572,0.0004962403465079883,0.9987394448404759,6.731693759281233e-05,0.0004411336184758179
asthma_v2_copd_P16COPDMc_128.wav,0,4,2,2,0.0010020720159244628,0.002842864751746565,0.9946123127775269,0.00020577578738772902,0.0013369746674144756
asthma_v2_copd_P16COPDPr_121.wav,0,4,2,2,8.812060363521442e-07,7.478174930147798e-07,0.9991619016572542,1.3174763761532793e-05,0.0008232945554549605
asthma_v2_copd_P16COPDPr_123.wav,0,4,2,2,2.6227567938050063e-07,2.2126428036192595e-07,0.9994778059735762,3.0344861649098113e-06,0.0005186760002992254
asthma_v2_copd_P16COPDPr_125.wav,0,4,2,2,9.377187024820569e-07,7.657596392045848e-07,0.9994978207340792,8.318419469203717e-06,0.0004921573681099479
asthma_v2_copd_P16COPDPr_127.wav,0,4,2,2,9.423647100055221e-07,9.425826174761158e-07,0.9998703200419248,3.325385892399647e-06,0.00012446962485528298
asthma_v2_copd_P1COPDMc_2.wav,0,4,2,0,0.6380801543990157,0.00847256522199149,0.1532499813487269,0.05950197574714872,0.14069532328311704
asthma_v2_copd_P1COPDMc_4.wav,0,4,2,2,0.00995513936756767,0.0025075400751996533,0.8213332518360347,0.004846402627046371,0.16135766609415184
asthma_v2_copd_P1COPDMc_6.wav,0,4,2,2,0.006914787526730419,0.0008133468182672329,0.8306270452769869,0.005605694216521258,0.15603912616149412
asthma_v2_copd_P1COPDMc_8.wav,0,4,2,2,8.702990751950048e-07,5.875251587886888e-07,0.999136702871629,9.438142082351006e-05,0.0007674578833133446
asthma_v2_copd_P1COPDPr_1.wav,0,4,2,0,0.9252164644033577,0.009618353703836577,0.0438747571338768,0.0018876912505466311,0.01940273350838237
asthma_v2_copd_P1COPDPr_3.wav,0,4,2,2,0.017171504197198276,0.0015707785032633165,0.9741829521140435,0.000563141690664185,0.006511623494830775
asthma_v2_copd_P1COPDPr_5.wav,0,4,2,2,0.003486971762170921,0.0011128615417151616,0.9467853041785662,0.004226818595857793,0.044388043921690025
asthma_v2_copd_P1COPDPr_7.wav,0,4,2,2,0.004734259701438505,0.0015131343814145134,0.9091352006547478,0.007266835314566493,0.07735056994783249
asthma_v2_copd_P22COPDMc_170.wav,0,4,2,2,0.0067112493144216795,0.00445706318444473,0.9383492277376997,0.009328331139237365,0.041154128624196415
asthma_v2_copd_P22COPDMc_172.wav,0,4,2,2,0.0017216095371618007,0.0028109211801825473,0.9790240439424053,0.006468667286811232,0.009974758053439099
asthma_v2_copd_P22COPDMc_174.wav,0,4,2,2,0.024586895132670095,0.004550408421601299,0.7844672635134211,0.09263736463859726,0.09375806829371054
asthma_v2_copd_P22COPDMc_176.wav,0,4,2,2,0.00675932862153694,0.005939187331754907,0.9752274927852699,0.0026055481591695908,0.009468443102268735
asthma_v2_copd_P22COPDPr_169.wav,0,4,2,2,0.001039734529510378,0.00047603044864705365,0.994584536332594,0.0006018714231751362,0.00329782726607357
asthma_v2_copd_P22COPDPr_171.wav,0,4,2,2,0.0018109359687245863,0.001853546945340671,0.9759366246802119,0.010795665029762964,0.009603227375959762
asthma_v2_copd_P22COPDPr_173.wav,0,4,2,2,0.0997607397750841,0.032736879067063795,0.7143596781931527,0.07866126877058986,0.0744814341941095
asthma_v2_copd_P22COPDPr_175.wav,0,4,2,2,0.02054858081328335,0.004272017780685119,0.8422205252881813,0.061278744553051344,0.0716801315647986
asthma_v2_copd_P24COPDMc_186.wav,0,4,2,2,0.0019900499402240885,0.003221248853010093,0.964047016504397,0.0013842855810084138,0.0293573991213603
asthma_v2_copd_P24COPDMc_188.wav,0,4,2,3,0.026660336338292182,0.025035909707840358,0.456603291853423,0.2716845681361998,0.22001589396424512
asthma_v2_copd_P24COPDMc_190.wav,0,4,2,3,0.014482556917165221,0.014857592546981664,0.5820061413259725,0.17701022150065843,0.21164348770922192
asthma_v2_copd_P24COPDMc_192.wav,0,4,2,2,0.00038150606663233413,0.00040173161663973933,0.9972922684131567,0.0004016689846194642,0.0015228249189515794
asthma_v2_copd_P24COPDPr_185.wav,0,4,2,2,0.004746904540586446,0.007802125960296656,0.9253959837970118,0.0023244416491404072,0.059730544052964296
asthma_v2_copd_P24COPDPr_187.wav,0,4,2,2,0.0019995647544301153,0.0019403283447056486,0.9602648781471124,0.0010466980862003543,0.03474853066755151
asthma_v2_copd_P24COPDPr_189.wav,0,4,2,4,0.025308340993669656,0.014040904377526182,0.42629825374821273,0.13458393390107123,0.39976856697952023
asthma_v2_copd_P24COPDPr_191.wav,0,4,2,2,0.00029148844863005407,0.0010950716434308713,0.9964468349797674,0.0009308803847267752,0.0012357245434450558
asthma_v2_copd_P33COPDMc_258.wav,0,4,2,4,0.07439124975738741,0.005128845274929174,0.2171718598516369,0.13610672818639502,0.5672013169296515
asthma_v2_copd_P33COPDMc_260.wav,0,4,2,4,0.02729782426875161,0.056877723746205595,0.1852228446545156,0.04292218105731342,0.6876794262732138
asthma_v2_copd_P33COPDMc_262.wav,0,4,2,4,0.09242624433881087,0.25961734107121304,0.2251280848837109,0.11480345308768378,0.3080248766185816
asthma_v2_copd_P33COPDMc_264.wav,0,4,2,2,0.0014181003535963898,0.02866029158850946,0.9687361999571358,0.00010573950596266337,0.0010796685947957047
asthma_v2_copd_P33COPDPr_257.wav,0,4,2,2,0.0036290945249130733,0.0009240404562598806,0.9951870513027707,6.781080360254348e-05,0.00019200291245378067
asthma_v2_copd_P33COPDPr_259.wav,0,4,2,4,0.018898169274606306,0.06103246033096647,0.24080507570478296,0.05985138200114643,0.6194129126884975
asthma_v2_copd_P33COPDPr_261.wav,0,4,2,4,0.10188403474193163,0.15561092853462205,0.19590339841334678,0.10597022274470547,0.44063141556539387
asthma_v2_copd_P33COPDPr_263.wav,0,4,2,4,0.09448029003583897,0.23513057972383436,0.19961729194770264,0.17354164764418353,0.2972301906484406
asthma_v2_copd_P37COPDMc_290.wav,0,4,2,2,0.0010974706897768935,0.05812393418100497,0.9372910636196935,0.001759654942533398,0.001727876566991647
asthma_v2_copd_P37COPDMc_292.wav,0,4,2,2,0.005734620577955107,0.0021149749437793116,0.9894969983316422,0.0005470540461206817,0.002106352100502755
asthma_v2_copd_P37COPDMc_294.wav,0,4,2,2,0.004138569544330086,0.0012224109486994102,0.9914627135346151,0.0010188906397479757,0.0021574153326073555
asthma_v2_copd_P37COPDMc_296.wav,0,4,2,2,0.0099541437699575,0.0017406069082248677,0.9843171430769465,0.0012340019014619819,0.0027541043434093607
asthma_v2_copd_P37COPDPr_289.wav,0,4,2,2,0.002200212244471758,0.04622007262040566,0.9434616776510895,0.002626114563653155,0.005491922920379975
asthma_v2_copd_P37COPDPr_291.wav,0,4,2,2,0.0018430174545447462,0.0006517676057313159,0.9963443441143143,0.0002510090625888572,0.0009098617628207912
asthma_v2_copd_P37COPDPr_293.wav,0,4,2,2,0.019555382856188158,0.0032162982853651627,0.9677984796296892,0.0011588965379952505,0.008270942690761954
asthma_v2_copd_P37COPDPr_295.wav,0,4,2,2,0.03423188590411743,0.0031770785139818257,0.9527766941720162,0.0029962224122538406,0.006818118997630923
asthma_v2_copd_P39COPDMc_306.wav,0,4,2,2,0.015348544874740347,0.0721578248070089,0.7846934585226312,0.001963248763035867,0.12583692303258356
asthma_v2_copd_P39COPDMc_308.wav,0,4,2,2,0.003226362735015487,0.06740284718323503,0.9092718650294164,0.0009506369232548163,0.019148288129078657
asthma_v2_copd_P39COPDMc_310.wav,0,4,2,2,0.002963586570080023,0.08363130623979712,0.8905558763104353,0.001524859834282676,0.021324371045404706
asthma_v2_copd_P39COPDMc_312.wav,0,4,2,2,0.009521952676871349,0.10906731326484112,0.8353719882779578,0.014267675332088198,0.031771070448241415
asthma_v2_copd_P39COPDPr_305.wav,0,4,2,2,0.01941151073660963,0.0010829994807244642,0.9068991247183804,0.0064839114113179625,0.06612245365296751
asthma_v2_copd_P39COPDPr_307.wav,0,4,2,2,0.014655116410512932,0.0414895559666001,0.7852071069295002,0.001787704706310363,0.15686051598707654
asthma_v2_copd_P39COPDPr_309.wav,0,4,2,2,0.002158304281326195,0.09026241214906866,0.8868276300549287,0.0013938411689919962,0.019357812345684653
asthma_v2_copd_P39COPDPr_311.wav,0,4,2,2,0.0009414051726241532,0.1655973742782856,0.8286727187942072,0.0007525794591859768,0.004035922295696884
asthma_v2_copd_P42COPDMc_330.wav,0,4,2,2,0.00026490170249424995,0.000956051195180356,0.9979409138318014,0.0004230920759180313,0.0004150411946057248
asthma_v2_copd_P42COPDMc_332.wav,0,4,2,2,6.787879736046114e-07,7.111673882563838e-07,0.9992158683548911,0.00010976747997957373,0.000672974209767531
asthma_v2_copd_P42COPDMc_334.wav,0,4,2,2,0.0008214187726620348,0.0006664243917223835,0.9820073673469417,0.011510061551963829,0.00499472793671002
asthma_v2_copd_P42COPDMc_336.wav,0,4,2,2,0.0022307353931071087,0.001447905216342947,0.9759974258211241,0.003112264296889392,0.01721166927253686
asthma_v2_copd_P42COPDPr_329.wav,0,4,2,2,0.0009162692285145783,0.0029587280863121743,0.9902416374915795,0.0020795424862716403,0.003803822707322335
asthma_v2_copd_P42COPDPr_331.wav,0,4,2,2,1.8945916978136998e-06,1.7468354572982955e-06,0.9984017783916544,0.0007985643529426962,0.000796015828247904
asthma_v2_copd_P42COPDPr_333.wav,0,4,2,2,4.7196198574095467e-07,4.2918677778672775e-07,0.99913669187677,0.00013069182191419108,0.0007317151525524823
asthma_v2_copd_P42COPDPr_335.wav,0,4,2,2,0.0014801181660833687,0.0015122874469282036,0.9850715702274385,0.0015909526301314007,0.01034507152941849
asthma_v2_copd_P7COPDMc_50.wav,0,4,2,2,0.010848847131389101,0.0033735848265190314,0.9396399109683186,0.028520992874198754,0.017616664199574583
asthma_v2_copd_P7COPDMc_52.wav,0,4,2,2,0.010704560720479043,0.05471358021631535,0.7837751029961603,0.13487116823825834,0.01593558782878676
asthma_v2_copd_P7COPDMc_54.wav,0,4,2,3,0.006977642081770511,0.015156358978993738,0.6161062818010375,0.34679007409168394,0.014969643046514125
asthma_v2_copd_P7COPDMc_56.wav,0,4,2,2,0.010862855581998957,0.013928282141466177,0.7174005760939985,0.23715511798929648,0.020653168193239882
asthma_v2_copd_P7COPDPr_49.wav,0,4,2,2,0.021373295858393468,0.01743694421700075,0.9151164781417979,0.005513444370192056,0.040559837412615665
asthma_v2_copd_P7COPDPr_51.wav,0,4,2,2,0.003234916291572902,0.0022663784271311437,0.975550132176268,0.01304934773648453,0.0058992253685435335
asthma_v2_copd_P7COPDPr_53.wav,0,4,2,3,0.002816339000169899,0.010155684940177876,0.5240800271194079,0.45443624737165356,0.008511701568590718
asthma_v2_copd_P7COPDPr_55.wav,0,4,2,1,0.010311902391006787,0.3099798051661497,0.5233954724691586,0.14559334077625352,0.01071947919743153
asthma_v2_healthy_P14Healthy28S.wav,0,4,3,3,0.013330622119309514,0.03607372875686996,0.04742604451202048,0.8769907518178262,0.02617885279397402
asthma_v2_healthy_P14Healthy47S.wav,0,4,3,3,0.06581382393612117,0.07593238795909603,0.11807705466560439,0.6942507729379588,0.04592596050121943
asthma_v2_healthy_P14Healthy53S.wav,0,4,3,3,0.00782161722021843,0.020271586134835363,0.015703457038943547,0.9427202184883525,0.013483121117650109
asthma_v2_healthy_P14Healthy54S.wav,0,4,3,3,0.0068445037567848605,0.3188479783175729,0.020869825391089537,0.6199882133184235,0.03344947921612922
asthma_v2_healthy_P14Healthy89S.wav,0,4,3,3,0.004195452515043458,0.4535251416310609,0.021241284348218238,0.5082189001401807,0.012819221365497105
asthma_v2_healthy_P1Healthy29S.wav,0,4,3,3,0.003666632913854801,0.037725518361417285,0.12801321335401994,0.7778472739474006,0.052747361423307236
asthma_v2_healthy_P1Healthy55S.wav,0,4,3,3,0.003982131124266002,0.008428529446993792,0.020963030544005536,0.9267334859258404,0.039892822958893924
asthma_v2_healthy_P1Healthy86S.wav,0,4,3,3,0.004724401892038828,0.02846059744471718,0.10051434048162113,0.8185503244869347,0.047750335694687916
asthma_v2_healthy_P1Healthy88S.wav,0,4,3,3,0.00465441283723077,0.013278972869291786,0.08563790537694596,0.8335274102774911,0.06290129863904045
asthma_v2_healthy_P1Healthy99S.wav,0,4,3,3,0.013149250296975138,0.009952226980257396,0.05478855619934398,0.7605619083479217,0.16154805817550183
asthma_v2_healthy_P20Healthy25S.wav,0,4,3,3,0.007446023877891232,0.00332775913580079,0.0013158158816746763,0.9553591156976615,0.032551285406971595
asthma_v2_healthy_P20Healthy31S.wav,0,4,3,3,0.002799859563939547,0.0007637847919243601,0.0005637414244998648,0.9839930764602244,0.011879537759411928
asthma_v2_healthy_P20Healthy59S.wav,0,4,3,3,0.004004094098356544,0.007637910588813588,0.0017795854029576696,0.9408354424742031,0.04574296743566911
asthma_v2_healthy_P20Healthy70S.wav,0,4,3,3,0.0034601296003467755,0.004471868545345383,0.0004017227209819015,0.954552387536841,0.03711389159648504
asthma_v2_healthy_P20Healthy84S.wav,0,4,3,3,0.27621368772450905,0.3105151681339573,0.013722284510010641,0.19149333223220924,0.20805552739931382
asthma_v2_healthy_P24Healthy51S.wav,0,4,3,3,0.005104337968728549,0.004779220717242095,0.0006371308290352298,0.8999023801556307,0.08957693032936352
asthma_v2_healthy_P24Healthy58S.wav,0,4,3,3,0.009178974634986478,0.006440001234587482,0.0012621310119538486,0.9391070725317917,0.04401182058668053
asthma_v2_healthy_P24Healthy62S.wav,0,4,3,3,0.020004661136449272,0.019696967616653394,0.3098773394894572,0.5388089126484052,0.11161211910903546
asthma_v2_healthy_P24Healthy63S.wav,0,4,3,3,0.017816014313120836,0.012073047113377776,0.11834330525146147,0.7667273124346943,0.08504032088734549
asthma_v2_healthy_P24Healthy95S.wav,0,4,3,3,0.01706492273055387,0.035960895279260156,0.2379256518374425,0.5099054496711866,0.19914308048155657
asthma_v2_healthy_P7Healthy38S.wav,0,4,3,3,0.006986259731054251,0.011503242392427986,0.021514557610653042,0.9358224333223144,0.024173506943549992
asthma_v2_healthy_P7Healthy39S.wav,0,4,3,3,0.023363638784435172,0.050835147619943157,0.11115694288102146,0.7537568950161793,0.0608873756984208
asthma_v2_healthy_P7Healthy84S.wav,0,4,3,3,0.09506245540068382,0.003760532330303275,0.11119120526786812,0.28139458065238254,0.5085912263487623
asthma_v2_healthy_P7Healthy85S.wav,0,4,3,4,0.14392191707741278,0.0057870919696036,0.0956216617512323,0.21240565935978878,0.5422636698419626
asthma_v2_healthy_P7Healthy94S.wav,0,4,3,3,0.040217219342118686,0.052125742546461976,0.16493538033967298,0.6798195148475158,0.06290214292423034
asthma_v2_pneumonia_P10Pneumonia52A.wav,0,4,4,4,0.033112856772198496,0.012139460277837506,0.017526437407314112,0.007513374436478392,0.9297078711061717
asthma_v2_pneumonia_P10Pneumonia73G.wav,0,4,4,4,0.03358597836141371,0.0018179902835683804,0.016580239443151575,0.001272101616910547,0.946743690294956
asthma_v2_pneumonia_P10Pneumonia80J.wav,0,4,4,4,0.025690602866440086,0.016473989103911096,0.03293886931535937,0.01785020533128769,0.9070463333830018
asthma_v2_pneumonia_P10Pneumonia88R.wav,0,4,4,4,0.3729099769001433,0.0043033130131959136,0.009033443282684461,0.0038769801640923234,0.6098762866398838
asthma_v2_pneumonia_P10Pneumonia93W.wav,0,4,4,4,0.03279704269223157,0.0019754652487279784,0.014050836210888632,0.011201627903100796,0.9399750279450507
asthma_v2_pneumonia_P10Pneumonia97B.wav,0,4,4,4,0.23111368579140898,0.009497351513760098,0.04418122164807516,0.002274904119648786,0.7129328369271068
asthma_v2_pneumonia_P16Pneumonia18Z.wav,0,4,4,3,0.09009707249055249,0.001402935967539945,0.0013596696086570885,0.4111905031108596,0.49594981882239064
asthma_v2_pneumonia_P16Pneumonia42Q.wav,0,4,4,3,0.11928059313403479,0.002959624064381588,0.004204938882261076,0.5837567865596641,0.2897980573596584
asthma_v2_pneumonia_P16Pneumonia56J.wav,0,4,4,3,0.09783473987005487,0.0018912749553506591,0.0027071231209005193,0.5794753286291253,0.31809153342456836
asthma_v2_pneumonia_P16Pneumonia66X.wav,0,4,4,4,0.15172096183715028,0.0014376827810463377,0.0010088128174291044,0.2301579317225153,0.6156746108418591
asthma_v2_pneumonia_P16Pneumonia78M.wav,0,4,4,3,0.26204004605321685,0.0030785500675892734,0.004930369142755989,0.2704793840546305,0.45947165068180745
asthma_v2_pneumonia_P16Pneumonia80G.wav,0,4,4,3,0.15488225507391604,0.0017226910453239574,0.0017227227895035265,0.3486655570575964,0.4930067740336602
asthma_v2_pneumonia_P18Pneumonia15Q.wav,0,4,4,4,0.019812568944918132,0.0016518566856194637,0.0003581534477214617,0.0014932124570641097,0.9766842084646766
asthma_v2_pneumonia_P18Pneumonia16E.wav,0,4,4,4,0.044101052977803715,0.003148792448015123,0.000731665213838795,0.0018674993828457658,0.9501509899774965
asthma_v2_pneumonia_P18Pneumonia23E.wav,0,4,4,4,0.017485458979222875,0.0014550156337613414,0.00023186872355409658,0.0022899803354690723,0.9785376763279926
asthma_v2_pneumonia_P18Pneumonia50S.wav,0,4,4,4,0.05559137394176473,0.0024787299346533008,0.0005764104681394921,0.0008599683886109721,0.9404935172668314
asthma_v2_pneumonia_P18Pneumonia84N.wav,0,4,4,4,0.029668709015944563,0.0014607008450139955,0.0004987610315155367,0.0006955311645550977,0.9676762979429707
asthma_v2_pneumonia_P18Pneumonia88I.wav,0,4,4,4,0.059929605565049685,0.002475615840874822,0.0004178413893176852,0.001350423672827757,0.9358265135319301
asthma_v2_pneumonia_P28Pneumonia22W.wav,0,4,4,4,0.36870318725894424,0.03685752577221488,0.029444129341362413,0.0020500371736536806,0.5629451204538245
asthma_v2_pneumonia_P28Pneumonia43J.wav,0,4,4,3,0.040944929970876294,0.047096563125222625,0.03051357239011644,0.5601323412498165,0.32131259326396794
asthma_v2_pneumonia_P28Pneumonia56Y.wav,0,4,4,4,0.07112136718953531,0.01974128780444796,0.0026623269427630725,0.018236001710399706,0.8882390163528541
asthma_v2_pneumonia_P28Pneumonia65J.wav,0,4,4,0,0.6228652233172994,0.09049545719172684,0.04142094233990635,0.00350509634687333,0.2417132808041938
asthma_v2_pneumonia_P28Pneumonia71A.wav,0,4,4,4,0.03377324091454985,0.004081714560967574,0.0015883163382333064,0.0008578391852792238,0.9596988890009702
asthma_v2_pneumonia_P28Pneumonia90E.wav,0,4,4,1,0.20295477585475297,0.3199546988616807,0.30577936348674317,0.0043306050690784005,0.16698055672774423
asthma_v2_pneumonia_P32Pneumonia59Q.wav,0,4,4,4,0.04597194099928429,0.008680145872701099,0.0007208435715952183,0.2585171830219883,0.6861098865344312
asthma_v2_pneumonia_P32Pneumonia66M.wav,0,4,4,4,0.048106241896070934,0.002453866386704015,0.00021653366316893075,0.016047534166548694,0.9331758238875077
asthma_v2_pneumonia_P32Pneumonia69E.wav,0,4,4,4,0.042839806063766764,0.018531209408065862,0.01251218381691093,0.004042246107374095,0.9220745546038823
asthma_v2_pneumonia_P32Pneumonia75E.wav,0,4,4,4,0.04694892520831287,0.003076800995065169,0.0004933457243364714,0.0027587935058390085,0.9467221345664464
asthma_v2_pneumonia_P32Pneumonia98Y.wav,0,4,4,4,0.0526686226938194,0.030150910241314263,0.00970055665966089,0.004119767806909549,0.903360142598296
asthma_v2_pneumonia_P32Pneumonia99W.wav,0,4,4,4,0.05875369174594621,0.031137382260261172,0.010886957525384346,0.009252174699832982,0.889969793768575
asthma_v2_pneumonia_P33Pneumonia50P.wav,0,4,4,4,0.04850632251877107,0.001698012124137791,0.00026473537232814574,0.004134755334453318,0.9453961746503098
asthma_v2_pneumonia_P33Pneumonia70D.wav,0,4,4,4,0.026513619165540726,0.0006135908445393597,0.0003554747311035971,0.0008456341260623607,0.9716716811327538
asthma_v2_pneumonia_P33Pneumonia74T.wav,0,4,4,4,0.031390052742276825,0.0027090876316657264,0.0007213455388347186,0.0009219620584418026,0.9642575520287809
asthma_v2_pneumonia_P33Pneumonia88U.wav,0,4,4,4,0.02948209219946608,0.001573899078308992,0.0004647339846847361,0.000878969992942576,0.9676003047445976
asthma_v2_pneumonia_P33Pneumonia94C.wav,0,4,4,4,0.040075737399712076,0.0015819269369061082,0.0002189416178974448,0.006328458741422666,0.9517949353040616
asthma_v2_pneumonia_P33Pneumonia94P.wav,0,4,4,4,0.041690705688462226,0.0013525498739552198,0.000493510868234593,0.0006690004622091645,0.955794233107139
asthma_v2_pneumonia_P39Pneumonia16K.wav,0,4,4,0,0.8381319779741047,0.0689180643721674,0.03606977914801112,0.0072984738686857386,0.04958170463703105
asthma_v2_pneumonia_P39Pneumonia41F.wav,0,4,4,0,0.45751410320960145,0.0511517877339755,0.07170481316162433,0.003266126447263588,0.41636316944753504
asthma_v2_pneumonia_P39Pneumonia49H.wav,0,4,4,0,0.5601567776107356,0.00541297948912994,0.0015733778703300332,0.010452870062829788,0.4224039949669749
asthma_v2_pneumonia_P39Pneumonia78Z.wav,0,4,4,0,0.6164256368399731,0.007625170358188362,0.0037150910634067675,0.05938807695058932,0.3128460247878426
asthma_v2_pneumonia_P39Pneumonia85Q.wav,0,4,4,0,0.517469290783698,0.02551261132615278,0.031041110073874476,0.0025713019904331363,0.4234056858258416
asthma_v2_pneumonia_P39Pneumonia87S.wav,0,4,4,4,0.26135627381537274,0.05991903128793815,0.0558348637078077,0.00865119537495058,0.6142386358139309
asthma_v2_pneumonia_P43Pneumonia24U.wav,0,4,4,3,0.020331834900262843,0.003419334589776033,0.46714857636557605,0.2692134028241851,0.23988685132020024
asthma_v2_pneumonia_P43Pneumonia53X.wav,0,4,4,4,0.04145613575217611,0.022042637374217425,0.03939162781443678,0.02349582190834966,0.8736137771508199
asthma_v2_pneumonia_P43Pneumonia54I.wav,0,4,4,4,0.15093642355325904,0.014139469144446208,0.021790391109684008,0.00805425705048032,0.8050794591421301
asthma_v2_pneumonia_P43Pneumonia73N.wav,0,4,4,4,0.10381351978344504,0.008104851576039256,0.011718650814325158,0.008058745399478514,0.8683042324267121
asthma_v2_pneumonia_P43Pneumonia88Y.wav,0,4,4,3,0.018438772384237988,0.004029601638428892,0.31792139997752644,0.36020016985604564,0.2994100561437609
asthma_v2_pneumonia_P43Pneumonia89T.wav,0,4,4,3,0.01738799165840212,0.004749518019688672,0.363491007704593,0.31125516541658393,0.3031163172007322
asthma_v2_pneumonia_P44Pneumonia36U.wav,0,4,4,4,0.08469135035895872,0.036585319765109064,0.29464144706155865,0.10467489117322366,0.47940699164114975
asthma_v2_pneumonia_P44Pneumonia47J.wav,0,4,4,4,0.10381351978344504,0.008104851576039256,0.011718650814325158,0.008058745399478514,0.8683042324267121
asthma_v2_pneumonia_P44Pneumonia49B.wav,0,4,4,4,0.15093642355325904,0.014139469144446208,0.021790391109684008,0.00805425705048032,0.8050794591421301
asthma_v2_pneumonia_P44Pneumonia59U.wav,0,4,4,3,0.07243652512958881,0.04368766728284718,0.029986837411593564,0.2599866362880346,0.5939023338879359
asthma_v2_pneumonia_P44Pneumonia65N.wav,0,4,4,4,0.06493773578798188,0.05570342402129873,0.018045213293658244,0.1906261571575578,0.6706874697395033
asthma_v2_pneumonia_P44Pneumonia71M.wav,0,4,4,4,0.04145613575217611,0.022042637374217425,0.03939162781443678,0.02349582190834966,0.8736137771508199
asthma_v2_pneumonia_P5Pneumonia20K.wav,0,4,4,4,0.0412335448898557,0.002794408265246956,0.04245076404875394,0.026881878479473383,0.88663940431667
asthma_v2_pneumonia_P5Pneumonia21J.wav,0,4,4,4,0.02610000622755336,0.006903744635310385,0.02943762107842803,0.045569320461594676,0.8919893075971135
asthma_v2_pneumonia_P5Pneumonia38U.wav,0,4,4,4,0.022767713974863144,0.011077023751418285,0.06910273160523006,0.0761399683163556,0.8209125623521328
asthma_v2_pneumonia_P5Pneumonia88J.wav,0,4,4,4,0.06527103813340297,0.009725074342245562,0.026791654122257393,0.006480273919050484,0.8917319594830435
asthma_v2_pneumonia_P5Pneumonia94P.wav,0,4,4,4,0.01105948237080363,0.0013465828834081921,0.014611982573252356,0.14599059292043035,0.8269913592521054
asthma_v2_pneumonia_P5Pneumonia95V.wav,0,4,4,4,0.034671298352939854,0.004185252864727275,0.022449482857322303,0.01475240739507064,0.9239415585299402
asthma_v2_pneumonia_P9Pneumonia31T.wav,0,4,4,0,0.49462415551120026,0.01444664476841276,0.02628633863552818,0.00778147803064412,0.45686138305421464
asthma_v2_pneumonia_P9Pneumonia63O.wav,0,4,4,4,0.03900598842768356,0.020169251699086056,0.01292916911894785,0.22165651690137225,0.7062390738529101
asthma_v2_pneumonia_P9Pneumonia67I.wav,0,4,4,4,0.04566310351734994,0.0005759591971813245,0.003356206776251875,0.028422568976385957,0.9219821615328307
asthma_v2_pneumonia_P9Pneumonia73J.wav,0,4,4,4,0.04042226094438133,0.00029796228680953823,0.0018905974788786474,0.012289608486109065,0.9450995708038216
asthma_v2_pneumonia_P9Pneumonia74S.wav,0,4,4,0,0.7412134009227072,0.005117792043590919,0.008130036235092055,0.001199983213830879,0.2443387875847792
asthma_v2_pneumonia_P9Pneumonia74V.wav,0,4,4,4,0.06503182513202826,0.0004840018395969424,0.0017855493171494647,0.13814457917954287,0.7945540445316825
