file_id,repeat,fold,y_true,y_pred,p_asthma,p_bronchial,p_copd,p_healthy,p_pneumonia
asthma_v2_Bronchial_P14BronchialSc_66.wav,4,0,1,0,0.7407484199905239,0.24309074102832146,0.0012468656646165259,0.0003253394242601787,0.014588633892277774
asthma_v2_Bronchial_P14BronchialSc_68.wav,4,0,1,0,0.533874537836707,0.027815621015726225,0.4221420905468359,0.0017732562911643326,0.01439449430956655
asthma_v2_Bronchial_P14BronchialSc_70.wav,4,0,1,1,0.005191710227655624,0.9854616910092422,0.0006569415871602088,0.003253666539190431,0.005435990636751139
asthma_v2_Bronchial_P14BronchialTc_67.wav,4,0,1,0,0.8526695488244193,0.12212964569088311,0.009135293443104858,0.00040677209808332885,0.01565873994350935
asthma_v2_Bronchial_P14BronchialTc_69.wav,4,0,1,0,0.8951795976025029,0.06830281931184451,0.0028453598850961773,0.0005524041861866587,0.033119819014369424
asthma_v2_Bronchial_P16BronchialSc_76.wav,4,0,1,1,0.0650365072856266,0.5998490999693523,0.15398459999456238,0.021859678748197053,0.1592701140022616
asthma_v2_Bronchial_P16BronchialSc_78.wav,4,0,1,0,0.44354300020601894,0.29387828466523624,0.14982565116126276,0.012181028734211858,0.10057203523327006
asthma_v2_Bronchial_P16BronchialSc_80.wav,4,0,1,1,0.09099504852043884,0.7908606152105112,0.0238452064391523,0.013498488425829309,0.08080064140406831
asthma_v2_Bronchial_P16BronchialTc_77.wav,4,0,1,1,0.1033358501113839,0.5082378496617321,0.14413276587891247,0.05501656122373098,0.18927697312424063
asthma_v2_Bronchial_P16BronchialTc_79.wav,4,0,1,1,0.014803058830117953,0.9606544166738249,0.00525851433610471,0.005375745898665402,0.013908264261287362
asthma_v2_Bronchial_P21BronchialSc_102.wav,4,0,1,4,0.2838012623815339,0.01811270364273256,0.24473073959705705,0.11358979116781315,0.33976550321086346
asthma_v2_Bronchial_P21BronchialSc_104.wav,4,0,1,3,0.07390744484792927,0.020210491123846767,0.47841352633311723,0.28578978209259215,0.1416787556025146
asthma_v2_Bronchial_P21BronchialTc_101.wav,4,0,1,1,0.010193957057828348,0.9626177706225321,0.007039480656696486,0.005362512158738061,0.014786279504204927
asthma_v2_Bronchial_P21BronchialTc_103.wav,4,0,1,3,0.11885511499657596,0.028459624706598397,0.4215327894711214,0.2195213039215105,0.21163116690419412
asthma_v2_Bronchial_P6BronchialSc_26.wav,4,0,1,1,0.006720172117384032,0.9464214498078656,0.02496886948100178,0.005599608586643824,0.016289900007104518
asthma_v2_Bronchial_P6BronchialSc_28.wav,4,0,1,1,0.0038767258970528085,0.9822680610427968,0.0020673805045625044,0.00525345921595289,0.00653437333963489
asthma_v2_Bronchial_P6BronchialSc_30.wav,4,0,1,1,0.003740475948585326,0.964028194746014,0.009435126845512981,0.002372402534341306,0.02042379992554614
asthma_v2_Bronchial_P6BronchialTc_27.wav,4,0,1,1,0.0069332256767747945,0.9674108284157398,0.0052691194867880205,0.008961357037350522,0.011425469383346834
asthma_v2_Bronchial_P6BronchialTc_29.wav,4,0,1,1,0.008308731736160231,0.8836561653357022,0.02651488086794121,0.021386772545357452,0.060133449514838816
asthma_v2_asthma_P13WheezingIE_61.wav,4,0,0,0,0.7794334464836948,0.0880965872037796,0.005324830723652403,0.002585849413297526,0.12455928617557539
asthma_v2_asthma_P13WheezingIE_65.wav,4,0,0,0,0.8150673730566254,0.07551146622887399,0.010378262236350994,0.0030232247172178456,0.09601967376093168
asthma_v2_asthma_P13WheezingIU_62.wav,4,0,0,0,0.8920198311254353,0.055066835194010184,0.001979087023067147,0.001113481519474418,0.04982076513801329
asthma_v2_asthma_P13WheezingRL_63.wav,4,0,0,0,0.8027826343932634,0.097317553519432,0.008738004775446236,0.0035972729275538084,0.08756453438430492
asthma_v2_asthma_P13WheezingRS_64.wav,4,0,0,0,0.9033169874205629,0.04797873553182867,0.004707413077473102,0.0011221005435164658,0.04287476342661849
asthma_v2_asthma_P17WheezingIE_81.wav,4,0,0,0,0.7400648396865199,0.08442696980281006,0.00932470483734665,0.004018779815715807,0.16216470585760762
asthma_v2_asthma_P17WheezingIE_85.wav,4,0,0,0,0.6291442187944121,0.004562802720552882,0.05722149980370316,0.0020828372492332583,0.3069886414320987
asthma_v2_asthma_P17WheezingIU_82.wav,4,0,0,0,0.7763742963165945,0.07152889708380061,0.007675473523108971,0.0032401811664905314,0.14118115191000533
asthma_v2_asthma_P17WheezingRL_83.wav,4,0,0,0,0.9171864992438343,0.04999245161737758,0.0014673252026869775,0.000598366525564853,0.03075535741053644
asthma_v2_asthma_P17WheezingRS_84.wav,4,0,0,0,0.925834803050415,0.015468795724572092,0.003930256708756854,0.0006975275300650708,0.054068616986191136
asthma_v2_asthma_P25WheezingIE_121.wav,4,0,0,0,0.8283015663256761,0.020510024241597397,0.062332346821793914,0.0020286113617539667,0.08682745124917852
asthma_v2_asthma_P25WheezingIE_125.wav,4,0,0,3,0.5279864505665166,0.02767495834828775,0.0014672233896215142,0.1724025877198104,0.2704687799757635
asthma_v2_asthma_P25WheezingIU_122.wav,4,0,0,0,0.843197185500155,0.009943669673345527,0.004392046520988559,0.004998185794568856,0.13746891251094187
asthma_v2_asthma_P25WheezingRL_123.wav,4,0,0,0,0.802099139790304,0.014173403030265604,0.00695384972017049,0.004786865105419299,0.17198674235384043
asthma_v2_asthma_P25WheezingRS_124.wav,4,0,0,0,0.8710559756803706,0.014416247437588693,0.007945342047620289,0.016886171973989162,0.08969626286043157
asthma_v2_asthma_P32WheezingIE_157.wav,4,0,0,0,0.8131961364900698,0.02035563232466473,0.0048450520442365995,0.008980648259206457,0.1526225308818223
asthma_v2_asthma_P32WheezingIU_158.wav,4,0,0,0,0.8972803295719234,0.0217751859121104,0.003103500731589607,0.008651632613087034,0.06918935117128928
asthma_v2_asthma_P32WheezingRL_159.wav,4,0,0,0,0.5024811828662888,0.29581790592160206,0.027125856801406212,0.005001827780326985,0.169573226630376
asthma_v2_asthma_P32WheezingRS_156.wav,4,0,0,0,0.9237861398384237,0.010312659102124762,0.0061382792796212,0.01954978107027721,0.040213140709553084
asthma_v2_asthma_P32WheezingRS_160.wav,4,0,0,4,0.45370577634507475,0.006360566238091108,0.001908621043502647,0.004277739936802067,0.5337472964365295
asthma_v2_asthma_P34WheezingIE_169.wav,4,0,0,0,0.9604216030695739,0.0038965672832410175,0.0008455671323382356,0.0013486067848427867,0.033487655730003965
asthma_v2_asthma_P34WheezingIU_166.wav,4,0,0,0,0.8681227900557587,0.0201223482992256,0.009843427260320387,0.0003768006277841681,0.10153463375691124
asthma_v2_asthma_P34WheezingIU_170.wav,4,0,0,0,0.9047474782511202,0.05309773475437131,0.0015706037004036499,0.0010066731615883781,0.03957751013251641
asthma_v2_asthma_P34WheezingRL_167.wav,4,0,0,0,0.9689334654276459,0.012006878644039896,0.0006276656174259311,0.0003460679132793781,0.01808592239760859
asthma_v2_asthma_P34WheezingRS_168.wav,4,0,0,0,0.9383140171472405,0.0093186220476252,0.0009169010576674613,0.0010738297069805983,0.05037663004048635
asthma_v2_asthma_P3AsthmaIE_13.wav,4,0,0,0,0.9102496372342143,0.03454118383179198,0.005008224793484671,0.0020812639635729535,0.0481196901769362
asthma_v2_asthma_P3AsthmaIU_14.wav,4,0,0,0,0.9062992133195603,0.033968596829978624,0.0019607729805263827,0.0006612232447661895,0.05711019362516826
asthma_v2_asthma_P3AsthmaRL_11.wav,4,0,0,0,0.789756327416991,0.014790146651645103,0.018325171260833568,0.0018719793349222232,0.1752563753356084
asthma_v2_asthma_P3AsthmaRL_15.wav,4,0,0,0,0.9318045575457135,0.024333773466273027,0.0027420217725447633,0.0010488808224665361,0.040070766393002194
asthma_v2_asthma_P3AsthmaRS_12.wav,4,0,0,0,0.8157388046495337,0.02519384950816725,0.01556362771762697,0.0021945086035110766,0.14130920952116127
asthma_v2_asthma_P40WheezingIE_197.wav,4,0,0,0,0.9682872306422453,0.009077249635839009,0.014145465584088465,0.00022783674210120357,0.008262217395725977
asthma_v2_asthma_P40WheezingIU_198.wav,4,0,0,0,0.9646443146087271,0.008406166708903462,0.01931455296662121,0.00016687256062092263,0.007468093155127072
asthma_v2_asthma_P40WheezingRL_199.wav,4,0,0,0,0.9418366717062138,0.005801808532077535,0.041193613666434904,0.00028034991685973266,0.010887556178414198
asthma_v2_asthma_P40WheezingRS_196.wav,4,0,0,0,0.9408548725047128,0.016239208664392418,0.026374813971461162,0.00033894500819009227,0.016192159851243334
asthma_v2_asthma_P40WheezingRS_200.wav,4,0,0,0,0.5832577151010343,0.0070707009438559665,0.4016532438058449,0.0002741787049578464,0.007744161444307288
asthma_v2_asthma_P43WheezingIE_213.wav,4,0,0,0,0.6266299488014221,0.021213421121566302,0.31991559398726643,0.013061279760518088,0.019179756329227308
asthma_v2_asthma_P43WheezingIU_214.wav,4,0,0,0,0.8214949125527753,0.00816300445855833,0.14156570669524,0.005424086643789127,0.02335228964963734
asthma_v2_asthma_P43WheezingRL_211.wav,4,0,0,0,0.8069467580754937,0.027377567859787146,0.08034934664341072,0.010360052871895438,0.07496627454941321
asthma_v2_asthma_P43WheezingRL_215.wav,4,0,0,0,0.9527240964309102,0.0038724284755728643,0.01565574066096465,0.0005657677435700555,0.02718196668898225
asthma_v2_asthma_P43WheezingRS_212.wav,4,0,0,0,0.8941861036512724,0.028890560176149077,0.04258305963027208,0.0031698508211835856,0.031170425721123225
asthma_v2_asthma_P56WheezingIE_277.wav,4,0,0,4,0.27280080756451025,0.006525122731659249,0.0027953498695489354,0.0007768232224829953,0.7171018966117987
asthma_v2_asthma_P56WheezingIU_278.wav,4,0,0,4,0.49633306831643015,0.007371030204012469,0.0005000249340135154,0.0019850135309927757,0.4938108630145508
asthma_v2_asthma_P56WheezingRL_279.wav,4,0,0,0,0.7541800338387268,0.027865698970497683,0.056303089578522626,0.0045750865753333,0.15707609103691988
asthma_v2_asthma_P56WheezingRS_276.wav,4,0,0,0,0.6270738120728686,0.01783360164576199,0.06312328720354149,0.015934248967977398,0.2760350501098508
asthma_v2_asthma_P56WheezingRS_280.wav,4,0,0,3,0.2262335306403551,0.01523701350335168,0.006661054838363598,0.37833910711716146,0.3735292939007685
asthma_v2_asthma_P58WheezingIU_286.wav,4,0,0,4,0.06335545258472211,0.0030550339925255036,0.006668300124510951,0.0029194181810632005,0.9240017951171782
asthma_v2_asthma_P58WheezingRL_287.wav,4,0,0,4,0.2815000470426087,0.05060837471066667,0.004799053232355233,0.0790213726818442,0.5840711523325253
asthma_v2_asthma_P58WheezingRS_288.wav,4,0,0,4,0.20421536242992314,0.012615923076315738,0.004968625177458077,0.005561638711652201,0.7726384506046504
asthma_v2_asthma_P5AsthmaIE_21.wav,4,0,0,0,0.8996578676456312,0.026214745151365373,0.0018665817789756637,0.005984545587957619,0.06627625983607015
asthma_v2_asthma_P5AsthmaIE_25.wav,4,0,0,0,0.643360240793387,0.011687249846376157,0.005039110118250794,0.05957845046862882,0.28033494877335746
asthma_v2_asthma_P5AsthmaIU_22.wav,4,0,0,0,0.69513801221181,0.015509577302052316,0.0030075651801835354,0.01270816848725103,0.273636676818703
asthma_v2_asthma_P5AsthmaRL_23.wav,4,0,0,0,0.8550912333797915,0.013765619888210765,0.00414680577917949,0.014043301437101998,0.11295303951571614
asthma_v2_asthma_P5AsthmaRS_24.wav,4,0,0,0,0.7692866224934749,0.011709549576176603,0.003925216429109043,0.016823868847480643,0.1982547426537585
asthma_v2_copd_P10COPDMc_74.wav,4,0,2,0,0.7620232102481539,0.16721943993092409,0.006403700646538361,0.011435004901447528,0.052918644272936306
asthma_v2_copd_P10COPDMc_76.wav,4,0,2,0,0.5580825198973036,0.18922746402322552,0.010661883805636534,0.042688103915583524,0.19934002835825076
asthma_v2_copd_P10COPDMc_78.wav,4,0,2,0,0.9271803749035912,0.03345776792212615,0.011071249340606364,0.0009823461295280006,0.027308261704148205
asthma_v2_copd_P10COPDMc_80.wav,4,0,2,0,0.914060819920268,0.005003328834235391,0.008130552547028663,0.0006780151363076762,0.07212728356216033
asthma_v2_copd_P10COPDPr_73.wav,4,0,2,0,0.6326388770949282,0.3166140282031572,0.004216369598909941,0.002151307702615716,0.04437941740038922
asthma_v2_copd_P10COPDPr_75.wav,4,0,2,0,0.4696144221313885,0.07826279727194799,0.004602836175784144,0.1397629462444157,0.30775699817646346
asthma_v2_copd_P10COPDPr_77.wav,4,0,2,3,0.4537733312183023,0.03229894055247684,0.008217017491025273,0.26882425439384044,0.23688645634435515
asthma_v2_copd_P10COPDPr_79.wav,4,0,2,0,0.8881480056731094,0.03624452781176839,0.013471774358340035,0.0007428779256723695,0.06139281423110966
asthma_v2_copd_P11COPDMc_82.wav,4,0,2,0,0.7334432963689678,0.009469468576943474,0.005400334312401349,0.0020397551557398107,0.2496471455859478
asthma_v2_copd_P11COPDMc_84.wav,4,0,2,2,0.11281590213137008,0.004326267383701657,0.8733728434602438,0.003210365281712014,0.006274621742972335
asthma_v2_copd_P11COPDMc_86.wav,4,0,2,2,0.1944126744582221,0.04167795709764098,0.6626223277783249,0.046715534599174276,0.054571506066637805
asthma_v2_copd_P11COPDMc_88.wav,4,0,2,2,0.008619078913196515,0.000596778575561928,0.9893274102197542,0.000819950047670048,0.0006367822438173188
asthma_v2_copd_P11COPDPr_81.wav,4,0,2,0,0.8603014037224246,0.019352552616799846,0.00512029807805783,0.0008149419796507908,0.11441080360306696
asthma_v2_copd_P11COPDPr_83.wav,4,0,2,2,0.050641303680511264,0.009847581725768535,0.9315428084716516,0.0010988660862883413,0.006869440035780015
asthma_v2_copd_P11COPDPr_85.wav,4,0,2,2,0.11658484644699706,0.02957282395698431,0.8345098506435701,0.00172237686110011,0.017610102091348476
asthma_v2_copd_P11COPDPr_87.wav,4,0,2,2,2.3647143088434493e-07,1.7480133473428608e-07,0.9998642999792586,6.520601676182402e-05,7.008273121400647e-05
asthma_v2_copd_P22COPDMc_170.wav,4,0,2,2,0.006842360259158526,0.00040077925400237315,0.9529518416853183,0.0032876946329762234,0.03651732416854445
asthma_v2_copd_P22COPDMc_172.wav,4,0,2,2,0.0014112673252605732,0.000246703821664554,0.9777357646845212,0.013649870747883533,0.006956393420670325
asthma_v2_copd_P22COPDMc_174.wav,4,0,2,2,0.03299150889743536,0.005155697897524338,0.6549868360065888,0.07437901409647021,0.2324869431019813
asthma_v2_copd_P22COPDMc_176.wav,4,0,2,2,0.006108233949277155,0.004375558117703262,0.9736065638750715,0.002013372337165287,0.013896271720782814
asthma_v2_copd_P22COPDPr_169.wav,4,0,2,2,0.0014927164427277846,0.0004602121735332279,0.9883306320946631,0.0003192377823003349,0.009397201506775608
asthma_v2_copd_P22COPDPr_171.wav,4,0,2,2,0.0020408578194901286,0.0004822057964788691,0.9482316811857648,0.034806620887355456,0.014438634310910832
asthma_v2_copd_P22COPDPr_173.wav,4,0,2,2,0.13580765725129082,0.030570144737975483,0.6920878715633785,0.025955456357713156,0.11557887008964192
asthma_v2_copd_P22COPDPr_175.wav,4,0,2,2,0.021755376424843934,0.00335083656600049,0.7949006250585728,0.03411217439872637,0.14588098755185622
asthma_v2_copd_P25COPDMc_194.wav,4,0,2,2,0.0001369815269683267,0.017511291842420496,0.978467355520727,0.0008622565613843391,0.0030221145484999
asthma_v2_copd_P25COPDMc_196.wav,4,0,2,2,0.00011415996631198448,0.006900589564113945,0.991143272568984,0.0004450564887163739,0.0013969214118735637
asthma_v2_copd_P25COPDMc_198.wav,4,0,2,2,0.0014147770914589718,0.0002221132273745219,0.9972662015651852,0.00044145866163095894,0.0006554494543498948
asthma_v2_copd_P25COPDMc_200.wav,4,0,2,2,3.8860784450355874e-08,2.8195879368184312e-08,0.9997740885908232,3.894062838639174e-06,0.00022195028967440773
asthma_v2_copd_P25COPDPr_193.wav,4,0,2,2,0.0003186621430192403,0.0009420795406304217,0.9975088991646573,0.00025572515362738083,0.0009746339980657836
asthma_v2_copd_P25COPDPr_195.wav,4,0,2,2,3.370288377425977e-05,0.0048499370939984665,0.9938948433510902,0.0002816092692667109,0.0009399074018697811
asthma_v2_copd_P25COPDPr_197.wav,4,0,2,2,0.0007386781579327343,9.285652296984613e-05,0.9983252007999924,0.000288380425310978,0.0005548840937938121
asthma_v2_copd_P25COPDPr_199.wav,4,0,2,2,0.0009667935762318546,0.00014946661985776538,0.9979910062720779,0.00038829280344871217,0.0005044407283835714
asthma_v2_copd_P30COPDMc_234.wav,4,0,2,2,0.02617278310884494,0.0007249912929741303,0.8658813829705396,0.0023737367337523037,0.10484710589388889
asthma_v2_copd_P30COPDMc_236.wav,4,0,2,2,5.314858021851545e-07,3.2745613145644455e-07,0.999313184438642,0.00042446473374789485,0.00026149188567640183
asthma_v2_copd_P30COPDMc_238.wav,4,0,2,2,4.1219960119809145e-07,2.1892755403848193e-07,0.9999055639403369,4.8747344719214375e-05,4.5057587788638236e-05
asthma_v2_copd_P30COPDMc_240.wav,4,0,2,2,6.089565750496989e-08,3.47341840074411e-08,0.9998907121660637,1.965703932983927e-05,8.953516476489742e-05
asthma_v2_copd_P30COPDPr_233.wav,4,0,2,2,0.005971872220425209,0.00021024646849889756,0.9726135017832954,0.0009175908023251199,0.020286788725455376
asthma_v2_copd_P30COPDPr_235.wav,4,0,2,2,0.021471427195271973,0.0006703525920635124,0.8022508388683097,0.003418875357235799,0.17218850598711888
asthma_v2_copd_P30COPDPr_237.wav,4,0,2,2,9.099661105853825e-07,4.649781744411829e-07,0.9998752456289215,6.635336126374096e-05,5.7026065529607164e-05
asthma_v2_copd_P30COPDPr_239.wav,4,0,2,2,5.671937397686006e-08,3.4633978037245955e-08,0.9999014474640587,3.236800207982002e-05,6.609318050934116e-05
asthma_v2_copd_P38COPDMc_298.wav,4,0,2,2,0.23633887063425726,0.01297277381219399,0.6487107338007141,0.0031443443142925133,0.09883327743854205
asthma_v2_copd_P38COPDMc_300.wav,4,0,2,2,0.012502512328905683,0.0009721812883356589,0.9614961848282767,0.0005609963885006038,0.024468125165981316
asthma_v2_copd_P38COPDMc_302.wav,4,0,2,2,0.02433450287588879,0.00208735962999802,0.9609883422919024,0.0013255057626740518,0.011264289439536824
asthma_v2_copd_P38COPDMc_304.wav,4,0,2,2,0.01878967928048432,0.0003254061000494989,0.8412260467890511,0.008215906604017694,0.13144296122639745
asthma_v2_copd_P38COPDPr_297.wav,4,0,2,2,0.11701435228722276,0.006940509790811488,0.7396775178069729,0.0017043351346313815,0.1346632849803615
asthma_v2_copd_P38COPDPr_299.wav,4,0,2,2,0.09232930042412628,0.006892788855243642,0.8348689946331412,0.0024894621985396548,0.06341945388894903
asthma_v2_copd_P38COPDPr_301.wav,4,0,2,2,0.0390379902967946,0.004694773946663776,0.931630160227259,0.0010530055437461066,0.02358406998553635
asthma_v2_copd_P38COPDPr_303.wav,4,0,2,2,0.11654665454269021,0.003628723459370662,0.7615430038052561,0.013858842087099713,0.10442277610558315
asthma_v2_copd_P3COPDMc_18.wav,4,0,2,0,0.9512651194096652,0.009857744643471564,0.008483360523704159,0.004471710592609873,0.025922064830548718
asthma_v2_copd_P3COPDMc_20.wav,4,0,2,2,0.06615360539277527,0.005791701522139792,0.9199085540570409,0.001376589383783138,0.006769549644261034
asthma_v2_copd_P3COPDMc_22.wav,4,0,2,0,0.48638481445608506,0.019297174302949836,0.46543603069478584,0.0034656203822551494,0.025416360163923818
asthma_v2_copd_P3COPDMc_24.wav,4,0,2,2,5.226499309475289e-07,4.526747834733098e-07,0.9992257379781118,0.0001341193364191523,0.0006391673607547433
asthma_v2_copd_P3COPDPr_17.wav,4,0,2,2,0.3168397296236285,0.010643679119146631,0.648813812437909,0.004814090688940782,0.018888688130375173
asthma_v2_copd_P3COPDPr_19.wav,4,0,2,2,0.004189030660190935,0.00015692836374705111,0.9952922082299402,6.858545005387327e-05,0.00029324729606826415
asthma_v2_copd_P3COPDPr_21.wav,4,0,2,2,0.023594225986996196,0.004631489750416591,0.9677409989073964,0.0011640765991870587,0.002869208756003897
asthma_v2_copd_P3COPDPr_23.wav,4,0,2,2,0.3412654248573866,0.026339034084054518,0.6000251746445637,0.006642597512988984,0.025727768901006202
asthma_v2_copd_P45COPDMc_354.wav,4,0,2,2,0.000901046207861918,0.00014710646906364514,0.9682187537287125,0.005806657333813911,0.024926436260548104
asthma_v2_copd_P45COPDMc_356.wav,4,0,2,2,4.4968225112022426e-07,3.0853722025509997e-07,0.9992860619047552,0.00010362370409215774,0.0006095561716811506
asthma_v2_copd_P45COPDMc_358.wav,4,0,2,3,0.28589338859791,0.06207856406698122,0.0313155518617115,0.2630517732072754,0.35766072226612217
asthma_v2_copd_P45COPDMc_360.wav,4,0,2,3,0.07055245663785639,0.009992019548797052,0.12433980442130928,0.3454730676722671,0.44964265171977047
asthma_v2_copd_P45COPDPr_353.wav,4,0,2,2,0.0004203303856605286,6.449388602718065e-05,0.9883607999317668,0.0014162467744961871,0.00973812902204922
asthma_v2_copd_P45COPDPr_355.wav,4,0,2,2,1.5596005409430278e-07,1.1671931675913648e-07,0.9995038623259215,3.7533568195989074e-05,0.00045833142651165566
asthma_v2_copd_P45COPDPr_357.wav,4,0,2,2,3.0535818716218063e-08,2.201060887411726e-08,0.9998103022530548,2.468698944234827e-05,0.0001649582110751953
asthma_v2_copd_P45COPDPr_359.wav,4,0,2,3,0.06188749012163032,0.008654381351944093,0.11796510226455481,0.4485779557416202,0.36291507052025035
asthma_v2_copd_P50COPDMc_394.wav,4,0,2,2,0.0001035260310593525,0.0007468255944457188,0.9980138669188462,0.000597066499405943,0.0005387149562427862
asthma_v2_copd_P50COPDMc_396.wav,4,0,2,2,0.001016316741882131,0.0011270402110243642,0.9863815001134586,0.0069172976837394,0.004557845249895348
asthma_v2_copd_P50COPDMc_398.wav,4,0,2,2,0.00020173943901072303,0.0007085159334014392,0.9986347185973737,0.00012676626986784741,0.0003282597603462365
asthma_v2_copd_P50COPDMc_400.wav,4,0,2,2,0.00019401634711929455,0.0032173811637234437,0.9955373408733905,0.0002652453136901546,0.0007860163020766177
asthma_v2_copd_P50COPDPr_393.wav,4,0,2,2,0.00024727308063895407,0.009942624275305283,0.9869494263089952,0.0016422246905802255,0.0012184516444805106
asthma_v2_copd_P50COPDPr_395.wav,4,0,2,2,0.0009726184552623622,0.0008408266272315402,0.9928467110897554,0.002556136305311075,0.00278370752243951
asthma_v2_copd_P50COPDPr_397.wav,4,0,2,2,0.0018871384843156713,0.0007678972148404098,0.99499523539447,0.0006334080116605947,0.0017163208947133931
asthma_v2_copd_P50COPDPr_399.wav,4,0,2,2,0.0012959805601203745,0.002159859194139731,0.9950882582488818,0.0004552313667393921,0.001000670630118967
asthma_v2_copd_P6COPDMc_42.wav,4,0,2,2,0.0036628022922937367,0.004685328056460167,0.9765737085353606,0.0009833209066416946,0.014094840209243797
asthma_v2_copd_P6COPDMc_44.wav,4,0,2,2,0.002282484228898322,0.0017525077178299471,0.9843378404884341,0.00047262741708599024,0.011154540147751574
asthma_v2_copd_P6COPDMc_46.wav,4,0,2,2,0.032115631949850974,0.019960913306821353,0.8398333867232259,0.007081614398918064,0.10100845362118385
asthma_v2_copd_P6COPDMc_48.wav,4,0,2,2,0.021396261480729237,0.014337641795382255,0.6268294195564014,0.005685884515267421,0.33175079265221985
asthma_v2_copd_P6COPDPr_41.wav,4,0,2,2,0.0050756348640380675,0.0010951354081766263,0.980734874726907,0.000738392569760689,0.012355962431117593
asthma_v2_copd_P6COPDPr_43.wav,4,0,2,2,0.003731352330202332,0.0014134600949968386,0.9762321192642953,0.0008292162103921925,0.01779385210011293
asthma_v2_copd_P6COPDPr_45.wav,4,0,2,4,0.10433187565979687,0.005599699418728448,0.48873149556709966,0.009263382300432084,0.3920735470539433
asthma_v2_copd_P6COPDPr_47.wav,4,0,2,4,0.08876013433442605,0.0468026503519224,0.3319939887948041,0.012315127340572544,0.520128099178275
asthma_v2_healthy_P10Healthy10S.wav,4,0,3,4,0.11211573748207507,0.025743714512304415,0.005337701717987357,0.008309974627428995,0.8484928716602042
asthma_v2_healthy_P10Healthy14S.wav,4,0,3,4,0.19259449939170564,0.021132411705858327,0.0027346130216660464,0.00586479280161122,0.7776736830791584
asthma_v2_healthy_P10Healthy61S.wav,4,0,3,3,0.05512261005830117,0.004161686490670551,0.02844450711186583,0.632215371855726,0.28005582448343663
asthma_v2_healthy_P10Healthy65S.wav,4,0,3,3,0.03243806830486908,0.0019618357536716853,0.007291317584251482,0.7517393469917035,0.20656943136550393
asthma_v2_healthy_P10Healthy93S.wav,4,0,3,4,0.11098013441739275,0.013003983923886834,0.00835325860992224,0.018807655115153643,0.8488549679336447
asthma_v2_healthy_P11Healthy18S.wav,4,0,3,3,0.10550404781116257,0.2206389581813868,0.15165169293678177,0.3489439527181884,0.17326134835248086
asthma_v2_healthy_P11Healthy30S.wav,4,0,3,3,0.09377733405640343,0.3358202477622352,0.11621501028346533,0.3810417197156719,0.073145688182224
asthma_v2_healthy_P11Healthy38S.wav,4,0,3,3,0.048351094810895126,0.10584274211334267,0.035443741602771715,0.7583472236157455,0.05201519785724453
asthma_v2_healthy_P11Healthy60S.wav,4,0,3,3,0.04153445087189468,0.008948444583782257,0.16022870371374595,0.61889780150926,0.17039059932131678
asthma_v2_healthy_P11Healthy73S.wav,4,0,3,3,0.04693320019553044,0.2104425564304563,0.050726471514577993,0.6291353834134282,0.06276238844600684
asthma_v2_healthy_P19Healthy47S.wav,4,0,3,3,0.14347027014971575,0.2015279632825028,0.054873429975011344,0.22627686493325988,0.3738514716595101
asthma_v2_healthy_P19Healthy50S.wav,4,0,3,3,0.010909853376847257,0.0018338447893568373,0.00017770437954269558,0.9826322542345,0.0044463432197532045
asthma_v2_healthy_P19Healthy55S.wav,4,0,3,3,0.0030266231649893126,0.0017473420634610303,0.00042795212627646384,0.9879615901580141,0.006836492487259108
asthma_v2_healthy_P19Healthy62S.wav,4,0,3,3,0.00259900637141114,0.0013915056758763797,0.00029107877096652424,0.9936781583554347,0.002040250826311427
asthma_v2_healthy_P19Healthy79S.wav,4,0,3,3,0.0028351003957619485,0.0005786232994268386,0.00023286186388198453,0.9907831719431446,0.005570242497784744
asthma_v2_healthy_P20Healthy25S.wav,4,0,3,3,0.004115545226007777,0.0013261699380919367,0.00040565657586553967,0.9791317063854398,0.015020921874595026
asthma_v2_healthy_P20Healthy31S.wav,4,0,3,3,0.0020906971564558538,0.0006925657180163711,0.00019173391111116473,0.9913751620150925,0.005649841199324168
asthma_v2_healthy_P20Healthy59S.wav,4,0,3,3,0.0032701728151594755,0.0016752237208578042,0.00036275439972582104,0.9806830146284864,0.014008834435770586
asthma_v2_healthy_P20Healthy70S.wav,4,0,3,3,0.00355304009366646,0.0019302900426588806,0.00017010855119733368,0.9771761327401326,0.017170428572344507
asthma_v2_healthy_P20Healthy84S.wav,4,0,3,0,0.5186645731375422,0.16540478695288216,0.0034383439874470447,0.11032550369509111,0.20216679222703704
asthma_v2_healthy_P4Healthy12S.wav,4,0,3,4,0.12606572892432547,0.031451955038022145,0.027793411316707317,0.08065508807568739,0.7340338166452578
asthma_v2_healthy_P4Healthy22S.wav,4,0,3,4,0.09940021092797197,0.3038455581814505,0.05231245996346395,0.042183959165358526,0.502257811761755
asthma_v2_healthy_P4Healthy62S.wav,4,0,3,3,0.02468115859076103,0.40752225823994576,0.3194673486955544,0.22104836422727644,0.027280870246462568
asthma_v2_healthy_P4Healthy69S.wav,4,0,3,4,0.057471574355675514,0.04645614889945119,0.10375093793275453,0.018342007581956973,0.773979331230162
asthma_v2_healthy_P4Healthy77S.wav,4,0,3,1,0.0232159630861589,0.7075422090170065,0.10702625747894579,0.1464030596433951,0.015812510774493478
asthma_v2_pneumonia_P12Pneumonia23P.wav,4,0,4,4,0.024591596008527453,0.0268030715971786,0.04439424610109269,0.002734296567425614,0.9014767897257758
asthma_v2_pneumonia_P12Pneumonia44H.wav,4,0,4,4,0.11778788342151475,0.0032734193942770625,0.03405721666104638,0.008299197650996081,0.8365822828721654
asthma_v2_pneumonia_P12Pneumonia45B.wav,4,0,4,4,0.12672290602449418,0.007177210170021884,0.10001321518286158,0.011011981861483187,0.7550746867611393
asthma_v2_pneumonia_P12Pneumonia46L.wav,4,0,4,0,0.5388575318872467,0.05108377244263174,0.002269876525883099,0.0007376621195221813,0.407051157024716
asthma_v2_pneumonia_P12Pneumonia59Q.wav,4,0,4,4,0.10597348145086745,0.04392966734363586,0.09402579371826775,0.002377063663722345,0.7536939938235067
asthma_v2_pneumonia_P12Pneumonia97E.wav,4,0,4,4,0.08286510740665241,0.044723759716802494,0.059744133977120854,0.004771575517000124,0.8078954233824243
asthma_v2_pneumonia_P14Pneumonia19W.wav,4,0,4,4,0.37113719046828986,0.006021558697744026,0.021434777477836255,0.001450812352901357,0.5999556610032284
asthma_v2_pneumonia_P14Pneumonia22X.wav,4,0,4,3,0.008346802223113606,0.000365910997847504,0.0003724165044983287,0.9543603638599943,0.0365545064145462
asthma_v2_pneumonia_P14Pneumonia40M.wav,4,0,4,3,0.09090670365076892,0.010991252861854409,0.0012585001016959037,0.45988375429558204,0.43695978909009836
asthma_v2_pneumonia_P14Pneumonia62B.wav,4,0,4,0,0.6385269983290967,0.023822913111774705,0.001836185856002728,0.00047332765862140194,0.33534057504450426
asthma_v2_pneumonia_P14Pneumonia73T.wav,4,0,4,4,0.19317748535503237,0.004925791460308239,0.011598239349502812,0.0016488953274097125,0.7886495885077465
asthma_v2_pneumonia_P14Pneumonia87C.wav,4,0,4,4,0.11512771920142184,0.002678244282833297,0.019863952902765488,0.003709959875474942,0.8586201237375046
asthma_v2_pneumonia_P15Pneumonia12I.wav,4,0,4,4,0.029735953370648584,0.018961906159107558,0.055583818372957845,0.002934789072193857,0.8927835330250921
asthma_v2_pneumonia_P15Pneumonia16R.wav,4,0,4,4,0.14268655763843366,0.041795454457525555,0.07595151778014231,0.005463659153523889,0.7341028109703746
asthma_v2_pneumonia_P15Pneumonia39Y.wav,4,0,4,3,0.02303536933710501,0.0007443760545347855,0.0004896700010547933,0.6789578819959049,0.2967727026114004
asthma_v2_pneumonia_P15Pneumonia56Z.wav,4,0,4,4,0.16046449585471884,0.029616102480690062,0.10272215050999288,0.006025864775374077,0.7011713863792242
asthma_v2_pneumonia_P15Pneumonia58S.wav,4,0,4,4,0.03415803780969124,0.0013738426678397172,0.00024900812465661223,0.0014282368062063636,0.9627908745916064
asthma_v2_pneumonia_P15Pneumonia81V.wav,4,0,4,4,0.047317570082159546,0.001825694200336065,0.0004023967895438252,0.0005337453007649532,0.9499205936271958
asthma_v2_pneumonia_P25Pneumonia11Z.wav,4,0,4,3,0.1762150364617548,0.07872476162564242,0.05571532636033651,0.5101290543417974,0.1792158212104688
asthma_v2_pneumonia_P25Pneumonia16B.wav,4,0,4,4,0.05448682678624087,0.0021041675149493662,0.006789678803729451,0.01724395969237063,0.9193753672027095
asthma_v2_pneumonia_P25Pneumonia30I.wav,4,0,4,4,0.1581355021799803,0.013419725949830846,0.004120752028774868,0.11698337679859289,0.707340643042821
asthma_v2_pneumonia_P25Pneumonia42V.wav,4,0,4,3,0.013241196168675464,0.015548594933359606,0.0014614822866050032,0.9266701991456513,0.04307852746570848
asthma_v2_pneumonia_P25Pneumonia93N.wav,4,0,4,3,0.14714324230004883,0.01728636777781431,0.017874881588349854,0.4252508262963746,0.39244468203741273
asthma_v2_pneumonia_P25Pneumonia97D.wav,4,0,4,4,0.0595468541308135,0.006420786742451974,0.006855803488409621,0.16439511198435833,0.7627814436539663
asthma_v2_pneumonia_P34Pneumonia15R.wav,4,0,4,4,0.04364799253483839,0.002993330196252682,0.0018468761310768682,0.003821965751736504,0.9476898353860957
asthma_v2_pneumonia_P34Pneumonia36H.wav,4,0,4,4,0.0846505885358671,0.0028005411838817364,0.0006382982159430217,0.0076623914882305915,0.9042481805760776
asthma_v2_pneumonia_P34Pneumonia61E.wav,4,0,4,4,0.039854356328030804,0.0021531564793438127,0.00035098416613104895,0.012990680718601546,0.9446508223078928
asthma_v2_pneumonia_P34Pneumonia66M.wav,4,0,4,4,0.07616349239919155,0.007863191867351897,0.0016560628797095663,0.011171773863346317,0.9031454789904007
asthma_v2_pneumonia_P34Pneumonia77O.wav,4,0,4,4,0.044366576395594305,0.0031601330959898227,0.0004112790857747698,0.004112178142997312,0.9479498332796436
asthma_v2_pneumonia_P34Pneumonia99G.wav,4,0,4,4,0.0745954140730187,0.0025143228065935682,0.0008801235571951656,0.0016887797401204756,0.9203213598230722
asthma_v2_pneumonia_P37Pneumonia44I.wav,4,0,4,0,0.7699238808977927,0.016460240341192697,0.016909888030613492,0.09610325144175473,0.10060273928864631
asthma_v2_pneumonia_P37Pneumonia73K.wav,4,0,4,0,0.7463672126732156,0.04213335008385576,0.004243855787025276,0.004930430421081969,0.20232515103482177
asthma_v2_pneumonia_P37Pneumonia73X.wav,4,0,4,0,0.9017338957240102,0.028253843591647555,0.0034896091655993253,0.0014758813064062004,0.06504677021233664
asthma_v2_pneumonia_P37Pneumonia83S.wav,4,0,4,0,0.7559338861836722,0.011027360102694063,0.004678419112619742,0.006252456605157632,0.22210787799585657
asthma_v2_pneumonia_P37Pneumonia84E.wav,4,0,4,0,0.48090603867799325,0.03588935534691179,0.022432987743265412,0.1646828185506965,0.29608879968113305
asthma_v2_pneumonia_P37Pneumonia95J.wav,4,0,4,0,0.8563664926073006,0.012722203170414956,0.015629366252553067,0.007715361275357924,0.10756657669437333
asthma_v2_pneumonia_P3Pneumonia41L.wav,4,0,4,4,0.06601777407054896,0.0057424246611279236,0.004192668650442553,0.001031773800620937,0.9230153588172599
asthma_v2_pneumonia_P3Pneumonia54K.wav,4,0,4,4,0.11594283666377654,0.003737297230104347,0.004535764838566117,0.0007892652775111441,0.8749948359900418
asthma_v2_pneumonia_P3Pneumonia61R.wav,4,0,4,4,0.05315486610987234,0.003342234422970791,0.11607932958008015,0.07307370858823464,0.754349861298842
asthma_v2_pneumonia_P3Pneumonia74F.wav,4,0,4,4,0.19182847577134432,0.0209601199421549,0.004910783680764389,0.01004984959514155,0.7722507710105948
asthma_v2_pneumonia_P3Pneumonia75Z.wav,4,0,4,4,0.006584395239173332,0.001140985154293726,0.14045192272601495,0.02823960980406398,0.8235830870764541
asthma_v2_pneumonia_P3Pneumonia96L.wav,4,0,4,4,0.03909675395420695,0.0010427782903296037,0.0012015782073111884,0.00026417862344288245,0.9583947109247091
asthma_v2_pneumonia_P40Pneumonia18H.wav,4,0,4,0,0.7028518519386017,0.11889753807873975,0.04206399106539934,0.0016548029565657079,0.13453181596069325
asthma_v2_pneumonia_P40Pneumonia32Q.wav,4,0,4,4,0.12209216629263492,0.002434582063491924,0.0006290176364932725,0.0005609542917104862,0.8742832797156694
asthma_v2_pneumonia_P40Pneumonia69N.wav,4,0,4,4,0.04493387572215666,0.0010232325887668885,0.0004643861009802801,0.002805154236150164,0.9507733513519457
asthma_v2_pneumonia_P40Pneumonia90Y.wav,4,0,4,0,0.841952473704338,0.011627160129637345,0.011107532483568196,0.0023599238699887823,0.1329529098124676
asthma_v2_pneumonia_P40Pneumonia91V.wav,4,0,4,0,0.5008136308522102,0.02677085776506329,0.08092327532744788,0.0022587784618681083,0.38923345759341077
asthma_v2_pneumonia_P40Pneumonia92J.wav,4,0,4,3,0.1350239193065857,0.01929941478459417,0.026262412510747346,0.706026173511766,0.11338807988630666
asthma_v2_pneumonia_P7Pneumonia22C.wav,4,0,4,4,0.0755625505133241,0.025228587242098432,0.055756603503556504,0.005195224034707017,0.838257034706314
asthma_v2_pneumonia_P7Pneumonia22X.wav,4,0,4,4,0.03295172583961282,0.00615026279432299,0.15017749213984874,0.018681441725239743,0.7920390775009757
asthma_v2_pneumonia_P7Pneumonia34I.wav,4,0,4,4,0.0778806067459874,0.0015533107856505759,0.020200493092739958,0.005466939932929571,0.8948986494426926
asthma_v2_pneumonia_P7Pneumonia61Q.wav,4,0,4,4,0.05982599059426609,0.003179235396651056,0.021434316799155355,0.008668197274580708,0.9068922599353468
asthma_v2_pneumonia_P7Pneumonia62G.wav,4,0,4,4,0.045119233696204436,0.003507460026583942,0.030429454118554716,0.006488849170838513,0.9144550029878188
asthma_v2_pneumonia_P7Pneumonia76F.wav,4,0,4,4,0.03655646798647669,0.013129119339781526,0.20891551768831917,0.009808370784292508,0.7315905242011301
asthma_v2_pneumonia_P9Pneumonia31T.wav,4,0,4,0,0.5768987273437693,0.031043766241071642,0.006353668102742368,0.0012426232289486363,0.38446121508346814
asthma_v2_pneumonia_P9Pneumonia63O.wav,4,0,4,4,0.02212066527315696,0.002395972985152532,0.005744985519242169,0.11858320044474885,0.8511551757776994
asthma_v2_pneumonia_P9Pneumonia67I.wav,4,0,4,4,0.0530850467612053,0.00199035759712336,0.001222548209096921,0.0340421638729673,0.9096598835596071
asthma_v2_pneumonia_P9Pneumonia73J.wav,4,0,4,4,0.051258313240368586,0.0006034268174953458,0.0007027711667731132,0.0085147116687008,0.9389207771066623
asthma_v2_pneumonia_P9Pneumonia74S.wav,4,0,4,0,0.7734665474882542,0.013281825182943453,0.003949726941778805,0.00026862540165151726,0.20903327498537194
asthma_v2_pneumonia_P9Pneumonia74V.wav,4,0,4,4,0.058487791359015745,0.0013883527622188575,0.0005840332126897221,0.13826726395481417,0.8012725587112614
asthma_v2_Bronchial_P10BronchialSc_46.wav,4,1,1,2,0.00012709646176132098,0.0028752442252593696,0.9954415168197349,0.0004165290359324385,0.0011396134573118941
asthma_v2_Bronchial_P10BronchialSc_48.wav,4,1,1,2,6.637951044237326e-05,0.0032039676523856484,0.995530612813773,0.00042258834264823975,0.0007764516807508346
asthma_v2_Bronchial_P10BronchialSc_50.wav,4,1,1,1,0.023802390754209354,0.8105770286763834,0.1493435447331428,0.006518026392377376,0.00975900944388697
asthma_v2_Bronchial_P10BronchialTc_47.wav,4,1,1,2,5.189499989967319e-05,0.002240807240317379,0.9968500323626387,0.000290715023538358,0.0005665503736060549
asthma_v2_Bronchial_P10BronchialTc_49.wav,4,1,1,1,0.02520415541697181,0.9070214255230395,0.05356771477396479,0.0065024734400394935,0.007704230845984201
asthma_v2_Bronchial_P20BronchialSc_100.wav,4,1,1,1,0.0061538517432283635,0.9612264087869188,0.02785351066710176,0.0010149978710001619,0.003751230931750721
asthma_v2_Bronchial_P20BronchialSc_96.wav,4,1,1,1,0.021172668362234068,0.9538433999379768,0.013963582124621106,0.002673991696506981,0.008346357878661068
asthma_v2_Bronchial_P20BronchialSc_98.wav,4,1,1,1,0.10364673287763662,0.5616389437337781,0.2834628688968633,0.01872350365745972,0.032527950834261694
asthma_v2_Bronchial_P20BronchialTc_97.wav,4,1,1,1,0.018720509532465693,0.9416542221384631,0.03261330414887559,0.0030006721426831047,0.004011292037512564
asthma_v2_Bronchial_P20BronchialTc_99.wav,4,1,1,1,0.1283111983502624,0.38520739194260073,0.394887940473485,0.04750155057814472,0.04409191865550716
asthma_v2_Bronchial_P2BronchialSc_10.wav,4,1,1,1,0.04526262456249129,0.8620322158321727,0.040356375101317815,0.031406180791071096,0.020942603712947566
asthma_v2_Bronchial_P2BronchialSc_6.wav,4,1,1,1,0.03538326628354933,0.9139142005452819,0.036654654075851556,0.005957827931272964,0.008090051164044331
asthma_v2_Bronchial_P2BronchialSc_8.wav,4,1,1,1,0.025964230691345496,0.9154912614207139,0.008954546362625356,0.016055002683116677,0.033534958842198835
asthma_v2_Bronchial_P2BronchialTc_7.wav,4,1,1,1,0.10515032608577446,0.7526091518812581,0.07409276911484496,0.024966174422859286,0.04318157849526324
asthma_v2_Bronchial_P2BronchialTc_9.wav,4,1,1,1,0.038807624316401265,0.7799133431978095,0.025132664216739976,0.060408968676662296,0.09573739959238699
asthma_v2_Bronchial_P5BronchialSc_22.wav,4,1,1,3,0.011899862606140585,0.12410194975288534,0.3294304296804116,0.45277472792916795,0.08179303003139465
asthma_v2_Bronchial_P5BronchialSc_24.wav,4,1,1,2,0.013278828406233052,0.07308907981245245,0.7594285560876602,0.07749683707475888,0.07670669861889538
asthma_v2_Bronchial_P5BronchialTc_21.wav,4,1,1,1,0.0049449420273007146,0.9259561340714554,0.008134871514739055,0.052766030261699556,0.008198022124805297
asthma_v2_Bronchial_P5BronchialTc_23.wav,4,1,1,3,0.013624540425103911,0.07188711299781089,0.6316754085370476,0.16587111357908382,0.11694182446095375
asthma_v2_Bronchial_P5BronchialTc_25.wav,4,1,1,2,0.04214730915509527,0.09037309190908888,0.7203171484509572,0.035543262168599564,0.11161918831625865
asthma_v2_asthma_P14WheezingIE_69.wav,4,1,0,0,0.5666053584465746,0.08805546705014071,0.12174286008059812,0.11184609998485737,0.11175021443782931
asthma_v2_asthma_P14WheezingIU_66.wav,4,1,0,0,0.9428887186388245,0.033798586034392196,0.006310218354102359,0.0004008395882828794,0.016601637384398023
asthma_v2_asthma_P14WheezingIU_70.wav,4,1,0,0,0.5919927947563539,0.007473138980392829,0.0037830704309126354,0.005516737225558934,0.39123425860678185
asthma_v2_asthma_P14WheezingRL_67.wav,4,1,0,0,0.7756438380278448,0.01153191947781037,0.04549877506675825,0.011590332322782282,0.15573513510480422
asthma_v2_asthma_P14WheezingRS_68.wav,4,1,0,0,0.8209841651435914,0.004682881618163542,0.004657045873770749,0.0023170767778271624,0.167358830586647
asthma_v2_asthma_P16WheezingIE_77.wav,4,1,0,0,0.5924667971274062,0.004094696660833262,0.009125009922524019,0.020539039777743733,0.37377445651149266
asthma_v2_asthma_P16WheezingIU_78.wav,4,1,0,0,0.825085744815114,0.009273757291677582,0.02526824298905776,0.0024014797686724774,0.137970775135478
asthma_v2_asthma_P16WheezingRL_79.wav,4,1,0,0,0.5618175467095653,0.0019398686944101162,0.0064896859050501314,0.005680780469035606,0.4240721182219387
asthma_v2_asthma_P16WheezingRS_76.wav,4,1,0,0,0.6857766259491175,0.0027380951390381944,0.018090483362184356,0.019412553232436812,0.2739822423172234
asthma_v2_asthma_P16WheezingRS_80.wav,4,1,0,0,0.9388416427170472,0.03276097431047592,0.0060726353463052924,0.0007599675596493881,0.021564780066522096
asthma_v2_asthma_P20WheezingIE_97.wav,4,1,0,0,0.31476113815596446,0.19338566066633836,0.30917469279849324,0.022426054219727622,0.16025245415947606
asthma_v2_asthma_P20WheezingIU_98.wav,4,1,0,0,0.6572544215897677,0.06184502538647366,0.015638258708024502,0.17762156411532337,0.08764073020041067
asthma_v2_asthma_P20WheezingRL_99.wav,4,1,0,0,0.6053872839209433,0.2014541876504293,0.003518286834902402,0.0683422093899074,0.12129803220381724
asthma_v2_asthma_P20WheezingRS_100.wav,4,1,0,3,0.3044523327005916,0.0866203419615599,0.005245697891566997,0.46977337703725375,0.13390825040902785
asthma_v2_asthma_P20WheezingRS_96.wav,4,1,0,0,0.7906398161957746,0.10432021255389681,0.002982555490354527,0.0016103371096911733,0.100447078650283
asthma_v2_asthma_P24WheezingIE_117.wav,4,1,0,0,0.8169954625476851,0.0022956888363851887,0.02311318888435267,0.00045642219930728574,0.15713923753226966
asthma_v2_asthma_P24WheezingIU_118.wav,4,1,0,0,0.6788384470258253,0.007572889770168114,0.0346866900710809,0.0017266065266398505,0.2771753666062859
asthma_v2_asthma_P24WheezingRL_119.wav,4,1,0,0,0.8833629235206528,0.005894423423642783,0.0039608470128172394,6.838681523541789e-05,0.10671341922765185
asthma_v2_asthma_P24WheezingRS_116.wav,4,1,0,0,0.716360753899523,0.0093972243812628,0.003013949331750975,0.0017736657589103872,0.26945440662855247
asthma_v2_asthma_P24WheezingRS_120.wav,4,1,0,0,0.7802217299849429,0.016548077527166187,0.059361003838965795,0.005751414106846368,0.13811777454207888
asthma_v2_asthma_P28WheezingIE_137.wav,4,1,0,3,0.5842929155125339,0.08445977462909797,0.010181676168216245,0.2441219987579219,0.07694363493222972
asthma_v2_asthma_P28WheezingIU_138.wav,4,1,0,0,0.7627021982591804,0.13147639427484106,0.00321181165058402,0.023387158192804233,0.07922243762259032
asthma_v2_asthma_P28WheezingRL_139.wav,4,1,0,0,0.6256649917577001,0.2169833382450768,0.038847715629976465,0.0017905790177420193,0.11671337534950481
asthma_v2_asthma_P28WheezingRS_136.wav,4,1,0,0,0.6377736267335539,0.031987092261645464,0.023114508645621278,0.005496389771457424,0.30162838258772195
asthma_v2_asthma_P28WheezingRS_140.wav,4,1,0,0,0.7672610845842999,0.11405321678689323,0.004270526909744225,0.04196719303502042,0.07244797868404214
asthma_v2_asthma_P38WheezingIE_189.wav,4,1,0,0,0.7558698041686243,0.03679006826812703,0.18601345413456916,0.0017072899522579893,0.01961938347642176
asthma_v2_asthma_P38WheezingIU_186.wav,4,1,0,0,0.7363436527715737,0.07101715786655292,0.13694936013094147,0.0066902704138832965,0.04899955881704871
asthma_v2_asthma_P38WheezingIU_190.wav,4,1,0,0,0.689713362615001,0.06214788042040305,0.20521692330760077,0.01093980377704704,0.031982029879948026
asthma_v2_asthma_P38WheezingRL_187.wav,4,1,0,0,0.6106242099375898,0.16554367336688056,0.0709073033020332,0.0371539651336354,0.11577084825986085
asthma_v2_asthma_P38WheezingRS_188.wav,4,1,0,0,0.4054011583795195,0.033426286421463794,0.5402111233575421,0.005478456505119465,0.015482975336355318
asthma_v2_asthma_P39WheezingIE_193.wav,4,1,0,0,0.8866308058195064,0.01744272568208039,0.01802999742026798,0.0005120150524219257,0.07738445602572358
asthma_v2_asthma_P39WheezingIU_194.wav,4,1,0,0,0.865808105324131,0.10539760007997886,0.011027440587689237,0.0004410778520563941,0.017325776156144564
asthma_v2_asthma_P39WheezingRL_191.wav,4,1,0,0,0.5056775959221779,0.005919273598885653,0.07712768983981615,0.0011283046644549582,0.41014713597466573
asthma_v2_asthma_P39WheezingRL_195.wav,4,1,0,0,0.9350183208650631,0.029830690700867083,0.01186682044601197,0.00030641530109447963,0.02297775268696347
asthma_v2_asthma_P39WheezingRS_192.wav,4,1,0,0,0.6413174252531267,0.006001707009935942,0.04387953445656266,0.0005110618900129994,0.30829027139036164
asthma_v2_asthma_P41WheezingIE_201.wav,4,1,0,0,0.8510852353467203,0.06053889737701055,0.035650958150824766,0.006601973473498045,0.04612293565194613
asthma_v2_asthma_P41WheezingIE_205.wav,4,1,0,0,0.9088347783962671,0.007747825908415605,0.018973289360039322,0.0015252344261625758,0.06291887190911548
asthma_v2_asthma_P41WheezingIU_202.wav,4,1,0,0,0.9464070861248515,0.001245989295446904,0.008851729031718419,0.00020207999354172285,0.043293115554441645
asthma_v2_asthma_P41WheezingRL_203.wav,4,1,0,2,0.28275924964446975,0.0015109139334411512,0.7113770517758651,9.000816898971214e-05,0.0042627764772344085
asthma_v2_asthma_P41WheezingRS_204.wav,4,1,0,0,0.7359661706438858,0.013404206670903295,0.058812324771347284,0.0012851404720251073,0.19053215744183868
asthma_v2_asthma_P45WheezingIE_221.wav,4,1,0,0,0.8377527922560819,0.07418247025179811,0.029585831305393398,0.010653689645259647,0.04782521654146663
asthma_v2_asthma_P45WheezingIE_225.wav,4,1,0,0,0.9057265740359043,0.030875237364209024,0.012797185510417084,0.0005063080905055987,0.05009469499896403
asthma_v2_asthma_P45WheezingIU_222.wav,4,1,0,0,0.9584161339156285,0.00972606709703307,0.012197255715508538,0.0003997637746279986,0.019260779497201615
asthma_v2_asthma_P45WheezingRL_223.wav,4,1,0,0,0.851909919810563,0.04570126402512374,0.07431301187013663,0.0019790724348020578,0.026096731859374864
asthma_v2_asthma_P45WheezingRS_224.wav,4,1,0,0,0.7086122742753054,0.013763205318726823,0.10816653321832816,0.003556546722710915,0.16590144046492908
asthma_v2_asthma_P53WheezingIE_261.wav,4,1,0,0,0.8249071212932477,0.07999741780819422,0.027091296461166176,0.0033751138099431623,0.06462905062744892
asthma_v2_asthma_P53WheezingIE_265.wav,4,1,0,1,0.1575443050074376,0.342160178152081,0.3430221798616196,0.0989371995029605,0.058336137475900926
asthma_v2_asthma_P53WheezingIU_262.wav,4,1,0,0,0.9359771949124707,0.036444206735469616,0.007329806546141619,0.0007471824606461768,0.019501609345272
asthma_v2_asthma_P53WheezingRL_263.wav,4,1,0,4,0.15388599283310328,0.022728598502869676,0.1653480449644783,0.03823998681576045,0.6197973768837884
asthma_v2_asthma_P53WheezingRS_264.wav,4,1,0,3,0.24525664922161886,0.26678481032432905,0.16147786420872912,0.21562264299362088,0.11085803325170215
asthma_v2_asthma_P55WheezingIE_273.wav,4,1,0,4,0.020561024415516455,0.0019705272594262857,0.07080656436560143,0.1346040915552139,0.7720577924042421
asthma_v2_asthma_P55WheezingIU_274.wav,4,1,0,3,0.011867785907263466,0.0015078120283324578,0.0019092407628261477,0.4695169747745232,0.5151981865270554
asthma_v2_asthma_P55WheezingRL_271.wav,4,1,0,3,0.16371512562773863,0.08571033895930164,0.0783468985126786,0.4676478914695597,0.2045797454307218
asthma_v2_asthma_P55WheezingRL_275.wav,4,1,0,0,0.6629628637853259,0.08765827958232007,0.028709098616186913,0.020872705694909576,0.19979705232125755
asthma_v2_asthma_P55WheezingRS_272.wav,4,1,0,3,0.0410303571228367,0.004262039671768174,0.026498785928978474,0.3255774294984129,0.6026313877780036
asthma_v2_asthma_P7AsthmaIE_33.wav,4,1,0,0,0.9015888103074625,0.05085317028481137,0.011979856987113752,0.0018382368351683403,0.03373992558544398
asthma_v2_asthma_P7AsthmaIU_34.wav,4,1,0,0,0.9179968855239643,0.0397121594819416,0.009069641722996416,0.0012543937373880405,0.03196691953370978
asthma_v2_asthma_P7AsthmaRL_31.wav,4,1,0,0,0.8394005381769406,0.005386920778562276,0.01069013830444406,0.009598973009838307,0.13492342973021473
asthma_v2_asthma_P7AsthmaRL_35.wav,4,1,0,0,0.9364390460455987,0.025461181393066152,0.004158871820877101,0.001312368677339143,0.03262853206311912
asthma_v2_asthma_P7AsthmaRS_32.wav,4,1,0,4,0.09681755285299873,0.0011707623648213202,0.0018347376075201417,0.006662266143718085,0.8935146810309418
asthma_v2_asthma_P8AsthmaIE_37.wav,4,1,0,0,0.9122751502069745,0.023814372221784754,0.020500806185744878,0.002524700994996307,0.04088497039049936
asthma_v2_asthma_P8AsthmaIU_38.wav,4,1,0,0,0.8412920050006268,0.05500446273235144,0.0373406353201353,0.022045464736262368,0.044317432210624265
asthma_v2_asthma_P8AsthmaRL_39.wav,4,1,0,0,0.8182023336376033,0.020042629631175743,0.030211526447896854,0.006276722435927859,0.12526678784739648
asthma_v2_asthma_P8AsthmaRS_36.wav,4,1,0,0,0.9212536162180713,0.06774600315281201,0.0027118523071829556,0.000529886123461324,0.007758642198472581
asthma_v2_asthma_P8AsthmaRS_40.wav,4,1,0,0,0.5235138446673976,0.031221392436904843,0.1431436072329721,0.008242468553972565,0.2938786871087529
asthma_v2_copd_P14COPDMc_106.wav,4,1,2,2,0.0021975361564759836,0.003927006538797738,0.9777143195252755,0.000556224358570702,0.015604913420880022
asthma_v2_copd_P14COPDMc_108.wav,4,1,2,2,0.0753070434422799,0.004099460543051344,0.9110469001042785,0.0006749775728914627,0.00887161833749914
asthma_v2_copd_P14COPDMc_110.wav,4,1,2,4,0.09942528944081448,0.02113356421854018,0.5794650566970385,0.003128247166347817,0.2968478424772587
asthma_v2_copd_P14COPDMc_112.wav,4,1,2,0,0.5901159465948388,0.011200256459928063,0.3841751401412002,0.0015662015624193686,0.01294245524161344
asthma_v2_copd_P14COPDPr_105.wav,4,1,2,2,0.000849064633192303,0.001183328428614254,0.9958428713655924,0.00010106729438444331,0.0020236682782166153
asthma_v2_copd_P14COPDPr_107.wav,4,1,2,2,0.2757036770430647,0.007439236979078736,0.688112574644674,0.00018415579785076823,0.02856035553533226
asthma_v2_copd_P14COPDPr_109.wav,4,1,2,2,0.05193550602154913,0.01777207750478428,0.8356379453335425,0.0009986283334723642,0.093655842806652
asthma_v2_copd_P14COPDPr_111.wav,4,1,2,4,0.3580814805535428,0.012708195143843875,0.23370660156533457,0.0008445458978192427,0.3946591768394598
asthma_v2_copd_P16COPDMc_122.wav,4,1,2,2,8.308587239458692e-07,4.6283977273115503e-07,0.9992061433110954,1.6164377939702691e-06,0.0007909465526138566
asthma_v2_copd_P16COPDMc_124.wav,4,1,2,2,7.284727999231906e-07,4.4569301011492594e-07,0.999048142591453,1.5443105875836986e-06,0.0009491389321492509
asthma_v2_copd_P16COPDMc_126.wav,4,1,2,2,6.635567158553318e-07,3.810052742860726e-07,0.99947814995529,9.119249989486109e-07,0.0005198935577208762
asthma_v2_copd_P16COPDMc_128.wav,4,1,2,2,0.0011288508110583833,0.0004914559440090397,0.9974884123768517,7.688860394308004e-05,0.000814392264137882
asthma_v2_copd_P16COPDPr_121.wav,4,1,2,2,6.707211922729392e-07,3.9552214575192246e-07,0.9991645080179071,1.5869577669128738e-06,0.0008328387809879955
asthma_v2_copd_P16COPDPr_123.wav,4,1,2,2,1.4750382499728425e-07,8.667517024389063e-08,0.999630113667918,3.296805109050908e-07,0.00036932247257586635
asthma_v2_copd_P16COPDPr_125.wav,4,1,2,2,5.656623464036086e-07,3.0613623075547625e-07,0.9995797724242821,1.3209980296036853e-06,0.0004180347791111973
asthma_v2_copd_P16COPDPr_127.wav,4,1,2,2,6.458397847136951e-07,3.729107498520877e-07,0.9998646219213232,9.870753790860623e-07,0.00013337225276288572
asthma_v2_copd_P20COPDMc_154.wav,4,1,2,2,0.0005722106425694892,0.0015533672443101168,0.9965828858501997,0.00023059132670083518,0.0010609449362196865
asthma_v2_copd_P20COPDMc_156.wav,4,1,2,2,0.1382643226387482,0.023462175202241507,0.7292371639959345,0.0028971829315715073,0.10613915523150415
asthma_v2_copd_P20COPDMc_158.wav,4,1,2,2,0.0017446288462391545,0.00010815739842862358,0.9940864800551511,0.00010000344918463335,0.0039607302509965464
asthma_v2_copd_P20COPDMc_160.wav,4,1,2,2,0.0027876487862694235,0.00027650860061339736,0.9914735320063337,0.0005961836041353478,0.00486612700264765
asthma_v2_copd_P20COPDPr_153.wav,4,1,2,2,0.0022215476046391048,0.0004423375161051551,0.991714531694134,0.00014084487731226236,0.005480738307809444
asthma_v2_copd_P20COPDPr_155.wav,4,1,2,2,0.24627528893547201,0.06108540730804112,0.6093329678763127,0.005530080384719057,0.07777625549545449
asthma_v2_copd_P20COPDPr_157.wav,4,1,2,2,0.07762548184382013,0.13753342036894164,0.7274486001811583,0.012101054281616275,0.04529144332446378
asthma_v2_copd_P20COPDPr_159.wav,4,1,2,2,0.00313450512397806,0.00029847917908611734,0.9917965077438418,0.00012855536225116844,0.0046419525908431795
asthma_v2_copd_P21COPDMc_162.wav,4,1,2,2,0.0006277084638210564,0.0007313686977759688,0.9978737365576316,7.75742747862279e-05,0.0006896120059854248
asthma_v2_copd_P21COPDMc_164.wav,4,1,2,2,0.0094966273284465,0.03156527489442951,0.9518511650987462,0.0003706150678599174,0.006716317610518035
asthma_v2_copd_P21COPDMc_166.wav,4,1,2,2,0.008695355513874882,0.012117216458547488,0.9742390583852513,0.00032424934624178235,0.004624120296084853
asthma_v2_copd_P21COPDMc_168.wav,4,1,2,2,0.001511260946921902,0.00033283937971731,0.9796027461979565,0.0008750747749109394,0.01767807870049335
asthma_v2_copd_P21COPDPr_161.wav,4,1,2,2,6.664838023316397e-07,5.228147136090413e-07,0.9998442555243818,2.519930192583266e-06,0.00015203524690960725
asthma_v2_copd_P21COPDPr_163.wav,4,1,2,2,0.00031171598415903726,0.0007797115535058025,0.9984593365894282,9.472638709318918e-05,0.0003545094858135981
asthma_v2_copd_P21COPDPr_165.wav,4,1,2,2,0.007410009308320526,0.012779670964845837,0.9719247580040542,0.0004928986398115664,0.00739266308296724
asthma_v2_copd_P21COPDPr_167.wav,4,1,2,2,0.0013403479066563266,0.0015945289070916878,0.985937184142842,0.0017430595395463114,0.009384879503863554
asthma_v2_copd_P29COPDMc_226.wav,4,1,2,2,6.065071986487496e-07,2.9855646741534614e-07,0.9998863747763151,1.2195039723510847e-06,0.00011150065604641175
asthma_v2_copd_P29COPDMc_228.wav,4,1,2,2,1.5030677941910758e-07,1.0809363815035715e-07,0.9998472753899565,1.4909448090707152e-05,0.0001375567615353222
asthma_v2_copd_P29COPDMc_230.wav,4,1,2,2,2.799920148772677e-08,1.7991816534534744e-08,0.9999235009450917,1.6176478981940395e-06,7.48354159918946e-05
asthma_v2_copd_P29COPDMc_232.wav,4,1,2,2,6.008995579901151e-08,3.5538031725206326e-08,0.9998108186966458,3.207291833149022e-06,0.00018587838353350628
asthma_v2_copd_P29COPDPr_225.wav,4,1,2,2,0.0005900503822863227,0.00011153189140912807,0.9990178816139436,7.800239193500248e-05,0.00020253372042579505
asthma_v2_copd_P29COPDPr_227.wav,4,1,2,2,6.633814722738123e-08,4.297872201365801e-08,0.9999323450124948,9.209728184270436e-06,5.8335942451594355e-05
asthma_v2_copd_P29COPDPr_229.wav,4,1,2,2,5.16672404927301e-08,3.3535140342186184e-08,0.9999731976168454,4.846052329962773e-06,2.1871128443863382e-05
asthma_v2_copd_P29COPDPr_231.wav,4,1,2,2,1.7002797697706443e-08,1.0521504042575284e-08,0.9999197291049869,1.3919557504588743e-06,7.885141496086498e-05
asthma_v2_copd_P35COPDMc_274.wav,4,1,2,2,0.0017705888298239281,0.0020208959406790303,0.9817657006906041,0.0007426490398074331,0.013700165499085344
asthma_v2_copd_P35COPDMc_276.wav,4,1,2,2,0.0012952687200809246,0.001358512115552535,0.9952425967639181,0.0006072016655938396,0.0014964207348542621
asthma_v2_copd_P35COPDMc_278.wav,4,1,2,2,0.0006582865618163852,0.0020797594169549645,0.9950213810501426,0.00111674521210597,0.001123827758980027
asthma_v2_copd_P35COPDMc_280.wav,4,1,2,2,1.5567776840446177e-06,7.921532503866415e-07,0.9995970450011913,3.0871919764628775e-05,0.0003697341481097383
asthma_v2_copd_P35COPDPr_273.wav,4,1,2,2,0.008082200512421374,0.001981909880043035,0.9548492670392937,0.0010136930976862796,0.03407292947055538
asthma_v2_copd_P35COPDPr_275.wav,4,1,2,2,0.0005859993240507352,0.0015211658760291462,0.9949053453298474,0.0009848130167564645,0.0020026764533163754
asthma_v2_copd_P35COPDPr_277.wav,4,1,2,2,0.003240350749163521,0.005329354761187106,0.9834066907908772,0.004714760604450917,0.003308843094321203
asthma_v2_copd_P35COPDPr_279.wav,4,1,2,2,0.001586613190795051,0.0003401023916608735,0.9964531757998699,0.00039164071941201635,0.001228467898261596
asthma_v2_copd_P37COPDMc_290.wav,4,1,2,2,0.002189280206973295,0.06642550950630138,0.9287038085948449,0.0008948494390812382,0.001786552252799158
asthma_v2_copd_P37COPDMc_292.wav,4,1,2,2,0.005792720476223071,0.0017900092886999415,0.9898337468105143,0.00025378477543629206,0.0023297386491267415
asthma_v2_copd_P37COPDMc_294.wav,4,1,2,2,0.003976401360342754,0.00101037240120076,0.9919246236807583,0.0003869859552281439,0.002701616602469907
asthma_v2_copd_P37COPDMc_296.wav,4,1,2,2,0.007977312356199556,0.0015178040734222713,0.9871495211765148,0.0004050548694005992,0.002950307524462622
asthma_v2_copd_P37COPDPr_289.wav,4,1,2,2,0.0036294500780070203,0.039076080680469624,0.9496349113728024,0.0012016327226809429,0.0064579251460399915
asthma_v2_copd_P37COPDPr_291.wav,4,1,2,2,0.0025060529087079083,0.0010130748941841793,0.9952754937518723,0.00015507594386870334,0.0010503025013669654
asthma_v2_copd_P37COPDPr_293.wav,4,1,2,2,0.01748873189633252,0.0037965624282741395,0.9707966449370523,0.000594442382023503,0.007323618356317584
asthma_v2_copd_P37COPDPr_295.wav,4,1,2,2,0.027110310638163524,0.0024331171357468923,0.962271088324553,0.0009890848921249552,0.007196399009411454
asthma_v2_copd_P39COPDMc_306.wav,4,1,2,2,0.016971055539057103,0.027270264077070786,0.7854856978608764,0.002233619783521799,0.1680393627394742
asthma_v2_copd_P39COPDMc_308.wav,4,1,2,2,0.00471674935959297,0.02481317443656838,0.9267558839754175,0.0016251486578509604,0.04208904357057036
asthma_v2_copd_P39COPDMc_310.wav,4,1,2,2,0.002585247632816459,0.007346367244485968,0.9716655720807796,0.0012160788548061302,0.01718673418711173
asthma_v2_copd_P39COPDMc_312.wav,4,1,2,2,0.0068145654015900675,0.03673061325826221,0.9237939523287096,0.006548458344202974,0.026112410667234815
asthma_v2_copd_P39COPDPr_305.wav,4,1,2,2,0.019577063995055557,0.0006842938894125088,0.9117945444453533,0.0052927787076563326,0.06265131896252228
asthma_v2_copd_P39COPDPr_307.wav,4,1,2,2,0.01800792566170279,0.014224830940578507,0.7623358310077649,0.0018237424092117365,0.20360766998074195
asthma_v2_copd_P39COPDPr_309.wav,4,1,2,2,0.0013537893567282329,0.007770051884916329,0.9740317393756053,0.0011460105484371321,0.01569840883431291
asthma_v2_copd_P39COPDPr_311.wav,4,1,2,2,0.0006629794550963785,0.01099055411406113,0.9841184153952318,0.0009241013928838116,0.0033039496427272334
asthma_v2_copd_P43COPDMc_338.wav,4,1,2,2,0.0003064021490217841,0.0005412967335239705,0.9977368454364691,0.00012103993774749877,0.0012944157432377452
asthma_v2_copd_P43COPDMc_340.wav,4,1,2,2,7.096231024679463e-06,4.465513511583408e-06,0.9966517672629197,1.0854693253653593e-05,0.0033258162992904467
asthma_v2_copd_P43COPDMc_342.wav,4,1,2,2,0.0009464985542545917,0.00010885441405681822,0.9977401989338799,0.00010103190932923297,0.0011034161884792243
asthma_v2_copd_P43COPDMc_344.wav,4,1,2,2,5.903698726574595e-07,4.1638751024438e-07,0.9991551983426004,1.1764840703727643e-05,0.0008320300593130875
asthma_v2_copd_P43COPDPr_337.wav,4,1,2,2,0.0008442280672257433,0.0005534279302610032,0.997714499684243,9.570570129886912e-05,0.000792138616971261
asthma_v2_copd_P43COPDPr_339.wav,4,1,2,2,1.8073078096983185e-08,1.440130543823815e-08,0.9999169016877507,2.5995684868415127e-06,8.046626937914136e-05
asthma_v2_copd_P43COPDPr_341.wav,4,1,2,2,0.000708597513597186,9.765281236253971e-05,0.9980261262976944,8.511323706829037e-05,0.0010825101392773816
asthma_v2_copd_P43COPDPr_343.wav,4,1,2,2,2.2576690829125312e-07,2.3644919475465513e-07,0.9999565583518789,2.9314542509176675e-06,4.0047977766963984e-05
asthma_v2_copd_P49COPDMc_386.wav,4,1,2,2,9.092025560405905e-05,0.0014046274977575232,0.9926222165463262,0.0019392470534368887,0.003942988646875237
asthma_v2_copd_P49COPDMc_388.wav,4,1,2,2,4.226183191957745e-05,0.0014196556307085972,0.9944400603144523,0.0014778785662632353,0.002620143656656406
asthma_v2_copd_P49COPDMc_390.wav,4,1,2,2,0.00010042298596665483,0.006503052502473034,0.9839298529200209,0.006355690012523053,0.003110981579016556
asthma_v2_copd_P49COPDMc_392.wav,4,1,2,2,0.00012247431234529047,0.0013619480254043993,0.9972946845880002,0.0005887348165308148,0.0006321582577193393
asthma_v2_copd_P49COPDPr_385.wav,4,1,2,2,0.002226269390222053,0.002152736088429432,0.9834600010324357,0.0033252546356716587,0.008835738853240908
asthma_v2_copd_P49COPDPr_387.wav,4,1,2,2,5.82924792610791e-05,0.0016223322689251866,0.9953974137014829,0.0012875784409503337,0.0016343831093805108
asthma_v2_copd_P49COPDPr_389.wav,4,1,2,2,5.374195658018808e-05,0.00233642650284691,0.9945487070630921,0.001408716209322233,0.0016524082681588107
asthma_v2_copd_P49COPDPr_391.wav,4,1,2,2,0.00026760156486863875,0.0009692661556856298,0.9968713470735824,0.0008568650435267384,0.0010349201623364478
asthma_v2_copd_P9COPDMc_66.wav,4,1,2,2,0.003650089225166817,6.557122281898005e-05,0.9919037623250864,0.00022467641163315168,0.004155900815294725
asthma_v2_copd_P9COPDMc_68.wav,4,1,2,2,9.815166561353515e-07,7.322821103921291e-07,0.9992222691505507,1.644062442827479e-05,0.0007595764262545414
asthma_v2_copd_P9COPDMc_70.wav,4,1,2,2,5.630240231280357e-07,3.5902869739412246e-07,0.9997885432571931,3.091379620555746e-06,0.0002074433104659682
asthma_v2_copd_P9COPDMc_72.wav,4,1,2,2,0.0007334418377041623,8.100302101226023e-05,0.9986535363385759,8.302572014366765e-05,0.00044899308256410346
asthma_v2_copd_P9COPDPr_65.wav,4,1,2,2,0.0008556327465692213,4.5614483466201413e-05,0.9976750278312772,9.693544242188254e-05,0.0013267894962655667
asthma_v2_copd_P9COPDPr_67.wav,4,1,2,2,0.01232911492751554,0.0013519141228748818,0.8941869253463038,0.002034344502048506,0.09009770110125713
asthma_v2_copd_P9COPDPr_69.wav,4,1,2,2,0.0009010927987588255,0.00014170434888143368,0.997815361492243,0.00010405520507068325,0.0010377861550461707
asthma_v2_copd_P9COPDPr_71.wav,4,1,2,2,0.0005082015236930587,0.00012537516064856988,0.9990805392983977,6.500739879865504e-05,0.00022087661846173522
asthma_v2_healthy_P26Healthy22S.wav,4,1,3,3,0.014185501290438898,0.006220484496608008,0.012160587194635347,0.9192127210146576,0.04822070600366026
asthma_v2_healthy_P26Healthy32S.wav,4,1,3,4,0.050843988089266136,0.011892790952635863,0.04796417535092176,0.07623256867754705,0.8130664769296292
asthma_v2_healthy_P26Healthy46S.wav,4,1,3,3,0.2394012021855511,0.010686849581555658,0.016860376748930473,0.4406318382529074,0.2924197332310556
asthma_v2_healthy_P26Healthy48S.wav,4,1,3,3,0.0903426151324035,0.022810059164688163,0.009852196441304504,0.7440093272200857,0.13298580204151783
asthma_v2_healthy_P26Healthy76S.wav,4,1,3,3,0.019338979656006703,0.004692988206163647,0.010069188121538222,0.7417277160331731,0.22417112798311806
asthma_v2_healthy_P27Healthy30S.wav,4,1,3,3,0.0021762511771012036,0.012491017372722683,0.0013738332301996103,0.9783465850758236,0.00561231314415249
asthma_v2_healthy_P27Healthy73S.wav,4,1,3,3,0.002520964038087248,0.01825696678786559,0.0011902173143672763,0.9702856747569778,0.007746177102702084
asthma_v2_healthy_P27Healthy92S.wav,4,1,3,3,0.0014972846380844243,0.005441316166366454,0.0003514086076900138,0.9881511364752796,0.0045588541125795865
asthma_v2_healthy_P2Healthy30S.wav,4,1,3,3,0.008164548864303473,0.0008594294262257548,0.007955014515897406,0.3237189623069593,0.6593020448866141
asthma_v2_healthy_P2Healthy43S.wav,4,1,3,3,0.056892368748694105,0.05451442047824413,0.06621381725577549,0.6805780935242773,0.14180129999300847
asthma_v2_healthy_P2Healthy54S.wav,4,1,3,3,0.02127963277710369,0.08963788212498733,0.02231193926223247,0.8179289376116757,0.04884160822400068
asthma_v2_healthy_P2Healthy72S.wav,4,1,3,4,0.030906185608704017,0.0011346417667431866,0.01276926236521472,0.049497581386709025,0.9056923288726291
asthma_v2_healthy_P2Healthy89S.wav,4,1,3,3,0.014690859950146637,0.0014352595664615607,0.030916327382032278,0.36122591687615063,0.5917316362252087
asthma_v2_healthy_P8Healthy33S.wav,4,1,3,3,0.2807783146862978,0.08851373236165104,0.24647868913907567,0.3078513425235853,0.07637792128939
asthma_v2_healthy_P8Healthy35S.wav,4,1,3,3,0.16521226042183285,0.06248682177429191,0.20668612755678664,0.5021010726103682,0.06351371763672055
asthma_v2_healthy_P8Healthy48S.wav,4,1,3,3,0.11941363011784364,0.02275325576447251,0.13138712646485462,0.6741955444714035,0.052250443181425466
asthma_v2_healthy_P8Healthy70S.wav,4,1,3,3,0.07722999575031506,0.1982554252375738,0.09845077564622692,0.5438392489326235,0.08222455443326065
asthma_v2_healthy_P8Healthy82S.wav,4,1,3,3,0.045900332361197865,0.05749681704457424,0.032053583310809895,0.8204870018910729,0.044062265392345076
asthma_v2_pneumonia_P10Pneumonia52A.wav,4,1,4,4,0.03367558630733105,0.007872104296943466,0.015773207711977034,0.0029532759212991333,0.9397258257624495
asthma_v2_pneumonia_P10Pneumonia73G.wav,4,1,4,4,0.04379656326530072,0.001217714659786737,0.018296736999005043,0.0004417343876584372,0.9362472506882491
asthma_v2_pneumonia_P10Pneumonia80J.wav,4,1,4,4,0.03167941957223137,0.012445206476351799,0.03282049180204657,0.0062935557507176,0.9167613263986528
asthma_v2_pneumonia_P10Pneumonia88R.wav,4,1,4,4,0.2021632675756507,0.009623514522084393,0.010164081923596382,0.00196054927487335,0.7760885867037954
asthma_v2_pneumonia_P10Pneumonia93W.wav,4,1,4,4,0.048437026891212306,0.002856765048293932,0.018598941831281402,0.013997882806083797,0.9161093834231285
asthma_v2_pneumonia_P10Pneumonia97B.wav,4,1,4,4,0.4584603289662584,0.008956242235940534,0.03355150730122584,0.0008885978590770507,0.49814332363749825
asthma_v2_pneumonia_P18Pneumonia15Q.wav,4,1,4,4,0.017216860328862195,0.000752823234315654,0.00030520281499318646,0.0005971565051838445,0.9811279571166452
asthma_v2_pneumonia_P18Pneumonia16E.wav,4,1,4,4,0.03835556047678064,0.0014052583393780486,0.0004640876599694156,0.0009436908339050743,0.9588314026899668
asthma_v2_pneumonia_P18Pneumonia23E.wav,4,1,4,4,0.013564667490632478,0.0005164801908003342,0.0001865412087068271,0.0008791255760446995,0.9848531855338157
asthma_v2_pneumonia_P18Pneumonia50S.wav,4,1,4,4,0.047097557235678364,0.0011437105885277051,0.0003918392953180757,0.0003385804127001646,0.9510283124677756
asthma_v2_pneumonia_P18Pneumonia84N.wav,4,1,4,4,0.023305783631512523,0.0006411126149794255,0.0004568466606872445,0.00023484105476013746,0.9753614160380608
asthma_v2_pneumonia_P18Pneumonia88I.wav,4,1,4,4,0.05168758762388095,0.001418719966266831,0.0004090079143115361,0.0005184469783655548,0.9459662375171749
asthma_v2_pneumonia_P21Pneumonia12C.wav,4,1,4,4,0.13165498502307055,0.015392093761722814,0.0841694207200018,0.03497974895938344,0.7338037515358213
asthma_v2_pneumonia_P21Pneumonia24G.wav,4,1,4,4,0.23638369348407964,0.05664760427882363,0.08210979825442419,0.19170041171063876,0.4331584922720338
asthma_v2_pneumonia_P21Pneumonia56M.wav,4,1,4,4,0.024058736053103214,0.0005954813362637207,0.00021942381982231534,0.0007842911910910602,0.9743420675997201
asthma_v2_pneumonia_P21Pneumonia69Q.wav,4,1,4,4,0.018731306401566988,0.0009373655406426319,0.0005049388026243622,0.0006482959295538033,0.9791780933256123
asthma_v2_pneumonia_P21Pneumonia78P.wav,4,1,4,4,0.06697177557608706,0.0006590038436693413,0.0005215795038389407,0.00020039337891585523,0.9316472476974887
asthma_v2_pneumonia_P21Pneumonia95A.wav,4,1,4,3,0.11397249300092746,0.04039803114059259,0.06963987272532485,0.26907228875108125,0.5069173143820741
asthma_v2_pneumonia_P29Pneumonia14M.wav,4,1,4,4,0.05159780765190686,0.0013597403162161354,0.0009580592839818587,0.00031919007711495533,0.9457652026707802
asthma_v2_pneumonia_P29Pneumonia17N.wav,4,1,4,4,0.12089492989109127,0.0091442216559531,0.001817482264903042,0.007446461570383497,0.8606969046176689
asthma_v2_pneumonia_P29Pneumonia18M.wav,4,1,4,4,0.03779833637027622,0.013035094296197284,0.005569140789279715,0.04921279423931754,0.8943846343049291
asthma_v2_pneumonia_P29Pneumonia24X.wav,4,1,4,4,0.03223957536209137,0.003181123527059024,0.0011131372278717104,0.0004926192330153752,0.9629735446499625
asthma_v2_pneumonia_P29Pneumonia51O.wav,4,1,4,4,0.0353387458191327,0.028340607944587082,0.0030293403006268127,0.015529085225324979,0.9177622207103284
asthma_v2_pneumonia_P29Pneumonia82U.wav,4,1,4,4,0.09467983779692375,0.006597433743727866,0.0015072050870920666,0.00874026283789818,0.8884752605343583
asthma_v2_pneumonia_P31Pneumonia14Q.wav,4,1,4,4,0.03917561840163062,0.009674444824354459,0.01306602105767966,0.0017783377567992644,0.9363055779595362
asthma_v2_pneumonia_P31Pneumonia16C.wav,4,1,4,4,0.03491241283436569,0.006973485862300328,0.01415824565080213,0.000998332916122704,0.942957522736409
asthma_v2_pneumonia_P31Pneumonia43V.wav,4,1,4,4,0.22258878129378304,0.00913509398369288,0.009326557595888598,0.0011372897816274022,0.757812277345008
asthma_v2_pneumonia_P31Pneumonia47D.wav,4,1,4,4,0.051807258382226676,0.009188200123897346,0.006365070653694208,0.0013418265539958554,0.9312976442861859
asthma_v2_pneumonia_P31Pneumonia47J.wav,4,1,4,4,0.029273125265754044,0.0027999470367769987,0.00031626960562357385,0.005559970844730024,0.9620506872471155
asthma_v2_pneumonia_P31Pneumonia92I.wav,4,1,4,4,0.1018915525246665,0.005671792563239478,0.003762671189553765,0.00044340313434491094,0.8882305805881954
asthma_v2_pneumonia_P36Pneumonia56V.wav,4,1,4,0,0.9204993317538388,0.0329469476603908,0.0036930276372055463,0.002124939540502981,0.04073575340806206
asthma_v2_pneumonia_P36Pneumonia57U.wav,4,1,4,0,0.9039214519121885,0.04138145534776478,0.0050494190384276815,0.003363939824544278,0.046283733877074996
asthma_v2_pneumonia_P36Pneumonia79Z.wav,4,1,4,4,0.0493060669171721,0.007722038246691953,0.0032243142594961813,0.006437740185573214,0.9333098403910667
asthma_v2_pneumonia_P36Pneumonia83N.wav,4,1,4,4,0.026372700158315103,0.004032019772422632,0.0020763707654522477,0.0012441355350920583,0.9662747737687181
asthma_v2_pneumonia_P36Pneumonia85U.wav,4,1,4,4,0.029814284787243534,0.005334248502304082,0.007302042490758135,0.0007532218814275374,0.9567962023382669
asthma_v2_pneumonia_P36Pneumonia86S.wav,4,1,4,0,0.8447997085985866,0.05004323187247019,0.0315854443808196,0.021631444517085964,0.051940170631037466
asthma_v2_pneumonia_P39Pneumonia16K.wav,4,1,4,0,0.8941168430529431,0.02933812586262844,0.03293665143239645,0.0036862390602337394,0.03992214059179839
asthma_v2_pneumonia_P39Pneumonia41F.wav,4,1,4,4,0.3151257477373838,0.03152035220319296,0.05111425675780244,0.0024695682147884332,0.5997700750868322
asthma_v2_pneumonia_P39Pneumonia49H.wav,4,1,4,0,0.6615791054720053,0.006259394618542146,0.0013436679144851642,0.003962149314346043,0.3268556826806214
asthma_v2_pneumonia_P39Pneumonia78Z.wav,4,1,4,0,0.6917423771890556,0.006435024825794109,0.003147000484058701,0.02584883725788664,0.2728267602432052
asthma_v2_pneumonia_P39Pneumonia85Q.wav,4,1,4,4,0.4508719533817172,0.018183062682340174,0.023731588991432306,0.0014859405087476298,0.5057274544357632
asthma_v2_pneumonia_P39Pneumonia87S.wav,4,1,4,4,0.26286036117814515,0.046585452106037,0.05152681079691471,0.0054578805474380645,0.6335694953714653
asthma_v2_pneumonia_P47Pneumonia14M.wav,4,1,4,4,0.053630214333334356,0.06289212505980452,0.029157856683409242,0.08380037902409773,0.7705194248993541
asthma_v2_pneumonia_P47Pneumonia19A.wav,4,1,4,4,0.10685284963774105,0.19190255096908565,0.05864080954772958,0.08722298933657634,0.5553808005088673
asthma_v2_pneumonia_P47Pneumonia24N.wav,4,1,4,4,0.045189594689364364,0.0016484116606883016,0.08686585282848472,0.003912643763563714,0.8623834970578991
asthma_v2_pneumonia_P47Pneumonia69D.wav,4,1,4,4,0.0871664012894973,0.004285205504587343,0.2654280406867272,0.011148172744327932,0.6319721797748608
asthma_v2_pneumonia_P47Pneumonia74Q.wav,4,1,4,4,0.034239763884250804,0.0007796648418674818,0.0649180366898751,0.004665284134065942,0.8953972504499408
asthma_v2_pneumonia_P47Pneumonia98K.wav,4,1,4,4,0.04393793704652914,0.08255877911198925,0.02301036481537619,0.11024701454762398,0.7402459044784815
asthma_v2_Bronchial_P12BronchialSc_56.wav,4,2,1,0,0.9568520053679179,0.008081753166830734,0.0029967562609249485,0.0012102508639436124,0.030859234340382572
asthma_v2_Bronchial_P12BronchialSc_58.wav,4,2,1,0,0.9641497199035315,0.003178696324029328,0.015386370182711679,0.0045915661015892084,0.012693647488138372
asthma_v2_Bronchial_P12BronchialSc_60.wav,4,2,1,3,0.29385994949092137,0.014452279206963112,0.014112847097485894,0.5419176841735059,0.13565724003112428
asthma_v2_Bronchial_P12BronchialTc_57.wav,4,2,1,0,0.9645839998332364,0.010307473672011838,0.003199207451381267,0.0006675222323055438,0.021241796811064573
asthma_v2_Bronchial_P12BronchialTc_59.wav,4,2,1,0,0.9434265562509591,0.020416765562362313,0.014949766528596746,0.0024893419035654373,0.01871756975451658
asthma_v2_Bronchial_P13BronchialSc_62.wav,4,2,1,0,0.8372732593096153,0.04103949742846961,0.0006579634116878624,0.015255278443412741,0.1057740014068147
asthma_v2_Bronchial_P13BronchialSc_64.wav,4,2,1,0,0.6615519115810111,0.07562896666709154,0.0046218326535663965,0.03703618394693165,0.22116110515139906
asthma_v2_Bronchial_P13BronchialTc_61.wav,4,2,1,0,0.8269286278415032,0.0739006810282284,0.0007198981960855708,0.01420557781524778,0.08424521511893503
asthma_v2_Bronchial_P13BronchialTc_63.wav,4,2,1,0,0.7156157906669858,0.08233368684742569,0.048119408888491956,0.005789634896303892,0.14814147870079264
asthma_v2_Bronchial_P13BronchialTc_65.wav,4,2,1,0,0.8265796477604269,0.04029737748056565,0.08540960404063741,0.007185790442903309,0.0405275802754667
asthma_v2_Bronchial_P1BronchialSc_2.wav,4,2,1,1,0.015010845259943674,0.8079699163340315,0.07588818671294491,0.08574537345461349,0.01538567823846617
asthma_v2_Bronchial_P1BronchialSc_4.wav,4,2,1,1,0.02637900708908695,0.8048079214547179,0.11546425257322661,0.03832027127278037,0.015028547610188
asthma_v2_Bronchial_P1BronchialTc_1.wav,4,2,1,1,0.02098313258307363,0.7673671137027899,0.0954185359504316,0.09717638568561307,0.019054832078092096
asthma_v2_Bronchial_P1BronchialTc_3.wav,4,2,1,1,0.01914602479133126,0.7905009285059147,0.09368049576618916,0.07935823763933916,0.017314313297225613
asthma_v2_Bronchial_P1BronchialTc_5.wav,4,2,1,1,0.010774005651756331,0.9427720334619726,0.02984707296464549,0.011411659242607546,0.005195228679018156
asthma_v2_Bronchial_P4BronchialSc_16.wav,4,2,1,3,0.16830497365765912,0.2941411748928058,0.04983341181988504,0.18850314476526908,0.2992172948643808
asthma_v2_Bronchial_P4BronchialSc_18.wav,4,2,1,1,0.07192667431765787,0.6749561646837541,0.04602763302884447,0.0973817648978161,0.10970776307192762
asthma_v2_Bronchial_P4BronchialSc_20.wav,4,2,1,1,0.0074645379468934216,0.9208097127738384,0.01546563466825234,0.032655467775886904,0.02360464683512921
asthma_v2_Bronchial_P4BronchialTc_17.wav,4,2,1,1,0.10590231146782746,0.608435747353095,0.03466906485965389,0.0875028576094317,0.16349001870999227
asthma_v2_Bronchial_P4BronchialTc_19.wav,4,2,1,3,0.0836809487478502,0.2287209144541495,0.18400360502160346,0.36904613509757156,0.13454839667882523
asthma_v2_Bronchial_P7BronchialSc_32.wav,4,2,1,1,0.0030538411245987665,0.9595897100326809,0.01378226215834378,0.02170454130805021,0.001869645376326134
asthma_v2_Bronchial_P7BronchialSc_34.wav,4,2,1,1,0.001780695005157676,0.9616034612979083,0.009571921612618365,0.02557463824868701,0.0014692838356284753
asthma_v2_Bronchial_P7BronchialTc_31.wav,4,2,1,1,0.0004284869143337476,0.9918381330563352,0.0010697172937725627,0.005845468523608063,0.0008181942119504587
asthma_v2_Bronchial_P7BronchialTc_33.wav,4,2,1,1,0.0012404914927440155,0.9706601708045538,0.01610981655504478,0.011353219737485707,0.0006363014101718363
asthma_v2_Bronchial_P7BronchialTc_35.wav,4,2,1,1,0.0006598549076551242,0.989164306116925,0.003958589650947273,0.004381951964573717,0.0018352973598988935
asthma_v2_asthma_P15WheezingIE_73.wav,4,2,0,0,0.9356155254482151,0.004172392562472828,0.0050837531226804915,0.0016156263756410079,0.053512702490990605
asthma_v2_asthma_P15WheezingIU_74.wav,4,2,0,0,0.857663425463429,0.0047202435758266804,0.0070439210629351665,0.002993337350831114,0.1275790725469782
asthma_v2_asthma_P15WheezingRL_71.wav,4,2,0,0,0.6445577854705481,0.019243967806915223,0.011736964431496726,0.006381547710004858,0.31807973458103517
asthma_v2_asthma_P15WheezingRL_75.wav,4,2,0,0,0.5731385777279525,0.0034151423240253585,0.013611059641447196,0.00661158033564117,0.40322363997093374
asthma_v2_asthma_P15WheezingRS_72.wav,4,2,0,0,0.9030650050889908,0.0032878555468559795,0.004001593898010597,0.002556875765127519,0.0870886697010152
asthma_v2_asthma_P18WheezingIE_89.wav,4,2,0,0,0.9094084453411926,0.030501248071755464,0.004228486384061541,0.009125830919656993,0.04673598928333339
asthma_v2_asthma_P18WheezingIU_86.wav,4,2,0,0,0.5833123302569458,0.002558915728379083,0.07417917782628462,0.001358754691825166,0.3385908214965654
asthma_v2_asthma_P18WheezingIU_90.wav,4,2,0,0,0.9824783936643432,0.002552525134535991,0.0006807018663513861,0.00026408888241549305,0.014024290452353854
asthma_v2_asthma_P18WheezingRL_87.wav,4,2,0,3,0.07261678226756306,0.008046760820530484,0.04367014652813551,0.8091357259039432,0.06653058447982806
asthma_v2_asthma_P18WheezingRS_88.wav,4,2,0,4,0.38716008692850706,0.005100699906948005,0.005861554715946364,0.01883259569238794,0.5830450627562106
asthma_v2_asthma_P22WheezingIE_109.wav,4,2,0,0,0.8949934678743376,0.009682325409376153,0.0009259741576754999,0.0007443721399857033,0.09365386041862525
asthma_v2_asthma_P22WheezingIU_106.wav,4,2,0,0,0.5238197981056605,0.00835103038844343,0.004462872624367045,0.000497445724446798,0.4628688531570818
asthma_v2_asthma_P22WheezingIU_110.wav,4,2,0,0,0.9776142697048377,0.0040130526301361555,0.0004592805824022495,0.00020725820598091512,0.017706138876643015
asthma_v2_asthma_P22WheezingRL_107.wav,4,2,0,0,0.4118584527722714,0.016371094637629705,0.21100719009299912,0.09687166100562822,0.2638916014914715
asthma_v2_asthma_P22WheezingRS_108.wav,4,2,0,0,0.6699143757176018,0.003122739598145805,0.0028295548573608023,0.006958568599463483,0.3171747612274281
asthma_v2_asthma_P29WheezingIE_141.wav,4,2,0,0,0.7462006599569286,0.007846656010167428,0.003105943169307492,0.0011135646425795042,0.2417331762210169
asthma_v2_asthma_P29WheezingIE_145.wav,4,2,0,0,0.6502851335567414,0.0012388248030552023,0.017459997572479513,0.00016524803181602337,0.33085079603590795
asthma_v2_asthma_P29WheezingIU_142.wav,4,2,0,0,0.47205816750320884,0.2645112625234993,0.08104534744188488,0.05296948052656737,0.12941574200483932
asthma_v2_asthma_P29WheezingRL_143.wav,4,2,0,4,0.46499755166433204,0.008693121616507555,0.04686048151838361,0.0008855149315951361,0.47856333026918163
asthma_v2_asthma_P29WheezingRS_144.wav,4,2,0,4,0.19077073842886422,0.001221632656708571,0.010353926694177923,0.00013992358044658877,0.7975137786398026
asthma_v2_asthma_P30WheezingIE_149.wav,4,2,0,0,0.8896609936415971,0.002958178703682984,0.0007167276270809822,0.001236114738822038,0.1054279852888166
asthma_v2_asthma_P30WheezingIU_146.wav,4,2,0,0,0.6428118213079805,0.0007541283724972907,0.0027154941123500396,0.00039956483247549645,0.3533189913746966
asthma_v2_asthma_P30WheezingIU_150.wav,4,2,0,0,0.7848923855549236,0.010272671538073,0.0011646713400249927,0.0034680163782700377,0.20020225518870846
asthma_v2_asthma_P30WheezingRL_147.wav,4,2,0,0,0.705030595617838,0.032046054942559604,0.03366850420779325,0.002341159908922959,0.2269136853228865
asthma_v2_asthma_P30WheezingRS_148.wav,4,2,0,0,0.8199724365769705,0.0041211007326476205,0.0008175824158951599,0.0009303282252588733,0.1741585520492278
asthma_v2_asthma_P42WheezingIE_209.wav,4,2,0,0,0.4947155026749915,0.0061997495688932164,0.48368443960797963,0.0014990255744482196,0.013901282573687317
asthma_v2_asthma_P42WheezingIU_206.wav,4,2,0,2,0.1902456896368973,0.0018831144742699748,0.7983825781209658,0.0026169327600977167,0.006871685007769455
asthma_v2_asthma_P42WheezingIU_210.wav,4,2,0,2,0.22645637420872966,0.004572610000480591,0.7615137118199579,0.002385544107780746,0.005071759863051375
asthma_v2_asthma_P42WheezingRL_207.wav,4,2,0,0,0.4807334679919564,0.0039639525644578335,0.4957421744803778,0.001208998045279361,0.01835140691792881
asthma_v2_asthma_P42WheezingRS_208.wav,4,2,0,0,0.9005796606116118,0.003137948857022803,0.07102429084256072,0.0019369897883832502,0.02332110990042133
asthma_v2_asthma_P44WheezingIE_217.wav,4,2,0,0,0.9654174505011154,0.001093325213718417,0.006862368816747258,0.00040313360646563955,0.026223721861953028
asthma_v2_asthma_P44WheezingIU_218.wav,4,2,0,0,0.9358590849356616,0.0044058836536251846,0.023168344083040904,0.0007911417486905281,0.03577554557898179
asthma_v2_asthma_P44WheezingRL_219.wav,4,2,0,0,0.3538043214415271,0.0028864499187391747,0.6316222014052995,0.000972439821507197,0.010714587412926855
asthma_v2_asthma_P44WheezingRS_216.wav,4,2,0,0,0.8993205021924623,0.0027760718295106014,0.02937682786433345,0.02011543758894335,0.048411160524750155
asthma_v2_asthma_P44WheezingRS_220.wav,4,2,0,2,0.051963378473619905,0.00041425041557802323,0.9463643129674814,0.00030698773904825466,0.0009510704042724216
asthma_v2_asthma_P4AsthmaIE_17.wav,4,2,0,0,0.9423465914684335,0.020401834679380098,0.011561113536594045,0.0012885972674868522,0.024401863048105595
asthma_v2_asthma_P4AsthmaIU_18.wav,4,2,0,0,0.9579527185365324,0.010140532165037137,0.008020470787762734,0.0008006739469925506,0.023085604563675
asthma_v2_asthma_P4AsthmaRL_19.wav,4,2,0,0,0.9487726080625912,0.014130184191947873,0.005093776899151081,0.00097873212801866,0.031024698718290968
asthma_v2_asthma_P4AsthmaRS_16.wav,4,2,0,0,0.9451620310316924,0.023584796906633176,0.00690317940508207,0.0008019256316967168,0.023548067024895574
asthma_v2_asthma_P4AsthmaRS_20.wav,4,2,0,0,0.9455928466146984,0.01101621022792056,0.012267829430407601,0.0019555363624568487,0.029167577364516258
asthma_v2_asthma_P54WheezingIE_269.wav,4,2,0,3,0.07950592456952793,0.09836902297756119,0.06045171995566091,0.15433899036542428,0.6073343421318258
asthma_v2_asthma_P54WheezingIU_266.wav,4,2,0,3,0.022739538108553795,0.15047484578975,0.09739052465617645,0.594757808597548,0.13463728284797183
asthma_v2_asthma_P54WheezingIU_270.wav,4,2,0,3,0.05524421097064668,0.09326324123166553,0.026722214729841397,0.4579782312835063,0.3667921017843402
asthma_v2_asthma_P54WheezingRL_267.wav,4,2,0,3,0.015699821420669603,0.07863037345719308,0.05646396754549558,0.7206097916331992,0.12859604594344246
asthma_v2_asthma_P54WheezingRS_268.wav,4,2,0,3,0.027102791808851372,0.30795231702900683,0.042735144971422494,0.3974245651264228,0.22478518106429665
asthma_v2_asthma_P57WheezingIE_281.wav,4,2,0,3,0.14297822867395155,0.005314933741013269,0.008664560689892553,0.5916750898275509,0.2513671870675918
asthma_v2_asthma_P57WheezingIE_285.wav,4,2,0,3,0.11184594169524605,0.1742824881541143,0.01082214010027159,0.17858720845913761,0.5244622215912307
asthma_v2_asthma_P57WheezingIU_282.wav,4,2,0,4,0.13411900243558528,0.0021411960025803523,0.0026634692276998593,0.1226253553631541,0.7384509769709805
asthma_v2_asthma_P57WheezingRL_283.wav,4,2,0,4,0.08409972958122083,0.00369663634693667,0.0014922197783473771,0.0010272452702541305,0.909684169023241
asthma_v2_asthma_P57WheezingRS_284.wav,4,2,0,0,0.3066005450789171,0.31585834268923846,0.0037446288646549933,0.09023523484078033,0.2835612485264092
asthma_v2_copd_P17COPDMc_130.wav,4,2,2,2,0.0015663686116325296,0.000909700400219441,0.985230364331122,0.007818508688447103,0.004475057968578795
asthma_v2_copd_P17COPDMc_132.wav,4,2,2,2,0.0006272147955297585,0.00032815106650417803,0.9987482342544239,0.00010661960415007475,0.00018978027939228547
asthma_v2_copd_P17COPDMc_134.wav,4,2,2,2,0.0012058861522945513,0.00032167422506056923,0.9979468351920457,0.00018067145037139445,0.00034493298022800624
asthma_v2_copd_P17COPDMc_136.wav,4,2,2,2,0.0034490329148342313,0.0028998866694558366,0.99236078024714,0.0004477068696860051,0.0008425932988838851
asthma_v2_copd_P17COPDPr_129.wav,4,2,2,2,0.001514147973387873,0.00010369943372259182,0.9957434853958651,0.00035777235737154356,0.002280894839652979
asthma_v2_copd_P17COPDPr_131.wav,4,2,2,2,0.0041920338506497,0.0018435679228433223,0.931536411978938,0.053236778664601074,0.0091912075829674
asthma_v2_copd_P17COPDPr_133.wav,4,2,2,2,0.0014859273866317684,0.00032970950575523096,0.997574974339857,0.00020523675451487985,0.0004041520132410761
asthma_v2_copd_P17COPDPr_135.wav,4,2,2,2,0.0025545978375271293,0.001999076860102775,0.9944027741219064,0.0003727046177113574,0.0006708465627525411
asthma_v2_copd_P19COPDMc_146.wav,4,2,2,2,0.007262872456131011,0.023406952985697088,0.950818310034458,0.0014040136456050446,0.0171078508781087
asthma_v2_copd_P19COPDMc_148.wav,4,2,2,2,0.0042553551569358685,0.023087906575450724,0.9614388443224392,0.0008115708537173588,0.010406323091457219
asthma_v2_copd_P19COPDMc_150.wav,4,2,2,2,0.02600549891603519,0.004824425340077551,0.9249992545007303,0.0018382952772560083,0.042332525965901036
asthma_v2_copd_P19COPDMc_152.wav,4,2,2,2,0.0017557506291716748,0.0002811142997557132,0.9964781749357546,0.00019390494006594653,0.0012910551952522863
asthma_v2_copd_P19COPDPr_145.wav,4,2,2,2,2.5789982158768387e-05,0.0030257220990030065,0.9966859974157628,0.00014487934866272024,0.00011761115441273186
asthma_v2_copd_P19COPDPr_147.wav,4,2,2,2,0.008713193358356557,0.017988476228718502,0.9153602706872197,0.000986465999883367,0.05695159372582169
asthma_v2_copd_P19COPDPr_149.wav,4,2,2,2,0.04447287565376213,0.010853418840355825,0.9134558287007485,0.0013036797350085528,0.029914197070124923
asthma_v2_copd_P19COPDPr_151.wav,4,2,2,2,0.0015835419536756347,0.0009086904007945165,0.9965482016286538,0.0003201780442787701,0.0006393879725973922
asthma_v2_copd_P23COPDMc_178.wav,4,2,2,2,0.026709237258008608,0.01600653636489323,0.941171487476648,0.0058061777508879005,0.010306561149562223
asthma_v2_copd_P23COPDMc_180.wav,4,2,2,2,0.0008145171663939525,0.0006085347927039062,0.9953225923769343,0.0011666539302773282,0.002087701733690443
asthma_v2_copd_P23COPDMc_182.wav,4,2,2,2,0.02181019237770314,0.03346455752168931,0.44161109238664015,0.20242456312615334,0.3006895945878144
asthma_v2_copd_P23COPDMc_184.wav,4,2,2,2,0.0017417428649832726,0.004935104311797974,0.9212388187468127,0.04734451825055093,0.024739815825855084
asthma_v2_copd_P23COPDPr_177.wav,4,2,2,2,0.006856880981011632,0.006495821148793877,0.9745041191343653,0.0034692319012685235,0.00867394683456107
asthma_v2_copd_P23COPDPr_179.wav,4,2,2,2,0.000936565670255405,0.0015249676401434677,0.9933821132683018,0.0012403598015070239,0.002915993619791966
asthma_v2_copd_P23COPDPr_181.wav,4,2,2,2,0.0007405229856586093,0.00039998465740102976,0.9964258119151227,0.0008220016265090222,0.0016116788153084896
asthma_v2_copd_P23COPDPr_183.wav,4,2,2,2,0.008358685062720226,0.012738566540497584,0.7765909270900441,0.0851398648779864,0.11717195642875139
asthma_v2_copd_P24COPDMc_186.wav,4,2,2,2,0.0018897569264261767,0.004438133037630589,0.9500375928264843,0.00471402399748528,0.03892049321197372
asthma_v2_copd_P24COPDMc_188.wav,4,2,2,3,0.007706729946057904,0.012479473199892259,0.6166696631182004,0.2447144604924699,0.11842967324337918
asthma_v2_copd_P24COPDMc_190.wav,4,2,2,3,0.0038524439243423623,0.005935263359428324,0.6741038135206737,0.23187243093426432,0.0842360482612912
asthma_v2_copd_P24COPDMc_192.wav,4,2,2,2,0.000359095880588628,0.00031149588823635715,0.9980147113685012,0.00040187104225997047,0.0009128258204139618
asthma_v2_copd_P24COPDPr_185.wav,4,2,2,2,0.0035936301678889246,0.010989654112390676,0.896323731338415,0.0041025680677700465,0.08499041631353546
asthma_v2_copd_P24COPDPr_187.wav,4,2,2,2,0.0014814794677134515,0.0021829838230726277,0.9557811934721056,0.0031300304903132043,0.037424312746795176
asthma_v2_copd_P24COPDPr_189.wav,4,2,2,3,0.008460099996398908,0.007295881257742098,0.5725787816413005,0.16911153480098495,0.2425537023035736
asthma_v2_copd_P24COPDPr_191.wav,4,2,2,2,0.0001918062906029332,0.0011115684964777427,0.9970914524820377,0.0008271162105498499,0.0007780565203318371
asthma_v2_copd_P31COPDMc_242.wav,4,2,2,2,0.015586382252914711,0.00580773556885823,0.8864435802580177,0.06486375460357123,0.027298547316638003
asthma_v2_copd_P31COPDMc_244.wav,4,2,2,3,0.013662916389759135,0.006142767677532154,0.7638255818495205,0.19253092789539586,0.023837806187792014
asthma_v2_copd_P31COPDMc_246.wav,4,2,2,2,0.0016142652662795743,0.00014905571924263763,0.9979833172818925,8.395618041987763e-05,0.00016940555216539795
asthma_v2_copd_P31COPDMc_248.wav,4,2,2,2,0.18816385124562401,0.0027027281065954934,0.8021167696865166,0.0005262042274600228,0.006490446733803995
asthma_v2_copd_P31COPDPr_241.wav,4,2,2,2,3.272693181806726e-07,4.2575671448986675e-07,0.9998342396224627,5.4511381616648255e-05,0.00011049596988776126
asthma_v2_copd_P31COPDPr_243.wav,4,2,2,3,0.006263798777049276,0.007341347868268969,0.4290796600445591,0.5328829146870528,0.024432278623069972
asthma_v2_copd_P31COPDPr_245.wav,4,2,2,2,0.013006402572446446,0.0009050830415896284,0.9849328343452128,0.0006327756053921019,0.0005229044353592639
asthma_v2_copd_P31COPDPr_247.wav,4,2,2,2,0.0018309225344288235,0.0009071391974172054,0.9964115642895702,0.0003451779517403719,0.0005051960268432432
asthma_v2_copd_P40COPDMc_314.wav,4,2,2,1,0.002239879386134376,0.4184348671045815,0.5324114308354025,0.01979267251355113,0.027121150160330534
asthma_v2_copd_P40COPDMc_316.wav,4,2,2,2,1.9530174810873106e-09,2.7855702007371643e-09,0.9999672970367318,2.492784591481046e-06,3.0205440089063312e-05
asthma_v2_copd_P40COPDMc_318.wav,4,2,2,4,0.09732166104587998,0.06775529515980475,0.03382481529041325,0.012296709138671001,0.788801519365231
asthma_v2_copd_P40COPDMc_320.wav,4,2,2,4,0.052699469553920374,0.05366725055292526,0.01292512621470128,0.001895770332092667,0.8788123833463602
asthma_v2_copd_P40COPDPr_313.wav,4,2,2,1,0.004038156561687251,0.40498126398118506,0.5240942878887876,0.04037924578047953,0.026507045787860426
asthma_v2_copd_P40COPDPr_315.wav,4,2,2,2,7.238398389677571e-10,1.4917750109597765e-09,0.9999941009926915,1.0870191761072035e-06,4.80977251759755e-06
asthma_v2_copd_P40COPDPr_317.wav,4,2,2,2,8.753427495679757e-08,2.2127117725459833e-07,0.9999790422247753,1.594895052262949e-06,1.9054074720070975e-05
asthma_v2_copd_P40COPDPr_319.wav,4,2,2,4,0.03726308238068339,0.0859156617561574,0.06967551159596096,0.0029306130699306406,0.8042151311972673
asthma_v2_copd_P42COPDMc_330.wav,4,2,2,2,0.00024936484725329293,0.0007411167834234457,0.9980189061458715,0.0005056831093364288,0.0004849291141153581
asthma_v2_copd_P42COPDMc_332.wav,4,2,2,2,5.273835394048638e-07,7.438026919885738e-07,0.9996188247785417,0.0002263701066756023,0.00015353392855134594
asthma_v2_copd_P42COPDMc_334.wav,4,2,2,2,0.0002606126117455482,0.0006215164780324306,0.98224994103361,0.01531002597939764,0.0015579038972143905
asthma_v2_copd_P42COPDMc_336.wav,4,2,2,2,0.001269120625835067,0.0020941749378327176,0.9787139772846751,0.011509970725520055,0.006412756426136911
asthma_v2_copd_P42COPDPr_329.wav,4,2,2,2,0.0004877540126070838,0.0014664088131270256,0.9944152151650755,0.0010522140116185294,0.0025784079975719465
asthma_v2_copd_P42COPDPr_331.wav,4,2,2,2,0.00014772089808814086,0.0007719780343763537,0.9976949206405515,0.0009457439835668295,0.0004396364434172424
asthma_v2_copd_P42COPDPr_333.wav,4,2,2,2,2.779713252799865e-07,3.6045128673541844e-07,0.999452270950556,0.00022313835428414055,0.0003239522725477595
asthma_v2_copd_P42COPDPr_335.wav,4,2,2,2,0.0008778878270710533,0.0024493639768501407,0.9869753441565131,0.005169466310840372,0.004527937728725552
asthma_v2_copd_P44COPDMc_346.wav,4,2,2,4,0.03408269663145336,0.012873218300267435,0.5626051603073335,0.01629516832429105,0.37414375643665476
asthma_v2_copd_P44COPDMc_348.wav,4,2,2,4,0.03032331289703101,0.008507612593383647,0.5173722721625392,0.01704482203932145,0.42675198030772477
asthma_v2_copd_P44COPDMc_350.wav,4,2,2,2,0.00295946556041997,0.23857464866189618,0.7060808637044748,0.04387098273661097,0.008514039336598242
asthma_v2_copd_P44COPDMc_352.wav,4,2,2,2,1.7153918647300156e-06,1.6051818090944913e-06,0.9981128276839376,0.0005655539278601104,0.0013182978145285774
asthma_v2_copd_P44COPDPr_345.wav,4,2,2,2,9.361092091348922e-05,0.0008643598806668233,0.9968991144679287,0.0002858141997735726,0.0018571005307170946
asthma_v2_copd_P44COPDPr_347.wav,4,2,2,2,0.01577368990661593,0.005249142321004607,0.8886010735877777,0.006785734566814068,0.08359035961778774
asthma_v2_copd_P44COPDPr_349.wav,4,2,2,2,0.002003684402311025,0.06972883781409932,0.8985284830510601,0.02330742894621791,0.006431565786311608
asthma_v2_copd_P44COPDPr_351.wav,4,2,2,2,0.0014161186876854347,0.14935507649381422,0.8244826993254089,0.01897892705824012,0.005767178434851289
asthma_v2_copd_P51COPDPr_401.wav,4,2,2,2,0.00013837104590276413,0.003822196410404582,0.995810295281513,0.00016786018615451992,6.127707602546358e-05
asthma_v2_copd_P5COPDMc_34.wav,4,2,2,2,0.16741038870590255,0.004793979431413221,0.5450771314516957,0.031168528818304585,0.2515499715926844
asthma_v2_copd_P5COPDMc_36.wav,4,2,2,2,0.0020362249715825103,0.05175433538332191,0.8967355773697281,0.013215850192189935,0.036258012083177416
asthma_v2_copd_P5COPDMc_38.wav,4,2,2,1,0.0037777449975568114,0.42563814083670937,0.5292593462660745,0.010212649071532144,0.031112118828127262
asthma_v2_copd_P5COPDMc_40.wav,4,2,2,2,0.01489111346785709,0.00462409085535992,0.9388142113826271,0.02017217039928307,0.02149841389487272
asthma_v2_copd_P5COPDPr_33.wav,4,2,2,2,0.07988274088244178,0.009547606971635599,0.885648104974306,0.005218680227590818,0.019702866944025597
asthma_v2_copd_P5COPDPr_35.wav,4,2,2,2,0.03233427368502974,0.028830895466751272,0.91758328501182,0.013441148058576196,0.0078103977778229755
asthma_v2_copd_P5COPDPr_37.wav,4,2,2,1,0.001951653969361503,0.46985926737754463,0.5038069983922445,0.012098025750632386,0.012284054510216705
asthma_v2_copd_P5COPDPr_39.wav,4,2,2,1,0.0029478980372231204,0.6343005716387567,0.33992572460016307,0.011951266992551007,0.010874538731305824
asthma_v2_healthy_P14Healthy28S.wav,4,2,3,3,0.017641242910656055,0.023314181051961883,0.04636634219111876,0.8878167170204918,0.02486151682577158
asthma_v2_healthy_P14Healthy47S.wav,4,2,3,3,0.057696384585557085,0.06480072079032788,0.11489007910158426,0.7249534160289421,0.03765939949358893
asthma_v2_healthy_P14Healthy53S.wav,4,2,3,3,0.006362252092886017,0.017442660707958885,0.02254255203844329,0.9430596213417803,0.01059291381893134
asthma_v2_healthy_P14Healthy54S.wav,4,2,3,1,0.0052408563224368805,0.5562102862985047,0.03894799010645883,0.38547590373847485,0.01412496353412482
asthma_v2_healthy_P14Healthy89S.wav,4,2,3,1,0.003044863725696191,0.7215771756700623,0.030222510656537305,0.2418364496633485,0.00331900028435606
asthma_v2_healthy_P1Healthy29S.wav,4,2,3,3,0.004191119303421075,0.05410702274943747,0.19851939651860848,0.724948973485548,0.018233487942985092
asthma_v2_healthy_P1Healthy55S.wav,4,2,3,3,0.005656316129494735,0.009882598702765685,0.02382037967992406,0.918909190574362,0.041731514913453234
asthma_v2_healthy_P1Healthy86S.wav,4,2,3,3,0.0049938657006553,0.0452128553613389,0.15557861894478456,0.7645002023351222,0.029714457658099228
asthma_v2_healthy_P1Healthy88S.wav,4,2,3,3,0.004378345232445443,0.019863470686852708,0.07669166590564827,0.8670133988447529,0.032053119330301
asthma_v2_healthy_P1Healthy99S.wav,4,2,3,3,0.012367860156637807,0.010523904405199533,0.05949291671665326,0.6439526203012329,0.2736626984202763
asthma_v2_healthy_P21Healthy15S.wav,4,2,3,3,0.01717805873942736,0.005169922894535666,0.01396744822805056,0.9183587624066316,0.04532580773135473
asthma_v2_healthy_P21Healthy38S.wav,4,2,3,3,0.015201760717542898,0.004109346043209698,0.01893648379330727,0.9165136352440147,0.045238774201925326
asthma_v2_healthy_P21Healthy53S.wav,4,2,3,3,0.016464588548974875,0.0037795723313745998,0.022149003317307944,0.8901727508292389,0.06743408497310341
asthma_v2_healthy_P21Healthy95S.wav,4,2,3,3,0.03322633431847084,0.006162755035596981,0.0012620673393055621,0.9340872295487135,0.02526161375791322
asthma_v2_healthy_P21Healthy98S.wav,4,2,3,3,0.10777750432456046,0.011462811954727117,0.0029795563446303433,0.7966036681952141,0.08117645918086766
asthma_v2_healthy_P3Healthy44S.wav,4,2,3,3,0.004175749233451919,0.02473803388885285,0.022555977430399193,0.9371202861515127,0.011409953295783197
asthma_v2_healthy_P3Healthy49S.wav,4,2,3,3,0.01116705685071772,0.10465609065807123,0.01741845167604263,0.8219555858949287,0.044802814920240026
asthma_v2_healthy_P3Healthy57S.wav,4,2,3,3,0.03638796619232291,0.03949065072060097,0.01046048308195593,0.8597679891219956,0.053892910883124596
asthma_v2_healthy_P3Healthy60S.wav,4,2,3,3,0.019186182030109872,0.14118460003077898,0.011601956769161557,0.7743728884078521,0.05365437276209721
asthma_v2_healthy_P3Healthy84S.wav,4,2,3,3,0.003773664635367022,0.06287510742639561,0.014104038285691654,0.8973843718260328,0.021862817826512806
asthma_v2_healthy_P6Healthy21S.wav,4,2,3,2,0.22399998113974268,0.02928979709043601,0.5412318715763175,0.09686272580764754,0.10861562438585616
asthma_v2_healthy_P6Healthy34S.wav,4,2,3,3,0.04690763995915104,0.0008276517320034992,0.017422261241116725,0.43076307278611553,0.5040793742816133
asthma_v2_healthy_P6Healthy51S.wav,4,2,3,4,0.4028604612866037,0.002021137563978558,0.02144807231023167,0.1568295149020005,0.41684081393718553
asthma_v2_healthy_P6Healthy71S.wav,4,2,3,3,0.05069060612130198,0.03032592079035785,0.06477416370715317,0.7606861468551992,0.09352316252598765
asthma_v2_healthy_P6Healthy77S.wav,4,2,3,4,0.11669025163037296,0.0029519002266426373,0.06345958431155242,0.18108629656707464,0.6358119672643574
asthma_v2_healthy_P9Healthy22S.wav,4,2,3,3,0.0026205352153170257,0.0027854397678505095,0.0020913164704846623,0.9875804399172267,0.004922268629121188
asthma_v2_healthy_P9Healthy29S.wav,4,2,3,4,0.21502759695827497,0.0019756641279702588,0.0019272537813910036,0.11046204554885956,0.6706074395835041
asthma_v2_healthy_P9Healthy31S.wav,4,2,3,0,0.5035262052659909,0.000988757179853044,0.000986811662133234,0.06255422722851262,0.43194399866351035
asthma_v2_healthy_P9Healthy61S.wav,4,2,3,4,0.21875711196923592,0.0034561816769006345,0.00248080298813786,0.11754405710957244,0.6577618462561532
asthma_v2_healthy_P9Healthy79S.wav,4,2,3,3,0.019032059209928502,0.001059775323121546,0.0017922804461834793,0.8007982557947269,0.1773176292260397
asthma_v2_pneumonia_P11Pneumonia12W.wav,4,2,4,4,0.20999195181309765,0.004875349100000278,0.005561022803474684,0.018429405873606385,0.761142270409821
asthma_v2_pneumonia_P11Pneumonia18T.wav,4,2,4,4,0.11624436490261471,0.011855264483179247,0.057310458042532805,0.007348267233163366,0.8072416453385101
asthma_v2_pneumonia_P11Pneumonia41N.wav,4,2,4,4,0.08166183601285458,0.00026664135088471974,0.0012082251440684304,0.022709556610841074,0.8941537408813515
asthma_v2_pneumonia_P11Pneumonia58A.wav,4,2,4,4,0.030727507502393347,0.00023690865010805512,0.0008425153190440466,0.005686666592365283,0.9625064019360893
asthma_v2_pneumonia_P11Pneumonia65P.wav,4,2,4,4,0.233105066877725,0.00474153685820944,0.008309899323256858,0.005946618278755543,0.7478968786620533
asthma_v2_pneumonia_P11Pneumonia98J.wav,4,2,4,4,0.08946531224204454,0.00043342299864364037,0.002351799802630709,0.02214028652771192,0.8856091784289691
asthma_v2_pneumonia_P19Pneumonia24H.wav,4,2,4,4,0.10296761409222933,0.016203384772310068,0.0003572611280562502,0.049478842715294034,0.8309928972921101
asthma_v2_pneumonia_P19Pneumonia33O.wav,4,2,4,4,0.010716240245147791,0.001052160281510158,0.00017205082515167638,0.0007270571043513516,0.9873324915438393
asthma_v2_pneumonia_P19Pneumonia39Z.wav,4,2,4,4,0.0319625297216343,0.01812296959463046,0.0009191503068485434,0.03106419305100368,0.9179311573258832
asthma_v2_pneumonia_P19Pneumonia41U.wav,4,2,4,4,0.15956798784092416,0.023717590032931387,0.0007885511032714743,0.017398935086214803,0.7985269359366582
asthma_v2_pneumonia_P19Pneumonia75B.wav,4,2,4,4,0.2075743361413912,0.024388784618846065,0.0005276614805038693,0.05328565741277733,0.7142235603464814
asthma_v2_pneumonia_P19Pneumonia90X.wav,4,2,4,3,0.01936328925655992,0.02676474436723381,0.0008516549159253692,0.7735403606273337,0.17947995083294713
asthma_v2_pneumonia_P22Pneumonia27A.wav,4,2,4,0,0.665232595871369,0.011317441463080277,0.17282666557090387,0.05083919942985451,0.09978409766479224
asthma_v2_pneumonia_P22Pneumonia29K.wav,4,2,4,4,0.29669151000534255,0.0014470187504807277,0.0005960929942856184,0.0005756581689702858,0.7006897200809209
asthma_v2_pneumonia_P22Pneumonia29M.wav,4,2,4,0,0.5336727325933802,0.010131890782508802,0.2118037383272891,0.09487739937213843,0.14951423892468294
asthma_v2_pneumonia_P22Pneumonia47V.wav,4,2,4,4,0.017889085473002435,0.0010823480432291947,9.909472388670058e-05,0.0017241777227289521,0.9792052940371528
asthma_v2_pneumonia_P22Pneumonia51X.wav,4,2,4,4,0.22204994678905923,0.01215322697363263,0.37016911281798714,0.050602294619842704,0.3450254187994785
asthma_v2_pneumonia_P22Pneumonia55C.wav,4,2,4,0,0.4819835981488618,0.013111826784357367,0.3022499668034469,0.08956535075031563,0.1130892575130182
asthma_v2_pneumonia_P23Pneumonia19A.wav,4,2,4,2,0.24321630477347467,0.012596956181706795,0.46469780673092814,0.058682838430524555,0.220806093883366
asthma_v2_pneumonia_P23Pneumonia40O.wav,4,2,4,0,0.4010435398516383,0.01914393675658397,0.30828593357051143,0.04597941645403153,0.22554717336723495
asthma_v2_pneumonia_P23Pneumonia54P.wav,4,2,4,0,0.40523375351666635,0.012947576128581167,0.32411162699887747,0.054671350216568326,0.20303569313930667
asthma_v2_pneumonia_P23Pneumonia60Y.wav,4,2,4,4,0.1903813736271446,0.00783086575161743,0.3074086132252641,0.04037844052369696,0.4540007068722769
asthma_v2_pneumonia_P23Pneumonia90V.wav,4,2,4,4,0.13690012062212442,0.01061515554026212,0.25068635061065225,0.07259695502469315,0.529201418202268
asthma_v2_pneumonia_P23Pneumonia97P.wav,4,2,4,2,0.08397502248959589,0.00962424502383814,0.4542609231275354,0.15747747437905052,0.29466233497997985
asthma_v2_pneumonia_P30Pneumonia10C.wav,4,2,4,4,0.02889572818234371,0.0021824144702668464,0.0005953148472295956,0.003144376951561533,0.9651821655485981
asthma_v2_pneumonia_P30Pneumonia15J.wav,4,2,4,4,0.035943438955314766,0.0011378385406313988,0.0006144290705569285,0.00042920576179164273,0.9618750876717053
asthma_v2_pneumonia_P30Pneumonia30W.wav,4,2,4,4,0.04432081765508095,0.014520057279689184,0.0020484722655818174,0.08740279219182702,0.851707860607821
asthma_v2_pneumonia_P30Pneumonia52T.wav,4,2,4,4,0.05129381609077197,0.01556262267461295,0.0029108840521123837,0.02132854902004162,0.908904128162461
asthma_v2_pneumonia_P30Pneumonia70X.wav,4,2,4,4,0.05805285755806227,0.0649931423237758,0.0036362347426130803,0.10696250179262316,0.7663552635829255
asthma_v2_pneumonia_P30Pneumonia85D.wav,4,2,4,4,0.03724560938923193,0.006307464960218775,0.0009715945235314407,0.00647702475859214,0.9489983063684261
asthma_v2_pneumonia_P38Pneumonia23A.wav,4,2,4,0,0.933706034022922,0.026938168976253337,0.02367666950373655,0.001566589305094129,0.014112538191994066
asthma_v2_pneumonia_P38Pneumonia34H.wav,4,2,4,0,0.8270956354202356,0.0051350844304015675,0.01706790216125677,0.018159422620570312,0.13254195536753588
asthma_v2_pneumonia_P38Pneumonia35P.wav,4,2,4,0,0.8486608209984008,0.023745866116670965,0.10274037961217099,0.003877340595887333,0.02097559267686986
asthma_v2_pneumonia_P38Pneumonia41S.wav,4,2,4,0,0.8385013099364834,0.016631984588604088,0.010623120120470248,0.005646141686439421,0.12859744366800255
asthma_v2_pneumonia_P38Pneumonia61R.wav,4,2,4,0,0.9186399320294408,0.006819991692647049,0.030586130904616607,0.001716142419443267,0.042237802953852516
asthma_v2_pneumonia_P38Pneumonia64N.wav,4,2,4,0,0.9395771506644807,0.0046298958114795626,0.01638840607367022,0.0016367264331146748,0.03776782101725495
asthma_v2_pneumonia_P43Pneumonia24U.wav,4,2,4,3,0.00498961810870365,0.002060265476614745,0.7120530146870261,0.22468067420200913,0.05621642752564674
asthma_v2_pneumonia_P43Pneumonia53X.wav,4,2,4,4,0.024675448569957747,0.01957771874344542,0.020392994714787418,0.025605298407024864,0.9097485395647844
asthma_v2_pneumonia_P43Pneumonia54I.wav,4,2,4,4,0.14917883210790311,0.015461403932090187,0.02133760421057945,0.0052402236857734775,0.8087819360636538
asthma_v2_pneumonia_P43Pneumonia73N.wav,4,2,4,4,0.1007700099811622,0.00590251964811231,0.008775765097213764,0.005189649851265357,0.8793620554222464
asthma_v2_pneumonia_P43Pneumonia88Y.wav,4,2,4,3,0.0064145480383215265,0.003143912717523626,0.5639757749170836,0.34370623177264686,0.08275953255442448
asthma_v2_pneumonia_P43Pneumonia89T.wav,4,2,4,3,0.006797670458576295,0.004535149660964674,0.6082481704123204,0.2710125180879703,0.10940649138016852
asthma_v2_pneumonia_P44Pneumonia36U.wav,4,2,4,2,0.029861241026302388,0.06162798817355426,0.12368042079363871,0.1553241465967281,0.6295062034097766
asthma_v2_pneumonia_P44Pneumonia47J.wav,4,2,4,4,0.1007700099811622,0.00590251964811231,0.008775765097213764,0.005189649851265357,0.8793620554222464
asthma_v2_pneumonia_P44Pneumonia49B.wav,4,2,4,4,0.14917883210790311,0.015461403932090187,0.02133760421057945,0.0052402236857734775,0.8087819360636538
asthma_v2_pneumonia_P44Pneumonia59U.wav,4,2,4,3,0.04064964145066203,0.0661233511695154,0.04722794074357486,0.5057385676542246,0.34026049898202343
asthma_v2_pneumonia_P44Pneumonia65N.wav,4,2,4,3,0.055774945169071125,0.0532311435199333,0.02574050456495857,0.47375348254392374,0.3914999242021134
asthma_v2_pneumonia_P44Pneumonia71M.wav,4,2,4,4,0.024675448569957747,0.01957771874344542,0.020392994714787418,0.025605298407024864,0.9097485395647844
asthma_v2_pneumonia_P4Pneumonia17R.wav,4,2,4,4,0.022737221484485537,0.010362787889621708,0.08227800618067553,0.11924327197383318,0.7653787124713839
asthma_v2_pneumonia_P4Pneumonia27H.wav,4,2,4,4,0.03471153280930821,0.003975565544628179,0.031092761104427016,0.05673591986335972,0.8734842206782767
asthma_v2_pneumonia_P4Pneumonia39Q.wav,4,2,4,4,0.029450339462316098,0.0072889848866405866,0.06870785528208057,0.03589747954209635,0.8586553408268665
asthma_v2_pneumonia_P4Pneumonia55U.wav,4,2,4,4,0.02058809364023442,0.007305802700547763,0.04286292857483674,0.10830916956500887,0.8209340055193723
asthma_v2_pneumonia_P4Pneumonia67J.wav,4,2,4,4,0.06528048953820316,0.008169715159432277,0.02780313940622076,0.00933822627562562,0.8894084296205185
asthma_v2_pneumonia_P4Pneumonia78E.wav,4,2,4,4,0.05164998661067103,0.015952750445228116,0.017449151431612197,0.0059948982624650985,0.9089532132500235
asthma_v2_pneumonia_P5Pneumonia20K.wav,4,2,4,4,0.024389682654714057,0.003014275966634752,0.0513882015225333,0.050860436328663855,0.8703474035274539
asthma_v2_pneumonia_P5Pneumonia21J.wav,4,2,4,3,0.017555937767785603,0.01618934636632152,0.06987085397441312,0.1898686882173363,0.7065151736741433
asthma_v2_pneumonia_P5Pneumonia38U.wav,4,2,4,3,0.016422212373085113,0.025914074519408324,0.09928959946132272,0.22971933029302263,0.628654783353161
asthma_v2_pneumonia_P5Pneumonia88J.wav,4,2,4,4,0.05609505765436102,0.00974644231272951,0.017176374302592227,0.007291166454583828,0.9096909592757334
asthma_v2_pneumonia_P5Pneumonia94P.wav,4,2,4,4,0.00384886186723847,0.0025435296795386078,0.011482319418904747,0.14939128545663208,0.8327340035776862
asthma_v2_pneumonia_P5Pneumonia95V.wav,4,2,4,4,0.02491308194041988,0.00589046548944375,0.028245143019665634,0.05347739847505372,0.8874739110754168
asthma_v2_Bronchial_P11BronchialSc_52.wav,4,3,1,0,0.4992366010646058,0.21867309064837706,0.05656781537528188,0.025992654273359308,0.19952983863837603
asthma_v2_Bronchial_P11BronchialSc_54.wav,4,3,1,3,0.23830353931642043,0.02391819075035185,0.01088564181895205,0.20950286285707806,0.5173897652571975
asthma_v2_Bronchial_P11BronchialTc_51.wav,4,3,1,1,0.013781118628216104,0.9354861187132923,0.03906102424749218,0.003995789894875003,0.007675948516124235
asthma_v2_Bronchial_P11BronchialTc_53.wav,4,3,1,3,0.11632880815283361,0.0978753506212251,0.016729848659628684,0.558465050271053,0.2106009422952597
asthma_v2_Bronchial_P11BronchialTc_55.wav,4,3,1,0,0.9195645426444682,0.03481903680438518,0.006342601674844809,0.0013790600265811282,0.037894758849720565
asthma_v2_Bronchial_P17BronchialSc_82.wav,4,3,1,1,0.021825139351808073,0.8440478902502574,0.11178746604681546,0.00731494942573159,0.015024554925387467
asthma_v2_Bronchial_P17BronchialSc_84.wav,4,3,1,1,0.012481273212354201,0.9580850712746781,0.01771119868336808,0.0058161673989556625,0.005906289430643992
asthma_v2_Bronchial_P17BronchialTc_81.wav,4,3,1,1,0.08321252953813107,0.847347141818791,0.02537612549582285,0.0131643971563137,0.030899805990941435
asthma_v2_Bronchial_P17BronchialTc_83.wav,4,3,1,1,0.030453804720571902,0.8430571234913137,0.09970245763593905,0.006807351275257631,0.01997926287691801
asthma_v2_Bronchial_P17BronchialTc_85.wav,4,3,1,1,0.004969617854397598,0.8101253503649638,0.16049968381518126,0.01978972302404146,0.004615624941416178
asthma_v2_Bronchial_P19BronchialSc_92.wav,4,3,1,1,0.004012090329984464,0.981483720918278,0.01117294174081405,0.0009086098800835229,0.002422637130840034
asthma_v2_Bronchial_P19BronchialSc_94.wav,4,3,1,1,0.01860676685637363,0.88424150652293,0.07963329792842229,0.005542301997934477,0.011976126694339737
asthma_v2_Bronchial_P19BronchialTc_91.wav,4,3,1,1,0.0644430966075945,0.5334338041966356,0.34457609310796034,0.007770353304192465,0.04977665278361746
asthma_v2_Bronchial_P19BronchialTc_93.wav,4,3,1,1,0.005720530441713882,0.9722985402904856,0.017713009426187223,0.0011827508310199588,0.0030851690105932867
asthma_v2_Bronchial_P19BronchialTc_95.wav,4,3,1,1,0.016429196014846943,0.9064636115325706,0.05715321219911091,0.00980847791478322,0.010145502338688628
asthma_v2_Bronchial_P3BronchialSc_12.wav,4,3,1,1,0.010218028351651556,0.9232484230203898,0.025369725288978996,0.03265717109774612,0.008506652241233613
asthma_v2_Bronchial_P3BronchialSc_14.wav,4,3,1,1,0.006813895139863787,0.5936266739061596,0.34056683449823305,0.04930356532100785,0.009689031134736152
asthma_v2_Bronchial_P3BronchialTc_11.wav,4,3,1,1,0.010379843769736802,0.9306842427522511,0.03419880414041677,0.01732894708259402,0.007408162255001156
asthma_v2_Bronchial_P3BronchialTc_13.wav,4,3,1,1,0.009394623408473354,0.7598787299247441,0.21267249934529764,0.013529031673158257,0.004525115648326722
asthma_v2_Bronchial_P3BronchialTc_15.wav,4,3,1,1,0.00813241208757975,0.6544718206432396,0.26863768958889694,0.062316352261195966,0.006441725419088273
asthma_v2_asthma_P11WheezingIE_53.wav,4,3,0,0,0.7896955678431689,0.083115400420841,0.024923012836033015,0.008210444644954958,0.0940555742550021
asthma_v2_asthma_P11WheezingIU_54.wav,4,3,0,0,0.6764844767115701,0.18272999175838456,0.009129761948255056,0.02104764186007182,0.11060812772171841
asthma_v2_asthma_P11WheezingRL_51.wav,4,3,0,0,0.7907713539474951,0.17370345807836285,0.006896814235940325,0.0019773700668188135,0.026651003671383372
asthma_v2_asthma_P11WheezingRL_55.wav,4,3,0,0,0.6405049011652714,0.22646511670996616,0.058466903680204615,0.01782943925605513,0.05673363918850283
asthma_v2_asthma_P11WheezingRS_52.wav,4,3,0,0,0.6803106671408451,0.2363278367224888,0.02709888913379226,0.011215789016360028,0.04504681798651352
asthma_v2_asthma_P1AsthmaIE_1.wav,4,3,0,0,0.915374025446831,0.0028613897034593986,0.011030425583507305,0.00280290575654321,0.06793125350965964
asthma_v2_asthma_P1AsthmaIE_5.wav,4,3,0,0,0.8457923724349542,0.13502480202328113,0.005754751863932425,0.0006323816201233955,0.012795692057709048
asthma_v2_asthma_P1AsthmaIU_2.wav,4,3,0,0,0.9415890749686125,0.005273374000637613,0.0040866706239449675,0.0016503821411798308,0.047400498265625195
asthma_v2_asthma_P1AsthmaRL_3.wav,4,3,0,0,0.5059516537016188,0.0010278115293906663,0.015926697311221975,0.019551685606448176,0.45754215185132063
asthma_v2_asthma_P1AsthmaRS_4.wav,4,3,0,0,0.920637795627196,0.032887782184979314,0.008244877834557372,0.0014145545636176672,0.036814989789649526
asthma_v2_asthma_P23WheezingIE_113.wav,4,3,0,0,0.9328749145211691,0.0058218373031570314,0.003548616224983011,0.0001655859813494328,0.05758904596934142
asthma_v2_asthma_P23WheezingIU_114.wav,4,3,0,0,0.9104997280732621,0.014086232845867994,0.0299104486376504,0.000228508865798361,0.04527508157742096
asthma_v2_asthma_P23WheezingRL_111.wav,4,3,0,0,0.9589183942612634,0.018009830177905996,0.001292461439809882,0.00020857580529486453,0.021570738315725976
asthma_v2_asthma_P23WheezingRL_115.wav,4,3,0,4,0.4415055012510436,0.05528069896584164,0.005668615481706692,0.012592945486095148,0.484952238815313
asthma_v2_asthma_P23WheezingRS_112.wav,4,3,0,0,0.9565916735768141,0.01064716516121863,0.0007784963157267924,0.00015329661478333804,0.031829368331457025
asthma_v2_asthma_P26WheezingIE_129.wav,4,3,0,0,0.5738207165325087,0.19305967397964355,0.01799540421900075,0.06872238166544573,0.14640182360340168
asthma_v2_asthma_P26WheezingIU_126.wav,4,3,0,3,0.4995170678669432,0.012987754989904125,0.013286778113379577,0.4269309276222531,0.047277471407519873
asthma_v2_asthma_P26WheezingIU_130.wav,4,3,0,0,0.8555616368490013,0.013035923437986147,0.014155938432540219,0.0005537683086763619,0.11669273297179572
asthma_v2_asthma_P26WheezingRL_127.wav,4,3,0,0,0.5919496333979067,0.02012265857228929,0.17985218913339165,0.026364898407230015,0.18171062048918243
asthma_v2_asthma_P26WheezingRS_128.wav,4,3,0,0,0.7768803977291772,0.006921019963757474,0.020598994617467968,0.003701507948823622,0.1918980797407735
asthma_v2_asthma_P27WheezingIE_133.wav,4,3,0,3,0.14431040680428683,0.004196265680057478,0.0026517172124857135,0.7943140946573835,0.05452751564578638
asthma_v2_asthma_P27WheezingIU_134.wav,4,3,0,0,0.8267424288867274,0.006986161834744348,0.0015206101194164235,0.0006038677926890687,0.16414693136642244
asthma_v2_asthma_P27WheezingRL_131.wav,4,3,0,0,0.8022514098786222,0.004845242327853885,0.12646441187872381,0.0017556704551282382,0.06468326545967175
asthma_v2_asthma_P27WheezingRL_135.wav,4,3,0,0,0.7551757875810194,0.07550702766309791,0.018608943418598756,0.012123781485306717,0.13858445985197732
asthma_v2_asthma_P27WheezingRS_132.wav,4,3,0,0,0.9101432542339242,0.0018679558930797622,0.0214087471893112,0.005531261529913468,0.061048781153771395
asthma_v2_asthma_P35WheezingIE_173.wav,4,3,0,0,0.6290602924732465,0.0023773780849100077,0.2300960631020054,0.001120923612458321,0.13734534272738008
asthma_v2_asthma_P35WheezingIU_174.wav,4,3,0,0,0.4428028233330159,0.38297256297183496,0.055217939486220356,0.01701842666199439,0.1019882475469346
asthma_v2_asthma_P35WheezingRL_171.wav,4,3,0,0,0.888947945635132,0.010198094083527714,0.004716783995407707,0.0016712260510880802,0.0944659502348446
asthma_v2_asthma_P35WheezingRL_175.wav,4,3,0,0,0.7040917086584865,0.19684559606165372,0.04237997582723998,0.002171037382121812,0.054511682070498016
asthma_v2_asthma_P35WheezingRS_172.wav,4,3,0,0,0.5317249010830192,0.0020014628331672256,0.28360656907458626,0.0008824549316695216,0.1817846120775578
asthma_v2_asthma_P37WheezingIE_181.wav,4,3,0,0,0.7697446349892313,0.012944336562265906,0.13505291693642937,0.0006814997563731667,0.08157661175570015
asthma_v2_asthma_P37WheezingIE_185.wav,4,3,0,0,0.8300668903635985,0.09485644314885129,0.03475372479546259,0.002508986564816666,0.037813955127270614
asthma_v2_asthma_P37WheezingIU_182.wav,4,3,0,0,0.9578148970753251,0.00415214454267996,0.012750177398252118,0.0003668766815708411,0.024915904302171984
asthma_v2_asthma_P37WheezingRL_183.wav,4,3,0,0,0.9169113810881497,0.01547926901127026,0.03486108869161117,0.0007441516720761812,0.032004109536892575
asthma_v2_asthma_P37WheezingRS_184.wav,4,3,0,0,0.7493567702532378,0.13253328289921193,0.008812876379945116,0.01047804827563979,0.09881902219196535
asthma_v2_asthma_P48WheezingIE_237.wav,4,3,0,0,0.8813638620103971,0.011446674243537002,0.011334168306944887,0.0009565540576365642,0.09489874138148462
asthma_v2_asthma_P48WheezingIU_238.wav,4,3,0,0,0.8912161815144759,0.009879730234445487,0.038522130026577533,0.0016041797910432943,0.05877777843345785
asthma_v2_asthma_P48WheezingRL_239.wav,4,3,0,0,0.8562302683600925,0.03184737477761641,0.03295206692638979,0.0021640635612954913,0.07680622637460545
asthma_v2_asthma_P48WheezingRS_236.wav,4,3,0,0,0.7527305469179655,0.02450291142881304,0.06311265791152192,0.0019427833155428722,0.15771110042615674
asthma_v2_asthma_P48WheezingRS_240.wav,4,3,0,0,0.8280423307812895,0.009595850441954067,0.03778571770331468,0.001216226589400113,0.12335987448404148
asthma_v2_asthma_P51WheezingIE_253.wav,4,3,0,0,0.8070589150943026,0.007446532468031546,0.11830490194086796,0.0033140788123345827,0.0638755716844635
asthma_v2_asthma_P51WheezingIU_254.wav,4,3,0,0,0.8154358905894237,0.07134714421306756,0.040661171011494766,0.0010342318038331325,0.071521562382181
asthma_v2_asthma_P51WheezingRL_251.wav,4,3,0,0,0.754381313967915,0.021263256445949064,0.12654180120382885,0.004141855313072422,0.09367177306923447
asthma_v2_asthma_P51WheezingRL_255.wav,4,3,0,0,0.9098477818518123,0.010932442279473648,0.025418730390157202,0.00042064408943218114,0.0533804013891246
asthma_v2_asthma_P51WheezingRS_252.wav,4,3,0,0,0.7548572235118378,0.014551575012026417,0.17554806993105734,0.002199725010047932,0.052843406535030654
asthma_v2_asthma_P52WheezingIE_257.wav,4,3,0,0,0.7670473053840219,0.006307841097788457,0.17004389841280715,0.0014403393200126129,0.05516061578536951
asthma_v2_asthma_P52WheezingIU_258.wav,4,3,0,0,0.8127274774094193,0.0029373979611885597,0.12658215836810138,0.001383186695035412,0.056369779566255176
asthma_v2_asthma_P52WheezingRL_259.wav,4,3,0,0,0.920516365862122,0.017552694403047554,0.00916089304953669,0.00040776709441867005,0.05236227959087503
asthma_v2_asthma_P52WheezingRS_256.wav,4,3,0,0,0.8680178036482684,0.01133442964283066,0.09628518522274869,0.0007973792967737006,0.023565202189378624
asthma_v2_asthma_P52WheezingRS_260.wav,4,3,0,0,0.9056099886241973,0.010704899019340167,0.014327645642656777,0.0009225329342230018,0.06843493377958282
asthma_v2_asthma_P9AsthmaIE_41.wav,4,3,0,0,0.6815191965120224,0.003809505845168026,0.005994114966067214,0.004570472535071616,0.3041067101416707
asthma_v2_asthma_P9AsthmaIE_45.wav,4,3,0,0,0.9134478938211329,0.04533230421323978,0.0045284378896610555,0.0013131161517657849,0.03537824792420058
asthma_v2_asthma_P9AsthmaIU_42.wav,4,3,0,0,0.6862714278844682,0.007154014116346377,0.0044919099227230235,0.009231996435830295,0.2928506516406321
asthma_v2_asthma_P9AsthmaRL_43.wav,4,3,0,0,0.9363050550032388,0.004557063525365162,0.009402667885497023,0.002652542213608297,0.047082671372290524
asthma_v2_asthma_P9AsthmaRS_44.wav,4,3,0,0,0.8964141396162127,0.040110702476930306,0.005668984923416978,0.0023345188647636785,0.05547165411867616
asthma_v2_copd_P12COPDMc_90.wav,4,3,2,2,0.0034733711765230955,0.005560461061026133,0.9877106367724736,0.0010046230973571818,0.002250907892619579
asthma_v2_copd_P12COPDMc_92.wav,4,3,2,2,0.006238361777315305,0.01480511143809267,0.9767771416119309,0.0009108754374494479,0.001268509735211649
asthma_v2_copd_P12COPDMc_94.wav,4,3,2,2,0.005862724205122588,0.01469783111695274,0.9781095353991162,0.0007411675798488165,0.0005887416989597132
asthma_v2_copd_P12COPDMc_96.wav,4,3,2,2,0.0002382854548598951,0.007783321145765409,0.9898140797741167,0.0009810821277337703,0.001183231497524271
asthma_v2_copd_P12COPDPr_89.wav,4,3,2,2,0.0011831316859613355,0.001476659081977576,0.9966134465447506,0.0002610316238165274,0.0004657310634939958
asthma_v2_copd_P12COPDPr_91.wav,4,3,2,2,0.06371097291243522,0.029395925088038573,0.8999574816120222,0.003510933535099274,0.003424686852404782
asthma_v2_copd_P12COPDPr_93.wav,4,3,2,2,0.032142767441068226,0.09019577398683812,0.8712124491192169,0.0035368434355298154,0.002912166017347014
asthma_v2_copd_P12COPDPr_95.wav,4,3,2,2,0.002336263692873395,0.07682065863208985,0.9109198386009026,0.005033051159679217,0.0048901879144552666
asthma_v2_copd_P13COPDMc_100.wav,4,3,2,2,0.0059233909970140925,0.0804904257812667,0.8573896886169083,0.03439856674396437,0.021797927860846403
asthma_v2_copd_P13COPDMc_102.wav,4,3,2,2,0.0048479692408015165,0.007102989613362912,0.976242345146225,0.0007212679124659928,0.01108542808714485
asthma_v2_copd_P13COPDMc_104.wav,4,3,2,2,0.006232760388417613,0.019512190685639766,0.9475074045193022,0.001362022204446399,0.02538562220219407
asthma_v2_copd_P13COPDMc_98.wav,4,3,2,2,0.008160799305391526,0.09390040951467939,0.798000564829417,0.03057891655263426,0.0693593097978778
asthma_v2_copd_P13COPDPr_101.wav,4,3,2,2,0.055504254452464034,0.053978574050479664,0.8333578433844545,0.002757509096397925,0.054401819016203765
asthma_v2_copd_P13COPDPr_103.wav,4,3,2,2,0.004205908920930692,0.004266828870236926,0.9851025162127205,0.00027439746163529364,0.006150348534476773
asthma_v2_copd_P13COPDPr_97.wav,4,3,2,2,0.0017628475539935096,0.024820763410360037,0.9652662592075621,0.004536836689530032,0.0036132931385540047
asthma_v2_copd_P13COPDPr_99.wav,4,3,2,2,0.00226579746849352,0.05637544687776499,0.8966317026435202,0.031078627772752974,0.013648425237468221
asthma_v2_copd_P18COPDMc_138.wav,4,3,2,2,0.012569172848823699,0.009876204842876246,0.9684352081585021,0.0007897803010160277,0.008329633848782067
asthma_v2_copd_P18COPDMc_140.wav,4,3,2,2,0.008956676005995019,0.0032003634120647976,0.9542581243045443,0.0010204124957082338,0.03256442378168767
asthma_v2_copd_P18COPDMc_142.wav,4,3,2,2,0.0008600760942786317,0.000959887814337224,0.9883314950727301,0.0007906684157749286,0.009057872602879168
asthma_v2_copd_P18COPDMc_144.wav,4,3,2,2,0.00015211866155250207,0.0033357488294314306,0.9945377892393862,0.00042339835725711225,0.0015509449123728653
asthma_v2_copd_P18COPDPr_137.wav,4,3,2,2,0.012777045066475866,0.014073331626247408,0.9551942474246032,0.0011476586417620595,0.016807717240911606
asthma_v2_copd_P18COPDPr_139.wav,4,3,2,2,0.027989798638021066,0.07226852808078021,0.8594095249026146,0.0022274639787573515,0.03810468439982668
asthma_v2_copd_P18COPDPr_141.wav,4,3,2,2,0.0013172709624123557,0.003380809810092346,0.9759676767539553,0.0006953501643000217,0.01863889230923954
asthma_v2_copd_P18COPDPr_143.wav,4,3,2,2,0.0003030007153518019,0.0040595885706414285,0.9860859027856114,0.0014204809656294722,0.0081310269627659
asthma_v2_copd_P27COPDMc_210.wav,4,3,2,2,0.0025208233138806976,0.0005686723970023917,0.9943300574861853,0.0006845490603770972,0.001895897742554424
asthma_v2_copd_P27COPDMc_212.wav,4,3,2,2,1.5394638831137695e-09,1.3706503913861679e-09,0.9999859149805338,2.743310422980604e-07,1.380777830961168e-05
asthma_v2_copd_P27COPDMc_214.wav,4,3,2,2,1.3684505098815647e-07,1.1853312809553827e-07,0.9997702927855552,2.5052679672263093e-06,0.0002269465682986565
asthma_v2_copd_P27COPDMc_216.wav,4,3,2,2,1.7552124800312647e-06,1.3639885598712669e-06,0.9987296087422212,0.0008179584909974486,0.000449313565741304
asthma_v2_copd_P27COPDPr_209.wav,4,3,2,2,2.8506038908855592e-08,2.1249990792634452e-08,0.9999044597670764,2.0201457544956562e-05,7.528901934910866e-05
asthma_v2_copd_P27COPDPr_211.wav,4,3,2,2,0.002890879982935855,0.0005490419769118691,0.993225778580305,0.000643762814362949,0.002690536645484125
asthma_v2_copd_P27COPDPr_213.wav,4,3,2,2,2.7114026974697337e-07,2.4517232390711747e-07,0.9996708857225356,3.1871048031194423e-06,0.0003254108600676318
asthma_v2_copd_P27COPDPr_215.wav,4,3,2,2,6.325360381512386e-06,4.65743352907178e-06,0.9965918224573151,0.002764952034273828,0.0006322427145005836
asthma_v2_copd_P2COPDMc_10.wav,4,3,2,2,0.0006366356825204783,0.0002970455461347648,0.9962862826496532,0.0005210208989821698,0.0022590152227093866
asthma_v2_copd_P2COPDMc_12.wav,4,3,2,2,0.2575105073598122,0.0073948409038749165,0.6791913829110389,0.004706316287394571,0.05119695253787946
asthma_v2_copd_P2COPDMc_14.wav,4,3,2,2,0.004344405059484013,0.0005174892245980974,0.992832022044625,0.0007878734696530926,0.0015182102016400864
asthma_v2_copd_P2COPDMc_16.wav,4,3,2,2,0.005263901684015764,0.0005764885983993279,0.9907600957900142,0.001029262218942316,0.0023702517086281677
asthma_v2_copd_P2COPDPr_11.wav,4,3,2,2,0.0062452655916906165,0.0026394552766119874,0.9813872975383587,0.005416693183503949,0.004311288409834724
asthma_v2_copd_P2COPDPr_13.wav,4,3,2,0,0.7285195291507256,0.0035133755930299897,0.1662937216066469,0.005360036348832835,0.09631333730076484
asthma_v2_copd_P2COPDPr_15.wav,4,3,2,2,0.007644214240841482,0.0010537784570662854,0.9894829816501202,0.00035849586599553756,0.001460529785976494
asthma_v2_copd_P2COPDPr_9.wav,4,3,2,2,0.0010441181758602646,0.00012492580828731847,0.9950930132999677,0.0011455616609901066,0.002592381054894721
asthma_v2_copd_P34COPDMc_266.wav,4,3,2,1,0.00702950378967385,0.5779203726268746,0.4074771375488449,0.0005719159259576297,0.00700107010864907
asthma_v2_copd_P34COPDMc_268.wav,4,3,2,1,0.022128179461945903,0.6349062787165918,0.32337919805264137,0.0016323733247360004,0.017953970444085213
asthma_v2_copd_P34COPDMc_270.wav,4,3,2,2,0.003865558661851603,0.18076442510486398,0.8085527635881037,0.0003377123275387433,0.006479540317642073
asthma_v2_copd_P34COPDMc_272.wav,4,3,2,1,0.0037472380555637727,0.36963191795054656,0.6198860928755734,0.00017917239681080618,0.006555578721505279
asthma_v2_copd_P34COPDPr_265.wav,4,3,2,1,0.004159634229413653,0.44265667703300243,0.547958482170058,0.00031400269170649565,0.004911203875818976
asthma_v2_copd_P34COPDPr_267.wav,4,3,2,1,0.027492417296587825,0.5382547970576798,0.4112513633719792,0.0015803489869376645,0.021421073286815556
asthma_v2_copd_P34COPDPr_269.wav,4,3,2,1,0.020897054872849697,0.4716730129685566,0.48163112115094747,0.004452560034434807,0.02134625097321159
asthma_v2_copd_P34COPDPr_271.wav,4,3,2,2,0.006750257876736362,0.17174043465707153,0.8006730788736092,0.00047146628898135586,0.02036476230360167
asthma_v2_copd_P36COPDMc_282.wav,4,3,2,4,0.1524204879163165,0.02709832350963933,0.32097497211890086,0.01916389462894355,0.48034232182619974
asthma_v2_copd_P36COPDMc_284.wav,4,3,2,2,0.009985157406063767,0.0009220487071261083,0.8980808899228021,0.0023419127220116955,0.0886699912419963
asthma_v2_copd_P36COPDMc_286.wav,4,3,2,2,0.0007287810094824192,0.0022920624105548567,0.9929219587543194,0.002003149152639599,0.002054048673003495
asthma_v2_copd_P36COPDMc_288.wav,4,3,2,2,0.008085988325340432,0.07080480469950313,0.9033448642054918,0.006541330281711476,0.011223012487952997
asthma_v2_copd_P36COPDPr_281.wav,4,3,2,2,0.0005015747416285458,0.00023392052624464805,0.9983315385576009,0.00035570989724778736,0.0005772562772780808
asthma_v2_copd_P36COPDPr_283.wav,4,3,2,2,0.02325878647894039,0.006217002047749157,0.6978242672392994,0.04633599708646929,0.2263639471475418
asthma_v2_copd_P36COPDPr_285.wav,4,3,2,2,0.0006020832101210085,0.0009336791196865465,0.9941054133423368,0.002630968010800781,0.0017278563170549965
asthma_v2_copd_P36COPDPr_287.wav,4,3,2,2,0.0005874722468593895,0.0036148432265448904,0.990902211323311,0.0027646014893540826,0.0021308717139306974
asthma_v2_copd_P41COPDMc_322.wav,4,3,2,2,0.0004366141496153187,0.00041032700318528986,0.9984266454725828,9.388708562423934e-05,0.0006325262889919262
asthma_v2_copd_P41COPDMc_324.wav,4,3,2,2,0.001069634410474297,0.00303288033138446,0.9923398510779367,0.0008550004896999211,0.002702633690504559
asthma_v2_copd_P41COPDMc_326.wav,4,3,2,2,0.004524823838351821,0.02715091338081613,0.9460997054874333,0.012400199027700443,0.009824358265698066
asthma_v2_copd_P41COPDMc_328.wav,4,3,2,2,0.0015832146345305877,0.008165392587746541,0.9815644568886538,0.003232862587497356,0.005454073301571405
asthma_v2_copd_P41COPDPr_321.wav,4,3,2,2,0.0008223728438473909,0.0027624897163683686,0.9922051414642808,0.0004719618431839394,0.0037380341323192887
asthma_v2_copd_P41COPDPr_323.wav,4,3,2,2,0.00032621100282797155,0.0012871925206904746,0.9964373051708356,0.0002138926268657686,0.0017353986787799333
asthma_v2_copd_P41COPDPr_325.wav,4,3,2,2,0.001733671278261567,0.002061728394764326,0.9936525996104084,0.0007429660231217819,0.0018090346934437052
asthma_v2_copd_P41COPDPr_327.wav,4,3,2,2,0.0005037023653882523,0.006298231439561083,0.9864706826226499,0.004164038126388243,0.002563345446012816
asthma_v2_copd_P47COPDMc_370.wav,4,3,2,1,0.1113336871738832,0.27345175164711694,0.3817149372679972,0.09202445845415405,0.14147516545684877
asthma_v2_copd_P47COPDMc_372.wav,4,3,2,2,0.005027691278072814,0.013055261625284842,0.9619162484232269,0.009524497878106365,0.010476300795309406
asthma_v2_copd_P47COPDMc_374.wav,4,3,2,2,0.0006243973354582784,0.0452251582908109,0.9440055839827727,0.00910535095899551,0.0010395094319627638
asthma_v2_copd_P47COPDMc_376.wav,4,3,2,2,0.002252234948018588,0.0197500147750938,0.8909049930004095,0.07621761448519637,0.010875142791281612
asthma_v2_copd_P47COPDPr_369.wav,4,3,2,0,0.45664095503813723,0.017562770841066503,0.39087021218397755,0.020780194010482915,0.11414586792633591
asthma_v2_copd_P47COPDPr_371.wav,4,3,2,4,0.07578525588551203,0.13717554903293064,0.46782869881679967,0.014437636990953504,0.3047728592738044
asthma_v2_copd_P47COPDPr_373.wav,4,3,2,2,0.04363208665916623,0.07201428535563788,0.7774638912184486,0.07372532848748195,0.033164408279265055
asthma_v2_copd_P47COPDPr_375.wav,4,3,2,2,0.0005368368063273511,0.06313659933917355,0.9225483160030007,0.012440024268633535,0.001338223582864462
asthma_v2_copd_P48COPDMc_378.wav,4,3,2,2,0.013694689549705359,0.026915093782724043,0.9328935958009759,0.011609568091242495,0.014887052775351595
asthma_v2_copd_P48COPDMc_380.wav,4,3,2,2,0.08130950922509476,0.14119698360145172,0.7240164540856738,0.012313000447014064,0.04116405264076614
asthma_v2_copd_P48COPDMc_382.wav,4,3,2,2,0.0011779978695972049,0.009014729702424111,0.9816242953314669,0.00532998513568383,0.002852991960827937
asthma_v2_copd_P48COPDMc_384.wav,4,3,2,2,0.002088881476594851,0.0025225372408890505,0.9636963174396715,0.02598422990245181,0.00570803394039278
asthma_v2_copd_P48COPDPr_377.wav,4,3,2,2,0.000868646905734633,0.023444564344848817,0.9639814526052318,0.00997777640417443,0.0017275597400099305
asthma_v2_copd_P48COPDPr_379.wav,4,3,2,2,0.007204514753605677,0.009802362130065712,0.9682094434833234,0.007105387265882526,0.007678292367122471
asthma_v2_copd_P48COPDPr_381.wav,4,3,2,2,0.001998595605570174,0.0074260668121728015,0.9742503783186864,0.01191042193319711,0.004414537330373597
asthma_v2_copd_P48COPDPr_383.wav,4,3,2,2,0.0014001312283261225,0.0029896486762912688,0.9818361259938335,0.006777390959341445,0.006996703142208064
asthma_v2_copd_P8COPDMc_58.wav,4,3,2,2,0.007217902322184603,0.014379078067773434,0.9604279437239389,0.008648052072531966,0.009327023813570751
asthma_v2_copd_P8COPDMc_60.wav,4,3,2,2,0.0005449347881398778,0.0006593008120718818,0.9977730613368299,0.0001461242405962976,0.0008765788223619671
asthma_v2_copd_P8COPDMc_62.wav,4,3,2,2,0.0006108014675639494,0.0008631898498885918,0.9930965664987341,0.0006175228743902544,0.004811919309422876
asthma_v2_copd_P8COPDMc_64.wav,4,3,2,2,0.002699297582167795,0.0029927026842409632,0.9800902566631823,0.0017167573887351532,0.012500985681673796
asthma_v2_copd_P8COPDPr_57.wav,4,3,2,2,0.0013024134602009608,0.001110740419866463,0.9883565045498149,0.002505019974934849,0.0067253215951826265
asthma_v2_copd_P8COPDPr_59.wav,4,3,2,2,0.0012874391753436634,0.0012695095424562403,0.9922097806992886,0.0003132666301212964,0.004920003952790239
asthma_v2_copd_P8COPDPr_61.wav,4,3,2,2,0.0022622186263961466,0.0033120317143308666,0.9853127155103746,0.0028589785345420927,0.00625405561435674
asthma_v2_copd_P8COPDPr_63.wav,4,3,2,2,0.0004927925978668217,0.0008917365781118774,0.9970253658964084,0.00014487860843998593,0.0014452263191729257
asthma_v2_healthy_P15Healthy14S.wav,4,3,3,3,0.026386775566904233,0.1927423817686699,0.04496109766849667,0.6498711285662202,0.0860386164297089
asthma_v2_healthy_P15Healthy55S.wav,4,3,3,3,0.07996576729057074,0.25919020399858317,0.21225756533547085,0.39207487693696585,0.05651158643840955
asthma_v2_healthy_P15Healthy61S.wav,4,3,3,4,0.08707165201084621,0.0016995982728543824,0.009319341731519694,0.0346163529454032,0.8672930550393765
asthma_v2_healthy_P15Healthy65S.wav,4,3,3,3,0.016338613158742493,0.07784852363709502,0.09958847753781512,0.7851625609932041,0.021061824673143256
asthma_v2_healthy_P15Healthy93S.wav,4,3,3,3,0.039315369531343056,0.02681153485731351,0.04992164317789314,0.8532020059732696,0.030749446460180442
asthma_v2_healthy_P16Healthy18S.wav,4,3,3,4,0.08707165201084621,0.0016995982728543824,0.009319341731519694,0.0346163529454032,0.8672930550393765
asthma_v2_healthy_P16Healthy19S.wav,4,3,3,4,0.0532871317246006,0.001345625983298948,0.009897443716816334,0.07795392619074876,0.8575158723845355
asthma_v2_healthy_P16Healthy26S.wav,4,3,3,4,0.06861730047198769,0.0019627359274798106,0.005296212881148753,0.07954833381719435,0.8445754169021895
asthma_v2_healthy_P16Healthy38S.wav,4,3,3,4,0.0532871317246006,0.001345625983298948,0.009897443716816334,0.07795392619074876,0.8575158723845355
asthma_v2_healthy_P16Healthy41S.wav,4,3,3,4,0.06861730047198769,0.0019627359274798106,0.005296212881148753,0.07954833381719435,0.8445754169021895
asthma_v2_healthy_P22Healthy36S.wav,4,3,3,3,0.011783131174733761,0.0015743037413434066,0.024411807970068086,0.9458922185959241,0.016338538517930924
asthma_v2_healthy_P22Healthy45S.wav,4,3,3,3,0.02701023362292914,0.001017468648974785,0.012523051654035638,0.8629193455423103,0.09652990053175009
asthma_v2_healthy_P22Healthy50S.wav,4,3,3,3,0.10863344676212619,0.012681172429398677,0.006121924112165479,0.7775169525930344,0.09504650410327531
asthma_v2_healthy_P22Healthy88S.wav,4,3,3,3,0.029664262475691174,0.0007286940383339766,0.00659080498014085,0.5926874660948828,0.37032877241095147
asthma_v2_healthy_P22Healthy94S.wav,4,3,3,0,0.34671619238801005,0.06661088991386725,0.01612689647765521,0.22275300066392317,0.3477930205565443
asthma_v2_healthy_P23Healthy14S.wav,4,3,3,3,0.029664262475691174,0.0007286940383339766,0.00659080498014085,0.5926874660948828,0.37032877241095147
asthma_v2_healthy_P23Healthy24S.wav,4,3,3,4,0.03875966817025588,0.0005011242684900155,0.0034722332589907103,0.256335275744277,0.7009316985579861
asthma_v2_healthy_P23Healthy72S.wav,4,3,3,3,0.011038394959235188,0.0003950040801071837,0.008513453983338276,0.8805887864011592,0.0994643605761602
asthma_v2_healthy_P23Healthy97S.wav,4,3,3,4,0.03875966817025588,0.0005011242684900155,0.0034722332589907103,0.256335275744277,0.7009316985579861
asthma_v2_healthy_P23Healthy98S.wav,4,3,3,3,0.011038394959235188,0.0003950040801071837,0.008513453983338276,0.8805887864011592,0.0994643605761602
asthma_v2_healthy_P25Healthy20S.wav,4,3,3,3,0.046797530304971906,0.0022996599075904046,0.005374934171670819,0.8013616623255836,0.14416621329018345
asthma_v2_healthy_P25Healthy42S.wav,4,3,3,3,0.06372561744241792,0.005362223630166722,0.023558979459878008,0.8123103831113414,0.09504279635619595
asthma_v2_healthy_P25Healthy72S.wav,4,3,3,3,0.18108569233994218,0.007185373777389392,0.050455512756430315,0.3967097101145417,0.3645637110116963
asthma_v2_healthy_P25Healthy88S.wav,4,3,3,3,0.011349406303640274,0.002012737562903049,0.005672678310703823,0.9587233712896411,0.022241806533111988
asthma_v2_healthy_P25Healthy97S.wav,4,3,3,4,0.22556331286692977,0.06900543632286489,0.026417016664123195,0.10175845381686796,0.5772557803292143
asthma_v2_healthy_P7Healthy38S.wav,4,3,3,3,0.005212800200788175,0.006126615162909178,0.026213853575985935,0.9583673508244546,0.004079380235862078
asthma_v2_healthy_P7Healthy39S.wav,4,3,3,3,0.020539565146312264,0.06688277703729312,0.17472991244592917,0.7238196232625405,0.014028122107924932
asthma_v2_healthy_P7Healthy84S.wav,4,3,3,3,0.1285613405896394,0.0026297156857687056,0.07116369076521616,0.43106525550357794,0.3665799974557981
asthma_v2_healthy_P7Healthy85S.wav,4,3,3,3,0.19080380823770557,0.009830848369538221,0.0637910538501014,0.31336583424884434,0.42220845529381046
asthma_v2_healthy_P7Healthy94S.wav,4,3,3,3,0.0466266776670856,0.0387444103320485,0.20123849816962855,0.6901220377474582,0.023268376083779692
asthma_v2_pneumonia_P1Pneumonia10T.wav,4,3,4,4,0.023421204572665853,0.0009388128240141193,0.0006117404341515376,0.00022510479895462257,0.9748031373702141
asthma_v2_pneumonia_P1Pneumonia39F.wav,4,3,4,4,0.020329910965972607,0.004543323460215594,0.0028059822064170703,0.0006422684884242008,0.9716785148789706
asthma_v2_pneumonia_P1Pneumonia41U.wav,4,3,4,4,0.025024860311127706,0.0016328395095721153,0.0006038550725860764,0.0005831992050469515,0.972155245901667
asthma_v2_pneumonia_P1Pneumonia93D.wav,4,3,4,4,0.033539659612205314,0.0005687946110665088,0.0005403555226903803,0.0003431985709171936,0.9650079916831207
asthma_v2_pneumonia_P1Pneumonia94J.wav,4,3,4,4,0.07168128070602212,0.010027335956874939,0.011287171259807527,0.008317426490506326,0.8986867855867887
asthma_v2_pneumonia_P1Pneumonia97M.wav,4,3,4,4,0.11012875696035071,0.0017935844943354105,0.0017218565510815494,0.0009827356626780216,0.8853730663315543
asthma_v2_pneumonia_P20Pneumonia27V.wav,4,3,4,4,0.16980423639478076,0.0005641243776448349,0.0014315174352314151,0.023249730865032715,0.8049503909273102
asthma_v2_pneumonia_P20Pneumonia31P.wav,4,3,4,3,0.03795229480271834,0.0018405180467239047,0.0011458868678766014,0.7876558408311307,0.17140545945155064
asthma_v2_pneumonia_P20Pneumonia37V.wav,4,3,4,3,0.04685901006624838,0.005427310775734692,0.002716269477270826,0.6527522741411166,0.29224513553962966
asthma_v2_pneumonia_P20Pneumonia42B.wav,4,3,4,4,0.08801658733407215,0.0005865195885280884,0.001632016624996275,0.07325383262534885,0.8365110438270544
asthma_v2_pneumonia_P20Pneumonia58T.wav,4,3,4,4,0.14994198965893588,0.00106552465301649,0.0015813353079678154,0.15132887913831244,0.6960822712417677
asthma_v2_pneumonia_P20Pneumonia84L.wav,4,3,4,3,0.04442008532299207,0.0024412730994536817,0.001795133330648826,0.6866349248681987,0.2647085833787065
asthma_v2_pneumonia_P24Pneumonia21G.wav,4,3,4,3,0.058304063301949184,0.22571144582166447,0.0960480866952866,0.41658988308494055,0.20334652109615944
asthma_v2_pneumonia_P24Pneumonia54A.wav,4,3,4,4,0.1234884479475817,0.002338358381687363,0.005213195937975559,0.001331729795490261,0.8676282679372652
asthma_v2_pneumonia_P24Pneumonia67G.wav,4,3,4,4,0.029814453461658705,0.003671042916206943,0.036217584524427984,0.016538140038356082,0.9137587790593498
asthma_v2_pneumonia_P24Pneumonia67Z.wav,4,3,4,4,0.20476846784636704,0.002620323158714429,0.0010089444310329618,0.004007803588174677,0.7875944609757111
asthma_v2_pneumonia_P24Pneumonia91X.wav,4,3,4,4,0.0732286673000493,0.018444699821354476,0.05516743870916904,0.0764269552187483,0.7767322389506786
asthma_v2_pneumonia_P24Pneumonia95T.wav,4,3,4,3,0.04402291728799695,0.3677936541832954,0.038080481895163144,0.46692426459383884,0.08317868203970559
asthma_v2_pneumonia_P26Pneumonia12X.wav,4,3,4,4,0.04912225457759695,0.005239181664018533,0.030834338386876554,0.09541956504448501,0.8193846603270231
asthma_v2_pneumonia_P26Pneumonia66S.wav,4,3,4,3,0.03757315543433782,0.004027151459148177,0.058990229136405656,0.4381128827733191,0.46129658119678946
asthma_v2_pneumonia_P26Pneumonia72P.wav,4,3,4,4,0.0415760766601579,0.0010432131883444731,0.003373554098513004,0.02558471030414799,0.9284224457488367
asthma_v2_pneumonia_P26Pneumonia83Z.wav,4,3,4,4,0.07967937280940532,0.0007519962032962557,0.0014969988852288566,0.0018339346128418868,0.9162376974892277
asthma_v2_pneumonia_P26Pneumonia84P.wav,4,3,4,4,0.03413579773469256,0.002010258723672052,0.004773336453099638,0.009526333867604476,0.9495542732209312
asthma_v2_pneumonia_P26Pneumonia89E.wav,4,3,4,4,0.02998401078659353,0.007010212110667575,0.008528053846537268,0.2066721371286563,0.7478055861275454
asthma_v2_pneumonia_P28Pneumonia22W.wav,4,3,4,4,0.3337592273388653,0.018043095720100842,0.012077580980839624,0.0014432457879602313,0.6346768501722337
asthma_v2_pneumonia_P28Pneumonia43J.wav,4,3,4,3,0.043788082103684386,0.04572478917099739,0.0556091222086485,0.45272063282306824,0.4021573736936017
asthma_v2_pneumonia_P28Pneumonia56Y.wav,4,3,4,4,0.06468678131055922,0.020360457763356533,0.009013010473499082,0.011807903050577363,0.8941318474020076
asthma_v2_pneumonia_P28Pneumonia65J.wav,4,3,4,0,0.6234992634114978,0.06269328647670024,0.02004394164710794,0.002967157589421903,0.2907963508752719
asthma_v2_pneumonia_P28Pneumonia71A.wav,4,3,4,4,0.032600531383568186,0.003245463023188201,0.003249456580486945,0.0006952605758501508,0.9602092884369066
asthma_v2_pneumonia_P28Pneumonia90E.wav,4,3,4,4,0.2324654421166763,0.15397438661869217,0.23870293821140676,0.005230099276643494,0.3696271337765817
asthma_v2_pneumonia_P2Pneumonia11Q.wav,4,3,4,4,0.11649948716707796,0.003500849022926109,0.0034565198429516177,0.0007666989929501013,0.8757764449740941
asthma_v2_pneumonia_P2Pneumonia28R.wav,4,3,4,4,0.019637593677277958,0.0005094728242957284,0.0009392889603591005,0.0005317483502142122,0.9783818961878531
asthma_v2_pneumonia_P2Pneumonia36Z.wav,4,3,4,4,0.03115607823132322,0.005481924153509819,0.0022562076327162645,0.0011027964104644657,0.9600029935719864
asthma_v2_pneumonia_P2Pneumonia70H.wav,4,3,4,4,0.051673935289802166,0.004337089125820696,0.00374343926002096,0.0027637634276598245,0.9374817728966964
asthma_v2_pneumonia_P2Pneumonia82A.wav,4,3,4,4,0.04683263505998184,0.0037353881396402504,0.0006339844077815351,0.0022748248048953925,0.946523167587701
asthma_v2_pneumonia_P2Pneumonia93N.wav,4,3,4,4,0.02738162761967233,0.0011239620022501073,0.002508262972163101,0.0035153945238684254,0.9654707528820462
asthma_v2_pneumonia_P33Pneumonia50P.wav,4,3,4,4,0.06128084953607268,0.0014905684824310656,0.0007664222989782483,0.0021950084943997946,0.9342671511881182
asthma_v2_pneumonia_P33Pneumonia70D.wav,4,3,4,4,0.029586012657075188,0.0007653039519127429,0.0013762650980812818,0.00039073173630204306,0.9678816865566289
asthma_v2_pneumonia_P33Pneumonia74T.wav,4,3,4,4,0.035000826430650264,0.0019697100286861766,0.000878498754675261,0.00047695250629301266,0.9616740122796954
asthma_v2_pneumonia_P33Pneumonia88U.wav,4,3,4,4,0.030913895462334983,0.0014154242673278343,0.0007408404079989183,0.0005177418391927365,0.9664120980231455
asthma_v2_pneumonia_P33Pneumonia94C.wav,4,3,4,4,0.04850525857851738,0.001042420665671983,0.000548693453154371,0.0024731325974470995,0.947430494705209
asthma_v2_pneumonia_P33Pneumonia94P.wav,4,3,4,4,0.048322894439675475,0.0009829946549245396,0.0006455745844428803,0.0003846042054316235,0.9496639321155257
asthma_v2_pneumonia_P45Pneumonia10J.wav,4,3,4,3,0.07357192302751234,0.0035680940473281353,0.030643004878544166,0.40037209509214705,0.4918448829544687
asthma_v2_pneumonia_P45Pneumonia25T.wav,4,3,4,4,0.10587556960497356,0.0017359649580762065,0.08819036294897614,0.009672336874584596,0.7945257656133895
asthma_v2_pneumonia_P45Pneumonia29L.wav,4,3,4,4,0.21932340810315779,0.0056874085453964005,0.09823940896879621,0.01063147403345879,0.6661183003491906
asthma_v2_pneumonia_P45Pneumonia51F.wav,4,3,4,3,0.09738480166797457,0.0038108144325198156,0.06588598029127524,0.3907910812962156,0.4421273223120147
asthma_v2_pneumonia_P45Pneumonia59I.wav,4,3,4,4,0.04820935949060059,0.0007699594433925206,0.06252046354823962,0.011714195031353698,0.8767860224864136
asthma_v2_pneumonia_P45Pneumonia72P.wav,4,3,4,3,0.1212545789824711,0.004918286658045097,0.24853972106777794,0.24623919684819165,0.379048216443514
asthma_v2_pneumonia_P46Pneumonia15W.wav,4,3,4,3,0.3258337883640214,0.006475259521858798,0.018210048884142613,0.3193114838642044,0.3301694193657729
asthma_v2_pneumonia_P46Pneumonia22V.wav,4,3,4,4,0.028480903295571323,0.015947969881677106,0.4121736495460567,0.1488027430878749,0.3945947341888198
asthma_v2_pneumonia_P46Pneumonia49D.wav,4,3,4,4,0.30770599889303607,0.005506273840067874,0.008428371187618132,0.1775291402638446,0.5008302158154333
asthma_v2_pneumonia_P46Pneumonia80D.wav,4,3,4,3,0.011717803182616468,0.006070880230107882,0.2984209415460889,0.4757967678274633,0.2079936072137237
asthma_v2_pneumonia_P46Pneumonia95A.wav,4,3,4,3,0.04660468249516738,0.010818361312843762,0.15149585261799467,0.5132260441905284,0.2778550593834656
asthma_v2_pneumonia_P46Pneumonia99Y.wav,4,3,4,3,0.20542114817464294,0.0029402230397173913,0.373773326376628,0.161964563457808,0.2559007389512034
asthma_v2_pneumonia_P48Pneumonia31K.wav,4,3,4,3,0.011717803182616468,0.006070880230107882,0.2984209415460889,0.4757967678274633,0.2079936072137237
asthma_v2_pneumonia_P48Pneumonia61T.wav,4,3,4,4,0.028480903295571323,0.015947969881677106,0.4121736495460567,0.1488027430878749,0.3945947341888198
asthma_v2_pneumonia_P48Pneumonia82Z.wav,4,3,4,3,0.04660468249516738,0.010818361312843762,0.15149585261799467,0.5132260441905284,0.2778550593834656
asthma_v2_pneumonia_P6Pneumonia15U.wav,4,3,4,4,0.1296343588433049,0.004972591908083782,0.07323548156783306,0.005749259516978547,0.7864083081637997
asthma_v2_pneumonia_P6Pneumonia17Q.wav,4,3,4,4,0.03156754273932985,0.0022794211827093388,0.03689216800179026,0.03418989798788401,0.8950709700882865
asthma_v2_pneumonia_P6Pneumonia32L.wav,4,3,4,4,0.05427924857636308,0.013163700898814456,0.03782449128951503,0.0036349983369034504,0.8910975608984042
asthma_v2_pneumonia_P6Pneumonia37H.wav,4,3,4,4,0.030887933445404074,0.019710776718833183,0.08393274451367339,0.209654575760945,0.6558139695611441
asthma_v2_pneumonia_P6Pneumonia39O.wav,4,3,4,4,0.059238138762200826,0.005180152265365962,0.034368149925751296,0.0024492996894747306,0.8987642593572073
asthma_v2_pneumonia_P6Pneumonia84M.wav,4,3,4,4,0.02732940980227278,0.002900961366295463,0.03631704002346012,0.008312888515525118,0.9251397002924464
asthma_v2_Bronchial_P15BronchialSc_72.wav,4,4,1,1,0.004538618871789726,0.987733636582277,0.0012683955165975155,0.004659024974810768,0.001800324054525163
asthma_v2_Bronchial_P15BronchialSc_74.wav,4,4,1,1,0.008861862486401301,0.6227777067539537,0.35511677407691417,0.008968897557815676,0.004274759124914832
asthma_v2_Bronchial_P15BronchialTc_71.wav,4,4,1,1,0.00458223983923849,0.986427274926101,0.0014869667591703556,0.0051962440946610984,0.0023072743808290356
asthma_v2_Bronchial_P15BronchialTc_73.wav,4,4,1,1,0.006308669988837381,0.9737356125363298,0.010499478775554823,0.006762599272415418,0.0026936394268627663
asthma_v2_Bronchial_P15BronchialTc_75.wav,4,4,1,1,0.00959354661934882,0.711556454983531,0.2687647302965551,0.0052134499782276415,0.004871818122337474
asthma_v2_Bronchial_P18BronchialSc_86.wav,4,4,1,1,0.0030107991083597086,0.9873111289462968,0.002085358611720534,0.00605341624694553,0.001539297086677315
asthma_v2_Bronchial_P18BronchialSc_88.wav,4,4,1,1,0.019658265903290926,0.9080123586260729,0.05353658879301484,0.004749613295759768,0.014043173381861646
asthma_v2_Bronchial_P18BronchialSc_90.wav,4,4,1,1,0.020239403329653297,0.8768930848370213,0.0882174462231139,0.0037520815237160193,0.010897984086495687
asthma_v2_Bronchial_P18BronchialTc_87.wav,4,4,1,1,0.003428065096880527,0.9863112591314595,0.0029893291567956357,0.005775226575489335,0.0014961200393749073
asthma_v2_Bronchial_P18BronchialTc_89.wav,4,4,1,1,0.010850021195292145,0.9693692100541508,0.012422668645062824,0.0029719875318498373,0.0043861125736446085
asthma_v2_Bronchial_P8BronchialSc_36.wav,4,4,1,1,0.02611701916561147,0.7957581584302321,0.05210358287846524,0.08339695125506259,0.042624288270628925
asthma_v2_Bronchial_P8BronchialSc_38.wav,4,4,1,1,0.004406782691621404,0.9710109471261926,0.008909715734675208,0.008697825879292624,0.006974728568217969
asthma_v2_Bronchial_P8BronchialSc_40.wav,4,4,1,1,0.003987511331869436,0.9516702457924908,0.008135828614452641,0.03307719579121678,0.00312921846997044
asthma_v2_Bronchial_P8BronchialTc_37.wav,4,4,1,1,0.04897294200043506,0.6972217796485103,0.056212017746287306,0.11650234086971213,0.08109091973505543
asthma_v2_Bronchial_P8BronchialTc_39.wav,4,4,1,1,0.007255604969246528,0.946914723015779,0.017169537420448428,0.02480365057350995,0.0038564840210160937
asthma_v2_Bronchial_P9BronchialSc_42.wav,4,4,1,1,0.004494792595235184,0.9636486474451732,0.008569022996809287,0.017590217518762143,0.005697319444020311
asthma_v2_Bronchial_P9BronchialSc_44.wav,4,4,1,1,0.015453000730142797,0.916367084500355,0.0071611850372258045,0.04874035663112037,0.012278373101156403
asthma_v2_Bronchial_P9BronchialTc_41.wav,4,4,1,1,0.0038920852370181247,0.9254404127468349,0.004524199732825825,0.06300586310622779,0.003137439177093345
asthma_v2_Bronchial_P9BronchialTc_43.wav,4,4,1,1,0.018244887113628,0.9144883310328733,0.013971330132821905,0.0195344583533003,0.03376099336737632
asthma_v2_Bronchial_P9BronchialTc_45.wav,4,4,1,1,0.0034871279840600435,0.9490395666709097,0.04073551667935039,0.004589799425647469,0.002147989240032082
asthma_v2_asthma_P10AsthmaIE_49.wav,4,4,0,0,0.8365975832167261,0.016414657599988017,0.02273717734434066,0.008882468726547754,0.1153681131123976
asthma_v2_asthma_P10AsthmaIU_46.wav,4,4,0,0,0.9196491051536734,0.048371958813211303,0.006899106990054385,0.0024727743455081807,0.02260705469755273
asthma_v2_asthma_P10AsthmaIU_50.wav,4,4,0,0,0.89354866093515,0.06491475136803095,0.008430248173706571,0.003011202364644901,0.03009513715846786
asthma_v2_asthma_P10AsthmaRL_47.wav,4,4,0,0,0.9264078587885745,0.018624668284981438,0.011555271356626533,0.002794398424960992,0.040617803144856725
asthma_v2_asthma_P10AsthmaRS_48.wav,4,4,0,0,0.9107168509864101,0.04159805250050446,0.009097603791722027,0.001520582586114985,0.03706691013524827
asthma_v2_asthma_P12WheezingIE_57.wav,4,4,0,0,0.7886313649272233,0.018846512126864688,0.0707715838049464,0.0061888944851518765,0.11556164465581376
asthma_v2_asthma_P12WheezingIU_58.wav,4,4,0,0,0.8600542938678907,0.021290479528282218,0.026816087706561242,0.00804222197919277,0.08379691691807326
asthma_v2_asthma_P12WheezingRL_59.wav,4,4,0,0,0.8945993380591339,0.03104576185087315,0.022551517480213102,0.002945580009456002,0.04885780260032391
asthma_v2_asthma_P12WheezingRS_56.wav,4,4,0,0,0.6615210932143172,0.027722707160962638,0.1456897006318381,0.009246279871398432,0.15582021912148364
asthma_v2_asthma_P12WheezingRS_60.wav,4,4,0,0,0.9166946372355148,0.05260048265629805,0.005553657094630894,0.0015505778758133878,0.023600645137742713
asthma_v2_asthma_P19WheezingIE_93.wav,4,4,0,4,0.2657265410265554,0.015234395692259218,0.0017567825290113138,0.018748070840931143,0.698534209911243
asthma_v2_asthma_P19WheezingIU_94.wav,4,4,0,0,0.7777123066619174,0.07164114234960275,0.03025482500965226,0.002162924024228333,0.11822880195459942
asthma_v2_asthma_P19WheezingRL_91.wav,4,4,0,0,0.9392920188277593,0.022788395783209882,0.0026210905318998644,0.0003711071416438299,0.034927387715487104
asthma_v2_asthma_P19WheezingRL_95.wav,4,4,0,0,0.9712463478810254,0.006336922484070723,0.0009861579119020214,9.927088457805758e-05,0.021331300838423974
asthma_v2_asthma_P19WheezingRS_92.wav,4,4,0,3,0.2821260087265617,0.03266452460310861,0.026311371042755397,0.35326262634832123,0.3056354692792528
asthma_v2_asthma_P21WheezingIE_101.wav,4,4,0,0,0.7990564839362199,0.019381139747312558,0.0030438764526076008,0.05529496833311108,0.12322353153074908
asthma_v2_asthma_P21WheezingIE_105.wav,4,4,0,4,0.32292535746757006,0.04217566772632836,0.13596782159903845,0.014665992496475906,0.48426516071058723
asthma_v2_asthma_P21WheezingIU_102.wav,4,4,0,0,0.821048068203466,0.03779730571574068,0.0003559557824118879,0.03663982065902003,0.10415884963936112
asthma_v2_asthma_P21WheezingRL_103.wav,4,4,0,0,0.8193764609739373,0.008737715136229786,0.0028401638077185693,0.05149082099772481,0.11755483908438952
asthma_v2_asthma_P21WheezingRS_104.wav,4,4,0,4,0.21677074567816135,0.030847360939679176,0.19643183938490824,0.006056078921652412,0.5498939750755983
asthma_v2_asthma_P2AsthmaIE_9.wav,4,4,0,0,0.9276379495347107,0.012155595156958882,0.006009735500913367,0.005039501325737315,0.04915721848167986
asthma_v2_asthma_P2AsthmaIU_10.wav,4,4,0,0,0.9161118695256251,0.027418749348653418,0.004240008122833132,0.010282110635942402,0.041947262366946035
asthma_v2_asthma_P2AsthmaIU_6.wav,4,4,0,2,0.15101714803119948,0.147749231783635,0.599670824094042,0.050755758066525936,0.050807038024597365
asthma_v2_asthma_P2AsthmaRL_7.wav,4,4,0,0,0.862303244114456,0.007642567706294233,0.04538900553814443,0.011057557774710349,0.07360762486639501
asthma_v2_asthma_P2AsthmaRS_8.wav,4,4,0,0,0.9335839130873951,0.008419236999625507,0.005282770505596163,0.007440986186139746,0.04527309322124358
asthma_v2_asthma_P31WheezingIE_153.wav,4,4,0,4,0.0715581179033831,0.019802719058394366,0.02020169523323426,0.047265489687798964,0.8411719781171896
asthma_v2_asthma_P31WheezingIU_154.wav,4,4,0,0,0.8081558366313837,0.01696160586914198,0.0028928556034207614,0.0041227770422970255,0.16786692485375634
asthma_v2_asthma_P31WheezingRL_151.wav,4,4,0,0,0.8406897619625255,0.022396398502846603,0.034354856168486214,0.0012457864787835148,0.1013131968873579
asthma_v2_asthma_P31WheezingRL_155.wav,4,4,0,0,0.7349187318464931,0.0020700861083991456,0.0006612342343308225,0.0004341446956295692,0.2619158031151472
asthma_v2_asthma_P31WheezingRS_152.wav,4,4,0,4,0.22635042290308194,0.03724101597250354,0.014038580891888745,0.10455937459426397,0.6178106056382617
asthma_v2_asthma_P33WheezingIE_161.wav,4,4,0,0,0.5824779120680285,0.03434813121607881,0.0046320772783096835,0.00938399733355595,0.369157882104027
asthma_v2_asthma_P33WheezingIE_165.wav,4,4,0,1,0.43151657259781356,0.45029358768719935,0.0360770092187566,0.0016099001685650875,0.08050293032766515
asthma_v2_asthma_P33WheezingIU_162.wav,4,4,0,0,0.6374899807005387,0.03718402007499134,0.14937497503939243,0.005773709407259592,0.17017731477781803
asthma_v2_asthma_P33WheezingRL_163.wav,4,4,0,0,0.7897224172544398,0.02063333859333119,0.043817709478558696,0.002484176302033934,0.14334235837163634
asthma_v2_asthma_P33WheezingRS_164.wav,4,4,0,0,0.8793800811691864,0.007934661762668462,0.03995711033940963,0.00220187980474493,0.07052626692399089
asthma_v2_asthma_P36WheezingIE_177.wav,4,4,0,0,0.9683812597480894,0.008018678428404476,0.012689488676480648,0.00039896173665169,0.01051161141037359
asthma_v2_asthma_P36WheezingIU_178.wav,4,4,0,0,0.9825723800120142,0.000938340160733498,0.004528641176271777,0.00021757684104994554,0.011743061809931182
asthma_v2_asthma_P36WheezingRL_179.wav,4,4,0,0,0.4198003765743061,0.4065255760705787,0.10771656206181389,0.005900851443110952,0.06005663385019067
asthma_v2_asthma_P36WheezingRS_176.wav,4,4,0,0,0.9599949293910505,0.006289437510557053,0.02409193103523819,0.00042702585670626223,0.009196676206448031
asthma_v2_asthma_P36WheezingRS_180.wav,4,4,0,0,0.4461767094176011,0.4315277908427003,0.07775148328739684,0.0040998079276645585,0.040444208524637336
asthma_v2_asthma_P46WheezingIE_229.wav,4,4,0,0,0.7814990314545365,0.08601966649029893,0.08536464017648669,0.0053929944390659025,0.041723667439612006
asthma_v2_asthma_P46WheezingIU_226.wav,4,4,0,0,0.6832555315400715,0.21199237759378445,0.058530438480677446,0.01247515379529651,0.033746498590169934
asthma_v2_asthma_P46WheezingIU_230.wav,4,4,0,0,0.8968111919417261,0.011101098599550017,0.06374919289067767,0.002043843859445466,0.026294672708600867
asthma_v2_asthma_P46WheezingRL_227.wav,4,4,0,0,0.6317966946819511,0.10743250903244904,0.23714710475162018,0.004187002810915838,0.01943668872306424
asthma_v2_asthma_P46WheezingRS_228.wav,4,4,0,0,0.37111930906504936,0.31014309231833026,0.26643795980017954,0.010094855886774985,0.04220478292966552
asthma_v2_asthma_P47WheezingIE_233.wav,4,4,0,0,0.9102524988411276,0.0008856688521230999,0.07422931729691198,0.0004357003654438143,0.014196814644393629
asthma_v2_asthma_P47WheezingIU_234.wav,4,4,0,0,0.9576645783906665,0.0020786455047286955,0.03490804117414304,0.0002594862282769935,0.005089248702184494
asthma_v2_asthma_P47WheezingRL_231.wav,4,4,0,0,0.3186390948086213,0.12776090849288577,0.513250645623774,0.008979801773698367,0.0313695493010209
asthma_v2_asthma_P47WheezingRL_235.wav,4,4,0,0,0.952605232741151,0.0011380700230431027,0.034918027148941815,0.0009964941907021335,0.010342175896161813
asthma_v2_asthma_P47WheezingRS_232.wav,4,4,0,0,0.9630417489281455,0.0012091695270064755,0.023890585364654666,0.0004606545571005795,0.011397841623092425
asthma_v2_asthma_P49WheezingIE_241.wav,4,4,0,0,0.7162424472399569,0.014438373394601847,0.018082546133473952,0.003000659015770101,0.24823597421619714
asthma_v2_asthma_P49WheezingIE_245.wav,4,4,0,0,0.9810131482438434,0.0008777538129450702,0.007326691012946194,0.004907014688708251,0.0058753922415571555
asthma_v2_asthma_P49WheezingIU_242.wav,4,4,0,0,0.5081080873625954,0.10885995214210156,0.08296481660831076,0.004915022985667578,0.2951521209013245
asthma_v2_asthma_P49WheezingRL_243.wav,4,4,0,0,0.9833805512617205,0.00601542994637521,0.004171825880960866,0.0017802015394921265,0.004651991371451158
asthma_v2_asthma_P49WheezingRS_244.wav,4,4,0,0,0.9950492472694787,0.0003398995496827861,0.0026655682419792185,0.0003879478938147822,0.0015573370450442357
asthma_v2_asthma_P50WheezingIE_249.wav,4,4,0,0,0.9585644951255347,0.0012374018294730113,0.010395980868901672,0.002907171089599156,0.02689495108649126
asthma_v2_asthma_P50WheezingIU_246.wav,4,4,0,0,0.9290883305327081,0.0011582284121616046,0.005858906501749064,0.009374397628920988,0.054520136924460345
asthma_v2_asthma_P50WheezingIU_250.wav,4,4,0,0,0.9371567034828158,0.0018454654373776002,0.014837778510358512,0.005443595343982629,0.040716457225465665
asthma_v2_asthma_P50WheezingRL_247.wav,4,4,0,0,0.961265634024412,0.00577669108072608,0.00650122928349864,0.004008491171296149,0.022447954440066985
asthma_v2_asthma_P50WheezingRS_248.wav,4,4,0,0,0.8714990416698909,0.048163844657274905,0.02392042636337559,0.0015793409988561456,0.05483734631060258
asthma_v2_asthma_P6AsthmaIE_29.wav,4,4,0,0,0.9245890222737407,0.0435769780365567,0.00671167531574082,0.001626197717061834,0.02349612665690003
asthma_v2_asthma_P6AsthmaIU_26.wav,4,4,0,0,0.731608530919947,0.051817927206096015,0.09786517071416859,0.019046105917104966,0.09966226524268341
asthma_v2_asthma_P6AsthmaIU_30.wav,4,4,0,0,0.932333756468409,0.040190961407466114,0.004882450861267879,0.0018730060920360042,0.020719825170821153
asthma_v2_asthma_P6AsthmaRL_27.wav,4,4,0,0,0.8079614472794603,0.008586195717766427,0.028678373879432468,0.009791116875919988,0.14498286624742082
asthma_v2_asthma_P6AsthmaRS_28.wav,4,4,0,0,0.846560870191081,0.007790907634535531,0.026729404861620315,0.007631107123125172,0.11128771018963794
asthma_v2_copd_P15COPDMc_114.wav,4,4,2,2,0.05281974105366092,0.03740827329739356,0.9035472958111312,0.004752315365199131,0.0014723744726151747
asthma_v2_copd_P15COPDMc_116.wav,4,4,2,2,0.02872445936244627,0.005305257900086104,0.9644678095288011,0.00047290840312281363,0.0010295648055438315
asthma_v2_copd_P15COPDMc_118.wav,4,4,2,0,0.9758879994845211,0.0030521164006153817,0.01792733786861532,0.0004929704482257914,0.0026395757980223924
asthma_v2_copd_P15COPDMc_120.wav,4,4,2,2,0.191906304804328,0.060780367732937574,0.7202322249416652,0.008259549018808158,0.01882155350226095
asthma_v2_copd_P15COPDPr_113.wav,4,4,2,0,0.3625672686182799,0.02685635014770792,0.6065167591198729,0.0017097317053807572,0.002349890408758524
asthma_v2_copd_P15COPDPr_115.wav,4,4,2,2,0.18138628164474016,0.017136177207016212,0.7904366042131064,0.002063258844834958,0.008977678090302367
asthma_v2_copd_P15COPDPr_117.wav,4,4,2,0,0.5224013461929615,0.028399210279398075,0.43820460499722785,0.0014835838742180982,0.009511254656194597
asthma_v2_copd_P15COPDPr_119.wav,4,4,2,2,0.08314339742042011,0.02024168071784326,0.8802277452628958,0.008084189483101417,0.008302987115739239
asthma_v2_copd_P1COPDMc_2.wav,4,4,2,0,0.6871801537326595,0.007127379063203179,0.19919129607093974,0.08178511882564055,0.024716052307557034
asthma_v2_copd_P1COPDMc_4.wav,4,4,2,2,0.003039600488869282,0.0007370227246724404,0.9601106814658765,0.0018687190309217396,0.03424397628966007
asthma_v2_copd_P1COPDMc_6.wav,4,4,2,2,0.0035895449916888197,0.0002852918589746744,0.9253772272643139,0.0018196656248115138,0.06892827026021091
asthma_v2_copd_P1COPDMc_8.wav,4,4,2,2,1.2184216588913128e-07,7.985188526146476e-08,0.9999456779462217,1.805133144254553e-05,3.60690282846083e-05
asthma_v2_copd_P1COPDPr_1.wav,4,4,2,0,0.9725694216739018,0.0053832212934744215,0.014914246278519536,0.0012841651354477048,0.005848945618656365
asthma_v2_copd_P1COPDPr_3.wav,4,4,2,2,0.05941446209878738,0.0026705306385370327,0.9322125915963828,0.0007896777821832773,0.004912737884109462
asthma_v2_copd_P1COPDPr_5.wav,4,4,2,2,0.002744921664578672,0.0007484370978947349,0.9544317136831113,0.0017952096233650166,0.04027971793105028
asthma_v2_copd_P1COPDPr_7.wav,4,4,2,2,0.003667190274507546,0.0006929420464180673,0.9438563471902603,0.002279539342398709,0.04950398114641536
asthma_v2_copd_P26COPDMc_202.wav,4,4,2,2,8.02788570310161e-09,7.725465395133583e-09,0.9999852960404862,8.230189651928575e-06,6.458016510771449e-06
asthma_v2_copd_P26COPDMc_204.wav,4,4,2,2,7.225607359366082e-07,4.217895112731187e-07,0.999895636096321,7.498937056022721e-05,2.8230182871644083e-05
asthma_v2_copd_P26COPDMc_206.wav,4,4,2,2,0.0049480989508857535,0.018134922703913946,0.9729216021155143,0.0011199661304900955,0.002875410099195902
asthma_v2_copd_P26COPDMc_208.wav,4,4,2,2,0.004173219356079138,0.01295788325411815,0.979310333082325,0.0009884106134190249,0.0025701536940588745
asthma_v2_copd_P26COPDPr_201.wav,4,4,2,2,2.3465035915305817e-09,2.6511807854461465e-09,0.9999953162502341,2.8794963063998665e-06,1.7992557749745001e-06
asthma_v2_copd_P26COPDPr_203.wav,4,4,2,2,5.726484637607686e-07,3.77150981692219e-07,0.9998976234077319,7.398043949606022e-05,2.7446353326475805e-05
asthma_v2_copd_P26COPDPr_205.wav,4,4,2,2,3.0655524546485737e-07,2.1083117297824955e-07,0.9999289045822204,4.0625452709296724e-05,2.9952578651983996e-05
asthma_v2_copd_P26COPDPr_207.wav,4,4,2,2,0.0015009708236396527,0.003425692101112931,0.9936324247528774,0.00028848391652455934,0.0011524284058450668
asthma_v2_copd_P28COPDMc_218.wav,4,4,2,2,0.007485940522322532,0.0014429150492569006,0.9878019036535247,0.0010476893841791855,0.0022215513907168066
asthma_v2_copd_P28COPDMc_220.wav,4,4,2,2,0.008143752082003759,0.0020749873308480663,0.9866831097099933,0.0011077376793923476,0.0019904131977626486
asthma_v2_copd_P28COPDMc_222.wav,4,4,2,2,8.229105479318419e-07,1.1907936620956916e-06,0.9999525074832436,1.846074734232262e-05,2.7018065204130186e-05
asthma_v2_copd_P28COPDMc_224.wav,4,4,2,2,1.7058459608658723e-07,1.205210901642981e-07,0.9999835211379046,4.1153246172891974e-06,1.2072431791970476e-05
asthma_v2_copd_P28COPDPr_217.wav,4,4,2,2,4.2795003951815954e-07,3.4479864181838244e-07,0.9996934745603645,0.00023674105363803575,6.901163731588895e-05
asthma_v2_copd_P28COPDPr_219.wav,4,4,2,2,0.006043559137230192,0.0023286543073949145,0.9891515513365579,0.0008346881189075834,0.0016415470999095738
asthma_v2_copd_P28COPDPr_221.wav,4,4,2,2,0.001113024218599873,0.0009904628959431108,0.9974010483414938,8.386101668752865e-05,0.0004116035272755786
asthma_v2_copd_P28COPDPr_223.wav,4,4,2,2,4.845878961043827e-07,7.839990134047295e-07,0.9999412439181751,2.6276689047580777e-05,3.121080586768255e-05
asthma_v2_copd_P32COPDMc_250.wav,4,4,2,0,0.503759285647753,0.061175746742767545,0.40109472574935007,0.010167399464647895,0.023802842395481656
asthma_v2_copd_P32COPDMc_252.wav,4,4,2,0,0.6356755866940634,0.00778473778916448,0.3532689429053933,0.0005061785599233955,0.0027645540514554413
asthma_v2_copd_P32COPDMc_254.wav,4,4,2,2,0.19938675795610833,0.0032710560334658816,0.7953346923043784,0.0010759341351984774,0.0009315595708487119
asthma_v2_copd_P32COPDMc_256.wav,4,4,2,2,0.2369268599311036,0.007244937162415787,0.7482399139580198,0.0028263118358565946,0.004761977112604174
asthma_v2_copd_P32COPDPr_249.wav,4,4,2,0,0.5517825272798512,0.018080242069571414,0.4055642634653507,0.010882260321050493,0.013690706864176184
asthma_v2_copd_P32COPDPr_251.wav,4,4,2,0,0.36691331260150895,0.0198140932647664,0.6071848884588816,0.0011802772569653869,0.004907428417878111
asthma_v2_copd_P32COPDPr_253.wav,4,4,2,0,0.6214271693466611,0.011107835060525265,0.3585003342792886,0.004695470164767899,0.004269191148757
asthma_v2_copd_P32COPDPr_255.wav,4,4,2,0,0.5708918398565851,0.007721487405690458,0.4190642735578649,0.0006228849709399321,0.001699514208919387
asthma_v2_copd_P33COPDMc_258.wav,4,4,2,4,0.047557031836239966,0.0044461259403131195,0.05401439706039702,0.11297566469071249,0.7810067804723376
asthma_v2_copd_P33COPDMc_260.wav,4,4,2,4,0.015467097926054234,0.03796276635283438,0.12685530590197316,0.037619071352523015,0.7820957584666148
asthma_v2_copd_P33COPDMc_262.wav,4,4,2,1,0.040539069903199394,0.3715258212493501,0.3219923014095125,0.10206601193538722,0.16387679550255066
asthma_v2_copd_P33COPDMc_264.wav,4,4,2,2,0.0006554487363277661,0.018367714756479258,0.980305945845134,0.00013943629105530017,0.0005314543710037662
asthma_v2_copd_P33COPDPr_257.wav,4,4,2,2,0.015302088156870959,0.0010392392526917293,0.9831574356449869,0.00014347277083758198,0.0003577641746130689
asthma_v2_copd_P33COPDPr_259.wav,4,4,2,4,0.012745670406351474,0.06238568927455841,0.23237658472379644,0.07689622148435031,0.6155958341109433
asthma_v2_copd_P33COPDPr_261.wav,4,4,2,1,0.03977135624618606,0.2653929931655094,0.22424290424061386,0.1029436777212025,0.36764906862648816
asthma_v2_copd_P33COPDPr_263.wav,4,4,2,1,0.04711499139218098,0.39764867063083703,0.22966723464239203,0.1398224568927164,0.1857466464418736
asthma_v2_copd_P46COPDMc_362.wav,4,4,2,2,0.012959696399518057,0.00215744815250881,0.9235154074814188,0.008246007292856733,0.05312144067369801
asthma_v2_copd_P46COPDMc_364.wav,4,4,2,2,0.0018597387933400953,0.0010215736483000467,0.9078062119953678,0.006820996915407135,0.08249147864758467
asthma_v2_copd_P46COPDMc_366.wav,4,4,2,2,0.0009320324232763126,0.0008068167791217642,0.9943045830014506,0.001424817632277355,0.002531750163873724
asthma_v2_copd_P46COPDMc_368.wav,4,4,2,2,0.00851722258661465,0.003399819077511873,0.9838219860076842,0.0011747277521656726,0.003086244576023457
asthma_v2_copd_P46COPDPr_361.wav,4,4,2,2,0.00486607203842523,0.0635325312772296,0.8363371196390817,0.021695437070064404,0.07356883997519881
asthma_v2_copd_P46COPDPr_363.wav,4,4,2,2,0.004928562056127785,0.0011305503999467724,0.986925054674907,0.0014605994498092779,0.0055552334192088175
asthma_v2_copd_P46COPDPr_365.wav,4,4,2,2,0.003605444317306268,0.00030556943373024004,0.9789072299818387,0.006475260707049879,0.010706495560075104
asthma_v2_copd_P46COPDPr_367.wav,4,4,2,2,0.013011968713763611,0.0016170216552486448,0.9739629542571139,0.0032794833250575665,0.008128572048816238
asthma_v2_copd_P4COPDMc_26.wav,4,4,2,2,0.0006787408190877741,0.001870131682360232,0.9932859754549072,0.0033440871013918306,0.0008210649422527066
asthma_v2_copd_P4COPDMc_28.wav,4,4,2,2,0.00046935236495196484,0.0020074902640360975,0.9966166594334915,0.000564346259079242,0.0003421516784409569
asthma_v2_copd_P4COPDMc_30.wav,4,4,2,2,0.018843455841588752,0.01018042658477199,0.9537129505312522,0.006505397927732708,0.010757769114654026
asthma_v2_copd_P4COPDMc_32.wav,4,4,2,4,0.18807526680870276,0.024614668484743404,0.5306445199141072,0.06156155011669313,0.19510399467575368
asthma_v2_copd_P4COPDPr_25.wav,4,4,2,2,0.000563974786171256,0.002251992933915692,0.9938962061356736,0.0026073628794157466,0.000680463264823527
asthma_v2_copd_P4COPDPr_27.wav,4,4,2,2,0.00038253592807887805,0.0003334030132014341,0.9988277858521603,0.00026292210902794814,0.00019335309753131774
asthma_v2_copd_P4COPDPr_29.wav,4,4,2,2,0.0017020866810350233,0.0025118421530959997,0.9947544564822529,0.0004904886836490421,0.0005411259999666182
asthma_v2_copd_P4COPDPr_31.wav,4,4,2,2,0.013350386286288249,0.016203382194947078,0.9556215197488889,0.006118252068076788,0.00870645970179909
asthma_v2_copd_P7COPDMc_50.wav,4,4,2,2,0.02218755893507822,0.005430643534955047,0.8745046176492391,0.06747772969972407,0.03039945018100358
asthma_v2_copd_P7COPDMc_52.wav,4,4,2,2,0.012862028113226317,0.027205521105330695,0.8592450366362527,0.09412425046860447,0.006563163676585751
asthma_v2_copd_P7COPDMc_54.wav,4,4,2,3,0.00835808927461809,0.007977865787960307,0.6753325373061068,0.30237762934257073,0.0059538782887444885
asthma_v2_copd_P7COPDMc_56.wav,4,4,2,2,0.010331137730879719,0.011533326885094484,0.7905124666498787,0.17351048576198805,0.014112582972158954
asthma_v2_copd_P7COPDPr_49.wav,4,4,2,2,0.017483148850456296,0.019729097604622856,0.9317777257267219,0.006219921985719252,0.024790105832479353
asthma_v2_copd_P7COPDPr_51.wav,4,4,2,2,0.010400858926319924,0.003359002129142034,0.9556327360963273,0.020888729618396943,0.00971867322981385
asthma_v2_copd_P7COPDPr_53.wav,4,4,2,3,0.0049883043109123695,0.005519505695179705,0.7100204260751561,0.2753738228705312,0.004097941048220765
asthma_v2_copd_P7COPDPr_55.wav,4,4,2,2,0.013193290138388054,0.23038790581694843,0.6022240252040784,0.14661185226358908,0.007582926576996048
asthma_v2_healthy_P12Healthy16S.wav,4,4,3,3,0.028179825910975967,0.059150382836100086,0.10755174875613677,0.7798938988223522,0.02522414367443544
asthma_v2_healthy_P12Healthy67S.wav,4,4,3,1,0.08462891700896841,0.26558878078677745,0.4280252572492858,0.08499996541923313,0.13675707953573504
asthma_v2_healthy_P12Healthy93S.wav,4,4,3,2,0.014181779140813526,0.00890182517609099,0.9319753974221853,0.023659807120383566,0.021281191140526966
asthma_v2_healthy_P12Healthy98S.wav,4,4,3,3,0.05427425261321972,0.1323998496026292,0.1369520556201072,0.5774928903355203,0.09888095182852347
asthma_v2_healthy_P12Healthy99S.wav,4,4,3,2,0.018411434770528135,0.04742696733941057,0.7198444145470257,0.17717067996203795,0.037146503380997536
asthma_v2_healthy_P13Healthy28S.wav,4,4,3,3,0.02605919109100549,0.009294199121141928,0.04904174157988211,0.8761367576258573,0.03946811058211336
asthma_v2_healthy_P13Healthy42S.wav,4,4,3,3,0.010700182949585904,0.02535996325668235,0.03026610972241032,0.9194679711053908,0.014205772965930893
asthma_v2_healthy_P13Healthy48S.wav,4,4,3,3,0.05647427642500528,0.09334568893041896,0.058634302762566204,0.7398276064657688,0.05171812541624073
asthma_v2_healthy_P13Healthy53S.wav,4,4,3,3,0.07606359019211324,0.16642806613132147,0.09494932772972142,0.606350164425246,0.05620885152159787
asthma_v2_healthy_P13Healthy69S.wav,4,4,3,3,0.07405772734990988,0.10435734114205109,0.09434504661332956,0.6259703623926999,0.10126952250200962
asthma_v2_healthy_P17Healthy22S.wav,4,4,3,3,0.016193433700260544,0.02691754131661428,0.06533984157072792,0.4027721971025866,0.4887769863098107
asthma_v2_healthy_P17Healthy35S.wav,4,4,3,3,0.011548502771921149,0.020422726951764534,0.012774033055796892,0.4283134731956948,0.5269412640248229
asthma_v2_healthy_P17Healthy58S.wav,4,4,3,0,0.228409569381028,0.048244491200516985,0.02236736546940006,0.15006572731077328,0.5509128466382818
asthma_v2_healthy_P17Healthy71S.wav,4,4,3,4,0.11091528977634041,0.018833126934077935,0.0621500621363077,0.09683023849875262,0.7112712826545213
asthma_v2_healthy_P17Healthy83S.wav,4,4,3,4,0.08998252137592531,0.029943235917202507,0.016693519431661516,0.03562981845988737,0.8277509048153233
asthma_v2_healthy_P18Healthy17S.wav,4,4,3,3,0.15319698544409424,0.007118654649022009,0.023645288300735597,0.7381233100697339,0.07791576153641445
asthma_v2_healthy_P18Healthy46S.wav,4,4,3,1,0.07997762312168012,0.5493006491538918,0.04348371293626846,0.19409587216669888,0.13314214262146068
asthma_v2_healthy_P18Healthy59S.wav,4,4,3,1,0.08864319711500628,0.6876074015499316,0.029102707537602534,0.11094336878786093,0.08370332500959882
asthma_v2_healthy_P18Healthy79S.wav,4,4,3,3,0.13993618184167894,0.0066633939853479995,0.053354504820183446,0.7078046213534918,0.09224129799929785
asthma_v2_healthy_P18Healthy98S.wav,4,4,3,3,0.12472379161986075,0.006040858571255794,0.03993545680352669,0.7536925694481545,0.0756073235572023
asthma_v2_healthy_P24Healthy51S.wav,4,4,3,3,0.011770470135444423,0.010021961771756994,0.002823579590391585,0.7207058913462593,0.25467809715614786
asthma_v2_healthy_P24Healthy58S.wav,4,4,3,3,0.012047564481590906,0.019733257410054245,0.006214028655093204,0.8671568048979541,0.09484834455530726
asthma_v2_healthy_P24Healthy62S.wav,4,4,3,3,0.010100151856051544,0.014278874393074398,0.6794659466529694,0.1905408412637441,0.10561418583416037
asthma_v2_healthy_P24Healthy63S.wav,4,4,3,3,0.01339643789215886,0.016436362605943063,0.296941273594093,0.4281086522760399,0.24511727363176497
asthma_v2_healthy_P24Healthy95S.wav,4,4,3,3,0.009131552522922906,0.025840700742741744,0.5934005954429299,0.19074103534287795,0.1808861159485276
asthma_v2_healthy_P5Healthy10S.wav,4,4,3,3,0.017941249231698046,0.008189845468963146,0.0034370613002693085,0.7097146638116166,0.2607171801874529
asthma_v2_healthy_P5Healthy57S.wav,4,4,3,3,0.010376739343903204,0.0006071192897288225,0.0036913475031336135,0.9233575270388764,0.061967266824357777
asthma_v2_healthy_P5Healthy87S.wav,4,4,3,3,0.025244792110202887,0.013746685843176941,0.026376157291387838,0.8401158142791757,0.09451655047605619
asthma_v2_healthy_P5Healthy92S.wav,4,4,3,3,0.015292767231449284,0.0011000288112462415,0.018743645998845152,0.9166825339256867,0.04818102403277244
asthma_v2_healthy_P5Healthy96S.wav,4,4,3,3,0.06319926041140546,0.0027364449708857873,0.02755593645505185,0.8052711017453765,0.10123725641728083
asthma_v2_pneumonia_P13Pneumonia20R.wav,4,4,4,4,0.19567959190213932,0.004272123567230925,0.015484596605767368,0.16093781575650193,0.6236258721683604
asthma_v2_pneumonia_P13Pneumonia26N.wav,4,4,4,4,0.17961108778086804,0.043216104462059576,0.0051999226188383235,0.021155299551995525,0.7508175855862386
asthma_v2_pneumonia_P13Pneumonia33Z.wav,4,4,4,4,0.1379894526539017,0.004039520973728118,0.011483506545988342,0.05499226513555722,0.7914952546908245
asthma_v2_pneumonia_P13Pneumonia60R.wav,4,4,4,3,0.09538401645997267,0.0015362724574042998,0.006596271063200229,0.28587242997712176,0.6106110100423013
asthma_v2_pneumonia_P13Pneumonia94T.wav,4,4,4,4,0.02952436882699449,0.020895940656810802,0.019186474309517657,0.01503837727873623,0.915354838927941
asthma_v2_pneumonia_P13Pneumonia99T.wav,4,4,4,4,0.4419226742040593,0.05642602253929522,0.010529244704177869,0.0022184354482593636,0.48890362310420804
asthma_v2_pneumonia_P16Pneumonia18Z.wav,4,4,4,3,0.1507769260117712,0.004171303991075565,0.005023549041201609,0.35139303151326423,0.4886351894426874
asthma_v2_pneumonia_P16Pneumonia42Q.wav,4,4,4,3,0.17490031878773443,0.005695394687709589,0.009536479729055828,0.482880405171667,0.32698740162383294
asthma_v2_pneumonia_P16Pneumonia56J.wav,4,4,4,3,0.14716716494782217,0.004350913759960672,0.006951207462356137,0.47370637621196615,0.36782433761789446
asthma_v2_pneumonia_P16Pneumonia66X.wav,4,4,4,3,0.2531903991888008,0.00571087614310703,0.005636131252284314,0.21812823358079533,0.5173343598350127
asthma_v2_pneumonia_P16Pneumonia78M.wav,4,4,4,0,0.3797578885767235,0.00833919024234764,0.011866833542933886,0.23714099534316904,0.362895092294826
asthma_v2_pneumonia_P16Pneumonia80G.wav,4,4,4,3,0.20950804202477066,0.005599325856217273,0.006315655389194279,0.30537665173445633,0.47320032499536113
asthma_v2_pneumonia_P17Pneumonia49T.wav,4,4,4,4,0.05079683006049473,0.003517587784509335,0.0003345928924940174,0.002101075504050046,0.9432499137584517
asthma_v2_pneumonia_P17Pneumonia51I.wav,4,4,4,2,0.011646900966352463,0.0091916659659457,0.8526633986720885,0.03407694932716938,0.09242108506844421
asthma_v2_pneumonia_P17Pneumonia57K.wav,4,4,4,4,0.04401281576423825,0.0008145587547191612,0.00014531135324780142,0.0006880551502924258,0.9543392589775023
asthma_v2_pneumonia_P17Pneumonia63G.wav,4,4,4,4,0.14133295173344954,0.03397529643732788,0.0018414887936794324,0.005357026217565172,0.8174932368179779
asthma_v2_pneumonia_P17Pneumonia86O.wav,4,4,4,2,0.02332421863183906,0.017178381417950556,0.8652185008070679,0.027675205772886905,0.06660369337025601
asthma_v2_pneumonia_P17Pneumonia91K.wav,4,4,4,2,0.0037626925373851123,0.0072821202776678475,0.9529204578239026,0.012935729690253276,0.023098999670791123
asthma_v2_pneumonia_P27Pneumonia25R.wav,4,4,4,4,0.07961237564762388,0.006421297981980763,0.003377172903457064,0.00045613858479635617,0.9101330148821419
asthma_v2_pneumonia_P27Pneumonia28K.wav,4,4,4,4,0.05245869772136021,0.021394072227658458,0.017205529409716695,0.0020930844241538542,0.9068486162171109
asthma_v2_pneumonia_P27Pneumonia37T.wav,4,4,4,4,0.06070787693768493,0.0034419380662569707,0.7467444233328796,0.004577029558786658,0.18452873210439177
asthma_v2_pneumonia_P27Pneumonia48G.wav,4,4,4,4,0.060460273715380604,0.003756618775546103,0.7096591115122719,0.0023542621747693394,0.22376973382203197
asthma_v2_pneumonia_P27Pneumonia62C.wav,4,4,4,4,0.10267817992242721,0.016963720788046054,0.005912393590545466,0.001251517255784664,0.8731941884431964
asthma_v2_pneumonia_P27Pneumonia77J.wav,4,4,4,4,0.05465258942582855,0.003133018592403425,0.6288163931077542,0.0020557522493836458,0.3113422466246301
asthma_v2_pneumonia_P32Pneumonia59Q.wav,4,4,4,4,0.05012782779633011,0.02716740322855175,0.0032115271037753542,0.1278177465383059,0.7916754953330367
asthma_v2_pneumonia_P32Pneumonia66M.wav,4,4,4,4,0.04376640147797495,0.005542865808370785,0.0004810681685443017,0.01315725241074139,0.9370524121343685
asthma_v2_pneumonia_P32Pneumonia69E.wav,4,4,4,4,0.02998875328143179,0.01055537737729206,0.005986867437691887,0.0020079012899541244,0.9514611006136301
asthma_v2_pneumonia_P32Pneumonia75E.wav,4,4,4,4,0.03646834977398761,0.004538199838315745,0.00038978740029426556,0.002326672196175465,0.9562769907912267
asthma_v2_pneumonia_P32Pneumonia98Y.wav,4,4,4,4,0.04224944889001921,0.023376070774937863,0.009194717434301556,0.002261474006765165,0.9229182888939763
asthma_v2_pneumonia_P32Pneumonia99W.wav,4,4,4,4,0.05172681496415308,0.023982544298895698,0.010486977930544272,0.004887865156744942,0.9089157976496623
asthma_v2_pneumonia_P35Pneumonia16F.wav,4,4,4,4,0.0427450067608388,0.028504108470312636,0.008279225820336116,0.0073274015518270145,0.9131442573966855
asthma_v2_pneumonia_P35Pneumonia46U.wav,4,4,4,4,0.07306705389926174,0.0028313785732492587,0.00408889765271297,0.0010715453876567675,0.9189411244871194
asthma_v2_pneumonia_P35Pneumonia56D.wav,4,4,4,4,0.05351217142751186,0.01674571698486919,0.005557982259729201,0.10252038733381766,0.8216637419940718
asthma_v2_pneumonia_P35Pneumonia57I.wav,4,4,4,4,0.02365975257538004,0.0035689508001517734,0.000728941834549636,0.0011514455462294268,0.9708909092436891
asthma_v2_pneumonia_P35Pneumonia75E.wav,4,4,4,4,0.026791021290010614,0.009133159793308136,0.006404948654429939,0.0007754084759807622,0.9568954617862702
asthma_v2_pneumonia_P35Pneumonia99V.wav,4,4,4,4,0.0784495668285662,0.004300322654967891,0.0015586681107694618,0.006398651688269125,0.9092927907174274
asthma_v2_pneumonia_P41Pneumonia17O.wav,4,4,4,0,0.6328119054979623,0.005892784129493182,0.20044124225247548,0.00544932762615972,0.15540474049390934
asthma_v2_pneumonia_P41Pneumonia25E.wav,4,4,4,0,0.30324637210253036,0.014390367076477005,0.6561007689717645,0.001646177227749799,0.024616314621478463
asthma_v2_pneumonia_P41Pneumonia31S.wav,4,4,4,0,0.488124489354785,0.06640453682188853,0.008842571622175917,0.0675805451419787,0.3690478570591718
asthma_v2_pneumonia_P41Pneumonia41D.wav,4,4,4,0,0.742066090703468,0.003699542933123398,0.24457331043174246,0.0006190370227534932,0.009042018908912564
asthma_v2_pneumonia_P41Pneumonia71Q.wav,4,4,4,0,0.9547328497211284,0.0009137290367241694,0.010105119603236252,0.010531147937390396,0.023717153701520784
asthma_v2_pneumonia_P41Pneumonia72U.wav,4,4,4,0,0.9046110567327474,0.02598044130031852,0.014226809159764901,0.0006290108129801542,0.05455268199418899
asthma_v2_pneumonia_P42Pneumonia27A.wav,4,4,4,0,0.9607294170060782,0.003219720421357259,0.011962279951536817,0.0005376185963197215,0.023550964024708333
asthma_v2_pneumonia_P42Pneumonia46D.wav,4,4,4,0,0.7825131415306381,0.013175457168842025,0.026712301992687013,0.0011905703856307781,0.1764085289222018
asthma_v2_pneumonia_P42Pneumonia47W.wav,4,4,4,0,0.6454982476069984,0.06094668512039004,0.02852612672871479,0.022835236286459844,0.24219370425743736
asthma_v2_pneumonia_P42Pneumonia63L.wav,4,4,4,0,0.943774506475756,0.0008854905444856644,0.011809841363418916,0.0011783974303929358,0.04235176418594634
asthma_v2_pneumonia_P42Pneumonia67F.wav,4,4,4,0,0.697605147463382,0.050005273642159134,0.18642688895548046,0.008519936779224477,0.05744275315975377
asthma_v2_pneumonia_P42Pneumonia69S.wav,4,4,4,0,0.9279936593958004,0.0007927541979474143,0.008941751238232678,0.003802591353530136,0.058469243814489
asthma_v2_pneumonia_P8Pneumonia11O.wav,4,4,4,0,0.6075484209945772,0.014538511236926233,0.008543118829683217,0.07745869248920095,0.291911256449613
asthma_v2_pneumonia_P8Pneumonia14Z.wav,4,4,4,4,0.3131121966889483,0.012947644227941039,0.010924361531435032,0.09828668397963249,0.564729113572043
asthma_v2_pneumonia_P8Pneumonia16Z.wav,4,4,4,4,0.030559428948016106,0.024330258367575727,0.050416166426438716,0.17058935462592947,0.7241047916320398
asthma_v2_pneumonia_P8Pneumonia20O.wav,4,4,4,4,0.04113434635575887,0.0034006777760759153,0.05191830491991881,0.0036754239648897602,0.8998712469833566
asthma_v2_pneumonia_P8Pneumonia23N.wav,4,4,4,0,0.5603751714187605,0.007482349828960895,0.024218042133346333,0.11600102917184782,0.2919234074470843
asthma_v2_pneumonia_P8Pneumonia28V.wav,4,4,4,3,0.01477545267406199,0.02372035629458452,0.0662544238275359,0.5371982339814932,0.35805153322232425
