file_id,repeat,fold,y_true,y_pred,p_asthma,p_bronchial,p_copd,p_healthy,p_pneumonia
asthma_v2_Bronchial_P1BronchialSc_2.wav,2,0,1,1,0.00082881557,0.8248175,0.13001512,0.043409098,0.00092951604
asthma_v2_Bronchial_P1BronchialSc_4.wav,2,0,1,1,0.0005296609,0.91140497,0.038327493,0.049161043,0.000576889
asthma_v2_Bronchial_P1BronchialTc_1.wav,2,0,1,1,0.0008504933,0.85032153,0.06731365,0.08095703,0.0005572501
asthma_v2_Bronchial_P1BronchialTc_3.wav,2,0,1,1,0.0005000579,0.9172749,0.049207076,0.03259979,0.00041816896
asthma_v2_Bronchial_P1BronchialTc_5.wav,2,0,1,1,0.0007640368,0.9000704,0.07283432,0.025949607,0.00038162296
asthma_v2_Bronchial_P2BronchialSc_10.wav,2,0,1,1,0.0010082002,0.75217694,0.08651989,0.15079084,0.009504173
asthma_v2_Bronchial_P2BronchialSc_6.wav,2,0,1,1,0.0004594269,0.9214083,0.053520277,0.024351105,0.0002609214
asthma_v2_Bronchial_P2BronchialSc_8.wav,2,0,1,3,0.0032920125,0.24302582,0.23312685,0.4404765,0.080078796
asthma_v2_Bronchial_P2BronchialTc_7.wav,2,0,1,2,0.0028032332,0.08986716,0.8241802,0.035378676,0.04777068
asthma_v2_Bronchial_P2BronchialTc_9.wav,2,0,1,2,0.007029245,0.19210805,0.41597304,0.35386023,0.031029414
asthma_v2_Bronchial_P5BronchialSc_22.wav,2,0,1,1,0.0007357587,0.57776254,0.41249797,0.008267475,0.0007361935
asthma_v2_Bronchial_P5BronchialSc_24.wav,2,0,1,1,0.0011945387,0.5301444,0.427337,0.03996081,0.0013633253
asthma_v2_Bronchial_P5BronchialTc_21.wav,2,0,1,1,0.012116907,0.6428138,0.20188732,0.119559534,0.02362242
asthma_v2_Bronchial_P5BronchialTc_23.wav,2,0,1,1,0.00028009334,0.8878124,0.09996241,0.011123551,0.0008215614
asthma_v2_Bronchial_P5BronchialTc_25.wav,2,0,1,1,0.00044404643,0.82745034,0.16192023,0.009682703,0.0005026756
asthma_v2_Bronchial_P6BronchialSc_26.wav,2,0,1,1,0.00030808157,0.91672784,0.079122126,0.0033074524,0.00053449796
asthma_v2_Bronchial_P6BronchialSc_28.wav,2,0,1,1,0.0003496982,0.9623317,0.023034029,0.013703349,0.000581122
asthma_v2_Bronchial_P6BronchialSc_30.wav,2,0,1,2,0.002540851,0.25904363,0.686709,0.041621964,0.010084534
asthma_v2_Bronchial_P6BronchialTc_27.wav,2,0,1,1,0.00014796665,0.9705372,0.025824776,0.0032325054,0.00025761192
asthma_v2_Bronchial_P6BronchialTc_29.wav,2,0,1,2,0.0018750904,0.48853976,0.50487864,0.0034041074,0.0013024356
asthma_v2_Bronchial_P8BronchialSc_36.wav,2,0,1,1,0.0005948958,0.8521461,0.14026874,0.0031040972,0.0038861209
asthma_v2_Bronchial_P8BronchialSc_38.wav,2,0,1,1,0.00019202709,0.9584582,0.03889376,0.0021193656,0.0003366454
asthma_v2_Bronchial_P8BronchialSc_40.wav,2,0,1,1,0.0007701061,0.886837,0.0445741,0.06580903,0.0020097736
asthma_v2_Bronchial_P8BronchialTc_37.wav,2,0,1,1,0.0005483842,0.87784547,0.11674771,0.0038874254,0.0009709651
asthma_v2_Bronchial_P8BronchialTc_39.wav,2,0,1,1,0.0004223356,0.89983845,0.021692492,0.07666515,0.0013815665
asthma_v2_asthma_P13WheezingIE_61.wav,2,0,0,0,0.8696544,0.011600174,0.003806408,0.0017881583,0.11315082
asthma_v2_asthma_P13WheezingIE_65.wav,2,0,0,0,0.9016909,0.01935374,0.0043439474,0.0014960008,0.07311536
asthma_v2_asthma_P13WheezingIU_62.wav,2,0,0,0,0.88378024,0.007407522,0.0052051092,0.0012603089,0.10234673
asthma_v2_asthma_P13WheezingRL_63.wav,2,0,0,0,0.9198654,0.008640784,0.0046412633,0.0012359604,0.06561657
asthma_v2_asthma_P13WheezingRS_64.wav,2,0,0,0,0.84295124,0.015891546,0.0037067488,0.0025881666,0.13486232
asthma_v2_asthma_P1AsthmaIE_1.wav,2,0,0,0,0.84140015,0.010518916,0.0019876868,0.0019245957,0.14416857
asthma_v2_asthma_P1AsthmaIE_5.wav,2,0,0,0,0.9271954,0.015535199,0.0050651617,0.0008231878,0.051381
asthma_v2_asthma_P1AsthmaIU_2.wav,2,0,0,0,0.8528541,0.043037467,0.0045508933,0.0018999942,0.09765765
asthma_v2_asthma_P1AsthmaRL_3.wav,2,0,0,0,0.62882984,0.013221065,0.008445109,0.009960953,0.33954307
asthma_v2_asthma_P1AsthmaRS_4.wav,2,0,0,0,0.8315158,0.104986705,0.014664399,0.0012471328,0.047586072
asthma_v2_asthma_P20WheezingIE_97.wav,2,0,0,0,0.98158425,0.008963007,0.0039456515,0.0001228834,0.005384337
asthma_v2_asthma_P20WheezingIU_98.wav,2,0,0,0,0.97173744,0.004563966,0.011624374,0.0022867648,0.009787482
asthma_v2_asthma_P20WheezingRL_99.wav,2,0,0,0,0.9558297,0.012748065,0.023012472,0.0028680167,0.005541802
asthma_v2_asthma_P20WheezingRS_100.wav,2,0,0,0,0.9639385,0.006044957,0.020274786,0.0031403708,0.0066013285
asthma_v2_asthma_P20WheezingRS_96.wav,2,0,0,0,0.8527623,0.00330267,0.023518018,0.00076509925,0.11965198
asthma_v2_asthma_P28WheezingIE_137.wav,2,0,0,0,0.93109965,0.03133295,0.017141752,0.013603789,0.006821867
asthma_v2_asthma_P28WheezingIU_138.wav,2,0,0,0,0.95420295,0.01901354,0.017030422,0.004308132,0.0054450203
asthma_v2_asthma_P28WheezingRL_139.wav,2,0,0,0,0.8839259,0.02011552,0.032848038,0.003409294,0.059701215
asthma_v2_asthma_P28WheezingRS_136.wav,2,0,0,0,0.96092486,0.0058198613,0.016920295,0.001251847,0.01508316
asthma_v2_asthma_P28WheezingRS_140.wav,2,0,0,0,0.9108318,0.032641947,0.04745932,0.0037313784,0.00533562
asthma_v2_asthma_P34WheezingIE_169.wav,2,0,0,0,0.97822315,0.002830168,0.010105793,0.0007830873,0.008057756
asthma_v2_asthma_P34WheezingIU_166.wav,2,0,0,0,0.8735958,0.0038563858,0.018028844,0.0023535436,0.10216552
asthma_v2_asthma_P34WheezingIU_170.wav,2,0,0,0,0.8694369,0.025525441,0.0050592166,0.0012259359,0.09875248
asthma_v2_asthma_P34WheezingRL_167.wav,2,0,0,0,0.8303881,0.00800898,0.038727902,0.001851472,0.12102348
asthma_v2_asthma_P34WheezingRS_168.wav,2,0,0,0,0.9486285,0.0033326582,0.01900122,0.0012746949,0.027762912
asthma_v2_asthma_P37WheezingIE_181.wav,2,0,0,0,0.86351526,0.0069369655,0.12051031,0.0011652687,0.00787212
asthma_v2_asthma_P37WheezingIE_185.wav,2,0,0,0,0.8984277,0.0030952229,0.06319203,0.00071640476,0.03456864
asthma_v2_asthma_P37WheezingIU_182.wav,2,0,0,0,0.8165202,0.004351179,0.09266619,0.0020463576,0.08441606
asthma_v2_asthma_P37WheezingRL_183.wav,2,0,0,0,0.7332128,0.0051600165,0.12320523,0.00096153654,0.13746038
asthma_v2_asthma_P37WheezingRS_184.wav,2,0,0,0,0.8457651,0.007917883,0.1319389,0.0024318923,0.011946176
asthma_v2_asthma_P41WheezingIE_201.wav,2,0,0,2,0.42592987,0.0034537122,0.50943744,0.0010727934,0.060106233
asthma_v2_asthma_P41WheezingIE_205.wav,2,0,0,0,0.90211725,0.0038583276,0.01956931,0.0020146065,0.07244049
asthma_v2_asthma_P41WheezingIU_202.wav,2,0,0,0,0.82605594,0.002810693,0.113535784,0.0009781243,0.056619488
asthma_v2_asthma_P41WheezingRL_203.wav,2,0,0,0,0.664049,0.0071239644,0.30263054,0.0029612612,0.023235187
asthma_v2_asthma_P41WheezingRS_204.wav,2,0,0,0,0.8451981,0.004312512,0.13863327,0.00075214234,0.011103972
asthma_v2_asthma_P47WheezingIE_233.wav,2,0,0,0,0.70372677,0.0030645947,0.041712016,0.0019071694,0.24958944
asthma_v2_asthma_P47WheezingIU_234.wav,2,0,0,4,0.2190665,0.006296553,0.23254208,0.0014198556,0.540675
asthma_v2_asthma_P47WheezingRL_231.wav,2,0,0,0,0.7760752,0.0025515915,0.09394227,0.0015789802,0.12585211
asthma_v2_asthma_P47WheezingRL_235.wav,2,0,0,2,0.39979875,0.03277314,0.44987974,0.016480472,0.10106784
asthma_v2_asthma_P47WheezingRS_232.wav,2,0,0,0,0.67991024,0.0046278774,0.0406487,0.001722512,0.27309072
asthma_v2_asthma_P4AsthmaIE_17.wav,2,0,0,0,0.80852526,0.047488835,0.0074961754,0.0030062608,0.13348353
asthma_v2_asthma_P4AsthmaIU_18.wav,2,0,0,0,0.86299384,0.05455298,0.016675007,0.0014867672,0.06429143
asthma_v2_asthma_P4AsthmaRL_19.wav,2,0,0,0,0.93392223,0.015133731,0.009524429,0.0008688221,0.040550698
asthma_v2_asthma_P4AsthmaRS_16.wav,2,0,0,0,0.82476676,0.053971786,0.009446443,0.0016755025,0.110139504
asthma_v2_asthma_P4AsthmaRS_20.wav,2,0,0,0,0.8805061,0.015239788,0.0073366133,0.0010122769,0.09590523
asthma_v2_asthma_P54WheezingIE_269.wav,2,0,0,4,0.020255798,0.019736378,0.3270796,0.037472527,0.59545565
asthma_v2_asthma_P54WheezingIU_266.wav,2,0,0,4,0.0054364754,0.0160275,0.0059297727,0.17498375,0.79762244
asthma_v2_asthma_P54WheezingIU_270.wav,2,0,0,3,0.017692834,0.03547644,0.010541739,0.8479255,0.08836346
asthma_v2_asthma_P54WheezingRL_267.wav,2,0,0,4,0.014249589,0.0054624365,0.040898513,0.27721056,0.6621788
asthma_v2_asthma_P54WheezingRS_268.wav,2,0,0,3,0.032977324,0.010866714,0.052098107,0.6938797,0.2101782
asthma_v2_asthma_P56WheezingIE_277.wav,2,0,0,3,0.05157809,0.07577279,0.014817622,0.62106293,0.23676859
asthma_v2_asthma_P56WheezingIU_278.wav,2,0,0,3,0.017611526,0.19900951,0.008712567,0.6611373,0.11352914
asthma_v2_asthma_P56WheezingRL_279.wav,2,0,0,4,0.035007037,0.010195073,0.0053105494,0.34063572,0.60885173
asthma_v2_asthma_P56WheezingRS_276.wav,2,0,0,4,0.19600128,0.047422208,0.09295218,0.22851944,0.43510497
asthma_v2_asthma_P56WheezingRS_280.wav,2,0,0,3,0.09447481,0.13565573,0.0069300868,0.6309778,0.13196158
asthma_v2_copd_P13COPDMc_100.wav,2,0,2,2,0.0018589736,0.07986893,0.87315303,0.022825027,0.022294106
asthma_v2_copd_P13COPDMc_102.wav,2,0,2,2,0.003149872,0.010609221,0.76509166,0.0019004177,0.21924882
asthma_v2_copd_P13COPDMc_104.wav,2,0,2,2,0.0009272423,0.00470815,0.98615277,0.0007371689,0.0074746306
asthma_v2_copd_P13COPDMc_98.wav,2,0,2,2,0.00448789,0.004478104,0.9365268,0.005532083,0.04897512
asthma_v2_copd_P13COPDPr_101.wav,2,0,2,2,0.0113399485,0.003308022,0.8621155,0.0014948131,0.121741734
asthma_v2_copd_P13COPDPr_103.wav,2,0,2,2,0.018422367,0.062085748,0.5809704,0.011076467,0.327445
asthma_v2_copd_P13COPDPr_97.wav,2,0,2,2,0.002306138,0.046030868,0.90963,0.019626668,0.022406274
asthma_v2_copd_P13COPDPr_99.wav,2,0,2,2,0.0035357112,0.0077196914,0.96033734,0.006885576,0.021521632
asthma_v2_copd_P22COPDMc_170.wav,2,0,2,2,0.0008485057,0.003008855,0.99308187,0.0008519131,0.002208953
asthma_v2_copd_P22COPDMc_172.wav,2,0,2,2,0.01267551,0.008969243,0.7853593,0.027086135,0.16590983
asthma_v2_copd_P22COPDMc_174.wav,2,0,2,4,0.03036908,0.0048172874,0.010321109,0.050614554,0.9038779
asthma_v2_copd_P22COPDMc_176.wav,2,0,2,2,0.0021338258,0.019087676,0.9475453,0.026920335,0.004312881
asthma_v2_copd_P22COPDPr_169.wav,2,0,2,2,0.011311949,0.022159971,0.81357855,0.00679315,0.1461564
asthma_v2_copd_P22COPDPr_171.wav,2,0,2,2,0.001324326,0.00976813,0.97980326,0.0027194829,0.0063847825
asthma_v2_copd_P22COPDPr_173.wav,2,0,2,4,0.022942241,0.0028945853,0.09866169,0.0093114255,0.8661901
asthma_v2_copd_P22COPDPr_175.wav,2,0,2,2,0.03618629,0.0064426395,0.46870467,0.022802955,0.46586356
asthma_v2_copd_P2COPDMc_10.wav,2,0,2,2,0.0053253705,0.0029344745,0.93949,0.035926826,0.016323304
asthma_v2_copd_P2COPDMc_12.wav,2,0,2,0,0.5007765,0.008366896,0.48559797,0.0010680374,0.004190556
asthma_v2_copd_P2COPDMc_14.wav,2,0,2,0,0.83530205,0.0025937315,0.14943595,0.0034029006,0.00926537
asthma_v2_copd_P2COPDMc_16.wav,2,0,2,2,0.0046367873,0.02298045,0.9365197,0.0011224776,0.034740612
asthma_v2_copd_P2COPDPr_11.wav,2,0,2,2,0.41285846,0.0026676273,0.5622261,0.0048418874,0.017405901
asthma_v2_copd_P2COPDPr_13.wav,2,0,2,2,0.34567314,0.019501913,0.63051033,0.0014375296,0.0028771055
asthma_v2_copd_P2COPDPr_15.wav,2,0,2,0,0.80613935,0.0047831573,0.18264596,0.0014709617,0.0049605942
asthma_v2_copd_P2COPDPr_9.wav,2,0,2,2,0.004689417,0.0026966217,0.93988234,0.03567568,0.017055914
asthma_v2_copd_P30COPDMc_234.wav,2,0,2,4,0.031967726,0.005193248,0.018646957,0.17763212,0.76655996
asthma_v2_copd_P30COPDMc_236.wav,2,0,2,2,0.00030789466,0.0047675995,0.9943679,0.00034803894,0.00020852356
asthma_v2_copd_P30COPDMc_238.wav,2,0,2,2,0.00046770283,0.012579711,0.9853394,0.0007875009,0.0008256552
asthma_v2_copd_P30COPDMc_240.wav,2,0,2,2,0.0026726553,0.0059936075,0.97009766,0.019155834,0.002080183
asthma_v2_copd_P30COPDPr_233.wav,2,0,2,2,0.058669467,0.010609324,0.54154515,0.037182406,0.3519937
asthma_v2_copd_P30COPDPr_235.wav,2,0,2,4,0.11615899,0.0038792153,0.119904764,0.040458065,0.71959895
asthma_v2_copd_P30COPDPr_237.wav,2,0,2,2,0.00048944476,0.004589702,0.9937209,0.0006182316,0.000581842
asthma_v2_copd_P30COPDPr_239.wav,2,0,2,2,0.00079715304,0.0025578274,0.99444926,0.0010300277,0.0011657082
asthma_v2_copd_P33COPDMc_258.wav,2,0,2,0,0.7131867,0.00166186,0.050765622,0.020946613,0.21343918
asthma_v2_copd_P33COPDMc_260.wav,2,0,2,2,0.00284681,0.0085952375,0.94235706,0.02567901,0.020521957
asthma_v2_copd_P33COPDMc_262.wav,2,0,2,2,0.0006242546,0.011333492,0.9834593,0.0009997241,0.0035831796
asthma_v2_copd_P33COPDMc_264.wav,2,0,2,2,0.0022761018,0.009546407,0.9834284,0.0012195504,0.003529608
asthma_v2_copd_P33COPDPr_257.wav,2,0,2,2,0.33272156,0.00711415,0.6575694,0.00078261393,0.001812342
asthma_v2_copd_P33COPDPr_259.wav,2,0,2,2,0.010180099,0.019419834,0.8412567,0.022607913,0.106535435
asthma_v2_copd_P33COPDPr_261.wav,2,0,2,2,0.000597503,0.11460738,0.8772547,0.0040256367,0.0035147406
asthma_v2_copd_P33COPDPr_263.wav,2,0,2,2,0.00051378337,0.004553498,0.99277496,0.0005932411,0.0015645233
asthma_v2_copd_P41COPDMc_322.wav,2,0,2,2,0.00085577724,0.0002782385,0.99751484,0.00024091433,0.001110228
asthma_v2_copd_P41COPDMc_324.wav,2,0,2,2,0.00028739148,0.0010771576,0.99484986,0.00016019758,0.003625401
asthma_v2_copd_P41COPDMc_326.wav,2,0,2,2,0.00070296566,0.0021772252,0.9908269,0.00084050413,0.0054523866
asthma_v2_copd_P41COPDMc_328.wav,2,0,2,2,0.002214351,0.010387516,0.92478037,0.035351105,0.027266666
asthma_v2_copd_P41COPDPr_321.wav,2,0,2,2,0.00082035316,0.00025790522,0.99710804,0.00030894484,0.0015047906
asthma_v2_copd_P41COPDPr_323.wav,2,0,2,2,0.0010128835,0.0009447988,0.9966858,0.00021912629,0.0011374347
asthma_v2_copd_P41COPDPr_325.wav,2,0,2,2,0.0012850908,0.0006340341,0.995229,0.0004017943,0.0024500368
asthma_v2_copd_P41COPDPr_327.wav,2,0,2,2,0.0013070534,0.0035252466,0.983216,0.0030351914,0.008916527
asthma_v2_copd_P46COPDMc_362.wav,2,0,2,2,0.001352185,0.0012160072,0.9935255,0.0011868986,0.0027194235
asthma_v2_copd_P46COPDMc_364.wav,2,0,2,2,0.0023023589,0.0027002716,0.98809797,0.0009426432,0.0059567424
asthma_v2_copd_P46COPDMc_366.wav,2,0,2,2,0.0024001547,0.0034082741,0.98265165,0.001229099,0.010310791
asthma_v2_copd_P46COPDMc_368.wav,2,0,2,2,0.0048216986,0.009714963,0.8879277,0.0021731171,0.09536256
asthma_v2_copd_P46COPDPr_361.wav,2,0,2,2,0.0006015354,0.0008493977,0.99741215,0.00027013337,0.0008667443
asthma_v2_copd_P46COPDPr_363.wav,2,0,2,2,0.009883603,0.012924192,0.9380177,0.01787826,0.02129618
asthma_v2_copd_P46COPDPr_365.wav,2,0,2,2,0.001675999,0.0009769865,0.9955449,0.00066149974,0.0011405343
asthma_v2_copd_P46COPDPr_367.wav,2,0,2,2,0.012550773,0.032877706,0.9200035,0.0072863465,0.027281633
asthma_v2_copd_P50COPDMc_394.wav,2,0,2,2,0.0016631755,0.034022193,0.9476182,0.009186825,0.0075095342
asthma_v2_copd_P50COPDMc_396.wav,2,0,2,2,0.00051496405,0.0013429222,0.9962173,0.0009897177,0.0009350214
asthma_v2_copd_P50COPDMc_398.wav,2,0,2,2,0.0019197371,0.03671096,0.95577633,0.00089721946,0.0046957172
asthma_v2_copd_P50COPDMc_400.wav,2,0,2,2,0.0020584778,0.06791788,0.9024789,0.020935824,0.0066089
asthma_v2_copd_P50COPDPr_393.wav,2,0,2,2,0.001169206,0.08111513,0.8671815,0.043879256,0.0066549303
asthma_v2_copd_P50COPDPr_395.wav,2,0,2,2,0.015562608,0.25814077,0.6227665,0.043671146,0.059859022
asthma_v2_copd_P50COPDPr_397.wav,2,0,2,2,0.0029829529,0.05765234,0.923375,0.0048193433,0.011170419
asthma_v2_copd_P50COPDPr_399.wav,2,0,2,2,0.0015709195,0.03040659,0.9573547,0.0034209655,0.007246872
asthma_v2_copd_P51COPDPr_401.wav,2,0,2,2,0.0033758357,0.04277432,0.9159184,0.02078997,0.017141571
asthma_v2_copd_P9COPDMc_66.wav,2,0,2,2,0.0017432355,0.0020922357,0.9790867,0.0005209477,0.01655694
asthma_v2_copd_P9COPDMc_68.wav,2,0,2,2,0.000415391,0.00047082923,0.99793494,0.00015531127,0.0010235315
asthma_v2_copd_P9COPDMc_70.wav,2,0,2,2,0.0015476273,0.0021186788,0.9918454,0.0005859116,0.0039023657
asthma_v2_copd_P9COPDMc_72.wav,2,0,2,2,0.0049531935,0.0015205053,0.9784365,0.0009145659,0.014175263
asthma_v2_copd_P9COPDPr_65.wav,2,0,2,2,0.0027853418,0.0009359277,0.97034305,0.00068665534,0.025249068
asthma_v2_copd_P9COPDPr_67.wav,2,0,2,2,0.12130945,0.007958836,0.66452986,0.0019476642,0.20425418
asthma_v2_copd_P9COPDPr_69.wav,2,0,2,2,0.0012964585,0.0009355743,0.9946983,0.00040946496,0.0026602373
asthma_v2_copd_P9COPDPr_71.wav,2,0,2,2,0.0013122623,0.0007462929,0.993804,0.00047117035,0.0036663457
asthma_v2_healthy_P14Healthy28S.wav,2,0,3,3,0.0059083393,0.0612383,0.38580027,0.50165814,0.045394916
asthma_v2_healthy_P14Healthy47S.wav,2,0,3,3,0.0020830024,0.06354581,0.043391965,0.8776696,0.013309721
asthma_v2_healthy_P14Healthy53S.wav,2,0,3,3,0.0052362573,0.006126133,0.005613346,0.9698364,0.0131878685
asthma_v2_healthy_P14Healthy54S.wav,2,0,3,1,0.0007476419,0.78169453,0.07510686,0.13077432,0.011676676
asthma_v2_healthy_P14Healthy89S.wav,2,0,3,1,0.0003587986,0.92436475,0.018267004,0.05336284,0.003646624
asthma_v2_healthy_P18Healthy17S.wav,2,0,3,3,0.003556982,0.004543615,0.0036814378,0.9797045,0.008513439
asthma_v2_healthy_P18Healthy46S.wav,2,0,3,3,0.022665592,0.2941216,0.059533786,0.41963032,0.20404863
asthma_v2_healthy_P18Healthy59S.wav,2,0,3,4,0.028102832,0.28266445,0.04302342,0.22566518,0.4205441
asthma_v2_healthy_P18Healthy79S.wav,2,0,3,3,0.0026692874,0.0023886163,0.0025257126,0.98627406,0.0061423886
asthma_v2_healthy_P18Healthy98S.wav,2,0,3,3,0.0030308724,0.003331476,0.0032960312,0.9824154,0.007926242
asthma_v2_healthy_P5Healthy10S.wav,2,0,3,3,0.00081609224,0.0070993756,0.0044454457,0.9834283,0.0042108325
asthma_v2_healthy_P5Healthy57S.wav,2,0,3,3,0.033141226,0.002723236,0.1714441,0.43490013,0.35779136
asthma_v2_healthy_P5Healthy87S.wav,2,0,3,3,0.0010954817,0.004124652,0.0014841817,0.9890168,0.0042789197
asthma_v2_healthy_P5Healthy92S.wav,2,0,3,3,0.0010546136,0.0076716985,0.003299157,0.98235726,0.0056172004
asthma_v2_healthy_P5Healthy96S.wav,2,0,3,4,0.036156673,0.003724458,0.05696625,0.13615215,0.7670005
asthma_v2_healthy_P6Healthy21S.wav,2,0,3,4,0.022627845,0.0068680225,0.034482505,0.423312,0.51270956
asthma_v2_healthy_P6Healthy34S.wav,2,0,3,3,0.004386422,0.013970697,0.007868904,0.93490475,0.03886913
asthma_v2_healthy_P6Healthy51S.wav,2,0,3,3,0.28653607,0.006506213,0.041038655,0.49789053,0.16802847
asthma_v2_healthy_P6Healthy71S.wav,2,0,3,3,0.000717788,0.0036617296,0.0014714716,0.991442,0.0027069927
asthma_v2_healthy_P6Healthy77S.wav,2,0,3,3,0.024162337,0.006161331,0.042592645,0.85008454,0.07699909
asthma_v2_healthy_P9Healthy22S.wav,2,0,3,3,0.025625074,0.010636878,0.16967192,0.6857462,0.10831991
asthma_v2_healthy_P9Healthy29S.wav,2,0,3,0,0.6489015,0.006050688,0.09256643,0.033978634,0.21850275
asthma_v2_healthy_P9Healthy31S.wav,2,0,3,3,0.05526487,0.00575775,0.17504798,0.3893107,0.37461865
asthma_v2_healthy_P9Healthy61S.wav,2,0,3,3,0.007159296,0.012555913,0.0036621632,0.8406032,0.13601945
asthma_v2_healthy_P9Healthy79S.wav,2,0,3,3,0.03045298,0.0028337517,0.018880917,0.4953393,0.45249304
asthma_v2_pneumonia_P12Pneumonia23P.wav,2,0,4,4,0.017908016,0.0030186656,0.05307548,0.034034558,0.8919632
asthma_v2_pneumonia_P12Pneumonia44H.wav,2,0,4,2,0.014618324,0.0035128102,0.6998571,0.047860432,0.23415124
asthma_v2_pneumonia_P12Pneumonia45B.wav,2,0,4,2,0.01612059,0.0067451727,0.6702697,0.017022435,0.2898421
asthma_v2_pneumonia_P12Pneumonia46L.wav,2,0,4,4,0.10766932,0.0004590847,0.0044584135,0.009223491,0.8781896
asthma_v2_pneumonia_P12Pneumonia59Q.wav,2,0,4,4,0.019107271,0.005927548,0.3902972,0.04715011,0.53751785
asthma_v2_pneumonia_P12Pneumonia97E.wav,2,0,4,4,0.023772838,0.0029570702,0.023410352,0.032493718,0.917366
asthma_v2_pneumonia_P14Pneumonia19W.wav,2,0,4,2,0.013869407,0.033037137,0.76706713,0.0055055185,0.18052077
asthma_v2_pneumonia_P14Pneumonia22X.wav,2,0,4,4,0.026488628,0.0013233969,0.009620489,0.10813471,0.85443264
asthma_v2_pneumonia_P14Pneumonia40M.wav,2,0,4,4,0.025803138,0.002869601,0.0040502744,0.097761795,0.8695151
asthma_v2_pneumonia_P14Pneumonia62B.wav,2,0,4,4,0.062550105,0.017908033,0.04550005,0.030867022,0.84317476
asthma_v2_pneumonia_P14Pneumonia73T.wav,2,0,4,4,0.0099070715,0.003937617,0.010101431,0.016911956,0.9591419
asthma_v2_pneumonia_P14Pneumonia87C.wav,2,0,4,4,0.009754204,0.0018147499,0.015151622,0.00834037,0.96493906
asthma_v2_pneumonia_P24Pneumonia21G.wav,2,0,4,4,0.0153779825,0.02791687,0.06039009,0.36012214,0.53619295
asthma_v2_pneumonia_P24Pneumonia54A.wav,2,0,4,4,0.003592105,0.002144823,0.001017813,0.034290377,0.95895493
asthma_v2_pneumonia_P24Pneumonia67G.wav,2,0,4,4,0.013558494,0.00094001304,0.011752954,0.03269893,0.9410496
asthma_v2_pneumonia_P24Pneumonia67Z.wav,2,0,4,4,0.06030766,0.024657866,0.0068766363,0.2994027,0.60875505
asthma_v2_pneumonia_P24Pneumonia91X.wav,2,0,4,4,0.014274212,0.0013361478,0.015803216,0.017195594,0.9513908
asthma_v2_pneumonia_P24Pneumonia95T.wav,2,0,4,3,0.0068620583,0.1488625,0.072156966,0.6628624,0.10925602
asthma_v2_pneumonia_P27Pneumonia25R.wav,2,0,4,4,0.0050819777,0.0018899814,0.001571799,0.015574649,0.9758816
asthma_v2_pneumonia_P27Pneumonia28K.wav,2,0,4,4,0.02143686,0.029405255,0.01809556,0.049947817,0.8811145
asthma_v2_pneumonia_P27Pneumonia37T.wav,2,0,4,4,0.031573232,0.015097582,0.060283024,0.25433797,0.6387082
asthma_v2_pneumonia_P27Pneumonia48G.wav,2,0,4,4,0.024855703,0.0035126852,0.058279425,0.017134156,0.89621794
asthma_v2_pneumonia_P27Pneumonia62C.wav,2,0,4,4,0.028081661,0.007316651,0.009184115,0.15770243,0.7977151
asthma_v2_pneumonia_P27Pneumonia77J.wav,2,0,4,4,0.05133739,0.007757185,0.049193222,0.057716675,0.8339955
asthma_v2_pneumonia_P39Pneumonia16K.wav,2,0,4,0,0.7807172,0.0137661975,0.006075603,0.0024916644,0.1969493
asthma_v2_pneumonia_P39Pneumonia41F.wav,2,0,4,4,0.04302925,0.0744188,0.16365665,0.003165725,0.7157296
asthma_v2_pneumonia_P39Pneumonia49H.wav,2,0,4,4,0.20529914,0.0056770705,0.0050481977,0.012630616,0.7713449
asthma_v2_pneumonia_P39Pneumonia78Z.wav,2,0,4,0,0.76131785,0.017529432,0.009444,0.0027045878,0.2090042
asthma_v2_pneumonia_P39Pneumonia85Q.wav,2,0,4,4,0.110105306,0.1770195,0.1521433,0.09538814,0.4653437
asthma_v2_pneumonia_P39Pneumonia87S.wav,2,0,4,4,0.11807406,0.009414659,0.04368048,0.005687567,0.8231433
asthma_v2_pneumonia_P3Pneumonia41L.wav,2,0,4,4,0.004242167,0.0012599519,0.0027779927,0.01741015,0.97430974
asthma_v2_pneumonia_P3Pneumonia54K.wav,2,0,4,4,0.014776167,0.00071961014,0.004926912,0.04506751,0.9345099
asthma_v2_pneumonia_P3Pneumonia61R.wav,2,0,4,4,0.015003439,0.0024331117,0.10238249,0.39179865,0.4883823
asthma_v2_pneumonia_P3Pneumonia74F.wav,2,0,4,4,0.0192272,0.001399421,0.016063077,0.0898499,0.8734604
asthma_v2_pneumonia_P3Pneumonia75Z.wav,2,0,4,3,0.030041475,0.006496116,0.2764371,0.39178276,0.29524246
asthma_v2_pneumonia_P3Pneumonia96L.wav,2,0,4,4,0.005416906,0.0012399905,0.002549537,0.018331705,0.9724619
asthma_v2_pneumonia_P43Pneumonia24U.wav,2,0,4,4,0.010581958,0.0023814265,0.0013458807,0.0643319,0.9213588
asthma_v2_pneumonia_P43Pneumonia53X.wav,2,0,4,2,0.012333958,0.05665259,0.47039196,0.10888464,0.35173687
asthma_v2_pneumonia_P43Pneumonia54I.wav,2,0,4,3,0.012724287,0.02941617,0.036279786,0.65499437,0.26658538
asthma_v2_pneumonia_P43Pneumonia73N.wav,2,0,4,4,0.0135757,0.00999947,0.011993443,0.29266387,0.6717675
asthma_v2_pneumonia_P43Pneumonia88Y.wav,2,0,4,4,0.013373448,0.0021102112,0.0016528516,0.071679756,0.91118366
asthma_v2_pneumonia_P43Pneumonia89T.wav,2,0,4,4,0.014053299,0.0019804055,0.0015015539,0.09462918,0.88783556
asthma_v2_pneumonia_P44Pneumonia36U.wav,2,0,4,4,0.032964204,0.0035269991,0.010260909,0.10045685,0.8527911
asthma_v2_pneumonia_P44Pneumonia47J.wav,2,0,4,4,0.0135757,0.00999947,0.011993443,0.29266387,0.6717675
asthma_v2_pneumonia_P44Pneumonia49B.wav,2,0,4,3,0.012724287,0.02941617,0.036279786,0.65499437,0.26658538
asthma_v2_pneumonia_P44Pneumonia59U.wav,2,0,4,4,0.028055495,0.0030186432,0.012640667,0.042490073,0.91379523
asthma_v2_pneumonia_P44Pneumonia65N.wav,2,0,4,4,0.025162535,0.028500143,0.07147827,0.02112373,0.8537353
asthma_v2_pneumonia_P44Pneumonia71M.wav,2,0,4,2,0.012333958,0.05665259,0.47039196,0.10888464,0.35173687
asthma_v2_pneumonia_P46Pneumonia15W.wav,2,0,4,3,0.046286315,0.0055620014,0.10603605,0.4336279,0.40848777
asthma_v2_pneumonia_P46Pneumonia22V.wav,2,0,4,4,0.0137733035,0.0030782055,0.007801385,0.13882343,0.83652365
asthma_v2_pneumonia_P46Pneumonia49D.wav,2,0,4,4,0.028614258,0.0032879384,0.060600117,0.3683193,0.53917843
asthma_v2_pneumonia_P46Pneumonia80D.wav,2,0,4,4,0.011457722,0.0056806393,0.007493404,0.3008746,0.6744936
asthma_v2_pneumonia_P46Pneumonia95A.wav,2,0,4,4,0.017547771,0.0035902911,0.0012633859,0.06170538,0.9158932
asthma_v2_pneumonia_P46Pneumonia99Y.wav,2,0,4,3,0.020941982,0.017901536,0.1405219,0.7476507,0.07298388
asthma_v2_pneumonia_P48Pneumonia31K.wav,2,0,4,4,0.011457722,0.0056806393,0.007493404,0.3008746,0.6744936
asthma_v2_pneumonia_P48Pneumonia61T.wav,2,0,4,4,0.0137733035,0.0030782055,0.007801385,0.13882343,0.83652365
asthma_v2_pneumonia_P48Pneumonia82Z.wav,2,0,4,4,0.017547771,0.0035902911,0.0012633859,0.06170538,0.9158932
asthma_v2_pneumonia_P5Pneumonia20K.wav,2,0,4,4,0.020709863,0.0035121616,0.047049504,0.05389633,0.87483215
asthma_v2_pneumonia_P5Pneumonia21J.wav,2,0,4,4,0.016027043,0.0028160915,0.07745229,0.36843488,0.5352697
asthma_v2_pneumonia_P5Pneumonia38U.wav,2,0,4,4,0.0051280456,0.0073326593,0.08224343,0.3272825,0.5780135
asthma_v2_pneumonia_P5Pneumonia88J.wav,2,0,4,2,0.033176072,0.023834411,0.68922085,0.08815348,0.1656152
asthma_v2_pneumonia_P5Pneumonia94P.wav,2,0,4,4,0.01261319,0.004259452,0.09915452,0.21885909,0.6651138
asthma_v2_pneumonia_P5Pneumonia95V.wav,2,0,4,4,0.026935713,0.0020649184,0.025451794,0.11090573,0.8346419
asthma_v2_Bronchial_P11BronchialSc_52.wav,2,1,1,3,0.017922707,0.009111275,0.00117398,0.95125455,0.020537553
asthma_v2_Bronchial_P11BronchialSc_54.wav,2,1,1,3,0.077415116,0.020461123,0.0044501685,0.78397816,0.113695405
asthma_v2_Bronchial_P11BronchialTc_51.wav,2,1,1,1,0.0011617792,0.76976293,0.20625709,0.021114627,0.0017035513
asthma_v2_Bronchial_P11BronchialTc_53.wav,2,1,1,3,0.0055499026,0.0027068916,0.0008866896,0.9735526,0.017303977
asthma_v2_Bronchial_P11BronchialTc_55.wav,2,1,1,0,0.97543913,0.013482464,0.0006860732,0.0021173754,0.0082748765
asthma_v2_Bronchial_P12BronchialSc_56.wav,2,1,1,0,0.9318788,0.0064094136,0.00085436023,0.003742643,0.057114728
asthma_v2_Bronchial_P12BronchialSc_58.wav,2,1,1,0,0.9113628,0.0039861067,0.0010065921,0.0020495409,0.081594914
asthma_v2_Bronchial_P12BronchialSc_60.wav,2,1,1,0,0.7717262,0.18982922,0.0016256848,0.024733959,0.012085011
asthma_v2_Bronchial_P12BronchialTc_57.wav,2,1,1,0,0.9531259,0.011762897,0.0013275344,0.0035107676,0.030272802
asthma_v2_Bronchial_P12BronchialTc_59.wav,2,1,1,0,0.95713896,0.0108739855,0.001128604,0.0028702053,0.027988268
asthma_v2_Bronchial_P3BronchialSc_12.wav,2,1,1,3,0.0043897987,0.41641304,0.12013419,0.45402694,0.0050360356
asthma_v2_Bronchial_P3BronchialSc_14.wav,2,1,1,1,0.0005547731,0.8185769,0.15988879,0.020178003,0.00080160156
asthma_v2_Bronchial_P3BronchialTc_11.wav,2,1,1,1,0.011758187,0.56089073,0.28941917,0.12005885,0.017873077
asthma_v2_Bronchial_P3BronchialTc_13.wav,2,1,1,2,0.0016412288,0.02181704,0.951242,0.019104907,0.0061947396
asthma_v2_Bronchial_P3BronchialTc_15.wav,2,1,1,2,0.0008642717,0.0127112735,0.9700098,0.011315716,0.0050989585
asthma_v2_Bronchial_P4BronchialSc_16.wav,2,1,1,2,0.0065752575,0.3129506,0.6199114,0.03179218,0.028770613
asthma_v2_Bronchial_P4BronchialSc_18.wav,2,1,1,2,0.0057776193,0.21458614,0.73413295,0.04380514,0.0016981326
asthma_v2_Bronchial_P4BronchialSc_20.wav,2,1,1,2,0.012357313,0.32012442,0.62960845,0.032471657,0.0054381588
asthma_v2_Bronchial_P4BronchialTc_17.wav,2,1,1,2,0.008203769,0.4723146,0.48932672,0.024274386,0.0058805817
asthma_v2_Bronchial_P4BronchialTc_19.wav,2,1,1,2,0.005440767,0.024047265,0.89949554,0.05946993,0.011546585
asthma_v2_asthma_P16WheezingIE_77.wav,2,1,0,0,0.9276336,0.01261593,0.0054926667,0.00383552,0.0504223
asthma_v2_asthma_P16WheezingIU_78.wav,2,1,0,0,0.87637436,0.0030108425,0.0011607974,0.002450896,0.11700314
asthma_v2_asthma_P16WheezingRL_79.wav,2,1,0,0,0.9246734,0.0056184833,0.0036876388,0.0040278635,0.06199275
asthma_v2_asthma_P16WheezingRS_76.wav,2,1,0,0,0.9908721,0.0014141783,0.0021524238,0.00042140723,0.0051398654
asthma_v2_asthma_P16WheezingRS_80.wav,2,1,0,0,0.8989329,0.0012325937,0.0008925895,0.00094715296,0.0979948
asthma_v2_asthma_P17WheezingIE_81.wav,2,1,0,0,0.97130334,0.004835459,0.0031055303,0.0016296788,0.019125946
asthma_v2_asthma_P17WheezingIE_85.wav,2,1,0,0,0.989195,0.0015016702,0.0017272411,0.00022954789,0.0073466673
asthma_v2_asthma_P17WheezingIU_82.wav,2,1,0,0,0.95787024,0.0012020451,0.0009976829,0.0007923835,0.039137702
asthma_v2_asthma_P17WheezingRL_83.wav,2,1,0,0,0.96720016,0.0011892215,0.00037567658,0.00070775405,0.03052725
asthma_v2_asthma_P17WheezingRS_84.wav,2,1,0,0,0.9100206,0.001486272,0.0017009336,0.001373175,0.08541898
asthma_v2_asthma_P23WheezingIE_113.wav,2,1,0,0,0.98937106,0.0034738833,0.001732009,0.00059376925,0.004829239
asthma_v2_asthma_P23WheezingIU_114.wav,2,1,0,0,0.8759056,0.0005323819,0.0037754406,0.0011507978,0.11863579
asthma_v2_asthma_P23WheezingRL_111.wav,2,1,0,0,0.8789698,0.0021907326,0.0026449887,0.006025403,0.11016916
asthma_v2_asthma_P23WheezingRL_115.wav,2,1,0,0,0.98156434,0.0008841786,0.0070825377,0.00012989942,0.010339068
asthma_v2_asthma_P23WheezingRS_112.wav,2,1,0,0,0.79226327,0.00039130918,0.005003933,0.0018184001,0.20052314
asthma_v2_asthma_P26WheezingIE_129.wav,2,1,0,0,0.98077893,0.0060572596,0.0050210725,0.0038216652,0.0043210336
asthma_v2_asthma_P26WheezingIU_126.wav,2,1,0,0,0.9589668,0.008186789,0.0150518855,0.014932352,0.0028622195
asthma_v2_asthma_P26WheezingIU_130.wav,2,1,0,0,0.9686319,0.023841588,0.003203521,0.00076444325,0.0035585277
asthma_v2_asthma_P26WheezingRL_127.wav,2,1,0,0,0.95479834,0.028125053,0.0048503177,0.009731663,0.0024945734
asthma_v2_asthma_P26WheezingRS_128.wav,2,1,0,0,0.9761248,0.007382233,0.013593449,0.0009895556,0.0019100198
asthma_v2_asthma_P27WheezingIE_133.wav,2,1,0,0,0.9764574,0.005899471,0.010115402,0.004202948,0.003324817
asthma_v2_asthma_P27WheezingIU_134.wav,2,1,0,0,0.97602147,0.015304375,0.003770161,0.00057203515,0.0043319697
asthma_v2_asthma_P27WheezingRL_131.wav,2,1,0,0,0.988497,0.0013050718,0.00360195,0.00021633586,0.0063796295
asthma_v2_asthma_P27WheezingRL_135.wav,2,1,0,0,0.9762439,0.01683795,0.0009806692,0.0013081433,0.004629209
asthma_v2_asthma_P27WheezingRS_132.wav,2,1,0,0,0.9820433,0.006374163,0.008399844,0.0003010126,0.0028817798
asthma_v2_asthma_P39WheezingIE_193.wav,2,1,0,0,0.66646326,0.027801001,0.29942292,0.0015647331,0.004748075
asthma_v2_asthma_P39WheezingIU_194.wav,2,1,0,2,0.4535667,0.026323302,0.5066837,0.0027193546,0.010706954
asthma_v2_asthma_P39WheezingRL_191.wav,2,1,0,0,0.89806014,0.06333243,0.021365581,0.0018595057,0.015382351
asthma_v2_asthma_P39WheezingRL_195.wav,2,1,0,0,0.87032163,0.018990066,0.100035615,0.0031284832,0.007524208
asthma_v2_asthma_P39WheezingRS_192.wav,2,1,0,0,0.861088,0.119208336,0.013561293,0.0009967784,0.005145612
asthma_v2_asthma_P3AsthmaIE_13.wav,2,1,0,0,0.8292702,0.0010815499,0.0018599444,0.0009693769,0.1668189
asthma_v2_asthma_P3AsthmaIU_14.wav,2,1,0,0,0.9762575,0.004237035,0.0007014395,0.0011301172,0.017673895
asthma_v2_asthma_P3AsthmaRL_11.wav,2,1,0,0,0.86428237,0.00058483833,0.002497679,0.000803948,0.13183117
asthma_v2_asthma_P3AsthmaRL_15.wav,2,1,0,0,0.99005824,0.0007337496,0.0009824088,0.00042096837,0.007804596
asthma_v2_asthma_P3AsthmaRS_12.wav,2,1,0,0,0.99092776,0.0011992581,0.0017210031,0.0003868206,0.005765147
asthma_v2_asthma_P48WheezingIE_237.wav,2,1,0,0,0.9627693,0.006746113,0.025426332,0.0014041882,0.003653915
asthma_v2_asthma_P48WheezingIU_238.wav,2,1,0,0,0.962925,0.0020834405,0.02180698,0.00029097483,0.012893583
asthma_v2_asthma_P48WheezingRL_239.wav,2,1,0,0,0.98155886,0.0037956513,0.00791807,0.0001923792,0.0065350183
asthma_v2_asthma_P48WheezingRS_236.wav,2,1,0,0,0.7542362,0.021867612,0.21483903,0.004749071,0.0043080994
asthma_v2_asthma_P48WheezingRS_240.wav,2,1,0,0,0.7963743,0.007226073,0.06418223,0.0006558319,0.13156165
asthma_v2_asthma_P49WheezingIE_241.wav,2,1,0,0,0.95463896,0.008369551,0.030586844,0.0018327597,0.004571856
asthma_v2_asthma_P49WheezingIE_245.wav,2,1,0,2,0.3725973,0.010224283,0.6062869,0.009050734,0.0018407764
asthma_v2_asthma_P49WheezingIU_242.wav,2,1,0,0,0.8919771,0.0033897657,0.09875647,0.0008682755,0.0050084884
asthma_v2_asthma_P49WheezingRL_243.wav,2,1,0,2,0.37910238,0.045418814,0.56202626,0.0070021315,0.0064503495
asthma_v2_asthma_P49WheezingRS_244.wav,2,1,0,0,0.9460552,0.005436016,0.03596496,0.0022326251,0.0103112105
asthma_v2_asthma_P57WheezingIE_281.wav,2,1,0,3,0.041203897,0.014257137,0.0034912867,0.8544299,0.08661788
asthma_v2_asthma_P57WheezingIE_285.wav,2,1,0,3,0.07416544,0.23273985,0.007782712,0.6472253,0.038086716
asthma_v2_asthma_P57WheezingIU_282.wav,2,1,0,3,0.3283588,0.011005564,0.0045960587,0.6294238,0.026615838
asthma_v2_asthma_P57WheezingRL_283.wav,2,1,0,3,0.07337596,0.0051808944,0.0075196177,0.4903194,0.42360422
asthma_v2_asthma_P57WheezingRS_284.wav,2,1,0,3,0.18840857,0.09681928,0.16791216,0.4069087,0.13995135
asthma_v2_asthma_P5AsthmaIE_21.wav,2,1,0,0,0.95881313,0.0017069128,0.0020333945,0.0020253307,0.035421237
asthma_v2_asthma_P5AsthmaIE_25.wav,2,1,0,0,0.7834168,0.0022343853,0.007999325,0.0022886978,0.20406069
asthma_v2_asthma_P5AsthmaIU_22.wav,2,1,0,0,0.92975074,0.0044399938,0.0020043543,0.0026707654,0.06113425
asthma_v2_asthma_P5AsthmaRL_23.wav,2,1,0,0,0.9445421,0.001336326,0.0029434983,0.00064914295,0.050528884
asthma_v2_asthma_P5AsthmaRS_24.wav,2,1,0,0,0.968048,0.0011005045,0.0013467992,0.00055585464,0.02894882
asthma_v2_asthma_P9AsthmaIE_41.wav,2,1,0,0,0.7209271,0.0033791494,0.00097253616,0.004055687,0.27066547
asthma_v2_asthma_P9AsthmaIE_45.wav,2,1,0,0,0.9431316,0.0024766268,0.0019507377,0.0013901563,0.05105078
asthma_v2_asthma_P9AsthmaIU_42.wav,2,1,0,0,0.84239507,0.014193127,0.008666859,0.010148585,0.12459636
asthma_v2_asthma_P9AsthmaRL_43.wav,2,1,0,0,0.96310234,0.0015747527,0.022729464,0.0009819315,0.011611444
asthma_v2_asthma_P9AsthmaRS_44.wav,2,1,0,0,0.95161563,0.00084546313,0.00068457273,0.0005402499,0.046314042
asthma_v2_copd_P11COPDMc_82.wav,2,1,2,0,0.67971915,0.024850687,0.28896648,0.0032905329,0.0031730928
asthma_v2_copd_P11COPDMc_84.wav,2,1,2,0,0.59658843,0.020018473,0.35833272,0.019088367,0.005971975
asthma_v2_copd_P11COPDMc_86.wav,2,1,2,2,0.39620313,0.013722761,0.5305296,0.0034286834,0.056115806
asthma_v2_copd_P11COPDMc_88.wav,2,1,2,2,0.31832668,0.023477502,0.6507365,0.006557562,0.0009017576
asthma_v2_copd_P11COPDPr_81.wav,2,1,2,0,0.5851037,0.02315058,0.38651338,0.0015842863,0.0036480417
asthma_v2_copd_P11COPDPr_83.wav,2,1,2,2,0.12861846,0.014799194,0.84766895,0.00064053695,0.008272871
asthma_v2_copd_P11COPDPr_85.wav,2,1,2,2,0.18144049,0.018023165,0.7919238,0.006047696,0.0025648752
asthma_v2_copd_P11COPDPr_87.wav,2,1,2,1,0.28524634,0.3762144,0.3161667,0.02072094,0.0016515708
asthma_v2_copd_P18COPDMc_138.wav,2,1,2,2,0.0015344626,0.000205225,0.99747497,0.00022884484,0.0005565869
asthma_v2_copd_P18COPDMc_140.wav,2,1,2,2,0.0018580182,0.0003418727,0.99658394,0.00028747565,0.0009287093
asthma_v2_copd_P18COPDMc_142.wav,2,1,2,2,0.002301677,0.0017075143,0.9941969,0.00039666775,0.001397223
asthma_v2_copd_P18COPDMc_144.wav,2,1,2,1,0.0028104542,0.49877343,0.4935769,0.0041451715,0.0006940492
asthma_v2_copd_P18COPDPr_137.wav,2,1,2,2,0.005733044,0.00047368754,0.9927285,0.00016578697,0.0008990061
asthma_v2_copd_P18COPDPr_139.wav,2,1,2,2,0.0015190936,0.00024542672,0.9973212,0.00021482578,0.0006995299
asthma_v2_copd_P18COPDPr_141.wav,2,1,2,2,0.0037734716,0.0027128852,0.9925201,0.0001973265,0.0007962085
asthma_v2_copd_P18COPDPr_143.wav,2,1,2,2,0.00037490745,0.000666362,0.99643046,0.0016966267,0.0008316651
asthma_v2_copd_P23COPDMc_178.wav,2,1,2,3,0.0029795885,0.0068866927,0.037089232,0.9509343,0.0021101723
asthma_v2_copd_P23COPDMc_180.wav,2,1,2,2,0.01266048,0.02977217,0.9027304,0.040934686,0.013902271
asthma_v2_copd_P23COPDMc_182.wav,2,1,2,2,0.0018560288,0.029909065,0.9613945,0.006591901,0.00024851182
asthma_v2_copd_P23COPDMc_184.wav,2,1,2,2,0.00095541717,0.019001631,0.97818905,0.0015100477,0.00034382276
asthma_v2_copd_P23COPDPr_177.wav,2,1,2,3,0.015586835,0.01724485,0.09798042,0.86311066,0.006077293
asthma_v2_copd_P23COPDPr_179.wav,2,1,2,2,0.004557981,0.016826369,0.8743236,0.09935971,0.0049323374
asthma_v2_copd_P23COPDPr_181.wav,2,1,2,2,0.00094569,0.0031039342,0.9850671,0.003790627,0.007092628
asthma_v2_copd_P23COPDPr_183.wav,2,1,2,2,0.0009056287,0.007029903,0.9896164,0.0021284863,0.0003195666
asthma_v2_copd_P25COPDMc_194.wav,2,1,2,1,0.0005677642,0.95302176,0.0352333,0.010869375,0.00030776975
asthma_v2_copd_P25COPDMc_196.wav,2,1,2,1,0.0032862397,0.63032866,0.29382318,0.07009334,0.0024686118
asthma_v2_copd_P25COPDMc_198.wav,2,1,2,2,0.010181396,0.15211734,0.78592455,0.050976265,0.0008004291
asthma_v2_copd_P25COPDMc_200.wav,2,1,2,2,0.0030719151,0.0051482865,0.98822546,0.002218206,0.0013360867
asthma_v2_copd_P25COPDPr_193.wav,2,1,2,2,0.005522679,0.016362041,0.80747443,0.16298562,0.0076551805
asthma_v2_copd_P25COPDPr_195.wav,2,1,2,2,0.0016776101,0.09394481,0.8810931,0.019504176,0.0037803203
asthma_v2_copd_P25COPDPr_197.wav,2,1,2,2,0.0045943996,0.005733379,0.98667437,0.0025208746,0.0004769164
asthma_v2_copd_P25COPDPr_199.wav,2,1,2,2,0.011819209,0.058107663,0.90196043,0.026259271,0.001853434
asthma_v2_copd_P26COPDMc_202.wav,2,1,2,2,0.00484801,0.043028474,0.9425503,0.0074345404,0.0021386517
asthma_v2_copd_P26COPDMc_204.wav,2,1,2,2,0.0024967948,0.062090926,0.92366934,0.011267656,0.00047528037
asthma_v2_copd_P26COPDMc_206.wav,2,1,2,2,0.007360347,0.062545724,0.9027918,0.0019681556,0.025333975
asthma_v2_copd_P26COPDMc_208.wav,2,1,2,2,0.041873068,0.04208268,0.892816,0.015294331,0.007933943
asthma_v2_copd_P26COPDPr_201.wav,2,1,2,2,0.0028623722,0.008151539,0.9855822,0.0017010177,0.0017029746
asthma_v2_copd_P26COPDPr_203.wav,2,1,2,2,0.0008777106,0.003031595,0.9938564,0.0017309135,0.0005033207
asthma_v2_copd_P26COPDPr_205.wav,2,1,2,2,0.0022420373,0.017375434,0.96848494,0.010996357,0.0009013022
asthma_v2_copd_P26COPDPr_207.wav,2,1,2,2,0.016682666,0.004347304,0.9272471,0.00443842,0.04728447
asthma_v2_copd_P31COPDMc_242.wav,2,1,2,2,0.023746008,0.0010672802,0.91942114,0.040010348,0.015755255
asthma_v2_copd_P31COPDMc_244.wav,2,1,2,2,0.004678551,0.006203889,0.97598547,0.010905217,0.0022268079
asthma_v2_copd_P31COPDMc_246.wav,2,1,2,2,0.2993644,0.018537672,0.6767802,0.0037912405,0.001526509
asthma_v2_copd_P31COPDMc_248.wav,2,1,2,2,0.17156766,0.00671012,0.8176553,0.0010723268,0.0029945674
asthma_v2_copd_P31COPDPr_241.wav,2,1,2,2,0.0026947425,0.0023237756,0.9908154,0.0025932752,0.0015727485
asthma_v2_copd_P31COPDPr_243.wav,2,1,2,3,0.08266383,0.004376888,0.42167166,0.46022448,0.031063154
asthma_v2_copd_P31COPDPr_245.wav,2,1,2,2,0.15581623,0.060251158,0.767457,0.015546643,0.0009289697
asthma_v2_copd_P31COPDPr_247.wav,2,1,2,2,0.27259827,0.011439232,0.71271604,0.0018396899,0.0014067441
asthma_v2_copd_P36COPDMc_282.wav,2,1,2,2,0.003833576,0.018871896,0.9733993,0.0018297184,0.0020656239
asthma_v2_copd_P36COPDMc_284.wav,2,1,2,2,0.011899433,0.021228869,0.9501506,0.01411951,0.002601571
asthma_v2_copd_P36COPDMc_286.wav,2,1,2,2,0.0030337067,0.094049886,0.89846045,0.0035527954,0.0009031444
asthma_v2_copd_P36COPDMc_288.wav,2,1,2,2,0.00030380412,0.003928478,0.9952679,0.00020659278,0.00029321198
asthma_v2_copd_P36COPDPr_281.wav,2,1,2,2,0.001964433,0.07497937,0.89016473,0.03178883,0.001102672
asthma_v2_copd_P36COPDPr_283.wav,2,1,2,2,0.0037392827,0.006883198,0.9865783,0.0019923942,0.0008067974
asthma_v2_copd_P36COPDPr_285.wav,2,1,2,2,0.00056137185,0.010798927,0.9876725,0.00030883655,0.0006582863
asthma_v2_copd_P36COPDPr_287.wav,2,1,2,2,0.0019789108,0.0059507615,0.9886198,0.0025664556,0.00088412606
asthma_v2_copd_P39COPDMc_306.wav,2,1,2,2,0.0016759847,0.029517932,0.95677465,0.0056508463,0.0063806265
asthma_v2_copd_P39COPDMc_308.wav,2,1,2,2,0.0024553256,0.3897159,0.5875685,0.005371172,0.014889005
asthma_v2_copd_P39COPDMc_310.wav,2,1,2,1,0.00036507347,0.9582388,0.037873134,0.003279643,0.00024333973
asthma_v2_copd_P39COPDMc_312.wav,2,1,2,2,0.0006717604,0.001812548,0.996451,0.00034691655,0.00071778754
asthma_v2_copd_P39COPDPr_305.wav,2,1,2,2,0.0012597283,0.000996244,0.9918311,0.003945133,0.0019677426
asthma_v2_copd_P39COPDPr_307.wav,2,1,2,1,0.0021202704,0.8553047,0.1348054,0.0046962867,0.0030732984
asthma_v2_copd_P39COPDPr_309.wav,2,1,2,2,0.0015029125,0.019656219,0.97429,0.0037211808,0.00082961353
asthma_v2_copd_P39COPDPr_311.wav,2,1,2,1,0.00011419346,0.9889353,0.009831507,0.0010388829,8.013599e-05
asthma_v2_copd_P43COPDMc_338.wav,2,1,2,2,0.00045617003,0.007369601,0.99066556,0.0008088233,0.0006998471
asthma_v2_copd_P43COPDMc_340.wav,2,1,2,2,0.002870625,0.0036071273,0.94900036,0.003393864,0.041128
asthma_v2_copd_P43COPDMc_342.wav,2,1,2,2,0.0034417142,0.0018139075,0.9549269,0.0024810773,0.037336383
asthma_v2_copd_P43COPDMc_344.wav,2,1,2,2,0.00061330764,0.009235632,0.9885102,0.00091069815,0.0007301339
asthma_v2_copd_P43COPDPr_337.wav,2,1,2,2,0.0003795921,0.005292369,0.9933509,0.00038206924,0.00059512106
asthma_v2_copd_P43COPDPr_339.wav,2,1,2,2,0.023383271,0.0043543754,0.7294579,0.08850726,0.15429708
asthma_v2_copd_P43COPDPr_341.wav,2,1,2,2,0.0074602063,0.0024081266,0.9652582,0.0046484037,0.020225126
asthma_v2_copd_P43COPDPr_343.wav,2,1,2,2,0.0019413218,0.051148303,0.94120973,0.0017368208,0.0039638067
asthma_v2_copd_P49COPDMc_386.wav,2,1,2,2,0.00032253892,0.00070256897,0.9976623,0.0008776184,0.00043492104
asthma_v2_copd_P49COPDMc_388.wav,2,1,2,2,0.0005189335,0.00095459324,0.99606836,0.0013756404,0.0010823458
asthma_v2_copd_P49COPDMc_390.wav,2,1,2,2,0.00062370324,0.0025331667,0.9912179,0.0050106193,0.00061452476
asthma_v2_copd_P49COPDMc_392.wav,2,1,2,2,0.001342951,0.0018261399,0.9725064,0.01966757,0.004656912
asthma_v2_copd_P49COPDPr_385.wav,2,1,2,2,0.0004560993,0.0004987075,0.9978694,0.0006554527,0.0005204269
asthma_v2_copd_P49COPDPr_387.wav,2,1,2,2,0.0007527798,0.0028510238,0.9905183,0.0054288735,0.0004490567
asthma_v2_copd_P49COPDPr_389.wav,2,1,2,2,0.0010564981,0.0028687676,0.9920506,0.003598121,0.00042599274
asthma_v2_copd_P49COPDPr_391.wav,2,1,2,2,0.00050243887,0.0007925317,0.9953994,0.0030190928,0.00028656988
asthma_v2_healthy_P12Healthy16S.wav,2,1,3,3,0.1485647,0.2650784,0.109179534,0.26788414,0.2092933
asthma_v2_healthy_P12Healthy67S.wav,2,1,3,3,0.001126825,0.0033049642,0.0028373841,0.99141604,0.0013147919
asthma_v2_healthy_P12Healthy93S.wav,2,1,3,3,0.0019265278,0.0058174687,0.00533501,0.9844684,0.0024525882
asthma_v2_healthy_P12Healthy98S.wav,2,1,3,3,0.027193172,0.007711768,0.09528985,0.85937345,0.010431733
asthma_v2_healthy_P12Healthy99S.wav,2,1,3,3,0.000610068,0.02079361,0.003555766,0.9740268,0.0010136957
asthma_v2_healthy_P17Healthy22S.wav,2,1,3,4,0.049389917,0.0036542548,0.0023470728,0.3752376,0.5693711
asthma_v2_healthy_P17Healthy35S.wav,2,1,3,4,0.04883876,0.001514362,0.009698643,0.11426293,0.82568526
asthma_v2_healthy_P17Healthy58S.wav,2,1,3,3,0.0030568514,0.0013697231,0.0018287766,0.99011153,0.0036331606
asthma_v2_healthy_P17Healthy71S.wav,2,1,3,3,0.007950217,0.0024768277,0.010210775,0.97223973,0.0071224454
asthma_v2_healthy_P17Healthy83S.wav,2,1,3,3,0.0035076055,0.001847838,0.0018824019,0.98967946,0.00308273
asthma_v2_healthy_P1Healthy29S.wav,2,1,3,3,0.014772355,0.045588028,0.21017629,0.72355145,0.005911895
asthma_v2_healthy_P1Healthy55S.wav,2,1,3,3,0.0011463986,0.0046313563,0.0028791279,0.98654073,0.0048023416
asthma_v2_healthy_P1Healthy86S.wav,2,1,3,3,0.01959301,0.024573142,0.09815983,0.84109795,0.016576016
asthma_v2_healthy_P1Healthy88S.wav,2,1,3,3,0.00457539,0.0039350726,0.007166567,0.9804821,0.003840885
asthma_v2_healthy_P1Healthy99S.wav,2,1,3,3,0.0007903088,0.0032250998,0.0018656005,0.9922678,0.0018511846
asthma_v2_healthy_P24Healthy51S.wav,2,1,3,3,0.025516162,0.0023106537,0.004148509,0.58513904,0.3828856
asthma_v2_healthy_P24Healthy58S.wav,2,1,3,4,0.20920402,0.05421434,0.06913848,0.2686368,0.39880636
asthma_v2_healthy_P24Healthy62S.wav,2,1,3,3,0.029951986,0.0044044773,0.0004925801,0.8928458,0.07230507
asthma_v2_healthy_P24Healthy63S.wav,2,1,3,3,0.018830901,0.0029888013,0.0022573934,0.9198969,0.056026
asthma_v2_healthy_P24Healthy95S.wav,2,1,3,3,0.07144929,0.004926812,0.0039970973,0.6243015,0.2953253
asthma_v2_healthy_P3Healthy44S.wav,2,1,3,1,0.00051811035,0.9845852,0.006157723,0.00853048,0.00020846947
asthma_v2_healthy_P3Healthy49S.wav,2,1,3,3,0.0010777176,0.0011200213,0.0011987751,0.99473697,0.0018665019
asthma_v2_healthy_P3Healthy57S.wav,2,1,3,3,0.001092153,0.0009161546,0.0011530116,0.99502385,0.0018148486
asthma_v2_healthy_P3Healthy60S.wav,2,1,3,3,0.0037740057,0.4835111,0.017063329,0.49253523,0.003116273
asthma_v2_healthy_P3Healthy84S.wav,2,1,3,3,0.0012174178,0.0018355954,0.0011565676,0.99394727,0.0018431091
asthma_v2_healthy_P8Healthy33S.wav,2,1,3,3,0.007752839,0.05994925,0.003937962,0.9134537,0.014906249
asthma_v2_healthy_P8Healthy35S.wav,2,1,3,3,0.013322499,0.014031551,0.0486447,0.91008514,0.013916098
asthma_v2_healthy_P8Healthy48S.wav,2,1,3,3,0.0010991372,0.07139879,0.022652468,0.8896439,0.0152057
asthma_v2_healthy_P8Healthy70S.wav,2,1,3,2,0.01962652,0.23004279,0.29773688,0.25517136,0.19742247
asthma_v2_healthy_P8Healthy82S.wav,2,1,3,3,0.013469153,0.05572982,0.07893467,0.47910854,0.3727578
asthma_v2_pneumonia_P13Pneumonia20R.wav,2,1,4,4,0.1507369,0.00031777576,0.018596996,0.045667384,0.78468096
asthma_v2_pneumonia_P13Pneumonia26N.wav,2,1,4,4,0.04744861,0.0003061544,0.0022821513,0.0025524339,0.9474105
asthma_v2_pneumonia_P13Pneumonia33Z.wav,2,1,4,4,0.043009803,0.00013286108,0.00720624,0.010263032,0.939388
asthma_v2_pneumonia_P13Pneumonia60R.wav,2,1,4,4,0.049701065,9.615195e-05,0.014971588,0.018933758,0.91629744
asthma_v2_pneumonia_P13Pneumonia94T.wav,2,1,4,4,0.040600616,0.0007594232,0.0147211095,0.08019892,0.86371994
asthma_v2_pneumonia_P13Pneumonia99T.wav,2,1,4,4,0.13238646,0.00037084948,0.0252012,0.0009089318,0.84113264
asthma_v2_pneumonia_P20Pneumonia27V.wav,2,1,4,4,0.09450534,0.0019165848,0.015345953,0.41059515,0.47763702
asthma_v2_pneumonia_P20Pneumonia31P.wav,2,1,4,4,0.101421915,0.00059038773,0.001448433,0.081301756,0.8152376
asthma_v2_pneumonia_P20Pneumonia37V.wav,2,1,4,3,0.05956728,0.0011154021,0.016683461,0.67011756,0.25251624
asthma_v2_pneumonia_P20Pneumonia42B.wav,2,1,4,4,0.07205283,0.00046870855,0.036495276,0.15168856,0.7392946
asthma_v2_pneumonia_P20Pneumonia58T.wav,2,1,4,4,0.11883391,0.0005783959,0.02698472,0.242418,0.61118495
asthma_v2_pneumonia_P20Pneumonia84L.wav,2,1,4,4,0.20519932,0.0015318175,0.012612757,0.16679442,0.6138617
asthma_v2_pneumonia_P21Pneumonia12C.wav,2,1,4,2,0.02492887,0.013154413,0.6275533,0.01055043,0.323813
asthma_v2_pneumonia_P21Pneumonia24G.wav,2,1,4,4,0.044093527,0.018868497,0.3899013,0.081831485,0.46530515
asthma_v2_pneumonia_P21Pneumonia56M.wav,2,1,4,4,0.088641495,0.0025738487,0.0028829256,0.259162,0.6467398
asthma_v2_pneumonia_P21Pneumonia69Q.wav,2,1,4,3,0.13400903,0.021321375,0.1330898,0.36830515,0.34327462
asthma_v2_pneumonia_P21Pneumonia78P.wav,2,1,4,3,0.09408157,0.019634971,0.0022541187,0.7204453,0.16358408
asthma_v2_pneumonia_P21Pneumonia95A.wav,2,1,4,4,0.03762417,0.020479439,0.0365469,0.35955864,0.54579085
asthma_v2_pneumonia_P33Pneumonia50P.wav,2,1,4,4,0.02555311,0.0014861969,0.0003662268,0.050460894,0.9221335
asthma_v2_pneumonia_P33Pneumonia70D.wav,2,1,4,4,0.014773091,0.00037330732,0.004494893,0.01301597,0.9673428
asthma_v2_pneumonia_P33Pneumonia74T.wav,2,1,4,4,0.028871384,0.0005064253,0.0005189243,0.04279428,0.92730904
asthma_v2_pneumonia_P33Pneumonia88U.wav,2,1,4,4,0.034333445,0.0008073121,0.0011469432,0.049300753,0.9144116
asthma_v2_pneumonia_P33Pneumonia94C.wav,2,1,4,4,0.052507173,0.00090191234,0.0022070527,0.042396173,0.9019877
asthma_v2_pneumonia_P33Pneumonia94P.wav,2,1,4,4,0.18496151,0.0043082284,0.0074228644,0.3540743,0.44923306
asthma_v2_pneumonia_P34Pneumonia15R.wav,2,1,4,4,0.07521292,0.0052168644,0.00043001384,0.12045328,0.798687
asthma_v2_pneumonia_P34Pneumonia36H.wav,2,1,4,4,0.02777592,0.00026374724,0.00447153,0.0027464174,0.9647423
asthma_v2_pneumonia_P34Pneumonia61E.wav,2,1,4,4,0.025451852,0.0003044075,0.0069542513,0.015229923,0.9520595
asthma_v2_pneumonia_P34Pneumonia66M.wav,2,1,4,4,0.019790266,0.00044109326,0.0042362134,0.016222395,0.95931005
asthma_v2_pneumonia_P34Pneumonia77O.wav,2,1,4,4,0.05008181,0.0020048115,0.0015820524,0.23061617,0.7157151
asthma_v2_pneumonia_P34Pneumonia99G.wav,2,1,4,4,0.038562234,0.004442581,0.0006509611,0.33150464,0.6248396
asthma_v2_pneumonia_P36Pneumonia56V.wav,2,1,4,0,0.96817714,0.009913545,0.00089605676,0.0025377648,0.018475518
asthma_v2_pneumonia_P36Pneumonia57U.wav,2,1,4,0,0.87233347,0.003542135,0.0017237382,0.0022636028,0.120137066
asthma_v2_pneumonia_P36Pneumonia79Z.wav,2,1,4,4,0.036625247,0.0023733522,0.00083748205,0.12504269,0.8351213
asthma_v2_pneumonia_P36Pneumonia83N.wav,2,1,4,4,0.009181067,0.00037917672,0.0003937279,0.011139725,0.9789063
asthma_v2_pneumonia_P36Pneumonia85U.wav,2,1,4,4,0.031719532,0.0005405855,0.00076900685,0.042954896,0.9240161
asthma_v2_pneumonia_P36Pneumonia86S.wav,2,1,4,0,0.8961652,0.0013516599,0.00042487757,0.0010638185,0.100994475
asthma_v2_pneumonia_P37Pneumonia44I.wav,2,1,4,0,0.86536163,0.0087528415,0.0020177127,0.0097309565,0.11413696
asthma_v2_pneumonia_P37Pneumonia73K.wav,2,1,4,0,0.8842657,0.066812456,0.0019369059,0.013608607,0.033376325
asthma_v2_pneumonia_P37Pneumonia73X.wav,2,1,4,0,0.9657584,0.0017235116,0.0003157911,0.0011778227,0.031024512
asthma_v2_pneumonia_P37Pneumonia83S.wav,2,1,4,0,0.49469322,0.0026440928,0.001405255,0.008519131,0.49273828
asthma_v2_pneumonia_P37Pneumonia84E.wav,2,1,4,0,0.63027155,0.0020196876,0.002589781,0.005200633,0.35991833
asthma_v2_pneumonia_P37Pneumonia95J.wav,2,1,4,0,0.87662274,0.001138323,0.00264299,0.0008795431,0.11871645
asthma_v2_pneumonia_P47Pneumonia14M.wav,2,1,4,3,0.06617311,0.003943807,0.010780473,0.7792632,0.13983949
asthma_v2_pneumonia_P47Pneumonia19A.wav,2,1,4,3,0.21931125,0.04098585,0.06909959,0.62590545,0.044697884
asthma_v2_pneumonia_P47Pneumonia24N.wav,2,1,4,4,0.11969328,0.0004318588,0.09672185,0.045560922,0.7375921
asthma_v2_pneumonia_P47Pneumonia69D.wav,2,1,4,4,0.2572479,0.0015816103,0.2324681,0.013200093,0.4955023
asthma_v2_pneumonia_P47Pneumonia74Q.wav,2,1,4,3,0.08672673,0.010031554,0.1755279,0.71826583,0.009447947
asthma_v2_pneumonia_P47Pneumonia98K.wav,2,1,4,0,0.302177,0.053818945,0.2533977,0.2284821,0.16212423
asthma_v2_Bronchial_P14BronchialSc_66.wav,2,2,1,0,0.50972605,0.35496834,0.033943046,0.003051245,0.09831129
asthma_v2_Bronchial_P14BronchialSc_68.wav,2,2,1,0,0.49071252,0.10802357,0.3901282,0.0021081152,0.009027564
asthma_v2_Bronchial_P14BronchialSc_70.wav,2,2,1,3,0.003398503,0.27780733,0.011254376,0.68033713,0.02720269
asthma_v2_Bronchial_P14BronchialTc_67.wav,2,2,1,2,0.17312223,0.19235405,0.6218613,0.0054335296,0.007228854
asthma_v2_Bronchial_P14BronchialTc_69.wav,2,2,1,0,0.5591342,0.1735061,0.2528379,0.00061045884,0.013911384
asthma_v2_Bronchial_P16BronchialSc_76.wav,2,2,1,1,0.0006546694,0.9703179,0.0153365815,0.01290507,0.0007858192
asthma_v2_Bronchial_P16BronchialSc_78.wav,2,2,1,1,0.0006562119,0.98382103,0.0073033734,0.007515041,0.0007044078
asthma_v2_Bronchial_P16BronchialSc_80.wav,2,2,1,1,0.0003174565,0.9919883,0.004181125,0.0030312745,0.00048179348
asthma_v2_Bronchial_P16BronchialTc_77.wav,2,2,1,1,0.0004920249,0.9899478,0.003550568,0.0054954817,0.00051402254
asthma_v2_Bronchial_P16BronchialTc_79.wav,2,2,1,1,0.00087497116,0.9748799,0.00596203,0.017458843,0.0008242295
asthma_v2_Bronchial_P17BronchialSc_82.wav,2,2,1,1,0.02305106,0.5612088,0.11583846,0.053430043,0.24647166
asthma_v2_Bronchial_P17BronchialSc_84.wav,2,2,1,1,0.010958307,0.7521514,0.053844877,0.027225085,0.15582038
asthma_v2_Bronchial_P17BronchialTc_81.wav,2,2,1,1,0.0031650723,0.9196246,0.03773683,0.036139723,0.0033337707
asthma_v2_Bronchial_P17BronchialTc_83.wav,2,2,1,1,0.012912083,0.7826371,0.027490966,0.109344326,0.06761554
asthma_v2_Bronchial_P17BronchialTc_85.wav,2,2,1,1,0.0038698618,0.6564802,0.025282376,0.2479188,0.06644879
asthma_v2_Bronchial_P19BronchialSc_92.wav,2,2,1,1,0.0016130606,0.96883196,0.015191718,0.013591049,0.0007722175
asthma_v2_Bronchial_P19BronchialSc_94.wav,2,2,1,1,0.0012618384,0.98033947,0.014344666,0.0022619483,0.0017920773
asthma_v2_Bronchial_P19BronchialTc_91.wav,2,2,1,2,0.0031972162,0.014677266,0.85992235,0.102263466,0.019939609
asthma_v2_Bronchial_P19BronchialTc_93.wav,2,2,1,1,0.012021682,0.86514646,0.075008355,0.037970923,0.009852582
asthma_v2_Bronchial_P19BronchialTc_95.wav,2,2,1,1,0.00062932237,0.9910868,0.0043755723,0.0030420655,0.0008662564
asthma_v2_Bronchial_P7BronchialSc_32.wav,2,2,1,1,0.00034600697,0.9913645,0.0066171717,0.0014046036,0.00026773987
asthma_v2_Bronchial_P7BronchialSc_34.wav,2,2,1,1,0.00017459654,0.9887046,0.0069262027,0.0040018614,0.0001926261
asthma_v2_Bronchial_P7BronchialTc_31.wav,2,2,1,1,0.0002829271,0.990846,0.0065682186,0.0018937092,0.00040927294
asthma_v2_Bronchial_P7BronchialTc_33.wav,2,2,1,1,0.00025083224,0.98184055,0.014462998,0.0032836972,0.00016192136
asthma_v2_Bronchial_P7BronchialTc_35.wav,2,2,1,1,0.00035029819,0.9901226,0.00851437,0.0006503928,0.0003623172
asthma_v2_Bronchial_P9BronchialSc_42.wav,2,2,1,1,0.0025278623,0.9055568,0.08628005,0.003782847,0.0018525374
asthma_v2_Bronchial_P9BronchialSc_44.wav,2,2,1,1,0.0037034906,0.9599118,0.03523566,0.0004909379,0.00065806776
asthma_v2_Bronchial_P9BronchialTc_41.wav,2,2,1,1,0.00027896988,0.96411526,0.02498113,0.010091216,0.0005334398
asthma_v2_Bronchial_P9BronchialTc_43.wav,2,2,1,2,0.0030538258,0.28164873,0.7050093,0.004715214,0.0055729775
asthma_v2_Bronchial_P9BronchialTc_45.wav,2,2,1,1,0.00056810334,0.97578543,0.022092247,0.0012137981,0.00034039177
asthma_v2_asthma_P18WheezingIE_89.wav,2,2,0,0,0.9900169,0.0062152864,0.0022758772,0.00011703648,0.0013749506
asthma_v2_asthma_P18WheezingIU_86.wav,2,2,0,0,0.96179086,0.018518183,0.0034212188,0.00019425519,0.016075583
asthma_v2_asthma_P18WheezingIU_90.wav,2,2,0,0,0.9508599,0.044529617,0.0011907339,8.0297534e-05,0.00333948
asthma_v2_asthma_P18WheezingRL_87.wav,2,2,0,0,0.7035592,0.2750326,0.011657364,0.0026046243,0.007146239
asthma_v2_asthma_P18WheezingRS_88.wav,2,2,0,0,0.6616615,0.32124865,0.0021578243,0.0021775374,0.012754536
asthma_v2_asthma_P19WheezingIE_93.wav,2,2,0,0,0.9927659,0.004095634,0.0009647177,4.4225966e-05,0.0021293825
asthma_v2_asthma_P19WheezingIU_94.wav,2,2,0,0,0.988332,0.006120949,0.0023017875,7.853037e-05,0.0031667363
asthma_v2_asthma_P19WheezingRL_91.wav,2,2,0,0,0.9816928,0.0023055177,0.00175225,2.0125966e-05,0.014229344
asthma_v2_asthma_P19WheezingRL_95.wav,2,2,0,0,0.98963016,0.0064092814,0.0009858372,9.4794785e-05,0.0028799647
asthma_v2_asthma_P19WheezingRS_92.wav,2,2,0,0,0.96264535,0.027622433,0.0058136187,0.00019839,0.0037201128
asthma_v2_asthma_P24WheezingIE_117.wav,2,2,0,0,0.98304623,0.006566372,0.0033420555,6.0238086e-05,0.0069850627
asthma_v2_asthma_P24WheezingIU_118.wav,2,2,0,0,0.99243224,0.002270817,0.0017739516,6.644827e-05,0.0034565947
asthma_v2_asthma_P24WheezingRL_119.wav,2,2,0,0,0.98870045,0.003997422,0.0012149804,4.4072003e-05,0.0060431897
asthma_v2_asthma_P24WheezingRS_116.wav,2,2,0,0,0.9893986,0.0016955355,0.0013866717,1.7602872e-05,0.00750155
asthma_v2_asthma_P24WheezingRS_120.wav,2,2,0,0,0.9822291,0.00408666,0.0070548113,3.9307466e-05,0.006590074
asthma_v2_asthma_P31WheezingIE_153.wav,2,2,0,0,0.99118876,0.0031544913,0.0010088223,2.5920646e-05,0.0046220166
asthma_v2_asthma_P31WheezingIU_154.wav,2,2,0,0,0.9796735,0.0023461138,0.006828108,0.00010299074,0.011049242
asthma_v2_asthma_P31WheezingRL_151.wav,2,2,0,0,0.845718,0.12977155,0.0018812087,0.00014981056,0.022479322
asthma_v2_asthma_P31WheezingRL_155.wav,2,2,0,0,0.9827472,0.009616903,0.0016900272,7.166081e-05,0.0058743153
asthma_v2_asthma_P31WheezingRS_152.wav,2,2,0,0,0.9829675,0.010138743,0.0011908752,4.891767e-05,0.0056539737
asthma_v2_asthma_P32WheezingIE_157.wav,2,2,0,0,0.9754076,0.001540367,0.001977216,4.007751e-05,0.02103471
asthma_v2_asthma_P32WheezingIU_158.wav,2,2,0,0,0.9076232,0.004944167,0.0017901378,0.00030289553,0.08533969
asthma_v2_asthma_P32WheezingRL_159.wav,2,2,0,0,0.9803444,0.0051384573,0.005396125,4.333498e-05,0.0090775965
asthma_v2_asthma_P32WheezingRS_156.wav,2,2,0,0,0.9840337,0.011418702,0.0012016542,0.0001093973,0.003236441
asthma_v2_asthma_P32WheezingRS_160.wav,2,2,0,0,0.9147954,0.071400575,0.0011002556,0.00020023543,0.012503537
asthma_v2_asthma_P38WheezingIE_189.wav,2,2,0,2,0.26950586,0.01421834,0.71047074,0.0013421907,0.0044629322
asthma_v2_asthma_P38WheezingIU_186.wav,2,2,0,0,0.6204418,0.00303633,0.36918923,0.0006337912,0.0066988315
asthma_v2_asthma_P38WheezingIU_190.wav,2,2,0,0,0.83763474,0.0008203354,0.1546046,0.00022450155,0.0067157466
asthma_v2_asthma_P38WheezingRL_187.wav,2,2,0,0,0.78961027,0.0013028935,0.19964194,0.00014277433,0.00930217
asthma_v2_asthma_P38WheezingRS_188.wav,2,2,0,0,0.91017145,0.00035025235,0.07183954,0.00018486749,0.017453872
asthma_v2_asthma_P42WheezingIE_209.wav,2,2,0,0,0.6148107,0.0025038684,0.37437382,0.0002678127,0.008043788
asthma_v2_asthma_P42WheezingIU_206.wav,2,2,0,0,0.90593976,0.0025206145,0.07982443,6.0828577e-05,0.011654432
asthma_v2_asthma_P42WheezingIU_210.wav,2,2,0,0,0.96576345,0.00052298425,0.028074132,0.00010192578,0.005537412
asthma_v2_asthma_P42WheezingRL_207.wav,2,2,0,0,0.9848772,0.00045827494,0.008303446,2.6212681e-05,0.0063347938
asthma_v2_asthma_P42WheezingRS_208.wav,2,2,0,0,0.9134184,0.0005633509,0.070805654,4.0424566e-05,0.015172129
asthma_v2_asthma_P51WheezingIE_253.wav,2,2,0,0,0.9265229,0.006080586,0.015892183,6.8521156e-05,0.051435724
asthma_v2_asthma_P51WheezingIU_254.wav,2,2,0,0,0.9790567,0.0006919044,0.011873749,3.4945242e-05,0.008342583
asthma_v2_asthma_P51WheezingRL_251.wav,2,2,0,0,0.96659696,0.0020646658,0.011967589,2.797681e-05,0.019342722
asthma_v2_asthma_P51WheezingRL_255.wav,2,2,0,0,0.92073447,0.00078186183,0.022406932,0.00017669426,0.055900086
asthma_v2_asthma_P51WheezingRS_252.wav,2,2,0,0,0.96662414,0.0010227443,0.026376043,5.4675907e-05,0.005922352
asthma_v2_asthma_P53WheezingIE_261.wav,2,2,0,0,0.6677626,0.26802805,0.0013177753,0.0043480447,0.058543533
asthma_v2_asthma_P53WheezingIE_265.wav,2,2,0,3,0.011547251,0.03116291,0.2299624,0.50657004,0.22075741
asthma_v2_asthma_P53WheezingIU_262.wav,2,2,0,0,0.9798304,0.0054412936,0.0010230485,7.457013e-05,0.013630686
asthma_v2_asthma_P53WheezingRL_263.wav,2,2,0,4,0.0075642415,0.0005820481,0.008009824,0.004569842,0.9792741
asthma_v2_asthma_P53WheezingRS_264.wav,2,2,0,4,0.0013525222,0.0010606045,0.0029976438,0.016175574,0.9784137
asthma_v2_asthma_P6AsthmaIE_29.wav,2,2,0,0,0.95950055,0.019291827,0.000795678,0.0005193509,0.019892624
asthma_v2_asthma_P6AsthmaIU_26.wav,2,2,0,0,0.9784006,0.00044973707,0.0036687658,1.3628311e-05,0.017467236
asthma_v2_asthma_P6AsthmaIU_30.wav,2,2,0,0,0.97234255,0.0018959903,0.0006303056,8.58794e-05,0.025045263
asthma_v2_asthma_P6AsthmaRL_27.wav,2,2,0,0,0.96967006,0.0005781482,0.0017902887,1.9244313e-05,0.02794228
asthma_v2_asthma_P6AsthmaRS_28.wav,2,2,0,0,0.93658334,0.006431968,0.030956749,0.00020307768,0.025824947
asthma_v2_copd_P12COPDMc_90.wav,2,2,2,2,0.020669712,0.013887123,0.95964265,0.0002517187,0.005548792
asthma_v2_copd_P12COPDMc_92.wav,2,2,2,0,0.5032821,0.0051285126,0.4743771,0.00034769476,0.016864596
asthma_v2_copd_P12COPDMc_94.wav,2,2,2,2,0.12321571,0.002236637,0.8407648,7.370397e-05,0.03370918
asthma_v2_copd_P12COPDMc_96.wav,2,2,2,2,0.02068496,0.024292143,0.48619166,0.22918558,0.23964565
asthma_v2_copd_P12COPDPr_89.wav,2,2,2,2,0.16969505,0.0020273614,0.81947196,0.0005438451,0.008261874
asthma_v2_copd_P12COPDPr_91.wav,2,2,2,2,0.46445835,0.007845046,0.52434754,0.00070068194,0.0026483913
asthma_v2_copd_P12COPDPr_93.wav,2,2,2,0,0.7717421,0.0021541943,0.15662822,0.00079076807,0.0686848
asthma_v2_copd_P12COPDPr_95.wav,2,2,2,2,0.0064917677,0.0017518518,0.94222337,0.001760497,0.047772557
asthma_v2_copd_P19COPDMc_146.wav,2,2,2,2,0.008831371,0.0037216565,0.90570253,0.053541254,0.028203176
asthma_v2_copd_P19COPDMc_148.wav,2,2,2,2,0.0036736634,0.011183764,0.9737235,0.001111967,0.010307182
asthma_v2_copd_P19COPDMc_150.wav,2,2,2,2,0.034966674,0.005715325,0.7453955,0.0007985029,0.21312399
asthma_v2_copd_P19COPDMc_152.wav,2,2,2,2,0.00030223784,0.0009762462,0.9960438,0.00062680285,0.0020509155
asthma_v2_copd_P19COPDPr_145.wav,2,2,2,2,0.003129757,0.17064823,0.8241166,0.00090849196,0.0011969004
asthma_v2_copd_P19COPDPr_147.wav,2,2,2,1,0.004430791,0.7891796,0.1741215,0.022074467,0.010193642
asthma_v2_copd_P19COPDPr_149.wav,2,2,2,2,0.022783877,0.002061961,0.65406436,0.022117788,0.29897198
asthma_v2_copd_P19COPDPr_151.wav,2,2,2,2,0.0109902145,0.040824167,0.93321854,0.0007040293,0.014263006
asthma_v2_copd_P24COPDMc_186.wav,2,2,2,2,0.00074008206,0.0038069428,0.99388313,0.00074816204,0.0008217094
asthma_v2_copd_P24COPDMc_188.wav,2,2,2,2,0.0018650703,0.005065254,0.9805608,0.0021537768,0.010355126
asthma_v2_copd_P24COPDMc_190.wav,2,2,2,2,0.020198263,0.010134907,0.7051003,0.009655536,0.25491092
asthma_v2_copd_P24COPDMc_192.wav,2,2,2,2,0.00078662863,0.012951485,0.9701398,0.012243325,0.0038786612
asthma_v2_copd_P24COPDPr_185.wav,2,2,2,2,0.0003054562,0.0037779289,0.99279445,0.0026275155,0.0004946188
asthma_v2_copd_P24COPDPr_187.wav,2,2,2,2,0.0005046818,0.0006274652,0.99613637,0.00043343246,0.0022979693
asthma_v2_copd_P24COPDPr_189.wav,2,2,2,2,0.0084152855,0.026972272,0.93008727,0.0055889194,0.02893618
asthma_v2_copd_P24COPDPr_191.wav,2,2,2,2,0.0009807803,0.0062015825,0.9825729,0.0074608573,0.0027838075
asthma_v2_copd_P29COPDMc_226.wav,2,2,2,2,0.0012881391,0.030175546,0.9606338,0.0034435375,0.0044589727
asthma_v2_copd_P29COPDMc_228.wav,2,2,2,2,0.0014736599,0.0056194547,0.99133205,0.0008063727,0.00076851045
asthma_v2_copd_P29COPDMc_230.wav,2,2,2,2,0.0005752535,0.0008849457,0.9967763,0.0008514385,0.00091206306
asthma_v2_copd_P29COPDMc_232.wav,2,2,2,2,0.007720767,0.019621123,0.9475121,0.0047908984,0.02035511
asthma_v2_copd_P29COPDPr_225.wav,2,2,2,2,0.0036710834,0.05205252,0.93510115,0.0020270972,0.007148142
asthma_v2_copd_P29COPDPr_227.wav,2,2,2,2,0.0009381334,0.007310317,0.9899894,0.00117917,0.0005829521
asthma_v2_copd_P29COPDPr_229.wav,2,2,2,2,0.000901222,0.0022644806,0.99397177,0.0020899386,0.0007726157
asthma_v2_copd_P29COPDPr_231.wav,2,2,2,2,0.00086683204,0.0042755194,0.99282044,0.0014142549,0.00062304654
asthma_v2_copd_P32COPDMc_250.wav,2,2,2,0,0.5701802,0.0021302255,0.35849768,0.00017423384,0.06901765
asthma_v2_copd_P32COPDMc_252.wav,2,2,2,0,0.7037486,0.001935174,0.286785,0.00018688952,0.007344391
asthma_v2_copd_P32COPDMc_254.wav,2,2,2,2,0.43012753,0.006218855,0.5106863,0.00032834202,0.05263897
asthma_v2_copd_P32COPDMc_256.wav,2,2,2,2,0.44612932,0.009144581,0.53571755,0.0004356995,0.008572841
asthma_v2_copd_P32COPDPr_249.wav,2,2,2,0,0.9824279,0.00022170496,0.004265254,2.9511055e-05,0.0130555555
asthma_v2_copd_P32COPDPr_251.wav,2,2,2,2,0.044332244,0.15366757,0.77159494,0.011878735,0.018526455
asthma_v2_copd_P32COPDPr_253.wav,2,2,2,0,0.5088245,0.005930171,0.4808915,0.0005576408,0.0037961162
asthma_v2_copd_P32COPDPr_255.wav,2,2,2,0,0.6707186,0.003215385,0.26542142,0.00049913285,0.06014545
asthma_v2_copd_P40COPDMc_314.wav,2,2,2,2,0.0041632154,0.32373056,0.6641281,0.0016132309,0.0063649304
asthma_v2_copd_P40COPDMc_316.wav,2,2,2,2,0.0030016971,0.05467308,0.74371165,0.048795216,0.14981826
asthma_v2_copd_P40COPDMc_318.wav,2,2,2,2,0.12767723,0.0023294645,0.72404414,0.00050378445,0.14544547
asthma_v2_copd_P40COPDMc_320.wav,2,2,2,2,0.009388338,0.011214846,0.71960616,0.00069587224,0.2590948
asthma_v2_copd_P40COPDPr_313.wav,2,2,2,2,0.0042077256,0.48652378,0.5040003,0.0015256759,0.0037424914
asthma_v2_copd_P40COPDPr_315.wav,2,2,2,2,0.0013480381,0.0024305251,0.96921533,0.0038521537,0.02315398
asthma_v2_copd_P40COPDPr_317.wav,2,2,2,2,0.0011441697,0.034585003,0.9088403,0.008532111,0.046898372
asthma_v2_copd_P40COPDPr_319.wav,2,2,2,2,0.0038943298,0.26142737,0.70410097,0.00095651334,0.029620921
asthma_v2_copd_P44COPDMc_346.wav,2,2,2,4,0.011245551,0.00044810015,0.057792757,0.007189644,0.923324
asthma_v2_copd_P44COPDMc_348.wav,2,2,2,4,0.0019197788,0.0002223327,0.0070087346,0.009250264,0.9815989
asthma_v2_copd_P44COPDMc_350.wav,2,2,2,1,0.0017684461,0.84994495,0.14570977,0.0021123858,0.0004645587
asthma_v2_copd_P44COPDMc_352.wav,2,2,2,2,0.018903637,0.0008160125,0.9485915,0.0034696923,0.028219182
asthma_v2_copd_P44COPDPr_345.wav,2,2,2,2,0.0022786965,0.0022511363,0.98434526,0.00020457721,0.010920341
asthma_v2_copd_P44COPDPr_347.wav,2,2,2,4,0.0028563477,0.0002636744,0.016963067,0.012723799,0.9671931
asthma_v2_copd_P44COPDPr_349.wav,2,2,2,1,0.002216018,0.72497433,0.26282033,0.009033756,0.000955481
asthma_v2_copd_P44COPDPr_351.wav,2,2,2,1,0.0024672914,0.50789374,0.47071004,0.013510974,0.0054179598
asthma_v2_copd_P48COPDMc_378.wav,2,2,2,2,0.001993466,0.00034723367,0.9967192,8.3637715e-05,0.00085645914
asthma_v2_copd_P48COPDMc_380.wav,2,2,2,2,0.021232301,0.0019362052,0.97436404,0.00014080248,0.0023266037
asthma_v2_copd_P48COPDMc_382.wav,2,2,2,2,0.0114660235,0.0024105918,0.96414477,0.0010760649,0.020902568
asthma_v2_copd_P48COPDMc_384.wav,2,2,2,2,0.0008624002,0.0011398952,0.9962769,0.00016074025,0.0015601084
asthma_v2_copd_P48COPDPr_377.wav,2,2,2,2,0.00054889335,0.00017301213,0.9984092,0.00012772281,0.0007411598
asthma_v2_copd_P48COPDPr_379.wav,2,2,2,2,0.000866736,0.00075231184,0.99675447,0.000114515744,0.0015119654
asthma_v2_copd_P48COPDPr_381.wav,2,2,2,2,0.00041160046,0.00031785097,0.99744874,0.00082100526,0.0010007669
asthma_v2_copd_P48COPDPr_383.wav,2,2,2,2,0.0006690475,0.00047285607,0.9978277,7.254132e-05,0.00095788797
asthma_v2_copd_P5COPDMc_34.wav,2,2,2,2,0.015415091,0.0013458217,0.9804345,0.000106734544,0.0026979449
asthma_v2_copd_P5COPDMc_36.wav,2,2,2,2,0.0007669726,0.000256857,0.99804926,0.00011638737,0.00081054633
asthma_v2_copd_P5COPDMc_38.wav,2,2,2,2,0.0007061953,0.0016980593,0.99662906,0.00022082774,0.0007458824
asthma_v2_copd_P5COPDMc_40.wav,2,2,2,2,0.010236186,0.0007146964,0.98417306,9.006301e-05,0.0047860187
asthma_v2_copd_P5COPDPr_33.wav,2,2,2,2,0.00078052166,0.00016839927,0.997163,0.00020489315,0.0016832084
asthma_v2_copd_P5COPDPr_35.wav,2,2,2,2,0.0007670725,0.00041885866,0.99810493,0.00013197896,0.0005770861
asthma_v2_copd_P5COPDPr_37.wav,2,2,2,2,0.0004320797,0.00060357025,0.9983449,0.00021350021,0.00040602344
asthma_v2_copd_P5COPDPr_39.wav,2,2,2,2,0.0014022528,0.0204649,0.9772549,0.00044777716,0.00043013715
asthma_v2_healthy_P11Healthy18S.wav,2,2,3,3,0.00022169347,0.00058709603,0.0031843542,0.9893183,0.00668851
asthma_v2_healthy_P11Healthy30S.wav,2,2,3,3,0.0011036001,0.03206089,0.009751673,0.9395388,0.017545056
asthma_v2_healthy_P11Healthy38S.wav,2,2,3,3,0.0018797631,0.0074015693,0.017421149,0.88703203,0.08626547
asthma_v2_healthy_P11Healthy60S.wav,2,2,3,3,0.00011405455,0.0014453992,0.0021577182,0.992249,0.0040337304
asthma_v2_healthy_P11Healthy73S.wav,2,2,3,3,0.0032398708,0.030457577,0.02787689,0.8128204,0.12560526
asthma_v2_healthy_P13Healthy28S.wav,2,2,3,3,0.00031101954,0.003316569,0.0032761155,0.98998743,0.0031088432
asthma_v2_healthy_P13Healthy42S.wav,2,2,3,3,0.0016664732,0.012240569,0.009101928,0.9470214,0.029969566
asthma_v2_healthy_P13Healthy48S.wav,2,2,3,3,0.00035235155,0.0014893283,0.0019853278,0.99170977,0.004463207
asthma_v2_healthy_P13Healthy53S.wav,2,2,3,3,0.0031940013,0.20189722,0.01568339,0.76286143,0.016364058
asthma_v2_healthy_P13Healthy69S.wav,2,2,3,4,0.056786906,0.012823838,0.0048824428,0.022965983,0.9025408
asthma_v2_healthy_P20Healthy25S.wav,2,2,3,3,0.023539029,0.01583919,0.0024155262,0.7072548,0.25095144
asthma_v2_healthy_P20Healthy31S.wav,2,2,3,3,0.0043046135,0.008541175,0.00043707233,0.9467067,0.040010467
asthma_v2_healthy_P20Healthy59S.wav,2,2,3,4,0.017489994,0.0011069543,0.0011639146,0.22380708,0.7564321
asthma_v2_healthy_P20Healthy70S.wav,2,2,3,4,0.05596291,0.002389413,0.0010497503,0.10691379,0.83368415
asthma_v2_healthy_P20Healthy84S.wav,2,2,3,3,0.028060442,0.009542888,0.12722391,0.47303075,0.36214194
asthma_v2_healthy_P2Healthy30S.wav,2,2,3,4,0.0065918267,0.0010013347,0.0033242528,0.11821917,0.8708634
asthma_v2_healthy_P2Healthy43S.wav,2,2,3,3,0.0021266793,0.007313693,0.00459691,0.8828865,0.10307615
asthma_v2_healthy_P2Healthy54S.wav,2,2,3,3,0.0007976161,0.009348051,0.030779619,0.9348536,0.024221044
asthma_v2_healthy_P2Healthy72S.wav,2,2,3,4,0.059023708,0.0024795744,0.0022467542,0.05647667,0.87977326
asthma_v2_healthy_P2Healthy89S.wav,2,2,3,4,0.036610104,0.0015062533,0.004853933,0.30731884,0.64971083
asthma_v2_healthy_P4Healthy12S.wav,2,2,3,4,0.021143464,0.0038601933,0.026285777,0.06736226,0.8813483
asthma_v2_healthy_P4Healthy22S.wav,2,2,3,3,0.0018443012,0.021527877,0.009904964,0.48645166,0.48027128
asthma_v2_healthy_P4Healthy62S.wav,2,2,3,3,0.00030631621,0.0043726987,0.003026081,0.9906741,0.001620867
asthma_v2_healthy_P4Healthy69S.wav,2,2,3,4,0.025425708,0.17994665,0.272383,0.23303327,0.28921142
asthma_v2_healthy_P4Healthy77S.wav,2,2,3,3,0.00022454052,0.0031070174,0.0025521384,0.9918202,0.002296054
asthma_v2_pneumonia_P10Pneumonia52A.wav,2,2,4,4,0.004367292,0.0015267372,0.14890139,0.016189938,0.8290146
asthma_v2_pneumonia_P10Pneumonia73G.wav,2,2,4,4,0.016466947,0.0068509174,0.11101022,0.005419421,0.86025244
asthma_v2_pneumonia_P10Pneumonia80J.wav,2,2,4,4,0.003565627,0.0015080884,0.008749286,0.013738022,0.9724391
asthma_v2_pneumonia_P10Pneumonia88R.wav,2,2,4,4,0.27100888,0.0019827792,0.021956515,0.08103163,0.6240202
asthma_v2_pneumonia_P10Pneumonia93W.wav,2,2,4,3,0.0017718556,0.0012440148,0.004602695,0.95262617,0.039755248
asthma_v2_pneumonia_P10Pneumonia97B.wav,2,2,4,4,0.028501691,0.00999377,0.4418847,0.0029131519,0.5167067
asthma_v2_pneumonia_P11Pneumonia12W.wav,2,2,4,4,0.11958611,0.0021176997,0.021989692,0.0061107175,0.85019577
asthma_v2_pneumonia_P11Pneumonia18T.wav,2,2,4,4,0.038818743,0.0035837211,0.25018406,0.02199583,0.6854177
asthma_v2_pneumonia_P11Pneumonia41N.wav,2,2,4,4,0.07904188,0.0038323605,0.004863303,0.031440903,0.8808215
asthma_v2_pneumonia_P11Pneumonia58A.wav,2,2,4,4,0.025756385,0.0011270187,0.0033865955,0.07752519,0.8922048
asthma_v2_pneumonia_P11Pneumonia65P.wav,2,2,4,4,0.015590937,0.0020222077,0.0019919348,0.025284976,0.9551099
asthma_v2_pneumonia_P11Pneumonia98J.wav,2,2,4,4,0.031125672,0.0010261581,0.0024587582,0.1111814,0.85420793
asthma_v2_pneumonia_P18Pneumonia15Q.wav,2,2,4,4,0.0037539667,0.00029497076,0.0016133535,0.028196856,0.96614087
asthma_v2_pneumonia_P18Pneumonia16E.wav,2,2,4,4,0.00996422,0.004673836,0.0008966176,0.0816021,0.90286314
asthma_v2_pneumonia_P18Pneumonia23E.wav,2,2,4,4,0.01668685,0.0034577353,0.00035616945,0.057220876,0.9222783
asthma_v2_pneumonia_P18Pneumonia50S.wav,2,2,4,4,0.013804147,0.0006632789,0.003690841,0.02503513,0.95680654
asthma_v2_pneumonia_P18Pneumonia84N.wav,2,2,4,4,0.008133299,0.0003434873,0.0010475346,0.013128276,0.97734743
asthma_v2_pneumonia_P18Pneumonia88I.wav,2,2,4,4,0.018195353,0.0005761547,0.000659916,0.01498451,0.96558404
asthma_v2_pneumonia_P23Pneumonia19A.wav,2,2,4,4,0.008396185,0.00055976136,0.019803705,0.14798482,0.8232556
asthma_v2_pneumonia_P23Pneumonia40O.wav,2,2,4,4,0.0046197716,0.00026119626,0.010750222,0.05816966,0.92619914
asthma_v2_pneumonia_P23Pneumonia54P.wav,2,2,4,4,0.00886737,0.00045888967,0.009211948,0.16968665,0.8117752
asthma_v2_pneumonia_P23Pneumonia60Y.wav,2,2,4,4,0.0075181634,0.00032104336,0.017909512,0.19823964,0.77601165
asthma_v2_pneumonia_P23Pneumonia90V.wav,2,2,4,3,0.002975731,0.00061326945,0.00542817,0.51126707,0.47971576
asthma_v2_pneumonia_P23Pneumonia97P.wav,2,2,4,3,0.012399461,0.0007325219,0.04073484,0.6688673,0.27726585
asthma_v2_pneumonia_P26Pneumonia12X.wav,2,2,4,4,0.0059061106,0.0019290353,0.0069932523,0.10138813,0.8837834
asthma_v2_pneumonia_P26Pneumonia66S.wav,2,2,4,4,0.01674985,0.0017004221,0.0028159393,0.010515875,0.9682179
asthma_v2_pneumonia_P26Pneumonia72P.wav,2,2,4,4,0.03575793,0.003401628,0.00059300865,0.101300366,0.8589471
asthma_v2_pneumonia_P26Pneumonia83Z.wav,2,2,4,4,0.0013355174,0.00029709455,0.0036644388,0.04618701,0.948516
asthma_v2_pneumonia_P26Pneumonia84P.wav,2,2,4,3,0.0021115495,0.0013673743,0.0032000148,0.5989792,0.3943419
asthma_v2_pneumonia_P26Pneumonia89E.wav,2,2,4,3,0.015561578,0.009477142,0.0020032087,0.5469086,0.42604947
asthma_v2_pneumonia_P28Pneumonia22W.wav,2,2,4,4,0.008468923,0.0007028658,0.002856101,0.014293899,0.97367823
asthma_v2_pneumonia_P28Pneumonia43J.wav,2,2,4,4,0.016471144,0.0056095286,0.00044228183,0.07935092,0.89812607
asthma_v2_pneumonia_P28Pneumonia56Y.wav,2,2,4,4,0.0087136915,0.00089821353,0.00091671397,0.012093368,0.97737795
asthma_v2_pneumonia_P28Pneumonia65J.wav,2,2,4,4,0.0393212,0.2938287,0.15438774,0.010559537,0.5019029
asthma_v2_pneumonia_P28Pneumonia71A.wav,2,2,4,4,0.002213696,0.00025573638,0.0011064326,0.009215613,0.98720855
asthma_v2_pneumonia_P28Pneumonia90E.wav,2,2,4,4,0.01276494,0.03960429,0.30408493,0.054725945,0.5888199
asthma_v2_pneumonia_P38Pneumonia23A.wav,2,2,4,0,0.94448566,0.0014485855,0.0013957912,3.1495238e-05,0.05263845
asthma_v2_pneumonia_P38Pneumonia34H.wav,2,2,4,0,0.9638079,0.0067786,0.0010432737,0.00016624352,0.028204089
asthma_v2_pneumonia_P38Pneumonia35P.wav,2,2,4,0,0.96572554,0.0017022246,0.001781608,4.6754245e-05,0.03074382
asthma_v2_pneumonia_P38Pneumonia41S.wav,2,2,4,0,0.9733855,0.009551485,0.002914675,0.00013425147,0.014014077
asthma_v2_pneumonia_P38Pneumonia61R.wav,2,2,4,0,0.7155435,0.0010938891,0.004000435,0.00016139513,0.2792007
asthma_v2_pneumonia_P38Pneumonia64N.wav,2,2,4,0,0.978036,0.0013368747,0.0010031582,5.374908e-05,0.019570246
asthma_v2_pneumonia_P40Pneumonia18H.wav,2,2,4,0,0.85238796,0.07460609,0.003205292,0.00014143786,0.069659285
asthma_v2_pneumonia_P40Pneumonia32Q.wav,2,2,4,4,0.0138317235,0.00087681017,0.0023089254,0.004496443,0.97848606
asthma_v2_pneumonia_P40Pneumonia69N.wav,2,2,4,0,0.9813774,0.0026771396,0.0041857287,6.328983e-05,0.011696339
asthma_v2_pneumonia_P40Pneumonia90Y.wav,2,2,4,0,0.7665776,0.14385945,0.010408129,0.0007440745,0.07841081
asthma_v2_pneumonia_P40Pneumonia91V.wav,2,2,4,0,0.9134384,0.009587562,0.014596482,0.000492564,0.061885
asthma_v2_pneumonia_P40Pneumonia92J.wav,2,2,4,0,0.96289307,0.019391857,0.0027166638,0.000145334,0.0148530705
asthma_v2_pneumonia_P41Pneumonia17O.wav,2,2,4,4,0.45056584,0.0024763893,0.05611701,0.0011362687,0.48970452
asthma_v2_pneumonia_P41Pneumonia25E.wav,2,2,4,4,0.047657393,0.009423719,0.40946075,0.0013296813,0.53212845
asthma_v2_pneumonia_P41Pneumonia31S.wav,2,2,4,0,0.98402715,0.0044030896,0.0009285415,3.7826492e-05,0.010603368
asthma_v2_pneumonia_P41Pneumonia41D.wav,2,2,4,4,0.05628588,0.005071709,0.0514312,0.0036817605,0.8835295
asthma_v2_pneumonia_P41Pneumonia71Q.wav,2,2,4,4,0.25076917,0.00075623114,0.021097207,0.0064674783,0.7209099
asthma_v2_pneumonia_P41Pneumonia72U.wav,2,2,4,0,0.9748796,0.011288511,0.0012871841,4.2782e-05,0.012501941
asthma_v2_pneumonia_P6Pneumonia15U.wav,2,2,4,4,0.006736791,0.00026491843,0.049960814,0.016816862,0.92622066
asthma_v2_pneumonia_P6Pneumonia17Q.wav,2,2,4,4,0.0035016667,0.00016863897,0.01369932,0.012863252,0.96976715
asthma_v2_pneumonia_P6Pneumonia32L.wav,2,2,4,4,0.010702442,0.00080247654,0.04643501,0.004573396,0.93748677
asthma_v2_pneumonia_P6Pneumonia37H.wav,2,2,4,4,0.0051745386,0.00089648436,0.026796006,0.072153285,0.8949797
asthma_v2_pneumonia_P6Pneumonia39O.wav,2,2,4,4,0.0042920397,0.00019720584,0.01972697,0.0045845066,0.97119933
asthma_v2_pneumonia_P6Pneumonia84M.wav,2,2,4,4,0.005682739,0.0003590651,0.0754827,0.013153711,0.9053217
asthma_v2_Bronchial_P13BronchialSc_62.wav,2,3,1,0,0.9620886,0.019493593,0.002961462,0.0019067009,0.013549727
asthma_v2_Bronchial_P13BronchialSc_64.wav,2,3,1,0,0.8786391,0.07048087,0.003996816,0.0026753517,0.044207748
asthma_v2_Bronchial_P13BronchialTc_61.wav,2,3,1,0,0.37867188,0.3261611,0.007155461,0.0071150274,0.2808965
asthma_v2_Bronchial_P13BronchialTc_63.wav,2,3,1,0,0.8326561,0.12866639,0.0036224143,0.0019233213,0.033131827
asthma_v2_Bronchial_P13BronchialTc_65.wav,2,3,1,1,0.061659414,0.9145123,0.012387659,0.008593174,0.0028474762
asthma_v2_Bronchial_P15BronchialSc_72.wav,2,3,1,1,0.0009350683,0.93388355,0.0038571185,0.060428172,0.0008960721
asthma_v2_Bronchial_P15BronchialSc_74.wav,2,3,1,1,0.00040887858,0.94998026,0.0017220096,0.04487207,0.003016714
asthma_v2_Bronchial_P15BronchialTc_71.wav,2,3,1,1,0.00029509736,0.98059195,0.0056704236,0.01106896,0.0023735657
asthma_v2_Bronchial_P15BronchialTc_73.wav,2,3,1,1,0.0002945137,0.975972,0.0026909416,0.018995143,0.0020474296
asthma_v2_Bronchial_P15BronchialTc_75.wav,2,3,1,1,0.0004817747,0.87574863,0.0038585323,0.1159507,0.003960307
asthma_v2_Bronchial_P18BronchialSc_86.wav,2,3,1,1,0.0028313613,0.6292196,0.001188711,0.34939006,0.017370278
asthma_v2_Bronchial_P18BronchialSc_88.wav,2,3,1,1,0.000106659274,0.992712,0.002957878,0.0040948703,0.00012866301
asthma_v2_Bronchial_P18BronchialSc_90.wav,2,3,1,1,0.00063335546,0.9831944,0.011309049,0.0043537645,0.0005094073
asthma_v2_Bronchial_P18BronchialTc_87.wav,2,3,1,1,0.00075225736,0.93547165,0.0008371586,0.04875753,0.014181383
asthma_v2_Bronchial_P18BronchialTc_89.wav,2,3,1,1,0.00019598984,0.98953056,0.00476765,0.0054213423,8.4359715e-05
asthma_v2_Bronchial_P21BronchialSc_102.wav,2,3,1,4,0.0058376277,0.00092140556,0.0023876785,0.033117928,0.9577353
asthma_v2_Bronchial_P21BronchialSc_104.wav,2,3,1,3,0.0045207557,0.2938521,0.0030524605,0.6731222,0.025452485
asthma_v2_Bronchial_P21BronchialTc_101.wav,2,3,1,1,0.00021508012,0.9098021,0.00041617855,0.08798896,0.0015777078
asthma_v2_Bronchial_P21BronchialTc_103.wav,2,3,1,1,0.013087405,0.3416184,0.13689935,0.30640155,0.20199332
asthma_v2_asthma_P11WheezingIE_53.wav,2,3,0,0,0.8747517,0.082101166,0.0027283353,0.005286797,0.03513197
asthma_v2_asthma_P11WheezingIU_54.wav,2,3,0,0,0.93356144,0.007250441,0.0070206095,0.0023099002,0.049857646
asthma_v2_asthma_P11WheezingRL_51.wav,2,3,0,0,0.5787783,0.35678667,0.00543723,0.023567852,0.03543003
asthma_v2_asthma_P11WheezingRL_55.wav,2,3,0,0,0.9702774,0.0021953357,0.0025204225,0.0006203053,0.02438643
asthma_v2_asthma_P11WheezingRS_52.wav,2,3,0,0,0.8637221,0.07179102,0.042081118,0.0067293686,0.015676301
asthma_v2_asthma_P14WheezingIE_69.wav,2,3,0,0,0.9044088,0.013557447,0.0011938544,0.008209651,0.072630234
asthma_v2_asthma_P14WheezingIU_66.wav,2,3,0,0,0.9790645,0.0021228376,0.001999852,0.00044717686,0.016365608
asthma_v2_asthma_P14WheezingIU_70.wav,2,3,0,0,0.863796,0.0006578646,0.006403546,0.0010045803,0.128138
asthma_v2_asthma_P14WheezingRL_67.wav,2,3,0,0,0.6704802,0.16530287,0.015295448,0.104154274,0.044767156
asthma_v2_asthma_P14WheezingRS_68.wav,2,3,0,4,0.48864365,0.0034636732,0.0034592976,0.0039197654,0.5005137
asthma_v2_asthma_P22WheezingIE_109.wav,2,3,0,0,0.9855847,0.001138326,0.0010601294,0.00015730712,0.012059546
asthma_v2_asthma_P22WheezingIU_106.wav,2,3,0,0,0.9758144,0.0016656431,0.0026525457,0.00014076136,0.019726627
asthma_v2_asthma_P22WheezingIU_110.wav,2,3,0,0,0.90931714,0.0012094572,0.003839,0.0013312799,0.08430317
asthma_v2_asthma_P22WheezingRL_107.wav,2,3,0,0,0.88261515,0.004736745,0.004142817,0.00067899446,0.10782629
asthma_v2_asthma_P22WheezingRS_108.wav,2,3,0,0,0.82556564,0.004133694,0.006072785,0.0007707233,0.16345713
asthma_v2_asthma_P2AsthmaIE_9.wav,2,3,0,0,0.87230814,0.0026815187,0.0022288458,0.0021740452,0.12060745
asthma_v2_asthma_P2AsthmaIU_10.wav,2,3,0,0,0.92565066,0.0036908134,0.0009825386,0.0018691969,0.0678068
asthma_v2_asthma_P2AsthmaIU_6.wav,2,3,0,0,0.8405882,0.010754916,0.011380443,0.0015157168,0.13576068
asthma_v2_asthma_P2AsthmaRL_7.wav,2,3,0,0,0.87283283,0.0073549957,0.0022981602,0.0014248252,0.1160892
asthma_v2_asthma_P2AsthmaRS_8.wav,2,3,0,0,0.8678502,0.029117292,0.0037078464,0.0034117575,0.09591284
asthma_v2_asthma_P30WheezingIE_149.wav,2,3,0,0,0.9671332,0.00058822415,0.0015542808,0.00017897562,0.030545346
asthma_v2_asthma_P30WheezingIU_146.wav,2,3,0,0,0.811028,0.0028215155,0.0018959541,0.0010064512,0.18324812
asthma_v2_asthma_P30WheezingIU_150.wav,2,3,0,0,0.9529291,0.00065719243,0.0010072604,0.00022374331,0.045182668
asthma_v2_asthma_P30WheezingRL_147.wav,2,3,0,0,0.98094547,0.0011657133,0.0043539773,0.00012025626,0.01341461
asthma_v2_asthma_P30WheezingRS_148.wav,2,3,0,0,0.97828007,0.00048321293,0.0018980186,0.00019967057,0.019138949
asthma_v2_asthma_P33WheezingIE_161.wav,2,3,0,0,0.6500387,0.0008044122,0.0017593082,0.00073885365,0.3466587
asthma_v2_asthma_P33WheezingIE_165.wav,2,3,0,0,0.960091,0.0004929406,0.001934314,0.000289203,0.0371925
asthma_v2_asthma_P33WheezingIU_162.wav,2,3,0,0,0.9409969,0.0021604167,0.0017869392,0.00020132247,0.054854397
asthma_v2_asthma_P33WheezingRL_163.wav,2,3,0,0,0.98461884,0.00030754448,0.0016337282,9.377564e-05,0.013346078
asthma_v2_asthma_P33WheezingRS_164.wav,2,3,0,0,0.7524756,0.004502717,0.0030836686,0.0010874489,0.23885055
asthma_v2_asthma_P36WheezingIE_177.wav,2,3,0,0,0.8917763,0.07236892,0.026254492,0.0015299314,0.008070407
asthma_v2_asthma_P36WheezingIU_178.wav,2,3,0,0,0.94256616,0.0021958782,0.0065083993,0.00011434324,0.048615303
asthma_v2_asthma_P36WheezingRL_179.wav,2,3,0,0,0.43827757,0.13895056,0.4128682,0.0022364433,0.007667238
asthma_v2_asthma_P36WheezingRS_176.wav,2,3,0,0,0.4624051,0.3441645,0.17732523,0.014411741,0.0016934201
asthma_v2_asthma_P36WheezingRS_180.wav,2,3,0,0,0.96224946,0.0035882574,0.021218756,0.0010393047,0.011904204
asthma_v2_asthma_P43WheezingIE_213.wav,2,3,0,0,0.94802105,0.014791063,0.0186253,0.013250653,0.00531191
asthma_v2_asthma_P43WheezingIU_214.wav,2,3,0,0,0.59554607,0.021222003,0.3702705,0.0013563454,0.0116050625
asthma_v2_asthma_P43WheezingRL_211.wav,2,3,0,0,0.8380731,0.0018306663,0.14581311,0.0011188233,0.013164204
asthma_v2_asthma_P43WheezingRL_215.wav,2,3,0,0,0.90281564,0.009150354,0.07608753,0.0005419802,0.011404574
asthma_v2_asthma_P43WheezingRS_212.wav,2,3,0,0,0.62918884,0.0040775575,0.35350335,0.0009843967,0.012245851
asthma_v2_asthma_P46WheezingIE_229.wav,2,3,0,2,0.10136902,0.14149976,0.7541727,0.0015905797,0.0013680111
asthma_v2_asthma_P46WheezingIU_226.wav,2,3,0,0,0.42052236,0.3751142,0.17275606,0.028815564,0.0027917803
asthma_v2_asthma_P46WheezingIU_230.wav,2,3,0,0,0.96313775,0.0077749365,0.014106573,0.00026693448,0.014713804
asthma_v2_asthma_P46WheezingRL_227.wav,2,3,0,2,0.32697612,0.030229762,0.63397855,0.0055424883,0.0032730824
asthma_v2_asthma_P46WheezingRS_228.wav,2,3,0,0,0.70850635,0.16719365,0.07983621,0.0025271582,0.041936595
asthma_v2_asthma_P52WheezingIE_257.wav,2,3,0,0,0.9504249,0.010608389,0.027033707,0.00023631619,0.011696698
asthma_v2_asthma_P52WheezingIU_258.wav,2,3,0,0,0.7906242,0.014275114,0.18675835,0.0005144024,0.007827979
asthma_v2_asthma_P52WheezingRL_259.wav,2,3,0,0,0.72903407,0.021490125,0.0030252526,0.005813788,0.24063672
asthma_v2_asthma_P52WheezingRS_256.wav,2,3,0,0,0.9322246,0.022192948,0.032325543,0.00035794004,0.012898913
asthma_v2_asthma_P52WheezingRS_260.wav,2,3,0,0,0.90647066,0.0032322374,0.0016212979,0.0024298963,0.08624592
asthma_v2_asthma_P55WheezingIE_273.wav,2,3,0,4,0.045369934,0.002539858,0.004568149,0.422383,0.52513903
asthma_v2_asthma_P55WheezingIU_274.wav,2,3,0,4,0.037972845,0.00050327,0.0035766289,0.07371187,0.8842353
asthma_v2_asthma_P55WheezingRL_271.wav,2,3,0,3,0.05460399,0.017437223,0.010582764,0.68254125,0.23483482
asthma_v2_asthma_P55WheezingRL_275.wav,2,3,0,4,0.17683014,0.05621193,0.12284938,0.15417528,0.48993322
asthma_v2_asthma_P55WheezingRS_272.wav,2,3,0,4,0.022999894,0.00045610627,0.0044309837,0.004536163,0.96757686
asthma_v2_asthma_P8AsthmaIE_37.wav,2,3,0,0,0.9377237,0.0029537133,0.0017369649,0.0011029613,0.05648266
asthma_v2_asthma_P8AsthmaIU_38.wav,2,3,0,0,0.73782843,0.15382008,0.0015480567,0.05535985,0.05144358
asthma_v2_asthma_P8AsthmaRL_39.wav,2,3,0,0,0.9737573,0.0030536286,0.0032593058,0.00035337664,0.01957631
asthma_v2_asthma_P8AsthmaRS_36.wav,2,3,0,0,0.95212436,0.0022891846,0.0014509504,0.0012663949,0.042869132
asthma_v2_asthma_P8AsthmaRS_40.wav,2,3,0,0,0.94233143,0.011080174,0.0022263878,0.0012663348,0.043095786
asthma_v2_copd_P14COPDMc_106.wav,2,3,2,1,0.0027376297,0.6815923,0.27300248,0.033220585,0.009446998
asthma_v2_copd_P14COPDMc_108.wav,2,3,2,0,0.73478913,0.010381064,0.013546745,0.00027355977,0.24100953
asthma_v2_copd_P14COPDMc_110.wav,2,3,2,0,0.90441674,0.009018027,0.069528416,0.00024734467,0.016789513
asthma_v2_copd_P14COPDMc_112.wav,2,3,2,2,0.20741518,0.0035295498,0.7791827,0.0010235312,0.008849072
asthma_v2_copd_P14COPDPr_105.wav,2,3,2,2,0.010046433,0.09359386,0.68005675,0.013497374,0.20280567
asthma_v2_copd_P14COPDPr_107.wav,2,3,2,0,0.731777,0.021506522,0.22025011,0.0007949116,0.025671368
asthma_v2_copd_P14COPDPr_109.wav,2,3,2,2,0.1552325,0.009384794,0.824856,0.0014231119,0.009103639
asthma_v2_copd_P14COPDPr_111.wav,2,3,2,0,0.87622494,0.0041692364,0.018154524,0.00018378856,0.101267494
asthma_v2_copd_P15COPDMc_114.wav,2,3,2,0,0.46054733,0.012202934,0.43647632,0.011239328,0.07953405
asthma_v2_copd_P15COPDMc_116.wav,2,3,2,0,0.70348334,0.06901259,0.22147335,0.0017758758,0.004254909
asthma_v2_copd_P15COPDMc_118.wav,2,3,2,0,0.90772676,0.0014645803,0.07518728,0.00060906704,0.01501232
asthma_v2_copd_P15COPDMc_120.wav,2,3,2,0,0.5539085,0.008142821,0.4194209,0.000979136,0.017548665
asthma_v2_copd_P15COPDPr_113.wav,2,3,2,1,0.2227654,0.58206636,0.1808329,0.009324663,0.005010648
asthma_v2_copd_P15COPDPr_115.wav,2,3,2,0,0.7663759,0.006680236,0.20463891,0.00044502155,0.021859955
asthma_v2_copd_P15COPDPr_117.wav,2,3,2,1,0.26881388,0.48794773,0.19491981,0.0016066886,0.04671191
asthma_v2_copd_P15COPDPr_119.wav,2,3,2,2,0.06100833,0.45759308,0.4715049,0.001685799,0.008207882
asthma_v2_copd_P16COPDMc_122.wav,2,3,2,2,0.0010714678,0.0030597495,0.9929168,0.0012235141,0.001728475
asthma_v2_copd_P16COPDMc_124.wav,2,3,2,2,0.00074293534,0.0007800091,0.99594194,0.000471616,0.0020635324
asthma_v2_copd_P16COPDMc_126.wav,2,3,2,2,0.0008240017,0.000702589,0.995748,0.0005003615,0.0022250717
asthma_v2_copd_P16COPDMc_128.wav,2,3,2,2,0.005236554,0.0014116338,0.9802479,0.00080758927,0.012296377
asthma_v2_copd_P16COPDPr_121.wav,2,3,2,2,0.0006331713,0.0004736552,0.99647456,0.0005090122,0.001909588
asthma_v2_copd_P16COPDPr_123.wav,2,3,2,2,0.0012912787,0.00043088107,0.99376833,0.0008676394,0.0036418873
asthma_v2_copd_P16COPDPr_125.wav,2,3,2,2,0.0013350842,0.0004977485,0.990932,0.0003247192,0.006910563
asthma_v2_copd_P16COPDPr_127.wav,2,3,2,2,0.0011993017,0.0004639918,0.994948,0.00032108766,0.0030675812
asthma_v2_copd_P28COPDMc_218.wav,2,3,2,2,0.0011246906,0.0015668703,0.99483466,0.0012853077,0.0011885294
asthma_v2_copd_P28COPDMc_220.wav,2,3,2,2,0.003418143,0.005324648,0.9861466,0.0034541234,0.001656507
asthma_v2_copd_P28COPDMc_222.wav,2,3,2,2,0.003448621,0.014243754,0.93365395,0.027048456,0.02160525
asthma_v2_copd_P28COPDMc_224.wav,2,3,2,2,0.003481118,0.0191958,0.9615577,0.0047759614,0.010989478
asthma_v2_copd_P28COPDPr_217.wav,2,3,2,2,0.0041429186,0.021598974,0.962668,0.0061891647,0.005400925
asthma_v2_copd_P28COPDPr_219.wav,2,3,2,2,0.002401787,0.007906024,0.9625835,0.024922613,0.002186046
asthma_v2_copd_P28COPDPr_221.wav,2,3,2,2,0.0014992562,0.0035820731,0.98308253,0.0010355004,0.010800591
asthma_v2_copd_P28COPDPr_223.wav,2,3,2,2,0.00799759,0.022528458,0.73926234,0.0046509355,0.22556068
asthma_v2_copd_P35COPDMc_274.wav,2,3,2,1,0.0014047322,0.8646191,0.097162634,0.030885532,0.005928009
asthma_v2_copd_P35COPDMc_276.wav,2,3,2,2,0.0018008642,0.13963678,0.8292699,0.022830892,0.0064615943
asthma_v2_copd_P35COPDMc_278.wav,2,3,2,1,0.0067425086,0.78506744,0.12047138,0.07699304,0.010725607
asthma_v2_copd_P35COPDMc_280.wav,2,3,2,2,0.0027905416,0.012618422,0.98048776,0.0032201668,0.00088307826
asthma_v2_copd_P35COPDPr_273.wav,2,3,2,2,0.0014925019,0.0099259205,0.98135746,0.0033294677,0.003894664
asthma_v2_copd_P35COPDPr_275.wav,2,3,2,2,0.0034640534,0.024734115,0.952956,0.001983771,0.016862078
asthma_v2_copd_P35COPDPr_277.wav,2,3,2,2,0.0048478777,0.09582812,0.73939747,0.009109188,0.1508173
asthma_v2_copd_P35COPDPr_279.wav,2,3,2,2,0.00085893273,0.0024655925,0.99447095,0.0015538771,0.0006507178
asthma_v2_copd_P38COPDMc_298.wav,2,3,2,2,0.05329979,0.0038522142,0.87034774,0.004399245,0.06810108
asthma_v2_copd_P38COPDMc_300.wav,2,3,2,2,0.0007660976,0.005799985,0.9921077,0.00034930283,0.0009769794
asthma_v2_copd_P38COPDMc_302.wav,2,3,2,2,0.004090471,0.010589167,0.97877353,0.0018533196,0.0046935156
asthma_v2_copd_P38COPDMc_304.wav,2,3,2,4,0.03978707,0.004987292,0.44219527,0.0017340071,0.5112964
asthma_v2_copd_P38COPDPr_297.wav,2,3,2,2,0.0049787317,0.038140777,0.91501236,0.008889637,0.03297855
asthma_v2_copd_P38COPDPr_299.wav,2,3,2,2,0.014262802,0.013258639,0.92828953,0.010646603,0.03354243
asthma_v2_copd_P38COPDPr_301.wav,2,3,2,2,0.004360265,0.00605392,0.9852645,0.0008940099,0.0034273386
asthma_v2_copd_P38COPDPr_303.wav,2,3,2,2,0.025066117,0.0022572638,0.83498424,0.0037953749,0.13389707
asthma_v2_copd_P3COPDMc_18.wav,2,3,2,0,0.5941057,0.0015657505,0.37721208,0.0005971478,0.026519228
asthma_v2_copd_P3COPDMc_20.wav,2,3,2,2,0.04839975,0.008305307,0.9390378,0.0019095493,0.0023475476
asthma_v2_copd_P3COPDMc_22.wav,2,3,2,2,0.08518201,0.005375693,0.9071691,0.0010441308,0.0012291186
asthma_v2_copd_P3COPDMc_24.wav,2,3,2,2,0.0013793189,0.0005574414,0.99259686,0.0014451814,0.004021064
asthma_v2_copd_P3COPDPr_17.wav,2,3,2,2,0.25880158,0.010472147,0.72359806,0.0010020218,0.006126172
asthma_v2_copd_P3COPDPr_19.wav,2,3,2,2,0.2935159,0.110836565,0.59059376,0.00082769565,0.004226124
asthma_v2_copd_P3COPDPr_21.wav,2,3,2,2,0.11527139,0.035679344,0.8419981,0.001985425,0.005065803
asthma_v2_copd_P3COPDPr_23.wav,2,3,2,0,0.7376617,0.0034734602,0.24986953,0.0020590457,0.0069361897
asthma_v2_copd_P45COPDMc_354.wav,2,3,2,4,0.047013093,0.0039944868,0.22961019,0.008873924,0.7105083
asthma_v2_copd_P45COPDMc_356.wav,2,3,2,1,0.009982949,0.34770665,0.27497172,0.30821535,0.059123307
asthma_v2_copd_P45COPDMc_358.wav,2,3,2,4,0.16824356,0.0031437378,0.014667319,0.034868617,0.7790769
asthma_v2_copd_P45COPDMc_360.wav,2,3,2,4,0.04818666,0.00032214314,0.0028984465,0.007218083,0.9413747
asthma_v2_copd_P45COPDPr_353.wav,2,3,2,4,0.06618157,0.0035113895,0.2808909,0.0055308044,0.6438853
asthma_v2_copd_P45COPDPr_355.wav,2,3,2,2,0.0018667069,0.0074878386,0.9805413,0.0045051025,0.0055990336
asthma_v2_copd_P45COPDPr_357.wav,2,3,2,4,0.018713493,0.016365316,0.19361989,0.15178435,0.61951697
asthma_v2_copd_P45COPDPr_359.wav,2,3,2,4,0.027920516,0.0014609639,0.008628644,0.016566774,0.945423
asthma_v2_copd_P47COPDMc_370.wav,2,3,2,2,0.003442376,0.022680528,0.88051987,0.0118173845,0.08153974
asthma_v2_copd_P47COPDMc_372.wav,2,3,2,2,0.01710061,0.0032323643,0.7742025,0.071448565,0.1340159
asthma_v2_copd_P47COPDMc_374.wav,2,3,2,2,0.00026715454,0.0029648207,0.99528176,0.0009637051,0.00052256865
asthma_v2_copd_P47COPDMc_376.wav,2,3,2,2,0.00017349736,0.00068586855,0.9973973,0.0007829105,0.0009603847
asthma_v2_copd_P47COPDPr_369.wav,2,3,2,2,0.013302817,0.014811302,0.926189,0.002374866,0.04332199
asthma_v2_copd_P47COPDPr_371.wav,2,3,2,2,0.031088248,0.024537764,0.8371204,0.023161158,0.08409241
asthma_v2_copd_P47COPDPr_373.wav,2,3,2,3,0.0067820423,0.0023586045,0.021909766,0.9418588,0.027090786
asthma_v2_copd_P47COPDPr_375.wav,2,3,2,2,0.00034337596,0.009040633,0.98847777,0.0016982504,0.0004400457
asthma_v2_copd_P7COPDMc_50.wav,2,3,2,2,0.007926055,0.01993072,0.71501607,0.20755823,0.049568944
asthma_v2_copd_P7COPDMc_52.wav,2,3,2,3,0.0027104395,0.019023545,0.029003212,0.8285221,0.120740764
asthma_v2_copd_P7COPDMc_54.wav,2,3,2,4,0.0071538137,0.0049554813,0.18886608,0.3873435,0.4116812
asthma_v2_copd_P7COPDMc_56.wav,2,3,2,3,0.0037593546,0.00271022,0.33254206,0.5070988,0.15388958
asthma_v2_copd_P7COPDPr_49.wav,2,3,2,2,0.0040045944,0.13336363,0.4143627,0.24986085,0.19840823
asthma_v2_copd_P7COPDPr_51.wav,2,3,2,3,0.016115472,0.095185645,0.04675543,0.5697928,0.2721506
asthma_v2_copd_P7COPDPr_53.wav,2,3,2,3,0.014701445,0.028997656,0.031075396,0.7326047,0.19262086
asthma_v2_copd_P7COPDPr_55.wav,2,3,2,2,0.0008484085,0.14499559,0.561562,0.2911466,0.0014474036
asthma_v2_healthy_P15Healthy14S.wav,2,3,3,3,0.0018228237,0.021781512,0.016023373,0.9012319,0.059140414
asthma_v2_healthy_P15Healthy55S.wav,2,3,3,3,0.000396827,0.031794608,0.00048194767,0.9650056,0.002321061
asthma_v2_healthy_P15Healthy61S.wav,2,3,3,4,0.02861615,0.005920481,0.0011521082,0.17427668,0.7900346
asthma_v2_healthy_P15Healthy65S.wav,2,3,3,3,0.0006420689,0.025239421,0.002122056,0.9694337,0.0025627315
asthma_v2_healthy_P15Healthy93S.wav,2,3,3,3,0.0018166417,0.006442019,0.0022405002,0.97942036,0.010080454
asthma_v2_healthy_P16Healthy18S.wav,2,3,3,4,0.02861615,0.005920481,0.0011521082,0.17427668,0.7900346
asthma_v2_healthy_P16Healthy19S.wav,2,3,3,4,0.009868316,0.0044260286,0.0037842903,0.33669767,0.6452236
asthma_v2_healthy_P16Healthy26S.wav,2,3,3,4,0.06542053,0.002921409,0.0011968646,0.15823215,0.7722291
asthma_v2_healthy_P16Healthy38S.wav,2,3,3,4,0.009868316,0.0044260286,0.0037842903,0.33669767,0.6452236
asthma_v2_healthy_P16Healthy41S.wav,2,3,3,4,0.06542053,0.002921409,0.0011968646,0.15823215,0.7722291
asthma_v2_healthy_P21Healthy15S.wav,2,3,3,3,0.0454008,0.0027623267,0.0021539216,0.52108186,0.42860106
asthma_v2_healthy_P21Healthy38S.wav,2,3,3,4,0.022898557,0.0045331707,0.0014178377,0.25794372,0.7132067
asthma_v2_healthy_P21Healthy53S.wav,2,3,3,3,0.0102562355,0.0071863737,0.0006804389,0.8220409,0.159836
asthma_v2_healthy_P21Healthy95S.wav,2,3,3,4,0.048535537,0.0031384616,0.0025393954,0.03995982,0.90582675
asthma_v2_healthy_P21Healthy98S.wav,2,3,3,4,0.023547947,0.0019018481,0.0012870991,0.02819729,0.9450658
asthma_v2_healthy_P22Healthy36S.wav,2,3,3,4,0.032032706,0.0052230055,0.0012250646,0.4089782,0.552541
asthma_v2_healthy_P22Healthy45S.wav,2,3,3,3,0.012374762,0.0120902285,0.00031732075,0.9270351,0.048182536
asthma_v2_healthy_P22Healthy50S.wav,2,3,3,3,0.013736061,0.010912514,0.0039228196,0.67337304,0.29805553
asthma_v2_healthy_P22Healthy88S.wav,2,3,3,4,0.055112936,0.001051585,0.0046280045,0.025797071,0.91341037
asthma_v2_healthy_P22Healthy94S.wav,2,3,3,4,0.020887883,0.0054335864,0.0007510236,0.4542762,0.5186513
asthma_v2_healthy_P23Healthy14S.wav,2,3,3,4,0.055112936,0.001051585,0.0046280045,0.025797071,0.91341037
asthma_v2_healthy_P23Healthy24S.wav,2,3,3,4,0.041966274,0.0021385935,0.0024886897,0.3776981,0.5757083
asthma_v2_healthy_P23Healthy72S.wav,2,3,3,3,0.014756953,0.0038559653,0.0094175255,0.59911525,0.3728543
asthma_v2_healthy_P23Healthy97S.wav,2,3,3,4,0.041966274,0.0021385935,0.0024886897,0.3776981,0.5757083
asthma_v2_healthy_P23Healthy98S.wav,2,3,3,3,0.014756953,0.0038559653,0.0094175255,0.59911525,0.3728543
asthma_v2_healthy_P25Healthy20S.wav,2,3,3,3,0.0044423165,0.0026553746,0.00046225238,0.97914153,0.013298632
asthma_v2_healthy_P25Healthy42S.wav,2,3,3,3,0.034326408,0.018401492,0.0054876725,0.91433704,0.027447354
asthma_v2_healthy_P25Healthy72S.wav,2,3,3,3,0.004631077,0.002273705,0.0003182288,0.9572036,0.035573322
asthma_v2_healthy_P25Healthy88S.wav,2,3,3,3,0.026892466,0.014548589,0.00055292144,0.7962179,0.16178805
asthma_v2_healthy_P25Healthy97S.wav,2,3,3,4,0.013631334,0.0036013722,0.011893368,0.107630745,0.8632433
asthma_v2_healthy_P27Healthy30S.wav,2,3,3,3,0.01052785,0.013102396,0.00025579383,0.9302273,0.045886636
asthma_v2_healthy_P27Healthy73S.wav,2,3,3,3,0.008598145,0.012870685,0.00038064976,0.8770238,0.10112678
asthma_v2_healthy_P27Healthy92S.wav,2,3,3,3,0.017827552,0.015671585,0.00083153206,0.70630777,0.25936157
asthma_v2_pneumonia_P16Pneumonia18Z.wav,2,3,4,4,0.04772427,0.0003609079,0.0031504733,0.017226344,0.93153805
asthma_v2_pneumonia_P16Pneumonia42Q.wav,2,3,4,4,0.20396079,0.001457029,0.009938274,0.030511864,0.754132
asthma_v2_pneumonia_P16Pneumonia56J.wav,2,3,4,4,0.022423508,0.0007400083,0.0014942414,0.041151255,0.934191
asthma_v2_pneumonia_P16Pneumonia66X.wav,2,3,4,4,0.019630035,0.00081612146,0.0010865778,0.03585024,0.942617
asthma_v2_pneumonia_P16Pneumonia78M.wav,2,3,4,4,0.025371281,0.0006612491,0.0016764179,0.044159163,0.9281319
asthma_v2_pneumonia_P16Pneumonia80G.wav,2,3,4,4,0.29318845,0.0069561633,0.047712877,0.069815345,0.5823272
asthma_v2_pneumonia_P19Pneumonia24H.wav,2,3,4,4,0.02123674,0.0001985317,0.00051889045,0.0074758,0.97056997
asthma_v2_pneumonia_P19Pneumonia33O.wav,2,3,4,4,0.031460345,0.0013076031,0.0011749213,0.025704581,0.94035256
asthma_v2_pneumonia_P19Pneumonia39Z.wav,2,3,4,4,0.0068060993,0.00092439936,0.0007051249,0.04072615,0.95083815
asthma_v2_pneumonia_P19Pneumonia41U.wav,2,3,4,4,0.009935234,0.000112966176,0.00051099656,0.0037260554,0.9857146
asthma_v2_pneumonia_P19Pneumonia75B.wav,2,3,4,4,0.01785562,0.004620516,0.001042828,0.08806806,0.8884129
asthma_v2_pneumonia_P19Pneumonia90X.wav,2,3,4,3,0.027685586,0.007029615,0.00077615934,0.49535897,0.46914965
asthma_v2_pneumonia_P25Pneumonia11Z.wav,2,3,4,3,0.0013747737,0.04448817,0.0039146408,0.9413816,0.008840821
asthma_v2_pneumonia_P25Pneumonia16B.wav,2,3,4,4,0.010822824,0.00017394233,0.004492661,0.009029975,0.9754807
asthma_v2_pneumonia_P25Pneumonia30I.wav,2,3,4,3,0.000309781,0.0013377232,0.00018787573,0.99362624,0.0045383773
asthma_v2_pneumonia_P25Pneumonia42V.wav,2,3,4,3,0.0011894599,0.013007675,0.0010930874,0.9754748,0.009234944
asthma_v2_pneumonia_P25Pneumonia93N.wav,2,3,4,3,0.00062587985,0.0006834914,0.00014598366,0.9921178,0.0064268755
asthma_v2_pneumonia_P25Pneumonia97D.wav,2,3,4,4,0.33944723,0.028748557,0.028661422,0.12298811,0.4801547
asthma_v2_pneumonia_P2Pneumonia11Q.wav,2,3,4,4,0.022875527,0.00040529892,0.00045482567,0.004048103,0.9722163
asthma_v2_pneumonia_P2Pneumonia28R.wav,2,3,4,4,0.022102686,0.00085917086,0.00069004553,0.03039536,0.9459528
asthma_v2_pneumonia_P2Pneumonia36Z.wav,2,3,4,4,0.013063682,0.00020841052,0.00023098662,0.0039842054,0.9825127
asthma_v2_pneumonia_P2Pneumonia70H.wav,2,3,4,4,0.005807449,0.0001563059,0.0005455542,0.0029111265,0.99057955
asthma_v2_pneumonia_P2Pneumonia82A.wav,2,3,4,4,0.024425244,0.00075170276,0.0006077399,0.003300044,0.97091514
asthma_v2_pneumonia_P2Pneumonia93N.wav,2,3,4,4,0.014059302,8.968473e-05,0.0008136771,0.003864605,0.98117274
asthma_v2_pneumonia_P31Pneumonia14Q.wav,2,3,4,4,0.008078424,0.000108900946,0.0006554162,0.0032782753,0.9878791
asthma_v2_pneumonia_P31Pneumonia16C.wav,2,3,4,4,0.01147209,0.00062888284,0.00053444,0.008921101,0.9784435
asthma_v2_pneumonia_P31Pneumonia43V.wav,2,3,4,4,0.008037299,0.00014869621,0.00068107015,0.0029180364,0.98821497
asthma_v2_pneumonia_P31Pneumonia47D.wav,2,3,4,4,0.008358512,0.00018531035,0.0016226968,0.015735667,0.97409785
asthma_v2_pneumonia_P31Pneumonia47J.wav,2,3,4,4,0.019115882,0.00060290546,0.0006874056,0.0045415503,0.9750522
asthma_v2_pneumonia_P31Pneumonia92I.wav,2,3,4,3,0.017481275,0.03523851,0.0034475531,0.78311163,0.16072106
asthma_v2_pneumonia_P35Pneumonia16F.wav,2,3,4,4,0.02525163,0.0006760078,0.0011465247,0.0068188244,0.9661071
asthma_v2_pneumonia_P35Pneumonia46U.wav,2,3,4,4,0.025852548,0.00059820194,0.003329892,0.0033397926,0.9668795
asthma_v2_pneumonia_P35Pneumonia56D.wav,2,3,4,4,0.15978074,0.0064908797,0.005390152,0.15231909,0.6760192
asthma_v2_pneumonia_P35Pneumonia57I.wav,2,3,4,4,0.01805431,0.0006636125,0.0004954908,0.008699599,0.97208697
asthma_v2_pneumonia_P35Pneumonia75E.wav,2,3,4,4,0.008409843,0.0002665252,0.00046459955,0.013548893,0.97731006
asthma_v2_pneumonia_P35Pneumonia99V.wav,2,3,4,4,0.011885297,0.00021054294,0.0034504584,0.009175696,0.97527814
asthma_v2_pneumonia_P42Pneumonia27A.wav,2,3,4,0,0.83444244,0.008607835,0.008735845,0.00032119348,0.14789271
asthma_v2_pneumonia_P42Pneumonia46D.wav,2,3,4,4,0.2992587,0.13124229,0.021111662,0.0023623842,0.5460249
asthma_v2_pneumonia_P42Pneumonia47W.wav,2,3,4,0,0.90414834,0.015203515,0.025816424,0.0011897262,0.053642016
asthma_v2_pneumonia_P42Pneumonia63L.wav,2,3,4,4,0.04122071,0.0001706827,0.0035589975,0.0058776215,0.94917196
asthma_v2_pneumonia_P42Pneumonia67F.wav,2,3,4,0,0.8735175,0.004689633,0.004043316,0.00034275686,0.11740676
asthma_v2_pneumonia_P42Pneumonia69S.wav,2,3,4,1,0.27026126,0.3518722,0.07912579,0.0028919065,0.2958488
asthma_v2_pneumonia_P45Pneumonia10J.wav,2,3,4,3,0.016201485,0.0029298484,0.0013996819,0.5104162,0.46905276
asthma_v2_pneumonia_P45Pneumonia25T.wav,2,3,4,4,0.028830146,0.0002059287,0.0010207194,0.0036824301,0.96626085
asthma_v2_pneumonia_P45Pneumonia29L.wav,2,3,4,4,0.011939631,0.0003686324,0.0052260337,0.012939728,0.96952593
asthma_v2_pneumonia_P45Pneumonia51F.wav,2,3,4,4,0.06683135,0.00029320677,0.007187055,0.007194025,0.91849434
asthma_v2_pneumonia_P45Pneumonia59I.wav,2,3,4,4,0.0265495,0.00035677574,0.0010025154,0.0047183344,0.9673729
asthma_v2_pneumonia_P45Pneumonia72P.wav,2,3,4,4,0.02663903,0.0016603972,0.0020035673,0.25160873,0.7180883
asthma_v2_pneumonia_P8Pneumonia11O.wav,2,3,4,0,0.39605084,0.06758549,0.012842995,0.2885435,0.23497722
asthma_v2_pneumonia_P8Pneumonia14Z.wav,2,3,4,3,0.0031206214,0.003974753,0.000823509,0.9689433,0.02313789
asthma_v2_pneumonia_P8Pneumonia16Z.wav,2,3,4,4,0.04970402,0.0044878046,0.0011038377,0.117126696,0.8275776
asthma_v2_pneumonia_P8Pneumonia20O.wav,2,3,4,4,0.025821485,0.00055613613,0.042052045,0.00949847,0.9220719
asthma_v2_pneumonia_P8Pneumonia23N.wav,2,3,4,0,0.38865298,0.0335992,0.021540372,0.36440125,0.19180615
asthma_v2_pneumonia_P8Pneumonia28V.wav,2,3,4,4,0.011527566,0.00022317113,0.00029598663,0.007868107,0.9800852
asthma_v2_Bronchial_P10BronchialSc_46.wav,2,4,1,2,0.0014450371,0.40350363,0.5766088,0.0156631,0.002779502
asthma_v2_Bronchial_P10BronchialSc_48.wav,2,4,1,1,0.00030966374,0.9825063,0.005350292,0.011599806,0.00023398486
asthma_v2_Bronchial_P10BronchialSc_50.wav,2,4,1,1,5.922898e-05,0.99759656,0.0015255287,0.0007044857,0.000114181224
asthma_v2_Bronchial_P10BronchialTc_47.wav,2,4,1,2,0.0011181612,0.38533694,0.5883655,0.020556262,0.0046232054
asthma_v2_Bronchial_P10BronchialTc_49.wav,2,4,1,1,9.3950526e-05,0.9968407,0.0021685818,0.0007250116,0.00017175211
asthma_v2_Bronchial_P20BronchialSc_100.wav,2,4,1,1,0.00038567043,0.9844313,0.00013718166,0.014334651,0.0007112125
asthma_v2_Bronchial_P20BronchialSc_96.wav,2,4,1,1,0.000922803,0.8739611,0.015159744,0.10498261,0.0049737375
asthma_v2_Bronchial_P20BronchialSc_98.wav,2,4,1,1,0.00096300506,0.97718936,0.0006711043,0.020449547,0.00072686694
asthma_v2_Bronchial_P20BronchialTc_97.wav,2,4,1,1,0.0004295893,0.9519905,0.00027371643,0.046246976,0.0010593031
asthma_v2_Bronchial_P20BronchialTc_99.wav,2,4,1,1,0.0054045944,0.6812004,0.0008012869,0.29794362,0.014650121
asthma_v2_asthma_P10AsthmaIE_49.wav,2,4,0,0,0.8382554,0.00805049,0.0020490815,0.00041979732,0.15122516
asthma_v2_asthma_P10AsthmaIU_46.wav,2,4,0,0,0.7302829,0.0062409295,0.0073153963,0.00065470464,0.25550604
asthma_v2_asthma_P10AsthmaIU_50.wav,2,4,0,1,0.072869614,0.8282403,0.0019303414,0.017295204,0.07966455
asthma_v2_asthma_P10AsthmaRL_47.wav,2,4,0,0,0.7869507,0.11206339,0.010184142,0.0009541279,0.089847654
asthma_v2_asthma_P10AsthmaRS_48.wav,2,4,0,0,0.6601827,0.012531226,0.004437298,0.0011433448,0.32170537
asthma_v2_asthma_P12WheezingIE_57.wav,2,4,0,0,0.6590149,0.005790492,0.002869563,0.0013382068,0.33098683
asthma_v2_asthma_P12WheezingIU_58.wav,2,4,0,4,0.1392986,0.013940675,0.07272993,0.0024958106,0.771535
asthma_v2_asthma_P12WheezingRL_59.wav,2,4,0,0,0.7556653,0.009205071,0.0015064107,0.0009809565,0.23264222
asthma_v2_asthma_P12WheezingRS_56.wav,2,4,0,0,0.56073815,0.004084817,0.005002277,0.00076629303,0.42940846
asthma_v2_asthma_P12WheezingRS_60.wav,2,4,0,0,0.7747846,0.15041828,0.01069425,0.0014352475,0.06266756
asthma_v2_asthma_P15WheezingIE_73.wav,2,4,0,4,0.32153362,0.2967757,0.0027796417,0.018076638,0.36083436
asthma_v2_asthma_P15WheezingIU_74.wav,2,4,0,4,0.20519926,0.003901199,0.0005341967,0.0062286365,0.7841367
asthma_v2_asthma_P15WheezingRL_71.wav,2,4,0,0,0.9211566,0.0053914133,0.0029793826,0.0038154067,0.06665724
asthma_v2_asthma_P15WheezingRL_75.wav,2,4,0,0,0.79333353,0.010056756,0.0022514304,0.001441642,0.1929166
asthma_v2_asthma_P15WheezingRS_72.wav,2,4,0,0,0.9365814,0.0016051204,0.0027982427,9.600689e-05,0.0589193
asthma_v2_asthma_P21WheezingIE_101.wav,2,4,0,0,0.94869095,0.0013555508,0.0053297644,0.00027161388,0.044352137
asthma_v2_asthma_P21WheezingIE_105.wav,2,4,0,0,0.92523897,0.04221666,0.0025581492,0.0006701552,0.029316043
asthma_v2_asthma_P21WheezingIU_102.wav,2,4,0,0,0.8246758,0.11483298,0.019456234,0.0131838685,0.02785115
asthma_v2_asthma_P21WheezingRL_103.wav,2,4,0,0,0.9812057,0.0043175127,0.0033539936,0.00033745758,0.010785379
asthma_v2_asthma_P21WheezingRS_104.wav,2,4,0,0,0.8886196,0.042336144,0.0095617,0.00091297907,0.0585695
asthma_v2_asthma_P25WheezingIE_121.wav,2,4,0,0,0.98638934,0.0014301873,0.0024356672,6.8618705e-05,0.0096761715
asthma_v2_asthma_P25WheezingIE_125.wav,2,4,0,0,0.97698694,0.0034233248,0.004246509,0.00065943494,0.014683859
asthma_v2_asthma_P25WheezingIU_122.wav,2,4,0,4,0.2902913,0.0065421914,0.2806975,0.004469043,0.41800004
asthma_v2_asthma_P25WheezingRL_123.wav,2,4,0,0,0.9564766,0.014991318,0.0099190185,0.0010092473,0.017603828
asthma_v2_asthma_P25WheezingRS_124.wav,2,4,0,0,0.9679405,0.0034426688,0.007467608,0.00032506668,0.020824106
asthma_v2_asthma_P29WheezingIE_141.wav,2,4,0,0,0.9381567,0.013132731,0.004112049,0.00015349062,0.044445068
asthma_v2_asthma_P29WheezingIE_145.wav,2,4,0,4,0.122732274,0.007368617,0.18971877,0.0007828166,0.6793975
asthma_v2_asthma_P29WheezingIU_142.wav,2,4,0,0,0.9408333,0.0027363233,0.011162575,0.00019703574,0.04507077
asthma_v2_asthma_P29WheezingRL_143.wav,2,4,0,0,0.9575901,0.0017419813,0.0024802384,0.00015089607,0.038036842
asthma_v2_asthma_P29WheezingRS_144.wav,2,4,0,0,0.9099624,0.0021681795,0.0022314712,0.00029669644,0.08534116
asthma_v2_asthma_P35WheezingIE_173.wav,2,4,0,0,0.5010513,0.0122850705,0.4689206,0.0020717524,0.01567129
asthma_v2_asthma_P35WheezingIU_174.wav,2,4,0,1,0.18429434,0.69955915,0.10450702,0.0044861664,0.0071533225
asthma_v2_asthma_P35WheezingRL_171.wav,2,4,0,0,0.8217227,0.005877711,0.001346309,0.0005751534,0.17047815
asthma_v2_asthma_P35WheezingRL_175.wav,2,4,0,0,0.83125794,0.14519085,0.013901646,0.0045564556,0.0050930823
asthma_v2_asthma_P35WheezingRS_172.wav,2,4,0,0,0.958862,0.0014846874,0.030740459,0.00020180226,0.008711059
asthma_v2_asthma_P40WheezingIE_197.wav,2,4,0,0,0.74346805,0.0025435311,0.06364883,0.011975392,0.17836416
asthma_v2_asthma_P40WheezingIU_198.wav,2,4,0,2,0.13671122,0.0012127882,0.80549276,0.0014955618,0.05508766
asthma_v2_asthma_P40WheezingRL_199.wav,2,4,0,0,0.813749,0.0027660762,0.14995645,0.00315374,0.030374717
asthma_v2_asthma_P40WheezingRS_196.wav,2,4,0,0,0.90754205,0.0033672485,0.056747403,0.002353209,0.029990107
asthma_v2_asthma_P40WheezingRS_200.wav,2,4,0,0,0.4387244,0.001751216,0.31219786,0.0020710812,0.24525544
asthma_v2_asthma_P44WheezingIE_217.wav,2,4,0,0,0.6094067,0.028908134,0.3539669,0.00051693886,0.0072013764
asthma_v2_asthma_P44WheezingIU_218.wav,2,4,0,0,0.6292232,0.10765718,0.1257988,0.00030631473,0.13701445
asthma_v2_asthma_P44WheezingRL_219.wav,2,4,0,0,0.5284289,0.003420704,0.43096814,0.0006760294,0.036506206
asthma_v2_asthma_P44WheezingRS_216.wav,2,4,0,2,0.025553593,0.011651573,0.9570513,0.0024777083,0.0032658686
asthma_v2_asthma_P44WheezingRS_220.wav,2,4,0,0,0.8428817,0.003345217,0.11107737,0.0002967045,0.04239904
asthma_v2_asthma_P45WheezingIE_221.wav,2,4,0,2,0.12094747,0.0069444375,0.86176914,0.0018983245,0.008440663
asthma_v2_asthma_P45WheezingIE_225.wav,2,4,0,0,0.85316086,0.008489752,0.123548456,0.0005227001,0.014278193
asthma_v2_asthma_P45WheezingIU_222.wav,2,4,0,0,0.8942415,0.0063376366,0.08597701,0.0005942829,0.01284955
asthma_v2_asthma_P45WheezingRL_223.wav,2,4,0,0,0.6324567,0.011551475,0.34643677,0.00042439473,0.00913067
asthma_v2_asthma_P45WheezingRS_224.wav,2,4,0,0,0.47994256,0.09299546,0.35758802,0.0011665061,0.06830742
asthma_v2_asthma_P50WheezingIE_249.wav,2,4,0,0,0.85171133,0.028297601,0.027453732,0.0027990208,0.089738384
asthma_v2_asthma_P50WheezingIU_246.wav,2,4,0,2,0.020225614,0.003657731,0.9354803,0.00064368173,0.03999278
asthma_v2_asthma_P50WheezingIU_250.wav,2,4,0,0,0.5680531,0.0067742122,0.13638727,0.002496283,0.28628916
asthma_v2_asthma_P50WheezingRL_247.wav,2,4,0,4,0.28643477,0.0071312375,0.3086383,0.017674383,0.38012132
asthma_v2_asthma_P50WheezingRS_248.wav,2,4,0,2,0.27079952,0.015920714,0.6718373,0.0009399891,0.040502504
asthma_v2_asthma_P58WheezingIU_286.wav,2,4,0,4,0.0150728505,0.01272803,0.0092497105,0.15770915,0.8052403
asthma_v2_asthma_P58WheezingRL_287.wav,2,4,0,4,0.0714587,0.012162931,0.03638632,0.061138283,0.81885386
asthma_v2_asthma_P58WheezingRS_288.wav,2,4,0,4,0.00777087,0.00979165,0.01006917,0.046464868,0.9259035
asthma_v2_asthma_P7AsthmaIE_33.wav,2,4,0,4,0.28521356,0.0011547512,0.13721317,0.0015663615,0.5748521
asthma_v2_asthma_P7AsthmaIU_34.wav,2,4,0,0,0.7592677,0.044733394,0.0062714955,0.0010051891,0.18872222
asthma_v2_asthma_P7AsthmaRL_31.wav,2,4,0,0,0.81424266,0.011785429,0.017260794,0.0027374583,0.15397364
asthma_v2_asthma_P7AsthmaRL_35.wav,2,4,0,0,0.91746235,0.0073030666,0.0031847705,0.00028652014,0.07176326
asthma_v2_asthma_P7AsthmaRS_32.wav,2,4,0,0,0.91357446,0.0040819524,0.00694424,0.0002824679,0.07511688
asthma_v2_copd_P10COPDMc_74.wav,2,4,2,0,0.8681716,0.015013704,0.107719004,0.004702607,0.004393132
asthma_v2_copd_P10COPDMc_76.wav,2,4,2,0,0.6687214,0.24410951,0.03279042,0.04333559,0.011043109
asthma_v2_copd_P10COPDMc_78.wav,2,4,2,0,0.7056888,0.027092388,0.25605962,0.0055604335,0.0055987076
asthma_v2_copd_P10COPDMc_80.wav,2,4,2,0,0.7908085,0.0017133352,0.2044027,0.00015102669,0.0029245408
asthma_v2_copd_P10COPDPr_73.wav,2,4,2,0,0.84812284,0.0050922977,0.14367239,0.00028895342,0.0028235367
asthma_v2_copd_P10COPDPr_75.wav,2,4,2,0,0.5186863,0.04928625,0.03510067,0.3595127,0.037414107
asthma_v2_copd_P10COPDPr_77.wav,2,4,2,0,0.87245876,0.03393493,0.054282166,0.023701167,0.015622934
asthma_v2_copd_P10COPDPr_79.wav,2,4,2,0,0.80978155,0.0049353694,0.17460763,0.0022073777,0.0084680645
asthma_v2_copd_P17COPDMc_130.wav,2,4,2,2,0.00083625177,0.0019108669,0.9951432,0.0007717961,0.0013378552
asthma_v2_copd_P17COPDMc_132.wav,2,4,2,2,0.006865433,0.002598407,0.9678748,0.00021874803,0.022442576
asthma_v2_copd_P17COPDMc_134.wav,2,4,2,2,0.017931668,0.004278794,0.96595496,0.00018701663,0.011647558
asthma_v2_copd_P17COPDMc_136.wav,2,4,2,2,0.0014092185,0.0005933481,0.99380153,0.00014818589,0.0040477994
asthma_v2_copd_P17COPDPr_129.wav,2,4,2,2,0.0014470104,0.0005175264,0.99479985,0.00016616569,0.0030694883
asthma_v2_copd_P17COPDPr_131.wav,2,4,2,2,0.0005709909,0.00087008777,0.99633265,0.00034109145,0.0018850851
asthma_v2_copd_P17COPDPr_133.wav,2,4,2,2,0.0024441269,0.0010915091,0.98750955,0.00016763901,0.008787225
asthma_v2_copd_P17COPDPr_135.wav,2,4,2,2,0.0010012363,0.0011781757,0.9946813,0.00011553027,0.0030237832
asthma_v2_copd_P1COPDMc_2.wav,2,4,2,2,0.18821718,0.0062043364,0.7712197,0.026031282,0.008327532
asthma_v2_copd_P1COPDMc_4.wav,2,4,2,2,0.0012225707,0.011970298,0.9767395,0.0056553846,0.0044122487
asthma_v2_copd_P1COPDMc_6.wav,2,4,2,2,0.035013687,0.01631341,0.7661765,0.03927559,0.1432208
asthma_v2_copd_P1COPDMc_8.wav,2,4,2,2,0.0008096256,0.0026315332,0.9923299,0.0017639357,0.0024649836
asthma_v2_copd_P1COPDPr_1.wav,2,4,2,0,0.57654756,0.0015292345,0.41405472,0.00024319782,0.007625321
asthma_v2_copd_P1COPDPr_3.wav,2,4,2,2,0.039566163,0.0035127988,0.95336866,0.00028488072,0.0032675085
asthma_v2_copd_P1COPDPr_5.wav,2,4,2,2,0.004194993,0.003154477,0.9750714,0.0017769488,0.01580225
asthma_v2_copd_P1COPDPr_7.wav,2,4,2,3,0.036691543,0.007863386,0.4396024,0.4576719,0.058170684
asthma_v2_copd_P20COPDMc_154.wav,2,4,2,2,0.0037040615,0.01458687,0.95681274,0.0052647768,0.019631563
asthma_v2_copd_P20COPDMc_156.wav,2,4,2,2,0.003823641,0.011436778,0.9556264,0.014435728,0.014677517
asthma_v2_copd_P20COPDMc_158.wav,2,4,2,2,0.0012209952,0.0016725833,0.99356717,0.0020121327,0.001527061
asthma_v2_copd_P20COPDMc_160.wav,2,4,2,2,0.003896077,0.014067115,0.92328334,0.05570134,0.0030521161
asthma_v2_copd_P20COPDPr_153.wav,2,4,2,2,0.0023317856,0.011655749,0.9667891,0.011910652,0.0073126713
asthma_v2_copd_P20COPDPr_155.wav,2,4,2,2,0.007748912,0.0074689756,0.851481,0.004541258,0.12875989
asthma_v2_copd_P20COPDPr_157.wav,2,4,2,2,0.004478306,0.025648182,0.8756967,0.012416906,0.08175984
asthma_v2_copd_P20COPDPr_159.wav,2,4,2,2,0.001997843,0.0061796596,0.97170156,0.018162593,0.0019584303
asthma_v2_copd_P21COPDMc_162.wav,2,4,2,2,0.0029567976,0.020022271,0.96808916,0.0077528195,0.0011790034
asthma_v2_copd_P21COPDMc_164.wav,2,4,2,2,0.08307937,0.081222944,0.49882147,0.08225664,0.2546196
asthma_v2_copd_P21COPDMc_166.wav,2,4,2,2,0.018801069,0.028668698,0.87912726,0.009550883,0.06385207
asthma_v2_copd_P21COPDMc_168.wav,2,4,2,3,0.03313762,0.0142565,0.035178885,0.684881,0.23254605
asthma_v2_copd_P21COPDPr_161.wav,2,4,2,2,0.0018011205,0.010684706,0.9783538,0.007495063,0.0016653686
asthma_v2_copd_P21COPDPr_163.wav,2,4,2,2,0.0008180068,0.007755757,0.9875589,0.002383375,0.001483836
asthma_v2_copd_P21COPDPr_165.wav,2,4,2,2,0.06582313,0.0630667,0.53370756,0.0615747,0.27582794
asthma_v2_copd_P21COPDPr_167.wav,2,4,2,2,0.006484139,0.0031945219,0.93198794,0.020548126,0.0377853
asthma_v2_copd_P27COPDMc_210.wav,2,4,2,2,0.0007780493,0.0015651355,0.9966223,0.00062314974,0.00041131393
asthma_v2_copd_P27COPDMc_212.wav,2,4,2,2,0.00043464632,0.0036980575,0.9945867,0.0007546185,0.00052600284
asthma_v2_copd_P27COPDMc_214.wav,2,4,2,2,0.00048727106,0.0059409733,0.9912531,0.00097465405,0.001344046
asthma_v2_copd_P27COPDMc_216.wav,2,4,2,2,0.0004772595,0.0056567057,0.99192494,0.0014575903,0.0004835291
asthma_v2_copd_P27COPDPr_209.wav,2,4,2,2,0.00034581576,0.0028698393,0.99589866,0.00043783156,0.000447819
asthma_v2_copd_P27COPDPr_211.wav,2,4,2,2,0.0008127831,0.006536706,0.9914581,0.00056336494,0.0006290619
asthma_v2_copd_P27COPDPr_213.wav,2,4,2,2,0.0035962525,0.0148018915,0.9509471,0.02311815,0.007536534
asthma_v2_copd_P27COPDPr_215.wav,2,4,2,2,0.029029308,0.0028410046,0.8998145,0.023653792,0.044661406
asthma_v2_copd_P34COPDMc_266.wav,2,4,2,1,0.0006568947,0.9731055,0.0165514,0.0052803764,0.00440593
asthma_v2_copd_P34COPDMc_268.wav,2,4,2,1,0.0046765995,0.83948624,0.11246939,0.002900145,0.04046766
asthma_v2_copd_P34COPDMc_270.wav,2,4,2,1,0.000659696,0.87897676,0.114694476,0.002926172,0.0027429438
asthma_v2_copd_P34COPDMc_272.wav,2,4,2,4,0.070302635,0.0709887,0.17265259,0.024072371,0.66198367
asthma_v2_copd_P34COPDPr_265.wav,2,4,2,1,0.0011422267,0.9699313,0.024125263,0.0029319834,0.0018691617
asthma_v2_copd_P34COPDPr_267.wav,2,4,2,1,0.007877679,0.6057626,0.30745924,0.0129746385,0.06592579
asthma_v2_copd_P34COPDPr_269.wav,2,4,2,1,0.021771107,0.48962036,0.1460642,0.027763402,0.31478092
asthma_v2_copd_P34COPDPr_271.wav,2,4,2,1,0.003246236,0.66963714,0.29298797,0.009810691,0.024318036
asthma_v2_copd_P37COPDMc_290.wav,2,4,2,2,0.0006504827,0.17196134,0.8243597,0.0009212614,0.00210717
asthma_v2_copd_P37COPDMc_292.wav,2,4,2,2,0.014786313,0.034784146,0.8993637,0.049585406,0.0014803773
asthma_v2_copd_P37COPDMc_294.wav,2,4,2,2,0.000625354,0.0012473168,0.99681723,0.00096703006,0.0003429765
asthma_v2_copd_P37COPDMc_296.wav,2,4,2,2,0.0012343364,0.0024760095,0.99416924,0.0014482508,0.00067222415
asthma_v2_copd_P37COPDPr_289.wav,2,4,2,2,0.000557462,0.059113678,0.93539035,0.0013221148,0.003616409
asthma_v2_copd_P37COPDPr_291.wav,2,4,2,2,0.0005767411,0.0019811566,0.9957604,0.0009874009,0.00069436297
asthma_v2_copd_P37COPDPr_293.wav,2,4,2,2,0.003250981,0.020954397,0.9577124,0.017326863,0.0007553378
asthma_v2_copd_P37COPDPr_295.wav,2,4,2,2,0.00073295773,0.0017050232,0.9965274,0.0003314353,0.000703149
asthma_v2_copd_P42COPDMc_330.wav,2,4,2,2,0.0007512599,0.002255873,0.99332196,0.0002491782,0.003421709
asthma_v2_copd_P42COPDMc_332.wav,2,4,2,2,0.0006645665,0.007903081,0.9882085,0.0021887769,0.0010350752
asthma_v2_copd_P42COPDMc_334.wav,2,4,2,2,0.0012572686,0.0023886198,0.9947014,0.0007263121,0.0009264136
asthma_v2_copd_P42COPDMc_336.wav,2,4,2,2,0.004766882,0.030448668,0.9207406,0.03796201,0.0060819085
asthma_v2_copd_P42COPDPr_329.wav,2,4,2,2,0.0015839674,0.0010156594,0.9938871,0.0003349202,0.0031783886
asthma_v2_copd_P42COPDPr_331.wav,2,4,2,2,0.00041953856,0.0032776091,0.99453765,0.0013679902,0.00039715486
asthma_v2_copd_P42COPDPr_333.wav,2,4,2,2,0.0011279047,0.04428651,0.948988,0.004597377,0.0010001087
asthma_v2_copd_P42COPDPr_335.wav,2,4,2,2,0.005652672,0.084047034,0.76793975,0.13756949,0.004791023
asthma_v2_copd_P4COPDMc_26.wav,2,4,2,2,0.0019885018,0.0005691195,0.9884847,0.00020569198,0.008752065
asthma_v2_copd_P4COPDMc_28.wav,2,4,2,2,0.0014931081,0.00042174655,0.9957677,0.000145909,0.0021715367
asthma_v2_copd_P4COPDMc_30.wav,2,4,2,2,0.011338374,0.0021636705,0.9685101,0.0008439333,0.017143862
asthma_v2_copd_P4COPDMc_32.wav,2,4,2,2,0.040617317,0.025916554,0.84169674,0.0036754594,0.088093966
asthma_v2_copd_P4COPDPr_25.wav,2,4,2,2,0.00045092794,0.0011961409,0.9962425,0.00028075895,0.0018296611
asthma_v2_copd_P4COPDPr_27.wav,2,4,2,2,0.001992014,0.0006888458,0.9908025,0.00021239626,0.0063042482
asthma_v2_copd_P4COPDPr_29.wav,2,4,2,2,0.00087373034,0.00072130037,0.99579763,0.00018658032,0.0024207945
asthma_v2_copd_P4COPDPr_31.wav,2,4,2,2,0.0008560133,0.0027201688,0.9915073,0.0006551354,0.0042613726
asthma_v2_copd_P6COPDMc_42.wav,2,4,2,2,0.01294599,0.038100164,0.8464637,0.0023297693,0.10016043
asthma_v2_copd_P6COPDMc_44.wav,2,4,2,2,0.0073468434,0.002852198,0.8750654,0.001330365,0.113405235
asthma_v2_copd_P6COPDMc_46.wav,2,4,2,2,0.0011672669,0.0020865267,0.9786155,0.0014142117,0.01671645
asthma_v2_copd_P6COPDMc_48.wav,2,4,2,2,0.0057835258,0.0054582558,0.86642927,0.004242802,0.11808614
asthma_v2_copd_P6COPDPr_41.wav,2,4,2,2,0.004290026,0.0024402793,0.9808896,0.00041929423,0.011960883
asthma_v2_copd_P6COPDPr_43.wav,2,4,2,2,0.0012654369,0.0013097766,0.9914165,0.00047794383,0.005530431
asthma_v2_copd_P6COPDPr_45.wav,2,4,2,2,0.0026411638,0.0014749322,0.9740199,0.0012737769,0.02059025
asthma_v2_copd_P6COPDPr_47.wav,2,4,2,2,0.023196248,0.18088318,0.6480008,0.05875987,0.0891599
asthma_v2_copd_P8COPDMc_58.wav,2,4,2,2,0.0012767403,0.00091689435,0.992588,0.00017932353,0.005039085
asthma_v2_copd_P8COPDMc_60.wav,2,4,2,2,0.0011747468,0.00071049447,0.9949464,0.00015056704,0.003017739
asthma_v2_copd_P8COPDMc_62.wav,2,4,2,2,0.0019680173,0.0014108204,0.9881682,0.0003751738,0.008077867
asthma_v2_copd_P8COPDMc_64.wav,2,4,2,2,0.0026785168,0.0010008132,0.9800566,0.00021360375,0.01605047
asthma_v2_copd_P8COPDPr_57.wav,2,4,2,2,0.0018029601,0.0035368735,0.9884185,0.00020014701,0.006041427
asthma_v2_copd_P8COPDPr_59.wav,2,4,2,2,0.0015830818,0.0007220377,0.991163,0.00018089458,0.0063509787
asthma_v2_copd_P8COPDPr_61.wav,2,4,2,2,0.0019037776,0.00067323935,0.99300164,0.0002069283,0.0042144028
asthma_v2_copd_P8COPDPr_63.wav,2,4,2,2,0.0019180173,0.0011372983,0.9891311,0.0001877807,0.0076258467
asthma_v2_healthy_P10Healthy10S.wav,2,4,3,2,0.012633876,0.046955217,0.80495465,0.118757084,0.016699154
asthma_v2_healthy_P10Healthy14S.wav,2,4,3,4,0.021426216,0.002229949,0.17304671,0.07590921,0.727388
asthma_v2_healthy_P10Healthy61S.wav,2,4,3,3,0.006045028,0.0041000363,0.0039601014,0.97962534,0.0062694997
asthma_v2_healthy_P10Healthy65S.wav,2,4,3,3,0.01084587,0.0027695077,0.008751722,0.8803488,0.09728409
asthma_v2_healthy_P10Healthy93S.wav,2,4,3,3,0.08396691,0.025970986,0.23684359,0.3537246,0.29949394
asthma_v2_healthy_P19Healthy47S.wav,2,4,3,2,0.116460524,0.124349065,0.36137748,0.038643476,0.35916942
asthma_v2_healthy_P19Healthy50S.wav,2,4,3,3,0.018287694,0.013023969,0.0037948545,0.6466452,0.31824824
asthma_v2_healthy_P19Healthy55S.wav,2,4,3,3,0.014053115,0.012293565,0.0012755484,0.9224453,0.04993246
asthma_v2_healthy_P19Healthy62S.wav,2,4,3,3,0.03686093,0.02060895,0.0038430085,0.8119407,0.12674645
asthma_v2_healthy_P19Healthy79S.wav,2,4,3,3,0.0031544892,0.009398472,0.00057859713,0.97501963,0.011848812
asthma_v2_healthy_P26Healthy22S.wav,2,4,3,3,0.0048505426,0.016054058,0.0024053927,0.8682502,0.10843982
asthma_v2_healthy_P26Healthy32S.wav,2,4,3,2,0.026590068,0.027826928,0.44789642,0.08212017,0.4155664
asthma_v2_healthy_P26Healthy46S.wav,2,4,3,3,0.028185047,0.20333256,0.088243276,0.38183677,0.29840237
asthma_v2_healthy_P26Healthy48S.wav,2,4,3,4,0.03307128,0.0039552,0.015032495,0.047064465,0.9008765
asthma_v2_healthy_P26Healthy76S.wav,2,4,3,3,0.021850104,0.040126562,0.011319264,0.5534866,0.37321752
asthma_v2_healthy_P7Healthy38S.wav,2,4,3,3,0.0037466837,0.05588636,0.010732572,0.9270492,0.0025851575
asthma_v2_healthy_P7Healthy39S.wav,2,4,3,3,0.0008691842,0.007019177,0.00046331185,0.99112517,0.0005231332
asthma_v2_healthy_P7Healthy84S.wav,2,4,3,3,0.00079636805,0.0024828175,0.0011018864,0.9941077,0.0015111414
asthma_v2_healthy_P7Healthy85S.wav,2,4,3,3,0.0023443813,0.0027409352,0.0013054123,0.98662055,0.006988818
asthma_v2_healthy_P7Healthy94S.wav,2,4,3,3,0.0017372717,0.099054515,0.0009149429,0.8969631,0.0013301914
asthma_v2_pneumonia_P15Pneumonia12I.wav,2,4,4,2,0.0079671275,0.016896248,0.54800576,0.016366918,0.41076392
asthma_v2_pneumonia_P15Pneumonia16R.wav,2,4,4,2,0.028548595,0.009423937,0.57165337,0.0046011806,0.38577288
asthma_v2_pneumonia_P15Pneumonia39Y.wav,2,4,4,4,0.015088889,0.0010473516,0.0034648099,0.36861566,0.61178327
asthma_v2_pneumonia_P15Pneumonia56Z.wav,2,4,4,4,0.01210135,0.00940231,0.027111007,0.056758486,0.89462686
asthma_v2_pneumonia_P15Pneumonia58S.wav,2,4,4,3,0.06810058,0.013012846,0.0077281864,0.53574616,0.3754122
asthma_v2_pneumonia_P15Pneumonia81V.wav,2,4,4,4,0.18042533,0.009988976,0.021562563,0.017543666,0.77047944
asthma_v2_pneumonia_P17Pneumonia49T.wav,2,4,4,4,0.017000206,0.0052485433,0.007511447,0.10536252,0.86487734
asthma_v2_pneumonia_P17Pneumonia51I.wav,2,4,4,3,0.0027975927,0.0077760206,0.0029689928,0.8596549,0.12680255
asthma_v2_pneumonia_P17Pneumonia57K.wav,2,4,4,4,0.29281127,0.0031435352,0.010427712,0.23992802,0.4536895
asthma_v2_pneumonia_P17Pneumonia63G.wav,2,4,4,4,0.13621606,0.0034357395,0.004822537,0.075962536,0.77956307
asthma_v2_pneumonia_P17Pneumonia86O.wav,2,4,4,4,0.011078975,0.017541224,0.017656706,0.15591332,0.79780984
asthma_v2_pneumonia_P17Pneumonia91K.wav,2,4,4,3,0.014337668,0.004791471,0.0035594255,0.8672942,0.11001722
asthma_v2_pneumonia_P1Pneumonia10T.wav,2,4,4,4,0.021440785,0.018689515,0.005700798,0.45905396,0.4951149
asthma_v2_pneumonia_P1Pneumonia39F.wav,2,4,4,4,0.011457891,0.0018156803,0.0031397734,0.042120133,0.94146645
asthma_v2_pneumonia_P1Pneumonia41U.wav,2,4,4,4,0.016733594,0.009776682,0.004157178,0.23988852,0.729444
asthma_v2_pneumonia_P1Pneumonia93D.wav,2,4,4,4,0.011245321,0.00077420264,0.003813009,0.009753095,0.9744143
asthma_v2_pneumonia_P1Pneumonia94J.wav,2,4,4,4,0.018042559,0.0034057929,0.1444528,0.008125315,0.8259736
asthma_v2_pneumonia_P1Pneumonia97M.wav,2,4,4,4,0.017009119,0.0015518602,0.01016596,0.016333168,0.95493984
asthma_v2_pneumonia_P22Pneumonia27A.wav,2,4,4,4,0.01694817,0.000838986,0.00062484277,0.014549306,0.9670388
asthma_v2_pneumonia_P22Pneumonia29K.wav,2,4,4,3,0.011275441,0.08709472,0.0031329766,0.8564253,0.042071514
asthma_v2_pneumonia_P22Pneumonia29M.wav,2,4,4,4,0.07745025,0.0024627394,0.0009634068,0.02897098,0.8901526
asthma_v2_pneumonia_P22Pneumonia47V.wav,2,4,4,4,0.055593856,0.017028302,0.015863698,0.42321894,0.4882952
asthma_v2_pneumonia_P22Pneumonia51X.wav,2,4,4,4,0.11466751,0.0014978718,0.037300594,0.06885703,0.777677
asthma_v2_pneumonia_P22Pneumonia55C.wav,2,4,4,4,0.027433287,0.00044008798,0.0037267553,0.066844046,0.9015559
asthma_v2_pneumonia_P29Pneumonia14M.wav,2,4,4,4,0.030812604,0.0077977316,0.038591497,0.09971088,0.8230872
asthma_v2_pneumonia_P29Pneumonia17N.wav,2,4,4,4,0.022017773,0.0013685181,0.0034707594,0.014483671,0.9586594
asthma_v2_pneumonia_P29Pneumonia18M.wav,2,4,4,4,0.05223188,0.07310973,0.01366888,0.16691583,0.6940736
asthma_v2_pneumonia_P29Pneumonia24X.wav,2,4,4,4,0.019748693,0.043122046,0.009587655,0.22845688,0.69908476
asthma_v2_pneumonia_P29Pneumonia51O.wav,2,4,4,4,0.013876852,0.050969407,0.025562534,0.3785246,0.53106654
asthma_v2_pneumonia_P29Pneumonia82U.wav,2,4,4,4,0.027232612,0.0011452475,0.013997397,0.016514046,0.9411108
asthma_v2_pneumonia_P30Pneumonia10C.wav,2,4,4,4,0.015774883,0.00058661326,0.0025962798,0.0020271093,0.9790151
asthma_v2_pneumonia_P30Pneumonia15J.wav,2,4,4,4,0.14149266,0.0034255888,0.004543832,0.04457925,0.8059587
asthma_v2_pneumonia_P30Pneumonia30W.wav,2,4,4,4,0.045568567,0.0073797824,0.015444941,0.09485386,0.8367528
asthma_v2_pneumonia_P30Pneumonia52T.wav,2,4,4,4,0.032770846,0.004636124,0.008508092,0.04049087,0.9135942
asthma_v2_pneumonia_P30Pneumonia70X.wav,2,4,4,3,0.017967554,0.043903433,0.010689973,0.49088788,0.43655115
asthma_v2_pneumonia_P30Pneumonia85D.wav,2,4,4,4,0.015082248,0.0005971741,0.009485965,0.004543529,0.9702911
asthma_v2_pneumonia_P32Pneumonia59Q.wav,2,4,4,4,0.009481892,0.000613352,0.0018450983,0.0027032283,0.9853564
asthma_v2_pneumonia_P32Pneumonia66M.wav,2,4,4,4,0.011471179,0.00027326835,0.0056587835,0.0018066957,0.98079
asthma_v2_pneumonia_P32Pneumonia69E.wav,2,4,4,4,0.12917615,0.004717976,0.008017213,0.03597713,0.8221115
asthma_v2_pneumonia_P32Pneumonia75E.wav,2,4,4,4,0.014791022,0.0009907458,0.0021576697,0.0227472,0.95931333
asthma_v2_pneumonia_P32Pneumonia98Y.wav,2,4,4,4,0.015426047,0.0013032302,0.0036265475,0.023405325,0.9562388
asthma_v2_pneumonia_P32Pneumonia99W.wav,2,4,4,4,0.01577969,0.00081165665,0.0032736198,0.01606885,0.9640662
asthma_v2_pneumonia_P4Pneumonia17R.wav,2,4,4,4,0.06668511,0.006654355,0.37883735,0.079083815,0.46873945
asthma_v2_pneumonia_P4Pneumonia27H.wav,2,4,4,4,0.013606848,0.00059656287,0.063597485,0.0075574215,0.9146417
asthma_v2_pneumonia_P4Pneumonia39Q.wav,2,4,4,2,0.015970767,0.0026651297,0.69179857,0.0068342686,0.2827313
asthma_v2_pneumonia_P4Pneumonia55U.wav,2,4,4,4,0.00907696,0.001640059,0.38091165,0.010721125,0.59765023
asthma_v2_pneumonia_P4Pneumonia67J.wav,2,4,4,2,0.032993402,0.0021815263,0.6529368,0.009712534,0.30217573
asthma_v2_pneumonia_P4Pneumonia78E.wav,2,4,4,4,0.028684732,0.0012769873,0.110095054,0.008916674,0.8510266
asthma_v2_pneumonia_P7Pneumonia22C.wav,2,4,4,2,0.007114712,0.0034467322,0.85792315,0.003983311,0.12753204
asthma_v2_pneumonia_P7Pneumonia22X.wav,2,4,4,2,0.007898094,0.015231737,0.58199364,0.31504202,0.07983453
asthma_v2_pneumonia_P7Pneumonia34I.wav,2,4,4,4,0.010653558,0.0072611165,0.19960368,0.0421359,0.7403457
asthma_v2_pneumonia_P7Pneumonia61Q.wav,2,4,4,4,0.013881279,0.0032755272,0.23292883,0.012962841,0.73695153
asthma_v2_pneumonia_P7Pneumonia62G.wav,2,4,4,2,0.007842683,0.0016963903,0.6213346,0.0068218587,0.3623045
asthma_v2_pneumonia_P7Pneumonia76F.wav,2,4,4,4,0.032983065,0.0021787256,0.093637995,0.14375499,0.72744524
asthma_v2_pneumonia_P9Pneumonia31T.wav,2,4,4,4,0.018618105,0.0015751484,0.0069606723,0.018851785,0.9539943
asthma_v2_pneumonia_P9Pneumonia63O.wav,2,4,4,4,0.017870437,0.006608764,0.011697279,0.19203849,0.77178496
asthma_v2_pneumonia_P9Pneumonia67I.wav,2,4,4,4,0.024762457,0.0011988758,0.014052947,0.020744698,0.93924093
asthma_v2_pneumonia_P9Pneumonia73J.wav,2,4,4,4,0.07649585,0.0010727304,0.026605774,0.004101195,0.89172447
asthma_v2_pneumonia_P9Pneumonia74S.wav,2,4,4,4,0.07070095,0.0027625845,0.01030903,0.008517007,0.90771043
asthma_v2_pneumonia_P9Pneumonia74V.wav,2,4,4,4,0.026710846,0.0014448175,0.0081014,0.091824956,0.871918
