file_id,repeat,fold,y_true,y_pred,p_asthma,p_bronchial,p_copd,p_healthy,p_pneumonia
asthma_v2_Bronchial_P11BronchialSc_52.wav,0,0,1,3,0.029770043,0.0021379099,0.002144827,0.9574169,0.008530299
asthma_v2_Bronchial_P11BronchialSc_54.wav,0,0,1,3,0.020711353,0.002990306,0.0016905899,0.64414406,0.33046377
asthma_v2_Bronchial_P11BronchialTc_51.wav,0,0,1,2,0.0020589575,0.17059323,0.821048,0.0030959884,0.0032038009
asthma_v2_Bronchial_P11BronchialTc_53.wav,0,0,1,3,0.038695734,0.011442741,0.0019645528,0.94462156,0.0032754391
asthma_v2_Bronchial_P11BronchialTc_55.wav,0,0,1,1,0.14373988,0.8481848,0.002662188,0.0042484473,0.0011646919
asthma_v2_Bronchial_P14BronchialSc_66.wav,0,0,1,1,0.036871094,0.9008584,0.012917862,0.04526729,0.004085307
asthma_v2_Bronchial_P14BronchialSc_68.wav,0,0,1,1,0.031477958,0.82842237,0.106512226,0.019733254,0.013854205
asthma_v2_Bronchial_P14BronchialSc_70.wav,0,0,1,1,0.00023686595,0.99205387,0.0028974563,0.0045778225,0.00023400862
asthma_v2_Bronchial_P14BronchialTc_67.wav,0,0,1,1,0.05990082,0.82745546,0.014047544,0.08958515,0.009010908
asthma_v2_Bronchial_P14BronchialTc_69.wav,0,0,1,1,0.08308777,0.80281365,0.07679725,0.026824895,0.010476337
asthma_v2_Bronchial_P16BronchialSc_76.wav,0,0,1,1,0.0012283527,0.96726316,0.00506026,0.026133483,0.00031474046
asthma_v2_Bronchial_P16BronchialSc_78.wav,0,0,1,2,0.0034837984,0.0024648749,0.9827691,0.0027709212,0.008511351
asthma_v2_Bronchial_P16BronchialSc_80.wav,0,0,1,1,0.009081476,0.9167274,0.041712716,0.024926145,0.0075522517
asthma_v2_Bronchial_P16BronchialTc_77.wav,0,0,1,1,0.0014832107,0.8215799,0.00621837,0.16694058,0.0037779517
asthma_v2_Bronchial_P16BronchialTc_79.wav,0,0,1,1,0.003355324,0.9528623,0.011184041,0.030475384,0.0021229398
asthma_v2_Bronchial_P18BronchialSc_86.wav,0,0,1,1,0.0003438342,0.9587537,0.0061769867,0.033512652,0.00121272
asthma_v2_Bronchial_P18BronchialSc_88.wav,0,0,1,1,0.006275932,0.78726643,0.20101048,0.0048007006,0.0006465016
asthma_v2_Bronchial_P18BronchialSc_90.wav,0,0,1,2,0.012860044,0.39221707,0.5851387,0.005685861,0.0040983222
asthma_v2_Bronchial_P18BronchialTc_87.wav,0,0,1,1,0.00031201105,0.9774646,0.005470596,0.015965665,0.0007872033
asthma_v2_Bronchial_P18BronchialTc_89.wav,0,0,1,1,0.0011795664,0.97337717,0.022442171,0.002587764,0.00041346575
asthma_v2_Bronchial_P7BronchialSc_32.wav,0,0,1,1,0.00031988678,0.8749265,0.122801594,0.0014088005,0.0005432943
asthma_v2_Bronchial_P7BronchialSc_34.wav,0,0,1,1,5.5638826e-05,0.9970752,0.0022865096,0.0005211367,6.151877e-05
asthma_v2_Bronchial_P7BronchialTc_31.wav,0,0,1,1,0.0014150378,0.6762502,0.32024226,0.0016957773,0.0003967344
asthma_v2_Bronchial_P7BronchialTc_33.wav,0,0,1,1,6.931761e-05,0.99056923,0.008477968,0.0007489141,0.00013461619
asthma_v2_Bronchial_P7BronchialTc_35.wav,0,0,1,1,0.00043660615,0.96930325,0.028726002,0.0011311949,0.00040287804
asthma_v2_Bronchial_P9BronchialSc_42.wav,0,0,1,1,0.0009927094,0.9104947,0.08716153,0.0009957855,0.00035530483
asthma_v2_Bronchial_P9BronchialSc_44.wav,0,0,1,2,0.003699968,0.27367857,0.7188966,0.001336944,0.0023878026
asthma_v2_Bronchial_P9BronchialTc_41.wav,0,0,1,1,0.0011753354,0.96446776,0.02917333,0.003975316,0.001208206
asthma_v2_Bronchial_P9BronchialTc_43.wav,0,0,1,2,0.003157694,0.19841366,0.74681515,0.0018165216,0.04979696
asthma_v2_Bronchial_P9BronchialTc_45.wav,0,0,1,1,0.01254266,0.978135,0.008409408,0.00016222415,0.0007507711
asthma_v2_asthma_P15WheezingIE_73.wav,0,0,0,0,0.6655331,0.31602937,0.008628888,0.0017280659,0.008080523
asthma_v2_asthma_P15WheezingIU_74.wav,0,0,0,0,0.99280167,0.001643026,0.002437784,0.00013101794,0.002986454
asthma_v2_asthma_P15WheezingRL_71.wav,0,0,0,0,0.9683984,0.0112922,0.0060574245,0.0004060811,0.013845761
asthma_v2_asthma_P15WheezingRL_75.wav,0,0,0,0,0.9698687,0.018747827,0.003986373,0.0002062174,0.007190871
asthma_v2_asthma_P15WheezingRS_72.wav,0,0,0,0,0.9157647,0.04101825,0.007735026,0.00175655,0.033725377
asthma_v2_asthma_P21WheezingIE_101.wav,0,0,0,0,0.97750527,0.01590975,0.004169265,0.00048525835,0.0019304729
asthma_v2_asthma_P21WheezingIE_105.wav,0,0,0,0,0.65352213,0.28923154,0.013730703,0.0015884313,0.04192721
asthma_v2_asthma_P21WheezingIU_102.wav,0,0,0,0,0.97091115,0.021688202,0.0047012563,0.00081376923,0.0018855133
asthma_v2_asthma_P21WheezingRL_103.wav,0,0,0,0,0.98232484,0.0032534841,0.0030953495,0.00050403416,0.010822337
asthma_v2_asthma_P21WheezingRS_104.wav,0,0,0,0,0.97017235,0.011061898,0.0052125095,0.00015904747,0.013394156
asthma_v2_asthma_P27WheezingIE_133.wav,0,0,0,0,0.7597142,0.21082751,0.018611733,0.0037967004,0.0070498465
asthma_v2_asthma_P27WheezingIU_134.wav,0,0,0,0,0.95918596,0.027209552,0.0030618652,0.00028703015,0.010255538
asthma_v2_asthma_P27WheezingRL_131.wav,0,0,0,0,0.99394894,0.0010267107,0.0007518621,2.502499e-05,0.004247512
asthma_v2_asthma_P27WheezingRL_135.wav,0,0,0,0,0.95881796,0.024277851,0.0014665955,0.002647915,0.012789725
asthma_v2_asthma_P27WheezingRS_132.wav,0,0,0,0,0.9771558,0.010213269,0.0042261137,8.151123e-05,0.008323319
asthma_v2_asthma_P34WheezingIE_169.wav,0,0,0,0,0.92620015,0.062094595,0.003165946,0.00031066703,0.00822867
asthma_v2_asthma_P34WheezingIU_166.wav,0,0,0,0,0.98029923,0.0051196236,0.0034068485,0.00024426312,0.010929976
asthma_v2_asthma_P34WheezingIU_170.wav,0,0,0,0,0.9842823,0.0027084185,0.0022412864,0.00021092349,0.010557078
asthma_v2_asthma_P34WheezingRL_167.wav,0,0,0,0,0.98954004,0.0037646452,0.0019740132,4.509701e-05,0.00467632
asthma_v2_asthma_P34WheezingRS_168.wav,0,0,0,0,0.99479276,0.00088949566,0.000875383,2.5588744e-05,0.003416777
asthma_v2_asthma_P35WheezingIE_173.wav,0,0,0,0,0.8452978,0.006175605,0.10439849,0.00070596364,0.043422062
asthma_v2_asthma_P35WheezingIU_174.wav,0,0,0,1,0.052291516,0.91376203,0.006885318,0.021062475,0.0059985584
asthma_v2_asthma_P35WheezingRL_171.wav,0,0,0,0,0.8414577,0.0028348663,0.05475807,0.0009505888,0.099998735
asthma_v2_asthma_P35WheezingRL_175.wav,0,0,0,0,0.89418536,0.01159276,0.0027290273,0.03436556,0.05712724
asthma_v2_asthma_P35WheezingRS_172.wav,0,0,0,0,0.92901945,0.00274018,0.05011125,0.0007436742,0.017385459
asthma_v2_asthma_P37WheezingIE_181.wav,0,0,0,0,0.9640751,0.0038455413,0.021352895,0.0036042826,0.0071222824
asthma_v2_asthma_P37WheezingIE_185.wav,0,0,0,0,0.93008316,0.0017263878,0.0070968685,0.00013160592,0.06096194
asthma_v2_asthma_P37WheezingIU_182.wav,0,0,0,2,0.46456718,0.003150346,0.49275684,0.0004887981,0.03903687
asthma_v2_asthma_P37WheezingRL_183.wav,0,0,0,0,0.94148046,0.006314375,0.015124981,0.0009734801,0.03610664
asthma_v2_asthma_P37WheezingRS_184.wav,0,0,0,2,0.12354348,0.039423913,0.8341909,0.0005885153,0.0022531801
asthma_v2_asthma_P39WheezingIE_193.wav,0,0,0,0,0.89575857,0.0037476122,0.08085426,0.00081986823,0.018819567
asthma_v2_asthma_P39WheezingIU_194.wav,0,0,0,2,0.2533524,0.072574705,0.64102083,0.015103946,0.017948126
asthma_v2_asthma_P39WheezingRL_191.wav,0,0,0,0,0.8655446,0.01204704,0.040895548,0.0010795796,0.0804333
asthma_v2_asthma_P39WheezingRL_195.wav,0,0,0,2,0.2925429,0.01755845,0.67813414,0.00058390637,0.0111806365
asthma_v2_asthma_P39WheezingRS_192.wav,0,0,0,0,0.64024407,0.14952429,0.13501939,0.0022300235,0.07298227
asthma_v2_asthma_P49WheezingIE_241.wav,0,0,0,0,0.68840593,0.26804498,0.010085558,0.010604184,0.022859331
asthma_v2_asthma_P49WheezingIE_245.wav,0,0,0,0,0.39585665,0.009116868,0.28064656,0.19304791,0.121331975
asthma_v2_asthma_P49WheezingIU_242.wav,0,0,0,0,0.835572,0.103307284,0.05300888,0.0022161321,0.005895664
asthma_v2_asthma_P49WheezingRL_243.wav,0,0,0,0,0.97600454,0.002698856,0.014733639,0.0021589354,0.0044040163
asthma_v2_asthma_P49WheezingRS_244.wav,0,0,0,0,0.8464276,0.04727936,0.08149996,0.00418445,0.020608615
asthma_v2_asthma_P51WheezingIE_253.wav,0,0,0,0,0.93770784,0.003403873,0.0462543,6.625884e-05,0.012567749
asthma_v2_asthma_P51WheezingIU_254.wav,0,0,0,0,0.87972885,0.010543697,0.03249719,0.00091773545,0.07631251
asthma_v2_asthma_P51WheezingRL_251.wav,0,0,0,0,0.86654204,0.005777073,0.07222461,0.00016379343,0.055292454
asthma_v2_asthma_P51WheezingRL_255.wav,0,0,0,0,0.8929024,0.002323739,0.049083877,0.0003981201,0.055291846
asthma_v2_asthma_P51WheezingRS_252.wav,0,0,0,0,0.95435494,0.0022633926,0.03363472,0.00095834315,0.008788664
asthma_v2_copd_P17COPDMc_130.wav,0,0,2,2,0.00031306868,0.00025938323,0.9981974,0.000359314,0.0008709591
asthma_v2_copd_P17COPDMc_132.wav,0,0,2,2,0.0011534224,0.00048383986,0.9974517,3.6069054e-05,0.00087493594
asthma_v2_copd_P17COPDMc_134.wav,0,0,2,2,0.0009642263,0.000582023,0.9972784,7.314929e-05,0.0011022107
asthma_v2_copd_P17COPDMc_136.wav,0,0,2,2,0.00031123142,0.00024813367,0.9983993,4.7716367e-05,0.0009935097
asthma_v2_copd_P17COPDPr_129.wav,0,0,2,2,0.0010930273,0.00093676866,0.9970657,0.0002192989,0.0006852876
asthma_v2_copd_P17COPDPr_131.wav,0,0,2,2,0.00042490553,0.00025551472,0.9979103,0.00030950972,0.0010996297
asthma_v2_copd_P17COPDPr_133.wav,0,0,2,2,0.00041922668,0.00038901315,0.9980077,5.093272e-05,0.0011330699
asthma_v2_copd_P17COPDPr_135.wav,0,0,2,2,0.00060935237,0.0003920768,0.99804735,5.094348e-05,0.00090023986
asthma_v2_copd_P23COPDMc_178.wav,0,0,2,2,0.00089469884,0.019627305,0.9073287,0.06945819,0.0026911104
asthma_v2_copd_P23COPDMc_180.wav,0,0,2,2,0.00036928547,0.0037576733,0.9896074,0.0011559823,0.00510961
asthma_v2_copd_P23COPDMc_182.wav,0,0,2,2,0.00019097087,0.0010529255,0.9969103,0.0005205275,0.0013253244
asthma_v2_copd_P23COPDMc_184.wav,0,0,2,2,0.0006843536,0.025315003,0.972307,0.00074666366,0.00094693317
asthma_v2_copd_P23COPDPr_177.wav,0,0,2,1,0.0007717469,0.9302296,0.059825756,0.008140606,0.0010322462
asthma_v2_copd_P23COPDPr_179.wav,0,0,2,2,0.00024917748,0.0017955994,0.96570957,0.0129831815,0.019262569
asthma_v2_copd_P23COPDPr_181.wav,0,0,2,2,0.0007771388,0.002950163,0.982672,0.00045027924,0.013150394
asthma_v2_copd_P23COPDPr_183.wav,0,0,2,2,0.0003257923,0.009920136,0.9875465,0.0013349103,0.00087265647
asthma_v2_copd_P31COPDMc_242.wav,0,0,2,2,0.0031064854,0.008868816,0.97809255,0.0010069356,0.0089252405
asthma_v2_copd_P31COPDMc_244.wav,0,0,2,2,0.0041782446,0.0010127735,0.9868058,0.0035092311,0.0044938745
asthma_v2_copd_P31COPDMc_246.wav,0,0,2,2,0.0040118746,0.0009482884,0.99372536,0.00012272903,0.0011917563
asthma_v2_copd_P31COPDMc_248.wav,0,0,2,2,0.020089295,0.0010212695,0.95907706,0.0011982023,0.018614126
asthma_v2_copd_P31COPDPr_241.wav,0,0,2,2,0.0005549005,0.00052938523,0.9907651,0.00019777192,0.007952776
asthma_v2_copd_P31COPDPr_243.wav,0,0,2,2,0.0018507951,0.0011388105,0.9911644,0.00068969803,0.005156346
asthma_v2_copd_P31COPDPr_245.wav,0,0,2,2,0.31049946,0.0018276314,0.5679883,0.0043598786,0.11532482
asthma_v2_copd_P31COPDPr_247.wav,0,0,2,2,0.01449564,0.0009301877,0.98148006,0.00012004558,0.002974121
asthma_v2_copd_P32COPDMc_250.wav,0,0,2,2,0.24122466,0.0013031707,0.5285417,0.00072421844,0.22820626
asthma_v2_copd_P32COPDMc_252.wav,0,0,2,2,0.09181065,0.0030289367,0.8782853,0.0009337927,0.025941268
asthma_v2_copd_P32COPDMc_254.wav,0,0,2,2,0.026192995,0.001424112,0.9694871,0.00029736687,0.0025984894
asthma_v2_copd_P32COPDMc_256.wav,0,0,2,2,0.120951936,0.0021597631,0.83658254,0.0026805126,0.03762519
asthma_v2_copd_P32COPDPr_249.wav,0,0,2,2,0.061253365,0.0006955672,0.90898037,0.00045242434,0.028618291
asthma_v2_copd_P32COPDPr_251.wav,0,0,2,2,0.029145613,0.0024082102,0.9591929,0.00039851063,0.008854783
asthma_v2_copd_P32COPDPr_253.wav,0,0,2,2,0.0016677367,0.0003467634,0.9899783,0.00014540015,0.007861844
asthma_v2_copd_P32COPDPr_255.wav,0,0,2,2,0.01110002,0.0008298124,0.9834922,0.00014694476,0.0044310293
asthma_v2_copd_P36COPDMc_282.wav,0,0,2,2,0.0018503749,0.0009935212,0.9843705,0.00010986348,0.01267569
asthma_v2_copd_P36COPDMc_284.wav,0,0,2,2,0.004934962,0.0140249,0.97159415,0.00072232354,0.008723744
asthma_v2_copd_P36COPDMc_286.wav,0,0,2,2,0.00017849068,0.0019461972,0.9952303,0.0002690142,0.0023759436
asthma_v2_copd_P36COPDMc_288.wav,0,0,2,2,0.00015196398,0.001526326,0.99763596,8.975423e-05,0.00059596874
asthma_v2_copd_P36COPDPr_281.wav,0,0,2,2,0.0008120669,0.0019913777,0.99381435,0.00048737953,0.002894856
asthma_v2_copd_P36COPDPr_283.wav,0,0,2,2,0.0009008676,0.0019061085,0.9752358,0.0007246801,0.021232545
asthma_v2_copd_P36COPDPr_285.wav,0,0,2,2,0.0001606738,0.0003935733,0.99835545,0.00014734305,0.000942938
asthma_v2_copd_P36COPDPr_287.wav,0,0,2,2,0.0019314513,0.001421695,0.9849133,0.0006691644,0.011064425
asthma_v2_copd_P41COPDMc_322.wav,0,0,2,2,0.00046129795,0.00029117483,0.9965628,9.866013e-05,0.002586115
asthma_v2_copd_P41COPDMc_324.wav,0,0,2,2,0.00016082608,0.0002018976,0.99781704,0.00010190985,0.0017183534
asthma_v2_copd_P41COPDMc_326.wav,0,0,2,2,0.00031752366,0.0004055846,0.99616987,0.00022708715,0.0028799367
asthma_v2_copd_P41COPDMc_328.wav,0,0,2,2,0.00013740228,0.0005985795,0.9978496,0.0001430578,0.0012713453
asthma_v2_copd_P41COPDPr_321.wav,0,0,2,2,0.00056456117,0.00023370424,0.99773836,8.700619e-05,0.0013763569
asthma_v2_copd_P41COPDPr_323.wav,0,0,2,2,0.00066741696,0.00027952966,0.99800843,6.628613e-05,0.0009783738
asthma_v2_copd_P41COPDPr_325.wav,0,0,2,2,0.0006069392,0.0002145829,0.9950458,0.00014656244,0.0039861505
asthma_v2_copd_P41COPDPr_327.wav,0,0,2,2,0.00031970828,0.00033463544,0.9972247,0.00014208117,0.001978983
asthma_v2_copd_P45COPDMc_354.wav,0,0,2,2,0.0019310296,0.0105084535,0.8866158,0.0025174173,0.09842732
asthma_v2_copd_P45COPDMc_356.wav,0,0,2,2,0.0028138345,0.0037715598,0.8754096,0.009766421,0.108238526
asthma_v2_copd_P45COPDMc_358.wav,0,0,2,0,0.5081342,0.012455386,0.022505393,0.22886367,0.22804137
asthma_v2_copd_P45COPDMc_360.wav,0,0,2,3,0.1915819,0.0035198187,0.009446909,0.5386353,0.25681612
asthma_v2_copd_P45COPDPr_353.wav,0,0,2,2,0.0027830834,0.0022600698,0.9420147,0.0012349263,0.051707204
asthma_v2_copd_P45COPDPr_355.wav,0,0,2,2,0.0008536089,0.00042332654,0.9847919,0.00046107627,0.013470134
asthma_v2_copd_P45COPDPr_357.wav,0,0,2,2,0.0024995815,0.0021123323,0.6661195,0.05189331,0.27737537
asthma_v2_copd_P45COPDPr_359.wav,0,0,2,4,0.031319644,0.003258624,0.0059065404,0.3629442,0.596571
asthma_v2_copd_P50COPDMc_394.wav,0,0,2,2,0.021303663,0.004131812,0.9543252,0.003395229,0.016844189
asthma_v2_copd_P50COPDMc_396.wav,0,0,2,2,0.0072468347,0.000764478,0.96663594,0.0061430344,0.019209752
asthma_v2_copd_P50COPDMc_398.wav,0,0,2,2,0.0011167353,0.0018949516,0.9949169,0.0012106334,0.00086072495
asthma_v2_copd_P50COPDMc_400.wav,0,0,2,2,0.001290078,0.0024704563,0.9925546,0.0016700638,0.0020147956
asthma_v2_copd_P50COPDPr_393.wav,0,0,2,2,0.00029691213,0.00048040124,0.9970202,0.00030529682,0.0018970761
asthma_v2_copd_P50COPDPr_395.wav,0,0,2,2,0.003968354,0.0026198046,0.9899276,0.0004433967,0.003040931
asthma_v2_copd_P50COPDPr_397.wav,0,0,2,2,0.0029262025,0.0020811448,0.9914683,0.00094094884,0.0025834043
asthma_v2_copd_P50COPDPr_399.wav,0,0,2,2,0.0022676,0.002356278,0.9935942,0.00048659657,0.0012953023
asthma_v2_copd_P6COPDMc_42.wav,0,0,2,2,0.002377561,0.0007191595,0.99450797,8.166879e-05,0.00231366
asthma_v2_copd_P6COPDMc_44.wav,0,0,2,2,0.0006291909,0.00025098366,0.99631256,0.00013062278,0.0026767044
asthma_v2_copd_P6COPDMc_46.wav,0,0,2,2,0.0010789464,0.0002827983,0.9968566,0.0002660181,0.001515693
asthma_v2_copd_P6COPDMc_48.wav,0,0,2,2,0.06358456,0.016032415,0.8675746,0.036892526,0.015915904
asthma_v2_copd_P6COPDPr_41.wav,0,0,2,2,0.0066012694,0.00082027697,0.9893981,0.00029084075,0.002889482
asthma_v2_copd_P6COPDPr_43.wav,0,0,2,2,0.0011646595,0.00032654646,0.9967487,9.327757e-05,0.001666829
asthma_v2_copd_P6COPDPr_45.wav,0,0,2,2,0.004158387,0.00035137354,0.99330705,0.0003405363,0.0018427301
asthma_v2_copd_P6COPDPr_47.wav,0,0,2,2,0.041577537,0.0008125958,0.93509907,0.0013288617,0.021181876
asthma_v2_healthy_P10Healthy10S.wav,0,0,3,3,0.00038898102,0.006243659,0.0018953526,0.9737491,0.017722873
asthma_v2_healthy_P10Healthy14S.wav,0,0,3,3,0.0017395964,0.023049532,0.0027868364,0.9348355,0.037588485
asthma_v2_healthy_P10Healthy61S.wav,0,0,3,3,0.0016581423,0.0034523306,0.032144215,0.91653496,0.046210323
asthma_v2_healthy_P10Healthy65S.wav,0,0,3,3,0.0008214842,0.0012156679,0.0008577668,0.96540105,0.031704098
asthma_v2_healthy_P10Healthy93S.wav,0,0,3,3,0.004507644,0.030986475,0.07159671,0.8727544,0.02015479
asthma_v2_healthy_P13Healthy28S.wav,0,0,3,3,0.003000737,0.027528975,0.00092107715,0.82277346,0.14577581
asthma_v2_healthy_P13Healthy42S.wav,0,0,3,3,0.00048242207,0.001120988,0.0019184566,0.99369603,0.0027820987
asthma_v2_healthy_P13Healthy48S.wav,0,0,3,3,0.00048496906,0.01171466,0.017927967,0.96331614,0.006556227
asthma_v2_healthy_P13Healthy53S.wav,0,0,3,2,0.0017059088,0.0126490155,0.48259398,0.45440564,0.04864543
asthma_v2_healthy_P13Healthy69S.wav,0,0,3,4,0.0066826185,0.014252759,0.055232048,0.110978596,0.81285405
asthma_v2_healthy_P2Healthy30S.wav,0,0,3,3,0.013378949,0.008044091,0.0031296667,0.9402007,0.0352465
asthma_v2_healthy_P2Healthy43S.wav,0,0,3,3,0.0027428556,0.0071585174,0.009863828,0.8599111,0.12032367
asthma_v2_healthy_P2Healthy54S.wav,0,0,3,2,0.0015312122,0.15548311,0.77350223,0.062666155,0.006817233
asthma_v2_healthy_P2Healthy72S.wav,0,0,3,3,0.032346528,0.0016207405,0.005748313,0.86959535,0.09068901
asthma_v2_healthy_P2Healthy89S.wav,0,0,3,4,0.0060810917,0.0011246653,0.0007305447,0.37956136,0.6125024
asthma_v2_healthy_P3Healthy44S.wav,0,0,3,1,0.0003877871,0.9661548,0.010140164,0.022746032,0.00057115906
asthma_v2_healthy_P3Healthy49S.wav,0,0,3,3,0.00012766622,0.0005397993,0.0004702055,0.9968177,0.0020445345
asthma_v2_healthy_P3Healthy57S.wav,0,0,3,3,0.0007061179,0.0002233478,0.0012431717,0.9892916,0.00853574
asthma_v2_healthy_P3Healthy60S.wav,0,0,3,2,0.0019609227,0.0703384,0.9059778,0.014404616,0.007318351
asthma_v2_healthy_P3Healthy84S.wav,0,0,3,3,0.00018490967,0.0006589245,0.00049307785,0.99748445,0.0011786368
asthma_v2_healthy_P6Healthy21S.wav,0,0,3,4,0.08774173,0.00291545,0.031816833,0.1007678,0.7767582
asthma_v2_healthy_P6Healthy34S.wav,0,0,3,3,0.021051984,0.0021066254,0.0010722529,0.6947447,0.2810245
asthma_v2_healthy_P6Healthy51S.wav,0,0,3,3,0.0064306213,0.0052133854,0.0002341362,0.9335411,0.054580864
asthma_v2_healthy_P6Healthy71S.wav,0,0,3,3,0.00013853944,0.0007561293,0.00024154567,0.99793565,0.00092817954
asthma_v2_healthy_P6Healthy77S.wav,0,0,3,3,0.016423175,0.0010109205,0.00069076195,0.94786453,0.034010567
asthma_v2_pneumonia_P13Pneumonia20R.wav,0,0,4,4,0.002163937,6.84044e-05,0.0057053324,0.0018869156,0.9901753
asthma_v2_pneumonia_P13Pneumonia26N.wav,0,0,4,4,0.001840496,2.9770104e-05,0.00032976756,0.0012141946,0.9965857
asthma_v2_pneumonia_P13Pneumonia33Z.wav,0,0,4,4,0.0018592181,6.190768e-05,0.0048150783,0.004375885,0.98888785
asthma_v2_pneumonia_P13Pneumonia60R.wav,0,0,4,4,0.0058833053,8.077847e-05,0.0013789879,0.0072857616,0.98537123
asthma_v2_pneumonia_P13Pneumonia94T.wav,0,0,4,4,0.003364321,0.0002733592,0.06800866,0.008916405,0.9194372
asthma_v2_pneumonia_P13Pneumonia99T.wav,0,0,4,4,0.0010041808,4.205902e-05,0.0022782877,0.002305039,0.9943705
asthma_v2_pneumonia_P14Pneumonia19W.wav,0,0,4,4,0.004040292,0.0016917789,0.124763586,0.0010116014,0.86849284
asthma_v2_pneumonia_P14Pneumonia22X.wav,0,0,4,4,0.0031514426,5.6863948e-05,0.00063377694,0.0074349977,0.9887229
asthma_v2_pneumonia_P14Pneumonia40M.wav,0,0,4,4,0.012744577,6.9910544e-05,0.006184264,0.0031236426,0.97787756
asthma_v2_pneumonia_P14Pneumonia62B.wav,0,0,4,4,0.0019767561,0.00011607613,0.0049735964,0.0027615037,0.9901721
asthma_v2_pneumonia_P14Pneumonia73T.wav,0,0,4,4,0.0008554771,0.0011986075,0.029461036,0.0015209584,0.966964
asthma_v2_pneumonia_P14Pneumonia87C.wav,0,0,4,4,0.0014979526,0.00053318165,0.07755756,0.0019925148,0.9184188
asthma_v2_pneumonia_P1Pneumonia10T.wav,0,0,4,4,0.0017674466,8.740726e-05,0.00020969051,0.009501501,0.9884339
asthma_v2_pneumonia_P1Pneumonia39F.wav,0,0,4,4,0.0059948987,3.2564505e-05,0.00082456745,0.0009242189,0.99222374
asthma_v2_pneumonia_P1Pneumonia41U.wav,0,0,4,4,0.00368692,0.00041090298,0.0005962964,0.08932206,0.9059838
asthma_v2_pneumonia_P1Pneumonia93D.wav,0,0,4,4,0.0011386864,7.748094e-05,0.0009483585,0.004830721,0.99300486
asthma_v2_pneumonia_P1Pneumonia94J.wav,0,0,4,4,0.009801356,9.820157e-05,0.0073776245,0.0010684126,0.9816544
asthma_v2_pneumonia_P1Pneumonia97M.wav,0,0,4,4,0.000506687,3.5359546e-05,0.00055215874,0.0027125198,0.9961932
asthma_v2_pneumonia_P20Pneumonia27V.wav,0,0,4,4,0.0020504426,3.0940686e-05,0.001973883,0.004527476,0.99141735
asthma_v2_pneumonia_P20Pneumonia31P.wav,0,0,4,4,0.0031924306,3.2480148e-05,0.0017268597,0.0069424105,0.9881059
asthma_v2_pneumonia_P20Pneumonia37V.wav,0,0,4,4,0.008741378,0.00012970521,0.0037134015,0.018828524,0.9685869
asthma_v2_pneumonia_P20Pneumonia42B.wav,0,0,4,4,0.008343159,3.2664975e-05,0.0036264628,0.0024686814,0.985529
asthma_v2_pneumonia_P20Pneumonia58T.wav,0,0,4,4,0.002420461,3.2009208e-05,0.0028677876,0.0034206184,0.99125916
asthma_v2_pneumonia_P20Pneumonia84L.wav,0,0,4,4,0.00507459,5.455188e-05,0.0021237524,0.0066154683,0.98613167
asthma_v2_pneumonia_P27Pneumonia25R.wav,0,0,4,4,0.0033666196,7.669954e-05,0.0011034195,0.0023950145,0.9930582
asthma_v2_pneumonia_P27Pneumonia28K.wav,0,0,4,4,0.0018312923,0.00012398526,0.020714777,0.0036626633,0.97366726
asthma_v2_pneumonia_P27Pneumonia37T.wav,0,0,4,4,0.02715887,0.020792643,0.3209607,0.10352855,0.5275592
asthma_v2_pneumonia_P27Pneumonia48G.wav,0,0,4,4,0.0022162646,0.00026762945,0.06143441,0.0017799129,0.9343018
asthma_v2_pneumonia_P27Pneumonia62C.wav,0,0,4,4,0.00055994996,7.8082434e-05,0.0016356435,0.007306468,0.9904199
asthma_v2_pneumonia_P27Pneumonia77J.wav,0,0,4,4,0.001390608,0.00018072779,0.025632855,0.023094606,0.9497012
asthma_v2_pneumonia_P29Pneumonia14M.wav,0,0,4,4,0.015591268,0.0006094548,0.001901449,0.22197935,0.7599185
asthma_v2_pneumonia_P29Pneumonia17N.wav,0,0,4,4,0.001274628,2.9502773e-05,0.00079872576,0.01210501,0.98579216
asthma_v2_pneumonia_P29Pneumonia18M.wav,0,0,4,4,0.012086282,0.00027134095,0.0007913944,0.024382291,0.9624686
asthma_v2_pneumonia_P29Pneumonia24X.wav,0,0,4,4,0.004480222,0.0002753471,0.0023972199,0.008924941,0.98392224
asthma_v2_pneumonia_P29Pneumonia51O.wav,0,0,4,4,0.00097392953,0.00035728223,0.00054610666,0.008183395,0.98993915
asthma_v2_pneumonia_P29Pneumonia82U.wav,0,0,4,4,0.0007329648,0.00015397146,0.00090935046,0.016633742,0.98157
asthma_v2_pneumonia_P37Pneumonia44I.wav,0,0,4,0,0.9778698,0.009513278,0.0038468838,0.000492102,0.008277968
asthma_v2_pneumonia_P37Pneumonia73K.wav,0,0,4,0,0.9882585,0.003591457,0.0019524485,0.0017230044,0.0044745514
asthma_v2_pneumonia_P37Pneumonia73X.wav,0,0,4,0,0.77240795,0.20957711,0.0043993266,0.0031679608,0.010447648
asthma_v2_pneumonia_P37Pneumonia83S.wav,0,0,4,1,0.43785545,0.47164786,0.016565861,0.011686718,0.062244065
asthma_v2_pneumonia_P37Pneumonia84E.wav,0,0,4,0,0.86269546,0.0037115533,0.03442097,0.0008771491,0.0982949
asthma_v2_pneumonia_P37Pneumonia95J.wav,0,0,4,0,0.6132941,0.0029566204,0.014477963,0.0022520125,0.36701924
asthma_v2_pneumonia_P40Pneumonia18H.wav,0,0,4,0,0.95222855,0.01993642,0.0011013015,0.00050256524,0.026231162
asthma_v2_pneumonia_P40Pneumonia32Q.wav,0,0,4,4,0.017245485,0.0003869429,0.00097228226,0.0043556453,0.9770396
asthma_v2_pneumonia_P40Pneumonia69N.wav,0,0,4,0,0.9972107,0.00034593203,0.0007952723,3.171225e-05,0.0016163295
asthma_v2_pneumonia_P40Pneumonia90Y.wav,0,0,4,0,0.86704236,0.023696387,0.0024466757,0.0007000505,0.10611443
asthma_v2_pneumonia_P40Pneumonia91V.wav,0,0,4,0,0.50199926,0.004160807,0.013538541,0.0034293088,0.47687215
asthma_v2_pneumonia_P40Pneumonia92J.wav,0,0,4,4,0.22555469,0.015472359,0.007010326,0.009829455,0.74213326
asthma_v2_pneumonia_P47Pneumonia14M.wav,0,0,4,3,0.057898056,0.0025595226,0.0013014694,0.9021841,0.036056805
asthma_v2_pneumonia_P47Pneumonia19A.wav,0,0,4,3,0.0075973477,0.0059281224,0.008628806,0.93558663,0.042259164
asthma_v2_pneumonia_P47Pneumonia24N.wav,0,0,4,4,0.016536338,6.605952e-05,0.0063903313,0.0020077152,0.9749995
asthma_v2_pneumonia_P47Pneumonia69D.wav,0,0,4,3,0.32843632,0.005239419,0.08405446,0.4770866,0.10518315
asthma_v2_pneumonia_P47Pneumonia74Q.wav,0,0,4,4,0.4185377,0.0008782846,0.13154669,0.0026897124,0.44634762
asthma_v2_pneumonia_P47Pneumonia98K.wav,0,0,4,4,0.032020476,0.0023184665,0.0036602418,0.38584423,0.57615656
asthma_v2_pneumonia_P6Pneumonia15U.wav,0,0,4,4,0.012677505,0.0006636047,0.084582575,0.0017200797,0.90035623
asthma_v2_pneumonia_P6Pneumonia17Q.wav,0,0,4,4,0.0015487309,0.00032513216,0.051861607,0.010070459,0.93619406
asthma_v2_pneumonia_P6Pneumonia32L.wav,0,0,4,4,0.010323272,0.0048173214,0.31766665,0.0073879124,0.65980476
asthma_v2_pneumonia_P6Pneumonia37H.wav,0,0,4,4,0.0017579715,0.00070568733,0.18201429,0.02962048,0.78590167
asthma_v2_pneumonia_P6Pneumonia39O.wav,0,0,4,4,0.0021030323,0.0003648369,0.009528115,0.0008107793,0.98719317
asthma_v2_pneumonia_P6Pneumonia84M.wav,0,0,4,4,0.0020258226,0.00020656543,0.026823808,0.010064978,0.96087873
asthma_v2_pneumonia_P7Pneumonia22C.wav,0,0,4,2,0.007157774,0.0032140757,0.60512024,0.009369389,0.3751385
asthma_v2_pneumonia_P7Pneumonia22X.wav,0,0,4,4,0.001304056,0.00026364066,0.049519777,0.016076904,0.9328356
asthma_v2_pneumonia_P7Pneumonia34I.wav,0,0,4,2,0.003307268,0.0006755917,0.7092819,0.0038261649,0.28290898
asthma_v2_pneumonia_P7Pneumonia61Q.wav,0,0,4,4,0.0013961651,0.00047138263,0.022604194,0.008929365,0.96659887
asthma_v2_pneumonia_P7Pneumonia62G.wav,0,0,4,2,0.003993693,0.0011297358,0.7689123,0.0036271482,0.22233714
asthma_v2_pneumonia_P7Pneumonia76F.wav,0,0,4,4,0.0024273687,0.0009901641,0.12171476,0.0030713622,0.8717963
asthma_v2_Bronchial_P19BronchialSc_92.wav,0,1,1,1,0.0076924628,0.82116854,0.08928525,0.03933446,0.042519297
asthma_v2_Bronchial_P19BronchialSc_94.wav,0,1,1,1,0.005294952,0.8653369,0.09838136,0.020615436,0.010371305
asthma_v2_Bronchial_P19BronchialTc_91.wav,0,1,1,1,0.010485061,0.60693824,0.2822903,0.056685347,0.043601062
asthma_v2_Bronchial_P19BronchialTc_93.wav,0,1,1,1,0.006221712,0.89887404,0.039894387,0.032249186,0.022760617
asthma_v2_Bronchial_P19BronchialTc_95.wav,0,1,1,1,0.0041759624,0.81480145,0.06904581,0.100733496,0.011243321
asthma_v2_Bronchial_P1BronchialSc_2.wav,0,1,1,1,0.018755242,0.54918087,0.06738939,0.3563996,0.008274925
asthma_v2_Bronchial_P1BronchialSc_4.wav,0,1,1,1,0.007153816,0.6805614,0.07966392,0.22776061,0.004860217
asthma_v2_Bronchial_P1BronchialTc_1.wav,0,1,1,1,0.0063161515,0.8443316,0.03497978,0.11132245,0.0030499846
asthma_v2_Bronchial_P1BronchialTc_3.wav,0,1,1,1,0.0061351564,0.8635051,0.055598836,0.07242651,0.0023343125
asthma_v2_Bronchial_P1BronchialTc_5.wav,0,1,1,1,0.0056751426,0.8547337,0.036990926,0.09908373,0.003516475
asthma_v2_Bronchial_P20BronchialSc_100.wav,0,1,1,1,0.019825174,0.7736181,0.009437648,0.1763014,0.020817697
asthma_v2_Bronchial_P20BronchialSc_96.wav,0,1,1,1,0.0042928807,0.86155814,0.026810005,0.09837374,0.008965325
asthma_v2_Bronchial_P20BronchialSc_98.wav,0,1,1,1,0.022195432,0.48518416,0.018344278,0.4377671,0.036509056
asthma_v2_Bronchial_P20BronchialTc_97.wav,0,1,1,1,0.0091071315,0.504016,0.031350043,0.42982373,0.025703128
asthma_v2_Bronchial_P20BronchialTc_99.wav,0,1,1,1,0.0038374101,0.5544717,0.012781083,0.4116371,0.017272761
asthma_v2_Bronchial_P4BronchialSc_16.wav,0,1,1,3,0.012435217,0.054452892,0.0071405666,0.7860001,0.13997124
asthma_v2_Bronchial_P4BronchialSc_18.wav,0,1,1,1,0.017236056,0.5124411,0.010910993,0.42476657,0.03464529
asthma_v2_Bronchial_P4BronchialSc_20.wav,0,1,1,1,0.025889805,0.8555214,0.020532792,0.07120328,0.02685279
asthma_v2_Bronchial_P4BronchialTc_17.wav,0,1,1,1,0.015940938,0.71460485,0.014491691,0.23104602,0.023916516
asthma_v2_Bronchial_P4BronchialTc_19.wav,0,1,1,3,0.00513451,0.28633028,0.019780686,0.62414896,0.0646056
asthma_v2_asthma_P13WheezingIE_61.wav,0,1,0,0,0.8094838,0.11689624,0.014477551,0.0064620296,0.0526803
asthma_v2_asthma_P13WheezingIE_65.wav,0,1,0,0,0.85705304,0.10072689,0.009990609,0.0037128432,0.028516669
asthma_v2_asthma_P13WheezingIU_62.wav,0,1,0,0,0.8415743,0.09479029,0.0085795345,0.0056487233,0.04940708
asthma_v2_asthma_P13WheezingRL_63.wav,0,1,0,0,0.92234814,0.038711302,0.0063095856,0.0027110467,0.02991978
asthma_v2_asthma_P13WheezingRS_64.wav,0,1,0,0,0.85110974,0.10584814,0.010060566,0.0035617864,0.029419785
asthma_v2_asthma_P17WheezingIE_81.wav,0,1,0,0,0.92726606,0.03584029,0.005893255,0.0023002783,0.02870009
asthma_v2_asthma_P17WheezingIE_85.wav,0,1,0,0,0.929314,0.0359425,0.018843558,0.0034130348,0.012486922
asthma_v2_asthma_P17WheezingIU_82.wav,0,1,0,0,0.889823,0.07187573,0.009674678,0.002776355,0.025850233
asthma_v2_asthma_P17WheezingRL_83.wav,0,1,0,0,0.92069495,0.04697163,0.0055819303,0.0025179256,0.024233598
asthma_v2_asthma_P17WheezingRS_84.wav,0,1,0,0,0.8452678,0.0115264105,0.02356184,0.0020088935,0.117635116
asthma_v2_asthma_P22WheezingIE_109.wav,0,1,0,0,0.86231154,0.08349807,0.04069878,0.0044708494,0.009020759
asthma_v2_asthma_P22WheezingIU_106.wav,0,1,0,0,0.9064972,0.06288645,0.016293071,0.002253814,0.012069472
asthma_v2_asthma_P22WheezingIU_110.wav,0,1,0,0,0.89430004,0.06685638,0.025940467,0.002126284,0.010776772
asthma_v2_asthma_P22WheezingRL_107.wav,0,1,0,0,0.8658053,0.05193065,0.008793446,0.011403503,0.062067065
asthma_v2_asthma_P22WheezingRS_108.wav,0,1,0,0,0.88812566,0.06467231,0.02948026,0.0037592212,0.013962474
asthma_v2_asthma_P26WheezingIE_129.wav,0,1,0,0,0.9258371,0.023151396,0.031436954,0.0037758553,0.0157987
asthma_v2_asthma_P26WheezingIU_126.wav,0,1,0,0,0.92019045,0.055636838,0.007510443,0.0016218891,0.015040424
asthma_v2_asthma_P26WheezingIU_130.wav,0,1,0,0,0.7850202,0.06043442,0.103077225,0.0028384677,0.04862961
asthma_v2_asthma_P26WheezingRL_127.wav,0,1,0,0,0.8858527,0.0690126,0.025146095,0.0040436056,0.015944922
asthma_v2_asthma_P26WheezingRS_128.wav,0,1,0,0,0.93204004,0.033308655,0.023965988,0.0020173392,0.008668073
asthma_v2_asthma_P28WheezingIE_137.wav,0,1,0,0,0.78787637,0.16541576,0.00806714,0.015269603,0.023371115
asthma_v2_asthma_P28WheezingIU_138.wav,0,1,0,0,0.89706045,0.078293346,0.012389886,0.0056762937,0.00658004
asthma_v2_asthma_P28WheezingRL_139.wav,0,1,0,0,0.8412469,0.09803355,0.041745055,0.003540601,0.015433916
asthma_v2_asthma_P28WheezingRS_136.wav,0,1,0,0,0.8745781,0.07033041,0.03892127,0.0034975752,0.012672622
asthma_v2_asthma_P28WheezingRS_140.wav,0,1,0,0,0.8951011,0.05640187,0.024784738,0.004122209,0.019590018
asthma_v2_asthma_P2AsthmaIE_9.wav,0,1,0,0,0.81714445,0.095883034,0.009067968,0.007954712,0.06994981
asthma_v2_asthma_P2AsthmaIU_10.wav,0,1,0,0,0.77494204,0.18201026,0.014542511,0.0039852303,0.024519917
asthma_v2_asthma_P2AsthmaIU_6.wav,0,1,0,0,0.8777324,0.05826254,0.007647552,0.009454163,0.046903275
asthma_v2_asthma_P2AsthmaRL_7.wav,0,1,0,0,0.95937246,0.012799851,0.011003949,0.0014399826,0.015383688
asthma_v2_asthma_P2AsthmaRS_8.wav,0,1,0,0,0.92245585,0.04554258,0.0099787405,0.0016603903,0.020362444
asthma_v2_asthma_P31WheezingIE_153.wav,0,1,0,0,0.8887691,0.06815247,0.02383483,0.003908833,0.015334783
asthma_v2_asthma_P31WheezingIU_154.wav,0,1,0,0,0.84239864,0.07068482,0.013035136,0.023250515,0.05063097
asthma_v2_asthma_P31WheezingRL_151.wav,0,1,0,0,0.8647004,0.10037108,0.017124075,0.0037685626,0.014035872
asthma_v2_asthma_P31WheezingRL_155.wav,0,1,0,0,0.8558253,0.1007476,0.019799631,0.007984379,0.01564311
asthma_v2_asthma_P31WheezingRS_152.wav,0,1,0,0,0.8582624,0.09588112,0.022882326,0.0034867781,0.019487372
asthma_v2_asthma_P43WheezingIE_213.wav,0,1,0,0,0.6217681,0.12166591,0.234556,0.006512103,0.015497873
asthma_v2_asthma_P43WheezingIU_214.wav,0,1,0,0,0.7724681,0.050488148,0.15998113,0.0024097902,0.014652823
asthma_v2_asthma_P43WheezingRL_211.wav,0,1,0,2,0.2657134,0.022979837,0.5734554,0.004532861,0.13331848
asthma_v2_asthma_P43WheezingRL_215.wav,0,1,0,0,0.3809449,0.13999598,0.04363558,0.08619323,0.3492303
asthma_v2_asthma_P43WheezingRS_212.wav,0,1,0,2,0.3479923,0.1482328,0.46577865,0.008242115,0.029754164
asthma_v2_asthma_P44WheezingIE_217.wav,0,1,0,0,0.35201034,0.0719643,0.34501067,0.005361454,0.2256532
asthma_v2_asthma_P44WheezingIU_218.wav,0,1,0,0,0.54248065,0.12071916,0.01827154,0.04078737,0.2777412
asthma_v2_asthma_P44WheezingRL_219.wav,0,1,0,0,0.56266606,0.07637258,0.2982812,0.0026591646,0.060020998
asthma_v2_asthma_P44WheezingRS_216.wav,0,1,0,0,0.54996866,0.06541785,0.36515728,0.0057592783,0.013696953
asthma_v2_asthma_P44WheezingRS_220.wav,0,1,0,2,0.35374027,0.050576195,0.57955295,0.002269917,0.01386068
asthma_v2_asthma_P52WheezingIE_257.wav,0,1,0,0,0.6699356,0.0809977,0.22908126,0.0031549435,0.016830537
asthma_v2_asthma_P52WheezingIU_258.wav,0,1,0,0,0.6623023,0.08912135,0.22615263,0.004687064,0.01773669
asthma_v2_asthma_P52WheezingRL_259.wav,0,1,0,0,0.8381797,0.0793639,0.007509461,0.0082566505,0.06669018
asthma_v2_asthma_P52WheezingRS_256.wav,0,1,0,0,0.5619793,0.11348922,0.29934266,0.004147575,0.02104123
asthma_v2_asthma_P52WheezingRS_260.wav,0,1,0,0,0.93611294,0.031394508,0.0054573934,0.0018455442,0.025189672
asthma_v2_asthma_P54WheezingIE_269.wav,0,1,0,3,0.010516361,0.016743232,0.008272969,0.87499386,0.08947358
asthma_v2_asthma_P54WheezingIU_266.wav,0,1,0,4,0.008721105,0.005619358,0.0074880943,0.2667523,0.71141917
asthma_v2_asthma_P54WheezingIU_270.wav,0,1,0,3,0.0062092985,0.010061817,0.0033744385,0.872843,0.107511364
asthma_v2_asthma_P54WheezingRL_267.wav,0,1,0,3,0.010423805,0.0059987456,0.005316622,0.68775374,0.29050708
asthma_v2_asthma_P54WheezingRS_268.wav,0,1,0,3,0.002558372,0.019576585,0.005673626,0.8231022,0.14908928
asthma_v2_asthma_P58WheezingIU_286.wav,0,1,0,4,0.017907405,0.009522274,0.010723531,0.30380493,0.65804183
asthma_v2_asthma_P58WheezingRL_287.wav,0,1,0,3,0.049645323,0.036287066,0.008812614,0.65124315,0.25401178
asthma_v2_asthma_P58WheezingRS_288.wav,0,1,0,4,0.008654992,0.016758343,0.014262204,0.3397502,0.6205743
asthma_v2_asthma_P5AsthmaIE_21.wav,0,1,0,0,0.81203187,0.14591752,0.019341338,0.0030434267,0.019665813
asthma_v2_asthma_P5AsthmaIE_25.wav,0,1,0,0,0.87599474,0.028131368,0.015106701,0.0051299753,0.07563717
asthma_v2_asthma_P5AsthmaIU_22.wav,0,1,0,0,0.88961947,0.051723067,0.0070757642,0.0060195494,0.045562185
asthma_v2_asthma_P5AsthmaRL_23.wav,0,1,0,0,0.86698985,0.092159696,0.008819637,0.0033885916,0.028642176
asthma_v2_asthma_P5AsthmaRS_24.wav,0,1,0,0,0.86821103,0.013213258,0.011138321,0.0058431183,0.10159423
asthma_v2_copd_P10COPDMc_74.wav,0,1,2,0,0.47850305,0.27390516,0.21096341,0.009984201,0.02664415
asthma_v2_copd_P10COPDMc_76.wav,0,1,2,0,0.74075025,0.105372876,0.08486934,0.017867709,0.051139787
asthma_v2_copd_P10COPDMc_78.wav,0,1,2,0,0.6152328,0.10220568,0.26211208,0.005155141,0.015294287
asthma_v2_copd_P10COPDMc_80.wav,0,1,2,0,0.48851684,0.06563048,0.41412798,0.0059211478,0.02580363
asthma_v2_copd_P10COPDPr_73.wav,0,1,2,0,0.4521353,0.20293607,0.32216734,0.0061754347,0.016585853
asthma_v2_copd_P10COPDPr_75.wav,0,1,2,0,0.47765833,0.38827473,0.09373533,0.028823273,0.011508333
asthma_v2_copd_P10COPDPr_77.wav,0,1,2,0,0.63721126,0.08104072,0.104775056,0.083866715,0.09310623
asthma_v2_copd_P10COPDPr_79.wav,0,1,2,2,0.42098072,0.06847357,0.47333,0.0044411877,0.03277454
asthma_v2_copd_P12COPDMc_90.wav,0,1,2,2,0.25996208,0.09251513,0.61883813,0.008326805,0.02035784
asthma_v2_copd_P12COPDMc_92.wav,0,1,2,2,0.27709,0.09327125,0.590906,0.011695243,0.027037514
asthma_v2_copd_P12COPDMc_94.wav,0,1,2,2,0.3712348,0.07785599,0.5174575,0.0065498403,0.026901865
asthma_v2_copd_P12COPDMc_96.wav,0,1,2,2,0.009976641,0.023784408,0.7915732,0.06153785,0.11312783
asthma_v2_copd_P12COPDPr_89.wav,0,1,2,2,0.32977864,0.2744683,0.33515024,0.018777642,0.04182515
asthma_v2_copd_P12COPDPr_91.wav,0,1,2,2,0.3767305,0.16971914,0.43213263,0.0047275857,0.016690154
asthma_v2_copd_P12COPDPr_93.wav,0,1,2,2,0.27506876,0.057355203,0.6371718,0.00593795,0.024466248
asthma_v2_copd_P12COPDPr_95.wav,0,1,2,2,0.0111272745,0.19770794,0.7477573,0.016649177,0.02675823
asthma_v2_copd_P20COPDMc_154.wav,0,1,2,2,0.015351302,0.011172444,0.71072876,0.13270515,0.13004233
asthma_v2_copd_P20COPDMc_156.wav,0,1,2,1,0.022211516,0.69240284,0.03181392,0.22161107,0.03196069
asthma_v2_copd_P20COPDMc_158.wav,0,1,2,2,0.010985722,0.012731779,0.94690245,0.0067398753,0.022640217
asthma_v2_copd_P20COPDMc_160.wav,0,1,2,2,0.019323671,0.0107203685,0.7102049,0.13437895,0.12537211
asthma_v2_copd_P20COPDPr_153.wav,0,1,2,2,0.006507319,0.037432663,0.9176905,0.01178557,0.02658397
asthma_v2_copd_P20COPDPr_155.wav,0,1,2,1,0.05185796,0.39877114,0.0827006,0.3505102,0.11616005
asthma_v2_copd_P20COPDPr_157.wav,0,1,2,3,0.0141079435,0.022752192,0.10771118,0.7550823,0.10034641
asthma_v2_copd_P20COPDPr_159.wav,0,1,2,2,0.010009715,0.030191459,0.93754405,0.010345033,0.011909757
asthma_v2_copd_P25COPDMc_194.wav,0,1,2,2,0.009599428,0.18665753,0.7590022,0.021947376,0.022793477
asthma_v2_copd_P25COPDMc_196.wav,0,1,2,2,0.009380357,0.15018179,0.64989346,0.096300066,0.094244346
asthma_v2_copd_P25COPDMc_198.wav,0,1,2,2,0.014474365,0.16915144,0.779136,0.02605331,0.011184949
asthma_v2_copd_P25COPDMc_200.wav,0,1,2,2,0.0066393437,0.032916244,0.9335848,0.008987753,0.017871782
asthma_v2_copd_P25COPDPr_193.wav,0,1,2,2,0.016357869,0.048803624,0.6717744,0.011802539,0.25126156
asthma_v2_copd_P25COPDPr_195.wav,0,1,2,2,0.014415967,0.11244226,0.61395586,0.21255356,0.046632323
asthma_v2_copd_P25COPDPr_197.wav,0,1,2,2,0.0143176615,0.13869822,0.7735268,0.052059792,0.021397585
asthma_v2_copd_P25COPDPr_199.wav,0,1,2,2,0.009133872,0.052757926,0.8237417,0.08382018,0.030546375
asthma_v2_copd_P27COPDMc_210.wav,0,1,2,2,0.007321574,0.010062174,0.93188095,0.028337216,0.022398066
asthma_v2_copd_P27COPDMc_212.wav,0,1,2,2,0.0058106272,0.029783992,0.9192082,0.013133866,0.032063287
asthma_v2_copd_P27COPDMc_214.wav,0,1,2,2,0.004655271,0.016044294,0.9180416,0.018233033,0.043025784
asthma_v2_copd_P27COPDMc_216.wav,0,1,2,2,0.010687579,0.04575356,0.88342685,0.041282516,0.01884945
asthma_v2_copd_P27COPDPr_209.wav,0,1,2,2,0.0069691576,0.014994557,0.93976474,0.014510262,0.023761297
asthma_v2_copd_P27COPDPr_211.wav,0,1,2,2,0.0052124746,0.009071278,0.9515544,0.013992514,0.02016932
asthma_v2_copd_P27COPDPr_213.wav,0,1,2,2,0.006437079,0.03451646,0.84668064,0.060723808,0.051642038
asthma_v2_copd_P27COPDPr_215.wav,0,1,2,2,0.0071465834,0.043591216,0.9034107,0.020962633,0.024888935
asthma_v2_copd_P38COPDMc_298.wav,0,1,2,2,0.265207,0.023669433,0.69197005,0.0042082244,0.014945322
asthma_v2_copd_P38COPDMc_300.wav,0,1,2,2,0.010837395,0.043008726,0.9330448,0.0054803393,0.007628693
asthma_v2_copd_P38COPDMc_302.wav,0,1,2,2,0.01777166,0.05053858,0.87580943,0.03929052,0.016589759
asthma_v2_copd_P38COPDMc_304.wav,0,1,2,2,0.01214834,0.004318224,0.8352905,0.01565504,0.13258792
asthma_v2_copd_P38COPDPr_297.wav,0,1,2,2,0.052078646,0.051551297,0.81241894,0.007755742,0.07619544
asthma_v2_copd_P38COPDPr_299.wav,0,1,2,2,0.05228828,0.04218505,0.8231797,0.014222469,0.06812458
asthma_v2_copd_P38COPDPr_301.wav,0,1,2,2,0.014702334,0.0146480175,0.95090216,0.0094187185,0.010328808
asthma_v2_copd_P38COPDPr_303.wav,0,1,2,2,0.010338578,0.03574976,0.45818597,0.2672858,0.22843987
asthma_v2_copd_P40COPDMc_314.wav,0,1,2,2,0.005962555,0.12966916,0.80276936,0.022572737,0.0390262
asthma_v2_copd_P40COPDMc_316.wav,0,1,2,3,0.007567144,0.039714906,0.22715865,0.5397159,0.18584341
asthma_v2_copd_P40COPDMc_318.wav,0,1,2,2,0.09044309,0.047272082,0.4454436,0.0697333,0.34710798
asthma_v2_copd_P40COPDMc_320.wav,0,1,2,4,0.06586713,0.04188691,0.28592926,0.0116513185,0.5946654
asthma_v2_copd_P40COPDPr_313.wav,0,1,2,2,0.005221045,0.07960622,0.8769109,0.008722859,0.029538903
asthma_v2_copd_P40COPDPr_315.wav,0,1,2,3,0.008951946,0.05264834,0.13264072,0.6120416,0.19371738
asthma_v2_copd_P40COPDPr_317.wav,0,1,2,2,0.009006738,0.10801464,0.46306854,0.34877342,0.0711366
asthma_v2_copd_P40COPDPr_319.wav,0,1,2,4,0.036487512,0.01921678,0.32205665,0.024144527,0.5980945
asthma_v2_copd_P44COPDMc_346.wav,0,1,2,4,0.017108956,0.018997192,0.1212996,0.04450267,0.7980916
asthma_v2_copd_P44COPDMc_348.wav,0,1,2,4,0.011325269,0.0083690835,0.15797375,0.067965224,0.75436664
asthma_v2_copd_P44COPDMc_350.wav,0,1,2,1,0.005521059,0.8152616,0.13998064,0.032342933,0.0068937102
asthma_v2_copd_P44COPDMc_352.wav,0,1,2,2,0.014434228,0.013837341,0.6714009,0.02279516,0.27753234
asthma_v2_copd_P44COPDPr_345.wav,0,1,2,2,0.008462974,0.038643356,0.8673382,0.010059481,0.07549595
asthma_v2_copd_P44COPDPr_347.wav,0,1,2,4,0.021581747,0.015914384,0.15553536,0.08767641,0.7192921
asthma_v2_copd_P44COPDPr_349.wav,0,1,2,1,0.038719423,0.54578805,0.36455828,0.045444306,0.005489967
asthma_v2_copd_P44COPDPr_351.wav,0,1,2,1,0.010004117,0.7968341,0.17502967,0.014819091,0.003313038
asthma_v2_copd_P46COPDMc_362.wav,0,1,2,2,0.18969351,0.024969785,0.56274974,0.049526244,0.17306073
asthma_v2_copd_P46COPDMc_364.wav,0,1,2,2,0.03579277,0.044051375,0.895716,0.0040811896,0.020358643
asthma_v2_copd_P46COPDMc_366.wav,0,1,2,2,0.02818015,0.026720593,0.9265174,0.0045547993,0.014027001
asthma_v2_copd_P46COPDMc_368.wav,0,1,2,2,0.13743645,0.024804626,0.4641746,0.05880465,0.31477967
asthma_v2_copd_P46COPDPr_361.wav,0,1,2,2,0.0104918955,0.008779789,0.9676092,0.0027661517,0.010352923
asthma_v2_copd_P46COPDPr_363.wav,0,1,2,3,0.059516884,0.03642192,0.23033378,0.57201034,0.101717114
asthma_v2_copd_P46COPDPr_365.wav,0,1,2,2,0.1475168,0.07527697,0.7096132,0.023201553,0.044391513
asthma_v2_copd_P46COPDPr_367.wav,0,1,2,2,0.12454067,0.03482997,0.5079474,0.03596956,0.2967124
asthma_v2_copd_P5COPDMc_34.wav,0,1,2,2,0.11832829,0.06647788,0.75223476,0.019168375,0.04379078
asthma_v2_copd_P5COPDMc_36.wav,0,1,2,2,0.022425288,0.020438056,0.94627494,0.0047110817,0.006150597
asthma_v2_copd_P5COPDMc_38.wav,0,1,2,2,0.033229657,0.037243523,0.91984797,0.0054311464,0.004247673
asthma_v2_copd_P5COPDMc_40.wav,0,1,2,2,0.05932058,0.008752074,0.78369904,0.018480865,0.12974745
asthma_v2_copd_P5COPDPr_33.wav,0,1,2,2,0.03591283,0.043993752,0.47529346,0.35107288,0.09372716
asthma_v2_copd_P5COPDPr_35.wav,0,1,2,2,0.020642765,0.012214099,0.9186734,0.012721874,0.035747793
asthma_v2_copd_P5COPDPr_37.wav,0,1,2,2,0.02093944,0.08711333,0.8827566,0.0055582817,0.003632367
asthma_v2_copd_P5COPDPr_39.wav,0,1,2,2,0.023294007,0.036039807,0.9340633,0.003225462,0.0033774439
asthma_v2_healthy_P12Healthy16S.wav,0,1,3,3,0.0053709536,0.04403807,0.0075946925,0.75466764,0.18832861
asthma_v2_healthy_P12Healthy67S.wav,0,1,3,3,0.0019145727,0.01890501,0.0073763747,0.94653356,0.025270518
asthma_v2_healthy_P12Healthy93S.wav,0,1,3,3,0.0021133677,0.014388097,0.015769467,0.92161137,0.046117697
asthma_v2_healthy_P12Healthy98S.wav,0,1,3,3,0.008303065,0.07271528,0.0060098665,0.78387254,0.12909931
asthma_v2_healthy_P12Healthy99S.wav,0,1,3,3,0.0029967048,0.016345266,0.025340557,0.9316094,0.023708045
asthma_v2_healthy_P15Healthy14S.wav,0,1,3,1,0.006694287,0.45947552,0.119023524,0.38014138,0.03466529
asthma_v2_healthy_P15Healthy55S.wav,0,1,3,3,0.012152697,0.1524842,0.011327317,0.8141707,0.009865103
asthma_v2_healthy_P15Healthy61S.wav,0,1,3,3,0.008637075,0.007072769,0.0045313425,0.7470177,0.23274118
asthma_v2_healthy_P15Healthy65S.wav,0,1,3,3,0.017905818,0.08710686,0.019918643,0.8541445,0.020924177
asthma_v2_healthy_P15Healthy93S.wav,0,1,3,3,0.005776014,0.061738927,0.016095113,0.9063699,0.010019989
asthma_v2_healthy_P16Healthy18S.wav,0,1,3,3,0.008637075,0.007072769,0.0045313425,0.7470177,0.23274118
asthma_v2_healthy_P16Healthy19S.wav,0,1,3,3,0.009100718,0.009559827,0.0042678337,0.930865,0.046206582
asthma_v2_healthy_P16Healthy26S.wav,0,1,3,3,0.0052010207,0.009152151,0.0037872184,0.8596097,0.122249894
asthma_v2_healthy_P16Healthy38S.wav,0,1,3,3,0.009100718,0.009559827,0.0042678337,0.930865,0.046206582
asthma_v2_healthy_P16Healthy41S.wav,0,1,3,3,0.0052010207,0.009152151,0.0037872184,0.8596097,0.122249894
asthma_v2_healthy_P21Healthy15S.wav,0,1,3,3,0.022875844,0.011902839,0.0028492918,0.7836946,0.17867742
asthma_v2_healthy_P21Healthy38S.wav,0,1,3,3,0.012025843,0.010268381,0.0023833057,0.8609516,0.11437088
asthma_v2_healthy_P21Healthy53S.wav,0,1,3,3,0.17881113,0.03759458,0.011754745,0.55884963,0.21298994
asthma_v2_healthy_P21Healthy95S.wav,0,1,3,4,0.040032763,0.0075342157,0.014639023,0.062424872,0.875369
asthma_v2_healthy_P21Healthy98S.wav,0,1,3,4,0.005053149,0.0020626343,0.010823161,0.028845953,0.9532152
asthma_v2_healthy_P4Healthy12S.wav,0,1,3,1,0.108905464,0.40656805,0.040951476,0.22192654,0.22164848
asthma_v2_healthy_P4Healthy22S.wav,0,1,3,3,0.040057406,0.0753045,0.042925242,0.50011724,0.34159556
asthma_v2_healthy_P4Healthy62S.wav,0,1,3,3,0.0021507777,0.09643185,0.010443025,0.88355035,0.0074240295
asthma_v2_healthy_P4Healthy69S.wav,0,1,3,3,0.008555682,0.026596997,0.008056663,0.8046059,0.15218475
asthma_v2_healthy_P4Healthy77S.wav,0,1,3,3,0.0019354176,0.10885474,0.010331629,0.86955863,0.009319469
asthma_v2_healthy_P5Healthy10S.wav,0,1,3,3,0.0015410541,0.011966158,0.00404021,0.9658088,0.016643718
asthma_v2_healthy_P5Healthy57S.wav,0,1,3,4,0.012593569,0.0047863876,0.03567131,0.31972253,0.6272262
asthma_v2_healthy_P5Healthy87S.wav,0,1,3,3,0.0022812793,0.02150572,0.0113700945,0.9297984,0.035044443
asthma_v2_healthy_P5Healthy92S.wav,0,1,3,3,0.004225227,0.024095433,0.11801437,0.7578129,0.09585206
asthma_v2_healthy_P5Healthy96S.wav,0,1,3,3,0.005013916,0.041666444,0.03678405,0.759889,0.15664664
asthma_v2_pneumonia_P12Pneumonia23P.wav,0,1,4,4,0.012422978,0.0052910917,0.14625433,0.049835555,0.78619605
asthma_v2_pneumonia_P12Pneumonia44H.wav,0,1,4,2,0.013095349,0.013194059,0.5423828,0.041586682,0.38974112
asthma_v2_pneumonia_P12Pneumonia45B.wav,0,1,4,2,0.023315724,0.020920653,0.64112544,0.020638635,0.29399952
asthma_v2_pneumonia_P12Pneumonia46L.wav,0,1,4,4,0.011889231,0.0017272815,0.030983226,0.034242693,0.9211576
asthma_v2_pneumonia_P12Pneumonia59Q.wav,0,1,4,2,0.047882948,0.033494852,0.5015851,0.013333773,0.4037033
asthma_v2_pneumonia_P12Pneumonia97E.wav,0,1,4,4,0.013908693,0.0040722233,0.0475723,0.06448039,0.8699664
asthma_v2_pneumonia_P17Pneumonia49T.wav,0,1,4,4,0.011575596,0.0033652163,0.0051084864,0.11450597,0.8654448
asthma_v2_pneumonia_P17Pneumonia51I.wav,0,1,4,3,0.012448566,0.03210776,0.02335373,0.54793894,0.38415098
asthma_v2_pneumonia_P17Pneumonia57K.wav,0,1,4,4,0.010840255,0.0038788265,0.006155022,0.1195073,0.8596186
asthma_v2_pneumonia_P17Pneumonia63G.wav,0,1,4,4,0.0056927884,0.0061938767,0.00764313,0.11385457,0.86661565
asthma_v2_pneumonia_P17Pneumonia86O.wav,0,1,4,4,0.06710224,0.08975324,0.1488766,0.18599327,0.5082747
asthma_v2_pneumonia_P17Pneumonia91K.wav,0,1,4,4,0.01001521,0.024729628,0.024555251,0.25099906,0.6897008
asthma_v2_pneumonia_P23Pneumonia19A.wav,0,1,4,4,0.01901455,0.0031038073,0.026471427,0.13213041,0.81927985
asthma_v2_pneumonia_P23Pneumonia40O.wav,0,1,4,4,0.021527087,0.0030036424,0.03008119,0.0627334,0.88265467
asthma_v2_pneumonia_P23Pneumonia54P.wav,0,1,4,4,0.038376167,0.0047175633,0.019274274,0.17205723,0.76557475
asthma_v2_pneumonia_P23Pneumonia60Y.wav,0,1,4,4,0.028083108,0.004846198,0.042898018,0.09839818,0.8257746
asthma_v2_pneumonia_P23Pneumonia90V.wav,0,1,4,4,0.010582205,0.0022165065,0.037916794,0.08360425,0.86568016
asthma_v2_pneumonia_P23Pneumonia97P.wav,0,1,4,4,0.011727132,0.0044088317,0.06338098,0.19129759,0.72918546
asthma_v2_pneumonia_P25Pneumonia11Z.wav,0,1,4,3,0.0021860453,0.02237586,0.0074732048,0.93103164,0.03693328
asthma_v2_pneumonia_P25Pneumonia16B.wav,0,1,4,4,0.0046569468,0.001907586,0.029141275,0.06325462,0.90103954
asthma_v2_pneumonia_P25Pneumonia30I.wav,0,1,4,3,0.008254031,0.013936847,0.006218071,0.7303797,0.24121137
asthma_v2_pneumonia_P25Pneumonia42V.wav,0,1,4,3,0.016493153,0.082782805,0.046987865,0.5296672,0.324069
asthma_v2_pneumonia_P25Pneumonia93N.wav,0,1,4,3,0.0047872565,0.013316393,0.0020774645,0.90219176,0.077627085
asthma_v2_pneumonia_P25Pneumonia97D.wav,0,1,4,4,0.008484318,0.0034555935,0.006980913,0.057505563,0.9235737
asthma_v2_pneumonia_P34Pneumonia15R.wav,0,1,4,4,0.014916015,0.005387924,0.008786905,0.057514396,0.91339475
asthma_v2_pneumonia_P34Pneumonia36H.wav,0,1,4,4,0.013015202,0.0032742124,0.012445383,0.055415217,0.91585
asthma_v2_pneumonia_P34Pneumonia61E.wav,0,1,4,4,0.004827171,0.0013260482,0.009314005,0.034982033,0.9495507
asthma_v2_pneumonia_P34Pneumonia66M.wav,0,1,4,4,0.0043623373,0.0023414334,0.011135647,0.08369444,0.8984662
asthma_v2_pneumonia_P34Pneumonia77O.wav,0,1,4,4,0.009079009,0.002238001,0.0051258556,0.030739242,0.9528178
asthma_v2_pneumonia_P34Pneumonia99G.wav,0,1,4,4,0.0071285013,0.0024089213,0.013173417,0.09078235,0.8865068
asthma_v2_pneumonia_P38Pneumonia23A.wav,0,1,4,0,0.9169958,0.05584746,0.009161714,0.0014560114,0.01653895
asthma_v2_pneumonia_P38Pneumonia34H.wav,0,1,4,0,0.8820849,0.087706305,0.0071232347,0.0027017794,0.020383697
asthma_v2_pneumonia_P38Pneumonia35P.wav,0,1,4,0,0.89600974,0.046121854,0.006118629,0.01451355,0.037236214
asthma_v2_pneumonia_P38Pneumonia41S.wav,0,1,4,0,0.80110234,0.14775564,0.012916281,0.004937308,0.03328837
asthma_v2_pneumonia_P38Pneumonia61R.wav,0,1,4,0,0.9187864,0.013335087,0.007500397,0.0071688546,0.053209264
asthma_v2_pneumonia_P38Pneumonia64N.wav,0,1,4,0,0.54232925,0.008115126,0.042555552,0.0075855255,0.3994145
asthma_v2_pneumonia_P41Pneumonia17O.wav,0,1,4,2,0.13573807,0.048289124,0.76862967,0.0036425255,0.04370072
asthma_v2_pneumonia_P41Pneumonia25E.wav,0,1,4,0,0.36473763,0.030587886,0.23443647,0.020525973,0.349712
asthma_v2_pneumonia_P41Pneumonia31S.wav,0,1,4,0,0.7922132,0.027055345,0.027307563,0.010459189,0.1429647
asthma_v2_pneumonia_P41Pneumonia41D.wav,0,1,4,0,0.70251596,0.029480616,0.1366446,0.026248736,0.10511009
asthma_v2_pneumonia_P41Pneumonia71Q.wav,0,1,4,0,0.56092745,0.0638903,0.280534,0.0381295,0.05651868
asthma_v2_pneumonia_P41Pneumonia72U.wav,0,1,4,0,0.8523997,0.08502044,0.03718065,0.0023004785,0.023098635
asthma_v2_pneumonia_P45Pneumonia10J.wav,0,1,4,4,0.010930265,0.0058600227,0.010331147,0.1583998,0.81447875
asthma_v2_pneumonia_P45Pneumonia25T.wav,0,1,4,4,0.042124707,0.015429072,0.011225756,0.40385562,0.52736485
asthma_v2_pneumonia_P45Pneumonia29L.wav,0,1,4,4,0.026334923,0.008458342,0.010628987,0.33127677,0.6233009
asthma_v2_pneumonia_P45Pneumonia51F.wav,0,1,4,4,0.043661147,0.021574331,0.059918176,0.2570188,0.61782753
asthma_v2_pneumonia_P45Pneumonia59I.wav,0,1,4,4,0.027565954,0.006632749,0.057978623,0.08594644,0.8218762
asthma_v2_pneumonia_P45Pneumonia72P.wav,0,1,4,3,0.014723514,0.02521439,0.008155089,0.81308764,0.13881943
asthma_v2_Bronchial_P10BronchialSc_46.wav,0,2,1,2,0.00055760704,0.07836648,0.91896266,0.0012391816,0.00087407854
asthma_v2_Bronchial_P10BronchialSc_48.wav,0,2,1,1,0.0029037518,0.6135693,0.3716663,0.010827493,0.0010331118
asthma_v2_Bronchial_P10BronchialSc_50.wav,0,2,1,1,0.0014524679,0.91039735,0.08199396,0.0054058265,0.0007503683
asthma_v2_Bronchial_P10BronchialTc_47.wav,0,2,1,2,0.00040461528,0.046459682,0.9507845,0.0020667985,0.00028444306
asthma_v2_Bronchial_P10BronchialTc_49.wav,0,2,1,2,0.0021186178,0.43076453,0.56427497,0.0020444482,0.000797468
asthma_v2_Bronchial_P12BronchialSc_56.wav,0,2,1,0,0.86586165,0.01671943,0.00090643525,0.0027446682,0.11376781
asthma_v2_Bronchial_P12BronchialSc_58.wav,0,2,1,0,0.81722885,0.13224888,0.0038663023,0.0009346,0.045721497
asthma_v2_Bronchial_P12BronchialSc_60.wav,0,2,1,0,0.46780613,0.45875785,0.0048552374,0.06497168,0.0036091192
asthma_v2_Bronchial_P12BronchialTc_57.wav,0,2,1,0,0.92393285,0.008000644,0.0011521158,0.00042889774,0.066485524
asthma_v2_Bronchial_P12BronchialTc_59.wav,0,2,1,0,0.96146816,0.006701774,0.004247449,0.0003437744,0.027238809
asthma_v2_Bronchial_P3BronchialSc_12.wav,0,2,1,2,0.0016602416,0.33166,0.6109585,0.052683607,0.003037619
asthma_v2_Bronchial_P3BronchialSc_14.wav,0,2,1,2,0.00049084116,0.18395813,0.52420366,0.27083573,0.020511627
asthma_v2_Bronchial_P3BronchialTc_11.wav,0,2,1,1,0.0011227373,0.8959601,0.040211856,0.061134454,0.0015708895
asthma_v2_Bronchial_P3BronchialTc_13.wav,0,2,1,2,0.00040713907,0.042130478,0.88380384,0.06619095,0.007467589
asthma_v2_Bronchial_P3BronchialTc_15.wav,0,2,1,2,0.0009880924,0.22778337,0.5741272,0.18665248,0.01044885
asthma_v2_Bronchial_P6BronchialSc_26.wav,0,2,1,1,0.0006180379,0.60855037,0.36746782,0.022249226,0.0011144809
asthma_v2_Bronchial_P6BronchialSc_28.wav,0,2,1,1,0.0005651718,0.8674104,0.122697785,0.008787846,0.0005387704
asthma_v2_Bronchial_P6BronchialSc_30.wav,0,2,1,1,0.00230984,0.8175165,0.17113125,0.007687481,0.0013549018
asthma_v2_Bronchial_P6BronchialTc_27.wav,0,2,1,2,0.00036995456,0.1450216,0.8218042,0.03104156,0.0017627106
asthma_v2_Bronchial_P6BronchialTc_29.wav,0,2,1,1,0.0014664332,0.86648583,0.12731381,0.0039252336,0.0008086543
asthma_v2_Bronchial_P8BronchialSc_36.wav,0,2,1,2,0.0017112957,0.23574454,0.7580064,0.0030913532,0.0014463776
asthma_v2_Bronchial_P8BronchialSc_38.wav,0,2,1,1,0.023656763,0.9644703,0.002352453,0.0075608194,0.0019596945
asthma_v2_Bronchial_P8BronchialSc_40.wav,0,2,1,1,0.0004107476,0.9210889,0.045283653,0.032430362,0.0007863909
asthma_v2_Bronchial_P8BronchialTc_37.wav,0,2,1,2,0.00083542586,0.08330283,0.91265786,0.0022293844,0.0009745047
asthma_v2_Bronchial_P8BronchialTc_39.wav,0,2,1,1,0.00058484665,0.9367592,0.04647353,0.015787954,0.00039455318
asthma_v2_asthma_P14WheezingIE_69.wav,0,2,0,0,0.9305938,0.00633111,0.0005728341,0.002225626,0.060276516
asthma_v2_asthma_P14WheezingIU_66.wav,0,2,0,0,0.98777163,0.0013810375,0.0012643439,6.640279e-05,0.009516725
asthma_v2_asthma_P14WheezingIU_70.wav,0,2,0,0,0.79190123,0.0010714919,0.0023693624,0.0010009228,0.20365699
asthma_v2_asthma_P14WheezingRL_67.wav,0,2,0,0,0.9746978,0.0021556725,0.0006391169,0.00018748948,0.02232002
asthma_v2_asthma_P14WheezingRS_68.wav,0,2,0,0,0.9872228,0.0011275389,0.0011082668,0.000103290084,0.010438055
asthma_v2_asthma_P19WheezingIE_93.wav,0,2,0,0,0.9930549,0.0019150771,0.0027864769,5.2559382e-05,0.0021909801
asthma_v2_asthma_P19WheezingIU_94.wav,0,2,0,0,0.9924039,0.0026277057,0.0009430826,0.00033777466,0.003687451
asthma_v2_asthma_P19WheezingRL_91.wav,0,2,0,0,0.9784344,0.001835702,0.0056133224,0.00018531509,0.013931311
asthma_v2_asthma_P19WheezingRL_95.wav,0,2,0,0,0.9710514,0.0042187483,0.0045484426,0.000114179085,0.020067208
asthma_v2_asthma_P19WheezingRS_92.wav,0,2,0,0,0.9968483,0.0005489972,0.000492166,1.8293369e-05,0.0020922392
asthma_v2_asthma_P24WheezingIE_117.wav,0,2,0,0,0.93378955,0.00021637791,0.0020453164,0.0003034337,0.063645236
asthma_v2_asthma_P24WheezingIU_118.wav,0,2,0,0,0.9652448,0.0010240659,0.00091111724,0.00013307134,0.03268696
asthma_v2_asthma_P24WheezingRL_119.wav,0,2,0,0,0.986679,0.0013395312,0.00094881514,0.0002695575,0.01076302
asthma_v2_asthma_P24WheezingRS_116.wav,0,2,0,0,0.97142595,0.0010740785,0.0026419933,0.00010194718,0.024756031
asthma_v2_asthma_P24WheezingRS_120.wav,0,2,0,0,0.9829122,0.0035186058,0.0019183457,0.0011149985,0.010535925
asthma_v2_asthma_P30WheezingIE_149.wav,0,2,0,0,0.9926001,0.0010923948,0.0041136947,0.00011739827,0.0020764994
asthma_v2_asthma_P30WheezingIU_146.wav,0,2,0,0,0.96443075,0.00089433877,0.0012816059,0.00010553681,0.033287805
asthma_v2_asthma_P30WheezingIU_150.wav,0,2,0,0,0.9669275,0.010864597,0.0050004744,0.00040416545,0.016803218
asthma_v2_asthma_P30WheezingRL_147.wav,0,2,0,0,0.9849107,0.001026023,0.0014785443,0.00010036784,0.012484216
asthma_v2_asthma_P30WheezingRS_148.wav,0,2,0,0,0.9814803,0.003046976,0.0043416647,0.00013687914,0.010994191
asthma_v2_asthma_P32WheezingIE_157.wav,0,2,0,4,0.15277697,0.00039340975,0.0034739685,0.003951936,0.8394038
asthma_v2_asthma_P32WheezingIU_158.wav,0,2,0,0,0.9902203,0.002014667,0.00048685574,0.00053979823,0.0067384276
asthma_v2_asthma_P32WheezingRL_159.wav,0,2,0,0,0.91708606,0.0019949013,0.0040699034,0.0015414095,0.07530769
asthma_v2_asthma_P32WheezingRS_156.wav,0,2,0,0,0.9883305,0.0020738984,0.00027148763,0.0030080606,0.0063161273
asthma_v2_asthma_P32WheezingRS_160.wav,0,2,0,0,0.9629826,0.004873642,0.0014280067,0.0006270234,0.030088715
asthma_v2_asthma_P36WheezingIE_177.wav,0,2,0,0,0.97286224,0.0050291396,0.0146642085,0.00019404125,0.007250305
asthma_v2_asthma_P36WheezingIU_178.wav,0,2,0,0,0.97819966,0.0009827247,0.014896921,0.00010782981,0.0058129416
asthma_v2_asthma_P36WheezingRL_179.wav,0,2,0,0,0.9258041,0.002955467,0.062993236,6.54574e-05,0.008181779
asthma_v2_asthma_P36WheezingRS_176.wav,0,2,0,0,0.782447,0.021608206,0.19323197,0.00093212666,0.0017807372
asthma_v2_asthma_P36WheezingRS_180.wav,0,2,0,0,0.87880963,0.013122552,0.103778884,0.00027268357,0.0040162224
asthma_v2_asthma_P45WheezingIE_221.wav,0,2,0,2,0.07749773,0.023185462,0.8979637,0.0006068134,0.0007462663
asthma_v2_asthma_P45WheezingIE_225.wav,0,2,0,0,0.7399735,0.0061069387,0.23597337,0.0002917066,0.017654505
asthma_v2_asthma_P45WheezingIU_222.wav,0,2,0,0,0.936004,0.005682757,0.043001227,0.00045237958,0.014859693
asthma_v2_asthma_P45WheezingRL_223.wav,0,2,0,0,0.9229803,0.0059773764,0.05611473,5.4513457e-05,0.014873144
asthma_v2_asthma_P45WheezingRS_224.wav,0,2,0,0,0.79526615,0.010483132,0.1302376,0.0005456063,0.06346757
asthma_v2_asthma_P46WheezingIE_229.wav,0,2,0,2,0.120338276,0.0073811123,0.87089276,0.00019759736,0.0011902131
asthma_v2_asthma_P46WheezingIU_226.wav,0,2,0,2,0.46861,0.029521957,0.49960247,0.0007807773,0.0014848051
asthma_v2_asthma_P46WheezingIU_230.wav,0,2,0,0,0.941802,0.0045554927,0.03709477,0.00015896492,0.01638871
asthma_v2_asthma_P46WheezingRL_227.wav,0,2,0,0,0.8576721,0.0014887969,0.13732134,0.00035380674,0.003163847
asthma_v2_asthma_P46WheezingRS_228.wav,0,2,0,2,0.36996454,0.014897709,0.61342365,0.00029473886,0.0014193575
asthma_v2_asthma_P48WheezingIE_237.wav,0,2,0,0,0.97912174,0.0031331012,0.006863956,8.586339e-05,0.010795379
asthma_v2_asthma_P48WheezingIU_238.wav,0,2,0,0,0.9787837,0.0009771379,0.017166495,0.0001087179,0.0029639679
asthma_v2_asthma_P48WheezingRL_239.wav,0,2,0,0,0.9643363,0.0058661024,0.016043779,0.00018345912,0.013570482
asthma_v2_asthma_P48WheezingRS_236.wav,0,2,0,0,0.93419963,0.003274708,0.046786193,9.761258e-05,0.015641795
asthma_v2_asthma_P48WheezingRS_240.wav,0,2,0,0,0.98453325,0.0045783822,0.00795613,0.000150081,0.0027823118
asthma_v2_asthma_P57WheezingIE_281.wav,0,2,0,3,0.007481381,0.0032451754,0.0003316528,0.9831436,0.0057982435
asthma_v2_asthma_P57WheezingIE_285.wav,0,2,0,3,0.021995604,0.014153722,0.00058473146,0.9548848,0.008381004
asthma_v2_asthma_P57WheezingIU_282.wav,0,2,0,3,0.0019750835,0.003195194,0.00083415635,0.98489326,0.009102256
asthma_v2_asthma_P57WheezingRL_283.wav,0,2,0,1,0.27144426,0.36087593,0.009015147,0.12744562,0.23121908
asthma_v2_asthma_P57WheezingRS_284.wav,0,2,0,1,0.02101156,0.4400337,0.10255412,0.35993183,0.07646878
asthma_v2_copd_P13COPDMc_100.wav,0,2,2,2,0.0004159453,0.00510783,0.9809998,0.007614502,0.0058618602
asthma_v2_copd_P13COPDMc_102.wav,0,2,2,2,0.066098645,0.00038306013,0.7068609,0.0005184351,0.22613896
asthma_v2_copd_P13COPDMc_104.wav,0,2,2,2,0.00076797407,0.03295126,0.9642002,0.00057120074,0.0015093684
asthma_v2_copd_P13COPDMc_98.wav,0,2,2,2,0.0006585883,0.009811632,0.9875157,0.00056108437,0.0014529887
asthma_v2_copd_P13COPDPr_101.wav,0,2,2,2,0.0040293303,0.0014834885,0.98143643,0.00023741848,0.012813387
asthma_v2_copd_P13COPDPr_103.wav,0,2,2,2,0.00859287,0.00039883665,0.8139427,0.000492186,0.17657347
asthma_v2_copd_P13COPDPr_97.wav,0,2,2,2,0.002152486,0.0903618,0.8270841,0.05583977,0.02456182
asthma_v2_copd_P13COPDPr_99.wav,0,2,2,2,0.0005798685,0.0039851437,0.99005616,0.0023093198,0.0030695482
asthma_v2_copd_P15COPDMc_114.wav,0,2,2,2,0.20933013,0.008247108,0.7814995,0.0003498697,0.0005733902
asthma_v2_copd_P15COPDMc_116.wav,0,2,2,0,0.5408026,0.0031215905,0.45066833,0.00030867753,0.005098734
asthma_v2_copd_P15COPDMc_118.wav,0,2,2,2,0.24898958,0.0034330345,0.74269086,0.00012035165,0.0047661755
asthma_v2_copd_P15COPDMc_120.wav,0,2,2,0,0.5333049,0.0010579919,0.45226887,0.00016340292,0.013204828
asthma_v2_copd_P15COPDPr_113.wav,0,2,2,0,0.9234488,0.00083632045,0.07310608,9.0394045e-05,0.0025184136
asthma_v2_copd_P15COPDPr_115.wav,0,2,2,0,0.84127146,0.0023731322,0.12854445,6.5764485e-05,0.027745178
asthma_v2_copd_P15COPDPr_117.wav,0,2,2,0,0.9255393,0.0123242345,0.05057674,0.0004590882,0.011100658
asthma_v2_copd_P15COPDPr_119.wav,0,2,2,2,0.15915194,0.012644849,0.82560056,0.0007210462,0.0018815954
asthma_v2_copd_P18COPDMc_138.wav,0,2,2,2,0.004537315,0.00015230567,0.9911505,0.00011753948,0.0040423437
asthma_v2_copd_P18COPDMc_140.wav,0,2,2,2,0.0025279,0.00033002353,0.99613404,0.000101750666,0.00090630975
asthma_v2_copd_P18COPDMc_142.wav,0,2,2,2,0.005883695,0.00020487473,0.9927477,0.00032791882,0.0008357629
asthma_v2_copd_P18COPDMc_144.wav,0,2,2,2,0.00048612518,0.10784377,0.88915056,0.0020236333,0.00049593253
asthma_v2_copd_P18COPDPr_137.wav,0,2,2,2,0.010805848,0.00021716187,0.98791647,7.186853e-05,0.0009887137
asthma_v2_copd_P18COPDPr_139.wav,0,2,2,2,0.007735554,0.00028060682,0.9889637,6.888361e-05,0.002951301
asthma_v2_copd_P18COPDPr_141.wav,0,2,2,2,0.0013203527,0.00014867431,0.9976173,0.00013152696,0.0007820906
asthma_v2_copd_P18COPDPr_143.wav,0,2,2,2,0.000112931775,0.000398444,0.99869555,0.0004591117,0.00033404716
asthma_v2_copd_P28COPDMc_218.wav,0,2,2,2,0.00068937585,0.0024917026,0.9939038,0.0010071537,0.0019078793
asthma_v2_copd_P28COPDMc_220.wav,0,2,2,2,0.0011444846,0.0016048084,0.9936474,0.0011099196,0.0024933938
asthma_v2_copd_P28COPDMc_222.wav,0,2,2,2,0.0002253001,0.0015395324,0.9943197,0.0031879977,0.0007274802
asthma_v2_copd_P28COPDMc_224.wav,0,2,2,2,0.00028568628,0.0003856546,0.99719787,0.0005573485,0.0015734625
asthma_v2_copd_P28COPDPr_217.wav,0,2,2,2,0.0003953601,0.0012940217,0.9970535,0.0002333034,0.0010237648
asthma_v2_copd_P28COPDPr_219.wav,0,2,2,2,0.0027650555,0.009607987,0.96710736,0.018229898,0.0022897127
asthma_v2_copd_P28COPDPr_221.wav,0,2,2,2,0.00023295499,0.0070555275,0.9914213,0.00059928955,0.00069085276
asthma_v2_copd_P28COPDPr_223.wav,0,2,2,2,9.8066135e-05,0.0025795856,0.9929918,0.0028382225,0.0014922431
asthma_v2_copd_P29COPDMc_226.wav,0,2,2,2,0.00030554063,0.00046044716,0.9954574,0.0010582318,0.00271839
asthma_v2_copd_P29COPDMc_228.wav,0,2,2,2,0.00018899076,0.0009880107,0.99771947,0.000118293436,0.0009852044
asthma_v2_copd_P29COPDMc_230.wav,0,2,2,2,0.00054570567,0.0014351968,0.9964812,0.00022026015,0.0013176257
asthma_v2_copd_P29COPDMc_232.wav,0,2,2,2,0.0002218548,0.00090191734,0.997241,0.00022086345,0.0014143068
asthma_v2_copd_P29COPDPr_225.wav,0,2,2,2,0.00044598506,0.0004654905,0.99251336,0.0015513229,0.005023784
asthma_v2_copd_P29COPDPr_227.wav,0,2,2,2,0.00032451501,0.0013719376,0.9966558,0.00023323394,0.0014144836
asthma_v2_copd_P29COPDPr_229.wav,0,2,2,2,0.00026397794,0.0010179853,0.9976376,0.0001686725,0.000911768
asthma_v2_copd_P29COPDPr_231.wav,0,2,2,2,0.00021190729,0.0004988466,0.9978169,0.00023281566,0.0012395544
asthma_v2_copd_P30COPDMc_234.wav,0,2,2,2,0.13011111,0.00041148879,0.8203713,0.001056768,0.048049383
asthma_v2_copd_P30COPDMc_236.wav,0,2,2,2,0.0004291323,0.0019814058,0.9952884,0.0005548088,0.0017462857
asthma_v2_copd_P30COPDMc_238.wav,0,2,2,2,0.0003189219,0.0016747214,0.9965228,0.0001105295,0.0013730743
asthma_v2_copd_P30COPDMc_240.wav,0,2,2,2,0.00019752441,0.0006777012,0.99800247,0.00016805585,0.00095428294
asthma_v2_copd_P30COPDPr_233.wav,0,2,2,2,0.1365448,0.0055009844,0.55713034,0.0063420944,0.29448178
asthma_v2_copd_P30COPDPr_235.wav,0,2,2,4,0.009417415,0.00026104916,0.24592514,0.002449392,0.741947
asthma_v2_copd_P30COPDPr_237.wav,0,2,2,2,0.00027958088,0.0019981288,0.9962359,0.00013797241,0.0013483916
asthma_v2_copd_P30COPDPr_239.wav,0,2,2,2,0.00038588248,0.00069713476,0.99664056,0.0005315383,0.0017448759
asthma_v2_copd_P47COPDMc_370.wav,0,2,2,2,0.0032403436,0.0087211,0.9855047,0.0011174639,0.0014164165
asthma_v2_copd_P47COPDMc_372.wav,0,2,2,0,0.5234082,0.121673495,0.31240678,0.029633824,0.012877714
asthma_v2_copd_P47COPDMc_374.wav,0,2,2,2,0.0001535947,0.0010205855,0.9955491,0.0020113222,0.0012654137
asthma_v2_copd_P47COPDMc_376.wav,0,2,2,2,0.00013262976,0.0012072871,0.9972362,0.0010785655,0.00034535825
asthma_v2_copd_P47COPDPr_369.wav,0,2,2,2,0.0052566472,0.009646038,0.9560275,0.0032915794,0.025778314
asthma_v2_copd_P47COPDPr_371.wav,0,2,2,2,0.18360011,0.008044731,0.75464725,0.0074613527,0.04624654
asthma_v2_copd_P47COPDPr_373.wav,0,2,2,2,0.00462677,0.0026659304,0.99069107,0.0015684862,0.0004476877
asthma_v2_copd_P47COPDPr_375.wav,0,2,2,2,0.00018295644,0.0012138344,0.9979334,0.0003931601,0.00027676573
asthma_v2_copd_P49COPDMc_386.wav,0,2,2,2,0.0005364613,0.002775446,0.9954978,0.0010709291,0.0001193158
asthma_v2_copd_P49COPDMc_388.wav,0,2,2,2,0.0002746535,0.0008644927,0.998014,0.0007425176,0.000104412364
asthma_v2_copd_P49COPDMc_390.wav,0,2,2,2,0.00011168122,0.001829773,0.9967154,0.0011722407,0.00017090104
asthma_v2_copd_P49COPDMc_392.wav,0,2,2,2,0.0003415869,0.0153626865,0.9754911,0.0075928294,0.0012118348
asthma_v2_copd_P49COPDPr_385.wav,0,2,2,2,0.000288027,0.0005325749,0.9982181,0.0006474594,0.00031378484
asthma_v2_copd_P49COPDPr_387.wav,0,2,2,2,0.0001752629,0.0010621212,0.9982856,0.00040594148,7.105201e-05
asthma_v2_copd_P49COPDPr_389.wav,0,2,2,2,0.00049770967,0.0014677772,0.9965154,0.0014194298,9.972293e-05
asthma_v2_copd_P49COPDPr_391.wav,0,2,2,2,0.00019344706,0.00079408614,0.99665904,0.0018000297,0.0005534291
asthma_v2_copd_P4COPDMc_26.wav,0,2,2,2,0.0011703627,0.0004529998,0.9978479,0.00033379355,0.00019500426
asthma_v2_copd_P4COPDMc_28.wav,0,2,2,2,0.00018573331,0.00035719082,0.99852884,0.00049447967,0.00043370348
asthma_v2_copd_P4COPDMc_30.wav,0,2,2,2,0.00377043,0.0021699169,0.9932989,0.00046566283,0.00029509192
asthma_v2_copd_P4COPDMc_32.wav,0,2,2,2,0.16656537,0.0023337372,0.82996756,0.00036609563,0.00076727197
asthma_v2_copd_P4COPDPr_25.wav,0,2,2,2,0.004158922,0.00027971345,0.97880983,0.0009338938,0.015817555
asthma_v2_copd_P4COPDPr_27.wav,0,2,2,2,0.0014832586,0.0002555445,0.9926398,0.00038645667,0.0052350136
asthma_v2_copd_P4COPDPr_29.wav,0,2,2,2,0.00638395,0.0075943847,0.9747353,0.008548219,0.0027380933
asthma_v2_copd_P4COPDPr_31.wav,0,2,2,2,0.0016357629,0.00050735805,0.9974209,0.00023566399,0.00020029405
asthma_v2_copd_P51COPDPr_401.wav,0,2,2,2,9.505626e-05,0.004732203,0.9937815,0.0010711851,0.00032003908
asthma_v2_copd_P8COPDMc_58.wav,0,2,2,2,0.0042134123,0.0008890562,0.9944905,0.0002262473,0.0001807741
asthma_v2_copd_P8COPDMc_60.wav,0,2,2,2,0.0022509883,0.004593476,0.992855,0.00019912519,0.00010141902
asthma_v2_copd_P8COPDMc_62.wav,0,2,2,2,0.00041600378,0.00079796853,0.9979608,0.00020427145,0.0006209579
asthma_v2_copd_P8COPDMc_64.wav,0,2,2,2,0.0033025763,0.00048947724,0.99517775,0.00014900356,0.0008811897
asthma_v2_copd_P8COPDPr_57.wav,0,2,2,2,0.0029732524,0.00026154914,0.99602413,0.00028879158,0.0004522741
asthma_v2_copd_P8COPDPr_59.wav,0,2,2,2,0.00027693494,0.0004897422,0.99845016,0.00031185814,0.0004712606
asthma_v2_copd_P8COPDPr_61.wav,0,2,2,2,0.0027967717,0.0006516216,0.99609536,9.729159e-05,0.00035895972
asthma_v2_copd_P8COPDPr_63.wav,0,2,2,2,0.0016725532,0.00023618652,0.9959442,0.00019174819,0.0019554063
asthma_v2_healthy_P17Healthy22S.wav,0,2,3,4,0.027219903,0.0006563688,0.00032107448,0.023718668,0.94808394
asthma_v2_healthy_P17Healthy35S.wav,0,2,3,4,0.014433413,0.0017339704,0.0044583655,0.045453638,0.93392056
asthma_v2_healthy_P17Healthy58S.wav,0,2,3,3,0.006522808,0.007392614,0.13333827,0.83864504,0.014101311
asthma_v2_healthy_P17Healthy71S.wav,0,2,3,3,0.0021389078,0.0019088299,0.0226028,0.8977374,0.07561215
asthma_v2_healthy_P17Healthy83S.wav,0,2,3,3,0.004971528,0.012073438,0.12386415,0.8226737,0.036417156
asthma_v2_healthy_P18Healthy17S.wav,0,2,3,3,0.005231765,0.005677912,0.3370619,0.59479046,0.057237953
asthma_v2_healthy_P18Healthy46S.wav,0,2,3,3,0.096590966,0.29406685,0.03715822,0.3263279,0.24585602
asthma_v2_healthy_P18Healthy59S.wav,0,2,3,3,0.034626238,0.29975682,0.0023514165,0.58979857,0.07346699
asthma_v2_healthy_P18Healthy79S.wav,0,2,3,3,0.004044758,0.0052379966,0.1287381,0.7988934,0.06308583
asthma_v2_healthy_P18Healthy98S.wav,0,2,3,3,0.08887565,0.1916427,0.2688137,0.39166266,0.05900532
asthma_v2_healthy_P22Healthy36S.wav,0,2,3,3,0.0006776729,0.0018019736,0.00085092784,0.9953518,0.0013175544
asthma_v2_healthy_P22Healthy45S.wav,0,2,3,3,0.16157937,0.031757437,0.0057084584,0.76291955,0.03803518
asthma_v2_healthy_P22Healthy50S.wav,0,2,3,3,0.29282442,0.028304804,0.020771313,0.52601516,0.13208431
asthma_v2_healthy_P22Healthy88S.wav,0,2,3,0,0.63007146,0.004680668,0.0024559456,0.084556736,0.2782352
asthma_v2_healthy_P22Healthy94S.wav,0,2,3,3,0.039678045,0.0016574685,0.0017204179,0.63975257,0.3171916
asthma_v2_healthy_P23Healthy14S.wav,0,2,3,0,0.63007146,0.004680668,0.0024559456,0.084556736,0.2782352
asthma_v2_healthy_P23Healthy24S.wav,0,2,3,3,0.011657113,0.0007784689,0.0005277335,0.77258444,0.2144522
asthma_v2_healthy_P23Healthy72S.wav,0,2,3,3,0.0028876504,0.00360771,0.0025961343,0.9814295,0.009478965
asthma_v2_healthy_P23Healthy97S.wav,0,2,3,3,0.011657113,0.0007784689,0.0005277335,0.77258444,0.2144522
asthma_v2_healthy_P23Healthy98S.wav,0,2,3,3,0.0028876504,0.00360771,0.0025961343,0.9814295,0.009478965
asthma_v2_healthy_P8Healthy33S.wav,0,2,3,3,0.0032220832,0.0043214527,0.004364889,0.86740154,0.120689996
asthma_v2_healthy_P8Healthy35S.wav,0,2,3,3,0.0007851134,0.0023494244,0.006077055,0.86890846,0.12187993
asthma_v2_healthy_P8Healthy48S.wav,0,2,3,3,0.0024689552,0.018583646,0.01446084,0.94993156,0.014554972
asthma_v2_healthy_P8Healthy70S.wav,0,2,3,3,0.0012440488,0.06812459,0.04082538,0.8753599,0.014446008
asthma_v2_healthy_P8Healthy82S.wav,0,2,3,3,0.00047185618,0.03136405,0.027771065,0.9342206,0.0061724037
asthma_v2_pneumonia_P11Pneumonia12W.wav,0,2,4,4,0.0052259406,0.00014206581,0.018759169,0.004253407,0.97161937
asthma_v2_pneumonia_P11Pneumonia18T.wav,0,2,4,4,0.14585817,0.0007051257,0.027546676,0.0012100923,0.82467985
asthma_v2_pneumonia_P11Pneumonia41N.wav,0,2,4,4,0.019181753,0.0002806155,0.0049324925,0.0021043706,0.97350085
asthma_v2_pneumonia_P11Pneumonia58A.wav,0,2,4,4,0.06926188,0.00015368444,0.020456037,0.0028727741,0.90725565
asthma_v2_pneumonia_P11Pneumonia65P.wav,0,2,4,4,0.009844234,0.00014789958,0.00710795,0.0021178778,0.98078203
asthma_v2_pneumonia_P11Pneumonia98J.wav,0,2,4,4,0.034203246,0.00041285864,0.07835376,0.019918732,0.8671114
asthma_v2_pneumonia_P15Pneumonia12I.wav,0,2,4,4,0.0018366955,0.00023125556,0.005078069,0.0012401858,0.99161375
asthma_v2_pneumonia_P15Pneumonia16R.wav,0,2,4,4,0.0038151986,0.00019514142,0.0032216245,0.0020079343,0.9907601
asthma_v2_pneumonia_P15Pneumonia39Y.wav,0,2,4,4,0.0030939486,2.383567e-05,6.073049e-05,0.0017363492,0.9950852
asthma_v2_pneumonia_P15Pneumonia56Z.wav,0,2,4,4,0.15640809,0.0009955436,0.0040884796,0.0028504934,0.8356573
asthma_v2_pneumonia_P15Pneumonia58S.wav,0,2,4,4,0.0030365598,3.8729428e-05,6.7759785e-05,0.007719103,0.9891378
asthma_v2_pneumonia_P15Pneumonia81V.wav,0,2,4,4,0.37314963,0.0013562281,0.00050928636,0.013272897,0.611712
asthma_v2_pneumonia_P19Pneumonia24H.wav,0,2,4,4,0.2972282,0.0014316948,0.00024637676,0.009582556,0.69151115
asthma_v2_pneumonia_P19Pneumonia33O.wav,0,2,4,4,0.017480927,0.00020901416,7.531997e-05,0.008125672,0.974109
asthma_v2_pneumonia_P19Pneumonia39Z.wav,0,2,4,4,0.002864809,5.034554e-05,7.37391e-05,0.011851389,0.9851597
asthma_v2_pneumonia_P19Pneumonia41U.wav,0,2,4,4,0.16780476,0.0021367401,0.0065099495,0.0014589517,0.8220896
asthma_v2_pneumonia_P19Pneumonia75B.wav,0,2,4,4,0.010722701,0.00061546173,0.00016071922,0.12817308,0.8603281
asthma_v2_pneumonia_P19Pneumonia90X.wav,0,2,4,3,0.023640402,0.01774603,0.0014639873,0.4854767,0.4716729
asthma_v2_pneumonia_P26Pneumonia12X.wav,0,2,4,4,0.0737639,0.0009331733,0.00076622,0.028029168,0.8965075
asthma_v2_pneumonia_P26Pneumonia66S.wav,0,2,4,4,0.10255873,0.00058153237,0.0020597284,0.0249349,0.86986506
asthma_v2_pneumonia_P26Pneumonia72P.wav,0,2,4,4,0.45599964,0.0007504602,0.0009018758,0.019611971,0.5227361
asthma_v2_pneumonia_P26Pneumonia83Z.wav,0,2,4,4,0.0023863732,5.5260873e-05,0.0033439228,0.0067462735,0.98746824
asthma_v2_pneumonia_P26Pneumonia84P.wav,0,2,4,4,0.049056377,0.0009874826,0.036020357,0.10294233,0.81099343
asthma_v2_pneumonia_P26Pneumonia89E.wav,0,2,4,4,0.011092173,4.2133972e-05,0.00014855436,0.018561661,0.97015554
asthma_v2_pneumonia_P31Pneumonia14Q.wav,0,2,4,4,0.0019250456,0.00014313549,0.00032200207,0.010815966,0.9867938
asthma_v2_pneumonia_P31Pneumonia16C.wav,0,2,4,4,0.001372871,7.584328e-05,0.00015350657,0.0070104985,0.9913872
asthma_v2_pneumonia_P31Pneumonia43V.wav,0,2,4,4,0.0028240732,0.00086042425,0.0021245326,0.0032926202,0.9908983
asthma_v2_pneumonia_P31Pneumonia47D.wav,0,2,4,4,0.006601034,2.140295e-05,0.0001428337,0.00491925,0.9883156
asthma_v2_pneumonia_P31Pneumonia47J.wav,0,2,4,4,0.034755334,0.00023753665,0.0013060923,0.0043521924,0.9593488
asthma_v2_pneumonia_P31Pneumonia92I.wav,0,2,4,4,0.06529032,0.0005974759,0.0038996676,0.020298012,0.90991455
asthma_v2_pneumonia_P35Pneumonia16F.wav,0,2,4,4,0.0031835863,0.00011328741,5.1898176e-05,0.021893974,0.97475725
asthma_v2_pneumonia_P35Pneumonia46U.wav,0,2,4,4,0.082499616,0.00046123768,0.005148337,0.0055094003,0.9063814
asthma_v2_pneumonia_P35Pneumonia56D.wav,0,2,4,4,0.033856545,0.0005615627,0.00018037322,0.013814805,0.9515867
asthma_v2_pneumonia_P35Pneumonia57I.wav,0,2,4,4,0.011462145,0.00020952776,0.00021549714,0.034117144,0.9539957
asthma_v2_pneumonia_P35Pneumonia75E.wav,0,2,4,4,0.012242205,0.000112266986,7.313453e-05,0.006051013,0.9815214
asthma_v2_pneumonia_P35Pneumonia99V.wav,0,2,4,4,0.026167098,0.0003752696,0.0020072,0.0034438793,0.9680066
asthma_v2_pneumonia_P3Pneumonia41L.wav,0,2,4,4,0.004549141,0.00020237637,0.0026343819,0.0040653264,0.98854876
asthma_v2_pneumonia_P3Pneumonia54K.wav,0,2,4,4,0.0074918135,0.0002833339,0.013901708,0.0071710534,0.9711521
asthma_v2_pneumonia_P3Pneumonia61R.wav,0,2,4,4,0.009173838,0.00080027734,0.21514073,0.015308793,0.75957644
asthma_v2_pneumonia_P3Pneumonia74F.wav,0,2,4,4,0.00790992,0.00097687,0.046772994,0.001293613,0.9430467
asthma_v2_pneumonia_P3Pneumonia75Z.wav,0,2,4,2,0.007697139,0.0050862273,0.8979314,0.02744335,0.06184188
asthma_v2_pneumonia_P3Pneumonia96L.wav,0,2,4,4,0.031695776,0.00368413,0.007865287,0.003954197,0.95280063
asthma_v2_pneumonia_P46Pneumonia15W.wav,0,2,4,3,0.0150442645,0.008351099,0.099566646,0.7248444,0.15219368
asthma_v2_pneumonia_P46Pneumonia22V.wav,0,2,4,2,0.2436742,0.013784693,0.54577076,0.023562966,0.1732074
asthma_v2_pneumonia_P46Pneumonia49D.wav,0,2,4,4,0.12984973,0.0009384632,0.04863363,0.103799656,0.7167785
asthma_v2_pneumonia_P46Pneumonia80D.wav,0,2,4,0,0.63823235,0.0064209285,0.007470086,0.040116593,0.3077601
asthma_v2_pneumonia_P46Pneumonia95A.wav,0,2,4,4,0.011567579,0.0026793738,0.0051083886,0.03583809,0.9448065
asthma_v2_pneumonia_P46Pneumonia99Y.wav,0,2,4,4,0.013213125,0.0025561575,0.31642947,0.29660115,0.37120014
asthma_v2_pneumonia_P48Pneumonia31K.wav,0,2,4,0,0.63823235,0.0064209285,0.007470086,0.040116593,0.3077601
asthma_v2_pneumonia_P48Pneumonia61T.wav,0,2,4,2,0.2436742,0.013784693,0.54577076,0.023562966,0.1732074
asthma_v2_pneumonia_P48Pneumonia82Z.wav,0,2,4,4,0.011567579,0.0026793738,0.0051083886,0.03583809,0.9448065
asthma_v2_pneumonia_P8Pneumonia11O.wav,0,2,4,3,0.00034334787,0.00071385247,0.00014782362,0.9957743,0.0030206246
asthma_v2_pneumonia_P8Pneumonia14Z.wav,0,2,4,3,0.0010005189,0.0008238352,0.0008840979,0.9962135,0.0010780582
asthma_v2_pneumonia_P8Pneumonia16Z.wav,0,2,4,4,0.07630348,0.0014206637,0.0001689992,0.11676158,0.80534536
asthma_v2_pneumonia_P8Pneumonia20O.wav,0,2,4,4,0.0043938984,0.00013210495,0.005211165,0.00074706454,0.9895158
asthma_v2_pneumonia_P8Pneumonia23N.wav,0,2,4,3,0.006774326,0.0039084023,0.0007686368,0.97788846,0.010660175
asthma_v2_pneumonia_P8Pneumonia28V.wav,0,2,4,4,0.008077863,0.0001521552,0.0004011423,0.027176846,0.964192
asthma_v2_Bronchial_P15BronchialSc_72.wav,0,3,1,1,0.0003208114,0.9989511,0.00034065067,0.00036039468,2.7036871e-05
asthma_v2_Bronchial_P15BronchialSc_74.wav,0,3,1,1,0.00040527873,0.98305583,0.007890134,0.008603545,4.5214503e-05
asthma_v2_Bronchial_P15BronchialTc_71.wav,0,3,1,1,0.00085610116,0.99502546,0.0019233403,0.002131843,6.315845e-05
asthma_v2_Bronchial_P15BronchialTc_73.wav,0,3,1,1,0.00039219233,0.99400735,0.0030510665,0.002517831,3.161177e-05
asthma_v2_Bronchial_P15BronchialTc_75.wav,0,3,1,1,0.06459337,0.71912813,0.03507719,0.17613626,0.0050650327
asthma_v2_Bronchial_P21BronchialSc_102.wav,0,3,1,4,0.008545387,0.0019228385,0.00028486617,0.07266482,0.9165821
asthma_v2_Bronchial_P21BronchialSc_104.wav,0,3,1,4,0.057919998,0.00560398,0.0013864812,0.24728073,0.68780875
asthma_v2_Bronchial_P21BronchialTc_101.wav,0,3,1,1,0.0019329967,0.9877566,0.0010027619,0.009104952,0.00020260103
asthma_v2_Bronchial_P21BronchialTc_103.wav,0,3,1,4,0.052969553,0.018794006,0.0013338745,0.1957134,0.7311892
asthma_v2_Bronchial_P5BronchialSc_22.wav,0,3,1,1,0.0008784442,0.55669165,0.40697882,0.035354245,9.682548e-05
asthma_v2_Bronchial_P5BronchialSc_24.wav,0,3,1,1,0.0004905783,0.9322327,0.04992069,0.017291695,6.436224e-05
asthma_v2_Bronchial_P5BronchialTc_21.wav,0,3,1,2,0.0010833016,0.034623984,0.95656455,0.0071170223,0.00061115384
asthma_v2_Bronchial_P5BronchialTc_23.wav,0,3,1,2,0.0003773335,0.13599528,0.8496974,0.013834974,9.498351e-05
asthma_v2_Bronchial_P5BronchialTc_25.wav,0,3,1,1,0.0010589717,0.9980767,0.00012848071,0.00044952807,0.00028633425
asthma_v2_asthma_P12WheezingIE_57.wav,0,3,0,0,0.6538211,0.0027199984,0.016210373,0.00074935966,0.32649922
asthma_v2_asthma_P12WheezingIU_58.wav,0,3,0,0,0.94623446,0.0007801961,0.0042101853,0.00011140226,0.048663843
asthma_v2_asthma_P12WheezingRL_59.wav,0,3,0,4,0.022799265,0.0001144396,0.0018424719,0.0010752457,0.97416866
asthma_v2_asthma_P12WheezingRS_56.wav,0,3,0,0,0.94234276,0.00085559045,0.005446615,8.951179e-05,0.051265553
asthma_v2_asthma_P12WheezingRS_60.wav,0,3,0,0,0.4293814,0.39666194,0.0010145433,0.024523884,0.14841822
asthma_v2_asthma_P18WheezingIE_89.wav,0,3,0,0,0.98539853,0.0077786203,0.004862994,4.8262682e-05,0.0019115595
asthma_v2_asthma_P18WheezingIU_86.wav,0,3,0,0,0.86752325,0.0019554403,0.004511962,0.0002306137,0.12577873
asthma_v2_asthma_P18WheezingIU_90.wav,0,3,0,0,0.98713857,0.002338659,0.0013415413,0.00013216732,0.009049059
asthma_v2_asthma_P18WheezingRL_87.wav,0,3,0,1,0.36679348,0.58525866,0.0017554311,0.0042175907,0.04197494
asthma_v2_asthma_P18WheezingRS_88.wav,0,3,0,0,0.97087395,0.003558637,0.0002524471,0.00016375241,0.025151256
asthma_v2_asthma_P1AsthmaIE_1.wav,0,3,0,0,0.9944384,0.0021165193,0.0005515405,5.8445963e-05,0.0028350588
asthma_v2_asthma_P1AsthmaIE_5.wav,0,3,0,0,0.9769007,0.016577095,0.0014741737,0.00019928618,0.0048487545
asthma_v2_asthma_P1AsthmaIU_2.wav,0,3,0,0,0.98704976,0.003270362,0.0010897698,0.00011347986,0.008476567
asthma_v2_asthma_P1AsthmaRL_3.wav,0,3,0,0,0.86485624,0.0061829765,0.015274589,0.0033534802,0.11033278
asthma_v2_asthma_P1AsthmaRS_4.wav,0,3,0,0,0.97802097,0.0059542083,0.0063951835,0.0001122933,0.009517466
asthma_v2_asthma_P25WheezingIE_121.wav,0,3,0,0,0.9865053,0.00325009,0.00069850736,3.1261727e-05,0.00951471
asthma_v2_asthma_P25WheezingIE_125.wav,0,3,0,0,0.91985345,0.0028968868,0.0041739508,0.00011054305,0.07296524
asthma_v2_asthma_P25WheezingIU_122.wav,0,3,0,0,0.69929904,0.011982898,0.26401472,0.00037568857,0.024327742
asthma_v2_asthma_P25WheezingRL_123.wav,0,3,0,4,0.40488845,0.0009701925,0.10886409,0.00049734383,0.48477995
asthma_v2_asthma_P25WheezingRS_124.wav,0,3,0,0,0.9886602,0.0009531952,0.00396685,5.286902e-05,0.0063668545
asthma_v2_asthma_P33WheezingIE_161.wav,0,3,0,0,0.8846369,0.0018732628,0.0021210075,0.0002570952,0.11111173
asthma_v2_asthma_P33WheezingIE_165.wav,0,3,0,0,0.99028075,0.0049793585,0.0006954324,6.0132737e-05,0.0039842846
asthma_v2_asthma_P33WheezingIU_162.wav,0,3,0,0,0.8531033,0.0026835024,0.0005032174,0.00020752908,0.14350247
asthma_v2_asthma_P33WheezingRL_163.wav,0,3,0,0,0.94375324,0.0040287003,0.002093074,0.0003990135,0.049726035
asthma_v2_asthma_P33WheezingRS_164.wav,0,3,0,0,0.9906523,0.0012340365,0.00047082617,2.156428e-05,0.007621288
asthma_v2_asthma_P3AsthmaIE_13.wav,0,3,0,1,0.12596285,0.8168689,0.00086470926,0.030756472,0.025547119
asthma_v2_asthma_P3AsthmaIU_14.wav,0,3,0,0,0.9038671,0.03373316,0.00052871334,0.004420503,0.05745058
asthma_v2_asthma_P3AsthmaRL_11.wav,0,3,0,0,0.9480697,0.03402257,0.00066127034,0.0022707174,0.014975805
asthma_v2_asthma_P3AsthmaRL_15.wav,0,3,0,0,0.97092414,0.00069679733,0.00083673105,0.00023036748,0.027311957
asthma_v2_asthma_P3AsthmaRS_12.wav,0,3,0,0,0.95978796,0.0018527029,0.0022572037,0.0010327088,0.035069417
asthma_v2_asthma_P40WheezingIE_197.wav,0,3,0,0,0.9454649,0.009083104,0.03686541,0.00024153607,0.008345014
asthma_v2_asthma_P40WheezingIU_198.wav,0,3,0,0,0.96812594,0.013346116,0.016809097,0.00020033975,0.0015185847
asthma_v2_asthma_P40WheezingRL_199.wav,0,3,0,0,0.9934684,0.002673467,0.0020728766,5.445808e-05,0.0017307907
asthma_v2_asthma_P40WheezingRS_196.wav,0,3,0,0,0.97521836,0.009434124,0.008952721,0.00010059572,0.0062941923
asthma_v2_asthma_P40WheezingRS_200.wav,0,3,0,0,0.9828903,0.007607906,0.0038802114,1.8514127e-05,0.0056030643
asthma_v2_asthma_P42WheezingIE_209.wav,0,3,0,2,0.055510752,0.0012417033,0.9242083,0.00015422498,0.018885028
asthma_v2_asthma_P42WheezingIU_206.wav,0,3,0,0,0.811388,0.0069276253,0.17931895,0.0014020047,0.000963417
asthma_v2_asthma_P42WheezingIU_210.wav,0,3,0,0,0.8097246,0.0017321582,0.1775328,0.00045777482,0.010552685
asthma_v2_asthma_P42WheezingRL_207.wav,0,3,0,0,0.98526,0.0055665383,0.005275326,6.279876e-05,0.0038352634
asthma_v2_asthma_P42WheezingRS_208.wav,0,3,0,2,0.015307079,0.001443246,0.98126924,0.000120668024,0.0018598011
asthma_v2_asthma_P50WheezingIE_249.wav,0,3,0,0,0.97547066,0.0030740418,0.009127284,0.000101263075,0.012226728
asthma_v2_asthma_P50WheezingIU_246.wav,0,3,0,0,0.85642385,0.0085633965,0.057204753,0.00054907775,0.07725896
asthma_v2_asthma_P50WheezingIU_250.wav,0,3,0,0,0.9520197,0.0024350025,0.016144514,0.0002518655,0.02914896
asthma_v2_asthma_P50WheezingRL_247.wav,0,3,0,0,0.7681957,0.004885492,0.036652736,0.0005444565,0.18972158
asthma_v2_asthma_P50WheezingRS_248.wav,0,3,0,0,0.96348995,0.018619565,0.0041129524,0.0006522286,0.01312533
asthma_v2_asthma_P55WheezingIE_273.wav,0,3,0,4,0.13854495,0.0062685744,0.0027102407,0.31280056,0.5396757
asthma_v2_asthma_P55WheezingIU_274.wav,0,3,0,4,0.21290652,0.0035783572,0.025449326,0.064995825,0.69307
asthma_v2_asthma_P55WheezingRL_271.wav,0,3,0,3,0.19437674,0.12250041,0.0045020673,0.6089517,0.0696691
asthma_v2_asthma_P55WheezingRL_275.wav,0,3,0,3,0.24915634,0.055697814,0.03415533,0.61674213,0.044248417
asthma_v2_asthma_P55WheezingRS_272.wav,0,3,0,0,0.70644087,0.0017101829,0.11202193,0.0751532,0.10467375
asthma_v2_asthma_P56WheezingIE_277.wav,0,3,0,3,0.023975592,0.019962467,0.0048313695,0.70734614,0.24388449
asthma_v2_asthma_P56WheezingIU_278.wav,0,3,0,3,0.07700576,0.021515662,0.004806747,0.8322997,0.0643721
asthma_v2_asthma_P56WheezingRL_279.wav,0,3,0,3,0.31099313,0.021870004,0.005489353,0.44093767,0.22070983
asthma_v2_asthma_P56WheezingRS_276.wav,0,3,0,3,0.0697586,0.01658613,0.0042577074,0.8013691,0.10802847
asthma_v2_asthma_P56WheezingRS_280.wav,0,3,0,3,0.16523005,0.30254966,0.033864345,0.49193606,0.0064198077
asthma_v2_asthma_P8AsthmaIE_37.wav,0,3,0,0,0.9213152,0.06326066,0.0033515708,0.001078703,0.010993891
asthma_v2_asthma_P8AsthmaIU_38.wav,0,3,0,0,0.99361247,0.0024714058,0.0019287633,3.1360778e-05,0.0019558757
asthma_v2_asthma_P8AsthmaRL_39.wav,0,3,0,0,0.9959501,0.0005190218,0.0010122675,6.050982e-05,0.0024580772
asthma_v2_asthma_P8AsthmaRS_36.wav,0,3,0,0,0.90842193,0.020352295,0.030457107,0.00025849746,0.040510166
asthma_v2_asthma_P8AsthmaRS_40.wav,0,3,0,0,0.91610986,0.0011032171,0.0006860989,0.00047051473,0.081630416
asthma_v2_asthma_P9AsthmaIE_41.wav,0,3,0,4,0.055292632,0.00054793584,0.0060286135,0.002611935,0.9355189
asthma_v2_asthma_P9AsthmaIE_45.wav,0,3,0,0,0.9466662,0.045108657,0.001201403,0.0010405153,0.0059831254
asthma_v2_asthma_P9AsthmaIU_42.wav,0,3,0,0,0.9691683,0.0032777144,0.0052611167,0.00015822209,0.022134671
asthma_v2_asthma_P9AsthmaRL_43.wav,0,3,0,0,0.97181016,0.011385083,0.008728638,0.00015461679,0.007921493
asthma_v2_asthma_P9AsthmaRS_44.wav,0,3,0,1,0.22995892,0.7470039,0.003223046,0.00492917,0.014884948
asthma_v2_copd_P11COPDMc_82.wav,0,3,2,2,0.13300857,0.003788006,0.8570219,0.00031768729,0.005863738
asthma_v2_copd_P11COPDMc_84.wav,0,3,2,0,0.52689904,0.02511423,0.44046375,0.00040070468,0.0071222223
asthma_v2_copd_P11COPDMc_86.wav,0,3,2,2,0.102910854,0.002517406,0.87710834,0.0013523183,0.016111115
asthma_v2_copd_P11COPDMc_88.wav,0,3,2,2,0.09909314,0.0011347246,0.89844745,0.00014695291,0.0011777037
asthma_v2_copd_P11COPDPr_81.wav,0,3,2,2,0.034001596,0.0012650179,0.9616597,0.00018421221,0.0028893515
asthma_v2_copd_P11COPDPr_83.wav,0,3,2,2,0.05431731,0.005611322,0.8900663,0.0016973981,0.048307743
asthma_v2_copd_P11COPDPr_85.wav,0,3,2,4,0.1008113,0.004980257,0.3903751,0.0055536083,0.4982796
asthma_v2_copd_P11COPDPr_87.wav,0,3,2,0,0.5452293,0.33286074,0.11632015,0.00067198894,0.004917745
asthma_v2_copd_P19COPDMc_146.wav,0,3,2,2,0.0488537,0.01483408,0.8161979,0.074289896,0.045824517
asthma_v2_copd_P19COPDMc_148.wav,0,3,2,2,0.124487504,0.3056119,0.5234062,0.03927504,0.007219375
asthma_v2_copd_P19COPDMc_150.wav,0,3,2,2,0.009303556,0.0019280539,0.97526985,0.005454774,0.00804377
asthma_v2_copd_P19COPDMc_152.wav,0,3,2,2,8.759309e-05,0.0012936257,0.99793196,0.0005968276,9.007647e-05
asthma_v2_copd_P19COPDPr_145.wav,0,3,2,1,0.0002967265,0.9840703,0.012577324,0.0029755482,8.002082e-05
asthma_v2_copd_P19COPDPr_147.wav,0,3,2,2,0.04167627,0.04379546,0.8946782,0.011383515,0.008466556
asthma_v2_copd_P19COPDPr_149.wav,0,3,2,2,0.021396557,0.009764692,0.9509247,0.0055985795,0.012315425
asthma_v2_copd_P19COPDPr_151.wav,0,3,2,1,0.019130982,0.89078766,0.053541,0.03162321,0.004917157
asthma_v2_copd_P21COPDMc_162.wav,0,3,2,2,0.00030440526,0.00366633,0.9945268,0.0014707218,3.1664327e-05
asthma_v2_copd_P21COPDMc_164.wav,0,3,2,2,0.29777822,0.092798926,0.58135897,0.013097412,0.014966501
asthma_v2_copd_P21COPDMc_166.wav,0,3,2,2,0.11316423,0.01825634,0.8224057,0.008068798,0.03810494
asthma_v2_copd_P21COPDMc_168.wav,0,3,2,2,0.00018335413,0.0052099945,0.96936125,0.023195582,0.0020497818
asthma_v2_copd_P21COPDPr_161.wav,0,3,2,2,0.0009296744,0.013168698,0.98202604,0.0036694983,0.00020614175
asthma_v2_copd_P21COPDPr_163.wav,0,3,2,2,0.00023835192,0.0017343418,0.9947973,0.0032075164,2.2528528e-05
asthma_v2_copd_P21COPDPr_165.wav,0,3,2,2,0.29807416,0.10226569,0.5416193,0.012826212,0.045214668
asthma_v2_copd_P21COPDPr_167.wav,0,3,2,2,0.00026382582,0.00036490796,0.9979931,0.0006161902,0.000761936
asthma_v2_copd_P26COPDMc_202.wav,0,3,2,2,7.187758e-05,0.00024436123,0.99940526,0.00015127585,0.00012717157
asthma_v2_copd_P26COPDMc_204.wav,0,3,2,2,4.689414e-05,0.00069777144,0.99878496,0.00042326617,4.7221205e-05
asthma_v2_copd_P26COPDMc_206.wav,0,3,2,2,0.055214144,0.045795914,0.8933676,0.0023748558,0.0032475728
asthma_v2_copd_P26COPDMc_208.wav,0,3,2,2,0.015058246,0.13614175,0.8105621,0.025349604,0.012888332
asthma_v2_copd_P26COPDPr_201.wav,0,3,2,2,9.918322e-05,0.0006588233,0.9986052,0.00038236714,0.0002545372
asthma_v2_copd_P26COPDPr_203.wav,0,3,2,2,0.000112749556,0.0003253084,0.9990983,0.00033182107,0.00013192563
asthma_v2_copd_P26COPDPr_205.wav,0,3,2,2,6.14438e-05,0.0005834988,0.9984659,0.0007748529,0.00011437176
asthma_v2_copd_P26COPDPr_207.wav,0,3,2,2,0.01816928,0.011216496,0.9610369,0.0037973225,0.005779944
asthma_v2_copd_P2COPDMc_10.wav,0,3,2,2,0.0004628648,0.00014135176,0.99402,0.0046860483,0.0006898082
asthma_v2_copd_P2COPDMc_12.wav,0,3,2,0,0.6160653,0.03516376,0.34624252,0.00019968548,0.0023286575
asthma_v2_copd_P2COPDMc_14.wav,0,3,2,0,0.7930763,0.017627696,0.18805829,0.00053787057,0.0006998953
asthma_v2_copd_P2COPDMc_16.wav,0,3,2,0,0.90725476,0.008776227,0.07344972,0.0002074185,0.010311886
asthma_v2_copd_P2COPDPr_11.wav,0,3,2,0,0.5510755,0.16229485,0.23708108,0.001988867,0.04755967
asthma_v2_copd_P2COPDPr_13.wav,0,3,2,2,0.04972962,0.001362665,0.947818,0.00015128475,0.0009385133
asthma_v2_copd_P2COPDPr_15.wav,0,3,2,0,0.92322034,0.021792894,0.05300994,0.00021212599,0.0017647329
asthma_v2_copd_P2COPDPr_9.wav,0,3,2,2,0.00059676584,0.00043288904,0.99381196,0.004902294,0.0002561426
asthma_v2_copd_P34COPDMc_266.wav,0,3,2,1,0.0014177687,0.97110164,0.026227348,0.0010978881,0.00015537231
asthma_v2_copd_P34COPDMc_268.wav,0,3,2,1,0.015891267,0.45343572,0.33735767,0.013089396,0.18022601
asthma_v2_copd_P34COPDMc_270.wav,0,3,2,1,0.0031749133,0.5912453,0.40082195,0.0034200673,0.0013377724
asthma_v2_copd_P34COPDMc_272.wav,0,3,2,1,0.02262326,0.9391687,0.0105607975,0.0025516152,0.025095576
asthma_v2_copd_P34COPDPr_265.wav,0,3,2,1,0.0019638329,0.9128671,0.08050871,0.004386447,0.00027398014
asthma_v2_copd_P34COPDPr_267.wav,0,3,2,1,0.0028561174,0.9235276,0.07093533,0.0017905738,0.0008904045
asthma_v2_copd_P34COPDPr_269.wav,0,3,2,2,0.009638113,0.3717443,0.60867685,0.0037651663,0.006175603
asthma_v2_copd_P34COPDPr_271.wav,0,3,2,2,0.04750135,0.14610538,0.7763451,0.0037551138,0.02629313
asthma_v2_copd_P35COPDMc_274.wav,0,3,2,2,0.00012037155,0.00064891943,0.99857223,0.00038479612,0.00027370625
asthma_v2_copd_P35COPDMc_276.wav,0,3,2,2,0.0010293581,0.000665436,0.99312407,0.0029989418,0.0021821926
asthma_v2_copd_P35COPDMc_278.wav,0,3,2,2,0.00048544395,0.025083307,0.96740216,0.006487346,0.00054169825
asthma_v2_copd_P35COPDMc_280.wav,0,3,2,2,0.00016833749,0.004639013,0.9899677,0.0050714985,0.00015347562
asthma_v2_copd_P35COPDPr_273.wav,0,3,2,2,0.007336611,0.00068767875,0.69322735,0.0011671945,0.29758123
asthma_v2_copd_P35COPDPr_275.wav,0,3,2,2,7.221396e-05,0.0016400977,0.9973809,0.0008253393,8.14134e-05
asthma_v2_copd_P35COPDPr_277.wav,0,3,2,2,0.00037286774,0.07672678,0.8865978,0.035013046,0.0012894996
asthma_v2_copd_P35COPDPr_279.wav,0,3,2,2,0.000114340706,0.0005505766,0.9984737,0.00080116146,6.0141145e-05
asthma_v2_copd_P3COPDMc_18.wav,0,3,2,0,0.8119863,0.0023824524,0.06620647,0.00095098134,0.11847374
asthma_v2_copd_P3COPDMc_20.wav,0,3,2,0,0.7954021,0.010139379,0.1929644,0.0005456382,0.0009484474
asthma_v2_copd_P3COPDMc_22.wav,0,3,2,0,0.99213326,0.0030606813,0.0045465273,5.4204447e-05,0.00020532536
asthma_v2_copd_P3COPDMc_24.wav,0,3,2,2,0.00015159816,4.7366746e-05,0.99872285,0.00011995662,0.0009582564
asthma_v2_copd_P3COPDPr_17.wav,0,3,2,0,0.9835212,0.0036038824,0.010698245,3.945926e-05,0.0021371283
asthma_v2_copd_P3COPDPr_19.wav,0,3,2,0,0.9841324,0.001137365,0.011592208,5.678544e-05,0.0030811972
asthma_v2_copd_P3COPDPr_21.wav,0,3,2,0,0.82324815,0.00096458755,0.17433487,0.00049078267,0.0009615557
asthma_v2_copd_P3COPDPr_23.wav,0,3,2,0,0.98534715,0.00028734762,0.013958425,0.0001323019,0.00027480206
asthma_v2_copd_P43COPDMc_338.wav,0,3,2,2,0.0008159346,0.0017135049,0.9806369,0.0055047837,0.011328967
asthma_v2_copd_P43COPDMc_340.wav,0,3,2,2,0.004909434,0.00012804812,0.52402616,0.00703971,0.46389672
asthma_v2_copd_P43COPDMc_342.wav,0,3,2,4,0.0034597944,7.504629e-05,0.060321223,0.0109804645,0.92516345
asthma_v2_copd_P43COPDMc_344.wav,0,3,2,2,0.0002327953,0.00033467836,0.99862933,0.00022856233,0.00057467853
asthma_v2_copd_P43COPDPr_337.wav,0,3,2,2,0.00027924211,0.0046027475,0.98784095,0.0071483687,0.00012869603
asthma_v2_copd_P43COPDPr_339.wav,0,3,2,2,0.002173213,0.00063531066,0.8334306,0.03214863,0.13161226
asthma_v2_copd_P43COPDPr_341.wav,0,3,2,4,0.0028230774,0.00011561168,0.101295315,0.023431856,0.8723342
asthma_v2_copd_P43COPDPr_343.wav,0,3,2,2,0.00014859824,0.00020692655,0.9990715,0.00010952684,0.00046347402
asthma_v2_copd_P48COPDMc_378.wav,0,3,2,2,0.0010576729,0.0004270533,0.99815196,0.00012505906,0.00023824765
asthma_v2_copd_P48COPDMc_380.wav,0,3,2,2,0.0015370933,0.003308471,0.98738235,0.0045533143,0.0032188299
asthma_v2_copd_P48COPDMc_382.wav,0,3,2,2,9.943517e-05,0.00014619132,0.99882644,0.00025797353,0.00067002
asthma_v2_copd_P48COPDMc_384.wav,0,3,2,2,0.00013874608,0.00013544211,0.9993679,6.107929e-05,0.0002968513
asthma_v2_copd_P48COPDPr_377.wav,0,3,2,2,5.1713396e-05,5.0943123e-05,0.9997675,8.037081e-05,4.949165e-05
asthma_v2_copd_P48COPDPr_379.wav,0,3,2,2,0.0017756617,0.00030193516,0.99677104,0.00013458596,0.0010166661
asthma_v2_copd_P48COPDPr_381.wav,0,3,2,2,8.7882465e-05,0.00013271374,0.99953914,0.00014192934,9.833821e-05
asthma_v2_copd_P48COPDPr_383.wav,0,3,2,2,0.00012214677,6.6158835e-05,0.9994204,0.00016608094,0.0002252542
asthma_v2_copd_P9COPDMc_66.wav,0,3,2,2,0.002717503,5.532947e-05,0.991347,0.00010394827,0.0057761595
asthma_v2_copd_P9COPDMc_68.wav,0,3,2,2,0.00030070887,8.983422e-05,0.9976285,0.00028292686,0.0016980624
asthma_v2_copd_P9COPDMc_70.wav,0,3,2,2,0.00033542895,3.7758058e-05,0.99893075,5.6814315e-05,0.00063923607
asthma_v2_copd_P9COPDMc_72.wav,0,3,2,2,0.0022335786,0.0003458452,0.99602485,0.00015947713,0.0012362148
asthma_v2_copd_P9COPDPr_65.wav,0,3,2,2,0.00057695847,0.00014773186,0.9964581,5.8102596e-05,0.0027590692
asthma_v2_copd_P9COPDPr_67.wav,0,3,2,2,0.009036888,0.00014182956,0.91027606,0.0003602198,0.08018493
asthma_v2_copd_P9COPDPr_69.wav,0,3,2,2,0.0011965352,0.00013382481,0.989499,0.00020876771,0.00896199
asthma_v2_copd_P9COPDPr_71.wav,0,3,2,2,0.0015496857,7.273535e-05,0.9967434,6.47324e-05,0.0015695201
asthma_v2_healthy_P11Healthy18S.wav,0,3,3,3,0.0005937697,0.0016151798,0.00075813074,0.9959318,0.0011011538
asthma_v2_healthy_P11Healthy30S.wav,0,3,3,3,0.0012323761,0.025531944,0.012915641,0.9595902,0.0007297897
asthma_v2_healthy_P11Healthy38S.wav,0,3,3,3,0.00086818787,0.00238808,0.0011775922,0.9941315,0.0014345818
asthma_v2_healthy_P11Healthy60S.wav,0,3,3,3,0.00045167608,0.0005994774,0.002218342,0.99512047,0.0016100632
asthma_v2_healthy_P11Healthy73S.wav,0,3,3,3,0.000510218,0.0028454391,0.0011612619,0.99482805,0.00065512944
asthma_v2_healthy_P19Healthy47S.wav,0,3,3,3,0.051507413,0.045109462,0.0008962463,0.7841945,0.11829238
asthma_v2_healthy_P19Healthy50S.wav,0,3,3,3,0.005963336,0.008229639,0.0034645647,0.9499451,0.03239734
asthma_v2_healthy_P19Healthy55S.wav,0,3,3,3,0.0020684104,0.002726659,0.00018326471,0.97392726,0.021094365
asthma_v2_healthy_P19Healthy62S.wav,0,3,3,3,0.009802362,0.001740888,0.0005661419,0.84992796,0.13796268
asthma_v2_healthy_P19Healthy79S.wav,0,3,3,3,0.0009440646,0.0010629349,0.00029645307,0.9872543,0.010442177
asthma_v2_healthy_P25Healthy20S.wav,0,3,3,3,0.010460153,0.005262646,0.0004044918,0.9742983,0.009574412
asthma_v2_healthy_P25Healthy42S.wav,0,3,3,3,0.053366028,0.0049242084,0.001996533,0.9145778,0.025135517
asthma_v2_healthy_P25Healthy72S.wav,0,3,3,3,0.018133815,0.031061796,0.0028121632,0.86030614,0.08768602
asthma_v2_healthy_P25Healthy88S.wav,0,3,3,3,0.003598171,0.005451169,0.0009895074,0.98801816,0.0019430356
asthma_v2_healthy_P25Healthy97S.wav,0,3,3,3,0.33617145,0.12830801,0.0009972523,0.38924703,0.14527622
asthma_v2_healthy_P26Healthy22S.wav,0,3,3,3,0.030519359,0.014113697,0.000803756,0.92704767,0.02751554
asthma_v2_healthy_P26Healthy32S.wav,0,3,3,3,0.0075354343,0.002686286,0.004414995,0.958784,0.026579272
asthma_v2_healthy_P26Healthy46S.wav,0,3,3,3,0.06708279,0.0029577701,0.0017193848,0.6793584,0.24888161
asthma_v2_healthy_P26Healthy48S.wav,0,3,3,3,0.34760585,0.013622339,0.016233724,0.52512014,0.09741796
asthma_v2_healthy_P26Healthy76S.wav,0,3,3,3,0.031103479,0.003003869,0.0020793772,0.80445874,0.15935454
asthma_v2_healthy_P27Healthy30S.wav,0,3,3,3,0.0048197624,0.009902823,0.0004134915,0.9785231,0.006340853
asthma_v2_healthy_P27Healthy73S.wav,0,3,3,3,0.010262484,0.029701471,0.0007139848,0.9509811,0.008340954
asthma_v2_healthy_P27Healthy92S.wav,0,3,3,3,0.025110036,0.036250215,0.0006082265,0.90919393,0.02883755
asthma_v2_healthy_P9Healthy22S.wav,0,3,3,3,0.00065611163,0.0014516347,0.0015567306,0.9955924,0.0007430809
asthma_v2_healthy_P9Healthy29S.wav,0,3,3,4,0.007584414,0.0024921172,0.0017412206,0.4746435,0.51353866
asthma_v2_healthy_P9Healthy31S.wav,0,3,3,3,0.004774915,0.0024558208,0.0024658584,0.51729095,0.47301245
asthma_v2_healthy_P9Healthy61S.wav,0,3,3,3,0.042941857,0.030206831,0.004510141,0.8124443,0.10989685
asthma_v2_healthy_P9Healthy79S.wav,0,3,3,3,0.006911442,0.0015867047,0.0006525982,0.9655029,0.025346272
asthma_v2_pneumonia_P21Pneumonia12C.wav,0,3,4,4,0.0547075,0.0043663974,0.13695718,0.20553966,0.59842926
asthma_v2_pneumonia_P21Pneumonia24G.wav,0,3,4,3,0.005673948,0.005458623,0.022115838,0.67452395,0.29222763
asthma_v2_pneumonia_P21Pneumonia56M.wav,0,3,4,4,0.018347941,0.0017312213,0.0004970412,0.107696675,0.8717271
asthma_v2_pneumonia_P21Pneumonia69Q.wav,0,3,4,4,0.0029928002,0.00044661813,0.00027374242,0.024062948,0.9722239
asthma_v2_pneumonia_P21Pneumonia78P.wav,0,3,4,4,0.022240179,0.024221808,0.0016059444,0.40398428,0.54794776
asthma_v2_pneumonia_P21Pneumonia95A.wav,0,3,4,3,0.002734792,0.001181197,0.0055699353,0.8086934,0.18182066
asthma_v2_pneumonia_P22Pneumonia27A.wav,0,3,4,4,0.03499699,0.00032276253,0.00036276798,0.034218997,0.9300984
asthma_v2_pneumonia_P22Pneumonia29K.wav,0,3,4,3,0.004651403,0.0054267775,0.0010595653,0.87330246,0.115559794
asthma_v2_pneumonia_P22Pneumonia29M.wav,0,3,4,4,0.018347643,0.0001953213,0.00033158975,0.021036409,0.96008915
asthma_v2_pneumonia_P22Pneumonia47V.wav,0,3,4,4,0.024028106,0.0015744943,0.000867212,0.30509275,0.6684375
asthma_v2_pneumonia_P22Pneumonia51X.wav,0,3,4,4,0.061975874,0.0012049394,0.01933765,0.42726445,0.49021706
asthma_v2_pneumonia_P22Pneumonia55C.wav,0,3,4,4,0.012912239,0.0004468975,0.00041557004,0.0350713,0.95115405
asthma_v2_pneumonia_P24Pneumonia21G.wav,0,3,4,3,0.0010795279,0.0037536556,0.0008739792,0.8108151,0.18347773
asthma_v2_pneumonia_P24Pneumonia54A.wav,0,3,4,4,0.0011285916,3.4250006e-05,0.0001757638,0.0028521486,0.9958092
asthma_v2_pneumonia_P24Pneumonia67G.wav,0,3,4,4,0.030532524,0.0011025871,0.005965787,0.37781844,0.5845806
asthma_v2_pneumonia_P24Pneumonia67Z.wav,0,3,4,4,0.02547371,0.00087305135,0.004059779,0.021432355,0.9481611
asthma_v2_pneumonia_P24Pneumonia91X.wav,0,3,4,4,0.04002672,0.0013291395,0.018061329,0.4554375,0.48514527
asthma_v2_pneumonia_P24Pneumonia95T.wav,0,3,4,3,0.0006341991,0.0034690236,0.0016473612,0.9644498,0.0297996
asthma_v2_pneumonia_P2Pneumonia11Q.wav,0,3,4,4,0.011922004,0.00041020874,0.0005349896,0.082323715,0.904809
asthma_v2_pneumonia_P2Pneumonia28R.wav,0,3,4,4,0.005448884,0.00013082642,0.0005730115,0.012172189,0.9816751
asthma_v2_pneumonia_P2Pneumonia36Z.wav,0,3,4,4,0.003199558,0.0007787853,8.550841e-05,0.03990156,0.9560346
asthma_v2_pneumonia_P2Pneumonia70H.wav,0,3,4,4,0.0022816686,1.2452961e-05,9.176149e-05,0.0004592974,0.9971547
asthma_v2_pneumonia_P2Pneumonia82A.wav,0,3,4,4,0.0024734428,3.6785204e-05,5.4341006e-05,0.004500931,0.9929345
asthma_v2_pneumonia_P2Pneumonia93N.wav,0,3,4,4,0.009038967,0.0009895145,0.0046113897,0.049861487,0.9354988
asthma_v2_pneumonia_P30Pneumonia10C.wav,0,3,4,4,0.0006370719,3.6654696e-05,0.00025605617,0.0017813937,0.9972888
asthma_v2_pneumonia_P30Pneumonia15J.wav,0,3,4,4,0.000440204,5.6907415e-05,0.00024214949,0.0060495967,0.9932112
asthma_v2_pneumonia_P30Pneumonia30W.wav,0,3,4,3,0.06578151,0.012095556,0.0025226574,0.48537427,0.434226
asthma_v2_pneumonia_P30Pneumonia52T.wav,0,3,4,4,0.0042141248,0.00021704033,0.00034902804,0.01276114,0.98245865
asthma_v2_pneumonia_P30Pneumonia70X.wav,0,3,4,3,0.016379263,0.0054076253,0.0044408394,0.8788411,0.09493113
asthma_v2_pneumonia_P30Pneumonia85D.wav,0,3,4,4,0.0006122084,0.00016237756,0.00024065138,0.0028381054,0.9961467
asthma_v2_pneumonia_P36Pneumonia56V.wav,0,3,4,1,0.07561673,0.7216371,0.0004937998,0.12165268,0.08059968
asthma_v2_pneumonia_P36Pneumonia57U.wav,0,3,4,1,0.07025998,0.89868855,0.00025032586,0.023290424,0.0075107324
asthma_v2_pneumonia_P36Pneumonia79Z.wav,0,3,4,4,0.0007466182,1.1919209e-05,4.4943095e-05,0.0012835109,0.99791294
asthma_v2_pneumonia_P36Pneumonia83N.wav,0,3,4,4,0.0015256596,4.5766734e-05,7.16064e-05,0.003273675,0.99508333
asthma_v2_pneumonia_P36Pneumonia85U.wav,0,3,4,4,0.0015901091,6.151535e-05,0.00010980519,0.0057609873,0.9924776
asthma_v2_pneumonia_P36Pneumonia86S.wav,0,3,4,0,0.72295874,0.23879547,0.0006133404,0.008330494,0.029301919
asthma_v2_pneumonia_P42Pneumonia27A.wav,0,3,4,0,0.73557514,0.17060919,0.009038777,0.00033062327,0.084446214
asthma_v2_pneumonia_P42Pneumonia46D.wav,0,3,4,0,0.8762033,0.068987556,0.04446955,0.0010558122,0.009283845
asthma_v2_pneumonia_P42Pneumonia47W.wav,0,3,4,2,0.17777246,0.0248518,0.42974252,0.014358096,0.35327518
asthma_v2_pneumonia_P42Pneumonia63L.wav,0,3,4,4,0.008281331,0.000110906214,0.0015647684,0.0021812792,0.98786163
asthma_v2_pneumonia_P42Pneumonia67F.wav,0,3,4,4,0.02558917,0.047476217,0.35394576,0.032242194,0.5407467
asthma_v2_pneumonia_P42Pneumonia69S.wav,0,3,4,0,0.9412147,0.013413344,0.026613403,0.00033800476,0.018420584
asthma_v2_pneumonia_P4Pneumonia17R.wav,0,3,4,4,0.010643699,0.00013101658,0.036038708,0.15862311,0.7945634
asthma_v2_pneumonia_P4Pneumonia27H.wav,0,3,4,4,0.0008444132,2.1649685e-05,0.0032330698,0.0051694154,0.9907314
asthma_v2_pneumonia_P4Pneumonia39Q.wav,0,3,4,4,0.0015341764,2.8811564e-05,0.013568895,0.008683922,0.9761841
asthma_v2_pneumonia_P4Pneumonia55U.wav,0,3,4,4,0.004559156,0.00052236865,0.015160294,0.14232396,0.8374343
asthma_v2_pneumonia_P4Pneumonia67J.wav,0,3,4,4,0.0022717908,8.562226e-05,0.003937647,0.00044454212,0.9932603
asthma_v2_pneumonia_P4Pneumonia78E.wav,0,3,4,4,0.0033785966,0.00045093236,0.04615705,0.011126575,0.9388868
asthma_v2_Bronchial_P13BronchialSc_62.wav,0,4,1,0,0.82138985,0.07122977,0.024094388,0.024294563,0.05899146
asthma_v2_Bronchial_P13BronchialSc_64.wav,0,4,1,0,0.6606702,0.24234232,0.021669494,0.033527795,0.041790176
asthma_v2_Bronchial_P13BronchialTc_61.wav,0,4,1,0,0.7960923,0.09303425,0.01625722,0.023447774,0.071168505
asthma_v2_Bronchial_P13BronchialTc_63.wav,0,4,1,0,0.48214093,0.43430263,0.031476848,0.020190587,0.03188895
asthma_v2_Bronchial_P13BronchialTc_65.wav,0,4,1,1,0.19543785,0.6731763,0.09625709,0.018184254,0.016944505
asthma_v2_Bronchial_P17BronchialSc_82.wav,0,4,1,1,0.0057077873,0.86805165,0.014374757,0.10339352,0.008472274
asthma_v2_Bronchial_P17BronchialSc_84.wav,0,4,1,1,0.0048446166,0.94597125,0.030078253,0.017306564,0.0017993447
asthma_v2_Bronchial_P17BronchialTc_81.wav,0,4,1,1,0.0017518322,0.95367724,0.033055708,0.010633546,0.0008817654
asthma_v2_Bronchial_P17BronchialTc_83.wav,0,4,1,1,0.0019661563,0.96710634,0.0035128798,0.02513426,0.002280294
asthma_v2_Bronchial_P17BronchialTc_85.wav,0,4,1,1,0.0008096156,0.95665246,0.03207164,0.009757533,0.00070871995
asthma_v2_Bronchial_P2BronchialSc_10.wav,0,4,1,1,0.0032796657,0.80453724,0.15349238,0.037714887,0.00097582914
asthma_v2_Bronchial_P2BronchialSc_6.wav,0,4,1,1,0.0006398364,0.96438307,0.014229365,0.020354172,0.00039357913
asthma_v2_Bronchial_P2BronchialSc_8.wav,0,4,1,1,0.008310671,0.9121639,0.047942635,0.020521795,0.011060998
asthma_v2_Bronchial_P2BronchialTc_7.wav,0,4,1,1,0.0015158012,0.9115674,0.06409628,0.021740485,0.0010799861
asthma_v2_Bronchial_P2BronchialTc_9.wav,0,4,1,1,0.0008446715,0.9545945,0.0140109705,0.029285425,0.0012644355
asthma_v2_asthma_P10AsthmaIE_49.wav,0,4,0,0,0.7400792,0.009909121,0.038389836,0.0068339077,0.20478792
asthma_v2_asthma_P10AsthmaIU_46.wav,0,4,0,0,0.5300322,0.01415859,0.01423998,0.024831058,0.41673818
asthma_v2_asthma_P10AsthmaIU_50.wav,0,4,0,1,0.13097769,0.43543282,0.007179844,0.23582353,0.19058605
asthma_v2_asthma_P10AsthmaRL_47.wav,0,4,0,0,0.7967393,0.06818588,0.010209843,0.0050832443,0.11978178
asthma_v2_asthma_P10AsthmaRS_48.wav,0,4,0,0,0.58774865,0.22176701,0.032664478,0.0054897764,0.15233007
asthma_v2_asthma_P11WheezingIE_53.wav,0,4,0,0,0.527198,0.33757967,0.03662379,0.010641646,0.087956965
asthma_v2_asthma_P11WheezingIU_54.wav,0,4,0,0,0.4488643,0.35516566,0.032867555,0.018686246,0.1444163
asthma_v2_asthma_P11WheezingRL_51.wav,0,4,0,0,0.9257826,0.029427918,0.018918492,0.0035226552,0.02234844
asthma_v2_asthma_P11WheezingRL_55.wav,0,4,0,4,0.3971935,0.03563302,0.023611821,0.0799196,0.46364212
asthma_v2_asthma_P11WheezingRS_52.wav,0,4,0,1,0.31922862,0.54836863,0.03304739,0.02486202,0.07449331
asthma_v2_asthma_P16WheezingIE_77.wav,0,4,0,0,0.7830308,0.043926727,0.11923434,0.003155471,0.05065271
asthma_v2_asthma_P16WheezingIU_78.wav,0,4,0,0,0.85949856,0.0393444,0.010151561,0.0032576574,0.08774784
asthma_v2_asthma_P16WheezingRL_79.wav,0,4,0,0,0.6429384,0.16062477,0.026297228,0.019182488,0.15095706
asthma_v2_asthma_P16WheezingRS_76.wav,0,4,0,0,0.84005183,0.016369618,0.031498212,0.0029930926,0.10908714
asthma_v2_asthma_P16WheezingRS_80.wav,0,4,0,0,0.9102951,0.025163786,0.013755018,0.0013285317,0.049457535
asthma_v2_asthma_P20WheezingIE_97.wav,0,4,0,0,0.74681294,0.09086537,0.055907976,0.015052914,0.09136072
asthma_v2_asthma_P20WheezingIU_98.wav,0,4,0,0,0.85601026,0.04433992,0.015347176,0.006079763,0.07822286
asthma_v2_asthma_P20WheezingRL_99.wav,0,4,0,0,0.9082576,0.014707921,0.0062289527,0.008320139,0.06248538
asthma_v2_asthma_P20WheezingRS_100.wav,0,4,0,0,0.8879132,0.011279101,0.0075468593,0.012901386,0.08035951
asthma_v2_asthma_P20WheezingRS_96.wav,0,4,0,0,0.8496865,0.0043027215,0.016655983,0.0025827202,0.1267721
asthma_v2_asthma_P23WheezingIE_113.wav,0,4,0,0,0.6366206,0.00835268,0.025274606,0.0033703232,0.32638183
asthma_v2_asthma_P23WheezingIU_114.wav,0,4,0,0,0.6209431,0.006231148,0.015018959,0.0032104764,0.35459638
asthma_v2_asthma_P23WheezingRL_111.wav,0,4,0,0,0.68535113,0.015585277,0.017672546,0.008176683,0.2732143
asthma_v2_asthma_P23WheezingRL_115.wav,0,4,0,0,0.8796811,0.0064862813,0.034613013,0.0010503206,0.07816932
asthma_v2_asthma_P23WheezingRS_112.wav,0,4,0,0,0.8211795,0.01140004,0.01835133,0.00467312,0.14439602
asthma_v2_asthma_P29WheezingIE_141.wav,0,4,0,0,0.7892858,0.021655751,0.037737202,0.0024075,0.14891373
asthma_v2_asthma_P29WheezingIE_145.wav,0,4,0,0,0.7997615,0.009038602,0.03604138,0.0013327278,0.15382577
asthma_v2_asthma_P29WheezingIU_142.wav,0,4,0,0,0.48187998,0.020616492,0.041367527,0.030248404,0.4258876
asthma_v2_asthma_P29WheezingRL_143.wav,0,4,0,0,0.55989873,0.006685675,0.037209492,0.0018313056,0.39437476
asthma_v2_asthma_P29WheezingRS_144.wav,0,4,0,0,0.7611964,0.0057471297,0.05015405,0.0019843865,0.180918
asthma_v2_asthma_P38WheezingIE_189.wav,0,4,0,0,0.74734885,0.0923823,0.13319865,0.014931453,0.012138688
asthma_v2_asthma_P38WheezingIU_186.wav,0,4,0,0,0.76576436,0.07103028,0.13130136,0.004809376,0.027094617
asthma_v2_asthma_P38WheezingIU_190.wav,0,4,0,2,0.35896772,0.01205095,0.6006193,0.0050722654,0.0232897
asthma_v2_asthma_P38WheezingRL_187.wav,0,4,0,0,0.5514788,0.07305263,0.33716697,0.015407747,0.022893872
asthma_v2_asthma_P38WheezingRS_188.wav,0,4,0,0,0.5803995,0.111041665,0.2808569,0.013362848,0.014339133
asthma_v2_asthma_P41WheezingIE_201.wav,0,4,0,0,0.79551774,0.0065145222,0.14729479,0.0014745668,0.04919833
asthma_v2_asthma_P41WheezingIE_205.wav,0,4,0,0,0.8044769,0.012498511,0.11892674,0.0014852728,0.06261264
asthma_v2_asthma_P41WheezingIU_202.wav,0,4,0,0,0.86977285,0.009153989,0.07069457,0.002390056,0.047988407
asthma_v2_asthma_P41WheezingRL_203.wav,0,4,0,0,0.80147445,0.007987453,0.10826343,0.0017731877,0.08050154
asthma_v2_asthma_P41WheezingRS_204.wav,0,4,0,0,0.80410796,0.0155848805,0.10321849,0.0016445183,0.07544416
asthma_v2_asthma_P47WheezingIE_233.wav,0,4,0,0,0.49869692,0.0070097027,0.31505358,0.002841316,0.17639843
asthma_v2_asthma_P47WheezingIU_234.wav,0,4,0,0,0.70642364,0.0134867625,0.2140584,0.0024777898,0.06355341
asthma_v2_asthma_P47WheezingRL_231.wav,0,4,0,2,0.18351926,0.18329339,0.55789995,0.046155624,0.029131832
asthma_v2_asthma_P47WheezingRL_235.wav,0,4,0,0,0.3864378,0.011774357,0.24593131,0.004506602,0.35134986
asthma_v2_asthma_P47WheezingRS_232.wav,0,4,0,4,0.31096482,0.0031755357,0.293069,0.0016995051,0.3910911
asthma_v2_asthma_P4AsthmaIE_17.wav,0,4,0,1,0.37109175,0.49841857,0.034275986,0.018526923,0.07768675
asthma_v2_asthma_P4AsthmaIU_18.wav,0,4,0,0,0.5169823,0.35644865,0.048293334,0.0074824896,0.07079322
asthma_v2_asthma_P4AsthmaRL_19.wav,0,4,0,0,0.7995433,0.031025728,0.03191933,0.0017933892,0.13571814
asthma_v2_asthma_P4AsthmaRS_16.wav,0,4,0,0,0.44916335,0.37995178,0.019392036,0.018917779,0.13257508
asthma_v2_asthma_P4AsthmaRS_20.wav,0,4,0,0,0.90306777,0.016246678,0.009901785,0.0010545126,0.06972921
asthma_v2_asthma_P53WheezingIE_261.wav,0,4,0,1,0.24443628,0.61714226,0.027604079,0.020083817,0.09073353
asthma_v2_asthma_P53WheezingIE_265.wav,0,4,0,3,0.27615538,0.09482245,0.13806638,0.39819887,0.092756875
asthma_v2_asthma_P53WheezingIU_262.wav,0,4,0,0,0.4682465,0.039837398,0.017101508,0.015102664,0.45971197
asthma_v2_asthma_P53WheezingRL_263.wav,0,4,0,4,0.027643098,0.0058017923,0.009548518,0.09972523,0.8572814
asthma_v2_asthma_P53WheezingRS_264.wav,0,4,0,4,0.03800105,0.009302381,0.024715709,0.143683,0.78429776
asthma_v2_asthma_P6AsthmaIE_29.wav,0,4,0,0,0.60255224,0.19369316,0.03076369,0.007894947,0.16509597
asthma_v2_asthma_P6AsthmaIU_26.wav,0,4,0,0,0.82254225,0.008133241,0.037937738,0.00083989993,0.13054684
asthma_v2_asthma_P6AsthmaIU_30.wav,0,4,0,1,0.37675565,0.46154627,0.03336852,0.016728267,0.11160133
asthma_v2_asthma_P6AsthmaRL_27.wav,0,4,0,0,0.9003524,0.010126816,0.012214042,0.0033820546,0.0739245
asthma_v2_asthma_P6AsthmaRS_28.wav,0,4,0,0,0.7186661,0.012941936,0.05753287,0.0076340022,0.20322514
asthma_v2_asthma_P7AsthmaIE_33.wav,0,4,0,0,0.75417006,0.08274996,0.050971203,0.003975884,0.10813282
asthma_v2_asthma_P7AsthmaIU_34.wav,0,4,0,0,0.76247364,0.027436461,0.013954781,0.0020979706,0.19403712
asthma_v2_asthma_P7AsthmaRL_31.wav,0,4,0,0,0.7937728,0.040702682,0.0127907125,0.0054968507,0.14723687
asthma_v2_asthma_P7AsthmaRL_35.wav,0,4,0,0,0.65934956,0.15878592,0.02083547,0.008320656,0.15270838
asthma_v2_asthma_P7AsthmaRS_32.wav,0,4,0,0,0.7186284,0.043871157,0.0042876285,0.016757792,0.21645498
asthma_v2_copd_P14COPDMc_106.wav,0,4,2,2,0.00095979386,0.005303522,0.9870408,0.0016680538,0.005027754
asthma_v2_copd_P14COPDMc_108.wav,0,4,2,2,0.37755936,0.0022757573,0.44651857,0.0042449324,0.1694014
asthma_v2_copd_P14COPDMc_110.wav,0,4,2,2,0.40876466,0.027420502,0.43450958,0.0055636903,0.12374154
asthma_v2_copd_P14COPDMc_112.wav,0,4,2,2,0.37686086,0.023784066,0.5632908,0.0041959975,0.031868283
asthma_v2_copd_P14COPDPr_105.wav,0,4,2,2,0.00134082,0.006620282,0.9847921,0.0015239716,0.005722815
asthma_v2_copd_P14COPDPr_107.wav,0,4,2,0,0.4740531,0.015913427,0.41713804,0.0034715408,0.089423984
asthma_v2_copd_P14COPDPr_109.wav,0,4,2,2,0.083459616,0.022763811,0.62385595,0.0025738527,0.26734677
asthma_v2_copd_P14COPDPr_111.wav,0,4,2,2,0.1586256,0.002419902,0.715391,0.0013286488,0.12223483
asthma_v2_copd_P16COPDMc_122.wav,0,4,2,2,0.0016273397,0.001400202,0.9925678,0.00076835236,0.0036364398
asthma_v2_copd_P16COPDMc_124.wav,0,4,2,2,0.0017338467,0.0014501172,0.9927475,0.00066043343,0.0034080879
asthma_v2_copd_P16COPDMc_126.wav,0,4,2,2,0.001402594,0.0021397513,0.9919865,0.00064686226,0.0038241895
asthma_v2_copd_P16COPDMc_128.wav,0,4,2,2,0.0017830585,0.0016505761,0.99173707,0.0006515691,0.004177733
asthma_v2_copd_P16COPDPr_121.wav,0,4,2,2,0.0023578268,0.0012286645,0.9925512,0.00068505754,0.0031772768
asthma_v2_copd_P16COPDPr_123.wav,0,4,2,2,0.002916098,0.0013852101,0.9881328,0.000916736,0.006649179
asthma_v2_copd_P16COPDPr_125.wav,0,4,2,2,0.0020999508,0.0014531438,0.99275804,0.0007422162,0.0029467104
asthma_v2_copd_P16COPDPr_127.wav,0,4,2,2,0.002399061,0.0012215134,0.991072,0.00076881755,0.0045385878
asthma_v2_copd_P1COPDMc_2.wav,0,4,2,2,0.20104627,0.016600013,0.7005328,0.0022010135,0.079619914
asthma_v2_copd_P1COPDMc_4.wav,0,4,2,2,0.005769954,0.009637955,0.9607575,0.008934796,0.014899857
asthma_v2_copd_P1COPDMc_6.wav,0,4,2,2,0.004469937,0.039145097,0.91469955,0.02211,0.019575432
asthma_v2_copd_P1COPDMc_8.wav,0,4,2,2,0.0018927632,0.0036141302,0.9833345,0.003173313,0.007985327
asthma_v2_copd_P1COPDPr_1.wav,0,4,2,0,0.6114611,0.04429348,0.33269,0.0028138934,0.008741522
asthma_v2_copd_P1COPDPr_3.wav,0,4,2,2,0.13989402,0.0049683,0.62216747,0.012286135,0.2206841
asthma_v2_copd_P1COPDPr_5.wav,0,4,2,2,0.0036615122,0.020894777,0.9101435,0.01943782,0.0458624
asthma_v2_copd_P1COPDPr_7.wav,0,4,2,2,0.007412254,0.014389689,0.9361867,0.027234903,0.014776442
asthma_v2_copd_P22COPDMc_170.wav,0,4,2,2,0.0055787866,0.0129626095,0.9306961,0.011472107,0.03929047
asthma_v2_copd_P22COPDMc_172.wav,0,4,2,2,0.005232952,0.0072929664,0.9700467,0.003533206,0.013894077
asthma_v2_copd_P22COPDMc_174.wav,0,4,2,4,0.04414417,0.0032609142,0.13793883,0.017897915,0.79675823
asthma_v2_copd_P22COPDMc_176.wav,0,4,2,2,0.002285632,0.20910649,0.7215925,0.053678524,0.013336887
asthma_v2_copd_P22COPDPr_169.wav,0,4,2,2,0.018043939,0.007791439,0.4993712,0.016801732,0.45799175
asthma_v2_copd_P22COPDPr_171.wav,0,4,2,2,0.008061676,0.011089997,0.92774737,0.005972304,0.047128648
asthma_v2_copd_P22COPDPr_173.wav,0,4,2,4,0.015254831,0.0013333388,0.020063188,0.0216192,0.9417295
asthma_v2_copd_P22COPDPr_175.wav,0,4,2,4,0.024704576,0.0015003125,0.09926017,0.008816947,0.86571795
asthma_v2_copd_P24COPDMc_186.wav,0,4,2,2,0.0014793866,0.007430502,0.9881458,0.001971133,0.0009730742
asthma_v2_copd_P24COPDMc_188.wav,0,4,2,2,0.0061763036,0.007775713,0.9377413,0.003758117,0.044548612
asthma_v2_copd_P24COPDMc_190.wav,0,4,2,2,0.011946887,0.011325413,0.80842155,0.026287606,0.14201847
asthma_v2_copd_P24COPDMc_192.wav,0,4,2,2,0.0015376126,0.004472788,0.98816633,0.002704097,0.0031192282
asthma_v2_copd_P24COPDPr_185.wav,0,4,2,2,0.0016701658,0.0047005704,0.98804873,0.0034566843,0.002123805
asthma_v2_copd_P24COPDPr_187.wav,0,4,2,2,0.001264713,0.008153917,0.98678684,0.0018499034,0.0019445557
asthma_v2_copd_P24COPDPr_189.wav,0,4,2,4,0.016800132,0.0017027542,0.0804861,0.008511957,0.892499
asthma_v2_copd_P24COPDPr_191.wav,0,4,2,2,0.0013296417,0.0056017097,0.97441113,0.0045511075,0.014106366
asthma_v2_copd_P33COPDMc_258.wav,0,4,2,0,0.6629296,0.0076218145,0.21069393,0.008659502,0.11009515
asthma_v2_copd_P33COPDMc_260.wav,0,4,2,2,0.016346596,0.009581539,0.62201655,0.022384066,0.32967123
asthma_v2_copd_P33COPDMc_262.wav,0,4,2,2,0.0010192981,0.0048253797,0.9789065,0.00174806,0.013500775
asthma_v2_copd_P33COPDMc_264.wav,0,4,2,2,0.0011672652,0.021203283,0.97389483,0.002022961,0.0017117612
asthma_v2_copd_P33COPDPr_257.wav,0,4,2,2,0.44542316,0.0050875144,0.48347336,0.0025652281,0.06345075
asthma_v2_copd_P33COPDPr_259.wav,0,4,2,2,0.0068817968,0.0073295934,0.96099216,0.003263857,0.021532644
asthma_v2_copd_P33COPDPr_261.wav,0,4,2,2,0.00077955105,0.014853481,0.9808095,0.0012234616,0.0023339589
asthma_v2_copd_P33COPDPr_263.wav,0,4,2,2,0.00074871874,0.0057970244,0.99048704,0.0012639583,0.001703235
asthma_v2_copd_P37COPDMc_290.wav,0,4,2,2,0.0011205169,0.06769386,0.92823017,0.001908885,0.0010465849
asthma_v2_copd_P37COPDMc_292.wav,0,4,2,2,0.0097368695,0.07497085,0.87323034,0.03993007,0.0021318765
asthma_v2_copd_P37COPDMc_294.wav,0,4,2,2,0.0026021856,0.012732862,0.98071027,0.0026742048,0.0012804975
asthma_v2_copd_P37COPDMc_296.wav,0,4,2,2,0.002653054,0.019084392,0.9748599,0.002406926,0.0009958022
asthma_v2_copd_P37COPDPr_289.wav,0,4,2,2,0.0012802433,0.09398059,0.89072174,0.008269405,0.0057480554
asthma_v2_copd_P37COPDPr_291.wav,0,4,2,2,0.0073440666,0.16215141,0.81606966,0.0125061,0.0019287576
asthma_v2_copd_P37COPDPr_293.wav,0,4,2,2,0.010221104,0.029618243,0.9419859,0.015100454,0.003074171
asthma_v2_copd_P37COPDPr_295.wav,0,4,2,2,0.004146936,0.0053834217,0.9788777,0.008013515,0.0035783872
asthma_v2_copd_P39COPDMc_306.wav,0,4,2,1,0.007200869,0.5259122,0.4604419,0.0015720241,0.0048730117
asthma_v2_copd_P39COPDMc_308.wav,0,4,2,1,0.0010161096,0.95693326,0.035094414,0.005501938,0.0014542511
asthma_v2_copd_P39COPDMc_310.wav,0,4,2,1,0.0006234676,0.9462903,0.048633356,0.004066832,0.0003860829
asthma_v2_copd_P39COPDMc_312.wav,0,4,2,2,0.0007212807,0.009944375,0.98649603,0.00088601507,0.0019522749
asthma_v2_copd_P39COPDPr_305.wav,0,4,2,2,0.0011556474,0.0063308105,0.96194184,0.0064760507,0.024095723
asthma_v2_copd_P39COPDPr_307.wav,0,4,2,1,0.003423732,0.86506623,0.1245972,0.0030386525,0.0038741266
asthma_v2_copd_P39COPDPr_309.wav,0,4,2,1,0.0014353447,0.65495986,0.33925283,0.003221812,0.0011301682
asthma_v2_copd_P39COPDPr_311.wav,0,4,2,1,0.00044896253,0.9737046,0.018928694,0.0064917314,0.00042607242
asthma_v2_copd_P42COPDMc_330.wav,0,4,2,2,0.00084841205,0.005776777,0.98941284,0.00069619826,0.0032658593
asthma_v2_copd_P42COPDMc_332.wav,0,4,2,2,0.0010627196,0.011811971,0.9806444,0.0044126115,0.0020682903
asthma_v2_copd_P42COPDMc_334.wav,0,4,2,2,0.006100196,0.03865288,0.9186314,0.026689097,0.009926542
asthma_v2_copd_P42COPDMc_336.wav,0,4,2,3,0.00774446,0.055270698,0.37499744,0.5295834,0.032403998
asthma_v2_copd_P42COPDPr_329.wav,0,4,2,2,0.0009804228,0.0036162748,0.99295276,0.0007835633,0.0016670111
asthma_v2_copd_P42COPDPr_331.wav,0,4,2,2,0.0013677999,0.07453795,0.9104056,0.009720281,0.003968492
asthma_v2_copd_P42COPDPr_333.wav,0,4,2,2,0.0014223636,0.085857615,0.9052767,0.00587723,0.001566136
asthma_v2_copd_P42COPDPr_335.wav,0,4,2,2,0.0097503,0.05117508,0.5952928,0.30225506,0.041526787
asthma_v2_copd_P7COPDMc_50.wav,0,4,2,2,0.043702576,0.015011563,0.75902176,0.124819614,0.057444476
asthma_v2_copd_P7COPDMc_52.wav,0,4,2,2,0.00514635,0.2565904,0.70559716,0.016223248,0.016442833
asthma_v2_copd_P7COPDMc_54.wav,0,4,2,2,0.0011649275,0.1252538,0.8457516,0.022199186,0.0056305327
asthma_v2_copd_P7COPDMc_56.wav,0,4,2,2,0.004085376,0.02791624,0.92211324,0.040296752,0.0055884523
asthma_v2_copd_P7COPDPr_49.wav,0,4,2,2,0.014209183,0.019827556,0.8630095,0.057350602,0.04560307
asthma_v2_copd_P7COPDPr_51.wav,0,4,2,2,0.011505519,0.015204183,0.9375776,0.022728728,0.012983983
asthma_v2_copd_P7COPDPr_53.wav,0,4,2,2,0.0019569206,0.061802123,0.9293405,0.005010137,0.0018903667
asthma_v2_copd_P7COPDPr_55.wav,0,4,2,2,0.0015771713,0.17280297,0.8205376,0.0033442143,0.0017380052
asthma_v2_healthy_P14Healthy28S.wav,0,4,3,3,0.0018378581,0.064447865,0.031881273,0.8881947,0.013638245
asthma_v2_healthy_P14Healthy47S.wav,0,4,3,2,0.010724872,0.051921222,0.72904617,0.18835722,0.019950459
asthma_v2_healthy_P14Healthy53S.wav,0,4,3,3,0.00393515,0.074036226,0.025253164,0.88121414,0.015561304
asthma_v2_healthy_P14Healthy54S.wav,0,4,3,1,0.0009893016,0.9402942,0.026394727,0.027550336,0.0047713905
asthma_v2_healthy_P14Healthy89S.wav,0,4,3,1,0.001301781,0.93008286,0.029272422,0.033934038,0.0054088985
asthma_v2_healthy_P1Healthy29S.wav,0,4,3,3,0.0077663055,0.070557594,0.22956829,0.68240005,0.009707804
asthma_v2_healthy_P1Healthy55S.wav,0,4,3,3,0.0012188423,0.020919854,0.043864165,0.9216482,0.012348974
asthma_v2_healthy_P1Healthy86S.wav,0,4,3,3,0.0027764637,0.018551115,0.040224534,0.92399186,0.014456096
asthma_v2_healthy_P1Healthy88S.wav,0,4,3,3,0.0074581914,0.1225801,0.10637872,0.75473154,0.008851426
asthma_v2_healthy_P1Healthy99S.wav,0,4,3,3,0.0015472142,0.018674575,0.017702157,0.9452905,0.016785607
asthma_v2_healthy_P20Healthy25S.wav,0,4,3,3,0.0237799,0.011632995,0.0072852285,0.90781987,0.04948205
asthma_v2_healthy_P20Healthy31S.wav,0,4,3,3,0.019587757,0.008201453,0.002768721,0.9238783,0.045563832
asthma_v2_healthy_P20Healthy59S.wav,0,4,3,3,0.019633206,0.0086254645,0.0020225635,0.83441854,0.1353002
asthma_v2_healthy_P20Healthy70S.wav,0,4,3,3,0.017974272,0.0082374085,0.0038246945,0.9297222,0.040241405
asthma_v2_healthy_P20Healthy84S.wav,0,4,3,3,0.025460333,0.0065465905,0.0043289615,0.8084651,0.15519908
asthma_v2_healthy_P24Healthy51S.wav,0,4,3,4,0.012554839,0.010340579,0.012949317,0.2698719,0.6942833
asthma_v2_healthy_P24Healthy58S.wav,0,4,3,3,0.04136888,0.05024042,0.056233685,0.59851986,0.25363714
asthma_v2_healthy_P24Healthy62S.wav,0,4,3,3,0.030779636,0.030609766,0.019784046,0.65006655,0.26876003
asthma_v2_healthy_P24Healthy63S.wav,0,4,3,3,0.051349834,0.031098597,0.008021854,0.70214885,0.20738082
asthma_v2_healthy_P24Healthy95S.wav,0,4,3,4,0.072918974,0.018501405,0.14778541,0.14416403,0.6166302
asthma_v2_healthy_P7Healthy38S.wav,0,4,3,3,0.0020090458,0.012101644,0.0034118094,0.97423744,0.00824015
asthma_v2_healthy_P7Healthy39S.wav,0,4,3,3,0.004443391,0.04455241,0.0030610913,0.9369365,0.01100659
asthma_v2_healthy_P7Healthy84S.wav,0,4,3,3,0.0076511293,0.0058182976,0.004017003,0.96167773,0.020835934
asthma_v2_healthy_P7Healthy85S.wav,0,4,3,3,0.0066004293,0.004457835,0.0029942535,0.9653769,0.020570604
asthma_v2_healthy_P7Healthy94S.wav,0,4,3,3,0.0030679628,0.022467896,0.0069169234,0.9604705,0.0070768157
asthma_v2_pneumonia_P10Pneumonia52A.wav,0,4,4,4,0.010657144,0.0023562873,0.031585593,0.022417577,0.93298346
asthma_v2_pneumonia_P10Pneumonia73G.wav,0,4,4,4,0.019594304,0.0019291197,0.044567283,0.011674582,0.9222347
asthma_v2_pneumonia_P10Pneumonia80J.wav,0,4,4,4,0.0145018725,0.0066209203,0.07996513,0.028926607,0.8699854
asthma_v2_pneumonia_P10Pneumonia88R.wav,0,4,4,4,0.019029405,0.0008730916,0.0031506475,0.02763775,0.9493091
asthma_v2_pneumonia_P10Pneumonia93W.wav,0,4,4,2,0.01067031,0.033760935,0.8057699,0.04257413,0.10722467
asthma_v2_pneumonia_P10Pneumonia97B.wav,0,4,4,4,0.036969915,0.005724248,0.24012686,0.009703572,0.7074755
asthma_v2_pneumonia_P16Pneumonia18Z.wav,0,4,4,4,0.054857086,0.002048974,0.00422148,0.19840781,0.74046475
asthma_v2_pneumonia_P16Pneumonia42Q.wav,0,4,4,4,0.032259982,0.0024142412,0.0021057224,0.2690691,0.6941509
asthma_v2_pneumonia_P16Pneumonia56J.wav,0,4,4,4,0.04280664,0.0030683656,0.003666516,0.20423982,0.7462186
asthma_v2_pneumonia_P16Pneumonia66X.wav,0,4,4,4,0.04378271,0.0035752777,0.0020481392,0.45753378,0.49306005
asthma_v2_pneumonia_P16Pneumonia78M.wav,0,4,4,4,0.024601368,0.002782774,0.0016871385,0.27045774,0.7004709
asthma_v2_pneumonia_P16Pneumonia80G.wav,0,4,4,4,0.035774022,0.003545484,0.0022204716,0.3600804,0.5983796
asthma_v2_pneumonia_P18Pneumonia15Q.wav,0,4,4,4,0.019134915,0.0015275975,0.0041422835,0.044415195,0.93078005
asthma_v2_pneumonia_P18Pneumonia16E.wav,0,4,4,4,0.034156423,0.0013011094,0.015138795,0.028382827,0.9210208
asthma_v2_pneumonia_P18Pneumonia23E.wav,0,4,4,4,0.01255007,0.0010123481,0.0024388405,0.038849894,0.9451488
asthma_v2_pneumonia_P18Pneumonia50S.wav,0,4,4,4,0.012433667,0.00069207215,0.0032575817,0.018565161,0.96505165
asthma_v2_pneumonia_P18Pneumonia84N.wav,0,4,4,4,0.03431758,0.00213061,0.013301033,0.048298754,0.90195197
asthma_v2_pneumonia_P18Pneumonia88I.wav,0,4,4,4,0.0131340055,0.001287394,0.0024568273,0.039176714,0.943945
asthma_v2_pneumonia_P28Pneumonia22W.wav,0,4,4,4,0.06559972,0.0027470817,0.04963892,0.006926735,0.87508756
asthma_v2_pneumonia_P28Pneumonia43J.wav,0,4,4,3,0.019534137,0.005964746,0.005032183,0.6223466,0.3471224
asthma_v2_pneumonia_P28Pneumonia56Y.wav,0,4,4,4,0.024389058,0.0015827148,0.006955068,0.03634565,0.9307274
asthma_v2_pneumonia_P28Pneumonia65J.wav,0,4,4,4,0.032918777,0.002653885,0.01227528,0.024378667,0.9277734
asthma_v2_pneumonia_P28Pneumonia71A.wav,0,4,4,4,0.040259067,0.0013788157,0.0237484,0.018691564,0.9159221
asthma_v2_pneumonia_P28Pneumonia90E.wav,0,4,4,4,0.12604561,0.016966604,0.114044584,0.019484688,0.72345847
asthma_v2_pneumonia_P32Pneumonia59Q.wav,0,4,4,4,0.009552405,0.00067226903,0.0044145174,0.021730313,0.9636305
asthma_v2_pneumonia_P32Pneumonia66M.wav,0,4,4,4,0.006914652,0.00055313227,0.0031164933,0.009197949,0.9802177
asthma_v2_pneumonia_P32Pneumonia69E.wav,0,4,4,4,0.036563195,0.0013199444,0.022695115,0.02939981,0.91002184
asthma_v2_pneumonia_P32Pneumonia75E.wav,0,4,4,4,0.07156258,0.0020985012,0.028583338,0.03861321,0.8591424
asthma_v2_pneumonia_P32Pneumonia98Y.wav,0,4,4,4,0.0080132475,0.00090623426,0.0029725207,0.028514065,0.9595941
asthma_v2_pneumonia_P32Pneumonia99W.wav,0,4,4,4,0.014893487,0.0015050994,0.004020603,0.028425884,0.951155
asthma_v2_pneumonia_P33Pneumonia50P.wav,0,4,4,4,0.008065595,0.00044375626,0.003356347,0.010589404,0.9775449
asthma_v2_pneumonia_P33Pneumonia70D.wav,0,4,4,4,0.007197568,0.0006205878,0.0026724222,0.017955793,0.9715537
asthma_v2_pneumonia_P33Pneumonia74T.wav,0,4,4,4,0.019960359,0.0020994311,0.0024771278,0.040822662,0.9346404
asthma_v2_pneumonia_P33Pneumonia88U.wav,0,4,4,4,0.020328702,0.0013420783,0.0019564808,0.029923532,0.94644916
asthma_v2_pneumonia_P33Pneumonia94C.wav,0,4,4,4,0.027655138,0.00091832544,0.012893088,0.02264952,0.9358839
asthma_v2_pneumonia_P33Pneumonia94P.wav,0,4,4,4,0.03408809,0.0026578663,0.005254687,0.08387658,0.87412274
asthma_v2_pneumonia_P39Pneumonia16K.wav,0,4,4,0,0.89112973,0.03372769,0.024425467,0.006542035,0.04417504
asthma_v2_pneumonia_P39Pneumonia41F.wav,0,4,4,4,0.18247503,0.0052456874,0.008179673,0.007999378,0.79610026
asthma_v2_pneumonia_P39Pneumonia49H.wav,0,4,4,4,0.06138945,0.005067434,0.0047799046,0.050652746,0.8781104
asthma_v2_pneumonia_P39Pneumonia78Z.wav,0,4,4,0,0.44764507,0.066967525,0.0063602654,0.07986909,0.39915806
asthma_v2_pneumonia_P39Pneumonia85Q.wav,0,4,4,4,0.06722903,0.0038930583,0.007055353,0.041655634,0.88016695
asthma_v2_pneumonia_P39Pneumonia87S.wav,0,4,4,4,0.07296804,0.007897766,0.20798652,0.010303336,0.70084435
asthma_v2_pneumonia_P43Pneumonia24U.wav,0,4,4,4,0.031537667,0.0016424283,0.033395406,0.037326317,0.8960982
asthma_v2_pneumonia_P43Pneumonia53X.wav,0,4,4,4,0.010205722,0.012649773,0.038301554,0.25597632,0.68286663
asthma_v2_pneumonia_P43Pneumonia54I.wav,0,4,4,3,0.027305573,0.019128285,0.025794866,0.7077729,0.21999833
asthma_v2_pneumonia_P43Pneumonia73N.wav,0,4,4,3,0.014714023,0.044280585,0.03881734,0.58090043,0.3212876
asthma_v2_pneumonia_P43Pneumonia88Y.wav,0,4,4,4,0.0061625433,0.00067114964,0.0031686965,0.015673736,0.974324
asthma_v2_pneumonia_P43Pneumonia89T.wav,0,4,4,4,0.0071160696,0.00052927545,0.0044559496,0.011608371,0.9762902
asthma_v2_pneumonia_P44Pneumonia36U.wav,0,4,4,4,0.0581428,0.025652193,0.3016333,0.018885253,0.59568644
asthma_v2_pneumonia_P44Pneumonia47J.wav,0,4,4,3,0.014714023,0.044280585,0.03881734,0.58090043,0.3212876
asthma_v2_pneumonia_P44Pneumonia49B.wav,0,4,4,3,0.027305573,0.019128285,0.025794866,0.7077729,0.21999833
asthma_v2_pneumonia_P44Pneumonia59U.wav,0,4,4,4,0.046244275,0.00640813,0.014160639,0.12553048,0.8076565
asthma_v2_pneumonia_P44Pneumonia65N.wav,0,4,4,4,0.055181645,0.008458565,0.040825337,0.119938746,0.7755956
asthma_v2_pneumonia_P44Pneumonia71M.wav,0,4,4,4,0.010205722,0.012649773,0.038301554,0.25597632,0.68286663
asthma_v2_pneumonia_P5Pneumonia20K.wav,0,4,4,4,0.011171092,0.0008368122,0.02247807,0.014989545,0.9505245
asthma_v2_pneumonia_P5Pneumonia21J.wav,0,4,4,4,0.0051790164,0.001898455,0.022390477,0.035255015,0.935277
asthma_v2_pneumonia_P5Pneumonia38U.wav,0,4,4,4,0.010389741,0.011885981,0.14039908,0.37609842,0.46122676
asthma_v2_pneumonia_P5Pneumonia88J.wav,0,4,4,2,0.028314888,0.033427775,0.72371143,0.055531494,0.15901448
asthma_v2_pneumonia_P5Pneumonia94P.wav,0,4,4,4,0.0063551967,0.0063446383,0.042099185,0.09883272,0.84636825
asthma_v2_pneumonia_P5Pneumonia95V.wav,0,4,4,4,0.012907644,0.0028253687,0.028997175,0.08051162,0.8747582
asthma_v2_pneumonia_P9Pneumonia31T.wav,0,4,4,4,0.034221742,0.0012231084,0.012762474,0.021065287,0.9307274
asthma_v2_pneumonia_P9Pneumonia63O.wav,0,4,4,4,0.033303432,0.0018516793,0.03712226,0.042067528,0.8856551
asthma_v2_pneumonia_P9Pneumonia67I.wav,0,4,4,4,0.017628834,0.0005643586,0.006587898,0.018941065,0.95627785
asthma_v2_pneumonia_P9Pneumonia73J.wav,0,4,4,4,0.018035427,0.0005768687,0.006514437,0.007665484,0.96720773
asthma_v2_pneumonia_P9Pneumonia74S.wav,0,4,4,4,0.02526022,0.0006280348,0.0063990066,0.011708605,0.9560041
asthma_v2_pneumonia_P9Pneumonia74V.wav,0,4,4,4,0.023481824,0.00140637,0.0050480724,0.062035296,0.9080285
