file_id,repeat,fold,y_true,y_pred,p_asthma,p_bronchial,p_copd,p_healthy,p_pneumonia
asthma_v2_Bronchial_P11BronchialSc_52.wav,1,0,1,3,0.016780488,0.0052798055,0.005169141,0.9631737,0.009596867
asthma_v2_Bronchial_P11BronchialSc_54.wav,1,0,1,3,0.16410969,0.0076931077,0.022176752,0.65537757,0.15064289
asthma_v2_Bronchial_P11BronchialTc_51.wav,1,0,1,2,0.007927995,0.22050625,0.76510763,0.0032483332,0.0032097711
asthma_v2_Bronchial_P11BronchialTc_53.wav,1,0,1,3,0.14879741,0.041079048,0.028647104,0.75978875,0.021687673
asthma_v2_Bronchial_P11BronchialTc_55.wav,1,0,1,0,0.47052878,0.44760153,0.0037875532,0.036587145,0.041494988
asthma_v2_Bronchial_P14BronchialSc_66.wav,1,0,1,0,0.6276415,0.11708351,0.23715365,0.011343775,0.0067776134
asthma_v2_Bronchial_P14BronchialSc_68.wav,1,0,1,0,0.49692896,0.033835635,0.45339152,0.0043751816,0.011468678
asthma_v2_Bronchial_P14BronchialSc_70.wav,1,0,1,1,0.0019241022,0.94445354,0.010303448,0.042290602,0.0010283259
asthma_v2_Bronchial_P14BronchialTc_67.wav,1,0,1,0,0.5791069,0.15490438,0.23165683,0.0151356,0.01919617
asthma_v2_Bronchial_P14BronchialTc_69.wav,1,0,1,0,0.76286393,0.058038402,0.16283193,0.00814673,0.008119087
asthma_v2_Bronchial_P19BronchialSc_92.wav,1,0,1,1,0.0024037135,0.9678324,0.012533631,0.013338316,0.003891954
asthma_v2_Bronchial_P19BronchialSc_94.wav,1,0,1,1,0.002351558,0.92735225,0.0636686,0.0029971488,0.0036305212
asthma_v2_Bronchial_P19BronchialTc_91.wav,1,0,1,1,0.0021992247,0.93983454,0.048566867,0.007840137,0.001559271
asthma_v2_Bronchial_P19BronchialTc_93.wav,1,0,1,1,0.0015520643,0.9811585,0.008363778,0.0073041315,0.0016214771
asthma_v2_Bronchial_P19BronchialTc_95.wav,1,0,1,1,0.001194933,0.9765692,0.01641282,0.0048000044,0.0010231418
asthma_v2_Bronchial_P3BronchialSc_12.wav,1,0,1,1,0.0062670694,0.6772713,0.2837492,0.02842734,0.004285128
asthma_v2_Bronchial_P3BronchialSc_14.wav,1,0,1,2,0.0059529054,0.31904194,0.61150044,0.045229696,0.018275086
asthma_v2_Bronchial_P3BronchialTc_11.wav,1,0,1,1,0.0040514246,0.8074374,0.15739729,0.02756436,0.0035494787
asthma_v2_Bronchial_P3BronchialTc_13.wav,1,0,1,2,0.0035090628,0.07605712,0.90898293,0.007926471,0.0035243765
asthma_v2_Bronchial_P3BronchialTc_15.wav,1,0,1,1,0.0052180523,0.5015653,0.4543538,0.031141596,0.007721231
asthma_v2_asthma_P12WheezingIE_57.wav,1,0,0,0,0.8773221,0.009057584,0.0049536536,0.0012820427,0.107384674
asthma_v2_asthma_P12WheezingIU_58.wav,1,0,0,0,0.93726236,0.0049820533,0.002757063,0.000781887,0.054216616
asthma_v2_asthma_P12WheezingRL_59.wav,1,0,0,0,0.5198029,0.0025975725,0.009394888,0.003984078,0.46422055
asthma_v2_asthma_P12WheezingRS_56.wav,1,0,0,0,0.874891,0.0023857383,0.0037294128,0.0008451569,0.11814876
asthma_v2_asthma_P12WheezingRS_60.wav,1,0,0,0,0.5306399,0.2252654,0.0022580437,0.043609783,0.19822687
asthma_v2_asthma_P14WheezingIE_69.wav,1,0,0,0,0.8819303,0.021404639,0.0013207109,0.019576455,0.07576784
asthma_v2_asthma_P14WheezingIU_66.wav,1,0,0,0,0.87607074,0.042787053,0.0023771944,0.0015088522,0.0772562
asthma_v2_asthma_P14WheezingIU_70.wav,1,0,0,0,0.7540154,0.011402944,0.003265078,0.0054974635,0.22581917
asthma_v2_asthma_P14WheezingRL_67.wav,1,0,0,0,0.65816873,0.16106482,0.002265225,0.071874745,0.10662648
asthma_v2_asthma_P14WheezingRS_68.wav,1,0,0,0,0.87938726,0.030580143,0.0035105732,0.003300433,0.08322154
asthma_v2_asthma_P21WheezingIE_101.wav,1,0,0,0,0.84261423,0.09618139,0.010401771,0.009789763,0.0410129
asthma_v2_asthma_P21WheezingIE_105.wav,1,0,0,0,0.90367246,0.0364309,0.038180664,0.0018332117,0.019882843
asthma_v2_asthma_P21WheezingIU_102.wav,1,0,0,0,0.93579495,0.035314623,0.009509745,0.004620806,0.014759908
asthma_v2_asthma_P21WheezingRL_103.wav,1,0,0,0,0.9300899,0.025854932,0.0018714002,0.004234454,0.037949383
asthma_v2_asthma_P21WheezingRS_104.wav,1,0,0,0,0.9382308,0.017776353,0.017501235,0.0016155357,0.024876062
asthma_v2_asthma_P30WheezingIE_149.wav,1,0,0,0,0.9672945,0.0056237956,0.01558542,0.0010416884,0.010454654
asthma_v2_asthma_P30WheezingIU_146.wav,1,0,0,0,0.68015707,0.009364623,0.03330208,0.023324186,0.2538521
asthma_v2_asthma_P30WheezingIU_150.wav,1,0,0,0,0.9253636,0.034034375,0.016624758,0.0031955426,0.020781672
asthma_v2_asthma_P30WheezingRL_147.wav,1,0,0,0,0.9449212,0.016725065,0.013307459,0.0015150376,0.023531208
asthma_v2_asthma_P30WheezingRS_148.wav,1,0,0,0,0.9517641,0.014801446,0.01813368,0.0010690724,0.014231636
asthma_v2_asthma_P32WheezingIE_157.wav,1,0,0,4,0.4530646,0.009275827,0.019955352,0.016208852,0.50149536
asthma_v2_asthma_P32WheezingIU_158.wav,1,0,0,0,0.9325669,0.007439128,0.007679694,0.0035621217,0.04875224
asthma_v2_asthma_P32WheezingRL_159.wav,1,0,0,0,0.821087,0.03740011,0.032421835,0.026921794,0.08216923
asthma_v2_asthma_P32WheezingRS_156.wav,1,0,0,0,0.894015,0.012195364,0.005032116,0.047915142,0.040842406
asthma_v2_asthma_P32WheezingRS_160.wav,1,0,0,0,0.9289108,0.018493414,0.00847213,0.005907056,0.038216572
asthma_v2_asthma_P35WheezingIE_173.wav,1,0,0,0,0.7928224,0.002027403,0.15764551,0.0026001742,0.044904493
asthma_v2_asthma_P35WheezingIU_174.wav,1,0,0,0,0.63821906,0.09681489,0.23462622,0.019283682,0.011056215
asthma_v2_asthma_P35WheezingRL_171.wav,1,0,0,0,0.89423925,0.0028945524,0.005358659,0.00092549075,0.09658208
asthma_v2_asthma_P35WheezingRL_175.wav,1,0,0,0,0.9365219,0.008208155,0.032247066,0.0071253106,0.015897565
asthma_v2_asthma_P35WheezingRS_172.wav,1,0,0,0,0.920643,0.0018789399,0.058222808,0.004556607,0.01469865
asthma_v2_asthma_P41WheezingIE_201.wav,1,0,0,0,0.9197784,0.0034626224,0.04618471,0.0036723672,0.026901906
asthma_v2_asthma_P41WheezingIE_205.wav,1,0,0,0,0.9141077,0.0030938773,0.06534146,0.0011572579,0.016299732
asthma_v2_asthma_P41WheezingIU_202.wav,1,0,0,0,0.9165103,0.006220444,0.051862404,0.009707771,0.015699062
asthma_v2_asthma_P41WheezingRL_203.wav,1,0,0,0,0.91295296,0.004589298,0.066151865,0.0058688363,0.010437023
asthma_v2_asthma_P41WheezingRS_204.wav,1,0,0,0,0.9351857,0.002838395,0.034390744,0.00079177134,0.02679328
asthma_v2_asthma_P47WheezingIE_233.wav,1,0,0,0,0.8725682,0.0025878514,0.101295866,0.0013906813,0.02215746
asthma_v2_asthma_P47WheezingIU_234.wav,1,0,0,0,0.9247037,0.0020367522,0.057759684,0.0011485388,0.014351302
asthma_v2_asthma_P47WheezingRL_231.wav,1,0,0,0,0.7507072,0.019639784,0.17637673,0.023863044,0.02941323
asthma_v2_asthma_P47WheezingRL_235.wav,1,0,0,0,0.80176336,0.0036814816,0.093507245,0.013568023,0.087479964
asthma_v2_asthma_P47WheezingRS_232.wav,1,0,0,0,0.73703575,0.0022903397,0.19184282,0.00235703,0.06647404
asthma_v2_asthma_P49WheezingIE_241.wav,1,0,0,0,0.9119816,0.009442002,0.059097752,0.0017194704,0.017759148
asthma_v2_asthma_P49WheezingIE_245.wav,1,0,0,0,0.7253627,0.007296514,0.20451224,0.030324083,0.032504454
asthma_v2_asthma_P49WheezingIU_242.wav,1,0,0,0,0.83338696,0.0057741036,0.14674366,0.002055874,0.012039396
asthma_v2_asthma_P49WheezingRL_243.wav,1,0,0,0,0.8423527,0.035672124,0.041219354,0.038950082,0.041805685
asthma_v2_asthma_P49WheezingRS_244.wav,1,0,0,0,0.78243065,0.005314399,0.19732666,0.0022388126,0.012689406
asthma_v2_asthma_P7AsthmaIE_33.wav,1,0,0,0,0.84162545,0.025234146,0.00992037,0.004840779,0.1183793
asthma_v2_asthma_P7AsthmaIU_34.wav,1,0,0,0,0.7056274,0.003851118,0.003577286,0.0011403904,0.2858038
asthma_v2_asthma_P7AsthmaRL_31.wav,1,0,0,0,0.80744946,0.01390789,0.0010165195,0.018164093,0.15946208
asthma_v2_asthma_P7AsthmaRL_35.wav,1,0,0,0,0.7938206,0.018113513,0.0019189145,0.00458104,0.18156594
asthma_v2_asthma_P7AsthmaRS_32.wav,1,0,0,0,0.8325322,0.024248075,0.0031929638,0.009352239,0.13067456
asthma_v2_asthma_P8AsthmaIE_37.wav,1,0,0,0,0.87592214,0.04474548,0.0033869562,0.005557119,0.070388354
asthma_v2_asthma_P8AsthmaIU_38.wav,1,0,0,0,0.9070808,0.005717137,0.0023194407,0.0008635064,0.084019125
asthma_v2_asthma_P8AsthmaRL_39.wav,1,0,0,0,0.95422953,0.0050807083,0.0030499876,0.0013742275,0.03626562
asthma_v2_asthma_P8AsthmaRS_36.wav,1,0,0,0,0.61482674,0.02138446,0.0025457006,0.006090498,0.35515267
asthma_v2_asthma_P8AsthmaRS_40.wav,1,0,0,0,0.7564186,0.008680176,0.0010253377,0.006625836,0.22725004
asthma_v2_copd_P15COPDMc_114.wav,1,0,2,0,0.5003341,0.14383113,0.33616295,0.0063555134,0.013316329
asthma_v2_copd_P15COPDMc_116.wav,1,0,2,2,0.4080434,0.004115538,0.5700446,0.0016776357,0.01611877
asthma_v2_copd_P15COPDMc_118.wav,1,0,2,0,0.53756976,0.0074663213,0.43175402,0.002006385,0.02120345
asthma_v2_copd_P15COPDMc_120.wav,1,0,2,2,0.30700764,0.0038700376,0.661873,0.0021260488,0.025123267
asthma_v2_copd_P15COPDPr_113.wav,1,0,2,0,0.78780437,0.0019476591,0.20234631,0.0009776936,0.006923926
asthma_v2_copd_P15COPDPr_115.wav,1,0,2,2,0.2252628,0.0026022242,0.74873906,0.0013670817,0.022028817
asthma_v2_copd_P15COPDPr_117.wav,1,0,2,0,0.82513994,0.006269555,0.13155301,0.0050200135,0.032017514
asthma_v2_copd_P15COPDPr_119.wav,1,0,2,2,0.20802909,0.0070688426,0.7697097,0.0018754663,0.013316891
asthma_v2_copd_P19COPDMc_146.wav,1,0,2,2,0.04390867,0.030760013,0.86194247,0.010472891,0.052915953
asthma_v2_copd_P19COPDMc_148.wav,1,0,2,2,0.028146338,0.051069383,0.8778269,0.011250573,0.03170677
asthma_v2_copd_P19COPDMc_150.wav,1,0,2,2,0.006552534,0.010813646,0.9742037,0.0010923547,0.0073377728
asthma_v2_copd_P19COPDMc_152.wav,1,0,2,2,0.002306985,0.012302319,0.98109996,0.0010692674,0.0032213926
asthma_v2_copd_P19COPDPr_145.wav,1,0,2,2,0.008631422,0.34795412,0.6245508,0.016397834,0.0024657473
asthma_v2_copd_P19COPDPr_147.wav,1,0,2,2,0.089866355,0.017478481,0.80723315,0.007846807,0.0775752
asthma_v2_copd_P19COPDPr_149.wav,1,0,2,2,0.031135416,0.05631829,0.8673829,0.016672155,0.028491247
asthma_v2_copd_P19COPDPr_151.wav,1,0,2,2,0.035069913,0.24139553,0.58025676,0.13073704,0.012540736
asthma_v2_copd_P1COPDMc_2.wav,1,0,2,2,0.32397714,0.008440767,0.5563745,0.003967931,0.10723972
asthma_v2_copd_P1COPDMc_4.wav,1,0,2,2,0.022402639,0.0039849877,0.90219855,0.015578308,0.055835463
asthma_v2_copd_P1COPDMc_6.wav,1,0,2,2,0.009595911,0.0048956135,0.9351648,0.028094403,0.022249222
asthma_v2_copd_P1COPDMc_8.wav,1,0,2,2,0.0030380168,0.0011033425,0.9852985,0.005185023,0.005375037
asthma_v2_copd_P1COPDPr_1.wav,1,0,2,0,0.7745928,0.003488699,0.21612182,0.0010760081,0.0047206255
asthma_v2_copd_P1COPDPr_3.wav,1,0,2,0,0.66599417,0.009501714,0.2522673,0.021547208,0.050689697
asthma_v2_copd_P1COPDPr_5.wav,1,0,2,2,0.0037077277,0.0032298923,0.97219074,0.007764549,0.013107163
asthma_v2_copd_P1COPDPr_7.wav,1,0,2,2,0.008347779,0.0039067864,0.9657677,0.015701959,0.006275743
asthma_v2_copd_P22COPDMc_170.wav,1,0,2,2,0.01067664,0.0029641935,0.94116664,0.007939246,0.03725325
asthma_v2_copd_P22COPDMc_172.wav,1,0,2,2,0.009205194,0.0034162586,0.9459466,0.004730407,0.036701567
asthma_v2_copd_P22COPDMc_174.wav,1,0,2,4,0.20866919,0.0029528225,0.21119936,0.08327811,0.49390054
asthma_v2_copd_P22COPDMc_176.wav,1,0,2,2,0.02302208,0.20863667,0.49586618,0.26286623,0.009608927
asthma_v2_copd_P22COPDPr_169.wav,1,0,2,2,0.012206269,0.002398389,0.93318003,0.011361023,0.04085426
asthma_v2_copd_P22COPDPr_171.wav,1,0,2,2,0.015523614,0.0026270754,0.82898486,0.0063421745,0.14652233
asthma_v2_copd_P22COPDPr_173.wav,1,0,2,4,0.09768522,0.0012023516,0.033444233,0.051844113,0.81582403
asthma_v2_copd_P22COPDPr_175.wav,1,0,2,4,0.07585038,0.0014661546,0.075826846,0.019742643,0.827114
asthma_v2_copd_P28COPDMc_218.wav,1,0,2,2,0.00838213,0.02865831,0.90985477,0.049641374,0.0034634967
asthma_v2_copd_P28COPDMc_220.wav,1,0,2,2,0.0033124515,0.003543131,0.98171335,0.007693507,0.003737502
asthma_v2_copd_P28COPDMc_222.wav,1,0,2,2,0.0037599013,0.0035319573,0.9774734,0.010030688,0.0052040215
asthma_v2_copd_P28COPDMc_224.wav,1,0,2,2,0.0036042444,0.003943413,0.97394186,0.005776685,0.012733743
asthma_v2_copd_P28COPDPr_217.wav,1,0,2,2,0.005115336,0.00872875,0.9736092,0.0088165775,0.0037302144
asthma_v2_copd_P28COPDPr_219.wav,1,0,2,2,0.03182463,0.15103665,0.7168519,0.0876479,0.012638949
asthma_v2_copd_P28COPDPr_221.wav,1,0,2,2,0.007435407,0.024061507,0.9356174,0.010292119,0.022593554
asthma_v2_copd_P28COPDPr_223.wav,1,0,2,2,0.009424241,0.019577686,0.92911935,0.016917124,0.024961572
asthma_v2_copd_P35COPDMc_274.wav,1,0,2,2,0.0018818378,0.0067061763,0.9875329,0.0010396892,0.002839425
asthma_v2_copd_P35COPDMc_276.wav,1,0,2,2,0.010012953,0.01063711,0.94127965,0.02349228,0.014578094
asthma_v2_copd_P35COPDMc_278.wav,1,0,2,2,0.0026560987,0.026823338,0.95719784,0.006563471,0.006759355
asthma_v2_copd_P35COPDMc_280.wav,1,0,2,2,0.0060769073,0.03845011,0.91316015,0.040960345,0.0013524776
asthma_v2_copd_P35COPDPr_273.wav,1,0,2,4,0.020742953,0.0026350128,0.46128315,0.012569961,0.50276893
asthma_v2_copd_P35COPDPr_275.wav,1,0,2,2,0.0016605554,0.011792369,0.98222005,0.0027844566,0.0015425213
asthma_v2_copd_P35COPDPr_277.wav,1,0,2,2,0.0048458627,0.38883004,0.5173553,0.06785055,0.021118224
asthma_v2_copd_P35COPDPr_279.wav,1,0,2,2,0.0032392924,0.005958471,0.9822289,0.0071131797,0.0014601707
asthma_v2_copd_P36COPDMc_282.wav,1,0,2,2,0.01750139,0.0046392563,0.95522064,0.001592887,0.02104577
asthma_v2_copd_P36COPDMc_284.wav,1,0,2,2,0.0109967785,0.014837859,0.958835,0.008314867,0.007015532
asthma_v2_copd_P36COPDMc_286.wav,1,0,2,2,0.0059119756,0.05449475,0.9290357,0.007896091,0.0026614373
asthma_v2_copd_P36COPDMc_288.wav,1,0,2,2,0.003783963,0.009840933,0.98258257,0.0007674223,0.0030250677
asthma_v2_copd_P36COPDPr_281.wav,1,0,2,2,0.00588763,0.0502355,0.92474276,0.01774032,0.0013938219
asthma_v2_copd_P36COPDPr_283.wav,1,0,2,2,0.026944997,0.010487283,0.8966802,0.0045729633,0.06131461
asthma_v2_copd_P36COPDPr_285.wav,1,0,2,2,0.0026079111,0.007823013,0.98623186,0.002207357,0.0011298865
asthma_v2_copd_P36COPDPr_287.wav,1,0,2,2,0.0051204325,0.012448769,0.9730138,0.006160563,0.0032563945
asthma_v2_copd_P44COPDMc_346.wav,1,0,2,4,0.03835569,0.0043805554,0.051906254,0.29009038,0.6152671
asthma_v2_copd_P44COPDMc_348.wav,1,0,2,4,0.02714533,0.0048359074,0.106758356,0.2664564,0.5948041
asthma_v2_copd_P44COPDMc_350.wav,1,0,2,1,0.0067289625,0.8298002,0.109642714,0.05192215,0.0019060011
asthma_v2_copd_P44COPDMc_352.wav,1,0,2,2,0.006689893,0.0029842823,0.91700506,0.007512577,0.06580822
asthma_v2_copd_P44COPDPr_345.wav,1,0,2,2,0.0024925193,0.0060343645,0.9857108,0.0010545327,0.0047077634
asthma_v2_copd_P44COPDPr_347.wav,1,0,2,4,0.049645986,0.004540242,0.08285657,0.34550065,0.51745653
asthma_v2_copd_P44COPDPr_349.wav,1,0,2,2,0.0130783385,0.3175113,0.65098256,0.017403755,0.0010240626
asthma_v2_copd_P44COPDPr_351.wav,1,0,2,1,0.0049394374,0.9192542,0.0702988,0.0048489263,0.00065863086
asthma_v2_copd_P7COPDMc_50.wav,1,0,2,3,0.10368001,0.0073001473,0.15897408,0.545767,0.1842787
asthma_v2_copd_P7COPDMc_52.wav,1,0,2,2,0.009722173,0.01875095,0.94834334,0.020302324,0.0028812233
asthma_v2_copd_P7COPDMc_54.wav,1,0,2,2,0.0062650368,0.042121444,0.6912011,0.25105774,0.009354635
asthma_v2_copd_P7COPDMc_56.wav,1,0,2,2,0.02146945,0.1594088,0.67332786,0.1411951,0.0045987745
asthma_v2_copd_P7COPDPr_49.wav,1,0,2,3,0.07047078,0.00672726,0.2514337,0.608823,0.062545285
asthma_v2_copd_P7COPDPr_51.wav,1,0,2,2,0.03369421,0.009144698,0.76841575,0.17443255,0.014312781
asthma_v2_copd_P7COPDPr_53.wav,1,0,2,2,0.0139583545,0.124057904,0.8395793,0.020217402,0.0021870572
asthma_v2_copd_P7COPDPr_55.wav,1,0,2,2,0.0104781,0.060456,0.90174955,0.024689289,0.0026270626
asthma_v2_copd_P8COPDMc_58.wav,1,0,2,2,0.008301963,0.0037860037,0.9860284,0.00077040377,0.0011131866
asthma_v2_copd_P8COPDMc_60.wav,1,0,2,2,0.006303192,0.0039118095,0.9881003,0.00067378115,0.0010109084
asthma_v2_copd_P8COPDMc_62.wav,1,0,2,2,0.0032940428,0.004179531,0.9890559,0.0009904777,0.0024800503
asthma_v2_copd_P8COPDMc_64.wav,1,0,2,2,0.008824349,0.0037442546,0.9841851,0.00079937134,0.0024469185
asthma_v2_copd_P8COPDPr_57.wav,1,0,2,2,0.002719402,0.005000918,0.98895264,0.0024207074,0.00090627454
asthma_v2_copd_P8COPDPr_59.wav,1,0,2,2,0.0022996778,0.0021667313,0.99269617,0.001449398,0.0013881106
asthma_v2_copd_P8COPDPr_61.wav,1,0,2,2,0.004724473,0.0026267702,0.99002856,0.0016015565,0.0010185872
asthma_v2_copd_P8COPDPr_63.wav,1,0,2,2,0.004027685,0.0023337423,0.99082094,0.001149773,0.0016678513
asthma_v2_healthy_P1Healthy29S.wav,1,0,3,3,0.006901954,0.02250006,0.063268,0.90257436,0.004755593
asthma_v2_healthy_P1Healthy55S.wav,1,0,3,3,0.0021286171,0.0023450758,0.0063065533,0.98357576,0.005644
asthma_v2_healthy_P1Healthy86S.wav,1,0,3,3,0.0014746002,0.00427189,0.006331383,0.97985214,0.008070065
asthma_v2_healthy_P1Healthy88S.wav,1,0,3,3,0.008051964,0.008707018,0.02979863,0.9466194,0.006822894
asthma_v2_healthy_P1Healthy99S.wav,1,0,3,3,0.002531585,0.0025570393,0.0066898535,0.9834448,0.004776732
asthma_v2_healthy_P20Healthy25S.wav,1,0,3,3,0.049238462,0.006091526,0.007066822,0.87256086,0.06504232
asthma_v2_healthy_P20Healthy31S.wav,1,0,3,3,0.019833326,0.0030358029,0.0018724813,0.9526909,0.02256743
asthma_v2_healthy_P20Healthy59S.wav,1,0,3,3,0.01611523,0.002711078,0.0015708858,0.8797482,0.09985457
asthma_v2_healthy_P20Healthy70S.wav,1,0,3,3,0.1098034,0.0052507278,0.0098255295,0.5633467,0.3117737
asthma_v2_healthy_P20Healthy84S.wav,1,0,3,3,0.05942869,0.0036906067,0.013787272,0.5527541,0.37033936
asthma_v2_healthy_P22Healthy36S.wav,1,0,3,3,0.04426928,0.008314306,0.011732075,0.87826633,0.057417925
asthma_v2_healthy_P22Healthy45S.wav,1,0,3,3,0.20465194,0.0138359675,0.013640772,0.5669139,0.20095748
asthma_v2_healthy_P22Healthy50S.wav,1,0,3,3,0.017403403,0.015292337,0.0039139255,0.9419616,0.021428807
asthma_v2_healthy_P22Healthy88S.wav,1,0,3,3,0.0455347,0.0046802554,0.005718594,0.7382669,0.20579952
asthma_v2_healthy_P22Healthy94S.wav,1,0,3,3,0.1154244,0.015068297,0.015741589,0.7573139,0.09645182
asthma_v2_healthy_P23Healthy14S.wav,1,0,3,3,0.0455347,0.0046802554,0.005718594,0.7382669,0.20579952
asthma_v2_healthy_P23Healthy24S.wav,1,0,3,3,0.018696427,0.0022955018,0.0025755663,0.902853,0.07357952
asthma_v2_healthy_P23Healthy72S.wav,1,0,3,0,0.35127634,0.009192988,0.09843622,0.31440172,0.22669272
asthma_v2_healthy_P23Healthy97S.wav,1,0,3,3,0.018696427,0.0022955018,0.0025755663,0.902853,0.07357952
asthma_v2_healthy_P23Healthy98S.wav,1,0,3,0,0.35127634,0.009192988,0.09843622,0.31440172,0.22669272
asthma_v2_healthy_P7Healthy38S.wav,1,0,3,3,0.0007256365,0.009726156,0.002279432,0.98523545,0.0020332634
asthma_v2_healthy_P7Healthy39S.wav,1,0,3,3,0.0012167343,0.006503518,0.0018550126,0.9842808,0.0061439155
asthma_v2_healthy_P7Healthy84S.wav,1,0,3,3,0.0030242102,0.0012482967,0.00074298785,0.98478496,0.010199549
asthma_v2_healthy_P7Healthy85S.wav,1,0,3,3,0.0016201903,0.0008344373,0.000804408,0.986508,0.010232851
asthma_v2_healthy_P7Healthy94S.wav,1,0,3,3,0.0007373455,0.0060372176,0.0023375093,0.9889303,0.0019576037
asthma_v2_healthy_P8Healthy33S.wav,1,0,3,3,0.011238182,0.0049713496,0.015492917,0.9487494,0.01954815
asthma_v2_healthy_P8Healthy35S.wav,1,0,3,3,0.013930961,0.002511426,0.009329443,0.8726111,0.10161707
asthma_v2_healthy_P8Healthy48S.wav,1,0,3,3,0.005358926,0.16631809,0.0538725,0.76721436,0.0072361957
asthma_v2_healthy_P8Healthy70S.wav,1,0,3,3,0.0057676523,0.06253431,0.035636116,0.8844632,0.011598706
asthma_v2_healthy_P8Healthy82S.wav,1,0,3,3,0.00312101,0.017199084,0.02309817,0.9500728,0.0065089357
asthma_v2_pneumonia_P11Pneumonia12W.wav,1,0,4,4,0.015171762,0.00035185472,0.005171952,0.019863363,0.95944107
asthma_v2_pneumonia_P11Pneumonia18T.wav,1,0,4,0,0.33305112,0.016415033,0.29556787,0.08683349,0.2681325
asthma_v2_pneumonia_P11Pneumonia41N.wav,1,0,4,4,0.041178472,0.0004948481,0.010489217,0.01654459,0.93129283
asthma_v2_pneumonia_P11Pneumonia58A.wav,1,0,4,4,0.039231304,0.0003835565,0.020589992,0.02136842,0.91842675
asthma_v2_pneumonia_P11Pneumonia65P.wav,1,0,4,4,0.107813425,0.0011126072,0.07923895,0.017169869,0.7946651
asthma_v2_pneumonia_P11Pneumonia98J.wav,1,0,4,4,0.21522848,0.001241468,0.2061572,0.032855794,0.5445171
asthma_v2_pneumonia_P16Pneumonia18Z.wav,1,0,4,4,0.025962714,0.00071341946,0.0038021032,0.023872612,0.94564927
asthma_v2_pneumonia_P16Pneumonia42Q.wav,1,0,4,4,0.013450787,0.0003810404,0.0020821912,0.019166054,0.96491987
asthma_v2_pneumonia_P16Pneumonia56J.wav,1,0,4,4,0.03250708,0.0004933294,0.003548395,0.035471838,0.9279793
asthma_v2_pneumonia_P16Pneumonia66X.wav,1,0,4,4,0.023836613,0.0006718475,0.0021874467,0.083919816,0.8893843
asthma_v2_pneumonia_P16Pneumonia78M.wav,1,0,4,4,0.0177634,0.00043640842,0.001408968,0.023272963,0.95711833
asthma_v2_pneumonia_P16Pneumonia80G.wav,1,0,4,4,0.028340336,0.0007240648,0.003111964,0.036554713,0.9312688
asthma_v2_pneumonia_P21Pneumonia12C.wav,1,0,4,2,0.065505005,0.010454846,0.7350079,0.060343865,0.12868841
asthma_v2_pneumonia_P21Pneumonia24G.wav,1,0,4,4,0.049928907,0.020283477,0.2506115,0.08877886,0.5903972
asthma_v2_pneumonia_P21Pneumonia56M.wav,1,0,4,3,0.1241504,0.0054262946,0.0094202105,0.60693544,0.25406766
asthma_v2_pneumonia_P21Pneumonia69Q.wav,1,0,4,4,0.03401501,0.0013272302,0.0042730407,0.025819782,0.93456495
asthma_v2_pneumonia_P21Pneumonia78P.wav,1,0,4,3,0.07257517,0.0073391995,0.008739198,0.82622755,0.08511896
asthma_v2_pneumonia_P21Pneumonia95A.wav,1,0,4,3,0.03844449,0.0037268507,0.016080538,0.6847417,0.25700647
asthma_v2_pneumonia_P25Pneumonia11Z.wav,1,0,4,3,0.004965901,0.005379652,0.011697534,0.9598735,0.018083453
asthma_v2_pneumonia_P25Pneumonia16B.wav,1,0,4,4,0.017822156,0.0003221305,0.015505013,0.027413433,0.93893725
asthma_v2_pneumonia_P25Pneumonia30I.wav,1,0,4,3,0.008965258,0.0013671545,0.0047029858,0.9138181,0.07114649
asthma_v2_pneumonia_P25Pneumonia42V.wav,1,0,4,3,0.17460346,0.027384173,0.2478518,0.37851867,0.17164184
asthma_v2_pneumonia_P25Pneumonia93N.wav,1,0,4,3,0.0045803096,0.0017554581,0.00096844183,0.96122074,0.0314751
asthma_v2_pneumonia_P25Pneumonia97D.wav,1,0,4,4,0.073865175,0.0014230902,0.033690996,0.08786239,0.8031582
asthma_v2_pneumonia_P32Pneumonia59Q.wav,1,0,4,4,0.047468964,0.0005520941,0.009753216,0.029468106,0.9127576
asthma_v2_pneumonia_P32Pneumonia66M.wav,1,0,4,4,0.009228487,0.00026685218,0.00369384,0.017240671,0.9695701
asthma_v2_pneumonia_P32Pneumonia69E.wav,1,0,4,4,0.0833657,0.0013612702,0.013792401,0.08270247,0.81877816
asthma_v2_pneumonia_P32Pneumonia75E.wav,1,0,4,4,0.1455646,0.0020433513,0.037836142,0.14238954,0.6721664
asthma_v2_pneumonia_P32Pneumonia98Y.wav,1,0,4,4,0.00917618,0.000500448,0.0029986673,0.04854734,0.9387774
asthma_v2_pneumonia_P32Pneumonia99W.wav,1,0,4,4,0.013538716,0.0004934199,0.005197558,0.0498751,0.93089515
asthma_v2_pneumonia_P35Pneumonia16F.wav,1,0,4,4,0.019212602,0.0007586607,0.0024347072,0.09891797,0.87867606
asthma_v2_pneumonia_P35Pneumonia46U.wav,1,0,4,4,0.072222464,0.0010373002,0.076307006,0.13693826,0.713495
asthma_v2_pneumonia_P35Pneumonia56D.wav,1,0,4,4,0.13060959,0.001036865,0.026236808,0.04416341,0.79795325
asthma_v2_pneumonia_P35Pneumonia57I.wav,1,0,4,3,0.011617073,0.0012286028,0.0049164104,0.5419103,0.4403276
asthma_v2_pneumonia_P35Pneumonia75E.wav,1,0,4,4,0.080475606,0.0022033455,0.008690176,0.08953653,0.8190944
asthma_v2_pneumonia_P35Pneumonia99V.wav,1,0,4,4,0.035007972,0.00045569855,0.036959466,0.0701373,0.85743964
asthma_v2_pneumonia_P36Pneumonia56V.wav,1,0,4,0,0.43853465,0.1619459,0.001834386,0.11016179,0.28752333
asthma_v2_pneumonia_P36Pneumonia57U.wav,1,0,4,1,0.31298494,0.532339,0.0020984653,0.07538438,0.07719327
asthma_v2_pneumonia_P36Pneumonia79Z.wav,1,0,4,4,0.10781385,0.0026257506,0.008416409,0.17049691,0.71064705
asthma_v2_pneumonia_P36Pneumonia83N.wav,1,0,4,4,0.017352093,0.0003853163,0.0023800442,0.047863156,0.9320193
asthma_v2_pneumonia_P36Pneumonia85U.wav,1,0,4,4,0.025205418,0.00078860525,0.0038397778,0.05315761,0.9170085
asthma_v2_pneumonia_P36Pneumonia86S.wav,1,0,4,0,0.47822076,0.21336193,0.0013103142,0.22751543,0.07959152
asthma_v2_pneumonia_P46Pneumonia15W.wav,1,0,4,3,0.058885988,0.003073741,0.02359234,0.6099209,0.30452704
asthma_v2_pneumonia_P46Pneumonia22V.wav,1,0,4,4,0.15307818,0.011363179,0.110374115,0.04598471,0.6791998
asthma_v2_pneumonia_P46Pneumonia49D.wav,1,0,4,4,0.18737102,0.0035693576,0.023658998,0.24947631,0.53592426
asthma_v2_pneumonia_P46Pneumonia80D.wav,1,0,4,4,0.16180165,0.0063887266,0.017656889,0.27832314,0.53582954
asthma_v2_pneumonia_P46Pneumonia95A.wav,1,0,4,4,0.056448974,0.0027843614,0.032665353,0.16779326,0.74030805
asthma_v2_pneumonia_P46Pneumonia99Y.wav,1,0,4,3,0.045026477,0.005761465,0.046610907,0.77576405,0.12683713
asthma_v2_pneumonia_P47Pneumonia14M.wav,1,0,4,0,0.5092333,0.008687625,0.032108337,0.21421064,0.23576008
asthma_v2_pneumonia_P47Pneumonia19A.wav,1,0,4,3,0.14517233,0.007971134,0.08735607,0.53531206,0.22418836
asthma_v2_pneumonia_P47Pneumonia24N.wav,1,0,4,4,0.16026577,0.0010772353,0.08663916,0.026875846,0.725142
asthma_v2_pneumonia_P47Pneumonia69D.wav,1,0,4,3,0.18229133,0.016563054,0.023891518,0.72127503,0.055979148
asthma_v2_pneumonia_P47Pneumonia74Q.wav,1,0,4,4,0.28994665,0.0019355541,0.07880695,0.028076217,0.6012347
asthma_v2_pneumonia_P47Pneumonia98K.wav,1,0,4,4,0.1493438,0.0059343576,0.015076353,0.31172612,0.5179194
asthma_v2_pneumonia_P48Pneumonia31K.wav,1,0,4,4,0.16180165,0.0063887266,0.017656889,0.27832314,0.53582954
asthma_v2_pneumonia_P48Pneumonia61T.wav,1,0,4,4,0.15307818,0.011363179,0.110374115,0.04598471,0.6791998
asthma_v2_pneumonia_P48Pneumonia82Z.wav,1,0,4,4,0.056448974,0.0027843614,0.032665353,0.16779326,0.74030805
asthma_v2_pneumonia_P5Pneumonia20K.wav,1,0,4,4,0.027205028,0.0005484561,0.03157187,0.05334172,0.887333
asthma_v2_pneumonia_P5Pneumonia21J.wav,1,0,4,4,0.015434812,0.0011867164,0.018822066,0.07076875,0.8937876
asthma_v2_pneumonia_P5Pneumonia38U.wav,1,0,4,3,0.029173758,0.0042655524,0.19801174,0.39309758,0.37545136
asthma_v2_pneumonia_P5Pneumonia88J.wav,1,0,4,2,0.056218028,0.017366035,0.5654169,0.15579626,0.20520279
asthma_v2_pneumonia_P5Pneumonia94P.wav,1,0,4,4,0.022866905,0.0030145226,0.06163155,0.1958244,0.71666265
asthma_v2_pneumonia_P5Pneumonia95V.wav,1,0,4,4,0.03077149,0.0035335612,0.079437554,0.38837087,0.49788645
asthma_v2_Bronchial_P15BronchialSc_72.wav,1,1,1,1,0.0013928945,0.99507684,0.0022707034,0.0012396455,2.0032694e-05
asthma_v2_Bronchial_P15BronchialSc_74.wav,1,1,1,1,0.00085304724,0.99241537,0.0045399265,0.0021035105,8.820026e-05
asthma_v2_Bronchial_P15BronchialTc_71.wav,1,1,1,1,0.0010786364,0.99575883,0.0021009347,0.0010130228,4.8613892e-05
asthma_v2_Bronchial_P15BronchialTc_73.wav,1,1,1,1,0.0016422071,0.98647517,0.009574964,0.0022336121,7.397565e-05
asthma_v2_Bronchial_P15BronchialTc_75.wav,1,1,1,1,0.19677073,0.57634336,0.09892812,0.11853827,0.009419593
asthma_v2_Bronchial_P20BronchialSc_100.wav,1,1,1,1,0.0066808322,0.990157,0.0015693011,0.001374194,0.0002187477
asthma_v2_Bronchial_P20BronchialSc_96.wav,1,1,1,1,0.00071442407,0.99718577,0.001120692,0.00083323265,0.00014587048
asthma_v2_Bronchial_P20BronchialSc_98.wav,1,1,1,1,0.0028354193,0.98832685,0.003339601,0.0050576106,0.00044055836
asthma_v2_Bronchial_P20BronchialTc_97.wav,1,1,1,1,0.002157768,0.99071735,0.0054384302,0.001596973,8.9498375e-05
asthma_v2_Bronchial_P20BronchialTc_99.wav,1,1,1,1,0.0068662087,0.96448076,0.0012982734,0.027267357,8.739372e-05
asthma_v2_Bronchial_P4BronchialSc_16.wav,1,1,1,1,0.2861631,0.47592768,0.009053713,0.17839438,0.050461188
asthma_v2_Bronchial_P4BronchialSc_18.wav,1,1,1,1,0.016062925,0.9735189,0.0030951304,0.006878897,0.00044418074
asthma_v2_Bronchial_P4BronchialSc_20.wav,1,1,1,1,0.011522039,0.97382146,0.013251714,0.001118865,0.00028596635
asthma_v2_Bronchial_P4BronchialTc_17.wav,1,1,1,1,0.007986375,0.9836675,0.002208475,0.0051150518,0.0010225542
asthma_v2_Bronchial_P4BronchialTc_19.wav,1,1,1,1,0.0015664225,0.9931624,0.00350056,0.0016891948,8.1344755e-05
asthma_v2_Bronchial_P6BronchialSc_26.wav,1,1,1,1,0.001163731,0.99125165,0.006430598,0.0011042882,4.9730068e-05
asthma_v2_Bronchial_P6BronchialSc_28.wav,1,1,1,1,0.000950662,0.9931591,0.004978192,0.0008475878,6.451279e-05
asthma_v2_Bronchial_P6BronchialSc_30.wav,1,1,1,1,0.0009726952,0.9971048,0.001624658,0.00025543215,4.238725e-05
asthma_v2_Bronchial_P6BronchialTc_27.wav,1,1,1,1,0.003288162,0.94656587,0.047420777,0.0022800132,0.0004451406
asthma_v2_Bronchial_P6BronchialTc_29.wav,1,1,1,1,0.000713713,0.99783057,0.0011761229,0.00024939995,3.0167885e-05
asthma_v2_asthma_P16WheezingIE_77.wav,1,1,0,0,0.99275655,0.0010612685,0.00097546884,9.764418e-05,0.0051089763
asthma_v2_asthma_P16WheezingIU_78.wav,1,1,0,0,0.96463615,0.002857987,0.0030859301,0.0005366891,0.02888321
asthma_v2_asthma_P16WheezingRL_79.wav,1,1,0,0,0.97378653,0.0071791075,0.0021850038,0.00022011226,0.016629245
asthma_v2_asthma_P16WheezingRS_76.wav,1,1,0,0,0.9938653,0.0018284435,0.0012430747,0.0001334221,0.0029297604
asthma_v2_asthma_P16WheezingRS_80.wav,1,1,0,0,0.9656852,0.009385609,0.0065146307,0.000646071,0.017768411
asthma_v2_asthma_P19WheezingIE_93.wav,1,1,0,0,0.941762,0.04269085,0.008401035,0.0009298207,0.0062163277
asthma_v2_asthma_P19WheezingIU_94.wav,1,1,0,0,0.98691374,0.0026879066,0.0054057008,0.0006855126,0.004306986
asthma_v2_asthma_P19WheezingRL_91.wav,1,1,0,0,0.98193204,0.008373948,0.004970308,7.710462e-05,0.0046465797
asthma_v2_asthma_P19WheezingRL_95.wav,1,1,0,0,0.9852565,0.005404862,0.0011084907,7.981399e-05,0.008150384
asthma_v2_asthma_P19WheezingRS_92.wav,1,1,0,0,0.9934883,0.0011985943,0.00077057915,4.87057e-05,0.0044938275
asthma_v2_asthma_P23WheezingIE_113.wav,1,1,0,0,0.9758558,0.006100864,0.0031949647,0.0002764488,0.014571929
asthma_v2_asthma_P23WheezingIU_114.wav,1,1,0,0,0.92709523,0.011958596,0.010009936,0.0008480189,0.050088104
asthma_v2_asthma_P23WheezingRL_111.wav,1,1,0,0,0.9790853,0.008196841,0.0025665795,0.00045192378,0.009699329
asthma_v2_asthma_P23WheezingRL_115.wav,1,1,0,0,0.9872292,0.0027277863,0.0051941327,6.031859e-05,0.0047885673
asthma_v2_asthma_P23WheezingRS_112.wav,1,1,0,0,0.9840119,0.010643349,0.0016536985,0.0004444513,0.0032466538
asthma_v2_asthma_P27WheezingIE_133.wav,1,1,0,0,0.9624322,0.026818942,0.0068147373,0.00058876665,0.0033453242
asthma_v2_asthma_P27WheezingIU_134.wav,1,1,0,0,0.9663262,0.016720178,0.002626644,0.0003692797,0.013957759
asthma_v2_asthma_P27WheezingRL_131.wav,1,1,0,0,0.9920671,0.0031221448,0.0020471357,5.999267e-05,0.0027035852
asthma_v2_asthma_P27WheezingRL_135.wav,1,1,0,0,0.98317885,0.0031450829,0.0013545764,0.00031904824,0.012002547
asthma_v2_asthma_P27WheezingRS_132.wav,1,1,0,0,0.9912077,0.00540235,0.0010481923,0.00022550198,0.0021160922
asthma_v2_asthma_P2AsthmaIE_9.wav,1,1,0,4,0.40597716,0.0243597,0.0037516241,0.008636651,0.5572748
asthma_v2_asthma_P2AsthmaIU_10.wav,1,1,0,0,0.9522595,0.034174815,0.005112422,0.00025969706,0.008193612
asthma_v2_asthma_P2AsthmaIU_6.wav,1,1,0,0,0.9099142,0.032282732,0.016344868,0.004109115,0.03734913
asthma_v2_asthma_P2AsthmaRL_7.wav,1,1,0,0,0.9954892,0.0011568725,0.0012538765,0.00034004368,0.0017600759
asthma_v2_asthma_P2AsthmaRS_8.wav,1,1,0,0,0.9434783,0.0018635165,0.0027882701,0.00031344744,0.051556446
asthma_v2_asthma_P31WheezingIE_153.wav,1,1,0,0,0.9886778,0.006898872,0.00068802154,0.00011945854,0.0036158687
asthma_v2_asthma_P31WheezingIU_154.wav,1,1,0,0,0.9846864,0.011014211,0.00071161863,0.0013995366,0.0021882502
asthma_v2_asthma_P31WheezingRL_151.wav,1,1,0,0,0.9947442,0.0031511013,0.000524424,8.805954e-05,0.0014922265
asthma_v2_asthma_P31WheezingRL_155.wav,1,1,0,0,0.78683436,0.20596999,0.0029501137,0.0008225194,0.0034229623
asthma_v2_asthma_P31WheezingRS_152.wav,1,1,0,0,0.9882663,0.0038354925,0.0035606842,6.2713625e-05,0.0042747734
asthma_v2_asthma_P40WheezingIE_197.wav,1,1,0,0,0.94784045,0.010482196,0.039377335,0.0003206865,0.0019793075
asthma_v2_asthma_P40WheezingIU_198.wav,1,1,0,0,0.94631433,0.010623674,0.041000407,0.00038818014,0.0016734308
asthma_v2_asthma_P40WheezingRL_199.wav,1,1,0,0,0.98578215,0.006301972,0.0062048375,6.174063e-05,0.0016491497
asthma_v2_asthma_P40WheezingRS_196.wav,1,1,0,0,0.9218222,0.014277795,0.06244298,0.00017239783,0.0012845953
asthma_v2_asthma_P40WheezingRS_200.wav,1,1,0,0,0.89554524,0.021814102,0.06820733,0.0006386524,0.013794616
asthma_v2_asthma_P42WheezingIE_209.wav,1,1,0,2,0.061853394,0.0010214986,0.92953676,0.00014655132,0.0074417847
asthma_v2_asthma_P42WheezingIU_206.wav,1,1,0,2,0.41558984,0.0028352845,0.5794423,0.00053459767,0.0015979472
asthma_v2_asthma_P42WheezingIU_210.wav,1,1,0,0,0.75749385,0.002824079,0.23316096,0.00027369615,0.0062474026
asthma_v2_asthma_P42WheezingRL_207.wav,1,1,0,0,0.9892792,0.0037909711,0.005442502,0.00010475829,0.0013824997
asthma_v2_asthma_P42WheezingRS_208.wav,1,1,0,2,0.20829314,0.006437792,0.78185314,0.00019205347,0.0032238467
asthma_v2_asthma_P52WheezingIE_257.wav,1,1,0,0,0.91409343,0.013436821,0.06974281,0.000102119586,0.002624845
asthma_v2_asthma_P52WheezingIU_258.wav,1,1,0,0,0.7984866,0.1318593,0.06525988,0.00041851748,0.0039757676
asthma_v2_asthma_P52WheezingRL_259.wav,1,1,0,0,0.98815864,0.0017183858,0.0005070241,0.00017867575,0.009437347
asthma_v2_asthma_P52WheezingRS_256.wav,1,1,0,0,0.94629544,0.012858471,0.03992125,9.29881e-05,0.0008318918
asthma_v2_asthma_P52WheezingRS_260.wav,1,1,0,0,0.990003,0.0020790186,0.0017897417,0.00014333255,0.005984924
asthma_v2_asthma_P55WheezingIE_273.wav,1,1,0,0,0.56329286,0.023635212,0.0026548149,0.21438527,0.19603188
asthma_v2_asthma_P55WheezingIU_274.wav,1,1,0,0,0.64752436,0.014961554,0.0072668623,0.19585109,0.13439617
asthma_v2_asthma_P55WheezingRL_271.wav,1,1,0,3,0.0053548077,0.0015317645,0.0002792068,0.9844333,0.008400921
asthma_v2_asthma_P55WheezingRL_275.wav,1,1,0,0,0.92641526,0.01936362,0.040931005,0.009459042,0.0038310108
asthma_v2_asthma_P55WheezingRS_272.wav,1,1,0,0,0.90975463,0.0026975195,0.021281779,0.006433493,0.059832495
asthma_v2_asthma_P5AsthmaIE_21.wav,1,1,0,0,0.8663487,0.07085979,0.013646999,0.003258883,0.045885712
asthma_v2_asthma_P5AsthmaIE_25.wav,1,1,0,0,0.88775957,0.004001354,0.015579937,0.0044380506,0.08822099
asthma_v2_asthma_P5AsthmaIU_22.wav,1,1,0,0,0.868806,0.026421512,0.014713959,0.006364126,0.08369445
asthma_v2_asthma_P5AsthmaRL_23.wav,1,1,0,0,0.9849526,0.009075971,0.00070100743,0.00016676112,0.005103757
asthma_v2_asthma_P5AsthmaRS_24.wav,1,1,0,0,0.9584483,0.002246902,0.002453997,0.0015362368,0.035314567
asthma_v2_asthma_P9AsthmaIE_41.wav,1,1,0,4,0.26866636,0.0009099756,0.0031462,0.0027478568,0.7245296
asthma_v2_asthma_P9AsthmaIE_45.wav,1,1,0,0,0.83783495,0.05032407,0.008825411,0.0035333894,0.09948218
asthma_v2_asthma_P9AsthmaIU_42.wav,1,1,0,0,0.97723335,0.009191554,0.0016449392,0.00029669632,0.011633427
asthma_v2_asthma_P9AsthmaRL_43.wav,1,1,0,0,0.98868227,0.0031328218,0.0022979868,6.164734e-05,0.0058252863
asthma_v2_asthma_P9AsthmaRS_44.wav,1,1,0,1,0.21763171,0.71364236,0.02020031,0.0054644,0.043061286
asthma_v2_copd_P13COPDMc_100.wav,1,1,2,2,0.0008819764,0.025617337,0.9458315,0.024141448,0.0035277372
asthma_v2_copd_P13COPDMc_102.wav,1,1,2,2,0.011289712,0.030011985,0.9465688,0.00077137677,0.011358159
asthma_v2_copd_P13COPDMc_104.wav,1,1,2,2,0.0014487769,0.046911966,0.9484604,0.0015291135,0.0016497205
asthma_v2_copd_P13COPDMc_98.wav,1,1,2,2,0.017181704,0.21048816,0.76421225,0.004303772,0.0038141601
asthma_v2_copd_P13COPDPr_101.wav,1,1,2,2,0.0016142223,0.0067191306,0.96551037,0.0013122007,0.024844129
asthma_v2_copd_P13COPDPr_103.wav,1,1,2,2,0.0015748262,0.003655525,0.885526,0.0013954714,0.10784818
asthma_v2_copd_P13COPDPr_97.wav,1,1,2,2,0.0010654879,0.059712205,0.9054936,0.027497675,0.0062310565
asthma_v2_copd_P13COPDPr_99.wav,1,1,2,2,0.0028951105,0.017929649,0.93979686,0.0174822,0.021896197
asthma_v2_copd_P20COPDMc_154.wav,1,1,2,2,0.00017261699,0.002386734,0.9612276,0.030842703,0.0053704437
asthma_v2_copd_P20COPDMc_156.wav,1,1,2,1,0.022733334,0.9594947,0.015349366,0.0017208165,0.0007017132
asthma_v2_copd_P20COPDMc_158.wav,1,1,2,2,0.00038898046,0.00099171,0.9959728,0.0013669137,0.0012795759
asthma_v2_copd_P20COPDMc_160.wav,1,1,2,2,0.00043329477,0.0034900785,0.78632855,0.2060382,0.0037098923
asthma_v2_copd_P20COPDPr_153.wav,1,1,2,2,0.00013683717,0.003139536,0.9934935,0.002170816,0.0010593974
asthma_v2_copd_P20COPDPr_155.wav,1,1,2,2,0.03841351,0.31006652,0.6392879,0.0043839314,0.007848159
asthma_v2_copd_P20COPDPr_157.wav,1,1,2,3,0.0031226792,0.12041543,0.350457,0.4100197,0.115985185
asthma_v2_copd_P20COPDPr_159.wav,1,1,2,2,0.00012738125,0.0022866547,0.99505,0.0020232138,0.0005126892
asthma_v2_copd_P21COPDMc_162.wav,1,1,2,2,8.635148e-05,0.0027035791,0.9947929,0.0019154152,0.0005016847
asthma_v2_copd_P21COPDMc_164.wav,1,1,2,2,0.0074654617,0.096662514,0.88794845,0.0036117143,0.0043118563
asthma_v2_copd_P21COPDMc_166.wav,1,1,2,2,0.016741537,0.05128197,0.91631836,0.0010918863,0.014566212
asthma_v2_copd_P21COPDMc_168.wav,1,1,2,2,0.00052708486,0.008163216,0.97404534,0.003759278,0.013505094
asthma_v2_copd_P21COPDPr_161.wav,1,1,2,2,0.00054753455,0.0071233087,0.98751694,0.0025986258,0.0022136644
asthma_v2_copd_P21COPDPr_163.wav,1,1,2,2,0.00018206946,0.008587318,0.8465419,0.14360242,0.0010863589
asthma_v2_copd_P21COPDPr_165.wav,1,1,2,2,0.04607696,0.42901462,0.50921917,0.0020841928,0.013605018
asthma_v2_copd_P21COPDPr_167.wav,1,1,2,2,0.00073103997,0.004238392,0.9860178,0.0018555283,0.0071572578
asthma_v2_copd_P27COPDMc_210.wav,1,1,2,2,0.000106677726,0.0010716202,0.9929074,0.0048553157,0.0010589815
asthma_v2_copd_P27COPDMc_212.wav,1,1,2,2,0.00021990655,0.0033949858,0.992431,0.0025659674,0.0013882578
asthma_v2_copd_P27COPDMc_214.wav,1,1,2,2,9.619433e-05,0.0011003463,0.99438876,0.0025314991,0.0018831871
asthma_v2_copd_P27COPDMc_216.wav,1,1,2,2,7.1967144e-05,0.0018185787,0.99512535,0.0021783977,0.0008057875
asthma_v2_copd_P27COPDPr_209.wav,1,1,2,2,0.0002182296,0.0029824113,0.9916819,0.0025203149,0.0025972773
asthma_v2_copd_P27COPDPr_211.wav,1,1,2,2,0.00033368543,0.0020266355,0.99093294,0.0022385325,0.0044681844
asthma_v2_copd_P27COPDPr_213.wav,1,1,2,2,8.466353e-05,0.0011953069,0.98022413,0.01716454,0.0013313772
asthma_v2_copd_P27COPDPr_215.wav,1,1,2,2,0.0001205854,0.0025986952,0.99571675,0.0010085627,0.0005553566
asthma_v2_copd_P29COPDMc_226.wav,1,1,2,2,8.542132e-05,0.0011676151,0.98614025,0.01035767,0.002249001
asthma_v2_copd_P29COPDMc_228.wav,1,1,2,2,0.00026109256,0.011651431,0.9764639,0.009702454,0.0019210778
asthma_v2_copd_P29COPDMc_230.wav,1,1,2,2,0.0007200423,0.024255905,0.9696629,0.0024992258,0.0028619966
asthma_v2_copd_P29COPDMc_232.wav,1,1,2,2,9.988752e-05,0.0017108481,0.9948008,0.0021312945,0.0012570801
asthma_v2_copd_P29COPDPr_225.wav,1,1,2,2,7.749946e-05,0.0009013742,0.9916011,0.0049325167,0.00248754
asthma_v2_copd_P29COPDPr_227.wav,1,1,2,2,0.00014208602,0.0034165,0.9869279,0.008461227,0.0010522653
asthma_v2_copd_P29COPDPr_229.wav,1,1,2,2,0.00033307113,0.01803801,0.95048153,0.023940146,0.0072072055
asthma_v2_copd_P29COPDPr_231.wav,1,1,2,2,0.00010711646,0.0019258222,0.9945068,0.0018095162,0.0016508193
asthma_v2_copd_P33COPDMc_258.wav,1,1,2,0,0.47969365,0.0054215593,0.07232909,0.02834563,0.41421002
asthma_v2_copd_P33COPDMc_260.wav,1,1,2,4,0.004377816,0.00034041394,0.034030717,0.0043975166,0.95685345
asthma_v2_copd_P33COPDMc_262.wav,1,1,2,2,0.00047154224,0.004404382,0.9784491,0.0014392319,0.01523579
asthma_v2_copd_P33COPDMc_264.wav,1,1,2,2,0.0010454793,0.029374475,0.9664651,0.001863947,0.0012508769
asthma_v2_copd_P33COPDPr_257.wav,1,1,2,2,0.34924182,0.003358633,0.6357915,0.0011266873,0.010481384
asthma_v2_copd_P33COPDPr_259.wav,1,1,2,2,0.0032543691,0.0040531885,0.81264055,0.0091506895,0.17090116
asthma_v2_copd_P33COPDPr_261.wav,1,1,2,2,9.678478e-05,0.003444484,0.9941077,0.0012153849,0.0011356059
asthma_v2_copd_P33COPDPr_263.wav,1,1,2,2,0.00012537543,0.002758436,0.99544585,0.0006912017,0.0009792262
asthma_v2_copd_P40COPDMc_314.wav,1,1,2,2,0.002334114,0.32007396,0.6440616,0.022885405,0.01064495
asthma_v2_copd_P40COPDMc_316.wav,1,1,2,2,0.00057747937,0.013631691,0.64304566,0.32109416,0.021650985
asthma_v2_copd_P40COPDMc_318.wav,1,1,2,0,0.6301801,0.025882507,0.3320796,0.00065315975,0.011204612
asthma_v2_copd_P40COPDMc_320.wav,1,1,2,2,0.24187294,0.08952232,0.61435354,0.0020593589,0.05219182
asthma_v2_copd_P40COPDPr_313.wav,1,1,2,2,0.0018151745,0.2858297,0.70357734,0.0055779973,0.0031997461
asthma_v2_copd_P40COPDPr_315.wav,1,1,2,3,0.0010499347,0.01456649,0.4173225,0.53215486,0.034906223
asthma_v2_copd_P40COPDPr_317.wav,1,1,2,2,0.00026852693,0.011495949,0.94546235,0.03713815,0.0056350515
asthma_v2_copd_P40COPDPr_319.wav,1,1,2,2,0.10436222,0.019205555,0.78170675,0.0023927377,0.09233275
asthma_v2_copd_P46COPDMc_362.wav,1,1,2,2,0.30723214,0.010047306,0.67603415,0.003103797,0.0035826054
asthma_v2_copd_P46COPDMc_364.wav,1,1,2,2,0.00070235744,0.0007738549,0.9979377,0.00010519193,0.00048091463
asthma_v2_copd_P46COPDMc_366.wav,1,1,2,2,0.0013700579,0.0016309789,0.99545455,0.00019237763,0.0013520431
asthma_v2_copd_P46COPDMc_368.wav,1,1,2,2,0.3855197,0.06607779,0.5100262,0.019345919,0.019030374
asthma_v2_copd_P46COPDPr_361.wav,1,1,2,2,0.0013544172,0.0048219115,0.9924076,0.00018744411,0.0012286585
asthma_v2_copd_P46COPDPr_363.wav,1,1,2,2,0.015223132,0.009002495,0.9740064,0.0012782423,0.0004896694
asthma_v2_copd_P46COPDPr_365.wav,1,1,2,2,0.007948272,0.0023342387,0.9891668,0.00025490747,0.00029578866
asthma_v2_copd_P46COPDPr_367.wav,1,1,2,2,0.010531927,0.0024521558,0.9855559,0.0003546754,0.0011054086
asthma_v2_copd_P4COPDMc_26.wav,1,1,2,2,0.0037408338,0.0004370678,0.9947143,0.00035000753,0.0007576771
asthma_v2_copd_P4COPDMc_28.wav,1,1,2,2,0.0005323275,0.00035002318,0.99869174,8.048656e-05,0.00034544402
asthma_v2_copd_P4COPDMc_30.wav,1,1,2,2,0.052901927,0.01601013,0.93025964,0.0006259853,0.00020230723
asthma_v2_copd_P4COPDMc_32.wav,1,1,2,2,0.048665594,0.005055334,0.9457064,0.00028299892,0.0002896755
asthma_v2_copd_P4COPDPr_25.wav,1,1,2,2,0.0005442468,0.00037538903,0.99735934,0.00022699714,0.001493948
asthma_v2_copd_P4COPDPr_27.wav,1,1,2,2,0.00055169396,0.00042783216,0.9983878,0.00010075259,0.0005319887
asthma_v2_copd_P4COPDPr_29.wav,1,1,2,2,0.0065761115,0.0337239,0.955846,0.003196585,0.0006573855
asthma_v2_copd_P4COPDPr_31.wav,1,1,2,2,0.0038305894,0.003014666,0.9927752,9.821685e-05,0.0002812805
asthma_v2_copd_P5COPDMc_34.wav,1,1,2,2,0.026257643,0.0044990764,0.96888274,0.00016600503,0.00019457957
asthma_v2_copd_P5COPDMc_36.wav,1,1,2,2,0.002248172,0.0045161876,0.9927596,0.00019188534,0.0002841821
asthma_v2_copd_P5COPDMc_38.wav,1,1,2,2,0.013237164,0.038599204,0.9475226,0.00031051715,0.00033046168
asthma_v2_copd_P5COPDMc_40.wav,1,1,2,2,0.01652804,0.0018334852,0.9796514,0.0002237838,0.0017632411
asthma_v2_copd_P5COPDPr_33.wav,1,1,2,2,0.011852194,0.0045858445,0.98194444,0.0010599629,0.00055755087
asthma_v2_copd_P5COPDPr_35.wav,1,1,2,2,0.072212175,0.016207533,0.91079867,0.00025099126,0.0005305778
asthma_v2_copd_P5COPDPr_37.wav,1,1,2,2,0.011523834,0.3581833,0.62906516,0.0010558993,0.0001718297
asthma_v2_copd_P5COPDPr_39.wav,1,1,2,2,0.003520117,0.038436614,0.95750505,0.00031091133,0.00022728523
asthma_v2_healthy_P15Healthy14S.wav,1,1,3,1,0.001993865,0.40283155,0.29053807,0.2615814,0.043055117
asthma_v2_healthy_P15Healthy55S.wav,1,1,3,3,0.004397381,0.017638767,0.0018070391,0.9754788,0.00067802175
asthma_v2_healthy_P15Healthy61S.wav,1,1,3,4,0.022824261,0.0029776357,0.0006372792,0.09891906,0.8746418
asthma_v2_healthy_P15Healthy65S.wav,1,1,3,3,0.0014698508,0.0014811613,0.0021269391,0.99279153,0.002130515
asthma_v2_healthy_P15Healthy93S.wav,1,1,3,3,0.0013542267,0.013475218,0.005785268,0.97856176,0.00082347065
asthma_v2_healthy_P16Healthy18S.wav,1,1,3,4,0.022824261,0.0029776357,0.0006372792,0.09891906,0.8746418
asthma_v2_healthy_P16Healthy19S.wav,1,1,3,3,0.002209439,0.00047674886,0.0007330919,0.9860292,0.010551516
asthma_v2_healthy_P16Healthy26S.wav,1,1,3,3,0.007756178,0.0012218045,0.0015781934,0.928524,0.06091982
asthma_v2_healthy_P16Healthy38S.wav,1,1,3,3,0.002209439,0.00047674886,0.0007330919,0.9860292,0.010551516
asthma_v2_healthy_P16Healthy41S.wav,1,1,3,3,0.007756178,0.0012218045,0.0015781934,0.928524,0.06091982
asthma_v2_healthy_P17Healthy22S.wav,1,1,3,4,0.01575523,0.002238905,0.00037996247,0.23592892,0.745697
asthma_v2_healthy_P17Healthy35S.wav,1,1,3,4,0.0033152672,0.00054504006,0.0010412848,0.06412853,0.93096983
asthma_v2_healthy_P17Healthy58S.wav,1,1,3,3,0.0021861678,0.0007111171,0.006237727,0.67443633,0.31642866
asthma_v2_healthy_P17Healthy71S.wav,1,1,3,3,0.0010142082,0.00038410365,0.0020799348,0.8356174,0.16090427
asthma_v2_healthy_P17Healthy83S.wav,1,1,3,3,0.0007566789,0.0001765571,0.0018753693,0.9689113,0.02828006
asthma_v2_healthy_P19Healthy47S.wav,1,1,3,3,0.0020877765,0.006555399,0.0020515036,0.9829475,0.006357778
asthma_v2_healthy_P19Healthy50S.wav,1,1,3,3,0.050418716,0.0013414862,0.0012273637,0.9297838,0.017228674
asthma_v2_healthy_P19Healthy55S.wav,1,1,3,4,0.033290565,0.0027412146,0.0034697638,0.4060027,0.5544958
asthma_v2_healthy_P19Healthy62S.wav,1,1,3,3,0.0007727763,0.00026571445,0.0004897679,0.9911891,0.0072825733
asthma_v2_healthy_P19Healthy79S.wav,1,1,3,3,0.0015111556,0.00056510046,0.0003643497,0.9693988,0.028160585
asthma_v2_healthy_P27Healthy30S.wav,1,1,3,3,0.017855633,0.0050132456,0.0006930303,0.95875305,0.017685065
asthma_v2_healthy_P27Healthy73S.wav,1,1,3,3,0.017462187,0.004180299,0.0018985299,0.95701057,0.019448424
asthma_v2_healthy_P27Healthy92S.wav,1,1,3,3,0.053537443,0.013246121,0.0011631938,0.9069502,0.025103033
asthma_v2_pneumonia_P10Pneumonia52A.wav,1,1,4,4,0.0029608598,0.00041560153,0.0073915794,0.005637756,0.98359424
asthma_v2_pneumonia_P10Pneumonia73G.wav,1,1,4,4,0.003368727,0.0029836644,0.45835313,0.0049674534,0.530327
asthma_v2_pneumonia_P10Pneumonia80J.wav,1,1,4,4,0.0048660594,0.003770604,0.019043671,0.05691744,0.91540223
asthma_v2_pneumonia_P10Pneumonia88R.wav,1,1,4,4,0.0062494916,0.0004594463,0.00067237654,0.05965685,0.93296176
asthma_v2_pneumonia_P10Pneumonia93W.wav,1,1,4,2,0.005296348,0.005023054,0.7897891,0.0063884086,0.19350314
asthma_v2_pneumonia_P10Pneumonia97B.wav,1,1,4,2,0.013710517,0.08463712,0.6389848,0.018624123,0.24404345
asthma_v2_pneumonia_P14Pneumonia19W.wav,1,1,4,4,0.002517897,0.0017947006,0.13929312,0.005941529,0.8504527
asthma_v2_pneumonia_P14Pneumonia22X.wav,1,1,4,4,0.0022116695,8.86039e-05,0.00030825948,0.01797319,0.9794183
asthma_v2_pneumonia_P14Pneumonia40M.wav,1,1,4,4,0.011470944,0.00019576962,0.016088197,0.007579868,0.9646652
asthma_v2_pneumonia_P14Pneumonia62B.wav,1,1,4,4,0.00593593,0.00023447043,0.0068882033,0.0151426,0.9717988
asthma_v2_pneumonia_P14Pneumonia73T.wav,1,1,4,4,0.002234156,0.0013327976,0.036620952,0.005927766,0.95388424
asthma_v2_pneumonia_P14Pneumonia87C.wav,1,1,4,4,0.0014127133,0.00078775064,0.0074817427,0.009436997,0.98088074
asthma_v2_pneumonia_P17Pneumonia49T.wav,1,1,4,4,0.030391717,0.0013971328,0.0012222029,0.08781217,0.8791767
asthma_v2_pneumonia_P17Pneumonia51I.wav,1,1,4,3,0.030023687,0.013179679,0.001880574,0.6009862,0.35392985
asthma_v2_pneumonia_P17Pneumonia57K.wav,1,1,4,4,0.006417402,0.00019360246,0.00061586616,0.005395807,0.98737735
asthma_v2_pneumonia_P17Pneumonia63G.wav,1,1,4,4,0.015066154,0.000108135195,0.0059667123,0.007850844,0.9710081
asthma_v2_pneumonia_P17Pneumonia86O.wav,1,1,4,4,0.13835302,0.0800321,0.0035717657,0.10812362,0.66991943
asthma_v2_pneumonia_P17Pneumonia91K.wav,1,1,4,4,0.009360234,0.0013393329,0.0007513661,0.029829836,0.9587193
asthma_v2_pneumonia_P19Pneumonia24H.wav,1,1,4,0,0.49523902,0.013734209,0.0052760844,0.062003788,0.42374682
asthma_v2_pneumonia_P19Pneumonia33O.wav,1,1,4,4,0.0056127505,0.000579173,0.00496068,0.40863335,0.580214
asthma_v2_pneumonia_P19Pneumonia39Z.wav,1,1,4,4,0.004183036,0.0003649391,0.00042768833,0.015434968,0.9795894
asthma_v2_pneumonia_P19Pneumonia41U.wav,1,1,4,4,0.3478436,0.008934332,0.20024286,0.009234581,0.4337446
asthma_v2_pneumonia_P19Pneumonia75B.wav,1,1,4,4,0.04508906,0.0045722015,0.00031783528,0.10794557,0.84207535
asthma_v2_pneumonia_P19Pneumonia90X.wav,1,1,4,3,0.024447942,0.0030748136,0.004563526,0.87358004,0.094333656
asthma_v2_pneumonia_P23Pneumonia19A.wav,1,1,4,4,0.0046757767,0.00017101526,0.0019771222,0.023671184,0.9695049
asthma_v2_pneumonia_P23Pneumonia40O.wav,1,1,4,4,0.013109424,0.00043188504,0.0020407431,0.016749643,0.9676683
asthma_v2_pneumonia_P23Pneumonia54P.wav,1,1,4,4,0.110837966,0.0025894092,0.011787918,0.29193136,0.5828534
asthma_v2_pneumonia_P23Pneumonia60Y.wav,1,1,4,4,0.007914384,0.00021995774,0.0065969615,0.027597679,0.9576711
asthma_v2_pneumonia_P23Pneumonia90V.wav,1,1,4,4,0.0022330866,0.00014554869,0.0022220402,0.018912341,0.97648686
asthma_v2_pneumonia_P23Pneumonia97P.wav,1,1,4,4,0.0033165838,0.0001926959,0.0019755445,0.02552195,0.9689932
asthma_v2_pneumonia_P31Pneumonia14Q.wav,1,1,4,4,0.0019807909,8.755183e-05,0.0005118573,0.0039745327,0.9934453
asthma_v2_pneumonia_P31Pneumonia16C.wav,1,1,4,4,0.0032681588,0.000103255625,0.00030616368,0.004017572,0.99230486
asthma_v2_pneumonia_P31Pneumonia43V.wav,1,1,4,4,0.006944817,0.0006910666,0.001254139,0.008808298,0.9823017
asthma_v2_pneumonia_P31Pneumonia47D.wav,1,1,4,4,0.00777938,0.0002690662,0.0047235154,0.06470022,0.9225279
asthma_v2_pneumonia_P31Pneumonia47J.wav,1,1,4,4,0.023512539,0.00012381781,0.003960223,0.015556775,0.9568466
asthma_v2_pneumonia_P31Pneumonia92I.wav,1,1,4,4,0.013227323,0.00035615795,0.0047149505,0.0905909,0.8911107
asthma_v2_pneumonia_P38Pneumonia23A.wav,1,1,4,0,0.97324073,0.001977993,0.0021528741,0.00018043541,0.022447983
asthma_v2_pneumonia_P38Pneumonia34H.wav,1,1,4,0,0.94551617,0.013113859,0.0033524637,0.0013950041,0.03662256
asthma_v2_pneumonia_P38Pneumonia35P.wav,1,1,4,0,0.97657156,0.0025743209,0.0024351238,0.00081321487,0.017605852
asthma_v2_pneumonia_P38Pneumonia41S.wav,1,1,4,0,0.93318564,0.021649238,0.001595439,0.0009295696,0.04264005
asthma_v2_pneumonia_P38Pneumonia61R.wav,1,1,4,0,0.9906515,0.0018480634,0.0016703323,0.00011426951,0.0057157734
asthma_v2_pneumonia_P38Pneumonia64N.wav,1,1,4,0,0.7558623,0.0011074202,0.0031098041,0.00046933696,0.23945111
asthma_v2_pneumonia_P40Pneumonia18H.wav,1,1,4,0,0.9884007,0.008478178,0.0010000835,0.0001686008,0.0019524418
asthma_v2_pneumonia_P40Pneumonia32Q.wav,1,1,4,4,0.060718294,0.0023175855,0.014759744,0.053033914,0.8691705
asthma_v2_pneumonia_P40Pneumonia69N.wav,1,1,4,0,0.9800868,0.009969616,0.0056674564,0.00022534073,0.0040508467
asthma_v2_pneumonia_P40Pneumonia90Y.wav,1,1,4,0,0.98434967,0.009224085,0.0011404828,0.00025118943,0.0050346404
asthma_v2_pneumonia_P40Pneumonia91V.wav,1,1,4,0,0.49701062,0.0035455476,0.035173386,0.003092977,0.46117744
asthma_v2_pneumonia_P40Pneumonia92J.wav,1,1,4,0,0.8483585,0.01933939,0.0072642877,0.002013016,0.123024724
asthma_v2_pneumonia_P42Pneumonia27A.wav,1,1,4,0,0.855315,0.049732935,0.061595455,0.00091492716,0.032441705
asthma_v2_pneumonia_P42Pneumonia46D.wav,1,1,4,0,0.95731044,0.016046135,0.025685435,0.00018505755,0.0007729259
asthma_v2_pneumonia_P42Pneumonia47W.wav,1,1,4,0,0.79474515,0.020993942,0.17008829,0.0012289201,0.012943691
asthma_v2_pneumonia_P42Pneumonia63L.wav,1,1,4,4,0.059371877,0.00340499,0.182786,0.027895074,0.726542
asthma_v2_pneumonia_P42Pneumonia67F.wav,1,1,4,4,0.12777181,0.03138505,0.35254714,0.032429863,0.45586613
asthma_v2_pneumonia_P42Pneumonia69S.wav,1,1,4,0,0.9310801,0.034286533,0.03249377,0.00023318759,0.0019064135
asthma_v2_pneumonia_P45Pneumonia10J.wav,1,1,4,4,0.0070030815,0.00077874225,0.00088825176,0.03027577,0.96105415
asthma_v2_pneumonia_P45Pneumonia25T.wav,1,1,4,4,0.059552737,0.0049936986,0.036628895,0.12323486,0.7755898
asthma_v2_pneumonia_P45Pneumonia29L.wav,1,1,4,4,0.009959492,0.0008247286,0.0013843806,0.15146956,0.83636194
asthma_v2_pneumonia_P45Pneumonia51F.wav,1,1,4,4,0.21781856,0.0073554777,0.06060242,0.01296774,0.70125574
asthma_v2_pneumonia_P45Pneumonia59I.wav,1,1,4,4,0.04736688,0.0020101417,0.0286543,0.41801816,0.50395054
asthma_v2_pneumonia_P45Pneumonia72P.wav,1,1,4,3,0.027880706,0.004876943,0.0029676734,0.77112186,0.1931528
asthma_v2_Bronchial_P13BronchialSc_62.wav,1,2,1,0,0.83427703,0.10601697,0.02282285,0.0043307194,0.032552402
asthma_v2_Bronchial_P13BronchialSc_64.wav,1,2,1,0,0.65862197,0.24788193,0.026765784,0.015504165,0.051226154
asthma_v2_Bronchial_P13BronchialTc_61.wav,1,2,1,0,0.7801287,0.13375744,0.023935515,0.011993505,0.05018486
asthma_v2_Bronchial_P13BronchialTc_63.wav,1,2,1,0,0.5634293,0.38572264,0.023708865,0.0068921656,0.020247033
asthma_v2_Bronchial_P13BronchialTc_65.wav,1,2,1,1,0.085685305,0.7983921,0.078716,0.029258441,0.007948109
asthma_v2_Bronchial_P16BronchialSc_76.wav,1,2,1,1,0.0010607772,0.96695143,0.0061764484,0.023225818,0.0025856271
asthma_v2_Bronchial_P16BronchialSc_78.wav,1,2,1,2,0.0014947384,0.040342357,0.94957876,0.0045160144,0.004068151
asthma_v2_Bronchial_P16BronchialSc_80.wav,1,2,1,1,0.0052601295,0.90301806,0.054416813,0.025927363,0.011377591
asthma_v2_Bronchial_P16BronchialTc_77.wav,1,2,1,1,0.001452072,0.94049376,0.006696794,0.048099324,0.0032581186
asthma_v2_Bronchial_P16BronchialTc_79.wav,1,2,1,1,0.0033548407,0.91088897,0.05584307,0.025431717,0.0044814385
asthma_v2_Bronchial_P1BronchialSc_2.wav,1,2,1,1,0.003966459,0.885746,0.08215563,0.026655411,0.0014764565
asthma_v2_Bronchial_P1BronchialSc_4.wav,1,2,1,1,0.001968949,0.8553529,0.031438295,0.10805543,0.0031844848
asthma_v2_Bronchial_P1BronchialTc_1.wav,1,2,1,1,0.0030736418,0.79258215,0.13546397,0.06591135,0.00296886
asthma_v2_Bronchial_P1BronchialTc_3.wav,1,2,1,1,0.0016681754,0.8873629,0.063682474,0.045310125,0.001976367
asthma_v2_Bronchial_P1BronchialTc_5.wav,1,2,1,1,0.0035088244,0.69388354,0.11907223,0.17963858,0.0038968076
asthma_v2_Bronchial_P7BronchialSc_32.wav,1,2,1,1,0.0014209264,0.9018497,0.08609201,0.008098276,0.002539089
asthma_v2_Bronchial_P7BronchialSc_34.wav,1,2,1,1,0.0018001035,0.9567214,0.031395365,0.009025827,0.0010573274
asthma_v2_Bronchial_P7BronchialTc_31.wav,1,2,1,1,0.0028201737,0.5161676,0.45645165,0.015063271,0.009497364
asthma_v2_Bronchial_P7BronchialTc_33.wav,1,2,1,1,0.001123007,0.949593,0.03963998,0.008091054,0.0015528341
asthma_v2_Bronchial_P7BronchialTc_35.wav,1,2,1,1,0.0011418286,0.9616222,0.029138839,0.006684526,0.0014126708
asthma_v2_Bronchial_P8BronchialSc_36.wav,1,2,1,1,0.0056943996,0.6738582,0.3129765,0.003647675,0.003823168
asthma_v2_Bronchial_P8BronchialSc_38.wav,1,2,1,0,0.4021849,0.009339092,0.04752375,0.19677767,0.34417453
asthma_v2_Bronchial_P8BronchialSc_40.wav,1,2,1,1,0.0012007466,0.95484966,0.024807284,0.017683854,0.0014585239
asthma_v2_Bronchial_P8BronchialTc_37.wav,1,2,1,2,0.006409846,0.20036778,0.787335,0.0016697514,0.0042176973
asthma_v2_Bronchial_P8BronchialTc_39.wav,1,2,1,1,0.0010373929,0.96082395,0.029887417,0.007110175,0.0011411572
asthma_v2_Bronchial_P9BronchialSc_42.wav,1,2,1,1,0.001521952,0.92507184,0.06478883,0.0068070283,0.0018102432
asthma_v2_Bronchial_P9BronchialSc_44.wav,1,2,1,2,0.003741573,0.28068992,0.71113753,0.0014090576,0.0030219883
asthma_v2_Bronchial_P9BronchialTc_41.wav,1,2,1,1,0.001232963,0.95572865,0.010837682,0.030103337,0.002097348
asthma_v2_Bronchial_P9BronchialTc_43.wav,1,2,1,2,0.023429455,0.08277372,0.8577033,0.0010948003,0.034998782
asthma_v2_Bronchial_P9BronchialTc_45.wav,1,2,1,0,0.62562543,0.011805917,0.024305858,0.061070047,0.27719268
asthma_v2_asthma_P18WheezingIE_89.wav,1,2,0,0,0.9475586,0.009350596,0.023579923,0.0012243814,0.01828646
asthma_v2_asthma_P18WheezingIU_86.wav,1,2,0,0,0.8840471,0.0045376983,0.04136592,0.00061825174,0.06943105
asthma_v2_asthma_P18WheezingIU_90.wav,1,2,0,0,0.9402782,0.0049438328,0.015249446,0.00044759826,0.03908088
asthma_v2_asthma_P18WheezingRL_87.wav,1,2,0,0,0.8271558,0.10848531,0.018747281,0.0042429245,0.041368656
asthma_v2_asthma_P18WheezingRS_88.wav,1,2,0,0,0.95388675,0.01139083,0.0039205975,0.0044222195,0.026379611
asthma_v2_asthma_P20WheezingIE_97.wav,1,2,0,4,0.43717304,0.0027624941,0.007331384,0.034421965,0.51831114
asthma_v2_asthma_P20WheezingIU_98.wav,1,2,0,0,0.8984128,0.046005387,0.022038028,0.002844313,0.030699389
asthma_v2_asthma_P20WheezingRL_99.wav,1,2,0,0,0.9335978,0.015034885,0.0120008895,0.0011629914,0.038203374
asthma_v2_asthma_P20WheezingRS_100.wav,1,2,0,0,0.91176003,0.005364716,0.014703172,0.0013845586,0.066787615
asthma_v2_asthma_P20WheezingRS_96.wav,1,2,0,0,0.94412106,0.0067405044,0.01099724,0.0009611843,0.03718004
asthma_v2_asthma_P26WheezingIE_129.wav,1,2,0,0,0.9264561,0.004922361,0.03961223,0.001146987,0.02786238
asthma_v2_asthma_P26WheezingIU_126.wav,1,2,0,0,0.93864286,0.016583638,0.004053522,0.0011541997,0.03956583
asthma_v2_asthma_P26WheezingIU_130.wav,1,2,0,0,0.93542117,0.0047260188,0.008191684,0.00021161775,0.051449586
asthma_v2_asthma_P26WheezingRL_127.wav,1,2,0,0,0.9431696,0.006210184,0.016825283,0.0008518657,0.032943126
asthma_v2_asthma_P26WheezingRS_128.wav,1,2,0,0,0.9586444,0.0027069193,0.010099476,0.00038909382,0.028160106
asthma_v2_asthma_P28WheezingIE_137.wav,1,2,0,0,0.5911489,0.2910085,0.0355297,0.04598063,0.036332212
asthma_v2_asthma_P28WheezingIU_138.wav,1,2,0,0,0.965435,0.007644681,0.009850493,0.0011588164,0.015911011
asthma_v2_asthma_P28WheezingRL_139.wav,1,2,0,0,0.82135814,0.03955044,0.05662864,0.01036654,0.07209615
asthma_v2_asthma_P28WheezingRS_136.wav,1,2,0,0,0.92848086,0.01015764,0.014907878,0.00080918724,0.045644432
asthma_v2_asthma_P28WheezingRS_140.wav,1,2,0,0,0.81931424,0.024118511,0.07265164,0.00444296,0.07947265
asthma_v2_asthma_P29WheezingIE_141.wav,1,2,0,0,0.80167574,0.04657227,0.054713216,0.0038517055,0.09318712
asthma_v2_asthma_P29WheezingIE_145.wav,1,2,0,0,0.87302786,0.014043605,0.020797705,0.0009576459,0.091173045
asthma_v2_asthma_P29WheezingIU_142.wav,1,2,0,0,0.9130236,0.005084675,0.015247375,0.0045466763,0.062097676
asthma_v2_asthma_P29WheezingRL_143.wav,1,2,0,0,0.88266295,0.004038082,0.022763887,0.00034894297,0.090186186
asthma_v2_asthma_P29WheezingRS_144.wav,1,2,0,0,0.9220086,0.0048398953,0.016960135,0.00029999806,0.055891316
asthma_v2_asthma_P38WheezingIE_189.wav,1,2,0,0,0.6260399,0.11278854,0.22523814,0.015538084,0.020395372
asthma_v2_asthma_P38WheezingIU_186.wav,1,2,0,0,0.84797275,0.052095354,0.0741938,0.0022908773,0.02344723
asthma_v2_asthma_P38WheezingIU_190.wav,1,2,0,0,0.7281598,0.05198086,0.20385087,0.0051389853,0.010869547
asthma_v2_asthma_P38WheezingRL_187.wav,1,2,0,0,0.72697407,0.078912005,0.16639984,0.0040495824,0.023664555
asthma_v2_asthma_P38WheezingRS_188.wav,1,2,0,2,0.29238713,0.23131964,0.44628745,0.014527289,0.015478544
asthma_v2_asthma_P44WheezingIE_217.wav,1,2,0,0,0.71622306,0.030966723,0.08943007,0.00096218823,0.16241805
asthma_v2_asthma_P44WheezingIU_218.wav,1,2,0,0,0.5830291,0.00238913,0.0060964604,0.023211895,0.38527337
asthma_v2_asthma_P44WheezingRL_219.wav,1,2,0,0,0.8242421,0.024909837,0.08768089,0.0014852048,0.061681945
asthma_v2_asthma_P44WheezingRS_216.wav,1,2,0,0,0.5900634,0.017180465,0.34634462,0.0038742647,0.042537276
asthma_v2_asthma_P44WheezingRS_220.wav,1,2,0,2,0.40841934,0.028692922,0.53593814,0.002839795,0.024109835
asthma_v2_asthma_P45WheezingIE_221.wav,1,2,0,2,0.20462465,0.12950444,0.63370234,0.009712729,0.02245589
asthma_v2_asthma_P45WheezingIE_225.wav,1,2,0,0,0.46329007,0.19643186,0.29631934,0.007933006,0.036025826
asthma_v2_asthma_P45WheezingIU_222.wav,1,2,0,0,0.69183326,0.12654881,0.1327164,0.005538134,0.04336344
asthma_v2_asthma_P45WheezingRL_223.wav,1,2,0,0,0.82550234,0.002845789,0.05338189,0.0050810166,0.11318891
asthma_v2_asthma_P45WheezingRS_224.wav,1,2,0,0,0.739892,0.057516653,0.16148,0.0015349197,0.03957637
asthma_v2_asthma_P46WheezingIE_229.wav,1,2,0,2,0.24548343,0.13767214,0.5886513,0.009850521,0.018342646
asthma_v2_asthma_P46WheezingIU_226.wav,1,2,0,1,0.2644227,0.51169074,0.18637054,0.027115498,0.010400526
asthma_v2_asthma_P46WheezingIU_230.wav,1,2,0,0,0.6185052,0.1274857,0.19981878,0.003936316,0.050254025
asthma_v2_asthma_P46WheezingRL_227.wav,1,2,0,0,0.86771977,0.053787217,0.049140126,0.0067333044,0.022619588
asthma_v2_asthma_P46WheezingRS_228.wav,1,2,0,2,0.21397695,0.23012052,0.5141219,0.019580116,0.022200575
asthma_v2_asthma_P53WheezingIE_261.wav,1,2,0,1,0.18867297,0.77391624,0.01621197,0.008772129,0.01242666
asthma_v2_asthma_P53WheezingIE_265.wav,1,2,0,3,0.12457361,0.28872573,0.06417956,0.31997105,0.20255004
asthma_v2_asthma_P53WheezingIU_262.wav,1,2,0,0,0.5223783,0.031017005,0.16468129,0.13298722,0.14893621
asthma_v2_asthma_P53WheezingRL_263.wav,1,2,0,4,0.038947962,0.18780816,0.10330151,0.3201128,0.34982958
asthma_v2_asthma_P53WheezingRS_264.wav,1,2,0,1,0.024045337,0.55324405,0.098199755,0.23534688,0.08916397
asthma_v2_asthma_P6AsthmaIE_29.wav,1,2,0,0,0.6062632,0.3112201,0.013066761,0.007367363,0.062082533
asthma_v2_asthma_P6AsthmaIU_26.wav,1,2,0,0,0.9405065,0.0062580593,0.01350462,0.0003832506,0.039347615
asthma_v2_asthma_P6AsthmaIU_30.wav,1,2,0,1,0.35455608,0.5829167,0.015407958,0.012465221,0.03465406
asthma_v2_asthma_P6AsthmaRL_27.wav,1,2,0,0,0.9285619,0.0065234588,0.0086071845,0.00048332903,0.055824153
asthma_v2_asthma_P6AsthmaRS_28.wav,1,2,0,0,0.8577163,0.0012875288,0.018684413,0.0021886048,0.12012309
asthma_v2_copd_P14COPDMc_106.wav,1,2,2,2,0.0042198743,0.14110984,0.83490753,0.0109279,0.008834942
asthma_v2_copd_P14COPDMc_108.wav,1,2,2,0,0.44929084,0.0036045213,0.41362447,0.00118149,0.13229865
asthma_v2_copd_P14COPDMc_110.wav,1,2,2,0,0.5621858,0.10110593,0.16406114,0.00229317,0.17035398
asthma_v2_copd_P14COPDMc_112.wav,1,2,2,2,0.2856364,0.094109096,0.5783684,0.0058749234,0.036011156
asthma_v2_copd_P14COPDPr_105.wav,1,2,2,2,0.00573412,0.08894194,0.888892,0.0033505524,0.013081401
asthma_v2_copd_P14COPDPr_107.wav,1,2,2,0,0.6526706,0.02402979,0.21503149,0.00096868916,0.10729935
asthma_v2_copd_P14COPDPr_109.wav,1,2,2,0,0.4184384,0.028940378,0.21037775,0.0010699489,0.34117344
asthma_v2_copd_P14COPDPr_111.wav,1,2,2,2,0.33629698,0.00566536,0.43486485,0.00040759597,0.22276527
asthma_v2_copd_P23COPDMc_178.wav,1,2,2,2,0.0043649287,0.023307988,0.6308691,0.32153863,0.019919457
asthma_v2_copd_P23COPDMc_180.wav,1,2,2,2,0.0037526267,0.04240954,0.94285625,0.0022811962,0.008700444
asthma_v2_copd_P23COPDMc_182.wav,1,2,2,2,0.0025180855,0.042225994,0.9316056,0.020624058,0.0030262691
asthma_v2_copd_P23COPDMc_184.wav,1,2,2,2,0.0016812595,0.0359724,0.95410264,0.006293787,0.0019499594
asthma_v2_copd_P23COPDPr_177.wav,1,2,2,1,0.011528286,0.42310572,0.17795753,0.3765918,0.0108166775
asthma_v2_copd_P23COPDPr_179.wav,1,2,2,2,0.0025159656,0.021776225,0.95696044,0.014184094,0.00456335
asthma_v2_copd_P23COPDPr_181.wav,1,2,2,2,0.0038964136,0.011383244,0.96471435,0.001934165,0.01807179
asthma_v2_copd_P23COPDPr_183.wav,1,2,2,2,0.003758323,0.19927756,0.78768474,0.0074170986,0.0018621723
asthma_v2_copd_P30COPDMc_234.wav,1,2,2,2,0.052316375,0.004396991,0.74343586,0.0019272033,0.19792368
asthma_v2_copd_P30COPDMc_236.wav,1,2,2,2,0.0016189524,0.0057708523,0.98872095,0.002035814,0.0018534991
asthma_v2_copd_P30COPDMc_238.wav,1,2,2,2,0.0010499501,0.0055964403,0.9908941,0.0010192454,0.0014403673
asthma_v2_copd_P30COPDMc_240.wav,1,2,2,2,0.0013477311,0.0023874803,0.9872054,0.0027560168,0.0063033476
asthma_v2_copd_P30COPDPr_233.wav,1,2,2,2,0.033702403,0.004266987,0.8114047,0.0074298615,0.14319606
asthma_v2_copd_P30COPDPr_235.wav,1,2,2,2,0.020269986,0.0068758023,0.70608497,0.00629272,0.26047653
asthma_v2_copd_P30COPDPr_237.wav,1,2,2,2,0.0010636083,0.0039620106,0.98964965,0.0024063052,0.0029184546
asthma_v2_copd_P30COPDPr_239.wav,1,2,2,2,0.0018279727,0.0060887695,0.98359364,0.0035418503,0.0049477066
asthma_v2_copd_P32COPDMc_250.wav,1,2,2,0,0.5877422,0.0018865925,0.15041128,0.0032331494,0.2567268
asthma_v2_copd_P32COPDMc_252.wav,1,2,2,2,0.38143355,0.023845706,0.533645,0.0025508488,0.058524966
asthma_v2_copd_P32COPDMc_254.wav,1,2,2,2,0.24598926,0.015755825,0.71054584,0.0018744327,0.02583473
asthma_v2_copd_P32COPDMc_256.wav,1,2,2,2,0.2608353,0.044661414,0.6497999,0.0046571023,0.04004623
asthma_v2_copd_P32COPDPr_249.wav,1,2,2,0,0.4127156,0.0170905,0.27239484,0.0023051545,0.29549396
asthma_v2_copd_P32COPDPr_251.wav,1,2,2,0,0.52793646,0.024329087,0.3928568,0.0014409171,0.053436644
asthma_v2_copd_P32COPDPr_253.wav,1,2,2,2,0.20888384,0.0035765737,0.7737521,0.0007241919,0.013063233
asthma_v2_copd_P32COPDPr_255.wav,1,2,2,2,0.2536373,0.0072597307,0.71885973,0.00074357743,0.019499691
asthma_v2_copd_P34COPDMc_266.wav,1,2,2,1,0.0028862525,0.9387057,0.050549638,0.004546827,0.003311635
asthma_v2_copd_P34COPDMc_268.wav,1,2,2,1,0.008496057,0.56762916,0.37284273,0.015813012,0.035219
asthma_v2_copd_P34COPDMc_270.wav,1,2,2,1,0.004409207,0.7330679,0.24536535,0.00823205,0.008925436
asthma_v2_copd_P34COPDMc_272.wav,1,2,2,1,0.0088701015,0.87369204,0.09083493,0.0070512784,0.019551612
asthma_v2_copd_P34COPDPr_265.wav,1,2,2,1,0.0031114141,0.8790848,0.10478818,0.008448192,0.0045674695
asthma_v2_copd_P34COPDPr_267.wav,1,2,2,1,0.0071693747,0.68223214,0.2851924,0.006241235,0.019164842
asthma_v2_copd_P34COPDPr_269.wav,1,2,2,2,0.008077595,0.38516912,0.5832124,0.0034743526,0.020066531
asthma_v2_copd_P34COPDPr_271.wav,1,2,2,2,0.010518345,0.32602483,0.64170736,0.002763589,0.018985918
asthma_v2_copd_P43COPDMc_338.wav,1,2,2,2,0.0078026997,0.36002705,0.59820986,0.021465698,0.012494673
asthma_v2_copd_P43COPDMc_340.wav,1,2,2,2,0.009455019,0.012280483,0.9143879,0.0028254432,0.061051227
asthma_v2_copd_P43COPDMc_342.wav,1,2,2,2,0.014605448,0.006375087,0.7482806,0.00929084,0.22144797
asthma_v2_copd_P43COPDMc_344.wav,1,2,2,2,0.0017141737,0.09498703,0.89628726,0.004001136,0.0030104187
asthma_v2_copd_P43COPDPr_337.wav,1,2,2,2,0.0039464827,0.23360598,0.7509391,0.0069434573,0.0045649447
asthma_v2_copd_P43COPDPr_339.wav,1,2,2,2,0.0038611614,0.0406813,0.93788254,0.009360747,0.008214222
asthma_v2_copd_P43COPDPr_341.wav,1,2,2,2,0.016931629,0.011306191,0.9084824,0.0032324824,0.060047355
asthma_v2_copd_P43COPDPr_343.wav,1,2,2,2,0.001820904,0.034309603,0.9589476,0.0013742966,0.0035476356
asthma_v2_copd_P47COPDMc_370.wav,1,2,2,2,0.0077024945,0.096972674,0.8819608,0.0016226298,0.0117413895
asthma_v2_copd_P47COPDMc_372.wav,1,2,2,2,0.061820056,0.07696976,0.72107464,0.00942989,0.13070567
asthma_v2_copd_P47COPDMc_374.wav,1,2,2,2,0.0006513891,0.0024099455,0.9923868,0.002536294,0.0020155974
asthma_v2_copd_P47COPDMc_376.wav,1,2,2,2,0.00090809615,0.0053693024,0.99142027,0.0010674635,0.0012348447
asthma_v2_copd_P47COPDPr_369.wav,1,2,2,2,0.011844857,0.0054254252,0.9606406,0.0011041095,0.020985011
asthma_v2_copd_P47COPDPr_371.wav,1,2,2,2,0.060728062,0.022399979,0.8880973,0.0014037689,0.027370885
asthma_v2_copd_P47COPDPr_373.wav,1,2,2,2,0.0033718466,0.033995245,0.95743436,0.0014790721,0.003719458
asthma_v2_copd_P47COPDPr_375.wav,1,2,2,2,0.0006871196,0.005025572,0.99278367,0.00061300176,0.0008905503
asthma_v2_copd_P50COPDMc_394.wav,1,2,2,2,0.0026024745,0.01496502,0.9760616,0.004093135,0.0022777969
asthma_v2_copd_P50COPDMc_396.wav,1,2,2,2,0.0026177587,0.001411505,0.9770709,0.007832987,0.011066828
asthma_v2_copd_P50COPDMc_398.wav,1,2,2,2,0.00089974416,0.00549962,0.9917591,0.0008134894,0.0010280259
asthma_v2_copd_P50COPDMc_400.wav,1,2,2,2,0.0013679338,0.016475067,0.97994995,0.0008186,0.0013883623
asthma_v2_copd_P50COPDPr_393.wav,1,2,2,2,0.0013608532,0.0029072983,0.9819903,0.005805302,0.007936274
asthma_v2_copd_P50COPDPr_395.wav,1,2,2,2,0.0041752257,0.0032475195,0.9819978,0.0018779837,0.008701536
asthma_v2_copd_P50COPDPr_397.wav,1,2,2,2,0.005526663,0.010159157,0.98140436,0.00058677094,0.0023230216
asthma_v2_copd_P50COPDPr_399.wav,1,2,2,2,0.0050113793,0.007925283,0.9846784,0.0003369302,0.0020480158
asthma_v2_copd_P51COPDPr_401.wav,1,2,2,2,0.0023617013,0.018683452,0.97535974,0.0006932406,0.0029017692
asthma_v2_copd_P9COPDMc_66.wav,1,2,2,2,0.025826467,0.003947419,0.9526377,0.0006774311,0.01691102
asthma_v2_copd_P9COPDMc_68.wav,1,2,2,2,0.004089185,0.0038015945,0.9830376,0.0006412992,0.008430334
asthma_v2_copd_P9COPDMc_70.wav,1,2,2,2,0.0035973585,0.0027937589,0.9895148,0.00045561697,0.0036383974
asthma_v2_copd_P9COPDMc_72.wav,1,2,2,2,0.010233578,0.0076193344,0.977759,0.00035827694,0.004029798
asthma_v2_copd_P9COPDPr_65.wav,1,2,2,2,0.01050999,0.007485925,0.9759862,0.00040426134,0.0056136837
asthma_v2_copd_P9COPDPr_67.wav,1,2,2,2,0.023178685,0.0023143326,0.9313949,0.0010014441,0.042110562
asthma_v2_copd_P9COPDPr_69.wav,1,2,2,2,0.017148424,0.017618524,0.9572156,0.0012554919,0.0067619663
asthma_v2_copd_P9COPDPr_71.wav,1,2,2,2,0.010892219,0.003691334,0.97987866,0.00034123534,0.005196543
asthma_v2_healthy_P18Healthy17S.wav,1,2,3,3,0.0017916785,0.004425062,0.052481417,0.92345655,0.017845327
asthma_v2_healthy_P18Healthy46S.wav,1,2,3,1,0.08315226,0.58999926,0.04703949,0.06046373,0.21934524
asthma_v2_healthy_P18Healthy59S.wav,1,2,3,1,0.039126303,0.79913515,0.024197506,0.056512304,0.08102867
asthma_v2_healthy_P18Healthy79S.wav,1,2,3,3,0.0007082382,0.0049922895,0.009176081,0.9785145,0.00660887
asthma_v2_healthy_P18Healthy98S.wav,1,2,3,1,0.003147323,0.70363164,0.017448572,0.26277122,0.013001238
asthma_v2_healthy_P24Healthy51S.wav,1,2,3,4,0.04310734,0.18719587,0.22488378,0.16265787,0.38215515
asthma_v2_healthy_P24Healthy58S.wav,1,2,3,1,0.072081625,0.7273449,0.09943778,0.059724104,0.041411642
asthma_v2_healthy_P24Healthy62S.wav,1,2,3,3,0.058543358,0.2229746,0.1966484,0.36265996,0.15917364
asthma_v2_healthy_P24Healthy63S.wav,1,2,3,1,0.018884648,0.4688663,0.016653301,0.4573853,0.038210433
asthma_v2_healthy_P24Healthy95S.wav,1,2,3,3,0.07423947,0.037907958,0.014607065,0.5804892,0.29275626
asthma_v2_healthy_P2Healthy30S.wav,1,2,3,3,0.018334905,0.043137807,0.01794325,0.78810716,0.13247685
asthma_v2_healthy_P2Healthy43S.wav,1,2,3,3,0.006279214,0.0511044,0.008337586,0.8419888,0.09229011
asthma_v2_healthy_P2Healthy54S.wav,1,2,3,3,0.0052035726,0.11674656,0.19882758,0.65337896,0.025843337
asthma_v2_healthy_P2Healthy72S.wav,1,2,3,3,0.096260056,0.07179422,0.047563497,0.6659136,0.118468635
asthma_v2_healthy_P2Healthy89S.wav,1,2,3,3,0.031435315,0.04570835,0.002761521,0.8075016,0.11259322
asthma_v2_healthy_P6Healthy21S.wav,1,2,3,3,0.021163562,0.07849851,0.0562909,0.49878347,0.3452636
asthma_v2_healthy_P6Healthy34S.wav,1,2,3,3,0.0056060213,0.006862362,0.0018021687,0.9269806,0.058748875
asthma_v2_healthy_P6Healthy51S.wav,1,2,3,3,0.025653487,0.03111164,0.0060609845,0.8210188,0.11615514
asthma_v2_healthy_P6Healthy71S.wav,1,2,3,3,0.00029123214,0.0029543173,0.0009188043,0.99269015,0.003145562
asthma_v2_healthy_P6Healthy77S.wav,1,2,3,3,0.0033888496,0.014918834,0.0021950754,0.96459144,0.014905884
asthma_v2_pneumonia_P12Pneumonia23P.wav,1,2,4,2,0.0054751965,0.013693679,0.63321435,0.069237664,0.2783791
asthma_v2_pneumonia_P12Pneumonia44H.wav,1,2,4,2,0.010064947,0.037459437,0.8821874,0.007795127,0.062493093
asthma_v2_pneumonia_P12Pneumonia45B.wav,1,2,4,2,0.02622849,0.07115483,0.8257684,0.005818273,0.07103
asthma_v2_pneumonia_P12Pneumonia46L.wav,1,2,4,4,0.06395612,0.005313393,0.025810529,0.036177963,0.86874205
asthma_v2_pneumonia_P12Pneumonia59Q.wav,1,2,4,2,0.0504544,0.0895247,0.68369454,0.0032945843,0.17303173
asthma_v2_pneumonia_P12Pneumonia97E.wav,1,2,4,4,0.0092322,0.004272243,0.13565166,0.038733624,0.8121102
asthma_v2_pneumonia_P18Pneumonia15Q.wav,1,2,4,4,0.060449548,0.0071260347,0.0035144752,0.059270456,0.8696394
asthma_v2_pneumonia_P18Pneumonia16E.wav,1,2,4,4,0.03373249,0.0018505802,0.0016500272,0.19705309,0.7657137
asthma_v2_pneumonia_P18Pneumonia23E.wav,1,2,4,4,0.034821946,0.009946522,0.004187193,0.015499007,0.9355454
asthma_v2_pneumonia_P18Pneumonia50S.wav,1,2,4,4,0.020395098,0.0063593416,0.003128748,0.026554776,0.94356203
asthma_v2_pneumonia_P18Pneumonia84N.wav,1,2,4,4,0.041334968,0.00071538397,0.003508842,0.108709924,0.8457309
asthma_v2_pneumonia_P18Pneumonia88I.wav,1,2,4,4,0.027335292,0.01348951,0.0018517525,0.10108646,0.85623693
asthma_v2_pneumonia_P20Pneumonia27V.wav,1,2,4,4,0.011083387,0.00096249464,0.0019801157,0.025730563,0.96024346
asthma_v2_pneumonia_P20Pneumonia31P.wav,1,2,4,4,0.03544995,0.005821784,0.012146179,0.12210614,0.82447594
asthma_v2_pneumonia_P20Pneumonia37V.wav,1,2,4,4,0.045989323,0.0060499003,0.06605671,0.05016042,0.8317436
asthma_v2_pneumonia_P20Pneumonia42B.wav,1,2,4,4,0.010026005,0.0009943799,0.013128112,0.049429774,0.92642176
asthma_v2_pneumonia_P20Pneumonia58T.wav,1,2,4,4,0.020906858,0.0022261536,0.017256184,0.042972405,0.9166384
asthma_v2_pneumonia_P20Pneumonia84L.wav,1,2,4,4,0.021472644,0.003482869,0.01369225,0.058360152,0.9029921
asthma_v2_pneumonia_P24Pneumonia21G.wav,1,2,4,3,0.0042087743,0.027858349,0.010152393,0.7354479,0.22233263
asthma_v2_pneumonia_P24Pneumonia54A.wav,1,2,4,4,0.014879217,0.012684135,0.0077916374,0.040883467,0.9237616
asthma_v2_pneumonia_P24Pneumonia67G.wav,1,2,4,4,0.067504846,0.015810706,0.29510394,0.03462333,0.5869572
asthma_v2_pneumonia_P24Pneumonia67Z.wav,1,2,4,3,0.1005119,0.18148641,0.10644487,0.34578526,0.26577154
asthma_v2_pneumonia_P24Pneumonia91X.wav,1,2,4,4,0.029260682,0.010918022,0.27457216,0.08297843,0.60227066
asthma_v2_pneumonia_P24Pneumonia95T.wav,1,2,4,3,0.018888174,0.39551786,0.06528768,0.42647642,0.09382988
asthma_v2_pneumonia_P28Pneumonia22W.wav,1,2,4,4,0.22129321,0.021352084,0.123790175,0.06592004,0.5676445
asthma_v2_pneumonia_P28Pneumonia43J.wav,1,2,4,3,0.009711109,0.05231873,0.0024513484,0.8087172,0.12680173
asthma_v2_pneumonia_P28Pneumonia56Y.wav,1,2,4,4,0.1472021,0.13448153,0.015966384,0.056400385,0.6459496
asthma_v2_pneumonia_P28Pneumonia65J.wav,1,2,4,4,0.22392698,0.18719445,0.037698552,0.047965758,0.50321424
asthma_v2_pneumonia_P28Pneumonia71A.wav,1,2,4,4,0.027909553,0.0014949943,0.002048901,0.16148132,0.80706525
asthma_v2_pneumonia_P28Pneumonia90E.wav,1,2,4,1,0.085921004,0.63163006,0.035025187,0.02631158,0.22111219
asthma_v2_pneumonia_P29Pneumonia14M.wav,1,2,4,4,0.082380496,0.2971626,0.029599223,0.28566262,0.3051951
asthma_v2_pneumonia_P29Pneumonia17N.wav,1,2,4,4,0.008728259,0.002498257,0.0037436045,0.011838196,0.9731916
asthma_v2_pneumonia_P29Pneumonia18M.wav,1,2,4,4,0.14438127,0.092286095,0.025548542,0.17357416,0.56420994
asthma_v2_pneumonia_P29Pneumonia24X.wav,1,2,4,4,0.033264637,0.0037912405,0.003733855,0.30969945,0.64951074
asthma_v2_pneumonia_P29Pneumonia51O.wav,1,2,4,4,0.033425517,0.34495893,0.022822477,0.17979352,0.4189995
asthma_v2_pneumonia_P29Pneumonia82U.wav,1,2,4,4,0.017851021,0.004536576,0.0019137511,0.034423526,0.9412751
asthma_v2_pneumonia_P41Pneumonia17O.wav,1,2,4,2,0.16107163,0.11747812,0.47440046,0.0014642212,0.24558553
asthma_v2_pneumonia_P41Pneumonia25E.wav,1,2,4,0,0.4412357,0.021674877,0.13004538,0.0018517822,0.40519232
asthma_v2_pneumonia_P41Pneumonia31S.wav,1,2,4,0,0.732185,0.0135633135,0.012091404,0.0022689323,0.23989129
asthma_v2_pneumonia_P41Pneumonia41D.wav,1,2,4,0,0.50195986,0.010214455,0.17897725,0.004637662,0.30421075
asthma_v2_pneumonia_P41Pneumonia71Q.wav,1,2,4,0,0.5312342,0.058064565,0.26981714,0.009621592,0.1312625
asthma_v2_pneumonia_P41Pneumonia72U.wav,1,2,4,0,0.77009904,0.020039989,0.032673936,0.0010211366,0.17616583
asthma_v2_pneumonia_P43Pneumonia24U.wav,1,2,4,4,0.018943734,0.0009279316,0.0017555616,0.17810042,0.8002723
asthma_v2_pneumonia_P43Pneumonia53X.wav,1,2,4,4,0.006630185,0.010750436,0.10099559,0.4223862,0.45923764
asthma_v2_pneumonia_P43Pneumonia54I.wav,1,2,4,3,0.0049045975,0.0035685038,0.0016667236,0.87426406,0.11559613
asthma_v2_pneumonia_P43Pneumonia73N.wav,1,2,4,3,0.022928387,0.085380875,0.20766541,0.45066404,0.23336124
asthma_v2_pneumonia_P43Pneumonia88Y.wav,1,2,4,4,0.013336574,0.00094020285,0.025494263,0.028485652,0.9317433
asthma_v2_pneumonia_P43Pneumonia89T.wav,1,2,4,4,0.018391877,0.0013847285,0.065208085,0.013796621,0.90121865
asthma_v2_pneumonia_P44Pneumonia36U.wav,1,2,4,1,0.027093574,0.76955694,0.06821002,0.04907961,0.0860598
asthma_v2_pneumonia_P44Pneumonia47J.wav,1,2,4,3,0.022928387,0.085380875,0.20766541,0.45066404,0.23336124
asthma_v2_pneumonia_P44Pneumonia49B.wav,1,2,4,3,0.0049045975,0.0035685038,0.0016667236,0.87426406,0.11559613
asthma_v2_pneumonia_P44Pneumonia59U.wav,1,2,4,1,0.06303447,0.36495385,0.024924383,0.30095252,0.2461348
asthma_v2_pneumonia_P44Pneumonia65N.wav,1,2,4,3,0.03947082,0.12970476,0.04089276,0.54513776,0.24479385
asthma_v2_pneumonia_P44Pneumonia71M.wav,1,2,4,4,0.006630185,0.010750436,0.10099559,0.4223862,0.45923764
asthma_v2_pneumonia_P8Pneumonia11O.wav,1,2,4,3,0.05540263,0.07544408,0.0038035896,0.74565935,0.11969031
asthma_v2_pneumonia_P8Pneumonia14Z.wav,1,2,4,1,0.04339653,0.4769661,0.014148606,0.4496501,0.015838647
asthma_v2_pneumonia_P8Pneumonia16Z.wav,1,2,4,3,0.12797885,0.08868203,0.010009941,0.3991108,0.3742184
asthma_v2_pneumonia_P8Pneumonia20O.wav,1,2,4,4,0.051462118,0.021235926,0.05914438,0.002579783,0.8655778
asthma_v2_pneumonia_P8Pneumonia23N.wav,1,2,4,1,0.16634843,0.37717184,0.016848907,0.35793447,0.08169632
asthma_v2_pneumonia_P8Pneumonia28V.wav,1,2,4,4,0.10139025,0.079142615,0.01877231,0.32042634,0.4802684
asthma_v2_Bronchial_P10BronchialSc_46.wav,1,3,1,1,0.0028837167,0.59965956,0.39156857,0.003926446,0.0019617279
asthma_v2_Bronchial_P10BronchialSc_48.wav,1,3,1,1,0.0016701639,0.8687422,0.12553798,0.003384741,0.00066486886
asthma_v2_Bronchial_P10BronchialSc_50.wav,1,3,1,1,0.0016447518,0.7534982,0.24150528,0.0019728946,0.0013788624
asthma_v2_Bronchial_P10BronchialTc_47.wav,1,3,1,2,0.0022705211,0.48156458,0.51351774,0.0019623095,0.00068488944
asthma_v2_Bronchial_P10BronchialTc_49.wav,1,3,1,1,0.00230425,0.56841505,0.42666385,0.0016112649,0.0010056188
asthma_v2_Bronchial_P12BronchialSc_56.wav,1,3,1,0,0.7973486,0.03158021,0.008250361,0.013382621,0.14943822
asthma_v2_Bronchial_P12BronchialSc_58.wav,1,3,1,1,0.26013592,0.6137488,0.014243142,0.031097893,0.08077432
asthma_v2_Bronchial_P12BronchialSc_60.wav,1,3,1,0,0.970556,0.005258199,0.011151335,0.0025085106,0.0105259605
asthma_v2_Bronchial_P12BronchialTc_57.wav,1,3,1,0,0.79001045,0.01755741,0.0049038734,0.00975074,0.1777775
asthma_v2_Bronchial_P12BronchialTc_59.wav,1,3,1,0,0.7021362,0.050677158,0.011070039,0.021592991,0.21452351
asthma_v2_Bronchial_P2BronchialSc_10.wav,1,3,1,1,0.0044813906,0.6537028,0.25871232,0.06104993,0.02205357
asthma_v2_Bronchial_P2BronchialSc_6.wav,1,3,1,1,0.0007826905,0.9640024,0.026773322,0.008074892,0.00036660742
asthma_v2_Bronchial_P2BronchialSc_8.wav,1,3,1,1,0.0019228151,0.96917826,0.024879847,0.0019215988,0.0020974635
asthma_v2_Bronchial_P2BronchialTc_7.wav,1,3,1,1,0.002211815,0.9625139,0.02661266,0.007460392,0.0012012249
asthma_v2_Bronchial_P2BronchialTc_9.wav,1,3,1,1,0.001600432,0.9568025,0.03673454,0.0034368825,0.0014256457
asthma_v2_Bronchial_P5BronchialSc_22.wav,1,3,1,1,0.0012768202,0.9094621,0.07648207,0.011759473,0.0010195817
asthma_v2_Bronchial_P5BronchialSc_24.wav,1,3,1,1,0.0011699584,0.91984695,0.05927671,0.018032935,0.0016734204
asthma_v2_Bronchial_P5BronchialTc_21.wav,1,3,1,2,0.035803545,0.27705458,0.6559267,0.022696514,0.008518639
asthma_v2_Bronchial_P5BronchialTc_23.wav,1,3,1,1,0.0016663038,0.77451617,0.20632423,0.016050894,0.0014423712
asthma_v2_Bronchial_P5BronchialTc_25.wav,1,3,1,1,0.0012795042,0.6717479,0.001959054,0.3214188,0.0035946816
asthma_v2_asthma_P10AsthmaIE_49.wav,1,3,0,4,0.22405821,0.007947906,0.01763721,0.052750878,0.6976058
asthma_v2_asthma_P10AsthmaIU_46.wav,1,3,0,4,0.14984201,0.00029709924,0.001559674,0.004728654,0.8435725
asthma_v2_asthma_P10AsthmaIU_50.wav,1,3,0,1,0.20970559,0.3917559,0.006014077,0.16045235,0.23207214
asthma_v2_asthma_P10AsthmaRL_47.wav,1,3,0,0,0.8030179,0.017595086,0.003804903,0.0032473952,0.17233473
asthma_v2_asthma_P10AsthmaRS_48.wav,1,3,0,0,0.8283813,0.021060385,0.0066118045,0.0034198863,0.14052668
asthma_v2_asthma_P11WheezingIE_53.wav,1,3,0,0,0.79375505,0.08780677,0.012375673,0.007684648,0.09837789
asthma_v2_asthma_P11WheezingIU_54.wav,1,3,0,0,0.77965736,0.059072986,0.0143447025,0.0066249482,0.1403
asthma_v2_asthma_P11WheezingRL_51.wav,1,3,0,0,0.95793885,0.01190362,0.0026905043,0.003822705,0.02364433
asthma_v2_asthma_P11WheezingRL_55.wav,1,3,0,4,0.3882528,0.0010868321,0.005074386,0.004196184,0.6013898
asthma_v2_asthma_P11WheezingRS_52.wav,1,3,0,0,0.35014373,0.3173607,0.00956355,0.034490615,0.28844142
asthma_v2_asthma_P17WheezingIE_81.wav,1,3,0,0,0.9120364,0.022843461,0.0066032796,0.0020642492,0.05645256
asthma_v2_asthma_P17WheezingIE_85.wav,1,3,0,0,0.971667,0.0020121573,0.009058823,0.0006546757,0.016607346
asthma_v2_asthma_P17WheezingIU_82.wav,1,3,0,0,0.90955585,0.014218548,0.007227936,0.0017553988,0.06724225
asthma_v2_asthma_P17WheezingRL_83.wav,1,3,0,0,0.712783,0.0023375286,0.002500808,0.006145677,0.27623302
asthma_v2_asthma_P17WheezingRS_84.wav,1,3,0,0,0.8605231,0.0012424386,0.04485837,0.0008290514,0.09254715
asthma_v2_asthma_P24WheezingIE_117.wav,1,3,0,0,0.8589232,0.0016792882,0.017688904,0.00089784816,0.12081085
asthma_v2_asthma_P24WheezingIU_118.wav,1,3,0,0,0.9736887,0.001814155,0.010339652,0.00022636777,0.013931069
asthma_v2_asthma_P24WheezingRL_119.wav,1,3,0,0,0.98031473,0.003120191,0.005520558,0.00050988764,0.010534598
asthma_v2_asthma_P24WheezingRS_116.wav,1,3,0,0,0.88585776,0.0013211892,0.053323667,0.00046283632,0.05903455
asthma_v2_asthma_P24WheezingRS_120.wav,1,3,0,0,0.94771796,0.0035302152,0.013279688,0.002928695,0.03254347
asthma_v2_asthma_P33WheezingIE_161.wav,1,3,0,0,0.8378376,0.0017776467,0.01756889,0.0010802939,0.14173566
asthma_v2_asthma_P33WheezingIE_165.wav,1,3,0,0,0.96486336,0.0027547476,0.0075167636,0.00072646904,0.024138711
asthma_v2_asthma_P33WheezingIU_162.wav,1,3,0,0,0.65724593,0.0043791407,0.022689557,0.0032008125,0.31248456
asthma_v2_asthma_P33WheezingRL_163.wav,1,3,0,0,0.90628123,0.010503966,0.027318867,0.002000067,0.05389589
asthma_v2_asthma_P33WheezingRS_164.wav,1,3,0,0,0.9688861,0.003505534,0.014781443,0.00030579642,0.0125212
asthma_v2_asthma_P34WheezingIE_169.wav,1,3,0,0,0.9739855,0.003554471,0.015322496,0.00041442135,0.0067231595
asthma_v2_asthma_P34WheezingIU_166.wav,1,3,0,0,0.95608115,0.0037864004,0.016162127,0.0012468821,0.022723438
asthma_v2_asthma_P34WheezingIU_170.wav,1,3,0,0,0.6899772,0.0039535714,0.002239604,0.010950349,0.29287916
asthma_v2_asthma_P34WheezingRL_167.wav,1,3,0,0,0.9741164,0.0029419707,0.013731217,0.0002660107,0.008944383
asthma_v2_asthma_P34WheezingRS_168.wav,1,3,0,0,0.96228117,0.0031036532,0.019659372,0.00030087997,0.014654903
asthma_v2_asthma_P43WheezingIE_213.wav,1,3,0,0,0.62916094,0.15144867,0.2113769,0.0026503557,0.0053631207
asthma_v2_asthma_P43WheezingIU_214.wav,1,3,0,0,0.97420144,0.0034553313,0.018323442,0.0001552264,0.0038645077
asthma_v2_asthma_P43WheezingRL_211.wav,1,3,0,0,0.5044537,0.019041097,0.23252374,0.0017787793,0.24220268
asthma_v2_asthma_P43WheezingRL_215.wav,1,3,0,4,0.38674384,0.013985226,0.10774204,0.007858738,0.48367018
asthma_v2_asthma_P43WheezingRS_212.wav,1,3,0,0,0.5159601,0.036920972,0.43922687,0.00183098,0.006061095
asthma_v2_asthma_P4AsthmaIE_17.wav,1,3,0,0,0.861536,0.013523045,0.0088567035,0.0035644653,0.11251979
asthma_v2_asthma_P4AsthmaIU_18.wav,1,3,0,0,0.90705705,0.0087924,0.008044016,0.001760914,0.07434563
asthma_v2_asthma_P4AsthmaRL_19.wav,1,3,0,0,0.62719125,0.005784456,0.008939691,0.0047682985,0.35331637
asthma_v2_asthma_P4AsthmaRS_16.wav,1,3,0,0,0.73516977,0.009801865,0.0050894395,0.0051184613,0.24482049
asthma_v2_asthma_P4AsthmaRS_20.wav,1,3,0,0,0.8803043,0.018643916,0.0063991323,0.0021254253,0.09252716
asthma_v2_asthma_P51WheezingIE_253.wav,1,3,0,0,0.783933,0.008701349,0.19554955,0.0002207178,0.011595406
asthma_v2_asthma_P51WheezingIU_254.wav,1,3,0,0,0.79823065,0.033671968,0.15324603,0.0016379759,0.013213412
asthma_v2_asthma_P51WheezingRL_251.wav,1,3,0,0,0.7398168,0.004556914,0.19569655,0.00054512155,0.059384607
asthma_v2_asthma_P51WheezingRL_255.wav,1,3,0,0,0.6234294,0.019598369,0.32134166,0.0024772084,0.033153262
asthma_v2_asthma_P51WheezingRS_252.wav,1,3,0,0,0.6785523,0.02871507,0.26478732,0.0009962532,0.026949106
asthma_v2_asthma_P54WheezingIE_269.wav,1,3,0,0,0.3090528,0.14727914,0.22891872,0.17924298,0.1355064
asthma_v2_asthma_P54WheezingIU_266.wav,1,3,0,4,0.0057581165,0.0074068075,0.0050866255,0.35750338,0.6242451
asthma_v2_asthma_P54WheezingIU_270.wav,1,3,0,3,0.02073338,0.33568782,0.011792819,0.5840826,0.0477034
asthma_v2_asthma_P54WheezingRL_267.wav,1,3,0,3,0.005457756,0.008487413,0.0025385607,0.84030795,0.1432083
asthma_v2_asthma_P54WheezingRS_268.wav,1,3,0,3,0.0013319316,0.0027941044,0.00035887343,0.92118,0.07433504
asthma_v2_asthma_P56WheezingIE_277.wav,1,3,0,1,0.19859439,0.3197229,0.04738473,0.3034397,0.13085827
asthma_v2_asthma_P56WheezingIU_278.wav,1,3,0,2,0.26628888,0.15926781,0.2676929,0.108300485,0.19844995
asthma_v2_asthma_P56WheezingRL_279.wav,1,3,0,0,0.8538164,0.04617025,0.029162504,0.006930676,0.063920096
asthma_v2_asthma_P56WheezingRS_276.wav,1,3,0,0,0.65384996,0.042502936,0.036268022,0.04608739,0.22129165
asthma_v2_asthma_P56WheezingRS_280.wav,1,3,0,3,0.03649969,0.11529301,0.0022868395,0.80413234,0.041788194
asthma_v2_copd_P11COPDMc_82.wav,1,3,2,2,0.37819067,0.047076084,0.5708404,0.00066511484,0.0032276977
asthma_v2_copd_P11COPDMc_84.wav,1,3,2,2,0.46895495,0.008230848,0.51110476,0.0005686296,0.011140794
asthma_v2_copd_P11COPDMc_86.wav,1,3,2,2,0.2539635,0.002625278,0.73702145,0.00041778685,0.0059719887
asthma_v2_copd_P11COPDMc_88.wav,1,3,2,2,0.16371211,0.008148084,0.8239766,0.00024049242,0.003922735
asthma_v2_copd_P11COPDPr_81.wav,1,3,2,2,0.2561524,0.019710496,0.7214936,0.00030123143,0.0023422216
asthma_v2_copd_P11COPDPr_83.wav,1,3,2,2,0.29489824,0.007229797,0.68019694,0.0014100507,0.016264983
asthma_v2_copd_P11COPDPr_85.wav,1,3,2,2,0.09515486,0.0058785393,0.8092943,0.0007987622,0.088873625
asthma_v2_copd_P11COPDPr_87.wav,1,3,2,2,0.4151868,0.108670846,0.46705425,0.0030634135,0.006024743
asthma_v2_copd_P12COPDMc_90.wav,1,3,2,2,0.10735833,0.0141407065,0.87571937,0.00035974476,0.0024218466
asthma_v2_copd_P12COPDMc_92.wav,1,3,2,2,0.15260029,0.02208471,0.82273996,0.0007746596,0.0018003184
asthma_v2_copd_P12COPDMc_94.wav,1,3,2,2,0.17721671,0.012750003,0.8037531,0.00072197936,0.0055582537
asthma_v2_copd_P12COPDMc_96.wav,1,3,2,2,0.00060375367,0.0030214959,0.9881967,0.0012848285,0.006893227
asthma_v2_copd_P12COPDPr_89.wav,1,3,2,2,0.4169998,0.088997774,0.48155943,0.00194593,0.010497054
asthma_v2_copd_P12COPDPr_91.wav,1,3,2,2,0.3591952,0.0415342,0.59500897,0.0009863125,0.003275361
asthma_v2_copd_P12COPDPr_93.wav,1,3,2,2,0.2569353,0.013388145,0.7264527,0.00048028413,0.0027435378
asthma_v2_copd_P12COPDPr_95.wav,1,3,2,2,0.0015176142,0.016980201,0.97846586,0.0008138433,0.002222556
asthma_v2_copd_P17COPDMc_130.wav,1,3,2,2,0.0003485219,0.0004326766,0.9964858,0.0003996206,0.0023334275
asthma_v2_copd_P17COPDMc_132.wav,1,3,2,2,0.012491031,0.0010562963,0.98338854,0.00013807019,0.0029260893
asthma_v2_copd_P17COPDMc_134.wav,1,3,2,2,0.0074233566,0.0012989937,0.9839168,0.00017382813,0.0071870224
asthma_v2_copd_P17COPDMc_136.wav,1,3,2,2,0.006179807,0.0006501819,0.9902596,0.00015239824,0.0027579393
asthma_v2_copd_P17COPDPr_129.wav,1,3,2,2,0.0016109411,0.001434042,0.99540544,0.00023027862,0.0013193035
asthma_v2_copd_P17COPDPr_131.wav,1,3,2,2,0.0005630215,0.0002802705,0.99490875,0.00066222885,0.0035857055
asthma_v2_copd_P17COPDPr_133.wav,1,3,2,2,0.004688865,0.000743817,0.9918223,0.00014624251,0.0025987455
asthma_v2_copd_P17COPDPr_135.wav,1,3,2,2,0.009454897,0.0010424233,0.9865383,0.0001408079,0.0028235696
asthma_v2_copd_P24COPDMc_186.wav,1,3,2,2,0.0004922048,0.0019181579,0.9963481,0.00039608555,0.0008455339
asthma_v2_copd_P24COPDMc_188.wav,1,3,2,2,0.0011914768,0.0010583847,0.983148,0.0005002882,0.01410186
asthma_v2_copd_P24COPDMc_190.wav,1,3,2,2,0.0018741833,0.0016340261,0.9308781,0.0037227396,0.061890952
asthma_v2_copd_P24COPDMc_192.wav,1,3,2,2,0.002324944,0.0014408274,0.9540419,0.0058873077,0.036305036
asthma_v2_copd_P24COPDPr_185.wav,1,3,2,2,0.0004904067,0.0011493398,0.99569964,0.00044575837,0.0022148928
asthma_v2_copd_P24COPDPr_187.wav,1,3,2,2,0.0004710965,0.0014834634,0.9951172,0.0007639384,0.0021643795
asthma_v2_copd_P24COPDPr_189.wav,1,3,2,2,0.0045155524,0.0014568634,0.6385361,0.0015805688,0.3539109
asthma_v2_copd_P24COPDPr_191.wav,1,3,2,2,0.0017476002,0.00145864,0.9520781,0.0016741774,0.043041397
asthma_v2_copd_P25COPDMc_194.wav,1,3,2,2,0.00076074735,0.038622133,0.9560196,0.0013049243,0.0032925678
asthma_v2_copd_P25COPDMc_196.wav,1,3,2,2,0.0007894639,0.0050734156,0.98980135,0.0013665999,0.0029691998
asthma_v2_copd_P25COPDMc_198.wav,1,3,2,2,0.0006910845,0.0057277945,0.9923119,0.00062334264,0.00064582203
asthma_v2_copd_P25COPDMc_200.wav,1,3,2,2,0.00041737943,0.0015601359,0.99445146,0.0007290252,0.0028420151
asthma_v2_copd_P25COPDPr_193.wav,1,3,2,2,0.0010038211,0.0070211836,0.9775393,0.000507595,0.013928074
asthma_v2_copd_P25COPDPr_195.wav,1,3,2,2,0.0021100175,0.021788968,0.96636736,0.005803097,0.0039304495
asthma_v2_copd_P25COPDPr_197.wav,1,3,2,2,0.00075955945,0.0032203037,0.9935035,0.0011392402,0.0013773869
asthma_v2_copd_P25COPDPr_199.wav,1,3,2,2,0.00035963894,0.0015059432,0.9963313,0.00070320914,0.0010998934
asthma_v2_copd_P26COPDMc_202.wav,1,3,2,2,0.00046633385,0.0006347428,0.9943557,0.0011591341,0.0033840283
asthma_v2_copd_P26COPDMc_204.wav,1,3,2,2,0.00051416474,0.002072407,0.99402857,0.0009865911,0.0023982318
asthma_v2_copd_P26COPDMc_206.wav,1,3,2,2,0.0077376654,0.031048913,0.95398104,0.0011592587,0.0060731145
asthma_v2_copd_P26COPDMc_208.wav,1,3,2,2,0.0012952687,0.0027232158,0.9886817,0.0008606423,0.0064391913
asthma_v2_copd_P26COPDPr_201.wav,1,3,2,2,0.00044621056,0.0029958987,0.9921835,0.0012329195,0.0031414898
asthma_v2_copd_P26COPDPr_203.wav,1,3,2,2,0.0006477794,0.0014410159,0.99471456,0.00097045465,0.0022262547
asthma_v2_copd_P26COPDPr_205.wav,1,3,2,2,0.0004422045,0.0009140343,0.99259746,0.0015225393,0.0045237686
asthma_v2_copd_P26COPDPr_207.wav,1,3,2,2,0.0017357403,0.0023224314,0.98746836,0.0005285048,0.007944957
asthma_v2_copd_P38COPDMc_298.wav,1,3,2,2,0.09637568,0.0027517786,0.88042724,0.0010010777,0.019444128
asthma_v2_copd_P38COPDMc_300.wav,1,3,2,2,0.00060153817,0.0015100338,0.9970535,0.00023762463,0.00059722364
asthma_v2_copd_P38COPDMc_302.wav,1,3,2,2,0.006669434,0.004223554,0.98276883,0.002577327,0.003760901
asthma_v2_copd_P38COPDMc_304.wav,1,3,2,2,0.0007994674,0.0001519,0.9947891,0.00045092477,0.0038086313
asthma_v2_copd_P38COPDPr_297.wav,1,3,2,2,0.008084084,0.0033891262,0.98246884,0.00015688296,0.005901048
asthma_v2_copd_P38COPDPr_299.wav,1,3,2,2,0.057738688,0.022004196,0.8534847,0.009969134,0.05680326
asthma_v2_copd_P38COPDPr_301.wav,1,3,2,2,0.0011099797,0.0015044113,0.99601233,0.00034536544,0.0010279113
asthma_v2_copd_P38COPDPr_303.wav,1,3,2,2,0.005774308,0.010039896,0.9386215,0.02657346,0.018990837
asthma_v2_copd_P42COPDMc_330.wav,1,3,2,2,0.0004911977,0.0009442421,0.9891087,0.00037098984,0.009084966
asthma_v2_copd_P42COPDMc_332.wav,1,3,2,2,0.00053166185,0.0014997242,0.99575585,0.00086151896,0.0013511768
asthma_v2_copd_P42COPDMc_334.wav,1,3,2,2,0.0009338688,0.0031924562,0.9930583,0.0009852075,0.0018300968
asthma_v2_copd_P42COPDMc_336.wav,1,3,2,2,0.0011419144,0.004983445,0.9817774,0.0061268024,0.0059703956
asthma_v2_copd_P42COPDPr_329.wav,1,3,2,2,0.0008922692,0.000871412,0.99644923,0.000118538635,0.0016685632
asthma_v2_copd_P42COPDPr_331.wav,1,3,2,2,0.0004738064,0.0046442687,0.9904462,0.0013881162,0.0030476176
asthma_v2_copd_P42COPDPr_333.wav,1,3,2,2,0.0009284313,0.007191188,0.99073106,0.00024289107,0.00090647885
asthma_v2_copd_P42COPDPr_335.wav,1,3,2,2,0.00065261713,0.0033999523,0.9823942,0.0067793694,0.00677386
asthma_v2_copd_P45COPDMc_354.wav,1,3,2,2,0.0049673184,0.0043855044,0.85908484,0.0017206906,0.12984172
asthma_v2_copd_P45COPDMc_356.wav,1,3,2,2,0.00072667573,0.0028478845,0.9633434,0.011438119,0.021643959
asthma_v2_copd_P45COPDMc_358.wav,1,3,2,4,0.25937724,0.03119642,0.024402933,0.16171816,0.52330524
asthma_v2_copd_P45COPDMc_360.wav,1,3,2,4,0.052887473,0.0018626921,0.16783504,0.02031089,0.7571039
asthma_v2_copd_P45COPDPr_353.wav,1,3,2,2,0.0019854922,0.0011625827,0.9515987,0.0036990466,0.041554112
asthma_v2_copd_P45COPDPr_355.wav,1,3,2,2,0.0005024242,0.0008404944,0.98904616,0.001449782,0.008161087
asthma_v2_copd_P45COPDPr_357.wav,1,3,2,2,0.0011185261,0.001953532,0.92855054,0.01919786,0.04917952
asthma_v2_copd_P45COPDPr_359.wav,1,3,2,4,0.07772932,0.004014108,0.026504528,0.15896851,0.7327835
asthma_v2_copd_P49COPDMc_386.wav,1,3,2,2,0.0018652467,0.004684255,0.99216956,0.00082706613,0.0004538986
asthma_v2_copd_P49COPDMc_388.wav,1,3,2,2,0.0013057576,0.0006814568,0.9964579,0.00042575356,0.001129169
asthma_v2_copd_P49COPDMc_390.wav,1,3,2,2,0.00061075826,0.0024747932,0.9958525,0.00056918553,0.00049278454
asthma_v2_copd_P49COPDMc_392.wav,1,3,2,2,0.0037073088,0.040918067,0.93663573,0.007669824,0.011069121
asthma_v2_copd_P49COPDPr_385.wav,1,3,2,2,0.0018173502,0.0004811594,0.9959378,0.00017007941,0.0015935809
asthma_v2_copd_P49COPDPr_387.wav,1,3,2,2,0.00075534085,0.001439573,0.9969854,0.0002620506,0.0005577483
asthma_v2_copd_P49COPDPr_389.wav,1,3,2,2,0.0026549648,0.0039332416,0.9918241,0.00095325714,0.00063448946
asthma_v2_copd_P49COPDPr_391.wav,1,3,2,2,0.0015407646,0.0027539635,0.9821302,0.0049340283,0.008641069
asthma_v2_copd_P6COPDMc_42.wav,1,3,2,2,0.002784752,0.0016833569,0.99389887,0.00013605057,0.001496898
asthma_v2_copd_P6COPDMc_44.wav,1,3,2,2,0.0036978726,0.0006747438,0.9936852,0.00016184415,0.0017803912
asthma_v2_copd_P6COPDMc_46.wav,1,3,2,2,0.0056971624,0.0010940429,0.98803306,0.0005149053,0.0046608346
asthma_v2_copd_P6COPDMc_48.wav,1,3,2,2,0.022491876,0.054765638,0.90671206,0.0096523035,0.0063781375
asthma_v2_copd_P6COPDPr_41.wav,1,3,2,2,0.008941231,0.0017634392,0.9819142,0.00032257778,0.0070585106
asthma_v2_copd_P6COPDPr_43.wav,1,3,2,2,0.001949264,0.00091355544,0.9963347,0.00012035568,0.00068216544
asthma_v2_copd_P6COPDPr_45.wav,1,3,2,2,0.018464278,0.0027049852,0.9766658,0.00041199944,0.0017529565
asthma_v2_copd_P6COPDPr_47.wav,1,3,2,2,0.19629097,0.006286992,0.7789469,0.0032687082,0.0152064655
asthma_v2_healthy_P10Healthy10S.wav,1,3,3,3,0.008309393,0.0053105964,0.025880797,0.70259506,0.2579041
asthma_v2_healthy_P10Healthy14S.wav,1,3,3,4,0.013178635,0.0050198804,0.012549091,0.18798748,0.78126496
asthma_v2_healthy_P10Healthy61S.wav,1,3,3,3,0.004670167,0.00701897,0.032343205,0.58266914,0.37329856
asthma_v2_healthy_P10Healthy65S.wav,1,3,3,4,0.002794866,0.00043013025,0.0110277645,0.015239947,0.9705072
asthma_v2_healthy_P10Healthy93S.wav,1,3,3,2,0.019261654,0.009640762,0.6483473,0.12830433,0.19444586
asthma_v2_healthy_P13Healthy28S.wav,1,3,3,3,0.0011981115,0.025882391,0.0012844522,0.81932026,0.15231477
asthma_v2_healthy_P13Healthy42S.wav,1,3,3,3,0.0007539474,0.0103305625,0.0008986461,0.9708702,0.017146653
asthma_v2_healthy_P13Healthy48S.wav,1,3,3,3,0.0010479403,0.006641042,0.00096420763,0.9689069,0.022439845
asthma_v2_healthy_P13Healthy53S.wav,1,3,3,3,0.0019425361,0.0076793265,0.004151003,0.95287466,0.033352464
asthma_v2_healthy_P13Healthy69S.wav,1,3,3,4,0.011135725,0.006053848,0.023344303,0.16373073,0.79573536
asthma_v2_healthy_P21Healthy15S.wav,1,3,3,4,0.066840924,0.0008159568,0.003927836,0.07190872,0.8565065
asthma_v2_healthy_P21Healthy38S.wav,1,3,3,3,0.15200926,0.014362202,0.0056486917,0.4517165,0.37626335
asthma_v2_healthy_P21Healthy53S.wav,1,3,3,3,0.18784882,0.047890518,0.0041088797,0.453857,0.30629483
asthma_v2_healthy_P21Healthy95S.wav,1,3,3,4,0.005722539,0.0006639408,0.009314483,0.0028433478,0.98145574
asthma_v2_healthy_P21Healthy98S.wav,1,3,3,4,0.0016552056,0.00020238211,0.0015381487,0.0042245453,0.9923798
asthma_v2_healthy_P3Healthy44S.wav,1,3,3,1,0.0039260867,0.78251904,0.0071919383,0.19498815,0.011374813
asthma_v2_healthy_P3Healthy49S.wav,1,3,3,3,0.0019213435,0.0020703555,0.001109195,0.96554124,0.029357888
asthma_v2_healthy_P3Healthy57S.wav,1,3,3,3,0.0022383437,0.0024826846,0.0005677854,0.9510717,0.043639448
asthma_v2_healthy_P3Healthy60S.wav,1,3,3,3,0.0024522573,0.147571,0.018132998,0.7981545,0.033689313
asthma_v2_healthy_P3Healthy84S.wav,1,3,3,3,0.0010629649,0.002941019,0.00048526723,0.9848701,0.010640755
asthma_v2_healthy_P5Healthy10S.wav,1,3,3,3,0.0005943462,0.009138679,0.0002676474,0.9834235,0.0065758144
asthma_v2_healthy_P5Healthy57S.wav,1,3,3,4,0.011778202,0.0007590338,0.02728176,0.054800402,0.90538067
asthma_v2_healthy_P5Healthy87S.wav,1,3,3,3,0.00040660636,0.003939104,0.0002906486,0.9796346,0.015729
asthma_v2_healthy_P5Healthy92S.wav,1,3,3,3,0.004062802,0.004446052,0.015514426,0.6823999,0.29357684
asthma_v2_healthy_P5Healthy96S.wav,1,3,3,3,0.036396295,0.033412542,0.020847943,0.69271183,0.21663135
asthma_v2_healthy_P9Healthy22S.wav,1,3,3,3,0.0006934662,0.00732505,0.0006577008,0.96828943,0.023034394
asthma_v2_healthy_P9Healthy29S.wav,1,3,3,4,0.05747683,0.0013157064,0.0195622,0.15860885,0.7630365
asthma_v2_healthy_P9Healthy31S.wav,1,3,3,3,0.034551993,0.0051077995,0.010783629,0.53042865,0.4191279
asthma_v2_healthy_P9Healthy61S.wav,1,3,3,3,0.093975395,0.0055553983,0.0055438047,0.49979946,0.3951259
asthma_v2_healthy_P9Healthy79S.wav,1,3,3,4,0.008411129,0.002533658,0.002356922,0.11788473,0.8688135
asthma_v2_pneumonia_P13Pneumonia20R.wav,1,3,4,4,0.015006581,0.00047154733,0.021355027,0.002178062,0.9609887
asthma_v2_pneumonia_P13Pneumonia26N.wav,1,3,4,4,0.072157435,0.004660318,0.002195555,0.009822871,0.91116387
asthma_v2_pneumonia_P13Pneumonia33Z.wav,1,3,4,4,0.004759495,0.0006563832,0.0037997551,0.0013813075,0.9894031
asthma_v2_pneumonia_P13Pneumonia60R.wav,1,3,4,4,0.073797934,0.001200809,0.0045106285,0.011100342,0.9093903
asthma_v2_pneumonia_P13Pneumonia94T.wav,1,3,4,4,0.0028257954,0.00053935335,0.037177697,0.010859304,0.94859785
asthma_v2_pneumonia_P13Pneumonia99T.wav,1,3,4,4,0.0022828593,0.00035701704,0.0031217067,0.0016362751,0.99260205
asthma_v2_pneumonia_P22Pneumonia27A.wav,1,3,4,4,0.11287665,0.0013887004,0.0020450463,0.019186633,0.864503
asthma_v2_pneumonia_P22Pneumonia29K.wav,1,3,4,4,0.0074854186,0.025192313,0.0008512377,0.4505991,0.5158719
asthma_v2_pneumonia_P22Pneumonia29M.wav,1,3,4,4,0.026119638,0.00048022217,0.0010773487,0.016537994,0.9557848
asthma_v2_pneumonia_P22Pneumonia47V.wav,1,3,4,3,0.0070563373,0.0034931484,0.00070872443,0.6336934,0.3550484
asthma_v2_pneumonia_P22Pneumonia51X.wav,1,3,4,4,0.019706082,0.00036627625,0.016516358,0.013416785,0.9499945
asthma_v2_pneumonia_P22Pneumonia55C.wav,1,3,4,4,0.08637149,0.00079640857,0.004496562,0.011297367,0.8970382
asthma_v2_pneumonia_P27Pneumonia25R.wav,1,3,4,4,0.006272548,0.0012064846,0.0053230566,0.020272214,0.96692574
asthma_v2_pneumonia_P27Pneumonia28K.wav,1,3,4,4,0.0046849293,0.0009981717,0.045072295,0.005105714,0.9441389
asthma_v2_pneumonia_P27Pneumonia37T.wav,1,3,4,4,0.0036594532,0.00036111719,0.010134832,0.08475969,0.90108484
asthma_v2_pneumonia_P27Pneumonia48G.wav,1,3,4,4,0.006599163,0.0012704375,0.15947516,0.0067057703,0.8259495
asthma_v2_pneumonia_P27Pneumonia62C.wav,1,3,4,4,0.007339887,0.00054915913,0.008177716,0.0016653013,0.98226786
asthma_v2_pneumonia_P27Pneumonia77J.wav,1,3,4,4,0.0012703803,0.0002917308,0.007125182,0.012075922,0.9792367
asthma_v2_pneumonia_P30Pneumonia10C.wav,1,3,4,4,0.0023664169,0.00018204027,0.0012482549,0.0059140255,0.9902892
asthma_v2_pneumonia_P30Pneumonia15J.wav,1,3,4,4,0.0020567693,0.0004961484,0.0027064178,0.003195614,0.99154496
asthma_v2_pneumonia_P30Pneumonia30W.wav,1,3,4,4,0.009425254,0.0052506933,0.0012098484,0.15089355,0.83322066
asthma_v2_pneumonia_P30Pneumonia52T.wav,1,3,4,4,0.011492807,0.0044451985,0.003137313,0.032920413,0.94800436
asthma_v2_pneumonia_P30Pneumonia70X.wav,1,3,4,4,0.004312975,0.0060842624,0.0011095905,0.23404653,0.75444674
asthma_v2_pneumonia_P30Pneumonia85D.wav,1,3,4,4,0.0026224663,0.0032802816,0.0014420175,0.014537786,0.9781174
asthma_v2_pneumonia_P34Pneumonia15R.wav,1,3,4,4,0.008488219,0.00077861,0.0028552043,0.0027149091,0.98516303
asthma_v2_pneumonia_P34Pneumonia36H.wav,1,3,4,4,0.0043037836,0.00031511977,0.005098966,0.010220038,0.9800622
asthma_v2_pneumonia_P34Pneumonia61E.wav,1,3,4,4,0.0021637655,0.00022560556,0.0017771258,0.0024184494,0.9934151
asthma_v2_pneumonia_P34Pneumonia66M.wav,1,3,4,4,0.010006623,0.00018947908,0.0019026921,0.007934893,0.97996634
asthma_v2_pneumonia_P34Pneumonia77O.wav,1,3,4,4,0.0045648864,0.0007660463,0.0013392505,0.0034447666,0.9898851
asthma_v2_pneumonia_P34Pneumonia99G.wav,1,3,4,4,0.010377135,0.00014794744,0.00077220896,0.0056440034,0.9830587
asthma_v2_pneumonia_P37Pneumonia44I.wav,1,3,4,0,0.70246303,0.016990004,0.0037917164,0.006425914,0.27032927
asthma_v2_pneumonia_P37Pneumonia73K.wav,1,3,4,0,0.5311905,0.0006624849,0.0053640944,0.002444484,0.46033847
asthma_v2_pneumonia_P37Pneumonia73X.wav,1,3,4,0,0.50586444,0.008499489,0.0032286027,0.008456,0.47395146
asthma_v2_pneumonia_P37Pneumonia83S.wav,1,3,4,0,0.50813484,0.006065082,0.0053405385,0.017118435,0.46334106
asthma_v2_pneumonia_P37Pneumonia84E.wav,1,3,4,0,0.83356905,0.00029857442,0.0048200227,0.0032644463,0.158048
asthma_v2_pneumonia_P37Pneumonia95J.wav,1,3,4,0,0.5689839,0.0019949758,0.0050200843,0.0062337792,0.4177672
asthma_v2_pneumonia_P7Pneumonia22C.wav,1,3,4,4,0.0146704,0.0033701686,0.19027019,0.017599816,0.77408946
asthma_v2_pneumonia_P7Pneumonia22X.wav,1,3,4,4,0.007342319,0.0016599898,0.16809534,0.04796744,0.77493495
asthma_v2_pneumonia_P7Pneumonia34I.wav,1,3,4,4,0.010223339,0.0006445434,0.223887,0.009515097,0.75573003
asthma_v2_pneumonia_P7Pneumonia61Q.wav,1,3,4,4,0.0053880187,0.0004098144,0.040239733,0.013935928,0.94002646
asthma_v2_pneumonia_P7Pneumonia62G.wav,1,3,4,2,0.015325426,0.0023049908,0.833714,0.0045940657,0.1440615
asthma_v2_pneumonia_P7Pneumonia76F.wav,1,3,4,4,0.0036821219,0.00022876544,0.0088848425,0.0028232227,0.9843811
asthma_v2_pneumonia_P9Pneumonia31T.wav,1,3,4,4,0.0050256695,0.00037426758,0.0027994923,0.0017522734,0.9900483
asthma_v2_pneumonia_P9Pneumonia63O.wav,1,3,4,4,0.003881995,0.00016760218,0.002486693,0.08875016,0.9047136
asthma_v2_pneumonia_P9Pneumonia67I.wav,1,3,4,4,0.0067869816,0.000447478,0.0063204095,0.0046112323,0.9818339
asthma_v2_pneumonia_P9Pneumonia73J.wav,1,3,4,4,0.00515926,0.00022737379,0.0032644519,0.0033075798,0.9880413
asthma_v2_pneumonia_P9Pneumonia74S.wav,1,3,4,4,0.026070364,0.0005138078,0.005687473,0.00359833,0.9641301
asthma_v2_pneumonia_P9Pneumonia74V.wav,1,3,4,4,0.04200416,0.000610356,0.004309601,0.007866798,0.945209
asthma_v2_Bronchial_P17BronchialSc_82.wav,1,4,1,1,0.006318494,0.9401489,0.011370048,0.03138206,0.01078051
asthma_v2_Bronchial_P17BronchialSc_84.wav,1,4,1,1,0.0004205527,0.91133934,0.0018531489,0.08320823,0.0031787078
asthma_v2_Bronchial_P17BronchialTc_81.wav,1,4,1,1,0.0010538894,0.9850006,0.0050732796,0.008554104,0.0003180488
asthma_v2_Bronchial_P17BronchialTc_83.wav,1,4,1,1,0.00055500836,0.99415237,0.0013658446,0.0029993227,0.00092748686
asthma_v2_Bronchial_P17BronchialTc_85.wav,1,4,1,1,0.00019464009,0.99646324,0.001756434,0.0014477521,0.00013788525
asthma_v2_Bronchial_P18BronchialSc_86.wav,1,4,1,1,0.000113098,0.80716425,0.0034302464,0.18720458,0.0020877784
asthma_v2_Bronchial_P18BronchialSc_88.wav,1,4,1,1,0.0025019895,0.71511376,0.27992147,0.0009550793,0.0015077268
asthma_v2_Bronchial_P18BronchialSc_90.wav,1,4,1,2,0.0045853443,0.13763061,0.85409373,0.0012928231,0.0023974986
asthma_v2_Bronchial_P18BronchialTc_87.wav,1,4,1,1,0.0009184102,0.94905734,0.004559882,0.044067007,0.0013973865
asthma_v2_Bronchial_P18BronchialTc_89.wav,1,4,1,1,0.0001705882,0.98987585,0.009103987,0.0005735634,0.0002759956
asthma_v2_Bronchial_P21BronchialSc_102.wav,1,4,1,3,0.0047885077,0.0017942303,0.000892951,0.90973616,0.08278817
asthma_v2_Bronchial_P21BronchialSc_104.wav,1,4,1,3,0.06303552,0.005146805,0.0050706267,0.8505805,0.07616656
asthma_v2_Bronchial_P21BronchialTc_101.wav,1,4,1,1,0.002233738,0.9455154,0.005135349,0.039922014,0.007193513
asthma_v2_Bronchial_P21BronchialTc_103.wav,1,4,1,3,0.038982417,0.0043082694,0.0052267155,0.60547584,0.34600678
asthma_v2_asthma_P13WheezingIE_61.wav,1,4,0,0,0.9572841,0.00076546543,0.0018406938,0.00035612928,0.03975362
asthma_v2_asthma_P13WheezingIE_65.wav,1,4,0,0,0.84715545,0.0017898604,0.0008061741,0.0010761081,0.14917237
asthma_v2_asthma_P13WheezingIU_62.wav,1,4,0,0,0.88178724,0.00084398413,0.0016152461,0.00057276996,0.11518071
asthma_v2_asthma_P13WheezingRL_63.wav,1,4,0,0,0.99031353,0.0012619254,0.0010045603,0.00012491104,0.007295171
asthma_v2_asthma_P13WheezingRS_64.wav,1,4,0,0,0.9500119,0.0013732776,0.0008032082,0.0002450878,0.04756653
asthma_v2_asthma_P15WheezingIE_73.wav,1,4,0,0,0.76698416,0.0017218331,0.00080111437,0.0018423934,0.22865048
asthma_v2_asthma_P15WheezingIU_74.wav,1,4,0,0,0.9918663,0.00017663067,0.0007798842,6.449877e-05,0.007112686
asthma_v2_asthma_P15WheezingRL_71.wav,1,4,0,0,0.9416673,6.521494e-05,0.00044578078,0.000346187,0.057475463
asthma_v2_asthma_P15WheezingRL_75.wav,1,4,0,0,0.99533033,0.00019631998,0.0010076897,2.1452404e-05,0.0034442844
asthma_v2_asthma_P15WheezingRS_72.wav,1,4,0,0,0.96359175,0.00038962765,0.00053231034,0.00010634258,0.03537993
asthma_v2_asthma_P1AsthmaIE_1.wav,1,4,0,0,0.97368896,0.00042787456,0.002817328,7.3458934e-05,0.022992365
asthma_v2_asthma_P1AsthmaIE_5.wav,1,4,0,0,0.9918493,0.0013874199,0.0021273687,0.000113548755,0.004522403
asthma_v2_asthma_P1AsthmaIU_2.wav,1,4,0,0,0.98807436,0.0003349265,0.00055134064,5.0767303e-05,0.0109886965
asthma_v2_asthma_P1AsthmaRL_3.wav,1,4,0,0,0.98676354,0.0006498326,0.0007729505,8.6370776e-05,0.01172724
asthma_v2_asthma_P1AsthmaRS_4.wav,1,4,0,0,0.96905434,0.009656961,0.008953403,0.00031221844,0.012023063
asthma_v2_asthma_P22WheezingIE_109.wav,1,4,0,0,0.9144357,0.023402901,0.051411137,0.0005587272,0.010191461
asthma_v2_asthma_P22WheezingIU_106.wav,1,4,0,0,0.9866202,0.0014966049,0.0051089884,0.00013464884,0.0066395453
asthma_v2_asthma_P22WheezingIU_110.wav,1,4,0,0,0.9877594,0.0074087535,0.0014899914,0.00015347112,0.0031883104
asthma_v2_asthma_P22WheezingRL_107.wav,1,4,0,0,0.95582,0.011470162,0.0046185073,0.0073165703,0.020774731
asthma_v2_asthma_P22WheezingRS_108.wav,1,4,0,0,0.9893792,0.0013754691,0.0037397791,0.00016084268,0.005344658
asthma_v2_asthma_P25WheezingIE_121.wav,1,4,0,0,0.9593514,0.001172104,0.0006882376,0.00029660072,0.038491663
asthma_v2_asthma_P25WheezingIE_125.wav,1,4,0,0,0.9737424,0.0008958592,0.0016116764,6.899128e-05,0.023681061
asthma_v2_asthma_P25WheezingIU_122.wav,1,4,0,0,0.992486,0.0004539596,0.0017504907,7.0101676e-05,0.0052394667
asthma_v2_asthma_P25WheezingRL_123.wav,1,4,0,0,0.9793211,0.00013861533,0.002133654,9.170839e-05,0.018314963
asthma_v2_asthma_P25WheezingRS_124.wav,1,4,0,0,0.99475926,7.930911e-05,0.0005474746,5.3548003e-05,0.0045603765
asthma_v2_asthma_P36WheezingIE_177.wav,1,4,0,0,0.9777573,0.0007555547,0.004949391,0.00012215905,0.016415669
asthma_v2_asthma_P36WheezingIU_178.wav,1,4,0,0,0.96948034,0.0011546173,0.0054294635,9.1055306e-05,0.023844676
asthma_v2_asthma_P36WheezingRL_179.wav,1,4,0,0,0.9792987,0.0029514187,0.009712098,0.00016456285,0.007873303
asthma_v2_asthma_P36WheezingRS_176.wav,1,4,0,0,0.89058423,0.023622368,0.08378453,0.0005843594,0.001424508
asthma_v2_asthma_P36WheezingRS_180.wav,1,4,0,0,0.98398525,0.0045591267,0.0057123215,0.00025869557,0.0054846574
asthma_v2_asthma_P37WheezingIE_181.wav,1,4,0,0,0.99433833,0.0006339172,0.0012451438,0.0002673005,0.0035153567
asthma_v2_asthma_P37WheezingIE_185.wav,1,4,0,0,0.9522128,0.0027869907,0.010140845,0.0026140003,0.032245353
asthma_v2_asthma_P37WheezingIU_182.wav,1,4,0,0,0.62226135,0.0067030312,0.32902935,0.00045391344,0.04155227
asthma_v2_asthma_P37WheezingRL_183.wav,1,4,0,0,0.94428015,0.0036131854,0.019064516,0.000313529,0.03272859
asthma_v2_asthma_P37WheezingRS_184.wav,1,4,0,0,0.9831677,0.00074086705,0.014192579,4.4972276e-05,0.0018538985
asthma_v2_asthma_P39WheezingIE_193.wav,1,4,0,0,0.9860912,0.0016978234,0.007987448,0.00012818123,0.0040952503
asthma_v2_asthma_P39WheezingIU_194.wav,1,4,0,0,0.9294426,0.0075098043,0.059279233,0.00074959773,0.0030187375
asthma_v2_asthma_P39WheezingRL_191.wav,1,4,0,0,0.9850376,0.00069707114,0.0032975846,8.183118e-05,0.010885978
asthma_v2_asthma_P39WheezingRL_195.wav,1,4,0,0,0.8785043,0.0067230985,0.106168635,0.00026713478,0.008336857
asthma_v2_asthma_P39WheezingRS_192.wav,1,4,0,0,0.9652345,0.005188916,0.0139076635,0.00014661819,0.015522238
asthma_v2_asthma_P3AsthmaIE_13.wav,1,4,0,0,0.9201205,0.031849418,0.0056201466,0.0023944806,0.040015433
asthma_v2_asthma_P3AsthmaIU_14.wav,1,4,0,0,0.9799897,0.0003138803,0.00067615346,0.00012618935,0.018894076
asthma_v2_asthma_P3AsthmaRL_11.wav,1,4,0,0,0.8383437,0.0006697941,0.00047282403,0.0014924916,0.15902121
asthma_v2_asthma_P3AsthmaRL_15.wav,1,4,0,0,0.73649174,0.00024070615,0.0010369942,0.0006774296,0.2615531
asthma_v2_asthma_P3AsthmaRS_12.wav,1,4,0,0,0.9795369,0.0003252235,0.0009029137,0.00016560918,0.019069456
asthma_v2_asthma_P48WheezingIE_237.wav,1,4,0,0,0.98698854,0.0011625108,0.0046014823,7.695145e-05,0.0071705882
asthma_v2_asthma_P48WheezingIU_238.wav,1,4,0,0,0.9821264,0.0012436215,0.014929807,0.00014720968,0.0015529526
asthma_v2_asthma_P48WheezingRL_239.wav,1,4,0,0,0.98535603,0.0027738772,0.007474178,9.555535e-05,0.004300344
asthma_v2_asthma_P48WheezingRS_236.wav,1,4,0,0,0.99428445,0.0005999556,0.0031594783,0.00010841774,0.0018477134
asthma_v2_asthma_P48WheezingRS_240.wav,1,4,0,0,0.9852077,0.0016441845,0.00496159,0.00018232981,0.008004157
asthma_v2_asthma_P50WheezingIE_249.wav,1,4,0,0,0.9871984,0.00081088603,0.0015090441,0.00017949137,0.010302079
asthma_v2_asthma_P50WheezingIU_246.wav,1,4,0,0,0.97086024,0.0011872351,0.006861351,0.00022687753,0.02086437
asthma_v2_asthma_P50WheezingIU_250.wav,1,4,0,0,0.98378295,0.00026473802,0.0078847315,0.00038885808,0.0076787383
asthma_v2_asthma_P50WheezingRL_247.wav,1,4,0,0,0.78595,0.00067064335,0.001973249,0.00534707,0.20605907
asthma_v2_asthma_P50WheezingRS_248.wav,1,4,0,0,0.9114027,0.0011798133,0.002917566,0.00044562967,0.08405433
asthma_v2_asthma_P57WheezingIE_281.wav,1,4,0,3,0.0019860286,0.0011704987,0.0001056791,0.99557173,0.0011660188
asthma_v2_asthma_P57WheezingIE_285.wav,1,4,0,3,0.098486416,0.015512239,0.008193337,0.8701093,0.0076987483
asthma_v2_asthma_P57WheezingIU_282.wav,1,4,0,3,0.0059726876,0.0020331,0.000360543,0.9817109,0.009922747
asthma_v2_asthma_P57WheezingRL_283.wav,1,4,0,3,0.029405816,0.003992984,0.006296018,0.5465414,0.41376388
asthma_v2_asthma_P57WheezingRS_284.wav,1,4,0,3,0.0012993375,0.006889288,0.0033906559,0.965938,0.02248282
asthma_v2_asthma_P58WheezingIU_286.wav,1,4,0,4,0.05509697,0.0011301641,0.043486442,0.16945015,0.7308363
asthma_v2_asthma_P58WheezingRL_287.wav,1,4,0,3,0.18279807,0.0034759475,0.017110765,0.75147593,0.045139324
asthma_v2_asthma_P58WheezingRS_288.wav,1,4,0,4,0.058953304,0.0009836857,0.014063871,0.3117118,0.6142873
asthma_v2_copd_P10COPDMc_74.wav,1,4,2,0,0.7858207,0.13964106,0.058739442,0.002390142,0.013408685
asthma_v2_copd_P10COPDMc_76.wav,1,4,2,0,0.9755695,0.01703907,0.0058350684,0.00041677835,0.0011396011
asthma_v2_copd_P10COPDMc_78.wav,1,4,2,0,0.9845946,0.003238622,0.009576772,0.00017752014,0.0024124985
asthma_v2_copd_P10COPDMc_80.wav,1,4,2,0,0.98386097,0.0016989623,0.009299173,0.00012126014,0.005019626
asthma_v2_copd_P10COPDPr_73.wav,1,4,2,0,0.9466412,0.009520122,0.04079904,0.000442549,0.002597038
asthma_v2_copd_P10COPDPr_75.wav,1,4,2,0,0.6394342,0.29540446,0.024531404,0.024154581,0.016475363
asthma_v2_copd_P10COPDPr_77.wav,1,4,2,0,0.8733492,0.0033344284,0.010499232,0.0085732,0.104243964
asthma_v2_copd_P10COPDPr_79.wav,1,4,2,0,0.9547882,0.0053242715,0.036198772,0.00022850242,0.0034602338
asthma_v2_copd_P16COPDMc_122.wav,1,4,2,2,0.0003021179,0.00011046761,0.99843925,0.0002171078,0.0009311159
asthma_v2_copd_P16COPDMc_124.wav,1,4,2,2,0.0003913055,0.00011409619,0.998216,0.00016619875,0.0011124179
asthma_v2_copd_P16COPDMc_126.wav,1,4,2,2,0.0001935109,0.00034784243,0.99799347,6.873068e-05,0.0013964758
asthma_v2_copd_P16COPDMc_128.wav,1,4,2,2,0.0003745492,0.00015621934,0.99730885,8.273004e-05,0.0020776724
asthma_v2_copd_P16COPDPr_121.wav,1,4,2,2,0.00073058635,0.0002506416,0.99829847,0.00012541591,0.00059496536
asthma_v2_copd_P16COPDPr_123.wav,1,4,2,2,0.0003876847,0.00017714057,0.99757296,8.861045e-05,0.0017735999
asthma_v2_copd_P16COPDPr_125.wav,1,4,2,2,0.0007189376,0.0002131055,0.9983512,0.00019308539,0.0005236721
asthma_v2_copd_P16COPDPr_127.wav,1,4,2,2,0.00038030712,0.000107198306,0.99728465,0.00014955687,0.002078222
asthma_v2_copd_P18COPDMc_138.wav,1,4,2,2,0.00025677917,0.00025794964,0.99723405,0.0001889615,0.0020623803
asthma_v2_copd_P18COPDMc_140.wav,1,4,2,2,0.00059844035,0.00030266473,0.99686474,0.00025456413,0.0019795643
asthma_v2_copd_P18COPDMc_142.wav,1,4,2,2,0.046238836,0.0008796622,0.9280941,0.014484572,0.010302911
asthma_v2_copd_P18COPDMc_144.wav,1,4,2,2,0.00021303628,0.011848927,0.9876704,9.300354e-05,0.00017459481
asthma_v2_copd_P18COPDPr_137.wav,1,4,2,2,0.00080469064,0.00044731156,0.9983889,0.00015394016,0.00020522506
asthma_v2_copd_P18COPDPr_139.wav,1,4,2,2,0.00036919845,0.0004152697,0.9988411,0.0001093659,0.00026507233
asthma_v2_copd_P18COPDPr_141.wav,1,4,2,2,0.00060444995,0.0003081181,0.99649113,0.00018996731,0.002406305
asthma_v2_copd_P18COPDPr_143.wav,1,4,2,2,0.00011317715,0.0005537764,0.9980223,0.00026161462,0.001049068
asthma_v2_copd_P2COPDMc_10.wav,1,4,2,2,0.00082584214,0.0004317631,0.97912276,0.0065174415,0.013102178
asthma_v2_copd_P2COPDMc_12.wav,1,4,2,2,0.36860934,0.007949304,0.6161465,0.0002340644,0.007060746
asthma_v2_copd_P2COPDMc_14.wav,1,4,2,0,0.98665214,0.002098941,0.009057016,0.00013872022,0.002053091
asthma_v2_copd_P2COPDMc_16.wav,1,4,2,0,0.82545614,0.0026465491,0.15753615,0.0001765013,0.014184693
asthma_v2_copd_P2COPDPr_11.wav,1,4,2,0,0.9376723,0.0018922398,0.04760079,0.000113562484,0.012721191
asthma_v2_copd_P2COPDPr_13.wav,1,4,2,2,0.17716496,0.003329058,0.81562513,0.00019332935,0.0036875764
asthma_v2_copd_P2COPDPr_15.wav,1,4,2,0,0.70259416,0.09302234,0.2019388,0.0005513302,0.0018933722
asthma_v2_copd_P2COPDPr_9.wav,1,4,2,2,0.0009478962,0.0017037232,0.99504894,0.00084341015,0.0014559991
asthma_v2_copd_P31COPDMc_242.wav,1,4,2,2,0.0009461414,0.0053891647,0.99277824,0.00035271136,0.00053362985
asthma_v2_copd_P31COPDMc_244.wav,1,4,2,2,0.033312853,0.0037078795,0.9486451,0.013453731,0.00088048016
asthma_v2_copd_P31COPDMc_246.wav,1,4,2,2,0.08491507,0.010290265,0.90386176,9.406637e-05,0.0008388675
asthma_v2_copd_P31COPDMc_248.wav,1,4,2,2,0.019437509,0.0060111606,0.97369385,0.00010651612,0.0007510111
asthma_v2_copd_P31COPDPr_241.wav,1,4,2,2,0.00016892856,0.00062651106,0.99832255,0.00010836015,0.0007735784
asthma_v2_copd_P31COPDPr_243.wav,1,4,2,2,0.0038283744,0.003406761,0.98904526,0.002724033,0.0009956469
asthma_v2_copd_P31COPDPr_245.wav,1,4,2,2,0.068998784,0.0056354036,0.9220119,0.00015927257,0.0031946106
asthma_v2_copd_P31COPDPr_247.wav,1,4,2,2,0.048010178,0.0061188634,0.94461316,9.1383015e-05,0.0011664093
asthma_v2_copd_P37COPDMc_290.wav,1,4,2,2,0.00029070914,0.025292998,0.9738021,0.0001909904,0.00042327208
asthma_v2_copd_P37COPDMc_292.wav,1,4,2,2,0.062243413,0.049960356,0.8776391,0.009182929,0.0009742658
asthma_v2_copd_P37COPDMc_294.wav,1,4,2,2,0.00016566699,0.00049042015,0.99899656,0.00016323922,0.00018413702
asthma_v2_copd_P37COPDMc_296.wav,1,4,2,2,0.00034243704,0.0007502244,0.99845123,9.730208e-05,0.00035868172
asthma_v2_copd_P37COPDPr_289.wav,1,4,2,2,0.00022172829,0.0073181186,0.9916928,7.342891e-05,0.00069404085
asthma_v2_copd_P37COPDPr_291.wav,1,4,2,2,0.0039463113,0.027353635,0.9639275,0.003776213,0.0009963403
asthma_v2_copd_P37COPDPr_293.wav,1,4,2,2,0.014676036,0.016665932,0.96521175,0.0024562587,0.0009900762
asthma_v2_copd_P37COPDPr_295.wav,1,4,2,2,0.0005247341,0.00053604477,0.9984401,0.00013521679,0.00036389442
asthma_v2_copd_P39COPDMc_306.wav,1,4,2,1,0.00012770585,0.9908915,0.007925136,0.0007721086,0.00028365874
asthma_v2_copd_P39COPDMc_308.wav,1,4,2,1,4.4011944e-05,0.9970862,0.0018258832,0.0008863106,0.00015752508
asthma_v2_copd_P39COPDMc_310.wav,1,4,2,1,1.954205e-05,0.9983242,0.0007800196,0.00081088865,6.528807e-05
asthma_v2_copd_P39COPDMc_312.wav,1,4,2,2,0.00010981544,0.0040540607,0.9952614,4.138552e-05,0.00053337635
asthma_v2_copd_P39COPDPr_305.wav,1,4,2,2,0.0019585802,0.00045210248,0.9542342,0.00583994,0.037515167
asthma_v2_copd_P39COPDPr_307.wav,1,4,2,1,5.4473992e-05,0.99824286,0.00092209864,0.0006568681,0.00012370036
asthma_v2_copd_P39COPDPr_309.wav,1,4,2,1,3.0220897e-05,0.9960802,0.0025088938,0.0012741656,0.000106511754
asthma_v2_copd_P39COPDPr_311.wav,1,4,2,1,2.8842278e-05,0.9976418,0.0014580858,0.0008116991,5.957474e-05
asthma_v2_copd_P3COPDMc_18.wav,1,4,2,0,0.91058236,0.0005304336,0.013919465,0.0014392096,0.073528565
asthma_v2_copd_P3COPDMc_20.wav,1,4,2,0,0.86161226,0.0018482547,0.13401237,0.00011923803,0.0024079038
asthma_v2_copd_P3COPDMc_22.wav,1,4,2,0,0.94939625,0.013454981,0.036006864,0.0003270928,0.0008147895
asthma_v2_copd_P3COPDMc_24.wav,1,4,2,2,0.00019789337,9.080771e-05,0.9960712,0.00020595266,0.0034341388
asthma_v2_copd_P3COPDPr_17.wav,1,4,2,0,0.9759049,0.00056916714,0.017343795,7.850774e-05,0.0061037317
asthma_v2_copd_P3COPDPr_19.wav,1,4,2,0,0.71973896,0.0036739463,0.27157712,0.00021682683,0.0047932216
asthma_v2_copd_P3COPDPr_21.wav,1,4,2,0,0.95750976,0.0014564886,0.039178707,0.00014397038,0.0017111425
asthma_v2_copd_P3COPDPr_23.wav,1,4,2,0,0.991359,0.00032419,0.0058679776,0.00013223596,0.0023166696
asthma_v2_copd_P41COPDMc_322.wav,1,4,2,2,0.0001422819,9.1009024e-05,0.99832886,0.00010706623,0.0013307777
asthma_v2_copd_P41COPDMc_324.wav,1,4,2,2,0.00017637853,6.06856e-05,0.9984243,0.00012388176,0.0012147889
asthma_v2_copd_P41COPDMc_326.wav,1,4,2,2,0.000102372185,0.0003099402,0.99448955,7.119357e-05,0.005026891
asthma_v2_copd_P41COPDMc_328.wav,1,4,2,2,0.00017186189,0.0001332857,0.9962364,0.0011178917,0.0023406118
asthma_v2_copd_P41COPDPr_321.wav,1,4,2,2,0.000475269,6.7375346e-05,0.9982552,7.427449e-05,0.0011279009
asthma_v2_copd_P41COPDPr_323.wav,1,4,2,2,0.0005422639,9.633754e-05,0.99897873,0.00011871856,0.0002639927
asthma_v2_copd_P41COPDPr_325.wav,1,4,2,2,0.0006869725,4.3925564e-05,0.99629635,0.00040960647,0.0025631222
asthma_v2_copd_P41COPDPr_327.wav,1,4,2,2,0.00011633135,0.00028719532,0.9974957,7.7831864e-05,0.002022914
asthma_v2_copd_P48COPDMc_378.wav,1,4,2,2,0.001059568,0.00066698965,0.99808973,0.00011349782,7.010314e-05
asthma_v2_copd_P48COPDMc_380.wav,1,4,2,2,0.00024728483,0.0027078688,0.99456936,0.00023948247,0.0022359986
asthma_v2_copd_P48COPDMc_382.wav,1,4,2,2,8.925338e-05,0.00039725428,0.99894637,0.00013590009,0.00043126108
asthma_v2_copd_P48COPDMc_384.wav,1,4,2,2,0.00011855293,0.00076312735,0.99852544,0.0003146559,0.0002783353
asthma_v2_copd_P48COPDPr_377.wav,1,4,2,2,0.00016509135,0.00036222604,0.99918824,9.527375e-05,0.00018910316
asthma_v2_copd_P48COPDPr_379.wav,1,4,2,2,0.0004407926,0.0005140534,0.9978567,9.6699165e-05,0.0010918239
asthma_v2_copd_P48COPDPr_381.wav,1,4,2,2,0.00013740563,0.00028797128,0.99914026,0.00025382134,0.00018053674
asthma_v2_copd_P48COPDPr_383.wav,1,4,2,2,0.00019986661,0.00044135487,0.9986124,0.00027375275,0.00047267135
asthma_v2_healthy_P11Healthy18S.wav,1,4,3,3,0.000105707695,0.0010617306,0.0006394297,0.9938013,0.004391846
asthma_v2_healthy_P11Healthy30S.wav,1,4,3,3,3.7287868e-05,0.0006121879,0.000159659,0.9985758,0.0006150366
asthma_v2_healthy_P11Healthy38S.wav,1,4,3,3,2.298116e-05,0.00030172823,0.00014517782,0.99841034,0.0011197133
asthma_v2_healthy_P11Healthy60S.wav,1,4,3,3,5.2855237e-05,0.00049668795,0.0008898498,0.9975102,0.0010504083
asthma_v2_healthy_P11Healthy73S.wav,1,4,3,3,2.174352e-05,0.0014353208,0.00020369158,0.9964109,0.001928335
asthma_v2_healthy_P12Healthy16S.wav,1,4,3,3,0.00040236404,0.008009959,0.00018231824,0.9827016,0.008703771
asthma_v2_healthy_P12Healthy67S.wav,1,4,3,3,9.546981e-05,0.0015747302,0.00082863105,0.99568164,0.0018195199
asthma_v2_healthy_P12Healthy93S.wav,1,4,3,3,0.00014419465,0.00047661745,0.0004909531,0.9980742,0.0008140246
asthma_v2_healthy_P12Healthy98S.wav,1,4,3,3,0.0004263622,0.016087206,0.00028186222,0.9765204,0.0066841715
asthma_v2_healthy_P12Healthy99S.wav,1,4,3,3,0.00026332284,0.0015121758,0.0017729405,0.99473876,0.0017128439
asthma_v2_healthy_P14Healthy28S.wav,1,4,3,3,0.0004630312,0.0030931807,0.0014386076,0.9905814,0.0044237534
asthma_v2_healthy_P14Healthy47S.wav,1,4,3,3,0.0010347199,0.011922764,0.07382795,0.9069509,0.00626365
asthma_v2_healthy_P14Healthy53S.wav,1,4,3,3,0.0020987024,0.0064219036,0.00077694445,0.9868984,0.0038040176
asthma_v2_healthy_P14Healthy54S.wav,1,4,3,3,0.00011282826,0.05458259,0.006377284,0.91965586,0.019271383
asthma_v2_healthy_P14Healthy89S.wav,1,4,3,3,0.00013495899,0.05139836,0.0043074708,0.93478197,0.00937731
asthma_v2_healthy_P25Healthy20S.wav,1,4,3,3,0.0013887451,0.0012901362,8.7410364e-05,0.9955036,0.0017302113
asthma_v2_healthy_P25Healthy42S.wav,1,4,3,3,0.017633859,0.0025568968,0.0007473214,0.9708127,0.0082491655
asthma_v2_healthy_P25Healthy72S.wav,1,4,3,3,0.0006094861,0.00057674554,0.00010458553,0.9956939,0.0030152663
asthma_v2_healthy_P25Healthy88S.wav,1,4,3,3,0.0040710485,0.005026007,0.0002717648,0.9879459,0.0026852526
asthma_v2_healthy_P25Healthy97S.wav,1,4,3,3,0.20234804,0.044353746,0.010232298,0.6983193,0.044746656
asthma_v2_healthy_P26Healthy22S.wav,1,4,3,3,0.047124017,0.010442985,0.0010191412,0.9386585,0.0027553376
asthma_v2_healthy_P26Healthy32S.wav,1,4,3,3,0.003588161,0.0015088903,0.0019411424,0.984204,0.008757795
asthma_v2_healthy_P26Healthy46S.wav,1,4,3,3,0.006675743,0.0014061918,0.0005239876,0.9822955,0.00909855
asthma_v2_healthy_P26Healthy48S.wav,1,4,3,3,0.084157534,0.009323669,0.0012068537,0.87044334,0.03486855
asthma_v2_healthy_P26Healthy76S.wav,1,4,3,3,0.004619373,0.0013423259,0.00016338994,0.98259693,0.011277896
asthma_v2_healthy_P4Healthy12S.wav,1,4,3,0,0.5082282,0.07410286,0.022241902,0.24296491,0.15246215
asthma_v2_healthy_P4Healthy22S.wav,1,4,3,4,0.014477752,0.005578704,0.049735654,0.27168748,0.6585204
asthma_v2_healthy_P4Healthy62S.wav,1,4,3,3,2.70703e-05,0.0005852144,0.00010098916,0.9988431,0.00044360774
asthma_v2_healthy_P4Healthy69S.wav,1,4,3,3,0.07782319,0.008313204,0.017662536,0.6184557,0.27774528
asthma_v2_healthy_P4Healthy77S.wav,1,4,3,3,3.0043964e-05,0.0003192756,0.00015867101,0.9990989,0.00039314415
asthma_v2_pneumonia_P15Pneumonia12I.wav,1,4,4,4,0.00018338497,3.7844165e-05,0.001468738,0.00073045504,0.9975795
asthma_v2_pneumonia_P15Pneumonia16R.wav,1,4,4,4,0.0011021347,5.26374e-05,0.0033969318,0.0029659462,0.99248236
asthma_v2_pneumonia_P15Pneumonia39Y.wav,1,4,4,4,0.0016666555,1.575412e-05,0.00014899629,0.018712202,0.97945637
asthma_v2_pneumonia_P15Pneumonia56Z.wav,1,4,4,4,0.038091242,0.0002678868,0.0067028156,0.0041894577,0.9507486
asthma_v2_pneumonia_P15Pneumonia58S.wav,1,4,4,4,0.0013316985,2.4350331e-05,0.00044345373,0.0057388265,0.99246174
asthma_v2_pneumonia_P15Pneumonia81V.wav,1,4,4,4,0.013991812,5.962937e-05,0.00075617165,0.005101407,0.98009104
asthma_v2_pneumonia_P1Pneumonia10T.wav,1,4,4,4,0.0011901216,0.00010622815,0.0003313644,0.07549441,0.92287785
asthma_v2_pneumonia_P1Pneumonia39F.wav,1,4,4,4,0.0032254509,1.6559878e-05,0.0011478068,0.01092046,0.9846897
asthma_v2_pneumonia_P1Pneumonia41U.wav,1,4,4,4,0.0019315461,4.67503e-05,0.00035189724,0.015677145,0.9819927
asthma_v2_pneumonia_P1Pneumonia93D.wav,1,4,4,4,0.0018975198,2.6348687e-05,0.0004094185,0.0022604666,0.99540627
asthma_v2_pneumonia_P1Pneumonia94J.wav,1,4,4,4,0.005122807,3.4446435e-05,0.004453568,0.0022855506,0.98810357
asthma_v2_pneumonia_P1Pneumonia97M.wav,1,4,4,4,0.00036029416,9.9539675e-06,0.00029393833,0.0015091855,0.99782664
asthma_v2_pneumonia_P26Pneumonia12X.wav,1,4,4,4,0.0034928774,9.179882e-05,0.005127396,0.072886296,0.91840166
asthma_v2_pneumonia_P26Pneumonia66S.wav,1,4,4,4,0.051734827,0.0013717868,0.035182826,0.07592163,0.83578897
asthma_v2_pneumonia_P26Pneumonia72P.wav,1,4,4,4,0.029845819,8.4564774e-05,0.0021642286,0.011138395,0.956767
asthma_v2_pneumonia_P26Pneumonia83Z.wav,1,4,4,4,0.00070964795,0.00014113041,0.0023627607,0.05598954,0.9407968
asthma_v2_pneumonia_P26Pneumonia84P.wav,1,4,4,4,0.0009908673,7.384214e-05,0.0025034049,0.05650424,0.93992764
asthma_v2_pneumonia_P26Pneumonia89E.wav,1,4,4,4,0.023565466,0.0003287599,0.05188123,0.096226804,0.8279978
asthma_v2_pneumonia_P2Pneumonia11Q.wav,1,4,4,4,0.0023786225,1.535251e-05,0.00068161904,0.006416857,0.9905075
asthma_v2_pneumonia_P2Pneumonia28R.wav,1,4,4,4,0.0014219056,2.6862479e-05,0.0004081387,0.0023388714,0.99580425
asthma_v2_pneumonia_P2Pneumonia36Z.wav,1,4,4,4,0.0014985229,7.1671195e-05,0.00017635491,0.009770833,0.98848253
asthma_v2_pneumonia_P2Pneumonia70H.wav,1,4,4,4,0.009787567,2.6052428e-05,0.00264944,0.0036831307,0.9838538
asthma_v2_pneumonia_P2Pneumonia82A.wav,1,4,4,4,0.0038202708,5.12517e-05,0.00058519474,0.051296543,0.94424665
asthma_v2_pneumonia_P2Pneumonia93N.wav,1,4,4,4,0.00079977413,2.2416663e-05,0.0006713352,0.0013638684,0.9971426
asthma_v2_pneumonia_P33Pneumonia50P.wav,1,4,4,4,0.00047850315,1.1030427e-05,0.0005424732,0.0011256279,0.9978423
asthma_v2_pneumonia_P33Pneumonia70D.wav,1,4,4,4,9.382472e-05,1.7178723e-05,0.00028846491,0.0020209337,0.99757963
asthma_v2_pneumonia_P33Pneumonia74T.wav,1,4,4,4,0.0019398032,7.025943e-05,0.00019558173,0.015588527,0.98220587
asthma_v2_pneumonia_P33Pneumonia88U.wav,1,4,4,4,0.0012141494,2.1475058e-05,0.00017789203,0.0012296243,0.9973569
asthma_v2_pneumonia_P33Pneumonia94C.wav,1,4,4,4,0.0021919764,8.885622e-06,0.0007076316,0.0056730127,0.9914185
asthma_v2_pneumonia_P33Pneumonia94P.wav,1,4,4,4,0.0028777553,4.4391698e-05,0.0010224965,0.015949806,0.9801057
asthma_v2_pneumonia_P39Pneumonia16K.wav,1,4,4,0,0.9810781,0.0045446428,0.0008005435,0.0009490429,0.012627723
asthma_v2_pneumonia_P39Pneumonia41F.wav,1,4,4,4,0.061645556,0.0011707587,0.004718666,0.001320585,0.9311445
asthma_v2_pneumonia_P39Pneumonia49H.wav,1,4,4,4,0.029268323,0.0006363575,0.000709587,0.053707324,0.9156783
asthma_v2_pneumonia_P39Pneumonia78Z.wav,1,4,4,0,0.9569338,0.00066442677,0.0005987713,0.00023433176,0.041568633
asthma_v2_pneumonia_P39Pneumonia85Q.wav,1,4,4,4,0.08645293,0.0016029796,0.0012468253,0.016814874,0.8938823
asthma_v2_pneumonia_P39Pneumonia87S.wav,1,4,4,4,0.0059332587,0.00015669472,0.004920792,0.0033755095,0.98561376
asthma_v2_pneumonia_P3Pneumonia41L.wav,1,4,4,4,0.00028602371,9.524618e-06,0.0005081916,0.0011538205,0.99804246
asthma_v2_pneumonia_P3Pneumonia54K.wav,1,4,4,4,0.020828849,0.0001597111,0.015161872,0.008397449,0.955452
asthma_v2_pneumonia_P3Pneumonia61R.wav,1,4,4,4,0.0042088875,0.0008779109,0.252243,0.02423354,0.71843666
asthma_v2_pneumonia_P3Pneumonia74F.wav,1,4,4,4,0.0002474178,7.18128e-05,0.0025824343,0.0038013414,0.99329704
asthma_v2_pneumonia_P3Pneumonia75Z.wav,1,4,4,2,0.009038648,0.0042413413,0.81043905,0.117701955,0.058579024
asthma_v2_pneumonia_P3Pneumonia96L.wav,1,4,4,4,0.00027053698,2.7509795e-05,0.00046725883,0.001313861,0.9979208
asthma_v2_pneumonia_P4Pneumonia17R.wav,1,4,4,3,0.003203537,0.0014163111,0.2591637,0.64675903,0.08945743
asthma_v2_pneumonia_P4Pneumonia27H.wav,1,4,4,4,0.000948704,4.369577e-05,0.012024403,0.0033902172,0.983593
asthma_v2_pneumonia_P4Pneumonia39Q.wav,1,4,4,4,0.00020491159,0.00024598208,0.016436813,0.0024882494,0.980624
asthma_v2_pneumonia_P4Pneumonia55U.wav,1,4,4,4,0.0016166398,0.00053699355,0.026801122,0.068539135,0.9025062
asthma_v2_pneumonia_P4Pneumonia67J.wav,1,4,4,4,0.0039773015,0.00022662338,0.12531328,0.0013317077,0.86915106
asthma_v2_pneumonia_P4Pneumonia78E.wav,1,4,4,4,0.0029441887,0.00080535316,0.26912546,0.0013109713,0.72581404
asthma_v2_pneumonia_P6Pneumonia15U.wav,1,4,4,4,0.06685509,0.0003614454,0.19363157,0.0022043646,0.7369476
asthma_v2_pneumonia_P6Pneumonia17Q.wav,1,4,4,4,0.0022188323,0.00018429584,0.055621237,0.017327648,0.924648
asthma_v2_pneumonia_P6Pneumonia32L.wav,1,4,4,4,0.027719144,0.0016262805,0.18138541,0.006469103,0.7828
asthma_v2_pneumonia_P6Pneumonia37H.wav,1,4,4,4,0.0014144338,0.00085557014,0.024122559,0.28865921,0.68494815
asthma_v2_pneumonia_P6Pneumonia39O.wav,1,4,4,4,0.0012430003,3.6994115e-05,0.0019191572,0.0010791766,0.9957217
asthma_v2_pneumonia_P6Pneumonia84M.wav,1,4,4,4,0.004881402,0.00032161092,0.13945636,0.25032556,0.6050151
