file_id,repeat,fold,y_true,y_pred,p_asthma,p_bronchial,p_copd,p_healthy,p_pneumonia
asthma_v2_Bronchial_P11BronchialSc_52.wav,0,0,1,3,0.024884558237231857,0.0029765905175166384,0.0010159759248019018,0.8912506632043306,0.07987221211611881
asthma_v2_Bronchial_P11BronchialSc_54.wav,0,0,1,3,0.055154383388894335,0.010110976719089013,0.022251559579923006,0.4178535171296339,0.4946295631824599
asthma_v2_Bronchial_P11BronchialTc_51.wav,0,0,1,1,0.06645639601506315,0.8273211571782174,0.056304568085585954,0.019787487519333468,0.03013039120179992
asthma_v2_Bronchial_P11BronchialTc_53.wav,0,0,1,3,0.03545316317971243,0.006348100309605533,0.007860315440315268,0.8558625583175271,0.09447586275283969
asthma_v2_Bronchial_P11BronchialTc_55.wav,0,0,1,0,0.8734921459922821,0.04050869705953496,0.018598161591517386,0.003373969974395009,0.06402702538227063
asthma_v2_Bronchial_P14BronchialSc_66.wav,0,0,1,0,0.8574275039864344,0.06533694667481041,0.044593504259182896,0.00217417475928076,0.030467870320291413
asthma_v2_Bronchial_P14BronchialSc_68.wav,0,0,1,0,0.896588815370809,0.026056380793058474,0.030464458028460824,0.0016372855777568333,0.045253060229914634
asthma_v2_Bronchial_P14BronchialSc_70.wav,0,0,1,1,0.010782643250932531,0.9355946198672779,0.00950085972955631,0.020396572331926342,0.02372530482030734
asthma_v2_Bronchial_P14BronchialTc_67.wav,0,0,1,0,0.9321979808106317,0.021159325329879925,0.03228602242694847,0.0007661398407991883,0.013590531591740704
asthma_v2_Bronchial_P14BronchialTc_69.wav,0,0,1,0,0.8691604358579835,0.03363279783162112,0.038906272918254596,0.0021146178637657114,0.05618587552837521
asthma_v2_Bronchial_P16BronchialSc_76.wav,0,0,1,1,0.12010928508366443,0.328647784739896,0.27184084874752507,0.0747228843197875,0.20467919710912708
asthma_v2_Bronchial_P16BronchialSc_78.wav,0,0,1,0,0.2608610256457246,0.25037316144824595,0.2362031255886977,0.09226201570381849,0.160300671613514
asthma_v2_Bronchial_P16BronchialSc_80.wav,0,0,1,0,0.3564964744208312,0.3300390868861712,0.027741498175870623,0.08168073785203493,0.2040422026650921
asthma_v2_Bronchial_P16BronchialTc_77.wav,0,0,1,1,0.13739100174928626,0.44884797357197653,0.12178726426754062,0.08801406049128004,0.2039596999199163
asthma_v2_Bronchial_P16BronchialTc_79.wav,0,0,1,1,0.023836330644804737,0.940384367682319,0.008915274469863498,0.012254516434732365,0.0146095107682806
asthma_v2_Bronchial_P18BronchialSc_86.wav,0,0,1,1,0.011361938626410844,0.9562963875530871,0.0049018323610399575,0.014076609871082054,0.013363231588379992
asthma_v2_Bronchial_P18BronchialSc_88.wav,0,0,1,1,0.016516171169615432,0.8839988924416508,0.08428387053342304,0.0026199487819168516,0.012581117073393879
asthma_v2_Bronchial_P18BronchialSc_90.wav,0,0,1,1,0.014305842250612526,0.9043262891941605,0.06653283104688916,0.0033554578279283197,0.011479579680409848
asthma_v2_Bronchial_P18BronchialTc_87.wav,0,0,1,1,0.03468757732266113,0.8768074525564872,0.018083283183262848,0.03976305549580473,0.03065863144178457
asthma_v2_Bronchial_P18BronchialTc_89.wav,0,0,1,1,0.011808549011025524,0.9651302845786444,0.00879388290052868,0.006326079131775149,0.00794120437802618
asthma_v2_Bronchial_P7BronchialSc_32.wav,0,0,1,1,0.004885587257315088,0.9405025912026466,0.01625086143576377,0.01620382018535335,0.02215713991892121
asthma_v2_Bronchial_P7BronchialSc_34.wav,0,0,1,1,0.005190295647227833,0.9379955800584079,0.017054277956748635,0.015415624938202165,0.024344221399413456
asthma_v2_Bronchial_P7BronchialTc_31.wav,0,0,1,1,0.004735842772052999,0.9485691767781714,0.014670660154182853,0.02364089377205146,0.008383426523541198
asthma_v2_Bronchial_P7BronchialTc_33.wav,0,0,1,1,0.0011397671339294525,0.9473269137573804,0.02638212740685371,0.01918906142621502,0.005962130275621582
asthma_v2_Bronchial_P7BronchialTc_35.wav,0,0,1,1,0.0013830361152728993,0.9815480871127009,0.008304993035587483,0.0037443809320497194,0.005019502804389398
asthma_v2_Bronchial_P9BronchialSc_42.wav,0,0,1,1,0.0015221271448946623,0.9706915688292768,0.0023045432955991645,0.022297042619216445,0.0031847181110132585
asthma_v2_Bronchial_P9BronchialSc_44.wav,0,0,1,1,0.02071828333409199,0.9012629145387495,0.024061963225105867,0.027715840133437496,0.026240998768615388
asthma_v2_Bronchial_P9BronchialTc_41.wav,0,0,1,1,0.002165706829033494,0.9696519170729713,0.006610498155615242,0.017060278628899066,0.004511599313481137
asthma_v2_Bronchial_P9BronchialTc_43.wav,0,0,1,1,0.006158027499559492,0.9482083587218985,0.010886799621822534,0.009052011465870126,0.02569480269084899
asthma_v2_Bronchial_P9BronchialTc_45.wav,0,0,1,1,0.0008749313850928683,0.9854556158064492,0.011155489633452706,0.0008735360778569862,0.0016404270971481331
asthma_v2_asthma_P15WheezingIE_73.wav,0,0,0,0,0.7834974725241965,0.014463586637000553,0.005155684063429989,0.009105029350121127,0.18777822742525196
asthma_v2_asthma_P15WheezingIU_74.wav,0,0,0,0,0.5654271084421464,0.03773261081552133,0.018819099508424576,0.012421603402974445,0.3655995778309331
asthma_v2_asthma_P15WheezingRL_71.wav,0,0,0,0,0.5639328565488434,0.025971900416923526,0.010818558642834146,0.03332206293293667,0.3659546214584624
asthma_v2_asthma_P15WheezingRL_75.wav,0,0,0,0,0.790397005002536,0.013433743916641603,0.01008820008060731,0.010339951802601423,0.17574109919761327
asthma_v2_asthma_P15WheezingRS_72.wav,0,0,0,0,0.7513230364361856,0.015560544672086826,0.006962601342001151,0.01981918323996324,0.20633463430976298
asthma_v2_asthma_P21WheezingIE_101.wav,0,0,0,0,0.8666172083276769,0.008023600798953392,0.0014026776091421553,0.011534266824693794,0.1124222464395336
asthma_v2_asthma_P21WheezingIE_105.wav,0,0,0,0,0.5208885964851462,0.14575081077545704,0.11271816705811456,0.04636765362101578,0.17427477206026618
asthma_v2_asthma_P21WheezingIU_102.wav,0,0,0,0,0.7724035641015727,0.1377365127451863,0.0015500014981627696,0.050573647896635536,0.03773627375844226
asthma_v2_asthma_P21WheezingRL_103.wav,0,0,0,0,0.7229039826817291,0.04081553636400477,0.009751018952012327,0.1757968891500137,0.0507325728522403
asthma_v2_asthma_P21WheezingRS_104.wav,0,0,0,0,0.661112928157772,0.1163537839441821,0.0631024537538883,0.0022127746881841184,0.1572180594559733
asthma_v2_asthma_P27WheezingIE_133.wav,0,0,0,0,0.7885657609064695,0.03577932617888863,0.00535728184363158,0.09174040373879176,0.07855722733221855
asthma_v2_asthma_P27WheezingIU_134.wav,0,0,0,0,0.7996653358964575,0.063655091749126,0.018036537894305062,0.00519920898650275,0.11344382547360846
asthma_v2_asthma_P27WheezingRL_131.wav,0,0,0,0,0.9302159811210169,0.0038362068815313826,0.01625970961522826,0.0005365417651907758,0.049151560617032526
asthma_v2_asthma_P27WheezingRL_135.wav,0,0,0,0,0.5033017510237323,0.3053036834079998,0.016752541040015195,0.028209978361364477,0.14643204616688835
asthma_v2_asthma_P27WheezingRS_132.wav,0,0,0,0,0.7331792759259221,0.041456996851509095,0.08231384937876492,0.009383728427507664,0.1336661494162961
asthma_v2_asthma_P34WheezingIE_169.wav,0,0,0,0,0.8113026562816885,0.008429828413988028,0.021990551593646386,0.02058493962846446,0.13769202408221284
asthma_v2_asthma_P34WheezingIU_166.wav,0,0,0,0,0.8456291040009811,0.06439401109835055,0.01712023188713466,0.001712992912680019,0.0711436601008535
asthma_v2_asthma_P34WheezingIU_170.wav,0,0,0,0,0.8845939460990109,0.01969169949417865,0.01094540199571275,0.011268047717138482,0.07350090469395952
asthma_v2_asthma_P34WheezingRL_167.wav,0,0,0,0,0.5822148669291521,0.046373003727053115,0.024880774102212216,0.01760914229344988,0.32892221294813245
asthma_v2_asthma_P34WheezingRS_168.wav,0,0,0,0,0.9221450083086523,0.010791021296233334,0.0030583539089718303,0.0007085413692100254,0.06329707511693268
asthma_v2_asthma_P35WheezingIE_173.wav,0,0,0,0,0.47601858830054333,0.0029205006961212,0.40543614755501167,0.0021080982322180504,0.11351666521610594
asthma_v2_asthma_P35WheezingIU_174.wav,0,0,0,0,0.8250460934270211,0.0197733361468876,0.02148718205103335,0.0038955445421703866,0.12979784383288792
asthma_v2_asthma_P35WheezingRL_171.wav,0,0,0,0,0.744412732742907,0.049966888178223465,0.012526709515039449,0.003475121089207172,0.18961854847462312
asthma_v2_asthma_P35WheezingRL_175.wav,0,0,0,0,0.8325557968656451,0.013172784241037292,0.03237789493910292,0.0009854761394116837,0.12090804781480309
asthma_v2_asthma_P35WheezingRS_172.wav,0,0,0,0,0.41393936470099973,0.0020654641894101875,0.47202027086854165,0.0014668916219631011,0.11050800861908494
asthma_v2_asthma_P37WheezingIE_181.wav,0,0,0,0,0.508311023062179,0.005993840914263324,0.4534838610889386,0.0030197942676378356,0.029191480666981236
asthma_v2_asthma_P37WheezingIE_185.wav,0,0,0,0,0.8594591425733056,0.011734366173815134,0.019084326751784415,0.001039626837300554,0.10868253766379407
asthma_v2_asthma_P37WheezingIU_182.wav,0,0,0,0,0.9144806175151259,0.004054906253148999,0.03722371645210461,0.0010854981147689704,0.04315526166485169
asthma_v2_asthma_P37WheezingRL_183.wav,0,0,0,0,0.9208207333833145,0.006628032959062996,0.020512029292409306,0.0009783151744931296,0.05106088919072023
asthma_v2_asthma_P37WheezingRS_184.wav,0,0,0,0,0.46778068949037355,0.002367583581977385,0.5128869435153457,0.002189776996028904,0.014775006416274607
asthma_v2_asthma_P39WheezingIE_193.wav,0,0,0,0,0.9173282609686317,0.0073133278342860965,0.029073363863129115,0.0008415484430340278,0.045443498890919164
asthma_v2_asthma_P39WheezingIU_194.wav,0,0,0,0,0.84141000650381,0.003846902524547738,0.07730763717048499,0.002063073552913032,0.07537238024824415
asthma_v2_asthma_P39WheezingRL_191.wav,0,0,0,0,0.7986191136454335,0.012905284182578296,0.011101065383959842,0.0005353933983881801,0.17683914338963974
asthma_v2_asthma_P39WheezingRL_195.wav,0,0,0,0,0.8554939916880063,0.03975584486648904,0.04173969493170216,0.0018291791658829697,0.06118128934791937
asthma_v2_asthma_P39WheezingRS_192.wav,0,0,0,0,0.7194036420400041,0.018282481340721045,0.046393537454942776,0.0017971497920791402,0.21412318937225278
asthma_v2_asthma_P49WheezingIE_241.wav,0,0,0,0,0.8344308154894203,0.0022816545055591108,0.013927315123631592,0.006264984910326708,0.14309522997106214
asthma_v2_asthma_P49WheezingIE_245.wav,0,0,0,0,0.5376628059198459,0.0116083010727589,0.3627353415123813,0.007534993111290992,0.0804585583837227
asthma_v2_asthma_P49WheezingIU_242.wav,0,0,0,0,0.8244583035549778,0.009148969217893725,0.00902310450899843,0.0005219233933208439,0.15684769932480902
asthma_v2_asthma_P49WheezingRL_243.wav,0,0,0,2,0.27765513794257357,0.004105106151785647,0.6996727282847368,0.0030098590395647717,0.015557168581339565
asthma_v2_asthma_P49WheezingRS_244.wav,0,0,0,0,0.96703670019839,0.0061249526271741845,0.011236088909404467,0.0027835162059880627,0.012818742059043407
asthma_v2_asthma_P51WheezingIE_253.wav,0,0,0,0,0.9061326310126857,0.014065557268849687,0.041617227174948875,0.0026433897229448714,0.03554119482057116
asthma_v2_asthma_P51WheezingIU_254.wav,0,0,0,0,0.7645521748835695,0.012852064127168949,0.13385925276299998,0.0017845625501319079,0.08695194567612961
asthma_v2_asthma_P51WheezingRL_251.wav,0,0,0,0,0.775746017639215,0.008542747417203652,0.1752919887484406,0.004872437646677205,0.03554680854846346
asthma_v2_asthma_P51WheezingRL_255.wav,0,0,0,0,0.9186816233353352,0.009108360839936503,0.035042887500328405,0.0005671265341747276,0.036600001790224865
asthma_v2_asthma_P51WheezingRS_252.wav,0,0,0,0,0.7847872761872712,0.010067795721085427,0.16927737579424698,0.00475981884078401,0.031107733456612267
asthma_v2_copd_P17COPDMc_130.wav,0,0,2,2,4.1162615647293986e-07,4.172955064999849e-07,0.9995656846107962,3.912293911534197e-05,0.0003943635284255752
asthma_v2_copd_P17COPDMc_132.wav,0,0,2,2,0.004129507886373522,0.0003005069099113761,0.9931500564243685,0.0005345436728024941,0.001885385106544399
asthma_v2_copd_P17COPDMc_134.wav,0,0,2,2,0.008068951547621822,0.0005054157404441303,0.9862941504031985,0.0008563492421584104,0.004275133066577399
asthma_v2_copd_P17COPDMc_136.wav,0,0,2,2,0.005006241667882687,0.0027978553479751063,0.9868720806722163,0.0007373002555559795,0.004586522056370105
asthma_v2_copd_P17COPDPr_129.wav,0,0,2,2,0.0033869044053609723,0.00036150547508230653,0.990202555759888,0.0006729392968401966,0.005376095062828758
asthma_v2_copd_P17COPDPr_131.wav,0,0,2,2,0.010199184076436836,0.0008573032817278898,0.9705811146255496,0.006548587380008044,0.011813810636277509
asthma_v2_copd_P17COPDPr_133.wav,0,0,2,2,0.003296109957272094,0.0002106501708838114,0.9922203266163595,0.0004318573098070188,0.0038410559456776307
asthma_v2_copd_P17COPDPr_135.wav,0,0,2,2,0.004081589348023219,0.0009383911002401002,0.9895474690753167,0.0005709058141370431,0.004861644662283112
asthma_v2_copd_P23COPDMc_178.wav,0,0,2,2,0.08694056149753085,0.029145394293900524,0.7314499264516869,0.07095843782197955,0.08150567993490275
asthma_v2_copd_P23COPDMc_180.wav,0,0,2,2,0.011030301752172058,0.011782081536913859,0.8835902691420986,0.03083351136680012,0.06276383620201548
asthma_v2_copd_P23COPDMc_182.wav,0,0,2,2,0.010131807315250813,0.01889540592190127,0.9411232481554082,0.012997958475581245,0.01685158013185837
asthma_v2_copd_P23COPDMc_184.wav,0,0,2,2,0.0027073245297337856,0.006826208241519523,0.9768317948802838,0.008941665476873268,0.0046930068715894495
asthma_v2_copd_P23COPDPr_177.wav,0,0,2,2,0.059946016471373556,0.023065300204666687,0.8101179404906138,0.059594208626981456,0.04727653420636449
asthma_v2_copd_P23COPDPr_179.wav,0,0,2,2,0.004302869948078382,0.002473535296276132,0.9898578306374926,0.0013082352719335918,0.002057528846219259
asthma_v2_copd_P23COPDPr_181.wav,0,0,2,2,0.008199993474335698,0.0026840013081895053,0.9726924814850966,0.007914368135048502,0.008509155597329536
asthma_v2_copd_P23COPDPr_183.wav,0,0,2,2,0.01344553749849592,0.03190956014081268,0.8874865362075728,0.02006426743021203,0.047094098722906305
asthma_v2_copd_P31COPDMc_242.wav,0,0,2,2,0.006273528675944625,0.005004237845668548,0.9536649252340642,0.02404680940822321,0.011010498836099603
asthma_v2_copd_P31COPDMc_244.wav,0,0,2,2,0.04565154369676938,0.02481976312404934,0.7478647736981949,0.11817364428762002,0.06349027519336656
asthma_v2_copd_P31COPDMc_246.wav,0,0,2,2,0.10849586181069854,0.002256738732589313,0.8785909410190496,0.003732419435556554,0.006924039002106007
asthma_v2_copd_P31COPDMc_248.wav,0,0,2,0,0.38135575739255,0.008386628314671097,0.5801973002848939,0.0035174391239373515,0.02654287488394761
asthma_v2_copd_P31COPDPr_241.wav,0,0,2,2,0.0007923392918609021,0.0005782027492500341,0.9958723173773053,0.002005454161190809,0.0007516864203932245
asthma_v2_copd_P31COPDPr_243.wav,0,0,2,3,0.02551764138819413,0.007117394194609185,0.09474307002797815,0.717415555604274,0.15520633878494472
asthma_v2_copd_P31COPDPr_245.wav,0,0,2,2,0.20195255044823882,0.017290010827325796,0.6984815007482296,0.021054343643499823,0.061221594332705624
asthma_v2_copd_P31COPDPr_247.wav,0,0,2,2,0.02456023142704128,0.0006445226027884912,0.9724570538724864,0.000619299473624632,0.0017188926240591
asthma_v2_copd_P32COPDMc_250.wav,0,0,2,0,0.381071430954516,0.09050704016459982,0.4718150633449329,0.012931790850294406,0.04367467468565711
asthma_v2_copd_P32COPDMc_252.wav,0,0,2,2,0.17539599962143532,0.0030685293567666817,0.8133988882087405,0.0007492800296949651,0.007387302783362852
asthma_v2_copd_P32COPDMc_254.wav,0,0,2,2,0.04899240120965419,0.0027210552513360943,0.93967658927886,0.0026593087877059686,0.00595064547244375
asthma_v2_copd_P32COPDMc_256.wav,0,0,2,2,0.1652006374714,0.002800350163650218,0.825440262840154,0.0015268490847153062,0.005031900440080234
asthma_v2_copd_P32COPDPr_249.wav,0,0,2,0,0.3167884816526286,0.028714791270131927,0.5703109776861957,0.03841914227451664,0.04576660711652691
asthma_v2_copd_P32COPDPr_251.wav,0,0,2,2,0.07547661582284816,0.05386333493067958,0.7847244834585717,0.015953031147786168,0.06998253464011442
asthma_v2_copd_P32COPDPr_253.wav,0,0,2,2,0.024558603204857286,0.0010232177494526597,0.9665474434088667,0.003515159432004426,0.004355576204819027
asthma_v2_copd_P32COPDPr_255.wav,0,0,2,0,0.6683277704897295,0.005362287718403778,0.3072073096288739,0.0009377734261930117,0.018164858736799717
asthma_v2_copd_P36COPDMc_282.wav,0,0,2,2,0.004555176422768463,0.007827184344971563,0.9795177360064007,0.003669420976786439,0.004430482249072639
asthma_v2_copd_P36COPDMc_284.wav,0,0,2,2,0.007054749257351178,0.019524909434682318,0.8527786455935601,0.05709505676674821,0.06354663894765804
asthma_v2_copd_P36COPDMc_286.wav,0,0,2,2,0.001788460644048377,0.002988199958687041,0.9883246463679344,0.003580555374297169,0.0033181376550332443
asthma_v2_copd_P36COPDMc_288.wav,0,0,2,2,0.02874966834159805,0.13408048264076894,0.8208663186978652,0.0067245273893279675,0.009579002930440077
asthma_v2_copd_P36COPDPr_281.wav,0,0,2,2,0.0011696035783740667,0.00041626245121308543,0.9969093781970336,0.0009357583672874453,0.0005689974060919554
asthma_v2_copd_P36COPDPr_283.wav,0,0,2,2,0.0015822149783675612,0.006169177706449152,0.973781513541909,0.0015797372784697513,0.016887356494804575
asthma_v2_copd_P36COPDPr_285.wav,0,0,2,2,0.0015381996204059441,0.0019867926989698046,0.993711666241503,0.001805499840019179,0.0009578415991021779
asthma_v2_copd_P36COPDPr_287.wav,0,0,2,2,0.0012179055881515264,0.0016292865183211382,0.9923627383669397,0.003082464228017858,0.0017076052985700477
asthma_v2_copd_P41COPDMc_322.wav,0,0,2,2,0.001220721261403354,0.0004021175536524047,0.9954736036213145,0.00023046119545853163,0.0026730963681710538
asthma_v2_copd_P41COPDMc_324.wav,0,0,2,2,0.0047114122179538545,0.0016300149653288342,0.9796195861006419,0.006166334446722593,0.00787265226935235
asthma_v2_copd_P41COPDMc_326.wav,0,0,2,2,0.005239665708084311,0.0018153416015926453,0.977609118354377,0.0014850374819013344,0.013850836854044785
asthma_v2_copd_P41COPDMc_328.wav,0,0,2,2,0.03445248242657471,0.025338040052637095,0.9226283461892897,0.006743280162975331,0.010837851168523581
asthma_v2_copd_P41COPDPr_321.wav,0,0,2,2,0.001152660254407526,0.0004510592799678266,0.9972207695630795,0.0001701565643917473,0.0010053543381532929
asthma_v2_copd_P41COPDPr_323.wav,0,0,2,2,0.0004701909314318826,0.0006796071367331004,0.9938674203678766,0.0004173767465375993,0.004565404817420837
asthma_v2_copd_P41COPDPr_325.wav,0,0,2,2,0.0017451011534037287,0.0006677712709815402,0.9961191610591956,0.00045722181016458684,0.001010744706254443
asthma_v2_copd_P41COPDPr_327.wav,0,0,2,2,0.0014320405211618622,0.0035199728811416567,0.9926287620151939,0.000839563390496672,0.0015796611920058073
asthma_v2_copd_P45COPDMc_354.wav,0,0,2,2,0.014100029372522936,0.0017072973738875917,0.5880847347907842,0.09170275306803191,0.3044051853947734
asthma_v2_copd_P45COPDMc_356.wav,0,0,2,2,0.0019296962145861892,0.00027127556254537104,0.9939585822877146,0.0018896146583986877,0.0019508312767549524
asthma_v2_copd_P45COPDMc_358.wav,0,0,2,2,0.10787844065916467,0.015428259050419486,0.8219851567320298,0.020087491963830438,0.034620651594555414
asthma_v2_copd_P45COPDMc_360.wav,0,0,2,3,0.03907242772256411,0.0029256795050175604,0.051992475650527614,0.7323362633032094,0.1736731538186813
asthma_v2_copd_P45COPDPr_353.wav,0,0,2,2,0.0047188881434952245,0.0021679534720586984,0.8820104369542623,0.05958217530623038,0.05152054612395366
asthma_v2_copd_P45COPDPr_355.wav,0,0,2,2,0.0005185109275873723,0.0003414883778676035,0.9970825158218966,0.001088457971500032,0.0009690269011483549
asthma_v2_copd_P45COPDPr_357.wav,0,0,2,2,0.004337368146442372,0.0006509238323212973,0.9858444687476808,0.005777954734152749,0.0033892845394027094
asthma_v2_copd_P45COPDPr_359.wav,0,0,2,3,0.09802672824610593,0.00834133706014416,0.15003371072574923,0.6048502988884444,0.13874792507955622
asthma_v2_copd_P50COPDMc_394.wav,0,0,2,2,0.005158680491012692,0.0009919164563171763,0.9896974466685463,0.0008017944444151197,0.0033501619397085665
asthma_v2_copd_P50COPDMc_396.wav,0,0,2,2,0.0024915592175026088,0.0006629461614265839,0.9391160181833372,0.021705758940482597,0.03602371749725105
asthma_v2_copd_P50COPDMc_398.wav,0,0,2,2,0.0011468023905860311,0.0005860236074507855,0.9965208395720392,0.0008197418333460209,0.0009265925965782159
asthma_v2_copd_P50COPDMc_400.wav,0,0,2,2,0.003622788278439601,0.002407491468013797,0.9913430228138176,0.0006383214518777338,0.001988375987851081
asthma_v2_copd_P50COPDPr_393.wav,0,0,2,2,0.014666133311191844,0.005465370243145561,0.9680938231058667,0.0031085543025464084,0.008666119037249507
asthma_v2_copd_P50COPDPr_395.wav,0,0,2,2,0.012670153150644363,0.0011711096102926598,0.9389625145907026,0.008632687779002272,0.038563534869358394
asthma_v2_copd_P50COPDPr_397.wav,0,0,2,2,0.0016303943541829899,0.0006859450130465764,0.9960103212465466,0.0005217823717003972,0.001151557014523077
asthma_v2_copd_P50COPDPr_399.wav,0,0,2,2,0.00878245800696895,0.004121164960247983,0.9799528987136207,0.002994366124565664,0.004149112194596745
asthma_v2_copd_P6COPDMc_42.wav,0,0,2,2,0.012835961803768033,0.0007314682497968569,0.97784740247682,0.0011702942623881742,0.007414873207227525
asthma_v2_copd_P6COPDMc_44.wav,0,0,2,2,0.019816788166691118,0.0007138825419771296,0.9308722320303796,0.0065114753047633145,0.04208562195618872
asthma_v2_copd_P6COPDMc_46.wav,0,0,2,2,0.011080693373293435,0.013025596150771182,0.8293352715643135,0.021288357645671555,0.1252700812659503
asthma_v2_copd_P6COPDMc_48.wav,0,0,2,4,0.01605048492334614,0.0029837326131453264,0.4695690358623426,0.017837457775296058,0.49355928882587013
asthma_v2_copd_P6COPDPr_41.wav,0,0,2,2,0.029515435268973916,0.00397268912498916,0.8701334058418302,0.006314555345190369,0.09006391441901651
asthma_v2_copd_P6COPDPr_43.wav,0,0,2,2,0.00649791665406475,0.0019188248307505228,0.9623301903424573,0.005530181355236034,0.023722886817491774
asthma_v2_copd_P6COPDPr_45.wav,0,0,2,2,0.016941661988030453,0.006162598226573184,0.8340855098374773,0.013366742551173219,0.12944348739674563
asthma_v2_copd_P6COPDPr_47.wav,0,0,2,2,0.08713139856401013,0.0036373177536115544,0.7582724664647071,0.027922596386955496,0.12303622083071557
asthma_v2_healthy_P10Healthy10S.wav,0,0,3,4,0.18772272213857208,0.1432465361436977,0.05786076527110103,0.03092761351239384,0.5802423629342354
asthma_v2_healthy_P10Healthy14S.wav,0,0,3,4,0.3717093683372613,0.14547466346177976,0.025999121450830984,0.026826444067993987,0.42999040268213407
asthma_v2_healthy_P10Healthy61S.wav,0,0,3,4,0.049644367118578316,0.03321216286022934,0.03528386001708515,0.19768149057987833,0.684178119424229
asthma_v2_healthy_P10Healthy65S.wav,0,0,3,3,0.018213148210608255,0.006715124637668092,0.004918757633681845,0.6245821008628863,0.3455708686551554
asthma_v2_healthy_P10Healthy93S.wav,0,0,3,4,0.1400277331375804,0.03245823480627031,0.012952781191162194,0.25363995641790216,0.5609212944470845
asthma_v2_healthy_P13Healthy28S.wav,0,0,3,3,0.03727605958805051,0.022917383981189192,0.1188569186922219,0.7200566636123559,0.10089297412618226
asthma_v2_healthy_P13Healthy42S.wav,0,0,3,3,0.01401916442247527,0.029997306030326066,0.06045540997570099,0.836268637396898,0.05925948217460017
asthma_v2_healthy_P13Healthy48S.wav,0,0,3,3,0.038699213715096215,0.022925621750703652,0.04422271447910639,0.8432133857850415,0.050939064270052264
asthma_v2_healthy_P13Healthy53S.wav,0,0,3,3,0.10173018144804365,0.1574342221884979,0.11091919900464714,0.5667248525577858,0.06319154480102529
asthma_v2_healthy_P13Healthy69S.wav,0,0,3,3,0.16503995247936198,0.030439657961719255,0.048026943689986605,0.3881339045682659,0.36835954130066617
asthma_v2_healthy_P2Healthy30S.wav,0,0,3,3,0.03244662553284025,0.0026998494013341224,0.011123986660629668,0.34810909197401074,0.6056204464311855
asthma_v2_healthy_P2Healthy43S.wav,0,0,3,3,0.009475125217423202,0.25148483752214856,0.037400093540512595,0.6420887715289582,0.059551172190957846
asthma_v2_healthy_P2Healthy54S.wav,0,0,3,3,0.013759434957659468,0.16100819960923254,0.007722706357294779,0.6571660459913937,0.16034361308441936
asthma_v2_healthy_P2Healthy72S.wav,0,0,3,4,0.06648579485373099,0.014347878421441048,0.03760080119951524,0.1219464425975756,0.759619082927737
asthma_v2_healthy_P2Healthy89S.wav,0,0,3,4,0.11985286782715865,0.015849907055562478,0.021554241325977774,0.1948182062690391,0.6479247775222624
asthma_v2_healthy_P3Healthy44S.wav,0,0,3,3,0.006871361284961515,0.016003484948653477,0.01392694419509776,0.9300470258515701,0.033151183719717314
asthma_v2_healthy_P3Healthy49S.wav,0,0,3,3,0.005074820613006454,0.03981675350223086,0.007799161085324122,0.9001705985976408,0.04713866620179737
asthma_v2_healthy_P3Healthy57S.wav,0,0,3,3,0.0064409497188993615,0.02687229853485487,0.011424830668350051,0.8933791976014815,0.06188272347641387
asthma_v2_healthy_P3Healthy60S.wav,0,0,3,3,0.03534432915708163,0.25379045783295906,0.01303209046206587,0.515223552804826,0.1826095697430677
asthma_v2_healthy_P3Healthy84S.wav,0,0,3,3,0.00511955023434196,0.03049519276999096,0.006152140888410571,0.8777698461556732,0.08046326995158351
asthma_v2_healthy_P6Healthy21S.wav,0,0,3,3,0.07212875579170631,0.01896729824265229,0.13354550850037755,0.38919784778726607,0.38616058967799777
asthma_v2_healthy_P6Healthy34S.wav,0,0,3,3,0.040222425699900664,0.0025335386387277826,0.02145052186553931,0.7942072760091566,0.1415862377866759
asthma_v2_healthy_P6Healthy51S.wav,0,0,3,3,0.28385634165974094,0.0040910391879255955,0.032318203475051155,0.44842540466094405,0.23130901101633836
asthma_v2_healthy_P6Healthy71S.wav,0,0,3,3,0.11190488459507317,0.010113086553249068,0.012256205171265935,0.7679715259223251,0.09775429775808678
asthma_v2_healthy_P6Healthy77S.wav,0,0,3,4,0.1869586642640343,0.04223067891841132,0.2436235574856135,0.16163627821335627,0.365550821118584
asthma_v2_pneumonia_P13Pneumonia20R.wav,0,0,4,4,0.42625687637577075,0.005235509727209326,0.054313644138552226,0.07086401531230592,0.4433299544461616
asthma_v2_pneumonia_P13Pneumonia26N.wav,0,0,4,0,0.5836779842519254,0.05889859238169941,0.004177830140860961,0.013866790816223783,0.3393788024092903
asthma_v2_pneumonia_P13Pneumonia33Z.wav,0,0,4,4,0.2154886007535284,0.00193417069281433,0.011257754799550495,0.02132370620524375,0.7499957675488629
asthma_v2_pneumonia_P13Pneumonia60R.wav,0,0,4,4,0.2785933039105598,0.0060867580487694644,0.014135252440566886,0.15788241797014743,0.5433022676299565
asthma_v2_pneumonia_P13Pneumonia94T.wav,0,0,4,4,0.09240617534776562,0.11203254876704143,0.027418402250650346,0.20327744182447752,0.5648654318100649
asthma_v2_pneumonia_P13Pneumonia99T.wav,0,0,4,0,0.4808762306880107,0.033165165412039004,0.040202878821579906,0.007335232558121452,0.4384204925202487
asthma_v2_pneumonia_P14Pneumonia19W.wav,0,0,4,0,0.5639769616709582,0.15719525080772034,0.07264420107822094,0.0062474930072592945,0.19993609343584093
asthma_v2_pneumonia_P14Pneumonia22X.wav,0,0,4,3,0.05162019472927595,0.0017456878574088344,0.0019961311869653962,0.6582583917694561,0.28637959445689387
asthma_v2_pneumonia_P14Pneumonia40M.wav,0,0,4,3,0.11429385312734539,0.014914327482373028,0.0024715242510944006,0.6830947990255373,0.18522549611364997
asthma_v2_pneumonia_P14Pneumonia62B.wav,0,0,4,0,0.5765876342423731,0.007242368627868299,0.019776946842823637,0.013007361124654677,0.3833856891622801
asthma_v2_pneumonia_P14Pneumonia73T.wav,0,0,4,4,0.3031662920786764,0.011438572716858476,0.034590934124734726,0.04930584443966041,0.6014983566400702
asthma_v2_pneumonia_P14Pneumonia87C.wav,0,0,4,4,0.19927867187163545,0.03921167644655242,0.0408772095337644,0.018424348049479775,0.702208094098568
asthma_v2_pneumonia_P1Pneumonia10T.wav,0,0,4,4,0.08468688703469696,0.002053959760669125,0.0018745555175719787,0.005573138934516878,0.9058114587525452
asthma_v2_pneumonia_P1Pneumonia39F.wav,0,0,4,4,0.08893753756180119,0.00696151230222729,0.00483691751790688,0.0030268093491560865,0.8962372232689088
asthma_v2_pneumonia_P1Pneumonia41U.wav,0,0,4,4,0.024547871144359724,0.0024301643009002113,0.00041594057756315703,0.02153116360622896,0.9510748603709479
asthma_v2_pneumonia_P1Pneumonia93D.wav,0,0,4,3,0.05427201064612268,0.006245218451732,0.01496560341327016,0.43820483161512375,0.4863123358737515
asthma_v2_pneumonia_P1Pneumonia94J.wav,0,0,4,4,0.09567479689995295,0.005706747450444267,0.003294033246682815,0.010848461352734476,0.8844759610501856
asthma_v2_pneumonia_P1Pneumonia97M.wav,0,0,4,4,0.04069111455452203,0.0009994884265602077,0.0007834670787589913,0.00199428583165792,0.955531644108501
asthma_v2_pneumonia_P20Pneumonia27V.wav,0,0,4,4,0.2975941254186,0.003962549206272139,0.0017035205477379137,0.06577427008117047,0.6309655347462193
asthma_v2_pneumonia_P20Pneumonia31P.wav,0,0,4,4,0.4717134916146569,0.04459307166115913,0.007427903155106536,0.015352933538441247,0.46091260003063633
asthma_v2_pneumonia_P20Pneumonia37V.wav,0,0,4,4,0.36098702227310764,0.06223662845532273,0.021151375633355826,0.019836526951479735,0.5357884466867341
asthma_v2_pneumonia_P20Pneumonia42B.wav,0,0,4,4,0.2788998138041273,0.040808397793884274,0.01610547009345285,0.025918169426235062,0.6382681488823009
asthma_v2_pneumonia_P20Pneumonia58T.wav,0,0,4,4,0.318731029194598,0.05431305644708122,0.007936493427381681,0.03525055574198023,0.5837688651889591
asthma_v2_pneumonia_P20Pneumonia84L.wav,0,0,4,0,0.5512169025050095,0.027799189803872332,0.0045529196167710595,0.05618195770491863,0.3602490303694284
asthma_v2_pneumonia_P27Pneumonia25R.wav,0,0,4,4,0.2144011053527374,0.1070624148848828,0.1469137052299759,0.12281558040556854,0.4088071941268354
asthma_v2_pneumonia_P27Pneumonia28K.wav,0,0,4,4,0.0923798324994691,0.06908559075199981,0.13143574680384615,0.07826166924973942,0.6288371606949456
asthma_v2_pneumonia_P27Pneumonia37T.wav,0,0,4,2,0.00997328549520752,0.005038114936756734,0.7109101417889523,0.037602661130467445,0.23647579664861593
asthma_v2_pneumonia_P27Pneumonia48G.wav,0,0,4,2,0.0065315558047359615,0.0009867759990766875,0.967779607265348,0.0019372099908984196,0.02276485093994103
asthma_v2_pneumonia_P27Pneumonia62C.wav,0,0,4,4,0.06619571035064792,0.0038850622157120198,0.0013645222730186935,0.0017437372554181929,0.9268109679052032
asthma_v2_pneumonia_P27Pneumonia77J.wav,0,0,4,2,0.011291792046560958,0.008124031047339152,0.7960402990535022,0.011349838268317263,0.17319403958428056
asthma_v2_pneumonia_P29Pneumonia14M.wav,0,0,4,4,0.06834114596393821,0.0020223848306154023,0.001246332657437414,0.0005841201626533644,0.9278060163853558
asthma_v2_pneumonia_P29Pneumonia17N.wav,0,0,4,4,0.1417443911556831,0.011148065163099513,0.0022980269440500954,0.06829038846116536,0.7765191282760018
asthma_v2_pneumonia_P29Pneumonia18M.wav,0,0,4,4,0.030520879340934608,0.00457016200772879,0.0013021218333011445,0.005566958458296633,0.9580398783597391
asthma_v2_pneumonia_P29Pneumonia24X.wav,0,0,4,4,0.04871558420797018,0.007554861865352306,0.001365712178337729,0.016925353016417132,0.9254384887319225
asthma_v2_pneumonia_P29Pneumonia51O.wav,0,0,4,4,0.02501971446338051,0.028160889818560447,0.0086860943534094,0.022934268626208603,0.9151990327384415
asthma_v2_pneumonia_P29Pneumonia82U.wav,0,0,4,4,0.043596730013638174,0.01273076179417967,0.0038354125665169235,0.04919106174867158,0.8906460338769938
asthma_v2_pneumonia_P37Pneumonia44I.wav,0,0,4,0,0.6210076065034389,0.05148733567841689,0.01563217872244519,0.008224021130569257,0.30364885796512997
asthma_v2_pneumonia_P37Pneumonia73K.wav,0,0,4,0,0.6556394897965407,0.05294663633190256,0.007632017883408689,0.005646843614613478,0.27813501237353455
asthma_v2_pneumonia_P37Pneumonia73X.wav,0,0,4,0,0.8274126877066014,0.09437456393612781,0.011565130953723201,0.0041267450677619395,0.06252087233578571
asthma_v2_pneumonia_P37Pneumonia83S.wav,0,0,4,0,0.6619970273543422,0.019729262453801133,0.004700796488133418,0.009558226098938107,0.30401468760478484
asthma_v2_pneumonia_P37Pneumonia84E.wav,0,0,4,0,0.6317328782552362,0.021433781308709824,0.013155445441261222,0.012324165137248658,0.3213537298575439
asthma_v2_pneumonia_P37Pneumonia95J.wav,0,0,4,0,0.6749338403158555,0.034507906766373074,0.01093109435026924,0.013077544553054174,0.2665496140144476
asthma_v2_pneumonia_P40Pneumonia18H.wav,0,0,4,0,0.5121796869199773,0.04886924760934285,0.1751758711560953,0.0016772683235451973,0.2620979259910393
asthma_v2_pneumonia_P40Pneumonia32Q.wav,0,0,4,4,0.1534719530590197,0.01747380594815647,0.006455983378890467,0.011442331524699768,0.8111559260892331
asthma_v2_pneumonia_P40Pneumonia69N.wav,0,0,4,4,0.2823953209592198,0.004101045992881668,0.005023209765597717,0.001312239094296363,0.7071681841880048
asthma_v2_pneumonia_P40Pneumonia90Y.wav,0,0,4,0,0.4569022746267261,0.3406852988724767,0.015421019892809458,0.016419719760179332,0.17057168684780818
asthma_v2_pneumonia_P40Pneumonia91V.wav,0,0,4,0,0.34732334350306776,0.08571853288485827,0.27736890475423576,0.025374746156047834,0.2642144727017904
asthma_v2_pneumonia_P40Pneumonia92J.wav,0,0,4,0,0.6312222289865482,0.13295831076656112,0.009913395886140106,0.03739901219571302,0.18850705216503746
asthma_v2_pneumonia_P47Pneumonia14M.wav,0,0,4,4,0.19864798946237777,0.015485929701169113,0.032030322469448716,0.19584420335359198,0.5579915550134122
asthma_v2_pneumonia_P47Pneumonia19A.wav,0,0,4,4,0.24581596889327761,0.009291342677107937,0.023124276044161115,0.0789686264555349,0.6427997859299183
asthma_v2_pneumonia_P47Pneumonia24N.wav,0,0,4,0,0.36353466422532615,0.005942038696203468,0.32922463115833656,0.040118897702422295,0.26117976821771166
asthma_v2_pneumonia_P47Pneumonia69D.wav,0,0,4,4,0.1983703928695823,0.0037167479850151062,0.38300668629447915,0.019764460247940503,0.39514171260298286
asthma_v2_pneumonia_P47Pneumonia74Q.wav,0,0,4,0,0.3366629395526113,0.007879002972515668,0.3067895347194288,0.06285558750089966,0.2858129352545447
asthma_v2_pneumonia_P47Pneumonia98K.wav,0,0,4,4,0.18124282320384902,0.025394026069334205,0.06255963660080512,0.15979188956473034,0.5710116245612814
asthma_v2_pneumonia_P6Pneumonia15U.wav,0,0,4,4,0.07754099741496678,0.010042783047494782,0.04376939726868146,0.021346427365781108,0.8473003949030756
asthma_v2_pneumonia_P6Pneumonia17Q.wav,0,0,4,4,0.05711693743950613,0.022628658674046592,0.039446675805015576,0.17666019213980017,0.7041475359416313
asthma_v2_pneumonia_P6Pneumonia32L.wav,0,0,4,2,0.04622507817026447,0.038146270650230484,0.6916125912083421,0.0020056729601493585,0.22201038701101378
asthma_v2_pneumonia_P6Pneumonia37H.wav,0,0,4,4,0.03653284405900373,0.16671703797022325,0.049399311582425054,0.20021432342310752,0.5471364829652403
asthma_v2_pneumonia_P6Pneumonia39O.wav,0,0,4,4,0.09931643396047549,0.014669905339038957,0.06298441292947388,0.018992867230245333,0.8040363805407664
asthma_v2_pneumonia_P6Pneumonia84M.wav,0,0,4,4,0.019736947632306105,0.005244408470654577,0.055342844794403066,0.08406742125162267,0.8356083778510133
asthma_v2_pneumonia_P7Pneumonia22C.wav,0,0,4,4,0.06971763020252589,0.011746671563882987,0.5486701369447121,0.005075276839077885,0.3647902844498007
asthma_v2_pneumonia_P7Pneumonia22X.wav,0,0,4,4,0.022588807599779003,0.05611157160137149,0.34009442034392545,0.028117896457019235,0.5530873039979047
asthma_v2_pneumonia_P7Pneumonia34I.wav,0,0,4,4,0.04815451353249276,0.007765853818584436,0.025616710008471898,0.030862730364775222,0.8876001922756755
asthma_v2_pneumonia_P7Pneumonia61Q.wav,0,0,4,4,0.04093570378867634,0.01499082996597156,0.17212868550488578,0.041146540162348005,0.7307982405781187
asthma_v2_pneumonia_P7Pneumonia62G.wav,0,0,4,4,0.0546906807446814,0.018177584006295548,0.02506501614118835,0.04164533429861058,0.8604213848092239
asthma_v2_pneumonia_P7Pneumonia76F.wav,0,0,4,4,0.24561727765117647,0.013313354354880453,0.12640598443032586,0.03321835037412965,0.5814450331894879
asthma_v2_Bronchial_P19BronchialSc_92.wav,0,1,1,1,0.05453358321775108,0.8481406005895957,0.04925257313384896,0.016691430859616364,0.031381812199187974
asthma_v2_Bronchial_P19BronchialSc_94.wav,0,1,1,2,0.041032491982116455,0.11375326193098613,0.7517977365828804,0.007750590363090652,0.0856659191409262
asthma_v2_Bronchial_P19BronchialTc_91.wav,0,1,1,2,0.014997452894394483,0.012794928805997386,0.9362395104165143,0.02952104753187137,0.0064470603512221435
asthma_v2_Bronchial_P19BronchialTc_93.wav,0,1,1,1,0.020576487573296835,0.8834667830487704,0.06755665346090525,0.010265067250073274,0.01813500866695471
asthma_v2_Bronchial_P19BronchialTc_95.wav,0,1,1,1,0.04328250250356847,0.8415292111615774,0.059357224562391245,0.02172762939974567,0.03410343237271726
asthma_v2_Bronchial_P1BronchialSc_2.wav,0,1,1,1,0.10651240709688153,0.5521967733977947,0.25505904725650885,0.04119958560033098,0.04503218664848398
asthma_v2_Bronchial_P1BronchialSc_4.wav,0,1,1,1,0.06675306651105907,0.7454980233853878,0.12891448123050991,0.026968976450641533,0.03186545242240151
asthma_v2_Bronchial_P1BronchialTc_1.wav,0,1,1,1,0.11402147131555601,0.5640905894284107,0.246961562870105,0.031955698846602605,0.04297067753932545
asthma_v2_Bronchial_P1BronchialTc_3.wav,0,1,1,1,0.07201829666663064,0.6265595363519292,0.21095886380549939,0.05335558997117361,0.03710771320476701
asthma_v2_Bronchial_P1BronchialTc_5.wav,0,1,1,1,0.1422394501111475,0.38097098189629425,0.3941495598065319,0.03350184145604147,0.04913816672998492
asthma_v2_Bronchial_P20BronchialSc_100.wav,0,1,1,1,0.008563588538764441,0.9378597631250194,0.010137765321868338,0.010387261324941367,0.033051621689406833
asthma_v2_Bronchial_P20BronchialSc_96.wav,0,1,1,1,0.025083002608868372,0.8103235974867752,0.0868493610974327,0.013467934621874409,0.0642761041850492
asthma_v2_Bronchial_P20BronchialSc_98.wav,0,1,1,1,0.025407663426792158,0.8230353832210809,0.11063438091842363,0.023881785274863853,0.017040787158839443
asthma_v2_Bronchial_P20BronchialTc_97.wav,0,1,1,1,0.02018905368123731,0.9108909305291695,0.04317414610195729,0.01044005771729764,0.015305811970338335
asthma_v2_Bronchial_P20BronchialTc_99.wav,0,1,1,1,0.17803954565373634,0.21654636056004073,0.37161483699918973,0.1668385212518517,0.06696073553518152
asthma_v2_Bronchial_P4BronchialSc_16.wav,0,1,1,4,0.18948660420461488,0.03232829610796688,0.06571265710454599,0.17314844909479205,0.5393239934880804
asthma_v2_Bronchial_P4BronchialSc_18.wav,0,1,1,4,0.1795096146687907,0.2055265563700784,0.05992952880599055,0.03810089785775529,0.516933402297385
asthma_v2_Bronchial_P4BronchialSc_20.wav,0,1,1,3,0.03093191607430372,0.12925811278053317,0.09749768490837701,0.5852266169121647,0.1570856693246213
asthma_v2_Bronchial_P4BronchialTc_17.wav,0,1,1,4,0.2573912057261302,0.040777641289774465,0.0891612593577608,0.07821260748906579,0.5344572861372687
asthma_v2_Bronchial_P4BronchialTc_19.wav,0,1,1,3,0.037011602470878195,0.24414866887237605,0.04913470379881474,0.4234094214212376,0.24629560343669377
asthma_v2_asthma_P13WheezingIE_61.wav,0,1,0,0,0.768786975226717,0.09522823694814875,0.006139424110084137,0.005580018350381496,0.12426534536466861
asthma_v2_asthma_P13WheezingIE_65.wav,0,1,0,0,0.8781681066855375,0.044549443758509284,0.0059494216684136065,0.002475002415947524,0.06885802547159196
asthma_v2_asthma_P13WheezingIU_62.wav,0,1,0,0,0.8673244044918419,0.0631538012354511,0.0017037151627959833,0.0020266908804529955,0.06579138822945797
asthma_v2_asthma_P13WheezingRL_63.wav,0,1,0,0,0.7560847969941936,0.09448826545923493,0.005595615675090843,0.006310531646383924,0.1375207902250968
asthma_v2_asthma_P13WheezingRS_64.wav,0,1,0,0,0.8406492253373263,0.018676135081550846,0.001420137854534097,0.004190633924467693,0.13506386780212087
asthma_v2_asthma_P17WheezingIE_81.wav,0,1,0,0,0.8716704558179141,0.04403394633393752,0.009128262825297544,0.005080836484386996,0.07008649853846367
asthma_v2_asthma_P17WheezingIE_85.wav,0,1,0,4,0.46430599970126407,0.0031332846223922385,0.011545010982422497,0.0010202933930928291,0.5199954113008285
asthma_v2_asthma_P17WheezingIU_82.wav,0,1,0,0,0.8181757786434022,0.059871728258146316,0.01179843429903647,0.008620937775407496,0.10153312102400733
asthma_v2_asthma_P17WheezingRL_83.wav,0,1,0,0,0.9070092706106743,0.012325414395035454,0.020084843789558063,0.010876435564231407,0.04970403564050019
asthma_v2_asthma_P17WheezingRS_84.wav,0,1,0,0,0.772888810353529,0.021883853531137136,0.0035009371223446487,0.006732283787804645,0.19499411520518475
asthma_v2_asthma_P22WheezingIE_109.wav,0,1,0,1,0.457720805865345,0.48630358714294564,0.0025971520800224346,0.004486394829467335,0.048892060082219725
asthma_v2_asthma_P22WheezingIU_106.wav,0,1,0,0,0.7106913293228945,0.06592998308638573,0.01249317471839163,0.004806401778146335,0.20607911109418203
asthma_v2_asthma_P22WheezingIU_110.wav,0,1,0,0,0.9080515803449278,0.046467130486295846,0.004815325927567214,0.006435039541821278,0.03423092369938799
asthma_v2_asthma_P22WheezingRL_107.wav,0,1,0,0,0.655605233375762,0.030264196009859676,0.19467658285079945,0.06094165262170351,0.058512335141875184
asthma_v2_asthma_P22WheezingRS_108.wav,0,1,0,0,0.5847466149612155,0.023779627413209558,0.006575463246550978,0.007427358299868689,0.3774709360791554
asthma_v2_asthma_P26WheezingIE_129.wav,0,1,0,1,0.08593609001601331,0.49200613772624624,0.007638549072706791,0.3547808458341011,0.05963837735093275
asthma_v2_asthma_P26WheezingIU_126.wav,0,1,0,0,0.37838113512803284,0.2833173304309859,0.01941248251791694,0.2153751528785665,0.1035138990444977
asthma_v2_asthma_P26WheezingIU_130.wav,0,1,0,0,0.8462744547797142,0.12340936729380177,0.0024812777949131757,0.0015674832781208399,0.02626741685344988
asthma_v2_asthma_P26WheezingRL_127.wav,0,1,0,0,0.7292263713263604,0.022232493883854103,0.16264941903098615,0.031325910302866786,0.054565805455932474
asthma_v2_asthma_P26WheezingRS_128.wav,0,1,0,0,0.6913620216367007,0.0012607898050830083,0.004502543629206931,0.010512699705576459,0.2923619452234333
asthma_v2_asthma_P28WheezingIE_137.wav,0,1,0,0,0.8329709081645215,0.060450370690151044,0.004807205498058905,0.026480744758002113,0.07529077088926643
asthma_v2_asthma_P28WheezingIU_138.wav,0,1,0,0,0.47549143312871306,0.06346216673044466,0.0027773333427130228,0.21528953449041238,0.24297953230771682
asthma_v2_asthma_P28WheezingRL_139.wav,0,1,0,0,0.8477481345342457,0.01647735794047645,0.06606695486791518,0.001229498245041697,0.06847805441232112
asthma_v2_asthma_P28WheezingRS_136.wav,0,1,0,4,0.3506372595358336,0.044767793679946655,0.004576943880055726,0.03731984256755874,0.5626981603366052
asthma_v2_asthma_P28WheezingRS_140.wav,0,1,0,0,0.6398861099539217,0.27570734355542803,0.008498406409225012,0.0035717441454572803,0.07233639593596795
asthma_v2_asthma_P2AsthmaIE_9.wav,0,1,0,0,0.745096711919543,0.01839225592011048,0.0032077646321201593,0.004485083172491851,0.22881818435573484
asthma_v2_asthma_P2AsthmaIU_10.wav,0,1,0,0,0.8613803241426865,0.004027387132294563,0.009380826720935771,0.0470945728000493,0.07811688920403374
asthma_v2_asthma_P2AsthmaIU_6.wav,0,1,0,2,0.20009065233730572,0.08599152235968156,0.6409370607189978,0.027735885777759383,0.0452448788062554
asthma_v2_asthma_P2AsthmaRL_7.wav,0,1,0,0,0.9242292821525123,0.009713271093310709,0.017704861920058806,0.013485955789835649,0.034866629044282726
asthma_v2_asthma_P2AsthmaRS_8.wav,0,1,0,0,0.9044669384899326,0.02331912497976562,0.001049441917244965,0.00519262313107704,0.0659718714819796
asthma_v2_asthma_P31WheezingIE_153.wav,0,1,0,4,0.3474890512872376,0.04391837014451315,0.0027789517510790228,0.0064755684495670235,0.5993380583676031
asthma_v2_asthma_P31WheezingIU_154.wav,0,1,0,0,0.7575579483553208,0.025209812628685237,0.07212835360854607,0.008920063419294057,0.13618382198815399
asthma_v2_asthma_P31WheezingRL_151.wav,0,1,0,0,0.7490779212587697,0.042568010250830186,0.015381752083441724,0.004658451213701898,0.18831386519325694
asthma_v2_asthma_P31WheezingRL_155.wav,0,1,0,0,0.9438713389310803,0.00800373866007911,0.0006318324061745675,0.0035302565985691125,0.04396283340409682
asthma_v2_asthma_P31WheezingRS_152.wav,0,1,0,4,0.17549820675092684,0.007647683315930477,0.002276064712144808,0.07783215361364496,0.7367458916073529
asthma_v2_asthma_P43WheezingIE_213.wav,0,1,0,2,0.3033789068850612,0.005169945050380151,0.6715693608254629,0.007802065733283405,0.012079721505812546
asthma_v2_asthma_P43WheezingIU_214.wav,0,1,0,0,0.8634527462055859,0.001871225961074654,0.059545112848863366,0.022777529971721115,0.05235338501275497
asthma_v2_asthma_P43WheezingRL_211.wav,0,1,0,0,0.8245379360986448,0.017013155289624306,0.05458168551232806,0.00715003438215715,0.09671718871724574
asthma_v2_asthma_P43WheezingRL_215.wav,0,1,0,0,0.9328066606846562,0.0035205330924889945,0.04216513216915409,0.0006240341319645612,0.020883639921736193
asthma_v2_asthma_P43WheezingRS_212.wav,0,1,0,0,0.7706517032832131,0.05334721647065948,0.11701508707224581,0.007669629580312706,0.05131636359356908
asthma_v2_asthma_P44WheezingIE_217.wav,0,1,0,0,0.9186005718565032,0.056308904939454396,0.0033943628992894525,0.0004902759807139243,0.02120588432403909
asthma_v2_asthma_P44WheezingIU_218.wav,0,1,0,0,0.9519883557245565,0.01227575093741715,0.00841947474914516,0.00039775324783352354,0.026918665341047646
asthma_v2_asthma_P44WheezingRL_219.wav,0,1,0,0,0.8565081885524884,0.006031702931022291,0.11123460349822928,0.0017606791015899051,0.024464825916670083
asthma_v2_asthma_P44WheezingRS_216.wav,0,1,0,0,0.6472910813070898,0.2321653222318588,0.004428585973928889,0.06972227676049918,0.046392733726623524
asthma_v2_asthma_P44WheezingRS_220.wav,0,1,0,2,0.03388940746142986,0.0016799405250319621,0.9563051065931754,0.002593979464330901,0.005531565956032181
asthma_v2_asthma_P52WheezingIE_257.wav,0,1,0,0,0.9506669190587201,0.01071798698864412,0.01006048977442995,0.0008979295331278424,0.027656674645077633
asthma_v2_asthma_P52WheezingIU_258.wav,0,1,0,0,0.8549056398605415,0.006264238131983115,0.0885413318550775,0.003697076163137925,0.04659171398926013
asthma_v2_asthma_P52WheezingRL_259.wav,0,1,0,0,0.9254655764311012,0.025007028993644004,0.008385652883422155,0.0047506299972927095,0.036391111694540276
asthma_v2_asthma_P52WheezingRS_256.wav,0,1,0,0,0.8547683561998118,0.06911743217201433,0.011008481526639498,0.0024272881789600925,0.06267844192257406
asthma_v2_asthma_P52WheezingRS_260.wav,0,1,0,0,0.7813950918762002,0.014695651676438787,0.010499410629841168,0.00537237819075174,0.18803746762676823
asthma_v2_asthma_P54WheezingIE_269.wav,0,1,0,4,0.07401895027370235,0.042571511531533664,0.31103572572175897,0.014849910797730898,0.5575239016752742
asthma_v2_asthma_P54WheezingIU_266.wav,0,1,0,3,0.012349708909411016,0.1819143226124035,0.09040745043325168,0.40233139947678925,0.3129971185681449
asthma_v2_asthma_P54WheezingIU_270.wav,0,1,0,3,0.03248881698846785,0.02647142957625994,0.007609086675170118,0.4932596260992369,0.4401710406608652
asthma_v2_asthma_P54WheezingRL_267.wav,0,1,0,4,0.008674972900443157,0.14613650486715668,0.04505398739851538,0.1455565941231946,0.6545779407106903
asthma_v2_asthma_P54WheezingRS_268.wav,0,1,0,4,0.021523006723020557,0.02275384964472144,0.03645909830308999,0.17547212821737418,0.7437919171117936
asthma_v2_asthma_P58WheezingIU_286.wav,0,1,0,4,0.11284209605203172,0.01761813993020841,0.00920079593009094,0.2359081663175522,0.6244308017701166
asthma_v2_asthma_P58WheezingRL_287.wav,0,1,0,3,0.015568212334415002,0.014339715758007639,0.003987440247967387,0.634556561172998,0.3315480704866125
asthma_v2_asthma_P58WheezingRS_288.wav,0,1,0,3,0.24786255972259036,0.03537439616376154,0.0024208263256317837,0.32687830584695887,0.38746391194105795
asthma_v2_asthma_P5AsthmaIE_21.wav,0,1,0,0,0.8757767690779641,0.04558012960710098,0.006352699332933872,0.0026898649350344246,0.06960053704696698
asthma_v2_asthma_P5AsthmaIE_25.wav,0,1,0,0,0.7783881213724808,0.005641397555729659,0.005382572211393875,0.006035051857670106,0.20455285700272563
asthma_v2_asthma_P5AsthmaIU_22.wav,0,1,0,0,0.8468215896717952,0.05207809010148627,0.002918032058648603,0.0015163707836489124,0.09666591738442139
asthma_v2_asthma_P5AsthmaRL_23.wav,0,1,0,0,0.9115975202184942,0.01960906215683698,0.006521914730288328,0.006108622579175691,0.056162880315205214
asthma_v2_asthma_P5AsthmaRS_24.wav,0,1,0,0,0.8774438108200439,0.032060767367793064,0.0020341178298376606,0.004633115210543424,0.0838281887717824
asthma_v2_copd_P10COPDMc_74.wav,0,1,2,0,0.5504183951364312,0.10406767553679272,0.03597530111789449,0.024988629824943216,0.284549998383938
asthma_v2_copd_P10COPDMc_76.wav,0,1,2,0,0.5510688694434852,0.159149978291443,0.008565449339697601,0.1010517075606825,0.1801639953646919
asthma_v2_copd_P10COPDMc_78.wav,0,1,2,0,0.9384824393531828,0.019090101796533487,0.01588580874095857,0.00581047354949812,0.020731176559827428
asthma_v2_copd_P10COPDMc_80.wav,0,1,2,0,0.9326026631403589,0.003821624054654368,0.018514194779592843,0.0021239713041002264,0.04293754672129358
asthma_v2_copd_P10COPDPr_73.wav,0,1,2,0,0.7096500009272896,0.26004633194524635,0.010072566680684418,0.007445527458106979,0.012785572988672642
asthma_v2_copd_P10COPDPr_75.wav,0,1,2,3,0.34449604860272537,0.024586634486820046,0.00264596947705356,0.5347194439830887,0.0935519034503124
asthma_v2_copd_P10COPDPr_77.wav,0,1,2,4,0.32154838694675136,0.04751538594837404,0.017026033307969448,0.036757093331724736,0.5771531004651806
asthma_v2_copd_P10COPDPr_79.wav,0,1,2,0,0.7926327377650171,0.13058238162860725,0.016932626388443322,0.005582858974457212,0.05426939524347512
asthma_v2_copd_P12COPDMc_90.wav,0,1,2,2,0.20039944509913685,0.023816823864381356,0.7435298002419711,0.016326137628469458,0.015927793166041437
asthma_v2_copd_P12COPDMc_92.wav,0,1,2,2,0.28457138645214125,0.008223580669321046,0.6831505776547642,0.007600912088387036,0.016453543135386505
asthma_v2_copd_P12COPDMc_94.wav,0,1,2,2,0.008322649666609512,0.0007524035568633651,0.9900619568392751,0.0001201960834048214,0.0007427938538473588
asthma_v2_copd_P12COPDMc_96.wav,0,1,2,2,0.00014257571773213293,0.0013970689268800844,0.9960546173029231,0.0016281761563272257,0.000777561896138053
asthma_v2_copd_P12COPDPr_89.wav,0,1,2,0,0.7747588665507549,0.05898576875037019,0.14613896641068683,0.0027781701559469905,0.017338228132240997
asthma_v2_copd_P12COPDPr_91.wav,0,1,2,2,0.0031895831359242937,0.0017713642719489576,0.9911328471076017,0.0016205184313540187,0.00228568705317113
asthma_v2_copd_P12COPDPr_93.wav,0,1,2,0,0.8381837520396629,0.08297758735489147,0.06120485907604974,0.00600021096362435,0.011633590565771559
asthma_v2_copd_P12COPDPr_95.wav,0,1,2,2,0.0017708732035741032,0.003839931947051067,0.9887270617987104,0.003818261736247365,0.0018438713144172368
asthma_v2_copd_P20COPDMc_154.wav,0,1,2,2,0.0026674049323149565,0.0008563903873398025,0.9806848794183354,0.0011193942316196966,0.014671931030390209
asthma_v2_copd_P20COPDMc_156.wav,0,1,2,2,0.15997467798892873,0.009379202610946852,0.6319544936593089,0.025705826285705488,0.1729857994551102
asthma_v2_copd_P20COPDMc_158.wav,0,1,2,2,0.00334870010834621,0.0013768707433860006,0.9884621495438,0.0015062456429521696,0.005306033961516068
asthma_v2_copd_P20COPDMc_160.wav,0,1,2,2,0.007789129281212191,0.0014796900954853892,0.9738453354679488,0.0043997049487459325,0.012486140206607821
asthma_v2_copd_P20COPDPr_153.wav,0,1,2,2,0.03755922574678129,0.006832705708063999,0.8983904087721931,0.006034607334455019,0.051183052438506405
asthma_v2_copd_P20COPDPr_155.wav,0,1,2,2,0.005043262317181522,0.0009391482090255302,0.9838925498606879,0.0022694899543611122,0.00785554965874414
asthma_v2_copd_P20COPDPr_157.wav,0,1,2,2,0.06695094454333564,0.013717094875675387,0.6617303186611542,0.050173386338880376,0.20742825558095465
asthma_v2_copd_P20COPDPr_159.wav,0,1,2,2,0.035204669594343804,0.007983976605552305,0.9091689241018045,0.007764890818506535,0.039877538879792986
asthma_v2_copd_P25COPDMc_194.wav,0,1,2,2,0.0002638542573600038,0.0036412528543116975,0.9928733063921649,0.002337504489710519,0.0008840820064527845
asthma_v2_copd_P25COPDMc_196.wav,0,1,2,2,0.00028936243227086096,0.00267420675166421,0.989726735250234,0.0034316765250960207,0.0038780190407348256
asthma_v2_copd_P25COPDMc_198.wav,0,1,2,2,1.940093510529742e-06,3.447047937807757e-06,0.9985214554159969,0.001096389831445857,0.0003767676111088135
asthma_v2_copd_P25COPDMc_200.wav,0,1,2,2,0.000838076327582843,0.0012527017530926266,0.9945606374085036,0.0010253092295851609,0.0023232752812355826
asthma_v2_copd_P25COPDPr_193.wav,0,1,2,2,0.0003387093349892545,0.0009210663498115218,0.9939801263691876,0.0018141007624100844,0.0029459971836016383
asthma_v2_copd_P25COPDPr_195.wav,0,1,2,2,7.650991312877345e-05,0.004737579449741203,0.9926701153912978,0.0011886761230545959,0.0013271191227774814
asthma_v2_copd_P25COPDPr_197.wav,0,1,2,2,0.005726207038776801,0.0037348034617392884,0.9867407472359601,0.0016489570093475828,0.00214928525417645
asthma_v2_copd_P25COPDPr_199.wav,0,1,2,2,0.0006308629213555259,0.002311364589623894,0.9949091787708463,0.0012176119933844317,0.0009309817247902489
asthma_v2_copd_P27COPDMc_210.wav,0,1,2,2,0.0011729462224628073,0.0009755986169575744,0.9914959719137203,0.004085100899408464,0.0022703823474509274
asthma_v2_copd_P27COPDMc_212.wav,0,1,2,2,3.004248898600008e-07,3.40673900432119e-07,0.9996463109033541,5.751541420410638e-05,0.0002955325836516019
asthma_v2_copd_P27COPDMc_214.wav,0,1,2,2,1.946498801598374e-07,3.3611164060569444e-07,0.9994367779157113,0.0001122014693199943,0.0004504898534480504
asthma_v2_copd_P27COPDMc_216.wav,0,1,2,2,5.800671198230739e-06,7.779619269229252e-06,0.996172457675611,0.0027470478073594574,0.0010669142265619619
asthma_v2_copd_P27COPDPr_209.wav,0,1,2,2,0.0011531217423097634,0.0014354843414384696,0.996030593585616,0.0005437523661824701,0.0008370479644533103
asthma_v2_copd_P27COPDPr_211.wav,0,1,2,2,0.00043805024648256146,0.0004893865294152587,0.9962281539679962,0.001394861107958564,0.0014495481481468634
asthma_v2_copd_P27COPDPr_213.wav,0,1,2,2,1.8930357893413848e-06,2.293140576424687e-06,0.997975942927582,0.0002704806013022022,0.0017493902947499711
asthma_v2_copd_P27COPDPr_215.wav,0,1,2,2,2.1892002143855573e-07,4.6011997429516846e-07,0.9995870308183,0.0002382666718525064,0.00017402346985176775
asthma_v2_copd_P38COPDMc_298.wav,0,1,2,2,0.20941559837877097,0.010131510920308765,0.6219271649023881,0.004698500301097901,0.15382722549743422
asthma_v2_copd_P38COPDMc_300.wav,0,1,2,2,0.01885633066315078,0.004286233786786956,0.9554410599138692,0.0015544341465005748,0.019861941489692305
asthma_v2_copd_P38COPDMc_302.wav,0,1,2,2,0.031493775318368,0.004776126592503789,0.9290477416389132,0.008014065419291486,0.026668291030923177
asthma_v2_copd_P38COPDMc_304.wav,0,1,2,2,0.00991763045325922,0.0009659040668662036,0.7909153249367892,0.003530995661301678,0.1946701448817841
asthma_v2_copd_P38COPDPr_297.wav,0,1,2,2,0.003284965701128564,0.000687562996284574,0.9924260188144846,0.0004021331727865026,0.0031993193153156585
asthma_v2_copd_P38COPDPr_299.wav,0,1,2,2,0.15378800872809337,0.008471824099800547,0.6755981324549548,0.010610909118264174,0.15153112559888687
asthma_v2_copd_P38COPDPr_301.wav,0,1,2,2,0.017364084747924346,0.005394354916991688,0.9692467007685627,0.003106895916601212,0.0048879636499198145
asthma_v2_copd_P38COPDPr_303.wav,0,1,2,2,0.002182141723867971,0.0006228237408200507,0.9910133393364627,0.0008964656157965338,0.005285229583052956
asthma_v2_copd_P40COPDMc_314.wav,0,1,2,2,0.0425029039567215,0.21393736950513942,0.6325197944855808,0.018702047330355447,0.092337884722203
asthma_v2_copd_P40COPDMc_316.wav,0,1,2,2,1.7711445837275943e-07,1.691893043401549e-07,0.9994276350703347,2.8523503091085665e-05,0.0005434951228114249
asthma_v2_copd_P40COPDMc_318.wav,0,1,2,2,0.020880645578485943,0.008335328244503375,0.9466461866199466,0.0021808040034851724,0.021957035553578853
asthma_v2_copd_P40COPDMc_320.wav,0,1,2,4,0.1308448877185757,0.1606817772203282,0.049266903089639075,0.0056863607544818395,0.6535200712169754
asthma_v2_copd_P40COPDPr_313.wav,0,1,2,1,0.10472541174165137,0.24823736208732713,0.43108486878260593,0.05677811236067641,0.15917424502773939
asthma_v2_copd_P40COPDPr_315.wav,0,1,2,2,4.239757218886711e-08,7.840411349218993e-08,0.9998527705871892,3.339417118778841e-05,0.00011371443993736094
asthma_v2_copd_P40COPDPr_317.wav,0,1,2,2,7.996007159128657e-08,1.1947879406318395e-07,0.9995957786528467,1.5956813155909948e-05,0.0003880650951318308
asthma_v2_copd_P40COPDPr_319.wav,0,1,2,4,0.08189015556624046,0.2852369989196942,0.2308714013546539,0.008528724857692306,0.39347271930171945
asthma_v2_copd_P44COPDMc_346.wav,0,1,2,2,0.005624217323199909,0.0038808607424665616,0.9780314557639745,0.001939121954798967,0.010524344215560031
asthma_v2_copd_P44COPDMc_348.wav,0,1,2,4,0.010260903795562298,0.017132975043027614,0.2246004165360001,0.047771315978593014,0.7002343886468173
asthma_v2_copd_P44COPDMc_350.wav,0,1,2,2,0.00013025561350919925,0.016032501632679455,0.9800038302245169,0.0027290716414929326,0.0011043408878013698
asthma_v2_copd_P44COPDMc_352.wav,0,1,2,2,0.001777518269223576,0.0009431033691955918,0.9946928224000419,0.0005592074392136899,0.002027348522325173
asthma_v2_copd_P44COPDPr_345.wav,0,1,2,2,0.00026865395137201734,0.0013001095319114156,0.961382311447256,0.0009113806354328824,0.03613754443402781
asthma_v2_copd_P44COPDPr_347.wav,0,1,2,2,0.008443425061351737,0.00901804673410562,0.7546043988510536,0.015545886265747622,0.21238824308774137
asthma_v2_copd_P44COPDPr_349.wav,0,1,2,2,0.0005160600979465578,0.002769232316003925,0.9926895289345149,0.0009558900218699509,0.0030692886296646467
asthma_v2_copd_P44COPDPr_351.wav,0,1,2,2,0.0026918221642627652,0.11246602220309164,0.8552991826402458,0.013447991052838426,0.016094981939561354
asthma_v2_copd_P46COPDMc_362.wav,0,1,2,2,0.0034150811553667897,0.003557285208021213,0.6198734856913914,0.022402781474351242,0.3507513664708693
asthma_v2_copd_P46COPDMc_364.wav,0,1,2,2,0.004828864583230834,0.005201694891583847,0.8095106676709594,0.005159850995862593,0.17529892185836352
asthma_v2_copd_P46COPDMc_366.wav,0,1,2,2,0.0007797550550224977,0.0014527350517297888,0.9088073652372486,0.0010233116536043235,0.08793683300239505
asthma_v2_copd_P46COPDMc_368.wav,0,1,2,2,0.0069438651994674465,0.01020268257837003,0.8727020415597354,0.0017786740139815363,0.10837273664844559
asthma_v2_copd_P46COPDPr_361.wav,0,1,2,2,0.03178844197327465,0.0715449947729818,0.6126199960787211,0.03139139369947953,0.25265517347554267
asthma_v2_copd_P46COPDPr_363.wav,0,1,2,2,0.026626658493625024,0.0024683815634172004,0.8642184942138569,0.012273081837676038,0.0944133838914245
asthma_v2_copd_P46COPDPr_365.wav,0,1,2,2,0.0028482643848500204,0.005399560667796142,0.942283281514479,0.003541068414026675,0.04592782501884801
asthma_v2_copd_P46COPDPr_367.wav,0,1,2,2,0.005193275552772854,0.003083778766208796,0.966199672293501,0.003661218270881266,0.02186205511663602
asthma_v2_copd_P5COPDMc_34.wav,0,1,2,2,0.15174099723325887,0.007655778318042619,0.7313363032927785,0.05031477046633966,0.05895215068958036
asthma_v2_copd_P5COPDMc_36.wav,0,1,2,4,0.014534172736890475,0.01933711616130719,0.5112141488068938,0.016000931371702554,0.43891363092320607
asthma_v2_copd_P5COPDMc_38.wav,0,1,2,2,0.0030493929250405834,0.01848242042587019,0.9094638016559741,0.0054847878750013315,0.06351959711811349
asthma_v2_copd_P5COPDMc_40.wav,0,1,2,2,0.008327785597393847,0.0007389025548618611,0.9108530260218252,0.015470740602995333,0.06460954522292357
asthma_v2_copd_P5COPDPr_33.wav,0,1,2,2,0.0680583046800659,0.0065953688361762965,0.7511512494536124,0.01984868524022689,0.1543463917899181
asthma_v2_copd_P5COPDPr_35.wav,0,1,2,2,0.010128395582045997,0.012282684504670138,0.9218175793869139,0.013921298706617458,0.041850041819752166
asthma_v2_copd_P5COPDPr_37.wav,0,1,2,2,0.0026595999573213766,0.0028674407207457957,0.9737951526464498,0.002564732920849351,0.018113073754633696
asthma_v2_copd_P5COPDPr_39.wav,0,1,2,2,0.000606451774656652,0.006918190862339304,0.9885249297692945,0.0012498043447606393,0.0027006232489487116
asthma_v2_healthy_P12Healthy16S.wav,0,1,3,3,0.05777639118120708,0.017345713758938137,0.07465902384733936,0.7444680575427516,0.10575081366976402
asthma_v2_healthy_P12Healthy67S.wav,0,1,3,3,0.06198610971763739,0.134522537336286,0.15357728938003828,0.48422628789994404,0.16568777566609413
asthma_v2_healthy_P12Healthy93S.wav,0,1,3,2,0.028318610638567523,0.025101997865905414,0.4750877060474824,0.12586350061306387,0.34562818483498053
asthma_v2_healthy_P12Healthy98S.wav,0,1,3,3,0.027787396356749348,0.013302654595873976,0.08901178287383492,0.8314392603637845,0.03845890580975707
asthma_v2_healthy_P12Healthy99S.wav,0,1,3,3,0.015047935217982786,0.03448894471484825,0.18082645454260465,0.656508559972231,0.11312810555233319
asthma_v2_healthy_P15Healthy14S.wav,0,1,3,3,0.026950054572602928,0.0778762253196527,0.032288669493021734,0.7321316672698757,0.13075338334484746
asthma_v2_healthy_P15Healthy55S.wav,0,1,3,3,0.046293736377399995,0.05181042291631935,0.039897510218603056,0.8196292225127013,0.042369107974975805
asthma_v2_healthy_P15Healthy61S.wav,0,1,3,4,0.013455999565469228,0.04622187802479134,0.14987517937581327,0.2176057071860521,0.5728412358478742
asthma_v2_healthy_P15Healthy65S.wav,0,1,3,3,0.006612949870735858,0.005370724430950405,0.022998792837209105,0.9356495642599141,0.02936796860119068
asthma_v2_healthy_P15Healthy93S.wav,0,1,3,3,0.08808754300625435,0.05359309803422733,0.1518187930835624,0.635412295811813,0.07108827006414321
asthma_v2_healthy_P16Healthy18S.wav,0,1,3,4,0.013455999565469228,0.04622187802479134,0.14987517937581327,0.2176057071860521,0.5728412358478742
asthma_v2_healthy_P16Healthy19S.wav,0,1,3,3,0.05777493420553818,0.028570428117594894,0.016960343546151502,0.33085402090266586,0.56584027322805
asthma_v2_healthy_P16Healthy26S.wav,0,1,3,3,0.011733618481262465,0.005877837823502007,0.003253975414091849,0.5747330222630512,0.40440154601809236
asthma_v2_healthy_P16Healthy38S.wav,0,1,3,3,0.05777493420553818,0.028570428117594894,0.016960343546151502,0.33085402090266586,0.56584027322805
asthma_v2_healthy_P16Healthy41S.wav,0,1,3,3,0.011733618481262465,0.005877837823502007,0.003253975414091849,0.5747330222630512,0.40440154601809236
asthma_v2_healthy_P21Healthy15S.wav,0,1,3,3,0.010333467389263207,0.0023561204634659667,0.0010309412378940723,0.9518973485255252,0.034382122383851264
asthma_v2_healthy_P21Healthy38S.wav,0,1,3,3,0.015290545469299425,0.002873438857041322,0.0018201065370539256,0.9221960660236515,0.057819843112953725
asthma_v2_healthy_P21Healthy53S.wav,0,1,3,3,0.013845460840676515,0.0033071949587657992,0.0023261115922107818,0.8908218384610506,0.0896993941472963
asthma_v2_healthy_P21Healthy95S.wav,0,1,3,3,0.05434934381313792,0.09382760189418474,0.004710731041486134,0.5217757986192112,0.3253365246319802
asthma_v2_healthy_P21Healthy98S.wav,0,1,3,3,0.12450468838134994,0.01781265322816983,0.0016984321160124739,0.6644858564473217,0.19149836982714596
asthma_v2_healthy_P4Healthy12S.wav,0,1,3,4,0.03936110155484834,0.14807303333234578,0.046256727657784505,0.05768644022589858,0.7086226972291227
asthma_v2_healthy_P4Healthy22S.wav,0,1,3,1,0.05136047278563285,0.8221777573980955,0.020323815290986653,0.02152373648287959,0.08461421804240513
asthma_v2_healthy_P4Healthy62S.wav,0,1,3,1,0.005799983660015385,0.9277150591044928,0.02099375747918502,0.02537007974670029,0.02012112000960679
asthma_v2_healthy_P4Healthy69S.wav,0,1,3,4,0.05854619276796423,0.24697968428776781,0.10325724756635825,0.04944087168858051,0.5417760036893294
asthma_v2_healthy_P4Healthy77S.wav,0,1,3,1,0.033001050609029275,0.5532134078849831,0.2621636262307385,0.12212766264947218,0.0294942526257764
asthma_v2_healthy_P5Healthy10S.wav,0,1,3,3,0.05015456024593925,0.002964649652045902,0.00646613782380258,0.8411239905250355,0.09929066175317662
asthma_v2_healthy_P5Healthy57S.wav,0,1,3,3,0.011230541517823416,0.023356402692909287,0.0244765204784633,0.48076079495689095,0.46017574035391307
asthma_v2_healthy_P5Healthy87S.wav,0,1,3,3,0.042979584601028846,0.020120158228594996,0.01855191126449165,0.8362846263113233,0.08206371959456107
asthma_v2_healthy_P5Healthy92S.wav,0,1,3,3,0.0025011433143159053,0.009858519043236317,0.009075595958808932,0.9565770155847222,0.021987726098916915
asthma_v2_healthy_P5Healthy96S.wav,0,1,3,3,0.02734280115166909,0.0021707278620032447,0.007476496070421601,0.8723669173522937,0.09064305756361246
asthma_v2_pneumonia_P12Pneumonia23P.wav,0,1,4,4,0.045536364897529075,0.08257672016802181,0.07330807625816481,0.01742761061940208,0.7811512280568823
asthma_v2_pneumonia_P12Pneumonia44H.wav,0,1,4,4,0.016439778024832607,0.03198245981221086,0.33413170003507897,0.062175188007916014,0.5552708741199618
asthma_v2_pneumonia_P12Pneumonia45B.wav,0,1,4,2,0.005132329392616207,0.030334313213315093,0.8010694233505063,0.018840211004328453,0.14462372303923401
asthma_v2_pneumonia_P12Pneumonia46L.wav,0,1,4,4,0.17722919603955808,0.04621721513413892,0.008267541072688483,0.020819044608463216,0.7474670031451509
asthma_v2_pneumonia_P12Pneumonia59Q.wav,0,1,4,4,0.08375645882009569,0.007755421567187891,0.0576938338385904,0.12494100971073271,0.7258532760633928
asthma_v2_pneumonia_P12Pneumonia97E.wav,0,1,4,4,0.05396430273735129,0.014352505079218269,0.02016022193147944,0.012335597324881731,0.8991873729270692
asthma_v2_pneumonia_P17Pneumonia49T.wav,0,1,4,4,0.029152992108022614,0.009446192669589898,0.00022947930299828287,0.026754584180806413,0.9344167517385834
asthma_v2_pneumonia_P17Pneumonia51I.wav,0,1,4,4,0.025318687070372495,0.026719485587947758,0.15666067029004763,0.13612324814827967,0.655177908903352
asthma_v2_pneumonia_P17Pneumonia57K.wav,0,1,4,4,0.0441116565355659,0.001455507633811074,0.0005217044129438368,0.0007082787729992552,0.9532028526446801
asthma_v2_pneumonia_P17Pneumonia63G.wav,0,1,4,4,0.1621290284594986,0.008977601658088086,0.0006943874611517366,0.004847479195169603,0.8233515032260919
asthma_v2_pneumonia_P17Pneumonia86O.wav,0,1,4,4,0.009697107121941129,0.04250228347970339,0.4001569420134436,0.00870821130307189,0.5389354560818397
asthma_v2_pneumonia_P17Pneumonia91K.wav,0,1,4,3,0.01219273699425647,0.08799408601612008,0.20208115497678267,0.34852842907828074,0.34920359293455955
asthma_v2_pneumonia_P23Pneumonia19A.wav,0,1,4,0,0.24473956291133075,0.15200747994848013,0.14278444127343506,0.1835857289598813,0.2768827869068727
asthma_v2_pneumonia_P23Pneumonia40O.wav,0,1,4,4,0.09915486842691318,0.03466227637442136,0.056674615626007126,0.037325354832565,0.772182884740093
asthma_v2_pneumonia_P23Pneumonia54P.wav,0,1,4,4,0.17168071250887515,0.04141240523288258,0.06693746522145867,0.11390494469766796,0.6060644723391155
asthma_v2_pneumonia_P23Pneumonia60Y.wav,0,1,4,4,0.07335859323230327,0.016667137036303466,0.05480010519831331,0.03203138627362188,0.823142778259458
asthma_v2_pneumonia_P23Pneumonia90V.wav,0,1,4,4,0.03360119441478992,0.016160199756216798,0.013247358186866136,0.04765411813588967,0.8893371295062379
asthma_v2_pneumonia_P23Pneumonia97P.wav,0,1,4,4,0.08138224416462808,0.07019224235563114,0.09982222450766916,0.18680540840778376,0.5617978805642877
asthma_v2_pneumonia_P25Pneumonia11Z.wav,0,1,4,3,0.22287515441711966,0.031267812440025064,0.1377740962560666,0.5055000400715137,0.1025828968152751
asthma_v2_pneumonia_P25Pneumonia16B.wav,0,1,4,4,0.018155365748444938,0.009400628703878224,0.03892887219307523,0.3041933102158665,0.629321823138735
asthma_v2_pneumonia_P25Pneumonia30I.wav,0,1,4,3,0.012829936973666746,0.0015743708716104794,0.003823670819450718,0.9347775149711701,0.04699450636410179
asthma_v2_pneumonia_P25Pneumonia42V.wav,0,1,4,3,0.06830959235410568,0.01898012147471805,0.003970112596888911,0.8582319320055066,0.05050824156878097
asthma_v2_pneumonia_P25Pneumonia93N.wav,0,1,4,3,0.08859140895587708,0.0018383801735529642,0.014335756727219073,0.8154013160289225,0.07983313811442845
asthma_v2_pneumonia_P25Pneumonia97D.wav,0,1,4,4,0.07903148613308236,0.005005622037519808,0.024483704218894394,0.027100894037644794,0.8643782935728586
asthma_v2_pneumonia_P34Pneumonia15R.wav,0,1,4,4,0.02471151752187649,0.014270940383532356,0.0013148285143529219,0.03459656329123012,0.9251061502890079
asthma_v2_pneumonia_P34Pneumonia36H.wav,0,1,4,4,0.03843136132904251,0.0037152570759396483,0.0002828109383855581,0.006109570125977316,0.951461000530655
asthma_v2_pneumonia_P34Pneumonia61E.wav,0,1,4,4,0.02311981157785626,0.0014859058206327172,0.00042319747672224755,0.00703042872663329,0.9679406563981552
asthma_v2_pneumonia_P34Pneumonia66M.wav,0,1,4,4,0.022117077600280012,0.005367026783935242,0.001156600159389621,0.006199441124587884,0.965159854331807
asthma_v2_pneumonia_P34Pneumonia77O.wav,0,1,4,4,0.01128039371133126,0.01034942485044623,0.0006675502798849252,0.16537394787375284,0.8123286832845846
asthma_v2_pneumonia_P34Pneumonia99G.wav,0,1,4,4,0.13772986124562903,0.041018878426697596,0.004063445961884,0.12761835798261206,0.6895694563831772
asthma_v2_pneumonia_P38Pneumonia23A.wav,0,1,4,0,0.9072313626500792,0.04939052713464437,0.0057950770486594905,0.001624690171324422,0.03595834299529278
asthma_v2_pneumonia_P38Pneumonia34H.wav,0,1,4,0,0.7648608832264395,0.00960927584451158,0.0024436050316746774,0.044649496744184156,0.1784367391531901
asthma_v2_pneumonia_P38Pneumonia35P.wav,0,1,4,0,0.810874871530996,0.023539289083337706,0.014389783971978893,0.0017639842487888646,0.14943207116489812
asthma_v2_pneumonia_P38Pneumonia41S.wav,0,1,4,0,0.8398120006025314,0.023972914264655643,0.0015041021626480584,0.0036895345488387353,0.1310214484213261
asthma_v2_pneumonia_P38Pneumonia61R.wav,0,1,4,0,0.6961403957672262,0.007651973243842873,0.0035384694150301385,0.004640626930323212,0.2880285346435773
asthma_v2_pneumonia_P38Pneumonia64N.wav,0,1,4,0,0.8856315450209966,0.02671349337728494,0.0012274112169304726,0.010930370674914742,0.07549717970987352
asthma_v2_pneumonia_P41Pneumonia17O.wav,0,1,4,4,0.30326645830630233,0.005104432688515099,0.002892145059877159,0.004649416322132755,0.6840875476231728
asthma_v2_pneumonia_P41Pneumonia25E.wav,0,1,4,4,0.07480867890711099,0.02159967858580486,0.04780480852105263,0.007183483249286809,0.8486033507367446
asthma_v2_pneumonia_P41Pneumonia31S.wav,0,1,4,0,0.791881780709035,0.02256345084950928,0.001015910693500241,0.0012267093971311148,0.18331214835082452
asthma_v2_pneumonia_P41Pneumonia41D.wav,0,1,4,4,0.4106128584808555,0.08611892808323082,0.04662408196999736,0.015844277772742794,0.44079985369317337
asthma_v2_pneumonia_P41Pneumonia71Q.wav,0,1,4,0,0.8185034858743115,0.13298206959866415,0.00248416716664031,0.005221563736766633,0.04080871362361738
asthma_v2_pneumonia_P41Pneumonia72U.wav,0,1,4,0,0.8335803467200623,0.012177257428882792,0.0007942903475679992,0.0004322870944271535,0.1530158184090595
asthma_v2_pneumonia_P45Pneumonia10J.wav,0,1,4,4,0.024440710227564992,0.00821251314211575,0.005211403361367629,0.10880216055805543,0.8533332127108963
asthma_v2_pneumonia_P45Pneumonia25T.wav,0,1,4,4,0.09161613432724751,0.007627387811955983,0.062022032934305374,0.11939300443910762,0.7193414404873837
asthma_v2_pneumonia_P45Pneumonia29L.wav,0,1,4,4,0.1155385543061717,0.006793038931386821,0.07756320441883004,0.027342707696917386,0.7727624946466941
asthma_v2_pneumonia_P45Pneumonia51F.wav,0,1,4,4,0.028255203913859137,0.008781635832829376,0.0502165122642518,0.06947288136060671,0.8432737666284531
asthma_v2_pneumonia_P45Pneumonia59I.wav,0,1,4,4,0.08437388109327361,0.0033912745230484085,0.09467941379723517,0.06768827014669816,0.7498671604397446
asthma_v2_pneumonia_P45Pneumonia72P.wav,0,1,4,3,0.08023519283119614,0.008774307803786808,0.03711752390372962,0.3869483045378826,0.4869246709234048
asthma_v2_Bronchial_P10BronchialSc_46.wav,0,2,1,2,0.002897561657688639,0.033278090489902774,0.8502336093114162,0.015536543627530989,0.09805419491346104
asthma_v2_Bronchial_P10BronchialSc_48.wav,0,2,1,1,0.012831045634726703,0.35186103468740404,0.5151015152259824,0.05434397044409381,0.06586243400779304
asthma_v2_Bronchial_P10BronchialSc_50.wav,0,2,1,1,0.044740605833122574,0.6189009729769716,0.3123206318077099,0.007076165918704127,0.01696162346349188
asthma_v2_Bronchial_P10BronchialTc_47.wav,0,2,1,2,0.0014137707405600074,0.00857423275405247,0.9761523381869954,0.0016279703263211672,0.012231687992071007
asthma_v2_Bronchial_P10BronchialTc_49.wav,0,2,1,1,0.10830359211676092,0.6161543187787049,0.23309217623861433,0.015418221561463032,0.02703169130445655
asthma_v2_Bronchial_P12BronchialSc_56.wav,0,2,1,0,0.9349974155200955,0.003664643641721068,0.0054113001411943565,0.00399868059386327,0.051927960103125816
asthma_v2_Bronchial_P12BronchialSc_58.wav,0,2,1,0,0.9342688013550671,0.016268514911775275,0.0032643953165715574,0.0017258992610658514,0.04447238915552023
asthma_v2_Bronchial_P12BronchialSc_60.wav,0,2,1,3,0.11698262193956702,0.0500192485965641,0.011501372565668954,0.7794637172312677,0.04203303966693228
asthma_v2_Bronchial_P12BronchialTc_57.wav,0,2,1,0,0.9349022524279855,0.004213006240798138,0.0021126786394228478,0.001260065092000926,0.05751199759979266
asthma_v2_Bronchial_P12BronchialTc_59.wav,0,2,1,0,0.874694285557494,0.01599742458136913,0.012881057459249707,0.00879811479013796,0.08762911761174923
asthma_v2_Bronchial_P3BronchialSc_12.wav,0,2,1,1,0.02807673869991566,0.9200850435426011,0.02946755658652454,0.011422433755878262,0.010948227415080248
asthma_v2_Bronchial_P3BronchialSc_14.wav,0,2,1,1,0.01518569623753678,0.6243036344412517,0.17570187164399234,0.07092467173534242,0.11388412594187668
asthma_v2_Bronchial_P3BronchialTc_11.wav,0,2,1,2,0.19321941561460412,0.1830228556301102,0.5468393454291279,0.044000694903831704,0.03291768842232607
asthma_v2_Bronchial_P3BronchialTc_13.wav,0,2,1,1,0.03118340234269589,0.4745084119863249,0.24658338828096996,0.08961202602018292,0.1581127713698261
asthma_v2_Bronchial_P3BronchialTc_15.wav,0,2,1,3,0.012240530729212202,0.3023479108743916,0.17077519704263827,0.4375375458236995,0.07709881553005866
asthma_v2_Bronchial_P6BronchialSc_26.wav,0,2,1,1,0.0075627793496625805,0.6248727912111357,0.2376157942483405,0.012002267578538183,0.11794636761232286
asthma_v2_Bronchial_P6BronchialSc_28.wav,0,2,1,1,0.0036920686567337956,0.9502626360454594,0.014412576475039506,0.026115773289218318,0.005516945533549057
asthma_v2_Bronchial_P6BronchialSc_30.wav,0,2,1,1,0.03290252767692701,0.6004450493771115,0.09656374025366683,0.2243196147852858,0.04576906790700846
asthma_v2_Bronchial_P6BronchialTc_27.wav,0,2,1,1,0.01597958240242789,0.8461244594335844,0.06668144819610392,0.052778248746058104,0.018436261221825758
asthma_v2_Bronchial_P6BronchialTc_29.wav,0,2,1,1,0.06746876254575575,0.44262575245277896,0.18689736075471983,0.16457261988423835,0.13843550436250718
asthma_v2_Bronchial_P8BronchialSc_36.wav,0,2,1,1,0.009580743238533062,0.9056236131896931,0.0562337145710642,0.013108761722226308,0.015453167278483742
asthma_v2_Bronchial_P8BronchialSc_38.wav,0,2,1,1,0.0014818977805673963,0.9882416368011402,0.0030817705564868893,0.005039960761555208,0.002154734100250538
asthma_v2_Bronchial_P8BronchialSc_40.wav,0,2,1,1,0.004206606949211753,0.9287870859376278,0.02575908230585755,0.03285407290560361,0.008393151901699559
asthma_v2_Bronchial_P8BronchialTc_37.wav,0,2,1,1,0.004596141139202222,0.9418997427407717,0.03228224157345548,0.003011451646915986,0.018210422899654712
asthma_v2_Bronchial_P8BronchialTc_39.wav,0,2,1,1,0.006620238004138807,0.912506346380249,0.025763631037064402,0.04438341107053763,0.01072637350801013
asthma_v2_asthma_P14WheezingIE_69.wav,0,2,0,0,0.744201086329104,0.012605122088920586,0.12409766633676035,0.07438970281610609,0.0447064224291092
asthma_v2_asthma_P14WheezingIU_66.wav,0,2,0,0,0.9461291649202112,0.0018768164304304748,0.0021713062192209166,0.0008837349267099634,0.04893897750342746
asthma_v2_asthma_P14WheezingIU_70.wav,0,2,0,4,0.33506120821971314,0.009080617575943549,0.006832391285996754,0.02924546398529311,0.6197803189330536
asthma_v2_asthma_P14WheezingRL_67.wav,0,2,0,0,0.5944483079322366,0.004956067276264857,0.016770946915292094,0.2643448082862589,0.11947986958994725
asthma_v2_asthma_P14WheezingRS_68.wav,0,2,0,0,0.6126478384845621,0.003283931368333647,0.005704097467477478,0.036257850498347476,0.34210628218127953
asthma_v2_asthma_P19WheezingIE_93.wav,0,2,0,0,0.6839834402082842,0.024173742447926052,0.0026720770235188086,0.020969925909251633,0.2682008144110197
asthma_v2_asthma_P19WheezingIU_94.wav,0,2,0,0,0.8613187473622083,0.01876925350313483,0.0437014844969118,0.0012420743854351787,0.0749684402523097
asthma_v2_asthma_P19WheezingRL_91.wav,0,2,0,0,0.790446229643305,0.018070976526397903,0.015511611078083059,0.0017184498860131664,0.17425273286620077
asthma_v2_asthma_P19WheezingRL_95.wav,0,2,0,0,0.826433352493025,0.012888028870803753,0.006174413312439197,0.010810615235705607,0.14369359008802673
asthma_v2_asthma_P19WheezingRS_92.wav,0,2,0,0,0.6500014318988172,0.013049883996885885,0.018799238853582232,0.09677688513104572,0.22137256011966885
asthma_v2_asthma_P24WheezingIE_117.wav,0,2,0,0,0.9230422894539961,0.007577064476619811,0.014200755562132884,0.0009202667815915317,0.054259623725660004
asthma_v2_asthma_P24WheezingIU_118.wav,0,2,0,0,0.6111851938615905,0.02312807541260308,0.02023802825796605,0.023853095286175293,0.3215956071816649
asthma_v2_asthma_P24WheezingRL_119.wav,0,2,0,0,0.6804694040938711,0.005187911241580475,0.008777959536517908,0.002678779636614278,0.3028859454914163
asthma_v2_asthma_P24WheezingRS_116.wav,0,2,0,0,0.8376881264817495,0.008799682856780225,0.004208407001889453,0.000986435161487931,0.1483173484980928
asthma_v2_asthma_P24WheezingRS_120.wav,0,2,0,0,0.8693168565826945,0.013941642765882768,0.0474621306693321,0.0052272119215062696,0.0640521580605844
asthma_v2_asthma_P30WheezingIE_149.wav,0,2,0,0,0.8018917582861765,0.013940275963206149,0.0034182070062307858,0.0015782077397115293,0.179171551004675
asthma_v2_asthma_P30WheezingIU_146.wav,0,2,0,4,0.45687862572423116,0.0022056682477311763,0.00220542848062079,0.008866686149802664,0.5298435913976144
asthma_v2_asthma_P30WheezingIU_150.wav,0,2,0,0,0.7293133933056479,0.02713221974125097,0.0010462482378387234,0.0050529149522540685,0.23745522376300862
asthma_v2_asthma_P30WheezingRL_147.wav,0,2,0,0,0.8324735510589337,0.007176434143500376,0.02990179108439607,0.0026156988094095113,0.12783252490376054
asthma_v2_asthma_P30WheezingRS_148.wav,0,2,0,0,0.5926405849239035,0.08083376401845688,0.006806605664400478,0.012276303930617233,0.30744274146262235
asthma_v2_asthma_P32WheezingIE_157.wav,0,2,0,0,0.6954052169665818,0.026413960269772687,0.010057047054156033,0.005474114289741283,0.26264966141974844
asthma_v2_asthma_P32WheezingIU_158.wav,0,2,0,0,0.6576775089397325,0.02479526425815968,0.04516243108492264,0.007677788947244376,0.2646870067699407
asthma_v2_asthma_P32WheezingRL_159.wav,0,2,0,1,0.038653818297487576,0.5499507113788399,0.04853334717037361,0.004329095848181873,0.35853302730511755
asthma_v2_asthma_P32WheezingRS_156.wav,0,2,0,0,0.8474604334460735,0.01376728509231381,0.060910724770484446,0.0262667563532705,0.0515948003378576
asthma_v2_asthma_P32WheezingRS_160.wav,0,2,0,4,0.2738508946482523,0.038215633834401797,0.006263170896931347,0.004770569200859658,0.6768997314195551
asthma_v2_asthma_P36WheezingIE_177.wav,0,2,0,0,0.8143039327665326,0.017875918558965413,0.06214311515766069,0.00537684177293075,0.10030019174391056
asthma_v2_asthma_P36WheezingIU_178.wav,0,2,0,0,0.9274519763339967,0.0017038497173282243,0.005925332031451363,0.00030279823184019777,0.06461604368538355
asthma_v2_asthma_P36WheezingRL_179.wav,0,2,0,0,0.8829526631117741,0.01923168970036164,0.026981251354579364,0.00379504896846933,0.06703934686481562
asthma_v2_asthma_P36WheezingRS_176.wav,0,2,0,0,0.8500866048165246,0.07604373470759537,0.04037163567977379,0.003495693608902549,0.03000233118720365
asthma_v2_asthma_P36WheezingRS_180.wav,0,2,0,0,0.7590751259406644,0.08987895751733556,0.10483712045994747,0.008569787970189558,0.03763900811186309
asthma_v2_asthma_P45WheezingIE_221.wav,0,2,0,0,0.9201541404023683,0.018367765884574627,0.026766691942403754,0.005890205174846103,0.02882119659580725
asthma_v2_asthma_P45WheezingIE_225.wav,0,2,0,0,0.917242731085649,0.010544219054023304,0.0028787932532767955,0.001979623031685039,0.06735463357536567
asthma_v2_asthma_P45WheezingIU_222.wav,0,2,0,0,0.8874575732260906,0.02333736704391733,0.04627727636693566,0.0015846501007810098,0.041343133262275816
asthma_v2_asthma_P45WheezingRL_223.wav,0,2,0,0,0.6554487603358049,0.047181301518525835,0.2574803421915922,0.005497674731663267,0.03439192122241335
asthma_v2_asthma_P45WheezingRS_224.wav,0,2,0,0,0.8074083411523203,0.05408363399649327,0.030032965634362228,0.0038940179051035048,0.10458104131172066
asthma_v2_asthma_P46WheezingIE_229.wav,0,2,0,0,0.7219160574845016,0.06842913011506212,0.17463455416612064,0.003939390964755327,0.031080867269560383
asthma_v2_asthma_P46WheezingIU_226.wav,0,2,0,0,0.7168857568436049,0.02832998580566493,0.23539339277711088,0.00388763636201838,0.015503228211600986
asthma_v2_asthma_P46WheezingIU_230.wav,0,2,0,0,0.6948279427081703,0.0099631969186515,0.1598475450800315,0.0065828377072899725,0.12877847758585642
asthma_v2_asthma_P46WheezingRL_227.wav,0,2,0,0,0.6546589922344614,0.05147842354611778,0.2158359792476371,0.01667162574110702,0.06135497923067675
asthma_v2_asthma_P46WheezingRS_228.wav,0,2,0,0,0.8595275928668052,0.005570724105415301,0.09297410203571127,0.0012003007054716267,0.04072728028659649
asthma_v2_asthma_P48WheezingIE_237.wav,0,2,0,0,0.7640673006675736,0.039858913536144944,0.01306576810679323,0.003860391972070743,0.17914762571741716
asthma_v2_asthma_P48WheezingIU_238.wav,0,2,0,0,0.884981348921402,0.012848860717637006,0.02848496029806155,0.0033652315800046444,0.07031959848289505
asthma_v2_asthma_P48WheezingRL_239.wav,0,2,0,0,0.8636869534180894,0.014094705649627948,0.0187895877028917,0.002981045089136122,0.10044770814025497
asthma_v2_asthma_P48WheezingRS_236.wav,0,2,0,0,0.8202002279614137,0.005817658822832522,0.11186010739974311,0.004258628623245763,0.057863377192764916
asthma_v2_asthma_P48WheezingRS_240.wav,0,2,0,0,0.8882815770076125,0.0054395571791698155,0.027991742590673926,0.0022101213512696013,0.0760770018712744
asthma_v2_asthma_P57WheezingIE_281.wav,0,2,0,3,0.14470556356708905,0.030896502670533853,0.027151577678591773,0.5286478313607906,0.26859852472299467
asthma_v2_asthma_P57WheezingIE_285.wav,0,2,0,4,0.22707091967188164,0.15169105256906296,0.03283092100957959,0.029719941121057084,0.5586871656284188
asthma_v2_asthma_P57WheezingIU_282.wav,0,2,0,4,0.049705045172260605,0.0011636977751256616,0.0007293513146309245,0.045610950014294445,0.9027909557236884
asthma_v2_asthma_P57WheezingRL_283.wav,0,2,0,4,0.3298052474036657,0.027845711043099096,0.025996804970585784,0.036626786507157214,0.5797254500754923
asthma_v2_asthma_P57WheezingRS_284.wav,0,2,0,1,0.12974685025241992,0.43145355299311655,0.017412967985047604,0.09133385088322692,0.3300527778861893
asthma_v2_copd_P13COPDMc_100.wav,0,2,2,2,0.004078150363669215,0.12226263592437453,0.7033083069840984,0.1309381821496842,0.03941272457817421
asthma_v2_copd_P13COPDMc_102.wav,0,2,2,2,0.0036530202372942575,0.016343124554290194,0.9735269004713998,0.001064546858813491,0.005412407878201999
asthma_v2_copd_P13COPDMc_104.wav,0,2,2,2,0.0010334351649115886,0.0009913557385408606,0.9952435134519365,0.0009590833534662313,0.001772612291145104
asthma_v2_copd_P13COPDMc_98.wav,0,2,2,2,0.00997982408119304,0.03210720150530834,0.9413038011403376,0.0070030476015368924,0.00960612567162421
asthma_v2_copd_P13COPDPr_101.wav,0,2,2,2,0.002158179917176697,0.0018452551920568202,0.9948425733240215,0.00013311897341360782,0.0010208725933308594
asthma_v2_copd_P13COPDPr_103.wav,0,2,2,2,0.08483094252733443,0.05107749540240542,0.71040638375589,0.0045789040921594805,0.14910627422221057
asthma_v2_copd_P13COPDPr_97.wav,0,2,2,2,0.0001084568398439757,0.00277577198116478,0.9935738707586514,0.0026425188743854668,0.000899381545954484
asthma_v2_copd_P13COPDPr_99.wav,0,2,2,2,0.005535441532498271,0.19304507463949258,0.6646489837101589,0.10788452881746727,0.0288859713003832
asthma_v2_copd_P15COPDMc_114.wav,0,2,2,2,0.2960224945611874,0.0025115281385553524,0.6818030637607435,0.003965172422868129,0.01569774111664569
asthma_v2_copd_P15COPDMc_116.wav,0,2,2,2,0.12967283171253632,0.07202641383821919,0.7907743557443524,0.002174282696741887,0.005352116008150113
asthma_v2_copd_P15COPDMc_118.wav,0,2,2,2,0.01016327419415476,0.002162324962195061,0.9807038281069586,0.004194507052043721,0.0027760656846480746
asthma_v2_copd_P15COPDMc_120.wav,0,2,2,2,0.017396511691496194,0.0021520945962522466,0.9788738194706966,0.0005546228549591205,0.0010229513865957645
asthma_v2_copd_P15COPDPr_113.wav,0,2,2,0,0.621502620480134,0.14655533026689843,0.17593033646122547,0.01664187304595425,0.03936983974578791
asthma_v2_copd_P15COPDPr_115.wav,0,2,2,2,0.02169600673847956,0.0012908232486020894,0.9760385911885368,0.0002087014183608234,0.0007658774060209192
asthma_v2_copd_P15COPDPr_117.wav,0,2,2,2,0.05269844532025334,0.0016878217213287703,0.941542987612095,0.0005319906812281399,0.003538754665094598
asthma_v2_copd_P15COPDPr_119.wav,0,2,2,2,0.015005853653758106,0.0029862122807885498,0.9761468043595161,0.0022983357666202416,0.0035627939393171474
asthma_v2_copd_P18COPDMc_138.wav,0,2,2,2,0.004641558515324641,0.00039774302368720155,0.9926491599254228,0.0006213342055739096,0.0016902043299913826
asthma_v2_copd_P18COPDMc_140.wav,0,2,2,2,0.04123959610259692,0.0005632369345993444,0.854099662651952,0.00706570328438027,0.09703180102647112
asthma_v2_copd_P18COPDMc_142.wav,0,2,2,2,0.016240521344377867,0.0027693168775983035,0.9726847868631887,0.0009634888607883503,0.007341886054046711
asthma_v2_copd_P18COPDMc_144.wav,0,2,2,2,0.004860961307282422,0.003246655037216336,0.9742501903263525,0.006742328139226203,0.010899865189922425
asthma_v2_copd_P18COPDPr_137.wav,0,2,2,2,0.004444677709811094,0.00014705875013387533,0.9926780821805015,0.0006360244576124147,0.0020941569019408057
asthma_v2_copd_P18COPDPr_139.wav,0,2,2,2,0.002417408381855043,0.00014023138842846766,0.9963054697543225,0.0003077684777178204,0.0008291219976760237
asthma_v2_copd_P18COPDPr_141.wav,0,2,2,2,0.002564352771949573,0.00024478938780835724,0.9941206412958867,0.00042900751039584117,0.002641209033959595
asthma_v2_copd_P18COPDPr_143.wav,0,2,2,2,0.001994277802494201,0.00015825559611711874,0.9936027485991831,0.0011619759582800959,0.0030827420439253003
asthma_v2_copd_P28COPDMc_218.wav,0,2,2,2,0.0031928668138172054,0.006252585252627735,0.9884400530548297,0.0011600446927348144,0.000954450185990671
asthma_v2_copd_P28COPDMc_220.wav,0,2,2,2,0.004237978621872345,0.0021349201921693744,0.9910158708773246,0.001375892096737879,0.0012353382118959163
asthma_v2_copd_P28COPDMc_222.wav,0,2,2,2,0.012011311316284346,0.0010854555146037569,0.9534758101529904,0.0030211795189277425,0.030406243497193935
asthma_v2_copd_P28COPDMc_224.wav,0,2,2,2,0.0013064556670365757,0.002155992563226061,0.995578935680202,0.0002652872395798024,0.0006933288499556326
asthma_v2_copd_P28COPDPr_217.wav,0,2,2,2,9.739922596470151e-07,8.567793684388597e-07,0.9992172598885232,0.0005290932702867153,0.00025181606956186915
asthma_v2_copd_P28COPDPr_219.wav,0,2,2,2,0.0016970174011258768,0.0015413753980693667,0.9953376602210294,0.0006108532585276207,0.0008130937212475064
asthma_v2_copd_P28COPDPr_221.wav,0,2,2,2,0.001863190091333254,0.006926810361124401,0.9893779170920353,0.0005391432126701987,0.001292939242837036
asthma_v2_copd_P28COPDPr_223.wav,0,2,2,2,0.0016900872504503773,0.0009906433082124044,0.9935213834840032,0.0010857292688471968,0.0027121566884864075
asthma_v2_copd_P29COPDMc_226.wav,0,2,2,2,0.0017309542658105572,0.002631452197064304,0.9931201339152348,0.0006510373905145177,0.001866422231375656
asthma_v2_copd_P29COPDMc_228.wav,0,2,2,2,8.592995680128025e-07,9.204886372922151e-07,0.9997677882560772,0.0001334860471269324,9.694590859063711e-05
asthma_v2_copd_P29COPDMc_230.wav,0,2,2,2,0.0010382745601875936,0.001620425713237351,0.9963524990626289,0.00026669382053305055,0.0007221068434133556
asthma_v2_copd_P29COPDMc_232.wav,0,2,2,2,4.84375833190923e-07,5.020262140591017e-07,0.9996781214820948,8.246414977684277e-05,0.00023842796608119997
asthma_v2_copd_P29COPDPr_225.wav,0,2,2,2,0.0004298489205871692,0.0016170556701516033,0.9969506104256597,0.00020010486890248224,0.000802380114699058
asthma_v2_copd_P29COPDPr_227.wav,0,2,2,2,0.00036790582954681955,0.0012033487186825524,0.9979536031053476,0.0002019030504945923,0.00027323929592804974
asthma_v2_copd_P29COPDPr_229.wav,0,2,2,2,2.690181845943207e-07,2.899741382394718e-07,0.9998393968438162,0.00010563545007441933,5.440871378648868e-05
asthma_v2_copd_P29COPDPr_231.wav,0,2,2,2,6.12608170813088e-07,6.186545156778278e-07,0.9997850563028339,8.560937862327044e-05,0.0001281030558563123
asthma_v2_copd_P30COPDMc_234.wav,0,2,2,2,0.009978701326112503,0.0007077276153373837,0.9465895199038614,0.01652690733460401,0.026197143820084867
asthma_v2_copd_P30COPDMc_236.wav,0,2,2,2,0.001185445701494698,0.0010822364171405902,0.9966521033931677,0.0006177306901996606,0.000462483797997337
asthma_v2_copd_P30COPDMc_238.wav,0,2,2,2,9.755301491323866e-07,9.264497151219554e-07,0.9997733128401621,0.00010854943649854626,0.00011623574347510172
asthma_v2_copd_P30COPDMc_240.wav,0,2,2,2,0.0005941879937656762,0.0005841201306370932,0.9982127083616573,0.0003760830294336168,0.00023290048450654003
asthma_v2_copd_P30COPDPr_233.wav,0,2,2,2,0.003995513905147587,0.0014512034038895942,0.9914176883209865,0.0008427066295440279,0.002292887740432375
asthma_v2_copd_P30COPDPr_235.wav,0,2,2,2,0.02761978432054027,0.0020888907439773558,0.7643054424494873,0.031457486457988224,0.17452839602800682
asthma_v2_copd_P30COPDPr_237.wav,0,2,2,2,0.00041405057640962636,0.00024001164054792686,0.9990588725783184,0.00017022236376842468,0.00011684284095545752
asthma_v2_copd_P30COPDPr_239.wav,0,2,2,2,0.0020764214895271204,0.005436816230253961,0.9912667205258425,0.0005830523582346771,0.0006369893961420412
asthma_v2_copd_P47COPDMc_370.wav,0,2,2,1,0.009301556315769706,0.5177002132047727,0.401469891161459,0.012607096926932833,0.05892124239106584
asthma_v2_copd_P47COPDMc_372.wav,0,2,2,2,0.00524916745982906,0.004386914911065861,0.973208830179257,0.0028936956937497087,0.01426139175609872
asthma_v2_copd_P47COPDMc_374.wav,0,2,2,2,0.001603756771441037,0.03961039566704751,0.9196313898397249,0.03531903681409044,0.003835420907696296
asthma_v2_copd_P47COPDMc_376.wav,0,2,2,3,0.0030438207446906672,0.00934437517689315,0.43567513081656656,0.5394217879307296,0.012514885331119958
asthma_v2_copd_P47COPDPr_369.wav,0,2,2,4,0.10548031661011711,0.08126413340914788,0.1767519718691096,0.0051047722364836266,0.631398805875142
asthma_v2_copd_P47COPDPr_371.wav,0,2,2,4,0.016705808922686836,0.008837365050221523,0.4550133498276843,0.006195763754101154,0.5132477124453065
asthma_v2_copd_P47COPDPr_373.wav,0,2,2,2,0.08588868338278864,0.033299543704431785,0.8398213764778102,0.01992768082625062,0.021062715608718925
asthma_v2_copd_P47COPDPr_375.wav,0,2,2,2,0.0004912494419942313,0.011403869381423964,0.9597448710267389,0.026455447837496697,0.001904562312346241
asthma_v2_copd_P49COPDMc_386.wav,0,2,2,2,0.00038472696146081033,0.013781522642470324,0.9388658975445893,0.0406491121517242,0.006318740699755526
asthma_v2_copd_P49COPDMc_388.wav,0,2,2,2,0.0011022492084482964,0.007760739577542252,0.8452454062740153,0.09293593669588754,0.052955668244106795
asthma_v2_copd_P49COPDMc_390.wav,0,2,2,2,0.001058813759489746,0.01130466183264454,0.9749905171255413,0.008999478064764574,0.0036465292175599075
asthma_v2_copd_P49COPDMc_392.wav,0,2,2,2,0.000943882252980391,0.0025973104767893856,0.9683990144710807,0.02398679756642613,0.004072995232723218
asthma_v2_copd_P49COPDPr_385.wav,0,2,2,2,0.001040064059706226,0.08057004370018507,0.8987653135344995,0.01295002082713937,0.006674557878469616
asthma_v2_copd_P49COPDPr_387.wav,0,2,2,2,0.00033618330353206156,0.018866436988260762,0.9513628514189391,0.027170218861874713,0.0022643094273931412
asthma_v2_copd_P49COPDPr_389.wav,0,2,2,2,0.00044413775645521844,0.0016205893157357125,0.9870258564049407,0.005880692909843909,0.005028723613023961
asthma_v2_copd_P49COPDPr_391.wav,0,2,2,2,0.002029336338034797,0.03655680873202985,0.896618631107893,0.05696190697062098,0.007833316851421636
asthma_v2_copd_P4COPDMc_26.wav,0,2,2,2,0.0007239210326743386,0.0006563346539236284,0.9889847438809062,0.00736970926881416,0.0022652911636819976
asthma_v2_copd_P4COPDMc_28.wav,0,2,2,2,0.0008359342076862599,0.00036354150588721037,0.9977359245433502,0.0004636954764625408,0.0006009042666135652
asthma_v2_copd_P4COPDMc_30.wav,0,2,2,2,0.2389839732389203,0.026461776096396574,0.623123279412017,0.04275354817795721,0.06867742307470923
asthma_v2_copd_P4COPDMc_32.wav,0,2,2,4,0.21937317667150205,0.01099200232319588,0.422336543441348,0.020351492876925573,0.3269467846870287
asthma_v2_copd_P4COPDPr_25.wav,0,2,2,2,0.0003897690526220518,0.0016582008308312138,0.9612685278925215,0.034092665611003006,0.0025908366130221357
asthma_v2_copd_P4COPDPr_27.wav,0,2,2,2,0.0005851899678052545,8.955188235105275e-05,0.9961084070379461,0.0011156342196901353,0.0021012168922075135
asthma_v2_copd_P4COPDPr_29.wav,0,2,2,2,0.0008064707772851006,0.0002216455074471243,0.9974730115853965,0.00022052850843318049,0.0012783436214380902
asthma_v2_copd_P4COPDPr_31.wav,0,2,2,2,0.005098272037813831,0.000894828307606759,0.9862885703731945,0.0021128452539722455,0.005605484027412747
asthma_v2_copd_P51COPDPr_401.wav,0,2,2,2,0.0008603751803612541,0.0017339220451505007,0.9963358904972042,0.00045229804536691374,0.0006175142319169142
asthma_v2_copd_P8COPDMc_58.wav,0,2,2,2,0.003184947390051776,0.0001842778660818146,0.9951673245818932,0.00041117709168110746,0.0010522730702920598
asthma_v2_copd_P8COPDMc_60.wav,0,2,2,2,0.0011051606725489894,0.00048601857546182024,0.9954180973374174,0.0009067970650858203,0.002083926349486037
asthma_v2_copd_P8COPDMc_62.wav,0,2,2,2,0.0006044399625630283,8.876628053105487e-05,0.9977091439222003,0.0001142119957286384,0.0014834378389771711
asthma_v2_copd_P8COPDMc_64.wav,0,2,2,2,0.0008116938080492206,5.870436960085855e-05,0.9981864021503153,8.29711937292855e-05,0.0008602284783054903
asthma_v2_copd_P8COPDPr_57.wav,0,2,2,2,0.012072364359224602,0.00045779090132809004,0.9419461047702319,0.005127864351089017,0.04039587561812628
asthma_v2_copd_P8COPDPr_59.wav,0,2,2,2,0.0012815037111611018,0.00013688869653630188,0.9962978333978812,0.0001574665163691748,0.002126307678052474
asthma_v2_copd_P8COPDPr_61.wav,0,2,2,2,0.0023943338209772977,0.00020111539362758355,0.9946632411715488,0.00032398178186427004,0.0024173278319820856
asthma_v2_copd_P8COPDPr_63.wav,0,2,2,2,0.0003913616581188081,4.877726895398284e-05,0.9992611678051405,3.836581118586912e-05,0.00026032745660097256
asthma_v2_healthy_P17Healthy22S.wav,0,2,3,3,0.030538893286073763,0.012499099884037577,0.017428871042752123,0.5823880832299427,0.35714505255719337
asthma_v2_healthy_P17Healthy35S.wav,0,2,3,3,0.06783784024081078,0.017345440977774053,0.013065955778331301,0.4163146714071873,0.48543609159589673
asthma_v2_healthy_P17Healthy58S.wav,0,2,3,4,0.19647367155367917,0.015622932456164538,0.03006993354140713,0.21724021207341798,0.5405932503753316
asthma_v2_healthy_P17Healthy71S.wav,0,2,3,4,0.17043622415269946,0.012125802596594206,0.05490725381141635,0.04270760565130224,0.7198231137879876
asthma_v2_healthy_P17Healthy83S.wav,0,2,3,4,0.20151699808423038,0.04914672320655902,0.02667923260758715,0.029484480147048808,0.6931725659545748
asthma_v2_healthy_P18Healthy17S.wav,0,2,3,3,0.07307283150793284,0.010467021348998814,0.08613521789672075,0.5572892392707008,0.2730356899756465
asthma_v2_healthy_P18Healthy46S.wav,0,2,3,1,0.03873219672754508,0.39552915216888146,0.018309003251379075,0.33520148042310666,0.21222816742908754
asthma_v2_healthy_P18Healthy59S.wav,0,2,3,1,0.07725200789394243,0.5516710295969429,0.01622331528058089,0.13912481786590006,0.21572882936263368
asthma_v2_healthy_P18Healthy79S.wav,0,2,3,3,0.1670352426119184,0.019610659472855833,0.38984792649035555,0.2815370556361541,0.1419691157887162
asthma_v2_healthy_P18Healthy98S.wav,0,2,3,2,0.09662769239916359,0.020215578997546616,0.3481350024716813,0.24130480254749523,0.2937169235841131
asthma_v2_healthy_P22Healthy36S.wav,0,2,3,3,0.04880985163643878,0.0028360757205512354,0.009406391507619573,0.907620159265093,0.03132752187029776
asthma_v2_healthy_P22Healthy45S.wav,0,2,3,3,0.07278254900103437,0.006095944665943127,0.006266019412806208,0.8392712193783336,0.07558426754188266
asthma_v2_healthy_P22Healthy50S.wav,0,2,3,3,0.07273924601040574,0.042919199787846,0.027767469028079972,0.7347002466659226,0.1218738385077457
asthma_v2_healthy_P22Healthy88S.wav,0,2,3,3,0.09745452274320016,0.007319649777497409,0.03312909503036369,0.7162243943335378,0.14587233811540104
asthma_v2_healthy_P22Healthy94S.wav,0,2,3,4,0.19840405092890748,0.018051648765732956,0.0029350348192894895,0.1891359257454638,0.5914733397406062
asthma_v2_healthy_P23Healthy14S.wav,0,2,3,3,0.09745452274320016,0.007319649777497409,0.03312909503036369,0.7162243943335378,0.14587233811540104
asthma_v2_healthy_P23Healthy24S.wav,0,2,3,3,0.04178235259852449,0.0014218246282919852,0.000868705469586045,0.3644876990026927,0.591439418300905
asthma_v2_healthy_P23Healthy72S.wav,0,2,3,4,0.04327371155995124,0.0016257357033807862,0.005028351794219006,0.09631086678473481,0.8537613341577145
asthma_v2_healthy_P23Healthy97S.wav,0,2,3,3,0.04178235259852449,0.0014218246282919852,0.000868705469586045,0.3644876990026927,0.591439418300905
asthma_v2_healthy_P23Healthy98S.wav,0,2,3,4,0.04327371155995124,0.0016257357033807862,0.005028351794219006,0.09631086678473481,0.8537613341577145
asthma_v2_healthy_P8Healthy33S.wav,0,2,3,3,0.12673055339797348,0.10796133130996045,0.36440118294366947,0.26609115172255837,0.13481578062583824
asthma_v2_healthy_P8Healthy35S.wav,0,2,3,3,0.18757929961424677,0.09158635996971279,0.14400209783380616,0.4481350246295181,0.1286972179527161
asthma_v2_healthy_P8Healthy48S.wav,0,2,3,3,0.05571619517956083,0.02008236852418635,0.05264328005020035,0.7887538157249381,0.0828043405211142
asthma_v2_healthy_P8Healthy70S.wav,0,2,3,2,0.05339633540787802,0.10701939638169354,0.5771331352669952,0.03719943682079828,0.22525169612263518
asthma_v2_healthy_P8Healthy82S.wav,0,2,3,3,0.07016681201095087,0.048465229535584825,0.0756975841080036,0.743232244091818,0.06243813025364288
asthma_v2_pneumonia_P11Pneumonia12W.wav,0,2,4,4,0.2448665298851889,0.008490793218311742,0.012055687219667313,0.11151867165457746,0.6230683180222546
asthma_v2_pneumonia_P11Pneumonia18T.wav,0,2,4,2,0.11429547944332151,0.0011098802225988837,0.8528479375434382,0.0046135778350422305,0.02713312495559888
asthma_v2_pneumonia_P11Pneumonia41N.wav,0,2,4,4,0.22111045315857653,0.0021264010022911794,0.007976341894970145,0.11056733928224335,0.6582194646619183
asthma_v2_pneumonia_P11Pneumonia58A.wav,0,2,4,4,0.09875732184783018,0.0010129498020850585,0.008411575777356966,0.06725566491853735,0.8245624876541907
asthma_v2_pneumonia_P11Pneumonia65P.wav,0,2,4,4,0.07329250524507416,0.0072135255847641236,0.021632108550835187,0.07403635669766434,0.8238255039216624
asthma_v2_pneumonia_P11Pneumonia98J.wav,0,2,4,4,0.09268458928050813,0.002200988201081378,0.012879479497985373,0.10600600926662583,0.7862289337537993
asthma_v2_pneumonia_P15Pneumonia12I.wav,0,2,4,4,0.0407865622252909,0.014727615247662031,0.3858938318658981,0.009585766271639633,0.5490062243895092
asthma_v2_pneumonia_P15Pneumonia16R.wav,0,2,4,2,0.2302468859345978,0.002651055273751014,0.6852048278053795,0.008758796477172722,0.0731384345090989
asthma_v2_pneumonia_P15Pneumonia39Y.wav,0,2,4,4,0.16693748317677717,0.0006731213914241165,0.00928512147277135,0.24021471015759588,0.5828895638014312
asthma_v2_pneumonia_P15Pneumonia56Z.wav,0,2,4,4,0.04836633401801882,0.009951379215055914,0.024721499716502348,0.019824217134372196,0.8971365699160511
asthma_v2_pneumonia_P15Pneumonia58S.wav,0,2,4,1,0.14408093990529364,0.1666092813706707,0.008978361087553342,0.24921785705270882,0.43111356058377365
asthma_v2_pneumonia_P15Pneumonia81V.wav,0,2,4,4,0.19698546193654823,0.12222539929282991,0.011060089934324559,0.08016861976218208,0.5895604290741153
asthma_v2_pneumonia_P19Pneumonia24H.wav,0,2,4,4,0.12683902013375048,0.028897324401399596,0.0011993830438871032,0.01833547611556289,0.8247287963053995
asthma_v2_pneumonia_P19Pneumonia33O.wav,0,2,4,4,0.018383132388081758,0.0024137619424226377,0.0002834497646024671,0.0005466736032730559,0.9783729823016201
asthma_v2_pneumonia_P19Pneumonia39Z.wav,0,2,4,4,0.022500417404625207,0.010521840890720642,0.006468367907319524,0.03597285897442458,0.9245365148229099
asthma_v2_pneumonia_P19Pneumonia41U.wav,0,2,4,4,0.091454568948434,0.015952044133060443,0.0009030871907045949,0.0035338007170662216,0.8881564990107349
asthma_v2_pneumonia_P19Pneumonia75B.wav,0,2,4,4,0.12104585982463105,0.052586747310673934,0.0025885159146299226,0.12564082390174386,0.6981380530483213
asthma_v2_pneumonia_P19Pneumonia90X.wav,0,2,4,4,0.031048166591591066,0.02116912280640737,0.0012348884436432547,0.10391997511853307,0.8426278470398252
asthma_v2_pneumonia_P26Pneumonia12X.wav,0,2,4,4,0.12616728510375197,0.023241729467180724,0.013710587310087025,0.2689852106208797,0.5678951874981009
asthma_v2_pneumonia_P26Pneumonia66S.wav,0,2,4,3,0.0832901553810177,0.012263965139999139,0.029680638624061968,0.4231573364900548,0.4516079043648663
asthma_v2_pneumonia_P26Pneumonia72P.wav,0,2,4,3,0.007072606482897644,0.0025772070475233127,0.005066906379527939,0.9074862765946169,0.07779700349543406
asthma_v2_pneumonia_P26Pneumonia83Z.wav,0,2,4,4,0.05754856138028257,0.0007951239104222827,0.0018277912392956318,0.002676397546877086,0.9371521259231225
asthma_v2_pneumonia_P26Pneumonia84P.wav,0,2,4,4,0.02471603342027434,0.006453453578875768,0.0061896367628471,0.02475679988733812,0.9378840763506647
asthma_v2_pneumonia_P26Pneumonia89E.wav,0,2,4,4,0.021822196240297628,0.0037672228264747742,0.0029005092307019713,0.3334435033456676,0.6380665683568582
asthma_v2_pneumonia_P31Pneumonia14Q.wav,0,2,4,4,0.03101039154128937,0.009775754354891227,0.0029442457659078444,0.0011184966893416268,0.95515111164857
asthma_v2_pneumonia_P31Pneumonia16C.wav,0,2,4,4,0.029484127146104235,0.009204563598937069,0.0018569345527605933,0.0013144357652395472,0.9581399389369585
asthma_v2_pneumonia_P31Pneumonia43V.wav,0,2,4,4,0.3660800383457098,0.020046992188931394,0.0813569386954512,0.005577914050182565,0.5269381167197249
asthma_v2_pneumonia_P31Pneumonia47D.wav,0,2,4,4,0.023532720767499578,0.00946607034700078,0.0014658546254052499,0.0034175324848487202,0.9621178217752457
asthma_v2_pneumonia_P31Pneumonia47J.wav,0,2,4,4,0.10100704164906062,0.004862910435477543,0.00020656001984325773,0.003446845912114173,0.8904766419835044
asthma_v2_pneumonia_P31Pneumonia92I.wav,0,2,4,4,0.08602914644137014,0.024259442848418675,0.004096797673891204,0.006016028947383526,0.8795985840889367
asthma_v2_pneumonia_P35Pneumonia16F.wav,0,2,4,4,0.029678292070785976,0.012599515021535272,0.0047655697020138514,0.007945192095506969,0.9450114311101577
asthma_v2_pneumonia_P35Pneumonia46U.wav,0,2,4,4,0.04270503558393178,0.011871663172039838,0.01526956332598953,0.018244139556024747,0.9119095983620145
asthma_v2_pneumonia_P35Pneumonia56D.wav,0,2,4,4,0.05866740181488164,0.03959993883475602,0.005450055650219885,0.12993677360294417,0.7663458300971983
asthma_v2_pneumonia_P35Pneumonia57I.wav,0,2,4,4,0.021641523203148435,0.00543203199490466,0.0005434729973927158,0.0014099195533240527,0.9709730522512301
asthma_v2_pneumonia_P35Pneumonia75E.wav,0,2,4,4,0.05444608001106807,0.01853409186162168,0.008894986054440194,0.003005030556110856,0.915119811516759
asthma_v2_pneumonia_P35Pneumonia99V.wav,0,2,4,4,0.09145392082547274,0.009507004355737122,0.0035419128987228795,0.010187054997115648,0.8853101069229513
asthma_v2_pneumonia_P3Pneumonia41L.wav,0,2,4,0,0.3950971229537963,0.05022450902011934,0.42458650923067776,0.014892937923996995,0.11519892087140965
asthma_v2_pneumonia_P3Pneumonia54K.wav,0,2,4,4,0.14935607496535258,0.004635800667711765,0.015935197407262035,0.0020360739063210545,0.8280368530533523
asthma_v2_pneumonia_P3Pneumonia61R.wav,0,2,4,4,0.012808124337493244,0.0021068977627773326,0.1527289187221333,0.053281560931889925,0.779074498245706
asthma_v2_pneumonia_P3Pneumonia74F.wav,0,2,4,4,0.2637220242735823,0.02099577035522489,0.06042651947577339,0.006670845414840666,0.6481848404805791
asthma_v2_pneumonia_P3Pneumonia75Z.wav,0,2,4,2,0.013970299674153917,0.0022433627991448827,0.6070681664121689,0.040377470068435554,0.33634070104609703
asthma_v2_pneumonia_P3Pneumonia96L.wav,0,2,4,4,0.06025797967789922,0.009409359642921689,0.009573440982552611,0.0022771130342017867,0.9184821066624245
asthma_v2_pneumonia_P46Pneumonia15W.wav,0,2,4,4,0.2852353249954687,0.003943791044287984,0.047907109574412826,0.1573308564118482,0.5055829179739824
asthma_v2_pneumonia_P46Pneumonia22V.wav,0,2,4,3,0.05080756439218302,0.038802022090187106,0.2805038135964974,0.22029235426323096,0.40959424565790126
asthma_v2_pneumonia_P46Pneumonia49D.wav,0,2,4,4,0.04018638618329684,0.0013858701417826704,0.019092742864772083,0.07567286314310501,0.8636621376670434
asthma_v2_pneumonia_P46Pneumonia80D.wav,0,2,4,3,0.011430833690967491,0.007197834683443024,0.10598865683257203,0.6000661164653662,0.2753165583276513
asthma_v2_pneumonia_P46Pneumonia95A.wav,0,2,4,3,0.06740925237715698,0.052054792359610504,0.4699378711296217,0.2596533697503265,0.150944714383285
asthma_v2_pneumonia_P46Pneumonia99Y.wav,0,2,4,2,0.05157983798526393,0.0015040068426009725,0.7557832738281147,0.10498662021557457,0.08614626112844564
asthma_v2_pneumonia_P48Pneumonia31K.wav,0,2,4,3,0.011430833690967491,0.007197834683443024,0.10598865683257203,0.6000661164653662,0.2753165583276513
asthma_v2_pneumonia_P48Pneumonia61T.wav,0,2,4,3,0.05080756439218302,0.038802022090187106,0.2805038135964974,0.22029235426323096,0.40959424565790126
asthma_v2_pneumonia_P48Pneumonia82Z.wav,0,2,4,3,0.06740925237715698,0.052054792359610504,0.4699378711296217,0.2596533697503265,0.150944714383285
asthma_v2_pneumonia_P8Pneumonia11O.wav,0,2,4,0,0.7890862218300284,0.0022745902011363363,0.0065192345069426064,0.031390820510689976,0.17072913295120254
asthma_v2_pneumonia_P8Pneumonia14Z.wav,0,2,4,4,0.4412466610961416,0.0023657556461661885,0.00605441989816133,0.05824761481832003,0.4920855485412108
asthma_v2_pneumonia_P8Pneumonia16Z.wav,0,2,4,4,0.024147053035401798,0.014567966357012054,0.04137442565071267,0.25777034870591387,0.6621402062509596
asthma_v2_pneumonia_P8Pneumonia20O.wav,0,2,4,4,0.026170644754758388,0.0016651585302993627,0.02229670916652491,0.00605215968827276,0.9438153278601441
asthma_v2_pneumonia_P8Pneumonia23N.wav,0,2,4,0,0.6990158574168307,0.0009994785560768994,0.003065492230029561,0.032920962316162324,0.26399820948090047
asthma_v2_pneumonia_P8Pneumonia28V.wav,0,2,4,3,0.004540071278410719,0.0043111276222970955,0.0031138351950888935,0.9563520592703174,0.03168290663388607
asthma_v2_Bronchial_P15BronchialSc_72.wav,0,3,1,1,0.005471443324332136,0.9552877452886872,0.017273413485524254,0.014934859809051466,0.007032538092405133
asthma_v2_Bronchial_P15BronchialSc_74.wav,0,3,1,1,0.028025332150429447,0.7111435663731349,0.20395918999523166,0.021290659292889383,0.03558125218831466
asthma_v2_Bronchial_P15BronchialTc_71.wav,0,3,1,1,0.00454455832298569,0.9758898299302079,0.006502418769789328,0.007571215482535935,0.005491977494480939
asthma_v2_Bronchial_P15BronchialTc_73.wav,0,3,1,1,0.006653637789587555,0.9550732806724888,0.01339538648996322,0.016803213217117356,0.00807448183084322
asthma_v2_Bronchial_P15BronchialTc_75.wav,0,3,1,1,0.07916693103154841,0.4067885149564005,0.4335644215900237,0.01952532483454395,0.06095480758748329
asthma_v2_Bronchial_P21BronchialSc_102.wav,0,3,1,4,0.010900632053555534,0.0017166188459763639,0.01858581040472099,0.019607807899521653,0.9491891307962249
asthma_v2_Bronchial_P21BronchialSc_104.wav,0,3,1,4,0.0431963102039875,0.0050233532434019535,0.11159961620475015,0.1546886871044943,0.685492033243366
asthma_v2_Bronchial_P21BronchialTc_101.wav,0,3,1,1,0.018737612837028957,0.8321242613173576,0.06882797521058995,0.021853371136335197,0.0584567794986882
asthma_v2_Bronchial_P21BronchialTc_103.wav,0,3,1,4,0.05004645263539142,0.002852893779521165,0.01672596123095306,0.1288331931970622,0.8015414991570722
asthma_v2_Bronchial_P5BronchialSc_22.wav,0,3,1,1,0.0038303899473721443,0.8373931883009659,0.06987970332867377,0.07397232946657581,0.01492438895641229
asthma_v2_Bronchial_P5BronchialSc_24.wav,0,3,1,1,0.01219790894046186,0.6454045119153162,0.04221202381511993,0.2513063852973774,0.048879170031724636
asthma_v2_Bronchial_P5BronchialTc_21.wav,0,3,1,1,0.009017833679948755,0.8736828286030129,0.011215591700343345,0.09710806823729262,0.008975677779402428
asthma_v2_Bronchial_P5BronchialTc_23.wav,0,3,1,1,0.0015069299614869555,0.935429186504502,0.014537361488650887,0.040606464610243836,0.007920057435116423
asthma_v2_Bronchial_P5BronchialTc_25.wav,0,3,1,1,0.017472827500029077,0.7280236800597589,0.12302316863049985,0.09197869405488429,0.039501629754827766
asthma_v2_asthma_P12WheezingIE_57.wav,0,3,0,0,0.4957728025880901,0.010422965365349179,0.0509365827104025,0.010351264135482267,0.43251638520067615
asthma_v2_asthma_P12WheezingIU_58.wav,0,3,0,4,0.10416625455034617,0.002375210128345352,0.014161473013427604,0.005902343264179211,0.8733947190437016
asthma_v2_asthma_P12WheezingRL_59.wav,0,3,0,0,0.753461840351375,0.015185296277547623,0.03413352043649221,0.008105380764969475,0.18911396216961554
asthma_v2_asthma_P12WheezingRS_56.wav,0,3,0,0,0.6885558932833914,0.023668924191292746,0.11260921608164769,0.02428830717626705,0.15087765926740154
asthma_v2_asthma_P12WheezingRS_60.wav,0,3,0,0,0.9070240873943847,0.04525427318612932,0.0035739293739502475,0.003922331567890204,0.0402253784776456
asthma_v2_asthma_P18WheezingIE_89.wav,0,3,0,0,0.6711744532881211,0.13049379873721223,0.008487912935167992,0.04872581376929525,0.14111802127020368
asthma_v2_asthma_P18WheezingIU_86.wav,0,3,0,4,0.253066047881951,0.0011232131302105163,0.04350912473143349,0.0032256779119631948,0.6990759363444417
asthma_v2_asthma_P18WheezingIU_90.wav,0,3,0,0,0.7891978675796552,0.02556223193980721,0.033967729176519725,0.07144744196975446,0.07982472933426318
asthma_v2_asthma_P18WheezingRL_87.wav,0,3,0,3,0.2816482723398663,0.0660797709155755,0.08364778814890629,0.22802921247840105,0.34059495611725066
asthma_v2_asthma_P18WheezingRS_88.wav,0,3,0,0,0.4314763819821343,0.20445464970648722,0.030351110016967598,0.07412052005570673,0.2595973382387044
asthma_v2_asthma_P1AsthmaIE_1.wav,0,3,0,0,0.7003969938358539,0.01698519622637577,0.09784177903272695,0.028118699252913895,0.15665733165213
asthma_v2_asthma_P1AsthmaIE_5.wav,0,3,0,0,0.8924890060290825,0.09180117423930703,0.008453114850571894,0.001353260400714096,0.005903444480324125
asthma_v2_asthma_P1AsthmaIU_2.wav,0,3,0,0,0.8496494575726481,0.052141986383122424,0.030772871054017877,0.009348473980157314,0.05808721101005421
asthma_v2_asthma_P1AsthmaRL_3.wav,0,3,0,4,0.06220346375622602,0.004838682922328636,0.06985395981574642,0.02223645941341864,0.8408674340922802
asthma_v2_asthma_P1AsthmaRS_4.wav,0,3,0,0,0.8058597323098778,0.09940464849193742,0.04763753883795184,0.010458448591561705,0.03663963176867123
asthma_v2_asthma_P25WheezingIE_121.wav,0,3,0,0,0.6936187628470319,0.041136502241613374,0.21531244562137158,0.008771533425814321,0.041160755864168966
asthma_v2_asthma_P25WheezingIE_125.wav,0,3,0,0,0.5007623395501213,0.09660739589682454,0.003132577015887057,0.026665978230230154,0.37283170930693676
asthma_v2_asthma_P25WheezingIU_122.wav,0,3,0,4,0.3246886686324319,0.05565074871048445,0.11828900675336056,0.01390543395494493,0.48746614194877835
asthma_v2_asthma_P25WheezingRL_123.wav,0,3,0,0,0.9254070991435073,0.012218771077418308,0.001997453227567896,0.005821188177263197,0.05455548837424335
asthma_v2_asthma_P25WheezingRS_124.wav,0,3,0,0,0.9110728378029676,0.052526324331776744,0.015195436471916474,0.003863611157885978,0.01734179023545346
asthma_v2_asthma_P33WheezingIE_161.wav,0,3,0,0,0.6872977307315687,0.02228788159820755,0.05682204972575403,0.06932768281221492,0.164264655132255
asthma_v2_asthma_P33WheezingIE_165.wav,0,3,0,0,0.7780959789108284,0.062333527756782754,0.019750054875706705,0.00456824292546013,0.13525219553122195
asthma_v2_asthma_P33WheezingIU_162.wav,0,3,0,0,0.9387766410966903,0.007330201148010028,0.018659350047654285,0.0025556358355922374,0.03267817187205257
asthma_v2_asthma_P33WheezingRL_163.wav,0,3,0,0,0.8302259029203165,0.009916503960999596,0.032587206871786685,0.003944317084497892,0.12332606916239955
asthma_v2_asthma_P33WheezingRS_164.wav,0,3,0,0,0.8997610033493616,0.02387811052938753,0.03104488758854541,0.0034350951354443497,0.04188090339726098
asthma_v2_asthma_P3AsthmaIE_13.wav,0,3,0,0,0.6332521301747118,0.011095746849258532,0.026532261124465342,0.011152260864511387,0.31796760098705285
asthma_v2_asthma_P3AsthmaIU_14.wav,0,3,0,0,0.9143180859588856,0.04248662621698027,0.005322773556338168,0.004315707999973938,0.03355680626782221
asthma_v2_asthma_P3AsthmaRL_11.wav,0,3,0,4,0.28154056925562965,0.005882845775446537,0.1716664541534818,0.04681723319535141,0.49409289762009073
asthma_v2_asthma_P3AsthmaRL_15.wav,0,3,0,0,0.8551934372392285,0.03806805107960689,0.012649517005820595,0.0040757581595047,0.09001323651583967
asthma_v2_asthma_P3AsthmaRS_12.wav,0,3,0,4,0.3079586604257201,0.013345887195152022,0.04890736841617363,0.012092215235402505,0.6176958687275518
asthma_v2_asthma_P40WheezingIE_197.wav,0,3,0,0,0.7819130850915366,0.06545546509050885,0.07664257790397754,0.003690687699692699,0.07229818421428412
asthma_v2_asthma_P40WheezingIU_198.wav,0,3,0,0,0.6652139625925725,0.16914222017522101,0.14109721218071725,0.003422846794450077,0.021123758257039008
asthma_v2_asthma_P40WheezingRL_199.wav,0,3,0,0,0.8287488789807751,0.10470456041708899,0.028248333895229488,0.0016587587436710845,0.036639467963235514
asthma_v2_asthma_P40WheezingRS_196.wav,0,3,0,0,0.8775131053266157,0.07326579910759551,0.014065719453761234,0.0020083277689662586,0.033147048343060946
asthma_v2_asthma_P40WheezingRS_200.wav,0,3,0,0,0.8661358918019215,0.03510989626561189,0.08214390956946849,0.0012476248654490114,0.0153626774975492
asthma_v2_asthma_P42WheezingIE_209.wav,0,3,0,0,0.939441967191099,0.006066946671438078,0.03159673893327246,0.0018999441689553523,0.020994403035235084
asthma_v2_asthma_P42WheezingIU_206.wav,0,3,0,0,0.6821340356479606,0.00568601233215918,0.29211199226956197,0.0014889751189837786,0.01857898463133425
asthma_v2_asthma_P42WheezingIU_210.wav,0,3,0,0,0.4874560072407636,0.007468170307037827,0.48970798354021366,0.0019375961910708846,0.013430242720914417
asthma_v2_asthma_P42WheezingRL_207.wav,0,3,0,0,0.43850590032573505,0.022102113485103856,0.5182036532135953,0.004900143027389673,0.01628818994817637
asthma_v2_asthma_P42WheezingRS_208.wav,0,3,0,4,0.371458999107444,0.03443758865536841,0.17313192530387064,0.007419430648985475,0.4135520562843314
asthma_v2_asthma_P50WheezingIE_249.wav,0,3,0,0,0.873472193592181,0.0069666738995247755,0.01345572895698693,0.0028056988984934343,0.10329970465281395
asthma_v2_asthma_P50WheezingIU_246.wav,0,3,0,0,0.7882222104656957,0.03978234281102209,0.021689725360952376,0.013630000549637195,0.13667572081269228
asthma_v2_asthma_P50WheezingIU_250.wav,0,3,0,0,0.9083024934146413,0.013877612797951728,0.032357660277870105,0.004801024426105976,0.040661209083431016
asthma_v2_asthma_P50WheezingRL_247.wav,0,3,0,0,0.9514099953700704,0.006543744677145726,0.012416200597891358,0.003553358180461498,0.026076701174430665
asthma_v2_asthma_P50WheezingRS_248.wav,0,3,0,0,0.3440102314678752,0.07557749708063274,0.14479315683224317,0.008947668675906514,0.4266714459433421
asthma_v2_asthma_P55WheezingIE_273.wav,0,3,0,4,0.01677081849192671,0.007951273649976187,0.10151075175484586,0.10654070681031368,0.7672264492929379
asthma_v2_asthma_P55WheezingIU_274.wav,0,3,0,4,0.0205858094709692,0.004752239818587625,0.13125220465314436,0.12590009833536914,0.7175096477219293
asthma_v2_asthma_P55WheezingRL_271.wav,0,3,0,3,0.06536229794711149,0.07013706174271733,0.00794417476378724,0.5734974147044236,0.2830590508419604
asthma_v2_asthma_P55WheezingRL_275.wav,0,3,0,4,0.26082005676981646,0.029936406504459914,0.006142233366273321,0.03998713397670616,0.663114169382744
asthma_v2_asthma_P55WheezingRS_272.wav,0,3,0,1,0.08822464364051259,0.26983180702773496,0.23592534772813786,0.14619721516217915,0.25982098644143536
asthma_v2_asthma_P56WheezingIE_277.wav,0,3,0,4,0.1409306399012146,0.0034252130489951967,0.01216872241042923,0.0037736612304447416,0.8397017634089162
asthma_v2_asthma_P56WheezingIU_278.wav,0,3,0,4,0.06773649748388802,0.02757193351639945,0.001174461779636721,0.1494630037406156,0.7540541034794604
asthma_v2_asthma_P56WheezingRL_279.wav,0,3,0,0,0.48176803684633207,0.029007089185548885,0.006017319155288702,0.01889070035880112,0.46431685445402915
asthma_v2_asthma_P56WheezingRS_276.wav,0,3,0,4,0.3179546425871632,0.023047095909447035,0.07181679511546522,0.02333029211869169,0.5638511742692325
asthma_v2_asthma_P56WheezingRS_280.wav,0,3,0,4,0.03586776983781848,0.007265576536830317,0.023109438980121542,0.17607350848517195,0.7576837061600579
asthma_v2_asthma_P8AsthmaIE_37.wav,0,3,0,0,0.8362241558338964,0.03861139267539633,0.012829939930404596,0.016397360065499935,0.09593715149480261
asthma_v2_asthma_P8AsthmaIU_38.wav,0,3,0,0,0.9059794335597484,0.013323266348832212,0.016606526653799566,0.032397506933584265,0.03169326650403581
asthma_v2_asthma_P8AsthmaRL_39.wav,0,3,0,0,0.7445841174088711,0.029890889678499472,0.08832070280552448,0.03828083493190204,0.09892345517520314
asthma_v2_asthma_P8AsthmaRS_36.wav,0,3,0,0,0.8971150501441527,0.06721172686396634,0.005688224221798339,0.002403471337767788,0.02758152743231508
asthma_v2_asthma_P8AsthmaRS_40.wav,0,3,0,0,0.8452169733713333,0.0687226244767105,0.020618210696176687,0.01214735755328377,0.0532948339024959
asthma_v2_asthma_P9AsthmaIE_41.wav,0,3,0,0,0.6756243668113125,0.022218654948697354,0.026985027808171094,0.009860179232008388,0.26531177119981036
asthma_v2_asthma_P9AsthmaIE_45.wav,0,3,0,0,0.9185327693894343,0.04992558780853551,0.0023051088594884654,0.0014210615988892539,0.02781547234365265
asthma_v2_asthma_P9AsthmaIU_42.wav,0,3,0,0,0.8747975777728338,0.015675933156391143,0.003951640219792902,0.0050797790526478336,0.10049506979833449
asthma_v2_asthma_P9AsthmaRL_43.wav,0,3,0,0,0.7917812271175967,0.007447729853124283,0.005293946833896419,0.013231747762433119,0.18224534843294948
asthma_v2_asthma_P9AsthmaRS_44.wav,0,3,0,0,0.92861894756408,0.02639123509392818,0.00818368269734973,0.008401811763815673,0.02840432288082619
asthma_v2_copd_P11COPDMc_82.wav,0,3,2,0,0.9278712592542343,0.02708718494455344,0.01609563756574223,0.001702431389099246,0.027243486846370964
asthma_v2_copd_P11COPDMc_84.wav,0,3,2,0,0.42993124806089145,0.0213239259470978,0.48614189651285805,0.01807676278428286,0.044526166694870126
asthma_v2_copd_P11COPDMc_86.wav,0,3,2,2,0.12650817544736984,0.04327318250743869,0.7656562558020619,0.028574617579721177,0.035987768663408276
asthma_v2_copd_P11COPDMc_88.wav,0,3,2,2,0.02104593221968821,0.005084887510868934,0.9644556122772316,0.005487412268651487,0.003926155723559542
asthma_v2_copd_P11COPDPr_81.wav,0,3,2,0,0.8624537500272825,0.0907443263173478,0.019828970707229696,0.0012242905081947548,0.025748662439945124
asthma_v2_copd_P11COPDPr_83.wav,0,3,2,0,0.6006653511241341,0.017647413058967065,0.3455069794654305,0.0048573427299780335,0.031322913621490436
asthma_v2_copd_P11COPDPr_85.wav,0,3,2,0,0.5215294058617594,0.007766713983683924,0.45091449768113867,0.0030129624060740755,0.01677642006734404
asthma_v2_copd_P11COPDPr_87.wav,0,3,2,2,0.04707716466435678,0.0032375640058595907,0.938968497358307,0.005942877343084318,0.00477389662839252
asthma_v2_copd_P19COPDMc_146.wav,0,3,2,2,0.02503969762585471,0.010534071113456618,0.9476956435608512,0.0032585153646885663,0.013472072335149299
asthma_v2_copd_P19COPDMc_148.wav,0,3,2,2,0.1796542352300171,0.15728074672131737,0.48344387249100323,0.024707793614226856,0.15491335194343553
asthma_v2_copd_P19COPDMc_150.wav,0,3,2,4,0.10960128752482488,0.020061788785290687,0.5224802451464559,0.005555763083147454,0.3423009154602812
asthma_v2_copd_P19COPDMc_152.wav,0,3,2,2,0.03000798364468552,0.020153221736055917,0.927816032521113,0.00840123746092464,0.013621524637220666
asthma_v2_copd_P19COPDPr_145.wav,0,3,2,2,0.0038564070541274634,0.010479670482345167,0.974039194301637,0.001136278147199829,0.01048845001469019
asthma_v2_copd_P19COPDPr_147.wav,0,3,2,4,0.140496237002124,0.06013556050244762,0.22485941000890397,0.011507837567371877,0.5630009549191526
asthma_v2_copd_P19COPDPr_149.wav,0,3,2,2,0.01773365452092608,0.005350259007764252,0.9647781494672697,0.002682710940155731,0.009455226063884544
asthma_v2_copd_P19COPDPr_151.wav,0,3,2,2,0.018450602166271243,0.031743948972568985,0.8994395282705284,0.003994641945780973,0.04637127864485062
asthma_v2_copd_P21COPDMc_162.wav,0,3,2,2,0.009987693624915356,0.0064547296390786565,0.9745985507952256,0.0026322438016893926,0.006326782139091007
asthma_v2_copd_P21COPDMc_164.wav,0,3,2,2,0.05803580434374223,0.042336738461647976,0.8651688547472316,0.013240316015449307,0.021218286431928506
asthma_v2_copd_P21COPDMc_166.wav,0,3,2,2,0.02171037592223412,0.07107917489304504,0.6112488740913694,0.012125067097669629,0.28383650799568194
asthma_v2_copd_P21COPDMc_168.wav,0,3,2,2,0.010509944869044335,0.005398162012010955,0.6766746291054565,0.14065311289917715,0.16676415111431095
asthma_v2_copd_P21COPDPr_161.wav,0,3,2,2,0.04253386283393764,0.0748729557986329,0.8560660045735431,0.011909151391470276,0.01461802540241647
asthma_v2_copd_P21COPDPr_163.wav,0,3,2,2,0.00854152554404334,0.003938442987424039,0.9789336095518842,0.002347511960757468,0.0062389099558904796
asthma_v2_copd_P21COPDPr_165.wav,0,3,2,2,0.038372119020872605,0.11576325991404927,0.6853432645271147,0.01724179756361314,0.14327955897435005
asthma_v2_copd_P21COPDPr_167.wav,0,3,2,2,0.0022700065617559744,0.001920870746893212,0.9933032293114916,0.0008319299141482721,0.0016739634657108172
asthma_v2_copd_P26COPDMc_202.wav,0,3,2,2,0.0002750802969527869,0.0007534609660659084,0.994003564882403,0.0023204188708376423,0.002647474983740418
asthma_v2_copd_P26COPDMc_204.wav,0,3,2,2,0.0014918332469989518,0.0006534501660682909,0.9936040346458681,0.0026909088096267824,0.001559773131437987
asthma_v2_copd_P26COPDMc_206.wav,0,3,2,2,0.025143710401883037,0.026172426278463435,0.9304712592265719,0.004363749576672436,0.013848854516409008
asthma_v2_copd_P26COPDMc_208.wav,0,3,2,2,0.014403821630744754,0.028235187965530466,0.8993463677376691,0.01692823038067957,0.04108639228537612
asthma_v2_copd_P26COPDPr_201.wav,0,3,2,2,0.00012652450760857633,0.0010196311757288577,0.9970921696878753,0.0007781225135226934,0.0009835521152646543
asthma_v2_copd_P26COPDPr_203.wav,0,3,2,2,1.175527267441499e-06,1.7612256187786017e-06,0.9992568996674385,0.0003964181769149059,0.0003437454027603656
asthma_v2_copd_P26COPDPr_205.wav,0,3,2,2,0.000680322079901329,0.00023956192881547977,0.9903497689635378,0.0038225481939021073,0.00490779883384349
asthma_v2_copd_P26COPDPr_207.wav,0,3,2,2,0.006557954565140774,0.004890315213635535,0.9546918534705023,0.0016555548593005912,0.03220432189142095
asthma_v2_copd_P2COPDMc_10.wav,0,3,2,2,0.0009686973841033105,0.00010359698566764932,0.9921874847627369,0.0012114613728084556,0.005528759494683564
asthma_v2_copd_P2COPDMc_12.wav,0,3,2,0,0.5238628012140867,0.025375124085201397,0.3881259701363121,0.017789136409767675,0.04484696815463184
asthma_v2_copd_P2COPDMc_14.wav,0,3,2,2,0.022679813662075374,0.0013996181614291813,0.9699157189896733,0.0016363620408957132,0.004368487145926339
asthma_v2_copd_P2COPDMc_16.wav,0,3,2,2,0.007329574218768865,0.001978479154979857,0.9781542206839771,0.005061583898020053,0.007476142044254089
asthma_v2_copd_P2COPDPr_11.wav,0,3,2,2,0.018557980170428385,0.004524645780969757,0.9680369279028852,0.0040265653100915256,0.004853880835624925
asthma_v2_copd_P2COPDPr_13.wav,0,3,2,2,0.21989822308775125,0.009074396126434792,0.7029715504174129,0.03355569711239523,0.03450013325600573
asthma_v2_copd_P2COPDPr_15.wav,0,3,2,2,0.1820736587555847,0.010265739611263475,0.7912627045057358,0.008440538593109899,0.007957358534306217
asthma_v2_copd_P2COPDPr_9.wav,0,3,2,2,0.0009342324249934965,8.54753090278344e-05,0.9910490666992161,0.002831992961934525,0.005099232604827853
asthma_v2_copd_P34COPDMc_266.wav,0,3,2,2,0.05163029313478084,0.2735537855311481,0.6377738364426164,0.0030296379560614804,0.03401244693539365
asthma_v2_copd_P34COPDMc_268.wav,0,3,2,1,0.04247646088616094,0.7360990943300648,0.19604966565643156,0.004192024939071417,0.021182754188271483
asthma_v2_copd_P34COPDMc_270.wav,0,3,2,2,0.039410364092474656,0.08492992445482149,0.8558453270526251,0.006240020850898205,0.013574363549180374
asthma_v2_copd_P34COPDMc_272.wav,0,3,2,2,0.018780208885641074,0.17679448576781806,0.7584461972663393,0.0015139286726303638,0.04446517940757144
asthma_v2_copd_P34COPDPr_265.wav,0,3,2,1,0.018808236682371707,0.4755651601129547,0.4821448255223454,0.0016735304678571076,0.021808247214471138
asthma_v2_copd_P34COPDPr_267.wav,0,3,2,2,0.09813839703030407,0.2397204819353582,0.6247831501958728,0.012338250517120768,0.025019720321344047
asthma_v2_copd_P34COPDPr_269.wav,0,3,2,1,0.11732125762179514,0.3988112826351377,0.4255037543291026,0.019324814459455688,0.039038890954509395
asthma_v2_copd_P34COPDPr_271.wav,0,3,2,2,0.027063371099836447,0.145134277782933,0.7871338085745572,0.001781530744910465,0.038887011797762425
asthma_v2_copd_P35COPDMc_274.wav,0,3,2,2,0.00030751510862566257,0.004971135314142499,0.9840376121482483,0.008202720347464528,0.002481017081518971
asthma_v2_copd_P35COPDMc_276.wav,0,3,2,2,2.829684668572501e-07,5.090634367008942e-07,0.9995747675524206,0.00014392360189916564,0.0002805168137766633
asthma_v2_copd_P35COPDMc_278.wav,0,3,2,2,0.00041559499357610765,0.006490599947239814,0.9883086196976489,0.003417527971283118,0.0013676573902520201
asthma_v2_copd_P35COPDMc_280.wav,0,3,2,2,0.0007271979694576476,0.00020352650026917438,0.9934072423316479,0.003479209423363309,0.0021828237752620702
asthma_v2_copd_P35COPDPr_273.wav,0,3,2,2,0.0013936934796676668,0.000960228254028073,0.9935387057935743,0.0007845032449794213,0.003322869227750822
asthma_v2_copd_P35COPDPr_275.wav,0,3,2,2,0.001554566111241011,0.0006651210598633247,0.9673616741624398,0.007181297164816568,0.023237341501639357
asthma_v2_copd_P35COPDPr_277.wav,0,3,2,2,0.07551168794348977,0.07970508530436636,0.7606624611756466,0.039462926089027676,0.04465783948746971
asthma_v2_copd_P35COPDPr_279.wav,0,3,2,2,0.001250762565527654,0.001191024974286238,0.9951196406398473,0.001570408982466874,0.0008681628378721325
asthma_v2_copd_P3COPDMc_18.wav,0,3,2,0,0.7776250400720429,0.08643861140280903,0.08728361310161382,0.021561368779242487,0.027091366644291535
asthma_v2_copd_P3COPDMc_20.wav,0,3,2,2,0.2651877078304067,0.03780422372742922,0.6507288536352362,0.030594357818112206,0.01568485698881556
asthma_v2_copd_P3COPDMc_22.wav,0,3,2,0,0.4592495995961458,0.043376521542204935,0.4370437761132638,0.037945581366264365,0.022384521382121034
asthma_v2_copd_P3COPDMc_24.wav,0,3,2,2,0.0007115176527506548,0.0016800222303276727,0.9935254855708797,0.0008828475702728456,0.0032001269757692525
asthma_v2_copd_P3COPDPr_17.wav,0,3,2,0,0.6237549230704585,0.020700594876401496,0.2091300887045502,0.07842342415100541,0.06799096919758471
asthma_v2_copd_P3COPDPr_19.wav,0,3,2,2,0.09272837396964728,0.001290150381295079,0.9027118564143854,0.0004978114067901319,0.0027718078278820045
asthma_v2_copd_P3COPDPr_21.wav,0,3,2,2,0.05892374814593595,0.019267534493316182,0.9012223089516087,0.011397530351212897,0.009188878057926484
asthma_v2_copd_P3COPDPr_23.wav,0,3,2,0,0.5859031255323796,0.04878793979899968,0.2950280733303837,0.05054433773417433,0.019736523604062736
asthma_v2_copd_P43COPDMc_338.wav,0,3,2,2,1.1588951772681828e-05,9.562188503513469e-06,0.9950425297847452,0.0004803645306649049,0.004455954544313794
asthma_v2_copd_P43COPDMc_340.wav,0,3,2,2,0.0004844712973752299,0.0003022420214669735,0.9978107513030222,0.00031685165257007805,0.0010856837255655667
asthma_v2_copd_P43COPDMc_342.wav,0,3,2,2,0.0013256080641602603,0.0009768640647873478,0.9937484836350529,0.0004841540317582726,0.0034648902042413976
asthma_v2_copd_P43COPDMc_344.wav,0,3,2,2,0.0007569426808291184,0.0015981320170159671,0.937918720830533,0.00817146740782244,0.05155473706379948
asthma_v2_copd_P43COPDPr_337.wav,0,3,2,2,0.0009040237240311243,0.004210774565636564,0.9906706633258316,0.0016232467307859366,0.002591291653714785
asthma_v2_copd_P43COPDPr_339.wav,0,3,2,2,0.0006764807212980254,0.00037216607149157953,0.9799095845078386,0.0023368127548714914,0.0167049559445002
asthma_v2_copd_P43COPDPr_341.wav,0,3,2,2,0.0008480965414904265,0.0002494855587352198,0.9962246422316001,0.0002123606420345975,0.002465415026139433
asthma_v2_copd_P43COPDPr_343.wav,0,3,2,2,0.0008887663161808042,0.001067883843055863,0.996634628851552,0.00018596506891144606,0.0012227559202995654
asthma_v2_copd_P48COPDMc_378.wav,0,3,2,2,0.0017590716212575533,0.007034989069203693,0.9742913386351598,0.013812855413357987,0.003101745261020866
asthma_v2_copd_P48COPDMc_380.wav,0,3,2,2,0.19063039604491056,0.16749898186802387,0.5560134981941814,0.03765317113705636,0.04820395275582772
asthma_v2_copd_P48COPDMc_382.wav,0,3,2,2,0.002349874032536673,0.0017155035506278172,0.963252884180721,0.018481928433010626,0.014199809803103746
asthma_v2_copd_P48COPDMc_384.wav,0,3,2,2,0.0006818442140937615,0.0005422480239459358,0.9901051972942813,0.004642770669484829,0.004027939798193806
asthma_v2_copd_P48COPDPr_377.wav,0,3,2,2,0.0010725383470138107,0.0032494142348726517,0.9796293640931755,0.011829891028879418,0.004218792296058271
asthma_v2_copd_P48COPDPr_379.wav,0,3,2,2,0.001984467214037813,0.002045847539353431,0.9020877059408107,0.07122287335803068,0.022659105947767266
asthma_v2_copd_P48COPDPr_381.wav,0,3,2,2,0.002052530540232608,0.00679095873907279,0.906266113562314,0.07806866991608942,0.006821727242291067
asthma_v2_copd_P48COPDPr_383.wav,0,3,2,2,0.0020784533086814997,0.0013246975635256197,0.9928578374199936,0.001521199570357953,0.002217812137441487
asthma_v2_copd_P9COPDMc_66.wav,0,3,2,2,0.000587999423187337,0.000155625423059155,0.9965134605243181,0.00020506884835217183,0.00253784578108307
asthma_v2_copd_P9COPDMc_68.wav,0,3,2,2,0.0006585123341264123,0.0058106072636603424,0.9658189539414209,0.01880884308229711,0.008903083378495361
asthma_v2_copd_P9COPDMc_70.wav,0,3,2,2,0.0006027137273207706,0.0004943212261587321,0.9978918829577379,0.00017294924939825754,0.0008381328393843758
asthma_v2_copd_P9COPDMc_72.wav,0,3,2,2,0.0009348291951666481,0.0003184943595082121,0.9972393135030496,0.00021856742447658875,0.001288795517798913
asthma_v2_copd_P9COPDPr_65.wav,0,3,2,2,0.001577288415163996,0.0003533459890039352,0.9931153286384963,0.00033671870146710766,0.0046173182558689515
asthma_v2_copd_P9COPDPr_67.wav,0,3,2,2,0.00043129516638542746,5.457512004480879e-05,0.9970835662237653,7.629881151689892e-05,0.0023542646782876483
asthma_v2_copd_P9COPDPr_69.wav,0,3,2,2,0.0003816854723753419,0.00020036067764592054,0.9983561670460489,0.000126652693336819,0.0009351341105930022
asthma_v2_copd_P9COPDPr_71.wav,0,3,2,2,0.0006081928974974058,0.00015226255317028455,0.9978277574965104,0.00023414832557418105,0.00117763872724803
asthma_v2_healthy_P11Healthy18S.wav,0,3,3,3,0.005444528192091817,0.01785682981585838,0.08795516863580723,0.8505688164362967,0.038174656919945586
asthma_v2_healthy_P11Healthy30S.wav,0,3,3,3,0.018017403656532646,0.021446058250124748,0.02227363326931075,0.8955877694055668,0.0426751354184656
asthma_v2_healthy_P11Healthy38S.wav,0,3,3,3,0.15264399863794517,0.14309614094644107,0.21808917229199756,0.4046720817499171,0.08149860637369959
asthma_v2_healthy_P11Healthy60S.wav,0,3,3,3,0.009113127487959088,0.004624251692795795,0.04002287271861218,0.7931805350089314,0.15305921309170184
asthma_v2_healthy_P11Healthy73S.wav,0,3,3,3,0.1281221524742394,0.17117101423677955,0.259802967958711,0.36094447818673714,0.07995938714353314
asthma_v2_healthy_P19Healthy47S.wav,0,3,3,3,0.10063120191656223,0.14002259794106303,0.030668005565397834,0.43224188830103455,0.296436306275943
asthma_v2_healthy_P19Healthy50S.wav,0,3,3,3,0.05142120623694474,0.004497505144955556,0.008618971742305352,0.8977530877303521,0.037709229145442315
asthma_v2_healthy_P19Healthy55S.wav,0,3,3,3,0.006063910525346982,0.002055270774868002,0.004681847088368976,0.8893085742320544,0.09789039737936193
asthma_v2_healthy_P19Healthy62S.wav,0,3,3,3,0.07055501200481397,0.019812883027271654,0.006478991053379127,0.8137288012745963,0.08942431263993868
asthma_v2_healthy_P19Healthy79S.wav,0,3,3,3,0.010574993812841636,0.004142074106430685,0.006180320609737581,0.8404547519568917,0.1386478595140981
asthma_v2_healthy_P25Healthy20S.wav,0,3,3,3,0.018150899276335647,0.009257618348597734,0.020558072831186613,0.6433923017178821,0.308641107825998
asthma_v2_healthy_P25Healthy42S.wav,0,3,3,3,0.12541633606890618,0.08041172160240145,0.04961904821482538,0.597892719315621,0.14666017479824595
asthma_v2_healthy_P25Healthy72S.wav,0,3,3,3,0.043131105351435474,0.07554915152890194,0.10046515393773284,0.6418815472059709,0.13897304197595894
asthma_v2_healthy_P25Healthy88S.wav,0,3,3,3,0.012573934944654377,0.023391390142410314,0.02059605768598454,0.771604253122981,0.1718343641039698
asthma_v2_healthy_P25Healthy97S.wav,0,3,3,3,0.015339506791962514,0.0022905112427750144,0.0029661153869748294,0.8703291089591881,0.10907475761909967
asthma_v2_healthy_P26Healthy22S.wav,0,3,3,4,0.0204194037414123,0.0032154936399722733,0.0038036024482142397,0.1712017927556709,0.8013597074147303
asthma_v2_healthy_P26Healthy32S.wav,0,3,3,4,0.019620073919548887,0.008680118085803558,0.07162105183437786,0.1107426625946062,0.7893360935656634
asthma_v2_healthy_P26Healthy46S.wav,0,3,3,3,0.34915588896321986,0.02503452191680492,0.04193838579762451,0.28886743209899,0.29500377122336086
asthma_v2_healthy_P26Healthy48S.wav,0,3,3,4,0.14445566680420807,0.06329694279555308,0.023463386178064205,0.20271117205331868,0.5660728321688562
asthma_v2_healthy_P26Healthy76S.wav,0,3,3,3,0.018509540166764867,0.00417674873293932,0.024517874248935326,0.6506733717776951,0.30212246507366547
asthma_v2_healthy_P27Healthy30S.wav,0,3,3,3,0.016338297366865144,0.0050415801535813164,0.005576599086475472,0.8753015649867185,0.09774195840635973
asthma_v2_healthy_P27Healthy73S.wav,0,3,3,3,0.053499916082569966,0.009262511446442951,0.005677078032656488,0.8116788482350937,0.11988164620323667
asthma_v2_healthy_P27Healthy92S.wav,0,3,3,3,0.021726276527253726,0.015315834532456659,0.004454530906823415,0.7822690628586777,0.17623429517478828
asthma_v2_healthy_P9Healthy22S.wav,0,3,3,3,0.012730345157728714,0.011287972771503788,0.021825862700475658,0.9233929167012489,0.03076290266904293
asthma_v2_healthy_P9Healthy29S.wav,0,3,3,0,0.574476818526895,0.017459773394069386,0.0032670855985686177,0.10534721303767587,0.2994491094427908
asthma_v2_healthy_P9Healthy31S.wav,0,3,3,0,0.6827014315266161,0.029518794468717767,0.005655949303255474,0.10685295721142134,0.17527086748998913
asthma_v2_healthy_P9Healthy61S.wav,0,3,3,3,0.3106396863737342,0.08243461788024563,0.00928597658760611,0.32679977650366315,0.27083994265475075
asthma_v2_healthy_P9Healthy79S.wav,0,3,3,3,0.04277421678756666,0.006073080325897974,0.01793464538704548,0.7056949228944647,0.22752313460502555
asthma_v2_pneumonia_P21Pneumonia12C.wav,0,3,4,1,0.11248725575223287,0.25580077123364997,0.11831256037756828,0.2069761679478994,0.3064232446886496
asthma_v2_pneumonia_P21Pneumonia24G.wav,0,3,4,3,0.09349418855685114,0.13562691664574583,0.05049373809443914,0.46107749632321343,0.25930766037975034
asthma_v2_pneumonia_P21Pneumonia56M.wav,0,3,4,4,0.028029998564460368,0.00026020210163534165,0.0002541903890438021,0.0018498080856557593,0.9696058008592047
asthma_v2_pneumonia_P21Pneumonia69Q.wav,0,3,4,4,0.04820340742327551,0.0036847105831092036,0.0012890780749884774,0.013278839693286837,0.9335439642253396
asthma_v2_pneumonia_P21Pneumonia78P.wav,0,3,4,4,0.02395121692771422,0.0002727338438684629,0.000629062104864299,0.001153427644711872,0.9739935594788413
asthma_v2_pneumonia_P21Pneumonia95A.wav,0,3,4,1,0.08017747328510198,0.23586383098043429,0.1047812874125495,0.15863278926008936,0.42054461906182494
asthma_v2_pneumonia_P22Pneumonia27A.wav,0,3,4,4,0.4018154810754749,0.03425583139515194,0.08324969806789748,0.03618133794782926,0.44449765151364673
asthma_v2_pneumonia_P22Pneumonia29K.wav,0,3,4,3,0.042921846643323235,0.008517110768548223,0.00444241896081006,0.6811260755352496,0.26299254809206934
asthma_v2_pneumonia_P22Pneumonia29M.wav,0,3,4,0,0.4907917646140776,0.024665993426566404,0.04163956969919494,0.024438581226472477,0.41846409103368887
asthma_v2_pneumonia_P22Pneumonia47V.wav,0,3,4,4,0.04995557452024821,0.0007093786204336395,0.0009674586534712181,0.002751653861813115,0.9456159343440336
asthma_v2_pneumonia_P22Pneumonia51X.wav,0,3,4,4,0.16067925933771032,0.009347168661156044,0.12392308346106239,0.022755699434546393,0.6832947891055247
asthma_v2_pneumonia_P22Pneumonia55C.wav,0,3,4,4,0.22936795813348942,0.014455738823563602,0.02544438746595211,0.022177911157896187,0.7085540044190987
asthma_v2_pneumonia_P24Pneumonia21G.wav,0,3,4,3,0.08404370206596398,0.2812459981683973,0.01954220949706169,0.4936822440938067,0.12148584617477005
asthma_v2_pneumonia_P24Pneumonia54A.wav,0,3,4,4,0.0343741409995703,0.0008950929870374612,0.0031480664320634216,0.0044040301333026855,0.9571786694480259
asthma_v2_pneumonia_P24Pneumonia67G.wav,0,3,4,4,0.01762189312361233,0.0007421875683487344,0.036575796190265505,0.0043338720811520555,0.9407262510366217
asthma_v2_pneumonia_P24Pneumonia67Z.wav,0,3,4,4,0.09181881091952646,0.0027942025491312725,0.0011656202944630358,0.006637697971961771,0.8975836682649173
asthma_v2_pneumonia_P24Pneumonia91X.wav,0,3,4,4,0.01918343505786806,0.0013868711747694474,0.03239409322574626,0.011478611200562766,0.9355569893410531
asthma_v2_pneumonia_P24Pneumonia95T.wav,0,3,4,3,0.07808093689649201,0.24776185783099997,0.07516188545503331,0.4449549112811309,0.15404040853634415
asthma_v2_pneumonia_P2Pneumonia11Q.wav,0,3,4,4,0.02790745172325284,0.0007760521367119111,0.002820952970540385,0.0010503897739382415,0.9674451533955568
asthma_v2_pneumonia_P2Pneumonia28R.wav,0,3,4,4,0.014295409124890548,0.0019533192183876094,0.0005552452933083484,0.007319379286794404,0.975876647076619
asthma_v2_pneumonia_P2Pneumonia36Z.wav,0,3,4,4,0.019061792634137906,0.001732884174262245,0.0021838386816358905,0.0027434446285334872,0.9742780398814302
asthma_v2_pneumonia_P2Pneumonia70H.wav,0,3,4,4,0.025206990948089217,0.0006511917001073164,0.0019891932888563934,0.0025134965636652443,0.9696391274992819
asthma_v2_pneumonia_P2Pneumonia82A.wav,0,3,4,3,0.06326469619255112,0.014037857938768782,0.001982669771033339,0.3635670499042284,0.5571477261934188
asthma_v2_pneumonia_P2Pneumonia93N.wav,0,3,4,4,0.017162574544084336,0.0012397112621017274,0.0005704518001800437,0.008561706461649641,0.9724655559319841
asthma_v2_pneumonia_P30Pneumonia10C.wav,0,3,4,4,0.017562179725711852,0.00012511741720926125,0.0007457392361639635,0.0012959733491225563,0.9802709902717924
asthma_v2_pneumonia_P30Pneumonia15J.wav,0,3,4,4,0.13084912124159834,0.00170309038370887,0.0009190186003899047,0.006922047555058889,0.8596067222192441
asthma_v2_pneumonia_P30Pneumonia30W.wav,0,3,4,4,0.026002878528797187,0.002000565948419596,0.002196583075834999,0.006968119834153162,0.962831852612795
asthma_v2_pneumonia_P30Pneumonia52T.wav,0,3,4,4,0.01141763114305975,0.008847329245267039,0.0051498730144816755,0.062194278399166664,0.9123908881980247
asthma_v2_pneumonia_P30Pneumonia70X.wav,0,3,4,4,0.019676110348161222,0.0055133450051077105,0.001230895162596268,0.07097955525228614,0.9026000942318484
asthma_v2_pneumonia_P30Pneumonia85D.wav,0,3,4,4,0.09224464272388468,0.0010825853167504816,0.0009157825785901861,0.004469929768581741,0.9012870596121926
asthma_v2_pneumonia_P36Pneumonia56V.wav,0,3,4,0,0.8727824843124581,0.09355620279211058,0.004768062425464129,0.005667171450387782,0.023226079019578957
asthma_v2_pneumonia_P36Pneumonia57U.wav,0,3,4,0,0.7179926577985958,0.0554805180199907,0.004093978047789928,0.0024612602917608007,0.21997158584186288
asthma_v2_pneumonia_P36Pneumonia79Z.wav,0,3,4,4,0.07137089315707616,0.001634134441758423,0.00447544954413733,0.023189470643982742,0.8993300522130454
asthma_v2_pneumonia_P36Pneumonia83N.wav,0,3,4,4,0.020609726824055166,0.0002891060827811101,0.0002966914646085235,0.0024295195584009,0.9763749560701543
asthma_v2_pneumonia_P36Pneumonia85U.wav,0,3,4,4,0.03708447662554248,0.0018068222959377314,0.005613682303200085,0.1353283303636833,0.8201666884116362
asthma_v2_pneumonia_P36Pneumonia86S.wav,0,3,4,0,0.6680494802329168,0.02921806597266452,0.022585045683547456,0.20067554095522963,0.07947186715564185
asthma_v2_pneumonia_P42Pneumonia27A.wav,0,3,4,0,0.949870212840389,0.00451480638624664,0.005440399314204735,0.0005778221659934725,0.03959675929316648
asthma_v2_pneumonia_P42Pneumonia46D.wav,0,3,4,0,0.7056086161205565,0.010220374526819825,0.053402855162686405,0.0019253744421500961,0.22884277974778722
asthma_v2_pneumonia_P42Pneumonia47W.wav,0,3,4,0,0.929528740292213,0.03162358066544075,0.0032848890773981396,0.0011293213642144641,0.0344334686007337
asthma_v2_pneumonia_P42Pneumonia63L.wav,0,3,4,4,0.4443273045968408,0.005863770697809356,0.03610600199432402,0.006739446286224431,0.5069634764248016
asthma_v2_pneumonia_P42Pneumonia67F.wav,0,3,4,0,0.9423961676658756,0.009170105333894413,0.006922300031341613,0.0008542301950297184,0.040657196773858394
asthma_v2_pneumonia_P42Pneumonia69S.wav,0,3,4,0,0.8618084623060216,0.05268623023694815,0.016512934887620644,0.002952896435839391,0.0660394761335703
asthma_v2_pneumonia_P4Pneumonia17R.wav,0,3,4,4,0.009418742330817255,0.004732208948887954,0.3663110002716946,0.09218804670762669,0.5273500017409737
asthma_v2_pneumonia_P4Pneumonia27H.wav,0,3,4,4,0.03991295124634515,0.021019094569206045,0.08744338882014115,0.07919385015213855,0.7724307152121687
asthma_v2_pneumonia_P4Pneumonia39Q.wav,0,3,4,4,0.03119500902077777,0.04077860665433356,0.48598471538765453,0.03465864150716927,0.40738302743006466
asthma_v2_pneumonia_P4Pneumonia55U.wav,0,3,4,4,0.03208811982294746,0.016993630607056835,0.0657708928864625,0.06503551390461428,0.8201118427789191
asthma_v2_pneumonia_P4Pneumonia67J.wav,0,3,4,4,0.02521991163969818,0.003866502712188853,0.13229349720113015,0.054478854654389494,0.784141233792593
asthma_v2_pneumonia_P4Pneumonia78E.wav,0,3,4,4,0.020543269372684008,0.0016994902813366164,0.06985609026947402,0.016871331011922022,0.8910298190645836
asthma_v2_Bronchial_P13BronchialSc_62.wav,0,4,1,0,0.9460675247236817,0.0157697014456577,0.0011930716896268049,0.0066875979819715214,0.030282104159062177
asthma_v2_Bronchial_P13BronchialSc_64.wav,0,4,1,0,0.8253498452798336,0.02160630437105359,0.004710190369964847,0.06195891840437116,0.0863747415747767
asthma_v2_Bronchial_P13BronchialTc_61.wav,0,4,1,0,0.9339883797527073,0.02145646315976905,0.0006402774636783329,0.007180920689668511,0.0367339589341765
asthma_v2_Bronchial_P13BronchialTc_63.wav,0,4,1,0,0.9258851438753156,0.006715043844819105,0.001912075972181169,0.014594617434153323,0.05089311887353084
asthma_v2_Bronchial_P13BronchialTc_65.wav,0,4,1,0,0.7221929479158453,0.12966946186714173,0.04853681944493513,0.02295506434971871,0.07664570642235911
asthma_v2_Bronchial_P17BronchialSc_82.wav,0,4,1,1,0.03215499645275245,0.8247126482059014,0.11797996672201247,0.013145076622814007,0.012007311996519882
asthma_v2_Bronchial_P17BronchialSc_84.wav,0,4,1,1,0.02115656160248311,0.9381090981612641,0.02360358999492512,0.008196878814947697,0.008933871426379428
asthma_v2_Bronchial_P17BronchialTc_81.wav,0,4,1,1,0.23663452049037725,0.5133184710944203,0.05622673360169353,0.07543018429008391,0.11839009052342524
asthma_v2_Bronchial_P17BronchialTc_83.wav,0,4,1,1,0.039785192504794877,0.8900417826079425,0.04114125511645817,0.011833594682980873,0.017198175087823543
asthma_v2_Bronchial_P17BronchialTc_85.wav,0,4,1,1,0.0028872589956289688,0.44114668082602937,0.5149995444556421,0.03271009202566622,0.008256423697033367
asthma_v2_Bronchial_P2BronchialSc_10.wav,0,4,1,1,0.03667546263993226,0.7534670115784261,0.140805072269084,0.04462512629878269,0.024427327213775312
asthma_v2_Bronchial_P2BronchialSc_6.wav,0,4,1,1,0.08237577175740475,0.7382461467523037,0.12661671637181396,0.021781959294746932,0.03097940582373044
asthma_v2_Bronchial_P2BronchialSc_8.wav,0,4,1,4,0.034593770144091866,0.34313543371154354,0.015567968914811063,0.12088438201183782,0.48581844521771594
asthma_v2_Bronchial_P2BronchialTc_7.wav,0,4,1,4,0.059105245440421415,0.08210659621893966,0.008103621212173557,0.08959978471879697,0.7610847524096687
asthma_v2_Bronchial_P2BronchialTc_9.wav,0,4,1,1,0.052476825927157175,0.38707886211329023,0.0091053953531035,0.19676785636353014,0.3545710602429193
asthma_v2_asthma_P10AsthmaIE_49.wav,0,4,0,0,0.9318340514678282,0.015133573167818418,0.004640573460268926,0.001389144183184481,0.04700265772090017
asthma_v2_asthma_P10AsthmaIU_46.wav,0,4,0,0,0.9254663126813575,0.03662856623704468,0.006614108365977576,0.0023287742391892192,0.02896223847643074
asthma_v2_asthma_P10AsthmaIU_50.wav,0,4,0,0,0.8119910384401998,0.13014452507030072,0.010219018713755051,0.015372902890338783,0.03227251488540528
asthma_v2_asthma_P10AsthmaRL_47.wav,0,4,0,0,0.8631267977386164,0.04015738706563716,0.021040042062295584,0.007688212892134295,0.06798756024131629
asthma_v2_asthma_P10AsthmaRS_48.wav,0,4,0,0,0.9130832766804134,0.019897229432916615,0.009638854817261412,0.0015264734614762708,0.055854165607932105
asthma_v2_asthma_P11WheezingIE_53.wav,0,4,0,0,0.5842928762370144,0.2660968889846038,0.010204349546424877,0.030001260027810762,0.10940462520414602
asthma_v2_asthma_P11WheezingIU_54.wav,0,4,0,0,0.7501562526226572,0.02354441592261655,0.007043012092168859,0.008412673061022516,0.21084364630153518
asthma_v2_asthma_P11WheezingRL_51.wav,0,4,0,0,0.7763931404949617,0.16518519168202864,0.01037610936814013,0.006872813589139258,0.04117274486573006
asthma_v2_asthma_P11WheezingRL_55.wav,0,4,0,0,0.735251592375027,0.0992850355776662,0.008525817043675731,0.02344292416955965,0.1334946308340714
asthma_v2_asthma_P11WheezingRS_52.wav,0,4,0,0,0.6227207750636602,0.038156598084779364,0.00834387649806129,0.14431984422319802,0.1864589061303017
asthma_v2_asthma_P16WheezingIE_77.wav,0,4,0,0,0.7748324505967764,0.008823728918061415,0.012357056957352104,0.05069470267021807,0.15329206085759184
asthma_v2_asthma_P16WheezingIU_78.wav,0,4,0,0,0.8909979102057398,0.009047887208972897,0.011538390664321158,0.005067882458134294,0.08334792946283182
asthma_v2_asthma_P16WheezingRL_79.wav,0,4,0,0,0.7341753373394265,0.006439874764123212,0.01097447917688709,0.010177921350339273,0.23823238736922375
asthma_v2_asthma_P16WheezingRS_76.wav,0,4,0,0,0.801891679688218,0.011263128934483136,0.009243724545399491,0.06303785130374402,0.11456361552815544
asthma_v2_asthma_P16WheezingRS_80.wav,0,4,0,0,0.8434438536510206,0.07882470935587946,0.027319502836303432,0.004818434814614945,0.04559349934218155
asthma_v2_asthma_P20WheezingIE_97.wav,0,4,0,0,0.4513622306746765,0.06624734032329031,0.4347215428326685,0.018188908718507948,0.029479977450856697
asthma_v2_asthma_P20WheezingIU_98.wav,0,4,0,0,0.8870622784799371,0.03314884252581424,0.02997387586697899,0.009410810772732939,0.040404192354536454
asthma_v2_asthma_P20WheezingRL_99.wav,0,4,0,0,0.7512667942539758,0.026273261968859755,0.006313122878569553,0.13555356235482816,0.08059325854376649
asthma_v2_asthma_P20WheezingRS_100.wav,0,4,0,0,0.7510118367892457,0.03792910034481807,0.007879703305765222,0.09231593488633093,0.11086342467384007
asthma_v2_asthma_P20WheezingRS_96.wav,0,4,0,0,0.8826929819887648,0.003585132507794663,0.004102956782997844,0.0022676980614065325,0.10735123065903614
asthma_v2_asthma_P23WheezingIE_113.wav,0,4,0,0,0.8464379980880511,0.006820673119598341,0.002850488970672475,0.0175917309271453,0.12629910889453272
asthma_v2_asthma_P23WheezingIU_114.wav,0,4,0,0,0.860751881709901,0.010704605864528998,0.012639499354940175,0.001984211353860024,0.11391980171676988
asthma_v2_asthma_P23WheezingRL_111.wav,0,4,0,0,0.8377737481154514,0.009254481411874441,0.015127826354127209,0.038803183645860974,0.09904076047268595
asthma_v2_asthma_P23WheezingRL_115.wav,0,4,0,0,0.4323622654367668,0.05775736319744878,0.4479768431711073,0.006906556368750015,0.05499697182592744
asthma_v2_asthma_P23WheezingRS_112.wav,0,4,0,0,0.7354798486923793,0.01947538734690075,0.012714198219156734,0.01815549638647044,0.2141750693550929
asthma_v2_asthma_P29WheezingIE_141.wav,0,4,0,0,0.5687844463250146,0.023587939177806362,0.019451438045152036,0.0032859519299218262,0.38489022452210475
asthma_v2_asthma_P29WheezingIE_145.wav,0,4,0,0,0.5266074838669367,0.03623366546251241,0.12641827318529447,0.0015261325549131223,0.30921444493034334
asthma_v2_asthma_P29WheezingIU_142.wav,0,4,0,0,0.8732357680081013,0.03919987002532124,0.022501168303878948,0.003268665899924647,0.06179452776277394
asthma_v2_asthma_P29WheezingRL_143.wav,0,4,0,0,0.5198558211981472,0.062454514027464325,0.1692628669277948,0.00992443195545566,0.23850236589113802
asthma_v2_asthma_P29WheezingRS_144.wav,0,4,0,0,0.5274764298961766,0.007753568332137898,0.0120134696522167,0.014071157874063206,0.4386853742454055
asthma_v2_asthma_P38WheezingIE_189.wav,0,4,0,0,0.7541662546889518,0.19734124244064838,0.024730372888215037,0.008435621986175411,0.015326507996009452
asthma_v2_asthma_P38WheezingIU_186.wav,0,4,0,0,0.8938670368596574,0.01341729644738058,0.0218984055529628,0.022881705399748802,0.04793555574025015
asthma_v2_asthma_P38WheezingIU_190.wav,0,4,0,0,0.866027699165785,0.034178135947911574,0.01995154639745181,0.01038901225817038,0.06945360623068113
asthma_v2_asthma_P38WheezingRL_187.wav,0,4,0,0,0.8892204038885655,0.02068916486209693,0.034568173576734425,0.006915039917281865,0.04860721775532132
asthma_v2_asthma_P38WheezingRS_188.wav,0,4,0,0,0.7146936215492888,0.011055431030775727,0.22500261323589518,0.003505810042705111,0.045742524141335054
asthma_v2_asthma_P41WheezingIE_201.wav,0,4,0,0,0.41005278679673623,0.023538798596465918,0.5329131972115031,0.002429120637349559,0.031066096757945253
asthma_v2_asthma_P41WheezingIE_205.wav,0,4,0,0,0.8613920995704444,0.005842420680848427,0.018458122448132133,0.0010524468996682644,0.11325491040090684
asthma_v2_asthma_P41WheezingIU_202.wav,0,4,0,0,0.9667204909144513,0.002903154780443045,0.004021893067879451,0.00039712209290470246,0.02595733914432195
asthma_v2_asthma_P41WheezingRL_203.wav,0,4,0,2,0.28074542110328743,0.012593543113241167,0.6948074062298403,0.001487837481261112,0.010365792072370162
asthma_v2_asthma_P41WheezingRS_204.wav,0,4,0,0,0.857452037099373,0.01618328326314118,0.02862002269125191,0.001796931059638167,0.09594772588659571
asthma_v2_asthma_P47WheezingIE_233.wav,0,4,0,0,0.7970729737389678,0.003046598567209883,0.01913337584066158,0.0012460158184091547,0.17950103603475154
asthma_v2_asthma_P47WheezingIU_234.wav,0,4,0,0,0.8159664029512691,0.0025522185922270146,0.036709614523941836,0.0006731870966278556,0.1440985768359342
asthma_v2_asthma_P47WheezingRL_231.wav,0,4,0,0,0.8514428316381946,0.04621205687534337,0.05929363827563734,0.005864040498547923,0.03718743271227668
asthma_v2_asthma_P47WheezingRL_235.wav,0,4,0,0,0.7761453909379751,0.007170233899573037,0.09849590956253232,0.004175539973036939,0.11401292562688253
asthma_v2_asthma_P47WheezingRS_232.wav,0,4,0,0,0.7068083353664758,0.020993173138180266,0.1443556996856217,0.006114014064860366,0.1217287777448622
asthma_v2_asthma_P4AsthmaIE_17.wav,0,4,0,0,0.8605821917846973,0.06253665006619327,0.006279403325831929,0.00310709590189068,0.06749465892138691
asthma_v2_asthma_P4AsthmaIU_18.wav,0,4,0,0,0.8420729468891696,0.08420048284086046,0.006479567828467529,0.0073713591195722575,0.05987564332192975
asthma_v2_asthma_P4AsthmaRL_19.wav,0,4,0,0,0.7939300163888593,0.10412619084748603,0.005635912816216615,0.015463484111443323,0.08084439583599488
asthma_v2_asthma_P4AsthmaRS_16.wav,0,4,0,0,0.8968142477764345,0.03578853026709804,0.0047077580549771455,0.0012370831220497231,0.06145238077944095
asthma_v2_asthma_P4AsthmaRS_20.wav,0,4,0,0,0.8188383498186397,0.10310985125637125,0.0075285383355055665,0.0036439317111982158,0.06687932887828513
asthma_v2_asthma_P53WheezingIE_261.wav,0,4,0,0,0.7729399646572056,0.12467411920781814,0.049285117138380984,0.007845264336430657,0.045255534660164534
asthma_v2_asthma_P53WheezingIE_265.wav,0,4,0,2,0.16094579754616634,0.04114173404231266,0.5212319101157447,0.0331691822433361,0.24351137605244025
asthma_v2_asthma_P53WheezingIU_262.wav,0,4,0,0,0.915348034774216,0.039745740128060016,0.010148837677276163,0.002048821716166653,0.03270856570428121
asthma_v2_asthma_P53WheezingRL_263.wav,0,4,0,2,0.037790967422256475,0.02798823180723502,0.6363854700776972,0.016932517118341085,0.28090281357447017
asthma_v2_asthma_P53WheezingRS_264.wav,0,4,0,1,0.09402611539198008,0.30372277057958685,0.06028528110906747,0.16498908071048435,0.3769767522088814
asthma_v2_asthma_P6AsthmaIE_29.wav,0,4,0,0,0.8846578364795875,0.05534500973217976,0.014664452252552744,0.0044458078553725406,0.04088689368030777
asthma_v2_asthma_P6AsthmaIU_26.wav,0,4,0,0,0.3670002277446313,0.1983927233934023,0.2293844202752878,0.058401240438662246,0.14682138814801618
asthma_v2_asthma_P6AsthmaIU_30.wav,0,4,0,0,0.8814369587473629,0.052249298297408264,0.0068168261387795736,0.004377721403433772,0.05511919541301554
asthma_v2_asthma_P6AsthmaRL_27.wav,0,4,0,0,0.8186587985639017,0.017496141728574853,0.008224042153526012,0.005496832149516486,0.15012418540448105
asthma_v2_asthma_P6AsthmaRS_28.wav,0,4,0,0,0.6468376489519977,0.00834066549260284,0.006785285749102741,0.06280493202600404,0.27523146778029267
asthma_v2_asthma_P7AsthmaIE_33.wav,0,4,0,0,0.6189779819711918,0.0959487903311456,0.09798113789235559,0.012594562792986026,0.17449752701232088
asthma_v2_asthma_P7AsthmaIU_34.wav,0,4,0,0,0.8917216503141474,0.043901720575914044,0.002508989812814938,0.0019020907920315234,0.05996554850509218
asthma_v2_asthma_P7AsthmaRL_31.wav,0,4,0,0,0.7359824769836284,0.03521589373641936,0.06646755937176199,0.05078770913185093,0.11154636077633946
asthma_v2_asthma_P7AsthmaRL_35.wav,0,4,0,0,0.7980586982880323,0.06118975197541002,0.0033872969605228966,0.008818595642816247,0.1285456571332184
asthma_v2_asthma_P7AsthmaRS_32.wav,0,4,0,0,0.6022475269598332,0.0124969850215121,0.022195513109792377,0.12240412138821455,0.24065585352064756
asthma_v2_copd_P14COPDMc_106.wav,0,4,2,4,0.047303981995490935,0.10878671134928465,0.422364184676886,0.08835878092773153,0.3331863410506067
asthma_v2_copd_P14COPDMc_108.wav,0,4,2,0,0.6382168506121467,0.00923284597244988,0.3112364340322868,0.0010742815971251862,0.04023958778599171
asthma_v2_copd_P14COPDMc_110.wav,0,4,2,0,0.5876261434800935,0.027152558478218267,0.3053864089756798,0.003345303840059063,0.07648958522594922
asthma_v2_copd_P14COPDMc_112.wav,0,4,2,0,0.35356360731325814,0.013866708342477855,0.6072834354726787,0.0030407764087957275,0.02224547246278954
asthma_v2_copd_P14COPDPr_105.wav,0,4,2,2,0.010707966797502345,0.02663933190365893,0.6639297284913802,0.013420409011191665,0.2853025637962669
asthma_v2_copd_P14COPDPr_107.wav,0,4,2,2,0.16551666298865947,0.0027542465382006396,0.818369386728964,0.0011478429837073535,0.012211860760468833
asthma_v2_copd_P14COPDPr_109.wav,0,4,2,2,0.04226628148839215,0.0021594282977055236,0.9488215311814865,0.0008253412241901499,0.005927417808225512
asthma_v2_copd_P14COPDPr_111.wav,0,4,2,0,0.6800339252965066,0.01358495395766621,0.2272121905469444,0.0029083657261109188,0.07626056447277194
asthma_v2_copd_P16COPDMc_122.wav,0,4,2,2,0.0005575139062110948,8.886442205014102e-05,0.9948063234172224,0.0001104321412697123,0.0044368661132468
asthma_v2_copd_P16COPDMc_124.wav,0,4,2,2,0.0006499535558818825,0.0001316107050099662,0.9964365407048736,0.00011037232009837925,0.002671522714136084
asthma_v2_copd_P16COPDMc_126.wav,0,4,2,2,3.5393857552281607e-06,2.772500351464614e-06,0.9978375788580366,9.955392365081601e-06,0.00214615386349172
asthma_v2_copd_P16COPDMc_128.wav,0,4,2,2,0.00042131558307782096,5.697816278591043e-05,0.9979476791208146,7.33895907030666e-05,0.001500637542618606
asthma_v2_copd_P16COPDPr_121.wav,0,4,2,2,0.0012770013635519202,0.00010127303711228773,0.9831298452578598,0.0003068097704949083,0.015185070570980948
asthma_v2_copd_P16COPDPr_123.wav,0,4,2,2,0.000657330638549937,9.59613950552965e-05,0.9762866949077537,0.00019063459166064275,0.02276937846698056
asthma_v2_copd_P16COPDPr_125.wav,0,4,2,2,0.0007533086783883856,9.376348757408137e-05,0.9960039511345276,0.00013682554705758766,0.003012151152452386
asthma_v2_copd_P16COPDPr_127.wav,0,4,2,2,0.00046981446496760244,0.00019368172397738777,0.997588993200187,8.464450395729641e-05,0.0016628661069107425
asthma_v2_copd_P1COPDMc_2.wav,0,4,2,0,0.7220149902909795,0.01210925443460618,0.12787476643149284,0.05148150622482103,0.08651948261810026
asthma_v2_copd_P1COPDMc_4.wav,0,4,2,4,0.03437168811168871,0.012132699375835491,0.36838524170688103,0.051038332972072734,0.534072037833522
asthma_v2_copd_P1COPDMc_6.wav,0,4,2,2,0.010436369953945309,0.02225948234304097,0.8070978518057343,0.036666100308200035,0.12354019558907921
asthma_v2_copd_P1COPDMc_8.wav,0,4,2,2,0.0036241671837787134,0.0023312141657370663,0.989741492859457,0.0007828311964040422,0.003520294594623347
asthma_v2_copd_P1COPDPr_1.wav,0,4,2,0,0.662519522299198,0.024601307235087223,0.23788217237568307,0.005807178532746766,0.06918981955728501
asthma_v2_copd_P1COPDPr_3.wav,0,4,2,0,0.5202896959941798,0.011886529114713818,0.44038289290080573,0.0015728909918882312,0.02586799099841243
asthma_v2_copd_P1COPDPr_5.wav,0,4,2,2,0.0041364686114590665,0.005961458280971813,0.9853203338693314,0.000992290120756228,0.003589449117481454
asthma_v2_copd_P1COPDPr_7.wav,0,4,2,2,0.004773007794278853,0.008941472527422768,0.931260757796108,0.016579035296630275,0.03844572658555964
asthma_v2_copd_P22COPDMc_170.wav,0,4,2,2,0.009867260198691101,0.0046387052061823185,0.9690581730994017,0.0008417549835962717,0.015594106512128754
asthma_v2_copd_P22COPDMc_172.wav,0,4,2,2,0.008044911033933915,0.0043698854360916676,0.8440146700224727,0.051815185132342775,0.09175534837515888
asthma_v2_copd_P22COPDMc_174.wav,0,4,2,2,0.04881721772752841,0.010542362596735565,0.5547794748376202,0.23845594034572185,0.14740500449239413
asthma_v2_copd_P22COPDMc_176.wav,0,4,2,2,0.030252202809577963,0.01240319378084339,0.9184774474183839,0.008682013998205387,0.030185141992989283
asthma_v2_copd_P22COPDPr_169.wav,0,4,2,2,0.009973578559503024,0.005689898542690238,0.9564964455571106,0.010758129559159965,0.017081947781536013
asthma_v2_copd_P22COPDPr_171.wav,0,4,2,2,0.006541794332087644,0.0022552929181354833,0.9148102196828926,0.024830892132901454,0.05156180093398266
asthma_v2_copd_P22COPDPr_173.wav,0,4,2,2,0.02113515904980606,0.00888347339041067,0.9569039407969084,0.0037999040037366492,0.00927752275913824
asthma_v2_copd_P22COPDPr_175.wav,0,4,2,4,0.09424173847829022,0.01458847081082728,0.23000587461723238,0.13120734716020085,0.529956568933449
asthma_v2_copd_P24COPDMc_186.wav,0,4,2,4,0.04118864067067325,0.09020820193223845,0.4159820454182326,0.05256677455920204,0.4000543374196536
asthma_v2_copd_P24COPDMc_188.wav,0,4,2,2,0.015555986259132959,0.014068687347303514,0.9517004061481386,0.009298485976577871,0.009376434268846962
asthma_v2_copd_P24COPDMc_190.wav,0,4,2,2,0.05928997294083242,0.015729162468641006,0.3727365123175841,0.18329795469959267,0.3689463975733498
asthma_v2_copd_P24COPDMc_192.wav,0,4,2,2,0.0027986025464749008,0.005924167335278537,0.9488998054070625,0.017996016145411783,0.024381408565772467
asthma_v2_copd_P24COPDPr_185.wav,0,4,2,2,0.00343233542996138,0.008140516964171262,0.9831202444995925,0.00203412602468765,0.0032727770815872987
asthma_v2_copd_P24COPDPr_187.wav,0,4,2,2,0.009753825929071,0.020549807056706337,0.784601306374191,0.015294523322792387,0.16980053731723924
asthma_v2_copd_P24COPDPr_189.wav,0,4,2,3,0.11114156501393548,0.0325063698117487,0.18747974384491273,0.19700217457608227,0.47187014675332084
asthma_v2_copd_P24COPDPr_191.wav,0,4,2,2,0.0010164589526698966,0.001317074661138421,0.9964289151954391,0.0006342291488620777,0.000603322041890434
asthma_v2_copd_P33COPDMc_258.wav,0,4,2,3,0.09890944912222381,0.006566363696416056,0.17618888129803692,0.29647379698687965,0.4218615088964434
asthma_v2_copd_P33COPDMc_260.wav,0,4,2,4,0.01659375355922054,0.027156173458459578,0.1414778146481963,0.046116773821090334,0.7686554845130331
asthma_v2_copd_P33COPDMc_262.wav,0,4,2,4,0.0681144235977668,0.0809780385426115,0.09538627542032886,0.0902099444637719,0.6653113179755211
asthma_v2_copd_P33COPDMc_264.wav,0,4,2,2,0.003229059517932896,0.010341654537331161,0.9843254805172239,0.0003863454368353399,0.0017174599906769309
asthma_v2_copd_P33COPDPr_257.wav,0,4,2,2,0.004571894716235168,0.001090461223707798,0.9924512374401635,0.0005272529409405748,0.001359153678952774
asthma_v2_copd_P33COPDPr_259.wav,0,4,2,4,0.03921715003004952,0.046506339486398096,0.0620688556684168,0.13184182196963637,0.720365832845499
asthma_v2_copd_P33COPDPr_261.wav,0,4,2,4,0.1058140247355899,0.1661857128629634,0.07367849600990489,0.0616628068733013,0.5926589595182404
asthma_v2_copd_P33COPDPr_263.wav,0,4,2,4,0.04206391702825631,0.1218557531787196,0.35295348147215194,0.09848907401995079,0.3846377743009209
asthma_v2_copd_P37COPDMc_290.wav,0,4,2,2,0.0060440777566041935,0.12090731075161772,0.8484964790457658,0.014077389915132348,0.0104747425308799
asthma_v2_copd_P37COPDMc_292.wav,0,4,2,2,0.03361169879456312,0.013083910994343638,0.9219065546093379,0.013359516257041005,0.018038319344714667
asthma_v2_copd_P37COPDMc_294.wav,0,4,2,2,0.015382296426600264,0.007493058131085358,0.9645838021333484,0.002512398103633915,0.010028445205331823
asthma_v2_copd_P37COPDMc_296.wav,0,4,2,2,0.010295823126708922,0.0015492445625875768,0.9740805915835246,0.004285533084130747,0.009788807643048002
asthma_v2_copd_P37COPDPr_289.wav,0,4,2,2,0.010497297247154595,0.11249634875456417,0.8522728411995042,0.011750354787993316,0.012983158010783468
asthma_v2_copd_P37COPDPr_291.wav,0,4,2,2,0.005002886729136678,0.00256486178047922,0.9883856018325533,0.0010714312870724126,0.002975218370758244
asthma_v2_copd_P37COPDPr_293.wav,0,4,2,2,0.014104581219930176,0.0046454475271570745,0.9673085811024389,0.004612264048944418,0.009329126101529264
asthma_v2_copd_P37COPDPr_295.wav,0,4,2,2,0.003652551701199833,0.0022607312443550056,0.9843053709730366,0.003617068926915411,0.006164277154492678
asthma_v2_copd_P39COPDMc_306.wav,0,4,2,2,0.005066210431556989,0.003861161424715191,0.9861964933915467,0.0006480706632939408,0.004228064088887261
asthma_v2_copd_P39COPDMc_308.wav,0,4,2,2,0.0022766545763567535,0.01375894581271484,0.954144280711662,0.0009051871532385402,0.028914931746027894
asthma_v2_copd_P39COPDMc_310.wav,0,4,2,2,0.003631704640831871,0.030525246480560937,0.9373286123192313,0.005318989415646235,0.02319544714372989
asthma_v2_copd_P39COPDMc_312.wav,0,4,2,2,0.012265248198174242,0.013439132098272336,0.9687789247594163,0.0015420974113924044,0.003974597532744207
asthma_v2_copd_P39COPDPr_305.wav,0,4,2,2,0.025604506817164332,0.004964227337503162,0.8911648996848521,0.02488886078556553,0.05337750537491488
asthma_v2_copd_P39COPDPr_307.wav,0,4,2,2,0.020828967853981452,0.025316999503253654,0.7155113225813671,0.004617457829784045,0.2337252522316138
asthma_v2_copd_P39COPDPr_309.wav,0,4,2,2,0.0010629149553199858,0.0014082639870472119,0.9957076866833466,0.0004463489033140355,0.0013747854709721672
asthma_v2_copd_P39COPDPr_311.wav,0,4,2,2,0.0011666701398821632,0.029732113974977572,0.9623790107113275,0.0010951263507065548,0.0056270788231061
asthma_v2_copd_P42COPDMc_330.wav,0,4,2,2,5.959102023328939e-07,8.385797669308276e-07,0.9992653841900554,2.4082831091101904e-05,0.0007090984888840893
asthma_v2_copd_P42COPDMc_332.wav,0,4,2,2,0.0016569356937482108,0.0014610370822591475,0.973403820208743,0.0054681612399421035,0.01801004577530756
asthma_v2_copd_P42COPDMc_334.wav,0,4,2,2,0.00277602854105502,0.0019909988262840177,0.99107526206957,0.002419288217750381,0.0017384223453408214
asthma_v2_copd_P42COPDMc_336.wav,0,4,2,2,0.009553830057800168,0.006268743424146503,0.8436187742641569,0.02399644600484745,0.1165622062490491
asthma_v2_copd_P42COPDPr_329.wav,0,4,2,2,0.0004378074705490062,0.00019096326141679302,0.997852394293693,0.00016964099813616008,0.0013491939762049609
asthma_v2_copd_P42COPDPr_331.wav,0,4,2,2,0.0006504911231185791,0.0006776153742860666,0.9976156424036011,0.0005461997830363788,0.0005100513159579772
asthma_v2_copd_P42COPDPr_333.wav,0,4,2,2,0.0007294306500010751,0.0019439538706242235,0.9893422704159229,0.0026289751477104103,0.0053553699157406235
asthma_v2_copd_P42COPDPr_335.wav,0,4,2,2,0.012813381897946032,0.017075488616425712,0.794437236398156,0.05164278087231894,0.1240311122151531
asthma_v2_copd_P7COPDMc_50.wav,0,4,2,2,0.002002269787026744,0.0014037614660413708,0.9893330647225103,0.00310419453712704,0.004156709487294367
asthma_v2_copd_P7COPDMc_52.wav,0,4,2,2,0.00907919939422874,0.001501376409160076,0.9641789802743138,0.002821018093430419,0.022419425828866933
asthma_v2_copd_P7COPDMc_54.wav,0,4,2,2,0.008798023717973759,0.003917600873626395,0.9771908482839736,0.004740737218771456,0.005352789905654737
asthma_v2_copd_P7COPDMc_56.wav,0,4,2,2,0.08466708372869644,0.03642893619909727,0.7879551597370983,0.046090046586934934,0.04485877374817295
asthma_v2_copd_P7COPDPr_49.wav,0,4,2,2,0.009432061826413698,0.07233079256129628,0.7212577474264494,0.018876241746351594,0.17810315643948912
asthma_v2_copd_P7COPDPr_51.wav,0,4,2,2,0.006127650459561077,0.0008214130978458596,0.9742868501013985,0.0038621149719452654,0.014901971369249282
asthma_v2_copd_P7COPDPr_53.wav,0,4,2,2,0.0382293928196493,0.006638066089406336,0.9065999934212,0.01499839444060399,0.033534153229140065
asthma_v2_copd_P7COPDPr_55.wav,0,4,2,2,0.017437961664973203,0.07893888648811417,0.764452309347315,0.10623162293501585,0.032939219564581866
asthma_v2_healthy_P14Healthy28S.wav,0,4,3,3,0.01077777824781516,0.06505955034603532,0.420635085777761,0.458056236868075,0.04547134876031356
asthma_v2_healthy_P14Healthy47S.wav,0,4,3,3,0.039982133327641875,0.04751881502773681,0.15137887883618556,0.7033125976535737,0.057807575154862366
asthma_v2_healthy_P14Healthy53S.wav,0,4,3,3,0.12186950032094421,0.05495050930882627,0.2890527688803125,0.44076652727087356,0.09336069421904361
asthma_v2_healthy_P14Healthy54S.wav,0,4,3,3,0.049979530383657836,0.06545410010547048,0.11006616234400932,0.5363233275731346,0.23817687959372788
asthma_v2_healthy_P14Healthy89S.wav,0,4,3,3,0.004014310605114965,0.4069894978381278,0.03672388014619968,0.5406953912924518,0.011576920118106059
asthma_v2_healthy_P1Healthy29S.wav,0,4,3,3,0.003344090204403741,0.01805582851478276,0.020496434587414413,0.9330227029889526,0.025080943704446187
asthma_v2_healthy_P1Healthy55S.wav,0,4,3,3,0.008806069920102057,0.014616102682902867,0.08636694979510652,0.811698014471659,0.07851286313022927
asthma_v2_healthy_P1Healthy86S.wav,0,4,3,3,0.003453570266162198,0.014340757430061643,0.012640065358970493,0.9148225916558411,0.054743015288964275
asthma_v2_healthy_P1Healthy88S.wav,0,4,3,3,0.00476372574275403,0.0180004109029328,0.03362745961295645,0.8261944302646226,0.1174139734767344
asthma_v2_healthy_P1Healthy99S.wav,0,4,3,3,0.009008411055616602,0.012312685715986389,0.03072672627167264,0.8145149833393622,0.13343719361736253
asthma_v2_healthy_P20Healthy25S.wav,0,4,3,3,0.014083784208085528,0.005117636713923993,0.00040577489585788405,0.765309110625467,0.21508369355666562
asthma_v2_healthy_P20Healthy31S.wav,0,4,3,3,0.05858846318133058,0.009482846544855855,0.09599447201598209,0.7441590951687203,0.09177512308911077
asthma_v2_healthy_P20Healthy59S.wav,0,4,3,3,0.017763102182225803,0.042701020345511084,0.014198068698032255,0.7113375339299121,0.2140002748443191
asthma_v2_healthy_P20Healthy70S.wav,0,4,3,3,0.0051637114925022634,0.006443251549529482,0.0039857448979837,0.9341373714304424,0.05026992062954216
asthma_v2_healthy_P20Healthy84S.wav,0,4,3,1,0.25977372694700024,0.40626069754569705,0.2252576742271284,0.0521819226687448,0.05652597861142974
asthma_v2_healthy_P24Healthy51S.wav,0,4,3,3,0.0167097592970878,0.007628224993877586,0.007620383305496397,0.8906383098340701,0.07740332256946811
asthma_v2_healthy_P24Healthy58S.wav,0,4,3,3,0.17206737433847488,0.08452490835711214,0.010666337541048242,0.40668202033291934,0.32605935943044523
asthma_v2_healthy_P24Healthy62S.wav,0,4,3,3,0.011967965541841662,0.009701450474732776,0.05398407111243495,0.8099561849523653,0.1143903279186255
asthma_v2_healthy_P24Healthy63S.wav,0,4,3,3,0.052020777996107846,0.03892284728594402,0.0349440432862823,0.351123177327732,0.5229891541039338
asthma_v2_healthy_P24Healthy95S.wav,0,4,3,3,0.054957028656225856,0.04571847761823227,0.23061791608379514,0.3526287158273295,0.31607786181441755
asthma_v2_healthy_P7Healthy38S.wav,0,4,3,3,0.030161033577937608,0.038206318343105346,0.05241873057274375,0.777686995685854,0.10152692182035938
asthma_v2_healthy_P7Healthy39S.wav,0,4,3,3,0.015414541039983739,0.01832383785569277,0.025585269211989572,0.8860685451223288,0.054607806770005304
asthma_v2_healthy_P7Healthy84S.wav,0,4,3,4,0.18149866783990398,0.0057520692765026145,0.06306263989718687,0.239170814805845,0.5105158081805612
asthma_v2_healthy_P7Healthy85S.wav,0,4,3,4,0.22002809425767278,0.007216782630210263,0.018420977649877462,0.2116378427776501,0.5426963026845896
asthma_v2_healthy_P7Healthy94S.wav,0,4,3,3,0.06827222138380892,0.045787377500931634,0.10178580826316778,0.6664082358755244,0.11774635697656702
asthma_v2_pneumonia_P10Pneumonia52A.wav,0,4,4,4,0.05952617351036159,0.0715344710028741,0.5363619921261225,0.038230168134409916,0.2943471952262317
asthma_v2_pneumonia_P10Pneumonia73G.wav,0,4,4,4,0.16604656512611315,0.020780835863280556,0.060779133698140135,0.003970698649697124,0.7484227666627689
asthma_v2_pneumonia_P10Pneumonia80J.wav,0,4,4,4,0.09615779015652005,0.011983494576069467,0.130649771383508,0.017490349966938865,0.7437185939169636
asthma_v2_pneumonia_P10Pneumonia88R.wav,0,4,4,4,0.2540026847136483,0.007870224634086901,0.009894559042311945,0.030677517758736002,0.6975550138512168
asthma_v2_pneumonia_P10Pneumonia93W.wav,0,4,4,4,0.020869021828213083,0.0078019170515314755,0.005822350173129776,0.2976853215079926,0.6678213894391328
asthma_v2_pneumonia_P10Pneumonia97B.wav,0,4,4,4,0.19025844752333784,0.13659426849739056,0.03957576400199532,0.014565710996218654,0.6190058089810577
asthma_v2_pneumonia_P16Pneumonia18Z.wav,0,4,4,0,0.27030344138941187,0.02111392544534159,0.020567751156359126,0.2672497887881645,0.42076509322072275
asthma_v2_pneumonia_P16Pneumonia42Q.wav,0,4,4,0,0.33295390996130525,0.015588684780460929,0.012574629317915888,0.22051526816681122,0.41836750777350695
asthma_v2_pneumonia_P16Pneumonia56J.wav,0,4,4,4,0.22200879623337544,0.009069396553364471,0.008288466148717364,0.1202812936449406,0.6403520474196023
asthma_v2_pneumonia_P16Pneumonia66X.wav,0,4,4,0,0.3373048430538538,0.011476220342587247,0.009291213434369366,0.18047502210150607,0.46145270106768327
asthma_v2_pneumonia_P16Pneumonia78M.wav,0,4,4,4,0.250335021237875,0.011576630006601774,0.013017687878069539,0.11705547245812703,0.6080151884193266
asthma_v2_pneumonia_P16Pneumonia80G.wav,0,4,4,4,0.43573277195634547,0.004028190219091726,0.0029832775261881476,0.031172419360817945,0.5260833409375565
asthma_v2_pneumonia_P18Pneumonia15Q.wav,0,4,4,4,0.05313286744508053,0.01788681030171826,0.006164276691694053,0.02405804606138921,0.8987579995001179
asthma_v2_pneumonia_P18Pneumonia16E.wav,0,4,4,4,0.25295548560728903,0.042246595536014175,0.0026053287679642656,0.04611924811989462,0.6560733419688379
asthma_v2_pneumonia_P18Pneumonia23E.wav,0,4,4,3,0.02591480676623687,0.008384497809740208,0.0009901428606720148,0.41582860043447084,0.5488819521288804
asthma_v2_pneumonia_P18Pneumonia50S.wav,0,4,4,4,0.08305647684997314,0.007890849339910137,0.0010929243106318574,0.009017087417180141,0.8989426620823048
asthma_v2_pneumonia_P18Pneumonia84N.wav,0,4,4,4,0.06355163713331129,0.011880982794549239,0.00269731372770764,0.008817129753830867,0.9130529365906012
asthma_v2_pneumonia_P18Pneumonia88I.wav,0,4,4,4,0.045966937204212945,0.012838659142477178,0.002226855309441877,0.011009273223560309,0.9279582751203072
asthma_v2_pneumonia_P28Pneumonia22W.wav,0,4,4,4,0.024945187773272447,0.006120757923784034,0.0019525168283426456,0.002631095051014674,0.964350442423586
asthma_v2_pneumonia_P28Pneumonia43J.wav,0,4,4,4,0.009307068791831179,0.012131647039230602,0.002583558629774814,0.0702191899241816,0.9057585356149817
asthma_v2_pneumonia_P28Pneumonia56Y.wav,0,4,4,4,0.12296666891382665,0.06831954797586366,0.005176035883253431,0.030213810314301915,0.7733239369127545
asthma_v2_pneumonia_P28Pneumonia65J.wav,0,4,4,0,0.4405399471677228,0.2126203954381091,0.06876744120874403,0.00864239397881225,0.2694298222066118
asthma_v2_pneumonia_P28Pneumonia71A.wav,0,4,4,4,0.0341922468403366,0.007252039803958049,0.001701918545869034,0.001970542727336528,0.9548832520824998
asthma_v2_pneumonia_P28Pneumonia90E.wav,0,4,4,0,0.32309968129749134,0.18233946421862224,0.3356243610081571,0.008907043478077048,0.15002944999765186
asthma_v2_pneumonia_P32Pneumonia59Q.wav,0,4,4,3,0.016886293361191837,0.009080935700347015,0.004949660370515136,0.6490230566619691,0.32006005390597697
asthma_v2_pneumonia_P32Pneumonia66M.wav,0,4,4,4,0.03159888603338035,0.00810744651518498,0.0014651227632230073,0.11629350646953487,0.8425350382186767
asthma_v2_pneumonia_P32Pneumonia69E.wav,0,4,4,4,0.04382036082165279,0.02230507519309444,0.007595450026892328,0.004297124620113783,0.9219819893382467
asthma_v2_pneumonia_P32Pneumonia75E.wav,0,4,4,4,0.01445877787930455,0.010464934258364278,0.0016530602839373333,0.10273263484493643,0.8706905927334575
asthma_v2_pneumonia_P32Pneumonia98Y.wav,0,4,4,4,0.04672875015625875,0.030176459990714073,0.01640435499348846,0.01506527159201837,0.8916251632675205
asthma_v2_pneumonia_P32Pneumonia99W.wav,0,4,4,4,0.06660523383445616,0.015917467508094054,0.005752987058160763,0.004676146147469385,0.9070481654518194
asthma_v2_pneumonia_P33Pneumonia50P.wav,0,4,4,4,0.03798276332426632,0.012869174262601535,0.0035098656280809133,0.03367075889756455,0.9119674378874865
asthma_v2_pneumonia_P33Pneumonia70D.wav,0,4,4,4,0.04272530603327159,0.009488292589958756,0.002358048907292998,0.18146164362705908,0.7639667088424177
asthma_v2_pneumonia_P33Pneumonia74T.wav,0,4,4,4,0.017244551746280135,0.005751518854653905,0.0008560136567012369,0.001964015607117841,0.9741839001352469
asthma_v2_pneumonia_P33Pneumonia88U.wav,0,4,4,4,0.01562719859815904,0.009080327018093574,0.0008102454706879951,0.00856804426997562,0.9659141846430839
asthma_v2_pneumonia_P33Pneumonia94C.wav,0,4,4,4,0.08923661474232025,0.01579022174876693,0.0008462554613928286,0.1215429357062371,0.7725839723412828
asthma_v2_pneumonia_P33Pneumonia94P.wav,0,4,4,4,0.06786950402496,0.05516724581901051,0.014013336109654854,0.011292705283715062,0.8516572087626598
asthma_v2_pneumonia_P39Pneumonia16K.wav,0,4,4,0,0.7208009573659052,0.017220130742081813,0.003319880805665155,0.009777918337446961,0.24888111274890093
asthma_v2_pneumonia_P39Pneumonia41F.wav,0,4,4,4,0.2150203407603504,0.2775243256979909,0.11163085194647303,0.018253222043702024,0.3775712595514839
asthma_v2_pneumonia_P39Pneumonia49H.wav,0,4,4,0,0.8173030833102998,0.022170570520933387,0.003128167275860622,0.05296688934450891,0.10443128954839727
asthma_v2_pneumonia_P39Pneumonia78Z.wav,0,4,4,0,0.7849168813187867,0.017909547092171397,0.003247454833210998,0.010564706827007057,0.18336140992882402
asthma_v2_pneumonia_P39Pneumonia85Q.wav,0,4,4,4,0.17805619589855823,0.2632363075225204,0.038815139625159666,0.0652075633009021,0.4546847936528596
asthma_v2_pneumonia_P39Pneumonia87S.wav,0,4,4,4,0.15793644320517436,0.09340520232356327,0.04114189764156071,0.009015949288027113,0.6985005075416745
asthma_v2_pneumonia_P43Pneumonia24U.wav,0,4,4,3,0.026358071330866362,0.010929069815130203,0.3508435699372326,0.3406020884495954,0.27126720046717556
asthma_v2_pneumonia_P43Pneumonia53X.wav,0,4,4,3,0.04914574333288336,0.04335895123228388,0.10954998153538738,0.31293778754765245,0.48500753635179306
asthma_v2_pneumonia_P43Pneumonia54I.wav,0,4,4,3,0.044288892634208904,0.02685055151002322,0.0886214021889554,0.45906323860921716,0.38117591505759524
asthma_v2_pneumonia_P43Pneumonia73N.wav,0,4,4,4,0.2505393191486587,0.03826163368302703,0.05511874652630343,0.14759669688688223,0.508483603755129
asthma_v2_pneumonia_P43Pneumonia88Y.wav,0,4,4,3,0.023578083640060688,0.013320920269594071,0.3559528261452079,0.3836195097608266,0.22352866018431072
asthma_v2_pneumonia_P43Pneumonia89T.wav,0,4,4,3,0.019675307049969035,0.011675755113397213,0.1930341017767503,0.2969576124207544,0.47865722363912927
asthma_v2_pneumonia_P44Pneumonia36U.wav,0,4,4,4,0.0225055491184904,0.004345768637016047,0.012259650041709941,0.11925290741535398,0.8416361247874296
asthma_v2_pneumonia_P44Pneumonia47J.wav,0,4,4,4,0.2505393191486587,0.03826163368302703,0.05511874652630343,0.14759669688688223,0.508483603755129
asthma_v2_pneumonia_P44Pneumonia49B.wav,0,4,4,3,0.044288892634208904,0.02685055151002322,0.0886214021889554,0.45906323860921716,0.38117591505759524
asthma_v2_pneumonia_P44Pneumonia59U.wav,0,4,4,4,0.01350134888365794,0.016962537003483893,0.009842458229211737,0.2526107987815282,0.7070828571021187
asthma_v2_pneumonia_P44Pneumonia65N.wav,0,4,4,4,0.07731371998180041,0.0728858920029716,0.028560876224162007,0.06442555355705128,0.7568139582340145
asthma_v2_pneumonia_P44Pneumonia71M.wav,0,4,4,3,0.04914574333288336,0.04335895123228388,0.10954998153538738,0.31293778754765245,0.48500753635179306
asthma_v2_pneumonia_P5Pneumonia20K.wav,0,4,4,4,0.04975851767392214,0.020764089339621074,0.020590124811796635,0.050400351210855905,0.8584869169638044
asthma_v2_pneumonia_P5Pneumonia21J.wav,0,4,4,4,0.013763634540834973,0.005555323462690429,0.043445482788747526,0.07148891164628558,0.8657466475614415
asthma_v2_pneumonia_P5Pneumonia38U.wav,0,4,4,4,0.012171168458057822,0.014314088445684787,0.051229319087938076,0.1591003385803302,0.7631850854279892
asthma_v2_pneumonia_P5Pneumonia88J.wav,0,4,4,2,0.19245228441403853,0.028532551952307975,0.6701802122883382,0.011862365360238358,0.09697258598507706
asthma_v2_pneumonia_P5Pneumonia94P.wav,0,4,4,4,0.01664969680633309,0.0030455800182681726,0.00875025142990277,0.12371935776363702,0.8478351139818591
asthma_v2_pneumonia_P5Pneumonia95V.wav,0,4,4,4,0.01679484190579909,0.009005377991044132,0.06296548396809043,0.04139258555673714,0.8698417105783292
asthma_v2_pneumonia_P9Pneumonia31T.wav,0,4,4,4,0.22729420976883946,0.04472188333268131,0.13867624347957747,0.046057265428539315,0.543250397990362
asthma_v2_pneumonia_P9Pneumonia63O.wav,0,4,4,3,0.03635381310947674,0.027336408828085457,0.016187810019243343,0.3513874525471265,0.5687345154960678
asthma_v2_pneumonia_P9Pneumonia67I.wav,0,4,4,4,0.09818580064405993,0.003454446074765378,0.025786015034058737,0.07928665439061885,0.793287083856497
asthma_v2_pneumonia_P9Pneumonia73J.wav,0,4,4,4,0.1348177830794918,0.0018199664972763613,0.008934040680607372,0.045754632135849016,0.8086735776067752
asthma_v2_pneumonia_P9Pneumonia74S.wav,0,4,4,0,0.7020191499568769,0.01554633266515075,0.03578318880797957,0.0333824200624404,0.21326890850755287
asthma_v2_pneumonia_P9Pneumonia74V.wav,0,4,4,4,0.20614714474748816,0.0028441228226934083,0.00819278281056293,0.04930234498442576,0.7335136046348293
