file_id,repeat,fold,y_true,y_pred,p_asthma,p_bronchial,p_copd,p_healthy,p_pneumonia
asthma_v2_Bronchial_P10BronchialTc_49.wav,3,0,1,1,0.0905249438075891,0.691093516732516,0.15319402104692167,0.026742953322264725,0.03844456509070874
asthma_v2_Bronchial_P11BronchialSc_52.wav,3,0,1,3,0.027326562327969903,0.010944943360708637,0.0019407955394715015,0.8488279632559331,0.11095973551591691
asthma_v2_Bronchial_P11BronchialSc_54.wav,3,0,1,3,0.048001289946430416,0.01669532765945331,0.0341437304337845,0.42354509007572916,0.477614561884603
asthma_v2_Bronchial_P13BronchialSc_62.wav,3,0,1,0,0.8563772986886157,0.10792071142556119,0.0011379019711833004,0.010702626301125558,0.023861461613514347
asthma_v2_Bronchial_P14BronchialSc_70.wav,3,0,1,1,0.012391264645582182,0.8936356714787166,0.036783545481036795,0.032594826509008364,0.02459469188565659
asthma_v2_Bronchial_P15BronchialTc_73.wav,3,0,1,1,0.004962588652156984,0.9459197296342091,0.0171055072271981,0.022625995274224615,0.009386179212211123
asthma_v2_Bronchial_P15BronchialTc_75.wav,3,0,1,1,0.05506412337735775,0.67394503429816,0.21208596625269746,0.015156346056605425,0.04374853001517965
asthma_v2_Bronchial_P16BronchialSc_78.wav,3,0,1,1,0.09308821281198949,0.7534390690217401,0.07219471697995479,0.03427612460829657,0.04700187657801899
asthma_v2_Bronchial_P17BronchialSc_84.wav,3,0,1,1,0.01590112099717967,0.9400740104337896,0.025125738087875087,0.00625414704933781,0.012644983431817724
asthma_v2_Bronchial_P17BronchialTc_85.wav,3,0,1,1,0.007391991568126103,0.437880121606257,0.45193968294695197,0.08010218425036478,0.02268601962830001
asthma_v2_Bronchial_P18BronchialTc_89.wav,3,0,1,1,0.017057346750263696,0.9253952461397851,0.030990666832069892,0.013516495384982992,0.013040244892898392
asthma_v2_Bronchial_P21BronchialSc_104.wav,3,0,1,4,0.07058647795833667,0.15397121384733906,0.15306673310873767,0.1357900434117186,0.4865855316738682
asthma_v2_Bronchial_P4BronchialSc_16.wav,3,0,1,1,0.08162455797675233,0.6419735944982982,0.044001973234234236,0.08050113160307568,0.1518987426876393
asthma_v2_Bronchial_P5BronchialSc_24.wav,3,0,1,1,0.01677902609350735,0.7368459450778162,0.04974235893308615,0.13921663430724762,0.05741603558834277
asthma_v2_Bronchial_P5BronchialTc_25.wav,3,0,1,1,0.024400781226376324,0.7561947331239496,0.10180413729034744,0.046303859344137416,0.07129648901518892
asthma_v2_Bronchial_P6BronchialTc_29.wav,3,0,1,1,0.039758688037708566,0.7454201127341544,0.07434717968709242,0.06868093715733942,0.07179308238370502
asthma_v2_Bronchial_P7BronchialTc_31.wav,3,0,1,1,0.004112574649199727,0.9415617783710529,0.03452322504737581,0.016150521894229202,0.003651900038142364
asthma_v2_Bronchial_P8BronchialSc_36.wav,3,0,1,1,0.013626919271840152,0.8614699081259827,0.09581202775166406,0.01240467086636614,0.016686473984146886
asthma_v2_Bronchial_P8BronchialTc_37.wav,3,0,1,1,0.005941365938164775,0.9029681361488077,0.06717967768256906,0.006653577968130553,0.017257242262327867
asthma_v2_Bronchial_P9BronchialSc_42.wav,3,0,1,1,0.0037313827783572325,0.9397164170770221,0.014300518278852554,0.0369225011994612,0.005329180666306816
asthma_v2_Bronchial_P9BronchialTc_43.wav,3,0,1,1,0.004424258698388706,0.9581884342109441,0.019748440659216174,0.007642723380071324,0.00999614305137987
asthma_v2_asthma_P10AsthmaIU_50.wav,3,0,0,0,0.8209101125226814,0.13114584279876645,0.007377441382435254,0.014600361375820615,0.02596624192029649
asthma_v2_asthma_P11WheezingRL_51.wav,3,0,0,0,0.7405220630254269,0.21435271716933785,0.008082489313806866,0.008092609102052903,0.02895012138937529
asthma_v2_asthma_P11WheezingRL_55.wav,3,0,0,0,0.7799533299385796,0.1471967578854969,0.006256565325411685,0.014288561587034341,0.05230478526347754
asthma_v2_asthma_P12WheezingIE_57.wav,3,0,0,0,0.698894298503617,0.007842449935272269,0.016621112657984553,0.005580278051517601,0.27106186085160877
asthma_v2_asthma_P13WheezingRS_64.wav,3,0,0,0,0.8513834879438993,0.015733366412277013,0.003960574453030046,0.0050549453187682175,0.12386762587202546
asthma_v2_asthma_P14WheezingIE_69.wav,3,0,0,0,0.7540054627827183,0.017011201324554543,0.08608447398987235,0.06874060325294246,0.07415825864991227
asthma_v2_asthma_P14WheezingIU_66.wav,3,0,0,0,0.9072537539650748,0.029923284636518745,0.002511360302486748,0.0015939991032185062,0.05871760199270126
asthma_v2_asthma_P14WheezingIU_70.wav,3,0,0,0,0.6218563939845768,0.018542614408952055,0.009775802957696872,0.022836900873876638,0.32698828777489763
asthma_v2_asthma_P15WheezingIU_74.wav,3,0,0,4,0.3911071862972326,0.01706141194966676,0.012411325228031858,0.016194165889203405,0.5632259106358651
asthma_v2_asthma_P15WheezingRS_72.wav,3,0,0,0,0.7898189537396534,0.016810718628492417,0.006079317155739079,0.042457241303673905,0.14483376917244128
asthma_v2_asthma_P17WheezingIE_85.wav,3,0,0,0,0.4927582149585441,0.005472156429882271,0.043673448849409005,0.0019738098422639326,0.45612236991990074
asthma_v2_asthma_P17WheezingIU_82.wav,3,0,0,0,0.8066348312120212,0.0542903465409697,0.01402462520091949,0.009464431197184152,0.1155857658489052
asthma_v2_asthma_P18WheezingRS_88.wav,3,0,0,0,0.553567874222366,0.08221292607789513,0.0134824735504898,0.0698486253433002,0.28088810080594884
asthma_v2_asthma_P19WheezingRS_92.wav,3,0,0,0,0.6520487074795845,0.023688996356040347,0.013026538867533573,0.10526179632794995,0.2059739609688915
asthma_v2_asthma_P22WheezingIU_106.wav,3,0,0,0,0.8258555369783209,0.0326322893891243,0.009042320529016289,0.0036657819071380447,0.1288040711964003
asthma_v2_asthma_P22WheezingIU_110.wav,3,0,0,0,0.8900104461025368,0.032658341129697455,0.007469478097569549,0.02163458864244479,0.048227146027751515
asthma_v2_asthma_P22WheezingRS_108.wav,3,0,0,0,0.7288318026820082,0.039435385107214276,0.012113436797935088,0.006061986575141503,0.21355738883770128
asthma_v2_asthma_P24WheezingIE_117.wav,3,0,0,0,0.9034346301922921,0.012265005347458228,0.01894087832002942,0.00271284964875306,0.06264663649146708
asthma_v2_asthma_P25WheezingRL_123.wav,3,0,0,0,0.8976973650965133,0.014521913361703472,0.007188728115182994,0.016386197924035954,0.06420579550256394
asthma_v2_asthma_P25WheezingRS_124.wav,3,0,0,0,0.8317618670697596,0.04886658448171671,0.06883946130649274,0.008454122353486655,0.042077964788544156
asthma_v2_asthma_P27WheezingIU_134.wav,3,0,0,0,0.7225428800922129,0.04893454875780705,0.01192414733379312,0.007094263673024978,0.20950416014316173
asthma_v2_asthma_P27WheezingRL_135.wav,3,0,0,1,0.3610751628798584,0.4790180023662022,0.027231777408946067,0.01635089497119991,0.1163241623737936
asthma_v2_asthma_P27WheezingRS_132.wav,3,0,0,0,0.6407925339806212,0.028596076268998336,0.2310952884559241,0.0174112153863938,0.08210488590806245
asthma_v2_asthma_P28WheezingIE_137.wav,3,0,0,0,0.8877259732339416,0.025538209060883506,0.004650409494760802,0.01760550635545701,0.06447990185495699
asthma_v2_asthma_P29WheezingIE_141.wav,3,0,0,0,0.6560951758609467,0.029831190322611095,0.034800206409409236,0.004250122511424611,0.2750233048956082
asthma_v2_asthma_P2AsthmaIU_6.wav,3,0,0,2,0.21191907217333597,0.14106639962908735,0.5609210694801343,0.03499384001740687,0.051099618700035536
asthma_v2_asthma_P34WheezingIU_166.wav,3,0,0,0,0.8614026095122131,0.03957760101634851,0.01302406173416324,0.002051668408285086,0.08394405932899011
asthma_v2_asthma_P34WheezingIU_170.wav,3,0,0,0,0.8661679612880105,0.03795109720927867,0.013695576592154899,0.0194999645628155,0.06268540034774067
asthma_v2_asthma_P36WheezingIE_177.wav,3,0,0,0,0.8277179817907038,0.020835499337593506,0.03504963928445739,0.0058001286562937,0.11059675093095168
asthma_v2_asthma_P37WheezingRL_183.wav,3,0,0,0,0.9328743334865385,0.016180583799632546,0.0165566513834508,0.001162913725399,0.033225517604979125
asthma_v2_asthma_P38WheezingRL_187.wav,3,0,0,0,0.9003443668357561,0.02504419121098987,0.030935503222288663,0.0076757680090560635,0.03600017072190936
asthma_v2_asthma_P39WheezingIU_194.wav,3,0,0,0,0.9094735018993079,0.009550304289614592,0.017560002852584647,0.0022895490375539024,0.06112664192093935
asthma_v2_asthma_P40WheezingIU_198.wav,3,0,0,0,0.6950433307778581,0.1364153450637021,0.13265844637600363,0.003489733992903341,0.03239314378953246
asthma_v2_asthma_P41WheezingIU_202.wav,3,0,0,0,0.9687563914359378,0.004870234403105464,0.008059899141363888,0.0004677727859315967,0.017845702233661383
asthma_v2_asthma_P42WheezingIE_209.wav,3,0,0,0,0.8084844546790225,0.009576732223029781,0.14159852689022717,0.003722985452683669,0.03661730075503679
asthma_v2_asthma_P42WheezingRS_208.wav,3,0,0,0,0.635849053564408,0.027911578513270842,0.1071007999602589,0.009074899815331513,0.2200636681467307
asthma_v2_asthma_P43WheezingIU_214.wav,3,0,0,0,0.7307192363396392,0.0039925500062129955,0.14076885801628325,0.016815556789313478,0.10770379884855094
asthma_v2_asthma_P44WheezingRS_216.wav,3,0,0,0,0.7891696492228907,0.09793120165049167,0.00790515001213888,0.05652619647411048,0.048467802640368506
asthma_v2_asthma_P45WheezingRS_224.wav,3,0,0,0,0.7726689423269204,0.09572126343102975,0.040860000907615004,0.005402247429667042,0.08534754590476805
asthma_v2_asthma_P46WheezingIU_226.wav,3,0,0,0,0.8797287810162927,0.026694831785339476,0.06871724989826446,0.003134912739294801,0.021724224560808313
asthma_v2_asthma_P47WheezingRL_235.wav,3,0,0,0,0.8066554260569536,0.008406407007889333,0.07588872897405827,0.005572131073458142,0.10347730688764045
asthma_v2_asthma_P49WheezingRS_244.wav,3,0,0,0,0.9541367297415901,0.019919586542630277,0.011971670395118804,0.004378570113263508,0.009593443207397367
asthma_v2_asthma_P4AsthmaRS_16.wav,3,0,0,0,0.9065915511961687,0.028800947825242132,0.003229156614248067,0.0015093741247809145,0.05986897023956044
asthma_v2_asthma_P50WheezingIU_246.wav,3,0,0,0,0.7328136206109676,0.04095898158101315,0.04899086680395181,0.02332528075963676,0.1539112502444308
asthma_v2_asthma_P50WheezingIU_250.wav,3,0,0,0,0.9266568367134855,0.007756498224288065,0.026912775564346684,0.005850610292840882,0.032823279205039184
asthma_v2_asthma_P51WheezingIU_254.wav,3,0,0,0,0.8350249361575756,0.04685350774504148,0.06148219466080066,0.004181091992025539,0.0524582694445566
asthma_v2_asthma_P53WheezingIE_261.wav,3,0,0,0,0.811486698448965,0.10513711487411376,0.032578316242570064,0.008576035626277118,0.04222183480807356
asthma_v2_asthma_P56WheezingIE_277.wav,3,0,0,4,0.1353165656524346,0.005412873938383782,0.0136623911221048,0.003870439389858875,0.8417377298972178
asthma_v2_asthma_P56WheezingRS_276.wav,3,0,0,4,0.3773303107245172,0.009989633568641243,0.11082375501234033,0.0192026094679072,0.4826536912265941
asthma_v2_asthma_P57WheezingIU_282.wav,3,0,0,4,0.03821947210168373,0.0007541557460206154,0.0005442366856994739,0.03811233111865329,0.9223698043479428
asthma_v2_asthma_P5AsthmaIE_21.wav,3,0,0,0,0.8437045910646235,0.05108783588143037,0.01251697951688885,0.004710524847916396,0.08798006868914098
asthma_v2_asthma_P5AsthmaIU_22.wav,3,0,0,0,0.8369621648145438,0.049769966895891596,0.005034995726395879,0.0026995000314927755,0.10553337253167591
asthma_v2_asthma_P6AsthmaIU_26.wav,3,0,0,0,0.4918922777881219,0.1960252451061467,0.1459235495317943,0.0494896307360067,0.11666929683793041
asthma_v2_asthma_P6AsthmaRS_28.wav,3,0,0,0,0.6001549613147695,0.006998314069853155,0.003969178879254874,0.035070284519280674,0.3538072612168421
asthma_v2_asthma_P7AsthmaIU_34.wav,3,0,0,0,0.8832413793634698,0.05655397696500246,0.0027672287937056347,0.004564658109572856,0.05287275676824929
asthma_v2_asthma_P8AsthmaIE_37.wav,3,0,0,0,0.7783904555578891,0.03248416517477595,0.010380220887675373,0.04121982343490027,0.13752533494475905
asthma_v2_asthma_P8AsthmaRS_36.wav,3,0,0,0,0.8737575263916701,0.07748004935784325,0.006086008194776857,0.0034783947098816406,0.0391980213458281
asthma_v2_asthma_P9AsthmaIE_45.wav,3,0,0,0,0.8941524344563049,0.0619613496588349,0.002990825497165641,0.002523095063270133,0.038372295324424315
asthma_v2_copd_P10COPDMc_74.wav,3,0,2,0,0.5237439149409246,0.09235864715412181,0.06731940508276654,0.026913669018743636,0.28966436380344357
asthma_v2_copd_P10COPDMc_78.wav,3,0,2,0,0.8959047932412897,0.024801623864161185,0.05063497406147149,0.004054206091989026,0.02460440274108861
asthma_v2_copd_P10COPDPr_77.wav,3,0,2,4,0.3668543609002454,0.03861636009392081,0.030369376679582928,0.029330932717589648,0.5348289696086611
asthma_v2_copd_P10COPDPr_79.wav,3,0,2,0,0.7973382716134123,0.10838582359791342,0.026399211836464813,0.007719273041593572,0.060157419910616246
asthma_v2_copd_P11COPDMc_82.wav,3,0,2,0,0.8931585999377682,0.03783939805388378,0.016050016897129975,0.003126518193539641,0.04982546691767832
asthma_v2_copd_P11COPDMc_86.wav,3,0,2,2,0.05297461228574323,0.020340621157334066,0.8915626697144152,0.010972346644387235,0.024149750198119893
asthma_v2_copd_P14COPDPr_105.wav,3,0,2,2,0.0039988229336931054,0.01663568873916767,0.9168441701102263,0.004599450472570612,0.057921867744341944
asthma_v2_copd_P14COPDPr_111.wav,3,0,2,0,0.5052461267233173,0.0052932375121964295,0.4585588287296402,0.00138548698825389,0.029516320046592385
asthma_v2_copd_P15COPDMc_114.wav,3,0,2,0,0.651679768248529,0.009540436357659646,0.2815631911782767,0.008858034952798724,0.04835856926273641
asthma_v2_copd_P15COPDMc_118.wav,3,0,2,2,0.007706896223211696,0.005280755065059798,0.9718315015478893,0.007139868985820124,0.008040978178019237
asthma_v2_copd_P16COPDPr_127.wav,3,0,2,2,0.00029031494254137477,0.00048268374881047676,0.9977504157403034,9.43060170483689e-05,0.0013822795512963121
asthma_v2_copd_P17COPDPr_129.wav,3,0,2,2,0.0039264482144968655,0.0008979548068337033,0.9840590362746366,0.001084285115071385,0.010032275588961057
asthma_v2_copd_P17COPDPr_133.wav,3,0,2,2,0.0009211268783903176,0.00022281163508619992,0.9955816677470888,0.0001827863992682414,0.003091607340166661
asthma_v2_copd_P18COPDMc_138.wav,3,0,2,2,0.002237093050166353,0.0032621646331263124,0.9915697755718458,0.0005048902336532121,0.0024260765112084663
asthma_v2_copd_P18COPDMc_144.wav,3,0,2,2,0.010372702721320282,0.021414967478476057,0.8839630012393636,0.02018090157771732,0.06406842698312283
asthma_v2_copd_P19COPDMc_152.wav,3,0,2,2,0.024522998913401525,0.018431919797950853,0.9364979342066494,0.006432526893561396,0.014114620188437023
asthma_v2_copd_P19COPDPr_145.wav,3,0,2,2,0.005676083465399547,0.022461979276606203,0.9516909535993207,0.001964963062587932,0.018206020596085684
asthma_v2_copd_P19COPDPr_147.wav,3,0,2,4,0.09393773553045906,0.04390926268877928,0.4079491826939931,0.00746077769424703,0.4467430413925215
asthma_v2_copd_P1COPDMc_2.wav,3,0,2,0,0.6506630574856043,0.01774082964647792,0.16601066643690815,0.05562283320701372,0.10996261322399611
asthma_v2_copd_P1COPDPr_1.wav,3,0,2,0,0.6767206423930969,0.03107207092736147,0.24853081238953265,0.0050038934247400545,0.03867258086526904
asthma_v2_copd_P1COPDPr_3.wav,3,0,2,0,0.39811372135857537,0.014711500262697895,0.5639202435150483,0.0017295825101265481,0.021524952353551778
asthma_v2_copd_P20COPDPr_157.wav,3,0,2,2,0.06353866365984573,0.020696392406270823,0.6660719220012011,0.05380293949388382,0.1958900824387985
asthma_v2_copd_P21COPDMc_168.wav,3,0,2,2,0.026947565460636508,0.012146617374665413,0.47018236647041806,0.224096239262688,0.2666272114315924
asthma_v2_copd_P22COPDPr_169.wav,3,0,2,2,0.006640702491132938,0.0067656551951010445,0.9605837238437839,0.011034334959732012,0.014975583510250075
asthma_v2_copd_P23COPDMc_178.wav,3,0,2,2,0.0476977848837618,0.026847348001000155,0.8341967320205406,0.045574299581532925,0.04568383551316475
asthma_v2_copd_P23COPDMc_180.wav,3,0,2,2,0.012486615557312617,0.017938800822594272,0.8302746056255281,0.05114289917967509,0.0881570788148898
asthma_v2_copd_P23COPDMc_182.wav,3,0,2,2,0.012236520395270102,0.02772011883300164,0.9085993770440103,0.021548407068456035,0.029895576659261996
asthma_v2_copd_P23COPDPr_179.wav,3,0,2,2,0.0039042586496632454,0.005257806775968633,0.9861954332721341,0.0018978362656998263,0.002744665036534361
asthma_v2_copd_P24COPDPr_191.wav,3,0,2,2,0.0007413267078586272,0.0030165795049175064,0.9935359410922812,0.0013865368028682858,0.0013196158920744832
asthma_v2_copd_P25COPDMc_200.wav,3,0,2,2,0.0024403041808189092,0.0032572251363218022,0.988337336355011,0.001766091860250269,0.004199042467598238
asthma_v2_copd_P25COPDPr_199.wav,3,0,2,2,0.002057905587473625,0.007622194352609125,0.9841454701558451,0.003973076031022743,0.0022013538730494696
asthma_v2_copd_P27COPDMc_216.wav,3,0,2,2,0.0004568813975322218,0.0010947178388399758,0.9894808292724615,0.006429179237374623,0.0025383922537917177
asthma_v2_copd_P27COPDPr_209.wav,3,0,2,2,0.0015415953445536811,0.005436798001806595,0.9900938566621146,0.0014791123472934094,0.0014486376442318627
asthma_v2_copd_P28COPDMc_224.wav,3,0,2,2,0.0017521022991921539,0.003977265873098593,0.9909045628531534,0.0010259511517586172,0.0023401178227968516
asthma_v2_copd_P2COPDPr_11.wav,3,0,2,2,0.013032317240161372,0.006129516673045432,0.9723078951000673,0.0030940218026084456,0.005436249184117361
asthma_v2_copd_P30COPDMc_238.wav,3,0,2,2,0.00039038722322914867,0.0017715566545382045,0.9958156519031821,0.0010470876452720263,0.0009753165737785015
asthma_v2_copd_P30COPDPr_235.wav,3,0,2,4,0.024291477029789572,0.005677903364702538,0.4844872242781533,0.04750837924935431,0.43803501607800027
asthma_v2_copd_P32COPDMc_252.wav,3,0,2,2,0.05793598415915971,0.0028592769923910214,0.9355409803913427,0.0006096282257159682,0.003054130231390507
asthma_v2_copd_P32COPDMc_254.wav,3,0,2,2,0.05848644659138595,0.005396309923469234,0.9238862245041237,0.004228070992380118,0.008002947988640988
asthma_v2_copd_P34COPDMc_266.wav,3,0,2,2,0.02351848735255709,0.060460177569938614,0.9053039497623089,0.0013746361262734796,0.009342749188921895
asthma_v2_copd_P34COPDMc_272.wav,3,0,2,2,0.006655472430990256,0.0876861588032605,0.8959460037368301,0.00047945151333790543,0.00923291351558136
asthma_v2_copd_P34COPDPr_271.wav,3,0,2,2,0.009787362902143368,0.029439395263724955,0.9509845059589905,0.0006545018016712286,0.009134234073469623
asthma_v2_copd_P35COPDMc_276.wav,3,0,2,2,8.423020420870382e-07,1.3064890362655098e-06,0.9991821299874113,0.00010367447414669483,0.0007120467473638684
asthma_v2_copd_P36COPDMc_284.wav,3,0,2,2,0.007161709355293604,0.01985208333780632,0.8523218878412002,0.05210995560068076,0.06855436386501904
asthma_v2_copd_P36COPDMc_286.wav,3,0,2,2,0.0012299942114762914,0.003924170904707842,0.9869085152541134,0.0031598820224850496,0.004777437607217446
asthma_v2_copd_P36COPDPr_281.wav,3,0,2,2,0.0007853615747572945,0.0015135886199423969,0.995454020288947,0.001242876348332406,0.001004153168021031
asthma_v2_copd_P37COPDMc_292.wav,3,0,2,2,0.029732261003333624,0.013915580076374546,0.9325431031156746,0.010641737406894588,0.013167318397722583
asthma_v2_copd_P37COPDPr_291.wav,3,0,2,2,0.0046881583062551285,0.004527182851880258,0.984504852037849,0.002298218656960255,0.003981588147055327
asthma_v2_copd_P38COPDPr_299.wav,3,0,2,2,0.0931191652338073,0.009376150388517161,0.733944540762757,0.013069839985939642,0.1504903036289787
asthma_v2_copd_P38COPDPr_303.wav,3,0,2,2,0.004998977787815761,0.005380008024766284,0.9798943016871589,0.0014550974450826366,0.008271615055176536
asthma_v2_copd_P39COPDPr_309.wav,3,0,2,2,0.0008717053655246057,0.002480106132741752,0.9937278014852033,0.0009400180115152975,0.001980369005014887
asthma_v2_copd_P39COPDPr_311.wav,3,0,2,2,0.0007681590800898473,0.030984311601656225,0.9605376093902296,0.0017364184870456237,0.005973501440978736
asthma_v2_copd_P3COPDMc_20.wav,3,0,2,2,0.013745512302789639,0.007819169967294898,0.9725813466541718,0.002387260248450119,0.0034667108272934894
asthma_v2_copd_P40COPDMc_316.wav,3,0,2,2,4.014911898033814e-06,3.5304071326879133e-06,0.9972672351676097,0.00012560238243829785,0.0025996171309213005
asthma_v2_copd_P42COPDMc_336.wav,3,0,2,2,0.0037148450875140373,0.002178060273364144,0.9274073151833583,0.019637943510510285,0.04706183594525325
asthma_v2_copd_P42COPDPr_335.wav,3,0,2,2,0.005877179980815347,0.009758522833575933,0.8580386376392,0.056666120860949284,0.06965953868545963
asthma_v2_copd_P43COPDMc_340.wav,3,0,2,2,0.0005011207391167075,0.0005717459188206328,0.9966106076813087,0.0004161398094857282,0.0019003858512681177
asthma_v2_copd_P43COPDPr_337.wav,3,0,2,2,0.001652774797700024,0.007916294261672643,0.9839582569285401,0.0023412053243755085,0.004131468687711653
asthma_v2_copd_P44COPDMc_350.wav,3,0,2,2,0.0004194817527895267,0.023427993892998645,0.9598150229748068,0.012107583900140323,0.004229917479264726
asthma_v2_copd_P44COPDPr_345.wav,3,0,2,2,0.0009192243063240681,0.00176974005847869,0.9287954243344914,0.004590285985093789,0.0639253253156123
asthma_v2_copd_P44COPDPr_351.wav,3,0,2,2,0.004890671703942572,0.08738982556224574,0.8212898387490348,0.061747655202928374,0.024682008781848952
asthma_v2_copd_P45COPDMc_354.wav,3,0,2,2,0.009274997091331571,0.0017236571461211455,0.7028633831859878,0.05115766946072206,0.23498029311583715
asthma_v2_copd_P45COPDPr_353.wav,3,0,2,2,0.002545684401880894,0.0014675209298382309,0.9122153366555988,0.021646685159373836,0.06212477285330846
asthma_v2_copd_P46COPDMc_362.wav,3,0,2,2,0.004676804581622456,0.0037176311189151038,0.6458340782717548,0.030551145188700123,0.31522034083900746
asthma_v2_copd_P46COPDMc_368.wav,3,0,2,2,0.020130754569711397,0.013811782298694631,0.8988545424215568,0.004053834977826905,0.06314908573221015
asthma_v2_copd_P46COPDPr_361.wav,3,0,2,2,0.024298426907612306,0.078624087157296,0.5576233382391381,0.0768972218917718,0.2625569258041815
asthma_v2_copd_P46COPDPr_367.wav,3,0,2,2,0.0079118193898747,0.005732979960479365,0.9537382112577795,0.008489386138122886,0.02412760325374338
asthma_v2_copd_P48COPDPr_383.wav,3,0,2,2,0.007411302844098837,0.0023506562964276186,0.9831553412909773,0.0022735000187521733,0.004809199549743873
asthma_v2_copd_P49COPDMc_386.wav,3,0,2,2,0.0003551004352258689,0.013595066413011083,0.9489781789639625,0.02802124499634729,0.009050409191453489
asthma_v2_copd_P49COPDMc_388.wav,3,0,2,2,0.002167705226522287,0.0217385858278519,0.7964156320280043,0.0730941231504184,0.10658395376720314
asthma_v2_copd_P4COPDMc_26.wav,3,0,2,2,0.0007952260727794812,0.0016088647133191123,0.9877306252705467,0.005067262558879156,0.0047980213844755005
asthma_v2_copd_P4COPDMc_30.wav,3,0,2,2,0.18553083635686926,0.10922123765676928,0.5654712283925328,0.04720183132773797,0.09257486626609059
asthma_v2_copd_P4COPDMc_32.wav,3,0,2,4,0.22517429756363563,0.010042767307110298,0.2934762423782761,0.03699361058150662,0.4343130821694711
asthma_v2_copd_P4COPDPr_25.wav,3,0,2,2,0.00044507237737976147,0.003956495637491273,0.9637193571461982,0.028350827468922785,0.003528247370008206
asthma_v2_copd_P4COPDPr_27.wav,3,0,2,2,0.00038499296601879346,0.000704975988165739,0.9936294562015279,0.00108137423515577,0.004199200609131932
asthma_v2_copd_P6COPDMc_42.wav,3,0,2,2,0.006819675503348076,0.0018117584113852075,0.9868392810103784,0.0010971494145189616,0.003432135660369269
asthma_v2_copd_P6COPDMc_46.wav,3,0,2,2,0.006007218473648525,0.013149967218210623,0.8159486816880609,0.06156808272003793,0.10332604990004181
asthma_v2_copd_P6COPDPr_47.wav,3,0,2,2,0.11607985195183704,0.009567511331556634,0.6426999257605462,0.040038266786561215,0.19161444416949894
asthma_v2_copd_P7COPDMc_54.wav,3,0,2,2,0.005581806427830235,0.003223849331992125,0.9797261060291794,0.006697256568847899,0.004770981642150824
asthma_v2_copd_P7COPDPr_55.wav,3,0,2,2,0.027568298313795755,0.10412014769083963,0.6525671131387027,0.17234786465200574,0.04339657620465617
asthma_v2_healthy_P11Healthy60S.wav,3,0,3,3,0.011465188833941327,0.004806575796771223,0.015814741413679986,0.8742534264161888,0.09366006753941895
asthma_v2_healthy_P11Healthy73S.wav,3,0,3,3,0.07036526494471786,0.07379960922933364,0.07275129716930807,0.7307226700344718,0.052361158622168745
asthma_v2_healthy_P12Healthy16S.wav,3,0,3,3,0.09043895423123076,0.0926580122278813,0.11849882448655352,0.528667059576823,0.16973714947751126
asthma_v2_healthy_P13Healthy28S.wav,3,0,3,3,0.018182941851936536,0.007915787937427548,0.05360506353162883,0.8942342533091173,0.026061953369889493
asthma_v2_healthy_P13Healthy69S.wav,3,0,3,4,0.12305158682889057,0.03294496416854024,0.08864979816758306,0.24404952066065708,0.5113041301743291
asthma_v2_healthy_P15Healthy93S.wav,3,0,3,3,0.11301769337798476,0.0727666260450308,0.14705515518244278,0.5867167010070254,0.08044382438751646
asthma_v2_healthy_P16Healthy38S.wav,3,0,3,3,0.05169571246580161,0.010469040950104754,0.014978755002426179,0.7784964682603268,0.14436002332134085
asthma_v2_healthy_P16Healthy41S.wav,3,0,3,3,0.030785637733462903,0.003605085614803432,0.005800064609499384,0.6474091625235588,0.31240004951867584
asthma_v2_healthy_P17Healthy22S.wav,3,0,3,3,0.030794696897616044,0.005224987134635833,0.014948184276269432,0.65547180674122,0.2935603249502588
asthma_v2_healthy_P17Healthy58S.wav,3,0,3,3,0.03826037585699152,0.007619448567323959,0.008907377712511284,0.39740531214190516,0.5478074857212685
asthma_v2_healthy_P17Healthy83S.wav,3,0,3,4,0.0581057706151277,0.01640762495096988,0.012876036521589368,0.052649251928804326,0.8599613159835087
asthma_v2_healthy_P18Healthy98S.wav,3,0,3,3,0.04453071823561924,0.016430166047796714,0.07804543765003588,0.6981513002973965,0.162842377769152
asthma_v2_healthy_P20Healthy25S.wav,3,0,3,3,0.018893883672349687,0.001628907250130148,0.0005090354597151421,0.49997595403363865,0.4789922195841668
asthma_v2_healthy_P21Healthy53S.wav,3,0,3,3,0.027079690975108074,0.0028245660302817803,0.004033717286174047,0.8338990829663904,0.1321629427420457
asthma_v2_healthy_P23Healthy72S.wav,3,0,3,4,0.04153745366260708,0.001363371452062497,0.003444256727819869,0.12822424604485808,0.8254306721126526
asthma_v2_healthy_P23Healthy97S.wav,3,0,3,4,0.027115242398282377,0.0006872756480369644,0.0005821838880433064,0.3231407995221597,0.6484744985434775
asthma_v2_healthy_P24Healthy62S.wav,3,0,3,3,0.008942664633333718,0.002589849216098504,0.03431219379653036,0.8957695737296179,0.058385718624419276
asthma_v2_healthy_P25Healthy72S.wav,3,0,3,3,0.09038728246136575,0.010470997750568594,0.053400808970922545,0.7826608361916358,0.06308007462550715
asthma_v2_healthy_P2Healthy30S.wav,3,0,3,3,0.01919304458326874,0.0021765374681097203,0.008442872007391244,0.4710688643147928,0.49911868162643785
asthma_v2_healthy_P6Healthy51S.wav,3,0,3,4,0.31579411971718574,0.007149675081871062,0.041418856630617895,0.21805122974934726,0.417586118820978
asthma_v2_healthy_P6Healthy71S.wav,3,0,3,3,0.14724022783219898,0.010221140654635363,0.019724882854034897,0.7525095092085033,0.07030423945062773
asthma_v2_healthy_P7Healthy38S.wav,3,0,3,3,0.021109239832773484,0.025790065749994873,0.026300461592605087,0.8890436708839762,0.03775656194065075
asthma_v2_healthy_P7Healthy84S.wav,3,0,3,4,0.23810638865102116,0.006300645621221023,0.0892194536373703,0.15278705204099635,0.5135864600493909
asthma_v2_healthy_P7Healthy85S.wav,3,0,3,4,0.3345742280334913,0.013980205022842859,0.022760658696652322,0.10022601801501513,0.5284588902319983
asthma_v2_healthy_P8Healthy35S.wav,3,0,3,3,0.1666062086732969,0.07102758271049664,0.11004683540672434,0.5464623344890747,0.10585703872040744
asthma_v2_healthy_P9Healthy61S.wav,3,0,3,3,0.23224529817977674,0.07084691453377212,0.005627771799094131,0.566938261701975,0.12434175378538222
asthma_v2_healthy_P9Healthy79S.wav,3,0,3,3,0.047766480341720464,0.007933705356976399,0.009561357392466621,0.7745284694045688,0.1602099875042677
asthma_v2_pneumonia_P11Pneumonia58A.wav,3,0,4,4,0.0893080393079486,0.0028517313184177498,0.004836846694093557,0.046354006277867614,0.8566493764016725
asthma_v2_pneumonia_P11Pneumonia65P.wav,3,0,4,4,0.0830786674810983,0.010703126703500185,0.013755829051643381,0.053477477688149117,0.8389848990756087
asthma_v2_pneumonia_P12Pneumonia59Q.wav,3,0,4,4,0.11111634305806425,0.007821096348454803,0.0952050110575614,0.07546331739334863,0.710394232142571
asthma_v2_pneumonia_P13Pneumonia99T.wav,3,0,4,0,0.6327627064391725,0.029935776919161973,0.018561081887679055,0.009425413054575383,0.309315021699411
asthma_v2_pneumonia_P14Pneumonia19W.wav,3,0,4,0,0.5732246617304713,0.07463674709494611,0.06616592462701372,0.01369081752244501,0.2722818490251242
asthma_v2_pneumonia_P14Pneumonia62B.wav,3,0,4,4,0.38250420529411194,0.012353626228290048,0.0081819956945071,0.006973673528114802,0.5899864992549757
asthma_v2_pneumonia_P17Pneumonia63G.wav,3,0,4,4,0.1768619144056104,0.005808726732601347,0.001371113439539788,0.005796939329196683,0.810161306093052
asthma_v2_pneumonia_P17Pneumonia91K.wav,3,0,4,3,0.01863071497766345,0.075841454878357,0.15871598154692937,0.31102092364154155,0.43579092495550886
asthma_v2_pneumonia_P19Pneumonia41U.wav,3,0,4,4,0.05800251394521378,0.007279112714237453,0.0007682693179312453,0.01248852701618557,0.9214615770064323
asthma_v2_pneumonia_P19Pneumonia90X.wav,3,0,4,4,0.021099271909909754,0.0047827143493268595,0.001085447683857886,0.11770399627725377,0.8553285697796517
asthma_v2_pneumonia_P1Pneumonia93D.wav,3,0,4,3,0.05322639549280768,0.00708517452335973,0.016822914809276848,0.37962954532017057,0.5432359698543852
asthma_v2_pneumonia_P23Pneumonia40O.wav,3,0,4,4,0.1117263277937894,0.02066188189778357,0.04320632040443085,0.04963269730910292,0.7747727725948932
asthma_v2_pneumonia_P23Pneumonia54P.wav,3,0,4,4,0.1339968433889157,0.017923494265412156,0.041362686805564784,0.06825035523142363,0.7384666203086834
asthma_v2_pneumonia_P24Pneumonia95T.wav,3,0,4,3,0.07903687662890736,0.16885882144606906,0.09547190331263426,0.4159701108171795,0.24066228779521007
asthma_v2_pneumonia_P25Pneumonia42V.wav,3,0,4,3,0.10471168456021325,0.03264766595826128,0.009921104291091665,0.7970141895915015,0.05570535559893251
asthma_v2_pneumonia_P26Pneumonia66S.wav,3,0,4,3,0.05739106610372992,0.009059992139199993,0.021414249763903815,0.4036026356370463,0.5085320563561201
asthma_v2_pneumonia_P26Pneumonia83Z.wav,3,0,4,4,0.054172581296226686,0.0006298901149783433,0.0013039341272799497,0.003840422681066168,0.9400531717804489
asthma_v2_pneumonia_P26Pneumonia84P.wav,3,0,4,4,0.030010627097060465,0.003805996185953185,0.006025578767894353,0.038170404828871185,0.9219873931202206
asthma_v2_pneumonia_P27Pneumonia62C.wav,3,0,4,4,0.0413048327329357,0.003260225631134501,0.0007870935448318888,0.0015509022556315305,0.9530969458354662
asthma_v2_pneumonia_P2Pneumonia28R.wav,3,0,4,4,0.021445365916531036,0.0029386387866668223,0.001182888043028344,0.005526714118300233,0.9689063931354736
asthma_v2_pneumonia_P2Pneumonia36Z.wav,3,0,4,4,0.033326644894159575,0.005335542822061105,0.0030915412913344992,0.003707829797212354,0.9545384411952327
asthma_v2_pneumonia_P30Pneumonia70X.wav,3,0,4,4,0.035321286228139216,0.010130316248508731,0.001549366326056718,0.1295136213545309,0.8234854098427647
asthma_v2_pneumonia_P32Pneumonia69E.wav,3,0,4,4,0.06333136317317459,0.0063125854517715905,0.006836678448107773,0.004827227534990029,0.9186921453919558
asthma_v2_pneumonia_P32Pneumonia75E.wav,3,0,4,4,0.012199839641679014,0.0018480970676596562,0.001765507431280076,0.028805119587105327,0.955381436272276
asthma_v2_pneumonia_P32Pneumonia98Y.wav,3,0,4,4,0.07866562772310295,0.014897877519270583,0.01896623183240796,0.016300142333815663,0.8711701205914029
asthma_v2_pneumonia_P33Pneumonia50P.wav,3,0,4,4,0.04996063886275134,0.006906905440544427,0.004318657538663822,0.01884977111447188,0.9199640270435689
asthma_v2_pneumonia_P34Pneumonia36H.wav,3,0,4,4,0.08628161698892259,0.0021933650938342026,0.0011527445964184839,0.006236136532401245,0.9041361367884232
asthma_v2_pneumonia_P34Pneumonia66M.wav,3,0,4,4,0.03813297235741744,0.007199855559331141,0.002671233364180599,0.007412956215315258,0.9445829825037555
asthma_v2_pneumonia_P35Pneumonia57I.wav,3,0,4,4,0.04299811186025232,0.0029960544717982226,0.001079258677927071,0.007524365909816244,0.9454022090802061
asthma_v2_pneumonia_P36Pneumonia57U.wav,3,0,4,0,0.7208902087032144,0.07155889090796617,0.004399588672762183,0.004555601601861134,0.19859571011419633
asthma_v2_pneumonia_P36Pneumonia85U.wav,3,0,4,4,0.06593299950014173,0.011897551467698636,0.00837830079211871,0.10816119605990161,0.8056299521801391
asthma_v2_pneumonia_P37Pneumonia73K.wav,3,0,4,0,0.5956613871161437,0.0324817872106132,0.005687430823421423,0.008301950981782434,0.3578674438680392
asthma_v2_pneumonia_P37Pneumonia83S.wav,3,0,4,4,0.4188725888102374,0.013013337412778103,0.0042723785128353075,0.01391954621871979,0.5499221490454298
asthma_v2_pneumonia_P39Pneumonia78Z.wav,3,0,4,0,0.825682902958726,0.025136225016993276,0.003021659685439024,0.009651395150938135,0.1365078171879035
asthma_v2_pneumonia_P40Pneumonia18H.wav,3,0,4,0,0.5561686839016702,0.10420316635782217,0.14197479675487668,0.005398494633275649,0.1922548583523552
asthma_v2_pneumonia_P40Pneumonia90Y.wav,3,0,4,0,0.5525913702854576,0.2787918358300208,0.0332649376786068,0.01516684703188744,0.12018500917402684
asthma_v2_pneumonia_P41Pneumonia25E.wav,3,0,4,4,0.06278494452087885,0.029471031808541093,0.14165341961381062,0.011574982891769801,0.7545156211649997
asthma_v2_pneumonia_P42Pneumonia27A.wav,3,0,4,0,0.9344480139418967,0.006421286546241733,0.009550543811696639,0.0007552296533754512,0.048824926046789376
asthma_v2_pneumonia_P42Pneumonia46D.wav,3,0,4,0,0.8169040178328004,0.015503928339229861,0.03954475546911358,0.0021867377962251195,0.12586056056263115
asthma_v2_pneumonia_P42Pneumonia67F.wav,3,0,4,0,0.9160860969228245,0.014347119063684997,0.010694304208618992,0.0013062016861839197,0.05756627811868753
asthma_v2_pneumonia_P42Pneumonia69S.wav,3,0,4,0,0.8209125318395762,0.0736793247594651,0.028368381925504928,0.0034640921908767786,0.07357566928457651
asthma_v2_pneumonia_P43Pneumonia73N.wav,3,0,4,4,0.12761120809656612,0.0058897788358710035,0.02114067485060579,0.04173716638230794,0.803621171834649
asthma_v2_pneumonia_P45Pneumonia72P.wav,3,0,4,4,0.06295441461390076,0.004897162662434644,0.023627693927250996,0.24853912167821648,0.6599816071181972
asthma_v2_pneumonia_P46Pneumonia49D.wav,3,0,4,4,0.020981573278537412,0.0013583709098142743,0.010234152330614098,0.03884377702728172,0.9285821264537525
asthma_v2_pneumonia_P47Pneumonia19A.wav,3,0,4,4,0.14796771001619285,0.007680993464946128,0.017892875917323255,0.06150238601603562,0.7649560345855022
asthma_v2_pneumonia_P47Pneumonia69D.wav,3,0,4,4,0.054909689410903656,0.002688508839481283,0.05757707262357621,0.005582404416111135,0.8792423247099278
asthma_v2_pneumonia_P48Pneumonia61T.wav,3,0,4,4,0.045881856960935684,0.01887554847466637,0.16451641473342982,0.21936587576944147,0.551360304061527
asthma_v2_pneumonia_P4Pneumonia55U.wav,3,0,4,4,0.03425087161850063,0.017115832291503125,0.03363932669565677,0.04149126839298604,0.873502701001353
asthma_v2_pneumonia_P5Pneumonia21J.wav,3,0,4,4,0.0148386807555002,0.0057482019032878955,0.01962925931808277,0.055157405040860266,0.9046264529822691
asthma_v2_pneumonia_P6Pneumonia15U.wav,3,0,4,4,0.11190897823580045,0.013875883566843933,0.07666052926549123,0.03645109747195495,0.7611035114599092
asthma_v2_pneumonia_P6Pneumonia17Q.wav,3,0,4,4,0.04618018952322745,0.015755349311024968,0.05086957532796537,0.3233277209252121,0.5638671649125699
asthma_v2_pneumonia_P6Pneumonia32L.wav,3,0,4,4,0.0632140628486293,0.0372416500240554,0.47648868022919677,0.004884894552526812,0.41817071234559167
asthma_v2_pneumonia_P7Pneumonia22X.wav,3,0,4,4,0.01693230504548349,0.026238414914024028,0.2383872212717371,0.06968540282435429,0.6487566559444012
asthma_v2_pneumonia_P7Pneumonia34I.wav,3,0,4,4,0.026570308927905708,0.004393848948450547,0.015451701303796838,0.03352790641416265,0.9200562344056844
asthma_v2_pneumonia_P7Pneumonia62G.wav,3,0,4,4,0.05309606918500801,0.020984371190004698,0.022237716603934414,0.07744923333617704,0.8262326096848758
asthma_v2_pneumonia_P7Pneumonia76F.wav,3,0,4,4,0.24043711814443933,0.010855997234695344,0.0894680800688624,0.02398677914521658,0.6352520254067866
asthma_v2_pneumonia_P9Pneumonia67I.wav,3,0,4,4,0.07125178526683248,0.0011397778532388836,0.017547739576542508,0.030808599807161396,0.8792520974962245
asthma_v2_Bronchial_P10BronchialSc_48.wav,3,1,1,1,0.011459420110727474,0.841911300081944,0.13069238285537246,0.006945054418051604,0.008991842533904339
asthma_v2_Bronchial_P11BronchialTc_55.wav,3,1,1,0,0.8663450821164801,0.036262151139869164,0.021526540993895216,0.006510198703434778,0.06935602704632086
asthma_v2_Bronchial_P12BronchialTc_57.wav,3,1,1,0,0.8903157870155702,0.025375346195575847,0.0027650136760615173,0.0009563605824196072,0.0805874925303728
asthma_v2_Bronchial_P14BronchialSc_66.wav,3,1,1,0,0.7206621620876589,0.2551447448165121,0.010721029293707876,0.002325730219618603,0.011146333582502591
asthma_v2_Bronchial_P17BronchialSc_82.wav,3,1,1,1,0.04647184881086778,0.8509803307311223,0.07234717825540532,0.01217176415605124,0.018028878046553475
asthma_v2_Bronchial_P17BronchialTc_81.wav,3,1,1,1,0.15156292098417534,0.7063116143305439,0.040291486535031326,0.03502688603173227,0.06680709211851682
asthma_v2_Bronchial_P18BronchialSc_90.wav,3,1,1,1,0.01814003325502715,0.9349604250704022,0.030967608245370957,0.004494520840499872,0.011437412588699842
asthma_v2_Bronchial_P19BronchialSc_92.wav,3,1,1,1,0.06609254411142879,0.8559873209534933,0.03527601788039871,0.015387298146982368,0.02725681890769674
asthma_v2_Bronchial_P19BronchialSc_94.wav,3,1,1,2,0.07030573053713311,0.2208693563215112,0.6578550025947982,0.0068950658542720564,0.04407484469228535
asthma_v2_Bronchial_P19BronchialTc_91.wav,3,1,1,2,0.023459100302741218,0.015435175747688707,0.9517304771652314,0.004081221743792264,0.005294025040546478
asthma_v2_Bronchial_P2BronchialSc_8.wav,3,1,1,1,0.02253502569146029,0.8658176728382404,0.01991199635328975,0.025662350240156402,0.06607295487685338
asthma_v2_Bronchial_P3BronchialSc_14.wav,3,1,1,1,0.01080021575332923,0.9456821972038546,0.015310224733791062,0.01237939353871965,0.015827968770305473
asthma_v2_Bronchial_P3BronchialTc_13.wav,3,1,1,1,0.025638029683375616,0.8873465074824664,0.03213834645361757,0.016823762126048525,0.03805335425449231
asthma_v2_Bronchial_P4BronchialTc_17.wav,3,1,1,1,0.12417297622591818,0.7403649973880855,0.0364328172574906,0.03187408944811561,0.06715511968038977
asthma_v2_Bronchial_P6BronchialSc_28.wav,3,1,1,1,0.005020528475759838,0.8094459260937759,0.0589614802284052,0.11319662430109789,0.013375440900961218
asthma_v2_Bronchial_P6BronchialTc_27.wav,3,1,1,1,0.03076337342763632,0.6411630789736267,0.1163426827385362,0.162310596452058,0.049420268408142926
asthma_v2_Bronchial_P7BronchialSc_32.wav,3,1,1,1,0.009608074888192878,0.6832315043568423,0.07749767845034262,0.18384867105431946,0.045814071250302756
asthma_v2_Bronchial_P7BronchialTc_33.wav,3,1,1,1,0.0029456718428257063,0.850859003391985,0.06937536607405974,0.06694325992787697,0.009876698763252676
asthma_v2_Bronchial_P8BronchialSc_38.wav,3,1,1,1,0.0014120272387159725,0.9806340139038632,0.00500528210233669,0.010297616140377466,0.002651060614706912
asthma_v2_Bronchial_P8BronchialTc_39.wav,3,1,1,1,0.014789461195002837,0.6510479456518228,0.10808422446809711,0.19717055709419415,0.02890781159088324
asthma_v2_Bronchial_P9BronchialTc_45.wav,3,1,1,1,0.001371717005710073,0.9714910828615364,0.01991080455960054,0.004103694939400305,0.0031227006337529156
asthma_v2_asthma_P10AsthmaRS_48.wav,3,1,0,0,0.8895238501315715,0.010756082879465898,0.008839264006882615,0.0018489698810366128,0.08903183310104353
asthma_v2_asthma_P12WheezingIU_58.wav,3,1,0,4,0.2767208167713786,0.0025198936732693674,0.01289224224519477,0.008904365660440085,0.6989626816497174
asthma_v2_asthma_P12WheezingRL_59.wav,3,1,0,0,0.8239278798750782,0.007823397533148384,0.01116658498496951,0.003611914967141974,0.15347022263966179
asthma_v2_asthma_P13WheezingIE_65.wav,3,1,0,0,0.8627700069778548,0.02693592875439297,0.013458788507164922,0.00303377119093411,0.09380150456965305
asthma_v2_asthma_P13WheezingIU_62.wav,3,1,0,0,0.8452998862869574,0.04060563861522491,0.005560201867231947,0.0019988830022179592,0.1065353902283678
asthma_v2_asthma_P15WheezingRL_71.wav,3,1,0,4,0.3346283697945531,0.0183964483645468,0.010878884089541272,0.05299300547926075,0.5831032922720982
asthma_v2_asthma_P15WheezingRL_75.wav,3,1,0,0,0.7869331802626367,0.01621670569740888,0.01105370317321614,0.025204118788208045,0.16059229207853057
asthma_v2_asthma_P16WheezingRS_76.wav,3,1,0,0,0.7711816552147531,0.017308613595491157,0.011441209897984745,0.03333569796995642,0.16673282332181436
asthma_v2_asthma_P17WheezingRS_84.wav,3,1,0,0,0.7677678366112862,0.01757052728929081,0.00993101900934912,0.008910538734469751,0.19582007835560422
asthma_v2_asthma_P19WheezingRL_95.wav,3,1,0,0,0.8042041172155056,0.021208616472795407,0.004039378908365195,0.008245099404068808,0.1623027879992648
asthma_v2_asthma_P1AsthmaIU_2.wav,3,1,0,0,0.8542589324292321,0.02098110530739761,0.02281794463215026,0.007061639326778168,0.09488037830444176
asthma_v2_asthma_P1AsthmaRL_3.wav,3,1,0,4,0.13297767286502696,0.003937360199792914,0.044344651194261064,0.030125957564814003,0.7886143581761051
asthma_v2_asthma_P20WheezingRL_99.wav,3,1,0,0,0.8199237572712123,0.03425593656877556,0.003400208607420129,0.08946717434045669,0.05295292321213535
asthma_v2_asthma_P21WheezingRS_104.wav,3,1,0,0,0.7707069109408765,0.03615006535403839,0.02318678564349309,0.0014854683470562511,0.16847076971453548
asthma_v2_asthma_P22WheezingIE_109.wav,3,1,0,0,0.7466882313765557,0.194185052877482,0.0029105313014407114,0.007397032993855616,0.04881915145066574
asthma_v2_asthma_P23WheezingIE_113.wav,3,1,0,0,0.8218491622614196,0.06347002287492308,0.004850155897957095,0.008473795707376683,0.10135686325832363
asthma_v2_asthma_P25WheezingIU_122.wav,3,1,0,0,0.5708655150720623,0.052499478875678525,0.06321003808609973,0.008369212175905435,0.30505575579025357
asthma_v2_asthma_P26WheezingRL_127.wav,3,1,0,0,0.75327163737931,0.027553979945793804,0.1471142047475588,0.01366746783230929,0.058392710095028104
asthma_v2_asthma_P27WheezingRL_131.wav,3,1,0,0,0.9258500099222841,0.0030639939318586025,0.014041125782692197,0.00044535090704380184,0.05659951945612173
asthma_v2_asthma_P28WheezingRS_136.wav,3,1,0,4,0.3378760557047963,0.03658733982260565,0.0031598894631240933,0.14787100696900332,0.474505708040471
asthma_v2_asthma_P29WheezingRS_144.wav,3,1,0,0,0.5052439194998918,0.014827341985467889,0.009470646335183406,0.014811432090902764,0.45564666008855376
asthma_v2_asthma_P2AsthmaRS_8.wav,3,1,0,0,0.900957290367692,0.01383271429368735,0.003463923128299906,0.0035336505893942753,0.07821242162092663
asthma_v2_asthma_P30WheezingRL_147.wav,3,1,0,0,0.7851340492721706,0.01752512482309773,0.03509369751596901,0.004152001251801047,0.15809512713696192
asthma_v2_asthma_P31WheezingIU_154.wav,3,1,0,0,0.6899585964947827,0.044240422300845406,0.1494597652052357,0.006408014532785238,0.10993320146635092
asthma_v2_asthma_P31WheezingRL_151.wav,3,1,0,0,0.7504223715039942,0.03872808869263903,0.03192574276741142,0.004394990404101248,0.1745288066318541
asthma_v2_asthma_P31WheezingRS_152.wav,3,1,0,4,0.31143575329927414,0.011983821098618718,0.0024031367936007656,0.12561446692078304,0.5485628218877235
asthma_v2_asthma_P32WheezingIE_157.wav,3,1,0,0,0.7884849457083828,0.04318378036311894,0.004963611611749424,0.008487759323747856,0.15487990299300106
asthma_v2_asthma_P32WheezingRL_159.wav,3,1,0,1,0.07361991300290872,0.5383166614279472,0.0682994683693227,0.006569574168498532,0.313194383031323
asthma_v2_asthma_P32WheezingRS_156.wav,3,1,0,0,0.7708751897477266,0.022468483059392245,0.08957108066128568,0.02482442987652994,0.09226081665506579
asthma_v2_asthma_P32WheezingRS_160.wav,3,1,0,4,0.43657389003839775,0.032680776094601544,0.006358234122917493,0.007163311099149316,0.5172237886449336
asthma_v2_asthma_P33WheezingIE_165.wav,3,1,0,0,0.7123922130497197,0.08931649411245794,0.01681331852292122,0.0040916873576154,0.17738628695728587
asthma_v2_asthma_P33WheezingRS_164.wav,3,1,0,0,0.8774751655277953,0.025336099966348325,0.04033453230514635,0.0035454424349740375,0.053308759765736055
asthma_v2_asthma_P35WheezingRL_171.wav,3,1,0,0,0.6939306971991529,0.02348246349120742,0.007278730444319472,0.006693474764094914,0.2686146341012254
asthma_v2_asthma_P38WheezingIU_186.wav,3,1,0,0,0.9281714187031015,0.01689636254517477,0.008432608787472456,0.015331978778113325,0.031167631186137926
asthma_v2_asthma_P38WheezingIU_190.wav,3,1,0,0,0.8822437883052442,0.06212675268265754,0.010068735047205795,0.00642177216095847,0.03913895180393431
asthma_v2_asthma_P3AsthmaIE_13.wav,3,1,0,0,0.676166513594396,0.005975683408558442,0.014035566475399105,0.009450494273549766,0.29437174224809687
asthma_v2_asthma_P41WheezingRS_204.wav,3,1,0,0,0.8610971862532855,0.02208177755749888,0.03752701546408022,0.002482925708107903,0.07681109501702757
asthma_v2_asthma_P43WheezingRS_212.wav,3,1,0,0,0.6349355743598379,0.03586880966559432,0.28792899041148157,0.0053829985438598035,0.035883627019226434
asthma_v2_asthma_P44WheezingIU_218.wav,3,1,0,0,0.9133404290408712,0.012718171716438754,0.014774551026280636,0.0005012526138194394,0.05866559560259014
asthma_v2_asthma_P45WheezingIU_222.wav,3,1,0,0,0.91263414225674,0.018864973862368708,0.031725807026977026,0.0009142319264045103,0.035860844927509856
asthma_v2_asthma_P46WheezingIE_229.wav,3,1,0,0,0.7989824294619066,0.04139395000833887,0.12559658930948892,0.0033010397041066874,0.030725991516158974
asthma_v2_asthma_P47WheezingIE_233.wav,3,1,0,0,0.8102281708698925,0.0023398915986280427,0.016191365915581218,0.001390659928974953,0.16984991168692307
asthma_v2_asthma_P47WheezingIU_234.wav,3,1,0,0,0.8185780099096376,0.002342972210725248,0.061325128092924036,0.0007132413645583839,0.11704064842215439
asthma_v2_asthma_P47WheezingRS_232.wav,3,1,0,0,0.8375851423327066,0.008393509915933725,0.064532027340111,0.004221065598980227,0.08526825481226835
asthma_v2_asthma_P49WheezingIE_245.wav,3,1,0,0,0.7070638852763407,0.0250887041424147,0.20150320464969076,0.0035866135194015593,0.06275759241215237
asthma_v2_asthma_P4AsthmaIE_17.wav,3,1,0,0,0.8451641510373049,0.036800262362971944,0.00546821860210192,0.0026310222379123727,0.1099363457597088
asthma_v2_asthma_P51WheezingIE_253.wav,3,1,0,0,0.921407418928194,0.019864132170863844,0.02168879475246536,0.002792556454165025,0.03424709769431173
asthma_v2_asthma_P51WheezingRL_251.wav,3,1,0,0,0.8794794777574118,0.010913580536333315,0.06822388223487061,0.0054841128240194275,0.03589894664736486
asthma_v2_asthma_P52WheezingIE_257.wav,3,1,0,0,0.9360861343206691,0.010325323906364705,0.021321298506601957,0.001400162443950093,0.030867080822413923
asthma_v2_asthma_P52WheezingRS_256.wav,3,1,0,0,0.8207205090207231,0.07732985859305991,0.030295872765947092,0.0036915685601216336,0.06796219106014859
asthma_v2_asthma_P53WheezingIE_265.wav,3,1,0,2,0.2319433361314157,0.04352765989857695,0.5194424650219006,0.03899226307229565,0.16609427587581124
asthma_v2_asthma_P56WheezingRL_279.wav,3,1,0,0,0.5591981579691763,0.024738938333096126,0.0031663321789172933,0.01686881796811556,0.3960277535506951
asthma_v2_asthma_P57WheezingRL_283.wav,3,1,0,4,0.3879574003477161,0.021566020362975415,0.01852683914140221,0.030398836504889944,0.5415509036430163
asthma_v2_asthma_P58WheezingRL_287.wav,3,1,0,3,0.023056929859970064,0.009284928409170006,0.0054971455458121725,0.662538638364857,0.29962235782019075
asthma_v2_asthma_P5AsthmaIE_25.wav,3,1,0,0,0.7048414409629845,0.006390374050839015,0.008361007241430206,0.006878312821328139,0.2735288649234182
asthma_v2_asthma_P5AsthmaRL_23.wav,3,1,0,0,0.8896512542785961,0.018382813822936196,0.009664139618105616,0.005483143354300253,0.07681864892606179
asthma_v2_asthma_P6AsthmaIU_30.wav,3,1,0,0,0.8711140231553353,0.03379232401014113,0.006981385467532628,0.004847187466108203,0.08326507990088275
asthma_v2_asthma_P7AsthmaRL_31.wav,3,1,0,0,0.7762552519218654,0.01709755665996343,0.07080439713780433,0.0336339203862578,0.10220887389410874
asthma_v2_copd_P10COPDPr_73.wav,3,1,2,0,0.7794346289931953,0.15848298416010964,0.0376328597827655,0.006581072597598029,0.017868454466331302
asthma_v2_copd_P11COPDMc_88.wav,3,1,2,2,0.010014009060783539,0.0011648136203315567,0.986055440203272,0.0012362989880657532,0.0015294381275473912
asthma_v2_copd_P11COPDPr_83.wav,3,1,2,2,0.22528584686510209,0.00865527668474136,0.7436742708757008,0.0027933192768146114,0.019591286297641054
asthma_v2_copd_P11COPDPr_87.wav,3,1,2,2,0.03610457391484313,0.0022834720138079517,0.9550978405757306,0.00238864757751538,0.00412546591810304
asthma_v2_copd_P12COPDMc_90.wav,3,1,2,2,0.18652717346718614,0.02370905705269271,0.7608211896372408,0.011373923183014481,0.017568656659865973
asthma_v2_copd_P12COPDMc_92.wav,3,1,2,2,0.2154193728654715,0.006817201399773304,0.7498468366624326,0.005325150026033043,0.022591439046289442
asthma_v2_copd_P12COPDPr_89.wav,3,1,2,0,0.5658244292546077,0.04450877702676008,0.3643262140883605,0.0022190604197442456,0.02312151921052762
asthma_v2_copd_P12COPDPr_91.wav,3,1,2,2,0.006015149270179875,0.0032673625086514983,0.984801544802404,0.002363855987182644,0.0035520874315820824
asthma_v2_copd_P13COPDMc_98.wav,3,1,2,2,0.010439424395189943,0.03226924121351523,0.9404404612917422,0.0052879406369900255,0.011562932462562308
asthma_v2_copd_P13COPDPr_101.wav,3,1,2,2,0.0037127106223253355,0.0017044140581585533,0.9919164509230851,0.00016897099023483963,0.0024974534061966095
asthma_v2_copd_P14COPDMc_106.wav,3,1,2,4,0.03549159399540511,0.0712080203732239,0.36980485532362545,0.0848993286343155,0.4385962016734303
asthma_v2_copd_P16COPDMc_124.wav,3,1,2,2,0.0009058321106304045,0.0001223559981512352,0.9942817536192984,0.00013459213182008377,0.004555466140099969
asthma_v2_copd_P16COPDMc_126.wav,3,1,2,2,0.00038378196379112485,3.721091414287464e-05,0.9975665849297168,4.639595644126182e-05,0.0019660262359076494
asthma_v2_copd_P17COPDMc_136.wav,3,1,2,2,0.003941262513760145,0.00143984273129012,0.9875958432012969,0.0007631258945251814,0.006259925659127468
asthma_v2_copd_P17COPDPr_131.wav,3,1,2,2,0.006182315177830094,0.0006731086553820629,0.9804085387054173,0.003657794328768595,0.00907824313260201
asthma_v2_copd_P17COPDPr_135.wav,3,1,2,2,0.002340008150649278,0.0004856484727475718,0.9907822777119546,0.00039520776443533276,0.00599685790021347
asthma_v2_copd_P18COPDPr_143.wav,3,1,2,2,0.0014726315674387356,0.00016827888884532745,0.9948539076365847,0.0007587071249448306,0.002746474782186867
asthma_v2_copd_P19COPDMc_148.wav,3,1,2,2,0.06373379419916117,0.09998541252378616,0.7866386361177647,0.00493450144063197,0.044707655718656196
asthma_v2_copd_P1COPDMc_8.wav,3,1,2,2,0.0033470505322359683,0.0009668115990186331,0.9920322532562857,0.0007482757917353621,0.0029056088207240925
asthma_v2_copd_P20COPDPr_153.wav,3,1,2,2,0.013117573188475189,0.002762211594554253,0.9693814832270744,0.0015444842588206381,0.01319424773107533
asthma_v2_copd_P21COPDPr_165.wav,3,1,2,2,0.020909150794749896,0.07894908728553632,0.8528889861213631,0.006429969398730644,0.04082280639961983
asthma_v2_copd_P22COPDMc_174.wav,3,1,2,3,0.039235047816129305,0.008108970497347847,0.4992652692016867,0.32294872471791486,0.13044198776692115
asthma_v2_copd_P22COPDPr_175.wav,3,1,2,4,0.06905626755162629,0.018831284586091124,0.2418831697626654,0.14762417821543736,0.5226050998841796
asthma_v2_copd_P23COPDMc_184.wav,3,1,2,2,0.0032137164792330423,0.007095554787723305,0.9752112947046875,0.007613191138970861,0.006866242889385226
asthma_v2_copd_P24COPDMc_188.wav,3,1,2,2,0.01622526052997192,0.015411627550867873,0.9475175329931215,0.008318038451132655,0.012527540474905709
asthma_v2_copd_P24COPDMc_190.wav,3,1,2,2,0.04786554484673594,0.016053566474014243,0.45666375542717563,0.20391580694369468,0.2755013263083794
asthma_v2_copd_P24COPDMc_192.wav,3,1,2,2,0.001978209638448898,0.00306206281338025,0.9770048313220789,0.00640323284830083,0.011551663377791066
asthma_v2_copd_P24COPDPr_185.wav,3,1,2,2,0.0016356185726716045,0.006212307236996148,0.9879587129206394,0.0008820573119758271,0.0033113039577170426
asthma_v2_copd_P24COPDPr_189.wav,3,1,2,2,0.08519844673910998,0.0549542132722944,0.29564606444248115,0.18797285539558403,0.3762284201505305
asthma_v2_copd_P26COPDMc_206.wav,3,1,2,2,0.019240248977278624,0.010045167386905274,0.9623947486494294,0.0014359878542106795,0.006883847132175838
asthma_v2_copd_P26COPDPr_207.wav,3,1,2,2,0.004600266275108219,0.0032474915510101224,0.9789309616281907,0.0006204689792950217,0.01260081156639609
asthma_v2_copd_P27COPDPr_211.wav,3,1,2,2,0.0014565492889829215,0.0005498629557232192,0.9941658094171738,0.0013993573320757859,0.0024284210060444168
asthma_v2_copd_P27COPDPr_215.wav,3,1,2,2,1.084635083946175e-06,1.821550382599616e-06,0.9993951626596161,0.00029262189272706254,0.00030930926219015177
asthma_v2_copd_P28COPDPr_219.wav,3,1,2,2,0.0022745001008791983,0.0012942228320105998,0.994120189383075,0.001023278993844896,0.0012878086901905025
asthma_v2_copd_P28COPDPr_223.wav,3,1,2,2,0.0020746769831742123,0.001052047256523935,0.990376994768544,0.0013602963629796674,0.005135984628778014
asthma_v2_copd_P29COPDMc_226.wav,3,1,2,2,0.0010837730276606111,0.0015709500002446916,0.993452036629026,0.0015884298725686531,0.0023048104705002165
asthma_v2_copd_P29COPDMc_228.wav,3,1,2,2,8.593824473025954e-07,1.1433507541666715e-06,0.9989859400887658,0.0006403407150268335,0.00037171646300571885
asthma_v2_copd_P29COPDPr_227.wav,3,1,2,2,1.0864541503478182e-06,1.3776336905130548e-06,0.9995366564405868,0.00012339261788120586,0.00033748685369114546
asthma_v2_copd_P30COPDMc_240.wav,3,1,2,2,0.00043912414962702436,0.0006747547828781754,0.9972320059434825,0.0011771682560634752,0.0004769468679489593
asthma_v2_copd_P31COPDMc_242.wav,3,1,2,2,0.0031806179969299845,0.0020192012812071253,0.9825313708087094,0.0055635715958902736,0.0067052383172630965
asthma_v2_copd_P31COPDMc_244.wav,3,1,2,2,0.024597103120890487,0.011732615977173498,0.8615171860340133,0.06309544918920248,0.03905764567872034
asthma_v2_copd_P31COPDMc_248.wav,3,1,2,0,0.4680548351858569,0.021362549335781748,0.4695428944323785,0.00215693289287863,0.03888278815310393
asthma_v2_copd_P31COPDPr_241.wav,3,1,2,2,0.0005876047268736078,0.0006399000497545924,0.9970895895736049,0.0010556763679049857,0.0006272292818618853
asthma_v2_copd_P32COPDPr_249.wav,3,1,2,2,0.22544751316173436,0.018059571538206743,0.6988986695769456,0.018342315534168534,0.039251930188944746
asthma_v2_copd_P32COPDPr_253.wav,3,1,2,2,0.015793111123015433,0.0012308877045385399,0.9746293054986019,0.0028623179346973855,0.005484377739146777
asthma_v2_copd_P32COPDPr_255.wav,3,1,2,0,0.5269172882226006,0.004838860356506766,0.45283213498413305,0.000818235508500189,0.014593480928259548
asthma_v2_copd_P33COPDMc_260.wav,3,1,2,4,0.01394685329413553,0.030838483848828174,0.45150689592602994,0.023351808915363738,0.48035595801564296
asthma_v2_copd_P33COPDPr_257.wav,3,1,2,2,0.004826359762582627,0.0006119155007874591,0.9923543178090908,0.0008072983799699429,0.0014001085475688947
asthma_v2_copd_P35COPDMc_280.wav,3,1,2,2,0.0009786007899677623,0.0003513000927035748,0.9943975134782052,0.0017391186046606514,0.0025334670344632124
asthma_v2_copd_P35COPDPr_273.wav,3,1,2,2,0.0024524717487685727,0.00199728285211534,0.9870516915328945,0.001150822987572911,0.007347730878648641
asthma_v2_copd_P35COPDPr_275.wav,3,1,2,2,0.006039376972629393,0.00936652552778849,0.9171320125701348,0.011455419711536864,0.05600666521791046
asthma_v2_copd_P36COPDMc_282.wav,3,1,2,2,0.00536260134429129,0.008263952961792762,0.9774810124559986,0.0026854402631483498,0.006206992974768834
asthma_v2_copd_P36COPDPr_287.wav,3,1,2,2,0.001047907080497785,0.0019939270896410385,0.9930178675629984,0.0020197851616516565,0.0019205131052112293
asthma_v2_copd_P38COPDMc_300.wav,3,1,2,2,0.020011986639082973,0.00533970474065362,0.9578808288726944,0.0010213813544487549,0.015746098393119856
asthma_v2_copd_P38COPDMc_302.wav,3,1,2,2,0.025126713958375905,0.003809035388530664,0.9432447943387713,0.005341957812180369,0.022477498502141674
asthma_v2_copd_P38COPDPr_297.wav,3,1,2,2,0.004154173669209169,0.0008590921478363031,0.9911560624144102,0.00028596893388847626,0.0035447028346559406
asthma_v2_copd_P3COPDMc_18.wav,3,1,2,0,0.8105917769853257,0.04607743642249401,0.09619236059242178,0.01848344252799951,0.02865498347175893
asthma_v2_copd_P40COPDPr_313.wav,3,1,2,1,0.0751817503370933,0.2492199786590129,0.4727628920502614,0.0554948686180348,0.1473405103355977
asthma_v2_copd_P40COPDPr_317.wav,3,1,2,2,2.6867494572381043e-07,3.2975100000110715e-07,0.9994227247896557,3.482349009526006e-05,0.0005418532943033758
asthma_v2_copd_P40COPDPr_319.wav,3,1,2,4,0.08025925366043231,0.1968176526755606,0.4072635763179912,0.004764047220726692,0.3108954701252892
asthma_v2_copd_P41COPDMc_324.wav,3,1,2,2,0.004253726998231917,0.0012539996193650996,0.9734932991810646,0.00934755743871223,0.011651416762626031
asthma_v2_copd_P41COPDPr_323.wav,3,1,2,2,0.00031483531030780074,0.0004509476558239404,0.9924009109569154,0.0003834973114037092,0.006449808765548866
asthma_v2_copd_P43COPDMc_338.wav,3,1,2,2,1.6619339980261718e-05,1.809131436388585e-05,0.9939790375630456,0.0003062268332796183,0.005680024949330653
asthma_v2_copd_P43COPDMc_342.wav,3,1,2,2,0.0020946752322652364,0.0005113163685519675,0.9925977923008248,0.00045729613544854425,0.00433891996290918
asthma_v2_copd_P44COPDMc_346.wav,3,1,2,2,0.005718769055762917,0.003824866633802902,0.9772243534611519,0.0014809066355714743,0.011751104213710523
asthma_v2_copd_P44COPDPr_349.wav,3,1,2,2,0.001289490971608217,0.003661950532176089,0.9901841000794928,0.0011857462990859755,0.003678712117636766
asthma_v2_copd_P46COPDMc_366.wav,3,1,2,2,0.00149714790783908,0.0011301501106108943,0.9388631450259872,0.00149967631871516,0.05700988063684788
asthma_v2_copd_P47COPDMc_370.wav,3,1,2,1,0.00858365033224663,0.40847069074475784,0.5378514959591758,0.014051997025093398,0.0310421659387261
asthma_v2_copd_P47COPDPr_373.wav,3,1,2,2,0.09745483422874122,0.035951032155347624,0.8145260420780391,0.020468245407091093,0.031599846130781
asthma_v2_copd_P50COPDMc_396.wav,3,1,2,2,0.0010610375196345582,0.0007114038244505894,0.9486874614749113,0.015890885754645683,0.033649211426357524
asthma_v2_copd_P50COPDMc_400.wav,3,1,2,2,0.003208899820607376,0.0020312900051050967,0.9915013928787264,0.0006989870424227273,0.0025594302531383897
asthma_v2_copd_P6COPDMc_44.wav,3,1,2,2,0.006702045840320383,0.0012682705221243107,0.9806016371791803,0.002645193036185292,0.008782853422189542
asthma_v2_copd_P6COPDMc_48.wav,3,1,2,4,0.012548730429810495,0.002925904035293672,0.5304857064356086,0.04275807929180394,0.4112815798074833
asthma_v2_copd_P6COPDPr_41.wav,3,1,2,2,0.01613572410051118,0.002455698582228693,0.881068619115872,0.00715874636652172,0.0931812118348663
asthma_v2_copd_P6COPDPr_45.wav,3,1,2,2,0.013197746693931095,0.005017288148116286,0.8010634600943213,0.03268479562271146,0.14803670944092004
asthma_v2_copd_P7COPDPr_51.wav,3,1,2,2,0.006911766955173004,0.0010239869186911637,0.9461691429808865,0.008352962634138117,0.037542140511111294
asthma_v2_copd_P8COPDMc_64.wav,3,1,2,2,0.000750248295845576,7.840455741247177e-05,0.9972858963694956,0.00010013731164173636,0.001785313465604469
asthma_v2_copd_P8COPDPr_57.wav,3,1,2,2,0.005864728263673961,0.0004540984388568659,0.9680110393711234,0.0023049625116985683,0.023365171414647088
asthma_v2_copd_P8COPDPr_63.wav,3,1,2,2,6.593763153464142e-07,6.103998290446853e-07,0.9996286633104859,4.92123455554347e-06,0.0003651456788142423
asthma_v2_copd_P9COPDMc_72.wav,3,1,2,2,0.0016833408067538458,0.00021312231344694057,0.9960579373096784,0.00028667395850589584,0.0017589256116151352
asthma_v2_healthy_P10Healthy93S.wav,3,1,3,3,0.07500200923843751,0.02678442131849897,0.009035051151615087,0.5063341041567171,0.38284441413473125
asthma_v2_healthy_P11Healthy18S.wav,3,1,3,3,0.009546660473272524,0.03621765549649818,0.12585747364334723,0.7701632952893537,0.05821491509752859
asthma_v2_healthy_P11Healthy30S.wav,3,1,3,3,0.01890098830541142,0.026121021894344856,0.023238115324277022,0.8945663107950118,0.037173563680954626
asthma_v2_healthy_P12Healthy93S.wav,3,1,3,2,0.024971692283909518,0.009709322963075287,0.5018802934182789,0.2050376403691023,0.258401050965634
asthma_v2_healthy_P14Healthy54S.wav,3,1,3,3,0.03565128049897563,0.02548222192565939,0.07048611416672365,0.6801899503840861,0.1881904330245554
asthma_v2_healthy_P15Healthy55S.wav,3,1,3,3,0.05797778308418045,0.1348694445575775,0.054478433258831234,0.7077533209199707,0.04492101817943997
asthma_v2_healthy_P19Healthy47S.wav,3,1,3,3,0.0927750218762165,0.3313089008334684,0.012933803813075344,0.34871366526886344,0.2142686082083765
asthma_v2_healthy_P19Healthy55S.wav,3,1,3,3,0.008885895491003661,0.006635620943908237,0.005347242732870675,0.9119930079330988,0.06713823289911873
asthma_v2_healthy_P20Healthy59S.wav,3,1,3,3,0.01343919250989867,0.021739609861158596,0.006739293268215385,0.8123249857819914,0.14575691857873593
asthma_v2_healthy_P20Healthy84S.wav,3,1,3,0,0.35407487801621795,0.11909817554810082,0.4335766374135178,0.03623092029062321,0.05701938873154047
asthma_v2_healthy_P21Healthy15S.wav,3,1,3,3,0.018416522056334327,0.0038271152480761016,0.0022157118155373993,0.9250434537607902,0.05049719711926194
asthma_v2_healthy_P22Healthy36S.wav,3,1,3,3,0.035977775620040474,0.004449011566002634,0.0043094152115516595,0.9173459283653015,0.03791786923710362
asthma_v2_healthy_P23Healthy24S.wav,3,1,3,3,0.027748639491366828,0.002313951704179727,0.0005302227155521164,0.6077381442344681,0.3616690418544334
asthma_v2_healthy_P23Healthy98S.wav,3,1,3,4,0.04120337219410464,0.0021363854686900106,0.0038694948120454463,0.1765373286255357,0.7762534188996244
asthma_v2_healthy_P24Healthy63S.wav,3,1,3,3,0.041097225623635686,0.06493493467112807,0.044933005776360294,0.42931425140334245,0.4197205825255335
asthma_v2_healthy_P24Healthy95S.wav,3,1,3,3,0.03734939626299445,0.046651110008995196,0.38013508784253325,0.35389762072591174,0.18196678515956533
asthma_v2_healthy_P26Healthy22S.wav,3,1,3,4,0.04011024036964715,0.013084909801704899,0.00548963443590282,0.26805153122817515,0.67326368416457
asthma_v2_healthy_P27Healthy73S.wav,3,1,3,3,0.040019915988902775,0.01824410071660669,0.0019094673975468487,0.8804926046068123,0.05933391129013158
asthma_v2_healthy_P2Healthy54S.wav,3,1,3,3,0.009706449586320921,0.07618629611511524,0.011374275767510943,0.8080848158439874,0.09464816268706538
asthma_v2_healthy_P4Healthy62S.wav,3,1,3,1,0.016722017706309798,0.6599786933264119,0.11793822626041556,0.16834902924489042,0.037012033461971836
asthma_v2_healthy_P4Healthy77S.wav,3,1,3,1,0.038440890487807085,0.4963776423081004,0.37299185802833995,0.07104737099953348,0.021142238176218724
asthma_v2_healthy_P5Healthy57S.wav,3,1,3,3,0.015211909549908824,0.016257717290139743,0.03142558482914149,0.4604092920932743,0.4766954962375358
asthma_v2_healthy_P6Healthy21S.wav,3,1,3,3,0.029967082771860064,0.009976088618527,0.06141714648456356,0.7800455367274975,0.11859414539755216
asthma_v2_healthy_P8Healthy82S.wav,3,1,3,3,0.06935203115562058,0.06953145889297836,0.0866270380168951,0.687083480386433,0.08740599154807298
asthma_v2_healthy_P9Healthy29S.wav,3,1,3,0,0.4390960451044494,0.02448810282495771,0.00526463718601056,0.21553251419913927,0.3156187006854433
asthma_v2_healthy_P9Healthy31S.wav,3,1,3,0,0.5281571849544352,0.03517163381464488,0.005957907183542644,0.1375739678985195,0.2931393061488579
asthma_v2_pneumonia_P10Pneumonia93W.wav,3,1,4,4,0.027531007263811753,0.02184650255033357,0.015577073353857763,0.1709486921841896,0.7640967246478072
asthma_v2_pneumonia_P12Pneumonia23P.wav,3,1,4,4,0.05445311995464452,0.10050254488647765,0.0999807811566294,0.10092440227070326,0.6441391517315453
asthma_v2_pneumonia_P12Pneumonia44H.wav,3,1,4,4,0.028406006242492628,0.044378122736484706,0.3173252899103061,0.0886163409927228,0.5212742401179941
asthma_v2_pneumonia_P13Pneumonia26N.wav,3,1,4,0,0.5367862936810428,0.05876307835219385,0.0020384541503466946,0.012381535435650726,0.3900306383807661
asthma_v2_pneumonia_P13Pneumonia60R.wav,3,1,4,4,0.16071244941012627,0.005155237346081304,0.009656677676980101,0.12034277311208456,0.7041328624547277
asthma_v2_pneumonia_P14Pneumonia22X.wav,3,1,4,3,0.03472527277982734,0.0021360353925523007,0.001887978159844576,0.7503754959571476,0.21087521771062814
asthma_v2_pneumonia_P14Pneumonia87C.wav,3,1,4,4,0.09409485120389603,0.013528886986735131,0.019878478394734143,0.015461673810662838,0.8570361096039719
asthma_v2_pneumonia_P15Pneumonia12I.wav,3,1,4,4,0.03213722035901736,0.02918800217055987,0.5114190507935523,0.006155540004079527,0.4211001866727908
asthma_v2_pneumonia_P15Pneumonia16R.wav,3,1,4,2,0.12799357490156896,0.0032465508898435135,0.757613365892825,0.008758163220858891,0.10238834509490316
asthma_v2_pneumonia_P16Pneumonia66X.wav,3,1,4,4,0.15872937197387424,0.004009041597744088,0.0028881648988509324,0.08396821272836001,0.7504052088011706
asthma_v2_pneumonia_P16Pneumonia78M.wav,3,1,4,4,0.1341281271519812,0.00621541350215122,0.008290895799757851,0.08623191738367689,0.765133646162433
asthma_v2_pneumonia_P18Pneumonia84N.wav,3,1,4,4,0.064871627485868,0.013790080165880094,0.0025960783346670054,0.006616710913124595,0.9121255031004601
asthma_v2_pneumonia_P21Pneumonia24G.wav,3,1,4,4,0.10061918794538956,0.14186377396497982,0.04693617639071742,0.2555359822088627,0.45504487949005085
asthma_v2_pneumonia_P21Pneumonia78P.wav,3,1,4,4,0.05118748184737771,0.002291411786955301,0.0014890606723246132,0.001142234446552899,0.9438898112467893
asthma_v2_pneumonia_P21Pneumonia95A.wav,3,1,4,4,0.07248212037958482,0.13930909122602186,0.07420215544649093,0.05956152962052892,0.6544451033273733
asthma_v2_pneumonia_P22Pneumonia29K.wav,3,1,4,3,0.05644918374055368,0.010242907654400902,0.003830729408358155,0.7782447735666564,0.15123240563003093
asthma_v2_pneumonia_P22Pneumonia51X.wav,3,1,4,4,0.21289799335817056,0.013013719992717079,0.22246582459434708,0.030523242304682743,0.5210992197500828
asthma_v2_pneumonia_P23Pneumonia19A.wav,3,1,4,4,0.19595121188174183,0.08786608058434346,0.13631662172488923,0.16442795480306044,0.415438131005965
asthma_v2_pneumonia_P23Pneumonia60Y.wav,3,1,4,4,0.061381629056357856,0.008947023316210731,0.07187450207097214,0.017668240738409776,0.8401286048180494
asthma_v2_pneumonia_P23Pneumonia90V.wav,3,1,4,4,0.03672252619646266,0.01301495922233268,0.02810761209210739,0.03543828997703829,0.8867166125120588
asthma_v2_pneumonia_P24Pneumonia67G.wav,3,1,4,4,0.03223174384025823,0.0018117030934872178,0.06476422240854432,0.00839448778251572,0.8927978428751944
asthma_v2_pneumonia_P25Pneumonia30I.wav,3,1,4,3,0.020665781670809746,0.016284206767060525,0.005041930725483254,0.881989057876222,0.07601902296042441
asthma_v2_pneumonia_P25Pneumonia97D.wav,3,1,4,4,0.11230494774557455,0.015942378044191418,0.08848799507915478,0.03243121179841812,0.7508334673326612
asthma_v2_pneumonia_P26Pneumonia89E.wav,3,1,4,4,0.017908602059764408,0.005918647437277534,0.0017308070692060855,0.3180845362640451,0.6563574071697068
asthma_v2_pneumonia_P27Pneumonia37T.wav,3,1,4,4,0.008291333290061981,0.006810076433623787,0.49089908015342815,0.029754800200830066,0.4642447099220561
asthma_v2_pneumonia_P28Pneumonia65J.wav,3,1,4,0,0.37700540251562187,0.16989969261235707,0.06436952419720782,0.0067694200473643225,0.38195596062744863
asthma_v2_pneumonia_P28Pneumonia90E.wav,3,1,4,0,0.4191887790934937,0.10272140936141146,0.2712760628183059,0.008699157746215857,0.19811459098057288
asthma_v2_pneumonia_P29Pneumonia51O.wav,3,1,4,4,0.012211988649264283,0.06799455952461199,0.004743467761878327,0.019056742451878335,0.8959932416123669
asthma_v2_pneumonia_P2Pneumonia82A.wav,3,1,4,3,0.08032958119031602,0.030887890468981837,0.0011623718732200773,0.4503662927449832,0.4372538637224992
asthma_v2_pneumonia_P2Pneumonia93N.wav,3,1,4,4,0.03700550967846585,0.005543146616881072,0.0014069115027124884,0.005178247772765103,0.9508661844291754
asthma_v2_pneumonia_P30Pneumonia30W.wav,3,1,4,4,0.06637792884662501,0.00938210250565376,0.008063247245989816,0.006047147489123971,0.9101295739126077
asthma_v2_pneumonia_P30Pneumonia85D.wav,3,1,4,4,0.1064783176781455,0.0073521881595800115,0.0008516294173162389,0.004185273345108083,0.8811325913998502
asthma_v2_pneumonia_P32Pneumonia59Q.wav,3,1,4,3,0.01487104272566148,0.00644846801917505,0.005063580947283624,0.6546765478618372,0.3189403604460425
asthma_v2_pneumonia_P32Pneumonia99W.wav,3,1,4,4,0.060662377065849996,0.009426778842171269,0.003675651575610078,0.002779231467468333,0.9234559610489005
asthma_v2_pneumonia_P33Pneumonia94C.wav,3,1,4,4,0.06615625255194169,0.01639691854442151,0.0004598986477539775,0.06629035906013059,0.8506965711957521
asthma_v2_pneumonia_P34Pneumonia99G.wav,3,1,4,4,0.14015353505462044,0.049282068780651445,0.005618556488844172,0.12010566477767032,0.6848401748982141
asthma_v2_pneumonia_P35Pneumonia16F.wav,3,1,4,4,0.035946134925571714,0.018702553934366335,0.004908955007628735,0.021074351935986863,0.9193680041964467
asthma_v2_pneumonia_P35Pneumonia46U.wav,3,1,4,4,0.043086283566584185,0.009571369694949655,0.012452834538087864,0.024266188632646613,0.9106233235677315
asthma_v2_pneumonia_P36Pneumonia83N.wav,3,1,4,4,0.030570211455857955,0.004017893756395978,0.00042499171890937956,0.0022129528048312423,0.9627739502640056
asthma_v2_pneumonia_P37Pneumonia95J.wav,3,1,4,4,0.3889797979287451,0.01344949802275362,0.006816408258093599,0.013133874700517315,0.5776204210898904
asthma_v2_pneumonia_P38Pneumonia61R.wav,3,1,4,0,0.6306079681529718,0.009872546728916581,0.006715100319110682,0.005507410745073801,0.34729697405392684
asthma_v2_pneumonia_P39Pneumonia41F.wav,3,1,4,4,0.130122729131161,0.13294251906488155,0.10091797370311772,0.016344327349250634,0.6196724507515888
asthma_v2_pneumonia_P3Pneumonia54K.wav,3,1,4,4,0.09738470848656718,0.0038087464555911503,0.010783802048684284,0.0018760505897820188,0.886146692419375
asthma_v2_pneumonia_P40Pneumonia69N.wav,3,1,4,4,0.1976873962118044,0.004828203737707353,0.004760356290965073,0.0012287674071133673,0.7914952763524099
asthma_v2_pneumonia_P41Pneumonia31S.wav,3,1,4,0,0.7338058916349789,0.03717386875485032,0.0024308151025881366,0.002037845034261361,0.22455157947332127
asthma_v2_pneumonia_P43Pneumonia89T.wav,3,1,4,3,0.018864115791524565,0.008295528025250876,0.17944205209856953,0.319370888934056,0.4740274151505989
asthma_v2_pneumonia_P44Pneumonia36U.wav,3,1,4,4,0.02360860452689154,0.0052049770699219115,0.01341430831151405,0.06166649678099721,0.8961056133106753
asthma_v2_pneumonia_P44Pneumonia59U.wav,3,1,4,4,0.020619080616382793,0.02202747628228346,0.01411674473074379,0.2528246257329594,0.6904120726376305
asthma_v2_pneumonia_P45Pneumonia59I.wav,3,1,4,4,0.07775016905884923,0.003107605863896124,0.10204389423646439,0.027938514267392654,0.7891598165733973
asthma_v2_pneumonia_P47Pneumonia98K.wav,3,1,4,4,0.08499215648697794,0.07956029172484909,0.07027257137787193,0.11396354887640484,0.6512114315338963
asthma_v2_pneumonia_P48Pneumonia82Z.wav,3,1,4,3,0.04415385595686312,0.043657368640684195,0.4228410208577447,0.35509346828013283,0.13425428626457508
asthma_v2_pneumonia_P5Pneumonia38U.wav,3,1,4,4,0.012915056186750496,0.027278343737265735,0.11080040238083312,0.08871642474374938,0.7602897729514012
asthma_v2_pneumonia_P7Pneumonia22C.wav,3,1,4,2,0.06360095591607223,0.0077549491249978494,0.6475516318041837,0.00495829122756797,0.27613417192717815
asthma_v2_pneumonia_P8Pneumonia16Z.wav,3,1,4,3,0.01828459729767944,0.014468541990234776,0.04706930857189969,0.34819967302038,0.5719778791198062
asthma_v2_pneumonia_P8Pneumonia20O.wav,3,1,4,4,0.03023519568184832,0.006212488698186108,0.07564172935653926,0.007761142632720093,0.8801494436307061
asthma_v2_pneumonia_P8Pneumonia28V.wav,3,1,4,3,0.004679498140000451,0.007199660315011517,0.0036002121029941664,0.9184865954349994,0.06603403400699479
asthma_v2_pneumonia_P9Pneumonia74V.wav,3,1,4,4,0.14959053359662286,0.0039089096991049045,0.005876422317795321,0.03564710974124466,0.8049770246452321
asthma_v2_Bronchial_P12BronchialSc_56.wav,3,2,1,0,0.9048416957456166,0.02052195354922008,0.0027253330868018673,0.0019039776308978828,0.07000703998746348
asthma_v2_Bronchial_P13BronchialTc_63.wav,3,2,1,0,0.9016037657023814,0.01740013399595752,0.0012572302978626653,0.011131910669636891,0.06860695933416155
asthma_v2_Bronchial_P14BronchialSc_68.wav,3,2,1,0,0.9450179383690545,0.007951205827364137,0.012016709543368658,0.0010831060188321196,0.033931040241380765
asthma_v2_Bronchial_P14BronchialTc_67.wav,3,2,1,0,0.9068907661827669,0.04876313104591351,0.03199104618354328,0.0011415662914904794,0.011213490296286148
asthma_v2_Bronchial_P14BronchialTc_69.wav,3,2,1,0,0.8541101715540752,0.0599980058841539,0.02628508105264375,0.0018859085725824473,0.057720832936545015
asthma_v2_Bronchial_P16BronchialTc_79.wav,3,2,1,1,0.013731623128663564,0.9610067572404581,0.005710175787220835,0.01287875596083867,0.006672687882818957
asthma_v2_Bronchial_P17BronchialTc_83.wav,3,2,1,1,0.03229259322288313,0.9125298381410112,0.01747039467120292,0.009847884751545856,0.02785928921335718
asthma_v2_Bronchial_P18BronchialSc_86.wav,3,2,1,1,0.002124566267199791,0.9819155172825211,0.003967383198860936,0.00811767831627351,0.00387485493514487
asthma_v2_Bronchial_P1BronchialTc_5.wav,3,2,1,1,0.09063994186166349,0.7462343509091962,0.1064397101990429,0.02752687677835875,0.029159120251738974
asthma_v2_Bronchial_P20BronchialSc_100.wav,3,2,1,1,0.011079892600848124,0.9390345458593867,0.011586612645944258,0.012550230755973855,0.025748718137846894
asthma_v2_Bronchial_P20BronchialSc_98.wav,3,2,1,1,0.00978537265139441,0.9584612766939457,0.018016746145719607,0.008186538446540652,0.005550066062399385
asthma_v2_Bronchial_P21BronchialSc_102.wav,3,2,1,4,0.009822978853374631,0.02462515446364308,0.030821388785758165,0.036118037072307194,0.898612440824917
asthma_v2_Bronchial_P2BronchialSc_6.wav,3,2,1,1,0.103531537628811,0.7506939114487781,0.09244820270478374,0.02239068175174949,0.030935666465878375
asthma_v2_Bronchial_P2BronchialTc_9.wav,3,2,1,1,0.025954282054831464,0.8100359170790778,0.00679227520474712,0.04636424496812475,0.11085328069321833
asthma_v2_Bronchial_P3BronchialTc_11.wav,3,2,1,2,0.16988284263956094,0.23307473158923087,0.4873876499403508,0.06317943395168273,0.04647534187917468
asthma_v2_Bronchial_P3BronchialTc_15.wav,3,2,1,1,0.01271089685513218,0.7215514283093128,0.11136187387402943,0.10530717982498605,0.0490686211365394
asthma_v2_Bronchial_P4BronchialSc_18.wav,3,2,1,1,0.07104251560598164,0.8546572067543047,0.020459168234710154,0.010307502420279578,0.043533606984724006
asthma_v2_Bronchial_P5BronchialSc_22.wav,3,2,1,1,0.004478278113197363,0.9595425392583964,0.018379582896727087,0.011296629123250997,0.006302970608428647
asthma_v2_Bronchial_P5BronchialTc_21.wav,3,2,1,1,0.011974661337603021,0.9232539425149546,0.008243454505225265,0.04715596570783404,0.009371975934383228
asthma_v2_Bronchial_P7BronchialSc_34.wav,3,2,1,1,0.0067992093171333114,0.9425777988168242,0.01643637451385403,0.021581661439036535,0.012604955913152008
asthma_v2_Bronchial_P9BronchialTc_41.wav,3,2,1,1,0.0018840779515341944,0.9598686440858992,0.007890999080624106,0.02748934550826729,0.002866933373674834
asthma_v2_asthma_P11WheezingIE_53.wav,3,2,0,0,0.7323712326815784,0.14568328889748772,0.00939374518859997,0.011553487214002768,0.10099824601833118
asthma_v2_asthma_P11WheezingIU_54.wav,3,2,0,0,0.6271109907073855,0.018648677974378438,0.0043992828836565525,0.00849514103942413,0.3413459073951554
asthma_v2_asthma_P13WheezingRL_63.wav,3,2,0,0,0.7847705134902583,0.059310606826988986,0.008300932345284256,0.0028284966669302903,0.14478945067053822
asthma_v2_asthma_P14WheezingRL_67.wav,3,2,0,0,0.5788007365169637,0.016198751528401483,0.019898651077210186,0.2041515737262573,0.18095028715116657
asthma_v2_asthma_P16WheezingIE_77.wav,3,2,0,0,0.6912628099177662,0.005274406975095056,0.006202252888230353,0.03825504341887362,0.2590054868000349
asthma_v2_asthma_P17WheezingIE_81.wav,3,2,0,0,0.8979167092873598,0.020595639226723517,0.012636495139639018,0.003193193564031829,0.06565796278224584
asthma_v2_asthma_P17WheezingRL_83.wav,3,2,0,0,0.908500268500346,0.016817148590169397,0.021071273550881224,0.004082801795394772,0.04952850756320888
asthma_v2_asthma_P18WheezingIE_89.wav,3,2,0,0,0.5165846868914159,0.2066101584684019,0.008427696686152278,0.12250001898294227,0.14587743897108768
asthma_v2_asthma_P18WheezingIU_90.wav,3,2,0,0,0.6994425066152091,0.021244823639644896,0.02422522703737615,0.13925584257156215,0.11583160013620789
asthma_v2_asthma_P19WheezingIE_93.wav,3,2,0,0,0.5631194878294664,0.018512619006740522,0.0018695657568603044,0.024687358025438345,0.39181096938149457
asthma_v2_asthma_P1AsthmaRS_4.wav,3,2,0,0,0.8456458127465634,0.06679643825749815,0.03451832842574519,0.0052921582462567675,0.047747262323936834
asthma_v2_asthma_P20WheezingRS_96.wav,3,2,0,0,0.9036800066344749,0.007747697526381428,0.0025556751437624163,0.0010642363755043102,0.0849523843198769
asthma_v2_asthma_P23WheezingRL_111.wav,3,2,0,0,0.7712332071391853,0.03427021971676406,0.016839826601218147,0.07298674387096062,0.1046700026718719
asthma_v2_asthma_P24WheezingRS_116.wav,3,2,0,0,0.9191241474936176,0.006255334578341952,0.0018672893448099174,0.0008524955098772005,0.07190073307335361
asthma_v2_asthma_P25WheezingIE_125.wav,3,2,0,4,0.33122109138546285,0.0966445313222542,0.004760001192642422,0.0373238729356955,0.5300505031639452
asthma_v2_asthma_P26WheezingIE_129.wav,3,2,0,3,0.06650909540753458,0.21081819797822962,0.006900052203818559,0.6939963439046443,0.021776310505773448
asthma_v2_asthma_P26WheezingIU_126.wav,3,2,0,3,0.4374504444903995,0.2520766728975321,0.01573020437846113,0.2515966401230083,0.04314603811059878
asthma_v2_asthma_P26WheezingIU_130.wav,3,2,0,0,0.9087381017455758,0.062154817105214706,0.001863067641534464,0.0016183884467131698,0.025625625060961874
asthma_v2_asthma_P26WheezingRS_128.wav,3,2,0,0,0.5406908059818565,0.001693374575279354,0.0038874613845787504,0.00484030797852805,0.4488880500797575
asthma_v2_asthma_P28WheezingIU_138.wav,3,2,0,3,0.35980284541973184,0.019305871682716927,0.004390628128506951,0.28749959927924135,0.3290010554898031
asthma_v2_asthma_P29WheezingIU_142.wav,3,2,0,0,0.8875609158531355,0.04811205142751672,0.01863003449242547,0.0015048791854905892,0.04419211904143175
asthma_v2_asthma_P2AsthmaIE_9.wav,3,2,0,0,0.7829965757461835,0.009359701274036703,0.004977019119857908,0.002770144070827565,0.1998965597890942
asthma_v2_asthma_P31WheezingIE_153.wav,3,2,0,0,0.5971241116041737,0.03159742585895219,0.002801944717021943,0.005790706340065253,0.3626858114797869
asthma_v2_asthma_P32WheezingIU_158.wav,3,2,0,0,0.7652658638879467,0.019875253802163477,0.025081092112744067,0.0066059222588182925,0.18317186793832724
asthma_v2_asthma_P34WheezingRL_167.wav,3,2,0,0,0.6701191978087815,0.030919629787449728,0.01622524717592248,0.006699381770290835,0.2760365434575554
asthma_v2_asthma_P35WheezingIE_173.wav,3,2,0,0,0.7858069339450858,0.004476104638373633,0.1067486345775712,0.0017952821471082583,0.10117304469186085
asthma_v2_asthma_P35WheezingRL_175.wav,3,2,0,0,0.8729077474633169,0.013388413616035266,0.010545551193820054,0.0011941257400621785,0.10196416198676568
asthma_v2_asthma_P36WheezingRL_179.wav,3,2,0,0,0.9072477852402231,0.014630193125759553,0.016744433482249455,0.0009810825621573542,0.06039650558961078
asthma_v2_asthma_P36WheezingRS_176.wav,3,2,0,0,0.8818594692167459,0.03242549155019886,0.02415769939940839,0.0029287506269582045,0.05862858920668896
asthma_v2_asthma_P37WheezingIE_181.wav,3,2,0,0,0.7321652796608408,0.009381762811604659,0.22335890044118317,0.0020655922375189006,0.03302846484885272
asthma_v2_asthma_P38WheezingIE_189.wav,3,2,0,0,0.8534060428721885,0.08040114876760289,0.029052905866444424,0.004439122068208942,0.032700780425555166
asthma_v2_asthma_P38WheezingRS_188.wav,3,2,0,0,0.8465119472323069,0.0033100710732228335,0.10391970574544102,0.005353633383663284,0.0409046425653659
asthma_v2_asthma_P39WheezingIE_193.wav,3,2,0,0,0.934466403121139,0.004298282663895175,0.015666712930902427,0.00043312732089363887,0.04513547396317002
asthma_v2_asthma_P39WheezingRS_192.wav,3,2,0,0,0.834060777655296,0.01565704810480718,0.01804431469465591,0.0005021652325214969,0.1317356943127193
asthma_v2_asthma_P3AsthmaIU_14.wav,3,2,0,0,0.9005589340231823,0.03101243490176948,0.004555691345292715,0.001706807507216997,0.062166132222538494
asthma_v2_asthma_P40WheezingRS_196.wav,3,2,0,0,0.9071539461893735,0.02194509403913153,0.016469630847063946,0.0007257845459477657,0.05370554437848291
asthma_v2_asthma_P43WheezingRL_211.wav,3,2,0,0,0.7490958514657808,0.009092790925501132,0.11979311047340573,0.006069112966921363,0.11594913416839092
asthma_v2_asthma_P43WheezingRL_215.wav,3,2,0,0,0.8984834002968385,0.0031071667411132512,0.07373871717401424,0.0002643203324670726,0.02440639545556717
asthma_v2_asthma_P45WheezingIE_221.wav,3,2,0,0,0.9439866796286572,0.004905919335665894,0.013090995758702345,0.004922769174624764,0.03309363610234953
asthma_v2_asthma_P46WheezingRL_227.wav,3,2,0,0,0.834177085122384,0.005028499043617641,0.06150030165591609,0.007781972975434922,0.09151214120264735
asthma_v2_asthma_P46WheezingRS_228.wav,3,2,0,0,0.8799744107220939,0.00872087712649426,0.05881019843073892,0.0012148893532845653,0.051279624367388206
asthma_v2_asthma_P47WheezingRL_231.wav,3,2,0,0,0.841391748399553,0.02693283048461035,0.08672794742850462,0.004871806442291443,0.04007566724504052
asthma_v2_asthma_P48WheezingRS_236.wav,3,2,0,0,0.7586180586811604,0.007930656991337227,0.17168663126382583,0.0021321987957585702,0.05963245426791786
asthma_v2_asthma_P51WheezingRL_255.wav,3,2,0,0,0.9477181613271498,0.00853970283728502,0.020457845006776578,0.0002369935630243893,0.02304729726576401
asthma_v2_asthma_P51WheezingRS_252.wav,3,2,0,0,0.9034877297237328,0.006192616500400715,0.05983222361457527,0.0033340477987852763,0.02715338236250571
asthma_v2_asthma_P53WheezingRS_264.wav,3,2,0,1,0.10133160970480949,0.27266144034431206,0.05921391075878122,0.11789059801582895,0.44890244117626854
asthma_v2_asthma_P54WheezingIE_269.wav,3,2,0,4,0.07258450300244061,0.06803105573488459,0.26226400238503217,0.011338093826159412,0.5857823450514831
asthma_v2_asthma_P54WheezingIU_266.wav,3,2,0,3,0.0061961880801447615,0.061038117546036164,0.02382403095786722,0.8628287659247292,0.04611289749122286
asthma_v2_asthma_P54WheezingIU_270.wav,3,2,0,3,0.03752981408739907,0.03619363015127479,0.013008580022111957,0.6796580030128254,0.23360997272638903
asthma_v2_asthma_P55WheezingRL_275.wav,3,2,0,4,0.21922838230007413,0.016753226505506667,0.0032073662113093395,0.051456537546851464,0.7093544874362586
asthma_v2_asthma_P55WheezingRS_272.wav,3,2,0,3,0.03831609503235252,0.21416168297182425,0.1460373512858477,0.48718543337199255,0.11429943733798353
asthma_v2_asthma_P57WheezingIE_281.wav,3,2,0,3,0.1954342256022837,0.05474763445534527,0.03652629920201388,0.21156998988625483,0.5017218508541021
asthma_v2_asthma_P58WheezingIU_286.wav,3,2,0,3,0.09265714660257172,0.012999007544490435,0.012962733799858872,0.5371912175934815,0.3441898944595977
asthma_v2_asthma_P5AsthmaRS_24.wav,3,2,0,0,0.9001438683559743,0.01782550645263803,0.003739387490842114,0.002434334247617475,0.07585690345292828
asthma_v2_asthma_P7AsthmaIE_33.wav,3,2,0,0,0.6433171882539331,0.07023859963021627,0.08844048814367227,0.01248962011459353,0.1855141038575848
asthma_v2_asthma_P7AsthmaRL_35.wav,3,2,0,0,0.834272758307501,0.04550608847232217,0.001904309466298179,0.0045944802082316235,0.11372236354564688
asthma_v2_asthma_P9AsthmaRL_43.wav,3,2,0,0,0.7779772356544461,0.004166671851345531,0.003975093578741626,0.028735406635151662,0.1851455922803151
asthma_v2_copd_P10COPDMc_76.wav,3,2,2,0,0.49603756354797324,0.07185963502138921,0.015021581537279494,0.039341103725100655,0.37774011616825764
asthma_v2_copd_P10COPDMc_80.wav,3,2,2,0,0.9121078115053215,0.0027259652634439367,0.027196008499782202,0.0011659933937749444,0.056804221337677624
asthma_v2_copd_P10COPDPr_75.wav,3,2,2,3,0.30057766324284824,0.006896616397489901,0.004210237851423433,0.4924155332476302,0.19589994926060797
asthma_v2_copd_P11COPDPr_81.wav,3,2,2,0,0.8835753782944373,0.017380845696469454,0.027288986377453694,0.0005853634775201022,0.07116942615411935
asthma_v2_copd_P12COPDMc_94.wav,3,2,2,2,0.015273996856163078,0.0004619097188081322,0.9833183858206913,8.582294020273571e-05,0.0008598846641348687
asthma_v2_copd_P13COPDMc_102.wav,3,2,2,2,0.0039378912121020345,0.016502570561086522,0.9697789722804523,0.001782109779796623,0.007998456166562438
asthma_v2_copd_P13COPDPr_103.wav,3,2,2,2,0.06378701388976914,0.03284462074818141,0.6937375044096066,0.007006962243980335,0.2026238987084625
asthma_v2_copd_P14COPDMc_112.wav,3,2,2,2,0.15284763337133747,0.003393723934565973,0.8355805930285071,0.000812906127477989,0.007365143538111481
asthma_v2_copd_P15COPDMc_120.wav,3,2,2,2,0.013884293311642048,0.0011133764107343297,0.9834106854930872,0.00045515138230425997,0.0011364934022321494
asthma_v2_copd_P15COPDPr_113.wav,3,2,2,0,0.7885765173156181,0.04437378051804542,0.08500073099189624,0.008499462254997429,0.07354950891944317
asthma_v2_copd_P15COPDPr_119.wav,3,2,2,2,0.008931473752321296,0.00502081503304171,0.9769972521794317,0.002279222954722782,0.006771236080482688
asthma_v2_copd_P16COPDMc_122.wav,3,2,2,2,0.0005942588952342141,5.43758657664454e-05,0.9949233918622985,9.399775864885167e-05,0.004333975618052214
asthma_v2_copd_P17COPDMc_132.wav,3,2,2,2,0.002400621029075284,0.00016144821115190002,0.9958196663358745,0.00024878043218980357,0.0013694839917087324
asthma_v2_copd_P17COPDMc_134.wav,3,2,2,2,0.004660409674085213,0.00020122666768327346,0.9921344308551394,0.0003795887596012281,0.002624344043490898
asthma_v2_copd_P18COPDMc_142.wav,3,2,2,2,0.011179455144557855,0.0047340964183885375,0.9702242025090582,0.0016013648171519176,0.01226088111084401
asthma_v2_copd_P18COPDPr_137.wav,3,2,2,2,0.003515949434850211,0.00018002065147776038,0.9931289122065989,0.0003805596528618233,0.0027945580542112253
asthma_v2_copd_P18COPDPr_141.wav,3,2,2,2,0.001840154397923158,0.00025483652368144585,0.996281446106731,0.00017948875011708425,0.001444074221547062
asthma_v2_copd_P19COPDMc_146.wav,3,2,2,2,0.007749466142116229,0.004470017199511264,0.9808431184588834,0.0009817080109312364,0.005955690188557717
asthma_v2_copd_P19COPDMc_150.wav,3,2,2,4,0.13775798608008452,0.011908173268291487,0.45562705748197385,0.0026387575151063467,0.3920680256545434
asthma_v2_copd_P1COPDPr_5.wav,3,2,2,2,0.0009105005005719147,0.00626375976306317,0.989659561337149,0.001222891232142495,0.0019432871670733037
asthma_v2_copd_P20COPDMc_154.wav,3,2,2,2,0.0008865081971428837,0.0003084668496199327,0.9962675772142523,0.0002646111826635603,0.002272836556321476
asthma_v2_copd_P20COPDPr_155.wav,3,2,2,2,0.004391864738393922,0.001393910465818773,0.9878344059351137,0.00120211780264662,0.005177701058026821
asthma_v2_copd_P20COPDPr_159.wav,3,2,2,2,0.01827993939119714,0.005229953816820928,0.9596718896750748,0.0030370217580366773,0.013781195358870233
asthma_v2_copd_P21COPDMc_164.wav,3,2,2,2,0.0071903784240836,0.009233182822814415,0.9758538830473333,0.002601365956197551,0.005121189749570834
asthma_v2_copd_P21COPDMc_166.wav,3,2,2,2,0.006978989510104113,0.04516909799599102,0.8732971696000245,0.006541368549273416,0.06801337434460694
asthma_v2_copd_P21COPDPr_161.wav,3,2,2,2,0.018222380067320687,0.047014147066245515,0.9220913878935192,0.004730924581183047,0.007941160391731376
asthma_v2_copd_P21COPDPr_163.wav,3,2,2,2,0.006123567337726484,0.005762224411478526,0.9812011155793736,0.0014066813997338835,0.005506411271687202
asthma_v2_copd_P22COPDPr_173.wav,3,2,2,2,0.014251092372102257,0.005325435607319138,0.9714995146650928,0.0016721825253361755,0.0072517748301498455
asthma_v2_copd_P23COPDPr_177.wav,3,2,2,2,0.02850416970992187,0.0170696543254947,0.8870461244014637,0.02424705756695362,0.04313299399616595
asthma_v2_copd_P23COPDPr_181.wav,3,2,2,2,0.0044137115647127235,0.005149643946497581,0.9825462715503274,0.0029181419645524145,0.004972230973909604
asthma_v2_copd_P23COPDPr_183.wav,3,2,2,2,0.011176052560058956,0.038056722722702066,0.8477904802094479,0.025929721580131966,0.07704702292765941
asthma_v2_copd_P24COPDMc_186.wav,3,2,2,2,0.014974120063820224,0.09493831202202996,0.7371749974912737,0.019003399723362197,0.13390917069951364
asthma_v2_copd_P25COPDMc_194.wav,3,2,2,2,0.000348985331568998,0.00660398392915778,0.9898866746946254,0.0022481819078713733,0.0009121741367764398
asthma_v2_copd_P25COPDMc_196.wav,3,2,2,2,0.0006346993044499596,0.003347561881220929,0.9859430663475831,0.0037726878236894025,0.006301984643056499
asthma_v2_copd_P25COPDMc_198.wav,3,2,2,2,0.0005425458739815453,0.0009744446409608406,0.9974398251119758,0.0005548938135340991,0.000488290559547425
asthma_v2_copd_P26COPDMc_204.wav,3,2,2,2,0.001596614267527657,0.000765891229076422,0.9952034218046841,0.0006175234329964584,0.0018165492657153917
asthma_v2_copd_P26COPDPr_201.wav,3,2,2,2,7.01283193535081e-05,0.0005825042126761407,0.9987934378454726,0.00018663924665387544,0.00036729037584369746
asthma_v2_copd_P27COPDMc_210.wav,3,2,2,2,0.003375113548032489,0.001686506063317061,0.9884504210218057,0.0021240456675722663,0.004363913699272687
asthma_v2_copd_P27COPDMc_214.wav,3,2,2,2,4.469423232265285e-07,5.585890772819499e-07,0.9993630161484567,0.00015325260396804476,0.0004827257161747788
asthma_v2_copd_P28COPDMc_218.wav,3,2,2,2,0.0035044295056053305,0.007823266997612054,0.9859122845084503,0.0015671562468847619,0.0011928627414473615
asthma_v2_copd_P29COPDPr_231.wav,3,2,2,2,2.43532817382722e-07,2.8228445099713127e-07,0.9995291271572273,0.00020920892455809882,0.00026113810094601235
asthma_v2_copd_P2COPDMc_10.wav,3,2,2,2,0.0010296823397674022,7.915808432594173e-05,0.9949267098781185,0.00045087170922303847,0.003513577988564825
asthma_v2_copd_P2COPDPr_13.wav,3,2,2,2,0.03484219866524872,0.0014260699160207606,0.9424498289382713,0.006963708778574223,0.014318193701884877
asthma_v2_copd_P30COPDMc_236.wav,3,2,2,2,0.0009794556703702935,0.0015688309355373386,0.9962982407367238,0.0006032178042247742,0.0005502548531438402
asthma_v2_copd_P30COPDPr_239.wav,3,2,2,2,0.0013629133238625744,0.008612468684923364,0.9883149131595618,0.0008097154131108019,0.0008999894185413661
asthma_v2_copd_P31COPDMc_246.wav,3,2,2,2,0.049440803734575246,0.0010808341657584503,0.9454174012532068,0.0008741669013055427,0.0031867939451541848
asthma_v2_copd_P31COPDPr_243.wav,3,2,2,3,0.01420651970162748,0.005069805041858743,0.16844905934902682,0.7016874305106244,0.11058718539686267
asthma_v2_copd_P32COPDMc_256.wav,3,2,2,0,0.43812283139128705,0.0071940361379249865,0.541033721159386,0.002177802908674963,0.011471608402726801
asthma_v2_copd_P33COPDMc_262.wav,3,2,2,4,0.029284163249275748,0.21198708910804456,0.33121249996767527,0.03913756107702036,0.38837868659798425
asthma_v2_copd_P34COPDPr_269.wav,3,2,2,2,0.0436981789440363,0.11786564275297917,0.811281938127939,0.008710472995328147,0.018443767179717515
asthma_v2_copd_P35COPDPr_277.wav,3,2,2,2,0.04852043597008224,0.08169178795269474,0.8121169523318622,0.024267147845696946,0.033403675899664045
asthma_v2_copd_P36COPDPr_285.wav,3,2,2,2,0.000538119119153488,0.0035630173166700876,0.9945352292446843,0.0006508456560786825,0.000712788663413116
asthma_v2_copd_P37COPDMc_290.wav,3,2,2,2,0.0032127269846740814,0.1361788913224476,0.8450744995628099,0.010436634347510857,0.005097247782557393
asthma_v2_copd_P37COPDMc_296.wav,3,2,2,2,0.004334199046322755,0.0008431278573031137,0.9886440235628551,0.0021220871508253,0.004056562382694065
asthma_v2_copd_P37COPDPr_293.wav,3,2,2,2,0.004128807693381335,0.0031350646800790347,0.98671448776596,0.0018920158446008536,0.004129624015978589
asthma_v2_copd_P39COPDMc_308.wav,3,2,2,2,0.0017558248461502868,0.01163923323814757,0.9669598760291847,0.0007136461675411827,0.01893141971897623
asthma_v2_copd_P40COPDMc_320.wav,3,2,2,4,0.21892512306724066,0.14396790413589045,0.09726636714261941,0.0034284786017303886,0.5364121270525191
asthma_v2_copd_P40COPDPr_315.wav,3,2,2,2,1.573639929273837e-07,3.287340734550868e-07,0.9999111635096981,1.6640913637901882e-05,7.170947859771569e-05
asthma_v2_copd_P41COPDMc_328.wav,3,2,2,2,0.023380878773962995,0.01888921338857941,0.9416151658052548,0.007099392340065817,0.00901534969213688
asthma_v2_copd_P41COPDPr_325.wav,3,2,2,2,0.0010060819727642464,0.0005950415619005899,0.9968858494799779,0.00037041964350177306,0.001142607341855387
asthma_v2_copd_P41COPDPr_327.wav,3,2,2,2,0.001239162454851149,0.005134534544102493,0.9903410210278261,0.001237755365769681,0.002047526607450267
asthma_v2_copd_P42COPDMc_330.wav,3,2,2,2,4.304674631288608e-07,4.808390586221211e-07,0.9993883970002341,5.2970784592744773e-05,0.000557720908651419
asthma_v2_copd_P42COPDPr_329.wav,3,2,2,2,0.0004311760915166665,0.00015611482174882594,0.9981931138572945,0.00019131892273730624,0.0010282763067026384
asthma_v2_copd_P42COPDPr_331.wav,3,2,2,2,4.725216120910065e-07,9.432957564295042e-07,0.9996203852471419,0.0001363240221561633,0.0002418749133333068
asthma_v2_copd_P43COPDPr_339.wav,3,2,2,2,0.0006986978971029852,0.0001615160079774393,0.9945457190689498,0.00030347596855651385,0.004290591057413024
asthma_v2_copd_P45COPDPr_357.wav,3,2,2,2,0.0009861242817632077,0.0018566856240190192,0.9929686466110558,0.0023641810393261976,0.001824362443835621
asthma_v2_copd_P46COPDPr_363.wav,3,2,2,2,0.018090952734471016,0.002594877853322527,0.9228608798217214,0.005004141730622942,0.05144914785986234
asthma_v2_copd_P47COPDMc_376.wav,3,2,2,3,0.0031326154341071674,0.015050294802792918,0.4476244022798448,0.5102511968707114,0.023941490612543866
asthma_v2_copd_P48COPDPr_379.wav,3,2,2,2,0.001834878489998073,0.0033221846064497265,0.9149315516601044,0.057831778919975256,0.022079606323472414
asthma_v2_copd_P49COPDMc_392.wav,3,2,2,2,0.0005583037851557736,0.0024013292991485135,0.9621897535616558,0.028606436611822855,0.006244176742216715
asthma_v2_copd_P49COPDPr_387.wav,3,2,2,2,0.00021381886803688494,0.01892143755866922,0.972298937773586,0.007848606730095619,0.000717199069612233
asthma_v2_copd_P50COPDMc_394.wav,3,2,2,2,0.0019188206231010206,0.0021252941432299785,0.9935963446090831,0.00036919820868728934,0.001990342415898692
asthma_v2_copd_P50COPDPr_395.wav,3,2,2,2,0.004236063445962127,0.003428280354774997,0.9735773766812894,0.0020487359242260953,0.0167095435937471
asthma_v2_copd_P50COPDPr_397.wav,3,2,2,2,0.0006816866682210715,0.0009175943083130757,0.9973676237203408,0.000361022370740787,0.000672072932383984
asthma_v2_copd_P51COPDPr_401.wav,3,2,2,2,0.0007119196435233641,0.0018894479985210998,0.9964638145047793,0.00030005516746270334,0.000634762685713577
asthma_v2_copd_P5COPDMc_40.wav,3,2,2,2,0.008231049470419043,0.0008743475750550271,0.9623270133967918,0.009042438802611701,0.01952515075512227
asthma_v2_copd_P5COPDPr_35.wav,3,2,2,2,0.004411930513604902,0.007055921294976703,0.9720414517690765,0.006905995661120676,0.009584700761221495
asthma_v2_copd_P8COPDMc_58.wav,3,2,2,2,0.0026261046425758664,0.00038398867279073473,0.995569816167805,0.0002475205317534838,0.0011725699850750405
asthma_v2_copd_P8COPDMc_60.wav,3,2,2,2,0.0009438044518563565,0.0015008924385035692,0.9944937235416483,0.0005421000688989435,0.002519479499092888
asthma_v2_copd_P9COPDPr_69.wav,3,2,2,2,0.0005091006979253491,0.00010037975055016501,0.9982927734581872,9.419801847795192e-05,0.0010035480748591303
asthma_v2_copd_P9COPDPr_71.wav,3,2,2,2,0.0006829912863753313,0.00011412430485088218,0.9978056131309143,0.00016974908268145878,0.0012275221951781692
asthma_v2_healthy_P10Healthy10S.wav,3,2,3,4,0.15849808348838068,0.10856494911582988,0.041144092087520914,0.028365130487157747,0.663427744821111
asthma_v2_healthy_P10Healthy14S.wav,3,2,3,0,0.43840643692914183,0.06665105919494739,0.022142533029248804,0.03289875025675606,0.4399012205899059
asthma_v2_healthy_P12Healthy67S.wav,3,2,3,3,0.045216960242963115,0.059356379644081414,0.05494382502187245,0.682618208537785,0.1578646265532979
asthma_v2_healthy_P12Healthy98S.wav,3,2,3,3,0.021140454302411824,0.01271678514141639,0.042647596847891,0.8835683073161243,0.03992685639215601
asthma_v2_healthy_P14Healthy28S.wav,3,2,3,3,0.007488712779619237,0.06543194636947472,0.2902963381599247,0.5949885067628773,0.04179449592810411
asthma_v2_healthy_P14Healthy47S.wav,3,2,3,3,0.0326930266130431,0.03480662575710936,0.08574778762269486,0.8057882658999795,0.04096429410717345
asthma_v2_healthy_P14Healthy53S.wav,3,2,3,3,0.1110447238609304,0.03629020146903947,0.33748610870586515,0.4468548778113369,0.06832408815282792
asthma_v2_healthy_P15Healthy65S.wav,3,2,3,3,0.010447756050836027,0.015291905537093094,0.035979774642076974,0.9014053414593949,0.036875222310599136
asthma_v2_healthy_P17Healthy71S.wav,3,2,3,4,0.060947592511482164,0.016465231662444704,0.04919017408698643,0.20813237561607592,0.6652646261230107
asthma_v2_healthy_P18Healthy79S.wav,3,2,3,3,0.13920567097626815,0.023131898458012196,0.2887132801868265,0.3980021493796672,0.15094700099922592
asthma_v2_healthy_P19Healthy50S.wav,3,2,3,3,0.00745662412852282,0.0036961824736917795,0.0017514681421126224,0.9744185337282006,0.012677191527472008
asthma_v2_healthy_P19Healthy79S.wav,3,2,3,3,0.02918265863782099,0.004581715528535139,0.004786337364160788,0.8593497222318188,0.10209956623766415
asthma_v2_healthy_P1Healthy86S.wav,3,2,3,3,0.004222708712607662,0.01630541064950932,0.0124050553826938,0.920493976456093,0.04657284879909636
asthma_v2_healthy_P1Healthy88S.wav,3,2,3,3,0.003930712651941422,0.016720868678578193,0.03106725914389596,0.8432916622630384,0.10498949726254604
asthma_v2_healthy_P21Healthy38S.wav,3,2,3,3,0.022432490905024093,0.005546434330218375,0.0052122507965005225,0.8739596967877005,0.09284912718055609
asthma_v2_healthy_P22Healthy88S.wav,3,2,3,3,0.025284825103479507,0.012478244674544238,0.012844716060937816,0.8624685291656304,0.08692368499540797
asthma_v2_healthy_P25Healthy20S.wav,3,2,3,3,0.06445980029655968,0.01124559822760612,0.022264975835126526,0.6863903139452082,0.21563931169549927
asthma_v2_healthy_P25Healthy42S.wav,3,2,3,3,0.10324918814545228,0.05788162378329968,0.024634971128427746,0.756690675098498,0.05754354184432269
asthma_v2_healthy_P25Healthy97S.wav,3,2,3,3,0.009151703762693716,0.007539913107483429,0.001995665685047314,0.9141412265276238,0.06717149091715184
asthma_v2_healthy_P26Healthy46S.wav,3,2,3,3,0.3332964444397283,0.042715342432399515,0.039266335795206574,0.3597783753734901,0.22494350195917565
asthma_v2_healthy_P27Healthy92S.wav,3,2,3,3,0.011850219324366704,0.01737646129950424,0.0017969170011869345,0.8938984975783161,0.07507790479662593
asthma_v2_healthy_P3Healthy84S.wav,3,2,3,3,0.0022331460588208697,0.01647459032707647,0.003457910861210186,0.9357949413306663,0.04203941142222666
asthma_v2_healthy_P4Healthy12S.wav,3,2,3,4,0.05349444972862471,0.11936958329871862,0.031868987514243136,0.1514036367473446,0.6438633427110692
asthma_v2_healthy_P4Healthy69S.wav,3,2,3,4,0.06463466255616658,0.21878347065931247,0.11481089892743578,0.10859394078347491,0.49317702707361016
asthma_v2_healthy_P5Healthy10S.wav,3,2,3,3,0.03833528695163626,0.008641516805658537,0.005064416921510406,0.8366740509639785,0.11128472835721616
asthma_v2_healthy_P7Healthy94S.wav,3,2,3,3,0.0541934175395223,0.024381053959725518,0.06060796641063188,0.7863677732894827,0.0744497888006376
asthma_v2_pneumonia_P10Pneumonia73G.wav,3,2,4,4,0.15164336356801383,0.008194929103609245,0.03497892410024008,0.0014402141006059806,0.803742569127531
asthma_v2_pneumonia_P10Pneumonia80J.wav,3,2,4,4,0.09682210976571926,0.012916436270689205,0.17885543507089868,0.007440238575277601,0.7039657803174153
asthma_v2_pneumonia_P11Pneumonia98J.wav,3,2,4,4,0.06677910808903299,0.004925854868277223,0.010306907541402415,0.07243527310706382,0.8455528563942233
asthma_v2_pneumonia_P12Pneumonia97E.wav,3,2,4,4,0.049721024311398465,0.00501713698442773,0.0239915037961824,0.010944561367778669,0.9103257735402125
asthma_v2_pneumonia_P13Pneumonia20R.wav,3,2,4,4,0.22237146021423618,0.004341461547302741,0.04269432907921327,0.0958174633892117,0.6347752857700362
asthma_v2_pneumonia_P15Pneumonia39Y.wav,3,2,4,3,0.1455974444587241,0.0026518192780313403,0.009472375884652806,0.3693645132138026,0.47291384716478924
asthma_v2_pneumonia_P16Pneumonia80G.wav,3,2,4,4,0.24082097486541643,0.0015109480338634383,0.001968011624703181,0.006127004568053304,0.7495730609079636
asthma_v2_pneumonia_P17Pneumonia86O.wav,3,2,4,2,0.012933039729666742,0.03307383790800148,0.6052930803328826,0.015754026595792593,0.3329460154336564
asthma_v2_pneumonia_P18Pneumonia15Q.wav,3,2,4,4,0.034762054692158796,0.00588971394451629,0.0019331086268088696,0.012443039332831729,0.9449720834036845
asthma_v2_pneumonia_P18Pneumonia23E.wav,3,2,4,3,0.012741873091638703,0.004430607064367122,0.0009753360983794782,0.5257533824141097,0.4560988013315048
asthma_v2_pneumonia_P19Pneumonia24H.wav,3,2,4,4,0.05790698180719549,0.019534148214707395,0.0009225776439491402,0.03523448064494009,0.8864018116892078
asthma_v2_pneumonia_P19Pneumonia33O.wav,3,2,4,4,0.01701951913666154,0.0009178460749122905,0.00018933696367334993,0.0011747699287751887,0.9806985278959773
asthma_v2_pneumonia_P20Pneumonia37V.wav,3,2,4,4,0.10667059019562221,0.01749597758703811,0.006990149852257404,0.0041734646137808595,0.8646698177513011
asthma_v2_pneumonia_P20Pneumonia42B.wav,3,2,4,4,0.06336460190157572,0.007738580136630226,0.0036601561290103357,0.007613258904686412,0.9176234029280972
asthma_v2_pneumonia_P23Pneumonia97P.wav,3,2,4,4,0.03777426190302494,0.02565374114161274,0.052042285134491564,0.07384673057261368,0.810682981248257
asthma_v2_pneumonia_P24Pneumonia67Z.wav,3,2,4,4,0.1272188083086322,0.006539301826644303,0.0012872625184430569,0.0050165685963099865,0.8599380587499704
asthma_v2_pneumonia_P25Pneumonia93N.wav,3,2,4,3,0.07502525851170092,0.002635887509877473,0.008114790870817592,0.7907484699777816,0.12347559312982243
asthma_v2_pneumonia_P26Pneumonia72P.wav,3,2,4,3,0.0034294211001504723,0.005557114625347256,0.00375859100238882,0.8944703431422572,0.0927845301298562
asthma_v2_pneumonia_P27Pneumonia25R.wav,3,2,4,4,0.08524440111395745,0.06961751477979955,0.0956596663239595,0.13815607140148062,0.6113223463808034
asthma_v2_pneumonia_P27Pneumonia77J.wav,3,2,4,2,0.006613441252837113,0.005182648355346722,0.6618028716347201,0.02111329364388834,0.30528774511320783
asthma_v2_pneumonia_P28Pneumonia22W.wav,3,2,4,4,0.03247675089061814,0.0027696812037440724,0.00130214330522853,0.002429513627410395,0.9610219109729988
asthma_v2_pneumonia_P28Pneumonia43J.wav,3,2,4,4,0.0058452009179356225,0.0024985029985344666,0.0018519718290577621,0.060882671954560416,0.9289216522999114
asthma_v2_pneumonia_P29Pneumonia17N.wav,3,2,4,4,0.06934163515006271,0.017994718398362065,0.001671259987399009,0.09541464115068811,0.815577745313488
asthma_v2_pneumonia_P29Pneumonia24X.wav,3,2,4,4,0.028803253531924807,0.011432154232124495,0.0009272460219982441,0.017312159226808805,0.9415251869871437
asthma_v2_pneumonia_P2Pneumonia70H.wav,3,2,4,4,0.03546991117496192,0.0019488258713135957,0.00248619616713529,0.0018165836462013447,0.9582784831403878
asthma_v2_pneumonia_P30Pneumonia10C.wav,3,2,4,4,0.03631705088100266,0.00141324822207566,0.0005574271987601225,0.0014684997996509254,0.9602437738985103
asthma_v2_pneumonia_P30Pneumonia15J.wav,3,2,4,4,0.13258297688270393,0.004578934399275422,0.0005571598977816858,0.008379664136356995,0.8539012646838819
asthma_v2_pneumonia_P30Pneumonia52T.wav,3,2,4,4,0.01144542063139947,0.028690179816366457,0.008617630380590796,0.03501930461331069,0.9162274645583326
asthma_v2_pneumonia_P31Pneumonia16C.wav,3,2,4,4,0.052701646820213846,0.008707211439334537,0.0015902478233859305,0.005564641955974596,0.9314362519610909
asthma_v2_pneumonia_P31Pneumonia47D.wav,3,2,4,4,0.03776329580536403,0.006075652135296569,0.0013996596253595932,0.009905326810826863,0.9448560656231533
asthma_v2_pneumonia_P31Pneumonia92I.wav,3,2,4,4,0.09611149402441252,0.017395019854415203,0.003207529622053626,0.01594451081675711,0.8673414456823616
asthma_v2_pneumonia_P33Pneumonia74T.wav,3,2,4,4,0.01889508525442499,0.0017923156927858457,0.0004670555506165791,0.0007243535378088112,0.9781211899643638
asthma_v2_pneumonia_P33Pneumonia94P.wav,3,2,4,4,0.04984210897927147,0.015521615153910415,0.007074600924163594,0.011353934971824598,0.9162077399708302
asthma_v2_pneumonia_P34Pneumonia15R.wav,3,2,4,4,0.024586156362780987,0.006658229524082224,0.0014831417065948416,0.012903957780284777,0.9543685146262574
asthma_v2_pneumonia_P34Pneumonia61E.wav,3,2,4,4,0.042207273281055994,0.0014173803841202183,0.00045821643263645846,0.003992854725495005,0.9519242751766924
asthma_v2_pneumonia_P35Pneumonia56D.wav,3,2,4,4,0.017870665843625934,0.01762185669825147,0.002642196114483723,0.245151955647302,0.7167133256963372
asthma_v2_pneumonia_P35Pneumonia75E.wav,3,2,4,4,0.08355518965152556,0.023726126019206414,0.01111606858269005,0.009108062924458924,0.8724945528221191
asthma_v2_pneumonia_P36Pneumonia56V.wav,3,2,4,0,0.8605038965007831,0.05595170912837073,0.003757123199987585,0.008768135029330064,0.07101913614152852
asthma_v2_pneumonia_P38Pneumonia23A.wav,3,2,4,0,0.9167198778534437,0.04527989312137984,0.008746912354533834,0.000907363269625084,0.02834595340101742
asthma_v2_pneumonia_P38Pneumonia35P.wav,3,2,4,0,0.86472704224895,0.01809219703180508,0.016326446994667503,0.0006576912837138974,0.10019662244086319
asthma_v2_pneumonia_P39Pneumonia85Q.wav,3,2,4,4,0.1526722319935698,0.2755045399618115,0.019595628189351354,0.05814029212909526,0.49408730772617193
asthma_v2_pneumonia_P40Pneumonia92J.wav,3,2,4,0,0.7369460142229729,0.06580028167786739,0.004382188385134605,0.013493606301077229,0.1793779094129481
asthma_v2_pneumonia_P41Pneumonia17O.wav,3,2,4,4,0.3027237134704653,0.0022668125717052,0.00428451070661825,0.0024036949418031455,0.6883212683094082
asthma_v2_pneumonia_P42Pneumonia63L.wav,3,2,4,4,0.4543485984721494,0.0031418663256971586,0.00994091548642114,0.00765329523029835,0.5249153244854338
asthma_v2_pneumonia_P43Pneumonia24U.wav,3,2,4,3,0.01868310037562465,0.010950065871868236,0.2913342625098625,0.3735458683518842,0.3054867028907607
asthma_v2_pneumonia_P43Pneumonia54I.wav,3,2,4,4,0.016109919389190444,0.005389768329647977,0.01862760191372067,0.2045137262532035,0.7553589841142376
asthma_v2_pneumonia_P43Pneumonia88Y.wav,3,2,4,3,0.01019523068909074,0.013586570302237115,0.2384132300407476,0.5618313528589663,0.17597361610895804
asthma_v2_pneumonia_P44Pneumonia65N.wav,3,2,4,4,0.04922053979292235,0.025791694911084927,0.011940754428455932,0.03187314607535529,0.8811738647921813
asthma_v2_pneumonia_P45Pneumonia29L.wav,3,2,4,4,0.10036817597217486,0.008869728125863454,0.16623614588736219,0.028828056802365536,0.6956978932122336
asthma_v2_pneumonia_P46Pneumonia15W.wav,3,2,4,3,0.17663840855042978,0.0064552724553806,0.034044562635685824,0.25065887048779534,0.532202885870709
asthma_v2_pneumonia_P46Pneumonia22V.wav,3,2,4,3,0.033575041663028854,0.049194507601397375,0.1538623924044518,0.4197557134807525,0.3436123448503693
asthma_v2_pneumonia_P46Pneumonia95A.wav,3,2,4,3,0.02058314110272053,0.04601269764778845,0.2377988961070905,0.46321046846105357,0.23239479668134697
asthma_v2_pneumonia_P46Pneumonia99Y.wav,3,2,4,2,0.027679701026978004,0.0017634178633165484,0.5957174080427526,0.2517901622109676,0.12304931085598486
asthma_v2_pneumonia_P48Pneumonia31K.wav,3,2,4,3,0.00671452978885575,0.007553265434224721,0.06130282195840622,0.6584989065099386,0.2659304763085748
asthma_v2_pneumonia_P5Pneumonia20K.wav,3,2,4,4,0.05314161311152823,0.09343192759895118,0.044083268550674015,0.02627279441839294,0.7830703963204535
asthma_v2_pneumonia_P9Pneumonia63O.wav,3,2,4,3,0.010770666404585376,0.018711315717560486,0.01091315844845016,0.569958445184429,0.3896464142449752
asthma_v2_pneumonia_P9Pneumonia74S.wav,3,2,4,0,0.5442545828756564,0.05621476477787508,0.04630836559600466,0.013264133508495974,0.33995815324196793
asthma_v2_Bronchial_P10BronchialTc_47.wav,3,3,1,2,0.004530429283232559,0.13327316411570772,0.8303269599017261,0.007853205453475225,0.02401624124585871
asthma_v2_Bronchial_P11BronchialTc_53.wav,3,3,1,3,0.022767214349547753,0.03867923155660457,0.013181060278723379,0.8534445339654662,0.07192795984965812
asthma_v2_Bronchial_P12BronchialTc_59.wav,3,3,1,0,0.8289680012375471,0.0718449103682918,0.013205493250138294,0.009279375289468534,0.07670221985455464
asthma_v2_Bronchial_P13BronchialSc_64.wav,3,3,1,0,0.7773218367875644,0.07786841090139478,0.005228335650490203,0.057118277408075804,0.082463139252475
asthma_v2_Bronchial_P13BronchialTc_61.wav,3,3,1,0,0.844146217725082,0.10927612484411554,0.0008875702052242363,0.007589785815341428,0.038100301410236743
asthma_v2_Bronchial_P13BronchialTc_65.wav,3,3,1,0,0.772118878368788,0.10465616396518167,0.03740471506027451,0.028562653447690503,0.05725758915806565
asthma_v2_Bronchial_P15BronchialTc_71.wav,3,3,1,1,0.006811436610841851,0.9709917348054736,0.006206684538319529,0.010045584248322439,0.00594455979704248
asthma_v2_Bronchial_P16BronchialTc_77.wav,3,3,1,1,0.020437378705591532,0.9336281150122108,0.01727479706955547,0.012014993204956673,0.016644716007685634
asthma_v2_Bronchial_P18BronchialSc_88.wav,3,3,1,1,0.014303705097366804,0.9167151057543467,0.05814645715552663,0.0036753646338916453,0.007159367358868076
asthma_v2_Bronchial_P19BronchialTc_93.wav,3,3,1,1,0.016311665650184468,0.8607352659971879,0.0986703468902782,0.013190198369070101,0.011092523093279358
asthma_v2_Bronchial_P1BronchialSc_2.wav,3,3,1,1,0.09659867892891592,0.6987801692533053,0.14192758955202414,0.034881756313631156,0.0278118059521231
asthma_v2_Bronchial_P1BronchialSc_4.wav,3,3,1,1,0.0415962707450947,0.885248173816103,0.04426766315664258,0.015593727548590928,0.013294164733568727
asthma_v2_Bronchial_P1BronchialTc_1.wav,3,3,1,1,0.06212334644881909,0.815344625238369,0.08146947361604226,0.023024561188211192,0.01803799350855865
asthma_v2_Bronchial_P20BronchialTc_99.wav,3,3,1,1,0.1712700143012275,0.35782485651793916,0.2652216059877129,0.14696399911805677,0.05871952407506395
asthma_v2_Bronchial_P21BronchialTc_103.wav,3,3,1,4,0.04000033691641497,0.0625983910702191,0.009580495305777854,0.15357758029485036,0.7342431964127377
asthma_v2_Bronchial_P4BronchialTc_19.wav,3,3,1,1,0.017510604389183924,0.860522234541652,0.020800032037576847,0.06577132007421155,0.03539580895737597
asthma_v2_Bronchial_P5BronchialTc_23.wav,3,3,1,1,0.004665684622214125,0.962583487191171,0.0076251182015131995,0.018519779935054506,0.0066059300500471005
asthma_v2_Bronchial_P6BronchialSc_26.wav,3,3,1,1,0.007868337991428869,0.7058936033421745,0.21099997643407697,0.014676765895885626,0.060561316336433836
asthma_v2_Bronchial_P6BronchialSc_30.wav,3,3,1,1,0.020340340699438096,0.7248189198179923,0.05855641247475922,0.1582096617085258,0.03807466529928459
asthma_v2_Bronchial_P8BronchialSc_40.wav,3,3,1,1,0.0032115127376313732,0.8936539302776493,0.027877775444388127,0.06707671953350557,0.008180062006825684
asthma_v2_Bronchial_P9BronchialSc_44.wav,3,3,1,1,0.01756770328876184,0.9017382476276246,0.05291495537494173,0.014443000074773808,0.013336093633898235
asthma_v2_asthma_P10AsthmaIE_49.wav,3,3,0,0,0.8978118709786509,0.02343117084568437,0.004589586218117055,0.0028057254733056362,0.07136164648424238
asthma_v2_asthma_P10AsthmaIU_46.wav,3,3,0,0,0.9095223730980605,0.0413420888781661,0.006622471750000701,0.00457476667401258,0.037938299599759875
asthma_v2_asthma_P12WheezingRS_56.wav,3,3,0,0,0.7696768506654903,0.027235340424990127,0.07337332168292966,0.013978218030978542,0.11573626919561124
asthma_v2_asthma_P12WheezingRS_60.wav,3,3,0,0,0.8966519199500299,0.045352199856901344,0.0046360252443175395,0.009805184565385074,0.04355467038336612
asthma_v2_asthma_P13WheezingIE_61.wav,3,3,0,0,0.7817781319450664,0.07184841416901804,0.014001331734056162,0.00518761042998917,0.1271845117218702
asthma_v2_asthma_P14WheezingRS_68.wav,3,3,0,0,0.6709828900436153,0.01546599016292496,0.006675145400033516,0.03821150145145061,0.26866447294197554
asthma_v2_asthma_P15WheezingIE_73.wav,3,3,0,0,0.7442650478173292,0.012973550776770747,0.0035794879255611127,0.017758150490174828,0.22142376299016475
asthma_v2_asthma_P16WheezingIU_78.wav,3,3,0,0,0.8601117128429016,0.015974711109877294,0.01488310076920265,0.009554338155932547,0.09947613712208606
asthma_v2_asthma_P18WheezingIU_86.wav,3,3,0,4,0.29023550780426277,0.004327846766974918,0.02841491413167316,0.005875066680269578,0.6711466646168193
asthma_v2_asthma_P18WheezingRL_87.wav,3,3,0,3,0.29006836806987063,0.026428602799663962,0.054882873742087335,0.4382673395619315,0.19035281582644656
asthma_v2_asthma_P1AsthmaIE_1.wav,3,3,0,0,0.7841253802613508,0.020029672494739355,0.0558567631039934,0.026116882507975194,0.11387130163194092
asthma_v2_asthma_P20WheezingRS_100.wav,3,3,0,0,0.7268653979120373,0.027077416935142064,0.01596474149037421,0.11663105339712625,0.11346139026532025
asthma_v2_asthma_P21WheezingIE_101.wav,3,3,0,0,0.8199444276480835,0.006022353763711899,0.0010143915072643415,0.008849292884002507,0.16416953419693783
asthma_v2_asthma_P21WheezingIU_102.wav,3,3,0,0,0.7983099484040826,0.08939743433825288,0.001206888177098958,0.03509753007217145,0.07598819900839406
asthma_v2_asthma_P23WheezingIU_114.wav,3,3,0,0,0.8970189151038681,0.019301879042102628,0.00747861086736973,0.0018110684613970235,0.07438952652526265
asthma_v2_asthma_P23WheezingRS_112.wav,3,3,0,0,0.771025875781771,0.06492921451820904,0.011038359203286016,0.016058666724714923,0.13694788377201905
asthma_v2_asthma_P24WheezingIU_118.wav,3,3,0,0,0.6942138129747824,0.026093231853428468,0.020372350896514634,0.027388097696552167,0.23193250657872255
asthma_v2_asthma_P28WheezingRS_140.wav,3,3,0,0,0.8429110670108697,0.07630374038517151,0.005309902693629563,0.009195842886950118,0.06627944702337872
asthma_v2_asthma_P29WheezingIE_145.wav,3,3,0,0,0.4794910726621276,0.0278853661748496,0.07947438869007475,0.0019372898534214277,0.41121188261952674
asthma_v2_asthma_P29WheezingRL_143.wav,3,3,0,0,0.6309345411164835,0.03730270838509366,0.08851629054238136,0.01194872858701425,0.2312977313690272
asthma_v2_asthma_P2AsthmaIU_10.wav,3,3,0,0,0.8443590247377782,0.007994538368302951,0.015624150398455335,0.04689622519412899,0.08512606130133424
asthma_v2_asthma_P2AsthmaRL_7.wav,3,3,0,0,0.8320471264808605,0.020552341595031966,0.05347168865747377,0.03632435571332696,0.05760448755330688
asthma_v2_asthma_P30WheezingIE_149.wav,3,3,0,0,0.8855739079857741,0.015054258252337334,0.0024223283575013233,0.002030788260894768,0.09491871714349266
asthma_v2_asthma_P30WheezingIU_146.wav,3,3,0,4,0.4680627529395999,0.002910323834469388,0.0017156993129419109,0.010555022057713897,0.5167562018552746
asthma_v2_asthma_P30WheezingIU_150.wav,3,3,0,0,0.8631870006616812,0.02215287412978617,0.0008636488190547727,0.005111882924438293,0.10868459346503964
asthma_v2_asthma_P31WheezingRL_155.wav,3,3,0,0,0.8941883309332781,0.009478526179663467,0.0033131688461485306,0.005848111248997644,0.08717186279191248
asthma_v2_asthma_P33WheezingIE_161.wav,3,3,0,0,0.621441940726256,0.03700542114320848,0.06159096612208626,0.09802732903131256,0.18193434297713737
asthma_v2_asthma_P33WheezingIU_162.wav,3,3,0,0,0.9196695499466565,0.0076606284519672475,0.019036460781326894,0.003521810381205327,0.0501115504388438
asthma_v2_asthma_P33WheezingRL_163.wav,3,3,0,0,0.8150508219012333,0.011252376652641083,0.03241946210591648,0.006286888813608806,0.13499045052660033
asthma_v2_asthma_P35WheezingRS_172.wav,3,3,0,0,0.7692528610570074,0.004827743172936593,0.1450039660016649,0.003987323983219112,0.07692810578517212
asthma_v2_asthma_P36WheezingIU_178.wav,3,3,0,0,0.9353956865237608,0.005151655959728383,0.005852020845940958,0.0006694010905913417,0.05293123557997862
asthma_v2_asthma_P36WheezingRS_180.wav,3,3,0,0,0.7981499281453787,0.10346359367657505,0.0676325178903739,0.007559044424563216,0.02319491586310935
asthma_v2_asthma_P37WheezingIU_182.wav,3,3,0,0,0.9261087845640775,0.011257035495622299,0.023581059694565424,0.001606128894885545,0.03744699135084929
asthma_v2_asthma_P3AsthmaRS_12.wav,3,3,0,0,0.5256740087377937,0.010893707179889524,0.023056862465309046,0.01115989379558023,0.4292155278214274
asthma_v2_asthma_P40WheezingRS_200.wav,3,3,0,0,0.9266894145444815,0.03192999747247284,0.027265569154205235,0.0008573064087093662,0.013257712420131207
asthma_v2_asthma_P41WheezingIE_201.wav,3,3,0,0,0.7463610556304161,0.021798406517319555,0.20965038038417053,0.002139235219119716,0.02005092224897396
asthma_v2_asthma_P41WheezingIE_205.wav,3,3,0,0,0.8666932569317944,0.008405022023900024,0.014016620183474729,0.0020962044996446698,0.10878889636118615
asthma_v2_asthma_P44WheezingRL_219.wav,3,3,0,0,0.852837610525808,0.010702773612204926,0.1079080302595398,0.003053517119843778,0.025498068482603525
asthma_v2_asthma_P44WheezingRS_220.wav,3,3,0,2,0.15162036390629782,0.011081165241504052,0.8155759658899983,0.009278317480694572,0.012444187481505825
asthma_v2_asthma_P45WheezingIE_225.wav,3,3,0,0,0.8770314607815816,0.026458400613724682,0.0051696013350673005,0.004687711645207774,0.08665282562441856
asthma_v2_asthma_P45WheezingRL_223.wav,3,3,0,0,0.6887184727097259,0.06392073307826752,0.2102913763215022,0.007302270954341059,0.029767146936163676
asthma_v2_asthma_P48WheezingIE_237.wav,3,3,0,0,0.7532029106723567,0.04113778758751484,0.008710451346754931,0.004085640316759167,0.19286321007661422
asthma_v2_asthma_P48WheezingIU_238.wav,3,3,0,0,0.8745445208260736,0.01905448137971772,0.025485291677608803,0.004002185717352385,0.0769135203992477
asthma_v2_asthma_P48WheezingRL_239.wav,3,3,0,0,0.8656355108260525,0.017219088920210932,0.0132416389533771,0.0034209011539448647,0.10048286014641448
asthma_v2_asthma_P48WheezingRS_240.wav,3,3,0,0,0.8601154034183082,0.012041378585912525,0.028343183876985607,0.003733457619354154,0.09576657649943954
asthma_v2_asthma_P49WheezingIU_242.wav,3,3,0,0,0.8174870724621728,0.0193974627650046,0.0047528909413284805,0.0007152796638066756,0.1576472941676872
asthma_v2_asthma_P49WheezingRL_243.wav,3,3,0,2,0.3007329197179467,0.005674238418564486,0.6769995014327063,0.003647342284387513,0.012945998146395004
asthma_v2_asthma_P4AsthmaIU_18.wav,3,3,0,0,0.9065949184442595,0.04863015552904414,0.004673182163837278,0.005075094145441032,0.03502664971741839
asthma_v2_asthma_P50WheezingIE_249.wav,3,3,0,0,0.8137858716023552,0.009575790501222236,0.007480596031532977,0.0021608582558398067,0.16699688360904996
asthma_v2_asthma_P50WheezingRS_248.wav,3,3,0,4,0.254966382600115,0.04360634373833823,0.057251326739784975,0.007513431383616996,0.6366625155381449
asthma_v2_asthma_P53WheezingIU_262.wav,3,3,0,0,0.8750170996928343,0.052247408220658,0.010069388311108764,0.002642711674034049,0.06002339210136509
asthma_v2_asthma_P55WheezingRL_271.wav,3,3,0,3,0.146954913136886,0.10773041364724047,0.009657183154035229,0.35811867936921604,0.37753881069262224
asthma_v2_asthma_P57WheezingRS_284.wav,3,3,0,4,0.2866139256751528,0.13735056137848853,0.016852708299213433,0.14187319730773942,0.41730960733940586
asthma_v2_asthma_P7AsthmaRS_32.wav,3,3,0,0,0.5620712536439716,0.007895244952814011,0.011882780657411983,0.1291422823442591,0.2890084384015436
asthma_v2_asthma_P9AsthmaIE_41.wav,3,3,0,0,0.7297231683247999,0.046653920414691026,0.04129762846604682,0.013108285251910858,0.1692169975425515
asthma_v2_asthma_P9AsthmaIU_42.wav,3,3,0,0,0.9030304546842163,0.01952029774219465,0.00856903461192624,0.010597256983498884,0.05828295597816384
asthma_v2_asthma_P9AsthmaRS_44.wav,3,3,0,0,0.9041648145467235,0.022256761758075252,0.015865504125882574,0.019372016242780406,0.03834090332653819
asthma_v2_copd_P12COPDPr_93.wav,3,3,2,0,0.6717061930329319,0.10313435537379397,0.20759399323742128,0.004991753878145001,0.012573704477707906
asthma_v2_copd_P12COPDPr_95.wav,3,3,2,2,0.003963717393067069,0.027011349668603527,0.9628770263314971,0.004053773703095059,0.0020941329037367767
asthma_v2_copd_P13COPDMc_100.wav,3,3,2,2,0.0040597889266713654,0.23912703647861075,0.6700304123868026,0.06199795954842962,0.024784802659485773
asthma_v2_copd_P13COPDPr_97.wav,3,3,2,2,9.262097789728111e-05,0.007702328665626825,0.9898041041884661,0.0014355886930236654,0.0009653574749860478
asthma_v2_copd_P13COPDPr_99.wav,3,3,2,2,0.004001230343539178,0.23601101963116056,0.6433337477445115,0.0932412750383975,0.023412727242391042
asthma_v2_copd_P14COPDMc_108.wav,3,3,2,0,0.44665163939637864,0.005949596840250645,0.5271163952543819,0.0006517604588147801,0.01963060805017409
asthma_v2_copd_P14COPDPr_109.wav,3,3,2,2,0.008267759059985046,0.000980866532998693,0.9884402774517472,0.0006857416304547361,0.0016253553248141955
asthma_v2_copd_P15COPDPr_115.wav,3,3,2,2,0.04977176330571737,0.003169234225250537,0.9450017176747805,0.0006280935243184289,0.0014291912699332
asthma_v2_copd_P15COPDPr_117.wav,3,3,2,2,0.05518554991907945,0.004089360173876282,0.93457408821602,0.0012721308067004163,0.004878870884323673
asthma_v2_copd_P16COPDPr_121.wav,3,3,2,2,0.0013714920346333194,0.00021243666348381713,0.9861672382066231,0.00036934825294412493,0.011879484842315586
asthma_v2_copd_P16COPDPr_123.wav,3,3,2,2,0.0006732190599527497,0.00015842022190168327,0.9804002087779217,0.00022846365274610403,0.018539688287477773
asthma_v2_copd_P16COPDPr_125.wav,3,3,2,2,0.0007501731892921679,0.00018234413466947918,0.9973667969356127,0.00012753454427970933,0.0015731511961461224
asthma_v2_copd_P17COPDMc_130.wav,3,3,2,2,5.974139372111186e-07,6.98472916423874e-07,0.9996721401033856,3.719760012236963e-05,0.00028936640963848876
asthma_v2_copd_P18COPDMc_140.wav,3,3,2,2,0.029976904053787057,0.0012674256963106391,0.8672158706629624,0.006518959744521807,0.09502083984241765
asthma_v2_copd_P18COPDPr_139.wav,3,3,2,2,0.0020826176818943393,0.0007722531049477014,0.996003909628019,0.00035863421882527396,0.0007825853663138734
asthma_v2_copd_P19COPDPr_149.wav,3,3,2,2,0.006114387627300814,0.0020890884426575354,0.9884116215055936,0.0008191553292362176,0.002565747095211514
asthma_v2_copd_P20COPDMc_156.wav,3,3,2,2,0.06786644490614611,0.006173776081452269,0.8543284540147893,0.012939839864593267,0.058691485133019215
asthma_v2_copd_P20COPDMc_158.wav,3,3,2,2,0.004250341151962168,0.0023263231583439945,0.9894595130704907,0.0010429558632793045,0.002920866755923948
asthma_v2_copd_P21COPDPr_167.wav,3,3,2,2,0.0026240739977224535,0.0022960254522992247,0.992992665384564,0.0006605771086297364,0.0014266580567849582
asthma_v2_copd_P24COPDPr_187.wav,3,3,2,2,0.0015479812177286317,0.002249384603825878,0.9779148627414117,0.0029647851021908527,0.015322986334842758
asthma_v2_copd_P26COPDMc_208.wav,3,3,2,2,0.010052122643976324,0.0264075259745529,0.9316510228272183,0.01246530160901203,0.01942402694524055
asthma_v2_copd_P26COPDPr_203.wav,3,3,2,2,0.0005104257880121212,0.0006462329121126159,0.9981493142639813,0.00037802417059320127,0.00031600286530057556
asthma_v2_copd_P28COPDMc_220.wav,3,3,2,2,0.004702429601020244,0.0035836359183900857,0.9874090400219571,0.0025275983116555497,0.001777296146976947
asthma_v2_copd_P28COPDPr_217.wav,3,3,2,2,2.019752486226316e-06,1.8854595223845927e-06,0.9983233591213957,0.0011709563589647996,0.0005017793076306656
asthma_v2_copd_P28COPDPr_221.wav,3,3,2,2,0.0030483628777421582,0.014438179640750845,0.9794317646892281,0.0010866477073526682,0.001995045084926123
asthma_v2_copd_P29COPDMc_230.wav,3,3,2,2,0.0009773004172765269,0.002290453425642113,0.9953928158605944,0.0005484092661049665,0.0007910210303824644
asthma_v2_copd_P29COPDMc_232.wav,3,3,2,2,6.705065289113287e-07,7.126773631401807e-07,0.9992206195009752,0.000328332231979555,0.000449665083153168
asthma_v2_copd_P29COPDPr_225.wav,3,3,2,2,0.0003010288246477337,0.0014443283102194547,0.9965351853669147,0.0005113220960348268,0.001208135402183187
asthma_v2_copd_P2COPDMc_16.wav,3,3,2,2,0.008128456393393282,0.0020861526112827718,0.9768934814403502,0.004502074397157191,0.008389835157816548
asthma_v2_copd_P2COPDPr_15.wav,3,3,2,2,0.04262226771956547,0.0040436346485242395,0.9468202410712617,0.0035983238701488233,0.0029155326904995826
asthma_v2_copd_P2COPDPr_9.wav,3,3,2,2,0.0012755920227059943,0.00011956450148177731,0.9916750751990222,0.0022482825929143954,0.0046814856838756766
asthma_v2_copd_P31COPDPr_245.wav,3,3,2,2,0.26906219162056494,0.03379420475229425,0.6283121066615618,0.01669709723336824,0.052134399732210984
asthma_v2_copd_P32COPDMc_250.wav,3,3,2,2,0.18113172001077157,0.06985535193071075,0.7159475894089019,0.012313963341644706,0.0207513753079708
asthma_v2_copd_P33COPDMc_258.wav,3,3,2,3,0.09176377213621856,0.008258513966262251,0.13834192189717015,0.2888278634531381,0.47280792854721077
asthma_v2_copd_P33COPDPr_259.wav,3,3,2,4,0.0402871940639698,0.07007462251261902,0.18980452510421453,0.13185145377830226,0.5679822045408941
asthma_v2_copd_P33COPDPr_261.wav,3,3,2,1,0.05067625785711845,0.42253167094156213,0.28234113098553854,0.03631422181661622,0.20813671839916495
asthma_v2_copd_P34COPDMc_268.wav,3,3,2,2,0.017339447281288722,0.20684795315272445,0.7669548748274234,0.0022863612202131734,0.0065713635183498815
asthma_v2_copd_P34COPDMc_270.wav,3,3,2,2,0.008906134451992835,0.010782366714635824,0.9752032620342077,0.0017667088535256513,0.0033415279456379776
asthma_v2_copd_P34COPDPr_265.wav,3,3,2,2,0.0028083528983965443,0.04315474628111631,0.9505738444053088,0.0003337623687051447,0.0031292940464734387
asthma_v2_copd_P35COPDMc_278.wav,3,3,2,2,0.0004362974042353319,0.006935906392847996,0.988980756321388,0.0026179448632781947,0.0010290950182501404
asthma_v2_copd_P36COPDPr_283.wav,3,3,2,2,0.001256411203094213,0.006127034264607345,0.9778999374510687,0.001277048441857299,0.013439568639372193
asthma_v2_copd_P37COPDPr_289.wav,3,3,2,2,0.009418731614320457,0.10513046780573411,0.8546410018001307,0.013180447356719806,0.017629351423094925
asthma_v2_copd_P39COPDMc_306.wav,3,3,2,2,0.004397037286771361,0.0038304243152150886,0.9888599762476743,0.0007208560164435615,0.002191706133895559
asthma_v2_copd_P39COPDPr_307.wav,3,3,2,2,0.01355890461223205,0.014525568565351815,0.860800724047941,0.0021000144474379277,0.10901478832703725
asthma_v2_copd_P3COPDMc_24.wav,3,3,2,2,0.0008119551521110421,0.004351482258769273,0.9909393236800109,0.0010115003851737052,0.002885738523935048
asthma_v2_copd_P3COPDPr_17.wav,3,3,2,0,0.317192565279984,0.009350436435101205,0.556289158551048,0.057864540398655115,0.05930329933521157
asthma_v2_copd_P3COPDPr_21.wav,3,3,2,2,0.05157270395093579,0.02470391506111352,0.9087924135688472,0.008411475185427451,0.006519492233676017
asthma_v2_copd_P40COPDMc_318.wav,3,3,2,2,0.032406388504244946,0.010513479318577724,0.9448621347261695,0.001595057480892504,0.010622939970115182
asthma_v2_copd_P41COPDMc_322.wav,3,3,2,2,0.000450556673216087,0.0009823291361507596,0.9975342283252286,0.00023000278495810233,0.0008028830804465764
asthma_v2_copd_P41COPDMc_326.wav,3,3,2,2,0.005070957918072917,0.002541640617047809,0.9673289703673382,0.001965734008746668,0.023092697088794266
asthma_v2_copd_P41COPDPr_321.wav,3,3,2,2,0.0004614223909329977,0.0009357044268985727,0.9980544140632216,0.00016380915954929346,0.00038464995939735543
asthma_v2_copd_P42COPDPr_333.wav,3,3,2,2,0.00022096137978358608,0.0008042798839092965,0.9971565811510463,0.0011107580929694304,0.0007074194922911995
asthma_v2_copd_P43COPDPr_341.wav,3,3,2,2,0.0012819108974082786,0.00041292242024205885,0.9954896132194658,0.0003201331100117566,0.002495420352872088
asthma_v2_copd_P43COPDPr_343.wav,3,3,2,2,0.0013714465205836124,0.0020498983500432935,0.9952974032305116,0.00021944763857057654,0.001061804260290902
asthma_v2_copd_P44COPDPr_347.wav,3,3,2,2,0.013530052893152521,0.005195864319791795,0.6695487698540943,0.04084519404484355,0.2708801188881183
asthma_v2_copd_P47COPDMc_372.wav,3,3,2,2,0.004392792662276946,0.006450467807165976,0.9605369819425995,0.008097014237937603,0.020522743350019735
asthma_v2_copd_P47COPDMc_374.wav,3,3,2,2,0.001053175472305909,0.03967989575825528,0.9447599647377853,0.012055842246053187,0.002451121785600585
asthma_v2_copd_P47COPDPr_369.wav,3,3,2,4,0.1418788726747127,0.07050499571327361,0.08781123838713406,0.009566990701846386,0.6902379025230335
asthma_v2_copd_P47COPDPr_371.wav,3,3,2,4,0.016759144987618487,0.010525943640164927,0.2454788181315875,0.016845131935921815,0.7103909613047067
asthma_v2_copd_P48COPDMc_382.wav,3,3,2,2,0.0048024804018017035,0.013724564433248227,0.9490362986010268,0.015716875292910038,0.016719781271013246
asthma_v2_copd_P48COPDPr_381.wav,3,3,2,2,0.002047866391390728,0.005848027536255346,0.9514646412212744,0.0350147494046541,0.005624715446425289
asthma_v2_copd_P49COPDPr_385.wav,3,3,2,2,0.0016209940876224474,0.1313662780435066,0.8544464591528491,0.007642597251019787,0.004923671465001762
asthma_v2_copd_P49COPDPr_389.wav,3,3,2,2,0.0006943290457004965,0.002696236606155915,0.9851267902594791,0.003477593734831153,0.008005050353833172
asthma_v2_copd_P4COPDMc_28.wav,3,3,2,2,0.0007132904819825348,0.0011194412094040122,0.996934960746043,0.00048622650464079777,0.0007460810579296031
asthma_v2_copd_P4COPDPr_29.wav,3,3,2,2,0.0007183063193442505,0.001307125647608659,0.9968947633045567,0.0002813954992543317,0.0007984092292359252
asthma_v2_copd_P4COPDPr_31.wav,3,3,2,2,0.007643667346947972,0.0025282316170204596,0.980779618582805,0.0023520856822895203,0.0066963967709372406
asthma_v2_copd_P50COPDPr_393.wav,3,3,2,2,0.009576743220593011,0.010490932983218964,0.9703577965447828,0.003641428999501192,0.005933098251904266
asthma_v2_copd_P5COPDMc_34.wav,3,3,2,2,0.1669199729353541,0.012000898392377357,0.7083314379671117,0.04586561704222253,0.06688207366293442
asthma_v2_copd_P5COPDMc_38.wav,3,3,2,2,0.0041439085317888785,0.018931101685251677,0.9175622976830055,0.011596951352003379,0.04776574074795053
asthma_v2_copd_P5COPDPr_33.wav,3,3,2,2,0.10506659105840938,0.006377687234801872,0.7902207734117399,0.014958597839525127,0.08337635045552345
asthma_v2_copd_P5COPDPr_37.wav,3,3,2,2,0.002419867718737887,0.0019459864805818885,0.9831423078258062,0.0019262716078123853,0.010565566367061564
asthma_v2_copd_P5COPDPr_39.wav,3,3,2,2,0.0006355416827095461,0.0049248867465565135,0.9908104764953509,0.0017434655624703362,0.0018856295129125692
asthma_v2_copd_P7COPDMc_50.wav,3,3,2,2,0.0018066089393035693,0.0031739822519471334,0.9828298297864415,0.006995253878018827,0.005194325144288717
asthma_v2_copd_P7COPDMc_52.wav,3,3,2,2,0.012164557697929748,0.002016421125565901,0.9431353660522592,0.0065728969906865865,0.03611075813355847
asthma_v2_copd_P7COPDPr_49.wav,3,3,2,2,0.007522258997244392,0.028835854217196945,0.697576022530975,0.020776430323258127,0.24528943393132524
asthma_v2_copd_P8COPDPr_61.wav,3,3,2,2,0.00209389429658635,0.0015094196022350677,0.9941976210723539,0.000454320828509574,0.0017447442003150492
asthma_v2_copd_P9COPDMc_66.wav,3,3,2,2,0.0007654411963322654,0.00042531835347425214,0.9962021200347794,0.00022599899220254749,0.002381121423211692
asthma_v2_copd_P9COPDMc_70.wav,3,3,2,2,0.0008929774114445098,0.0006452635434162383,0.9970369154676343,0.00021266093712215008,0.0012121826403828273
asthma_v2_copd_P9COPDPr_65.wav,3,3,2,2,0.0021824845559017987,0.0005771955684301388,0.9917256589281979,0.0003829666957634184,0.005131694251706772
asthma_v2_copd_P9COPDPr_67.wav,3,3,2,2,0.0011279936697138643,0.00011439036097526267,0.9957850116691914,0.00015723992396196994,0.0028153643761575186
asthma_v2_healthy_P10Healthy61S.wav,3,3,3,3,0.03481657571016585,0.021755992473832194,0.02373513393403011,0.38687468558644394,0.5328176122955277
asthma_v2_healthy_P10Healthy65S.wav,3,3,3,3,0.007824846963825191,0.004280432875163583,0.003073043533717714,0.7840149255098018,0.20080675111749147
asthma_v2_healthy_P11Healthy38S.wav,3,3,3,3,0.0696357312856886,0.047642335800087664,0.053814468207774344,0.7712839759724355,0.057623488734013704
asthma_v2_healthy_P13Healthy42S.wav,3,3,3,3,0.016449993196036312,0.04969734340353864,0.05647202173289832,0.8065340058583096,0.07084663580921713
asthma_v2_healthy_P13Healthy53S.wav,3,3,3,3,0.10343568099586,0.13352409968475715,0.136227453888466,0.5658907752589651,0.060921990171951254
asthma_v2_healthy_P14Healthy89S.wav,3,3,3,3,0.005006712314086884,0.3595903478497566,0.024798907791478465,0.5928382392163951,0.01776579282828292
asthma_v2_healthy_P15Healthy14S.wav,3,3,3,3,0.028951904037536773,0.1869994745367162,0.03544466236609276,0.6297068687538446,0.1188970903058099
asthma_v2_healthy_P16Healthy26S.wav,3,3,3,3,0.03196052085028533,0.0055339787839585805,0.007511285335853076,0.5954648023927741,0.35952941263712884
asthma_v2_healthy_P18Healthy46S.wav,3,3,3,3,0.024499484057660764,0.06755132521166653,0.013088350155406553,0.7700918756664105,0.12476896490885506
asthma_v2_healthy_P1Healthy29S.wav,3,3,3,3,0.003042278729798988,0.01693064893009467,0.01797731471661618,0.9386357208222343,0.023414036801255814
asthma_v2_healthy_P20Healthy31S.wav,3,3,3,3,0.03602236479748774,0.005041292824776986,0.0631460626424625,0.8029996360245938,0.09279064371067884
asthma_v2_healthy_P20Healthy70S.wav,3,3,3,3,0.0028636774213736814,0.0017024848696976025,0.0031644702811860427,0.949625389869494,0.042643977558248794
asthma_v2_healthy_P21Healthy95S.wav,3,3,3,3,0.12758586954521497,0.09371797107446471,0.008790773754365233,0.3833742462781938,0.38653113934776134
asthma_v2_healthy_P21Healthy98S.wav,3,3,3,3,0.22365620076722995,0.0216886600384585,0.00688068324345899,0.4429523757769609,0.3048220801738918
asthma_v2_healthy_P22Healthy45S.wav,3,3,3,3,0.07582159159934147,0.009170872727729195,0.007959689706570662,0.782930207720153,0.12411763824620557
asthma_v2_healthy_P22Healthy94S.wav,3,3,3,3,0.13794130227336457,0.026609617878930066,0.003397963155607143,0.31736144608782524,0.5146896706042733
asthma_v2_healthy_P23Healthy14S.wav,3,3,3,3,0.05288221330759686,0.006538269698320001,0.012732748431025879,0.7634485970351261,0.1643981715279309
asthma_v2_healthy_P24Healthy51S.wav,3,3,3,3,0.010858384052760073,0.0033778288501129673,0.01038463210835754,0.9195345453017989,0.055844609686970526
asthma_v2_healthy_P25Healthy88S.wav,3,3,3,3,0.023318580989142777,0.00918162016695944,0.008386264976022734,0.8443614596027893,0.11475207426508585
asthma_v2_healthy_P26Healthy48S.wav,3,3,3,3,0.19654779144876505,0.056895283715129114,0.016911846028344436,0.3365826223274694,0.39306245648029203
asthma_v2_healthy_P26Healthy76S.wav,3,3,3,3,0.017627673053565742,0.004978111568953786,0.008121667541134083,0.7755830048136011,0.1936895430227457
asthma_v2_healthy_P2Healthy72S.wav,3,3,3,4,0.04576682931618777,0.006268096364169097,0.021762513516696256,0.27682966060756237,0.6493729001953846
asthma_v2_healthy_P3Healthy57S.wav,3,3,3,3,0.004999058096786906,0.030004768323159278,0.017379423850582634,0.8633465637374194,0.08427018599205163
asthma_v2_healthy_P5Healthy87S.wav,3,3,3,3,0.031782807433682905,0.023042398031738822,0.011460594131675408,0.8545298249722975,0.07918437543060555
asthma_v2_healthy_P6Healthy34S.wav,3,3,3,3,0.017959792137234688,0.0014488424081155677,0.010400102499811211,0.8928361835912105,0.07735507936362841
asthma_v2_healthy_P8Healthy48S.wav,3,3,3,3,0.028507477270765934,0.016726286134197386,0.036003042349923235,0.833303323996406,0.08545987024870746
asthma_v2_healthy_P9Healthy22S.wav,3,3,3,3,0.015938517359172837,0.01397465883852917,0.022458689533509994,0.8985043242592259,0.049123810009561765
asthma_v2_pneumonia_P12Pneumonia45B.wav,3,3,4,2,0.0060119996192951,0.02449230513797131,0.7882781217122949,0.06409762625470564,0.11711994727573317
asthma_v2_pneumonia_P12Pneumonia46L.wav,3,3,4,4,0.20694596663283277,0.021370925424801672,0.01857119146025908,0.044457316496862416,0.708654599985244
asthma_v2_pneumonia_P14Pneumonia73T.wav,3,3,4,4,0.19081480435611348,0.005739756367848024,0.02824327646423488,0.07648496050157257,0.698717202310231
asthma_v2_pneumonia_P15Pneumonia58S.wav,3,3,4,3,0.09944370038234902,0.041467417347931655,0.0040481452707345975,0.46229196171955783,0.39274877527942703
asthma_v2_pneumonia_P16Pneumonia18Z.wav,3,3,4,4,0.21415467157806803,0.009388432198440402,0.007547232791403485,0.13320172450043477,0.6357079389316538
asthma_v2_pneumonia_P16Pneumonia42Q.wav,3,3,4,4,0.32375752037318073,0.01020120917433377,0.005064697947341288,0.1417245390638471,0.519252033441297
asthma_v2_pneumonia_P16Pneumonia56J.wav,3,3,4,4,0.13963818837013964,0.004768523374779889,0.00341645205671616,0.0654796711741384,0.7866971650242256
asthma_v2_pneumonia_P17Pneumonia49T.wav,3,3,4,4,0.05660724604417736,0.007348076239336414,0.00029270123528984715,0.04076867609393114,0.8949833003872654
asthma_v2_pneumonia_P17Pneumonia51I.wav,3,3,4,4,0.0321621083204071,0.0202324239528028,0.09658309151647994,0.11946518408294562,0.7315571921273647
asthma_v2_pneumonia_P17Pneumonia57K.wav,3,3,4,4,0.05737862863989453,0.001668480097631852,0.000905190385961831,0.0017986359015370844,0.9382490649749745
asthma_v2_pneumonia_P18Pneumonia50S.wav,3,3,4,4,0.08949567208494369,0.0054505868834123315,0.00067393979781537,0.00992542152192924,0.8944543797118996
asthma_v2_pneumonia_P18Pneumonia88I.wav,3,3,4,4,0.061080832830299296,0.007821343777848341,0.0016575844128986273,0.012455709914817942,0.9169845290641359
asthma_v2_pneumonia_P19Pneumonia39Z.wav,3,3,4,4,0.022503775798947537,0.01079429248839408,0.005484464059314776,0.07724312081166175,0.8839743468416819
asthma_v2_pneumonia_P19Pneumonia75B.wav,3,3,4,3,0.0852110652096115,0.01409789293393735,0.0015823012894325326,0.3492425857630853,0.5498661548039334
asthma_v2_pneumonia_P1Pneumonia10T.wav,3,3,4,4,0.0744797540580652,0.002722925395782984,0.001993387634945138,0.00972117564753496,0.9110827572636714
asthma_v2_pneumonia_P1Pneumonia39F.wav,3,3,4,4,0.1171342735634285,0.012588194527798692,0.008777442402243589,0.009460862078680327,0.8520392274278489
asthma_v2_pneumonia_P1Pneumonia41U.wav,3,3,4,4,0.021962168897729065,0.006019818180431942,0.0003842086793128276,0.03776679862694679,0.9338670056155794
asthma_v2_pneumonia_P1Pneumonia94J.wav,3,3,4,4,0.07558270214578768,0.009151824232529545,0.0023978540626263182,0.007816738744714901,0.9050508808143414
asthma_v2_pneumonia_P1Pneumonia97M.wav,3,3,4,4,0.04001676431291226,0.0016271898465795456,0.0005805741252714817,0.004192161947055847,0.953583309768181
asthma_v2_pneumonia_P21Pneumonia56M.wav,3,3,4,4,0.06032595945512431,0.0009162781732938388,0.0002455261679249688,0.0034312309220068354,0.9350810052816498
asthma_v2_pneumonia_P21Pneumonia69Q.wav,3,3,4,4,0.07057291930064973,0.004984401200944138,0.0014031925185803125,0.014175442809925626,0.9088640441699006
asthma_v2_pneumonia_P22Pneumonia29M.wav,3,3,4,0,0.5446350750343466,0.018691891074088633,0.01837652571257806,0.022950805285040565,0.3953457028939459
asthma_v2_pneumonia_P22Pneumonia47V.wav,3,3,4,4,0.07792199487314577,0.0031001034850587405,0.0007032064967065123,0.004005767374962137,0.914268927770127
asthma_v2_pneumonia_P24Pneumonia21G.wav,3,3,4,3,0.07344489505857922,0.14725834906580304,0.017201070741502664,0.5647485458217154,0.1973471393123995
asthma_v2_pneumonia_P25Pneumonia16B.wav,3,3,4,3,0.028724991625474768,0.007265851357363488,0.03597225243310257,0.5068157940401598,0.4212211105438995
asthma_v2_pneumonia_P27Pneumonia28K.wav,3,3,4,4,0.034745581364762024,0.05845588876936483,0.07651070348202273,0.04836360739263627,0.781924218991214
asthma_v2_pneumonia_P28Pneumonia71A.wav,3,3,4,4,0.03134855713225494,0.0011486762124829112,0.0005752554603292843,0.0015669717638621076,0.9653605394310704
asthma_v2_pneumonia_P33Pneumonia70D.wav,3,3,4,4,0.036043600087112805,0.005098385344062653,0.0027400385934018786,0.13315725767903513,0.822960718296388
asthma_v2_pneumonia_P34Pneumonia77O.wav,3,3,4,4,0.02823228824267048,0.009575992668072608,0.0014795592170296292,0.13897461912120224,0.8217375407510248
asthma_v2_pneumonia_P36Pneumonia79Z.wav,3,3,4,4,0.07406392529353582,0.020954215352295982,0.004224958910749778,0.02885881431803576,0.8718980861253823
asthma_v2_pneumonia_P37Pneumonia44I.wav,3,3,4,0,0.6483219895814752,0.05395410770250706,0.01453480026548908,0.01705634019487098,0.26613276225565785
asthma_v2_pneumonia_P37Pneumonia73X.wav,3,3,4,0,0.8653135118019365,0.08789006561333529,0.005085035484752918,0.00659759190666098,0.035113795193314326
asthma_v2_pneumonia_P38Pneumonia34H.wav,3,3,4,0,0.7200994831574061,0.014357779091756956,0.006684193910745433,0.07335544710947231,0.18550309673061893
asthma_v2_pneumonia_P38Pneumonia64N.wav,3,3,4,0,0.8834325059044603,0.027166446598434153,0.004047654190914291,0.014068744008392588,0.07128464929779846
asthma_v2_pneumonia_P39Pneumonia16K.wav,3,3,4,0,0.7554019389618185,0.02982349556549729,0.0033357563070310283,0.010953379990742754,0.20048542917491044
asthma_v2_pneumonia_P3Pneumonia41L.wav,3,3,4,0,0.31657178215924753,0.068397340577777,0.4391781230144553,0.026617599097598556,0.14923515515092145
asthma_v2_pneumonia_P3Pneumonia61R.wav,3,3,4,4,0.014693738043974112,0.004699603058560093,0.10758278467460214,0.085440788019635,0.7875830862032289
asthma_v2_pneumonia_P3Pneumonia74F.wav,3,3,4,4,0.18798280443912832,0.017665796431839274,0.029177840817025607,0.01659603021651004,0.7485775280954966
asthma_v2_pneumonia_P3Pneumonia96L.wav,3,3,4,4,0.06365416363409723,0.007045686926161524,0.006428815346816104,0.006312525844487259,0.9165588082484382
asthma_v2_pneumonia_P40Pneumonia32Q.wav,3,3,4,4,0.11625597858128656,0.016393085182675977,0.006525610865595633,0.014946039806046627,0.8458792855643951
asthma_v2_pneumonia_P41Pneumonia41D.wav,3,3,4,4,0.22815193213853655,0.07564663310972977,0.10929873899320283,0.014144668618951767,0.5727580271395789
asthma_v2_pneumonia_P43Pneumonia53X.wav,3,3,4,4,0.02103073751332222,0.014941175299585467,0.02710889340779571,0.11200480747624643,0.82491438630305
asthma_v2_pneumonia_P44Pneumonia47J.wav,3,3,4,4,0.14940766325444527,0.011304122668301601,0.018599917514899537,0.07435171751988226,0.7463365790424715
asthma_v2_pneumonia_P45Pneumonia10J.wav,3,3,4,4,0.049339996051557145,0.010526889976777925,0.007561767985404522,0.09638104370850578,0.8361903022777549
asthma_v2_pneumonia_P45Pneumonia51F.wav,3,3,4,4,0.03448116907606583,0.008269124400285767,0.05645989661693795,0.08682869444199907,0.8139611154647113
asthma_v2_pneumonia_P46Pneumonia80D.wav,3,3,4,3,0.011736917681871548,0.008434318570690415,0.07055129634080662,0.48968777441378314,0.41958969299284815
asthma_v2_pneumonia_P47Pneumonia14M.wav,3,3,4,4,0.11002759853231456,0.04565892468102515,0.05430431799425019,0.14649992693125988,0.6435092318611498
asthma_v2_pneumonia_P47Pneumonia74Q.wav,3,3,4,4,0.23695049070220986,0.011047020780178664,0.0809991867446789,0.0590792295304268,0.6119240722425062
asthma_v2_pneumonia_P4Pneumonia27H.wav,3,3,4,4,0.054006020448665176,0.026738216682010544,0.0886074317805716,0.1027307507446872,0.7279175803440655
asthma_v2_pneumonia_P4Pneumonia39Q.wav,3,3,4,4,0.05143597839073046,0.03164212084382849,0.41587801571404504,0.03834846717674416,0.4626954178746518
asthma_v2_pneumonia_P4Pneumonia78E.wav,3,3,4,4,0.03687575501296932,0.003941450817984336,0.04433143503421669,0.02310079449610337,0.891750564638726
asthma_v2_pneumonia_P5Pneumonia88J.wav,3,3,4,2,0.14905045920539944,0.028377190929051513,0.7169090630423751,0.014526062948248599,0.09113722387492545
asthma_v2_pneumonia_P5Pneumonia95V.wav,3,3,4,4,0.019081471977834264,0.007441305415424907,0.08319387264915554,0.045018230139242645,0.8452651198183427
asthma_v2_pneumonia_P6Pneumonia84M.wav,3,3,4,4,0.011494693448986983,0.004128351291907213,0.05210995510389121,0.115893749222284,0.8163732509329309
asthma_v2_pneumonia_P8Pneumonia11O.wav,3,3,4,0,0.7483320774583553,0.00972625491278513,0.008360192197522232,0.04670772233873389,0.18687375309260346
asthma_v2_pneumonia_P8Pneumonia23N.wav,3,3,4,0,0.7065911505555139,0.009714021666844538,0.0035845810075825105,0.0377671121528844,0.2423431346171746
asthma_v2_pneumonia_P9Pneumonia31T.wav,3,3,4,4,0.28128371766677324,0.024473430502393433,0.10824432557285962,0.040258520999901896,0.5457400052580719
asthma_v2_Bronchial_P10BronchialSc_46.wav,3,4,1,2,0.004700568410963291,0.20159240958322047,0.7019979836153055,0.012974342483156797,0.07873469590735376
asthma_v2_Bronchial_P10BronchialSc_50.wav,3,4,1,1,0.06124932921911677,0.506550921839072,0.39575693850534954,0.015588675619491938,0.020854134816969672
asthma_v2_Bronchial_P11BronchialTc_51.wav,3,4,1,1,0.08390481519749443,0.7266399241791803,0.1328180775712131,0.02906975809308858,0.02756742495902342
asthma_v2_Bronchial_P12BronchialSc_58.wav,3,4,1,0,0.898649226266679,0.06836921972206102,0.004061933397069514,0.0012828168531269853,0.02763680376106327
asthma_v2_Bronchial_P12BronchialSc_60.wav,3,4,1,3,0.1630786127195776,0.05234871074797545,0.011222180451504036,0.6837394681604451,0.08961102792049787
asthma_v2_Bronchial_P15BronchialSc_72.wav,3,4,1,1,0.005276628175286914,0.9674231365242418,0.011928913277147225,0.010535971341519275,0.0048353506818048205
asthma_v2_Bronchial_P15BronchialSc_74.wav,3,4,1,1,0.008296821311991057,0.9455283365363517,0.024185348537743998,0.010209932383472084,0.011779561230441132
asthma_v2_Bronchial_P16BronchialSc_76.wav,3,4,1,1,0.027212979604232964,0.6867261851304347,0.1226694991136833,0.02967008152132411,0.1337212546303248
asthma_v2_Bronchial_P16BronchialSc_80.wav,3,4,1,1,0.34674584393568125,0.48020657922140825,0.02640997471387228,0.048724600433214464,0.09791300169582404
asthma_v2_Bronchial_P18BronchialTc_87.wav,3,4,1,1,0.008868756651774366,0.9550093667312173,0.008626677252818902,0.01966968571482011,0.007825513649369424
asthma_v2_Bronchial_P19BronchialTc_95.wav,3,4,1,1,0.024280957599035733,0.885265096526677,0.05979473156389847,0.012027343724016667,0.018631870586372286
asthma_v2_Bronchial_P1BronchialTc_3.wav,3,4,1,1,0.03454265738954743,0.8635461872363441,0.05580035106246704,0.02886951925834599,0.017241285053295648
asthma_v2_Bronchial_P20BronchialSc_96.wav,3,4,1,1,0.013879320454485316,0.9078930834731497,0.0367440809036468,0.013623331603857257,0.027860183564860915
asthma_v2_Bronchial_P20BronchialTc_97.wav,3,4,1,1,0.02251750631958196,0.8864185428764543,0.06455685824581375,0.011016161296110478,0.015490931262039142
asthma_v2_Bronchial_P21BronchialTc_101.wav,3,4,1,1,0.008249994537493035,0.925808304674808,0.029213492033927386,0.009126616384506927,0.02760159236926485
asthma_v2_Bronchial_P2BronchialSc_10.wav,3,4,1,1,0.07739289463054726,0.2809496055796371,0.5643603662404226,0.04782193200280073,0.029475201546592313
asthma_v2_Bronchial_P2BronchialTc_7.wav,3,4,1,1,0.06153282382910132,0.5618927399165633,0.025341675120705207,0.03452915652997896,0.3167036046036512
asthma_v2_Bronchial_P3BronchialSc_12.wav,3,4,1,1,0.09273773504952328,0.499827682878092,0.32499828510564593,0.048526236829538355,0.033910060137200146
asthma_v2_Bronchial_P4BronchialSc_20.wav,3,4,1,1,0.008182504858220814,0.8437988622615273,0.02796567309590833,0.09762733150556739,0.02242562827877606
asthma_v2_Bronchial_P7BronchialTc_35.wav,3,4,1,1,0.0022083276155419984,0.9702340670820466,0.02002497691899515,0.0036195697814788387,0.003913058601937361
asthma_v2_asthma_P10AsthmaRL_47.wav,3,4,0,0,0.9056747435573286,0.03201551553770266,0.011338566528291304,0.006540531088434216,0.04443064328824321
asthma_v2_asthma_P11WheezingRS_52.wav,3,4,0,0,0.7019599578842669,0.07740622274669595,0.0075384301292966424,0.10805112339229449,0.10504426584744621
asthma_v2_asthma_P16WheezingRL_79.wav,3,4,0,0,0.7586944583890081,0.012808241793191724,0.010640119678988941,0.009010486562767537,0.2088466935760436
asthma_v2_asthma_P16WheezingRS_80.wav,3,4,0,0,0.8922631439534473,0.04695438956177696,0.023782595292020165,0.0033748985052216114,0.03362497268753412
asthma_v2_asthma_P19WheezingIU_94.wav,3,4,0,0,0.836746989493541,0.025904936889865133,0.05235509057066966,0.0037166076389123118,0.0812763754070117
asthma_v2_asthma_P19WheezingRL_91.wav,3,4,0,0,0.861957931360073,0.026006238210773414,0.02193805993340811,0.002509664994145684,0.08758810550159966
asthma_v2_asthma_P1AsthmaIE_5.wav,3,4,0,0,0.9042249552995755,0.07333806206190036,0.01092344613384935,0.001477714751769082,0.010035821752905521
asthma_v2_asthma_P20WheezingIE_97.wav,3,4,0,2,0.21755992614010153,0.10246963457150426,0.605946034408567,0.04089423394583792,0.03313017093398909
asthma_v2_asthma_P20WheezingIU_98.wav,3,4,0,0,0.8096215335954581,0.03898545138335166,0.08739978227392439,0.01991502275415019,0.044078209993115666
asthma_v2_asthma_P21WheezingIE_105.wav,3,4,0,0,0.6573383446337546,0.06447358665760333,0.07873430834978434,0.023450075422260425,0.17600368493659735
asthma_v2_asthma_P21WheezingRL_103.wav,3,4,0,0,0.7366604067981256,0.07533678710036601,0.009908969033226439,0.12073975891082814,0.05735407815745377
asthma_v2_asthma_P22WheezingRL_107.wav,3,4,0,0,0.32544991942859597,0.08885846849550016,0.44309267322559676,0.08710748832492168,0.05549145052538542
asthma_v2_asthma_P23WheezingRL_115.wav,3,4,0,0,0.659182477482238,0.05220042475158377,0.22264841026877089,0.007667292679467297,0.05830139481794034
asthma_v2_asthma_P24WheezingRL_119.wav,3,4,0,0,0.8331162216694811,0.004789689858301931,0.00999748879966828,0.001601012446095547,0.15049558722645334
asthma_v2_asthma_P24WheezingRS_120.wav,3,4,0,0,0.7294551163070533,0.019909950110375114,0.1655400513875472,0.006058403385781416,0.07903647880924286
asthma_v2_asthma_P25WheezingIE_121.wav,3,4,0,0,0.614926852987844,0.05232095832904406,0.28052270279362174,0.00737343388356492,0.04485605200592493
asthma_v2_asthma_P27WheezingIE_133.wav,3,4,0,0,0.8038727472595196,0.05004476861678851,0.00811759872101874,0.08401518448306824,0.05394970091960455
asthma_v2_asthma_P28WheezingRL_139.wav,3,4,0,0,0.6762449373950984,0.011000057995562694,0.23271791208529546,0.0004982741697757687,0.079538818354268
asthma_v2_asthma_P30WheezingRS_148.wav,3,4,0,0,0.6912182712797411,0.12473574581317069,0.008816930845470448,0.0091167544297714,0.1661122976318466
asthma_v2_asthma_P34WheezingIE_169.wav,3,4,0,0,0.8473413834523323,0.006222187771805932,0.017103679732187533,0.015098750654929731,0.11423399838874415
asthma_v2_asthma_P34WheezingRS_168.wav,3,4,0,0,0.9473527525098273,0.00983102333335725,0.002520992444909456,0.000356226156979132,0.03993900555492627
asthma_v2_asthma_P35WheezingIU_174.wav,3,4,0,0,0.8623305071422995,0.05713710229691348,0.024554664517692854,0.00551221203377356,0.05046551400932045
asthma_v2_asthma_P37WheezingIE_185.wav,3,4,0,0,0.8438994007306172,0.06139442875696648,0.019611504004963098,0.0014009291519067985,0.07369373735554595
asthma_v2_asthma_P37WheezingRS_184.wav,3,4,0,0,0.4360851759987634,0.0030838820071155282,0.5465148931300993,0.00274230823495499,0.011573740629066664
asthma_v2_asthma_P39WheezingRL_191.wav,3,4,0,0,0.9075357908032733,0.015012089126483049,0.006597858109721506,0.0006317117271564226,0.07022255023336597
asthma_v2_asthma_P39WheezingRL_195.wav,3,4,0,0,0.6863324124750816,0.2860085248077383,0.009792195207796017,0.0023786673541886243,0.015488200155195591
asthma_v2_asthma_P3AsthmaRL_11.wav,3,4,0,4,0.3465076050832306,0.005844652113992478,0.11222608204723482,0.04568693232433664,0.4897347284312057
asthma_v2_asthma_P3AsthmaRL_15.wav,3,4,0,0,0.8685354187328738,0.02933601506983275,0.010102471470903106,0.002754987509810638,0.0892711072165796
asthma_v2_asthma_P40WheezingIE_197.wav,3,4,0,0,0.8307607779949244,0.033110117302387526,0.07394323011811405,0.001932492830031051,0.0602533817545429
asthma_v2_asthma_P40WheezingRL_199.wav,3,4,0,0,0.8817163804570327,0.06354162404298441,0.025823674374550777,0.0015896021348119549,0.02732871899062005
asthma_v2_asthma_P41WheezingRL_203.wav,3,4,0,0,0.3402881626251785,0.028865695167221424,0.6185608455064227,0.0028960249196571825,0.009389271781519794
asthma_v2_asthma_P42WheezingIU_206.wav,3,4,0,0,0.3399420489891763,0.0029429567137886185,0.6430073034565275,0.0015415597682437762,0.012566131072264017
asthma_v2_asthma_P42WheezingIU_210.wav,3,4,0,2,0.21579132625668035,0.005318047903867202,0.770568857784594,0.0012481975991945234,0.00707357045566382
asthma_v2_asthma_P42WheezingRL_207.wav,3,4,0,0,0.34117229390209675,0.027064784526233017,0.607689251176527,0.004065255271028638,0.020008415124115234
asthma_v2_asthma_P43WheezingIE_213.wav,3,4,0,2,0.11323259965288669,0.002008850729383422,0.8762102854504014,0.00316973090006863,0.00537853326725998
asthma_v2_asthma_P44WheezingIE_217.wav,3,4,0,0,0.9276665979329263,0.036829386635762906,0.009383795542238456,0.0009166557473761127,0.02520356414169604
asthma_v2_asthma_P46WheezingIU_230.wav,3,4,0,0,0.6875830116657375,0.014023679743097282,0.14675178925858604,0.009916395208299305,0.14172512412428004
asthma_v2_asthma_P49WheezingIE_241.wav,3,4,0,0,0.8775053924360041,0.003824247703853731,0.01306356564170011,0.010249815375917766,0.09535697884252439
asthma_v2_asthma_P4AsthmaRL_19.wav,3,4,0,0,0.861519436244358,0.060944744715042076,0.0046902496415411245,0.011410055249538148,0.06143551414952076
asthma_v2_asthma_P4AsthmaRS_20.wav,3,4,0,0,0.8854797943410028,0.05522575323598681,0.005120605380347098,0.0016179411466664686,0.052555905895996985
asthma_v2_asthma_P50WheezingRL_247.wav,3,4,0,0,0.9149735756058932,0.0075960929373786274,0.01889991564397132,0.00645322120500341,0.052077194607753285
asthma_v2_asthma_P52WheezingIU_258.wav,3,4,0,0,0.7690912149475126,0.006315450188109682,0.18079737789119676,0.004582211212331111,0.03921374576084991
asthma_v2_asthma_P52WheezingRL_259.wav,3,4,0,0,0.8819786921296501,0.03443429817550292,0.022876124893968057,0.007367734514796686,0.05334315028608227
asthma_v2_asthma_P52WheezingRS_260.wav,3,4,0,0,0.7260615327715956,0.01434584592143013,0.021851320876657095,0.009384441565527387,0.22835685886478965
asthma_v2_asthma_P53WheezingRL_263.wav,3,4,0,2,0.02487069315565614,0.012683928281128727,0.7553165041748683,0.011169980565902994,0.19595889382244416
asthma_v2_asthma_P54WheezingRL_267.wav,3,4,0,4,0.01776617024580005,0.23248929164452406,0.10684863017496854,0.09980277926919845,0.5430931286655086
asthma_v2_asthma_P54WheezingRS_268.wav,3,4,0,4,0.026108230775394495,0.06283813461592898,0.05493749645196445,0.12121795736768876,0.7348981807890232
asthma_v2_asthma_P55WheezingIE_273.wav,3,4,0,4,0.028373235064184158,0.007643435556462004,0.04515366493110021,0.23136823866363296,0.6874614257846209
asthma_v2_asthma_P55WheezingIU_274.wav,3,4,0,4,0.03496005602013966,0.006225718678496806,0.06828804858988567,0.1733569070821987,0.7171692696292787
asthma_v2_asthma_P56WheezingIU_278.wav,3,4,0,4,0.08163031231394838,0.0607337489935685,0.0013067213243298083,0.15665204475644806,0.6996771726117054
asthma_v2_asthma_P56WheezingRS_280.wav,3,4,0,4,0.043998951768535514,0.01143199866043002,0.020027902591469398,0.28787645177937676,0.6366646952001884
asthma_v2_asthma_P57WheezingIE_285.wav,3,4,0,4,0.38661832099037974,0.12524833117216463,0.024480265709297264,0.03649816779110422,0.42715491433705427
asthma_v2_asthma_P58WheezingRS_288.wav,3,4,0,3,0.3760616560492645,0.03775752507968352,0.01597090211937759,0.36465330896955966,0.20555660778211496
asthma_v2_asthma_P6AsthmaIE_29.wav,3,4,0,0,0.880621981070149,0.04680833041927195,0.013514888896899162,0.004270693054965615,0.054784106558714116
asthma_v2_asthma_P6AsthmaRL_27.wav,3,4,0,0,0.8103586404465313,0.012017777134240414,0.00754170537617086,0.005093379755820773,0.1649884972872365
asthma_v2_asthma_P8AsthmaIU_38.wav,3,4,0,0,0.8448268356007226,0.014169357262828629,0.03598800900083253,0.07216420902594468,0.03285158910967143
asthma_v2_asthma_P8AsthmaRL_39.wav,3,4,0,0,0.7928525108857261,0.026549028285431188,0.09070376427811772,0.023017386387576146,0.06687731016314911
asthma_v2_asthma_P8AsthmaRS_40.wav,3,4,0,0,0.8109769385870209,0.06133647646169689,0.01978946779165165,0.020415476415452688,0.08748164074417752
asthma_v2_copd_P11COPDMc_84.wav,3,4,2,2,0.054744900940088985,0.0057387825600787885,0.9177037586613499,0.008277624489012819,0.013534933349469536
asthma_v2_copd_P11COPDPr_85.wav,3,4,2,2,0.24541756852556396,0.004778866019790918,0.7382385082971218,0.003174949609660675,0.008390107547862603
asthma_v2_copd_P12COPDMc_96.wav,3,4,2,2,0.00026709629156443647,0.0022492441358529904,0.9942062759380478,0.0017611205969140676,0.0015162630376206934
asthma_v2_copd_P13COPDMc_104.wav,3,4,2,2,0.001419486861780777,0.0011295738813435383,0.9943667967290232,0.0008767665307320443,0.002207375997120357
asthma_v2_copd_P14COPDMc_110.wav,3,4,2,2,0.1591213503041792,0.004655910817283647,0.8107469201412312,0.0005376815706291729,0.024938137166676814
asthma_v2_copd_P14COPDPr_107.wav,3,4,2,2,0.03579409512420033,0.0007456411231632176,0.96027882789415,0.0009035176031796651,0.0022779182553065913
asthma_v2_copd_P15COPDMc_116.wav,3,4,2,2,0.1730880701000586,0.06940218250285012,0.7475315544343767,0.004215852156417556,0.005762340806296824
asthma_v2_copd_P16COPDMc_128.wav,3,4,2,2,0.00047803354626470296,8.328519101221078e-05,0.998506858878069,6.653523669198016e-05,0.0008652871479618833
asthma_v2_copd_P19COPDPr_151.wav,3,4,2,2,0.002650496629021276,0.0051298274122242435,0.9840751621291084,0.0006852277687923563,0.007459286060853551
asthma_v2_copd_P1COPDMc_4.wav,3,4,2,4,0.02008886819385412,0.009481453325962865,0.5378864936769571,0.02741221633561801,0.4051309684676081
asthma_v2_copd_P1COPDMc_6.wav,3,4,2,2,0.006642179344999156,0.007267043259487087,0.8169208114414915,0.021952742635893724,0.14721722331812867
asthma_v2_copd_P1COPDPr_7.wav,3,4,2,2,0.004063160368255179,0.0038080671759273114,0.9145647743228392,0.019636095437497707,0.0579279026954805
asthma_v2_copd_P20COPDMc_160.wav,3,4,2,2,0.002557616251696841,0.0007108154644149755,0.9918669898351264,0.001885916658740163,0.0029786617900218436
asthma_v2_copd_P21COPDMc_162.wav,3,4,2,2,0.005814729044159894,0.0096542029260071,0.9782423777802339,0.0019192613966589782,0.004369428852940222
asthma_v2_copd_P22COPDMc_170.wav,3,4,2,2,0.00636979955873791,0.0036191672370212437,0.9709573323003539,0.0009319134985758295,0.01812178740531143
asthma_v2_copd_P22COPDMc_172.wav,3,4,2,2,0.004133838734274354,0.0027518803505425598,0.860631938150758,0.02884111207787565,0.10364123068654933
asthma_v2_copd_P22COPDMc_176.wav,3,4,2,2,0.018796363685464713,0.010487799579254761,0.9305624196964892,0.011517551722750352,0.028635865316041006
asthma_v2_copd_P22COPDPr_171.wav,3,4,2,2,0.002595849278128106,0.0008784844060200708,0.9585404016048209,0.013573387054256177,0.024411877656774796
asthma_v2_copd_P25COPDPr_193.wav,3,4,2,2,0.0007481014523904098,0.001191157668848431,0.9878948692035624,0.0041750998829499985,0.005990771792248966
asthma_v2_copd_P25COPDPr_195.wav,3,4,2,2,0.00015301446893168836,0.005957247800926519,0.9885122541255724,0.002888887841374721,0.002488595763194726
asthma_v2_copd_P25COPDPr_197.wav,3,4,2,2,0.008202654593024104,0.007802866098873403,0.9802008715907399,0.0018250180534538345,0.0019685896639092737
asthma_v2_copd_P26COPDMc_202.wav,3,4,2,2,0.00037080048329122216,0.0007364852214127722,0.9943592820499673,0.0009354753191506728,0.0035979569261779345
asthma_v2_copd_P26COPDPr_205.wav,3,4,2,2,0.001276369607546319,0.0007905764950988253,0.9830063571444329,0.0028626816047703,0.012064015148151716
asthma_v2_copd_P27COPDMc_212.wav,3,4,2,2,6.421147186529002e-07,9.848187288432362e-07,0.9995704108090582,9.09199712127587e-05,0.00033704228628174
asthma_v2_copd_P27COPDPr_213.wav,3,4,2,2,0.00030156474144525994,0.0004465224711974863,0.9951544624921945,0.0008929054794171146,0.0032045448157455607
asthma_v2_copd_P28COPDMc_222.wav,3,4,2,2,0.004861236821329341,0.0012481243771070058,0.9697734168820589,0.002750231556518495,0.021366990362986327
asthma_v2_copd_P29COPDPr_229.wav,3,4,2,2,7.376639061519339e-07,9.524814449423852e-07,0.9989404363296326,0.0004786450556361938,0.0005792284693801187
asthma_v2_copd_P2COPDMc_12.wav,3,4,2,2,0.1722242929931193,0.012528870219801355,0.7841327446203736,0.009345157210887205,0.021768934955818022
asthma_v2_copd_P2COPDMc_14.wav,3,4,2,2,0.01790629691709597,0.0010927361978842205,0.9783632794790644,0.0006594275696288205,0.001978259836326632
asthma_v2_copd_P30COPDMc_234.wav,3,4,2,2,0.006425096479903221,0.0017139832300216136,0.8419514947268473,0.027495355012954387,0.1224140705502736
asthma_v2_copd_P30COPDPr_233.wav,3,4,2,2,0.004788863144684333,0.0025496288409390297,0.9869495946143502,0.0014942043610740763,0.004217709038952371
asthma_v2_copd_P30COPDPr_237.wav,3,4,2,2,0.0005042523664243663,0.0004479992569051937,0.9980157058253692,0.0005877631749178163,0.00044427937638397553
asthma_v2_copd_P31COPDPr_247.wav,3,4,2,2,0.005964593176200016,0.0005884476471236695,0.9922991498344675,0.0004008617637372065,0.0007469475784714851
asthma_v2_copd_P32COPDPr_251.wav,3,4,2,2,0.07146546175888777,0.05361363537676762,0.7925463457203769,0.014393918330318483,0.0679806388136492
asthma_v2_copd_P33COPDMc_264.wav,3,4,2,2,0.002999105947670844,0.012243357424246565,0.9817498741774615,0.0006718927752762466,0.0023357696753449307
asthma_v2_copd_P33COPDPr_263.wav,3,4,2,2,0.014467430748106306,0.05150686471844463,0.804746156312466,0.024277169550150912,0.10500237867083176
asthma_v2_copd_P34COPDPr_267.wav,3,4,2,2,0.022010583683482757,0.02164002883190744,0.9455139386089454,0.00363281631226665,0.007202632563398052
asthma_v2_copd_P35COPDMc_274.wav,3,4,2,2,0.0009506698824764306,0.03290523910549496,0.9496015984661659,0.010284920650281085,0.006257571895581725
asthma_v2_copd_P35COPDPr_279.wav,3,4,2,2,0.0011657360306161608,0.0014130335788231487,0.9949981378072255,0.0015645367329407914,0.0008585558503943783
asthma_v2_copd_P36COPDMc_288.wav,3,4,2,2,0.02009291609604987,0.08873824133711325,0.8769661864872401,0.0070967488893625775,0.007105907190233946
asthma_v2_copd_P37COPDMc_294.wav,3,4,2,2,0.0123671333082359,0.006615125240723611,0.9702494910867853,0.0028824427659448638,0.007885807598310706
asthma_v2_copd_P37COPDPr_295.wav,3,4,2,2,0.0025738655578386735,0.0010973466418825828,0.991513918372629,0.0021754463793449944,0.002639423048304664
asthma_v2_copd_P38COPDMc_298.wav,3,4,2,2,0.11118474289044471,0.004283301882796433,0.7781459231168537,0.0029729323219059517,0.10341309978799924
asthma_v2_copd_P38COPDMc_304.wav,3,4,2,2,0.007403975669861706,0.0008489537240377928,0.7835892974259564,0.004447311452755784,0.20371046172738835
asthma_v2_copd_P38COPDPr_301.wav,3,4,2,2,0.020332546118091717,0.007085752616083931,0.9634369657445924,0.0037195973343924953,0.005425138186839834
asthma_v2_copd_P39COPDMc_310.wav,3,4,2,2,0.001062122133690659,0.009048476243019478,0.9808643833671181,0.0025797175478780338,0.006445300708293619
asthma_v2_copd_P39COPDMc_312.wav,3,4,2,2,0.009498403268298924,0.013574247607819506,0.9702496239685592,0.0016373490375383851,0.0050403761177844186
asthma_v2_copd_P39COPDPr_305.wav,3,4,2,2,0.020726245470649704,0.0031874801317401513,0.8936404889382494,0.028831799134142445,0.05361398632521834
asthma_v2_copd_P3COPDMc_22.wav,3,4,2,2,0.05215709608098564,0.01062663630341771,0.9215223572624008,0.010667136397057924,0.005026773956137898
asthma_v2_copd_P3COPDPr_19.wav,3,4,2,2,0.07476422911240688,0.0008252513676756728,0.9214643803997317,0.00045024232862764284,0.0024958967915582205
asthma_v2_copd_P3COPDPr_23.wav,3,4,2,2,0.1542924110356509,0.01719418686299358,0.7864748054666442,0.03442027210075673,0.007618324533954602
asthma_v2_copd_P40COPDMc_314.wav,3,4,2,2,0.02455361583685254,0.1971390288250387,0.7047549078030518,0.007458501861078936,0.06609394567397814
asthma_v2_copd_P42COPDMc_332.wav,3,4,2,2,0.0005360137137046094,0.00035017618175944387,0.9906335468831319,0.003501692252930681,0.004978570968472991
asthma_v2_copd_P42COPDMc_334.wav,3,4,2,2,0.0015203081018842072,0.0015103149708557597,0.9937278665568717,0.002106899098440389,0.001134611271948069
asthma_v2_copd_P43COPDMc_344.wav,3,4,2,2,0.0008562209851746623,0.005175236475784908,0.9220369991224866,0.005307877341888747,0.06662366607466551
asthma_v2_copd_P44COPDMc_348.wav,3,4,2,4,0.01752370297081945,0.00933591936782585,0.21853389851621227,0.0625112574686269,0.6920952216765154
asthma_v2_copd_P44COPDMc_352.wav,3,4,2,2,0.003058713693727426,0.0019409326875169484,0.9916722724714937,0.0007348176243693039,0.0025932635228926525
asthma_v2_copd_P45COPDMc_356.wav,3,4,2,2,0.0009011328353975947,0.0005533017234880131,0.9955717586951591,0.0011069673966979182,0.0018668393492574217
asthma_v2_copd_P45COPDMc_358.wav,3,4,2,2,0.055884148919294815,0.02345080251479671,0.8917787306609966,0.01250142032181044,0.016384897583101455
asthma_v2_copd_P45COPDMc_360.wav,3,4,2,3,0.016193521865839198,0.0065405138988902595,0.08525570837059823,0.7418959774000424,0.15011427846463007
asthma_v2_copd_P45COPDPr_355.wav,3,4,2,2,1.0305894399003018e-06,1.454363002221015e-06,0.9987748377671601,0.0005801144517392461,0.00064256282865852
asthma_v2_copd_P45COPDPr_359.wav,3,4,2,3,0.062464088217113294,0.03660436573152065,0.3296032262633538,0.36857031759665043,0.20275800219136192
asthma_v2_copd_P46COPDMc_364.wav,3,4,2,2,0.005694081278826682,0.004777057070829525,0.7884190036339386,0.012424581552047856,0.18868527646435726
asthma_v2_copd_P46COPDPr_365.wav,3,4,2,2,0.0032485744447352917,0.004391792831462124,0.9573276763254931,0.0038081890262815477,0.031223767372027887
asthma_v2_copd_P47COPDPr_375.wav,3,4,2,2,0.0004971632374360408,0.008603615742309497,0.9816956514770715,0.007736932907187848,0.0014666366359955944
asthma_v2_copd_P48COPDMc_378.wav,3,4,2,2,0.0018351768927106617,0.0054922326287154665,0.9864254228280014,0.004185626647749347,0.002061541002822911
asthma_v2_copd_P48COPDMc_380.wav,3,4,2,2,0.15557657279382606,0.14847190729506457,0.6397719294225653,0.021891481763747868,0.03428810872479634
asthma_v2_copd_P48COPDMc_384.wav,3,4,2,2,0.0006200420611406433,0.0013187998457908103,0.9923504116200191,0.002495083644216454,0.0032156628288329096
asthma_v2_copd_P48COPDPr_377.wav,3,4,2,2,0.0008692652679368551,0.006464356410171262,0.9818476149193287,0.00658161934962701,0.004237144052935848
asthma_v2_copd_P49COPDMc_390.wav,3,4,2,2,0.0008708699060872405,0.008452907943297408,0.9821406896918421,0.0034525516935958417,0.005082980765177373
asthma_v2_copd_P49COPDPr_391.wav,3,4,2,2,0.0007284906490837303,0.03748536220438909,0.9369764292958486,0.02060437861294661,0.00420533923773237
asthma_v2_copd_P50COPDMc_398.wav,3,4,2,2,0.0006213626593988187,0.0007951632095249592,0.9972905363980331,0.0006880081044838395,0.0006049296285594274
asthma_v2_copd_P50COPDPr_399.wav,3,4,2,2,0.006391810320658965,0.0053376137911745605,0.9816885234537606,0.003481436549234648,0.0031006158851715343
asthma_v2_copd_P5COPDMc_36.wav,3,4,2,2,0.011414295716882019,0.011090211184273958,0.7659713665756711,0.009435551163890827,0.20208857535928174
asthma_v2_copd_P6COPDPr_43.wav,3,4,2,2,0.0017501421988555706,0.0009985210853614864,0.9907742796256519,0.0022925833352926504,0.004184473754838283
asthma_v2_copd_P7COPDMc_56.wav,3,4,2,2,0.10375997303295842,0.03877472378828355,0.7392297406654085,0.08576625823714631,0.03246930427620329
asthma_v2_copd_P7COPDPr_53.wav,3,4,2,2,0.037212838731638304,0.006045570635936221,0.909507854806197,0.025890635308847502,0.02134310051738107
asthma_v2_copd_P8COPDMc_62.wav,3,4,2,2,0.0004645069755153888,0.0001933233844028672,0.9981915046900478,0.00013236393560892929,0.001018301014424888
asthma_v2_copd_P8COPDPr_59.wav,3,4,2,2,0.0011783928485510815,0.0005012549486843813,0.9957437723647471,0.00022449703924709656,0.002352082798770352
asthma_v2_copd_P9COPDMc_68.wav,3,4,2,2,0.0007413311303599873,0.005543614502422989,0.9747135808626832,0.011616085786232432,0.007385387718301301
asthma_v2_healthy_P12Healthy99S.wav,3,4,3,3,0.009009300516150303,0.013986948045619615,0.050006768773016866,0.8889031736422566,0.03809380902295609
asthma_v2_healthy_P13Healthy48S.wav,3,4,3,3,0.02503133182366709,0.02064857199456098,0.03614096598346699,0.8856484255230369,0.03253070467526807
asthma_v2_healthy_P15Healthy61S.wav,3,4,3,4,0.02342524198430732,0.03187892883402761,0.09025422098687957,0.24583091374136767,0.6086106944534182
asthma_v2_healthy_P16Healthy18S.wav,3,4,3,4,0.02342524198430732,0.03187892883402761,0.09025422098687957,0.24583091374136767,0.6086106944534182
asthma_v2_healthy_P16Healthy19S.wav,3,4,3,3,0.02936761443134257,0.010043887565470326,0.011332726016420339,0.6851222057127573,0.26413356627400947
asthma_v2_healthy_P17Healthy35S.wav,3,4,3,3,0.05840334033906629,0.026413417670124627,0.012346782423735459,0.5766776023902266,0.32615885717684684
asthma_v2_healthy_P18Healthy17S.wav,3,4,3,3,0.004660874025034175,0.002400942993587149,0.0036583625261196193,0.9473441785377875,0.04193564191747124
asthma_v2_healthy_P18Healthy59S.wav,3,4,3,3,0.07076746024628325,0.32428903438741585,0.012818637983848767,0.3720042142325423,0.22012065314990986
asthma_v2_healthy_P19Healthy62S.wav,3,4,3,3,0.03903230373529023,0.017435714340722774,0.002585848222642019,0.8976731267713799,0.0432730069299656
asthma_v2_healthy_P1Healthy55S.wav,3,4,3,3,0.005241920732812066,0.0077381050649129495,0.09606686647309103,0.8165343855019909,0.07441872222719295
asthma_v2_healthy_P1Healthy99S.wav,3,4,3,3,0.004432058843555573,0.007853367599887822,0.029496470466289074,0.7740240775864834,0.1841940255037838
asthma_v2_healthy_P22Healthy50S.wav,3,4,3,3,0.09023415052628493,0.03137274091980394,0.042797255510185254,0.7262672306167869,0.10932862242693869
asthma_v2_healthy_P24Healthy58S.wav,3,4,3,1,0.07447041078259405,0.4367102870002678,0.012259241859517354,0.2738440043901974,0.20271605596742304
asthma_v2_healthy_P26Healthy32S.wav,3,4,3,4,0.022106596170155788,0.020857815464031437,0.09236711713902057,0.26347816638757804,0.6011903048392143
asthma_v2_healthy_P27Healthy30S.wav,3,4,3,3,0.013136926104653057,0.014246624451981741,0.007446986581443144,0.9021177213541108,0.06305174150781069
asthma_v2_healthy_P2Healthy43S.wav,3,4,3,3,0.008483063804766619,0.30597156100645717,0.03606795793876294,0.5675139250694449,0.0819634921805685
asthma_v2_healthy_P2Healthy89S.wav,3,4,3,4,0.058128144864888244,0.009166673235426127,0.014364705113148109,0.317739926621121,0.6006005501654167
asthma_v2_healthy_P3Healthy44S.wav,3,4,3,3,0.004977477138037325,0.017612973060974077,0.012872603032333485,0.9482325431836688,0.01630440358498569
asthma_v2_healthy_P3Healthy49S.wav,3,4,3,3,0.0026486148184913226,0.02535491797059183,0.007942800107266872,0.9245415740647229,0.03951209303892688
asthma_v2_healthy_P3Healthy60S.wav,3,4,3,3,0.01933117186176292,0.13195751086933474,0.016590237583384865,0.707767142541338,0.12435393714417942
asthma_v2_healthy_P4Healthy22S.wav,3,4,3,1,0.06392624112412776,0.5410902527278753,0.022615331085769474,0.2764871726268358,0.09588100243539195
asthma_v2_healthy_P5Healthy92S.wav,3,4,3,3,0.0033582908968500316,0.010114551257681731,0.01051439226832179,0.9574805107075892,0.01853225486955744
asthma_v2_healthy_P5Healthy96S.wav,3,4,3,3,0.02383735696369062,0.00365083955530652,0.010693555687796744,0.8445367553829183,0.1172814924102878
asthma_v2_healthy_P6Healthy77S.wav,3,4,3,3,0.1655954660626274,0.05363937185272367,0.2142266233234423,0.3777538746813653,0.1887846640798412
asthma_v2_healthy_P7Healthy39S.wav,3,4,3,3,0.007716448127984495,0.012977978967374225,0.018367626054954237,0.941593678481599,0.019344268368088703
asthma_v2_healthy_P8Healthy33S.wav,3,4,3,3,0.0724429248347333,0.09673162708063153,0.23459690008474046,0.4956996058031889,0.10052894219670565
asthma_v2_healthy_P8Healthy70S.wav,3,4,3,2,0.07512287574650305,0.06308820160775842,0.7125254649548741,0.0302317215822371,0.11903173610862747
asthma_v2_pneumonia_P10Pneumonia52A.wav,3,4,4,4,0.05891910250672137,0.07385806565026867,0.5750552132358919,0.009906850357480406,0.28226076824963753
asthma_v2_pneumonia_P10Pneumonia88R.wav,3,4,4,4,0.18219274171621994,0.01971433044079809,0.011771282796008283,0.03511154906018929,0.7512100959867846
asthma_v2_pneumonia_P10Pneumonia97B.wav,3,4,4,4,0.16762195761469775,0.07902817208934101,0.02762506044870599,0.005231612344375605,0.7204931975028798
asthma_v2_pneumonia_P11Pneumonia12W.wav,3,4,4,4,0.2609976303576323,0.02014363395150324,0.013298310388524689,0.05339354836144681,0.6521668769408927
asthma_v2_pneumonia_P11Pneumonia18T.wav,3,4,4,2,0.12337964341264254,0.0029213896663451435,0.8191559567492263,0.007838519329024645,0.0467044908427614
asthma_v2_pneumonia_P11Pneumonia41N.wav,3,4,4,3,0.23532194621269814,0.0015143228551459495,0.008618424233605043,0.27780833446738934,0.4767369722311613
asthma_v2_pneumonia_P13Pneumonia33Z.wav,3,4,4,4,0.13499874890257155,0.003080746783613197,0.01067366636408073,0.019245959560752177,0.8320008783889824
asthma_v2_pneumonia_P13Pneumonia94T.wav,3,4,4,4,0.09063199286369975,0.1386451967703859,0.0451497482748902,0.12225061672390948,0.6033224453671144
asthma_v2_pneumonia_P14Pneumonia40M.wav,3,4,4,3,0.10013870420585468,0.04338551970352328,0.006529653009422488,0.5597917275137234,0.2901543955674762
asthma_v2_pneumonia_P15Pneumonia56Z.wav,3,4,4,4,0.04741761110568282,0.02596836699337189,0.031338290615209784,0.02125658496918004,0.8740191463165554
asthma_v2_pneumonia_P15Pneumonia81V.wav,3,4,4,4,0.18997435127342696,0.11351331838690754,0.006946004890993762,0.11762153534391759,0.5719447901047544
asthma_v2_pneumonia_P18Pneumonia16E.wav,3,4,4,4,0.1954312268598918,0.0850158505749592,0.0028205045720790505,0.03938964753833786,0.6773427704547323
asthma_v2_pneumonia_P20Pneumonia27V.wav,3,4,4,4,0.1947091469338557,0.004099942055897303,0.0031134932147139165,0.16958686988404362,0.6284905479114894
asthma_v2_pneumonia_P20Pneumonia31P.wav,3,4,4,4,0.2505665900308351,0.01611036286830027,0.005030026899000017,0.018827538772892834,0.7094654814289719
asthma_v2_pneumonia_P20Pneumonia58T.wav,3,4,4,4,0.1470295997532822,0.018233574846330782,0.0045591310895752345,0.04724671725538501,0.7829309770554266
asthma_v2_pneumonia_P20Pneumonia84L.wav,3,4,4,4,0.3204816837638522,0.023226469850631495,0.0041843781998083,0.06421490169670589,0.587892566489002
asthma_v2_pneumonia_P21Pneumonia12C.wav,3,4,4,4,0.1159866284515851,0.18893373346413977,0.12498160098883254,0.12908983230143875,0.44100820479400393
asthma_v2_pneumonia_P22Pneumonia27A.wav,3,4,4,4,0.40118132021232106,0.030518111196651963,0.05291746548785653,0.029145602074637563,0.48623750102853297
asthma_v2_pneumonia_P22Pneumonia55C.wav,3,4,4,4,0.3532887065775793,0.025617086372937452,0.024493098570045568,0.03742529272148038,0.5591758157579572
asthma_v2_pneumonia_P24Pneumonia54A.wav,3,4,4,4,0.08553442339439166,0.0056098224299250985,0.005291177998314942,0.005645380127361171,0.8979191960500073
asthma_v2_pneumonia_P24Pneumonia91X.wav,3,4,4,4,0.0160543115223062,0.0016971054149839612,0.027823234117584576,0.015166944689203194,0.9392584042559221
asthma_v2_pneumonia_P25Pneumonia11Z.wav,3,4,4,3,0.18440535453949355,0.12186608996137291,0.09925591122273958,0.4226898884441135,0.1717827558322808
asthma_v2_pneumonia_P26Pneumonia12X.wav,3,4,4,4,0.07352195317638724,0.04236684330113775,0.010986492287299433,0.08821957843496617,0.7849051328002092
asthma_v2_pneumonia_P27Pneumonia48G.wav,3,4,4,2,0.004863922300845397,0.0014028127426319028,0.8702913928479479,0.0020795828674875384,0.12136228924108727
asthma_v2_pneumonia_P28Pneumonia56Y.wav,3,4,4,4,0.09439338662411816,0.043386243011771866,0.0035465838085779484,0.011098791336881731,0.8475749952186502
asthma_v2_pneumonia_P29Pneumonia14M.wav,3,4,4,4,0.054421114522964074,0.002387515799214147,0.001999907880264966,0.0004778907777722425,0.9407135710197846
asthma_v2_pneumonia_P29Pneumonia18M.wav,3,4,4,4,0.009172228428144118,0.0025970522386092798,0.0008257376879175642,0.004214715079515807,0.9831902665658131
asthma_v2_pneumonia_P29Pneumonia82U.wav,3,4,4,4,0.01851388006594097,0.024653843917517723,0.002211233977792432,0.03963744102483189,0.9149836010139168
asthma_v2_pneumonia_P2Pneumonia11Q.wav,3,4,4,4,0.06792400310363558,0.00432932514401,0.006891479698184477,0.0011781839131762906,0.9196770081409936
asthma_v2_pneumonia_P31Pneumonia14Q.wav,3,4,4,4,0.033256075921174265,0.016550092634174503,0.004071783787748357,0.002414928133144937,0.9437071195237577
asthma_v2_pneumonia_P31Pneumonia43V.wav,3,4,4,4,0.3257987023792375,0.014740872241891302,0.06423787230573318,0.007372488497347049,0.5878500645757907
asthma_v2_pneumonia_P31Pneumonia47J.wav,3,4,4,4,0.09145633892415174,0.0067376137724164415,0.0002708089140239782,0.009442571809023349,0.8920926665803843
asthma_v2_pneumonia_P32Pneumonia66M.wav,3,4,4,4,0.01989393803921797,0.01018289820974124,0.001721556422244155,0.06837051225629263,0.8998310950725039
asthma_v2_pneumonia_P33Pneumonia88U.wav,3,4,4,4,0.009551650616671981,0.005496024722876132,0.0008790797734629808,0.004412892781048075,0.9796603521059408
asthma_v2_pneumonia_P35Pneumonia99V.wav,3,4,4,4,0.09736798408389467,0.007118833221893458,0.0029193936625917273,0.024531973357945967,0.8680618156736739
asthma_v2_pneumonia_P36Pneumonia86S.wav,3,4,4,0,0.6523839754941926,0.023231475492814926,0.055579142255378036,0.22048390409382168,0.04832150266379301
asthma_v2_pneumonia_P37Pneumonia84E.wav,3,4,4,4,0.3497268935811924,0.014056333078844813,0.020376129552729928,0.016637979997054686,0.5992026637901782
asthma_v2_pneumonia_P38Pneumonia41S.wav,3,4,4,0,0.8411149403426038,0.01768112920258926,0.0038432983552685244,0.003053090851880823,0.1343075412476574
asthma_v2_pneumonia_P39Pneumonia49H.wav,3,4,4,0,0.7237321764989018,0.1652826186347547,0.006281152656661664,0.03504042078746013,0.0696636314222221
asthma_v2_pneumonia_P39Pneumonia87S.wav,3,4,4,4,0.06570003868705084,0.031532592164667396,0.01391612897565937,0.0026893382279027625,0.8861619019447198
asthma_v2_pneumonia_P3Pneumonia75Z.wav,3,4,4,4,0.012888040244263828,0.005280264706039747,0.4358478597826332,0.057613695436413405,0.4883701398306498
asthma_v2_pneumonia_P40Pneumonia91V.wav,3,4,4,0,0.38230807558178836,0.06849410859516886,0.3243509403532646,0.015500892755510623,0.20934598271426755
asthma_v2_pneumonia_P41Pneumonia71Q.wav,3,4,4,0,0.8803710292498559,0.06591267728067168,0.012696709628817283,0.0028192691426358876,0.03820031469801936
asthma_v2_pneumonia_P41Pneumonia72U.wav,3,4,4,0,0.8095355516638196,0.008957437324409104,0.0022212153275645327,0.0004710705379247688,0.17881472514628183
asthma_v2_pneumonia_P42Pneumonia47W.wav,3,4,4,0,0.9284553343748828,0.023939522730134968,0.006150762769862853,0.001452269642901534,0.04000211048221786
asthma_v2_pneumonia_P44Pneumonia49B.wav,3,4,4,4,0.01991666719406639,0.008679337764563734,0.03854752589025518,0.18826266722491064,0.7445938019262038
asthma_v2_pneumonia_P44Pneumonia71M.wav,3,4,4,4,0.008201435441162289,0.009950481536467047,0.03000999665180254,0.11319183714767521,0.8386462492228929
asthma_v2_pneumonia_P45Pneumonia25T.wav,3,4,4,4,0.04919101902360343,0.007786169023168021,0.04353545935074159,0.07636667863263358,0.8231206739698536
asthma_v2_pneumonia_P47Pneumonia24N.wav,3,4,4,4,0.1234705399357538,0.004098359514736749,0.06062965036509977,0.02470904982570721,0.7870924003587028
asthma_v2_pneumonia_P4Pneumonia17R.wav,3,4,4,4,0.007209714799050305,0.004410148508782743,0.2868759832256206,0.056979078361696606,0.6445250751048498
asthma_v2_pneumonia_P4Pneumonia67J.wav,3,4,4,4,0.019952412911588637,0.005082989929573075,0.15549023728395814,0.04225258838118365,0.7772217714936966
asthma_v2_pneumonia_P5Pneumonia94P.wav,3,4,4,4,0.012893918477170132,0.0042641423897957845,0.012190761548483545,0.14038902745914034,0.83026215012541
asthma_v2_pneumonia_P6Pneumonia37H.wav,3,4,4,4,0.020051823576062812,0.08395175849682487,0.03873490214117846,0.2672876922827719,0.5899738235031621
asthma_v2_pneumonia_P6Pneumonia39O.wav,3,4,4,4,0.057531172477966165,0.00464385652806436,0.03218662288878023,0.015393039975548514,0.8902453081296404
asthma_v2_pneumonia_P7Pneumonia61Q.wav,3,4,4,4,0.022606918245275078,0.010539764724512382,0.1970029178969302,0.043660221920939456,0.726190177212343
asthma_v2_pneumonia_P8Pneumonia14Z.wav,3,4,4,0,0.45249364452904284,0.012324525281187746,0.009318707856717378,0.05635777111947953,0.46950535121357256
asthma_v2_pneumonia_P9Pneumonia73J.wav,3,4,4,4,0.10295501373047912,0.003006192876903565,0.007246710319716865,0.031027588480598604,0.8557644945923021
