file_id,repeat,fold,y_true,y_pred,p_asthma,p_bronchial,p_copd,p_healthy,p_pneumonia
asthma_v2_Bronchial_P10BronchialSc_48.wav,4,0,1,1,0.00978190933631857,0.7257006812462153,0.23255848830916928,0.021947625990310592,0.010011295117985935
asthma_v2_Bronchial_P10BronchialTc_47.wav,4,0,1,2,0.0036442948171928977,0.10007323486116568,0.8653889485511801,0.008248381792434992,0.022645139978026682
asthma_v2_Bronchial_P11BronchialSc_52.wav,4,0,1,3,0.016328683607091516,0.005458637886285545,0.002395437116395611,0.8840755323235147,0.09174170906671246
asthma_v2_Bronchial_P11BronchialSc_54.wav,4,0,1,3,0.02206037174024961,0.004791484230928216,0.04059400508260996,0.5022675114707199,0.43028662747549234
asthma_v2_Bronchial_P11BronchialTc_53.wav,4,0,1,3,0.019706597768015376,0.003139618368430688,0.007726020841701666,0.9027051920181446,0.0667225710037075
asthma_v2_Bronchial_P12BronchialSc_58.wav,4,0,1,0,0.8895970980846645,0.05572990808082127,0.005483069790803061,0.001166793265819521,0.04802313077789181
asthma_v2_Bronchial_P12BronchialTc_59.wav,4,0,1,0,0.8301753883127738,0.06315176010693793,0.012182992658007027,0.00612548910398506,0.0883643698182961
asthma_v2_Bronchial_P13BronchialTc_63.wav,4,0,1,0,0.8410674514143758,0.08037018277931021,0.0021198147725922053,0.01167300943181249,0.06476954160190962
asthma_v2_Bronchial_P15BronchialSc_72.wav,4,0,1,1,0.002765265660837095,0.9783004804341483,0.007333703247022363,0.009217621460565555,0.0023829291974267705
asthma_v2_Bronchial_P17BronchialTc_83.wav,4,0,1,1,0.03406979285066447,0.9090549609953851,0.026345893840493243,0.01023534941248592,0.0202940029009712
asthma_v2_Bronchial_P18BronchialSc_86.wav,4,0,1,1,0.004125676389290861,0.9786101965440231,0.005546034769754779,0.0076921134078798414,0.0040259788890511
asthma_v2_Bronchial_P18BronchialSc_90.wav,4,0,1,1,0.006960518429624123,0.9464895518533034,0.0368317533758434,0.00487561425438999,0.004842562086838615
asthma_v2_Bronchial_P18BronchialTc_89.wav,4,0,1,1,0.012200487575727864,0.9548056991286551,0.015958089369426276,0.011096279748559338,0.005939444177631716
asthma_v2_Bronchial_P19BronchialTc_95.wav,4,0,1,1,0.02815666244069677,0.8970057652441165,0.045023593409565424,0.01805157978055039,0.011762399125070986
asthma_v2_Bronchial_P20BronchialSc_100.wav,4,0,1,1,0.014987396237960778,0.9399784859036484,0.01625383092216177,0.011059729374704967,0.01772055756152406
asthma_v2_Bronchial_P21BronchialSc_102.wav,4,0,1,4,0.0117223890977193,0.010415269025745426,0.03297043934979602,0.04295789784898221,0.9019340046777575
asthma_v2_Bronchial_P4BronchialSc_16.wav,4,0,1,1,0.12556782519878934,0.6237640925983899,0.03911624281154855,0.11314526305611684,0.09840657633515562
asthma_v2_Bronchial_P6BronchialSc_26.wav,4,0,1,1,0.005317466363843211,0.7555594492960528,0.18073345656101247,0.013440852011116347,0.04494877576797478
asthma_v2_Bronchial_P6BronchialSc_28.wav,4,0,1,1,0.0023977937883101585,0.9353914705215188,0.02160115130520418,0.037438676045051376,0.0031709083399151694
asthma_v2_Bronchial_P8BronchialSc_40.wav,4,0,1,1,0.002305757744114596,0.8836227001439525,0.03736782899456196,0.07129743319025636,0.005406279927114857
asthma_v2_Bronchial_P9BronchialSc_44.wav,4,0,1,1,0.015883248970421576,0.908421012889305,0.04291329172811149,0.022888250751709163,0.009894195660453143
asthma_v2_asthma_P10AsthmaIU_46.wav,4,0,0,0,0.928233074186279,0.024084382599048815,0.0068225001370276275,0.001990846172210071,0.03886919690543437
asthma_v2_asthma_P10AsthmaRL_47.wav,4,0,0,0,0.8857621357875425,0.02325350956478916,0.017989197737977757,0.004277005557711555,0.06871815135197902
asthma_v2_asthma_P11WheezingIE_53.wav,4,0,0,0,0.7280682405568756,0.125286882296467,0.010000029161882083,0.01186644512613954,0.12477840285863567
asthma_v2_asthma_P11WheezingRL_55.wav,4,0,0,0,0.8075310398257096,0.06013415925560928,0.004963593795187489,0.005548203376071351,0.12182300374742228
asthma_v2_asthma_P12WheezingRS_60.wav,4,0,0,0,0.8807389217977087,0.030578852963831907,0.006875613103278944,0.00436744719263379,0.0774391649425466
asthma_v2_asthma_P14WheezingRL_67.wav,4,0,0,0,0.5408590096794513,0.01601912953332144,0.021725182959877416,0.12938665365545265,0.29201002417189703
asthma_v2_asthma_P17WheezingRS_84.wav,4,0,0,0,0.8248187418618101,0.017306434565307675,0.010561352104747377,0.005502936668304516,0.14181053479983022
asthma_v2_asthma_P18WheezingIU_86.wav,4,0,0,4,0.32393980475072964,0.004158896181913925,0.053877145228794915,0.004163659212908849,0.6138604946256527
asthma_v2_asthma_P18WheezingRL_87.wav,4,0,0,3,0.2891003947779153,0.011971794076586608,0.049325317332531385,0.42235751274449373,0.22724498106847277
asthma_v2_asthma_P20WheezingIE_97.wav,4,0,0,0,0.5685497904753933,0.06843554448507902,0.2916783053751175,0.03589708778539462,0.035439271879016125
asthma_v2_asthma_P20WheezingRS_96.wav,4,0,0,0,0.863517934425236,0.013757093409449911,0.0048176112905781,0.003786626096758088,0.11412073477797763
asthma_v2_asthma_P22WheezingIE_109.wav,4,0,0,0,0.6481726323831138,0.2887448643560034,0.004711174786662929,0.008807815463768472,0.04956351301045129
asthma_v2_asthma_P22WheezingIU_106.wav,4,0,0,0,0.810047879985151,0.02717137838088515,0.010393008543874408,0.004076255927042151,0.14831147716304738
asthma_v2_asthma_P23WheezingIE_113.wav,4,0,0,0,0.8276453940137792,0.06515464793826688,0.006506228469428127,0.010339872774883562,0.09035385680364201
asthma_v2_asthma_P23WheezingIU_114.wav,4,0,0,0,0.9237883446077941,0.022825733003515022,0.010419074455702884,0.0013641489099510203,0.0416026990230367
asthma_v2_asthma_P25WheezingIE_121.wav,4,0,0,0,0.8278613623164789,0.03306447710085276,0.09123785248276595,0.008385647918559593,0.0394506601813427
asthma_v2_asthma_P25WheezingIU_122.wav,4,0,0,0,0.5336311107262997,0.04738371115183477,0.06913094766092254,0.011211619297287877,0.3386426111636549
asthma_v2_asthma_P27WheezingIE_133.wav,4,0,0,0,0.7291184218854294,0.04304162054975012,0.011359776552547234,0.07666018929040627,0.13981999172186677
asthma_v2_asthma_P28WheezingIU_138.wav,4,0,0,0,0.5277616161974493,0.028325744518042335,0.005105002098448115,0.09364940753933544,0.34515822964672477
asthma_v2_asthma_P2AsthmaIU_10.wav,4,0,0,0,0.7879294746374346,0.008838860542433736,0.018823212870914555,0.03256695715789088,0.15184149479132622
asthma_v2_asthma_P33WheezingIE_165.wav,4,0,0,0,0.7672983272906864,0.06411366023781702,0.02839600412836515,0.009333813114374543,0.13085819522875675
asthma_v2_asthma_P33WheezingIU_162.wav,4,0,0,0,0.9342216334010955,0.0064696039715363765,0.02135258146842512,0.0033648330230619927,0.034591348135881106
asthma_v2_asthma_P35WheezingIU_174.wav,4,0,0,0,0.829744920843578,0.05314913583810783,0.022048961816291242,0.008551006639712045,0.08650597486231097
asthma_v2_asthma_P35WheezingRL_175.wav,4,0,0,0,0.8357077734544038,0.08294471355393188,0.01628284394310672,0.0020005337674425653,0.06306413528111483
asthma_v2_asthma_P36WheezingIU_178.wav,4,0,0,0,0.9261581758362036,0.003850566272194109,0.009125639887201439,0.0008663691103539888,0.05999924889404678
asthma_v2_asthma_P3AsthmaIE_13.wav,4,0,0,0,0.7587048064010343,0.01046678703251358,0.020319824442626727,0.00944528190622758,0.20106330021759797
asthma_v2_asthma_P40WheezingRS_200.wav,4,0,0,0,0.934031433765659,0.018593564133257377,0.03434152995847601,0.0006972849524024143,0.012336187190205333
asthma_v2_asthma_P41WheezingIU_202.wav,4,0,0,0,0.9692587255168551,0.003768832997659789,0.006273536669884319,0.0003340788238820637,0.020364825991718804
asthma_v2_asthma_P42WheezingIU_210.wav,4,0,0,2,0.2209206471045326,0.0036805750434794437,0.7667400860061466,0.0012407281837804379,0.007417963662061188
asthma_v2_asthma_P43WheezingRL_211.wav,4,0,0,0,0.7422610022373448,0.02052981826402696,0.13824187954196185,0.009384458739204411,0.08958284121746184
asthma_v2_asthma_P43WheezingRL_215.wav,4,0,0,0,0.8454338380916282,0.003450709620842455,0.12375446894527298,0.0007898638749129903,0.02657111946734323
asthma_v2_asthma_P44WheezingRS_216.wav,4,0,0,0,0.7642479715616624,0.11788963258785698,0.012223511520414263,0.05213319557530201,0.05350568875476454
asthma_v2_asthma_P45WheezingIE_221.wav,4,0,0,0,0.8813477070267304,0.028372106066418944,0.022105829845026098,0.008991312204627205,0.05918304485719719
asthma_v2_asthma_P45WheezingIU_222.wav,4,0,0,0,0.8952150566198603,0.024598216873217647,0.039027396699645334,0.0010897950735484034,0.04006953473372818
asthma_v2_asthma_P46WheezingRS_228.wav,4,0,0,0,0.8882797414838562,0.0077751850855731965,0.05631617529170683,0.001890030695330369,0.04573886744353358
asthma_v2_asthma_P47WheezingRS_232.wav,4,0,0,0,0.8025590699037346,0.009724775809123686,0.09263552771402604,0.005488642322673053,0.08959198425044268
asthma_v2_asthma_P48WheezingRL_239.wav,4,0,0,0,0.9111213886345864,0.009206873369422084,0.011095175029223941,0.002767005747073123,0.06580955721969492
asthma_v2_asthma_P48WheezingRS_240.wav,4,0,0,0,0.8822096628962752,0.007900172369568753,0.02652194919747519,0.0036055140171575356,0.07976270151952361
asthma_v2_asthma_P49WheezingIE_245.wav,4,0,0,0,0.7621109775598092,0.02463218712899816,0.16048465505591097,0.004654029209576844,0.04811815104570471
asthma_v2_asthma_P50WheezingIU_246.wav,4,0,0,0,0.7450030226341763,0.016467580424010128,0.0225951793579705,0.022156247549562795,0.19377797003428032
asthma_v2_asthma_P50WheezingIU_250.wav,4,0,0,0,0.9448397535169313,0.004528899748904605,0.019294347132031476,0.004122630680282366,0.027214368921850092
asthma_v2_asthma_P51WheezingRS_252.wav,4,0,0,0,0.8653258050043753,0.010559112668081879,0.08315016637861791,0.006617789772014122,0.034347126176911005
asthma_v2_asthma_P52WheezingIE_257.wav,4,0,0,0,0.9482802021063511,0.009670572812925203,0.01518926049046179,0.0013077528981428588,0.025552211692119402
asthma_v2_asthma_P52WheezingRS_260.wav,4,0,0,0,0.7839628224478732,0.01366014210298673,0.022291308762171905,0.006407892104264758,0.17367783458270358
asthma_v2_asthma_P53WheezingIE_265.wav,4,0,0,2,0.16420423435305223,0.022580263654077733,0.5371278136332539,0.0582429625587256,0.2178447258008905
asthma_v2_asthma_P53WheezingRL_263.wav,4,0,0,2,0.03593619901132784,0.008620752055196116,0.7611524835451331,0.01711815643045745,0.177172408957885
asthma_v2_asthma_P54WheezingIU_270.wav,4,0,0,3,0.06384675469148539,0.01855148018943411,0.020638687817676006,0.5143500417285166,0.3826130355728875
asthma_v2_asthma_P54WheezingRS_268.wav,4,0,0,3,0.03682459886353569,0.030732644102224982,0.0781710611062278,0.31302545554819317,0.5412462403798177
asthma_v2_asthma_P55WheezingIE_273.wav,4,0,0,4,0.04369677153099228,0.0016120307870095174,0.05522929974757636,0.24582781925682504,0.6536340786775967
asthma_v2_asthma_P55WheezingIU_274.wav,4,0,0,4,0.04906487449103185,0.001679168684827553,0.06806370018567433,0.2250250769128123,0.6561671797256543
asthma_v2_asthma_P58WheezingRL_287.wav,4,0,0,3,0.01922773697728217,0.005152006850718593,0.006440143094388797,0.6479377366056969,0.3212423764719134
asthma_v2_asthma_P58WheezingRS_288.wav,4,0,0,3,0.26168664447932927,0.019852832425275444,0.007567650736572169,0.21729682527699956,0.4935960470818233
asthma_v2_asthma_P5AsthmaIE_25.wav,4,0,0,0,0.7806738252997177,0.008824116786668296,0.013721571316445559,0.006689911435510192,0.19009057516165814
asthma_v2_asthma_P6AsthmaIU_26.wav,4,0,0,0,0.44572139001637445,0.20209293328574357,0.19741934129358382,0.057112159845011,0.09765417555928695
asthma_v2_asthma_P7AsthmaIE_33.wav,4,0,0,0,0.7142556184164265,0.07338644954059856,0.0808614616064183,0.013670567777361382,0.11782590265919497
asthma_v2_asthma_P8AsthmaIE_37.wav,4,0,0,0,0.7457607307931856,0.022303606410950267,0.016618722829995453,0.04031247573343712,0.17500446423243168
asthma_v2_asthma_P8AsthmaRL_39.wav,4,0,0,0,0.7606864503983989,0.023357995360105677,0.09258263246142859,0.024037716180664564,0.09933520559940202
asthma_v2_asthma_P9AsthmaIE_45.wav,4,0,0,0,0.929448945731101,0.022763700179603278,0.004493951453898802,0.0010103682777529365,0.04228303435764368
asthma_v2_copd_P10COPDPr_77.wav,4,0,2,4,0.28670259124530695,0.04754253801352692,0.05329780269724158,0.023332723361857145,0.5891243446820674
asthma_v2_copd_P11COPDPr_81.wav,4,0,2,0,0.8456968020078389,0.09301416837009491,0.02610497504568599,0.002011120328630587,0.03317293424774972
asthma_v2_copd_P11COPDPr_85.wav,4,0,2,0,0.4127972426746105,0.007611812938408441,0.5586365808397448,0.0037831651639952967,0.017171198383241
asthma_v2_copd_P12COPDMc_92.wav,4,0,2,0,0.3631792283236374,0.007080928745700614,0.6033083469452367,0.007105430272858179,0.01932606571256729
asthma_v2_copd_P12COPDMc_96.wav,4,0,2,2,0.000506947848494021,0.003728542634396514,0.9861845249326952,0.006374106774283173,0.0032058778101311403
asthma_v2_copd_P12COPDPr_89.wav,4,0,2,0,0.7566122449864257,0.03287101941894892,0.18737171139450834,0.0026328177192733748,0.02051220648084383
asthma_v2_copd_P13COPDPr_99.wav,4,0,2,2,0.0015754525779346296,0.15501604129468188,0.7491910009806352,0.07834478703806974,0.01587271810867866
asthma_v2_copd_P15COPDMc_120.wav,4,0,2,2,0.019879347202092175,0.002703833231451588,0.9747274598908167,0.0011814635668284817,0.00150789610881097
asthma_v2_copd_P15COPDPr_113.wav,4,0,2,0,0.8063753781210312,0.11048342783426672,0.04455025990329024,0.00618629453244146,0.032404639608970255
asthma_v2_copd_P15COPDPr_115.wav,4,0,2,2,0.030299504233719857,0.0012041508763486154,0.9669164785821868,0.00036558746828819924,0.0012142788394561563
asthma_v2_copd_P16COPDPr_123.wav,4,0,2,2,0.0005606688274442655,5.216833175387057e-05,0.9840943213915216,0.00012819240772835998,0.015164649041551764
asthma_v2_copd_P16COPDPr_125.wav,4,0,2,2,0.0008945313620241918,8.302474478518246e-05,0.9960740318182975,0.00012257776860239347,0.002825834306290954
asthma_v2_copd_P17COPDPr_129.wav,4,0,2,2,0.004259028809682269,0.0004279952868370604,0.9864619001606001,0.0009459848842530696,0.007905090858627567
asthma_v2_copd_P18COPDMc_138.wav,4,0,2,2,0.005325621878381368,0.0011520633393052176,0.9894722037808116,0.0008176800370766014,0.0032324309644248986
asthma_v2_copd_P18COPDMc_142.wav,4,0,2,2,0.013069841454477189,0.0057191485823136125,0.9686434727708436,0.003398799752912331,0.00916873743945303
asthma_v2_copd_P18COPDMc_144.wav,4,0,2,2,0.005912942173260075,0.011514536824751374,0.9448766384698111,0.017694435602468445,0.02000144692970938
asthma_v2_copd_P19COPDMc_146.wav,4,0,2,2,0.012979630724445348,0.004718141092174255,0.9737346647411859,0.0019726982053719093,0.006594865236822874
asthma_v2_copd_P19COPDMc_152.wav,4,0,2,2,0.025586188538662586,0.016643363822705818,0.9390756905239348,0.0074332461405757205,0.011261510974120745
asthma_v2_copd_P19COPDPr_145.wav,4,0,2,2,0.002140338369560399,0.010081750047145779,0.9794065908944303,0.0012434828636462888,0.0071278378252172935
asthma_v2_copd_P19COPDPr_149.wav,4,0,2,2,0.007272456162369336,0.0023469447125436436,0.9848923883334793,0.0013035731569970195,0.004184637634610629
asthma_v2_copd_P1COPDMc_2.wav,4,0,2,0,0.7436709461938507,0.01701238620574651,0.0938819779566863,0.06082704408648592,0.08460764555723067
asthma_v2_copd_P1COPDMc_4.wav,4,0,2,2,0.019063881279808254,0.004641612588267078,0.6365423826632572,0.035818555746965776,0.30393356772170127
asthma_v2_copd_P20COPDMc_154.wav,4,0,2,2,0.0011849789013313392,0.00042556069492746823,0.9946089085748379,0.00048468958213731373,0.0032958622467656744
asthma_v2_copd_P20COPDMc_160.wav,4,0,2,2,0.004533758741625447,0.0014072258565982184,0.9875670328811019,0.002409807675579954,0.004082174845094471
asthma_v2_copd_P22COPDPr_175.wav,4,0,2,4,0.05174911681545001,0.004368537675869439,0.36882906678903915,0.1448905304337014,0.43016274828594003
asthma_v2_copd_P23COPDMc_178.wav,4,0,2,2,0.04464793667534505,0.01708336442806465,0.8349112151096045,0.04992155560318208,0.05343592818380398
asthma_v2_copd_P24COPDMc_186.wav,4,0,2,2,0.015003343222452224,0.03547475982817369,0.8110505757962417,0.018547128288062695,0.11992419286506961
asthma_v2_copd_P25COPDMc_194.wav,4,0,2,2,0.0007485198561609289,0.008294164842381454,0.9853158355279572,0.004351591755684897,0.0012898880178155844
asthma_v2_copd_P27COPDMc_212.wav,4,0,2,2,0.0006423498773756854,0.000533223907290784,0.9978914828409561,0.00029738599920896595,0.0006355573751681265
asthma_v2_copd_P27COPDPr_213.wav,4,0,2,2,0.0007099437595168242,0.0003717596364009958,0.9913968362551296,0.0023557373364023015,0.005165723012550337
asthma_v2_copd_P28COPDPr_219.wav,4,0,2,2,0.002995500204746539,0.0033523975713704874,0.9891324620328492,0.002790450277500522,0.00172918991353334
asthma_v2_copd_P29COPDMc_232.wav,4,0,2,2,0.00037768243950975526,0.00020816502165130478,0.9945729752732702,0.002719409879209295,0.002121767386359486
asthma_v2_copd_P2COPDPr_13.wav,4,0,2,2,0.06263634622292222,0.002450015705424395,0.9081206008247118,0.012287657001830255,0.014505380245111119
asthma_v2_copd_P30COPDPr_237.wav,4,0,2,2,0.0009476735689512122,0.0003739017969976325,0.9969951993538106,0.0011747311513256673,0.0005084941289148729
asthma_v2_copd_P32COPDMc_254.wav,4,0,2,2,0.07818481486802117,0.0028845174170166656,0.9067248003464958,0.00400823613668778,0.008197631231778399
asthma_v2_copd_P32COPDPr_249.wav,4,0,2,2,0.18993556717851287,0.016185522692759833,0.7358268519347706,0.03172780701819252,0.02632425117576425
asthma_v2_copd_P33COPDMc_264.wav,4,0,2,2,0.0034924793984765865,0.01638641917690542,0.9769553520125874,0.0007671580360371708,0.0023985913759936766
asthma_v2_copd_P33COPDPr_263.wav,4,0,2,2,0.019120388588546693,0.04651605093685791,0.7603060793299151,0.04954842531020184,0.12450905583447865
asthma_v2_copd_P34COPDMc_272.wav,4,0,2,2,0.0035988547341355122,0.04364599423665605,0.9452216680311148,0.0003433109249019845,0.007190172073191691
asthma_v2_copd_P35COPDMc_278.wav,4,0,2,2,0.000608558427908429,0.006303399953292993,0.9894015077874709,0.0025516458123734063,0.0011348880189541433
asthma_v2_copd_P35COPDMc_280.wav,4,0,2,2,0.0013891175438788203,0.0004542618288237818,0.9911354836011532,0.003827914461703989,0.003193222564440216
asthma_v2_copd_P35COPDPr_275.wav,4,0,2,2,0.004246930058563047,0.0030659807893749853,0.9380580110893031,0.01889621823451937,0.035732859828239295
asthma_v2_copd_P35COPDPr_279.wav,4,0,2,2,0.0014279250067007574,0.0016192052294696313,0.9941261121485516,0.00178157226157083,0.0010451853537073459
asthma_v2_copd_P36COPDMc_282.wav,4,0,2,2,0.00455478488066276,0.010864511549326591,0.9770581527340549,0.0033861847910804624,0.004136366044875339
asthma_v2_copd_P36COPDMc_286.wav,4,0,2,2,0.0023229388344508666,0.004107640940790486,0.9832063586303855,0.004562875760633554,0.005800185833739761
asthma_v2_copd_P36COPDPr_283.wav,4,0,2,2,0.002100336633245885,0.008314155653793948,0.9610077280613136,0.0030267944250917896,0.02555098522655445
asthma_v2_copd_P37COPDMc_290.wav,4,0,2,2,0.004775721858269571,0.13825820262437621,0.8286324128297039,0.02127286809097634,0.007060794596673769
asthma_v2_copd_P37COPDMc_292.wav,4,0,2,2,0.03892069420386616,0.01276559814625331,0.9189407319508888,0.016325810382290702,0.013047165316701316
asthma_v2_copd_P38COPDPr_301.wav,4,0,2,2,0.025768780512566675,0.015531953030131865,0.9440834900802317,0.007610011432066153,0.007005764945003685
asthma_v2_copd_P38COPDPr_303.wav,4,0,2,2,0.0043122608634429405,0.002872809447905383,0.9866502600491494,0.0012128528265628491,0.00495181681293937
asthma_v2_copd_P39COPDMc_306.wav,4,0,2,2,0.007056411369270622,0.003985700668282274,0.9829039088033568,0.00126735477695323,0.00478662438213727
asthma_v2_copd_P3COPDPr_23.wav,4,0,2,2,0.21451127736878506,0.01853487875733719,0.7220650391265367,0.027632089349642962,0.017256715397698238
asthma_v2_copd_P40COPDMc_314.wav,4,0,2,2,0.02845480578401815,0.09731894337833652,0.7983559756035032,0.022219386217605285,0.05365088901653696
asthma_v2_copd_P41COPDMc_326.wav,4,0,2,2,0.008466929261694754,0.0017119467708218547,0.9595097468182523,0.0029371520238285183,0.02737422512540294
asthma_v2_copd_P42COPDMc_330.wav,4,0,2,2,0.00036775618343778174,0.0001765521961281768,0.9979957882798252,0.00016259197751592458,0.0012973113630933204
asthma_v2_copd_P42COPDMc_334.wav,4,0,2,2,0.0018647485450006952,0.0021342146460719973,0.9913599460986381,0.002802477336913052,0.001838613373376051
asthma_v2_copd_P43COPDMc_338.wav,4,0,2,2,1.2614667357122886e-05,1.3924015605140216e-05,0.9945463583634337,0.00042076382899388693,0.005006339124610061
asthma_v2_copd_P44COPDMc_346.wav,4,0,2,2,0.008443253089932158,0.005510065162534756,0.9712122419250309,0.0028033035762943417,0.01203113624620782
asthma_v2_copd_P44COPDMc_350.wav,4,0,2,2,0.0003066242724704339,0.0076582980363299755,0.9843683497745773,0.005603943463645991,0.0020627844529759972
asthma_v2_copd_P44COPDPr_349.wav,4,0,2,2,0.001000891027736616,0.004122450128481465,0.9904470994594895,0.0019049664107124835,0.0025245929735800325
asthma_v2_copd_P45COPDPr_353.wav,4,0,2,2,0.002562777447131467,0.0006464051716580426,0.9038443661981255,0.0441610597342013,0.04878539144888359
asthma_v2_copd_P45COPDPr_357.wav,4,0,2,2,0.0030989084662413915,0.0006498400791128244,0.9879166023452582,0.00556229630669366,0.0027723528026938555
asthma_v2_copd_P45COPDPr_359.wav,4,0,2,3,0.05141565565724036,0.0059105934701779664,0.18941921370346934,0.6617570784111525,0.0914974587579596
asthma_v2_copd_P46COPDMc_362.wav,4,0,2,2,0.004518391157979048,0.0025948335665416703,0.6715719908866699,0.02609898910685836,0.29521579528195113
asthma_v2_copd_P47COPDMc_374.wav,4,0,2,2,0.0008691706585908203,0.016835539979937263,0.97038323963141,0.010229716179392001,0.0016823335506700962
asthma_v2_copd_P49COPDMc_388.wav,4,0,2,2,0.0012581235300082223,0.012557278979414693,0.8726513481592835,0.05087350206383191,0.06265974726746167
asthma_v2_copd_P49COPDPr_389.wav,4,0,2,2,0.0008327169536501234,0.0026614511601071277,0.9618000369867664,0.010870243120103108,0.023835551779373396
asthma_v2_copd_P50COPDPr_395.wav,4,0,2,2,0.006235562162217368,0.001096017020326813,0.9607063847076732,0.008148296673014624,0.023813739436767806
asthma_v2_copd_P5COPDMc_40.wav,4,0,2,2,0.0054227308924174565,0.0003944873571246556,0.9242672993004297,0.01582870178295632,0.054086780667072
asthma_v2_copd_P5COPDPr_35.wav,4,0,2,2,0.004762334644124532,0.0020405911939301,0.9754448734679635,0.006829836699898331,0.010922363994083686
asthma_v2_copd_P6COPDMc_46.wav,4,0,2,2,0.006684339967653713,0.007184145892779193,0.8691950605618605,0.03351517605060416,0.08342127752710227
asthma_v2_copd_P6COPDPr_41.wav,4,0,2,2,0.014763861585245277,0.0017193965890542184,0.9155239680729461,0.004844724991914163,0.06314804876084051
asthma_v2_copd_P6COPDPr_47.wav,4,0,2,2,0.03705039592982259,0.0025033004734375942,0.8655204993627655,0.03035794254367891,0.06456786169029566
asthma_v2_copd_P7COPDMc_54.wav,4,0,2,2,0.010355164126031208,0.003916215125293662,0.9720279306818679,0.007341412681700984,0.006359277385106258
asthma_v2_copd_P7COPDMc_56.wav,4,0,2,2,0.11034357398040276,0.03511039302005625,0.7035367229985539,0.09518730427604892,0.055822005724938804
asthma_v2_copd_P7COPDPr_49.wav,4,0,2,2,0.004426210172538841,0.020607603321074305,0.8631153274201324,0.010691064746220495,0.1011597943400339
asthma_v2_copd_P7COPDPr_53.wav,4,0,2,2,0.05468715244759645,0.006281978709769118,0.8693722727291472,0.02865700014153713,0.04100159597195018
asthma_v2_copd_P8COPDPr_61.wav,4,0,2,2,0.002530212320169779,0.0007068555923621325,0.9916590642704498,0.00036805018372925195,0.004735817633288955
asthma_v2_copd_P9COPDMc_72.wav,4,0,2,2,0.0016560044585212919,0.00019719580983274708,0.9960800199480112,0.00025201913210728727,0.0018147606515270867
asthma_v2_copd_P9COPDPr_69.wav,4,0,2,2,0.0005666655362539816,0.00014104669929596836,0.9975808956933936,0.00010175817790737847,0.0016096338931489895
asthma_v2_healthy_P10Healthy14S.wav,4,0,3,0,0.4455122339829908,0.09620869088892854,0.033897663327011884,0.04800047319236769,0.37638093860870103
asthma_v2_healthy_P10Healthy93S.wav,4,0,3,3,0.11843405827586571,0.024711814637888067,0.013467077282670952,0.29915951425778115,0.5442275355457938
asthma_v2_healthy_P11Healthy38S.wav,4,0,3,3,0.04640928732117832,0.03358058024938383,0.044242572091953244,0.833357307530789,0.04241025280669594
asthma_v2_healthy_P12Healthy93S.wav,4,0,3,3,0.0277446752991419,0.010644803175756869,0.4296427801887137,0.2685602582273863,0.2634074831090017
asthma_v2_healthy_P13Healthy28S.wav,4,0,3,3,0.014816415876551222,0.007995277417666603,0.05462981552357325,0.881212767623899,0.041345723558309976
asthma_v2_healthy_P14Healthy47S.wav,4,0,3,3,0.028738316436401918,0.02359408754105972,0.08950648910468105,0.816035360403959,0.042125746513898284
asthma_v2_healthy_P17Healthy35S.wav,4,0,3,3,0.03709658816853032,0.008654711251352771,0.007557426441488374,0.6193237882894607,0.3273674858491681
asthma_v2_healthy_P18Healthy46S.wav,4,0,3,3,0.02514389818408136,0.05246785763032244,0.014052017048385079,0.8177810528807188,0.09055517425649254
asthma_v2_healthy_P19Healthy62S.wav,4,0,3,3,0.047007560465269924,0.002017436073687663,0.0030460220701820206,0.8967021018451633,0.051226879545697164
asthma_v2_healthy_P1Healthy88S.wav,4,0,3,3,0.004280464742523313,0.016177920483692248,0.058418317026476034,0.7998574495087544,0.12126584823855432
asthma_v2_healthy_P22Healthy36S.wav,4,0,3,3,0.04238511985503932,0.0020151702045089655,0.007903738237244124,0.8859932171915649,0.06170275451164281
asthma_v2_healthy_P22Healthy50S.wav,4,0,3,3,0.10522828574964455,0.018459640165579473,0.024905084335383406,0.6796142275957442,0.17179276215364808
asthma_v2_healthy_P22Healthy88S.wav,4,0,3,3,0.03373933455462271,0.004473803180508619,0.010282572956102666,0.8215048533781685,0.12999943593059773
asthma_v2_healthy_P25Healthy20S.wav,4,0,3,3,0.03013271423948952,0.00131900110692968,0.011156305358068162,0.7553528775494919,0.20203910174602085
asthma_v2_healthy_P25Healthy42S.wav,4,0,3,3,0.08551412637240942,0.010638010833283366,0.015167178037297998,0.8291145950903641,0.05956608966664511
asthma_v2_healthy_P26Healthy48S.wav,4,0,3,3,0.1275150568693947,0.022017915820053167,0.01729563945793452,0.48715434119778467,0.34601704665483296
asthma_v2_healthy_P2Healthy30S.wav,4,0,3,3,0.014168877771568566,0.0012450035342220877,0.00991773232174073,0.6461020807579818,0.328566305614487
asthma_v2_healthy_P3Healthy57S.wav,4,0,3,3,0.003960474690396551,0.01694585459248106,0.01439882583701375,0.8840285443502744,0.08066630052983428
asthma_v2_healthy_P5Healthy57S.wav,4,0,3,3,0.013129345196731163,0.008572519166911775,0.037393413046275484,0.3375206545235852,0.6033840680664965
asthma_v2_healthy_P5Healthy96S.wav,4,0,3,3,0.058777406993062685,0.0045783867400024415,0.015590759606560837,0.6903356283435091,0.23071781831686491
asthma_v2_healthy_P6Healthy51S.wav,4,0,3,3,0.32076747301549413,0.005653458092757355,0.026995698615713173,0.2727876390787367,0.3737957311972983
asthma_v2_healthy_P7Healthy85S.wav,4,0,3,4,0.272638228140352,0.013061912766196648,0.021397916859429163,0.12966375916699913,0.563238183067023
asthma_v2_healthy_P8Healthy33S.wav,4,0,3,3,0.08049474908644318,0.09334425801501227,0.1977164576044135,0.5110036504706704,0.11744088482346052
asthma_v2_healthy_P8Healthy48S.wav,4,0,3,3,0.03365941730937345,0.010658484894166244,0.023741376902817506,0.8960488795904258,0.035891841303216744
asthma_v2_healthy_P8Healthy82S.wav,4,0,3,3,0.05931763197141211,0.05118145953812714,0.06209989387682811,0.7640657306441248,0.06333528396950773
asthma_v2_healthy_P9Healthy31S.wav,4,0,3,0,0.5026280013786306,0.031553476084947026,0.005948064530458963,0.11246623048788654,0.3474042275180772
asthma_v2_healthy_P9Healthy61S.wav,4,0,3,3,0.21970512552357768,0.09351564920915004,0.008577678642460356,0.5263223085381293,0.1518792380866828
asthma_v2_pneumonia_P10Pneumonia52A.wav,4,0,4,2,0.045105448857325564,0.08738441278508402,0.5981987541214424,0.041709856111002024,0.2276015281251457
asthma_v2_pneumonia_P10Pneumonia73G.wav,4,0,4,4,0.15487757889404583,0.006587307914077287,0.0639120202548421,0.004382400729294029,0.7702406922077405
asthma_v2_pneumonia_P10Pneumonia80J.wav,4,0,4,4,0.12230982698210474,0.016704911689648046,0.23711419245490942,0.02447593457389357,0.5993951342994445
asthma_v2_pneumonia_P10Pneumonia88R.wav,4,0,4,4,0.23957748429436654,0.008170904110883986,0.012149558925221546,0.03195699531513834,0.7081450573543899
asthma_v2_pneumonia_P11Pneumonia65P.wav,4,0,4,4,0.0836448758585412,0.007446125695412664,0.021983657061793158,0.045533250574643844,0.8413920908096092
asthma_v2_pneumonia_P12Pneumonia23P.wav,4,0,4,4,0.04427137716795473,0.06983594847373555,0.08503175486927154,0.20915353340235598,0.5917073860866824
asthma_v2_pneumonia_P14Pneumonia62B.wav,4,0,4,4,0.37612741793039345,0.013513472740390468,0.01776516018522312,0.014129162517588058,0.5784647866264047
asthma_v2_pneumonia_P16Pneumonia56J.wav,4,0,4,4,0.09387134757282826,0.0035425910203070333,0.0046737558582110135,0.05893841286797885,0.8389738926806749
asthma_v2_pneumonia_P17Pneumonia57K.wav,4,0,4,4,0.06025798682048509,0.001554182903931938,0.001497321944244355,0.0010617761753515457,0.9356287321559872
asthma_v2_pneumonia_P17Pneumonia63G.wav,4,0,4,4,0.27727719101187775,0.010180439395733123,0.0018349075876635014,0.00815674784156821,0.7025507141631576
asthma_v2_pneumonia_P18Pneumonia16E.wav,4,0,4,4,0.308264135836202,0.018238996290530694,0.003101229575717896,0.07831252694558628,0.5920831113519633
asthma_v2_pneumonia_P19Pneumonia39Z.wav,4,0,4,4,0.015827479158327443,0.0036247748721146256,0.007570666401228286,0.0864353023381478,0.8865417772301815
asthma_v2_pneumonia_P20Pneumonia31P.wav,4,0,4,4,0.23319053842537732,0.00956487570785292,0.003175449350405709,0.010306218305279134,0.7437629182110851
asthma_v2_pneumonia_P21Pneumonia24G.wav,4,0,4,4,0.11201479838830186,0.1153115045198235,0.04228593368043031,0.15619617334517286,0.5741915900662716
asthma_v2_pneumonia_P22Pneumonia29M.wav,4,0,4,0,0.5758279033406639,0.013993914172549663,0.02327793946789267,0.019224539677494126,0.3676757033413999
asthma_v2_pneumonia_P22Pneumonia47V.wav,4,0,4,4,0.061039708992996905,0.002599964588576355,0.0013618438180021104,0.0036887139793850086,0.9313097686210396
asthma_v2_pneumonia_P22Pneumonia51X.wav,4,0,4,4,0.19375339836497457,0.014314702080394499,0.17491392838578002,0.040899602668804144,0.5761183685000464
asthma_v2_pneumonia_P23Pneumonia54P.wav,4,0,4,4,0.16002984175596385,0.024240608754250503,0.06647117503956469,0.05752428321448683,0.691734091235734
asthma_v2_pneumonia_P24Pneumonia21G.wav,4,0,4,3,0.12185869666547146,0.1915821269459202,0.02893172545330258,0.523542548392608,0.1340849025426975
asthma_v2_pneumonia_P24Pneumonia54A.wav,4,0,4,4,0.06483724355057556,0.0019169099185346377,0.00423491138194271,0.004630572765592225,0.924380362383355
asthma_v2_pneumonia_P24Pneumonia67G.wav,4,0,4,4,0.01968416100689941,0.0011777221180712264,0.05144173615604196,0.011054215025410336,0.9166421656935771
asthma_v2_pneumonia_P24Pneumonia95T.wav,4,0,4,3,0.08557018400631321,0.13830494259389398,0.06884592853983472,0.5753122009952065,0.13196674386475155
asthma_v2_pneumonia_P25Pneumonia97D.wav,4,0,4,4,0.08077619960957837,0.006114533018296861,0.11292146784563589,0.04548629183578111,0.7547015076907075
asthma_v2_pneumonia_P27Pneumonia28K.wav,4,0,4,4,0.05657537064493377,0.023234044779785436,0.11912050215378656,0.060824616051988474,0.7402454663695057
asthma_v2_pneumonia_P28Pneumonia56Y.wav,4,0,4,4,0.206874041072783,0.02155266447365691,0.005018577348214411,0.030563521699065437,0.7359911954062802
asthma_v2_pneumonia_P29Pneumonia18M.wav,4,0,4,4,0.01179166687854523,0.0008478667746696408,0.0009598407985729796,0.005833854075542404,0.9805667714726698
asthma_v2_pneumonia_P29Pneumonia82U.wav,4,0,4,4,0.020212177056103772,0.0054196680599636355,0.004074735684934535,0.07645507596926548,0.8938383432297323
asthma_v2_pneumonia_P2Pneumonia70H.wav,4,0,4,4,0.07579018065522605,0.003116010056373667,0.00477376784387535,0.004341011889647928,0.911979029554877
asthma_v2_pneumonia_P2Pneumonia93N.wav,4,0,4,4,0.042327616508011416,0.0018523616203626558,0.0026944466532583377,0.011962294617380893,0.9411632806009865
asthma_v2_pneumonia_P30Pneumonia30W.wav,4,0,4,4,0.04926318241835106,0.003997528754284184,0.014224866169399752,0.014517931575337933,0.9179964910826274
asthma_v2_pneumonia_P30Pneumonia85D.wav,4,0,4,4,0.15918894761849361,0.004110957291530722,0.001535023039476391,0.006817081865084685,0.8283479901854145
asthma_v2_pneumonia_P31Pneumonia47J.wav,4,0,4,4,0.12110999283200885,0.002849668715104494,0.0005147245211339716,0.013027280483300723,0.8624983334484521
asthma_v2_pneumonia_P33Pneumonia94C.wav,4,0,4,4,0.07128523310179513,0.0027457715373535156,0.0008727528710417687,0.07619979469679447,0.8488964477930152
asthma_v2_pneumonia_P34Pneumonia36H.wav,4,0,4,4,0.06611676332499294,0.002215175684114832,0.0014629842531567832,0.00856102901054482,0.9216440477271906
asthma_v2_pneumonia_P35Pneumonia56D.wav,4,0,4,4,0.02705030222069467,0.0037630602131794267,0.003858263678846264,0.32093909120381775,0.644389282683462
asthma_v2_pneumonia_P35Pneumonia99V.wav,4,0,4,4,0.09270086932416827,0.001845307071991858,0.0028697017724660205,0.01712652653775228,0.8854575952936214
asthma_v2_pneumonia_P36Pneumonia83N.wav,4,0,4,4,0.03824434392165527,0.0016042743186607646,0.0006514320917443678,0.003331138181879007,0.9561688114860606
asthma_v2_pneumonia_P36Pneumonia86S.wav,4,0,4,0,0.618930692689965,0.01746598544549183,0.049766015312215875,0.20385853316497665,0.1099787733873506
asthma_v2_pneumonia_P37Pneumonia44I.wav,4,0,4,0,0.6450999811392407,0.029185813948748373,0.01061202396735294,0.008566286810237708,0.3065358941344205
asthma_v2_pneumonia_P37Pneumonia83S.wav,4,0,4,4,0.4279963275786873,0.01480756110719292,0.005452649992236028,0.011079493413585825,0.5406639679082985
asthma_v2_pneumonia_P37Pneumonia95J.wav,4,0,4,4,0.44971902251637147,0.015962939061063147,0.009624399161027917,0.01131313594322167,0.5133805033183161
asthma_v2_pneumonia_P39Pneumonia87S.wav,4,0,4,4,0.06697803399912552,0.017392445558377195,0.01375092924924466,0.004563495944043461,0.8973150952492092
asthma_v2_pneumonia_P3Pneumonia61R.wav,4,0,4,4,0.011747994206114845,0.002712010409102066,0.13035966050879239,0.07311547522435116,0.7820648596516396
asthma_v2_pneumonia_P42Pneumonia27A.wav,4,0,4,0,0.9227207610635534,0.0022457030659038253,0.003678155857095541,0.0006036288389131093,0.07075175117453428
asthma_v2_pneumonia_P44Pneumonia36U.wav,4,0,4,4,0.010164163463646255,0.0012443424408126523,0.0097539741841417,0.08879435492753433,0.8900431649838649
asthma_v2_pneumonia_P44Pneumonia59U.wav,4,0,4,4,0.00714790368944453,0.001880278253083609,0.011511243815564615,0.3266928990725379,0.6527676751693694
asthma_v2_pneumonia_P44Pneumonia65N.wav,4,0,4,4,0.07553527636857109,0.008277881344174814,0.03344170703024557,0.056101385423016834,0.8266437498339919
asthma_v2_pneumonia_P45Pneumonia25T.wav,4,0,4,4,0.06352021017360418,0.003275586012318002,0.050709770831174346,0.08389805389785941,0.7985963790850442
asthma_v2_pneumonia_P45Pneumonia59I.wav,4,0,4,4,0.05608035866636347,0.0023466798018254415,0.07366057681671316,0.033627276791562764,0.834285107923535
asthma_v2_pneumonia_P46Pneumonia49D.wav,4,0,4,4,0.015345483597530896,0.0006888402769029788,0.013016575929256025,0.09913088451538996,0.87181821568092
asthma_v2_pneumonia_P48Pneumonia61T.wav,4,0,4,3,0.03919235312553336,0.019813290041746277,0.14866350561465563,0.29845434247311,0.49387650874495426
asthma_v2_pneumonia_P5Pneumonia21J.wav,4,0,4,4,0.011614297092508804,0.0052068999813868495,0.034663273557936726,0.050139911876043074,0.8983756174921247
asthma_v2_pneumonia_P6Pneumonia15U.wav,4,0,4,4,0.07812667557711825,0.008267320360577424,0.07405251823304836,0.02862158686633029,0.8109318989629255
asthma_v2_pneumonia_P7Pneumonia22C.wav,4,0,4,2,0.05314988870047335,0.007460160577134237,0.6108213197255629,0.008635390233550559,0.3199332407632791
asthma_v2_pneumonia_P7Pneumonia22X.wav,4,0,4,4,0.013632629501416756,0.022644637965734057,0.27552870291394965,0.059274814995093704,0.6289192146238058
asthma_v2_pneumonia_P8Pneumonia28V.wav,4,0,4,3,0.0027513572411512746,0.0011418905361508006,0.0030623239219354573,0.918471686276209,0.07457274202455327
asthma_v2_pneumonia_P9Pneumonia31T.wav,4,0,4,4,0.1716870435049234,0.007134207556762222,0.1252341077462285,0.0591231876250575,0.6368214535670284
asthma_v2_Bronchial_P10BronchialSc_46.wav,4,1,1,1,0.008333539035056268,0.31788463002892137,0.5529939171980738,0.012992661837054418,0.10779525190089413
asthma_v2_Bronchial_P13BronchialSc_64.wav,4,1,1,0,0.6514513933628643,0.09480607252500554,0.00653476026547469,0.12799479707549405,0.11921297677116117
asthma_v2_Bronchial_P13BronchialTc_61.wav,4,1,1,0,0.9274049227468373,0.04025267385655114,0.0006269510447762391,0.0026706561638921715,0.029044796187943287
asthma_v2_Bronchial_P14BronchialSc_66.wav,4,1,1,0,0.8843758634248284,0.08455317168044968,0.02005088462581877,0.0012303985528106323,0.009789681716092557
asthma_v2_Bronchial_P15BronchialTc_75.wav,4,1,1,1,0.0936636915306005,0.4501053558013169,0.37586469671695016,0.02790679747433267,0.05245945847679987
asthma_v2_Bronchial_P16BronchialSc_76.wav,4,1,1,1,0.0714409451026351,0.6163815097849366,0.1453309744983606,0.03474467617535876,0.132101894438709
asthma_v2_Bronchial_P16BronchialTc_79.wav,4,1,1,1,0.02673091790631663,0.9436980770012657,0.010408958526656817,0.011874237786442325,0.007287808779318559
asthma_v2_Bronchial_P18BronchialSc_88.wav,4,1,1,1,0.02696111752429455,0.8934377945668339,0.06766404413793056,0.0026553765720504783,0.009281667198890361
asthma_v2_Bronchial_P19BronchialSc_94.wav,4,1,1,2,0.09686781219433158,0.23804863585373093,0.6069847269375931,0.010364763506510775,0.04773406150783349
asthma_v2_Bronchial_P19BronchialTc_93.wav,4,1,1,1,0.020423770952069206,0.9299109681069097,0.03681579248606051,0.004978820480091611,0.00787064797486854
asthma_v2_Bronchial_P1BronchialTc_1.wav,4,1,1,1,0.0729789217336941,0.812690372909734,0.07213887758771123,0.020515695504699637,0.02167613226416124
asthma_v2_Bronchial_P20BronchialTc_97.wav,4,1,1,1,0.029846725872983853,0.907477777541103,0.03937657467210445,0.009272413485196382,0.014026508428612318
asthma_v2_Bronchial_P20BronchialTc_99.wav,4,1,1,1,0.20216035587585054,0.30620350549696,0.2604759097835957,0.16822981676906237,0.06293041207453108
asthma_v2_Bronchial_P2BronchialSc_10.wav,4,1,1,1,0.08294719646851488,0.5153331806924514,0.30081352010777196,0.0618064596706226,0.039099643060639205
asthma_v2_Bronchial_P2BronchialSc_8.wav,4,1,1,1,0.021956110975597184,0.7726487402693106,0.011023966640894849,0.03744590328028182,0.1569252788339156
asthma_v2_Bronchial_P3BronchialSc_12.wav,4,1,1,1,0.09420180822616835,0.6649425284507797,0.15632707259047124,0.046976563335241535,0.0375520273973393
asthma_v2_Bronchial_P3BronchialSc_14.wav,4,1,1,1,0.01042502572318796,0.955822013924433,0.012027008660905588,0.0070582526481287695,0.014667699043344572
asthma_v2_Bronchial_P4BronchialSc_18.wav,4,1,1,1,0.08948417025648263,0.78988071725288,0.03153934166109413,0.01705906155211935,0.07203670927742374
asthma_v2_Bronchial_P5BronchialTc_23.wav,4,1,1,1,0.005362842176652493,0.9661146393888581,0.007974014528321022,0.013273436112696147,0.007275067793471811
asthma_v2_Bronchial_P6BronchialTc_27.wav,4,1,1,1,0.028794771065376836,0.8605573302770564,0.054650148106006685,0.037970526909108564,0.018027223642451583
asthma_v2_Bronchial_P7BronchialSc_34.wav,4,1,1,1,0.013177708877094567,0.8934909156549847,0.04262220700326273,0.021342631024484422,0.029366537440173167
asthma_v2_asthma_P10AsthmaRS_48.wav,4,1,0,0,0.8969151967839901,0.020701302490982648,0.010010058867739625,0.0020217494359493636,0.07035169242133847
asthma_v2_asthma_P12WheezingIU_58.wav,4,1,0,0,0.5178158910410855,0.003977214582557953,0.00575401031776645,0.00811078144677389,0.46434210261181624
asthma_v2_asthma_P12WheezingRL_59.wav,4,1,0,0,0.9169204777627351,0.009267359204895055,0.008880760658842662,0.00339521381030719,0.061536188563220316
asthma_v2_asthma_P13WheezingRL_63.wav,4,1,0,0,0.8029233545152903,0.06992034933548076,0.008748333982855749,0.004875647771145408,0.11353231439522739
asthma_v2_asthma_P14WheezingRS_68.wav,4,1,0,0,0.6200380382258255,0.010457316054240126,0.0037649558684109833,0.03126284624524425,0.33447684360627894
asthma_v2_asthma_P15WheezingIE_73.wav,4,1,0,0,0.747797521422171,0.010988998636008654,0.0033070018423564766,0.016799166889782474,0.22110731120968144
asthma_v2_asthma_P15WheezingRS_72.wav,4,1,0,0,0.7593826458612966,0.016191321480918484,0.0041192343066399385,0.06367740327015506,0.15662939508098958
asthma_v2_asthma_P16WheezingIU_78.wav,4,1,0,0,0.8890380651602414,0.010040125304382162,0.008876629507449017,0.006506697181915448,0.08553848284601204
asthma_v2_asthma_P16WheezingRS_80.wav,4,1,0,0,0.8853612489272753,0.04952568800382317,0.022409402461452836,0.004401016618617931,0.03830264398883108
asthma_v2_asthma_P18WheezingRS_88.wav,4,1,0,0,0.500158952255832,0.06176628003683251,0.014966275943098213,0.1077050266780083,0.315403465086229
asthma_v2_asthma_P19WheezingRL_95.wav,4,1,0,0,0.8107808653444915,0.0236633886530237,0.006121265542739375,0.006298312236451554,0.15313616822329393
asthma_v2_asthma_P20WheezingIU_98.wav,4,1,0,0,0.8643151332494392,0.057076464928660475,0.04351014895408123,0.01348119022106932,0.021617062646749594
asthma_v2_asthma_P20WheezingRS_100.wav,4,1,0,0,0.7474035845169478,0.06534319201432766,0.01050836659607332,0.04970713083878669,0.1270377260338642
asthma_v2_asthma_P21WheezingIE_101.wav,4,1,0,0,0.8213634565409001,0.007219532795324565,0.00099237493867321,0.009271615304914129,0.1611530204201879
asthma_v2_asthma_P21WheezingIE_105.wav,4,1,0,0,0.5877012683559675,0.054056469577125794,0.06491301540489405,0.04877726154388291,0.24455198511812948
asthma_v2_asthma_P21WheezingRS_104.wav,4,1,0,0,0.7255653740300547,0.059956018805420966,0.03272470499752435,0.002773251644074752,0.1789806505229249
asthma_v2_asthma_P23WheezingRL_115.wav,4,1,0,0,0.7767212562556062,0.03592461254052945,0.13177872871031526,0.00768956777584632,0.047885834717703156
asthma_v2_asthma_P23WheezingRS_112.wav,4,1,0,0,0.7918671523089754,0.04753346684448854,0.008350885389140668,0.017321042659054788,0.13492745279834087
asthma_v2_asthma_P24WheezingIE_117.wav,4,1,0,0,0.8589515976515663,0.013127356567626536,0.02211686739648218,0.002592740221521849,0.10321143816280291
asthma_v2_asthma_P24WheezingIU_118.wav,4,1,0,0,0.5967418659655574,0.04287464939212435,0.025066037071462193,0.02255978889906665,0.31275765867178973
asthma_v2_asthma_P24WheezingRS_116.wav,4,1,0,0,0.8881107786989714,0.008467516449332448,0.003970056195597641,0.00209904544358486,0.09735260321251349
asthma_v2_asthma_P25WheezingIE_125.wav,4,1,0,4,0.44580719773516236,0.052553651341513075,0.0018452352968982063,0.048489626252050624,0.4513042893743756
asthma_v2_asthma_P27WheezingRL_131.wav,4,1,0,0,0.9368720965809013,0.004361996857044433,0.014184555073927156,0.00043555693094433575,0.04414579455718301
asthma_v2_asthma_P28WheezingIE_137.wav,4,1,0,0,0.8777228316590895,0.030965413272248735,0.00711330519131334,0.018907827208877973,0.0652906226684708
asthma_v2_asthma_P29WheezingIE_141.wav,4,1,0,0,0.5921364867566895,0.023137572281864187,0.013462791615700817,0.004629471779990403,0.36663367756575477
asthma_v2_asthma_P29WheezingIU_142.wav,4,1,0,0,0.8744897924461559,0.05007468731045712,0.021355764646854063,0.0025374219124806962,0.0515423336840522
asthma_v2_asthma_P29WheezingRL_143.wav,4,1,0,0,0.6787961345115211,0.03623266478233053,0.08647553775345314,0.008910108725933934,0.1895855542267613
asthma_v2_asthma_P30WheezingRS_148.wav,4,1,0,0,0.6665669844154241,0.05053916484811151,0.007538921060535957,0.01566553192480717,0.2596893977511214
asthma_v2_asthma_P31WheezingIE_153.wav,4,1,0,0,0.5858240397920833,0.02634381102026103,0.002957893155934376,0.008762780645128207,0.3761114753865926
asthma_v2_asthma_P32WheezingRS_160.wav,4,1,0,4,0.4613626953874342,0.028822153312862392,0.004673904429890727,0.009875035363076696,0.4952662115067365
asthma_v2_asthma_P34WheezingIE_169.wav,4,1,0,0,0.7911168647833549,0.010938101381040727,0.016452566044802795,0.015528259452947344,0.1659642083378541
asthma_v2_asthma_P34WheezingRL_167.wav,4,1,0,0,0.5418989085461879,0.05154930186873034,0.021359465110801175,0.02501365206220841,0.3601786724120725
asthma_v2_asthma_P34WheezingRS_168.wav,4,1,0,0,0.938223024942497,0.008017267653480835,0.002062664498949343,0.0007726274761146531,0.050924415428958016
asthma_v2_asthma_P35WheezingRL_171.wav,4,1,0,0,0.6996448729181766,0.03149034708122665,0.005644506911743185,0.009009006591922407,0.2542112664969311
asthma_v2_asthma_P35WheezingRS_172.wav,4,1,0,0,0.7827313897673581,0.002918448214644428,0.141318060756895,0.0026509360368228772,0.0703811652242798
asthma_v2_asthma_P36WheezingIE_177.wav,4,1,0,0,0.8418479783493172,0.020228661516032462,0.04862214281938419,0.006553970979604916,0.08274724633566126
asthma_v2_asthma_P38WheezingIU_190.wav,4,1,0,0,0.8723901208571401,0.0483745096301202,0.021215727726267626,0.009441742294654932,0.048577899491817185
asthma_v2_asthma_P39WheezingRS_192.wav,4,1,0,0,0.8010484687802147,0.029054522216644844,0.032555623466305764,0.0036018237982621826,0.1337395617385723
asthma_v2_asthma_P40WheezingRL_199.wav,4,1,0,0,0.9154052300121183,0.03799828543068832,0.024801431373919287,0.0016678275224805243,0.02012722566079375
asthma_v2_asthma_P41WheezingRS_204.wav,4,1,0,0,0.8357833169305016,0.031196345019172032,0.03338452782410059,0.002543479716437364,0.09709233050978831
asthma_v2_asthma_P42WheezingIU_206.wav,4,1,0,0,0.5282404334679741,0.009129625768988861,0.4472185725926554,0.001752895652115264,0.013658472518266228
asthma_v2_asthma_P43WheezingRS_212.wav,4,1,0,0,0.5951719041237664,0.036811199097062215,0.33072510984811143,0.007142029941847493,0.030149756989212042
asthma_v2_asthma_P44WheezingIU_218.wav,4,1,0,0,0.9246078776428964,0.012175553301106338,0.012596328517200064,0.0008454101897943682,0.04977483034900316
asthma_v2_asthma_P45WheezingRL_223.wav,4,1,0,0,0.6834235828921436,0.036228141189823364,0.250817484195232,0.004732025798477802,0.024798765924322994
asthma_v2_asthma_P45WheezingRS_224.wav,4,1,0,0,0.7496030713168242,0.08312333872684412,0.047997197020649786,0.004500405120504018,0.114775987815178
asthma_v2_asthma_P46WheezingIE_229.wav,4,1,0,0,0.6774370063858245,0.041812356020863785,0.2504975304308702,0.00287491102125766,0.027378196141184245
asthma_v2_asthma_P47WheezingRL_231.wav,4,1,0,0,0.8016113431396769,0.04506174581682221,0.11067754653769407,0.005851749894971245,0.036797614610835375
asthma_v2_asthma_P49WheezingIE_241.wav,4,1,0,0,0.8630237032532341,0.006589768477792573,0.009434723241577993,0.0056863670927996554,0.11526543793459564
asthma_v2_asthma_P49WheezingRL_243.wav,4,1,0,0,0.41727411382879454,0.009860797596898365,0.5508066991185698,0.00436674535663921,0.01769164409909768
asthma_v2_asthma_P4AsthmaIU_18.wav,4,1,0,0,0.888514591561107,0.06032471241061157,0.005014981409138353,0.004507013995413583,0.04163870062372984
asthma_v2_asthma_P55WheezingRS_272.wav,4,1,0,3,0.0898638845217585,0.2226724435875959,0.20215011058659732,0.27626597892633936,0.20904758237770935
asthma_v2_asthma_P56WheezingRS_276.wav,4,1,0,0,0.4717659423782189,0.013381106231137292,0.08782077091606508,0.026046263937670386,0.40098591653690807
asthma_v2_asthma_P57WheezingIE_281.wav,4,1,0,3,0.1573803490649124,0.04179298693039344,0.0261532054953279,0.4441844962852252,0.3304889622241409
asthma_v2_asthma_P57WheezingIU_282.wav,4,1,0,4,0.060315153593936244,0.002038113988373446,0.000813969581440884,0.14534331176264062,0.791489451073609
asthma_v2_asthma_P57WheezingRL_283.wav,4,1,0,4,0.3984465614738148,0.021029438863024344,0.014411028590895726,0.06731175109100006,0.4988012199812652
asthma_v2_asthma_P6AsthmaRL_27.wav,4,1,0,0,0.7608424485758516,0.016564414539774808,0.009880112697066044,0.010353864043614507,0.20235916014369307
asthma_v2_asthma_P7AsthmaIU_34.wav,4,1,0,0,0.8643272857082973,0.04276925197502612,0.002038452077058548,0.0024080152219753343,0.08845699501764274
asthma_v2_asthma_P8AsthmaRS_40.wav,4,1,0,0,0.8153424533367433,0.07295981186056831,0.014608308631475907,0.017525035117490595,0.07956439105372187
asthma_v2_copd_P10COPDMc_76.wav,4,1,2,0,0.6048093826763294,0.11042772590483663,0.018778670463250855,0.07535033210290093,0.1906338888526821
asthma_v2_copd_P10COPDPr_75.wav,4,1,2,3,0.5634360602844376,0.018140406349901633,0.005701577089363608,0.3040335008318887,0.10868845544440843
asthma_v2_copd_P11COPDMc_88.wav,4,1,2,2,0.004455162971910903,0.0006855240445551393,0.9936766459198905,0.000635898034923748,0.000546769028719688
asthma_v2_copd_P11COPDPr_87.wav,4,1,2,2,0.017520328840075552,0.0013356201622034293,0.9771292584197796,0.002470254004389211,0.0015445385735521591
asthma_v2_copd_P12COPDPr_91.wav,4,1,2,2,0.0014675987576614853,0.0011803056759799185,0.994798153882431,0.001617528704182673,0.0009364129797450175
asthma_v2_copd_P13COPDMc_104.wav,4,1,2,2,0.0011830773570693353,0.0008027909242776711,0.9960462603684238,0.000609689174023577,0.0013581821762055767
asthma_v2_copd_P14COPDMc_108.wav,4,1,2,0,0.48453480472392263,0.005859568524348039,0.4908038344011089,0.0005534333405960592,0.018248359010024376
asthma_v2_copd_P15COPDMc_114.wav,4,1,2,2,0.25521793612043164,0.004862979284222493,0.7207215592833507,0.004675531315831423,0.014521993996164008
asthma_v2_copd_P15COPDPr_119.wav,4,1,2,2,0.010167302867173187,0.0035257396423682796,0.9798521794936823,0.002932716706146705,0.0035220612906295924
asthma_v2_copd_P17COPDPr_133.wav,4,1,2,2,0.0013353276963423437,0.00010944832335150378,0.9973054211144657,0.0001848808757353333,0.0010649219901050706
asthma_v2_copd_P18COPDPr_137.wav,4,1,2,2,0.003047925857231116,0.0002715660290739644,0.9948725886932507,0.0005061765320846604,0.001301742888359716
asthma_v2_copd_P18COPDPr_141.wav,4,1,2,2,0.0013132421419678184,0.00021105765712893838,0.9976122268462828,0.00018457827932514157,0.0006788950752954916
asthma_v2_copd_P19COPDPr_147.wav,4,1,2,2,0.1513818186977332,0.015679490931406543,0.6703003717472504,0.0065582287102740975,0.1560800899133357
asthma_v2_copd_P1COPDMc_6.wav,4,1,2,2,0.005400093823894667,0.006373972678498549,0.9332939714282832,0.014885898056857461,0.040046064012466395
asthma_v2_copd_P1COPDMc_8.wav,4,1,2,2,0.0029356469248770136,0.001609255246676773,0.9918149700716586,0.0010697520810205592,0.0025703756757669647
asthma_v2_copd_P1COPDPr_1.wav,4,1,2,2,0.26809454983211195,0.017587794144508527,0.692386605044917,0.0025253091139341424,0.01940574186452833
asthma_v2_copd_P20COPDPr_153.wav,4,1,2,2,0.010578338163316957,0.00242950664850824,0.9762941257228681,0.002300291634757347,0.00839773783054916
asthma_v2_copd_P21COPDPr_167.wav,4,1,2,2,0.0022949622139112956,0.0016343020657010885,0.9938351117639129,0.0006899739473444884,0.0015456500091304214
asthma_v2_copd_P22COPDMc_170.wav,4,1,2,2,0.009365186900443467,0.002117308316632212,0.974263232886598,0.0009481898362534798,0.013306082060072687
asthma_v2_copd_P22COPDMc_172.wav,4,1,2,2,0.004548362719389888,0.0034508299088251504,0.8976755222472231,0.050971131250668524,0.04335415387389373
asthma_v2_copd_P22COPDMc_174.wav,4,1,2,3,0.020957614831201836,0.003228556219093864,0.4674101999421089,0.38350908354915925,0.12489454545843622
asthma_v2_copd_P23COPDPr_177.wav,4,1,2,2,0.03557106499300303,0.012204815000938063,0.8705692719756811,0.04093316223787231,0.040721685792505485
asthma_v2_copd_P24COPDPr_185.wav,4,1,2,2,0.0014187584683997547,0.005864315276358188,0.9899064871455857,0.001061658696940831,0.001748780412715583
asthma_v2_copd_P25COPDPr_195.wav,4,1,2,2,0.0002553466749623185,0.006100881018174737,0.9870467065021389,0.003925666340587832,0.0026713994641364507
asthma_v2_copd_P26COPDMc_202.wav,4,1,2,2,2.1341209035443527e-06,2.578353024264645e-06,0.9981465220353666,0.0005438584039785901,0.0013049070867271293
asthma_v2_copd_P26COPDPr_203.wav,4,1,2,2,0.0006050893593562417,0.00040168664083450065,0.9980384712587226,0.0005219527316361706,0.00043280000945056853
asthma_v2_copd_P27COPDMc_216.wav,4,1,2,2,0.00037242550133003896,0.0004075823877952181,0.9954126723723858,0.0026512642469604503,0.0011560554915283822
asthma_v2_copd_P27COPDPr_211.wav,4,1,2,2,0.0008327886107587796,0.0003662374377060658,0.9967481434302642,0.0008884535417934161,0.0011643769794778289
asthma_v2_copd_P28COPDPr_221.wav,4,1,2,2,0.00305234094577442,0.008653053166865628,0.9853268466831744,0.0007695959597368594,0.0021981632444486943
asthma_v2_copd_P2COPDPr_9.wav,4,1,2,2,0.0010965914479264646,8.450607203719109e-05,0.9908794809450635,0.0033001823334895815,0.004639239201482946
asthma_v2_copd_P30COPDMc_234.wav,4,1,2,2,0.008423892425658412,0.0019813531513110686,0.8820823324866026,0.03787374729668842,0.06963867463973954
asthma_v2_copd_P31COPDPr_247.wav,4,1,2,2,0.01116894643895517,0.0005414603258103888,0.9869431687748351,0.0004007264699200079,0.0009456979904793952
asthma_v2_copd_P32COPDMc_250.wav,4,1,2,2,0.21758346739744855,0.06755017380368748,0.6891028577197031,0.013096178679502928,0.012667322399657687
asthma_v2_copd_P32COPDMc_256.wav,4,1,2,2,0.2792794824052906,0.007409028686019847,0.7028991245932759,0.00232260392612232,0.00808976038929146
asthma_v2_copd_P32COPDPr_253.wav,4,1,2,2,0.005232384528584321,0.0006987901904596188,0.9903723476167644,0.00203478895894476,0.0016616887052469146
asthma_v2_copd_P33COPDMc_258.wav,4,1,2,3,0.09687300591172426,0.009540463942183275,0.10452519717911382,0.38649224498292245,0.4025690879840562
asthma_v2_copd_P33COPDMc_260.wav,4,1,2,4,0.014230457368703925,0.016991729729108455,0.2047078784214812,0.046497530262937174,0.7175724042177691
asthma_v2_copd_P33COPDMc_262.wav,4,1,2,4,0.04348094421125527,0.20864260916654195,0.21234125551718516,0.061165248916149065,0.4743699421888688
asthma_v2_copd_P33COPDPr_259.wav,4,1,2,4,0.034912091700625876,0.08606816588095798,0.09473784943050717,0.12217344153053901,0.66210845145737
asthma_v2_copd_P33COPDPr_261.wav,4,1,2,1,0.05041942890759341,0.4969951034667328,0.14690976892476604,0.03283663281065368,0.2728390658902543
asthma_v2_copd_P34COPDMc_266.wav,4,1,2,2,0.02941776924243189,0.024523814808745017,0.9375837072329747,0.0010129732029894275,0.007461735512859164
asthma_v2_copd_P36COPDMc_284.wav,4,1,2,2,0.005709943494535063,0.023142335445968196,0.8603924494180292,0.052916220336404474,0.05783905130506332
asthma_v2_copd_P36COPDMc_288.wav,4,1,2,2,0.029983338197201066,0.12899750660107467,0.8248374740979525,0.007265081804794179,0.00891659929897764
asthma_v2_copd_P37COPDMc_294.wav,4,1,2,2,0.014304093601045507,0.004696439769974238,0.9708434996418982,0.002905769875061433,0.007250197112020571
asthma_v2_copd_P37COPDMc_296.wav,4,1,2,2,0.0037011906746138175,0.0004238320964656773,0.9903843045209517,0.0022085273669372883,0.0032821453410315604
asthma_v2_copd_P37COPDPr_289.wav,4,1,2,2,0.012927533849667881,0.12651271470915995,0.8365876011958527,0.01014290104990626,0.013829249195413224
asthma_v2_copd_P38COPDPr_299.wav,4,1,2,2,0.0974490866588835,0.005185325007553369,0.7887367037526897,0.015376172228090497,0.09325271235278296
asthma_v2_copd_P40COPDPr_319.wav,4,1,2,1,0.14409254781517933,0.2623165312537299,0.34398919068499256,0.006608575503578008,0.24299315474252017
asthma_v2_copd_P42COPDPr_331.wav,4,1,2,2,9.193655321467156e-07,1.5128643935957865e-06,0.9993081804743609,0.0004510825445752284,0.000238304751138028
asthma_v2_copd_P42COPDPr_333.wav,4,1,2,2,2.183469741459437e-06,3.0235725210954876e-06,0.9980569782036816,0.0008972191634312162,0.0010405955906244882
asthma_v2_copd_P43COPDMc_344.wav,4,1,2,2,0.0013901194633326006,0.006933841073581533,0.9205299790508948,0.00600625023626475,0.0651398101759261
asthma_v2_copd_P43COPDPr_339.wav,4,1,2,2,0.0009846259110109874,0.00024195645447515533,0.988511441236235,0.0011510329944299218,0.009110943403848772
asthma_v2_copd_P43COPDPr_343.wav,4,1,2,2,0.0010061221026015624,0.001121086711237532,0.9970329587713519,0.00010852855991215253,0.0007313038548969784
asthma_v2_copd_P44COPDPr_347.wav,4,1,2,2,0.012311024759994392,0.010224408552328234,0.7196532919447824,0.027911207995885028,0.2299000667470101
asthma_v2_copd_P44COPDPr_351.wav,4,1,2,2,0.0023596278904911144,0.03556791419386408,0.9378560488384118,0.009595931285236394,0.014620477791996267
asthma_v2_copd_P45COPDMc_354.wav,4,1,2,2,0.005487759561547141,0.0016983059149024945,0.7405044158116931,0.054036437735795965,0.19827308097606133
asthma_v2_copd_P45COPDMc_358.wav,4,1,2,2,0.05559061716271707,0.022867442750109282,0.8894666070965934,0.01276612527996428,0.01930920771061588
asthma_v2_copd_P46COPDMc_368.wav,4,1,2,2,0.014444318379805796,0.006890850773940313,0.9432210349489188,0.001403116600171389,0.03404067929716364
asthma_v2_copd_P47COPDMc_370.wav,4,1,2,1,0.009013108614981365,0.4676766614602789,0.4877608226426342,0.0157058056308349,0.01984360165127063
asthma_v2_copd_P48COPDMc_378.wav,4,1,2,2,0.0025701971522750842,0.005162017248667538,0.9822890557130337,0.0076006174663698495,0.0023781124196536403
asthma_v2_copd_P48COPDPr_379.wav,4,1,2,2,0.0025887138501727138,0.0018643249171376585,0.9456090366239225,0.03852049959862859,0.011417425010138767
asthma_v2_copd_P49COPDPr_387.wav,4,1,2,2,0.0003210602905459765,0.012993202157272732,0.976299987141887,0.008995979551871475,0.0013897708584226808
asthma_v2_copd_P4COPDMc_26.wav,4,1,2,2,0.001103584769328954,0.000936022398795856,0.9905481036006917,0.002408124468827232,0.00500416476235665
asthma_v2_copd_P4COPDMc_28.wav,4,1,2,2,0.0006399438461617168,0.00042714557424862075,0.9981239420577452,0.0002347061638157448,0.0005742623580283384
asthma_v2_copd_P4COPDPr_31.wav,4,1,2,2,0.008108585857875758,0.002341705792847897,0.9820056545212763,0.0018411162140497,0.00570293761395047
asthma_v2_copd_P50COPDMc_400.wav,4,1,2,2,0.0012284782194031533,0.0010422690600704145,0.9968956117452444,0.00030789616557301336,0.0005257448097088792
asthma_v2_copd_P50COPDPr_397.wav,4,1,2,2,0.0007699728896212697,0.0006485995626413756,0.9978543275578908,0.00036843378227042816,0.0003586662075759554
asthma_v2_copd_P5COPDMc_34.wav,4,1,2,2,0.17791981744220237,0.012002386029948398,0.7092516790811757,0.03202069891781118,0.06880541852886228
asthma_v2_copd_P5COPDMc_36.wav,4,1,2,2,0.024189895063366156,0.012248653255493411,0.7805789430705966,0.013915140232744875,0.1690673683777992
asthma_v2_copd_P5COPDPr_33.wav,4,1,2,2,0.11324669284884707,0.0056354773659133255,0.7936988603436314,0.013646452925960818,0.07377251651564719
asthma_v2_copd_P5COPDPr_37.wav,4,1,2,2,0.0022066035303653273,0.0009253294863004714,0.9898483149690206,0.0011613497090057286,0.005858402305308081
asthma_v2_copd_P5COPDPr_39.wav,4,1,2,2,0.0005681273514002617,0.002853765856210809,0.9947089434124832,0.0008245836458651639,0.001044579734040793
asthma_v2_copd_P6COPDMc_42.wav,4,1,2,2,0.0037516765511651697,0.0021731949578548096,0.991823620272387,0.0006452610672191486,0.0016062471513738018
asthma_v2_copd_P6COPDPr_43.wav,4,1,2,2,0.0017247807921618426,0.0007270775747622493,0.9891731628957028,0.003619129267150124,0.0047558494702230145
asthma_v2_copd_P7COPDPr_51.wav,4,1,2,2,0.004545383783601725,0.0006107845574426175,0.9772929448887709,0.005070070156379927,0.012480816613804641
asthma_v2_copd_P8COPDMc_58.wav,4,1,2,2,0.0021131003103111606,0.0005001293865612511,0.9964179350733532,0.00032834884297085545,0.0006404863868034691
asthma_v2_copd_P8COPDMc_62.wav,4,1,2,2,0.0004087124256127708,0.00014142759591513534,0.9986095770075263,9.168881676694472e-05,0.0007485941541788634
asthma_v2_copd_P8COPDMc_64.wav,4,1,2,2,0.0005222211030204358,7.264033757350728e-05,0.9989593635133811,7.064838229787842e-05,0.0003751266637268582
asthma_v2_copd_P8COPDPr_59.wav,4,1,2,2,0.0009293026233687604,0.00035863877975978234,0.9970719345443624,0.00017063743004738522,0.0014694866224618387
asthma_v2_copd_P9COPDMc_70.wav,4,1,2,2,0.000637723713141923,0.00024300439177204862,0.9985113790828213,0.00010394912550598618,0.0005039436867588858
asthma_v2_healthy_P11Healthy18S.wav,4,1,3,3,0.0044063020492091645,0.016937572671936678,0.04330836323259606,0.9066566237463614,0.02869113829989682
asthma_v2_healthy_P11Healthy30S.wav,4,1,3,3,0.01672181730633868,0.014465934469733946,0.01181513646969973,0.9245254294864799,0.032471682267747305
asthma_v2_healthy_P11Healthy60S.wav,4,1,3,3,0.009751009262069251,0.005781614878339368,0.018286983620752536,0.8400387885594894,0.12614160367934907
asthma_v2_healthy_P12Healthy16S.wav,4,1,3,3,0.07773725269383946,0.09947930000009943,0.06832848640935352,0.5813106006856021,0.1731443602111056
asthma_v2_healthy_P13Healthy48S.wav,4,1,3,3,0.03159235852475151,0.016734765213760557,0.027361570450277067,0.8846568868002456,0.03965441901096533
asthma_v2_healthy_P15Healthy61S.wav,4,1,3,3,0.02703922176507388,0.03288382074265413,0.08179355580132716,0.4635139871795777,0.39476941451136716
asthma_v2_healthy_P16Healthy41S.wav,4,1,3,3,0.02217144378681283,0.0021762811291443514,0.003104339247863618,0.6088526037266591,0.3636953321095204
asthma_v2_healthy_P17Healthy22S.wav,4,1,3,3,0.02942578763088213,0.00858045256832333,0.010946204256723166,0.5445585052481536,0.406489050295918
asthma_v2_healthy_P18Healthy59S.wav,4,1,3,1,0.09735247171426256,0.4848776726082126,0.01700534401460149,0.19038466144568156,0.21037985021724176
asthma_v2_healthy_P19Healthy79S.wav,4,1,3,3,0.03035326113575952,0.0014231105614482815,0.002592079056798161,0.8385489145520031,0.1270826346939909
asthma_v2_healthy_P1Healthy99S.wav,4,1,3,3,0.008079065209403003,0.005536219358083107,0.01283567805363045,0.7882179183560959,0.1853311190227873
asthma_v2_healthy_P20Healthy70S.wav,4,1,3,3,0.003497649304726649,0.0016115416584488883,0.0015783335509121801,0.9433874706028098,0.0499250048831023
asthma_v2_healthy_P22Healthy94S.wav,4,1,3,3,0.1380648410260723,0.015164120100561904,0.0026989001553317823,0.40541129385298996,0.43866084486504386
asthma_v2_healthy_P25Healthy97S.wav,4,1,3,3,0.02246350198492752,0.005107849488840126,0.002468803124295103,0.7549971099476084,0.2149627354543291
asthma_v2_healthy_P26Healthy22S.wav,4,1,3,4,0.033494868185998235,0.006920433474952962,0.0025654762635028867,0.31639708873178723,0.6406221333437588
asthma_v2_healthy_P26Healthy46S.wav,4,1,3,0,0.41494797754645685,0.06566672586060139,0.04115199113024885,0.24577702476538643,0.2324562806973064
asthma_v2_healthy_P27Healthy30S.wav,4,1,3,3,0.016497797649722507,0.007333552626480245,0.004158049003726375,0.8554543735576987,0.11655622716237234
asthma_v2_healthy_P27Healthy73S.wav,4,1,3,3,0.06669696063412697,0.023822222600449434,0.0049833324599250104,0.7772477682114325,0.12724971609406605
asthma_v2_healthy_P27Healthy92S.wav,4,1,3,3,0.023153811234382465,0.014172284719412594,0.0018830227048303768,0.8054068644071302,0.15538401693424456
asthma_v2_healthy_P2Healthy43S.wav,4,1,3,3,0.013237378880622219,0.2861132654832131,0.037453189882898016,0.5751446869800029,0.08805147877326355
asthma_v2_healthy_P2Healthy72S.wav,4,1,3,4,0.057141206515737786,0.007260260472912492,0.016457122566902505,0.23128461661816044,0.6878567938262871
asthma_v2_healthy_P4Healthy22S.wav,4,1,3,1,0.07757196539261216,0.6691792598426864,0.01939947614165687,0.13112516117488365,0.10272413744816088
asthma_v2_healthy_P4Healthy62S.wav,4,1,3,1,0.01742132883309789,0.608907723505602,0.08926655151271402,0.22098191032470146,0.0634224858238849
asthma_v2_healthy_P7Healthy84S.wav,4,1,3,3,0.1295107208453098,0.004735252404954955,0.048224955077469274,0.4968149988529197,0.32071407281934633
asthma_v2_healthy_P7Healthy94S.wav,4,1,3,3,0.0554517509260084,0.024652927830634618,0.052052224053176784,0.7939958659172184,0.07384723127296175
asthma_v2_healthy_P9Healthy29S.wav,4,1,3,0,0.5082754156083502,0.01932798053314124,0.004176498074565865,0.23626428593291457,0.23195581985102812
asthma_v2_pneumonia_P11Pneumonia41N.wav,4,1,4,4,0.3165050335746827,0.0016478080930124109,0.0047785335047332315,0.1746358393474225,0.5024327854801497
asthma_v2_pneumonia_P12Pneumonia45B.wav,4,1,4,2,0.010335137469369742,0.04283288549130283,0.5800541837920505,0.07989012958726745,0.28688766366000906
asthma_v2_pneumonia_P13Pneumonia60R.wav,4,1,4,4,0.18541687950350347,0.005169245532203785,0.0077230152241055386,0.2695982271986701,0.5320926325415174
asthma_v2_pneumonia_P13Pneumonia94T.wav,4,1,4,4,0.09424718486702671,0.11234739919210472,0.03416025669990475,0.09323284736745095,0.6660123118735128
asthma_v2_pneumonia_P15Pneumonia16R.wav,4,1,4,2,0.1903913755909541,0.007655652856549714,0.6978366258988812,0.012289036004569215,0.09182730964904569
asthma_v2_pneumonia_P15Pneumonia39Y.wav,4,1,4,4,0.1851171632246033,0.0020549190513582502,0.0058399835989146835,0.22410771562549006,0.5828802184996338
asthma_v2_pneumonia_P15Pneumonia56Z.wav,4,1,4,4,0.057447764840132094,0.024373788760281213,0.028583671216154717,0.03096308719689416,0.858631687986538
asthma_v2_pneumonia_P16Pneumonia78M.wav,4,1,4,4,0.14344325632889585,0.0048622842286941085,0.006537759265936793,0.0674287098867034,0.77772799028977
asthma_v2_pneumonia_P17Pneumonia91K.wav,4,1,4,3,0.015355529170357034,0.05379501900796994,0.13685167932189132,0.4777016973107519,0.31629607518902964
asthma_v2_pneumonia_P19Pneumonia41U.wav,4,1,4,4,0.0769505429537581,0.012276203399161018,0.0006188498682648951,0.011207355184913444,0.8989470485939025
asthma_v2_pneumonia_P1Pneumonia39F.wav,4,1,4,4,0.13963997119699353,0.014087434747542657,0.010934130170726203,0.006732525795576532,0.8286059380891613
asthma_v2_pneumonia_P20Pneumonia27V.wav,4,1,4,4,0.19492138184361263,0.002369085174670521,0.0008071296870457116,0.11644812749257233,0.6854542758020984
asthma_v2_pneumonia_P20Pneumonia58T.wav,4,1,4,4,0.1359137788788026,0.009597468982584918,0.0014604853810370306,0.05218147567463708,0.8008467910829383
asthma_v2_pneumonia_P21Pneumonia69Q.wav,4,1,4,4,0.07589686553611343,0.004084811906157346,0.0010352906256255042,0.013607361995005543,0.9053756699370982
asthma_v2_pneumonia_P21Pneumonia95A.wav,4,1,4,4,0.0702655014380577,0.1124102911887299,0.0440716054649711,0.16737507417808956,0.6058775277301515
asthma_v2_pneumonia_P23Pneumonia19A.wav,4,1,4,4,0.16513081576429542,0.07911885753143069,0.09971109282983297,0.16805833386048924,0.48798090001395167
asthma_v2_pneumonia_P23Pneumonia40O.wav,4,1,4,4,0.08457916869434955,0.015195724855586118,0.05037868985100793,0.044204358237951505,0.805642058361105
asthma_v2_pneumonia_P23Pneumonia60Y.wav,4,1,4,4,0.055150467690945226,0.007516183688892695,0.04802532110147488,0.03401777734273161,0.8552902501759553
asthma_v2_pneumonia_P25Pneumonia11Z.wav,4,1,4,3,0.20245224587587876,0.10773409256332603,0.10462102165980577,0.3762394828552416,0.20895315704574788
asthma_v2_pneumonia_P26Pneumonia12X.wav,4,1,4,4,0.10713666314973466,0.027349720535484963,0.007218265973665018,0.1055829237807,0.7527124265604155
asthma_v2_pneumonia_P26Pneumonia83Z.wav,4,1,4,4,0.05549366308386075,0.0008543537833396199,0.000889865043421919,0.007586407025697303,0.9351757110636805
asthma_v2_pneumonia_P27Pneumonia25R.wav,4,1,4,4,0.146626311908279,0.09535404897366606,0.10247139006248308,0.07179308941165484,0.5837551596439171
asthma_v2_pneumonia_P27Pneumonia77J.wav,4,1,4,4,0.016123131478920787,0.012604643131207075,0.5867394289392599,0.013674446714257212,0.37085834973635523
asthma_v2_pneumonia_P28Pneumonia65J.wav,4,1,4,0,0.5389539003720186,0.1184618135129128,0.05860687452479937,0.00743620606817339,0.276541205522096
asthma_v2_pneumonia_P28Pneumonia90E.wav,4,1,4,0,0.5482630913877026,0.07861333762295486,0.17730399587588277,0.011227463703804886,0.18459211140965479
asthma_v2_pneumonia_P2Pneumonia11Q.wav,4,1,4,4,0.059843304764545885,0.003103638152159924,0.003362124145701483,0.0014180761014704949,0.9322728568361225
asthma_v2_pneumonia_P30Pneumonia52T.wav,4,1,4,4,0.022387669496977368,0.03986143811419908,0.009439971043496725,0.06784452963250806,0.8604663917128187
asthma_v2_pneumonia_P31Pneumonia14Q.wav,4,1,4,4,0.06852215288427466,0.017152986972060493,0.004596727709217581,0.0035950759195194203,0.9061330565149281
asthma_v2_pneumonia_P31Pneumonia47D.wav,4,1,4,4,0.05454880075758639,0.01878711957039402,0.0017802700322053025,0.010625446527765182,0.9142583631120493
asthma_v2_pneumonia_P32Pneumonia98Y.wav,4,1,4,4,0.09060268174381216,0.039065401090164834,0.01945863888183033,0.013889036482745082,0.8369842418014477
asthma_v2_pneumonia_P32Pneumonia99W.wav,4,1,4,4,0.09032744903957345,0.007949839369346665,0.003036387210098251,0.003109540515172949,0.8955767838658087
asthma_v2_pneumonia_P33Pneumonia70D.wav,4,1,4,4,0.03789532834861249,0.005568996201845572,0.001869116619539048,0.09236970540291774,0.8622968534270854
asthma_v2_pneumonia_P34Pneumonia99G.wav,4,1,4,4,0.16245009423973247,0.06044780957673767,0.007999448107991127,0.05482443174185917,0.7142782163336796
asthma_v2_pneumonia_P35Pneumonia75E.wav,4,1,4,4,0.121317407979692,0.03921351110045451,0.01832792884317356,0.00713097262047199,0.814010179456208
asthma_v2_pneumonia_P36Pneumonia85U.wav,4,1,4,4,0.046659327682404536,0.04628484457180665,0.005307190347487981,0.08919512152127822,0.8125535158770228
asthma_v2_pneumonia_P38Pneumonia23A.wav,4,1,4,0,0.8783688037970935,0.06304786017914432,0.0141867844621814,0.003194607992395387,0.04120194356918585
asthma_v2_pneumonia_P38Pneumonia34H.wav,4,1,4,0,0.7111324872472822,0.012429616192221786,0.003948012096536807,0.06032633072356661,0.21216355374039278
asthma_v2_pneumonia_P38Pneumonia61R.wav,4,1,4,0,0.6788228750429695,0.0105125026322565,0.004454624937808206,0.007192912440995753,0.29901708494597
asthma_v2_pneumonia_P40Pneumonia18H.wav,4,1,4,0,0.5444784869481052,0.08359673151885191,0.0839464182508407,0.003071225481424947,0.2849071378007767
asthma_v2_pneumonia_P40Pneumonia32Q.wav,4,1,4,4,0.11917114354873944,0.01478760159638488,0.004382893007780286,0.01836567242015479,0.8432926894269408
asthma_v2_pneumonia_P40Pneumonia69N.wav,4,1,4,4,0.2188299258598244,0.0036708753245548583,0.004533291632193984,0.0017482558567978499,0.771217651326629
asthma_v2_pneumonia_P40Pneumonia91V.wav,4,1,4,0,0.45921769625337233,0.08132275671748736,0.3302895774318234,0.020925997663927956,0.10824397193338921
asthma_v2_pneumonia_P40Pneumonia92J.wav,4,1,4,0,0.7080443665186429,0.043202774031689345,0.007261515623274392,0.010932333686648291,0.23055901013974495
asthma_v2_pneumonia_P41Pneumonia41D.wav,4,1,4,4,0.3681594529968606,0.054456651853747165,0.09205132153423234,0.014890153962994021,0.47044241965216604
asthma_v2_pneumonia_P41Pneumonia71Q.wav,4,1,4,0,0.8713055435730037,0.06835895328174812,0.010533047632470113,0.003473823098320873,0.04632863241445725
asthma_v2_pneumonia_P43Pneumonia53X.wav,4,1,4,4,0.01830452852636883,0.011422068887333733,0.01675006643492501,0.1164645058954013,0.837058830255971
asthma_v2_pneumonia_P45Pneumonia10J.wav,4,1,4,4,0.03303391714249191,0.0070775299673465795,0.003613264461875519,0.09515406242718603,0.8611212260010999
asthma_v2_pneumonia_P45Pneumonia29L.wav,4,1,4,4,0.19548270317448355,0.008020182628005166,0.089606420772182,0.051510542069155854,0.6553801513561733
asthma_v2_pneumonia_P45Pneumonia51F.wav,4,1,4,4,0.024789928077661966,0.00721852090035808,0.03163321890667644,0.08096279422979459,0.8553955378855088
asthma_v2_pneumonia_P46Pneumonia80D.wav,4,1,4,3,0.008312221940635994,0.0036440079440334177,0.03677744859249635,0.585379614259336,0.36588670726349803
asthma_v2_pneumonia_P47Pneumonia19A.wav,4,1,4,4,0.15741891236440617,0.021577575226551324,0.020488955220696485,0.10086224282131277,0.6996523143670335
asthma_v2_pneumonia_P48Pneumonia31K.wav,4,1,4,3,0.008312221940635994,0.0036440079440334177,0.03677744859249635,0.585379614259336,0.36588670726349803
asthma_v2_pneumonia_P4Pneumonia27H.wav,4,1,4,4,0.04084082963621838,0.0225515054359634,0.04106571483599379,0.0765304838748252,0.8190114662169994
asthma_v2_pneumonia_P6Pneumonia32L.wav,4,1,4,4,0.06899790865052952,0.0398387275693442,0.28539178828508277,0.005078308354810805,0.6006932671402329
asthma_v2_pneumonia_P8Pneumonia23N.wav,4,1,4,0,0.712100630649226,0.007164954996157573,0.002343751371500928,0.027679372044251558,0.2507112909388644
asthma_v2_pneumonia_P9Pneumonia67I.wav,4,1,4,4,0.10979104873255609,0.0022309512971115555,0.0142276767694986,0.11034043641922557,0.763409886781608
asthma_v2_pneumonia_P9Pneumonia73J.wav,4,1,4,4,0.1236219017465777,0.003600283422910603,0.005867433110832146,0.05439867327940888,0.8125117084402705
asthma_v2_Bronchial_P12BronchialTc_57.wav,4,2,1,0,0.9256855121952142,0.029109022305024393,0.0027301750663182404,0.0010659976821660979,0.04140929275127718
asthma_v2_Bronchial_P13BronchialTc_65.wav,4,2,1,0,0.7438112060311182,0.1415433844908138,0.03261430228036213,0.024337051769646557,0.057694055428059325
asthma_v2_Bronchial_P16BronchialSc_78.wav,4,2,1,1,0.028784391487832687,0.8294064678326449,0.06378873748310467,0.02931239603532271,0.048708007161095544
asthma_v2_Bronchial_P17BronchialSc_82.wav,4,2,1,1,0.026886567903344847,0.8770545168289322,0.06706551695455246,0.0109370923247568,0.018056305988414012
asthma_v2_Bronchial_P17BronchialSc_84.wav,4,2,1,1,0.006968422392138537,0.9607836730726537,0.014207496440420277,0.00638078391232782,0.011659624182459426
asthma_v2_Bronchial_P17BronchialTc_85.wav,4,2,1,1,0.0033171491160042554,0.4269374804275644,0.4966457696186818,0.05905558303300855,0.014044017804740886
asthma_v2_Bronchial_P1BronchialSc_2.wav,4,2,1,1,0.06354448180498035,0.7760926215538589,0.10058815425778747,0.03037166465827275,0.029403077725100372
asthma_v2_Bronchial_P1BronchialTc_5.wav,4,2,1,1,0.06878128454571435,0.773264991194797,0.10367264167366746,0.025685927856590123,0.02859515472923086
asthma_v2_Bronchial_P20BronchialSc_96.wav,4,2,1,1,0.009473540816418474,0.9217792441944,0.03074248558826568,0.017453290756591064,0.020551438644324658
asthma_v2_Bronchial_P21BronchialSc_104.wav,4,2,1,4,0.042173768208309925,0.1693928775504162,0.15909440237396752,0.10836041452435391,0.5209785373429524
asthma_v2_Bronchial_P2BronchialTc_7.wav,4,2,1,4,0.04624954320567505,0.2113659696888767,0.016357542618039945,0.05157211219361408,0.6744548322937939
asthma_v2_Bronchial_P2BronchialTc_9.wav,4,2,1,1,0.027414550536088295,0.554200348160636,0.005950159748483866,0.1430696846431948,0.26936525691159696
asthma_v2_Bronchial_P3BronchialTc_15.wav,4,2,1,1,0.010494946884806945,0.5396827618041601,0.126460669862996,0.24899440209618268,0.07436721935185453
asthma_v2_Bronchial_P4BronchialTc_19.wav,4,2,1,1,0.011361649604844641,0.8249981872323491,0.013831152400008987,0.098068051988362,0.05174095877443518
asthma_v2_Bronchial_P6BronchialSc_30.wav,4,2,1,1,0.03445879807576695,0.446874169421188,0.10142644418258766,0.3394500947673795,0.07779049355307804
asthma_v2_Bronchial_P6BronchialTc_29.wav,4,2,1,1,0.07440572452404615,0.4872719220675625,0.1591431834427141,0.14786968975328393,0.13130948021239355
asthma_v2_Bronchial_P7BronchialTc_31.wav,4,2,1,1,0.003244975086137184,0.9454122708304802,0.021688877397309868,0.021506356996581218,0.008147519689491439
asthma_v2_Bronchial_P8BronchialSc_38.wav,4,2,1,1,0.003439804119076979,0.9544559009342367,0.006818246449088915,0.022355740666499025,0.012930307831098616
asthma_v2_Bronchial_P8BronchialTc_37.wav,4,2,1,1,0.0045090595744847915,0.9454251734895202,0.020283417543577497,0.005671343254435415,0.024111006137982314
asthma_v2_Bronchial_P9BronchialTc_43.wav,4,2,1,1,0.004070211104439301,0.9467117433467478,0.011891144258688438,0.010901343466808572,0.026425557823315664
asthma_v2_Bronchial_P9BronchialTc_45.wav,4,2,1,1,0.0024648194087758253,0.9642827662707661,0.021682516943354727,0.003205116508744455,0.008364780868358637
asthma_v2_asthma_P11WheezingRS_52.wav,4,2,0,0,0.689441068324566,0.053578783083748305,0.0068741824071799984,0.116745894657576,0.13336007152692983
asthma_v2_asthma_P12WheezingIE_57.wav,4,2,0,0,0.6858856224624461,0.006403529684109263,0.03228805944528923,0.006410588733326424,0.269012199674829
asthma_v2_asthma_P15WheezingRL_71.wav,4,2,0,4,0.3924935727912027,0.019696725155342452,0.01666811713344481,0.0777183697431393,0.49342321517687066
asthma_v2_asthma_P16WheezingRS_76.wav,4,2,0,0,0.7882650669461612,0.017709252551382306,0.015139535974575395,0.11036776149604105,0.06851838303183996
asthma_v2_asthma_P17WheezingIE_81.wav,4,2,0,0,0.8992277833761975,0.032563415274589676,0.019096892101125907,0.006005728838197921,0.04310618040988911
asthma_v2_asthma_P19WheezingIE_93.wav,4,2,0,0,0.7655834636197748,0.016795619747101552,0.0017945231959446391,0.028398275430361282,0.1874281180068177
asthma_v2_asthma_P19WheezingIU_94.wav,4,2,0,0,0.6937807133332737,0.042218904017845296,0.07592370583442717,0.004602180056168839,0.1834744967582852
asthma_v2_asthma_P19WheezingRL_91.wav,4,2,0,0,0.8971106433959117,0.014748191670669177,0.02287216954741893,0.002807097126655261,0.0624618982593449
asthma_v2_asthma_P1AsthmaIE_1.wav,4,2,0,0,0.7581257839891066,0.011271162435777766,0.09484104414038319,0.01598902477357129,0.11977298466116156
asthma_v2_asthma_P1AsthmaIU_2.wav,4,2,0,0,0.8569484482978168,0.03955002254910484,0.02368701645865287,0.004942933260012538,0.07487157943441287
asthma_v2_asthma_P1AsthmaRL_3.wav,4,2,0,4,0.12852713400972454,0.003918842941512416,0.06529096895455731,0.025613507051377937,0.7766495470428278
asthma_v2_asthma_P1AsthmaRS_4.wav,4,2,0,0,0.822650932023086,0.07812406925879527,0.04455865505376227,0.008031755242345857,0.04663458842201042
asthma_v2_asthma_P21WheezingRL_103.wav,4,2,0,0,0.6890000144344912,0.06299560819961018,0.010083389606418464,0.1821855945670318,0.0557353931924485
asthma_v2_asthma_P22WheezingIU_110.wav,4,2,0,0,0.9067966332407513,0.029515421677459654,0.008197981068443261,0.01267487995187873,0.04281508406146725
asthma_v2_asthma_P24WheezingRL_119.wav,4,2,0,0,0.8509497462680417,0.004169134132090507,0.008640934975776454,0.0016535991124222008,0.13458658551166916
asthma_v2_asthma_P24WheezingRS_120.wav,4,2,0,0,0.862483875479613,0.018161244959727516,0.05782279452212755,0.0034118443256956734,0.05812024071283653
asthma_v2_asthma_P25WheezingRS_124.wav,4,2,0,0,0.9073121320065121,0.032186907013805686,0.03067065685513231,0.005365236105714108,0.024465068018835592
asthma_v2_asthma_P26WheezingIE_129.wav,4,2,0,3,0.11117366207249368,0.18113756509462967,0.010150154020872595,0.6700219188047067,0.027516700007297286
asthma_v2_asthma_P27WheezingRL_135.wav,4,2,0,1,0.2590144208549055,0.3735998229840998,0.021599507871372003,0.033123255147586926,0.3126629931420356
asthma_v2_asthma_P28WheezingRL_139.wav,4,2,0,0,0.7277314025375217,0.017378991127376956,0.1666088356833858,0.0007853483111183077,0.08749542234059732
asthma_v2_asthma_P2AsthmaRL_7.wav,4,2,0,0,0.8121345981004301,0.01741729331708858,0.08809099545123378,0.024850979998233783,0.05750613313301391
asthma_v2_asthma_P30WheezingIE_149.wav,4,2,0,0,0.9470284126357182,0.00843531484966467,0.00291240615434903,0.0015390734731002657,0.04008479288716786
asthma_v2_asthma_P30WheezingIU_146.wav,4,2,0,0,0.5298316525866159,0.002259669147188653,0.00232025539688973,0.012057399034590497,0.4535310238347153
asthma_v2_asthma_P31WheezingIU_154.wav,4,2,0,0,0.599446969444641,0.048698458922847965,0.13571424982359495,0.009257878193279645,0.20688244361563643
asthma_v2_asthma_P31WheezingRL_155.wav,4,2,0,0,0.8641077509635564,0.014755413994076549,0.0068133932303804535,0.005895493447243939,0.10842794836474244
asthma_v2_asthma_P32WheezingIU_158.wav,4,2,0,0,0.678361588557873,0.03296065192063222,0.08677692011700712,0.01263484977723221,0.18926598962725566
asthma_v2_asthma_P32WheezingRL_159.wav,4,2,0,1,0.04477748303301624,0.42203553276308764,0.09100184124955964,0.011533516877660032,0.4306516260766766
asthma_v2_asthma_P33WheezingRL_163.wav,4,2,0,0,0.7543132093023198,0.01731626201396937,0.05872741668145839,0.007567547899996633,0.16207556410225607
asthma_v2_asthma_P33WheezingRS_164.wav,4,2,0,0,0.7798967778916411,0.03565788461616268,0.09027427916899092,0.0052281920861707515,0.0889428662370345
asthma_v2_asthma_P36WheezingRL_179.wav,4,2,0,0,0.9081322315698503,0.015880968232136698,0.03400244063405188,0.0032945034345595436,0.03868985612940177
asthma_v2_asthma_P37WheezingRS_184.wav,4,2,0,0,0.8066275787773761,0.0034021007504140425,0.17223829530517656,0.0023515260442777105,0.01538049912275575
asthma_v2_asthma_P38WheezingIE_189.wav,4,2,0,0,0.5074930693939073,0.42621310971798454,0.02380888112741919,0.022678588134647692,0.01980635162604143
asthma_v2_asthma_P39WheezingIE_193.wav,4,2,0,0,0.945447872113987,0.009932425939236447,0.012461908081426032,0.0008515472786403438,0.03130624658671029
asthma_v2_asthma_P3AsthmaRL_15.wav,4,2,0,0,0.8658345297085477,0.029821457382167193,0.012219443978933098,0.002728435155534563,0.08939613377481732
asthma_v2_asthma_P3AsthmaRS_12.wav,4,2,0,4,0.46218005825875297,0.009023857206922796,0.04094743929172337,0.010935403528460447,0.4769132417141403
asthma_v2_asthma_P41WheezingIE_205.wav,4,2,0,0,0.8847139190132279,0.004289891225456196,0.012079264097290026,0.0014677887657986194,0.0974491368982273
asthma_v2_asthma_P42WheezingRL_207.wav,4,2,0,0,0.6340804949921911,0.01681179417142567,0.33170076928670394,0.0027277132258809213,0.014679228323798206
asthma_v2_asthma_P44WheezingRL_219.wav,4,2,0,0,0.8483107230815881,0.005924333939718691,0.12127295230473925,0.0014064982747146095,0.023085492399239387
asthma_v2_asthma_P46WheezingRL_227.wav,4,2,0,0,0.7936146129555163,0.057079894445022074,0.09172503565944205,0.014985387924253786,0.042595069015766034
asthma_v2_asthma_P47WheezingRL_235.wav,4,2,0,0,0.8797364109773211,0.004832841699010164,0.04414102853929918,0.005765753251697498,0.06552396553267179
asthma_v2_asthma_P48WheezingIE_237.wav,4,2,0,0,0.8064574781364328,0.0440201801323628,0.01671854987464945,0.0039424287768422515,0.12886136307971272
asthma_v2_asthma_P48WheezingRS_236.wav,4,2,0,0,0.8467728019048024,0.0052725102031657735,0.09577947000343538,0.0041587767695287535,0.04801644111906767
asthma_v2_asthma_P4AsthmaIE_17.wav,4,2,0,0,0.88870710269683,0.04396158928944904,0.005453533235490989,0.0025786380077056164,0.05929913677052456
asthma_v2_asthma_P50WheezingRL_247.wav,4,2,0,0,0.9283149707055178,0.0046042162839470295,0.02208859670978208,0.004595415896907774,0.04039680040384535
asthma_v2_asthma_P51WheezingRL_251.wav,4,2,0,0,0.8274559359879888,0.010253179291410662,0.12982767900049053,0.0051273996022488605,0.027335806117860885
asthma_v2_asthma_P52WheezingRS_256.wav,4,2,0,0,0.811248464993845,0.09681855119595001,0.04265565148069093,0.003608190817380603,0.045669141512133846
asthma_v2_asthma_P53WheezingRS_264.wav,4,2,0,4,0.05671099105490644,0.19982720910134621,0.05279166346070365,0.10272807941718352,0.58794205696586
asthma_v2_asthma_P55WheezingRL_271.wav,4,2,0,3,0.055514361882206015,0.06937956636025745,0.00816925084111054,0.5881161959899508,0.2788206249264754
asthma_v2_asthma_P56WheezingIU_278.wav,4,2,0,4,0.04038198582057908,0.06860947096819679,0.0011791689182818602,0.218972108484559,0.670857265808383
asthma_v2_asthma_P57WheezingIE_285.wav,4,2,0,4,0.21762906042670144,0.09566752555388848,0.04247507936378002,0.060236056027228105,0.583992278628402
asthma_v2_asthma_P58WheezingIU_286.wav,4,2,0,3,0.08945011320621153,0.024394519556619986,0.03900432406588633,0.5525892947996907,0.29456174837159144
asthma_v2_asthma_P5AsthmaRL_23.wav,4,2,0,0,0.9290805695471659,0.019510868027596887,0.011136539282610932,0.006538908022448503,0.033733115120178
asthma_v2_asthma_P7AsthmaRL_35.wav,4,2,0,0,0.8941658292107637,0.029718868975988574,0.002366417830489792,0.0063790070251475255,0.0673698769576107
asthma_v2_asthma_P7AsthmaRS_32.wav,4,2,0,0,0.5835154540852404,0.012427443336641697,0.0304540847332482,0.1599607923943724,0.2136422254504974
asthma_v2_asthma_P8AsthmaIU_38.wav,4,2,0,0,0.8349210142113184,0.01043730597402092,0.03467338231820346,0.08277430742884856,0.03719399006760881
asthma_v2_asthma_P8AsthmaRS_36.wav,4,2,0,0,0.9148992240161058,0.0431098499229484,0.007922669477411628,0.002651738653465983,0.03141651793006847
asthma_v2_asthma_P9AsthmaIE_41.wav,4,2,0,0,0.6608447052320933,0.029601266614720057,0.03794386098906422,0.010027335724771722,0.2615828314393505
asthma_v2_copd_P10COPDMc_78.wav,4,2,2,0,0.9044886872204104,0.018800028675934954,0.05334606733793618,0.005306781553531035,0.01805843521218735
asthma_v2_copd_P10COPDMc_80.wav,4,2,2,0,0.9333666036503981,0.0036484188444326302,0.025035641391049347,0.0017645535932565928,0.03618478252086332
asthma_v2_copd_P11COPDMc_86.wav,4,2,2,2,0.08881476556661283,0.018970925169468904,0.869676264319137,0.010183475549023943,0.012354569395757738
asthma_v2_copd_P12COPDMc_90.wav,4,2,2,2,0.20558757067314284,0.01954776714676347,0.7534997292083545,0.011576776319237616,0.009788156652501663
asthma_v2_copd_P13COPDMc_100.wav,4,2,2,1,0.007001513333125179,0.27820619941903846,0.5719190226815535,0.10067474973585674,0.04219851483042614
asthma_v2_copd_P13COPDMc_98.wav,4,2,2,2,0.009625599487804374,0.038106429501368166,0.9309059033494474,0.008948242020041066,0.012413825641338826
asthma_v2_copd_P13COPDPr_97.wav,4,2,2,2,0.00011498053604238392,0.0038028979982056227,0.9928274837429464,0.002277526996977497,0.0009771107258283631
asthma_v2_copd_P14COPDMc_110.wav,4,2,2,2,0.31071543000355023,0.00436588554543848,0.6570661022438663,0.0007448133144208715,0.02710776889272424
asthma_v2_copd_P14COPDPr_107.wav,4,2,2,2,0.08814218808306734,0.0014304480869713613,0.9061376124175525,0.0009121530340977448,0.003377598378311076
asthma_v2_copd_P15COPDPr_117.wav,4,2,2,2,0.07765704321492922,0.0021715149046498614,0.91291399004864,0.001128010041361551,0.0061294417904192745
asthma_v2_copd_P16COPDMc_122.wav,4,2,2,2,0.0006021722301475777,6.419565639521667e-05,0.9950152185002298,0.00012052158028948944,0.00419789203293769
asthma_v2_copd_P16COPDMc_124.wav,4,2,2,2,0.0006980182663320816,8.804346702255725e-05,0.9962992891412087,0.0001252641407977422,0.0027893849846390402
asthma_v2_copd_P16COPDMc_126.wav,4,2,2,2,0.0004097978029122745,4.102104975234445e-05,0.9980180121636325,5.624802799716503e-05,0.0014749209557056574
asthma_v2_copd_P17COPDMc_136.wav,4,2,2,2,0.0036196036830274166,0.0015421172142463982,0.9897100341271269,0.0006690091781733978,0.004459235797425846
asthma_v2_copd_P18COPDPr_139.wav,4,2,2,2,0.0019692517988486847,0.00026664541187011205,0.9964638948314809,0.00026591075730040116,0.001034297200499998
asthma_v2_copd_P18COPDPr_143.wav,4,2,2,2,0.0012419693726845522,0.00018633148410182447,0.9961123453416898,0.0007479381827401063,0.0017114156187840134
asthma_v2_copd_P20COPDMc_158.wav,4,2,2,2,0.004703506080575639,0.0017141341672528073,0.9897294950169258,0.0008330335457881225,0.0030198311894575605
asthma_v2_copd_P20COPDPr_155.wav,4,2,2,2,0.0057425094566049975,0.0012204785501766092,0.9859013841046912,0.002035867867177818,0.005099760021349215
asthma_v2_copd_P20COPDPr_159.wav,4,2,2,2,0.020180162987694622,0.007117669200117945,0.9614442642395559,0.002987103781292212,0.008270799791339122
asthma_v2_copd_P21COPDMc_162.wav,4,2,2,2,0.011052415080015955,0.013148262294682318,0.9690764122056061,0.0020436424180452655,0.0046792680016504475
asthma_v2_copd_P21COPDMc_164.wav,4,2,2,2,0.009645681649569748,0.00550978496883987,0.9791238663805844,0.0018862976640444868,0.0038343693369616546
asthma_v2_copd_P21COPDMc_168.wav,4,2,2,2,0.019593959081864943,0.011814086323253798,0.5472225794395461,0.1640824542094452,0.2572869209458894
asthma_v2_copd_P22COPDPr_173.wav,4,2,2,2,0.020549226054004513,0.0050074718405005965,0.9652443609363678,0.002980011395129418,0.0062189297739978465
asthma_v2_copd_P23COPDMc_184.wav,4,2,2,2,0.0019045381096086471,0.004776762716567915,0.9857063064428278,0.004153560124467928,0.003458832606528
asthma_v2_copd_P23COPDPr_181.wav,4,2,2,2,0.005266116593018359,0.005649585228327969,0.9793933724126651,0.0038386198295864435,0.005852305936402063
asthma_v2_copd_P24COPDPr_191.wav,4,2,2,2,0.0004697320692494188,0.001137154257103395,0.9971565913995634,0.0006599621765078765,0.000576560097575853
asthma_v2_copd_P25COPDMc_196.wav,4,2,2,2,0.0007822666681888965,0.004047673627310673,0.9821923126979769,0.0070409280904999505,0.005936818916023759
asthma_v2_copd_P25COPDPr_193.wav,4,2,2,2,0.001096408163613868,0.0011306615443326875,0.9852079368663829,0.0064922938853472925,0.006072699540323468
asthma_v2_copd_P25COPDPr_197.wav,4,2,2,2,0.0054278328322565845,0.006533491586645671,0.9848928552448121,0.0014223421017071696,0.0017234782345783657
asthma_v2_copd_P26COPDMc_204.wav,4,2,2,2,0.0021997040550272885,0.0011133797769698728,0.9941085629439704,0.0007396548902790124,0.0018386983337530774
asthma_v2_copd_P26COPDMc_208.wav,4,2,2,2,0.010127870486184597,0.012986895792890878,0.94134990964086,0.013785675429197546,0.021749648650867055
asthma_v2_copd_P26COPDPr_207.wav,4,2,2,2,0.0044207140649816104,0.004229894464250995,0.974160254526956,0.0009468071122606848,0.016242329831550606
asthma_v2_copd_P28COPDMc_222.wav,4,2,2,2,0.023693188088949182,0.0020320055288620144,0.9325609383307545,0.003144689015935326,0.03856917903549914
asthma_v2_copd_P28COPDMc_224.wav,4,2,2,2,0.0007383822931496841,0.0018719222615687593,0.9962377609566953,0.00030452452548509085,0.0008474099631012674
asthma_v2_copd_P2COPDMc_14.wav,4,2,2,2,0.019364894149210558,0.0008049396053627165,0.9769180358552392,0.0008038594578080877,0.0021082709323793866
asthma_v2_copd_P30COPDMc_238.wav,4,2,2,2,0.00034386122852602877,0.0008469104918692094,0.998055942557022,0.00032249080477224405,0.00043079491781052823
asthma_v2_copd_P30COPDMc_240.wav,4,2,2,2,0.0002720560520907639,0.0006011588832352967,0.9981091355438501,0.0006450891508602446,0.0003725603699639991
asthma_v2_copd_P30COPDPr_233.wav,4,2,2,2,0.0031415182244445418,0.0020924760094903805,0.9910426190032107,0.0009257521894917961,0.0027976345733626033
asthma_v2_copd_P31COPDMc_242.wav,4,2,2,2,0.005555594420640359,0.003936290876685289,0.9623353978523571,0.018229423615860482,0.009943293234456451
asthma_v2_copd_P31COPDMc_244.wav,4,2,2,2,0.03753044719735904,0.019081504191318405,0.771085964976511,0.13009692267900697,0.04220516095580429
asthma_v2_copd_P31COPDMc_246.wav,4,2,2,2,0.049720640624122535,0.0014347921150024482,0.9450746235391145,0.0013682022864947318,0.0024017414352653027
asthma_v2_copd_P31COPDPr_243.wav,4,2,2,3,0.020223393257826516,0.005312733148984527,0.10165200991813678,0.730464752037316,0.142347111637736
asthma_v2_copd_P32COPDMc_252.wav,4,2,2,2,0.11388535229533275,0.0026014594132276452,0.8806707101275386,0.0004348308190391545,0.0024076473448622067
asthma_v2_copd_P32COPDPr_255.wav,4,2,2,0,0.43957508082787117,0.0038410524382760302,0.5490244060221242,0.0005916101965827082,0.006967850515146033
asthma_v2_copd_P33COPDPr_257.wav,4,2,2,2,0.006808155029506823,0.0012369330828523092,0.9892962903987377,0.0012042686014667552,0.0014543528874363504
asthma_v2_copd_P34COPDPr_269.wav,4,2,2,2,0.038599356238915396,0.0889624098144757,0.8492330040078837,0.0066208707146164425,0.01658435922410886
asthma_v2_copd_P35COPDMc_274.wav,4,2,2,2,0.000378139939259809,0.012377067214070852,0.9808193037005154,0.00409622081255006,0.0023292683336041706
asthma_v2_copd_P35COPDMc_276.wav,4,2,2,2,1.9111734447742798e-07,3.4166523163697203e-07,0.9996159407532219,9.147687246824876e-05,0.0002920495917337245
asthma_v2_copd_P35COPDPr_273.wav,4,2,2,2,0.0015884785207671602,0.0010352736225249185,0.9934749890473916,0.0007199078037663069,0.003181351005550035
asthma_v2_copd_P36COPDPr_281.wav,4,2,2,2,0.0005365083377477264,0.0006023794298869219,0.9980996361052568,0.0004103472711767723,0.00035112885593208
asthma_v2_copd_P36COPDPr_287.wav,4,2,2,2,0.0004821664097624663,0.0014125918471165882,0.9954660964130284,0.001470624448514817,0.0011685208815773451
asthma_v2_copd_P37COPDPr_293.wav,4,2,2,2,0.00557672050218387,0.002663539754945449,0.9844212581308929,0.002777564549948855,0.004560917062028838
asthma_v2_copd_P39COPDMc_310.wav,4,2,2,2,0.0015831056260182936,0.026245991923432643,0.9434893031922775,0.007927723636308694,0.02075387562196286
asthma_v2_copd_P39COPDPr_307.wav,4,2,2,2,0.006974924298834246,0.012191699394727728,0.8794426687061623,0.0022633785592703864,0.09912732904100505
asthma_v2_copd_P39COPDPr_311.wav,4,2,2,2,0.0009817811591505893,0.04136492068404215,0.9474826797774273,0.002102929662489088,0.008067688716890715
asthma_v2_copd_P3COPDPr_19.wav,4,2,2,2,0.16285056329112646,0.0012239626302532277,0.8316564103140123,0.0006338883177764962,0.0036351754468317613
asthma_v2_copd_P3COPDPr_21.wav,4,2,2,2,0.043165822096717356,0.01503424192877842,0.9303928303453661,0.005826374879093073,0.005580730750045071
asthma_v2_copd_P41COPDMc_324.wav,4,2,2,2,0.002973022693982508,0.001141117714447778,0.9807427425287255,0.007181218002650455,0.007961899060194094
asthma_v2_copd_P41COPDPr_323.wav,4,2,2,2,0.00030052793012334437,0.0012772583087381126,0.9871426800490721,0.0009835442736789287,0.010295989438387516
asthma_v2_copd_P41COPDPr_325.wav,4,2,2,2,0.001238550441568231,0.000589549260661242,0.9966051906155962,0.0004717887826868569,0.0010949208994876583
asthma_v2_copd_P41COPDPr_327.wav,4,2,2,2,0.0007677273923327989,0.0027513857635278463,0.9947826536170988,0.0006216893553817493,0.0010765438716588004
asthma_v2_copd_P42COPDMc_336.wav,4,2,2,2,0.002615894415465824,0.0011258689707786007,0.9674248326495245,0.006101567770270067,0.022731836193960943
asthma_v2_copd_P43COPDMc_342.wav,4,2,2,2,0.0022263385596042857,0.0009696588481140074,0.9925096694099091,0.0004773667405509526,0.003816966441822
asthma_v2_copd_P46COPDMc_364.wav,4,2,2,2,0.007236809520083077,0.0038298664057751803,0.7546525056792103,0.01643385658738776,0.21784696180754373
asthma_v2_copd_P46COPDMc_366.wav,4,2,2,2,0.001889563960501655,0.0009679221573811345,0.9252258416881224,0.001508236091934507,0.07040843610206042
asthma_v2_copd_P46COPDPr_361.wav,4,2,2,4,0.03256214900227808,0.060779250589110594,0.5133604670649532,0.08580891399957953,0.30748921934407875
asthma_v2_copd_P47COPDPr_371.wav,4,2,2,4,0.019889032108979188,0.00873698467382437,0.37884229475489184,0.010339410792158122,0.5821922776701463
asthma_v2_copd_P48COPDMc_380.wav,4,2,2,2,0.16096784267066247,0.12391761082815553,0.6638954986057419,0.020983259227699464,0.030235788667740814
asthma_v2_copd_P48COPDMc_384.wav,4,2,2,2,0.0015765728337709744,0.000855497807385708,0.989288680737488,0.0027570942219837915,0.005522154399371384
asthma_v2_copd_P48COPDPr_381.wav,4,2,2,2,0.002243084240669128,0.007226662318119481,0.9334009977378178,0.04990447862879002,0.007224777074603492
asthma_v2_copd_P49COPDMc_392.wav,4,2,2,2,0.0008908913134383186,0.0015794745456101818,0.9646901450801013,0.025268053559811685,0.007571435501038662
asthma_v2_copd_P49COPDPr_391.wav,4,2,2,2,0.0007599321283368927,0.021966644804717727,0.9516006339617364,0.022399313344809654,0.0032734757603988737
asthma_v2_copd_P4COPDPr_25.wav,4,2,2,2,0.0002781240269422378,0.001207101335100027,0.9713884405795488,0.02399535211763429,0.0031309819407748713
asthma_v2_copd_P4COPDPr_27.wav,4,2,2,2,0.0006318270816049044,0.0001701836002460692,0.9960799046410344,0.0007375283581436455,0.0023805563189708448
asthma_v2_copd_P4COPDPr_29.wav,4,2,2,2,0.0009663790773628725,0.00037992059891112816,0.995948541322039,0.00024748893932978136,0.0024576700623572603
asthma_v2_copd_P50COPDPr_399.wav,4,2,2,2,0.005447003682544875,0.0031297181431687547,0.9854229716697074,0.003313858167494799,0.002686448337084131
asthma_v2_copd_P5COPDMc_38.wav,4,2,2,2,0.004189668522728164,0.010304717768430225,0.8842629338604904,0.01573171978525915,0.0855109600630921
asthma_v2_copd_P6COPDMc_48.wav,4,2,2,4,0.00924491425764392,0.002289894256118306,0.5904989587089053,0.0360268550716259,0.36193937770570644
asthma_v2_copd_P7COPDMc_50.wav,4,2,2,2,0.001303774417994069,0.0020333215283550683,0.9846172807978183,0.006610089477376034,0.005435533778456526
asthma_v2_copd_P9COPDPr_65.wav,4,2,2,2,0.0024063773608524073,0.00022402715086313577,0.9911077882370243,0.00040333928678688093,0.005858467964473744
asthma_v2_copd_P9COPDPr_67.wav,4,2,2,2,0.0013509210125297174,5.9623360085851966e-05,0.9959548342267738,0.00016617688226479928,0.0024684445183457988
asthma_v2_healthy_P10Healthy61S.wav,4,2,3,3,0.02560346579417354,0.026364933931848224,0.030113481475837423,0.4466614722973213,0.47125664650081955
asthma_v2_healthy_P12Healthy98S.wav,4,2,3,3,0.04010510269623799,0.016640795415659233,0.11868018929113663,0.7726919903378743,0.051881922259091835
asthma_v2_healthy_P13Healthy53S.wav,4,2,3,3,0.07993156162038274,0.15988798170165147,0.09891946419791761,0.6087574965746401,0.05250349590540795
asthma_v2_healthy_P14Healthy28S.wav,4,2,3,3,0.011602886666348788,0.034916208304947155,0.26032541029296624,0.6524889861140288,0.04066650862170897
asthma_v2_healthy_P14Healthy54S.wav,4,2,3,3,0.03826675723810286,0.025941014724480394,0.06623219172006363,0.7524454922020564,0.11711454411529655
asthma_v2_healthy_P15Healthy93S.wav,4,2,3,3,0.12341486117598746,0.07854168684838081,0.2364789816260755,0.4884268560761283,0.073137614273428
asthma_v2_healthy_P16Healthy18S.wav,4,2,3,3,0.01634860166779716,0.03282018246921762,0.15858122069514125,0.4287609204363476,0.3634890747314965
asthma_v2_healthy_P16Healthy19S.wav,4,2,3,3,0.03647833862449269,0.01637008800738247,0.01259277435241423,0.7765790935999343,0.1579797054157763
asthma_v2_healthy_P17Healthy58S.wav,4,2,3,3,0.031139775553538064,0.012166493282458347,0.012837509421738785,0.38084963933119825,0.5630065824110665
asthma_v2_healthy_P17Healthy71S.wav,4,2,3,4,0.03308053878255965,0.013008528402319504,0.051824514241954674,0.12088630359292342,0.7812001149802429
asthma_v2_healthy_P18Healthy17S.wav,4,2,3,3,0.016621292529715788,0.005262978909735403,0.01283000668296884,0.802180875140931,0.16310484673664868
asthma_v2_healthy_P18Healthy79S.wav,4,2,3,3,0.09860789913544109,0.01687040022833934,0.15472570799608523,0.6106738022672659,0.11912219037286864
asthma_v2_healthy_P19Healthy50S.wav,4,2,3,3,0.028614601543836295,0.010388125395060465,0.010327006685984474,0.9060015397843953,0.04466872659072375
asthma_v2_healthy_P20Healthy84S.wav,4,2,3,1,0.2554810302641169,0.42821952312425615,0.20903963123187216,0.04835472358518896,0.05890509179456602
asthma_v2_healthy_P21Healthy15S.wav,4,2,3,3,0.02083064631105563,0.005607780652039133,0.002568690218563644,0.9295510752282622,0.041441807590079476
asthma_v2_healthy_P21Healthy53S.wav,4,2,3,3,0.018890854595964846,0.006672101609759517,0.006843919166710607,0.8119890905522612,0.15560403407530404
asthma_v2_healthy_P23Healthy72S.wav,4,2,3,4,0.04145570980092866,0.0017391647506102704,0.005574434461577894,0.33990192504613037,0.6113287659407528
asthma_v2_healthy_P24Healthy95S.wav,4,2,3,2,0.025869620416811318,0.02070572898002455,0.6115894725223168,0.17928357948413878,0.16255159859670865
asthma_v2_healthy_P25Healthy88S.wav,4,2,3,3,0.0186188105921469,0.016623405859532394,0.00869540265811743,0.8691767467041376,0.08688563418606586
asthma_v2_healthy_P2Healthy89S.wav,4,2,3,4,0.06929051769430082,0.010842253462049695,0.01700656970683859,0.33043784804288434,0.5724228110939268
asthma_v2_healthy_P3Healthy44S.wav,4,2,3,3,0.005197634943774955,0.01880310696680659,0.01669609724382697,0.9361529314963579,0.02315022934923331
asthma_v2_healthy_P3Healthy49S.wav,4,2,3,3,0.003058072653807236,0.0101295941720483,0.008119328532367213,0.9185742768550963,0.06011872778668094
asthma_v2_healthy_P3Healthy60S.wav,4,2,3,3,0.022569491601475394,0.06295259582243755,0.017439299220447492,0.7683974713289005,0.1286411420267388
asthma_v2_healthy_P3Healthy84S.wav,4,2,3,3,0.002659237553895882,0.009254866624845166,0.004498382565720399,0.9128917665350089,0.07069574672053004
asthma_v2_healthy_P9Healthy22S.wav,4,2,3,3,0.01512298187737589,0.01515440546724215,0.019822167511817528,0.9107726681119768,0.03912777703158739
asthma_v2_healthy_P9Healthy79S.wav,4,2,3,3,0.0246726275313128,0.0018782097834270143,0.009526935223868053,0.8529258629912178,0.11099636447017427
asthma_v2_pneumonia_P10Pneumonia93W.wav,4,2,4,4,0.018072137210417446,0.011069283093601893,0.009676720679539594,0.21849746243783913,0.7426843965786021
asthma_v2_pneumonia_P10Pneumonia97B.wav,4,2,4,4,0.421064224573927,0.07072113211751492,0.03019800682029408,0.014563293397614821,0.463453343090649
asthma_v2_pneumonia_P11Pneumonia12W.wav,4,2,4,4,0.26921907281576135,0.009339458406929988,0.010364840528149026,0.054709956306598514,0.6563666719425615
asthma_v2_pneumonia_P11Pneumonia18T.wav,4,2,4,2,0.20672872818976,0.002353134736006451,0.7332651527713022,0.008081443793613478,0.04957154050931796
asthma_v2_pneumonia_P12Pneumonia44H.wav,4,2,4,4,0.022798253250567505,0.026280556916400744,0.4298241940646375,0.048782319514039836,0.47231467625435436
asthma_v2_pneumonia_P12Pneumonia46L.wav,4,2,4,4,0.1773732167807933,0.031884639617543044,0.01484265991082087,0.03929532881482535,0.7366041548760174
asthma_v2_pneumonia_P12Pneumonia59Q.wav,4,2,4,4,0.11044689719771981,0.014273534146422562,0.1416219117341845,0.11546780469029708,0.6181898522313765
asthma_v2_pneumonia_P12Pneumonia97E.wav,4,2,4,4,0.0515526390959146,0.003614411085829045,0.020586294164465713,0.02057000820857401,0.9036766474452167
asthma_v2_pneumonia_P13Pneumonia20R.wav,4,2,4,4,0.26094934259605385,0.0041050866751341005,0.03976927179734581,0.10413586402613519,0.5910404349053312
asthma_v2_pneumonia_P13Pneumonia99T.wav,4,2,4,0,0.6884507155632477,0.021586806556922314,0.01985801704747152,0.005915462565763363,0.264188998266595
asthma_v2_pneumonia_P14Pneumonia19W.wav,4,2,4,0,0.6955549002176351,0.08826647482247892,0.05809246465788272,0.007244503662299945,0.15084165663970336
asthma_v2_pneumonia_P14Pneumonia40M.wav,4,2,4,3,0.10346876938290965,0.021738326407567156,0.0036702085419968314,0.7084544134818689,0.1626682821856575
asthma_v2_pneumonia_P14Pneumonia73T.wav,4,2,4,4,0.39359643385666754,0.006408739842663897,0.033887833278924556,0.06583308149139004,0.5002739115303536
asthma_v2_pneumonia_P14Pneumonia87C.wav,4,2,4,4,0.18218608353694365,0.013227432458074754,0.04226362902901413,0.03599994188630351,0.7263229130896635
asthma_v2_pneumonia_P15Pneumonia12I.wav,4,2,4,4,0.03252231603002645,0.02257567923882587,0.47185634285092143,0.015249380716340279,0.45779628116388604
asthma_v2_pneumonia_P15Pneumonia58S.wav,4,2,4,3,0.056371028854449126,0.07101629280205514,0.003562903534300385,0.4504284203199138,0.4186213544892813
asthma_v2_pneumonia_P16Pneumonia66X.wav,4,2,4,4,0.18687841844688013,0.005622425568632624,0.005431214386164755,0.13630358754610047,0.6657643540522221
asthma_v2_pneumonia_P18Pneumonia15Q.wav,4,2,4,4,0.04589747004553611,0.006776734781837711,0.003778927109176649,0.02036713082570613,0.9231797372377432
asthma_v2_pneumonia_P19Pneumonia24H.wav,4,2,4,4,0.06123010193126325,0.03182233885677051,0.001103494494629839,0.06867514008950601,0.8371689246278305
asthma_v2_pneumonia_P19Pneumonia90X.wav,4,2,4,4,0.011539007101680212,0.011581200414347955,0.0006738980164587072,0.20938059289980757,0.7668253015677059
asthma_v2_pneumonia_P1Pneumonia10T.wav,4,2,4,4,0.07225581741862125,0.002985096189813821,0.0023205936293454093,0.010088836828459687,0.9123496559337598
asthma_v2_pneumonia_P1Pneumonia94J.wav,4,2,4,4,0.05281397271149429,0.011083435218650425,0.002221234477794974,0.00836911775891535,0.9255122398331447
asthma_v2_pneumonia_P1Pneumonia97M.wav,4,2,4,4,0.025641388906504477,0.0016709307645344804,0.0006814936900467645,0.003649950569467651,0.9683562360694467
asthma_v2_pneumonia_P20Pneumonia37V.wav,4,2,4,4,0.1162390523066746,0.015388634820502062,0.010404642442155693,0.012316616480723987,0.8456510539499434
asthma_v2_pneumonia_P22Pneumonia29K.wav,4,2,4,3,0.02811639716550108,0.013264072917649448,0.00375324517473039,0.7468254554415215,0.20804082930059764
asthma_v2_pneumonia_P24Pneumonia67Z.wav,4,2,4,4,0.16160415773753653,0.008287594098878243,0.001051346003475164,0.010894103533385048,0.818162798626725
asthma_v2_pneumonia_P25Pneumonia30I.wav,4,2,4,3,0.016487674812279956,0.016455312725083854,0.005723385932304998,0.8863760477604307,0.07495757876990024
asthma_v2_pneumonia_P25Pneumonia93N.wav,4,2,4,3,0.14615417528117644,0.005558314553424864,0.027958238882072026,0.6841043141456574,0.13622495713766955
asthma_v2_pneumonia_P26Pneumonia72P.wav,4,2,4,3,0.005948590183603997,0.0055929867298233765,0.006079535646686107,0.7842337553758797,0.19814513206400655
asthma_v2_pneumonia_P26Pneumonia89E.wav,4,2,4,4,0.016891044789621827,0.00452272007159094,0.001954346352258334,0.3254302778325055,0.6512016109540236
asthma_v2_pneumonia_P28Pneumonia22W.wav,4,2,4,4,0.031985204895622406,0.0043768514901516495,0.0013795039134195544,0.0027293805262774105,0.9595290591745289
asthma_v2_pneumonia_P29Pneumonia24X.wav,4,2,4,4,0.01836986655496081,0.01276000028996111,0.0009508292072279341,0.02140956674759402,0.9465097372002561
asthma_v2_pneumonia_P30Pneumonia10C.wav,4,2,4,4,0.04089909651593791,0.0015073471163482507,0.0008796156576351138,0.002621516668962914,0.9540924240411156
asthma_v2_pneumonia_P34Pneumonia77O.wav,4,2,4,4,0.018029078653663214,0.016216382382622074,0.0010636872770254024,0.1898155843396921,0.7748752673469972
asthma_v2_pneumonia_P36Pneumonia56V.wav,4,2,4,0,0.9036492221523041,0.049178885364507575,0.005930727481212243,0.011265305217819944,0.029975859784156327
asthma_v2_pneumonia_P37Pneumonia73K.wav,4,2,4,4,0.4287820444931612,0.01801638647913247,0.008918113010142531,0.008021230921784007,0.5362622250957796
asthma_v2_pneumonia_P38Pneumonia35P.wav,4,2,4,0,0.8314545488642995,0.016277706167927716,0.026264739991178256,0.003159045952504307,0.12284395902409025
asthma_v2_pneumonia_P38Pneumonia64N.wav,4,2,4,0,0.8952529479471041,0.01770845885445535,0.003999169485428203,0.011427749036213769,0.07161167467679863
asthma_v2_pneumonia_P3Pneumonia41L.wav,4,2,4,0,0.33428067331961236,0.06864747120133206,0.4317901544310607,0.018949189568544297,0.14633251147945034
asthma_v2_pneumonia_P3Pneumonia54K.wav,4,2,4,4,0.11889539039682302,0.005302170016321976,0.013232711645069941,0.005667868693395414,0.8569018592483896
asthma_v2_pneumonia_P41Pneumonia17O.wav,4,2,4,4,0.3963684689399785,0.0016175002581939482,0.008654444978933359,0.003753602572216526,0.5896059832506777
asthma_v2_pneumonia_P41Pneumonia25E.wav,4,2,4,4,0.07317485904799485,0.018759402335444354,0.10473471626042223,0.010634517190238045,0.7926965051659006
asthma_v2_pneumonia_P41Pneumonia31S.wav,4,2,4,0,0.8430935494087735,0.016360325520460236,0.0033033141711387424,0.0015031903594766227,0.13573962054015076
asthma_v2_pneumonia_P42Pneumonia47W.wav,4,2,4,0,0.9418864394668113,0.018904024638162424,0.004574481638874954,0.001380920465095654,0.033254133791055795
asthma_v2_pneumonia_P42Pneumonia63L.wav,4,2,4,4,0.48700444992503017,0.002793866883288133,0.014996109079357714,0.006927818741083056,0.48827775537124113
asthma_v2_pneumonia_P43Pneumonia24U.wav,4,2,4,3,0.019123309135499904,0.008216554663743124,0.2304001023888909,0.3997305891581176,0.34252944465374835
asthma_v2_pneumonia_P43Pneumonia54I.wav,4,2,4,4,0.024418050983928064,0.01087706100445505,0.05981826732699764,0.2896606636099175,0.6152259570747016
asthma_v2_pneumonia_P44Pneumonia47J.wav,4,2,4,4,0.14853288820559105,0.011009883831993925,0.030797857620895354,0.07612624138902442,0.7335331289524956
asthma_v2_pneumonia_P44Pneumonia49B.wav,4,2,4,4,0.024418050983928064,0.01087706100445505,0.05981826732699764,0.2896606636099175,0.6152259570747016
asthma_v2_pneumonia_P46Pneumonia22V.wav,4,2,4,4,0.03215073042443661,0.027382503356042576,0.1413340100125489,0.20044756480581824,0.5986851914011538
asthma_v2_pneumonia_P46Pneumonia99Y.wav,4,2,4,3,0.03137868587901693,0.002448136307754298,0.5407898752716231,0.27992451078646857,0.1454587917551373
asthma_v2_pneumonia_P47Pneumonia24N.wav,4,2,4,4,0.24573143322775656,0.004252725884571442,0.0850529825909308,0.021103354909106205,0.6438595033876351
asthma_v2_pneumonia_P47Pneumonia98K.wav,4,2,4,4,0.08565469865317903,0.06652835332122559,0.07747185693317322,0.1060866194514063,0.6642584716410159
asthma_v2_pneumonia_P4Pneumonia17R.wav,4,2,4,4,0.012497296761232244,0.008118417220880395,0.2864550228913252,0.07075428565283427,0.6221749774737281
asthma_v2_pneumonia_P5Pneumonia95V.wav,4,2,4,4,0.013250401340249523,0.006916234790358701,0.051879069170661166,0.02755872043277399,0.9003955742659567
asthma_v2_pneumonia_P6Pneumonia17Q.wav,4,2,4,4,0.039309090995987075,0.020291473298803,0.07770959668433043,0.2887078115441625,0.5739820274767171
asthma_v2_pneumonia_P8Pneumonia11O.wav,4,2,4,0,0.7030254924735326,0.006828416739124627,0.01607326660732295,0.041961005951897515,0.2321118182281223
asthma_v2_Bronchial_P10BronchialTc_49.wav,4,3,1,1,0.08562398543802854,0.7241391505327343,0.1270026429949505,0.02274475526807449,0.04048946576621198
asthma_v2_Bronchial_P11BronchialTc_55.wav,4,3,1,0,0.8922715878125943,0.043241595933368106,0.019022330526836415,0.005712772130797216,0.039751713596404024
asthma_v2_Bronchial_P12BronchialSc_56.wav,4,3,1,0,0.899870315108564,0.025521219181513028,0.004999934253220742,0.0038319926400208005,0.06577653881668175
asthma_v2_Bronchial_P12BronchialSc_60.wav,4,3,1,3,0.1788174734039691,0.03614606555036586,0.012053023003892483,0.6877898498629923,0.08519358817878009
asthma_v2_Bronchial_P13BronchialSc_62.wav,4,3,1,0,0.9036998032685035,0.07681843395224815,0.00040150630530826303,0.0038082457635407593,0.015272010710399027
asthma_v2_Bronchial_P14BronchialSc_70.wav,4,3,1,1,0.00919161554540455,0.9360373524299412,0.015229539304256625,0.019407658418147705,0.02013383430224974
asthma_v2_Bronchial_P14BronchialTc_69.wav,4,3,1,0,0.8086390520144132,0.15230039949185695,0.011011426002547701,0.0012375608524509084,0.026811561638730823
asthma_v2_Bronchial_P15BronchialTc_73.wav,4,3,1,1,0.002909737994996233,0.9789084585121747,0.0031826732559846337,0.008805005181811333,0.0061941250550329495
asthma_v2_Bronchial_P16BronchialTc_77.wav,4,3,1,1,0.013097780134510033,0.9406938682035442,0.012258678054605184,0.008039702434488231,0.025909971172852254
asthma_v2_Bronchial_P17BronchialTc_81.wav,4,3,1,1,0.1744897417678427,0.6662732100531518,0.042187663728091004,0.020578914142100623,0.09647047030881396
asthma_v2_Bronchial_P18BronchialTc_87.wav,4,3,1,1,0.007771402624593851,0.9674886277341862,0.006641042515070147,0.011046644343295378,0.007052282782854697
asthma_v2_Bronchial_P19BronchialSc_92.wav,4,3,1,1,0.049249701657623345,0.8667543072673515,0.033489751207954166,0.017472176080193583,0.03303406378687701
asthma_v2_Bronchial_P19BronchialTc_91.wav,4,3,1,2,0.027976232809978012,0.028680002731213034,0.8975805475394532,0.037145251155458754,0.008617965763896627
asthma_v2_Bronchial_P1BronchialTc_3.wav,4,3,1,1,0.027834023376279538,0.880480797300868,0.04706564338125379,0.023453130161089856,0.021166405780509042
asthma_v2_Bronchial_P2BronchialSc_6.wav,4,3,1,1,0.08844887327424047,0.7372839821953686,0.11474216366814008,0.019325953033028243,0.04019902782922261
asthma_v2_Bronchial_P3BronchialTc_13.wav,4,3,1,1,0.012986020938179117,0.9142865498837138,0.02030592177228245,0.018645579896389212,0.03377592750943528
asthma_v2_Bronchial_P4BronchialTc_17.wav,4,3,1,1,0.08520326700642457,0.792580277223627,0.02935818561270338,0.014956665761727102,0.07790160439551803
asthma_v2_Bronchial_P5BronchialSc_24.wav,4,3,1,1,0.012621464467304116,0.7721833179981886,0.039119525040162244,0.1225712685564385,0.05350442393790664
asthma_v2_Bronchial_P5BronchialTc_21.wav,4,3,1,1,0.010717840961947,0.8810736020401789,0.009575738339672983,0.08880547557656565,0.009827343081635345
asthma_v2_Bronchial_P8BronchialTc_39.wav,4,3,1,1,0.005191736157269622,0.9004719584588988,0.03116068415117539,0.04730278849784405,0.015872832734812298
asthma_v2_Bronchial_P9BronchialTc_41.wav,4,3,1,1,0.0014966686519945868,0.9567753924172002,0.01402139634878992,0.0230558193907501,0.004650723191265024
asthma_v2_asthma_P10AsthmaIE_49.wav,4,3,0,0,0.8930366170517147,0.01619994332663842,0.005853883405998103,0.00196615390720037,0.08294340230844827
asthma_v2_asthma_P11WheezingIU_54.wav,4,3,0,0,0.7370089805303376,0.02845094034348186,0.005457635240256755,0.008875218196097582,0.22020722568982612
asthma_v2_asthma_P13WheezingIE_61.wav,4,3,0,0,0.7718664173576468,0.08757830809396008,0.013762443208125717,0.0050716504927601,0.12172118084750724
asthma_v2_asthma_P13WheezingIE_65.wav,4,3,0,0,0.8484377026507764,0.045536160962602934,0.01645438093200984,0.0025615629703900403,0.08701019248422091
asthma_v2_asthma_P14WheezingIU_66.wav,4,3,0,0,0.9141606492893871,0.02229347845678172,0.002609480472968725,0.0010914866036881652,0.0598449051771746
asthma_v2_asthma_P14WheezingIU_70.wav,4,3,0,4,0.46963476269022464,0.014764388796577986,0.006709614813927435,0.024773324560120796,0.484117909139149
asthma_v2_asthma_P15WheezingIU_74.wav,4,3,0,4,0.3350963803874202,0.02181198656529074,0.01874708553178234,0.020994948230416467,0.6033495992850905
asthma_v2_asthma_P17WheezingIU_82.wav,4,3,0,0,0.8014194449017178,0.04007893814844742,0.025157665483110332,0.008943029167572903,0.12440092229915152
asthma_v2_asthma_P17WheezingRL_83.wav,4,3,0,0,0.8881088572547842,0.01546084779838469,0.025729448214607323,0.01042233696662897,0.06027850976559521
asthma_v2_asthma_P18WheezingIU_90.wav,4,3,0,0,0.6795543716194843,0.03166865102175075,0.04050032523962437,0.15897192655827974,0.08930472556086055
asthma_v2_asthma_P19WheezingRS_92.wav,4,3,0,0,0.6818988481256282,0.014445771839390276,0.013396541220884508,0.07193246111435639,0.2183263776997405
asthma_v2_asthma_P1AsthmaIE_5.wav,4,3,0,0,0.8606416272267021,0.10794969390199156,0.010440588562618312,0.0014660469966401707,0.01950204331204779
asthma_v2_asthma_P21WheezingIU_102.wav,4,3,0,0,0.8446021667637007,0.0881833437342074,0.0007256239247271908,0.025379263536976844,0.04110960204038792
asthma_v2_asthma_P23WheezingRL_111.wav,4,3,0,0,0.7596260822065437,0.04327888429054779,0.03542667130781324,0.06309428319501113,0.09857407900008411
asthma_v2_asthma_P26WheezingIU_130.wav,4,3,0,0,0.8963957840156894,0.06377991603038283,0.002831701468425879,0.0025225607372004223,0.034470037748301555
asthma_v2_asthma_P27WheezingRS_132.wav,4,3,0,0,0.4614208213411218,0.04947738856128445,0.3463226386099667,0.017076932184060475,0.12570221930356662
asthma_v2_asthma_P28WheezingRS_140.wav,4,3,0,0,0.866052345395329,0.08710479843781958,0.004338994013769072,0.003064964880208848,0.03943889727287339
asthma_v2_asthma_P29WheezingRS_144.wav,4,3,0,0,0.516904263312478,0.01266026240609554,0.010454608439838477,0.012643548550995119,0.44733731729059273
asthma_v2_asthma_P2AsthmaIE_9.wav,4,3,0,0,0.7879054508162803,0.012976670267705824,0.005609020404607211,0.004649739862498898,0.1888591186489076
asthma_v2_asthma_P2AsthmaIU_6.wav,4,3,0,2,0.20414181658453392,0.14008940505489773,0.5804446576453548,0.026103932433496794,0.04922018828171676
asthma_v2_asthma_P2AsthmaRS_8.wav,4,3,0,0,0.9261623349092117,0.010357341570701303,0.0023865311045554866,0.0039885996009219275,0.05710519281460961
asthma_v2_asthma_P30WheezingRL_147.wav,4,3,0,0,0.791183956994132,0.02201375474346719,0.031557221751113626,0.003219330161611063,0.15202573634967625
asthma_v2_asthma_P31WheezingRL_151.wav,4,3,0,0,0.7726006194075133,0.04720456791951842,0.03123197918309178,0.00298979062029625,0.14597304286958024
asthma_v2_asthma_P31WheezingRS_152.wav,4,3,0,4,0.3371209711686362,0.008689163372001346,0.002141658893805082,0.05632202465416216,0.5957261819113957
asthma_v2_asthma_P33WheezingIE_161.wav,4,3,0,0,0.5309199108066668,0.07821474244200187,0.060006797736481016,0.13121720605568193,0.19964134295916847
asthma_v2_asthma_P34WheezingIU_170.wav,4,3,0,0,0.9084293372370806,0.02112130463260784,0.011729734205387378,0.013646694827737133,0.04507292909718705
asthma_v2_asthma_P36WheezingRS_176.wav,4,3,0,0,0.8513305005281993,0.058230549580756776,0.041620762345793295,0.003107358882532682,0.045710828662717765
asthma_v2_asthma_P37WheezingIE_185.wav,4,3,0,0,0.8717185933089227,0.04740759349248468,0.012450278384535655,0.0009070890950538886,0.06751644571900332
asthma_v2_asthma_P38WheezingRL_187.wav,4,3,0,0,0.9227284424027576,0.024451168904718597,0.01580514042640884,0.00444776369589131,0.03256748457022373
asthma_v2_asthma_P38WheezingRS_188.wav,4,3,0,0,0.8591971055799781,0.012094902766414305,0.0852088473486653,0.005369692017204261,0.038129452287738376
asthma_v2_asthma_P39WheezingRL_191.wav,4,3,0,0,0.8909091081396981,0.026270449806206592,0.00731859872743579,0.00042425298170442854,0.0750775903449548
asthma_v2_asthma_P39WheezingRL_195.wav,4,3,0,0,0.8062937727597891,0.1618921453278095,0.008016026306055453,0.001117660371082092,0.022680395235263724
asthma_v2_asthma_P3AsthmaRL_11.wav,4,3,0,4,0.4307729208700593,0.003168337662812286,0.09244654091580869,0.03311068146547907,0.4405015190858404
asthma_v2_asthma_P40WheezingIE_197.wav,4,3,0,0,0.813757946835878,0.03946973561188668,0.05640345129857903,0.0029701654593631338,0.08739870079429289
asthma_v2_asthma_P40WheezingIU_198.wav,4,3,0,0,0.7382925706039031,0.14327690670897658,0.08628230851222718,0.002263435633453104,0.029884778541440084
asthma_v2_asthma_P40WheezingRS_196.wav,4,3,0,0,0.876149461839387,0.07137005123135665,0.015986167122330877,0.0014603027896975174,0.03503401701722827
asthma_v2_asthma_P41WheezingRL_203.wav,4,3,0,2,0.33803978130357915,0.02579895216321985,0.6178905546603871,0.0025817195576915614,0.015688992315122195
asthma_v2_asthma_P44WheezingRS_220.wav,4,3,0,2,0.05242843085367098,0.0085311683640491,0.9223183133892452,0.004664041275646594,0.012058046117388154
asthma_v2_asthma_P46WheezingIU_226.wav,4,3,0,0,0.875612705118431,0.01798305782292992,0.08321736118987881,0.002579614144687072,0.020607261724073192
asthma_v2_asthma_P46WheezingIU_230.wav,4,3,0,0,0.7158111698984804,0.017235857442750274,0.14159028918180686,0.00897354064622329,0.11638914283073944
asthma_v2_asthma_P47WheezingIU_234.wav,4,3,0,0,0.8638856141724787,0.0016890892469696897,0.039021868909010035,0.0006053082019770845,0.09479811946956453
asthma_v2_asthma_P48WheezingIU_238.wav,4,3,0,0,0.9019646839388107,0.016021955268856043,0.01948818104227241,0.002323600128993576,0.06020157962106702
asthma_v2_asthma_P4AsthmaRL_19.wav,4,3,0,0,0.8953261005917993,0.03987639227282052,0.004687149907014462,0.008954059226239977,0.051156298002126024
asthma_v2_asthma_P4AsthmaRS_16.wav,4,3,0,0,0.9114739837401313,0.02427096382069018,0.003265722579068015,0.0010971497018157645,0.05989218015829483
asthma_v2_asthma_P50WheezingRS_248.wav,4,3,0,4,0.27638898268898093,0.04354495134646609,0.07866541290508407,0.003941498845248344,0.5974591542142208
asthma_v2_asthma_P51WheezingIE_253.wav,4,3,0,0,0.9245439063498584,0.028156683737453475,0.01904575673407226,0.0027123717578564762,0.02554128142075948
asthma_v2_asthma_P51WheezingRL_255.wav,4,3,0,0,0.932228470216058,0.019036241841110017,0.020669160932709024,0.0005123966266914536,0.02755373038343133
asthma_v2_asthma_P52WheezingIU_258.wav,4,3,0,0,0.7965015813410923,0.009533202052290093,0.13863058992789204,0.00299859993731237,0.052336026741413126
asthma_v2_asthma_P53WheezingIE_261.wav,4,3,0,0,0.8611431101832427,0.03372675547952355,0.04491238408190675,0.007212622087484254,0.05300512816784287
asthma_v2_asthma_P53WheezingIU_262.wav,4,3,0,0,0.8657936340976424,0.06295174228547723,0.009385712222231292,0.0018873600966106859,0.059981551298038394
asthma_v2_asthma_P54WheezingIU_266.wav,4,3,0,3,0.011368956595972871,0.11178708765685394,0.044373437833133585,0.7031521750623129,0.1293183428517268
asthma_v2_asthma_P55WheezingRL_275.wav,4,3,0,4,0.3046542598441181,0.01798519452861987,0.005727453584613336,0.05106704098446701,0.6205660510581819
asthma_v2_asthma_P56WheezingIE_277.wav,4,3,0,4,0.16078002494854782,0.010284048155282626,0.023517269571486185,0.0037151546140090797,0.8017035027106741
asthma_v2_asthma_P5AsthmaIE_21.wav,4,3,0,0,0.8632916872259736,0.042873596925617416,0.018408121664853106,0.0037882041104162997,0.07163839007313963
asthma_v2_asthma_P5AsthmaIU_22.wav,4,3,0,0,0.819624889168668,0.0546581188584151,0.006741749784549811,0.001991106223936438,0.11698413596443073
asthma_v2_asthma_P6AsthmaIU_30.wav,4,3,0,0,0.8719271961001954,0.037612683964967385,0.007719119668384886,0.0050639270147241205,0.0776770732517283
asthma_v2_asthma_P6AsthmaRS_28.wav,4,3,0,0,0.6268715720149133,0.0045708497823627745,0.005724722965738531,0.05378450021247101,0.3090483550245144
asthma_v2_copd_P10COPDPr_79.wav,4,3,2,0,0.7533646586568888,0.1090631127705837,0.06492063409322453,0.0033389993968826405,0.06931259508242038
asthma_v2_copd_P11COPDMc_82.wav,4,3,2,0,0.9134091351803211,0.02345592318623051,0.018774366028774914,0.0014929778405825005,0.042867597764091325
asthma_v2_copd_P11COPDMc_84.wav,4,3,2,2,0.28260472707551293,0.010005171523991496,0.6629707916330781,0.01050071175688696,0.03391859801053061
asthma_v2_copd_P11COPDPr_83.wav,4,3,2,0,0.4058663578590704,0.010536361286934335,0.5569219781708291,0.0038073473961183096,0.02286795528704816
asthma_v2_copd_P12COPDMc_94.wav,4,3,2,2,0.009030999190786858,0.0017363154234197474,0.9878328573088989,0.0002877125775389701,0.0011121154993557708
asthma_v2_copd_P12COPDPr_93.wav,4,3,2,0,0.52571072540228,0.1260774272534509,0.3226678207683695,0.005061785467058629,0.020482241108840848
asthma_v2_copd_P12COPDPr_95.wav,4,3,2,2,0.0031654870633791438,0.011674213347729704,0.9784880167694677,0.004268063407080683,0.0024042194123429384
asthma_v2_copd_P13COPDMc_102.wav,4,3,2,2,0.0022473497848226488,0.0156101563544015,0.972291868299561,0.0012490895406154934,0.008601536020599043
asthma_v2_copd_P13COPDPr_101.wav,4,3,2,2,0.0024078680263507767,0.001616680699370925,0.9940844151643885,0.00022761821662522252,0.0016634178932647748
asthma_v2_copd_P14COPDMc_112.wav,4,3,2,2,0.20953878407941337,0.007621849689742159,0.7655889939752557,0.0026061363999117905,0.014644235855677241
asthma_v2_copd_P14COPDPr_111.wav,4,3,2,0,0.3668259663296151,0.003320451994593433,0.5926384198377068,0.0010138635011837087,0.036201298336900924
asthma_v2_copd_P15COPDMc_116.wav,4,3,2,2,0.14529675738278033,0.13546236557831492,0.7058542348602446,0.005905273077176966,0.007481369101483106
asthma_v2_copd_P16COPDPr_127.wav,4,3,2,2,1.4112211523118504e-06,1.514320726083349e-06,0.9988199266318998,1.2137753221828206e-05,0.0011650100730000164
asthma_v2_copd_P17COPDMc_130.wav,4,3,2,2,4.994220791385679e-07,6.747567054872952e-07,0.9992957904462418,2.9508223804629146e-05,0.0006735271511689434
asthma_v2_copd_P17COPDMc_132.wav,4,3,2,2,0.0015620584481826033,0.0002439222665478712,0.9963049263413828,0.00031068018616063457,0.0015784127577257551
asthma_v2_copd_P17COPDMc_134.wav,4,3,2,2,0.0033199525447779737,0.0003400600927769894,0.9929696671141257,0.0005115633762310728,0.002858756872088242
asthma_v2_copd_P18COPDMc_140.wav,4,3,2,2,0.02521818292474395,0.0008479768871740474,0.87768460222197,0.0041292423122398884,0.09211999565387219
asthma_v2_copd_P19COPDMc_148.wav,4,3,2,2,0.038054722727612386,0.10358422812411472,0.80939442491724,0.004715629336238311,0.04425099489479406
asthma_v2_copd_P1COPDPr_7.wav,4,3,2,2,0.002306450993555591,0.0038795511080231713,0.9628888433043014,0.013480643601614783,0.017444510992504894
asthma_v2_copd_P20COPDMc_156.wav,4,3,2,2,0.08018355294393241,0.00608771023093891,0.8200157020942056,0.012600165146692864,0.08111286958423018
asthma_v2_copd_P21COPDPr_161.wav,4,3,2,2,0.01656412054000635,0.016123501258396376,0.9570773283303601,0.004134034511390872,0.006101015359846745
asthma_v2_copd_P22COPDPr_169.wav,4,3,2,2,0.004725603698414227,0.0036290010907926006,0.9806265187935721,0.005536373871408732,0.005482502545812288
asthma_v2_copd_P22COPDPr_171.wav,4,3,2,2,0.0018131352247253174,0.0007788181900925795,0.964494238212387,0.023700793529601003,0.009213014843194117
asthma_v2_copd_P23COPDMc_180.wav,4,3,2,2,0.009320087797987426,0.01062564023728062,0.8991667624928589,0.0352738437514175,0.04561366572045556
asthma_v2_copd_P23COPDPr_179.wav,4,3,2,2,0.002936833561964395,0.0026457290407938916,0.9913174799470218,0.0011165688929177864,0.001983388557302415
asthma_v2_copd_P23COPDPr_183.wav,4,3,2,2,0.009079478084624172,0.019525661761204623,0.9108450166738514,0.02935241943406919,0.031197424046250328
asthma_v2_copd_P24COPDMc_188.wav,4,3,2,2,0.014153409373753176,0.014206398156798961,0.9556249702753303,0.006338261586473445,0.00967696060764383
asthma_v2_copd_P24COPDPr_189.wav,4,3,2,2,0.04130110452510799,0.03346501134730323,0.5746193202698767,0.15122920133498483,0.1993853625227274
asthma_v2_copd_P25COPDMc_198.wav,4,3,2,2,0.0007635045711914617,0.0008791457480300277,0.996798337061473,0.000789092856745927,0.0007699197625595158
asthma_v2_copd_P25COPDMc_200.wav,4,3,2,2,0.001971976005431275,0.003700725141956228,0.989267504861869,0.0016446169108974788,0.0034151770798460934
asthma_v2_copd_P25COPDPr_199.wav,4,3,2,2,0.0015293621213685526,0.0026849051904152474,0.9922366253396823,0.0019213892812446082,0.001627718067289555
asthma_v2_copd_P26COPDPr_201.wav,4,3,2,2,0.00010246028114456494,0.0012429988285940978,0.9973400966969762,0.0005283266791816766,0.0007861175141037486
asthma_v2_copd_P26COPDPr_205.wav,4,3,2,2,0.0007952275332071897,0.0011059071382092476,0.9873291628477848,0.004122771503064308,0.00664693097773426
asthma_v2_copd_P27COPDPr_209.wav,4,3,2,2,0.002064272005714704,0.002869417451294812,0.993403719769834,0.0006836231654378797,0.00097896760771843
asthma_v2_copd_P27COPDPr_215.wav,4,3,2,2,9.996456151889278e-07,1.537374077236729e-06,0.9993494919374066,0.00038503795601557516,0.00026293308688556474
asthma_v2_copd_P28COPDMc_218.wav,4,3,2,2,0.0040403172479855495,0.004429976109191935,0.9886396957586444,0.0012907936579922155,0.0015992172261857466
asthma_v2_copd_P28COPDMc_220.wav,4,3,2,2,0.006017710084076851,0.0029405130936626927,0.984837462584478,0.0036163039644303806,0.002588010273351803
asthma_v2_copd_P28COPDPr_217.wav,4,3,2,2,0.00038104827213888346,0.0005487755674525817,0.994555323124164,0.0031019785475224658,0.0014128744887218704
asthma_v2_copd_P28COPDPr_223.wav,4,3,2,2,0.001489081523456881,0.0011144708445792026,0.990787605227803,0.0018774200534196859,0.004731422350741282
asthma_v2_copd_P29COPDMc_228.wav,4,3,2,2,0.00020274824514713856,0.0007013452928086685,0.9968464960065674,0.001386725693620064,0.0008626847618567782
asthma_v2_copd_P29COPDMc_230.wav,4,3,2,2,0.0009863973796427786,0.001080987206694048,0.9961721033190643,0.000704333978655542,0.0010561781159433368
asthma_v2_copd_P29COPDPr_229.wav,4,3,2,2,7.039133009384617e-07,1.0826426932523538e-06,0.9989482796948673,0.0006582971954740286,0.00039163655366450975
asthma_v2_copd_P29COPDPr_231.wav,4,3,2,2,0.0001249977042171239,0.0006094190231286475,0.9977312638499616,0.0008919094238654253,0.0006424099988272771
asthma_v2_copd_P2COPDMc_16.wav,4,3,2,2,0.008534838688654841,0.002402331363983571,0.9727029219570702,0.003858473956327487,0.012501434033963773
asthma_v2_copd_P31COPDPr_245.wav,4,3,2,2,0.2902839431477341,0.028298709779777574,0.6203177296700767,0.010897055764626481,0.050202561637784616
asthma_v2_copd_P34COPDMc_268.wav,4,3,2,2,0.014324234731792923,0.16190580719791453,0.8119942104738327,0.002174913421353834,0.009600834175106139
asthma_v2_copd_P34COPDMc_270.wav,4,3,2,2,0.008323038645339766,0.009069606049823929,0.975441601142825,0.001801547480577299,0.005364206681433868
asthma_v2_copd_P34COPDPr_265.wav,4,3,2,2,0.0033956603939090104,0.03445907499620691,0.9565578288603935,0.00035145510466276985,0.005235980644827826
asthma_v2_copd_P35COPDPr_277.wav,4,3,2,2,0.05272438782846686,0.038250343895611466,0.8624553184328434,0.020927654750203757,0.025642295092874294
asthma_v2_copd_P38COPDMc_302.wav,4,3,2,2,0.02163894927502409,0.0035395111144424325,0.9481606185716553,0.00878217227013497,0.017878748768743263
asthma_v2_copd_P38COPDPr_297.wav,4,3,2,2,0.0040362810608242945,0.0009359760967186833,0.9913369554593575,0.00031269805443259426,0.0033780893286670358
asthma_v2_copd_P39COPDMc_308.wav,4,3,2,2,0.0022640207734456828,0.012006861469552096,0.9651211189363464,0.0005414595430251603,0.020066539277630753
asthma_v2_copd_P39COPDMc_312.wav,4,3,2,2,0.014783927777015479,0.01120549497673501,0.9655140260421837,0.001903878104549795,0.006592673099516426
asthma_v2_copd_P39COPDPr_305.wav,4,3,2,2,0.020753922403801736,0.0037737789656365184,0.884582095335123,0.04427213415982777,0.046618069135610486
asthma_v2_copd_P3COPDMc_18.wav,4,3,2,0,0.7355610188714835,0.031985479442521184,0.18196271641426603,0.01955842584895166,0.0309323594227777
asthma_v2_copd_P3COPDMc_20.wav,4,3,2,2,0.021077292325373774,0.015541031482536934,0.953372498231487,0.004089009301335919,0.005920168659266411
asthma_v2_copd_P3COPDPr_17.wav,4,3,2,2,0.2993462273922228,0.014803025532574393,0.5825888275066451,0.034051552239491974,0.06921036732906598
asthma_v2_copd_P40COPDMc_316.wav,4,3,2,2,1.0299655070375073e-06,1.0973006531628813e-06,0.9986882850968204,5.152563814110162e-05,0.001258061998878172
asthma_v2_copd_P40COPDPr_315.wav,4,3,2,2,1.325996526735861e-07,2.1945759356173082e-07,0.9997960950699184,7.3129774273178e-05,0.0001304230985621931
asthma_v2_copd_P40COPDPr_317.wav,4,3,2,2,2.366484973635022e-07,3.5007058914823927e-07,0.9993611088780285,4.6336403683016124e-05,0.0005919679992017295
asthma_v2_copd_P42COPDMc_332.wav,4,3,2,2,0.0006972501285260088,0.0005652586707540016,0.9904800635060368,0.0029765604423496656,0.005280867252333881
asthma_v2_copd_P42COPDPr_329.wav,4,3,2,2,0.0003731453005876857,0.00028416427600410114,0.9977412219730623,0.00023290680312809708,0.0013685616472183157
asthma_v2_copd_P42COPDPr_335.wav,4,3,2,2,0.0038375447702129455,0.007241758434768978,0.9284182948150632,0.0315204294716118,0.028981972508343102
asthma_v2_copd_P43COPDMc_340.wav,4,3,2,2,0.000472650759876294,0.00037092238648975007,0.9974539763418261,0.0002651537946685358,0.0014372967171389695
asthma_v2_copd_P43COPDPr_337.wav,4,3,2,2,0.0009851198657382478,0.0029114851799465677,0.9918218485223436,0.0013021125238082772,0.0029794339081631884
asthma_v2_copd_P43COPDPr_341.wav,4,3,2,2,0.0013761978866456645,0.0003178034485097048,0.9937054593481071,0.0002680804739515164,0.004332458842786311
asthma_v2_copd_P44COPDMc_348.wav,4,3,2,4,0.017335037754279255,0.020134300579291522,0.2782175257704681,0.06454989864290951,0.6197632372530519
asthma_v2_copd_P45COPDPr_355.wav,4,3,2,2,1.0525873963115507e-06,1.154210600741957e-06,0.9990333216523581,0.00027681053109529757,0.0006876610185497956
asthma_v2_copd_P46COPDPr_363.wav,4,3,2,2,0.021225673283425103,0.003135057003153528,0.9082352683743495,0.007173771540991838,0.060230229798079786
asthma_v2_copd_P47COPDMc_372.wav,4,3,2,2,0.004069430891687146,0.005115447406722555,0.9621931082658385,0.0056155964176646325,0.023006417018087328
asthma_v2_copd_P47COPDPr_369.wav,4,3,2,4,0.18509919465943786,0.11381031767646277,0.1568969531072368,0.009303690189493181,0.5348898443673693
asthma_v2_copd_P47COPDPr_373.wav,4,3,2,2,0.07223986372368695,0.0452568627519669,0.8230723292302101,0.025233546736493456,0.03419739755764249
asthma_v2_copd_P48COPDMc_382.wav,4,3,2,2,0.0032233484881232493,0.011794098347992658,0.9494316284774683,0.01959308213639273,0.01595784255002284
asthma_v2_copd_P48COPDPr_377.wav,4,3,2,2,0.001305511065500958,0.004529974102497262,0.979838665006312,0.009257814452632449,0.005068035373057427
asthma_v2_copd_P48COPDPr_383.wav,4,3,2,2,0.0036627139201596,0.002590168085505684,0.9884481957039495,0.0017820120299942108,0.003516910260391168
asthma_v2_copd_P50COPDMc_394.wav,4,3,2,2,0.0020065694446124104,0.0017268368846038642,0.9941402844032317,0.0004020186855255929,0.0017242905820262413
asthma_v2_copd_P50COPDMc_398.wav,4,3,2,2,0.0006152239238662317,0.0010197806828889779,0.9968865600461948,0.0007445703140846408,0.0007338650329656774
asthma_v2_copd_P8COPDMc_60.wav,4,3,2,2,0.000941499484040553,0.002554199676486771,0.9924421046840102,0.0008547675496838556,0.0032074286057786104
asthma_v2_copd_P8COPDPr_63.wav,4,3,2,2,2.489906277142833e-07,2.756916146741969e-07,0.9996311513511813,5.759904573031028e-06,0.00036256406200340833
asthma_v2_copd_P9COPDMc_68.wav,4,3,2,2,0.001010669831378717,0.005328696816258634,0.9689551339978837,0.012104592805359764,0.01260090654911887
asthma_v2_healthy_P11Healthy73S.wav,4,3,3,3,0.05891709095046939,0.06477584145631379,0.08785133348307791,0.7278739861087411,0.06058174800139794
asthma_v2_healthy_P12Healthy67S.wav,4,3,3,3,0.05367014633919568,0.07469630229814897,0.08685301561019883,0.6015131500888332,0.1832673856636231
asthma_v2_healthy_P12Healthy99S.wav,4,3,3,3,0.012285115326280512,0.013551716296156391,0.06747798396842211,0.8567759344059594,0.0499092500031816
asthma_v2_healthy_P13Healthy69S.wav,4,3,3,3,0.061167433698131705,0.025746427164023634,0.05842170297409236,0.5678460340393412,0.2868184021244109
asthma_v2_healthy_P14Healthy53S.wav,4,3,3,3,0.08143777891675064,0.03881308452919999,0.33093581544539286,0.47411105649080115,0.07470226461785515
asthma_v2_healthy_P14Healthy89S.wav,4,3,3,3,0.003964474149985108,0.20043112697968585,0.028294328758560458,0.7512643987863854,0.01604567132538324
asthma_v2_healthy_P15Healthy14S.wav,4,3,3,3,0.025206178852867207,0.21310878653702922,0.040667399536175625,0.6073861612359027,0.11363147383802563
asthma_v2_healthy_P16Healthy38S.wav,4,3,3,3,0.03490707600368563,0.010538739838550493,0.01520081541611339,0.7877768971674215,0.15157647157422893
asthma_v2_healthy_P19Healthy55S.wav,4,3,3,3,0.012202900411474584,0.008713815870626364,0.009166899989225744,0.853306228205513,0.11661015552316047
asthma_v2_healthy_P20Healthy25S.wav,4,3,3,3,0.010154614142304876,0.0031496265044663823,0.00036840276471429426,0.728856007920188,0.2574713486683264
asthma_v2_healthy_P20Healthy59S.wav,4,3,3,3,0.01697875801694834,0.026740063506944918,0.013273296000528215,0.6823106349382989,0.26069724753727974
asthma_v2_healthy_P22Healthy45S.wav,4,3,3,3,0.05607141187851497,0.008477047607326168,0.00716384941817271,0.8221595521572339,0.10612813893875198
asthma_v2_healthy_P24Healthy51S.wav,4,3,3,3,0.005683858352573032,0.002764193253767171,0.007960695891258323,0.9535084715753978,0.030082780927003516
asthma_v2_healthy_P24Healthy58S.wav,4,3,3,1,0.128842545194516,0.33512867609734054,0.00984457111407032,0.17484391405566171,0.3513402935384112
asthma_v2_healthy_P24Healthy63S.wav,4,3,3,4,0.04344208118767223,0.06593342227539414,0.035580396384924086,0.1846990661577894,0.6703450339942197
asthma_v2_healthy_P26Healthy32S.wav,4,3,3,4,0.03663945303895455,0.020539684327515007,0.09256793017059396,0.0989779094244165,0.7512750230385202
asthma_v2_healthy_P26Healthy76S.wav,4,3,3,3,0.023980282389279465,0.008578297141908213,0.026983248702791316,0.7162343707441556,0.2242238010218657
asthma_v2_healthy_P2Healthy54S.wav,4,3,3,3,0.007636396501061582,0.05837298292537827,0.009903253137429326,0.840294850030513,0.08379251740561805
asthma_v2_healthy_P4Healthy12S.wav,4,3,3,4,0.058529554634209495,0.17653614485158384,0.039805997042630145,0.15632416881354336,0.5688041346580329
asthma_v2_healthy_P4Healthy77S.wav,4,3,3,1,0.03978573454710515,0.4490519249625334,0.31363290728331084,0.16158881608203465,0.03594061712501593
asthma_v2_healthy_P5Healthy87S.wav,4,3,3,3,0.03888803859914154,0.02755575944502146,0.01515495021839654,0.8361022620172116,0.08229898972022892
asthma_v2_healthy_P5Healthy92S.wav,4,3,3,3,0.003423570666758189,0.007863072208297966,0.015480830075141805,0.9444775310332949,0.02875499601650677
asthma_v2_healthy_P6Healthy34S.wav,4,3,3,3,0.02072873459447954,0.0011898335463312662,0.020252887011666904,0.89914016811346,0.058688376734062284
asthma_v2_healthy_P6Healthy71S.wav,4,3,3,3,0.1004892186884387,0.006141931449858194,0.011269057651911435,0.8012076598109219,0.08089213239887022
asthma_v2_healthy_P7Healthy38S.wav,4,3,3,3,0.019195320460359436,0.029026925014120727,0.03710611660466736,0.8506104798679158,0.0640611580529365
asthma_v2_healthy_P8Healthy35S.wav,4,3,3,3,0.17187136643855255,0.08598985931629875,0.07193500819719119,0.541312578720719,0.12889118732723903
asthma_v2_healthy_P8Healthy70S.wav,4,3,3,2,0.05035509055558418,0.0832171655629213,0.5844752745480583,0.031701095970070266,0.25025137336336595
asthma_v2_pneumonia_P11Pneumonia98J.wav,4,3,4,4,0.0898733128120135,0.007392245462871451,0.018458396882021593,0.1422782776107862,0.7419977672323076
asthma_v2_pneumonia_P13Pneumonia26N.wav,4,3,4,0,0.6741150925142618,0.046526541160284235,0.001724719855874917,0.0066259537431604155,0.27100769272641884
asthma_v2_pneumonia_P14Pneumonia22X.wav,4,3,4,3,0.03609373330671363,0.001750880914216915,0.0030471710346699162,0.6920976767507594,0.26701053799363994
asthma_v2_pneumonia_P16Pneumonia80G.wav,4,3,4,4,0.23989112018356232,0.0022764484310294516,0.0023561530880266785,0.014752657792150858,0.7407236205052304
asthma_v2_pneumonia_P17Pneumonia51I.wav,4,3,4,4,0.03382608690157846,0.01469024135721324,0.12807550824128577,0.08513844243980402,0.7382697210601188
asthma_v2_pneumonia_P18Pneumonia23E.wav,4,3,4,3,0.01535050078183512,0.007959538327179995,0.0012436088700664566,0.5200727827329731,0.45537356928794553
asthma_v2_pneumonia_P19Pneumonia75B.wav,4,3,4,3,0.05717120707023369,0.028789132911424483,0.001534816718355561,0.3098614378651895,0.6026434054347963
asthma_v2_pneumonia_P1Pneumonia93D.wav,4,3,4,3,0.014915867189570014,0.009786181590801916,0.01194121007284592,0.5753287210922156,0.3880280200545663
asthma_v2_pneumonia_P20Pneumonia84L.wav,4,3,4,4,0.287035228876317,0.02004955721221992,0.002887498949068321,0.04525375919302165,0.6447739557693731
asthma_v2_pneumonia_P21Pneumonia56M.wav,4,3,4,4,0.04641477333564941,0.0013729112087368593,0.00039719653257065766,0.0019120871281738912,0.9499030317948688
asthma_v2_pneumonia_P22Pneumonia27A.wav,4,3,4,0,0.5067777164642929,0.022443702326701082,0.0438081881036785,0.02512360735962774,0.4018467857456997
asthma_v2_pneumonia_P22Pneumonia55C.wav,4,3,4,4,0.3728083314485249,0.01911733070642399,0.02140971278134924,0.027121489282651436,0.5595431357810506
asthma_v2_pneumonia_P23Pneumonia90V.wav,4,3,4,4,0.03563495971220607,0.01689601226190937,0.03217264782868029,0.031179875850920313,0.8841165043462842
asthma_v2_pneumonia_P24Pneumonia91X.wav,4,3,4,4,0.029947892624259474,0.0038538261398467547,0.030076529442514228,0.014783633471364856,0.9213381183220154
asthma_v2_pneumonia_P25Pneumonia16B.wav,4,3,4,3,0.014900312996877637,0.006982490566486839,0.031256311177616625,0.7037090884714484,0.24315179678757007
asthma_v2_pneumonia_P26Pneumonia66S.wav,4,3,4,3,0.03915611937835162,0.01754603560650789,0.02558338516907529,0.40496719651151497,0.5127472633345501
asthma_v2_pneumonia_P26Pneumonia84P.wav,4,3,4,4,0.030244449801399464,0.018049883708314375,0.011815059502947629,0.047059833892113025,0.8928307730952256
asthma_v2_pneumonia_P27Pneumonia37T.wav,4,3,4,4,0.006386301080978935,0.01181230159611022,0.3835341999591056,0.026658374680293216,0.5716088226835122
asthma_v2_pneumonia_P28Pneumonia43J.wav,4,3,4,4,0.0055783434795172665,0.008601448538358755,0.0029631218283109034,0.04194387783738593,0.9409132083164272
asthma_v2_pneumonia_P29Pneumonia51O.wav,4,3,4,4,0.012084430981122633,0.10816519220166275,0.004539917332934287,0.028734114985581656,0.8464763444986982
asthma_v2_pneumonia_P2Pneumonia28R.wav,4,3,4,4,0.02843470873556837,0.012971593974051196,0.001309731615695874,0.008501258509282258,0.9487827071654025
asthma_v2_pneumonia_P2Pneumonia82A.wav,4,3,4,3,0.05968017282904883,0.021006110350015615,0.0016760763598378482,0.38332693174838856,0.534310708712709
asthma_v2_pneumonia_P30Pneumonia15J.wav,4,3,4,4,0.15864080587191864,0.010564738351216308,0.0008027075409656774,0.010903198886554884,0.8190885493493443
asthma_v2_pneumonia_P31Pneumonia16C.wav,4,3,4,4,0.04321866533857816,0.02462184749703537,0.002955999740796027,0.007065373998072219,0.9221381134255182
asthma_v2_pneumonia_P31Pneumonia92I.wav,4,3,4,4,0.08988581230469174,0.044029728625986995,0.004057722850687313,0.015246805662737681,0.8467799305558964
asthma_v2_pneumonia_P32Pneumonia59Q.wav,4,3,4,3,0.007763003714155533,0.0068291120180352955,0.00519725322047947,0.754787940617544,0.2254226904297858
asthma_v2_pneumonia_P33Pneumonia50P.wav,4,3,4,4,0.030648173060989183,0.015662104800918702,0.004326725197988788,0.02732871662789455,0.9220342803122089
asthma_v2_pneumonia_P33Pneumonia74T.wav,4,3,4,4,0.020749723316534813,0.007774034288114672,0.0008077017913566973,0.0013780055406432783,0.9692905350633505
asthma_v2_pneumonia_P34Pneumonia15R.wav,4,3,4,4,0.030428271135884748,0.01947420449612547,0.003128128068249762,0.017370730259720024,0.92959866604002
asthma_v2_pneumonia_P34Pneumonia66M.wav,4,3,4,4,0.04920185983433019,0.01786685831345304,0.0035298232781034323,0.015340599099735204,0.9140608594743781
asthma_v2_pneumonia_P35Pneumonia16F.wav,4,3,4,4,0.02123601994647653,0.027078016485092102,0.0071541793219788985,0.02906974279163552,0.9154620414548171
asthma_v2_pneumonia_P35Pneumonia46U.wav,4,3,4,4,0.037408567585692096,0.017073397075881597,0.015072158524250583,0.0460139857616999,0.884431891052476
asthma_v2_pneumonia_P35Pneumonia57I.wav,4,3,4,4,0.02205438578106211,0.012793897791267122,0.0009540788801636617,0.006199079007482468,0.9579985585400246
asthma_v2_pneumonia_P36Pneumonia57U.wav,4,3,4,0,0.6186212468318381,0.07190809191590584,0.004918714713997377,0.004540019095210425,0.3000119274430484
asthma_v2_pneumonia_P37Pneumonia73X.wav,4,3,4,0,0.8389947665954678,0.09309416979811413,0.005473561015818208,0.006156467479594954,0.05628103511100509
asthma_v2_pneumonia_P39Pneumonia41F.wav,4,3,4,4,0.17279327852802173,0.16861479593467626,0.0803225668463176,0.01574173051001074,0.5625276281809737
asthma_v2_pneumonia_P39Pneumonia78Z.wav,4,3,4,0,0.788435467366507,0.011949002585935104,0.0022283049690405236,0.009082457562860777,0.18830476751565672
asthma_v2_pneumonia_P39Pneumonia85Q.wav,4,3,4,4,0.1203407468597718,0.39137653477446765,0.022639661951508103,0.04042743921296156,0.4252156172012907
asthma_v2_pneumonia_P3Pneumonia96L.wav,4,3,4,4,0.06988601823304286,0.016376270747103346,0.00943301178510846,0.005035573267630937,0.8992691259671146
asthma_v2_pneumonia_P42Pneumonia46D.wav,4,3,4,0,0.6059612406880391,0.008753371144596735,0.03396362437708489,0.0008894972495271166,0.3504322665407521
asthma_v2_pneumonia_P46Pneumonia95A.wav,4,3,4,3,0.030707480775207966,0.03930688461482772,0.27997734044596273,0.4263568857279827,0.22365140843601902
asthma_v2_pneumonia_P47Pneumonia14M.wav,4,3,4,4,0.13669509351362427,0.049387268023885225,0.04431889922941379,0.0922835406985041,0.6773151985345729
asthma_v2_pneumonia_P47Pneumonia69D.wav,4,3,4,4,0.0986061635957788,0.005241149989189209,0.16306989814884748,0.012428282702947532,0.7206545055632371
asthma_v2_pneumonia_P47Pneumonia74Q.wav,4,3,4,4,0.19201698490632588,0.009855501286332388,0.13136569023279537,0.056834889550194494,0.609926934024352
asthma_v2_pneumonia_P4Pneumonia39Q.wav,4,3,4,4,0.044503500443141185,0.05807267636371621,0.4426831319009821,0.03717623321058933,0.4175644580815714
asthma_v2_pneumonia_P4Pneumonia67J.wav,4,3,4,4,0.03511361070831297,0.009188626196440624,0.1642444761585116,0.03767271855053283,0.7537805683862021
asthma_v2_pneumonia_P5Pneumonia20K.wav,4,3,4,4,0.07267069072358731,0.1014640559024721,0.0461319528705536,0.03403212907097295,0.7457011714324144
asthma_v2_pneumonia_P5Pneumonia38U.wav,4,3,4,4,0.012417109800595374,0.03836649602460521,0.12541853598940483,0.14900895142180504,0.6747889067635895
asthma_v2_pneumonia_P5Pneumonia88J.wav,4,3,4,2,0.18667415857156483,0.03274195677612812,0.6432039365230742,0.01526576400573514,0.12211418412349774
asthma_v2_pneumonia_P5Pneumonia94P.wav,4,3,4,4,0.017144543575968858,0.0070233186415858,0.02228240851140099,0.1404324433116632,0.813117285959381
asthma_v2_pneumonia_P6Pneumonia39O.wav,4,3,4,4,0.12325619417025382,0.01590448654924633,0.042133605993341136,0.02894179061740203,0.7897639226697566
asthma_v2_pneumonia_P6Pneumonia84M.wav,4,3,4,4,0.013103698261075228,0.007582954970014624,0.07559651703159675,0.13622478946143757,0.7674920402758759
asthma_v2_pneumonia_P7Pneumonia34I.wav,4,3,4,4,0.021060364361307746,0.006107729075073394,0.020457023520701823,0.035712382779193294,0.9166625002637236
asthma_v2_pneumonia_P7Pneumonia61Q.wav,4,3,4,4,0.03093052728414259,0.01942861378671616,0.28265969968556487,0.08286427174013142,0.584116887503445
asthma_v2_pneumonia_P7Pneumonia76F.wav,4,3,4,4,0.2330656757029328,0.010989463249705424,0.0480118082425854,0.02369247946470813,0.6842405733400683
asthma_v2_pneumonia_P8Pneumonia16Z.wav,4,3,4,3,0.011475960503856956,0.017030843589040095,0.033462652606849476,0.3213915225354118,0.6166390207648413
asthma_v2_pneumonia_P9Pneumonia74S.wav,4,3,4,0,0.6436622813463794,0.037325422953727705,0.04064125723766583,0.019780995178453588,0.2585900432837737
asthma_v2_Bronchial_P10BronchialSc_50.wav,4,4,1,1,0.04548083666674344,0.7752551311074036,0.14467619175584373,0.013595092245355114,0.020992748224654037
asthma_v2_Bronchial_P11BronchialTc_51.wav,4,4,1,1,0.09196717795675764,0.7659687826536721,0.08242757313667669,0.028590412841102895,0.03104605341179045
asthma_v2_Bronchial_P14BronchialSc_68.wav,4,4,1,0,0.9173947525053698,0.04044241409840217,0.022732616764130357,0.0020341156911034765,0.017396100940994058
asthma_v2_Bronchial_P14BronchialTc_67.wav,4,4,1,0,0.8203451963236659,0.12476482447881959,0.04520991203278377,0.0015993973624003695,0.00808066980233008
asthma_v2_Bronchial_P15BronchialSc_74.wav,4,4,1,1,0.013858337987662213,0.9457494875597438,0.009566341751701703,0.014526953668641334,0.01629887903225104
asthma_v2_Bronchial_P15BronchialTc_71.wav,4,4,1,1,0.008223232885955124,0.9668769680313904,0.004936877459346973,0.010886450178737617,0.00907647144456972
asthma_v2_Bronchial_P16BronchialSc_80.wav,4,4,1,1,0.2645638385692888,0.5020264406690095,0.01309403763683907,0.05246657552340662,0.16784910760145585
asthma_v2_Bronchial_P1BronchialSc_4.wav,4,4,1,1,0.032021770682222325,0.9229349942446688,0.019441735903153862,0.011566943079667878,0.014034556090287021
asthma_v2_Bronchial_P20BronchialSc_98.wav,4,4,1,1,0.016105187281592544,0.9354518076374114,0.02535552767985159,0.011615231776820157,0.011472245624324936
asthma_v2_Bronchial_P21BronchialTc_101.wav,4,4,1,1,0.011496632893033596,0.9158628232174311,0.013961222499970416,0.01740780039536338,0.041271520994201505
asthma_v2_Bronchial_P21BronchialTc_103.wav,4,4,1,4,0.034085339161549114,0.06883580533425424,0.016261705292731455,0.1464653008401898,0.7343518493712754
asthma_v2_Bronchial_P3BronchialTc_11.wav,4,4,1,2,0.19232608751283983,0.2291414085546251,0.46703794977619195,0.06301373709244902,0.04848081706389433
asthma_v2_Bronchial_P4BronchialSc_20.wav,4,4,1,1,0.010360593167639928,0.8703064860736999,0.014189610831372972,0.07963240873629912,0.025510901190988106
asthma_v2_Bronchial_P5BronchialSc_22.wav,4,4,1,1,0.0061602511555689105,0.9478707572002933,0.025041938536453413,0.013583461428247373,0.007343591679437365
asthma_v2_Bronchial_P5BronchialTc_25.wav,4,4,1,1,0.024887329514961563,0.8737645096000857,0.041087632398835734,0.015050019486561131,0.045210508999555796
asthma_v2_Bronchial_P7BronchialSc_32.wav,4,4,1,1,0.007911547990261539,0.909255830573823,0.0214199488810686,0.04567984048450915,0.01573283207033786
asthma_v2_Bronchial_P7BronchialTc_33.wav,4,4,1,1,0.002183615056963132,0.9279318267641238,0.03327098513429589,0.03257114496865127,0.004042428075966177
asthma_v2_Bronchial_P7BronchialTc_35.wav,4,4,1,1,0.0020593099641051872,0.9796155249255799,0.011671734135270258,0.004006066994501841,0.0026473639805426807
asthma_v2_Bronchial_P8BronchialSc_36.wav,4,4,1,1,0.018783313579467074,0.9198943833338409,0.027379981570253353,0.01294986044060927,0.020992461075829708
asthma_v2_Bronchial_P9BronchialSc_42.wav,4,4,1,1,0.002671894575026385,0.9588928369818185,0.0028414757375302482,0.03259297723837088,0.0030008154672541056
asthma_v2_asthma_P10AsthmaIU_50.wav,4,4,0,0,0.8621286109111838,0.09482757480078693,0.00616089550860019,0.01441218200286053,0.02247073677656864
asthma_v2_asthma_P11WheezingRL_51.wav,4,4,0,0,0.77942938161231,0.1683726000716804,0.011302540370653629,0.006557379523692917,0.03433809842166306
asthma_v2_asthma_P12WheezingRS_56.wav,4,4,0,0,0.7288763320027862,0.03040611655200419,0.10970803589247986,0.014963025599881224,0.11604648995284811
asthma_v2_asthma_P13WheezingIU_62.wav,4,4,0,0,0.8766272024115279,0.05630248899814874,0.00483910160937168,0.002173620344829256,0.06005758663612235
asthma_v2_asthma_P13WheezingRS_64.wav,4,4,0,0,0.8662142930669456,0.01766571400601387,0.005021114525833066,0.0038371335559603636,0.10726174484524727
asthma_v2_asthma_P14WheezingIE_69.wav,4,4,0,0,0.6947764873254402,0.018727392663222243,0.1313511997364395,0.10380128561806592,0.051343634656832136
asthma_v2_asthma_P15WheezingRL_75.wav,4,4,0,0,0.8075649923713392,0.01391226560586703,0.010629687365927374,0.04484559095737915,0.12304746369948716
asthma_v2_asthma_P16WheezingIE_77.wav,4,4,0,0,0.7196252341772242,0.013334362350932714,0.010640851131693534,0.062040545326268175,0.19435900701388145
asthma_v2_asthma_P16WheezingRL_79.wav,4,4,0,0,0.6882695772182955,0.0071738545459646185,0.00775112846523559,0.009900973961188086,0.28690446580931656
asthma_v2_asthma_P17WheezingIE_85.wav,4,4,0,4,0.39033262471742103,0.002881840829437781,0.042009719114418684,0.0014770619251865773,0.5632987534135361
asthma_v2_asthma_P18WheezingIE_89.wav,4,4,0,0,0.6070860614883102,0.17343779611692622,0.0034270919387362512,0.0931086818628868,0.12294036859314073
asthma_v2_asthma_P20WheezingRL_99.wav,4,4,0,0,0.7559078169536704,0.04009963406012269,0.004900798651770476,0.12162595386966683,0.07746579646476978
asthma_v2_asthma_P22WheezingRL_107.wav,4,4,0,0,0.49481943590412863,0.061399983016695116,0.3014560816966047,0.069992690938885,0.07233180844368634
asthma_v2_asthma_P22WheezingRS_108.wav,4,4,0,0,0.7722438813634538,0.02452272640630719,0.008158675739268003,0.008385973176191804,0.18668874331477908
asthma_v2_asthma_P25WheezingRL_123.wav,4,4,0,0,0.9142396096233258,0.013282571010027814,0.0034875457829497687,0.01365772125829438,0.05533255232540178
asthma_v2_asthma_P26WheezingIU_126.wav,4,4,0,3,0.5187161280763934,0.11503767966589021,0.01700105360799349,0.3006116201808009,0.048633518468921805
asthma_v2_asthma_P26WheezingRL_127.wav,4,4,0,0,0.6119621010321575,0.02826092606084389,0.27182410660681633,0.03258610369480463,0.05536676260537756
asthma_v2_asthma_P26WheezingRS_128.wav,4,4,0,0,0.5416251948914915,0.0038121398999321587,0.007438811220410758,0.0066671350813358055,0.44045671890682947
asthma_v2_asthma_P27WheezingIU_134.wav,4,4,0,0,0.7483309949886795,0.06683432557194452,0.012960527647529432,0.006874799331533662,0.1649993524603127
asthma_v2_asthma_P28WheezingRS_136.wav,4,4,0,4,0.3902207887874456,0.02920001967356378,0.004170995206640647,0.10784946680973967,0.4685587295226106
asthma_v2_asthma_P29WheezingIE_145.wav,4,4,0,0,0.450121752795666,0.04427921330085724,0.0554453297501774,0.0021079877328769986,0.44804571642042207
asthma_v2_asthma_P30WheezingIU_150.wav,4,4,0,0,0.9265580604888091,0.024154774029117386,0.0008192905816115222,0.004547950922220359,0.043919923978241515
asthma_v2_asthma_P32WheezingIE_157.wav,4,4,0,0,0.8185037257902729,0.04691274432648094,0.00659191776032516,0.00940023991354088,0.11859137220938008
asthma_v2_asthma_P32WheezingRS_156.wav,4,4,0,0,0.6796686118533957,0.022974475572842466,0.1593955137334281,0.04585177934845928,0.09210961949187453
asthma_v2_asthma_P34WheezingIU_166.wav,4,4,0,0,0.8054903634563546,0.08658613099333408,0.012931133428598465,0.001555396724805158,0.09343697539690775
asthma_v2_asthma_P35WheezingIE_173.wav,4,4,0,0,0.6711124219687654,0.003554484029623624,0.1604950860057887,0.004261266302370296,0.16057674169345187
asthma_v2_asthma_P36WheezingRS_180.wav,4,4,0,0,0.7860926998091917,0.07887491803488918,0.10016193860024883,0.007416835727138086,0.027453607828532116
asthma_v2_asthma_P37WheezingIE_181.wav,4,4,0,0,0.6459232075611547,0.010615121295658145,0.30739163218104426,0.0034866334648845474,0.032583405497258335
asthma_v2_asthma_P37WheezingIU_182.wav,4,4,0,0,0.9345931551754448,0.004242782123516128,0.024066991706841092,0.0012824378377569953,0.03581463315644101
asthma_v2_asthma_P37WheezingRL_183.wav,4,4,0,0,0.9490434510129799,0.0073989151811375675,0.014145891816522666,0.0007821819094276601,0.028629560079931775
asthma_v2_asthma_P38WheezingIU_186.wav,4,4,0,0,0.9226809366539044,0.012127354865332573,0.010620442352488204,0.01741670344900032,0.037154562679274306
asthma_v2_asthma_P39WheezingIU_194.wav,4,4,0,0,0.8734352620644954,0.005739306787675552,0.03465324093456357,0.003934899753859295,0.0822372904594062
asthma_v2_asthma_P3AsthmaIU_14.wav,4,4,0,0,0.8796616358736477,0.049834479602326114,0.006142428135003959,0.005405260869697043,0.05895619551932507
asthma_v2_asthma_P41WheezingIE_201.wav,4,4,0,0,0.7732773437841172,0.022497808885268745,0.17725068113409934,0.002118759966753575,0.024855406229760933
asthma_v2_asthma_P42WheezingIE_209.wav,4,4,0,0,0.8938423754862199,0.0034968049210327774,0.06881304078770015,0.0036330047730292556,0.030214774032018155
asthma_v2_asthma_P42WheezingRS_208.wav,4,4,0,0,0.5713254658005712,0.026097401017428985,0.06655862306553989,0.0054977491612541625,0.3305207609552057
asthma_v2_asthma_P43WheezingIE_213.wav,4,4,0,2,0.16731604891435994,0.0031746382480360756,0.8131189216900842,0.0059502636412943925,0.010440127506225617
asthma_v2_asthma_P43WheezingIU_214.wav,4,4,0,0,0.7070875410276596,0.0026239194043762735,0.14907651735887045,0.019600070383136072,0.12161195182595795
asthma_v2_asthma_P44WheezingIE_217.wav,4,4,0,0,0.9243914493065158,0.036773994494600566,0.0076559435443822954,0.0009546065021973357,0.03022400615230352
asthma_v2_asthma_P45WheezingIE_225.wav,4,4,0,0,0.8931817000449812,0.0187967001263616,0.003672215707579339,0.003318544881640209,0.08103083923943805
asthma_v2_asthma_P47WheezingIE_233.wav,4,4,0,0,0.8107454426679516,0.0033121939758976432,0.017846080297278775,0.0010220687436767759,0.16707421431519465
asthma_v2_asthma_P49WheezingIU_242.wav,4,4,0,0,0.8496972525893606,0.018971419385820656,0.0065787588553127855,0.0005633023038541451,0.12418926686565214
asthma_v2_asthma_P49WheezingRS_244.wav,4,4,0,0,0.9704858016754611,0.010492513257771549,0.006566927877932661,0.0027970163585227656,0.009657740830312088
asthma_v2_asthma_P4AsthmaRS_20.wav,4,4,0,0,0.8788426539938582,0.05979964278608322,0.004909321439367369,0.001807866432738555,0.054640515347952785
asthma_v2_asthma_P50WheezingIE_249.wav,4,4,0,0,0.8117550420420788,0.0030615420069957573,0.009552487536973504,0.0020230299311529572,0.17360789848279895
asthma_v2_asthma_P51WheezingIU_254.wav,4,4,0,0,0.7901072984761437,0.057283266074560045,0.0742441928500894,0.0035915841520659255,0.07477365844714143
asthma_v2_asthma_P52WheezingRL_259.wav,4,4,0,0,0.8601969103261023,0.04435521744948633,0.02314831202510487,0.007061526456837031,0.06523803374246917
asthma_v2_asthma_P54WheezingIE_269.wav,4,4,0,4,0.08203626975857269,0.08846660742577826,0.29881502342190164,0.014851684013521528,0.5158304153802264
asthma_v2_asthma_P54WheezingRL_267.wav,4,4,0,4,0.016278713117145006,0.08821081111102,0.08218860892298437,0.21494285279748573,0.5983790140513651
asthma_v2_asthma_P56WheezingRL_279.wav,4,4,0,0,0.5279545509944746,0.03375391514633039,0.003806213368561268,0.013656896527017293,0.42082842396361647
asthma_v2_asthma_P56WheezingRS_280.wav,4,4,0,4,0.0666167177551129,0.011930948549649616,0.01726660341444601,0.2414898759392137,0.6626958543415777
asthma_v2_asthma_P57WheezingRS_284.wav,4,4,0,0,0.3265649357791119,0.1445906364902322,0.017000816860079662,0.19701292993924321,0.314830680931333
asthma_v2_asthma_P5AsthmaRS_24.wav,4,4,0,0,0.8744087020298936,0.034259374436802575,0.004573894319957151,0.006214207788222987,0.08054382142512363
asthma_v2_asthma_P6AsthmaIE_29.wav,4,4,0,0,0.90179805224227,0.04154385943992588,0.008600970544344314,0.0034063572282621076,0.04465076054519786
asthma_v2_asthma_P7AsthmaRL_31.wav,4,4,0,0,0.8551177259037157,0.02107483614355802,0.03266790873419357,0.03245324746448688,0.05868628175404605
asthma_v2_asthma_P9AsthmaIU_42.wav,4,4,0,0,0.8884135623970265,0.013641495438937657,0.005403262223397368,0.010629475316631557,0.08191220462400702
asthma_v2_asthma_P9AsthmaRL_43.wav,4,4,0,0,0.7824202849538324,0.008339587820730025,0.005991986839817383,0.027432871944863088,0.1758152684407571
asthma_v2_asthma_P9AsthmaRS_44.wav,4,4,0,0,0.8831061235190704,0.02744595867905161,0.018128906481072245,0.026376005857766865,0.044943005463039004
asthma_v2_copd_P10COPDMc_74.wav,4,4,2,0,0.505847002340414,0.11002253347823338,0.11139476119469974,0.011793567016801938,0.2609421359698509
asthma_v2_copd_P10COPDPr_73.wav,4,4,2,0,0.7792538023843766,0.1265075490157998,0.0611834008909226,0.005960710069851299,0.027094537639049638
asthma_v2_copd_P13COPDPr_103.wav,4,4,2,2,0.11606346531954852,0.08955787951368248,0.5338563658337945,0.013377498495980942,0.24714479083699373
asthma_v2_copd_P14COPDMc_106.wav,4,4,2,4,0.04256132564256849,0.0760640164752213,0.33005624091678926,0.07923825408663611,0.47208016287878474
asthma_v2_copd_P14COPDPr_105.wav,4,4,2,2,0.004152575266531456,0.009929222838567345,0.8632728243537879,0.005409212419626164,0.11723616512148721
asthma_v2_copd_P14COPDPr_109.wav,4,4,2,2,0.00930168191062684,0.0008353681690650002,0.9869926420138447,0.000775579703504119,0.0020947282029590984
asthma_v2_copd_P15COPDMc_118.wav,4,4,2,2,0.009185985699997233,0.0019338964727034524,0.9799608850438598,0.005236719670780609,0.003682513112659127
asthma_v2_copd_P16COPDMc_128.wav,4,4,2,2,0.0005500794597841291,7.988047251508083e-05,0.9979642352837623,0.00010680234690923555,0.0012990024370291057
asthma_v2_copd_P16COPDPr_121.wav,4,4,2,2,0.001755459213668463,0.00012570975399033788,0.9817048971387274,0.0004191980138167827,0.015994735879796856
asthma_v2_copd_P17COPDPr_131.wav,4,4,2,2,0.013847074375793293,0.002241412332753337,0.9637534000854888,0.008074288653800726,0.012083824552164026
asthma_v2_copd_P17COPDPr_135.wav,4,4,2,2,0.0018625830968418253,0.0007262816432690787,0.9914836631620517,0.00038264245864503394,0.005544829639192302
asthma_v2_copd_P19COPDMc_150.wav,4,4,2,4,0.13693759587521132,0.017745960669745018,0.4233218855257151,0.0053494927258616555,0.4166450652034668
asthma_v2_copd_P19COPDPr_151.wav,4,4,2,2,0.012294754289308865,0.028397149851046646,0.9238943909393756,0.0022093139116810775,0.03320439100858786
asthma_v2_copd_P1COPDPr_3.wav,4,4,2,2,0.2097726525741667,0.007783244066170734,0.7621766848366693,0.0009106620874020789,0.019356756435591413
asthma_v2_copd_P1COPDPr_5.wav,4,4,2,2,0.005122876180468143,0.00814621735768455,0.9810802064120698,0.002432885860818942,0.0032178141889585964
asthma_v2_copd_P20COPDPr_157.wav,4,4,2,2,0.054404802733353505,0.015069587632204886,0.7431201113502146,0.024263949350808854,0.16314154893341826
asthma_v2_copd_P21COPDMc_166.wav,4,4,2,1,0.044105476904202294,0.2000630646681587,0.5359740212695258,0.02690052350025835,0.1929569136578552
asthma_v2_copd_P21COPDPr_163.wav,4,4,2,2,0.008411195251920509,0.006300987548244117,0.9773613660981951,0.001617438941304854,0.006309012160335233
asthma_v2_copd_P21COPDPr_165.wav,4,4,2,2,0.030885828162373143,0.20806859356820587,0.6408761292229406,0.019009370543848075,0.10116007850263299
asthma_v2_copd_P22COPDMc_176.wav,4,4,2,2,0.03183347447961469,0.013011793972734938,0.900787958363469,0.017421469435540297,0.03694530374864125
asthma_v2_copd_P23COPDMc_182.wav,4,4,2,2,0.008338700020005519,0.019718422502724032,0.9468635599911402,0.011274880553484417,0.01380443693264625
asthma_v2_copd_P24COPDMc_190.wav,4,4,2,2,0.03641579969692119,0.010268613492934333,0.6389566928231747,0.13285213742092553,0.18150675656604415
asthma_v2_copd_P24COPDMc_192.wav,4,4,2,2,0.0014761623270448843,0.0031024271350515503,0.9782544353085426,0.010455693178185605,0.006711282051175215
asthma_v2_copd_P24COPDPr_187.wav,4,4,2,2,0.001695929458543378,0.004064051182093765,0.9616539771973077,0.004174760705138186,0.028411281456917296
asthma_v2_copd_P26COPDMc_206.wav,4,4,2,2,0.02069126228037508,0.015340822352560866,0.9535865526983776,0.0022690578161250587,0.008112304852561132
asthma_v2_copd_P27COPDMc_210.wav,4,4,2,2,0.003094996132007156,0.0011689554192507853,0.9902861557818444,0.002308941703542737,0.003140950963354822
asthma_v2_copd_P27COPDMc_214.wav,4,4,2,2,0.0003027984383518979,0.0008571170625857619,0.9978176831186626,0.0004468389918418714,0.0005755623885582073
asthma_v2_copd_P29COPDMc_226.wav,4,4,2,2,0.0019137690306035048,0.004178575495443864,0.9884176733838143,0.0017860135966519287,0.003703968493486539
asthma_v2_copd_P29COPDPr_225.wav,4,4,2,2,0.0005656776538641737,0.0022134904002246974,0.9950129371873745,0.000585840612228568,0.0016220541463081368
asthma_v2_copd_P29COPDPr_227.wav,4,4,2,2,0.000601559496591602,0.001199927747731557,0.9974642557100507,0.0003666363666219592,0.0003676206790043099
asthma_v2_copd_P2COPDMc_10.wav,4,4,2,2,0.0018928093238391008,0.00015389208941489846,0.9915353825016624,0.0008173905349475414,0.005600525550135856
asthma_v2_copd_P2COPDMc_12.wav,4,4,2,2,0.17300344533424997,0.011515897884216267,0.7843408247905282,0.007101668001844675,0.02403816398916049
asthma_v2_copd_P2COPDPr_11.wav,4,4,2,2,0.014061976272288742,0.00433726320661974,0.9751746289187642,0.0023159116290987986,0.00411021997322874
asthma_v2_copd_P2COPDPr_15.wav,4,4,2,2,0.08868926538462421,0.003014169098592964,0.9001388279480321,0.0038637449213226446,0.004293992647428256
asthma_v2_copd_P30COPDMc_236.wav,4,4,2,2,0.0016399199664833316,0.0011394288036029254,0.9955532589548141,0.0010627441699477967,0.0006046481051519834
asthma_v2_copd_P30COPDPr_235.wav,4,4,2,2,0.022896567515660847,0.005564480515331953,0.6508791152559907,0.04952110920073269,0.2711387275122835
asthma_v2_copd_P30COPDPr_239.wav,4,4,2,2,0.0025271004381923366,0.007251994516849333,0.9882355574494758,0.000984319035812078,0.0010010285596702157
asthma_v2_copd_P31COPDMc_248.wav,4,4,2,2,0.3101501608396075,0.013953704891099532,0.648866080173783,0.003169745243981593,0.023860308851528293
asthma_v2_copd_P31COPDPr_241.wav,4,4,2,2,0.000441088231660077,0.0004986102011656855,0.9969816180850511,0.0015465212569962257,0.00053216222512668
asthma_v2_copd_P32COPDPr_251.wav,4,4,2,2,0.08867873384395622,0.05972333310208633,0.757890893476722,0.01896001103590686,0.0747470285413286
asthma_v2_copd_P34COPDPr_267.wav,4,4,2,2,0.03203653728538203,0.028342580007550834,0.9263312708001846,0.00507109407991932,0.008218517826962916
asthma_v2_copd_P34COPDPr_271.wav,4,4,2,2,0.005755786492498923,0.010948120091737347,0.9749460213351587,0.0005092274203938001,0.007840844660211262
asthma_v2_copd_P36COPDPr_285.wav,4,4,2,2,0.0013520988250054914,0.0031875846525475,0.9934759004488579,0.0011539018173143747,0.0008305142562743268
asthma_v2_copd_P37COPDPr_291.wav,4,4,2,2,0.005875301838419006,0.003267479778124964,0.9858418191221405,0.001814818327224924,0.0032005809340909927
asthma_v2_copd_P37COPDPr_295.wav,4,4,2,2,0.0024747657217359556,0.0010423843126050865,0.9916114121814529,0.0020514132220511272,0.002820024562155022
asthma_v2_copd_P38COPDMc_298.wav,4,4,2,2,0.07832333549518963,0.006429749285167099,0.7877052789853526,0.0022907136305288824,0.12525092260376167
asthma_v2_copd_P38COPDMc_300.wav,4,4,2,2,0.02900529708769472,0.011085795971462718,0.9373936538011766,0.0021385315729909806,0.020376721566675134
asthma_v2_copd_P38COPDMc_304.wav,4,4,2,2,0.010003511865763103,0.000946647112595053,0.8296104476493552,0.003504940972128852,0.1559344524001579
asthma_v2_copd_P39COPDPr_309.wav,4,4,2,2,0.0008851803028852075,0.0010006310024968982,0.996333297732738,0.000917453108662013,0.0008634378532177713
asthma_v2_copd_P3COPDMc_22.wav,4,4,2,2,0.07892800956841828,0.007189437900440538,0.8984082600079811,0.008233563901858292,0.00724072862130177
asthma_v2_copd_P3COPDMc_24.wav,4,4,2,2,0.0010923014265639454,0.002138578562995383,0.990329202643528,0.0008995203190594734,0.005540397047853235
asthma_v2_copd_P40COPDMc_318.wav,4,4,2,2,0.051924372890586865,0.015390694868020752,0.9137198021223051,0.0032807688062129548,0.01568436131287428
asthma_v2_copd_P40COPDMc_320.wav,4,4,2,4,0.2309781838961191,0.21038361661670557,0.08803187307558111,0.007589309628395401,0.4630170167831989
asthma_v2_copd_P40COPDPr_313.wav,4,4,2,1,0.07226791774028063,0.4097280906572725,0.35286514007552255,0.040330871510456216,0.12480798001646802
asthma_v2_copd_P41COPDMc_322.wav,4,4,2,2,0.0005582285788113245,0.0003775878401289165,0.9967389688086555,0.000202359140696406,0.0021228556317080204
asthma_v2_copd_P41COPDMc_328.wav,4,4,2,2,0.03459569441507163,0.03364364107224657,0.9108223996367654,0.009172401296861692,0.011765863579054726
asthma_v2_copd_P41COPDPr_321.wav,4,4,2,2,0.0005078818017174116,0.00043345628126602434,0.9979289358843972,0.00012925518020692376,0.0010004708524124727
asthma_v2_copd_P44COPDMc_352.wav,4,4,2,2,0.004375480802442909,0.002303539342972973,0.9902567666259865,0.000829708667664995,0.0022345045609322494
asthma_v2_copd_P44COPDPr_345.wav,4,4,2,2,0.0005358659516581243,0.0011327002117936995,0.9545321429926027,0.0019227322725030506,0.04187655857144231
asthma_v2_copd_P45COPDMc_356.wav,4,4,2,2,0.0007853335784448472,0.0004327536081163709,0.9960191266611267,0.0018128791967918297,0.0009499069555202134
asthma_v2_copd_P45COPDMc_360.wav,4,4,2,3,0.06549098538889774,0.014066987762184329,0.23525388045468343,0.5456967733817837,0.13949137301245118
asthma_v2_copd_P46COPDPr_365.wav,4,4,2,2,0.0035696942468191736,0.004813270780710914,0.9460180759431318,0.006435827936284943,0.03916313109305314
asthma_v2_copd_P46COPDPr_367.wav,4,4,2,2,0.006360651043046504,0.00600278323828357,0.962659546235959,0.012285225776953965,0.012691793705756916
asthma_v2_copd_P47COPDMc_376.wav,4,4,2,3,0.00429489627487042,0.012225973991000961,0.590279784824392,0.3743951081464976,0.0188042367632392
asthma_v2_copd_P47COPDPr_375.wav,4,4,2,2,0.0006222941980369042,0.005110372762119432,0.9836481713863353,0.009567021460519702,0.0010521401929884657
asthma_v2_copd_P49COPDMc_386.wav,4,4,2,2,0.00031787158047504597,0.011674678221551951,0.9608902814066466,0.02238567654261911,0.004731492248707444
asthma_v2_copd_P49COPDMc_390.wav,4,4,2,2,0.0010507641618344092,0.007009808543837945,0.9767890383549006,0.008106530507926863,0.007043858431500297
asthma_v2_copd_P49COPDPr_385.wav,4,4,2,2,0.0005957993833689811,0.07800677277061971,0.9112027510927381,0.006528061997135389,0.0036666147561382188
asthma_v2_copd_P4COPDMc_30.wav,4,4,2,2,0.23415855968234892,0.08875332254141394,0.5654343370193932,0.04048864639921696,0.07116513435762713
asthma_v2_copd_P4COPDMc_32.wav,4,4,2,4,0.1984275480302865,0.01657547267061262,0.37086715899917894,0.03102432582546584,0.38310549447445635
asthma_v2_copd_P50COPDMc_396.wav,4,4,2,2,0.0014900226175659313,0.0010223704790789255,0.9567569717534631,0.02105751273770747,0.01967312241218438
asthma_v2_copd_P50COPDPr_393.wav,4,4,2,2,0.02369386980211922,0.03883942087198491,0.9142944544264695,0.007386691969918693,0.01578556292950786
asthma_v2_copd_P51COPDPr_401.wav,4,4,2,2,0.0009237547163531844,0.0015486441865351296,0.9963412778423081,0.00034565740451805385,0.0008406658502854858
asthma_v2_copd_P6COPDMc_44.wav,4,4,2,2,0.011647809085048408,0.003173917138223176,0.9692495510603619,0.005302122658189752,0.010626600058176592
asthma_v2_copd_P6COPDPr_45.wav,4,4,2,2,0.009300601705639474,0.005951470876455528,0.8997606770349723,0.015833242446476836,0.06915400793645585
asthma_v2_copd_P7COPDMc_52.wav,4,4,2,2,0.014624533162864186,0.002066101622749219,0.9579676503551906,0.004750041518264836,0.020591673340931003
asthma_v2_copd_P7COPDPr_55.wav,4,4,2,2,0.02644023920470822,0.0624372106282272,0.746328067927654,0.1410178513604493,0.023776630878961206
asthma_v2_copd_P8COPDPr_57.wav,4,4,2,2,0.0074219913306260875,0.0006785055169227557,0.9683198474084568,0.0031320250494879043,0.02044763069450625
asthma_v2_copd_P9COPDMc_66.wav,4,4,2,2,0.0007957029726775143,0.0001883568077962704,0.9950562570723017,0.00024210136165795344,0.003717581785566578
asthma_v2_copd_P9COPDPr_71.wav,4,4,2,2,0.0007719022571956651,0.00015315754409039986,0.9975168682064718,0.00021771378621767744,0.0013403582060245956
asthma_v2_healthy_P10Healthy10S.wav,4,4,3,4,0.18869944161789234,0.1676450586946144,0.05478450907920622,0.05867747681104975,0.5301935137972374
asthma_v2_healthy_P10Healthy65S.wav,4,4,3,3,0.007496691489976884,0.00299749999103526,0.004652008013010344,0.7975134602486514,0.18734034025732602
asthma_v2_healthy_P13Healthy42S.wav,4,4,3,3,0.01113595908656787,0.03618467548639325,0.0521742198272184,0.8634707007195405,0.03703444488028042
asthma_v2_healthy_P15Healthy55S.wav,4,4,3,3,0.06413947663063095,0.1421301278512967,0.04907816819701349,0.6992255551434122,0.045426672177646836
asthma_v2_healthy_P15Healthy65S.wav,4,4,3,3,0.017223908474379657,0.01702341402168129,0.05755057332686128,0.8500606338798686,0.05814147029720952
asthma_v2_healthy_P16Healthy26S.wav,4,4,3,3,0.028556532774450565,0.008573945028791734,0.009964333337835831,0.7251562460710891,0.22774894278783267
asthma_v2_healthy_P17Healthy83S.wav,4,4,3,4,0.08319817683492566,0.04064547385887352,0.01323766573236868,0.062223798410704835,0.8006948851631276
asthma_v2_healthy_P18Healthy98S.wav,4,4,3,3,0.0420663256114289,0.020698797803452847,0.11670922471898429,0.610539492163568,0.20998615970256596
asthma_v2_healthy_P19Healthy47S.wav,4,4,3,3,0.105845312405935,0.17834779375464052,0.022966944751322757,0.4586373178131781,0.23420263127492336
asthma_v2_healthy_P1Healthy29S.wav,4,4,3,3,0.0034848636841167398,0.014629282551105401,0.01876562949866024,0.9518986253930878,0.011221598873029997
asthma_v2_healthy_P1Healthy55S.wav,4,4,3,3,0.007464957196356368,0.009222422016419835,0.08552331606611624,0.827142773934722,0.07064653078638537
asthma_v2_healthy_P1Healthy86S.wav,4,4,3,3,0.0038155346935217923,0.014773112639693532,0.016472518318167064,0.9297442360709838,0.03519459827763417
asthma_v2_healthy_P20Healthy31S.wav,4,4,3,3,0.04655462782886419,0.010335687694483056,0.10233527989296647,0.770666335442779,0.07010806914090756
asthma_v2_healthy_P21Healthy38S.wav,4,4,3,3,0.031513901268699886,0.007590391702998582,0.008801328619605196,0.8689264849510723,0.08316789345762407
asthma_v2_healthy_P21Healthy95S.wav,4,4,3,3,0.11733243255553727,0.06282130991300953,0.006406843685521007,0.5413268891617812,0.2721125246841509
asthma_v2_healthy_P21Healthy98S.wav,4,4,3,3,0.2472293129818321,0.01493520538946122,0.005612741535190595,0.42361022630238354,0.30861251379113264
asthma_v2_healthy_P23Healthy14S.wav,4,4,3,3,0.04660937514926456,0.00958243803675412,0.016736981225118675,0.7994728794341482,0.12759832615471445
asthma_v2_healthy_P23Healthy24S.wav,4,4,3,3,0.0336457787515112,0.0024844406579803443,0.0005244516183176213,0.3683483331250666,0.5949969958471243
asthma_v2_healthy_P23Healthy97S.wav,4,4,3,3,0.0336457787515112,0.0024844406579803443,0.0005244516183176213,0.3683483331250666,0.5949969958471243
asthma_v2_healthy_P23Healthy98S.wav,4,4,3,4,0.04039042993122581,0.0020594475584123184,0.0029344475611628507,0.08877794821318036,0.8658377267360187
asthma_v2_healthy_P24Healthy62S.wav,4,4,3,3,0.007213774617123781,0.00403401562549826,0.04854295626545413,0.899026694189673,0.04118255930225093
asthma_v2_healthy_P25Healthy72S.wav,4,4,3,3,0.08330068253818124,0.03853294836581605,0.04875957812067751,0.7741035730470547,0.05530321792827019
asthma_v2_healthy_P4Healthy69S.wav,4,4,3,1,0.07341489077628334,0.19752903949165015,0.09529311625935012,0.23439746116022614,0.39936549231249047
asthma_v2_healthy_P5Healthy10S.wav,4,4,3,3,0.08945516586815712,0.018235996353191147,0.013333115635472953,0.6558043370636906,0.22317138507948844
asthma_v2_healthy_P6Healthy21S.wav,4,4,3,3,0.06212941583647001,0.02450538382014339,0.13220159321806807,0.35061958166925333,0.43054402545606507
asthma_v2_healthy_P6Healthy77S.wav,4,4,3,4,0.17486100522214132,0.05000395711446595,0.25184021990296035,0.1429490461027064,0.38034577165772593
asthma_v2_healthy_P7Healthy39S.wav,4,4,3,3,0.0122492806673506,0.014989790491388356,0.024010328668622655,0.9147722853354223,0.03397831483721617
asthma_v2_pneumonia_P11Pneumonia58A.wav,4,4,4,4,0.11154416361098432,0.00497392626373875,0.011850099140444801,0.046505955481439876,0.8251258555033922
asthma_v2_pneumonia_P13Pneumonia33Z.wav,4,4,4,4,0.1339661187372681,0.003429308706969466,0.008112624345127216,0.019473409699346807,0.8350185385112887
asthma_v2_pneumonia_P15Pneumonia81V.wav,4,4,4,4,0.21320886377436482,0.11534935582381957,0.0055611650294235225,0.09267486267308611,0.5732057526993061
asthma_v2_pneumonia_P16Pneumonia18Z.wav,4,4,4,4,0.18924451626860012,0.006759673009816767,0.0064392863299232795,0.151311205315486,0.6462453190761739
asthma_v2_pneumonia_P16Pneumonia42Q.wav,4,4,4,4,0.2801662036671198,0.006959659418041104,0.004499355367762403,0.14244818376884363,0.565926597778233
asthma_v2_pneumonia_P17Pneumonia49T.wav,4,4,4,4,0.03676025748071159,0.009568647081067997,0.00032214145459167633,0.01630199649415986,0.9370469574894686
asthma_v2_pneumonia_P17Pneumonia86O.wav,4,4,4,4,0.011343144600808298,0.034991534330593564,0.48795434395448706,0.026166477995841705,0.4395444991182692
asthma_v2_pneumonia_P18Pneumonia50S.wav,4,4,4,4,0.06711854510634872,0.008454754172253519,0.0005601349052534307,0.00566354824061989,0.9182030175755246
asthma_v2_pneumonia_P18Pneumonia84N.wav,4,4,4,4,0.05606713136233262,0.007953937452371131,0.00268855708022663,0.005824125384154387,0.9274662487209152
asthma_v2_pneumonia_P18Pneumonia88I.wav,4,4,4,4,0.045877710203120994,0.01091694660805135,0.001399273983879329,0.006334382776451373,0.935471686428497
asthma_v2_pneumonia_P19Pneumonia33O.wav,4,4,4,4,0.018406300600790678,0.001718019866349596,0.0003107930021540906,0.001071276715513678,0.9784936098151921
asthma_v2_pneumonia_P1Pneumonia41U.wav,4,4,4,4,0.016324391275355652,0.005200720160864978,0.00034744843436414105,0.01047569451087527,0.9676517456185402
asthma_v2_pneumonia_P20Pneumonia42B.wav,4,4,4,4,0.11921907197224448,0.013484772558743542,0.006652584929924779,0.013871015650319852,0.8467725548887677
asthma_v2_pneumonia_P21Pneumonia12C.wav,4,4,4,4,0.12470495567441499,0.2047500853017382,0.06524608808911132,0.22136314468821325,0.3839357262465224
asthma_v2_pneumonia_P21Pneumonia78P.wav,4,4,4,4,0.0356862691678389,0.0013860166139386095,0.0009915067659737535,0.0007585287063111118,0.9611776787459374
asthma_v2_pneumonia_P23Pneumonia97P.wav,4,4,4,4,0.04728777313464181,0.024778658389840648,0.062013460794900895,0.1757284961089141,0.6901916115717024
asthma_v2_pneumonia_P25Pneumonia42V.wav,4,4,4,3,0.07906515012020364,0.02058100596627873,0.005078064979697435,0.8616661767474644,0.0336096021863554
asthma_v2_pneumonia_P27Pneumonia48G.wav,4,4,4,2,0.006113139156216339,0.0020011637860515115,0.897203881555371,0.002854216606100581,0.09182759889626059
asthma_v2_pneumonia_P27Pneumonia62C.wav,4,4,4,4,0.0368431314630064,0.004396573451473703,0.0006618816155239116,0.0012178340865868242,0.9568805793834092
asthma_v2_pneumonia_P28Pneumonia71A.wav,4,4,4,4,0.02897467036415682,0.0023533961848718225,0.0009509210431721452,0.0008219673656879926,0.966899045042111
asthma_v2_pneumonia_P29Pneumonia14M.wav,4,4,4,4,0.06456571727262751,0.003179253633266534,0.0016084260800696617,0.0006148648811953809,0.9300317381328409
asthma_v2_pneumonia_P29Pneumonia17N.wav,4,4,4,4,0.10401965082388236,0.01788599073820871,0.0013198905071358743,0.03473724087177424,0.8420372270589989
asthma_v2_pneumonia_P2Pneumonia36Z.wav,4,4,4,4,0.030261646855996346,0.009101402455096852,0.0024176513839224093,0.003486507333106905,0.9547327919718775
asthma_v2_pneumonia_P30Pneumonia70X.wav,4,4,4,4,0.02609587464621741,0.020176273315512687,0.0009589522135674689,0.10598136169322685,0.8467875381314756
asthma_v2_pneumonia_P31Pneumonia43V.wav,4,4,4,4,0.3120068280639281,0.011553688809648244,0.04644622883343398,0.004160207494216712,0.6258330467987729
asthma_v2_pneumonia_P32Pneumonia66M.wav,4,4,4,4,0.020198561183499785,0.00569255155628636,0.0009658845235080543,0.04815167379666531,0.9249913289400407
asthma_v2_pneumonia_P32Pneumonia69E.wav,4,4,4,4,0.04121584762316884,0.010556636985146294,0.004033219633829211,0.004168771131637202,0.9400255246262184
asthma_v2_pneumonia_P32Pneumonia75E.wav,4,4,4,4,0.011649395311526277,0.005579620493376271,0.0008782138066314013,0.04384808753906571,0.9380446828494002
asthma_v2_pneumonia_P33Pneumonia88U.wav,4,4,4,4,0.016594847564774005,0.0058066882604753504,0.0006049747928641028,0.006323176628759931,0.9706703127531265
asthma_v2_pneumonia_P33Pneumonia94P.wav,4,4,4,4,0.08116685755997756,0.03215804687075438,0.00803945887098246,0.010960740983575223,0.8676748957147106
asthma_v2_pneumonia_P34Pneumonia61E.wav,4,4,4,4,0.034755397604526214,0.0018398394806580193,0.0005210050585172386,0.0036193296571555857,0.9592644281991431
asthma_v2_pneumonia_P36Pneumonia79Z.wav,4,4,4,4,0.045994007211663475,0.017655524135796196,0.0029170331532036575,0.01856373140390477,0.9148697040954314
asthma_v2_pneumonia_P37Pneumonia84E.wav,4,4,4,4,0.33354984598349335,0.012412990766001204,0.013462791845195781,0.014657863417456061,0.6259165079878535
asthma_v2_pneumonia_P38Pneumonia41S.wav,4,4,4,0,0.8331328383750406,0.025279317254868143,0.0036476431870015196,0.003990724169304753,0.1339494770137849
asthma_v2_pneumonia_P39Pneumonia16K.wav,4,4,4,0,0.7722939298706595,0.02408353871604658,0.0031403466562173973,0.008950796354802807,0.19153138840227343
asthma_v2_pneumonia_P39Pneumonia49H.wav,4,4,4,0,0.6792998768888506,0.19155955132273536,0.003682077274854097,0.055007172276295806,0.07045132223726432
asthma_v2_pneumonia_P3Pneumonia74F.wav,4,4,4,4,0.1592235399928175,0.017536479050973046,0.03855285671332138,0.007691939806201241,0.7769951844366871
asthma_v2_pneumonia_P3Pneumonia75Z.wav,4,4,4,4,0.022091849358731167,0.007215405990962105,0.29897199686023107,0.05076007479854878,0.620960672991527
asthma_v2_pneumonia_P40Pneumonia90Y.wav,4,4,4,0,0.6357301795143341,0.250412669578424,0.009509016263929698,0.014737620528284203,0.08961051411502823
asthma_v2_pneumonia_P41Pneumonia72U.wav,4,4,4,0,0.8286968713789841,0.01453305775589147,0.0016105155488754638,0.0011005903426901731,0.15405896497355873
asthma_v2_pneumonia_P42Pneumonia67F.wav,4,4,4,0,0.9228996387618251,0.007930637326932274,0.004593870678890978,0.0012531539602158468,0.06332269927213532
asthma_v2_pneumonia_P42Pneumonia69S.wav,4,4,4,0,0.8989432529442511,0.022673845139076255,0.01180256041815295,0.002799035677476008,0.06378130582104351
asthma_v2_pneumonia_P43Pneumonia73N.wav,4,4,4,4,0.10702629518447057,0.014538744312565183,0.01935478940382386,0.03816722418617794,0.8209129469129626
asthma_v2_pneumonia_P43Pneumonia88Y.wav,4,4,4,3,0.03484393773534198,0.02763326128512654,0.37163204406340256,0.357899389392715,0.20799136752341382
asthma_v2_pneumonia_P43Pneumonia89T.wav,4,4,4,3,0.026072268876481446,0.015053604785105427,0.18489416746267814,0.2977816311279026,0.4761983277478329
asthma_v2_pneumonia_P44Pneumonia71M.wav,4,4,4,4,0.01284871282604604,0.013337023918507404,0.023833720944250764,0.09833137721335024,0.8516491650978454
asthma_v2_pneumonia_P45Pneumonia72P.wav,4,4,4,3,0.10531996300146951,0.010998629258407827,0.025181746184010888,0.38414372851669526,0.47435593303941653
asthma_v2_pneumonia_P46Pneumonia15W.wav,4,4,4,3,0.12811855870211855,0.006961183810409676,0.020743581448930695,0.41655709379647726,0.42761958224206376
asthma_v2_pneumonia_P48Pneumonia82Z.wav,4,4,4,3,0.06704224356521885,0.07836823108987598,0.24301351786476252,0.35953117244519667,0.2520448350349463
asthma_v2_pneumonia_P4Pneumonia55U.wav,4,4,4,4,0.031849400097973116,0.01557152401273427,0.030756895185324686,0.020472200949599687,0.9013499797543681
asthma_v2_pneumonia_P4Pneumonia78E.wav,4,4,4,4,0.03357715748788433,0.0037356714445391406,0.08062354632782413,0.0166282388070643,0.8654353859326879
asthma_v2_pneumonia_P6Pneumonia37H.wav,4,4,4,3,0.033188362366178115,0.11780467635011468,0.04517904113645913,0.3293104471913549,0.4745174729558932
asthma_v2_pneumonia_P7Pneumonia62G.wav,4,4,4,4,0.052763061114152486,0.019231160062540765,0.021908605549987175,0.04996176947733473,0.856135403795985
asthma_v2_pneumonia_P8Pneumonia14Z.wav,4,4,4,4,0.3853609349385345,0.008099703053102106,0.007558553095327546,0.05830977827770884,0.5406710306353274
asthma_v2_pneumonia_P8Pneumonia20O.wav,4,4,4,4,0.02793688638750473,0.00560760486069584,0.049353212949578826,0.007795110264237106,0.9093071855379841
asthma_v2_pneumonia_P9Pneumonia63O.wav,4,4,4,3,0.0235813661057428,0.017421965647781708,0.011460045547188902,0.4025282694836395,0.5450083532156467
asthma_v2_pneumonia_P9Pneumonia74V.wav,4,4,4,4,0.17857489361644094,0.005130247974900237,0.006993425458331457,0.02875944449237613,0.7805419884579513
